date,open,high,low,ltp,percent_change,qty,turnover
2023-02-23,213.0,220.0,212.8,214.0,-1.34,51915,11186962.0
2023-02-22,208.0,216.9,208.0,216.9,2.6,40061,8579266.8
2023-02-20,216.0,216.0,210.7,211.4,-1.9,35445,7515763.2
2023-02-16,216.0,219.0,215.2,215.5,-0.23,22412,4848562.5
2023-02-15,218.0,220.0,216.0,216.0,-0.78,26751,5790912.2
2023-02-14,218.0,219.6,217.4,217.7,-0.55,20750,4529648.8
2023-02-12,219.0,219.0,216.5,218.9,-1.4,22218,4831377.8
2023-02-09,221.0,222.0,219.0,222.0,0.68,25195,5548428.0
2023-02-08,221.1,225.0,218.0,220.5,0.23,53461,11798114.4
2023-02-07,214.5,220.0,214.0,220.0,2.61,52725,11447591.2
2023-02-06,215.1,217.0,212.7,214.4,-0.33,13377,2862361.4
2023-02-05,215.0,219.0,215.0,215.1,-0.37,21869,4733907.6
2023-02-02,218.8,219.0,215.0,215.9,-1.42,32884,7117889.9
2023-02-01,219.2,222.0,217.4,219.0,-0.09,36677,8030334.2
2023-01-31,224.0,225.8,219.1,219.2,-2.49,93979,20750445.6
2023-01-30,226.1,230.0,224.0,224.8,-1.62,45141,10183487.9
2023-01-29,229.1,232.0,228.0,228.5,-1.3,64629,14807784.8
2023-01-26,230.9,233.0,229.2,231.5,0.13,48630,11253886.3
2023-01-25,230.1,232.7,230.1,231.2,-0.34,24594,5696545.2
2023-01-24,231.1,233.0,230.1,232.0,-0.43,33080,7655284.3
2023-01-23,235.0,236.9,232.9,233.0,-0.04,60806,14208404.9
2023-01-19,228.3,233.6,228.3,233.1,1.3,57663,13336268.3
2023-01-18,236.6,236.6,230.0,230.1,-0.82,50563,11683852.5
2023-01-17,234.0,235.0,229.5,232.0,-0.85,40588,9420611.2
2023-01-12,237.6,238.0,231.7,234.0,0.43,99018,23216129.0
2023-01-10,236.0,243.0,232.3,233.0,0.0,155141,36665815.0
2023-01-09,232.0,233.9,230.2,233.0,0.09,99260,22982630.6
2023-01-08,232.0,235.0,230.1,232.8,0.3,85870,19967972.2
2023-01-05,235.1,237.0,229.5,232.1,-1.23,98095,22736367.6
2023-01-04,234.4,236.0,231.7,235.0,0.26,82293,19241043.3
2023-01-03,239.0,239.9,234.2,234.4,-1.55,85274,20183831.9
2023-01-02,241.1,251.3,239.0,250.0,3.73,279797,68971254.3
2023-01-01,236.0,242.3,235.0,241.0,2.03,152835,36646023.7
2022-12-29,234.0,237.0,229.5,236.2,2.25,124969,29194086.0
2022-12-28,234.0,234.1,229.9,231.0,-1.28,115183,26624211.6
2022-12-27,228.0,241.7,227.5,234.0,3.08,154440,35767982.0
2022-12-26,223.0,228.0,219.4,227.0,1.84,137267,30879550.6
2022-12-22,219.9,223.2,217.2,222.9,1.83,97606,21659498.8
2022-12-21,218.0,220.9,217.0,218.9,0.09,47363,10345925.1
2022-12-20,216.4,218.8,214.0,218.7,2.2,186275,40370328.9
2022-12-19,213.9,214.0,210.0,214.0,0.05,16379,3478180.5
2022-12-18,210.0,217.2,210.0,213.9,0.42,35190,7499836.1
2022-12-15,211.5,217.9,210.9,213.0,-0.84,49734,10564700.3
2022-12-14,211.2,214.8,211.1,214.8,0.85,27380,5810867.3
2022-12-13,212.0,215.0,211.3,213.0,-0.93,18804,4002047.1
2022-12-12,218.0,219.0,212.2,215.0,0.0,25896,5522889.7
2022-12-11,218.0,218.0,214.2,215.0,-1.78,32423,6983228.9
2022-12-07,219.0,222.0,218.9,218.9,-0.86,24694,5411167.5
2022-12-06,222.0,222.0,220.0,220.8,-0.32,20913,4611687.0
2022-12-05,222.3,224.9,221.5,221.5,-1.07,39387,8767555.2
2022-12-04,225.0,225.0,221.5,223.9,-0.93,32540,7266183.9
2022-12-01,222.5,227.0,222.1,226.0,0.89,38585,8665432.4
2022-11-30,222.0,225.9,218.8,224.0,-0.22,102453,22772871.0
2022-11-29,226.0,230.0,223.5,224.5,-1.14,72689,16350819.7
2022-11-28,230.0,230.0,226.3,227.1,-1.26,73089,16643490.5
2022-11-27,230.0,230.0,227.1,230.0,-0.43,62913,14389249.5
2022-11-24,238.9,238.9,226.1,231.0,-1.41,69168,15934970.1
2022-11-23,217.2,234.3,217.2,234.3,10.0,292518,68218036.5
2022-07-13,200.7,216.0,200.7,213.0,8.23,263712,55793906.8
2022-07-12,198.9,198.9,194.0,196.8,-0.1,46110,9004961.5
2022-07-11,203.9,203.9,196.4,197.0,-5.24,89868,17798250.4
2022-07-08,211.0,211.0,207.0,207.9,-1.47,72369,15050137.3
2022-07-07,218.2,219.5,210.0,211.0,-1.4,189596,40482902.0
2022-07-06,204.0,220.0,204.0,214.0,7.0,491865,105436238.6
2022-07-05,200.0,202.0,198.0,200.0,-0.74,58805,11752255.9
2022-07-04,204.0,205.9,200.0,201.5,-0.2,92230,18697230.0
2022-07-03,201.0,205.0,200.0,201.9,-1.27,70889,14293268.2
2022-07-01,206.3,206.5,203.0,204.5,-0.87,37370,7630014.7
2022-06-30,202.0,206.8,202.0,206.3,2.13,70198,14385475.9
2022-06-29,200.0,202.0,198.2,202.0,1.15,36163,7257674.0
2022-06-28,202.0,204.0,198.2,199.7,-0.6,26886,5379424.5
2022-06-27,208.0,208.0,200.1,200.9,-1.52,49207,9913334.4
2022-06-26,202.0,204.5,200.0,204.0,2.0,66535,13449879.6
2022-06-24,200.0,203.0,194.0,200.0,-0.35,32607,6476785.0
2022-06-23,198.2,204.9,196.0,200.7,-0.74,95805,19075398.0
2022-06-22,200.0,205.0,200.0,202.2,-0.39,31126,6304712.1
2022-06-21,204.0,207.0,199.0,203.0,1.0,36421,7397524.1
2022-06-20,204.0,204.0,197.0,201.0,-1.47,82351,16384742.5
2022-06-19,207.9,208.0,202.9,204.0,-1.88,48085,9850011.0
2022-06-17,213.1,213.1,207.0,207.9,-0.53,32057,6684977.2
2022-06-16,205.9,211.0,202.0,209.0,3.52,227340,47119785.5
2022-06-15,202.0,204.5,200.0,201.9,-1.51,59790,12024465.8
2022-06-14,207.1,210.0,204.0,205.0,-1.01,35324,7268808.9
2022-06-13,206.0,212.0,205.0,207.1,0.53,257451,53700379.4
2022-06-10,204.0,207.9,200.4,206.0,2.95,49918,10204856.8
2022-06-09,205.0,207.0,200.1,200.1,-0.45,18920,3842642.3
2022-06-08,197.0,205.0,196.1,201.0,0.5,39238,7920540.6
2022-06-07,201.0,203.5,200.0,200.0,-2.06,27601,5546910.1
2022-06-06,209.9,209.9,204.2,204.2,-2.76,42606,8765036.4
2022-06-03,215.0,215.0,203.9,210.0,-1.96,74363,15290396.1
2022-06-02,211.0,214.2,207.0,214.2,1.52,18378,3857479.5
2022-06-01,208.1,212.0,205.0,211.0,1.39,19740,4103971.1
2022-05-31,214.0,214.0,208.1,208.1,-3.16,23715,4977813.0
2022-05-30,216.0,216.0,210.0,214.9,-0.51,54567,11599043.1
2022-05-27,219.3,222.0,212.0,216.0,0.47,33748,7255141.0
2022-05-26,210.0,216.0,208.1,215.0,2.38,38054,8076955.8
2022-05-25,209.0,212.0,209.0,210.0,1.69,13249,2780166.9
2022-05-24,207.0,209.9,204.1,206.5,-0.24,45003,9312072.1
2022-05-23,210.1,212.0,206.2,207.0,-1.9,27539,5730663.6
2022-05-20,213.0,217.0,210.0,211.0,-0.94,33397,7079469.5
2022-05-19,215.0,216.3,212.1,213.0,-0.93,20304,4348929.3
2022-05-18,217.0,218.0,213.0,215.0,0.94,18365,3948325.6
2022-05-17,215.0,216.0,213.0,213.0,-2.74,22765,4885237.6
2022-05-12,223.0,224.0,219.0,219.0,-1.79,30653,6754861.1
2022-05-11,219.0,224.5,218.2,223.0,1.0,29336,6497539.8
2022-05-10,217.0,221.0,215.3,220.8,1.94,29758,6508515.2
2022-05-09,213.2,220.7,212.0,216.6,2.07,38584,8377911.0
2022-05-08,210.0,213.0,210.0,212.2,-0.61,16229,3439218.6
2022-05-05,219.0,220.0,211.7,213.5,-1.16,40045,8541297.7
2022-05-04,221.5,221.9,215.1,216.0,-1.32,40925,8864563.0
2022-05-02,224.4,224.4,216.6,218.9,-0.5,84853,18653844.8
2022-04-28,220.0,223.9,217.0,220.0,1.01,48827,10750889.8
2022-04-27,218.0,221.0,216.0,217.8,-0.09,29523,6449064.6
2022-04-26,221.0,224.0,217.2,218.0,-0.86,35373,7783721.4
2022-04-25,221.0,224.9,216.6,219.9,-0.5,59602,13203154.2
2022-04-24,216.0,224.0,213.1,221.0,3.27,50155,10950498.0
2022-04-21,212.0,215.0,209.1,214.0,0.47,61774,13051618.0
2022-04-20,217.0,218.0,211.7,213.0,-0.37,37607,8054097.9
2022-04-19,214.0,214.0,209.0,213.8,0.8,43269,9158587.0
2022-04-18,216.0,216.0,210.5,212.1,-1.81,53216,11278318.8
2022-04-17,218.0,219.0,214.0,216.0,-0.46,27627,5962578.5
2022-04-13,219.0,219.3,211.0,217.0,0.93,60192,12839862.7
2022-04-12,220.4,223.2,206.1,215.0,-1.83,112734,23915290.1
2022-04-11,224.0,228.0,218.0,219.0,-1.35,73130,16169811.2
2022-04-07,219.0,226.0,218.0,222.0,1.37,82643,18238161.3
2022-04-06,218.0,220.0,216.0,219.0,-0.45,65553,14254988.6
2022-04-05,225.0,225.0,218.0,220.0,-2.22,72101,15856081.0
2022-04-04,222.0,226.0,222.0,225.0,0.0,25700,5758050.1
2022-04-03,223.0,229.0,223.0,225.0,0.45,43274,9768685.9
2022-03-31,227.1,232.0,222.6,224.0,-1.32,63586,14352395.9
2022-03-30,225.0,231.5,223.0,227.0,0.67,30419,6896276.0
2022-03-29,224.0,230.0,224.0,225.5,-0.22,27851,6280335.3
2022-03-28,225.0,229.5,225.0,226.0,-1.48,30824,6981345.7
2022-03-27,230.0,232.0,227.0,229.4,-0.74,90168,20687345.4
2022-03-24,235.0,235.0,231.0,231.1,-1.66,24717,5737093.2
2022-03-23,232.0,236.0,232.0,235.0,0.0,23507,5486350.9
2022-03-22,236.0,238.0,234.0,235.0,0.43,42943,10126026.3
2022-03-21,232.0,234.0,231.0,234.0,0.86,21170,4924934.5
2022-03-20,234.0,236.0,230.3,232.0,-0.85,50708,11757642.9
2022-03-16,237.0,240.0,233.5,234.0,-1.27,38327,8988860.0
2022-03-15,240.0,240.0,233.0,237.0,0.0,74803,17616231.7
2022-03-14,240.0,241.0,235.0,237.0,-0.42,10131,2410198.3
2022-03-13,230.0,240.6,230.0,238.0,3.93,80849,19162440.9
2022-03-10,227.0,230.0,224.1,229.0,2.23,47923,10911747.1
2022-03-09,224.5,232.9,223.0,224.0,-2.18,89781,20209797.7
2022-03-07,230.0,230.5,227.0,229.0,0.44,49253,11264556.3
2022-03-06,229.0,230.0,225.0,228.0,0.75,46564,10632417.0
2022-03-02,226.0,229.0,225.2,226.3,1.25,88110,19987240.2
2022-02-28,237.6,237.6,223.5,223.5,-4.08,124807,28455181.8
2022-02-27,238.0,238.0,229.1,233.0,-1.27,84059,19572434.1
2022-02-24,240.2,243.0,236.0,236.0,-3.28,80035,19045686.6
2022-02-23,248.0,248.0,242.0,244.0,-0.81,25257,6154824.4
2022-02-22,247.8,248.0,244.5,246.0,0.04,39079,9631777.8
2022-02-21,239.0,250.0,238.5,245.9,3.1,65280,15927573.2
2022-02-20,240.1,241.0,236.4,238.5,-2.61,66331,15834063.6
2022-02-17,245.0,245.0,241.0,244.9,-0.45,27990,6816844.2
2022-02-16,249.0,250.0,244.1,246.0,-0.81,25999,6400588.0
2022-02-15,246.0,248.0,244.0,248.0,0.85,25955,6385426.5
2022-02-14,243.5,249.9,243.5,245.9,0.33,38843,9549561.2
2022-02-13,248.0,249.0,239.3,245.1,-3.12,59167,14529179.6
2022-02-10,255.0,255.0,250.3,253.0,-0.35,52657,13249754.9
2022-02-09,252.3,255.0,250.0,253.9,-0.43,77181,19477123.5
2022-02-08,261.0,264.0,254.0,255.0,-0.39,64807,16644514.4
2022-02-07,256.0,258.7,255.0,256.0,0.67,45863,11757433.9
2022-02-06,257.1,260.0,254.2,254.3,-2.04,84500,21720715.8
2022-02-03,264.0,264.0,259.1,259.6,-0.61,99853,26136137.7
2022-02-01,260.0,264.0,256.2,261.2,0.46,70609,18421911.3
2022-01-31,268.0,268.0,258.6,260.0,-1.85,87212,22708934.2
2022-01-30,264.1,269.3,258.0,264.9,2.28,127022,33305199.2
2022-01-27,256.9,260.0,254.1,259.0,0.82,77426,19954735.4
2022-01-26,255.1,259.0,250.0,256.9,-1.19,167692,42641329.8
2022-01-25,260.0,265.0,255.1,260.0,0.0,71234,18565286.3
2022-01-24,268.0,269.0,257.6,260.0,-3.88,210956,55141275.1
2022-01-23,275.0,282.0,269.0,270.5,0.19,133211,36393390.6
2022-01-20,275.0,275.0,268.3,270.0,-0.7,108065,29145339.7
2022-01-19,272.2,275.9,268.0,271.9,-0.11,118916,32263068.0
2022-01-18,279.0,282.0,270.0,272.2,-0.98,263251,72853047.8
2022-01-17,278.0,285.4,270.0,274.9,0.11,160554,44080940.9
2022-01-16,260.1,280.0,260.1,274.6,7.69,528204,144137595.4
2022-01-13,250.0,256.7,249.1,255.0,0.39,86105,21870695.7
2022-01-12,256.2,260.0,252.0,254.0,-1.93,140831,36074052.8
2022-01-11,262.1,262.1,253.0,259.0,0.78,116577,29866884.1
2022-01-10,266.2,266.2,253.1,257.0,-1.53,380971,97506970.2
2022-01-09,259.0,264.9,255.0,261.0,1.95,143701,37365014.2
2022-01-06,247.0,260.0,246.0,256.0,3.14,111467,28195359.1
2022-01-05,256.0,256.0,248.1,248.2,-2.24,52968,13258866.7
2022-01-04,243.2,255.0,243.0,253.9,3.33,104026,25944958.6
2022-01-03,247.0,258.8,245.1,258.0,4.67,212509,53941267.3
2022-01-02,244.0,248.8,242.0,246.5,1.86,64052,15726380.6
2021-12-29,238.1,245.0,238.1,242.0,0.41,44507,10799874.2
2021-12-28,239.0,243.0,237.2,241.0,0.37,51915,12416975.7
2021-12-27,245.0,247.8,239.0,240.1,-1.19,53023,12794282.1
2021-12-26,234.0,245.8,234.0,243.0,2.49,75023,18170480.6
2021-12-23,235.6,240.9,235.6,237.1,-1.21,78088,18653373.7
2021-12-22,235.1,241.0,233.0,240.0,2.21,76102,18099260.4
2021-12-21,231.1,236.0,230.3,234.8,-0.09,74987,17537808.8
2021-12-20,234.7,235.0,230.0,235.0,0.34,51989,12099048.7
2021-12-16,238.0,238.0,234.0,234.2,-1.18,26831,6310621.1
2021-12-15,244.0,246.0,235.0,237.0,-1.13,52174,12484579.1
2021-12-14,230.0,239.7,230.0,239.7,4.26,45454,10737008.5
2021-12-13,230.3,234.0,226.0,229.9,-2.17,123522,28291280.5
2021-12-12,240.0,240.0,233.0,235.0,-2.49,81404,19199296.1
2021-12-09,238.0,244.0,234.2,241.0,1.69,42362,10161884.4
2021-12-08,241.1,242.9,236.0,237.0,-2.07,69337,16533083.1
2021-12-07,250.0,253.8,241.0,242.0,-2.02,72028,17807920.4
2021-12-06,246.0,249.9,237.0,247.0,0.82,87406,21133790.1
2021-12-05,246.0,253.0,240.1,245.0,-1.96,90019,21965013.3
2021-12-02,257.0,257.0,248.0,249.9,-1.61,99571,24956995.8
2021-12-01,261.0,261.0,252.3,254.0,-0.78,52368,13346346.3
2021-11-30,256.0,259.0,252.9,256.0,0.0,69905,17817174.3
2021-11-29,264.0,265.0,253.9,256.0,-3.4,114541,29483970.7
2021-11-28,267.6,268.0,258.0,265.0,-2.93,179856,47110809.6
2021-11-25,265.0,281.0,260.1,273.0,2.94,547871,147918836.5
2021-11-24,259.0,265.2,255.5,265.2,2.0,84757,22006596.8
2021-11-23,267.0,267.0,258.8,260.0,-2.62,78317,20399052.6
2021-11-22,265.2,270.0,255.0,267.0,2.69,212816,56198266.2
2021-11-21,250.1,260.0,247.0,260.0,4.0,144832,36615926.7
2021-11-18,253.0,253.0,248.0,250.0,-1.07,59823,14921533.4
2021-11-17,254.0,254.0,248.0,252.7,0.72,51127,12830931.5
2021-11-16,240.0,252.0,239.2,250.9,2.83,47847,11849204.4
2021-11-15,240.0,246.0,239.0,244.0,0.41,33102,8088695.4
2021-11-14,240.0,244.0,238.3,243.0,0.0,58771,14213978.5
2021-11-11,247.1,249.0,241.5,243.0,-2.8,72081,17537181.6
2021-11-09,251.0,255.0,246.0,250.0,-2.34,85009,21310329.9
2021-11-08,263.0,264.0,256.0,256.0,-1.92,66404,17207183.6
2021-11-03,264.1,264.1,256.0,261.0,0.77,129776,33887980.0
2021-11-02,260.0,260.2,252.0,259.0,0.78,108123,27763616.2
2021-11-01,247.0,258.0,247.0,257.0,6.02,161924,40968899.1
2021-10-31,242.0,246.1,241.0,242.4,0.21,103679,25289089.5
2021-10-28,243.9,244.0,240.1,241.9,0.33,49887,12069928.7
2021-10-27,245.0,246.8,239.0,241.1,-0.37,71359,17284711.1
2021-10-26,243.0,244.0,237.0,242.0,1.26,96913,23438421.1
2021-10-25,232.0,240.0,231.0,239.0,3.02,29001,6875613.7
2021-10-24,231.0,234.4,229.0,232.0,0.0,41565,9638173.2
2021-10-21,239.7,239.7,231.4,232.0,-1.28,26983,6313476.1
2021-10-20,235.6,241.0,234.0,235.0,1.73,49268,11649909.4
2021-10-19,237.0,237.0,229.0,231.0,-2.94,83150,19207824.2
2021-10-18,240.0,242.9,237.0,238.0,-2.06,56148,13369491.2
2021-10-17,244.0,246.9,242.0,243.0,-0.41,35156,8594754.9
2021-10-11,244.0,244.9,238.0,244.0,0.29,88639,21382452.8
2021-10-10,245.0,254.8,243.0,243.3,-0.69,34162,8348585.5
2021-10-06,247.0,249.0,242.6,245.0,-0.04,112637,27741768.6
2021-10-05,239.0,249.0,238.3,245.1,0.86,92011,22442054.5
2021-10-04,239.0,246.0,237.0,243.0,0.87,65443,15781178.2
2021-10-03,245.0,248.0,240.5,240.9,-1.83,118216,28714623.1
2021-09-30,256.0,257.0,244.5,245.4,-2.62,136819,34135660.4
2021-09-29,250.0,255.0,241.4,252.0,2.44,82397,20385995.2
2021-09-28,249.1,259.0,240.1,246.0,-3.15,115505,28538139.6
2021-09-27,260.0,260.0,250.1,254.0,-2.31,75650,19114581.3
2021-09-26,270.3,270.3,258.8,260.0,-1.89,132566,34869625.4
2021-09-23,266.2,275.0,260.8,265.0,1.53,187312,50350024.0
2021-09-22,255.0,263.6,252.0,261.0,4.4,94812,24566486.9
2021-09-21,245.0,259.0,242.0,250.0,0.4,105811,26497214.2
2021-09-20,261.0,266.0,248.5,249.0,-4.6,177689,44857316.5
2021-09-16,265.0,265.0,260.0,261.0,-2.14,155200,40499307.6
2021-09-15,270.0,271.0,266.0,266.7,-1.22,60379,16120132.7
2021-09-14,277.9,280.0,270.0,270.0,-1.1,104704,28824188.1
2021-09-13,276.0,280.0,270.6,273.0,0.22,110066,30352645.5
2021-09-12,265.0,287.0,262.1,272.4,2.99,183622,50068862.9
2021-09-09,266.0,269.0,262.0,264.5,-0.04,75619,20029954.8
2021-09-08,266.0,269.0,260.1,264.6,-1.27,67558,17846801.8
2021-09-07,280.0,280.0,268.0,268.0,-2.55,77176,20851350.0
2021-09-06,262.0,275.0,261.0,275.0,5.28,126297,33859395.2
2021-09-05,274.0,275.0,260.5,261.2,-4.67,171495,45392979.9
2021-09-02,270.0,278.0,270.0,274.0,0.37,130357,35760716.4
2021-09-01,270.0,284.0,265.0,273.0,0.74,209482,56715120.8
2021-08-31,278.0,278.0,269.4,271.0,-0.73,176935,47999373.0
2021-08-29,280.0,282.1,270.6,273.0,-1.8,254379,69838705.6
2021-08-26,280.0,281.9,272.5,278.0,0.36,237444,65878520.9
2021-08-25,285.0,285.0,275.0,277.0,-2.46,334516,93279685.1
2021-08-24,285.0,287.0,281.0,284.0,0.0,160656,45127434.7
2021-08-19,288.0,290.5,282.0,284.0,-1.05,123379,35147685.1
2021-08-18,285.0,294.0,278.2,287.0,0.7,295559,84358695.0
2021-08-17,287.0,290.0,283.0,285.0,-0.7,201619,57328733.2
2021-08-16,295.0,295.0,286.6,287.0,-1.71,149950,43256999.8
2021-08-15,299.9,300.0,289.5,292.0,-0.71,239067,69955666.6
2021-08-12,293.5,299.0,290.0,294.1,0.2,208175,61446440.0
2021-08-11,299.0,303.0,293.1,293.5,-1.51,152110,44913975.5
2021-08-10,294.0,299.8,290.0,298.0,2.41,279425,82621218.6
2021-08-09,295.0,295.0,290.0,291.0,-0.55,132276,38538212.3
2021-08-08,300.0,300.0,291.6,292.6,-0.95,150704,44150266.5
2021-08-05,300.0,300.0,292.2,295.4,0.14,148860,44033631.3
2021-08-04,299.0,299.0,292.6,295.0,0.1,192394,56532188.1
2021-08-03,297.0,297.0,293.0,294.7,-0.1,109077,32123778.7
2021-08-02,295.0,297.7,291.9,295.0,0.31,150376,44377185.3
2021-08-01,297.0,299.9,293.0,294.1,-0.14,135232,39902198.2
2021-07-29,299.0,300.0,293.0,294.5,-1.17,139394,41115751.3
2021-07-28,300.0,302.0,296.2,298.0,-0.5,147076,43881805.3
2021-07-27,300.0,301.0,291.0,299.5,-0.76,249954,74461213.1
2021-07-26,316.0,316.0,300.0,301.8,-2.61,327736,99664060.9
2021-07-25,301.0,309.9,300.0,309.9,3.99,686374,209442370.1
2021-07-22,297.0,301.0,295.0,298.0,0.34,275988,82310083.6
2021-07-20,296.0,301.0,294.0,297.0,-0.34,119212,35312940.8
2021-07-19,305.0,306.2,295.0,298.0,-0.93,299371,89712622.5
2021-07-18,290.0,301.5,287.0,300.8,5.17,431587,127849607.9
2021-07-15,286.0,288.0,283.0,286.0,0.0,84078,24027956.0
2021-07-14,300.0,300.0,284.0,286.0,-1.04,80211,22922853.0
2021-07-13,283.0,289.0,283.0,289.0,1.4,99152,28422119.0
2021-07-12,290.0,293.0,281.0,285.0,-1.72,179605,51496994.0
2021-07-11,284.0,290.0,284.0,290.0,2.84,111834,32125251.0
2021-07-08,280.0,283.0,280.0,282.0,0.71,186386,52395515.0
2021-07-07,280.0,284.0,280.0,280.0,-0.71,87323,24531551.0
2021-07-06,280.0,285.0,280.0,282.0,-0.35,105150,29664195.0
2021-07-05,284.0,284.0,281.0,283.0,-0.35,67241,18964619.0
2021-07-04,271.0,292.0,271.0,284.0,-0.35,112290,31989494.0
2021-07-01,281.0,291.0,281.0,285.0,0.35,212930,60874385.0
2021-06-30,286.0,286.0,278.0,284.0,-0.7,151509,42550015.0
2021-06-29,294.0,298.0,285.0,286.0,-2.72,140935,40595124.0
2021-06-28,300.0,305.0,291.0,294.0,-0.68,313602,93588427.0
2021-06-27,280.0,304.0,278.0,296.0,6.09,706852,208169047.0
2021-06-24,280.0,284.0,275.0,279.0,-0.71,155148,43169799.0
2021-06-23,286.0,289.0,280.0,281.0,-1.75,118276,33502316.0
2021-06-22,278.0,289.0,273.0,286.0,3.25,257560,72685793.0
2021-06-21,299.0,299.0,277.0,277.0,-2.81,315477,88430963.0
2021-06-20,293.0,295.0,283.0,285.0,-2.06,374910,108388907.0
2021-06-17,305.0,305.0,287.0,291.0,-1.36,200897,58614601.0
2021-06-16,298.0,305.0,291.0,295.0,-1.01,291286,86355870.0
2021-06-15,310.0,310.0,297.0,298.0,-1.65,523773,157343982.0
2021-06-14,290.0,309.0,290.0,303.0,3.41,632447,190698268.0
2021-06-13,290.0,298.0,288.0,293.0,1.38,348525,101059709.0
2021-06-10,294.0,295.0,286.0,289.0,-0.34,229938,66503747.0
2021-06-09,305.0,305.0,289.0,290.0,-2.36,369535,108626418.0
2021-06-08,294.0,304.0,290.0,297.0,1.37,476943,141587151.0
2021-06-07,305.0,308.0,290.0,293.0,-2.66,671236,198331678.0
2021-06-06,290.0,310.0,290.0,301.0,5.61,1026479,308292308.0
2021-06-03,280.0,290.0,271.0,285.0,5.56,958722,268996913.0
2021-06-02,270.0,275.0,265.0,270.0,0.75,262188,70477846.0
2021-06-01,275.0,275.0,266.0,268.0,-0.74,162907,43808409.0
2021-05-31,277.0,281.0,269.0,270.0,-1.82,695556,191621395.0
2021-05-30,270.0,280.0,266.0,275.0,2.61,482181,131592054.0
2021-05-27,262.0,276.0,260.0,268.0,0.37,289383,76977521.0
2021-05-25,272.0,275.0,264.0,267.0,-2.2,388301,104250203.0
2021-05-24,275.0,284.0,269.0,273.0,0.37,871981,241456113.0
2021-05-23,265.0,272.0,255.0,272.0,1.87,678308,181050034.0
2021-05-20,252.0,269.0,252.0,267.0,5.95,865230,226971095.0
2021-05-19,246.0,260.0,246.0,252.0,2.86,721843,183324673.0
2021-05-18,246.0,246.0,240.0,245.0,1.24,288064,69881271.0
2021-05-17,242.0,245.0,241.0,242.0,0.41,259568,62970558.0
2021-05-16,241.0,243.0,238.0,241.0,0.84,221311,53037734.0
2021-05-13,245.0,245.0,238.0,239.0,-0.83,150661,36155531.0
2021-05-12,228.0,243.0,228.0,241.0,0.84,333669,80455175.0
2021-05-11,236.0,241.0,235.0,239.0,1.27,260794,62355588.0
2021-05-10,234.0,239.0,233.0,236.0,0.43,88362,20829415.0
2021-05-09,235.0,241.0,233.0,235.0,-0.84,160902,38321085.0
2021-05-06,242.0,242.0,234.0,237.0,-0.42,134025,31767911.0
2021-05-05,247.0,247.0,232.0,238.0,0.85,263430,63089860.0
2021-05-04,241.0,241.0,227.0,236.0,2.61,175033,40878626.0
2021-05-03,225.0,234.0,225.0,230.0,0.0,147599,34011050.0
2021-05-02,230.0,232.0,229.0,230.0,0.44,84248,19395788.0
2021-04-29,218.0,234.0,218.0,229.0,0.0,65551,15078591.0
2021-04-28,244.0,244.0,227.0,229.0,-1.72,134703,30977393.0
2021-04-27,225.0,236.0,222.0,233.0,3.56,106759,24556568.0
2021-04-26,231.0,231.0,225.0,225.0,-2.6,176576,40184617.0
2021-04-25,250.0,250.0,230.0,231.0,-3.35,181770,42250664.0
2021-04-22,248.0,248.0,233.0,239.0,0.84,162196,38447379.0
2021-04-21,228.0,244.0,228.0,237.0,-1.25,177161,42224095.0
2021-04-20,248.0,248.0,234.0,240.0,1.27,347996,84145772.0
2021-04-19,228.0,243.0,228.0,237.0,-0.84,169140,40270488.0
2021-04-18,245.0,250.0,238.0,239.0,-1.65,343822,83012059.0
2021-04-15,227.0,247.0,227.0,243.0,2.1,388785,93967320.0
2021-04-13,235.0,239.0,234.0,238.0,1.28,215626,50976026.0
2021-04-12,236.0,239.0,232.0,235.0,-0.42,140398,33033958.0
2021-04-08,226.0,241.0,226.0,236.0,-0.42,99773,23533291.0
2021-04-07,233.0,244.0,231.0,237.0,2.16,392091,92966271.0
2021-04-06,221.0,233.0,221.0,232.0,0.0,185991,42637295.0
2021-04-05,230.0,234.0,229.0,232.0,0.43,121845,28138785.0
2021-04-04,235.0,236.0,229.0,231.0,-0.43,240295,55723754.0
2021-04-01,241.0,241.0,228.0,232.0,0.87,258959,60116313.0
2021-03-31,227.0,231.0,227.0,230.0,1.32,127994,29354670.0
2021-03-30,226.0,229.0,225.0,227.0,0.44,70657,16050700.0
2021-03-29,231.0,231.0,225.0,226.0,-2.16,76423,17383920.0
2021-03-25,235.0,235.0,227.0,231.0,0.0,183444,42112250.0
2021-03-24,241.0,241.0,228.0,231.0,0.43,112631,25974461.0
2021-03-23,241.0,241.0,225.0,230.0,0.0,63484,14546521.0
2021-03-22,245.0,245.0,229.0,230.0,-1.71,105055,24375260.0
2021-03-21,235.0,237.0,225.0,234.0,4.46,247285,57730374.0
2021-03-18,233.0,233.0,221.0,224.0,0.9,127896,28671652.0
2021-03-17,231.0,231.0,216.0,222.0,0.91,80366,17608761.0
2021-03-16,217.0,221.0,217.0,220.0,0.46,75897,16602676.0
2021-03-15,221.0,224.0,217.0,219.0,-1.35,183435,40294832.0
2021-03-14,229.0,229.0,220.0,222.0,-1.33,96415,21410632.0
2021-03-10,227.0,227.0,224.0,225.0,-0.88,67596,15202093.0
2021-03-09,226.0,230.0,225.0,227.0,-0.87,99358,22520816.0
2021-03-07,235.0,236.0,227.0,229.0,-1.72,112211,25761700.0
2021-03-04,226.0,234.0,225.0,233.0,3.1,205936,47281643.0
2021-03-03,217.0,229.0,217.0,226.0,-0.88,218840,48834989.0
2021-03-02,246.0,246.0,226.0,228.0,-2.98,226726,51996679.0
2021-03-01,225.0,240.0,225.0,235.0,2.17,189273,44129565.0
2021-02-28,245.0,245.0,228.0,230.0,-4.56,260006,60506381.0
2021-02-25,256.0,256.0,238.0,241.0,-1.23,206704,49701481.0
2021-02-24,250.0,256.0,240.0,244.0,0.83,229783,56837725.0
2021-02-23,249.0,250.0,234.0,242.0,-2.81,355653,84907703.0
2021-02-22,276.0,276.0,245.0,249.0,-5.32,640726,161280302.0
2021-02-21,257.0,269.0,244.0,263.0,7.35,831641,214459728.0
2021-02-18,229.0,245.0,223.0,245.0,9.87,1187423,283806451.0
2021-02-17,223.0,225.0,221.0,223.0,0.0,173664,38733175.0
2021-02-16,225.0,226.0,221.0,223.0,0.45,324336,72501386.0
2021-02-15,224.0,225.0,219.0,222.0,0.91,138452,30563811.0
2021-02-14,236.0,236.0,217.0,220.0,-2.22,144425,31725423.0
2021-02-11,225.0,230.0,222.0,225.0,0.9,280883,63147484.0
2021-02-10,220.0,223.0,219.0,223.0,1.83,228671,50620196.0
2021-02-09,222.0,227.0,217.0,219.0,0.0,300729,66972905.0
2021-02-08,220.0,221.0,216.0,219.0,-0.45,236801,51884519.0
2021-02-07,215.0,220.0,214.0,220.0,2.33,285014,61836194.0
2021-02-04,235.0,235.0,228.0,232.0,-0.43,684911,158387327.0
2021-02-03,237.0,238.0,231.0,233.0,-0.85,314720,73269304.0
2021-02-02,238.0,239.0,228.0,235.0,0.43,285670,67138225.0
2021-02-01,231.0,237.0,220.0,234.0,6.36,640953,145493364.0
2021-01-31,233.0,233.0,213.0,220.0,-0.9,499528,108777577.0
2021-01-28,227.0,229.0,220.0,222.0,-2.2,330635,73658890.0
2021-01-27,227.0,230.0,225.0,227.0,0.0,220959,50126457.0
2021-01-26,233.0,233.0,226.0,227.0,-1.3,196382,45058756.0
2021-01-25,245.0,245.0,229.0,230.0,-2.95,319330,74258781.0
2021-01-24,226.0,238.0,225.0,237.0,6.28,455687,106140341.0
2021-01-21,222.0,226.0,221.0,223.0,0.45,451493,100783547.0
2021-01-20,217.0,224.0,217.0,222.0,2.3,359756,79566496.0
2021-01-19,218.0,218.0,214.0,217.0,1.4,178723,38603284.0
2021-01-18,217.0,218.0,214.0,214.0,-1.38,212653,45830403.0
2021-01-17,222.0,222.0,210.0,217.0,-1.36,980170,209907696.0
2021-01-13,230.0,230.0,220.0,220.0,-1.79,281622,62461445.0
2021-01-12,223.0,230.0,216.0,224.0,5.16,635166,140130841.0
2021-01-11,210.0,217.0,203.0,213.0,6.5,869453,182929032.0
2021-01-10,199.0,200.0,190.0,200.0,5.26,401436,79110946.0
2021-01-07,190.0,192.0,188.0,190.0,0.0,136005,25849827.0
2021-01-06,195.0,195.0,186.0,190.0,0.53,136754,25813325.0
2021-01-05,189.0,192.0,186.0,189.0,0.53,121994,23107408.0
2021-01-04,195.0,195.0,186.0,188.0,-2.08,206849,39039826.0
2021-01-03,190.0,193.0,185.0,192.0,3.78,291091,54797054.0
2020-12-31,187.0,190.0,181.0,185.0,3.35,314421,57924196.0
2020-12-30,176.0,181.0,175.0,179.0,2.29,179829,32212458.0
2020-12-29,182.0,182.0,174.0,175.0,-1.69,82224,14477280.0
2020-12-28,177.0,181.0,175.0,178.0,0.56,66161,11802822.0
2020-12-27,181.0,185.0,176.0,177.0,-1.67,107480,19133462.0
2020-12-24,177.0,182.0,175.0,180.0,0.0,151276,27048963.0
2020-12-23,187.0,190.0,178.0,180.0,0.56,126135,22874419.0
2020-12-22,174.0,183.0,174.0,179.0,4.68,154890,27768195.0
2020-12-21,170.0,175.0,165.0,171.0,-0.58,104323,17699833.0
2020-12-20,181.0,181.0,170.0,172.0,-3.37,104728,18221203.0
2020-12-17,176.0,183.0,176.0,178.0,0.0,99789,17881654.0
2020-12-16,184.0,184.0,178.0,178.0,-2.2,70354,12632766.0
2020-12-15,190.0,190.0,179.0,182.0,-0.55,76208,13781399.0
2020-12-14,185.0,186.0,179.0,183.0,-1.08,161927,29606605.0
2020-12-13,175.0,189.0,174.0,185.0,4.52,134903,24353999.0
2020-12-10,178.0,179.0,173.0,177.0,0.0,70664,12403848.0
2020-12-09,180.0,180.0,175.0,177.0,-1.67,98580,17411301.0
2020-12-08,189.0,189.0,177.0,180.0,0.0,94336,16886739.0
2020-12-07,178.0,188.0,177.0,180.0,-0.55,153476,27615575.0
2020-12-06,186.0,186.0,180.0,181.0,-2.69,140034,25343940.0
2020-12-03,187.0,192.0,183.0,186.0,-0.53,128147,23861392.0
2020-12-02,192.0,192.0,182.0,187.0,0.54,177476,33132688.0
2020-12-01,191.0,197.0,181.0,186.0,-1.59,207305,39010974.0
2020-11-30,203.0,203.0,188.0,189.0,-2.58,466798,90657603.0
2020-11-29,178.0,194.0,178.0,194.0,9.6,884618,168083292.0
2020-11-26,179.0,184.0,174.0,177.0,0.0,317658,56789076.0
2020-11-25,173.0,184.0,171.0,177.0,3.51,402308,70184608.0
2020-11-24,171.0,173.0,170.0,171.0,0.0,190538,32605588.0
2020-11-23,170.0,173.0,169.0,171.0,0.0,96359,16425605.0
2020-11-22,171.0,176.0,170.0,171.0,0.0,158627,27178528.0
2020-11-19,170.0,174.0,169.0,171.0,0.0,114321,19492195.0
2020-11-18,172.0,173.0,168.0,171.0,-2.29,132453,22656432.0
2020-11-12,174.0,177.0,173.0,175.0,0.0,89817,15681570.0
2020-11-11,175.0,178.0,172.0,175.0,0.57,162234,28355709.0
2020-11-10,174.0,174.0,171.0,174.0,1.16,60655,10484943.0
2020-11-09,173.0,173.0,170.0,172.0,0.0,72251,12405301.0
2020-11-08,175.0,175.0,169.0,172.0,-0.58,102083,17387845.0
2020-11-05,172.0,174.0,171.0,173.0,0.58,80281,13777708.0
2020-11-04,173.0,174.0,172.0,172.0,-1.15,48557,8389675.0
2020-11-03,175.0,175.0,172.0,174.0,-0.57,37031,6410103.0
2020-11-02,177.0,179.0,173.0,175.0,-1.13,115057,20209338.0
2020-11-01,186.0,186.0,176.0,177.0,-0.56,205014,36430760.0
2020-10-29,186.0,188.0,176.0,178.0,-2.2,372213,66549912.0
2020-10-28,170.0,182.0,170.0,182.0,7.06,433715,76736963.0
2020-10-22,174.0,174.0,166.0,170.0,2.41,137155,23058445.0
2020-10-21,164.0,167.0,164.0,166.0,0.61,44214,7317370.0
2020-10-20,164.0,166.0,164.0,165.0,0.61,30209,4980846.0
2020-10-19,164.0,166.0,162.0,164.0,0.0,24141,3974229.0
2020-10-18,167.0,167.0,162.0,164.0,0.0,25408,4149879.0
2020-10-15,167.0,167.0,163.0,164.0,0.0,70923,11637073.0
2020-10-14,168.0,168.0,163.0,164.0,-1.2,37869,6216780.0
2020-10-13,167.0,169.0,165.0,166.0,0.0,46191,7658582.0
2020-10-12,165.0,169.0,165.0,166.0,-0.6,56535,9423226.0
2020-10-11,168.0,170.0,166.0,167.0,0.0,144211,24242303.0
2020-10-08,178.0,178.0,167.0,167.0,-1.76,163732,27781502.0
2020-10-07,164.0,173.0,164.0,170.0,2.41,270092,45644680.0
2020-10-06,173.0,173.0,163.0,166.0,0.61,56494,9321473.0
2020-10-05,165.0,167.0,164.0,165.0,0.0,109799,18158429.0
2020-10-04,169.0,170.0,161.0,165.0,-1.2,346843,56759390.0
2020-10-01,177.0,177.0,164.0,167.0,-1.18,100439,16840122.0
2020-09-30,171.0,171.0,162.0,169.0,1.2,122146,20334967.0
2020-09-29,178.0,178.0,166.0,167.0,-1.76,81358,13560806.0
2020-09-28,173.0,173.0,167.0,170.0,0.0,268346,45483304.0
2020-09-27,160.0,174.0,160.0,170.0,6.92,659317,111012931.0
2020-09-24,164.0,167.0,155.0,159.0,1.27,175984,28116855.0
2020-09-23,163.0,163.0,153.0,157.0,0.64,126117,19563894.0
2020-09-22,160.0,162.0,155.0,156.0,-1.89,201798,31924367.0
2020-09-21,160.0,164.0,154.0,159.0,1.27,331885,52526185.0
2020-09-20,157.0,165.0,156.0,157.0,4.67,456634,75050334.0
2020-09-17,148.0,153.0,145.0,150.0,3.45,240237,35759663.0
2020-09-16,145.0,146.0,144.0,145.0,0.0,52659,7609704.0
2020-09-15,148.0,148.0,145.0,145.0,-0.68,33851,4933570.0
2020-09-14,145.0,147.0,145.0,146.0,0.0,63590,9292135.0
2020-09-13,146.0,146.0,143.0,146.0,0.69,45157,6526893.0
2020-09-10,147.0,148.0,143.0,145.0,-0.68,37186,5363584.0
2020-09-09,142.0,146.0,142.0,146.0,1.39,39828,5745454.0
2020-09-08,144.0,145.0,141.0,144.0,-0.69,33943,4836451.0
2020-09-07,145.0,149.0,143.0,145.0,0.0,29670,4272582.0
2020-09-06,148.0,153.0,145.0,145.0,-0.68,50836,7488940.0
2020-09-03,147.0,150.0,145.0,146.0,-1.35,52121,7646664.0
2020-09-02,144.0,148.0,143.0,148.0,2.78,123459,18034839.0
2020-08-31,144.0,145.0,143.0,144.0,0.0,34338,4946777.0
2020-08-30,144.0,145.0,142.0,144.0,1.41,41821,5999553.0
2020-08-27,145.0,146.0,142.0,142.0,-2.07,96982,13908116.0
2020-08-26,145.0,145.0,143.0,145.0,0.0,46105,6632491.0
2020-08-25,145.0,145.0,143.0,145.0,1.4,37575,5403298.0
2020-08-24,143.0,145.0,142.0,143.0,-0.69,59073,8477996.0
2020-08-23,142.0,144.0,142.0,144.0,0.7,25776,3681844.0
2020-08-20,142.0,145.0,142.0,143.0,0.0,23339,3351724.0
2020-08-19,143.0,144.0,141.0,143.0,0.0,70649,10058324.0
2020-08-18,146.0,146.0,143.0,143.0,-2.05,47005,6777733.0
2020-08-17,144.0,146.0,144.0,146.0,1.39,62155,9010627.0
2020-08-16,149.0,149.0,142.0,144.0,-2.04,84648,12146388.0
2020-08-13,146.0,148.0,145.0,147.0,0.0,60219,8806683.0
2020-08-12,144.0,147.0,143.0,147.0,1.38,87940,12772259.0
2020-08-11,146.0,147.0,144.0,145.0,0.0,33570,4847077.0
2020-08-10,141.0,147.0,141.0,145.0,1.4,21584,3126306.0
2020-08-09,143.0,145.0,141.0,143.0,-0.69,40589,5813801.0
2020-08-06,144.0,144.0,141.0,144.0,-1.37,49908,7109818.0
2020-08-05,145.0,146.0,141.0,146.0,0.0,40596,5845233.0
2020-08-03,147.0,148.0,143.0,146.0,0.0,32533,4732470.0
2020-08-02,145.0,147.0,142.0,146.0,-0.68,81343,11795190.0
2020-07-30,153.0,153.0,145.0,147.0,0.68,52774,7736055.0
2020-07-29,141.0,150.0,141.0,146.0,-1.35,36623,5395130.0
2020-07-28,149.0,150.0,145.0,148.0,0.68,89121,13184964.0
2020-07-27,148.0,148.0,145.0,147.0,0.0,60089,8778123.0
2020-07-26,143.0,149.0,143.0,147.0,1.38,49058,7116034.0
2020-07-23,145.0,145.0,142.0,145.0,0.0,41696,5981631.0
2020-07-22,147.0,150.0,145.0,145.0,-0.68,85604,12542866.0
2020-07-21,150.0,151.0,144.0,146.0,-4.58,62226,9210412.0
2020-07-20,160.0,163.0,146.0,153.0,-2.55,112424,16987012.0
2020-07-19,147.0,157.0,147.0,157.0,8.28,240,37410.0
2020-07-16,139.0,149.0,138.0,145.0,4.32,47125,6668655.0
2020-07-15,135.0,139.0,135.0,139.0,1.46,42646,5845704.0
2020-07-14,134.0,139.0,134.0,137.0,0.74,22894,3127393.0
2020-07-13,136.0,138.0,134.0,136.0,-1.45,43444,5898786.0
2020-07-12,138.0,138.0,136.0,138.0,-1.43,10407,1433632.0
2020-07-09,140.0,141.0,137.0,140.0,0.0,27928,3884572.0
2020-07-08,136.0,140.0,136.0,140.0,1.45,26623,3690442.0
2020-07-07,136.0,140.0,134.0,138.0,2.99,38464,5279049.0
2020-07-06,130.0,136.0,128.0,134.0,3.08,36198,4811334.0
2020-07-05,129.0,135.0,128.0,130.0,0.78,37051,4832701.0
2020-07-02,139.0,139.0,126.0,129.0,-5.84,27804,3624082.0
2020-07-01,136.0,138.0,136.0,137.0,2.24,5028,691136.0
2020-06-30,128.0,134.0,128.0,134.0,3.08,9301,1206390.0
2020-06-29,132.0,134.0,125.0,130.0,0.0,14805,1929828.0
2020-05-12,136.0,136.0,134.0,134.0,-2.9,520,69700.0
2020-03-22,138.0,140.0,138.0,138.0,-1.43,1836,253528.0
2020-03-19,137.0,145.0,134.0,140.0,0.72,72881,10066239.0
2020-03-18,137.0,139.0,135.0,139.0,0.72,94084,12899092.0
2020-03-17,140.0,140.0,137.0,138.0,-2.13,99811,13740560.0
2020-03-16,139.0,142.0,137.0,141.0,0.71,56150,7862258.0
2020-03-15,142.0,144.0,139.0,140.0,-2.78,92685,13008214.0
2020-03-12,146.0,149.0,143.0,144.0,-2.7,123276,17776098.0
2020-03-11,144.0,149.0,142.0,148.0,4.23,83593,12153573.0
2020-03-10,147.0,147.0,142.0,142.0,-4.7,54991,7922816.0
2020-03-05,148.0,153.0,147.0,149.0,-0.67,123569,18378872.0
2020-03-04,154.0,155.0,149.0,150.0,-2.6,102186,15463736.0
2020-03-03,153.0,161.0,152.0,154.0,-0.65,126271,19555984.0
2020-03-02,160.0,161.0,155.0,155.0,-3.13,104245,16404022.0
2020-03-01,159.0,167.0,158.0,160.0,-1.23,380322,61887612.0
2020-02-27,157.0,165.0,154.0,162.0,3.18,414330,65895336.0
2020-02-26,156.0,159.0,156.0,157.0,-0.63,293160,46129800.0
2020-02-25,157.0,159.0,155.0,158.0,0.0,99187,15539048.0
2020-02-24,162.0,165.0,156.0,158.0,-0.63,154282,24523916.0
2020-02-23,156.0,160.0,154.0,159.0,3.92,219039,34461580.0
2020-02-20,152.0,153.0,151.0,153.0,0.0,93809,14281212.0
2020-02-19,153.0,154.0,151.0,153.0,-0.65,88720,13543161.0
2020-02-18,156.0,157.0,152.0,154.0,0.0,60322,9275650.0
2020-02-17,153.0,159.0,153.0,154.0,1.32,87914,13620013.0
2020-02-16,151.0,154.0,150.0,152.0,0.66,50596,7654315.0
2020-02-13,153.0,154.0,151.0,151.0,-1.31,47451,7215074.0
2020-02-12,155.0,158.0,152.0,153.0,-1.29,71566,11090655.0
2020-02-11,150.0,157.0,150.0,155.0,1.97,538060,83410216.0
2020-02-10,151.0,154.0,151.0,152.0,0.0,66856,10215851.0
2020-02-09,154.0,155.0,152.0,152.0,-1.94,93484,14343063.0
2020-02-06,158.0,159.0,153.0,155.0,-3.73,163045,25430272.0
2020-02-05,150.0,162.0,148.0,161.0,8.78,827440,130612128.0
2020-02-04,148.0,151.0,148.0,148.0,-1.33,131643,19635276.0
2020-02-03,152.0,152.0,148.0,150.0,0.0,48790,7267382.0
2020-02-02,151.0,154.0,147.0,150.0,0.67,74299,11073765.0
2020-01-30,143.0,149.0,143.0,149.0,2.76,86303,12625006.0
2020-01-29,145.0,147.0,144.0,145.0,-1.36,29858,4332875.0
2020-01-28,147.0,147.0,144.0,147.0,1.38,52400,7622710.0
2020-01-27,144.0,147.0,143.0,145.0,1.4,40225,5818350.0
2020-01-26,146.0,148.0,143.0,143.0,-2.72,69644,10115223.0
2020-01-23,149.0,150.0,147.0,147.0,-2.65,92701,13722484.0
2020-01-22,148.0,151.0,145.0,151.0,2.03,74142,10936687.0
2020-01-21,148.0,150.0,147.0,148.0,0.0,44853,6645092.0
2020-01-20,155.0,155.0,146.0,148.0,-2.63,119269,17821700.0
2020-01-19,151.0,156.0,149.0,152.0,1.33,162663,24880552.0
2020-01-16,149.0,152.0,146.0,150.0,2.04,131135,19538264.0
2020-01-15,140.0,149.0,140.0,147.0,5.0,138329,19977080.0
2020-01-14,140.0,141.0,138.0,140.0,-4.11,58396,8141541.0
2020-01-13,144.0,146.0,140.0,146.0,4.29,73346,10312918.0
2020-01-12,138.0,140.0,136.0,140.0,2.19,68600,9495810.0
2020-01-09,143.0,143.0,135.0,137.0,0.0,20889,2839290.0
2020-01-08,139.0,139.0,136.0,137.0,-1.44,40252,5505655.0
2020-01-07,137.0,140.0,136.0,139.0,0.72,40337,5568918.0
2020-01-06,139.0,139.0,136.0,138.0,0.73,37290,5111179.0
2020-01-05,135.0,138.0,135.0,137.0,0.74,25720,3510169.0
2020-01-02,141.0,141.0,134.0,136.0,0.74,22144,2979847.0
2020-01-01,134.0,138.0,134.0,135.0,-0.74,8303,1125659.0
2019-12-31,135.0,136.0,134.0,136.0,0.0,9256,1249675.0
2019-12-30,135.0,136.0,135.0,136.0,0.74,10458,1413795.0
2019-12-29,136.0,136.0,134.0,135.0,-0.74,7667,1032503.0
2019-12-26,136.0,136.0,135.0,136.0,-0.73,13522,1836611.0
2019-12-25,135.0,137.0,134.0,137.0,0.0,25786,3499450.0
2019-12-24,134.0,137.0,134.0,137.0,0.74,12748,1734218.0
2019-12-23,134.0,136.0,134.0,136.0,1.49,17742,2385251.0
2019-12-22,136.0,136.0,134.0,134.0,-1.47,17712,2374900.0
2019-12-19,136.0,137.0,135.0,136.0,0.0,17505,2375866.0
2019-12-18,136.0,137.0,135.0,136.0,-0.73,38029,5156947.0
2019-12-17,137.0,138.0,136.0,137.0,0.0,18228,2496848.0
2019-12-16,138.0,138.0,136.0,137.0,-0.72,27150,3723254.0
2019-12-15,137.0,141.0,137.0,138.0,0.73,41762,5808323.0
2019-12-12,138.0,139.0,137.0,137.0,-1.44,24427,3366358.0
2019-12-11,138.0,139.0,137.0,139.0,0.72,17048,2351251.0
2019-12-10,137.0,139.0,136.0,138.0,0.73,19136,2630619.0
2019-12-09,138.0,138.0,135.0,137.0,-2.14,23829,3246136.0
2019-12-08,140.0,140.0,137.0,140.0,0.0,69311,9614235.0
2019-12-05,137.0,140.0,137.0,140.0,2.94,22578,3113994.0
2019-12-04,138.0,138.0,135.0,136.0,0.0,22834,3112935.0
2019-12-03,138.0,138.0,136.0,136.0,-0.73,16327,2239052.0
2019-12-02,136.0,138.0,135.0,137.0,0.74,7853,1072743.0
2019-12-01,136.0,137.0,135.0,136.0,0.0,13909,1881822.0
2019-11-28,136.0,137.0,134.0,136.0,0.0,28387,3835835.0
2019-11-27,136.0,137.0,135.0,136.0,0.0,21961,2983932.0
2019-11-26,137.0,137.0,135.0,136.0,0.0,13164,1787636.0
2019-11-25,137.0,137.0,134.0,136.0,0.0,40674,5487222.0
2019-11-24,137.0,137.0,134.0,136.0,-0.73,11342,1532949.0
2019-11-21,136.0,138.0,136.0,137.0,0.0,18775,2563862.0
2019-11-20,138.0,139.0,137.0,137.0,-0.72,14378,1982245.0
2019-11-19,137.0,138.0,135.0,138.0,0.0,28073,3826959.0
2019-11-18,137.0,138.0,137.0,138.0,0.0,20052,2761250.0
2019-11-17,139.0,139.0,137.0,138.0,-1.43,20201,2787746.0
2019-11-14,139.0,140.0,139.0,140.0,0.0,16005,2230748.0
2019-11-13,140.0,141.0,139.0,140.0,0.0,23846,3327310.0
2019-11-12,142.0,142.0,139.0,140.0,0.0,10659,1494540.0
2019-11-11,140.0,141.0,139.0,140.0,0.0,19633,2745117.0
2019-11-10,140.0,140.0,139.0,140.0,0.0,23235,3234337.0
2019-11-07,141.0,142.0,140.0,140.0,0.0,22998,3229667.0
2019-11-06,142.0,142.0,140.0,140.0,-1.41,5407,762253.0
2019-11-05,142.0,143.0,141.0,142.0,-0.7,11338,1603933.0
2019-11-04,141.0,143.0,141.0,143.0,0.7,10495,1485458.0
2019-11-03,141.0,142.0,141.0,142.0,-0.7,13289,1878299.0
2019-10-31,143.0,143.0,141.0,143.0,0.0,7847,1116053.0
2019-10-24,143.0,144.0,142.0,143.0,-0.69,10216,1458851.0
2019-10-23,144.0,144.0,142.0,144.0,0.7,9170,1312520.0
2019-10-22,141.0,144.0,141.0,143.0,0.7,7491,1065410.0
2019-10-21,142.0,142.0,141.0,142.0,0.0,17999,2550536.0
2019-10-20,142.0,143.0,141.0,142.0,-0.7,2725,385056.0
2019-10-17,144.0,144.0,142.0,143.0,-0.69,5317,758019.0
2019-10-16,143.0,145.0,142.0,144.0,0.0,10950,1563944.0
2019-10-15,143.0,144.0,142.0,144.0,0.0,9451,1352557.0
2019-10-14,143.0,144.0,139.0,144.0,-0.69,38718,5441695.0
2019-10-10,143.0,145.0,143.0,145.0,0.0,4015,579375.0
2019-10-03,144.0,145.0,143.0,145.0,0.69,9795,1410169.0
2019-10-02,145.0,145.0,143.0,144.0,0.0,5346,769112.0
2019-10-01,142.0,144.0,142.0,144.0,0.0,9951,1429530.0
2019-09-30,142.0,144.0,141.0,144.0,2.13,10055,1427846.0
2019-09-29,142.0,142.0,140.0,141.0,-0.7,7928,1119873.0
2019-09-26,141.0,143.0,141.0,142.0,0.71,14574,2061017.0
2019-09-25,142.0,144.0,140.0,141.0,-1.4,30298,4282136.0
2019-09-24,143.0,143.0,141.0,143.0,-0.69,11824,1681381.0
2019-09-23,144.0,145.0,142.0,144.0,0.7,32113,4585605.0
2019-09-22,143.0,143.0,142.0,143.0,-2.05,16132,2298525.0
2019-09-19,149.0,149.0,145.0,146.0,-1.35,19492,2851741.0
2019-09-18,147.0,149.0,145.0,148.0,1.37,41659,6095432.0
2019-09-17,143.0,146.0,143.0,146.0,3.55,24187,3493211.0
2019-09-16,142.0,144.0,141.0,141.0,-0.7,25431,3605865.0
2019-09-15,144.0,144.0,141.0,142.0,-1.39,26875,3821180.0
2019-09-12,152.0,152.0,143.0,144.0,-1.37,24042,3458699.0
2019-09-11,145.0,146.0,143.0,146.0,0.0,18483,2667341.0
2019-09-10,146.0,146.0,144.0,146.0,0.0,37644,5442716.0
2019-09-09,147.0,147.0,145.0,146.0,-0.68,20809,3037435.0
2019-09-08,147.0,148.0,146.0,147.0,0.0,20244,2975776.0
2019-09-05,150.0,150.0,147.0,147.0,-1.34,14914,2204743.0
2019-09-04,151.0,151.0,146.0,149.0,0.0,8139,1208662.0
2019-09-03,147.0,149.0,143.0,149.0,1.36,45951,6711177.0
2019-09-02,150.0,150.0,145.0,147.0,-1.34,18769,2742860.0
2019-09-01,149.0,150.0,148.0,149.0,0.68,24835,3689555.0
2019-08-29,147.0,148.0,144.0,148.0,1.37,23892,3475862.0
2019-08-28,148.0,148.0,145.0,146.0,-0.68,15482,2251555.0
2019-08-27,146.0,148.0,145.0,147.0,0.68,16716,2445519.0
2019-08-26,145.0,147.0,145.0,146.0,-0.68,19274,2809873.0
2019-08-25,146.0,147.0,145.0,147.0,0.0,31944,4649451.0
2019-08-22,147.0,148.0,146.0,147.0,0.0,27862,4083498.0
2019-08-21,147.0,148.0,146.0,147.0,-0.68,18039,2649863.0
2019-08-20,148.0,148.0,146.0,148.0,-0.67,16482,2422749.0
2019-08-19,148.0,150.0,147.0,149.0,0.68,34910,5166849.0
2019-08-18,147.0,150.0,147.0,148.0,-1.33,32753,4841145.0
2019-08-15,150.0,150.0,148.0,150.0,0.67,25804,3845527.0
2019-08-14,152.0,152.0,148.0,149.0,-0.67,49154,7308305.0
2019-08-13,151.0,152.0,150.0,150.0,-0.66,26581,3992155.0
2019-08-12,151.0,152.0,150.0,151.0,0.0,55784,8403939.0
2019-08-11,151.0,151.0,150.0,151.0,0.0,9236,1386322.0
2019-08-08,152.0,152.0,150.0,151.0,-0.66,17655,2663976.0
2019-08-07,150.0,153.0,149.0,152.0,0.66,20710,3123944.0
2019-08-06,155.0,155.0,151.0,151.0,-0.66,34093,5169179.0
2019-08-05,150.0,155.0,150.0,152.0,0.0,23079,3501857.0
2019-08-04,155.0,155.0,152.0,152.0,-1.94,27392,4197815.0
2019-08-01,153.0,156.0,153.0,155.0,0.65,49194,7600114.0
2019-07-31,155.0,155.0,153.0,154.0,-0.65,62131,9566123.0
2019-07-30,155.0,155.0,153.0,155.0,1.31,27113,4178372.0
2019-07-29,156.0,156.0,153.0,153.0,-1.29,59237,9085502.0
2019-07-28,157.0,157.0,153.0,155.0,-1.9,84840,13089890.0
2019-07-25,161.0,162.0,156.0,158.0,-2.47,90246,14310621.0
2019-07-24,161.0,163.0,159.0,162.0,-0.61,68624,11073111.0
2019-07-23,164.0,164.0,161.0,163.0,-0.61,57037,9282115.0
2019-07-22,163.0,165.0,162.0,164.0,0.61,102736,16788142.0
2019-07-21,162.0,163.0,159.0,163.0,1.88,163922,26461568.0
2019-07-18,160.0,160.0,158.0,160.0,0.0,81234,12957809.0
2019-07-17,158.0,160.0,157.0,160.0,1.27,45975,7290466.0
2019-07-16,158.0,158.0,156.0,158.0,0.64,61394,9635515.0
2019-07-15,157.0,158.0,156.0,157.0,-0.63,39481,6191617.0
2019-07-14,157.0,158.0,156.0,158.0,0.64,88339,13862550.0
2019-07-11,156.0,158.0,155.0,157.0,0.0,113323,17742168.0
2019-07-10,157.0,158.0,156.0,157.0,-0.63,45727,7170807.0
2019-07-09,158.0,158.0,156.0,158.0,0.0,104967,16499358.0
2019-07-08,160.0,162.0,157.0,158.0,0.0,239742,38020996.0
2019-07-07,154.0,159.0,154.0,158.0,3.95,370637,57980748.0
2019-07-04,153.0,155.0,151.0,152.0,0.66,178994,27321368.0
2019-07-03,149.0,153.0,145.0,151.0,2.03,201454,30211038.0
2019-07-02,144.0,149.0,144.0,148.0,2.07,67576,9888212.0
2019-07-01,144.0,145.0,142.0,145.0,0.69,48994,7035905.0
2019-06-30,146.0,147.0,143.0,144.0,-0.69,79358,11457137.0
2019-06-27,146.0,147.0,144.0,145.0,0.0,78536,11376849.0
2019-06-26,149.0,149.0,145.0,145.0,-1.36,19514,2841892.0
2019-06-25,147.0,148.0,146.0,147.0,0.0,9315,1370151.0
2019-06-24,146.0,150.0,144.0,147.0,0.68,22977,3361554.0
2019-06-23,145.0,147.0,145.0,146.0,-0.68,20846,3034331.0
2019-06-20,146.0,148.0,145.0,147.0,0.68,23321,3413468.0
2019-06-19,146.0,147.0,145.0,146.0,0.0,5948,867537.0
2019-06-18,145.0,147.0,145.0,146.0,0.0,16008,2335815.0
2019-06-17,145.0,146.0,145.0,146.0,0.69,16265,2364435.0
2019-06-16,148.0,150.0,144.0,145.0,-1.36,32658,4753094.0
2019-06-13,147.0,147.0,146.0,147.0,0.0,14349,2106757.0
2019-06-12,147.0,148.0,146.0,147.0,0.0,23594,3454507.0
2019-06-11,146.0,149.0,146.0,147.0,1.38,21546,3166621.0
2019-06-10,148.0,148.0,145.0,145.0,-1.36,33934,4953148.0
2019-06-06,147.0,149.0,146.0,147.0,0.0,30457,4487340.0
2019-06-04,147.0,148.0,146.0,147.0,0.68,28408,4176302.0
2019-06-03,147.0,148.0,145.0,146.0,-0.68,54245,7927557.0
2019-06-02,150.0,151.0,147.0,147.0,-1.34,42171,6240214.0
2019-05-30,151.0,156.0,149.0,149.0,0.0,158692,24093648.0
2019-05-29,149.0,152.0,148.0,149.0,0.68,25154,3746724.0
2019-05-28,148.0,148.0,146.0,148.0,0.68,70835,10418680.0
2019-05-27,147.0,148.0,146.0,147.0,0.68,38884,5696526.0
2019-05-26,149.0,149.0,146.0,146.0,-0.68,52832,7762746.0
2019-05-23,150.0,150.0,147.0,147.0,0.0,42981,6372285.0
2019-05-22,150.0,150.0,146.0,147.0,-0.68,29947,4407390.0
2019-05-21,150.0,150.0,147.0,148.0,0.0,40746,6011232.0
2019-05-20,148.0,149.0,147.0,148.0,0.0,18343,2710968.0
2019-05-19,148.0,150.0,147.0,148.0,0.0,67169,9947597.0
2019-05-16,151.0,151.0,148.0,148.0,-1.33,38077,5681694.0
2019-05-15,150.0,152.0,150.0,150.0,0.0,70865,10694942.0
2019-05-14,149.0,152.0,149.0,150.0,0.67,116802,17522852.0
2019-05-13,150.0,151.0,148.0,149.0,-1.32,195844,29279496.0
2019-05-12,152.0,153.0,150.0,151.0,-0.66,37961,5721604.0
2019-05-09,154.0,154.0,150.0,152.0,0.0,77038,11630358.0
2019-05-08,155.0,155.0,150.0,152.0,-0.65,366650,55320792.0
2019-05-07,155.0,157.0,152.0,153.0,-1.29,83599,12863745.0
2019-05-06,152.0,155.0,151.0,155.0,1.97,65526,10037618.0
2019-05-05,155.0,156.0,151.0,152.0,-2.56,91799,13990950.0
2019-05-02,153.0,156.0,151.0,156.0,0.65,132506,20266992.0
2019-04-30,155.0,158.0,155.0,155.0,-1.27,28980,4510389.0
2019-04-29,156.0,159.0,153.0,157.0,-1.26,78801,12304588.0
2019-04-28,164.0,165.0,158.0,159.0,-2.45,111527,17828684.0
2019-04-25,163.0,167.0,161.0,163.0,0.62,101536,16571023.0
2019-04-24,158.0,165.0,157.0,162.0,3.18,85134,13724163.0
2019-04-23,156.0,159.0,154.0,157.0,1.23,61822,9702933.0
2019-04-22,175.0,175.0,170.0,171.0,-0.58,235175,40395856.0
2019-04-21,172.0,173.0,169.0,172.0,1.78,231269,39462012.0
2019-04-18,168.0,170.0,167.0,169.0,1.2,113265,19079350.0
2019-04-17,170.0,170.0,167.0,167.0,-0.6,154081,25886076.0
2019-04-16,166.0,168.0,164.0,168.0,3.07,201448,33528358.0
2019-04-15,163.0,166.0,160.0,163.0,1.88,21592,3504604.0
2019-04-11,161.0,162.0,160.0,160.0,-0.62,8736,1405716.0
2019-04-10,160.0,163.0,159.0,161.0,0.0,18224,2931746.0
2019-04-09,163.0,163.0,160.0,161.0,0.0,32002,5138838.0
2019-04-08,165.0,165.0,159.0,161.0,-1.83,82394,13347374.0
2019-04-07,160.0,164.0,159.0,164.0,2.5,45639,7396030.0
2019-04-04,163.0,163.0,158.0,160.0,-0.62,127721,20442780.0
2019-04-03,159.0,162.0,159.0,161.0,0.63,118233,19043324.0
2019-04-02,159.0,160.0,157.0,160.0,2.56,81258,12926546.0
2019-04-01,155.0,158.0,155.0,156.0,0.0,35692,5565493.0
2019-03-31,155.0,160.0,154.0,156.0,0.65,17455,2716895.0
2019-03-28,159.0,159.0,153.0,155.0,-0.64,34211,5306720.0
2019-03-27,154.0,156.0,154.0,156.0,0.65,24248,3756333.0
2019-03-26,156.0,158.0,154.0,155.0,-0.64,14168,2214777.0
2019-03-25,154.0,157.0,154.0,156.0,1.96,23900,3704931.0
2019-03-24,154.0,155.0,152.0,153.0,-1.29,17703,2711098.0
2019-03-21,157.0,157.0,154.0,155.0,0.0,19331,2980058.0
2019-03-19,152.0,158.0,152.0,155.0,0.0,20174,3123351.0
2019-03-18,158.0,159.0,154.0,155.0,-2.52,58296,9076409.0
2019-03-17,160.0,162.0,158.0,159.0,0.63,20512,3259073.0
2019-03-14,159.0,160.0,155.0,158.0,0.0,34825,5463220.0
2019-03-13,160.0,165.0,158.0,158.0,-4.24,82024,13180133.0
2019-03-12,158.0,165.0,154.0,165.0,5.77,80654,12887401.0
2019-03-11,151.0,156.0,150.0,156.0,3.31,34029,5231391.0
2019-03-10,152.0,152.0,149.0,151.0,-0.66,3423,513768.0
2019-03-07,150.0,152.0,149.0,152.0,2.01,26429,3974745.0
2019-03-06,148.0,149.0,148.0,149.0,0.68,5337,790138.0
2019-03-05,149.0,149.0,147.0,148.0,0.68,12435,1843711.0
2019-03-03,149.0,150.0,147.0,147.0,-1.34,27107,4008559.0
2019-02-27,149.0,150.0,148.0,149.0,-0.67,8491,1268376.0
2019-02-26,148.0,150.0,147.0,150.0,1.35,13700,2030783.0
2019-02-25,148.0,149.0,147.0,148.0,0.68,6647,982533.0
2019-02-24,151.0,151.0,147.0,147.0,-2.65,4519,670108.0
2019-02-21,150.0,151.0,146.0,151.0,2.03,4137,616305.0
2019-02-20,151.0,151.0,148.0,148.0,-2.63,13454,1998768.0
2019-02-19,149.0,152.0,147.0,152.0,2.7,33647,5021709.0
2019-02-18,150.0,150.0,146.0,148.0,-1.99,34802,5151665.0
2019-02-17,153.0,153.0,149.0,151.0,0.0,20575,3080567.0
2019-02-14,152.0,152.0,150.0,151.0,-0.66,27002,4070397.0
2019-02-13,153.0,155.0,152.0,152.0,-1.3,10101,1544145.0
2019-02-12,154.0,155.0,153.0,154.0,0.0,7397,1139243.0
2019-02-11,154.0,155.0,153.0,154.0,-1.28,22710,3503124.0
2019-02-10,158.0,158.0,154.0,156.0,-1.27,24538,3802823.0
2019-02-07,156.0,158.0,155.0,158.0,0.64,15717,2453673.0
2019-02-06,158.0,158.0,156.0,157.0,-0.63,21490,3368599.0
2019-02-05,157.0,160.0,157.0,158.0,0.0,40840,6453348.0
2019-02-04,158.0,158.0,156.0,158.0,0.0,5738,902099.0
2019-02-03,157.0,160.0,157.0,158.0,-1.25,15410,2431962.0
2019-01-31,159.0,160.0,158.0,160.0,1.27,12672,2010238.0
2019-01-30,159.0,159.0,158.0,158.0,-0.63,14370,2278971.0
2019-01-29,159.0,160.0,158.0,159.0,-0.63,16637,2633531.0
2019-01-28,160.0,160.0,159.0,160.0,0.0,12370,1974234.0
2019-01-27,160.0,160.0,158.0,160.0,0.0,21717,3454291.0
2019-01-24,160.0,161.0,160.0,160.0,-1.23,7990,1281748.0
2019-01-23,159.0,162.0,159.0,162.0,1.25,42143,6757044.0
2019-01-22,160.0,162.0,159.0,160.0,-0.62,13120,2094354.0
2019-01-21,160.0,162.0,160.0,161.0,-0.62,11148,1786263.0
2019-01-20,165.0,165.0,160.0,162.0,0.0,9152,1465454.0
2019-01-17,161.0,163.0,160.0,162.0,0.62,8789,1416892.0
2019-01-16,162.0,162.0,160.0,161.0,-1.83,12349,1991359.0
2019-01-15,161.0,164.0,161.0,164.0,0.61,12422,2024262.0
2019-01-14,162.0,163.0,160.0,163.0,0.62,13418,2160347.0
2019-01-13,163.0,164.0,160.0,162.0,-0.61,13399,2158205.0
2019-01-10,163.0,163.0,161.0,163.0,0.0,16340,2649237.0
2019-01-09,163.0,163.0,162.0,163.0,0.62,5728,928790.0
2019-01-08,167.0,167.0,161.0,162.0,-1.22,21176,3436786.0
2019-01-07,163.0,164.0,162.0,164.0,1.23,5283,863452.0
2019-01-06,161.0,162.0,161.0,162.0,0.0,19659,3176288.0
2019-01-03,163.0,164.0,162.0,162.0,-1.82,25481,4142200.0
2019-01-02,164.0,165.0,162.0,165.0,1.85,8920,1450544.0
2019-01-01,164.0,164.0,162.0,162.0,-0.61,11402,1855960.0
2018-12-31,164.0,165.0,163.0,163.0,-1.21,7579,1237211.0
2018-12-30,166.0,167.0,164.0,165.0,-1.79,17844,2943096.0
2018-12-27,171.0,172.0,166.0,168.0,-1.18,44457,7476189.0
2018-12-26,165.0,172.0,165.0,170.0,2.41,55183,9333627.0
2018-12-25,164.0,166.0,164.0,166.0,1.22,14295,2355159.0
2018-12-24,171.0,172.0,164.0,164.0,-2.96,24432,4071940.0
2018-12-23,166.0,173.0,166.0,169.0,3.68,44559,7512179.0
2018-12-20,166.0,166.0,162.0,163.0,-0.61,25245,4129348.0
2018-12-19,164.0,165.0,162.0,164.0,0.61,17011,2783477.0
2018-12-18,169.0,170.0,163.0,163.0,-3.55,28663,4730052.0
2018-12-17,167.0,169.0,165.0,169.0,1.81,12818,2137558.0
2018-12-16,164.0,167.0,164.0,166.0,1.22,58506,9678248.0
2018-12-13,159.0,165.0,159.0,164.0,3.8,29164,4725259.0
2018-12-12,157.0,160.0,156.0,158.0,0.0,21317,3346212.0
2018-12-11,160.0,161.0,158.0,158.0,-1.86,18497,2936026.0
2018-12-10,160.0,163.0,160.0,161.0,0.63,16317,2640489.0
2018-12-09,161.0,161.0,158.0,160.0,1.27,18587,2976281.0
2018-12-06,156.0,160.0,153.0,158.0,0.64,34917,5510768.0
2018-12-05,163.0,163.0,156.0,157.0,-3.09,36289,5712501.0
2018-12-04,162.0,162.0,159.0,162.0,1.25,16833,2705468.0
2018-12-03,157.0,161.0,157.0,160.0,1.91,33645,5364688.0
2018-12-02,160.0,160.0,156.0,157.0,-1.88,24147,3811424.0
2018-11-29,163.0,163.0,159.0,160.0,-1.84,24779,3976499.0
2018-11-28,164.0,164.0,162.0,163.0,0.62,12578,2051135.0
2018-11-27,163.0,165.0,162.0,162.0,-0.61,18845,3081568.0
2018-11-26,162.0,163.0,162.0,163.0,1.24,9084,1477643.0
2018-11-25,165.0,165.0,161.0,161.0,-3.59,32979,5382375.0
2018-11-22,166.0,167.0,165.0,167.0,-0.6,9217,1525961.0
2018-11-21,165.0,168.0,164.0,168.0,2.44,29782,4907518.0
2018-11-20,162.0,167.0,163.0,164.0,-0.61,24308,3994640.0
2018-11-19,165.0,168.0,164.0,165.0,-0.6,33019,5447647.0
2018-11-18,168.0,169.0,166.0,166.0,-1.78,15763,2628592.0
2018-11-15,170.0,173.0,168.0,169.0,-0.59,27787,4714873.0
2018-11-14,170.0,170.0,168.0,170.0,0.59,35565,6015017.0
2018-11-13,170.0,172.0,167.0,169.0,1.2,19757,3350916.0
2018-11-12,168.0,169.0,166.0,167.0,-1.18,22136,3691862.0
2018-11-11,171.0,171.0,168.0,169.0,-1.17,6710,1136170.0
2018-11-06,171.0,173.0,169.0,171.0,0.0,8110,1392190.0
2018-11-05,167.0,172.0,167.0,171.0,1.18,12037,2053365.0
2018-11-04,169.0,170.0,167.0,169.0,-0.59,12369,2086472.0
2018-11-01,167.0,170.0,167.0,170.0,0.0,13871,2353271.0
2018-10-31,171.0,171.0,169.0,170.0,-0.58,40117,6805991.0
2018-10-30,168.0,171.0,168.0,171.0,1.79,22233,3773809.0
2018-10-29,169.0,170.0,167.0,168.0,-1.18,26203,4409683.0
2018-10-28,171.0,173.0,169.0,170.0,-1.73,49644,8441777.0
2018-10-25,176.0,176.0,173.0,173.0,-1.14,35146,6120525.0
2018-10-24,174.0,175.0,173.0,175.0,0.0,15080,2623516.0
2018-10-23,176.0,177.0,174.0,175.0,-0.57,15308,2670405.0
2018-10-22,177.0,177.0,174.0,176.0,-0.56,30888,5426461.0
2018-10-21,173.0,177.0,173.0,177.0,1.72,50230,8803588.0
2018-10-15,178.0,178.0,172.0,174.0,-0.57,40770,7100157.0
2018-10-14,169.0,176.0,169.0,175.0,2.34,44146,7646896.0
2018-10-11,168.0,171.0,168.0,171.0,1.18,35703,6047865.0
2018-10-10,169.0,169.0,166.0,169.0,0.6,34815,5861288.0
2018-10-09,170.0,173.0,168.0,168.0,-0.59,35260,5985164.0
2018-10-08,165.0,169.0,165.0,169.0,2.42,34820,5852934.0
2018-10-07,170.0,170.0,165.0,165.0,-4.07,65816,11044355.0
2018-10-04,171.0,173.0,169.0,172.0,-0.58,62785,10684192.0
2018-10-03,172.0,174.0,169.0,173.0,0.58,37096,6350341.0
2018-10-02,170.0,175.0,170.0,172.0,-0.58,43287,7485047.0
2018-10-01,177.0,179.0,171.0,173.0,-2.26,65143,11294407.0
2018-09-30,179.0,181.0,175.0,177.0,-1.12,58474,10374636.0
2018-09-27,180.0,184.0,178.0,179.0,-2.19,84907,15358631.0
2018-09-26,180.0,188.0,176.0,183.0,2.23,269139,48855312.0
2018-09-25,172.0,182.0,170.0,179.0,5.33,163177,28714420.0
2018-09-23,170.0,171.0,167.0,169.0,-0.59,51852,8762961.0
2018-09-20,165.0,171.0,165.0,170.0,1.8,57627,9757444.0
2018-09-18,169.0,169.0,164.0,167.0,0.0,59210,9862734.0
2018-09-17,167.0,171.0,165.0,167.0,0.6,74906,12516731.0
2018-09-16,163.0,173.0,162.0,166.0,3.75,173720,28855544.0
2018-09-13,159.0,165.0,157.0,160.0,1.27,49273,7836328.0
2018-09-12,156.0,158.0,155.0,158.0,1.28,27928,4353550.0
2018-09-11,153.0,157.0,153.0,156.0,1.3,19449,3032945.0
2018-09-10,155.0,157.0,153.0,154.0,-1.91,15358,2376531.0
2018-09-09,156.0,157.0,155.0,157.0,0.0,21321,3324495.0
2018-09-06,160.0,160.0,155.0,157.0,-1.26,62255,9858270.0
2018-09-05,155.0,162.0,155.0,159.0,2.58,58565,9303004.0
2018-09-04,151.0,158.0,150.0,155.0,3.33,97475,15070094.0
2018-09-03,152.0,154.0,150.0,150.0,0.0,56016,8519818.0
2018-09-02,148.0,150.0,148.0,150.0,1.35,34398,5145038.0
2018-08-30,147.0,148.0,146.0,148.0,0.0,13077,1918630.0
2018-08-29,148.0,148.0,146.0,148.0,0.0,12696,1856693.0
2018-08-28,146.0,148.0,146.0,148.0,0.68,5628,829601.0
2018-08-26,148.0,149.0,147.0,147.0,-0.68,9541,1409304.0
2018-08-23,149.0,149.0,147.0,148.0,0.68,19473,2874744.0
2018-08-22,150.0,150.0,146.0,147.0,-0.68,84896,12435359.0
2018-08-21,149.0,150.0,148.0,148.0,-0.67,4426,656443.0
2018-08-20,149.0,149.0,148.0,149.0,0.68,7101,1053874.0
2018-08-19,152.0,152.0,148.0,148.0,-1.99,19456,2898799.0
2018-08-16,153.0,153.0,148.0,151.0,0.0,37776,5685002.0
2018-08-15,149.0,153.0,148.0,151.0,1.34,20491,3076586.0
2018-08-14,150.0,150.0,147.0,149.0,0.68,8369,1238837.0
2018-08-13,149.0,149.0,146.0,148.0,0.0,7022,1036705.0
2018-08-12,148.0,148.0,146.0,148.0,-0.67,28291,4145036.0
2018-08-09,150.0,150.0,147.0,149.0,0.68,12410,1842323.0
2018-08-08,148.0,150.0,148.0,148.0,-0.67,6742,1000823.0
2018-08-07,148.0,150.0,148.0,149.0,0.68,5249,779258.0
2018-08-06,150.0,150.0,147.0,148.0,0.0,12463,1847201.0
2018-08-05,149.0,150.0,148.0,148.0,-0.67,17727,2642502.0
2018-08-02,148.0,149.0,147.0,149.0,0.68,18583,2765729.0
2018-08-01,147.0,149.0,147.0,148.0,0.0,12715,1876770.0
2018-07-31,149.0,149.0,147.0,148.0,-0.67,8917,1323014.0
2018-07-30,147.0,150.0,147.0,149.0,0.0,8890,1317068.0
2018-07-29,149.0,151.0,148.0,149.0,-0.67,17687,2629716.0
2018-07-26,150.0,150.0,147.0,150.0,1.35,14879,2193031.0
2018-07-25,150.0,151.0,148.0,148.0,-0.67,7181,1070700.0
2018-07-24,150.0,154.0,148.0,149.0,0.0,39823,6003082.0
2018-07-23,148.0,150.0,147.0,149.0,0.68,11215,1660245.0
2018-07-22,148.0,148.0,146.0,148.0,0.0,13959,2052585.0
2018-07-19,151.0,151.0,147.0,148.0,-1.33,23043,3412839.0
2018-07-18,148.0,151.0,145.0,150.0,0.0,9122,1349558.0
2018-07-17,152.0,152.0,150.0,150.0,-1.96,21291,3196985.0
2018-07-16,149.0,154.0,149.0,153.0,2.68,22930,3480860.0
2018-07-15,146.0,150.0,146.0,149.0,0.68,18227,2719568.0
2018-07-12,150.0,150.0,146.0,148.0,-0.67,17699,2608381.0
2018-07-11,149.0,152.0,148.0,149.0,0.0,29464,4419726.0
2018-07-10,148.0,151.0,148.0,149.0,0.68,20820,3131383.0
2018-07-09,152.0,152.0,148.0,148.0,-1.99,25208,3759008.0
2018-07-08,156.0,156.0,151.0,151.0,-1.31,24576,3734831.0
2018-07-05,149.0,153.0,147.0,153.0,4.08,24102,3622201.0
2018-07-04,147.0,151.0,146.0,147.0,0.0,33706,5004485.0
2018-07-03,144.0,149.0,144.0,147.0,2.08,26201,3850690.0
2018-07-02,145.0,148.0,141.0,144.0,-2.04,18716,2710054.0
2018-07-01,147.0,149.0,147.0,147.0,-2.0,23902,3524414.0
2018-06-28,152.0,152.0,148.0,150.0,0.0,22364,3341314.0
2018-06-27,148.0,151.0,148.0,150.0,0.0,15695,2346555.0
2018-06-26,149.0,150.0,148.0,150.0,-0.66,22359,3330497.0
2018-06-25,151.0,152.0,150.0,151.0,-0.66,30977,4659867.0
2018-06-24,156.0,156.0,151.0,152.0,-0.65,29464,4491436.0
2018-06-21,151.0,154.0,150.0,153.0,0.66,12271,1867798.0
2018-06-20,151.0,154.0,151.0,152.0,0.66,29029,4418504.0
2018-06-19,152.0,153.0,150.0,151.0,-0.66,15249,2305909.0
2018-06-18,152.0,152.0,146.0,152.0,0.66,14636,2195041.0
2018-06-17,153.0,154.0,151.0,151.0,-1.95,51643,7833732.0
2018-06-14,153.0,156.0,150.0,154.0,0.65,52715,8052326.0
2018-06-13,153.0,153.0,151.0,153.0,-0.65,34399,5232817.0
2018-06-12,151.0,155.0,150.0,154.0,1.99,54707,8290353.0
2018-06-11,154.0,156.0,148.0,151.0,0.0,115128,17348832.0
2018-06-10,157.0,157.0,150.0,151.0,-3.21,109295,16601223.0
2018-06-07,162.0,162.0,156.0,156.0,-4.29,90539,14334238.0
2018-06-06,162.0,168.0,162.0,163.0,2.52,35530,5833868.0
2018-06-04,160.0,162.0,158.0,159.0,-2.45,33969,5410950.0
2018-06-03,164.0,164.0,159.0,163.0,-1.81,26868,4323773.0
2018-05-31,165.0,166.0,163.0,166.0,-0.6,19821,3234768.0
2018-05-30,170.0,170.0,164.0,167.0,-0.6,18754,3124993.0
2018-05-29,166.0,169.0,164.0,168.0,0.0,18183,3005348.0
2018-05-28,162.0,168.0,160.0,168.0,3.07,23298,3810947.0
2018-05-27,164.0,166.0,161.0,163.0,-2.4,10875,1778683.0
2018-05-24,163.0,170.0,163.0,167.0,1.83,31085,5176640.0
2018-05-23,162.0,164.0,161.0,164.0,-0.61,9104,1477801.0
2018-05-22,165.0,165.0,162.0,165.0,0.0,5322,868847.0
2018-05-21,165.0,165.0,162.0,165.0,1.23,6486,1059189.0
2018-05-20,167.0,169.0,163.0,163.0,-1.81,15129,2491847.0
2018-05-17,166.0,169.0,162.0,166.0,-0.6,9444,1559387.0
2018-05-16,167.0,167.0,164.0,167.0,1.83,12225,2026604.0
2018-05-15,165.0,166.0,164.0,164.0,-2.38,4540,749090.0
2018-05-14,169.0,169.0,163.0,168.0,1.2,11219,1844083.0
2018-05-10,170.0,170.0,165.0,166.0,-1.78,9795,1629767.0
2018-05-09,168.0,169.0,165.0,169.0,0.6,24030,3999308.0
2018-05-08,165.0,168.0,161.0,168.0,1.82,577886,93100944.0
2018-05-07,166.0,166.0,164.0,165.0,-1.2,13817,2269524.0
2018-05-06,165.0,167.0,163.0,167.0,0.6,12445,2046103.0
2018-05-03,163.0,171.0,163.0,166.0,0.0,26572,4453757.0
2018-05-02,163.0,166.0,162.0,166.0,0.61,15976,2623390.0
2018-04-29,166.0,167.0,162.0,165.0,1.23,51078,8359313.0
2018-04-26,170.0,170.0,163.0,163.0,-2.98,20271,3350296.0
2018-04-25,169.0,173.0,165.0,168.0,-0.59,35196,5885276.0
2018-04-24,167.0,174.0,162.0,169.0,1.81,71241,12129059.0
2018-04-23,173.0,176.0,164.0,166.0,-2.35,66822,11350020.0
2018-04-22,168.0,173.0,167.0,170.0,3.03,60028,10214406.0
2018-04-19,161.0,167.0,155.0,165.0,4.43,120801,19294532.0
2018-04-18,155.0,170.0,155.0,158.0,1.94,41903,6697363.0
2018-04-17,152.0,160.0,152.0,155.0,0.65,27794,4368315.0
2018-04-16,156.0,156.0,152.0,154.0,-0.65,33809,5219064.0
2018-04-15,150.0,155.0,149.0,155.0,2.65,10729,1637341.0
2018-04-12,155.0,156.0,151.0,151.0,-0.66,10287,1572057.0
2018-04-11,154.0,155.0,150.0,152.0,0.0,3328,505692.0
2018-04-10,152.0,157.0,151.0,152.0,-1.94,9022,1378202.0
2018-04-09,161.0,164.0,155.0,155.0,-1.9,24757,3911127.0
2018-04-08,152.0,160.0,150.0,158.0,3.95,52278,8089184.0
2018-04-05,150.0,152.0,147.0,152.0,2.01,33501,5022728.0
2018-04-04,146.0,149.0,144.0,149.0,2.76,14250,2100540.0
2018-04-03,143.0,147.0,143.0,145.0,0.0,10713,1554231.0
2018-04-02,145.0,145.0,142.0,145.0,0.0,11461,1647661.0
2018-04-01,147.0,147.0,142.0,145.0,-0.68,6784,981938.0
2018-03-29,144.0,148.0,144.0,146.0,1.39,20561,2997229.0
2018-03-28,147.0,149.0,142.0,144.0,-0.69,25921,3763620.0
2018-03-27,139.0,147.0,136.0,145.0,3.57,21454,3032038.0
2018-03-26,144.0,144.0,137.0,140.0,-2.1,27189,3792068.0
2018-03-22,145.0,147.0,142.0,143.0,-0.69,33895,4887146.0
2018-03-21,150.0,150.0,143.0,144.0,-2.7,35159,5089609.0
2018-03-20,148.0,150.0,147.0,148.0,-1.33,23714,3514831.0
2018-03-19,155.0,154.0,149.0,150.0,-1.96,23360,3519843.0
2018-03-18,154.0,154.0,150.0,153.0,-0.65,15302,2319349.0
2018-03-15,152.0,158.0,152.0,154.0,0.65,13443,2059561.0
2018-03-14,152.0,153.0,150.0,153.0,0.0,11888,1804471.0
2018-03-13,150.0,153.0,150.0,153.0,2.68,9320,1404471.0
2018-03-12,150.0,153.0,149.0,149.0,-0.67,15881,2385066.0
2018-03-11,156.0,156.0,150.0,150.0,-4.46,20422,3099467.0
2018-03-07,156.0,159.0,153.0,157.0,1.29,28242,4417102.0
2018-03-06,151.0,156.0,150.0,155.0,3.33,19728,2997997.0
2018-03-05,158.0,158.0,149.0,150.0,-3.23,45553,6902411.0
2018-03-04,160.0,160.0,152.0,155.0,-3.73,29777,4600325.0
2018-02-28,171.0,171.0,159.0,161.0,-5.85,96432,15673197.0
2018-02-27,171.0,174.0,171.0,171.0,0.0,9817,1681811.0
2018-02-26,171.0,174.0,171.0,171.0,-1.16,7236,1243346.0
2018-02-25,172.0,176.0,171.0,173.0,0.0,5719,990953.0
2018-02-22,174.0,175.0,171.0,173.0,0.0,16582,2881295.0
2018-02-21,173.0,174.0,171.0,173.0,1.17,4334,744624.0
2018-02-20,178.0,180.0,171.0,171.0,-2.29,18979,3300070.0
2018-02-18,179.0,182.0,175.0,175.0,-2.23,31438,5597218.0
2018-02-15,175.0,182.0,174.0,179.0,0.0,37638,6700126.0
2018-02-14,172.0,175.0,171.0,175.0,0.0,13861,2382407.0
2018-02-12,174.0,173.0,171.0,172.0,0.0,10436,1795090.0
2018-02-11,174.0,175.0,172.0,174.0,0.0,3683,638652.0
2018-02-08,174.0,175.0,168.0,174.0,0.0,62891,10711611.0
2018-02-07,175.0,176.0,172.0,174.0,0.0,58854,10187134.0
2018-02-06,177.0,177.0,175.0,175.0,0.0,37613,6653233.0
2018-02-05,179.0,179.0,173.0,177.0,0.0,43791,7615121.0
2018-02-04,179.0,179.0,176.0,179.0,0.0,5913,1049800.0
2018-02-01,179.0,179.0,177.0,179.0,0.0,8424,1501878.0
2018-01-31,179.0,180.0,177.0,179.0,0.0,5679,1013958.0
2018-01-29,177.0,183.0,176.0,179.0,0.0,4207,748476.0
2018-01-28,176.0,178.0,176.0,177.0,0.0,5907,1041961.0
2018-01-25,179.0,180.0,176.0,176.0,0.0,6992,1241844.0
2018-01-24,177.0,180.0,175.0,179.0,0.0,10111,1799444.0
2018-01-23,175.0,179.0,175.0,177.0,0.0,5454,966522.0
2018-01-22,179.0,181.0,175.0,175.0,0.0,6412,1130159.0
2018-01-21,178.0,179.0,176.0,179.0,0.0,16314,2896155.0
2018-01-17,179.0,179.0,177.0,178.0,0.0,14323,2556272.0
2018-01-16,180.0,180.0,177.0,179.0,0.0,16357,2923092.0
2018-01-14,185.0,184.0,179.0,180.0,0.0,19920,3600292.0
2018-01-10,185.0,187.0,183.0,185.0,0.0,10865,2007755.0
2018-01-09,183.0,187.0,183.0,185.0,0.0,25220,4663600.0
2018-01-08,180.0,187.0,180.0,183.0,0.0,30785,5644511.0
2018-01-07,181.0,184.0,179.0,180.0,0.0,6741,1219798.0
2018-01-04,180.0,181.0,178.0,181.0,0.0,11095,1990125.0
2018-01-03,182.0,185.0,180.0,180.0,0.0,19788,3586499.0
2018-01-02,182.0,187.0,180.0,182.0,0.0,20365,3730249.0
2018-01-01,178.0,184.0,178.0,182.0,0.0,13393,2420172.0
2017-12-31,182.0,180.0,177.0,178.0,0.0,21690,3871565.0
2017-12-28,183.0,184.0,177.0,182.0,0.0,17365,3139100.0
2017-12-27,185.0,185.0,179.0,183.0,0.0,22663,4128666.0
2017-12-26,187.0,190.0,185.0,185.0,0.0,16919,3146086.0
2017-12-24,191.0,192.0,187.0,187.0,0.0,15055,2860556.0
2017-12-21,191.0,192.0,188.0,191.0,0.0,19873,3773809.0
2017-12-20,190.0,193.0,189.0,191.0,0.0,19814,3773120.0
2017-12-19,195.0,193.0,190.0,190.0,0.0,17577,3362916.0
2017-12-18,190.0,195.0,191.0,195.0,0.0,11935,2293999.0
2017-12-17,194.0,194.0,190.0,190.0,0.0,6812,1304915.0
2017-12-14,195.0,196.0,192.0,194.0,0.0,12818,2472852.0
2017-12-13,193.0,195.0,191.0,195.0,0.0,17090,3303986.0
2017-12-12,195.0,195.0,192.0,193.0,0.0,10544,2040031.0
2017-12-11,196.0,197.0,195.0,195.0,0.0,9928,1941494.0
2017-12-10,196.0,200.0,195.0,196.0,0.0,18294,3589052.0
2017-12-06,196.0,198.0,195.0,196.0,0.0,19639,3853621.0
2017-12-05,194.0,196.0,192.0,196.0,0.0,19250,3731762.0
2017-12-04,195.0,198.0,194.0,194.0,0.0,6140,1197676.0
2017-11-30,198.0,198.0,194.0,195.0,0.0,20231,3953803.0
2017-11-29,197.0,200.0,195.0,198.0,0.0,17219,3389862.0
2017-11-28,197.0,197.0,193.0,197.0,0.0,12391,2422488.0
2017-11-27,198.0,198.0,195.0,197.0,0.0,23953,4710352.0
2017-11-26,196.0,198.0,195.0,198.0,0.0,12654,2486467.0
2017-11-23,192.0,198.0,193.0,196.0,0.0,31096,6074605.0
2017-11-22,189.0,193.0,186.0,192.0,0.0,33346,6368740.0
2017-11-21,191.0,192.0,182.0,189.0,0.0,29954,5659348.0
2017-11-20,227.0,231.0,225.0,227.0,0.0,112036,25352904.0
2017-11-19,234.0,235.0,226.0,227.0,0.0,65984,15012062.0
2017-11-16,239.0,241.0,234.0,234.0,0.0,33870,7973507.0
2017-11-15,240.0,245.0,235.0,239.0,0.0,54102,12920518.0
2017-11-14,236.0,242.0,234.0,240.0,0.0,64059,15253061.0
2017-11-13,231.0,236.0,230.0,236.0,0.0,37107,8656971.0
2017-11-12,229.0,232.0,227.0,231.0,0.0,14653,3367213.0
2017-11-09,228.0,231.0,226.0,229.0,0.0,14017,3210311.0
2017-11-08,230.0,230.0,227.0,228.0,0.0,13660,3124899.0
2017-11-07,230.0,235.0,230.0,230.0,0.0,25715,5951660.0
2017-11-06,227.0,234.0,225.0,230.0,0.0,82661,18844356.0
2017-11-05,233.0,232.0,226.0,227.0,0.0,24227,5542994.0
2017-11-02,235.0,235.0,231.0,233.0,0.0,13856,3230306.0
2017-11-01,233.0,236.0,231.0,235.0,0.0,11443,2682965.0
2017-10-31,235.0,238.0,233.0,233.0,0.0,14653,3434336.0
2017-10-30,232.0,239.0,233.0,235.0,0.0,18167,4269412.0
2017-10-29,237.0,239.0,232.0,232.0,0.0,20502,4812372.0
2017-10-25,240.0,244.0,236.0,237.0,0.0,18813,4489590.0
2017-10-24,243.0,243.0,239.0,240.0,0.0,12299,2960490.0
2017-10-23,242.0,245.0,240.0,243.0,0.0,11639,2814834.0
2017-10-22,240.0,250.0,238.0,242.0,0.0,44153,10740125.0
2017-10-18,232.0,245.0,229.0,240.0,0.0,53438,12642700.0
2017-10-17,239.0,240.0,231.0,232.0,0.0,20135,4717295.0
2017-10-16,230.0,239.0,228.0,239.0,0.0,16125,3757789.0
2017-10-15,225.0,230.0,223.0,230.0,0.0,4561,1026629.0
2017-10-12,227.0,229.0,225.0,225.0,0.0,8195,1853690.0
2017-10-11,223.0,227.0,222.0,227.0,0.0,9390,2116444.0
2017-10-10,226.0,227.0,222.0,223.0,0.0,8470,1894366.0
2017-10-09,227.0,226.0,221.0,226.0,0.0,5263,1178025.0
2017-10-08,227.0,227.0,219.0,227.0,0.0,45784,10087260.0
2017-10-04,233.0,237.0,227.0,227.0,0.0,16356,3759622.0
2017-10-03,230.0,233.0,225.0,233.0,0.0,3778,871666.0
2017-09-26,230.0,234.0,227.0,230.0,0.0,11710,2709725.0
2017-09-25,229.0,230.0,226.0,230.0,0.0,7179,1635200.0
2017-09-24,226.0,229.0,223.0,229.0,0.0,19840,4480958.0
2017-09-20,227.0,230.0,225.0,226.0,0.0,7370,1669842.0
2017-09-18,230.0,231.0,226.0,227.0,0.0,14169,3236631.0
2017-09-17,230.0,234.0,222.0,230.0,0.0,9318,2130570.0
2017-09-14,221.0,230.0,220.0,230.0,0.0,25084,5653293.0
2017-09-13,224.0,224.0,220.0,221.0,0.0,34007,7523063.0
2017-09-12,223.0,225.0,220.0,224.0,0.0,25554,5700932.0
2017-09-11,225.0,227.0,221.0,223.0,0.0,26627,5951751.0
2017-09-10,230.0,228.0,223.0,225.0,0.0,45670,10296698.0
2017-09-07,232.0,235.0,229.0,230.0,0.0,38379,8826456.0
2017-09-06,230.0,237.0,229.0,232.0,0.0,33292,7699268.0
2017-09-04,237.0,237.0,227.0,230.0,0.0,36778,8530050.0
2017-08-31,238.0,240.0,234.0,237.0,0.0,16171,3808215.0
2017-08-30,240.0,241.0,235.0,238.0,0.0,29026,6891750.0
2017-08-28,240.0,243.0,232.0,240.0,0.0,19048,4540584.0
2017-08-27,242.0,245.0,239.0,240.0,0.0,19132,4618007.0
2017-08-24,241.0,245.0,239.0,242.0,0.0,16976,3917777.0
2017-08-23,241.0,245.0,239.0,241.0,0.0,20015,4818574.0
2017-08-22,243.0,245.0,236.0,241.0,0.0,15904,3839066.0
2017-08-21,244.0,246.0,240.0,243.0,0.0,10451,2546638.0
2017-08-20,250.0,250.0,244.0,244.0,0.0,24252,5947362.0
2017-08-17,252.0,252.0,247.0,250.0,0.0,16448,4082220.0
2017-08-16,247.0,254.0,245.0,252.0,0.0,17526,4404871.0
2017-08-15,248.0,250.0,244.0,247.0,0.0,17303,4286844.0
2017-08-13,249.0,253.0,246.0,248.0,0.0,11322,2826155.0
2017-08-10,250.0,255.0,247.0,249.0,0.0,25351,6319630.0
2017-08-09,253.0,254.0,249.0,250.0,0.0,8868,2224602.0
2017-08-07,253.0,256.0,252.0,253.0,0.0,11606,2940146.0
2017-08-06,253.0,258.0,251.0,253.0,0.0,23399,5979463.0
2017-08-03,255.0,260.0,253.0,253.0,0.0,34046,8678312.0
2017-08-02,256.0,258.0,253.0,255.0,0.0,21095,5386345.0
2017-08-01,257.0,260.0,254.0,256.0,0.0,19548,5024952.0
2017-07-31,250.0,257.0,250.0,257.0,0.0,25079,6377007.0
2017-07-30,253.0,259.0,250.0,250.0,0.0,21239,5358690.0
2017-07-27,255.0,258.0,252.0,253.0,0.0,17659,4486441.0
2017-07-26,259.0,269.0,255.0,255.0,0.0,23741,6091693.0
2017-07-25,258.0,263.0,256.0,259.0,0.0,24720,6387786.0
2017-07-24,264.0,269.0,258.0,258.0,0.0,25842,6724840.0
2017-07-23,260.0,264.0,257.0,264.0,0.0,34220,8893991.0
2017-07-20,264.0,264.0,260.0,260.0,0.0,28451,7435069.0
2017-07-19,270.0,272.0,261.0,264.0,0.0,48181,12793473.0
2017-07-18,260.0,270.0,259.0,270.0,0.0,55447,14688982.0
2017-07-17,248.0,260.0,248.0,260.0,0.0,59578,15142165.0
2017-07-16,246.0,248.0,242.0,248.0,0.0,6647,1624219.0
2017-07-13,244.0,246.0,240.0,246.0,0.0,11574,2813171.0
2017-07-12,241.0,245.0,240.0,244.0,0.0,17112,4149550.0
2017-07-11,240.0,245.0,239.0,241.0,0.0,21568,5209492.0
2017-07-10,247.0,245.0,239.0,240.0,0.0,36214,8730623.0
2017-07-09,246.0,250.0,240.0,247.0,0.0,29717,7305460.0
2017-07-06,240.0,247.0,235.0,246.0,0.0,45859,10980228.0
2017-07-05,235.0,240.0,234.0,240.0,0.0,11012,2607634.0
2017-07-04,237.0,240.0,235.0,235.0,0.0,6249,1477012.0
2017-07-03,237.0,240.0,235.0,237.0,0.0,13030,3081914.0
2017-07-02,240.0,242.0,236.0,237.0,0.0,10842,2579541.0
2017-06-28,240.0,241.0,236.0,240.0,0.0,13168,3154256.0
2017-06-27,247.0,247.0,240.0,240.0,0.0,19696,4769521.0
2017-06-25,241.0,247.0,240.0,247.0,0.0,11337,2745588.0
2017-06-22,240.0,246.0,240.0,241.0,0.0,8541,2065750.0
2017-06-21,236.0,240.0,234.0,240.0,0.0,11083,2634317.0
2017-06-20,237.0,242.0,235.0,236.0,0.0,14093,3352485.0
2017-06-19,242.0,240.0,235.0,237.0,0.0,22494,5368723.0
2017-06-18,248.0,250.0,240.0,242.0,0.0,17095,4148362.0
2017-06-15,251.0,254.0,246.0,248.0,0.0,13950,3479607.0
2017-06-14,248.0,251.0,245.0,251.0,0.0,42066,10400292.0
2017-06-13,247.0,250.0,247.0,248.0,0.0,16019,3984184.0
2017-06-12,247.0,260.0,241.0,247.0,0.0,12154,3029356.0
2017-06-11,249.0,254.0,245.0,247.0,0.0,31252,7788604.0
2017-06-08,251.0,251.0,249.0,249.0,0.0,42455,10615254.0
2017-06-07,253.0,261.0,249.0,251.0,0.0,63739,16053157.0
2017-06-06,250.0,255.0,241.0,253.0,0.0,298407,72664712.0
2017-06-05,248.0,252.0,248.0,250.0,0.0,26077,6508535.0
2017-06-04,250.0,251.0,245.0,248.0,0.0,21339,5274038.0
2017-06-01,253.0,253.0,249.0,250.0,0.0,29106,7277009.0
2017-05-31,250.0,256.0,247.0,253.0,0.0,20620,5167672.0
2017-05-30,252.0,255.0,249.0,250.0,0.0,27982,7028136.0
2017-05-28,255.0,260.0,250.0,252.0,0.0,37516,9464155.0
2017-05-24,256.0,258.0,251.0,255.0,0.0,22892,5828176.0
2017-05-23,255.0,264.0,250.0,256.0,0.0,14697,3749391.0
2017-05-22,258.0,257.0,253.0,255.0,0.0,15111,3861619.0
2017-05-21,260.0,268.0,255.0,258.0,0.0,28159,7241212.0
2017-05-18,261.0,264.0,255.0,260.0,0.0,24857,6397244.0
2017-05-17,258.0,267.0,258.0,261.0,0.0,41590,10916741.0
2017-05-16,253.0,263.0,252.0,258.0,0.0,41672,10717572.0
2017-05-15,258.0,258.0,252.0,253.0,0.0,44018,11128287.0
2017-05-11,261.0,259.0,250.0,258.0,0.0,55352,14109512.0
2017-05-09,259.0,262.0,254.0,261.0,0.0,41823,10749487.0
2017-05-08,259.0,263.0,254.0,259.0,0.0,86513,22096376.0
2017-05-07,260.0,261.0,255.0,259.0,0.0,26380,6804954.0
2017-05-04,259.0,269.0,260.0,260.0,0.0,22273,5837876.0
2017-05-03,271.0,276.0,266.0,266.0,0.0,33129,8947088.0
2017-05-02,267.0,282.0,260.0,271.0,0.0,54027,14521043.0
2017-04-30,275.0,280.0,265.0,267.0,0.0,29712,8037709.0
2017-04-27,269.0,276.0,260.0,275.0,0.0,38179,10403854.0
2017-04-26,275.0,275.0,269.0,269.0,0.0,28615,7761042.0
2017-04-25,274.0,280.0,272.0,275.0,0.0,27809,7703251.0
2017-04-24,276.0,281.0,270.0,274.0,0.0,43642,12012011.0
2017-04-23,271.0,295.0,273.0,276.0,0.0,51747,14416105.0
2017-04-20,273.0,280.0,267.0,271.0,0.0,19432,5300105.0
2017-04-19,270.0,280.0,266.0,273.0,0.0,36761,9950395.0
2017-04-18,269.0,270.0,260.0,270.0,0.0,27603,7360249.0
2017-04-16,280.0,284.0,269.0,269.0,0.0,65455,17996528.0
2017-04-13,282.0,289.0,279.0,280.0,0.0,82052,23241468.0
2017-04-12,291.0,300.0,282.0,282.0,0.0,100139,29002888.0
2017-04-11,277.0,296.0,280.0,291.0,0.0,133873,38666036.0
2017-04-10,275.0,279.0,271.0,277.0,0.0,47701,13149082.0
2017-04-09,277.0,285.0,274.0,275.0,0.0,45581,12652106.0
2017-04-06,276.0,280.0,272.0,277.0,0.0,52909,14591115.0
2017-04-04,280.0,293.0,270.0,276.0,0.0,105404,29343834.0
2017-04-03,298.0,316.0,273.0,280.0,0.0,125295,36197872.0
2017-04-02,273.0,300.0,268.0,298.0,0.0,59045,16924432.0
2017-03-30,257.0,275.0,257.0,273.0,0.0,128469,34450444.0
2017-03-29,256.0,281.0,257.0,257.0,0.0,139638,37424824.0
2017-03-28,233.0,256.0,233.0,256.0,0.0,88561,22422936.0
2017-03-26,226.0,238.0,221.0,233.0,0.0,121856,28079198.0
2017-03-23,230.0,230.0,222.0,226.0,0.0,45797,10325216.0
2017-03-22,230.0,244.0,224.0,230.0,0.0,115003,26679816.0
2017-03-21,230.0,234.0,219.0,230.0,0.0,72318,16275666.0
2017-03-20,217.0,236.0,220.0,230.0,0.0,76786,17465982.0
2017-03-19,213.0,218.0,211.0,217.0,0.0,21029,4511438.0
2017-03-16,212.0,216.0,211.0,213.0,0.0,14449,3062351.0
2017-03-15,212.0,214.0,210.0,212.0,0.0,8122,1718404.0
2017-03-14,215.0,215.0,211.0,212.0,0.0,10986,2340923.0
2017-03-13,215.0,216.0,211.0,215.0,0.0,7588,1625791.0
2017-03-09,217.0,218.0,214.0,215.0,0.0,14272,3076971.0
2017-03-07,221.0,219.0,213.0,217.0,0.0,14533,3131080.0
2017-03-06,215.0,227.0,216.0,221.0,0.0,31405,6951844.0
2017-03-05,216.0,218.0,212.0,215.0,0.0,15348,3300108.0
2017-03-02,215.0,216.0,209.0,216.0,0.0,10028,2136441.0
2017-03-01,208.0,215.0,211.0,215.0,0.0,4217,898232.0
2017-02-28,213.0,215.0,207.0,208.0,0.0,8842,1850629.0
2017-02-26,213.0,215.0,210.0,213.0,0.0,12393,2624114.0
2017-02-23,213.0,215.0,209.0,213.0,0.0,24718,5204184.0
2017-02-22,215.0,217.0,210.0,213.0,0.0,23525,5025248.0
2017-02-21,215.0,220.0,211.0,215.0,0.0,63913,13609002.0
2017-02-20,225.0,230.0,215.0,215.0,0.0,26141,5795391.0
2017-02-19,223.0,226.0,216.0,225.0,0.0,16400,3622359.0
2017-02-16,223.0,231.0,216.0,223.0,0.0,22771,5039142.0
2017-02-15,214.0,223.0,208.0,223.0,0.0,21584,4609936.0
2017-02-14,213.0,214.0,203.0,214.0,0.0,9359,1954745.0
2017-02-13,206.0,213.0,198.0,213.0,0.0,34122,6961597.0
2017-02-12,218.0,218.0,198.0,206.0,0.0,39004,7911130.0
2017-02-09,224.0,223.0,218.0,218.0,0.0,9643,2130063.0
2017-02-08,228.0,229.0,220.0,224.0,0.0,12847,2862785.0
2017-02-07,232.0,233.0,223.0,228.0,0.0,14111,3202691.0
2017-02-06,230.0,233.0,225.0,232.0,0.0,9096,2084315.0
2017-02-05,235.0,239.0,223.0,230.0,0.0,10714,2462083.0
2017-02-02,236.0,248.0,230.0,235.0,0.0,17465,4098249.0
2017-02-01,220.0,236.0,218.0,236.0,0.0,20037,4602202.0
2017-01-31,218.0,230.0,209.0,220.0,0.0,19773,4284065.0
2017-01-30,235.0,233.0,217.0,218.0,0.0,25348,5625703.0
2017-01-26,240.0,239.0,230.0,235.0,0.0,23894,5593261.0
2017-01-25,240.0,244.0,233.0,240.0,0.0,26043,6145503.0
2017-01-24,248.0,247.0,240.0,240.0,0.0,19784,4810368.0
2017-01-23,247.0,250.0,245.0,248.0,0.0,9789,2410143.0
2017-01-22,250.0,250.0,246.0,247.0,0.0,21699,5372320.0
2017-01-19,249.0,257.0,247.0,250.0,0.0,17989,4488946.0
2017-01-18,250.0,255.0,246.0,249.0,0.0,20802,5225565.0
2017-01-17,249.0,250.0,246.0,250.0,0.0,6137,1530625.0
2017-01-16,249.0,250.0,246.0,249.0,0.0,13964,3462792.0
2017-01-15,252.0,255.0,249.0,249.0,0.0,11743,2941043.0
2017-01-12,251.0,253.0,250.0,252.0,0.0,16713,4194179.0
2017-01-11,252.0,254.0,250.0,251.0,0.0,36286,9087675.0
2017-01-10,251.0,255.0,249.0,252.0,0.0,16952,4257303.0
2017-01-09,250.0,255.0,248.0,251.0,0.0,33106,8272597.0
2017-01-08,254.0,250.0,245.0,250.0,0.0,21271,5293841.0
2017-01-05,254.0,255.0,246.0,254.0,0.0,47902,11963849.0
2017-01-04,254.0,256.0,245.0,254.0,0.0,71649,17876324.0
2017-01-03,258.0,258.0,245.0,254.0,0.0,28444,7150432.0
2017-01-02,256.0,262.0,253.0,258.0,0.0,14707,3792279.0
2017-01-01,249.0,257.0,252.0,256.0,0.0,23115,5877227.0
2016-12-29,246.0,253.0,245.0,249.0,0.0,25097,6238587.0
2016-12-28,240.0,247.0,235.0,246.0,0.0,24139,5801090.0
2016-12-27,246.0,248.0,237.0,240.0,0.0,46041,11083646.0
2016-12-26,250.0,250.0,245.0,246.0,0.0,18956,4694565.0
2016-12-22,250.0,253.0,249.0,250.0,0.0,37256,9332645.0
2016-12-21,254.0,255.0,249.0,250.0,0.0,59493,14920108.0
2016-12-20,256.0,261.0,250.0,254.0,0.0,28883,7287621.0
2016-12-19,258.0,263.0,250.0,256.0,0.0,28120,7177032.0
2016-12-18,259.0,260.0,254.0,258.0,0.0,20971,5389157.0
2016-12-15,254.0,259.0,252.0,259.0,0.0,31178,7974848.0
2016-12-14,256.0,258.0,250.0,254.0,0.0,36877,9350169.0
2016-12-12,256.0,257.0,249.0,256.0,0.0,19171,4862731.0
2016-12-11,260.0,264.0,253.0,256.0,0.0,23960,6123747.0
2016-12-08,264.0,264.0,254.0,260.0,0.0,27636,7146140.0
2016-12-07,265.0,267.0,263.0,264.0,0.0,12006,3180284.0
2016-12-06,263.0,268.0,258.0,265.0,0.0,12670,3353427.0
2016-12-05,263.0,270.0,261.0,263.0,0.0,21589,5687495.0
2016-12-04,272.0,273.0,260.0,263.0,0.0,20859,5585267.0
2016-12-01,270.0,280.0,263.0,272.0,0.0,78140,21167896.0
2016-11-30,265.0,279.0,261.0,270.0,0.0,73938,19972184.0
2016-11-29,255.0,270.0,242.0,265.0,0.0,74509,19138520.0
2016-11-28,249.0,263.0,233.0,255.0,0.0,61407,14921078.0
2016-11-27,263.0,265.0,247.0,249.0,0.0,84584,21416888.0
2016-11-24,265.0,283.0,260.0,263.0,0.0,89158,23778632.0
2016-11-23,274.0,279.0,260.0,265.0,0.0,70741,18918774.0
2016-11-22,280.0,280.0,272.0,274.0,0.0,68321,18761204.0
2016-11-21,280.0,289.0,269.0,280.0,0.0,76928,21473712.0
2016-11-20,299.0,300.0,272.0,280.0,0.0,155324,43595400.0
2016-11-17,321.0,318.0,293.0,299.0,0.0,169494,51001404.0
2016-11-16,323.0,325.0,318.0,321.0,0.0,40898,13065252.0
2016-11-15,321.0,324.0,321.0,323.0,0.0,96574,31130192.0
2016-11-14,317.0,321.0,311.0,321.0,0.0,83676,26664860.0
2016-11-13,322.0,321.0,316.0,317.0,0.0,127247,40471676.0
2016-11-10,321.0,329.0,311.0,322.0,0.0,129113,41296912.0
2016-11-09,330.0,335.0,309.0,321.0,0.0,123188,39249096.0
2016-11-08,342.0,345.0,329.0,330.0,0.0,179106,59586408.0
2016-11-07,354.0,358.0,338.0,342.0,0.0,152931,52565756.0
2016-11-03,336.0,369.0,336.0,354.0,0.0,316495,110461352.0
2016-10-27,306.0,336.0,312.0,336.0,0.0,10204,3369960.0
2016-10-26,280.0,306.0,285.0,306.0,0.0,6736,2016570.0
2016-10-25,255.0,280.0,260.0,280.0,0.0,61,16580.0
2016-01-25,253.0,258.0,250.0,255.0,0.0,16226,4115969.0
2016-01-24,262.0,258.0,253.0,253.0,0.0,10935,2791999.0
2016-01-21,256.0,263.0,258.0,262.0,0.0,33924,8869285.0
2016-01-20,261.0,263.0,255.0,256.0,0.0,27465,7112334.0
2016-01-19,261.0,262.0,254.0,261.0,0.0,26639,6932471.0
2016-01-18,260.0,270.0,258.0,261.0,0.0,22828,6021529.0
2016-01-17,250.0,261.0,253.0,260.0,0.0,25862,6626901.0
2016-01-14,240.0,250.0,241.0,250.0,0.0,15195,3713795.0
2016-01-13,243.0,245.0,237.0,240.0,0.0,8817,2125234.0
2016-01-12,245.0,244.0,242.0,243.0,0.0,1712,416979.0
2016-01-11,247.0,247.0,243.0,245.0,0.0,1566,383050.0
2016-01-10,250.0,250.0,246.0,247.0,0.0,28086,6995846.0
2016-01-07,248.0,252.0,243.0,250.0,0.0,14005,3475444.0
2016-01-06,236.0,250.0,236.0,248.0,0.0,10042,2466347.0
2016-01-05,250.0,252.0,246.0,252.0,0.0,21119,5272917.0
2016-01-04,252.0,255.0,247.0,250.0,0.0,14794,3707676.0
2016-01-03,254.0,255.0,251.0,252.0,0.0,17053,4315411.0
2015-12-31,251.0,260.0,246.0,254.0,0.0,14309,3635927.0
2015-12-29,249.0,254.0,249.0,251.0,0.0,12513,3149653.0
2015-12-28,248.0,252.0,244.0,249.0,0.0,6450,1603872.0
2015-12-27,246.0,250.0,244.0,248.0,0.0,7099,1753031.0
2015-12-24,244.0,252.0,241.0,246.0,0.0,3685,913318.0
2015-12-23,247.0,252.0,240.0,244.0,0.0,25426,6161114.0
2015-12-22,241.0,255.0,242.0,247.0,0.0,30195,7441902.0
2015-12-21,238.0,247.0,240.0,241.0,0.0,11598,2796992.0
2015-12-20,243.0,245.0,237.0,238.0,0.0,4645,1122077.0
2015-12-17,242.0,244.0,238.0,243.0,0.0,15824,3824817.0
2015-12-16,243.0,247.0,240.0,242.0,0.0,10857,2633851.0
2015-12-15,244.0,248.0,241.0,243.0,0.0,6337,1536402.0
2015-12-14,245.0,249.0,243.0,244.0,0.0,12062,2951771.0
2015-12-13,252.0,251.0,245.0,245.0,0.0,8124,2007406.0
2015-12-10,256.0,257.0,249.0,252.0,0.0,8586,2154874.0
2015-12-09,250.0,260.0,250.0,256.0,0.0,7274,1850481.0
2015-12-08,249.0,254.0,247.0,250.0,0.0,6297,1571072.0
2015-12-07,254.0,259.0,246.0,249.0,0.0,4142,1038161.0
2015-12-06,250.0,265.0,246.0,254.0,0.0,9849,2495272.0
2015-12-03,243.0,250.0,239.0,250.0,0.0,9108,2258595.0
2015-12-02,244.0,245.0,236.0,243.0,0.0,9677,2330797.0
2015-12-01,238.0,248.0,241.0,244.0,0.0,11112,2701175.0
2015-11-30,240.0,245.0,238.0,238.0,0.0,9580,2298315.0
2015-11-29,241.0,241.0,232.0,240.0,0.0,8268,1937282.0
2015-11-26,250.0,245.0,238.0,241.0,0.0,9921,2391945.0
2015-11-25,250.0,254.0,246.0,250.0,0.0,8667,2142782.0
2015-11-24,250.0,251.0,248.0,250.0,0.0,12086,3019761.0
2015-11-23,251.0,255.0,248.0,250.0,0.0,4612,1157126.0
2015-11-22,253.0,260.0,248.0,251.0,0.0,11166,2797935.0
2015-11-19,256.0,255.0,251.0,253.0,0.0,4037,1020844.0
2015-11-18,259.0,261.0,256.0,256.0,0.0,6364,1644126.0
2015-11-16,263.0,259.0,257.0,259.0,0.0,2326,600990.0
2015-11-15,260.0,263.0,255.0,263.0,0.0,888,230040.0
2015-11-10,266.0,266.0,260.0,260.0,0.0,3078,808578.0
2015-11-09,256.0,266.0,258.0,266.0,0.0,11722,3043138.0
2015-11-08,257.0,256.0,250.0,256.0,0.0,14340,3615387.0
2015-11-05,259.0,260.0,257.0,257.0,0.0,4769,1234135.0
2015-11-04,260.0,260.0,259.0,259.0,0.0,863,223880.0
2015-11-03,260.0,260.0,254.0,260.0,0.0,1771,454580.0
2015-11-02,267.0,270.0,258.0,260.0,0.0,14923,3888407.0
2015-11-01,263.0,268.0,255.0,267.0,0.0,13343,3477869.0
2015-10-29,264.0,269.0,260.0,263.0,0.0,9388,2469987.0
2015-10-28,255.0,264.0,248.0,264.0,0.0,27345,6927953.0
2015-10-27,270.0,269.0,255.0,255.0,0.0,10466,2695065.0
2015-10-25,268.0,270.0,270.0,270.0,0.0,1157,312390.0
2015-10-19,267.0,273.0,267.0,268.0,0.0,5359,1446618.0
2015-10-18,274.0,272.0,267.0,267.0,0.0,4771,1288289.0
2015-10-15,270.0,274.0,267.0,274.0,0.0,1877,507027.0
2015-10-14,273.0,280.0,270.0,270.0,0.0,4925,1349742.0
2015-10-11,275.0,277.0,273.0,273.0,0.0,4864,1336351.0
2015-10-08,280.0,284.0,274.0,275.0,0.0,19459,5362566.0
2015-10-07,283.0,283.0,273.0,280.0,0.0,11097,3084628.0
2015-10-06,284.0,285.0,282.0,283.0,0.0,10672,3030961.0
2015-10-05,286.0,288.0,281.0,284.0,0.0,17050,3885733.0
2015-10-04,285.0,294.0,285.0,286.0,0.0,9471,2717381.0
2015-10-01,289.0,290.0,285.0,285.0,0.0,10793,3084701.0
2015-09-30,290.0,295.0,288.0,289.0,0.0,34679,10070245.0
2015-09-29,287.0,290.0,285.0,290.0,0.0,8507,2451323.0
2015-09-28,288.0,288.0,279.0,287.0,0.0,5800,1647922.0
2015-09-24,291.0,296.0,286.0,288.0,0.0,22132,6389503.0
2015-09-23,290.0,300.0,290.0,291.0,0.0,9513,2784181.0
2015-09-22,295.0,300.0,285.0,290.0,0.0,18389,5311141.0
2015-09-17,296.0,296.0,292.0,295.0,0.0,10830,3183512.0
2015-09-16,294.0,299.0,290.0,296.0,0.0,31520,9225506.0
2015-09-15,292.0,301.0,292.0,294.0,0.0,18393,5432853.0
2015-09-14,289.0,298.0,288.0,292.0,0.0,26487,7688486.0
2015-09-13,291.0,296.0,289.0,289.0,0.0,4865,1416473.0
2015-09-10,298.0,295.0,289.0,291.0,0.0,6832,1989446.0
2015-09-09,300.0,300.0,294.0,298.0,0.0,11894,3528598.0
2015-09-08,287.0,300.0,285.0,300.0,0.0,14567,4261173.0
2015-09-07,285.0,295.0,286.0,287.0,0.0,11059,3205690.0
2015-09-06,293.0,294.0,285.0,285.0,0.0,20534,5887162.0
2015-09-03,293.0,294.0,290.0,293.0,0.0,9671,2821413.0
2015-09-02,299.0,300.0,290.0,293.0,0.0,10036,2955080.0
2015-09-01,293.0,301.0,294.0,299.0,0.0,18792,5588646.0
2015-08-31,302.0,304.0,290.0,293.0,0.0,20347,6003185.0
2015-08-27,295.0,302.0,294.0,302.0,0.0,21834,6518019.0
2015-08-26,298.0,300.0,295.0,295.0,0.0,5539,1642421.0
2015-08-25,300.0,298.0,289.0,298.0,0.0,2691,792629.0
2015-08-24,304.0,306.0,297.0,300.0,0.0,15272,4596229.0
2015-08-23,309.0,305.0,287.0,304.0,0.0,15382,4611457.0
2015-08-20,307.0,328.0,307.0,309.0,0.0,37441,11699309.0
2015-08-19,299.0,308.0,300.0,307.0,0.0,30327,9205888.0
2015-08-18,291.0,313.0,290.0,299.0,0.0,38852,11657951.0
2015-08-17,265.0,291.0,270.0,291.0,0.0,27053,7798862.0
2015-08-16,266.0,270.0,257.0,265.0,0.0,75484,19741280.0
2015-08-13,264.0,269.0,261.0,266.0,0.0,30069,7953250.0
2015-08-12,269.0,268.0,262.0,264.0,0.0,35158,9296988.0
2015-08-11,270.0,274.0,265.0,269.0,0.0,31320,8370042.0
2015-08-10,275.0,279.0,269.0,270.0,0.0,45250,12297900.0
2015-08-09,275.0,295.0,271.0,275.0,0.0,32983,9161557.0
2015-08-06,271.0,277.0,271.0,275.0,0.0,10077,2755748.0
2015-08-05,276.0,277.0,268.0,271.0,0.0,28973,7838909.0
2015-08-04,283.0,281.0,275.0,276.0,0.0,15291,4228568.0
2015-08-03,285.0,287.0,277.0,283.0,0.0,9347,2618482.0
2015-08-02,284.0,289.0,279.0,285.0,0.0,10154,2861771.0
2015-07-30,289.0,293.0,280.0,284.0,0.0,10693,3061081.0
2015-07-29,290.0,290.0,282.0,289.0,0.0,11761,3365262.0
2015-07-28,299.0,300.0,280.0,290.0,0.0,47167,13921040.0
2015-07-27,319.0,342.0,295.0,299.0,0.0,109000,33521134.0
2015-07-26,290.0,319.0,295.0,319.0,0.0,15767,5028060.0
2015-07-23,284.0,296.0,270.0,290.0,0.0,27273,7827059.0
2015-07-22,270.0,284.0,271.0,284.0,0.0,7209,1976995.0
2015-07-16,270.0,272.0,268.0,270.0,0.0,2181,587361.0
2015-07-15,270.0,270.0,268.0,270.0,0.0,14206,3832339.0
2015-07-14,275.0,276.0,267.0,270.0,0.0,12715,3427745.0
2015-07-13,267.0,275.0,267.0,275.0,0.0,10572,2838087.0
2015-07-12,270.0,270.0,266.0,267.0,0.0,6788,1819658.0
2015-07-09,270.0,271.0,266.0,270.0,0.0,24349,6566126.0
2015-07-08,268.0,271.0,266.0,270.0,0.0,5108,1370994.0
2015-07-07,265.0,268.0,262.0,268.0,0.0,1797,478652.0
2015-07-06,267.0,268.0,262.0,265.0,0.0,12767,3364913.0
2015-07-05,267.0,272.0,265.0,267.0,0.0,3493,934943.0
2015-07-02,267.0,270.0,260.0,267.0,0.0,11993,3189567.0
2015-07-01,270.0,280.0,267.0,267.0,0.0,3886,1054105.0
2015-06-30,272.0,273.0,270.0,270.0,0.0,11027,2979871.0
2015-06-29,270.0,280.0,270.0,272.0,0.0,19542,5312274.0
2015-06-28,271.0,280.0,265.0,270.0,0.0,15355,4128432.0
2015-06-25,270.0,275.0,268.0,271.0,0.0,13115,3554097.0
2015-06-24,269.0,270.0,268.0,270.0,0.0,1874,503247.0
2015-06-23,268.0,269.0,263.0,269.0,0.0,3421,907831.0
2015-06-22,264.0,271.0,262.0,268.0,0.0,1461,391716.0
2015-06-21,268.0,270.0,261.0,264.0,0.0,6206,1637960.0
2015-06-18,268.0,276.0,267.0,268.0,0.0,7390,1997280.0
2015-06-17,275.0,278.0,268.0,268.0,0.0,17812,4835253.0
2015-06-16,278.0,278.0,274.0,275.0,0.0,3149,865193.0
2015-06-15,274.0,284.0,274.0,278.0,0.0,9360,2614540.0
2015-06-14,280.0,279.0,268.0,274.0,0.0,7332,1993061.0
2015-06-11,285.0,284.0,271.0,280.0,0.0,8116,2258645.0
2015-06-10,295.0,300.0,282.0,285.0,0.0,16453,4738816.0
2015-06-09,288.0,315.0,293.0,295.0,0.0,33495,10093498.0
2015-06-08,283.0,289.0,283.0,288.0,0.0,16889,4826376.0
2015-06-07,280.0,285.0,275.0,283.0,0.0,11139,3128751.0
2015-06-04,280.0,285.0,266.0,280.0,0.0,8282,2281604.0
2015-06-03,268.0,283.0,266.0,280.0,0.0,15748,4329330.0
2015-06-02,263.0,268.0,256.0,268.0,0.0,6245,1630688.0
2015-06-01,260.0,275.0,261.0,263.0,0.0,15908,4240515.0
2015-05-31,261.0,269.0,249.0,260.0,0.0,30557,7926142.0
2015-05-28,290.0,285.0,261.0,261.0,0.0,60,16360.0
2015-04-23,283.0,290.0,278.0,290.0,0.0,3831,1088235.0
2015-04-22,290.0,292.0,281.0,283.0,0.0,14123,4009338.0
2015-04-21,284.0,298.0,289.0,290.0,0.0,12717,3733161.0
2015-04-20,290.0,290.0,283.0,284.0,0.0,7574,2172763.0
2015-04-19,279.0,290.0,277.0,290.0,0.0,16800,4712916.0
2015-04-16,280.0,283.0,277.0,279.0,0.0,27497,7665272.0
2015-04-15,285.0,281.0,278.0,280.0,0.0,17947,5020446.0
2015-04-13,287.0,287.0,285.0,285.0,0.0,3418,974567.0
2015-04-12,289.0,293.0,285.0,287.0,0.0,2296,663019.0
2015-04-09,280.0,289.0,279.0,289.0,0.0,5689,1623833.0
2015-04-08,282.0,285.0,280.0,280.0,0.0,8657,2451671.0
2015-04-07,283.0,283.0,278.0,282.0,0.0,7960,2230661.0
2015-04-06,286.0,283.0,278.0,283.0,0.0,1896,532921.0
2015-04-05,281.0,286.0,278.0,286.0,0.0,2696,755422.0
2015-04-02,276.0,289.0,278.0,281.0,0.0,3406,952200.0
2015-04-01,285.0,290.0,276.0,276.0,0.0,2285,643543.0
2015-03-31,285.0,289.0,272.0,285.0,0.0,7130,2019250.0
2015-03-30,280.0,286.0,281.0,285.0,0.0,422,119043.0
2015-03-29,283.0,281.0,275.0,280.0,0.0,5592,1555527.0
2015-03-26,282.0,283.0,277.0,283.0,0.0,7254,2026276.0
2015-03-25,286.0,285.0,281.0,282.0,0.0,9944,2810285.0
2015-03-24,284.0,294.0,281.0,286.0,0.0,2825,812886.0
2015-03-23,294.0,291.0,284.0,284.0,0.0,19232,5527765.0
2015-03-22,299.0,304.0,293.0,294.0,0.0,9344,2789453.0
2015-03-19,290.0,299.0,290.0,299.0,0.0,10071,2992019.0
2015-03-18,290.0,293.0,288.0,290.0,0.0,3817,1106334.0
2015-03-17,292.0,294.0,288.0,290.0,0.0,3268,953319.0
2015-03-16,295.0,293.0,288.0,292.0,0.0,4985,1447827.0
2015-03-15,300.0,296.0,293.0,295.0,0.0,3461,1020708.0
2015-03-12,301.0,300.0,296.0,300.0,0.0,6382,1910870.0
2015-03-11,300.0,305.0,299.0,301.0,0.0,5783,1737390.0
2015-03-10,305.0,303.0,300.0,300.0,0.0,17442,5232849.0
2015-03-09,303.0,312.0,300.0,305.0,0.0,3875,1182899.0
2015-03-04,301.0,307.0,300.0,303.0,0.0,7537,2288019.0
2015-03-03,313.0,307.0,301.0,301.0,0.0,3930,1190489.0
2015-03-02,299.0,313.0,294.0,313.0,0.0,13148,3999800.0
2015-03-01,303.0,303.0,297.0,299.0,0.0,5078,1514422.0
2015-02-26,295.0,303.0,294.0,303.0,0.0,4200,1250061.0
2015-02-25,292.0,297.0,294.0,295.0,0.0,5729,1691059.0
2015-02-24,294.0,297.0,290.0,292.0,0.0,9793,2882663.0
2015-02-23,296.0,297.0,291.0,294.0,0.0,14906,4379508.0
2015-02-22,295.0,299.0,295.0,296.0,0.0,2199,650087.0
2015-02-18,300.0,302.0,295.0,295.0,0.0,6137,1833339.0
2015-02-16,303.0,306.0,300.0,300.0,0.0,11158,3373446.0
2015-02-15,305.0,310.0,302.0,303.0,0.0,13506,4128532.0
2015-02-12,300.0,305.0,300.0,305.0,0.0,9957,3012067.0
2015-02-11,300.0,306.0,296.0,300.0,0.0,14401,4349587.0
2015-02-10,300.0,301.0,297.0,300.0,0.0,2118,635462.0
2015-02-09,304.0,304.0,300.0,300.0,0.0,5339,1604658.0
2015-02-08,300.0,305.0,300.0,304.0,0.0,13204,3987836.0
2015-02-05,300.0,304.0,296.0,300.0,0.0,16741,5021958.0
2015-02-04,307.0,310.0,300.0,300.0,0.0,20375,6202764.0
2015-02-03,309.0,313.0,301.0,307.0,0.0,20197,6157236.0
2015-02-02,314.0,315.0,306.0,309.0,0.0,13078,4073506.0
2015-02-01,316.0,320.0,311.0,314.0,0.0,12247,3832229.0
2015-01-29,317.0,320.0,310.0,316.0,0.0,18685,5867978.0
2015-01-28,312.0,321.0,310.0,317.0,0.0,11923,3761333.0
2015-01-27,309.0,312.0,308.0,312.0,0.0,11219,3482330.0
2015-01-26,309.0,319.0,305.0,309.0,0.0,24053,7463503.0
2015-01-25,300.0,312.0,302.0,309.0,0.0,37740,11567845.0
2015-01-22,306.0,310.0,296.0,300.0,0.0,12781,3860196.0
2015-01-20,311.0,318.0,289.0,306.0,0.0,25593,7821463.0
2015-01-19,295.0,324.0,300.0,311.0,0.0,24911,7645210.0
2015-01-18,280.0,306.0,280.0,295.0,0.0,26474,7859725.0
2015-01-14,276.0,286.0,277.0,280.0,0.0,17478,4914105.0
2015-01-13,272.0,276.0,269.0,276.0,0.0,11553,3139701.0
2015-01-12,267.0,272.0,264.0,272.0,0.0,2851,760801.0
2015-01-11,272.0,273.0,267.0,267.0,0.0,5161,1384497.0
2015-01-08,269.0,276.0,271.0,272.0,0.0,11175,3054413.0
2015-01-07,265.0,272.0,261.0,269.0,0.0,8948,2412666.0
2015-01-06,264.0,275.0,259.0,265.0,0.0,12366,3290566.0
2015-01-05,278.0,282.0,272.0,282.0,0.0,101346,28237730.0
2015-01-04,273.0,279.0,268.0,278.0,0.0,44705,12341660.0
2015-01-01,273.0,278.0,270.0,273.0,0.0,13291,3624612.0
2014-12-31,273.0,278.0,269.0,273.0,0.0,19311,5261980.0
2014-12-29,278.0,278.0,266.0,273.0,0.0,33456,9051031.0
2014-12-28,268.0,278.0,270.0,278.0,0.0,17848,4884244.0
2014-12-24,261.0,270.0,258.0,268.0,0.0,22453,5972304.0
2014-12-23,265.0,262.0,254.0,261.0,0.0,14607,3747894.0
2014-12-22,270.0,268.0,260.0,265.0,0.0,6055,1585758.0
2014-12-21,270.0,270.0,260.0,270.0,0.0,8991,2374673.0
2014-12-18,270.0,273.0,267.0,270.0,0.0,7317,1969120.0
2014-12-17,277.0,282.0,267.0,270.0,0.0,15565,4230663.0
2014-12-16,279.0,281.0,268.0,277.0,0.0,16257,4501858.0
2014-12-15,280.0,288.0,260.0,279.0,0.0,38808,10765454.0
2014-12-14,259.0,283.0,261.0,280.0,0.0,22122,5988589.0
2014-12-11,250.0,264.0,251.0,259.0,0.0,11889,3046862.0
2014-12-10,246.0,265.0,243.0,250.0,0.0,12313,3082845.0
2014-12-09,244.0,250.0,240.0,246.0,0.0,14388,3535186.0
2014-12-08,245.0,248.0,238.0,244.0,0.0,12929,3119956.0
2014-12-07,234.0,247.0,233.0,245.0,0.0,8013,1937739.0
2014-12-04,231.0,240.0,230.0,234.0,0.0,10312,2416163.0
2014-12-03,227.0,239.0,230.0,231.0,0.0,8896,2102075.0
2014-12-02,228.0,229.0,224.0,227.0,0.0,6978,1580776.0
2014-12-01,231.0,235.0,226.0,228.0,0.0,4682,1067627.0
2014-11-30,240.0,236.0,229.0,231.0,0.0,4872,1128205.0
2014-11-25,241.0,244.0,234.0,240.0,0.0,11421,2726543.0
2014-11-24,241.0,245.0,240.0,241.0,0.0,10454,2526302.0
2014-11-23,241.0,253.0,238.0,241.0,0.0,9177,2287578.0
2014-11-20,238.0,252.0,239.0,241.0,0.0,12065,2959411.0
2014-11-19,232.0,242.0,228.0,238.0,0.0,11142,2630429.0
2014-11-18,257.0,252.0,232.0,232.0,0.0,39685,9476566.0
2014-11-17,260.0,265.0,250.0,257.0,0.0,26586,6715056.0
2014-11-16,266.0,269.0,257.0,260.0,0.0,9588,2502334.0
2014-11-13,269.0,271.0,256.0,266.0,0.0,2645,701810.0
2014-11-12,272.0,271.0,267.0,269.0,0.0,2725,732452.0
2014-11-11,264.0,276.0,255.0,272.0,0.0,7222,1935640.0
2014-11-10,267.0,270.0,260.0,264.0,0.0,9169,2404102.0
2014-11-09,273.0,274.0,266.0,267.0,0.0,10777,2899413.0
2014-11-06,273.0,277.0,270.0,273.0,0.0,4187,1142183.0
2014-11-05,274.0,276.0,265.0,273.0,0.0,7304,1971697.0
2014-11-04,274.0,274.0,265.0,274.0,0.0,13184,3531237.0
2014-11-03,280.0,279.0,274.0,274.0,0.0,11572,3191079.0
2014-11-02,283.0,285.0,280.0,280.0,0.0,5428,1528887.0
2014-10-30,282.0,291.0,281.0,283.0,0.0,4874,1377352.0
2014-10-28,282.0,290.0,280.0,282.0,0.0,10822,3067093.0
2014-10-27,285.0,286.0,281.0,282.0,0.0,6237,1771769.0
2014-10-26,287.0,291.0,285.0,285.0,0.0,6099,1743177.0
2014-10-22,284.0,287.0,281.0,287.0,0.0,4222,1195661.0
2014-10-21,282.0,287.0,279.0,284.0,0.0,17650,4955288.0
2014-10-20,290.0,289.0,280.0,282.0,0.0,4472,1272460.0
2014-10-19,290.0,294.0,285.0,290.0,0.0,4873,1406525.0
2014-10-16,290.0,295.0,286.0,290.0,0.0,8580,2494496.0
2014-10-15,285.0,290.0,282.0,290.0,0.0,15937,4544196.0
2014-10-14,282.0,291.0,278.0,285.0,0.0,5702,1607265.0
2014-10-13,281.0,286.0,272.0,282.0,0.0,9328,2627393.0
2014-10-12,291.0,295.0,281.0,281.0,0.0,11265,3232071.0
2014-10-09,290.0,293.0,281.0,291.0,0.0,2949,842274.0
2014-10-08,295.0,290.0,288.0,290.0,0.0,658,190658.0
2014-09-30,297.0,301.0,291.0,295.0,0.0,9630,2844176.0
2014-09-29,295.0,302.0,295.0,297.0,0.0,20250,6075678.0
2014-09-28,288.0,297.0,290.0,295.0,0.0,4780,1402680.0
2014-09-24,290.0,291.0,285.0,288.0,0.0,7711,2224054.0
2014-09-23,281.0,290.0,276.0,290.0,0.0,6111,1745030.0
2014-09-22,283.0,288.0,275.0,281.0,0.0,18575,5188461.0
2014-09-21,290.0,286.0,273.0,283.0,0.0,14993,4152708.0
2014-09-18,295.0,290.0,281.0,290.0,0.0,12932,3693456.0
2014-09-17,297.0,302.0,285.0,295.0,0.0,14608,4256272.0
2014-09-16,291.0,299.0,289.0,297.0,0.0,18745,5504014.0
2014-09-15,288.0,296.0,290.0,291.0,0.0,13377,3901506.0
2014-09-14,295.0,300.0,286.0,288.0,0.0,11292,3286875.0
2014-09-11,295.0,301.0,282.0,295.0,0.0,14906,4382047.0
2014-09-10,305.0,313.0,290.0,295.0,0.0,37766,11298274.0
2014-09-09,278.0,305.0,280.0,305.0,0.0,32855,9808887.0
2014-09-07,292.0,287.0,275.0,278.0,0.0,33548,9316352.0
2014-09-04,302.0,302.0,291.0,292.0,0.0,22296,6564388.0
2014-09-03,308.0,320.0,302.0,302.0,0.0,19039,5844237.0
2014-09-01,306.0,308.0,296.0,308.0,0.0,30731,9248065.0
2014-08-31,313.0,312.0,300.0,306.0,0.0,32170,9724850.0
2014-08-28,314.0,328.0,308.0,313.0,0.0,33989,10754754.0
2014-08-27,301.0,320.0,300.0,314.0,0.0,43558,13626302.0
2014-08-26,307.0,327.0,297.0,301.0,0.0,41070,12575520.0
2014-08-25,320.0,315.0,300.0,307.0,0.0,21508,6515929.0
2014-08-24,326.0,328.0,314.0,320.0,0.0,19164,6135695.0
2014-08-21,317.0,328.0,301.0,326.0,0.0,40089,12687964.0
2014-08-20,329.0,330.0,317.0,317.0,0.0,14839,4783942.0
2014-08-19,330.0,337.0,328.0,329.0,0.0,18206,6037428.0
2014-08-18,338.0,342.0,324.0,330.0,0.0,31105,10363088.0
2014-08-14,340.0,346.0,332.0,338.0,0.0,11704,3933840.0
2014-08-13,334.0,346.0,329.0,340.0,0.0,42507,14269822.0
2014-08-12,351.0,350.0,330.0,334.0,0.0,18581,6213471.0
2014-08-07,345.0,351.0,333.0,351.0,0.0,21728,7363443.0
2014-08-06,350.0,355.0,341.0,345.0,0.0,33002,11457213.0
2014-08-05,343.0,359.0,345.0,350.0,0.0,35458,12387420.0
2014-08-04,347.0,352.0,335.0,343.0,0.0,28220,9683114.0
2014-08-03,355.0,357.0,347.0,347.0,0.0,29268,10281101.0
2014-07-31,345.0,366.0,348.0,355.0,0.0,82761,29389360.0
2014-07-30,354.0,361.0,345.0,345.0,0.0,93685,33037798.0
2014-07-28,348.0,354.0,345.0,354.0,0.0,46114,16097015.0
2014-07-27,345.0,355.0,340.0,348.0,0.0,36168,12626997.0
2014-07-24,346.0,352.0,334.0,345.0,0.0,53323,18515496.0
2014-07-23,343.0,350.0,338.0,346.0,0.0,46733,16167141.0
2014-07-22,350.0,351.0,336.0,343.0,0.0,33900,11576020.0
2014-07-21,348.0,360.0,345.0,350.0,0.0,80266,28093320.0
2014-07-20,340.0,358.0,340.0,348.0,0.0,59696,20644808.0
2014-07-17,330.0,341.0,330.0,340.0,0.0,75245,25265392.0
2014-07-16,336.0,338.0,330.0,330.0,0.0,36637,12188470.0
2014-07-15,333.0,336.0,325.0,336.0,0.0,29694,9760928.0
2014-07-14,337.0,340.0,330.0,333.0,0.0,41716,13948640.0
2014-07-13,332.0,357.0,330.0,337.0,0.0,95264,32189428.0
2014-07-10,330.0,332.0,320.0,332.0,0.0,57807,18831008.0
2014-07-09,328.0,331.0,324.0,330.0,0.0,23206,7588269.0
2014-07-08,327.0,333.0,324.0,328.0,0.0,66103,21706346.0
2014-07-07,317.0,336.0,311.0,327.0,0.0,91341,29673836.0
2014-07-06,295.0,320.0,289.0,317.0,0.0,147273,45435612.0
2014-07-03,294.0,299.0,293.0,295.0,0.0,28962,8564934.0
2014-07-02,288.0,300.0,290.0,294.0,0.0,45076,13244718.0
2014-07-01,294.0,296.0,285.0,288.0,0.0,48332,13996642.0
2014-06-30,293.0,294.0,287.0,294.0,0.0,25879,7498983.0
2014-06-29,296.0,299.0,290.0,293.0,0.0,27797,8172545.0
2014-06-26,293.0,296.0,281.0,296.0,0.0,42729,12353874.0
2014-06-25,293.0,298.0,290.0,293.0,0.0,25562,7482859.0
2014-06-24,287.0,299.0,281.0,293.0,0.0,29726,8667299.0
2014-06-23,294.0,294.0,280.0,287.0,0.0,28089,7987667.0
2014-06-19,294.0,295.0,286.0,294.0,0.0,42586,12326901.0
2014-06-18,300.0,302.0,294.0,294.0,0.0,22259,6648498.0
2014-06-17,301.0,305.0,286.0,300.0,0.0,77812,23237320.0
2014-06-16,294.0,310.0,290.0,301.0,0.0,98527,29856462.0
2014-06-15,278.0,300.0,278.0,294.0,0.0,87241,25274384.0
2014-06-12,274.0,280.0,269.0,278.0,0.0,68372,18813030.0
2014-06-11,266.0,278.0,256.0,274.0,0.0,158633,42722888.0
2014-06-10,268.0,271.0,263.0,266.0,0.0,62475,16661059.0
2014-06-09,270.0,275.0,265.0,268.0,0.0,21502,5772759.0
2014-06-08,271.0,275.0,270.0,270.0,0.0,36400,9868058.0
2014-06-05,274.0,275.0,269.0,271.0,0.0,30049,8143189.0
2014-06-04,272.0,277.0,273.0,274.0,0.0,48357,13264816.0
2014-06-03,266.0,280.0,267.0,272.0,0.0,69059,18796700.0
2014-06-02,265.0,270.0,263.0,266.0,0.0,65881,17511244.0
2014-06-01,261.0,268.0,261.0,265.0,0.0,51159,13513604.0
2014-05-28,264.0,266.0,261.0,261.0,0.0,42140,11086209.0
2014-05-27,262.0,266.0,258.0,264.0,0.0,64221,16767985.0
2014-05-26,259.0,266.0,256.0,262.0,0.0,75281,19630056.0
2014-05-25,251.0,260.0,250.0,259.0,0.0,93322,23629532.0
2014-05-22,250.0,255.0,249.0,251.0,0.0,41531,10460793.0
2014-05-21,249.0,252.0,245.0,250.0,0.0,64346,15907282.0
2014-05-20,252.0,250.0,244.0,249.0,0.0,68529,16917108.0
2014-05-19,250.0,252.0,246.0,252.0,0.0,71693,17841126.0
2014-05-18,257.0,260.0,247.0,250.0,0.0,64603,16270495.0
2014-05-15,251.0,266.0,245.0,257.0,0.0,249461,63496936.0
2014-05-13,229.0,251.0,233.0,251.0,0.0,100464,25211312.0
2014-05-12,209.0,229.0,213.0,229.0,0.0,260,57900.0
2014-05-11,190.0,209.0,193.0,209.0,0.0,60,12050.0
2014-05-08,181.0,190.0,184.0,190.0,0.0,188,35108.0
2014-05-07,166.0,181.0,169.0,181.0,0.0,67,11734.0
2014-05-06,151.0,166.0,154.0,166.0,0.0,50,8000.0
2014-05-05,138.0,151.0,140.0,151.0,0.0,130,19170.0
2013-10-07,136.0,139.0,134.0,138.0,0.0,9010,1241687.0
2013-10-06,135.0,138.0,135.0,136.0,0.0,5684,773166.0
2013-10-03,139.0,138.0,133.0,135.0,0.0,13983,1897233.0
2013-10-02,139.0,139.0,137.0,139.0,0.0,7286,1002072.0
2013-10-01,138.0,139.0,138.0,139.0,0.0,5472,756476.0
2013-09-30,138.0,140.0,135.0,138.0,0.0,16925,2306934.0
2013-09-29,139.0,140.0,138.0,138.0,0.0,5138,710626.0
2013-09-26,140.0,140.0,138.0,139.0,0.0,2043,284304.0
2013-09-25,140.0,141.0,138.0,140.0,0.0,3917,545795.0
2013-09-24,138.0,141.0,138.0,140.0,0.0,5060,706845.0
2013-09-23,139.0,140.0,138.0,138.0,0.0,9544,1320395.0
2013-09-22,141.0,141.0,138.0,139.0,0.0,21006,2938736.0
2013-09-19,141.0,141.0,140.0,141.0,0.0,32911,4615140.0
2013-09-17,142.0,144.0,141.0,141.0,0.0,5347,759142.0
2013-09-16,141.0,143.0,138.0,142.0,0.0,10970,1531687.0
2013-09-15,140.0,143.0,138.0,141.0,0.0,21258,2957689.0
2013-09-12,138.0,140.0,138.0,140.0,0.0,21859,3034498.0
2013-09-11,141.0,141.0,136.0,138.0,0.0,16619,2294629.0
2013-09-10,141.0,141.0,139.0,141.0,0.0,6625,925033.0
2013-09-09,140.0,142.0,140.0,141.0,0.0,16359,2293346.0
2013-09-08,140.0,142.0,140.0,140.0,0.0,5657,792768.0
2013-09-05,140.0,143.0,140.0,140.0,0.0,12432,1749378.0
2013-09-04,141.0,142.0,140.0,140.0,0.0,20114,2825341.0
2013-09-03,142.0,143.0,140.0,141.0,0.0,14933,2109021.0
2013-09-02,143.0,144.0,142.0,142.0,0.0,11982,1706032.0
2013-09-01,143.0,144.0,142.0,143.0,0.0,8439,1207642.0
2013-08-29,146.0,145.0,142.0,143.0,0.0,12315,1770737.0
2013-08-27,144.0,146.0,144.0,146.0,0.0,18457,2668614.0
2013-08-26,145.0,146.0,143.0,144.0,0.0,6124,883869.0
2013-08-25,146.0,147.0,145.0,145.0,0.0,19948,2903247.0
2013-08-20,144.0,148.0,143.0,146.0,0.0,11614,1695306.0
2013-08-19,144.0,147.0,144.0,144.0,0.0,15496,2242951.0
2013-08-18,144.0,146.0,143.0,144.0,0.0,9424,1365838.0
2013-08-15,144.0,145.0,144.0,144.0,0.0,3492,506205.0
2013-08-14,142.0,146.0,142.0,144.0,0.0,14135,2025268.0
2013-08-13,140.0,144.0,140.0,142.0,0.0,12695,1811521.0
2013-08-12,147.0,146.0,140.0,140.0,0.0,5847,841801.0
2013-08-11,148.0,150.0,145.0,147.0,0.0,8583,1270404.0
2013-08-08,143.0,148.0,141.0,148.0,0.0,18922,2709760.0
2013-08-07,144.0,146.0,143.0,143.0,0.0,9288,1336380.0
2013-08-06,144.0,147.0,141.0,144.0,0.0,17615,2528923.0
2013-08-05,146.0,147.0,144.0,144.0,0.0,8364,1209135.0
2013-08-04,146.0,148.0,144.0,146.0,0.0,12972,1885046.0
2013-08-01,147.0,148.0,145.0,146.0,0.0,10142,1485684.0
2013-07-31,147.0,148.0,146.0,147.0,0.0,12269,1799983.0
2013-07-30,146.0,148.0,144.0,147.0,0.0,12040,1751780.0
2013-07-29,147.0,148.0,144.0,146.0,0.0,8532,1243619.0
2013-07-28,147.0,147.0,145.0,147.0,0.0,8012,1166369.0
2013-07-25,149.0,149.0,145.0,147.0,0.0,5653,829407.0
2013-07-24,149.0,151.0,147.0,149.0,0.0,5372,793388.0
2013-07-23,149.0,150.0,147.0,149.0,0.0,5226,774887.0
2013-07-22,152.0,153.0,148.0,149.0,0.0,5976,898841.0
2013-07-21,149.0,156.0,150.0,152.0,0.0,8121,1230257.0
2013-07-18,147.0,150.0,148.0,149.0,0.0,7412,1106412.0
2013-07-17,147.0,149.0,146.0,147.0,0.0,2430,358628.0
2013-07-16,149.0,150.0,147.0,147.0,0.0,2228,330860.0
2013-07-15,148.0,150.0,145.0,149.0,0.0,6940,1022058.0
2013-07-14,149.0,150.0,148.0,148.0,0.0,1238,184259.0
2013-07-11,151.0,151.0,149.0,149.0,0.0,482,72044.0
2013-07-10,149.0,152.0,148.0,151.0,0.0,4115,618792.0
2013-07-09,149.0,151.0,147.0,149.0,0.0,12422,1851063.0
2013-07-08,148.0,150.0,147.0,149.0,0.0,16983,2516109.0
2013-07-07,144.0,148.0,143.0,148.0,0.0,5469,793101.0
2013-07-04,144.0,146.0,142.0,144.0,0.0,3009,429829.0
2013-07-03,143.0,144.0,141.0,144.0,0.0,60310,8532682.0
2013-07-02,144.0,144.0,143.0,143.0,0.0,14191,2029821.0
2013-07-01,146.0,146.0,144.0,144.0,0.0,6760,977894.0
2013-06-30,147.0,147.0,145.0,146.0,0.0,8262,1203593.0
2013-06-27,149.0,149.0,146.0,147.0,0.0,2875,422918.0
2013-06-26,148.0,151.0,147.0,149.0,0.0,3406,507780.0
2013-06-25,145.0,149.0,145.0,148.0,0.0,7523,1105972.0
2013-06-24,145.0,146.0,142.0,145.0,0.0,8305,1192712.0
2013-06-23,147.0,147.0,143.0,145.0,0.0,10805,1562968.0
2013-06-20,145.0,148.0,145.0,147.0,0.0,5263,769363.0
2013-06-19,147.0,149.0,145.0,145.0,0.0,11256,1648142.0
2013-06-18,148.0,150.0,147.0,147.0,0.0,10374,1531919.0
2013-06-17,149.0,149.0,145.0,148.0,0.0,11738,1735333.0
2013-06-16,149.0,150.0,149.0,149.0,0.0,1853,276707.0
2013-06-13,149.0,149.0,148.0,149.0,0.0,17988,2678883.0
2013-06-12,149.0,150.0,148.0,149.0,0.0,5222,777201.0
2013-06-11,151.0,153.0,149.0,149.0,0.0,5966,894740.0
2013-06-10,150.0,151.0,149.0,151.0,0.0,5359,803180.0
2013-06-09,155.0,153.0,150.0,150.0,0.0,10202,1536374.0
2013-06-06,150.0,155.0,150.0,155.0,0.0,6722,1015396.0
2013-06-05,149.0,150.0,147.0,150.0,0.0,67545,9974253.0
2013-06-04,149.0,150.0,148.0,149.0,0.0,3457,515199.0
2013-06-03,149.0,150.0,148.0,149.0,0.0,21090,3143645.0
2013-06-02,150.0,152.0,148.0,149.0,0.0,8389,1249773.0
2013-05-30,150.0,151.0,150.0,150.0,0.0,14056,2111471.0
2013-05-28,153.0,153.0,150.0,150.0,0.0,10156,1538339.0
2013-05-27,151.0,153.0,150.0,153.0,0.0,13694,2066909.0
2013-05-26,150.0,152.0,150.0,151.0,0.0,17544,2632836.0
2013-05-23,151.0,150.0,149.0,150.0,0.0,3517,524616.0
2013-05-22,152.0,152.0,150.0,151.0,0.0,5816,878216.0
2013-05-21,152.0,152.0,150.0,152.0,0.0,19123,2890121.0
2013-05-20,150.0,152.0,151.0,152.0,0.0,6540,988112.0
2013-05-19,153.0,154.0,150.0,150.0,0.0,16083,2429913.0
2013-05-16,153.0,153.0,150.0,153.0,0.0,3589,546312.0
2013-05-15,153.0,155.0,150.0,153.0,0.0,10634,1628681.0
2013-05-14,152.0,153.0,150.0,153.0,0.0,5946,905946.0
2013-05-13,149.0,153.0,148.0,152.0,0.0,10293,1550537.0
2013-05-12,151.0,154.0,149.0,149.0,0.0,8393,1257801.0
2013-05-09,152.0,154.0,151.0,151.0,0.0,7733,1173676.0
2013-05-08,152.0,154.0,150.0,152.0,0.0,19052,2892532.0
2013-05-07,148.0,154.0,148.0,152.0,0.0,13748,2086678.0
2013-05-06,151.0,151.0,147.0,148.0,0.0,16674,2469273.0
2013-05-05,151.0,155.0,148.0,151.0,0.0,15382,2305779.0
2013-05-02,153.0,153.0,149.0,151.0,0.0,11957,1801043.0
2013-04-30,155.0,154.0,151.0,153.0,0.0,13591,2074667.0
2013-04-29,154.0,156.0,151.0,155.0,0.0,12805,1963285.0
2013-04-28,156.0,156.0,153.0,154.0,0.0,14562,2247419.0
2013-04-25,156.0,157.0,155.0,156.0,0.0,9675,1506925.0
2013-04-23,157.0,159.0,155.0,156.0,0.0,12834,2015793.0
2013-04-22,155.0,157.0,152.0,157.0,0.0,18922,2889171.0
2013-04-21,157.0,158.0,154.0,155.0,0.0,22749,3539113.0
2013-04-18,160.0,161.0,157.0,157.0,0.0,37775,5984461.0
2013-04-17,161.0,160.0,158.0,160.0,0.0,22719,3628596.0
2013-04-16,164.0,163.0,159.0,161.0,0.0,31011,4972875.0
2013-04-15,161.0,164.0,161.0,164.0,0.0,27472,4450179.0
2013-04-11,160.0,164.0,159.0,161.0,0.0,39806,6402410.0
2013-04-09,159.0,161.0,158.0,160.0,0.0,57708,9149963.0
2013-04-08,159.0,160.0,158.0,159.0,0.0,20470,3247306.0
2013-04-07,158.0,159.0,156.0,159.0,0.0,39573,6215901.0
2013-04-04,157.0,160.0,156.0,158.0,0.0,16222,2556088.0
2013-04-03,158.0,160.0,155.0,157.0,0.0,36884,5798232.0
2013-04-02,158.0,160.0,152.0,158.0,0.0,26882,4202183.0
2013-04-01,156.0,158.0,151.0,158.0,0.0,25894,4016497.0
2013-03-31,159.0,158.0,154.0,156.0,0.0,43059,6694879.0
2013-03-28,160.0,160.0,156.0,159.0,0.0,26692,4208203.0
2013-03-27,160.0,161.0,157.0,160.0,0.0,17897,2826690.0
2013-03-25,158.0,164.0,156.0,160.0,0.0,36554,5801962.0
2013-03-24,162.0,162.0,158.0,158.0,0.0,29316,4661660.0
2013-03-21,162.0,165.0,160.0,162.0,0.0,20623,3347061.0
2013-03-20,164.0,166.0,162.0,162.0,0.0,32124,5257141.0
2013-03-19,166.0,167.0,163.0,164.0,0.0,35073,5794325.0
2013-03-18,170.0,169.0,163.0,166.0,0.0,40598,6683611.0
2013-03-17,170.0,171.0,164.0,170.0,0.0,30551,5108359.0
2013-03-14,170.0,179.0,170.0,170.0,0.0,52081,8954910.0
2013-03-13,170.0,173.0,169.0,170.0,0.0,54094,9211111.0
2013-03-11,168.0,173.0,166.0,170.0,0.0,37709,6394639.0
2013-03-07,170.0,169.0,166.0,168.0,0.0,30932,5196527.0
2013-03-06,167.0,171.0,164.0,170.0,0.0,34344,5749546.0
2013-03-05,168.0,170.0,162.0,167.0,0.0,43648,7182993.0
2013-03-04,171.0,174.0,166.0,168.0,0.0,130359,22072090.0
2013-03-03,0.0,174.0,150.0,171.0,0.0,223490,37612288.0
