open,high,low,close,percent_change,turnover,date
524.03,524.03,524.03,524.03,0.9,0.0,2011-03-20
540.47,540.47,540.47,540.47,-0.43,0.0,2011-03-25
538.12,538.12,538.12,538.12,-0.43,0.0,2011-03-27
528.73,528.73,528.73,528.73,-1.75,0.0,2011-03-28
522.85,522.85,522.85,522.85,-1.11,0.0,2011-03-29
524.03,524.03,524.03,524.03,1.36,0.0,2011-03-30
534.6,534.6,534.6,534.6,0.0,0.0,2011-04-04
535.77,535.77,535.77,535.77,0.22,0.0,2011-04-05
540.47,540.47,540.47,540.47,0.0,0.0,2011-04-07
540.47,540.47,540.47,540.47,0.0,0.0,2011-04-10
539.3,539.3,539.3,539.3,-0.43,0.0,2011-04-11
552.22,552.22,552.22,552.22,2.4,0.0,2011-04-13
547.52,547.52,547.52,547.52,-1.69,0.0,2011-04-20
511.11,511.11,511.11,511.11,-5.43,0.0,2011-04-27
501.71,501.71,501.71,501.71,0.71,0.0,2011-04-28
478.22,478.22,478.22,478.22,-3.09,0.0,2011-05-02
468.82,468.82,468.82,468.82,-3.62,0.0,2011-05-03
477.04,477.04,477.04,477.04,1.75,0.0,2011-05-04
472.34,472.34,472.34,472.34,-0.98,0.0,2011-05-05
477.04,477.04,477.04,477.04,1.0,0.0,2011-05-08
477.04,477.04,477.04,477.04,0.0,0.0,2011-05-10
475.87,475.87,475.87,475.87,-0.25,0.0,2011-05-11
479.39,479.39,479.39,479.39,0.49,0.0,2011-05-12
477.04,477.04,477.04,477.04,-0.49,0.0,2011-05-15
475.87,475.87,475.87,475.87,-0.25,0.0,2011-05-16
477.04,477.04,477.04,477.04,0.25,0.0,2011-05-18
474.69,474.69,474.69,474.69,-0.49,0.0,2011-05-19
473.52,473.52,473.52,473.52,-0.25,0.0,2011-05-22
469.99,469.99,469.99,469.99,-0.74,0.0,2011-05-23
468.82,468.82,468.82,468.82,-0.99,0.0,2011-05-24
468.82,468.82,468.82,468.82,0.0,0.0,2011-05-25
486.44,486.44,486.44,486.44,3.76,0.0,2011-05-26
472.34,472.34,472.34,472.34,-2.9,0.0,2011-05-30
464.12,464.12,464.12,464.12,-1.74,0.0,2011-05-31
468.82,468.82,468.82,468.82,1.01,0.0,2011-06-01
468.82,468.82,468.82,468.82,0.0,0.0,2011-06-02
458.25,458.25,458.25,458.25,-2.25,0.0,2011-06-05
452.37,452.37,452.37,452.37,-1.28,0.0,2011-06-06
446.5,446.5,446.5,446.5,-1.3,0.0,2011-06-07
434.76,434.76,434.76,434.76,-2.63,0.0,2011-06-08
434.76,434.76,434.76,434.76,0.0,0.0,2011-06-09
430.06,430.06,430.06,430.06,-2.92,0.0,2011-06-12
442.98,442.98,442.98,442.98,3.0,0.0,2011-06-13
444.15,444.15,444.15,444.15,0.26,0.0,2011-06-14
441.8,441.8,441.8,441.8,-0.53,0.0,2011-06-15
460.6,460.6,460.6,460.6,4.25,0.0,2011-06-16
487.61,487.61,487.61,487.61,-0.48,0.0,2011-06-20
493.49,493.49,493.49,493.49,1.21,0.0,2011-06-21
521.68,521.68,521.68,521.68,5.71,0.0,2011-06-23
472.34,472.34,472.34,472.34,-9.86,0.0,2011-06-26
447.68,447.68,447.68,447.68,-5.22,0.0,2011-06-27
452.37,452.37,452.37,452.37,1.05,0.0,2011-06-29
486.44,486.44,486.44,486.44,7.53,0.0,2011-06-30
469.99,469.99,469.99,469.99,-3.38,0.0,2011-07-03
475.87,475.87,475.87,475.87,1.25,0.0,2011-07-04
486.44,486.44,486.44,486.44,2.22,0.0,2011-07-05
493.49,493.49,493.49,493.49,-0.24,0.0,2011-07-06
469.99,469.99,469.99,469.99,-4.76,0.0,2011-07-07
485.26,485.26,485.26,485.26,1.97,0.0,2011-07-10
469.99,469.99,469.99,469.99,-3.15,0.0,2011-07-11
487.61,487.61,487.61,487.61,3.75,0.0,2011-07-12
485.26,485.26,485.26,485.26,-0.48,0.0,2011-07-13
492.31,492.31,492.31,492.31,1.45,0.0,2011-07-14
511.11,511.11,511.11,511.11,3.82,0.0,2011-07-17
499.36,499.36,499.36,499.36,-2.3,0.0,2011-07-18
499.36,499.36,499.36,499.36,0.0,0.0,2011-07-19
515.8,515.8,515.8,515.8,3.29,0.0,2011-07-20
501.71,501.71,501.71,501.71,-2.73,0.0,2011-07-21
487.61,487.61,487.61,487.61,-2.81,0.0,2011-07-24
487.61,487.61,487.61,487.61,0.0,0.0,2011-07-25
487.61,487.61,487.61,487.61,0.0,0.0,2011-07-26
491.14,491.14,491.14,491.14,0.72,0.0,2011-07-27
485.26,485.26,485.26,485.26,-1.67,0.0,2011-07-28
489.96,489.96,489.96,489.96,-0.95,0.0,2011-07-31
487.61,487.61,487.61,487.61,-0.48,0.0,2011-08-01
487.61,487.61,487.61,487.61,0.0,0.0,2011-08-02
486.44,486.44,486.44,486.44,-0.24,0.0,2011-08-03
498.19,498.19,498.19,498.19,2.41,0.0,2011-08-04
479.39,479.39,479.39,479.39,-3.77,0.0,2011-08-07
481.74,481.74,481.74,481.74,0.49,0.0,2011-08-08
475.87,475.87,475.87,475.87,-2.17,0.0,2011-08-09
481.74,481.74,481.74,481.74,1.23,0.0,2011-08-10
481.74,481.74,481.74,481.74,0.0,0.0,2011-08-11
479.39,479.39,479.39,479.39,-0.49,0.0,2011-08-15
487.61,487.61,487.61,487.61,1.22,0.0,2011-08-16
481.74,481.74,481.74,481.74,-1.2,0.0,2011-08-17
487.61,487.61,487.61,487.61,1.22,0.0,2011-08-18
480.57,480.57,480.57,480.57,0.25,0.0,2011-08-22
481.74,481.74,481.74,481.74,0.24,0.0,2011-08-23
484.09,484.09,484.09,484.09,0.49,0.0,2011-08-24
481.74,481.74,481.74,481.74,-0.49,0.0,2011-08-25
475.87,475.87,475.87,475.87,-1.22,0.0,2011-08-28
481.74,481.74,481.74,481.74,1.23,0.0,2011-08-29
481.74,481.74,481.74,481.74,-0.73,0.0,2011-08-30
493.49,493.49,493.49,493.49,2.44,0.0,2011-09-01
492.31,492.31,492.31,492.31,-0.24,0.0,2011-09-04
488.79,488.79,488.79,488.79,1.22,0.0,2011-09-05
482.92,482.92,482.92,482.92,-1.2,0.0,2011-09-06
482.92,482.92,482.92,482.92,0.0,0.0,2011-09-07
482.92,482.92,482.92,482.92,0.0,0.0,2011-09-08
480.57,480.57,480.57,480.57,-0.49,0.0,2011-09-12
478.22,478.22,478.22,478.22,-0.49,0.0,2011-09-13
472.34,472.34,472.34,472.34,-1.23,0.0,2011-09-14
475.87,475.87,475.87,475.87,0.0,0.0,2011-09-15
472.34,472.34,472.34,472.34,-0.74,0.0,2011-09-18
469.99,469.99,469.99,469.99,-0.5,0.0,2011-09-19
472.34,472.34,472.34,472.34,0.5,0.0,2011-09-20
481.74,481.74,481.74,481.74,1.99,0.0,2011-09-21
481.74,481.74,481.74,481.74,0.0,0.0,2011-09-22
487.61,487.61,487.61,487.61,2.72,0.0,2011-09-25
492.31,492.31,492.31,492.31,0.96,0.0,2011-09-26
487.61,487.61,487.61,487.61,-0.95,0.0,2011-09-27
487.61,487.61,487.61,487.61,0.0,0.0,2011-09-29
486.44,486.44,486.44,486.44,1.72,0.0,2011-10-10
488.79,488.79,488.79,488.79,0.48,0.0,2011-10-12
482.92,482.92,482.92,482.92,-1.2,0.0,2011-10-13
482.92,482.92,482.92,482.92,0.0,0.0,2011-10-16
486.44,486.44,486.44,486.44,0.73,0.0,2011-10-17
485.26,485.26,485.26,485.26,-0.24,0.0,2011-10-20
491.14,491.14,491.14,491.14,1.21,0.0,2011-10-23
482.92,482.92,482.92,482.92,0.24,0.0,2011-10-24
486.44,486.44,486.44,486.44,0.73,0.0,2011-10-25
489.96,489.96,489.96,489.96,-0.24,0.0,2011-10-30
493.49,493.49,493.49,493.49,0.72,0.0,2011-10-31
512.28,512.28,512.28,512.28,3.81,0.0,2011-11-02
512.28,512.28,512.28,512.28,0.0,0.0,2011-11-03
493.49,493.49,493.49,493.49,-3.67,0.0,2011-11-06
487.61,487.61,487.61,487.61,-1.42,0.0,2011-11-08
493.49,493.49,493.49,493.49,1.21,0.0,2011-11-09
489.96,489.96,489.96,489.96,-0.71,0.0,2011-11-10
493.49,493.49,493.49,493.49,0.72,0.0,2011-11-13
506.41,506.41,506.41,506.41,2.86,0.0,2011-11-14
491.14,491.14,491.14,491.14,-3.02,0.0,2011-11-15
493.49,493.49,493.49,493.49,0.48,0.0,2011-11-16
504.06,504.06,504.06,504.06,2.14,0.0,2011-11-17
499.36,499.36,499.36,499.36,-0.93,0.0,2011-11-20
505.23,505.23,505.23,505.23,0.0,0.0,2011-11-21
505.23,505.23,505.23,505.23,0.0,0.0,2011-11-22
494.66,494.66,494.66,494.66,-2.09,0.0,2011-11-23
494.66,494.66,494.66,494.66,0.0,0.0,2011-11-24
493.49,493.49,493.49,493.49,-0.24,0.0,2011-11-27
493.49,493.49,493.49,493.49,0.0,0.0,2011-11-28
494.66,494.66,494.66,494.66,-0.94,0.0,2011-12-01
495.84,495.84,495.84,495.84,0.24,0.0,2011-12-04
492.31,492.31,492.31,492.31,-0.71,0.0,2011-12-05
494.66,494.66,494.66,494.66,0.48,0.0,2011-12-06
499.36,499.36,499.36,499.36,0.95,0.0,2011-12-07
502.88,502.88,502.88,502.88,0.71,0.0,2011-12-08
499.36,499.36,499.36,499.36,-0.7,0.0,2011-12-11
499.36,499.36,499.36,499.36,0.0,0.0,2011-12-12
492.31,492.31,492.31,492.31,-1.41,0.0,2011-12-13
499.36,499.36,499.36,499.36,1.43,0.0,2011-12-14
499.36,499.36,499.36,499.36,0.0,0.0,2011-12-15
494.66,494.66,494.66,494.66,-0.94,0.0,2011-12-18
493.49,493.49,493.49,493.49,-0.24,0.0,2011-12-20
493.49,493.49,493.49,493.49,0.0,0.0,2011-12-21
494.66,494.66,494.66,494.66,0.24,0.0,2011-12-27
497.01,497.01,497.01,497.01,0.48,0.0,2011-12-28
495.84,495.84,495.84,495.84,-0.23,0.0,2011-12-29
501.71,501.71,501.71,501.71,1.18,0.0,2012-01-01
512.28,512.28,512.28,512.28,2.11,0.0,2012-01-02
506.41,506.41,506.41,506.41,-1.15,0.0,2012-01-03
506.41,506.41,506.41,506.41,-0.92,0.0,2012-01-04
511.11,511.11,511.11,511.11,2.35,0.0,2012-01-05
504.06,504.06,504.06,504.06,-1.38,0.0,2012-01-08
505.23,505.23,505.23,505.23,0.7,0.0,2012-01-09
514.63,514.63,514.63,514.63,1.86,0.0,2012-01-10
515.8,515.8,515.8,515.8,0.23,0.0,2012-01-11
515.8,515.8,515.8,515.8,0.0,0.0,2012-01-12
516.98,516.98,516.98,516.98,-1.79,0.0,2012-01-18
514.63,514.63,514.63,514.63,-0.45,0.0,2012-01-19
521.68,521.68,521.68,521.68,1.37,0.0,2012-01-22
513.46,513.46,513.46,513.46,-1.57,0.0,2012-01-23
512.28,512.28,512.28,512.28,-0.23,0.0,2012-01-25
512.28,512.28,512.28,512.28,0.0,0.0,2012-01-26
512.28,512.28,512.28,512.28,0.0,0.0,2012-01-29
512.28,512.28,512.28,512.28,0.0,0.0,2012-01-31
515.8,515.8,515.8,515.8,0.69,0.0,2012-02-01
514.63,514.63,514.63,514.63,-0.22,0.0,2012-02-02
511.11,511.11,511.11,511.11,-0.68,0.0,2012-02-05
508.76,508.76,508.76,508.76,-0.46,0.0,2012-02-06
508.76,508.76,508.76,508.76,0.0,0.0,2012-02-07
509.93,509.93,509.93,509.93,0.23,0.0,2012-02-08
511.11,511.11,511.11,511.11,0.23,0.0,2012-02-09
508.76,508.76,508.76,508.76,-0.46,0.0,2012-02-12
511.11,511.11,511.11,511.11,0.46,0.0,2012-02-13
511.11,511.11,511.11,511.11,0.0,0.0,2012-02-14
512.28,512.28,512.28,512.28,0.23,0.0,2012-02-15
518.15,518.15,518.15,518.15,1.15,0.0,2012-02-16
518.15,518.15,518.15,518.15,0.0,0.0,2012-02-21
522.85,522.85,522.85,522.85,0.91,0.0,2012-02-23
521.68,521.68,521.68,521.68,-0.22,0.0,2012-02-26
522.85,522.85,522.85,522.85,0.22,0.0,2012-02-27
525.2,525.2,525.2,525.2,0.45,0.0,2012-02-28
527.55,527.55,527.55,527.55,0.45,0.0,2012-02-29
531.07,531.07,531.07,531.07,0.67,0.0,2012-03-01
528.73,528.73,528.73,528.73,-0.44,0.0,2012-03-04
526.38,526.38,526.38,526.38,0.22,0.0,2012-03-05
525.2,525.2,525.2,525.2,-0.22,0.0,2012-03-06
531.07,531.07,531.07,531.07,1.12,0.0,2012-03-11
527.55,527.55,527.55,527.55,-0.66,0.0,2012-03-12
528.73,528.73,528.73,528.73,0.22,0.0,2012-03-13
529.9,529.9,529.9,529.9,0.22,0.0,2012-03-14
526.38,526.38,526.38,526.38,-0.45,0.0,2012-03-15
475.87,475.87,475.87,475.87,-9.59,0.0,2012-03-18
474.69,474.69,474.69,474.69,-0.24,0.0,2012-03-19
469.99,469.99,469.99,469.99,-0.99,0.0,2012-03-20
475.87,475.87,475.87,475.87,1.25,0.0,2012-03-21
477.04,477.04,477.04,477.04,0.25,0.0,2012-03-25
475.87,475.87,475.87,475.87,-0.25,0.0,2012-03-26
477.04,477.04,477.04,477.04,0.25,0.0,2012-03-27
477.04,477.04,477.04,477.04,0.0,0.0,2012-03-28
469.99,469.99,469.99,469.99,-1.47,0.0,2012-03-29
472.34,472.34,472.34,472.34,0.5,0.0,2012-04-01
472.34,472.34,472.34,472.34,0.0,0.0,2012-04-02
471.17,471.17,471.17,471.17,-0.24,0.0,2012-04-03
472.34,472.34,472.34,472.34,0.25,0.0,2012-04-04
474.69,474.69,474.69,474.69,0.5,0.0,2012-04-05
474.69,474.69,474.69,474.69,0.0,0.0,2012-04-08
474.69,474.69,474.69,474.69,0.0,0.0,2012-04-09
474.69,474.69,474.69,474.69,0.0,0.0,2012-04-10
478.22,478.22,478.22,478.22,0.74,0.0,2012-04-11
486.44,486.44,486.44,486.44,1.72,0.0,2012-04-12
505.23,505.23,505.23,505.23,3.86,0.0,2012-04-15
555.74,555.74,555.74,555.74,10.0,0.0,2012-04-16
514.63,514.63,514.63,514.63,-7.39,0.0,2012-04-17
531.07,531.07,531.07,531.07,3.19,0.0,2012-04-18
534.6,534.6,534.6,534.6,0.66,0.0,2012-04-19
547.52,547.52,547.52,547.52,2.42,0.0,2012-04-22
559.27,559.27,559.27,559.27,2.15,0.0,2012-04-24
571.01,571.01,571.01,571.01,2.1,0.0,2012-04-25
612.12,612.12,612.12,612.12,7.2,0.0,2012-04-26
610.95,610.95,610.95,610.95,-0.19,0.0,2012-04-29
581.58,581.58,581.58,581.58,-4.81,0.0,2012-04-30
528.73,528.73,528.73,528.73,-9.09,0.0,2012-05-02
539.3,539.3,539.3,539.3,2.0,0.0,2012-05-03
586.28,586.28,586.28,586.28,8.71,0.0,2012-05-07
596.85,596.85,596.85,596.85,1.8,0.0,2012-05-08
587.46,587.46,587.46,587.46,-1.57,0.0,2012-05-09
581.58,581.58,581.58,581.58,-1.0,0.0,2012-05-10
555.74,555.74,555.74,555.74,-4.44,0.0,2012-05-13
545.17,545.17,545.17,545.17,-1.9,0.0,2012-05-14
555.74,555.74,555.74,555.74,1.93,0.0,2012-05-15
610.95,610.95,610.95,610.95,9.93,0.0,2012-05-16
599.2,599.2,599.2,599.2,-1.92,0.0,2012-05-17
583.93,583.93,583.93,583.93,-1.97,0.0,2012-05-20
585.11,585.11,585.11,585.11,1.63,0.0,2012-05-21
569.84,569.84,569.84,569.84,-2.61,0.0,2012-05-22
540.47,540.47,540.47,540.47,-5.15,0.0,2012-05-23
565.14,565.14,565.14,565.14,4.56,0.0,2012-05-24
588.63,588.63,588.63,588.63,4.16,0.0,2012-05-27
529.9,529.9,529.9,529.9,-9.98,0.0,2012-05-29
514.63,514.63,514.63,514.63,-2.88,0.0,2012-05-30
529.9,529.9,529.9,529.9,2.97,0.0,2012-05-31
573.36,573.36,573.36,573.36,8.2,0.0,2012-06-03
554.57,554.57,554.57,554.57,-3.28,0.0,2012-06-04
546.35,546.35,546.35,546.35,-1.48,0.0,2012-06-05
536.95,536.95,536.95,536.95,-1.72,0.0,2012-06-06
544.0,544.0,544.0,544.0,1.31,0.0,2012-06-07
541.65,541.65,541.65,541.65,-0.43,0.0,2012-06-10
546.35,546.35,546.35,546.35,0.86,0.0,2012-06-11
549.87,549.87,549.87,549.87,0.64,0.0,2012-06-12
545.17,545.17,545.17,545.17,-0.85,0.0,2012-06-13
546.35,546.35,546.35,546.35,0.21,0.0,2012-06-14
540.47,540.47,540.47,540.47,-1.08,0.0,2012-06-17
545.17,545.17,545.17,545.17,0.87,0.0,2012-06-18
542.82,542.82,542.82,542.82,-0.43,0.0,2012-06-19
542.82,542.82,542.82,542.82,-0.22,0.0,2012-06-20
540.47,540.47,540.47,540.47,-0.43,0.0,2012-06-21
554.57,554.57,554.57,554.57,2.6,0.0,2012-06-25
546.35,546.35,546.35,546.35,-1.48,0.0,2012-06-26
552.22,552.22,552.22,552.22,1.07,0.0,2012-06-27
563.96,563.96,563.96,563.96,2.13,0.0,2012-06-28
552.22,552.22,552.22,552.22,-2.08,0.0,2012-07-01
554.57,554.57,554.57,554.57,0.43,0.0,2012-07-02
553.39,553.39,553.39,553.39,-0.21,0.0,2012-07-03
558.09,558.09,558.09,558.09,0.85,0.0,2012-07-04
558.09,558.09,558.09,558.09,0.0,0.0,2012-07-05
563.96,563.96,563.96,563.96,1.05,0.0,2012-07-08
575.71,575.71,575.71,575.71,2.08,0.0,2012-07-09
585.11,585.11,585.11,585.11,1.63,0.0,2012-07-10
575.71,575.71,575.71,575.71,-1.61,0.0,2012-07-11
575.71,575.71,575.71,575.71,0.0,0.0,2012-07-12
590.98,590.98,590.98,590.98,2.65,0.0,2012-07-15
574.54,574.54,574.54,574.54,-2.78,0.0,2012-07-16
575.71,575.71,575.71,575.71,0.0,0.0,2012-07-17
587.46,587.46,587.46,587.46,2.04,0.0,2012-07-18
593.33,593.33,593.33,593.33,0.99,0.0,2012-07-19
614.47,614.47,614.47,614.47,3.56,0.0,2012-07-22
618.0,618.0,618.0,618.0,0.19,0.0,2012-07-23
622.7,622.7,622.7,622.7,0.75,0.0,2012-07-24
615.65,615.65,615.65,615.65,-1.13,0.0,2012-07-25
610.95,610.95,610.95,610.95,-0.76,0.0,2012-07-26
599.2,599.2,599.2,599.2,-1.92,0.0,2012-07-29
616.82,616.82,616.82,616.82,2.94,0.0,2012-07-30
612.12,612.12,612.12,612.12,-0.76,0.0,2012-07-31
616.82,616.82,616.82,616.82,0.77,0.0,2012-08-01
616.82,616.82,616.82,616.82,0.0,0.0,2012-08-05
614.47,614.47,614.47,614.47,-0.38,0.0,2012-08-06
620.35,620.35,620.35,620.35,0.96,0.0,2012-08-07
622.7,622.7,622.7,622.7,0.38,0.0,2012-08-08
623.87,623.87,623.87,623.87,0.19,0.0,2012-08-12
628.57,628.57,628.57,628.57,0.75,0.0,2012-08-13
630.92,630.92,630.92,630.92,0.37,0.0,2012-08-14
627.39,627.39,627.39,627.39,-0.56,0.0,2012-08-15
627.39,627.39,627.39,627.39,0.0,0.0,2012-08-16
622.7,622.7,622.7,622.7,-0.75,0.0,2012-08-19
628.57,628.57,628.57,628.57,0.94,0.0,2012-08-21
635.62,635.62,635.62,635.62,0.74,0.0,2012-08-22
640.32,640.32,640.32,640.32,0.74,0.0,2012-08-23
656.76,656.76,656.76,656.76,2.56,0.0,2012-08-26
697.87,697.87,697.87,697.87,6.26,0.0,2012-08-27
696.7,696.7,696.7,696.7,-0.17,0.0,2012-08-28
689.65,689.65,689.65,689.65,-1.01,0.0,2012-08-29
688.47,688.47,688.47,688.47,-0.17,0.0,2012-08-30
693.17,693.17,693.17,693.17,0.68,0.0,2012-09-02
690.82,690.82,690.82,690.82,-0.33,0.0,2012-09-03
682.6,682.6,682.6,682.6,-1.18,0.0,2012-09-04
677.9,677.9,677.9,677.9,-0.69,0.0,2012-09-05
675.55,675.55,675.55,675.55,-0.35,0.0,2012-09-06
673.2,673.2,673.2,673.2,-0.35,0.0,2012-09-09
669.68,669.68,669.68,669.68,-0.52,0.0,2012-09-10
675.55,675.55,675.55,675.55,0.88,0.0,2012-09-11
683.78,683.78,683.78,683.78,1.22,0.0,2012-09-12
699.05,699.05,699.05,699.05,1.88,0.0,2012-09-13
692.0,692.0,692.0,692.0,-1.01,0.0,2012-09-16
695.52,695.52,695.52,695.52,0.51,0.0,2012-09-17
700.22,700.22,700.22,700.22,0.68,0.0,2012-09-18
699.05,699.05,699.05,699.05,-0.17,0.0,2012-09-19
704.92,704.92,704.92,704.92,1.01,0.0,2012-09-20
690.82,690.82,690.82,690.82,-2.0,0.0,2012-09-23
697.87,697.87,697.87,697.87,1.02,0.0,2012-09-24
696.7,696.7,696.7,696.7,-0.16,0.0,2012-09-25
700.22,700.22,700.22,700.22,0.51,0.0,2012-09-26
719.01,719.01,719.01,719.01,0.99,0.0,2012-09-30
726.06,726.06,726.06,726.06,1.31,0.0,2012-10-01
729.59,729.59,729.59,729.59,0.48,0.0,2012-10-02
735.46,735.46,735.46,735.46,0.8,0.0,2012-10-03
775.4,775.4,775.4,775.4,5.43,0.0,2012-10-04
780.1,780.1,780.1,780.1,0.61,0.0,2012-10-07
763.65,763.65,763.65,763.65,-2.11,0.0,2012-10-08
784.79,784.79,784.79,784.79,2.77,0.0,2012-10-09
761.3,761.3,761.3,761.3,-1.07,0.0,2012-10-10
763.65,763.65,763.65,763.65,0.31,0.0,2012-10-11
766.0,766.0,766.0,766.0,0.31,0.0,2012-10-14
760.13,760.13,760.13,760.13,-0.77,0.0,2012-10-15
775.4,775.4,775.4,775.4,2.01,0.0,2012-10-17
793.02,793.02,793.02,793.02,2.27,0.0,2012-10-18
807.11,807.11,807.11,807.11,1.77,0.0,2012-10-30
789.49,789.49,789.49,789.49,-2.18,0.0,2012-10-31
777.75,777.75,777.75,777.75,-1.49,0.0,2012-11-01
783.62,783.62,783.62,783.62,0.75,0.0,2012-11-04
783.62,783.62,783.62,783.62,0.0,0.0,2012-11-05
787.14,787.14,787.14,787.14,0.44,0.0,2012-11-06
788.32,788.32,788.32,788.32,0.15,0.0,2012-11-07
787.14,787.14,787.14,787.14,-1.18,0.0,2012-11-08
790.67,790.67,790.67,790.67,0.44,0.0,2012-11-11
780.1,780.1,780.1,780.1,-1.34,0.0,2012-11-12
788.32,788.32,788.32,788.32,1.05,0.0,2012-11-18
787.14,787.14,787.14,787.14,-0.15,0.0,2012-11-20
784.79,784.79,784.79,784.79,-0.3,0.0,2012-11-21
787.14,787.14,787.14,787.14,0.3,0.0,2012-11-22
787.14,787.14,787.14,787.14,0.45,0.0,2012-11-25
783.62,783.62,783.62,783.62,-0.45,0.0,2012-11-26
780.1,780.1,780.1,780.1,-0.45,0.0,2012-11-27
777.75,777.75,777.75,777.75,-0.3,0.0,2012-11-28
774.22,774.22,774.22,774.22,-0.15,0.0,2012-11-29
767.17,767.17,767.17,767.17,-1.06,0.0,2012-12-02
775.4,775.4,775.4,775.4,0.3,0.0,2012-12-03
781.27,781.27,781.27,781.27,0.76,0.0,2012-12-04
781.27,781.27,781.27,781.27,0.0,0.0,2012-12-05
775.4,775.4,775.4,775.4,-0.75,0.0,2012-12-06
763.65,763.65,763.65,763.65,-2.26,0.0,2012-12-09
757.78,757.78,757.78,757.78,-1.07,0.0,2012-12-10
763.65,763.65,763.65,763.65,0.77,0.0,2012-12-11
769.52,769.52,769.52,769.52,0.77,0.0,2012-12-12
775.4,775.4,775.4,775.4,0.76,0.0,2012-12-13
777.75,777.75,777.75,777.75,0.3,0.0,2012-12-16
777.75,777.75,777.75,777.75,-1.19,0.0,2012-12-17
781.27,781.27,781.27,781.27,0.45,0.0,2012-12-18
773.05,773.05,773.05,773.05,-1.05,0.0,2012-12-19
774.22,774.22,774.22,774.22,0.15,0.0,2012-12-20
769.52,769.52,769.52,769.52,-0.61,0.0,2012-12-23
774.22,774.22,774.22,774.22,0.61,0.0,2012-12-24
781.27,781.27,781.27,781.27,0.91,0.0,2012-12-26
780.1,780.1,780.1,780.1,-0.3,0.0,2012-12-27
773.05,773.05,773.05,773.05,-0.9,0.0,2012-12-31
775.4,775.4,775.4,775.4,0.0,0.0,2013-01-01
771.87,771.87,771.87,771.87,-0.9,0.0,2013-01-02
775.4,775.4,775.4,775.4,-0.75,0.0,2013-01-03
777.75,777.75,777.75,777.75,0.15,0.0,2013-01-06
770.7,770.7,770.7,770.7,-1.06,0.0,2013-01-07
764.83,764.83,764.83,764.83,-1.36,0.0,2013-01-08
769.52,769.52,769.52,769.52,-0.91,0.0,2013-01-09
775.4,775.4,775.4,775.4,0.92,0.0,2013-01-10
781.27,781.27,781.27,781.27,0.76,0.0,2013-01-13
775.4,775.4,775.4,775.4,-0.75,0.0,2013-01-15
775.4,775.4,775.4,775.4,0.46,0.0,2013-01-16
769.52,769.52,769.52,769.52,-0.76,0.0,2013-01-17
763.65,763.65,763.65,763.65,-0.76,0.0,2013-01-20
774.22,774.22,774.22,774.22,1.38,0.0,2013-01-21
777.75,777.75,777.75,777.75,0.46,0.0,2013-01-22
769.52,769.52,769.52,769.52,-1.06,0.0,2013-01-23
764.83,764.83,764.83,764.83,-0.61,0.0,2013-01-24
761.3,761.3,761.3,761.3,-0.46,0.0,2013-01-27
767.17,767.17,767.17,767.17,0.77,0.0,2013-01-28
764.83,764.83,764.83,764.83,-0.31,0.0,2013-01-30
763.65,763.65,763.65,763.65,-0.15,0.0,2013-01-31
763.65,763.65,763.65,763.65,0.0,0.0,2013-02-03
763.65,763.65,763.65,763.65,0.0,0.0,2013-02-04
764.83,764.83,764.83,764.83,0.15,0.0,2013-02-05
761.3,761.3,761.3,761.3,-0.46,0.0,2013-02-06
762.48,762.48,762.48,762.48,-0.15,0.0,2013-02-07
754.25,754.25,754.25,754.25,-1.53,0.0,2013-02-10
769.52,769.52,769.52,769.52,2.03,0.0,2013-02-12
764.83,764.83,764.83,764.83,-1.21,0.0,2013-02-13
761.3,761.3,761.3,761.3,-0.61,0.0,2013-02-14
775.4,775.4,775.4,775.4,1.85,0.0,2013-02-17
773.05,773.05,773.05,773.05,-0.3,0.0,2013-02-19
763.65,763.65,763.65,763.65,-1.22,0.0,2013-02-20
766.0,766.0,766.0,766.0,0.31,0.0,2013-02-21
758.95,758.95,758.95,758.95,-0.92,0.0,2013-02-24
763.65,763.65,763.65,763.65,0.62,0.0,2013-02-25
769.52,769.52,769.52,769.52,0.77,0.0,2013-02-26
763.65,763.65,763.65,763.65,-0.76,0.0,2013-02-27
758.95,758.95,758.95,758.95,-0.62,0.0,2013-02-28
762.48,762.48,762.48,762.48,0.46,0.0,2013-03-03
751.9,751.9,751.9,751.9,-1.39,0.0,2013-03-04
753.08,753.08,753.08,753.08,0.15,0.0,2013-03-05
751.9,751.9,751.9,751.9,-0.15,0.0,2013-03-06
753.08,753.08,753.08,753.08,0.16,0.0,2013-03-07
754.25,754.25,754.25,754.25,0.16,0.0,2013-03-11
756.6,756.6,756.6,756.6,0.31,0.0,2013-03-13
763.65,763.65,763.65,763.65,0.93,0.0,2013-03-14
734.29,734.29,734.29,734.29,-3.85,0.0,2013-03-17
706.09,706.09,706.09,706.09,-0.5,0.0,2013-03-18
701.39,701.39,701.39,701.39,-0.67,0.0,2013-03-19
707.27,707.27,707.27,707.27,0.84,0.0,2013-03-21
692.0,692.0,692.0,692.0,-2.16,0.0,2013-03-24
687.3,687.3,687.3,687.3,-0.68,0.0,2013-03-25
689.65,689.65,689.65,689.65,0.34,0.0,2013-03-27
675.55,675.55,675.55,675.55,-2.04,0.0,2013-03-28
681.43,681.43,681.43,681.43,0.87,0.0,2013-03-31
676.73,676.73,676.73,676.73,-0.69,0.0,2013-04-01
681.43,681.43,681.43,681.43,0.69,0.0,2013-04-02
679.08,679.08,679.08,679.08,-0.35,0.0,2013-04-03
670.85,670.85,670.85,670.85,-1.21,0.0,2013-04-04
674.38,674.38,674.38,674.38,0.53,0.0,2013-04-07
669.68,669.68,669.68,669.68,-1.72,0.0,2013-04-08
674.38,674.38,674.38,674.38,0.7,0.0,2013-04-09
687.3,687.3,687.3,687.3,1.92,0.0,2013-04-11
675.55,675.55,675.55,675.55,-1.71,0.0,2013-04-15
669.68,669.68,669.68,669.68,-0.87,0.0,2013-04-16
683.78,683.78,683.78,683.78,0.17,0.0,2013-04-17
690.82,690.82,690.82,690.82,1.03,0.0,2013-04-18
655.59,655.59,655.59,655.59,-5.1,0.0,2013-04-22
649.71,649.71,649.71,649.71,-0.9,0.0,2013-04-23
656.76,656.76,656.76,656.76,1.09,0.0,2013-04-25
667.33,667.33,667.33,667.33,-0.35,0.0,2013-04-28
646.19,646.19,646.19,646.19,-3.17,0.0,2013-04-29
642.66,642.66,642.66,642.66,-0.54,0.0,2013-04-30
633.27,633.27,633.27,633.27,-1.46,0.0,2013-05-02
630.92,630.92,630.92,630.92,-0.37,0.0,2013-05-05
626.22,626.22,626.22,626.22,-0.75,0.0,2013-05-06
634.44,634.44,634.44,634.44,0.93,0.0,2013-05-07
625.04,625.04,625.04,625.04,-1.48,0.0,2013-05-08
627.39,627.39,627.39,627.39,0.38,0.0,2013-05-09
618.0,618.0,618.0,618.0,-1.5,0.0,2013-05-12
627.39,627.39,627.39,627.39,1.52,0.0,2013-05-13
628.57,628.57,628.57,628.57,0.19,0.0,2013-05-14
628.57,628.57,628.57,628.57,0.0,0.0,2013-05-15
640.32,640.32,640.32,640.32,1.87,0.0,2013-05-16
634.44,634.44,634.44,634.44,-0.92,0.0,2013-05-19
634.44,634.44,634.44,634.44,0.0,0.0,2013-05-20
643.84,643.84,643.84,643.84,1.48,0.0,2013-05-21
633.27,633.27,633.27,633.27,-1.64,0.0,2013-05-22
627.39,627.39,627.39,627.39,-0.93,0.0,2013-05-23
628.57,628.57,628.57,628.57,0.18,0.0,2013-05-26
633.27,633.27,633.27,633.27,0.74,0.0,2013-05-27
628.57,628.57,628.57,628.57,-0.74,0.0,2013-05-28
629.74,629.74,629.74,629.74,0.18,0.0,2013-05-30
629.74,629.74,629.74,629.74,0.18,0.0,2013-05-31
625.04,625.04,625.04,625.04,-0.75,0.0,2013-06-02
627.39,627.39,627.39,627.39,0.37,0.0,2013-06-03
625.04,625.04,625.04,625.04,-0.37,0.0,2013-06-04
628.57,628.57,628.57,628.57,-0.19,0.0,2013-06-05
628.57,628.57,628.57,628.57,0.0,0.0,2013-06-06
628.57,628.57,628.57,628.57,0.0,0.0,2013-06-09
620.35,620.35,620.35,620.35,-1.3,0.0,2013-06-10
616.82,616.82,616.82,616.82,-0.57,0.0,2013-06-11
616.82,616.82,616.82,616.82,0.0,0.0,2013-06-12
616.82,616.82,616.82,616.82,0.0,0.0,2013-06-16
613.3,613.3,613.3,613.3,-0.57,0.0,2013-06-18
610.95,610.95,610.95,610.95,-0.57,0.0,2013-06-19
610.95,610.95,610.95,610.95,0.0,0.0,2013-06-20
608.6,608.6,608.6,608.6,-0.38,0.0,2013-06-23
606.25,606.25,606.25,606.25,-0.39,0.0,2013-06-24
614.47,614.47,614.47,614.47,1.36,0.0,2013-06-25
622.7,622.7,622.7,622.7,1.34,0.0,2013-06-26
622.7,622.7,622.7,622.7,0.0,0.0,2013-06-27
622.7,622.7,622.7,622.7,0.0,0.0,2013-07-01
622.7,622.7,622.7,622.7,0.0,0.0,2013-07-02
625.04,625.04,625.04,625.04,0.38,0.0,2013-07-03
622.7,622.7,622.7,622.7,-0.38,0.0,2013-07-04
622.7,622.7,622.7,622.7,0.0,0.0,2013-07-07
633.27,633.27,633.27,633.27,1.7,0.0,2013-07-08
659.11,659.11,659.11,659.11,0.36,0.0,2013-07-09
622.7,622.7,622.7,622.7,-5.52,0.0,2013-07-10
646.19,646.19,646.19,646.19,3.77,0.0,2013-07-11
669.68,669.68,669.68,669.68,3.64,0.0,2013-07-14
700.22,700.22,700.22,700.22,4.56,0.0,2013-07-15
636.79,636.79,636.79,636.79,-9.06,0.0,2013-07-16
633.27,633.27,633.27,633.27,-0.55,0.0,2013-07-17
646.19,646.19,646.19,646.19,2.04,0.0,2013-07-18
650.89,650.89,650.89,650.89,0.73,0.0,2013-07-21
647.36,647.36,647.36,647.36,-0.54,0.0,2013-07-22
640.32,640.32,640.32,640.32,-1.09,0.0,2013-07-23
632.09,632.09,632.09,632.09,-1.28,0.0,2013-07-24
633.27,633.27,633.27,633.27,0.18,0.0,2013-07-25
635.62,635.62,635.62,635.62,0.37,0.0,2013-07-28
650.89,650.89,650.89,650.89,2.4,0.0,2013-07-29
662.63,662.63,662.63,662.63,1.8,0.0,2013-07-30
659.11,659.11,659.11,659.11,-0.53,0.0,2013-07-31
655.59,655.59,655.59,655.59,-0.53,0.0,2013-08-01
654.41,654.41,654.41,654.41,-0.18,0.0,2013-08-04
648.54,648.54,648.54,648.54,-0.9,0.0,2013-08-05
648.54,648.54,648.54,648.54,0.0,0.0,2013-08-06
650.89,650.89,650.89,650.89,0.36,0.0,2013-08-07
652.06,652.06,652.06,652.06,0.18,0.0,2013-08-08
649.71,649.71,649.71,649.71,-0.36,0.0,2013-08-11
648.54,648.54,648.54,648.54,-0.18,0.0,2013-08-12
647.36,647.36,647.36,647.36,-0.18,0.0,2013-08-13
647.36,647.36,647.36,647.36,0.0,0.0,2013-08-14
648.54,648.54,648.54,648.54,0.18,0.0,2013-08-15
652.06,652.06,652.06,652.06,0.54,0.0,2013-08-18
653.24,653.24,653.24,653.24,0.18,0.0,2013-08-19
666.16,666.16,666.16,666.16,1.97,0.0,2013-08-20
670.86,670.86,670.86,670.86,0.7,0.0,2013-08-25
669.68,669.68,669.68,669.68,-0.17,0.0,2013-08-26
682.6,682.6,682.6,682.6,1.92,0.0,2013-08-27
672.03,672.03,672.03,672.03,-1.55,0.0,2013-08-29
684.95,684.95,684.95,684.95,1.92,0.0,2013-09-01
675.55,675.55,675.55,675.55,-1.37,0.0,2013-09-02
676.73,676.73,676.73,676.73,0.17,0.0,2013-09-03
675.55,675.55,675.55,675.55,-0.17,0.0,2013-09-04
669.68,669.68,669.68,669.68,-0.86,0.0,2013-09-05
663.81,663.81,663.81,663.81,-0.88,0.0,2013-09-08
663.81,663.81,663.81,663.81,-0.88,0.0,2013-09-09
663.81,663.81,663.81,663.81,0.0,0.0,2013-09-10
663.81,663.81,663.81,663.81,0.0,0.0,2013-09-11
663.81,663.81,663.81,663.81,0.0,0.0,2013-09-12
661.46,661.46,661.46,661.46,-0.35,0.0,2013-09-15
662.63,662.63,662.63,662.63,0.18,0.0,2013-09-16
663.81,663.81,663.81,663.81,0.18,0.0,2013-09-17
661.46,661.46,661.46,661.46,-0.35,0.0,2013-09-19
662.63,662.63,662.63,662.63,0.18,0.0,2013-09-22
660.28,660.28,660.28,660.28,-0.35,0.0,2013-09-23
657.93,657.93,657.93,657.93,-0.36,0.0,2013-09-24
663.81,663.81,663.81,663.81,0.89,0.0,2013-09-25
659.11,659.11,659.11,659.11,-0.7,0.0,2013-09-26
667.33,667.33,667.33,667.33,1.24,0.0,2013-09-29
676.73,676.73,676.73,676.73,1.4,0.0,2013-09-30
672.03,672.03,672.03,672.03,-0.69,0.0,2013-10-01
662.63,662.63,662.63,662.63,-1.4,0.0,2013-10-02
679.08,679.08,679.08,679.08,1.58,0.0,2013-10-03
692.0,692.0,692.0,692.0,1.9,0.0,2013-10-06
694.35,694.35,694.35,694.35,0.33,0.0,2013-10-07
681.43,681.43,681.43,681.43,-1.86,0.0,2013-10-08
699.05,699.05,699.05,699.05,2.59,0.0,2013-10-09
706.09,706.09,706.09,706.09,1.01,0.0,2013-10-10
713.14,713.14,713.14,713.14,1.0,0.0,2013-10-17
716.67,716.67,716.67,716.67,0.49,0.0,2013-10-20
721.36,721.36,721.36,721.36,0.65,0.0,2013-10-21
709.62,709.62,709.62,709.62,-1.63,0.0,2013-10-22
714.32,714.32,714.32,714.32,0.5,0.0,2013-10-23
716.67,716.67,716.67,716.67,0.33,0.0,2013-10-24
710.79,710.79,710.79,710.79,-0.82,0.0,2013-10-27
703.74,703.74,703.74,703.74,-0.99,0.0,2013-10-28
704.92,704.92,704.92,704.92,0.17,0.0,2013-10-29
701.4,701.4,701.4,701.4,-0.5,0.0,2013-10-30
706.09,706.09,706.09,706.09,0.67,0.0,2013-10-31
708.44,708.44,708.44,708.44,0.33,0.0,2013-11-06
704.92,704.92,704.92,704.92,-0.5,0.0,2013-11-07
704.92,704.92,704.92,704.92,0.0,0.0,2013-11-10
722.54,722.54,722.54,722.54,2.49,0.0,2013-11-11
728.41,728.41,728.41,728.41,0.81,0.0,2013-11-12
714.32,714.32,714.32,714.32,-1.93,0.0,2013-11-13
710.79,710.79,710.79,710.79,-0.49,0.0,2013-11-14
774.22,774.22,774.22,774.22,7.15,0.0,2013-11-21
768.35,768.35,768.35,768.35,-0.75,0.0,2013-11-24
751.9,751.9,751.9,751.9,-2.14,0.0,2013-11-25
751.9,751.9,751.9,751.9,0.0,0.0,2013-11-26
748.38,748.38,748.38,748.38,-0.47,0.0,2013-11-27
728.41,728.41,728.41,728.41,-2.66,0.0,2013-11-28
728.41,728.41,728.41,728.41,0.0,0.0,2013-12-01
728.41,728.41,728.41,728.41,0.0,0.0,2013-12-02
749.56,749.56,749.56,749.56,2.9,0.0,2013-12-03
763.65,763.65,763.65,763.65,1.88,0.0,2013-12-04
783.62,783.62,783.62,783.62,2.61,0.0,2013-12-05
768.35,768.35,768.35,768.35,-1.94,0.0,2013-12-08
755.43,755.43,755.43,755.43,-1.68,0.0,2013-12-09
751.9,751.9,751.9,751.9,-0.47,0.0,2013-12-10
755.43,755.43,755.43,755.43,0.47,0.0,2013-12-11
760.13,760.13,760.13,760.13,0.62,0.0,2013-12-12
768.35,768.35,768.35,768.35,1.08,0.0,2013-12-15
787.14,787.14,787.14,787.14,2.76,0.0,2013-12-16
822.38,822.38,822.38,822.38,4.48,0.0,2013-12-18
822.38,822.38,822.38,822.38,0.0,0.0,2013-12-19
820.03,820.03,820.03,820.03,-0.28,0.0,2013-12-22
804.76,804.76,804.76,804.76,-1.86,0.0,2013-12-23
798.89,798.89,798.89,798.89,2.25,0.0,2013-12-24
798.89,798.89,798.89,798.89,0.0,0.0,2013-12-26
787.14,787.14,787.14,787.14,-1.47,0.0,2013-12-29
785.97,785.97,785.97,785.97,-0.14,0.0,2013-12-31
769.52,769.52,769.52,769.52,-2.09,0.0,2014-01-01
784.79,784.79,784.79,784.79,1.98,0.0,2014-01-02
775.4,775.4,775.4,775.4,-1.19,0.0,2014-01-05
776.57,776.57,776.57,776.57,0.15,0.0,2014-01-06
780.1,780.1,780.1,780.1,0.45,0.0,2014-01-07
787.14,787.14,787.14,787.14,0.9,0.0,2014-01-08
788.32,788.32,788.32,788.32,0.15,0.0,2014-01-09
783.62,783.62,783.62,783.62,-0.59,0.0,2014-01-12
783.62,783.62,783.62,783.62,0.0,0.0,2014-01-13
787.14,787.14,787.14,787.14,0.44,0.0,2014-01-14
798.89,798.89,798.89,798.89,1.49,0.0,2014-01-16
793.02,793.02,793.02,793.02,-0.73,0.0,2014-01-19
798.89,798.89,798.89,798.89,0.74,0.0,2014-01-20
796.54,796.54,796.54,796.54,-0.29,0.0,2014-01-21
790.67,790.67,790.67,790.67,-0.73,0.0,2014-01-22
793.02,793.02,793.02,793.02,0.29,0.0,2014-01-23
794.19,794.19,794.19,794.19,0.15,0.0,2014-01-26
793.02,793.02,793.02,793.02,-0.15,0.0,2014-01-27
793.02,793.02,793.02,793.02,0.0,0.0,2014-01-28
781.27,781.27,781.27,781.27,-1.48,0.0,2014-01-29
790.67,790.67,790.67,790.67,-0.3,0.0,2014-02-02
777.75,777.75,777.75,777.75,-1.63,0.0,2014-02-03
798.89,798.89,798.89,798.89,0.15,0.0,2014-02-05
791.84,791.84,791.84,791.84,-0.88,0.0,2014-02-06
793.02,793.02,793.02,793.02,0.45,0.0,2014-02-09
798.89,798.89,798.89,798.89,0.74,0.0,2014-02-10
790.67,790.67,790.67,790.67,-1.03,0.0,2014-02-11
791.84,791.84,791.84,791.84,0.14,0.0,2014-02-12
793.02,793.02,793.02,793.02,0.15,0.0,2014-02-13
793.02,793.02,793.02,793.02,0.0,0.0,2014-02-16
790.67,790.67,790.67,790.67,-0.3,0.0,2014-02-17
790.67,790.67,790.67,790.67,0.0,0.0,2014-02-18
793.02,793.02,793.02,793.02,0.29,0.0,2014-02-20
783.62,783.62,783.62,783.62,-1.18,0.0,2014-02-23
787.14,787.14,787.14,787.14,0.45,0.0,2014-02-24
787.14,787.14,787.14,787.14,0.0,0.0,2014-02-25
802.41,802.41,802.41,802.41,-1.86,0.0,2014-03-03
787.14,787.14,787.14,787.14,-1.9,0.0,2014-03-04
787.14,787.14,787.14,787.14,0.0,0.0,2014-03-05
785.97,785.97,785.97,785.97,-0.15,0.0,2014-03-06
781.27,781.27,781.27,781.27,-0.6,0.0,2014-03-09
771.87,771.87,771.87,771.87,-1.2,0.0,2014-03-10
781.27,781.27,781.27,781.27,0.76,0.0,2014-03-11
770.7,770.7,770.7,770.7,-1.35,0.0,2014-03-12
776.57,776.57,776.57,776.57,0.76,0.0,2014-03-13
774.22,774.22,774.22,774.22,-0.3,0.0,2014-03-17
760.13,760.13,760.13,760.13,-1.82,0.0,2014-03-18
769.52,769.52,769.52,769.52,1.23,0.0,2014-03-19
764.83,764.83,764.83,764.83,-0.61,0.0,2014-03-20
770.7,770.7,770.7,770.7,0.31,0.0,2014-03-23
775.4,775.4,775.4,775.4,0.6,0.0,2014-03-24
768.35,768.35,768.35,768.35,-0.91,0.0,2014-03-25
770.7,770.7,770.7,770.7,0.31,0.0,2014-03-26
773.05,773.05,773.05,773.05,0.3,0.0,2014-03-27
773.05,773.05,773.05,773.05,0.0,0.0,2014-03-31
776.57,776.57,776.57,776.57,0.15,0.0,2014-04-02
775.4,775.4,775.4,775.4,-0.15,0.0,2014-04-03
769.52,769.52,769.52,769.52,-0.76,0.0,2014-04-06
763.65,763.65,763.65,763.65,-0.76,0.0,2014-04-07
769.52,769.52,769.52,769.52,0.77,0.0,2014-04-09
785.97,785.97,785.97,785.97,2.14,0.0,2014-04-10
797.71,797.71,797.71,797.71,1.49,0.0,2014-04-13
787.14,787.14,787.14,787.14,-1.32,0.0,2014-04-15
769.52,769.52,769.52,769.52,-2.24,0.0,2014-04-16
766.0,766.0,766.0,766.0,-0.46,0.0,2014-04-17
769.52,769.52,769.52,769.52,0.46,0.0,2014-04-20
769.52,769.52,769.52,769.52,0.0,0.0,2014-04-21
775.4,775.4,775.4,775.4,0.76,0.0,2014-04-22
768.35,768.35,768.35,768.35,-0.91,0.0,2014-04-23
763.64,763.64,763.64,763.64,-0.76,0.0,2014-04-27
758.94,758.94,758.94,758.94,-0.62,0.0,2014-04-28
758.94,758.94,758.94,758.94,0.0,0.0,2014-04-29
767.17,767.17,767.17,767.17,0.62,0.0,2014-04-30
763.64,763.64,763.64,763.64,-0.46,0.0,2014-05-04
775.39,775.39,775.39,775.39,1.53,0.0,2014-05-05
763.64,763.64,763.64,763.64,-1.51,0.0,2014-05-06
763.64,763.64,763.64,763.64,0.0,0.0,2014-05-07
763.64,763.64,763.64,763.64,0.0,0.0,2014-05-08
769.51,769.51,769.51,769.51,0.77,0.0,2014-05-11
776.56,776.56,776.56,776.56,0.91,0.0,2014-05-12
769.51,769.51,769.51,769.51,-0.91,0.0,2014-05-13
787.13,787.13,787.13,787.13,2.29,0.0,2014-05-15
775.39,775.39,775.39,775.39,-1.49,0.0,2014-05-18
764.82,764.82,764.82,764.82,-1.36,0.0,2014-05-19
763.64,763.64,763.64,763.64,-0.15,0.0,2014-05-20
773.04,773.04,773.04,773.04,1.23,0.0,2014-05-21
783.61,783.61,783.61,783.61,1.37,0.0,2014-05-22
781.26,781.26,781.26,781.26,-0.3,0.0,2014-05-25
787.13,787.13,787.13,787.13,0.75,0.0,2014-05-26
777.74,777.74,777.74,777.74,-1.19,0.0,2014-05-27
780.09,780.09,780.09,780.09,0.3,0.0,2014-05-28
761.29,761.29,761.29,761.29,-2.41,0.0,2014-06-01
775.39,775.39,775.39,775.39,1.85,0.0,2014-06-02
778.91,778.91,778.91,778.91,0.45,0.0,2014-06-03
771.86,771.86,771.86,771.86,-0.9,0.0,2014-06-04
775.39,775.39,775.39,775.39,-0.3,0.0,2014-06-05
763.64,763.64,763.64,763.64,-2.11,0.0,2014-06-09
769.51,769.51,769.51,769.51,0.77,0.0,2014-06-10
769.51,769.51,769.51,769.51,0.0,0.0,2014-06-11
763.64,763.64,763.64,763.64,-0.76,0.0,2014-06-12
763.64,763.64,763.64,763.64,0.0,0.0,2014-06-15
716.66,716.66,716.66,716.66,-6.15,0.0,2014-06-16
722.53,722.53,722.53,722.53,0.81,0.0,2014-06-17
722.53,722.53,722.53,722.53,0.0,0.0,2014-06-18
707.26,707.26,707.26,707.26,-2.11,0.0,2014-06-19
693.16,693.16,693.16,693.16,-1.67,0.0,2014-06-24
704.91,704.91,704.91,704.91,-0.33,0.0,2014-06-25
710.78,710.78,710.78,710.78,0.83,0.0,2014-06-26
687.29,687.29,687.29,687.29,-0.5,0.0,2014-07-01
696.69,696.69,696.69,696.69,1.36,0.0,2014-07-02
704.91,704.91,704.91,704.91,1.17,0.0,2014-07-03
731.93,731.93,731.93,731.93,3.83,0.0,2014-07-06
722.53,722.53,722.53,722.53,-1.28,0.0,2014-07-07
728.4,728.4,728.4,728.4,0.81,0.0,2014-07-08
715.48,715.48,715.48,715.48,-1.77,0.0,2014-07-09
729.58,729.58,729.58,729.58,1.97,0.0,2014-07-10
749.55,749.55,749.55,749.55,3.74,0.0,2014-07-13
748.37,748.37,748.37,748.37,-0.15,0.0,2014-07-14
746.02,746.02,746.02,746.02,-0.31,0.0,2014-07-15
756.59,756.59,756.59,756.59,-1.83,0.0,2014-07-17
757.77,757.77,757.77,757.77,0.16,0.0,2014-07-20
755.42,755.42,755.42,755.42,-0.31,0.0,2014-07-21
747.2,747.2,747.2,747.2,-1.09,0.0,2014-07-22
754.24,754.24,754.24,754.24,0.94,0.0,2014-07-23
746.02,746.02,746.02,746.02,-1.09,0.0,2014-07-27
746.02,746.02,746.02,746.02,0.0,0.0,2014-07-28
746.02,746.02,746.02,746.02,0.0,0.0,2014-07-30
753.07,753.07,753.07,753.07,0.95,0.0,2014-07-31
758.94,758.94,758.94,758.94,0.78,0.0,2014-08-03
755.42,755.42,755.42,755.42,-0.46,0.0,2014-08-04
757.77,757.77,757.77,757.77,0.31,0.0,2014-08-05
754.24,754.24,754.24,754.24,-1.47,0.0,2014-08-06
751.89,751.89,751.89,751.89,-0.31,0.0,2014-08-07
751.89,751.89,751.89,751.89,0.0,0.0,2014-08-12
751.89,751.89,751.89,751.89,0.0,0.0,2014-08-13
754.24,754.24,754.24,754.24,0.31,0.0,2014-08-14
753.07,753.07,753.07,753.07,-0.15,0.0,2014-08-18
751.89,751.89,751.89,751.89,-0.15,0.0,2014-08-19
749.54,749.54,749.54,749.54,-0.31,0.0,2014-08-20
747.19,747.19,747.19,747.19,-0.31,0.0,2014-08-21
746.02,746.02,746.02,746.02,-0.16,0.0,2014-08-24
740.15,740.15,740.15,740.15,-0.79,0.0,2014-08-25
730.75,730.75,730.75,730.75,-1.27,0.0,2014-08-26
737.8,737.8,737.8,737.8,0.96,0.0,2014-08-27
744.84,744.84,744.84,744.84,0.95,0.0,2014-08-28
740.15,740.15,740.15,740.15,-0.63,0.0,2014-08-31
740.15,740.15,740.15,740.15,0.0,0.0,2014-09-01
734.27,734.27,734.27,734.27,-0.79,0.0,2014-09-03
734.27,734.27,734.27,734.27,0.0,0.0,2014-09-04
716.65,716.65,716.65,716.65,-2.4,0.0,2014-09-07
734.27,734.27,734.27,734.27,2.46,0.0,2014-09-09
740.15,740.15,740.15,740.15,0.8,0.0,2014-09-10
741.32,741.32,741.32,741.32,0.16,0.0,2014-09-11
722.53,722.53,722.53,722.53,2.53,0.0,2014-09-14
722.53,722.53,722.53,722.53,0.0,0.0,2014-09-15
721.35,721.35,721.35,721.35,-0.16,0.0,2014-09-16
719.0,719.0,719.0,719.0,-0.33,0.0,2014-09-17
716.65,716.65,716.65,716.65,-0.33,0.0,2014-09-18
727.23,727.23,727.23,727.23,1.48,0.0,2014-09-21
722.53,722.53,722.53,722.53,-0.65,0.0,2014-09-22
722.53,722.53,722.53,722.53,0.0,0.0,2014-09-23
722.53,722.53,722.53,722.53,0.0,0.0,2014-09-24
713.0,713.0,713.0,713.0,-0.49,0.0,2014-09-28
722.53,722.53,722.53,722.53,0.49,0.0,2014-09-29
744.84,744.84,744.84,744.84,3.09,0.0,2014-09-30
730.75,730.75,730.75,730.75,-1.89,0.0,2014-10-09
757.77,757.77,757.77,757.77,3.7,0.0,2014-10-12
728.4,728.4,728.4,728.4,-3.88,0.0,2014-10-13
722.53,722.53,722.53,722.53,-0.81,0.0,2014-10-14
723.7,723.7,723.7,723.7,0.16,0.0,2014-10-15
723.7,723.7,723.7,723.7,0.0,0.0,2014-10-16
723.7,723.7,723.7,723.7,0.0,0.0,2014-10-19
728.4,728.4,728.4,728.4,0.65,0.0,2014-10-20
722.53,722.53,722.53,722.53,-0.81,0.0,2014-10-21
722.53,722.53,722.53,722.53,0.0,0.0,2014-10-22
726.05,726.05,726.05,726.05,0.49,0.0,2014-10-26
728.4,728.4,728.4,728.4,0.32,0.0,2014-10-27
723.7,723.7,723.7,723.7,-0.65,0.0,2014-10-28
727.23,727.23,727.23,727.23,0.49,0.0,2014-10-30
723.7,723.7,723.7,723.7,-0.49,0.0,2014-11-02
713.13,713.13,713.13,713.13,1.46,0.0,2014-11-03
715.48,715.48,715.48,715.48,0.33,0.0,2014-11-04
716.65,716.65,716.65,716.65,0.16,0.0,2014-11-05
719.0,719.0,719.0,719.0,0.33,0.0,2014-11-06
716.65,716.65,716.65,716.65,-0.33,0.0,2014-11-09
704.91,704.91,704.91,704.91,-1.64,0.0,2014-11-10
716.65,716.65,716.65,716.65,1.67,0.0,2014-11-11
704.91,704.91,704.91,704.91,-1.64,0.0,2014-11-12
706.08,706.08,706.08,706.08,0.17,0.0,2014-11-13
704.91,704.91,704.91,704.91,-0.17,0.0,2014-11-16
694.34,694.34,694.34,694.34,-1.5,0.0,2014-11-17
704.91,704.91,704.91,704.91,1.52,0.0,2014-11-18
704.91,704.91,704.91,704.91,0.0,0.0,2014-11-19
704.91,704.91,704.91,704.91,0.0,0.0,2014-11-20
713.13,713.13,713.13,713.13,1.17,0.0,2014-11-23
704.91,704.91,704.91,704.91,-1.15,0.0,2014-11-24
704.91,704.91,704.91,704.91,0.0,0.0,2014-11-25
701.38,701.38,701.38,701.38,-0.5,0.0,2014-11-30
704.91,704.91,704.91,704.91,0.5,0.0,2014-12-01
704.91,704.91,704.91,704.91,0.0,0.0,2014-12-02
703.73,703.73,703.73,703.73,-0.17,0.0,2014-12-03
702.56,702.56,702.56,702.56,-0.17,0.0,2014-12-04
702.56,702.56,702.56,702.56,0.0,0.0,2014-12-07
699.03,699.03,699.03,699.03,-0.5,0.0,2014-12-08
704.91,704.91,704.91,704.91,0.33,0.0,2014-12-09
704.91,704.91,704.91,704.91,0.0,0.0,2014-12-10
710.78,710.78,710.78,710.78,0.93,0.0,2014-12-11
724.88,724.88,724.88,724.88,1.98,0.0,2014-12-14
728.4,728.4,728.4,728.4,0.49,0.0,2014-12-15
722.53,722.53,722.53,722.53,-0.81,0.0,2014-12-16
720.18,720.18,720.18,720.18,-0.33,0.0,2014-12-17
719.0,719.0,719.0,719.0,-0.16,0.0,2014-12-18
714.3,714.3,714.3,714.3,-0.65,0.0,2014-12-21
706.08,706.08,706.08,706.08,-1.15,0.0,2014-12-22
704.91,704.91,704.91,704.91,-0.17,0.0,2014-12-23
706.06,706.06,706.06,706.06,0.17,0.0,2014-12-24
708.43,708.43,708.43,708.43,0.33,0.0,2014-12-28
723.7,723.7,723.7,723.7,2.16,0.0,2014-12-29
709.61,709.61,709.61,709.61,-1.95,0.0,2015-01-01
708.43,708.43,708.43,708.43,-0.17,0.0,2015-01-04
707.26,707.26,707.26,707.26,-0.17,0.0,2015-01-05
708.43,708.43,708.43,708.43,0.17,0.0,2015-01-06
716.65,716.65,716.65,716.65,1.16,0.0,2015-01-07
719.0,719.0,719.0,719.0,0.33,0.0,2015-01-08
710.78,710.78,710.78,710.78,-1.14,0.0,2015-01-11
722.53,722.53,722.53,722.53,1.65,0.0,2015-01-12
728.4,728.4,728.4,728.4,0.81,0.0,2015-01-13
734.27,734.27,734.27,734.27,0.81,0.0,2015-01-14
746.02,746.02,746.02,746.02,1.6,0.0,2015-01-18
760.11,760.11,760.11,760.11,1.89,0.0,2015-01-19
747.19,747.19,747.19,747.19,-1.7,0.0,2015-01-20
746.02,746.02,746.02,746.02,-0.16,0.0,2015-01-22
751.89,751.89,751.89,751.89,0.79,0.0,2015-01-25
731.92,731.92,731.92,731.92,-2.66,0.0,2015-01-26
737.8,737.8,737.8,737.8,0.8,0.0,2015-01-27
740.15,740.15,740.15,740.15,0.32,0.0,2015-01-28
740.15,740.15,740.15,740.15,0.0,0.0,2015-01-29
748.37,748.37,748.37,748.37,1.11,0.0,2015-02-01
753.07,753.07,753.07,753.07,0.63,0.0,2015-02-02
760.11,760.11,760.11,760.11,0.93,0.0,2015-02-03
751.89,751.89,751.89,751.89,-1.08,0.0,2015-02-04
761.29,761.29,761.29,761.29,1.25,0.0,2015-02-05
761.29,761.29,761.29,761.29,0.0,0.0,2015-02-08
736.62,736.62,736.62,736.62,-3.34,0.0,2015-02-09
746.02,746.02,746.02,746.02,1.28,0.0,2015-02-10
736.62,736.62,736.62,736.62,-1.26,0.0,2015-02-11
741.32,741.32,741.32,741.32,0.64,0.0,2015-02-12
746.02,746.02,746.02,746.02,0.63,0.0,2015-02-15
746.02,746.02,746.02,746.02,0.0,0.0,2015-02-16
746.02,746.02,746.02,746.02,0.0,0.0,2015-02-18
742.5,742.5,742.5,742.5,-0.47,0.0,2015-02-22
743.67,743.67,743.67,743.67,0.16,0.0,2015-02-23
740.15,740.15,740.15,740.15,-0.47,0.0,2015-02-24
737.8,737.8,737.8,737.8,-0.32,0.0,2015-02-25
760.11,760.11,760.11,760.11,3.02,0.0,2015-02-26
746.02,746.02,746.02,746.02,-1.85,0.0,2015-03-01
744.84,744.84,744.84,744.84,-0.16,0.0,2015-03-02
746.02,746.02,746.02,746.02,0.16,0.0,2015-03-03
747.19,747.19,747.19,747.19,0.16,0.0,2015-03-04
748.37,748.37,748.37,748.37,0.16,0.0,2015-03-09
751.89,751.89,751.89,751.89,0.47,0.0,2015-03-10
755.42,755.42,755.42,755.42,0.47,0.0,2015-03-11
755.42,755.42,755.42,755.42,0.0,0.0,2015-03-12
758.94,758.94,758.94,758.94,0.47,0.0,2015-03-15
740.15,740.15,740.15,740.15,-2.48,0.0,2015-03-16
747.19,747.19,747.19,747.19,0.95,0.0,2015-03-17
742.5,742.5,742.5,742.5,-0.63,0.0,2015-03-19
762.46,762.46,762.46,762.46,2.69,0.0,2015-03-22
758.94,758.94,758.94,758.94,-0.46,0.0,2015-03-23
760.11,760.11,760.11,760.11,0.15,0.0,2015-03-24
762.46,762.46,762.46,762.46,0.31,0.0,2015-03-25
706.08,706.08,706.08,706.08,-7.39,0.0,2015-03-26
715.48,715.48,715.48,715.48,1.33,0.0,2015-03-29
704.91,704.91,704.91,704.91,-1.48,0.0,2015-03-30
704.91,704.91,704.91,704.91,0.0,0.0,2015-04-01
693.16,693.16,693.16,693.16,-1.67,0.0,2015-04-02
687.29,687.29,687.29,687.29,-0.85,0.0,2015-04-05
706.08,706.08,706.08,706.08,2.73,0.0,2015-04-06
694.34,694.34,694.34,694.34,-1.66,0.0,2015-04-07
704.91,704.91,704.91,704.91,1.52,0.0,2015-04-08
703.73,703.73,703.73,703.73,-0.17,0.0,2015-04-09
709.61,709.61,709.61,709.61,0.84,0.0,2015-04-12
709.61,709.61,709.61,709.61,0.0,0.0,2015-04-13
714.3,714.3,714.3,714.3,0.66,0.0,2015-04-15
722.53,722.53,722.53,722.53,1.15,0.0,2015-04-16
704.91,704.91,704.91,704.91,-2.44,0.0,2015-04-19
704.91,704.91,704.91,704.91,0.0,0.0,2015-04-20
704.91,704.91,704.91,704.91,0.0,0.0,2015-04-21
716.65,716.65,716.65,716.65,1.67,0.0,2015-04-22
717.83,717.83,717.83,717.83,0.16,0.0,2015-04-23
653.22,653.22,653.22,653.22,-9.0,0.0,2015-05-24
650.87,650.87,650.87,650.87,-0.36,0.0,2015-05-25
675.54,675.54,675.54,675.54,3.79,0.0,2015-05-26
663.8,663.8,663.8,663.8,-1.74,0.0,2015-05-27
675.54,675.54,675.54,675.54,1.77,0.0,2015-05-28
687.29,687.29,687.29,687.29,1.74,0.0,2015-05-31
707.26,707.26,707.26,707.26,2.91,0.0,2015-06-01
710.78,710.78,710.78,710.78,0.5,0.0,2015-06-02
711.96,711.96,711.96,711.96,0.17,0.0,2015-06-03
728.4,728.4,728.4,728.4,2.31,0.0,2015-06-04
717.83,717.83,717.83,717.83,-1.45,0.0,2015-06-07
722.53,722.53,722.53,722.53,0.65,0.0,2015-06-08
730.75,730.75,730.75,730.75,1.14,0.0,2015-06-09
723.7,723.7,723.7,723.7,-0.96,0.0,2015-06-10
722.53,722.53,722.53,722.53,-0.16,0.0,2015-06-14
722.53,722.53,722.53,722.53,0.0,0.0,2015-06-15
722.53,722.53,722.53,722.53,0.0,0.0,2015-06-16
728.4,728.4,728.4,728.4,0.81,0.0,2015-06-17
717.83,717.83,717.83,717.83,-1.45,0.0,2015-06-18
714.3,714.3,714.3,714.3,-0.49,0.0,2015-06-21
720.18,720.18,720.18,720.18,0.82,0.0,2015-06-22
722.53,722.53,722.53,722.53,0.33,0.0,2015-06-23
722.53,722.53,722.53,722.53,0.0,0.0,2015-06-24
722.53,722.53,722.53,722.53,0.0,0.0,2015-06-25
730.75,730.75,730.75,730.75,1.14,0.0,2015-06-28
733.1,733.1,733.1,733.1,0.32,0.0,2015-06-29
733.1,733.1,733.1,733.1,0.0,0.0,2015-06-30
731.92,731.92,731.92,731.92,-0.16,0.0,2015-07-01
728.4,728.4,728.4,728.4,-0.48,0.0,2015-07-02
728.4,728.4,728.4,728.4,0.0,0.0,2015-07-05
729.57,729.57,729.57,729.57,0.16,0.0,2015-07-06
736.62,736.62,736.62,736.62,0.97,0.0,2015-07-07
734.27,734.27,734.27,734.27,-0.32,0.0,2015-07-08
728.4,728.4,728.4,728.4,-0.8,0.0,2015-07-09
728.4,728.4,728.4,728.4,0.0,0.0,2015-07-12
729.57,729.57,729.57,729.57,0.16,0.0,2015-07-13
730.75,730.75,730.75,730.75,0.16,0.0,2015-07-14
728.4,728.4,728.4,728.4,-0.32,0.0,2015-07-15
747.19,747.19,747.19,747.19,2.58,0.0,2015-07-16
722.53,722.53,722.53,722.53,-3.3,0.0,2015-07-22
728.4,728.4,728.4,728.4,0.81,0.0,2015-07-23
740.15,740.15,740.15,740.15,1.61,0.0,2015-07-26
722.53,722.53,722.53,722.53,-2.38,0.0,2015-07-27
724.88,724.88,724.88,724.88,0.33,0.0,2015-07-28
723.7,723.7,723.7,723.7,-0.16,0.0,2015-07-29
737.8,737.8,737.8,737.8,1.95,0.0,2015-07-30
723.7,723.7,723.7,723.7,-1.91,0.0,2015-08-02
720.18,720.18,720.18,720.18,-0.49,0.0,2015-08-03
722.53,722.53,722.53,722.53,0.33,0.0,2015-08-04
717.83,717.83,717.83,717.83,-0.65,0.0,2015-08-05
722.53,722.53,722.53,722.53,0.65,0.0,2015-08-06
728.4,728.4,728.4,728.4,0.81,0.0,2015-08-09
729.57,729.57,729.57,729.57,0.16,0.0,2015-08-13
769.51,769.51,769.51,769.51,5.47,0.0,2015-08-16
798.88,798.88,798.88,798.88,3.82,0.0,2015-08-17
781.26,781.26,781.26,781.26,-2.21,0.0,2015-08-18
823.54,823.54,823.54,823.54,5.41,0.0,2015-08-19
839.99,839.99,839.99,839.99,2.0,0.0,2015-08-20
810.62,810.62,810.62,810.62,-3.5,0.0,2015-08-23
798.88,798.88,798.88,798.88,-1.45,0.0,2015-08-24
823.54,823.54,823.54,823.54,3.09,0.0,2015-08-25
784.78,784.78,784.78,784.78,-4.71,0.0,2015-08-26
764.81,764.81,764.81,764.81,-2.54,0.0,2015-08-27
751.89,751.89,751.89,751.89,-1.69,0.0,2015-08-31
748.37,748.37,748.37,748.37,-0.47,0.0,2015-09-01
776.56,776.56,776.56,776.56,3.77,0.0,2015-09-02
787.13,787.13,787.13,787.13,1.36,0.0,2015-09-03
793.0,793.0,793.0,793.0,0.75,0.0,2015-09-06
781.26,781.26,781.26,781.26,-1.48,0.0,2015-09-07
775.38,775.38,775.38,775.38,-0.75,0.0,2015-09-08
770.69,770.69,770.69,770.69,-0.6,0.0,2015-09-09
774.21,774.21,774.21,774.21,0.46,0.0,2015-09-10
782.43,782.43,782.43,782.43,1.06,0.0,2015-09-13
787.13,787.13,787.13,787.13,0.6,0.0,2015-09-14
780.08,780.08,780.08,780.08,-0.9,0.0,2015-09-15
789.48,789.48,789.48,789.48,1.21,0.0,2015-09-16
787.13,787.13,787.13,787.13,-0.3,0.0,2015-09-17
777.73,777.73,777.73,777.73,-1.19,0.0,2015-09-22
781.26,781.26,781.26,781.26,0.45,0.0,2015-09-23
765.99,765.99,765.99,765.99,-1.95,0.0,2015-09-24
763.64,763.64,763.64,763.64,-0.31,0.0,2015-09-28
765.99,765.99,765.99,765.99,0.31,0.0,2015-09-30
768.34,768.34,768.34,768.34,0.31,0.0,2015-10-01
770.69,770.69,770.69,770.69,0.31,0.0,2015-10-04
763.64,763.64,763.64,763.64,-0.91,0.0,2015-10-05
763.64,763.64,763.64,763.64,0.0,0.0,2015-10-06
755.42,755.42,755.42,755.42,-1.08,0.0,2015-10-07
769.51,769.51,769.51,769.51,1.87,0.0,2015-10-08
756.59,756.59,756.59,756.59,-1.68,0.0,2015-10-11
751.89,751.89,751.89,751.89,-0.62,0.0,2015-10-14
763.64,763.64,763.64,763.64,1.56,0.0,2015-10-15
753.07,753.07,753.07,753.07,-1.38,0.0,2015-10-18
749.54,749.54,749.54,749.54,-0.47,0.0,2015-10-19
742.5,742.5,742.5,742.5,-0.94,0.0,2015-10-27
730.75,730.75,730.75,730.75,-1.58,0.0,2015-10-28
746.02,746.02,746.02,746.02,2.09,0.0,2015-10-29
751.89,751.89,751.89,751.89,0.79,0.0,2015-11-01
763.64,763.64,763.64,763.64,1.56,0.0,2015-11-02
763.64,763.64,763.64,763.64,0.0,0.0,2015-11-03
763.64,763.64,763.64,763.64,0.0,0.0,2015-11-04
769.51,769.51,769.51,769.51,0.77,0.0,2015-11-05
767.16,767.16,767.16,767.16,-0.31,0.0,2015-11-08
765.99,765.99,765.99,765.99,-0.15,0.0,2015-11-09
760.11,760.11,760.11,760.11,-0.77,0.0,2015-11-10
747.19,747.19,747.19,747.19,-1.7,0.0,2015-11-15
757.77,757.77,757.77,757.77,1.42,0.0,2015-11-16
758.94,758.94,758.94,758.94,0.15,0.0,2015-11-18
756.59,756.59,756.59,756.59,-0.31,0.0,2015-11-19
754.24,754.24,754.24,754.24,-0.31,0.0,2015-11-22
809.45,809.45,809.45,809.45,7.32,0.0,2015-11-23
758.94,758.94,758.94,758.94,-6.24,0.0,2015-11-24
757.77,757.77,757.77,757.77,-0.15,0.0,2015-11-25
757.77,757.77,757.77,757.77,0.0,0.0,2015-11-26
756.59,756.59,756.59,756.59,-0.16,0.0,2015-11-29
758.94,758.94,758.94,758.94,0.31,0.0,2015-11-30
763.64,763.64,763.64,763.64,0.62,0.0,2015-12-01
765.99,765.99,765.99,765.99,0.31,0.0,2015-12-02
760.11,760.11,760.11,760.11,-0.77,0.0,2015-12-03
760.11,760.11,760.11,760.11,0.0,0.0,2015-12-06
757.77,757.77,757.77,757.77,-0.31,0.0,2015-12-07
763.64,763.64,763.64,763.64,0.77,0.0,2015-12-08
775.38,775.38,775.38,775.38,1.54,0.0,2015-12-09
757.77,757.77,757.77,757.77,-2.27,0.0,2015-12-10
763.64,763.64,763.64,763.64,0.77,0.0,2015-12-13
769.51,769.51,769.51,769.51,0.77,0.0,2015-12-14
769.51,769.51,769.51,769.51,0.0,0.0,2015-12-15
769.51,769.51,769.51,769.51,0.0,0.0,2015-12-16
769.51,769.51,769.51,769.51,0.0,0.0,2015-12-17
765.99,765.99,765.99,765.99,-0.46,0.0,2015-12-20
769.51,769.51,769.51,769.51,0.46,0.0,2015-12-21
771.86,771.86,771.86,771.86,0.31,0.0,2015-12-22
771.86,771.86,771.86,771.86,0.0,0.0,2015-12-23
770.69,770.69,770.69,770.69,-0.15,0.0,2015-12-24
770.69,770.69,770.69,770.69,0.0,0.0,2015-12-27
769.51,769.51,769.51,769.51,-0.15,0.0,2015-12-28
769.51,769.51,769.51,769.51,0.0,0.0,2015-12-29
769.51,769.51,769.51,769.51,0.0,0.0,2015-12-31
775.38,775.38,775.38,775.38,0.76,0.0,2016-01-03
775.38,775.38,775.38,775.38,0.0,0.0,2016-01-04
775.38,775.38,775.38,775.38,0.0,0.0,2016-01-05
781.26,781.26,781.26,781.26,0.76,0.0,2016-01-06
798.88,798.88,798.88,798.88,2.26,0.0,2016-01-07
812.97,812.97,812.97,812.97,1.76,0.0,2016-01-10
798.88,798.88,798.88,798.88,-1.73,0.0,2016-01-11
793.0,793.0,793.0,793.0,-0.74,0.0,2016-01-12
798.88,798.88,798.88,798.88,0.74,0.0,2016-01-13
787.13,787.13,787.13,787.13,-1.47,0.0,2016-01-14
798.88,798.88,798.88,798.88,1.49,0.0,2016-01-17
798.88,798.88,798.88,798.88,0.0,0.0,2016-01-18
798.88,798.88,798.88,798.88,0.0,0.0,2016-01-19
800.05,800.05,800.05,800.05,0.15,0.0,2016-01-20
804.75,804.75,804.75,804.75,0.59,0.0,2016-01-21
804.75,804.75,804.75,804.75,0.0,0.0,2016-01-24
798.88,798.88,798.88,798.88,-0.73,0.0,2016-01-25
798.88,798.88,798.88,798.88,0.0,0.0,2016-01-26
794.18,794.18,794.18,794.18,-0.59,0.0,2016-01-27
798.88,798.88,798.88,798.88,0.59,0.0,2016-01-28
793.0,793.0,793.0,793.0,-0.74,0.0,2016-01-31
798.88,798.88,798.88,798.88,0.74,0.0,2016-02-01
803.58,803.58,803.58,803.58,0.59,0.0,2016-02-02
804.75,804.75,804.75,804.75,0.15,0.0,2016-02-03
811.8,811.8,811.8,811.8,0.88,0.0,2016-02-04
816.5,816.5,816.5,816.5,0.58,0.0,2016-02-07
816.5,816.5,816.5,816.5,0.0,0.0,2016-02-08
821.2,821.2,821.2,821.2,0.58,0.0,2016-02-11
825.89,825.89,825.89,825.89,0.57,0.0,2016-02-14
822.37,822.37,822.37,822.37,-0.43,0.0,2016-02-15
817.67,817.67,817.67,817.67,-0.57,0.0,2016-02-16
828.24,828.24,828.24,828.24,1.29,0.0,2016-02-17
822.37,822.37,822.37,822.37,-0.71,0.0,2016-02-18
822.37,822.37,822.37,822.37,0.0,0.0,2016-02-21
823.54,823.54,823.54,823.54,0.14,0.0,2016-02-22
822.37,822.37,822.37,822.37,-1.17,0.0,2016-02-23
824.72,824.72,824.72,824.72,0.29,0.0,2016-02-24
828.24,828.24,828.24,828.24,0.43,0.0,2016-02-25
827.07,827.07,827.07,827.07,-0.14,0.0,2016-02-28
823.54,823.54,823.54,823.54,-0.43,0.0,2016-02-29
824.72,824.72,824.72,824.72,0.14,0.0,2016-03-01
828.24,828.24,828.24,828.24,0.43,0.0,2016-03-02
824.72,824.72,824.72,824.72,-0.42,0.0,2016-03-06
822.37,822.37,822.37,822.37,-0.28,0.0,2016-03-10
822.37,822.37,822.37,822.37,0.0,0.0,2016-03-13
823.54,823.54,823.54,823.54,-0.14,0.0,2016-03-14
822.37,822.37,822.37,822.37,-0.14,0.0,2016-03-15
822.37,822.37,822.37,822.37,0.0,0.0,2016-03-16
824.72,824.72,824.72,824.72,0.29,0.0,2016-03-17
825.89,825.89,825.89,825.89,0.14,0.0,2016-03-20
816.5,816.5,816.5,816.5,-1.14,0.0,2016-03-21
816.5,816.5,816.5,816.5,0.0,0.0,2016-03-23
839.99,839.99,839.99,839.99,2.88,0.0,2016-03-24
834.12,834.12,834.12,834.12,-0.7,0.0,2016-03-27
822.37,822.37,822.37,822.37,-1.41,0.0,2016-03-28
822.37,822.37,822.37,822.37,0.0,0.0,2016-03-29
822.37,822.37,822.37,822.37,0.0,0.0,2016-03-30
817.67,817.67,817.67,817.67,-0.57,0.0,2016-03-31
811.8,811.8,811.8,811.8,-0.72,0.0,2016-04-03
823.54,823.54,823.54,823.54,1.45,0.0,2016-04-04
834.12,834.12,834.12,834.12,1.28,0.0,2016-04-05
832.94,832.94,832.94,832.94,-0.14,0.0,2016-04-06
834.12,834.12,834.12,834.12,0.14,0.0,2016-04-10
836.47,836.47,836.47,836.47,0.28,0.0,2016-04-11
839.99,839.99,839.99,839.99,0.42,0.0,2016-04-12
839.99,839.99,839.99,839.99,0.0,0.0,2016-04-14
782.43,782.43,782.43,782.43,-6.85,0.0,2016-04-17
769.51,769.51,769.51,769.51,-1.65,0.0,2016-04-18
775.38,775.38,775.38,775.38,0.76,0.0,2016-04-19
782.43,782.43,782.43,782.43,0.91,0.0,2016-04-20
769.51,769.51,769.51,769.51,-1.65,0.0,2016-04-21
775.38,775.38,775.38,775.38,0.76,0.0,2016-04-24
774.21,774.21,774.21,774.21,-0.15,0.0,2016-04-25
768.34,768.34,768.34,768.34,-0.76,0.0,2016-04-26
768.34,768.34,768.34,768.34,0.0,0.0,2016-04-27
768.34,768.34,768.34,768.34,0.0,0.0,2016-04-28
767.16,767.16,767.16,767.16,-0.15,0.0,2016-05-03
764.81,764.81,764.81,764.81,-0.31,0.0,2016-05-04
764.81,764.81,764.81,764.81,0.0,0.0,2016-05-05
769.51,769.51,769.51,769.51,0.61,0.0,2016-05-08
781.26,781.26,781.26,781.26,1.53,0.0,2016-05-09
781.26,781.26,781.26,781.26,0.0,0.0,2016-05-10
767.16,767.16,767.16,767.16,-1.8,0.0,2016-05-11
770.69,770.69,770.69,770.69,0.46,0.0,2016-05-12
787.13,787.13,787.13,787.13,2.13,0.0,2016-05-15
771.86,771.86,771.86,771.86,-1.94,0.0,2016-05-16
776.56,776.56,776.56,776.56,0.61,0.0,2016-05-17
775.38,775.38,775.38,775.38,-0.15,0.0,2016-05-18
775.38,775.38,775.38,775.38,0.0,0.0,2016-05-19
775.38,775.38,775.38,775.38,0.0,0.0,2016-05-22
773.04,773.04,773.04,773.04,-0.3,0.0,2016-05-23
769.51,769.51,769.51,769.51,-0.46,0.0,2016-05-24
765.99,765.99,765.99,765.99,-0.46,0.0,2016-05-25
764.81,764.81,764.81,764.81,-0.15,0.0,2016-05-26
764.81,764.81,764.81,764.81,0.0,1659900.0,2016-05-29
774.21,774.21,774.21,774.21,1.23,2254670.0,2016-05-30
776.56,776.56,776.56,776.56,0.3,3766560.0,2016-05-31
775.38,775.38,775.38,775.38,-0.15,8969350.0,2016-06-01
777.73,777.73,777.73,777.73,0.3,4377910.0,2016-06-02
773.04,773.04,773.04,773.04,-0.6,1554980.0,2016-06-05
773.04,777.73,770.69,775.38,0.3,4533900.0,2016-06-06
775.38,781.26,775.38,781.26,0.76,9160640.0,2016-06-07
781.26,787.13,765.99,781.26,0.0,6139850.0,2016-06-08
785.96,785.96,785.96,785.96,0.6,5806010.0,2016-06-09
785.96,787.13,780.08,787.13,0.15,9186800.0,2016-06-12
784.78,784.78,784.78,784.78,-0.3,3218980.0,2016-06-13
781.26,781.26,781.26,781.26,-0.45,3651960.0,2016-06-14
783.61,783.61,783.61,783.61,0.3,7162750.0,2016-06-15
783.61,783.61,783.61,783.61,0.0,5430920.0,2016-06-16
783.61,796.53,781.26,793.0,1.2,6754360.0,2016-06-19
793.0,795.35,787.13,793.0,0.0,8535690.0,2016-06-20
797.7,797.7,797.7,797.7,0.59,6466420.0,2016-06-21
797.7,798.88,790.65,790.65,-0.88,5805430.0,2016-06-22
791.83,791.83,791.83,791.83,0.15,4547210.0,2016-06-23
791.83,798.88,788.31,791.83,0.0,7507020.0,2016-06-26
791.83,793.0,783.61,793.0,0.15,6967770.0,2016-06-27
793.0,797.7,789.48,797.7,0.59,3224250.0,2016-06-28
797.7,801.23,794.18,800.05,0.29,8418460.0,2016-06-29
800.05,805.93,798.88,803.58,0.44,10126200.0,2016-06-30
803.58,816.5,808.27,808.27,0.58,4249190.0,2016-07-03
808.27,810.62,798.88,805.93,-0.29,5354850.0,2016-07-04
805.93,816.5,794.18,811.8,0.73,5051900.0,2016-07-05
811.8,816.5,812.97,812.97,0.14,875160.0,2016-07-06
812.97,812.97,812.97,812.97,0.0,2682000.0,2016-07-10
812.97,812.97,774.21,774.21,-4.77,940840.0,2016-07-11
774.21,816.5,789.48,794.18,2.58,3388580.0,2016-07-12
794.18,822.23,798.23,816.16,2.77,17420100.0,2016-07-13
816.16,848.26,810.37,848.26,3.93,166587008.0,2016-07-14
848.26,873.12,843.05,873.12,2.93,130849000.0,2016-07-17
873.12,887.58,847.68,861.85,-1.29,85397104.0,2016-07-18
861.85,867.05,837.27,844.78,-1.98,67148600.0,2016-07-19
844.78,847.68,825.7,829.17,-1.85,50454900.0,2016-07-20
829.17,843.92,828.59,834.95,0.7,22411800.0,2016-07-21
843.92,843.92,843.92,843.92,1.07,21543600.0,2016-07-25
843.92,854.91,839.29,844.78,0.1,0.0,2016-07-26
844.78,849.41,833.51,837.56,-0.86,23261900.0,2016-07-27
837.56,848.83,831.77,833.22,-0.52,12157200.0,2016-07-28
833.22,836.69,829.46,834.37,0.14,17011300.0,2016-07-31
834.37,836.11,825.99,827.72,-0.8,20948800.0,2016-08-01
827.72,832.35,823.1,826.86,-0.1,22612200.0,2016-08-02
826.86,829.75,820.49,823.1,-0.46,19450400.0,2016-08-03
810.95,810.95,810.95,810.95,-1.48,21763400.0,2016-08-04
810.95,829.17,810.95,828.59,2.18,22379700.0,2016-08-07
828.59,826.86,796.49,796.49,-3.87,11419600.0,2016-08-08
811.53,811.53,811.53,811.53,1.89,6415360.0,2016-08-09
811.53,816.73,801.12,816.73,0.64,21695400.0,2016-08-10
816.73,824.25,806.32,815.58,-0.14,19545700.0,2016-08-11
815.58,815.58,789.26,795.05,-2.52,22056300.0,2016-08-14
785.5,785.5,785.5,785.5,-1.2,17329200.0,2016-08-15
785.5,794.18,780.88,792.44,0.88,21359200.0,2016-08-16
792.44,798.81,788.97,798.81,0.8,15519800.0,2016-08-17
794.47,794.47,794.47,794.47,-0.54,6437210.0,2016-08-21
794.47,797.94,769.6,773.36,-2.66,11667500.0,2016-08-22
773.36,785.21,767.57,770.18,-0.41,13014100.0,2016-08-23
770.18,784.35,769.89,779.43,1.2,9781810.0,2016-08-24
779.43,792.44,776.54,781.46,0.26,7125940.0,2016-08-28
781.46,787.24,774.23,782.9,0.18,14316400.0,2016-08-29
786.66,786.66,786.66,786.66,0.48,18916000.0,2016-08-30
786.66,798.23,783.19,791.0,0.55,11215000.0,2016-08-31
791.0,794.76,784.93,787.53,-0.44,10819700.0,2016-09-01
787.53,791.0,782.03,784.64,-0.37,11751000.0,2016-09-04
784.64,794.76,782.61,794.76,1.29,15908700.0,2016-09-05
794.76,795.91,785.5,792.44,-0.29,17462500.0,2016-09-06
792.44,795.34,787.53,793.02,0.07,5220090.0,2016-09-07
793.02,795.34,780.59,785.21,-0.98,10056000.0,2016-09-08
785.21,793.6,779.14,788.4,0.41,27685900.0,2016-09-11
788.4,790.13,779.14,788.4,0.0,15689100.0,2016-09-12
773.36,773.36,773.36,773.36,-1.91,16633000.0,2016-09-14
773.36,786.66,771.33,782.9,1.23,16429800.0,2016-09-18
782.9,784.06,771.91,772.49,-1.33,10767800.0,2016-09-20
772.49,781.74,765.84,772.78,0.04,16701600.0,2016-09-21
772.78,786.66,769.89,777.41,0.6,9868070.0,2016-09-22
777.41,779.72,765.26,766.71,-1.38,5667140.0,2016-09-25
776.25,776.25,776.25,776.25,1.24,7751540.0,2016-09-26
772.2,772.2,772.2,772.2,-0.52,16489900.0,2016-09-27
772.2,772.78,769.31,772.78,0.08,6004280.0,2016-09-28
772.78,773.36,767.57,770.47,-0.3,8395520.0,2016-09-29
770.47,777.98,767.29,776.83,0.83,5839810.0,2016-10-02
776.83,778.56,771.62,775.09,-0.22,3748170.0,2016-10-03
775.09,775.67,763.53,769.6,-0.71,4977810.0,2016-10-04
772.2,772.2,772.2,772.2,0.34,4513320.0,2016-10-05
772.2,784.06,771.04,780.88,1.12,8864250.0,2016-10-06
780.88,781.46,769.02,769.02,-1.52,5412840.0,2016-10-16
769.02,771.04,763.82,769.89,0.11,3889250.0,2016-10-17
780.88,780.88,780.88,780.88,1.43,6977690.0,2016-10-18
780.88,782.61,766.71,773.07,-1.0,8230690.0,2016-10-19
773.07,774.51,766.42,774.51,0.19,5600020.0,2016-10-20
774.51,775.09,760.92,765.26,-1.19,7031610.0,2016-10-23
765.26,769.6,756.87,761.21,-0.53,5012510.0,2016-10-24
761.21,762.95,754.27,761.21,0.0,3376350.0,2016-10-25
761.21,767.0,753.69,762.37,0.15,6426890.0,2016-10-26
762.37,764.68,760.63,764.1,0.23,4087170.0,2016-10-27
764.1,763.53,750.51,754.27,-1.29,4483070.0,2016-11-03
754.27,754.85,750.8,752.83,-0.19,2830670.0,2016-11-07
752.83,761.21,747.91,751.67,-0.15,5098100.0,2016-11-08
751.67,754.56,738.66,740.39,-1.5,7439340.0,2016-11-09
740.39,754.56,740.39,748.78,1.13,9989340.0,2016-11-10
748.78,751.38,744.44,749.36,0.08,7029160.0,2016-11-13
749.36,752.54,739.81,747.91,-0.19,7841740.0,2016-11-14
747.91,761.5,745.02,756.87,1.2,14580800.0,2016-11-15
756.87,762.08,754.56,758.03,0.15,6457560.0,2016-11-16
758.03,756.3,747.33,747.33,-1.41,5569640.0,2016-11-17
747.33,746.75,727.67,742.99,-0.58,16545100.0,2016-11-20
742.99,763.24,736.05,763.24,2.73,6172720.0,2016-11-21
763.24,763.82,742.42,753.4,-1.29,9977650.0,2016-11-22
753.4,754.27,737.5,739.52,-1.84,8439130.0,2016-11-23
739.52,753.4,738.37,753.4,1.88,7129230.0,2016-11-24
753.4,750.51,721.02,734.32,-2.53,6071080.0,2016-11-27
734.32,742.99,718.7,742.99,1.18,15747900.0,2016-11-28
742.99,756.87,730.56,744.73,0.23,4445950.0,2016-11-29
744.73,753.98,744.73,751.09,0.85,8004840.0,2016-11-30
751.09,761.79,740.97,753.12,0.27,15313600.0,2016-12-01
753.12,753.69,738.66,740.97,-1.61,7024480.0,2016-12-04
740.97,742.71,735.19,739.24,-0.23,4336810.0,2016-12-05
739.24,740.68,734.61,739.81,0.08,2507020.0,2016-12-06
739.81,742.71,737.5,742.13,0.31,3559610.0,2016-12-07
742.13,740.39,733.74,735.19,-0.94,2069520.0,2016-12-08
735.19,735.76,732.01,732.58,-0.35,5115610.0,2016-12-11
732.58,734.9,726.22,734.61,0.28,7431290.0,2016-12-12
734.61,738.95,731.72,735.48,0.12,2221250.0,2016-12-14
735.48,738.95,727.38,735.48,0.0,4491480.0,2016-12-15
735.48,739.52,732.01,738.37,0.39,4037170.0,2016-12-18
738.37,740.68,729.11,731.72,-0.9,6259980.0,2016-12-19
731.72,736.63,719.57,734.32,0.36,4989090.0,2016-12-20
734.32,733.74,720.44,729.4,-0.67,0.0,2016-12-21
729.4,766.42,727.09,749.36,2.74,43662000.0,2016-12-22
749.36,749.36,729.69,730.56,-2.51,10994400.0,2016-12-26
730.56,733.16,723.33,727.09,-0.47,13659700.0,2016-12-27
727.09,733.16,724.49,727.67,0.08,9135590.0,2016-12-28
727.67,729.98,723.91,729.4,0.24,44308600.0,2016-12-29
729.4,739.24,727.38,736.92,1.03,100119000.0,2017-01-01
736.92,755.43,734.32,739.81,0.39,13819600.0,2017-01-02
739.81,741.55,735.19,739.24,-0.08,14511800.0,2017-01-03
739.24,741.55,725.35,737.21,-0.27,6605200.0,2017-01-04
737.21,739.24,732.01,736.34,-0.12,15355400.0,2017-01-05
736.34,736.92,727.09,731.14,-0.71,14118600.0,2017-01-08
731.14,734.03,730.27,734.03,0.4,7537560.0,2017-01-09
734.03,756.59,731.43,732.58,-0.2,4970230.0,2017-01-10
732.58,735.48,731.43,734.9,0.32,8309320.0,2017-01-11
734.9,734.9,727.67,732.58,-0.32,5417720.0,2017-01-12
732.58,736.34,727.67,732.29,-0.04,4873450.0,2017-01-15
732.29,732.87,728.82,731.43,-0.12,2132240.0,2017-01-16
731.43,736.05,726.8,728.82,-0.36,4071550.0,2017-01-17
728.82,733.74,726.51,726.51,-0.32,15044900.0,2017-01-18
726.51,731.43,726.51,727.67,0.16,3409580.0,2017-01-19
727.67,732.58,727.67,730.27,0.36,3638610.0,2017-01-22
730.27,731.43,725.35,725.35,-0.67,12764100.0,2017-01-23
725.35,727.09,715.23,718.7,-0.92,8717960.0,2017-01-24
718.7,719.86,711.47,716.39,-0.32,9212420.0,2017-01-25
716.39,715.81,698.75,703.67,-1.78,11483600.0,2017-01-26
703.67,708.29,687.76,688.63,-2.14,14812200.0,2017-01-30
688.63,694.99,675.04,688.34,-0.04,27165200.0,2017-01-31
688.34,713.79,678.22,713.79,3.7,98836000.0,2017-02-01
713.79,718.41,697.59,697.59,-2.27,10083800.0,2017-02-02
697.59,701.64,686.32,688.05,-1.37,11266400.0,2017-02-05
688.05,691.52,684.87,689.79,0.25,8015680.0,2017-02-06
689.79,694.7,683.71,692.97,0.46,28689800.0,2017-02-07
692.97,698.75,681.4,683.71,-1.34,6582540.0,2017-02-08
683.71,696.73,680.24,680.24,-0.51,10274100.0,2017-02-09
680.24,688.92,670.12,674.17,-0.89,8690040.0,2017-02-12
674.17,690.07,660.87,689.5,2.27,6063750.0,2017-02-13
689.5,690.65,672.15,688.63,-0.13,5765940.0,2017-02-14
688.63,692.39,679.66,691.52,0.42,5988510.0,2017-02-15
691.52,693.55,683.71,684.87,-0.96,7372480.0,2017-02-16
684.87,711.18,683.71,709.45,3.59,14675900.0,2017-02-19
709.45,720.15,702.22,703.38,-0.86,15897900.0,2017-02-20
703.38,714.66,697.3,703.09,-0.04,19428300.0,2017-02-21
703.09,706.56,694.41,696.15,-0.99,22640400.0,2017-02-22
696.15,705.98,694.41,699.91,0.54,11832600.0,2017-02-23
699.91,698.75,652.77,658.84,-5.87,4150440.0,2017-02-26
658.84,657.69,646.7,654.51,-0.66,2020070.0,2017-02-28
654.51,659.13,652.77,659.13,0.71,2314320.0,2017-03-01
659.13,658.55,648.14,653.93,-0.79,3101560.0,2017-03-02
653.93,662.31,651.61,653.64,-0.04,2947030.0,2017-03-05
653.64,660.58,650.17,659.42,0.88,3757910.0,2017-03-06
659.42,659.42,652.48,656.53,-0.44,1221640.0,2017-03-07
656.53,659.42,651.9,651.9,-0.7,1655650.0,2017-03-09
651.9,658.27,647.86,649.01,-0.44,1078410.0,2017-03-13
649.01,658.55,646.7,647.28,-0.27,6507740.0,2017-03-14
647.28,653.35,644.96,653.35,0.94,3990140.0,2017-03-15
653.35,662.31,653.35,654.51,0.18,1540970.0,2017-03-16
654.51,663.76,653.35,663.76,1.41,3034380.0,2017-03-19
663.76,667.23,661.16,665.49,0.26,17224600.0,2017-03-20
665.49,669.54,656.82,669.54,0.61,5545090.0,2017-03-21
669.54,677.06,653.64,672.44,0.43,7768350.0,2017-03-22
672.44,672.72,664.05,666.94,-0.82,4859600.0,2017-03-23
666.94,678.22,666.94,673.59,1.0,6370960.0,2017-03-26
673.59,693.83,672.44,683.71,1.5,11627700.0,2017-03-28
683.71,715.23,679.09,682.27,-0.21,20559900.0,2017-03-29
682.27,687.47,675.91,684.29,0.3,8577440.0,2017-03-30
684.29,692.97,681.69,692.1,1.14,2357180.0,2017-04-02
692.1,709.45,682.85,686.6,-0.79,11944800.0,2017-04-03
686.6,688.92,675.62,680.53,-0.88,9234290.0,2017-04-04
680.53,683.71,674.46,680.53,0.0,11633000.0,2017-04-06
680.53,688.92,677.64,682.85,0.34,7271830.0,2017-04-09
682.85,685.45,677.06,681.11,-0.25,9169900.0,2017-04-10
681.11,689.79,678.51,681.4,0.04,6883410.0,2017-04-11
681.4,692.68,679.09,689.79,1.23,6852230.0,2017-04-12
689.79,692.1,679.38,685.74,-0.59,324060.0,2017-04-13
685.74,687.47,678.51,680.82,-0.72,3050300.0,2017-04-16
680.82,680.82,666.36,674.75,-0.89,3940990.0,2017-04-18
674.75,678.22,669.54,673.59,-0.17,4981400.0,2017-04-19
673.59,677.64,668.97,677.06,0.52,6620700.0,2017-04-20
677.06,707.14,668.97,687.47,1.54,7429720.0,2017-04-23
687.47,685.74,674.75,678.8,-1.26,5169490.0,2017-04-24
678.8,678.8,673.01,677.06,-0.26,4332490.0,2017-04-25
677.06,681.69,675.91,679.95,0.43,16141400.0,2017-04-26
679.95,685.74,674.17,675.04,-0.72,4807130.0,2017-04-27
675.04,678.8,674.46,678.8,0.56,2704200.0,2017-04-30
678.8,678.8,675.62,676.48,-0.34,11958000.0,2017-05-02
676.48,683.13,675.91,681.4,0.73,13336400.0,2017-05-03
681.4,682.27,672.44,677.64,-0.55,6978840.0,2017-05-04
677.64,679.95,675.04,677.93,0.04,8097320.0,2017-05-07
677.93,679.38,675.62,677.06,-0.13,4488540.0,2017-05-08
677.06,683.71,675.91,678.51,0.21,6115110.0,2017-05-09
678.51,697.02,677.64,697.02,2.73,10538900.0,2017-05-11
697.02,697.02,681.4,685.45,-1.66,5964500.0,2017-05-15
685.45,685.45,679.95,684.87,-0.08,5578110.0,2017-05-16
684.87,690.94,681.4,688.92,0.59,6760830.0,2017-05-17
688.92,688.34,682.27,687.18,-0.25,7848290.0,2017-05-18
687.18,688.05,681.4,688.05,0.13,8745080.0,2017-05-21
688.05,688.05,678.22,688.05,0.0,3619790.0,2017-05-22
688.05,690.94,683.71,688.63,0.08,7663900.0,2017-05-23
688.63,692.97,686.32,691.23,0.38,12612200.0,2017-05-24
691.23,717.55,688.34,716.97,3.72,12415600.0,2017-05-28
716.97,716.97,689.5,690.07,-3.75,6190550.0,2017-05-30
690.07,698.46,669.54,698.46,1.22,12122300.0,2017-05-31
698.46,699.91,689.5,689.5,-1.28,5797670.0,2017-06-01
689.5,699.04,685.45,690.36,0.13,9781000.0,2017-06-04
690.36,703.38,688.05,694.99,0.67,16008400.0,2017-06-05
694.99,714.66,694.99,710.61,2.25,13394800.0,2017-06-06
710.61,721.88,705.4,710.32,-0.04,3797680.0,2017-06-07
710.32,710.32,700.2,703.67,-0.94,3897320.0,2017-06-08
703.67,705.98,689.5,690.65,-1.85,6783080.0,2017-06-11
690.65,698.17,687.76,688.92,-0.25,5469400.0,2017-06-12
688.92,698.17,686.03,697.02,1.18,4512360.0,2017-06-13
697.02,699.91,691.23,691.23,-0.83,4230270.0,2017-06-14
691.23,695.86,686.6,688.34,-0.42,7126160.0,2017-06-15
688.34,692.68,683.71,686.6,-0.25,3444220.0,2017-06-18
686.6,687.76,681.98,684.29,-0.34,9375800.0,2017-06-19
684.29,690.36,681.98,688.92,0.68,5042560.0,2017-06-20
688.92,691.81,684.58,687.76,-0.17,7284250.0,2017-06-21
687.76,691.23,685.45,688.05,0.04,3511000.0,2017-06-22
688.05,690.65,686.32,688.92,0.13,4554920.0,2017-06-25
688.92,690.36,679.09,689.21,0.04,9372390.0,2017-06-27
689.21,689.79,685.45,687.18,-0.29,3878560.0,2017-06-28
687.18,689.79,683.42,689.79,0.38,28449600.0,2017-07-02
689.79,691.52,685.16,686.03,-0.55,19225700.0,2017-07-03
686.03,686.32,684.29,686.03,0.0,3961250.0,2017-07-04
686.03,688.63,683.13,686.89,0.13,4349230.0,2017-07-05
686.89,691.23,685.16,691.23,0.63,7391340.0,2017-07-06
691.23,694.7,685.45,690.07,-0.17,10718200.0,2017-07-09
690.07,689.5,684.58,686.03,-0.59,14625700.0,2017-07-10
686.03,690.36,684.87,688.34,0.34,1539270.0,2017-07-11
688.34,688.92,684.87,687.76,-0.08,2905490.0,2017-07-12
687.76,699.62,683.42,699.62,1.72,33969200.0,2017-07-13
699.62,699.04,686.6,694.12,-0.79,1416030.0,2017-07-16
694.12,695.86,685.45,695.28,0.17,2984990.0,2017-07-17
695.28,699.33,691.52,695.86,0.08,30457500.0,2017-07-18
695.86,697.59,687.76,695.28,-0.08,7612440.0,2017-07-19
695.28,698.75,690.94,695.86,0.08,6910890.0,2017-07-20
695.86,702.51,689.5,694.99,-0.12,5752610.0,2017-07-23
694.99,700.2,690.07,694.41,-0.08,8641650.0,2017-07-24
694.41,695.28,691.23,691.23,-0.46,2397470.0,2017-07-25
691.23,693.55,689.5,692.1,0.13,5064740.0,2017-07-26
692.1,693.26,688.34,692.68,0.08,7128700.0,2017-07-27
692.68,693.26,689.21,692.39,-0.04,3633420.0,2017-07-30
692.39,697.59,690.65,697.59,0.75,8272470.0,2017-07-31
697.59,710.32,698.46,707.14,1.37,11023100.0,2017-08-01
707.14,707.14,703.67,706.56,-0.08,3532880.0,2017-08-02
706.56,712.05,705.98,708.0,0.2,5222720.0,2017-08-03
708.0,714.66,704.24,713.79,0.82,8927140.0,2017-08-06
713.79,727.67,708.58,727.67,1.94,18221300.0,2017-08-07
727.67,728.25,722.75,726.22,-0.2,17672300.0,2017-08-09
726.22,727.09,720.44,722.46,-0.52,14868700.0,2017-08-10
722.46,727.67,716.68,721.6,-0.12,6840690.0,2017-08-13
721.6,724.78,713.5,715.81,-0.8,7573610.0,2017-08-15
715.81,724.78,710.61,717.84,0.28,5523380.0,2017-08-16
717.84,717.84,710.61,713.5,-0.6,8390290.0,2017-08-17
713.5,718.7,710.61,710.61,-0.41,4208720.0,2017-08-20
710.61,713.79,710.03,711.18,0.08,1447060.0,2017-08-21
711.18,725.07,709.45,718.7,1.06,5893140.0,2017-08-22
718.7,723.04,716.1,720.15,0.2,9466480.0,2017-08-23
720.15,723.91,718.99,723.91,0.52,6023530.0,2017-08-24
723.91,723.62,716.97,717.55,-0.88,2819590.0,2017-08-27
717.55,721.88,715.52,715.52,-0.28,4987350.0,2017-08-28
715.52,723.04,710.61,717.55,0.28,4764680.0,2017-08-30
717.55,718.41,712.05,715.81,-0.24,6501900.0,2017-08-31
715.81,717.55,707.14,710.9,-0.69,4544670.0,2017-09-04
710.9,722.46,710.03,720.15,1.3,7159120.0,2017-09-06
720.15,721.6,715.23,716.1,-0.56,7636740.0,2017-09-07
716.1,718.13,708.87,713.21,-0.4,8562350.0,2017-09-10
713.21,719.28,707.43,712.05,-0.16,6858190.0,2017-09-11
712.05,714.66,707.71,714.66,0.37,7628920.0,2017-09-12
714.66,715.52,708.58,708.58,-0.85,6034240.0,2017-09-13
708.58,719.57,698.46,718.99,1.47,5428190.0,2017-09-14
718.99,728.54,712.05,718.41,-0.08,5698250.0,2017-09-17
718.41,723.62,714.08,716.68,-0.24,2431890.0,2017-09-18
716.68,723.04,712.63,723.04,0.89,4101710.0,2017-09-20
723.04,725.07,718.99,721.31,-0.24,4760990.0,2017-09-24
721.31,725.64,719.86,721.88,0.08,2371810.0,2017-09-25
721.88,724.49,720.15,724.49,0.36,1955430.0,2017-09-26
724.49,727.67,721.6,725.93,0.2,1658580.0,2017-10-03
725.93,732.87,722.75,732.29,0.88,2442320.0,2017-10-04
732.29,730.56,715.52,727.09,-0.71,7018720.0,2017-10-08
727.09,734.32,724.49,732.01,0.68,4930020.0,2017-10-09
732.01,740.68,728.54,740.68,1.18,5561340.0,2017-10-10
740.68,766.13,737.79,749.65,1.21,6716110.0,2017-10-11
749.65,788.4,747.91,779.72,4.01,37430400.0,2017-10-12
779.72,785.21,775.09,781.46,0.22,11417400.0,2017-10-15
781.46,784.06,772.2,781.74,0.04,12257700.0,2017-10-16
781.74,786.95,777.41,782.03,0.04,17723700.0,2017-10-17
782.03,794.47,779.14,791.29,1.18,15039100.0,2017-10-18
791.29,814.13,791.29,801.7,1.32,9077720.0,2017-10-22
801.7,815.58,796.2,815.58,1.73,36587600.0,2017-10-23
815.58,867.34,824.25,857.51,5.14,97085800.0,2017-10-24
857.51,859.24,832.93,836.4,-2.46,67094900.0,2017-10-25
836.4,838.13,824.25,833.51,-0.35,32051100.0,2017-10-29
833.51,832.35,825.99,830.62,-0.35,15385600.0,2017-10-30
830.62,836.98,822.52,836.4,0.7,18817100.0,2017-10-31
836.4,839.29,822.81,836.98,0.07,16745100.0,2017-11-01
836.98,836.98,820.49,829.17,-0.93,15942200.0,2017-11-02
829.17,831.77,800.54,817.6,-1.4,28669200.0,2017-11-05
817.6,818.76,800.54,818.47,0.11,25982100.0,2017-11-06
818.47,819.05,812.69,814.13,-0.53,19975300.0,2017-11-07
814.13,812.98,802.28,811.24,-0.35,14126800.0,2017-11-08
811.24,816.16,802.56,809.79,-0.18,4478980.0,2017-11-09
809.79,816.73,797.65,815.0,0.64,9013300.0,2017-11-12
815.0,846.81,813.26,833.51,2.27,23601900.0,2017-11-13
833.51,844.78,832.93,840.45,0.83,31839900.0,2017-11-14
840.45,854.33,831.19,845.36,0.58,34865900.0,2017-11-15
845.36,860.11,833.22,841.6,-0.44,11205300.0,2017-11-16
841.6,841.03,831.19,833.8,-0.93,6588690.0,2017-11-19
833.8,836.69,826.86,836.69,0.35,5213770.0,2017-11-20
836.69,841.03,826.86,831.19,-0.66,5359720.0,2017-11-21
836.69,840.45,826.86,830.33,-0.1,23894500.0,2017-11-22
830.33,838.71,830.33,835.24,0.59,6274600.0,2017-11-23
835.24,849.41,836.4,848.83,1.63,13430300.0,2017-11-26
848.83,864.45,841.03,853.46,0.55,14708000.0,2017-11-27
853.46,887.87,850.86,887.87,4.03,22276200.0,2017-11-28
887.87,902.62,876.31,891.05,0.36,67644496.0,2017-11-29
891.05,907.54,885.85,891.92,0.1,27790900.0,2017-11-30
891.92,905.8,877.75,884.69,-0.81,6967800.0,2017-12-04
884.69,885.27,870.23,881.8,-0.33,10110200.0,2017-12-05
881.8,889.61,880.06,883.53,0.2,37797600.0,2017-12-06
883.53,896.55,879.2,885.56,0.23,40818700.0,2017-12-10
885.56,889.03,872.84,886.43,0.1,19211300.0,2017-12-11
886.43,894.23,876.31,878.91,-0.85,31983600.0,2017-12-12
878.91,893.66,871.97,889.32,1.18,24221500.0,2017-12-13
889.32,915.92,884.98,902.91,1.53,15699200.0,2017-12-14
902.91,911.58,890.19,911.58,0.96,19798800.0,2017-12-17
911.58,931.25,898.57,920.26,0.95,31678800.0,2017-12-18
920.26,928.36,883.82,883.82,-3.96,81051800.0,2017-12-19
883.82,902.33,872.84,872.84,-1.24,45178800.0,2017-12-20
872.84,887.58,847.1,849.7,-2.65,36622300.0,2017-12-21
849.7,860.69,832.35,841.6,-0.95,28893100.0,2017-12-24
841.6,856.35,830.33,848.54,0.83,72661600.0,2017-12-26
848.54,848.54,806.04,828.01,-2.42,39502600.0,2017-12-27
828.01,835.82,826.28,829.17,0.14,104097000.0,2017-12-28
829.17,815.29,768.15,773.36,-6.73,14928000.0,2017-12-31
773.36,792.44,770.18,772.49,-0.11,9649640.0,2018-01-01
772.49,785.5,766.42,776.83,0.56,16432400.0,2018-01-02
776.83,780.88,757.16,757.45,-2.49,44092800.0,2018-01-03
757.45,778.85,756.01,773.36,2.1,6204250.0,2018-01-04
773.36,777.58,767.3,772.79,-0.07,5694440.0,2018-01-07
772.79,803.53,774.24,785.55,1.65,17544500.0,2018-01-08
785.55,803.94,774.66,790.51,0.63,15408300.0,2018-01-09
790.51,794.75,783.07,783.07,-0.94,12759500.0,2018-01-10
783.07,793.96,779.96,786.73,0.47,13794300.0,2018-01-14
786.73,786.73,772.16,777.57,-1.16,6181100.0,2018-01-16
777.57,777.57,766.83,766.83,-1.38,5700590.0,2018-01-17
766.83,772.98,755.94,768.59,0.23,9860340.0,2018-01-21
768.59,780.13,764.29,764.29,-0.56,6585170.0,2018-01-22
764.29,768.29,761.38,763.93,-0.05,5345780.0,2018-01-23
763.93,774.82,761.51,769.01,0.67,5004110.0,2018-01-24
769.01,777.65,763.69,767.56,-0.19,7007960.0,2018-01-25
767.56,770.71,758.85,764.53,-0.39,6284670.0,2018-01-28
764.53,764.81,755.95,761.52,-0.39,12456400.0,2018-01-29
761.52,763.29,755.95,755.95,-0.73,6403770.0,2018-01-31
755.95,765.83,754.98,765.83,1.31,6154550.0,2018-02-01
765.83,777.11,764.41,766.47,0.08,25153500.0,2018-02-04
765.83,767.43,760.67,762.96,-0.46,3703930.0,2018-02-05
762.96,763.44,759.26,762.68,-0.04,7466380.0,2018-02-06
762.68,761.9,753.68,753.68,-1.18,10706000.0,2018-02-07
753.68,761.65,747.38,761.65,1.06,9737620.0,2018-02-08
761.65,765.58,752.21,753.67,-1.05,4742180.0,2018-02-11
753.67,761.41,753.67,757.66,0.53,7146860.0,2018-02-12
757.66,758.38,753.23,756.12,-0.2,5479340.0,2018-02-14
756.12,777.18,755.88,763.48,0.97,7678020.0,2018-02-15
763.48,765.9,753.52,753.52,-1.3,6298240.0,2018-02-18
753.52,763.69,753.52,753.9,0.05,4785120.0,2018-02-20
753.9,758.98,745.93,747.38,-0.86,7687400.0,2018-02-21
747.38,754.16,744.61,752.39,0.67,6746640.0,2018-02-22
752.39,756.89,745.04,748.42,-0.53,5608080.0,2018-02-25
748.42,755.93,739.26,739.45,-1.2,6172730.0,2018-02-26
739.45,754.05,738.49,751.35,1.61,7464100.0,2018-02-27
751.35,752.6,730.42,741.2,-1.35,29416900.0,2018-02-28
741.2,739.02,710.67,727.28,-1.88,18682700.0,2018-03-04
727.28,737.45,714.92,717.09,-1.4,14718400.0,2018-03-05
717.09,727.26,698.09,711.8,-0.74,18527900.0,2018-03-06
711.8,723.7,709.06,714.89,0.43,20483400.0,2018-03-07
714.89,715.37,702.09,704.14,-1.5,12431200.0,2018-03-11
704.14,713.1,698.6,699.69,-0.63,20866400.0,2018-03-12
699.69,712.62,699.69,706.81,1.02,11063200.0,2018-03-13
706.81,709.47,704.87,708.76,0.28,7025430.0,2018-03-14
708.76,741.92,708.76,712.77,0.57,10979500.0,2018-03-15
712.77,723.9,704.19,711.45,-0.18,10771800.0,2018-03-18
711.45,720.17,703.32,714.96,0.49,32839400.0,2018-03-19
714.96,725.91,701.29,707.88,-0.99,10732500.0,2018-03-20
707.88,717.32,689.32,698.03,-1.39,15049700.0,2018-03-21
698.03,699.48,682.27,692.76,-0.76,18041500.0,2018-03-22
692.76,690.97,662.49,670.82,-3.17,20928600.0,2018-03-26
670.82,694.62,655.84,674.7,0.58,14336800.0,2018-03-27
674.7,686.62,666.71,677.57,0.42,12115500.0,2018-03-28
677.57,687.81,675.73,677.54,0.0,9224690.0,2018-03-29
677.57,688.19,664.0,671.87,-0.84,18033600.0,2018-04-01
671.87,679.85,668.86,671.27,-0.09,7570330.0,2018-04-02
671.27,680.23,669.58,677.08,0.87,15104600.0,2018-04-03
677.08,688.66,675.63,687.89,1.6,14933800.0,2018-04-04
687.89,697.9,686.99,695.81,1.15,9386920.0,2018-04-05
695.81,711.75,689.73,711.75,2.29,15690300.0,2018-04-08
711.75,726.77,706.82,714.66,0.41,22558200.0,2018-04-09
714.66,721.2,698.48,711.51,-0.44,9765410.0,2018-04-10
711.51,721.67,702.15,709.67,-0.26,1097000.0,2018-04-11
709.67,713.69,704.74,713.69,0.57,6929880.0,2018-04-12
713.69,718.98,706.77,718.98,0.74,3911530.0,2018-04-15
718.98,726.01,714.33,717.77,-0.17,4641620.0,2018-04-16
717.77,746.87,714.54,739.76,3.06,40330100.0,2018-04-17
739.76,765.96,738.21,747.57,1.06,28189600.0,2018-04-18
747.57,789.92,747.57,777.23,3.97,37991000.0,2018-04-19
777.23,802.11,775.1,789.8,1.62,19953900.0,2018-04-22
789.8,804.59,762.14,773.03,-2.12,37239700.0,2018-04-23
773.03,783.19,766.2,766.2,-0.88,7903390.0,2018-04-24
766.2,781.69,762.57,766.92,0.09,15710700.0,2018-04-25
766.92,776.26,748.95,754.38,-1.64,11707400.0,2018-04-26
754.38,765.27,741.28,745.68,-1.15,13215000.0,2018-04-29
745.68,767.46,743.83,761.76,2.16,6351050.0,2018-05-02
761.76,767.69,756.26,758.8,-0.39,18840900.0,2018-05-03
758.8,759.77,749.87,752.19,-0.87,7733700.0,2018-05-06
752.19,761.63,748.9,752.53,0.05,14205000.0,2018-05-07
752.53,756.41,749.39,752.59,0.01,13742500.0,2018-05-08
752.59,755.52,749.05,752.68,0.01,3742870.0,2018-05-09
752.68,752.68,746.22,746.22,-0.86,3069310.0,2018-05-10
746.22,757.28,746.82,749.85,0.49,14354600.0,2018-05-14
749.85,755.17,744.02,749.32,-0.07,2115510.0,2018-05-15
749.32,753.94,748.11,753.94,0.62,14926400.0,2018-05-16
753.94,768.46,749.34,751.47,-0.33,8114620.0,2018-05-17
751.47,763.82,747.12,751.15,-0.04,5065550.0,2018-05-20
751.15,755.96,750.26,755.96,0.64,27058700.0,2018-05-21
755.96,760.9,747.33,750.61,-0.71,15631900.0,2018-05-22
750.61,756.69,745.58,752.93,0.31,5257740.0,2018-05-23
752.93,752.99,748.16,748.16,-0.63,9307470.0,2018-05-24
748.16,752.27,733.57,735.25,-1.73,7401890.0,2018-05-27
735.25,755.61,734.28,752.77,2.38,10056400.0,2018-05-28
752.77,765.11,745.51,751.31,-0.19,9121860.0,2018-05-29
751.31,759.5,748.43,750.52,-0.1,3460190.0,2018-05-30
751.31,755.16,732.07,745.91,-0.61,30411200.0,2018-05-31
745.91,743.6,717.32,728.14,-2.38,15634800.0,2018-06-03
728.14,752.29,714.77,752.29,3.32,4723840.0,2018-06-04
752.29,743.98,726.54,743.28,-1.2,3115360.0,2018-06-06
743.28,745.9,727.72,728.5,-1.99,4234020.0,2018-06-07
728.5,729.95,717.19,719.37,-1.25,25945600.0,2018-06-10
719.37,730.4,717.53,722.85,0.48,12149800.0,2018-06-11
722.85,725.03,717.77,722.85,0.0,14841500.0,2018-06-12
722.85,722.12,715.35,719.68,-0.44,10021400.0,2018-06-13
722.85,727.48,717.4,723.46,0.53,11532900.0,2018-06-14
723.46,723.46,714.33,714.33,-1.26,1833140.0,2018-06-17
714.33,719.59,713.16,719.59,0.74,2954960.0,2018-06-18
719.59,720.5,712.37,716.13,-0.48,5287410.0,2018-06-19
716.13,716.36,708.22,708.22,-1.1,7232700.0,2018-06-20
708.22,715.48,706.08,715.48,1.02,4620420.0,2018-06-21
715.48,715.43,711.43,712.88,-0.36,2915580.0,2018-06-24
712.88,713.37,709.01,709.78,-0.43,2012480.0,2018-06-25
709.78,710.64,704.47,704.47,-0.75,4596190.0,2018-06-26
704.47,712.23,699.41,708.65,0.59,2428060.0,2018-06-27
708.65,709.19,704.48,705.79,-0.4,12896900.0,2018-06-28
705.79,710.63,699.01,702.33,-0.49,8816880.0,2018-07-01
702.33,704.27,699.91,701.12,-0.17,5570130.0,2018-07-02
701.12,704.49,695.56,701.83,0.1,6775140.0,2018-07-03
701.83,706.55,698.4,705.94,0.59,4095380.0,2018-07-04
705.94,714.42,705.45,714.42,1.2,10129700.0,2018-07-05
714.42,718.36,711.13,715.77,0.19,9033360.0,2018-07-08
715.77,716.26,710.24,710.51,-0.73,5616670.0,2018-07-09
710.51,712.63,697.48,708.52,-0.28,15399000.0,2018-07-10
708.52,714.33,701.04,709.17,0.09,51088900.0,2018-07-11
709.17,709.07,702.99,708.66,-0.07,10990300.0,2018-07-12
708.66,710.56,702.33,710.56,0.27,5957720.0,2018-07-15
710.56,712.34,707.66,707.89,-0.38,2432080.0,2018-07-16
707.89,715.39,699.66,712.84,0.7,5013710.0,2018-07-17
712.84,714.42,704.68,711.46,-0.19,5141630.0,2018-07-18
711.46,711.22,707.59,710.49,-0.14,2037310.0,2018-07-19
710.49,710.76,703.29,703.78,-0.94,8748430.0,2018-07-22
703.78,713.94,701.85,713.41,1.37,9439860.0,2018-07-23
713.41,718.19,709.29,715.67,0.32,23970700.0,2018-07-24
715.67,718.09,711.09,715.6,-0.01,5639910.0,2018-07-25
715.6,725.76,708.31,715.04,-0.08,10866900.0,2018-07-26
715.04,722.01,715.04,721.4,0.89,16980900.0,2018-07-29
721.4,728.88,717.75,719.15,-0.31,16696200.0,2018-07-30
719.15,718.67,710.92,716.69,-0.34,6773280.0,2018-07-31
716.69,717.43,707.62,711.97,-0.66,4069800.0,2018-08-01
711.97,721.24,707.53,707.58,-0.62,5476890.0,2018-08-02
707.58,714.07,706.56,714.07,0.92,5620120.0,2018-08-05
714.07,715.03,708.17,709.34,-0.66,3208190.0,2018-08-06
709.34,713.16,710.0,711.75,0.34,4043640.0,2018-08-07
711.75,713.93,710.24,713.01,0.18,3933700.0,2018-08-08
713.01,713.97,709.13,712.59,-0.06,7803260.0,2018-08-09
712.59,714.05,703.15,707.87,-0.66,4593620.0,2018-08-12
707.87,720.65,704.62,714.84,0.98,5923270.0,2018-08-13
714.84,716.29,709.19,711.45,-0.47,4719120.0,2018-08-14
711.45,727.06,710.49,726.27,2.08,4255740.0,2018-08-15
726.27,734.5,714.9,723.63,-0.36,7611830.0,2018-08-16
723.63,723.15,710.46,717.92,-0.79,4136980.0,2018-08-19
717.92,719.37,708.4,713.24,-0.65,5766410.0,2018-08-20
713.24,715.69,708.84,714.65,0.2,4092610.0,2018-08-21
714.65,721.18,707.43,712.52,-0.3,2063340.0,2018-08-22
712.52,717.59,712.51,717.59,0.71,4451600.0,2018-08-23
717.59,716.11,713.52,714.89,-0.38,6186630.0,2018-08-26
714.89,716.29,707.82,714.09,-0.11,3565050.0,2018-08-28
714.09,715.54,706.44,709.59,-0.63,2567670.0,2018-08-29
709.59,715.86,705.08,715.86,0.88,5614170.0,2018-08-30
715.86,717.31,707.14,713.96,-0.26,2054270.0,2018-09-02
713.96,718.18,709.06,713.66,-0.04,6283300.0,2018-09-03
713.66,716.58,710.27,714.61,0.13,3488400.0,2018-09-04
714.61,723.68,712.56,721.26,0.93,6125120.0,2018-09-05
721.26,735.79,716.77,735.31,1.95,15126600.0,2018-09-06
735.31,734.82,720.7,727.23,-1.1,5252520.0,2018-09-09
727.23,727.23,718.29,723.56,-0.5,3889120.0,2018-09-10
723.56,734.42,723.07,727.28,0.51,2037320.0,2018-09-11
727.28,739.55,724.62,734.47,0.99,15746700.0,2018-09-12
734.47,766.37,735.41,756.76,3.03,17973200.0,2018-09-13
756.76,764.74,754.88,757.3,0.07,18186600.0,2018-09-16
757.3,760.49,746.55,754.82,-0.33,12214900.0,2018-09-17
754.82,757.24,748.53,757.24,0.32,10922800.0,2018-09-18
757.24,759.95,749.74,759.07,0.24,3829600.0,2018-09-20
759.07,760.48,748.27,750.08,-1.18,8567370.0,2018-09-23
750.08,754.43,747.39,748.62,-0.19,15357300.0,2018-09-25
748.14,757.58,745.43,748.82,0.09,12945400.0,2018-09-26
748.82,750.75,744.31,746.25,-0.34,7262610.0,2018-09-27
746.25,746.54,739.61,741.19,-0.68,10355900.0,2018-09-30
741.19,742.96,734.07,734.79,-0.86,7146490.0,2018-10-01
734.79,743.53,730.35,742.56,1.06,9506670.0,2018-10-02
742.56,745.1,732.35,733.81,-1.18,4932310.0,2018-10-03
733.81,738.33,721.46,733.03,-0.11,5187130.0,2018-10-04
733.03,739.45,724.44,733.95,0.13,10878900.0,2018-10-07
733.95,748.16,728.95,730.0,-0.54,6937640.0,2018-10-08
730.0,744.55,730.25,741.69,1.6,6220760.0,2018-10-09
741.69,745.08,736.37,740.24,-0.2,8638610.0,2018-10-10
740.24,745.56,736.17,745.56,0.72,5417410.0,2018-10-11
745.56,750.04,746.2,749.83,0.57,3012570.0,2018-10-14
749.83,750.31,741.11,744.74,-0.68,7340860.0,2018-10-15
744.74,751.28,744.74,749.97,0.7,651867.0,2018-10-21
749.97,750.17,742.7,750.0,0.0,1043410.0,2018-10-22
750.0,754.6,743.71,744.64,-0.71,904588.0,2018-10-23
744.64,754.6,742.95,753.14,1.14,7134600.0,2018-10-24
753.14,753.14,743.87,743.87,-1.23,8407080.0,2018-10-25
743.87,745.32,736.85,742.46,-0.19,5949370.0,2018-10-28
742.46,742.95,731.57,735.2,-0.98,5062340.0,2018-10-29
735.2,740.33,734.72,740.33,0.7,2601580.0,2018-10-30
740.33,743.87,735.49,743.34,0.41,1360790.0,2018-10-31
743.34,742.47,737.11,740.94,-0.32,1264000.0,2018-11-01
740.94,745.17,736.19,745.17,0.57,4200590.0,2018-11-04
745.17,748.32,742.46,748.07,0.39,1105910.0,2018-11-05
747.43,747.43,747.43,747.43,0.09,279756.0,2018-11-06
758.32,758.32,744.52,748.15,0.1,2958330.0,2018-11-11
747.67,748.15,738.96,738.96,-1.23,1125620.0,2018-11-12
737.43,751.71,733.8,746.0,0.95,3506050.0,2018-11-13
745.52,746.75,744.16,746.0,0.95,1140760.0,2018-11-14
755.45,755.53,740.13,742.95,-0.41,7692790.0,2018-11-15
743.43,744.4,735.68,735.85,-0.96,2111530.0,2018-11-18
737.3,741.8,735.44,738.37,0.34,13247400.0,2018-11-19
727.48,738.61,727.48,732.08,-0.86,1943240.0,2018-11-20
731.59,735.53,725.02,735.07,0.41,5516390.0,2018-11-21
731.44,738.95,730.69,738.54,0.47,6985650.0,2018-11-22
739.02,739.02,727.97,730.82,-1.05,5174870.0,2018-11-25
730.1,734.56,729.01,730.67,-0.02,16524200.0,2018-11-26
732.13,743.6,731.32,732.6,0.26,2000770.0,2018-11-27
731.94,734.7,728.15,734.7,0.29,7935960.0,2018-11-28
732.64,733.74,724.41,732.43,-0.31,8978950.0,2018-11-29
732.91,733.37,721.07,724.7,-1.06,8967030.0,2018-12-02
725.67,726.24,716.66,725.13,0.06,5825550.0,2018-12-03
725.85,743.81,719.56,743.81,2.58,6642980.0,2018-12-04
742.84,744.29,714.76,715.73,-3.78,5144650.0,2018-12-05
716.22,725.36,711.88,716.6,0.12,3820850.0,2018-12-06
715.64,719.7,715.64,720.72,0.57,1620710.0,2018-12-09
718.3,726.53,713.87,717.93,-0.39,10839800.0,2018-12-10
718.42,720.77,717.71,718.55,0.09,3776670.0,2018-12-11
717.58,719.45,714.84,719.2,0.09,3909510.0,2018-12-12
718.23,721.51,712.85,716.63,-0.36,5554920.0,2018-12-13
715.17,724.52,715.17,720.03,0.47,8835430.0,2018-12-16
719.01,722.2,718.15,721.48,0.2,3833460.0,2018-12-17
719.77,728.41,718.82,726.86,0.75,16686600.0,2018-12-18
725.89,729.39,722.02,726.62,-0.03,3283510.0,2018-12-19
727.15,739.11,723.18,725.62,-0.14,4660900.0,2018-12-20
726.69,742.92,726.69,742.92,2.38,21659000.0,2018-12-23
744.37,761.38,742.38,745.96,0.41,20945000.0,2018-12-24
749.83,749.83,738.7,745.27,-0.09,27791200.0,2018-12-25
745.76,761.63,745.76,761.14,2.13,24925300.0,2018-12-26
762.6,777.92,762.6,772.61,1.51,41333600.0,2018-12-27
774.85,781.9,738.29,739.17,-4.33,45031400.0,2018-12-30
740.62,742.32,726.5,728.74,-1.41,20429200.0,2018-12-31
729.99,742.56,726.85,728.66,-0.01,5591880.0,2019-01-01
728.66,734.66,722.98,722.98,-0.78,3084860.0,2019-01-02
730.25,730.25,721.0,723.28,0.04,19359100.0,2019-01-03
724.74,741.02,724.74,732.83,1.32,30658200.0,2019-01-06
734.42,745.5,732.78,732.78,-0.01,16136400.0,2019-01-07
733.32,738.7,732.89,733.81,0.14,7469220.0,2019-01-08
733.32,733.8,741.36,732.69,-0.15,9995430.0,2019-01-09
732.69,738.58,728.8,733.88,0.16,8838780.0,2019-01-10
735.21,737.6,729.48,736.75,0.39,16999100.0,2019-01-13
736.75,756.66,741.6,756.66,2.7,50881300.0,2019-01-14
761.03,771.49,760.23,768.21,1.53,88207600.0,2019-01-15
768.21,772.16,755.61,755.61,-1.64,71356096.0,2019-01-16
752.73,761.75,751.5,758.09,0.33,24498600.0,2019-01-17
758.35,759.69,748.75,749.72,-1.1,28432900.0,2019-01-20
749.72,751.0,739.4,741.07,-1.15,22419800.0,2019-01-21
744.34,750.01,737.64,743.13,0.28,21723100.0,2019-01-22
742.06,750.52,741.98,746.52,0.46,13212000.0,2019-01-23
746.58,753.99,746.58,753.99,1.0,47198800.0,2019-01-24
751.91,755.59,745.09,746.34,-1.01,17722100.0,2019-01-27
749.53,750.92,745.42,748.6,0.3,6399300.0,2019-01-28
750.05,750.12,746.25,749.89,0.17,18801200.0,2019-01-29
747.22,752.56,742.85,751.22,0.18,24549300.0,2019-01-30
751.38,753.89,748.87,752.47,0.17,45396400.0,2019-01-31
745.93,745.93,735.72,740.09,-1.65,49939500.0,2019-02-03
740.81,750.98,732.05,732.05,-1.09,28448300.0,2019-02-04
735.87,735.91,732.21,735.01,0.4,27507300.0,2019-02-05
733.94,735.16,729.62,731.53,-0.47,12302800.0,2019-02-06
733.93,737.56,726.89,728.98,-0.35,8305960.0,2019-02-07
727.91,729.17,723.03,723.25,-0.79,16187400.0,2019-02-10
721.91,729.35,721.38,725.6,0.32,8626380.0,2019-02-11
735.77,735.77,714.37,720.38,-0.72,4855040.0,2019-02-12
729.82,730.88,716.88,718.55,-0.25,17424100.0,2019-02-13
715.01,715.01,708.47,711.04,-1.05,17124500.0,2019-02-14
715.74,716.8,703.1,703.26,-1.09,13956700.0,2019-02-17
705.43,706.88,693.56,693.62,-1.37,6506450.0,2019-02-18
703.06,720.38,697.02,709.69,2.32,11141900.0,2019-02-19
718.36,718.36,695.99,704.89,-0.6,11141945.0,2019-02-20
714.14,714.14,701.65,706.2,0.19,10404266.0,2019-02-21
705.14,705.67,695.23,695.23,-1.55,5941400.0,2019-02-24
694.7,705.81,694.24,705.81,1.52,5873360.0,2019-02-25
704.75,706.49,695.31,698.05,-1.1,5998000.0,2019-02-26
699.11,712.34,699.11,703.05,0.72,6647750.0,2019-02-27
712.49,712.49,697.54,701.17,-0.27,3151980.0,2019-03-03
704.07,705.14,696.62,698.02,-0.45,7153620.0,2019-03-05
690.22,699.08,689.69,698.55,0.08,5785500.0,2019-03-06
699.08,704.79,697.9,704.28,0.82,11372300.0,2019-03-07
703.21,703.68,700.31,702.62,-0.24,1593630.0,2019-03-10
703.42,705.21,696.54,701.26,-0.19,19112100.0,2019-03-11
701.79,710.84,701.79,708.94,1.1,10561000.0,2019-03-12
710.52,713.62,705.05,706.55,-0.34,22742800.0,2019-03-13
704.42,715.16,703.88,708.85,0.33,22742848.0,2019-03-14
710.71,717.27,705.82,708.03,-0.12,6752760.0,2019-03-17
708.76,711.59,706.86,707.4,-0.09,6685960.0,2019-03-18
714.07,715.18,703.07,703.07,-0.61,25428700.0,2019-03-19
708.15,709.22,702.34,703.84,0.11,11427900.0,2019-03-21
703.31,704.76,699.26,702.43,-0.2,14058100.0,2019-03-24
701.37,703.88,695.51,698.46,-0.57,15265600.0,2019-03-25
705.92,706.98,699.62,703.89,0.78,7682690.0,2019-03-26
704.95,707.93,697.69,703.25,-0.09,2831300.0,2019-03-27
700.68,707.57,700.68,706.72,0.49,6211400.0,2019-03-28
707.25,710.4,700.91,710.4,0.52,12933100.0,2019-03-31
708.54,710.14,701.54,703.69,-0.83,6776300.0,2019-04-01
702.62,711.43,702.62,709.3,0.8,8330280.0,2019-04-02
708.77,713.13,703.89,708.38,-0.13,11645700.0,2019-04-03
707.85,712.69,702.44,708.04,-0.05,6780640.0,2019-04-04
704.41,709.18,702.28,708.04,0.0,5204840.0,2019-04-07
716.75,716.75,702.5,705.48,-0.36,10480900.0,2019-04-08
706.01,708.0,701.17,702.0,-0.49,7192350.0,2019-04-09
700.94,709.11,698.76,708.73,0.96,3657730.0,2019-04-10
711.3,711.3,701.01,705.7,-0.43,7114340.0,2019-04-11
712.96,712.96,698.5,700.42,-0.75,6980750.0,2019-04-15
701.48,705.33,700.25,703.34,0.42,13013600.0,2019-04-16
708.58,710.9,702.2,703.07,-0.04,9098420.0,2019-04-17
702.01,707.85,701.48,704.26,0.17,7869470.0,2019-04-18
704.8,713.97,701.94,713.97,1.38,8810960.0,2019-04-21
715.03,724.01,704.31,709.0,-0.7,22727800.0,2019-04-22
701.74,711.45,701.74,706.87,-0.3,9015560.0,2019-04-23
706.34,715.34,705.59,711.03,0.59,6796330.0,2019-04-24
708.95,717.94,707.89,717.03,0.84,19206300.0,2019-04-25
710.5,732.74,709.43,722.66,0.79,16469100.0,2019-04-28
732.82,743.52,716.9,725.98,0.46,17267800.0,2019-04-29
725.45,726.9,716.93,719.08,-0.95,8383440.0,2019-04-30
718.02,721.59,707.36,717.74,-0.19,12570200.0,2019-05-02
708.3,724.01,707.24,718.87,0.16,5409830.0,2019-05-05
719.4,723.22,716.16,718.02,-0.12,5054290.0,2019-05-06
726.2,728.33,718.93,727.49,1.32,33836100.0,2019-05-07
735.47,739.38,721.94,731.06,0.49,31030800.0,2019-05-08
729.57,740.54,722.02,730.1,-0.13,22074800.0,2019-05-09
729.57,730.71,721.47,729.79,-0.04,7593170.0,2019-05-12
739.42,745.88,727.03,744.51,2.02,38918100.0,2019-05-13
741.26,751.57,741.26,744.6,0.01,36972000.0,2019-05-14
743.0,759.72,737.92,752.72,1.09,67533400.0,2019-05-15
752.29,763.52,746.53,752.41,-0.04,28790500.0,2019-05-16
761.13,761.13,746.45,754.37,0.26,28712000.0,2019-05-19
764.54,770.15,752.93,757.13,0.37,44530900.0,2019-05-20
753.5,765.55,752.43,755.96,-0.15,34736700.0,2019-05-21
757.03,767.15,757.03,764.09,1.08,56520400.0,2019-05-22
764.62,774.55,747.06,765.02,0.12,47912400.0,2019-05-23
766.61,771.84,753.31,753.31,-1.53,19820100.0,2019-05-26
749.05,759.0,741.06,756.3,0.4,19344400.0,2019-05-27
747.59,760.66,747.59,754.95,-0.18,21125500.0,2019-05-28
756.55,758.68,750.22,757.37,0.32,30266500.0,2019-05-29
760.42,777.84,753.06,759.44,0.27,53072500.0,2019-05-30
747.1,754.89,742.64,747.04,-1.63,21697700.0,2019-06-02
755.02,755.02,739.52,743.03,-0.54,11704100.0,2019-06-03
733.93,744.09,733.93,738.01,-0.68,7999530.0,2019-06-04
729.92,766.14,729.92,739.55,0.21,13346300.0,2019-06-06
742.17,745.84,724.77,732.94,-0.89,25403700.0,2019-06-10
731.98,734.11,725.68,727.76,-0.71,6484600.0,2019-06-11
732.85,734.44,725.19,729.73,0.27,10658100.0,2019-06-12
734.8,734.8,720.4,729.41,-0.04,5541760.0,2019-06-13
728.88,728.88,719.04,722.28,-0.98,10567800.0,2019-06-16
719.38,727.29,718.85,724.55,0.31,6667290.0,2019-06-17
728.19,728.19,719.06,719.11,-0.75,11065700.0,2019-06-18
726.37,727.44,719.11,721.54,0.34,2721620.0,2019-06-19
728.07,728.07,722.02,725.79,0.59,4175990.0,2019-06-20
725.26,725.26,717.78,717.83,-1.1,5051140.0,2019-06-23
717.78,726.52,717.25,726.52,1.21,6771910.0,2019-06-24
725.45,726.71,720.37,725.11,-0.19,4012040.0,2019-06-25
724.58,727.97,721.68,725.57,0.06,16641500.0,2019-06-26
727.17,729.54,723.47,728.28,0.37,15604100.0,2019-06-27
737.0,737.0,721.33,724.89,-0.47,11679200.0,2019-06-30
717.24,725.31,715.11,720.9,-0.55,11809100.0,2019-07-01
719.11,722.2,715.77,719.35,-0.22,12803900.0,2019-07-02
718.82,732.25,718.82,727.92,1.19,9491070.0,2019-07-03
722.83,731.55,719.47,722.25,-0.78,43449200.0,2019-07-04
722.25,722.78,716.94,721.79,-0.06,11861600.0,2019-07-07
722.32,722.32,715.11,718.62,-0.44,11162000.0,2019-07-08
721.28,724.48,714.0,719.88,0.18,11841000.0,2019-07-09
722.28,724.07,712.47,712.95,-0.96,56712000.0,2019-07-10
713.49,720.02,710.83,710.83,-0.3,14564300.0,2019-07-11
710.3,722.4,710.3,713.08,0.32,28157000.0,2019-07-14
715.26,717.24,713.06,716.34,0.46,6078690.0,2019-07-15
742.62,742.62,714.9,718.57,0.31,6991040.0,2019-07-16
717.5,726.36,717.5,721.49,0.41,13047200.0,2019-07-17
720.96,724.0,718.96,720.75,-0.1,3640430.0,2019-07-18
721.82,727.97,717.78,723.58,0.39,4727390.0,2019-07-21
722.25,725.64,721.41,725.64,0.28,7558640.0,2019-07-22
726.18,731.06,721.29,724.99,-0.09,11835200.0,2019-07-23
725.26,728.15,722.83,728.15,0.44,5783580.0,2019-07-24
726.55,726.66,721.02,723.01,-0.71,5277330.0,2019-07-25
725.14,725.14,712.14,715.57,-1.03,5881520.0,2019-07-28
718.48,722.21,713.95,717.77,0.31,2466840.0,2019-07-29
711.96,725.03,711.96,719.01,0.17,7602850.0,2019-07-30
717.41,722.45,715.38,721.29,0.32,4101120.0,2019-07-31
723.47,724.0,717.86,718.39,-0.4,5275880.0,2019-08-01
716.79,718.0,713.81,716.88,-0.21,4467890.0,2019-08-04
716.35,717.22,712.02,713.97,-0.41,6055010.0,2019-08-05
713.44,716.15,712.38,712.38,-0.22,5691620.0,2019-08-06
710.78,716.88,709.13,714.7,0.33,9670860.0,2019-08-07
716.3,720.07,709.36,709.36,-0.75,5276580.0,2019-08-08
715.17,717.83,708.21,711.24,0.27,4962090.0,2019-08-11
713.42,714.68,708.03,710.39,-0.12,13895000.0,2019-08-12
710.92,713.1,705.62,705.62,-0.67,5069060.0,2019-08-13
705.09,709.9,700.76,705.54,-0.01,6542410.0,2019-08-14
707.0,707.0,692.86,698.86,-0.95,7884480.0,2019-08-15
698.33,701.42,687.72,687.72,-1.59,7769030.0,2019-08-18
686.23,696.44,685.16,692.44,0.69,8942280.0,2019-08-19
690.84,691.9,685.65,687.1,-0.77,3092750.0,2019-08-20
694.36,699.12,686.57,694.01,1.01,9771770.0,2019-08-21
703.45,703.45,690.16,696.3,0.33,3298180.0,2019-08-22
698.87,698.87,686.57,696.23,-0.01,17158800.0,2019-08-25
695.16,695.16,687.03,691.75,-0.64,3489460.0,2019-08-26
692.28,697.83,688.9,693.13,0.2,8446200.0,2019-08-27
702.57,702.57,685.19,686.04,-1.02,6006090.0,2019-08-28
686.57,689.67,683.71,685.89,-0.02,10137800.0,2019-08-29
685.36,687.87,677.35,681.39,-0.66,8335640.0,2019-09-01
682.45,702.39,669.45,674.02,-1.08,12845100.0,2019-09-02
675.09,675.09,659.86,673.97,-0.01,16781500.0,2019-09-03
673.97,680.08,668.22,671.83,-0.32,29621300.0,2019-09-04
674.26,678.61,666.09,671.48,-0.05,14474500.0,2019-09-05
671.48,674.34,662.14,664.33,-1.06,11981400.0,2019-09-08
664.86,669.5,651.25,653.49,-1.63,7696920.0,2019-09-09
653.49,655.67,643.08,651.72,-0.27,6126380.0,2019-09-10
651.72,652.3,646.82,651.39,-0.05,4773280.0,2019-09-11
652.46,652.46,641.89,645.72,-0.87,10982600.0,2019-09-12
655.88,656.41,633.07,640.78,-0.77,4204240.0,2019-09-15
640.25,660.33,624.12,624.12,-2.6,7585580.0,2019-09-16
645.17,653.16,638.91,644.38,3.25,16236900.0,2019-09-17
653.1,671.69,644.28,655.52,1.73,11437300.0,2019-09-18
665.69,668.68,638.74,638.74,-2.56,21292200.0,2019-09-19
647.45,656.16,630.77,639.42,0.11,4132300.0,2019-09-22
645.96,646.79,637.78,643.37,0.62,2157390.0,2019-09-23
647.73,647.73,633.54,637.43,-0.92,2668340.0,2019-09-24
637.43,645.83,630.89,640.61,0.5,3151400.0,2019-09-25
631.9,645.57,631.9,640.41,-0.03,5983810.0,2019-09-26
646.22,653.67,638.63,642.72,0.36,1627890.0,2019-09-29
647.07,647.07,630.46,635.89,-1.06,1936320.0,2019-09-30
644.61,649.69,639.86,645.01,1.43,14819400.0,2019-10-01
658.08,659.14,643.04,651.05,0.94,2315580.0,2019-10-02
659.76,659.76,643.04,652.34,0.2,1645060.0,2019-10-03
661.05,661.05,640.79,648.28,-0.62,1011750.0,2019-10-10
656.27,659.99,639.65,646.07,-0.34,9166490.0,2019-10-14
654.78,663.49,649.0,651.7,0.87,1593170.0,2019-10-15
656.06,656.06,643.18,643.18,-1.31,1410240.0,2019-10-16
660.61,660.61,639.82,640.58,-0.4,4975390.0,2019-10-17
639.52,639.52,637.87,637.87,-0.42,853090.0,2019-10-20
636.8,645.39,636.8,639.57,0.27,3003320.0,2019-10-21
642.48,642.48,635.94,636.15,-0.53,2592590.0,2019-10-22
639.12,650.01,639.12,640.89,0.75,2238650.0,2019-10-23
640.89,651.42,640.89,649.39,1.33,1483950.0,2019-10-24
649.39,656.12,643.79,651.9,0.39,3666010.0,2019-10-31
656.98,656.98,641.53,646.61,-0.81,4301140.0,2019-11-03
653.87,654.4,641.62,644.15,-0.38,3300110.0,2019-11-04
643.08,647.18,638.92,641.1,-0.47,2803980.0,2019-11-05
640.57,642.36,634.3,634.3,-1.06,2670830.0,2019-11-06
634.83,636.75,630.6,630.6,-0.58,5240680.0,2019-11-07
639.31,644.39,629.81,636.28,0.9,4737770.0,2019-11-10
636.08,639.26,631.13,635.68,-0.09,3458040.0,2019-11-11
636.4,640.23,633.64,635.62,-0.01,6183980.0,2019-11-12
644.33,644.33,633.05,635.68,0.01,4596450.0,2019-11-13
644.39,644.39,634.16,634.42,-0.2,2114620.0,2019-11-14
641.69,641.69,630.79,636.94,0.4,5609850.0,2019-11-17
642.19,642.19,633.48,636.6,-0.05,4736640.0,2019-11-18
631.52,640.29,631.52,638.26,0.26,4180420.0,2019-11-19
638.79,647.58,635.55,635.55,-0.42,2295200.0,2019-11-20
638.45,638.99,632.8,636.16,0.1,5774550.0,2019-11-21
635.09,635.62,630.56,631.49,-0.73,5347240.0,2019-11-24
632.56,640.55,629.39,636.52,0.8,5781770.0,2019-11-25
641.61,643.2,629.79,632.58,-0.62,5550720.0,2019-11-26
633.65,642.79,629.67,642.79,0.99,4456950.0,2019-11-27
643.52,643.52,635.74,640.18,-0.41,4856800.0,2019-11-28
640.18,645.95,637.26,644.33,0.65,1968520.0,2019-12-01
646.5,646.5,637.79,642.25,-0.32,2520900.0,2019-12-02
641.72,646.92,637.91,639.51,-0.43,3940380.0,2019-12-03
639.51,645.12,634.88,645.12,0.88,5119000.0,2019-12-04
645.45,651.82,645.45,649.33,0.65,1775860.0,2019-12-05
647.87,670.98,640.81,668.8,3.0,3364170.0,2019-12-08
666.62,670.42,652.45,668.06,-0.11,9530880.0,2019-12-09
677.49,677.49,654.24,656.83,-1.68,4544220.0,2019-12-10
665.54,670.62,653.2,661.97,0.78,4890980.0,2019-12-11
671.4,671.4,657.48,660.02,-0.45,5202740.0,2019-12-12
669.46,679.72,649.52,662.31,0.35,4720790.0,2019-12-15
663.37,663.37,645.61,647.99,-2.16,8574060.0,2019-12-16
654.53,656.56,646.2,650.28,0.35,2531830.0,2019-12-17
649.75,654.08,648.24,650.96,0.1,2915580.0,2019-12-18
657.5,658.03,643.16,645.95,-0.77,2873350.0,2019-12-19
649.58,654.27,644.16,651.76,0.9,4469640.0,2019-12-22
656.01,683.4,656.01,683.4,4.85,41397800.0,2019-12-23
687.13,710.81,681.22,683.78,0.06,116136000.0,2019-12-24
681.11,692.56,681.11,685.88,0.31,24675400.0,2019-12-25
693.86,694.03,682.67,685.63,-0.04,11993900.0,2019-12-26
685.09,690.18,685.09,687.12,0.22,11085900.0,2019-12-29
688.23,695.03,685.2,693.65,0.95,40173800.0,2019-12-30
693.65,695.99,662.96,665.46,-4.06,19760800.0,2019-12-31
664.4,667.71,657.36,663.68,-0.27,19056400.0,2020-01-01
656.38,656.91,651.64,651.71,-1.8,16666600.0,2020-01-02
650.01,658.4,647.4,654.47,0.42,27019900.0,2020-01-05
654.47,662.25,652.17,658.03,0.54,17263100.0,2020-01-06
656.96,662.85,655.4,659.54,0.23,10619800.0,2020-01-07
663.9,672.61,657.03,659.88,0.05,15172900.0,2020-01-08
659.35,663.64,654.54,657.32,-0.39,7255590.0,2020-01-09
656.26,675.25,653.55,675.25,2.73,28310500.0,2020-01-12
697.75,699.45,675.51,682.24,1.04,91575300.0,2020-01-13
689.5,700.73,677.0,687.44,0.76,79634100.0,2020-01-14
688.09,690.98,682.55,686.6,-0.12,34269900.0,2020-01-15
687.66,699.12,681.64,687.4,0.12,27327500.0,2020-01-16
686.73,698.68,685.39,697.26,1.43,53091000.0,2020-01-19
698.33,699.24,678.86,683.73,-1.94,44089500.0,2020-01-20
686.07,695.85,674.31,676.29,-1.09,16901200.0,2020-01-21
678.69,679.76,672.17,670.34,-0.88,18594900.0,2020-01-22
670.34,688.3,668.96,672.06,0.26,24158000.0,2020-01-23
675.26,677.28,662.27,665.34,-1.0,13713400.0,2020-01-26
664.61,673.92,662.84,670.49,0.77,11503000.0,2020-01-27
677.75,687.71,672.58,674.53,0.6,50274400.0,2020-01-28
674.86,683.3,669.26,672.54,-0.3,19676900.0,2020-01-29
681.25,692.72,673.38,674.46,0.29,28754600.0,2020-01-30
674.47,678.16,673.62,677.62,0.29,25252300.0,2020-02-02
679.38,688.09,675.46,678.06,0.06,22492900.0,2020-02-03
678.32,684.36,675.45,678.95,0.13,27239300.0,2020-02-04
681.95,690.42,675.46,690.08,1.64,69287600.0,2020-02-05
686.89,695.55,684.18,686.87,-0.47,33858800.0,2020-02-06
686.34,687.35,679.13,682.82,-0.59,35201500.0,2020-02-09
690.08,691.52,682.78,688.17,0.78,45108000.0,2020-02-10
690.77,694.56,688.79,694.56,0.93,59888400.0,2020-02-11
690.93,708.09,690.93,704.75,1.47,104174000.0,2020-02-12
708.33,718.28,702.81,704.99,0.03,65225200.0,2020-02-13
713.7,713.7,701.91,702.3,-0.38,48619800.0,2020-02-16
702.3,718.72,702.3,708.51,0.88,51879000.0,2020-02-17
715.77,716.3,702.23,706.17,-0.33,35398700.0,2020-02-18
723.59,723.59,699.97,710.72,0.64,38923100.0,2020-02-19
713.0,722.29,709.59,719.76,1.27,97929100.0,2020-02-20
727.17,744.38,725.98,744.38,3.42,135276000.0,2020-02-23
750.01,781.7,747.31,753.42,1.21,77995300.0,2020-02-24
757.15,811.89,746.68,800.46,6.24,141260000.0,2020-02-25
811.72,842.27,809.95,821.95,2.68,160203000.0,2020-02-26
830.67,830.67,800.29,799.42,-2.64,80908800.0,2020-02-27
850.97,850.97,783.19,783.19,-2.03,96887800.0,2020-03-01
793.35,793.35,752.4,752.4,-3.93,62629100.0,2020-03-02
745.24,769.33,727.2,752.25,-0.02,66346900.0,2020-03-03
760.97,763.83,723.76,723.76,-3.79,59652500.0,2020-03-04
720.24,734.74,711.78,725.76,0.28,43487100.0,2020-03-05
735.2,735.2,695.65,696.38,-4.05,29176000.0,2020-03-10
700.63,733.27,693.01,716.16,2.84,43648800.0,2020-03-11
719.22,726.48,696.26,700.94,-2.13,47844700.0,2020-03-12
691.81,697.39,681.66,682.71,-2.6,39516500.0,2020-03-15
688.52,693.77,675.47,686.34,0.53,47875900.0,2020-03-16
695.06,695.06,669.5,671.55,-2.15,46985300.0,2020-03-17
670.49,680.66,659.07,667.01,-0.68,37199400.0,2020-03-18
667.01,679.52,660.75,672.66,0.85,56771400.0,2020-03-19
681.37,688.63,671.47,679.93,1.08,3745510.0,2020-03-22
671.22,671.22,660.52,660.52,-2.85,89068000.0,2020-05-12
651.8,651.8,641.76,641.76,-2.84,1095270.0,2020-05-13
633.78,675.66,630.67,661.82,3.13,5991350.0,2020-06-29
654.63,685.79,651.88,685.79,3.62,10243000.0,2020-06-30
677.09,713.58,677.09,706.73,3.05,34272100.0,2020-07-01
731.66,734.33,675.34,675.34,-4.44,83441700.0,2020-07-02
674.21,711.64,671.64,695.17,2.94,180547000.0,2020-07-05
696.68,724.79,696.68,724.79,4.26,168368000.0,2020-07-06
729.71,751.94,729.71,751.84,3.73,112771000.0,2020-07-07
760.92,772.05,747.82,749.05,-0.37,275479000.0,2020-07-08
751.69,757.3,741.78,755.91,0.92,168174000.0,2020-07-09
755.91,771.26,754.45,763.69,1.03,171627000.0,2020-07-12
766.38,773.5,756.16,759.79,-0.51,117892000.0,2020-07-13
758.66,764.14,753.93,757.79,-0.26,122772000.0,2020-07-14
757.79,768.96,757.72,768.53,1.42,119995000.0,2020-07-15
777.99,779.03,763.61,775.31,0.88,115372000.0,2020-07-16
785.15,824.65,785.15,824.65,6.36,26939700.0,2020-07-19
852.3,861.83,799.21,802.55,-2.75,218880000.0,2020-07-20
802.55,808.76,789.94,798.75,-0.47,149911000.0,2020-07-21
799.89,803.51,780.08,784.42,-1.79,178043000.0,2020-07-22
784.42,789.52,777.01,789.18,0.61,127911000.0,2020-07-23
779.73,800.47,779.73,802.98,1.75,254588000.0,2020-07-26
806.76,815.47,802.44,808.69,0.71,183709000.0,2020-07-27
808.69,815.55,801.11,807.72,-0.12,112439000.0,2020-07-28
809.58,812.66,803.11,805.84,-0.23,258776000.0,2020-07-29
810.0,820.18,804.59,810.54,0.58,248629000.0,2020-07-30
814.7,815.99,797.01,789.28,-1.51,258663000.0,2020-08-02
799.79,804.34,793.52,802.1,0.48,110019000.0,2020-08-03
801.72,802.48,791.28,797.94,-0.52,144949000.0,2020-08-05
797.57,799.46,790.21,794.89,-0.38,127412000.0,2020-08-06
794.89,804.45,787.93,804.45,1.2,107769000.0,2020-08-09
802.18,818.51,802.18,817.08,1.57,158287000.0,2020-08-10
816.7,822.91,812.55,816.51,-0.07,150592000.0,2020-08-11
822.94,822.94,813.01,814.99,-0.19,76557200.0,2020-08-12
814.99,815.94,807.16,809.42,-0.68,90156100.0,2020-08-13
809.8,809.8,798.57,808.31,-0.14,87650100.0,2020-08-16
806.42,818.68,805.13,818.68,1.28,82737400.0,2020-08-17
826.88,835.83,824.79,832.16,1.65,236387000.0,2020-08-18
841.16,841.16,822.23,828.28,-0.47,160220000.0,2020-08-19
829.98,833.96,826.59,828.37,0.01,52030700.0,2020-08-20
828.37,835.02,820.82,832.5,0.5,100479000.0,2020-08-23
832.5,846.08,832.5,844.86,1.48,254168000.0,2020-08-24
844.86,863.43,844.86,863.43,2.2,324029000.0,2020-08-25
868.95,882.87,866.34,880.72,2.0,391453000.0,2020-08-26
880.65,886.3,876.56,880.26,-0.05,265342000.0,2020-08-27
881.02,907.39,873.7,907.39,3.08,476722000.0,2020-08-30
907.63,947.83,907.63,944.78,4.12,378915000.0,2020-08-31
985.88,993.49,971.38,981.9,3.93,761959000.0,2020-09-02
992.85,993.87,968.53,993.87,1.22,522147000.0,2020-09-03
1003.91,1003.91,972.95,981.22,-1.27,541285000.0,2020-09-06
989.37,991.02,972.67,985.01,0.39,460736000.0,2020-09-07
984.12,999.8,979.01,997.56,1.27,414984000.0,2020-09-08
1008.06,1022.23,1003.31,1016.91,1.94,435842000.0,2020-09-09
1021.52,1034.63,1016.37,1017.3,0.04,338236000.0,2020-09-10
1025.54,1026.53,1014.6,1018.17,0.09,468662000.0,2020-09-13
1035.44,1035.44,1016.67,1017.91,-0.03,331671000.0,2020-09-14
1028.43,1028.43,1009.4,1010.52,-0.73,178395000.0,2020-09-15
1010.52,1015.5,1008.15,1012.0,0.15,186392000.0,2020-09-16
1015.24,1022.41,1010.63,1020.69,0.86,231882000.0,2020-09-17
1032.9,1032.9,1008.12,1010.33,-1.01,262689000.0,2020-09-20
1028.52,1028.61,1003.94,1008.9,-0.14,221816000.0,2020-09-21
1012.18,1013.72,998.6,1001.68,-0.72,214998000.0,2020-09-22
988.54,1010.08,987.72,1009.04,0.74,126454000.0,2020-09-23
1012.32,1018.73,1007.13,1017.98,0.89,201975000.0,2020-09-24
1019.33,1025.28,1014.38,1016.44,-0.15,234621000.0,2020-09-27
1012.0,1024.02,1010.64,1016.34,-0.01,126823000.0,2020-09-28
1016.34,1016.7,1008.66,1011.4,-0.49,154045000.0,2020-09-29
1014.0,1014.0,1003.91,1008.64,-0.27,165482000.0,2020-09-30
1008.27,1017.19,1007.4,1011.61,0.29,139388000.0,2020-10-01
1011.61,1026.74,1011.61,1022.76,1.1,301225000.0,2020-10-04
1024.25,1036.59,1023.65,1024.02,0.12,211589000.0,2020-10-05
1027.59,1030.73,1022.14,1026.1,0.2,149660000.0,2020-10-06
1038.83,1038.83,1022.47,1030.8,0.46,221746000.0,2020-10-07
1028.58,1040.69,1022.88,1025.22,-0.57,145747000.0,2020-10-08
1035.85,1036.06,1014.16,1015.93,-0.91,124567000.0,2020-10-11
1014.69,1020.08,1012.48,1014.1,-0.18,101515000.0,2020-10-12
1014.1,1017.33,1011.47,1012.59,-0.15,116650000.0,2020-10-13
1012.22,1014.29,1003.91,1006.69,-0.58,92644100.0,2020-10-14
1006.69,1020.88,1006.69,1013.24,0.65,116299000.0,2020-10-15
1012.98,1019.41,1008.28,1011.7,-0.15,98092100.0,2020-10-18
1011.7,1022.16,1010.92,1019.3,0.75,83305000.0,2020-10-19
1034.94,1034.94,1022.11,1030.7,1.12,126453000.0,2020-10-20
1031.0,1036.47,1027.3,1033.75,0.3,99841100.0,2020-10-21
1037.43,1040.16,1028.22,1039.02,0.51,111769000.0,2020-10-22
1038.73,1053.59,1036.26,1053.59,1.4,121667000.0,2020-10-28
1054.8,1066.26,1051.77,1059.42,0.55,165276000.0,2020-10-29
1061.1,1068.45,1054.43,1064.78,0.51,203353000.0,2020-11-01
1069.29,1070.46,1060.55,1061.5,-0.31,187359000.0,2020-11-02
1061.65,1081.17,1059.04,1076.3,1.39,224902000.0,2020-11-03
1078.37,1084.43,1077.11,1081.69,0.5,175034000.0,2020-11-04
1088.07,1089.4,1077.03,1081.02,-0.06,220746000.0,2020-11-05
1085.25,1109.29,1079.71,1109.29,2.63,453596000.0,2020-11-08
1116.29,1161.8,1114.34,1155.93,4.2,791378000.0,2020-11-09
1167.47,1204.5,1165.77,1204.5,4.2,624131000.0,2020-11-10
1210.06,1254.18,1207.12,1254.18,4.12,611473000.0,2020-11-11
1254.39,1294.17,1241.85,1282.57,2.26,726727000.0,2020-11-12
1265.31,1315.26,1257.65,1312.54,2.34,780350000.0,2020-11-18
1313.1,1382.46,1313.1,1370.69,4.43,810345000.0,2020-11-19
1381.9,1411.16,1330.0,1372.04,0.1,1157440000.0,2020-11-22
1376.51,1376.51,1345.9,1355.97,-1.17,677506000.0,2020-11-23
1359.13,1421.4,1359.13,1417.47,4.54,749222000.0,2020-11-24
1421.2,1516.66,1419.52,1512.69,6.72,835494000.0,2020-11-25
1538.63,1581.93,1510.4,1528.05,1.02,1057700000.0,2020-11-26
1547.56,1552.77,1507.78,1528.3,0.02,954527000.0,2020-11-29
1545.42,1579.78,1516.65,1568.58,2.64,740603000.0,2020-11-30
1578.26,1676.52,1557.61,1676.27,6.87,1242080000.0,2020-12-01
1709.22,1824.61,1709.22,1817.16,8.4,795113000.0,2020-12-02
1834.8,1872.49,1770.9,1797.85,-1.06,1655750000.0,2020-12-03
1790.24,1790.24,1633.76,1633.76,-9.13,1630040000.0,2020-12-06
1627.43,1721.62,1582.77,1714.25,4.93,1530610000.0,2020-12-07
1736.37,1784.8,1674.13,1695.73,-1.08,900192000.0,2020-12-08
1710.15,1710.15,1635.67,1648.88,-2.76,700813000.0,2020-12-09
1622.82,1685.66,1622.82,1662.05,0.8,573170000.0,2020-12-10
1662.05,1687.67,1646.98,1677.35,0.92,639779000.0,2020-12-13
1678.17,1746.34,1678.17,1740.74,3.78,847773000.0,2020-12-14
1711.42,1788.44,1711.42,1721.85,-1.09,642050000.0,2020-12-15
1764.34,1764.34,1695.21,1695.83,-1.51,426661000.0,2020-12-16
1675.73,1693.19,1658.21,1663.38,-1.91,1187080000.0,2020-12-17
1707.9,1707.9,1522.49,1534.21,-8.39,1276750000.0,2020-12-20
1506.24,1579.93,1451.64,1562.06,2.51,1064320000.0,2020-12-21
1565.79,1642.97,1565.79,1640.86,5.04,636726000.0,2020-12-22
1645.7,1682.36,1604.15,1604.52,-2.21,427395000.0,2020-12-23
1630.99,1630.99,1557.46,1568.44,-2.25,406411000.0,2020-12-24
1582.14,1587.2,1522.88,1525.26,-2.75,531457000.0,2020-12-27
1525.26,1541.71,1502.62,1524.29,-0.06,518717000.0,2020-12-28
1539.76,1600.59,1539.76,1574.36,3.29,325295000.0,2020-12-29
1591.39,1652.38,1591.39,1648.04,4.68,382370000.0,2020-12-30
1662.84,1732.03,1654.56,1671.92,1.45,757515000.0,2020-12-31
1694.74,1776.4,1693.9,1775.36,6.19,830129000.0,2021-01-03
1829.05,1846.12,1766.3,1785.21,0.55,906773000.0,2021-01-04
1762.39,1804.17,1762.39,1779.55,-0.32,485331000.0,2021-01-05
1781.4,1806.94,1779.76,1785.88,0.36,391004000.0,2021-01-06
1786.46,1811.2,1777.93,1782.23,-0.2,507363000.0,2021-01-07
1781.52,1810.72,1774.0,1785.39,0.18,477624000.0,2021-01-10
1811.74,1820.57,1763.27,1770.7,-0.82,313843000.0,2021-01-11
1778.12,1784.97,1765.49,1777.18,0.37,337794000.0,2021-01-12
1795.77,1799.66,1779.32,1789.27,0.68,536541000.0,2021-01-13
1824.25,1857.9,1820.72,1850.4,3.4,870208000.0,2021-01-17
1872.1,1875.8,1850.27,1861.82,0.62,526626000.0,2021-01-18
1900.81,1903.66,1827.72,1833.69,-1.51,881215000.0,2021-01-19
1880.1,1880.1,1819.45,1821.92,-0.64,526574000.0,2021-01-20
1874.45,1874.45,1823.07,1839.39,0.96,547435000.0,2021-01-21
1868.95,1952.2,1868.95,1944.14,5.69,984337000.0,2021-01-24
1965.96,2016.71,1960.9,1975.74,1.63,585395000.0,2021-01-25
2037.64,2037.64,1942.35,1948.95,-1.36,592317000.0,2021-01-26
1956.19,1963.43,1926.93,1946.76,-0.11,496944000.0,2021-01-27
1953.69,1973.72,1934.2,1935.73,-0.57,732842000.0,2021-01-28
1946.77,1946.77,1904.03,1910.14,-1.32,636655000.0,2021-01-31
1924.8,1973.61,1919.29,1964.23,2.83,846904000.0,2021-02-01
1982.04,2049.0,1977.4,2044.62,4.07,1076280000.0,2021-02-02
2072.52,2083.92,2011.31,2027.05,-0.86,809015000.0,2021-02-03
2024.72,2046.5,1997.94,2028.59,0.08,566980000.0,2021-02-04
2043.7,2085.53,2031.49,2082.52,2.66,724309000.0,2021-02-07
2139.71,2139.71,2090.07,2092.2,0.47,633881000.0,2021-02-08
2068.84,2121.81,2053.07,2058.53,-1.61,573273000.0,2021-02-09
2053.14,2065.72,2045.43,2056.99,-0.3,415528000.0,2021-02-10
2048.12,2070.8,2034.91,2034.91,-1.07,435271000.0,2021-02-11
2057.07,2057.07,1972.93,1988.88,-2.23,638564000.0,2021-02-14
2011.37,2069.91,2036.24,2051.48,3.15,511990000.0,2021-02-15
2080.07,2094.57,2045.52,2057.03,0.27,576060000.0,2021-02-16
2034.66,2101.95,2034.66,2067.46,0.51,1059420000.0,2021-02-17
2083.25,2139.86,2083.25,2121.27,2.6,1037730000.0,2021-02-18
2152.57,2179.82,2144.27,2161.18,1.88,1015930000.0,2021-02-21
2224.37,2248.69,2182.62,2189.04,1.29,750516000.0,2021-02-22
2235.09,2235.09,2092.67,2137.93,-2.33,1225400000.0,2021-02-23
2121.96,2170.9,1742.81,2126.53,-0.51,916434000.0,2021-02-24
2147.06,2147.06,2083.91,2089.76,-1.73,1167710000.0,2021-02-25
2089.76,2106.57,2008.4,2008.4,-3.89,1226240000.0,2021-02-28
2051.03,2058.84,1973.28,2036.02,1.38,750576000.0,2021-03-01
2036.02,2056.44,1972.08,1992.79,-2.12,659004000.0,2021-03-02
1959.48,1998.2,1903.94,1908.44,-4.23,859967000.0,2021-03-03
1909.34,2012.31,1905.74,2012.31,5.44,1014380000.0,2021-03-04
2023.41,2040.22,1958.87,1994.59,-0.88,770039000.0,2021-03-07
1994.59,1999.4,1943.26,1974.18,-1.02,688303000.0,2021-03-09
1954.37,2021.31,1945.36,2012.91,1.96,1041910000.0,2021-03-10
2012.91,2012.91,1906.34,1916.54,-4.79,666567000.0,2021-03-14
1916.54,1925.25,1878.12,1878.12,-2.0,714605000.0,2021-03-15
1878.12,1900.33,1830.69,1858.01,-1.07,461720000.0,2021-03-16
1835.79,1909.34,1835.79,1905.44,2.55,596866000.0,2021-03-17
1905.44,1946.56,1905.44,1946.56,2.16,581731000.0,2021-03-18
1946.56,2006.3,1946.56,2004.5,2.98,611556000.0,2021-03-21
2023.41,2023.41,1958.27,1973.88,-1.53,495820000.0,2021-03-22
1973.88,1973.88,1941.16,1962.47,-0.58,803998000.0,2021-03-23
2034.22,2034.22,1964.28,1982.89,1.04,1189010000.0,2021-03-24
2023.71,2023.71,1945.66,1945.66,-1.88,1277060000.0,2021-03-25
1987.7,2009.31,1923.45,1926.45,-0.99,1107120000.0,2021-03-29
1895.23,1940.86,1895.23,1936.96,0.5,1102040000.0,2021-03-30
1936.06,1964.88,1934.56,1961.87,1.33,904624000.0,2021-03-31
1961.87,2045.63,1955.87,2025.82,3.26,841856000.0,2021-04-01
2041.43,2094.86,2037.52,2094.86,3.41,1247450000.0,2021-04-04
2095.46,2133.89,2079.85,2127.88,1.58,959572000.0,2021-04-05
2139.29,2139.29,2098.46,2123.98,-0.18,895036000.0,2021-04-06
2152.8,2152.8,2108.67,2108.67,-0.89,789385000.0,2021-04-07
2149.5,2149.5,2083.75,2086.15,-1.07,891422000.0,2021-04-08
2090.66,2076.25,2034.22,2056.44,-1.42,760985000.0,2021-04-12
2056.44,2084.35,2046.23,2048.93,-0.36,609295000.0,2021-04-13
1989.49,2075.65,1989.49,2052.23,0.16,956647000.0,2021-04-15
2072.65,2072.65,2025.82,2031.22,-1.02,921803000.0,2021-04-18
2031.22,2048.03,2001.8,2004.5,-1.32,1173480000.0,2021-04-19
2002.1,2019.81,1983.49,2006.6,0.22,747887000.0,2021-04-20
2006.6,2017.71,1977.48,1989.19,-0.87,787254000.0,2021-04-21
1989.19,2035.42,1962.77,2010.51,1.07,864015000.0,2021-04-22
2008.7,2008.7,1936.36,1963.37,-2.34,1070590000.0,2021-04-25
1952.57,1966.38,1901.83,1908.74,-2.75,917456000.0,2021-04-26
1908.74,1985.89,1904.84,1978.38,3.65,676120000.0,2021-04-27
1921.65,2029.72,1916.84,1996.1,0.9,573584000.0,2021-04-28
2015.31,2051.93,1990.39,2046.83,2.54,593745000.0,2021-04-29
2090.06,2141.69,2038.12,2141.69,4.63,1331610000.0,2021-05-02
2141.69,2171.71,2106.27,2108.97,-1.53,1093210000.0,2021-05-03
2108.97,2124.58,2084.05,2088.86,-0.95,629598000.0,2021-05-04
2119.48,2119.48,2066.64,2068.74,-1.05,469929000.0,2021-05-05
2068.74,2080.45,2035.42,2045.03,-1.15,950213000.0,2021-05-06
2050.43,2050.43,2022.51,2022.51,-1.36,741898000.0,2021-05-09
1979.89,2106.87,1979.89,2102.06,3.93,734339000.0,2021-05-10
2103.87,2180.72,2096.06,2154.6,2.53,1372810000.0,2021-05-11
2161.8,2164.51,2115.27,2135.39,-0.89,932185000.0,2021-05-12
2191.52,2191.52,2118.58,2147.99,0.62,994051000.0,2021-05-13
2159.4,2201.13,2150.7,2193.92,2.14,1751770000.0,2021-05-16
2203.53,2256.67,2194.22,2250.96,2.63,1614660000.0,2021-05-17
2278.58,2283.08,2243.76,2267.47,0.73,1588670000.0,2021-05-18
2277.68,2277.68,2220.94,2239.85,-1.22,1175020000.0,2021-05-19
2258.77,2268.37,2210.44,2246.16,0.08,1007200000.0,2021-05-20
2147.99,2265.67,2147.99,2259.37,0.59,1048390000.0,2021-05-23
2259.37,2266.57,2231.45,2250.06,-0.41,1925080000.0,2021-05-24
2250.06,2250.06,2217.34,2220.94,-1.29,836617000.0,2021-05-25
2189.72,2218.54,2181.32,2196.93,-1.08,959109000.0,2021-05-27
2205.03,2214.34,2139.29,2142.29,-2.49,1141170000.0,2021-05-30
2161.5,2161.5,2089.46,2089.76,-2.45,1034850000.0,2021-05-31
2089.76,2124.88,2064.84,2104.47,0.7,971163000.0,2021-06-01
2137.49,2224.84,2126.49,2224.84,5.24,1984290000.0,2021-06-02
2239.01,2299.3,2208.93,2208.93,-0.72,1787820000.0,2021-06-03
2239.25,2275.88,2226.95,2275.88,3.03,2536290000.0,2021-06-06
2296.89,2297.19,2271.38,2280.98,0.22,1401350000.0,2021-06-07
2298.09,2351.23,2286.08,2326.31,2.0,1714420000.0,2021-06-08
2356.93,2356.93,2279.18,2294.79,-1.36,1288150000.0,2021-06-09
2294.79,2307.1,2267.77,2288.79,-0.26,2003890000.0,2021-06-10
2300.5,2320.61,2271.07,2278.58,-0.38,1043350000.0,2021-06-13
2288.19,2288.19,2256.97,2266.27,-0.54,998449000.0,2021-06-14
2280.98,2382.15,2275.88,2356.63,3.99,1916190000.0,2021-06-15
2333.82,2349.43,2265.07,2286.38,-2.98,1334070000.0,2021-06-16
2287.59,2313.1,2270.47,2313.1,1.17,1288280000.0,2021-06-17
2339.82,2341.62,2264.77,2268.37,-2.2,1356400000.0,2021-06-20
2272.58,2272.58,2178.91,2217.94,-2.4,2224100000.0,2021-06-21
2275.58,2287.59,2214.94,2252.76,1.57,2261740000.0,2021-06-22
2271.98,2271.98,2206.53,2208.33,-1.97,933690000.0,2021-06-23
2230.85,2230.85,2181.92,2184.02,-1.38,938781000.0,2021-06-24
2191.22,2202.03,2143.49,2190.02,0.25,871610000.0,2021-06-27
2250.06,2251.26,2168.41,2188.52,-0.18,720737000.0,2021-06-28
2211.94,2211.94,2122.18,2137.19,-2.35,678780000.0,2021-06-29
2137.19,2155.5,2109.87,2155.5,0.86,489902000.0,2021-06-30
2156.4,2199.03,2149.8,2175.31,1.73,517455000.0,2021-07-01
2175.32,2211.64,2164.51,2190.32,0.69,549489000.0,2021-07-04
2172.31,2209.53,2147.99,2199.03,0.4,518825000.0,2021-07-05
2203.53,2220.04,2183.72,2193.32,-0.46,436885000.0,2021-07-06
2193.32,2211.94,2160.0,2175.01,-0.83,484092000.0,2021-07-07
2222.44,2222.44,2148.6,2163.0,-0.55,439224000.0,2021-07-08
2211.04,2211.04,2167.51,2172.01,0.42,555498000.0,2021-07-11
2172.61,2204.43,2133.59,2140.49,-1.45,546747000.0,2021-07-12
2188.52,2188.52,2131.48,2148.6,0.38,357086000.0,2021-07-13
2148.6,2163.91,2132.08,2138.39,-0.48,273171000.0,2021-07-14
2184.02,2184.02,2122.48,2130.58,-0.37,388334000.0,2021-07-15
2144.09,2170.51,2137.49,2160.3,0.93,531788000.0,2021-07-18
2183.72,2197.83,2167.51,2177.17,0.78,565942000.0,2021-07-19
2179.52,2181.62,2148.29,2148.29,-1.21,356930000.0,2021-07-20
2148.29,2156.7,2136.05,2136.89,-0.53,410357000.0,2021-07-22
2136.89,2157.3,2136.38,2143.49,0.31,556031000.0,2021-07-25
2162.4,2175.01,2130.64,2132.98,-0.49,456996000.0,2021-07-26
2125.18,2201.73,2125.18,2193.32,2.83,800860000.0,2021-07-27
2213.14,2238.95,2197.23,2214.04,0.92,822379000.0,2021-07-28
2211.58,2226.95,2199.33,2201.22,-0.58,603023000.0,2021-07-29
2205.03,2206.23,2168.95,2169.85,-1.43,723794000.0,2021-08-01
2169.91,2181.92,2150.01,2152.5,-0.8,739140000.0,2021-08-02
2152.5,2184.62,2150.7,2177.72,1.17,167986217.0,2021-08-03
2179.52,2179.52,2155.74,2156.7,-0.96,1019850000.0,2021-08-04
2158.2,2169.19,2139.29,2140.79,-0.81,636296000.0,2021-08-05
2141.51,2148.6,2100.38,2120.98,-0.96,801148000.0,2021-08-08
2123.98,2165.71,2123.98,2128.78,0.4,751403000.0,2021-08-09
2151.84,2170.21,2135.09,2140.91,0.41,813054000.0,2021-08-10
2140.91,2163.6,2126.38,2128.48,-0.58,946000000.0,2021-08-11
2133.65,2136.59,2114.07,2117.58,-0.43,1004980000.0,2021-08-12
2109.27,2111.97,2071.44,2076.85,-1.9,1182810000.0,2021-08-15
2076.85,2109.27,2069.94,2080.45,0.17,1093260000.0,2021-08-16
2087.66,2093.96,2034.28,2034.28,-1.71,1253040000.0,2021-08-17
2059.74,2089.88,2033.02,2044.43,0.16,1273470000.0,2021-08-18
2039.92,2142.47,2039.92,2074.15,1.68,1155220000.0,2021-08-19
2099.66,2112.87,2040.22,2050.43,-1.44,692098000.0,2021-08-24
2069.46,2069.46,2012.97,2017.71,-1.6,596126000.0,2021-08-25
2036.44,2036.44,2010.51,2011.71,-0.3,624200000.0,2021-08-26
2030.38,2030.38,1972.38,1975.08,-1.82,565058000.0,2021-08-29
1994.05,1994.05,1905.74,1912.94,-3.18,615544000.0,2021-08-31
1918.35,1954.07,1900.27,1912.64,-0.08,500866000.0,2021-09-01
1912.64,1947.46,1861.91,1875.12,-1.96,627807000.0,2021-09-02
1892.53,1892.53,1767.17,1791.96,-4.43,661366000.0,2021-09-05
1791.96,1942.21,1791.96,1942.21,8.38,564638000.0,2021-09-06
1981.0,1981.0,1884.12,1961.87,1.01,390198000.0,2021-09-07
1981.27,1981.27,1886.22,1898.53,-3.23,334840000.0,2021-09-08
1915.76,1924.05,1870.91,1876.02,-1.19,236986000.0,2021-09-09
1888.03,1929.93,1878.81,1889.44,0.97,389131000.0,2021-09-12
1907.24,1913.24,1869.47,1881.72,-0.43,387742000.0,2021-09-13
1894.33,1910.24,1862.81,1871.21,-0.46,237441000.0,2021-09-14
1872.42,1880.22,1845.1,1851.25,-1.13,251469000.0,2021-09-15
1855.6,1855.6,1807.27,1824.44,-1.68,447886000.0,2021-09-16
1841.13,1841.13,1747.23,1753.84,-3.87,434870000.0,2021-09-20
1752.34,1789.86,1685.69,1766.15,0.79,529095000.0,2021-09-21
1781.76,1818.08,1778.75,1807.87,2.36,327790000.0,2021-09-22
1807.87,1823.78,1774.25,1786.26,-1.2,304448000.0,2021-09-23
1779.05,1791.06,1734.93,1734.93,-2.48,231365000.0,2021-09-26
1733.72,1746.93,1674.29,1687.7,-2.65,289550000.0,2021-09-27
1687.7,1693.56,1649.07,1656.57,-1.84,296658000.0,2021-09-28
1656.87,1703.59,1634.72,1698.3,2.5,262947000.0,2021-09-29
1698.3,1735.23,1690.2,1702.86,0.27,215005000.0,2021-09-30
1719.2,1719.2,1668.07,1669.48,-1.99,181154000.0,2021-10-03
1669.48,1691.1,1641.65,1691.1,1.29,173479000.0,2021-10-04
1681.49,1701.9,1675.58,1701.9,0.64,152831000.0,2021-10-05
1701.9,1740.33,1690.2,1733.72,1.87,176617000.0,2021-10-06
1734.27,1755.64,1690.8,1706.62,-1.59,157106000.0,2021-10-10
1697.7,1730.12,1650.27,1660.18,-2.21,256416000.0,2021-10-11
1660.18,1699.92,1660.18,1694.4,2.06,93951300.0,2021-10-17
1676.39,1692.0,1651.29,1660.78,-1.98,143134000.0,2021-10-18
1648.35,1648.77,1599.78,1627.46,-2.01,174624000.0,2021-10-19
1640.66,1696.8,1640.66,1690.8,3.89,135239000.0,2021-10-20
1693.8,1723.52,1671.28,1712.71,1.3,122484000.0,2021-10-21
1712.71,1788.06,1676.09,1768.25,3.24,153270000.0,2021-10-24
1771.85,1821.14,1767.65,1821.14,2.78,202605000.0,2021-10-25
1821.14,1867.91,1808.47,1866.02,2.46,295308000.0,2021-10-26
1866.11,1920.18,1838.49,1888.93,1.22,154337790.8,2021-10-27
1888.93,1936.66,1869.89,1936.66,2.53,140028493.1,2021-10-28
1934.86,1962.47,1909.64,1937.56,0.14,117558466.4,2021-10-31
1937.56,1968.48,1898.83,1911.14,-1.36,115173709.0,2021-11-01
1911.14,1991.47,1850.98,1983.19,3.77,234631513.1,2021-11-02
2022.81,2051.03,1967.88,1986.19,0.11,211100928.4,2021-11-03
1985.29,2000.3,1941.22,1962.17,-1.16,128202614.0,2021-11-08
1962.17,1962.17,1861.01,1881.42,-4.12,195800661.9,2021-11-09
1882.02,1887.43,1825.28,1825.88,-2.98,96574545.5,2021-11-11
1825.88,1893.43,1805.23,1861.31,1.94,55181941.5,2021-11-14
1861.31,1897.82,1861.31,1879.62,0.98,61748353.3,2021-11-15
1900.33,1995.59,1893.13,1991.39,5.91,212180625.4,2021-11-16
2014.35,2123.8,2014.35,2096.66,5.29,664769996.0,2021-11-17
2096.66,2153.7,2065.14,2123.08,1.26,650588739.9,2021-11-18
2123.08,2123.08,2063.04,2084.2,-1.83,266264637.1,2021-11-21
2084.2,2125.18,2069.94,2111.85,1.33,319369061.6,2021-11-22
2111.85,2148.9,2089.85,2131.78,0.94,456356695.9,2021-11-23
2157.99,2157.99,2100.15,2137.19,0.25,301220421.4,2021-11-24
2137.19,2166.91,2112.57,2156.7,0.91,124026821.2,2021-11-25
2156.7,2160.9,2067.84,2088.5,-3.16,425274717.7,2021-11-28
2088.56,2115.88,2043.83,2047.43,-1.97,174088828.1,2021-11-29
2047.43,2076.55,2017.41,2061.54,0.69,97711871.1,2021-11-30
2061.54,2106.27,2050.13,2081.11,0.95,172108332.1,2021-12-01
2086.51,2098.22,2006.6,2027.56,-2.83,181026083.8,2021-12-02
2027.56,2039.92,1938.16,1955.67,-3.45,219931060.9,2021-12-05
1933.81,2008.7,1915.64,1989.19,1.61,222667421.6,2021-12-06
1989.19,2012.94,1932.75,1932.76,-2.84,132495871.2,2021-12-07
1933.96,1953.77,1905.68,1910.57,-1.15,187099689.3,2021-12-08
1887.24,1935.76,1887.24,1914.74,0.22,114501231.9,2021-12-09
1914.75,1922.85,1846.9,1851.7,-3.29,112932456.0,2021-12-12
1822.79,1849.31,1757.26,1776.05,-3.76,161342334.5,2021-12-13
1789.62,1904.48,1768.55,1904.48,7.23,79624316.0,2021-12-14
1918.95,1953.77,1866.9,1893.43,-0.58,165632143.4,2021-12-15
1896.43,1901.83,1827.39,1853.8,-2.09,72901554.1,2021-12-16
1867.61,1867.61,1815.08,1815.08,-2.09,98495384.8,2021-12-20
1834.89,1890.13,1825.38,1885.56,3.88,142479460.5,2021-12-21
1885.56,1993.4,1885.56,1950.47,3.44,154032063.1,2021-12-22
1965.48,2001.8,1926.85,1967.88,0.89,180194143.3,2021-12-23
1967.88,2035.73,1953.77,2018.31,2.56,255518702.7,2021-12-26
2018.31,2051.28,1925.01,1925.01,-4.62,202364786.1,2021-12-27
1925.01,1954.67,1903.31,1928.25,0.17,180681050.5,2021-12-28
1942.44,1981.83,1935.24,1947.33,0.99,139232165.3,2021-12-29
1959.22,2011.26,1949.63,1992.16,2.3,151219053.0,2022-01-02
1992.16,2021.04,1978.53,1995.44,0.17,95565000.7,2022-01-03
1995.44,2011.84,1962.0,1988.74,-0.34,64279414.8,2022-01-04
1988.74,2024.46,1977.64,1985.54,-0.16,119572874.3,2022-01-05
2006.54,2011.38,1961.78,2005.95,1.03,119043229.0,2022-01-06
2022.04,2070.55,2016.05,2068.73,3.13,221668304.1,2022-01-09
2068.73,2182.14,2048.93,2182.14,5.48,391831263.3,2022-01-10
2203.19,2228.73,2157.23,2213.13,1.27,254175646.8,2022-01-11
2216.73,2216.73,2132.21,2140.42,-3.44,198285209.0,2022-01-12
2140.43,2170.97,2124.12,2137.01,-0.16,156939145.2,2022-01-13
2162.11,2227.44,2162.11,2212.22,3.09,318114142.0,2022-01-16
2257.17,2257.17,2184.62,2236.78,1.08,346806307.2,2022-01-17
2262.91,2280.92,2226.14,2266.37,1.32,333825453.2,2022-01-18
2239.44,2312.3,2203.96,2205.96,-2.67,188735433.7,2022-01-19
2205.96,2234.17,2182.55,2217.35,0.52,216250773.3,2022-01-20
2235.4,2283.42,2235.4,2254.68,1.68,386171153.9,2022-01-23
2260.09,2260.09,2153.18,2178.68,-3.6,300712004.7,2022-01-24
2171.69,2218.09,2145.48,2168.78,-0.45,122565716.4,2022-01-25
2168.79,2180.68,2125.35,2143.99,-1.14,103978903.9,2022-01-26
2143.99,2182.5,2143.99,2161.9,0.84,149123498.2,2022-01-27
2178.84,2248.91,2178.84,2245.6,3.87,308186039.8,2022-01-30
2251.01,2288.34,2221.71,2288.34,1.66,348534181.8,2022-01-31
2288.34,2295.34,2256.38,2289.33,0.04,117056975.0,2022-02-01
2289.34,2339.84,2250.72,2280.03,-0.41,225925322.2,2022-02-03
2280.04,2280.04,2219.62,2248.03,-1.68,177053890.1,2022-02-06
2248.03,2307.47,2217.72,2302.15,2.41,281271262.6,2022-02-07
2324.01,2355.07,2286.35,2300.05,-0.09,188923506.6,2022-02-08
2300.06,2300.06,2267.56,2296.38,-0.16,169221251.0,2022-02-09
2296.38,2319.18,2281.56,2308.89,0.54,299932454.8,2022-02-10
2309.72,2309.72,2232.49,2239.97,-3.17,269640180.5,2022-02-13
2239.97,2279.4,2230.92,2240.3,0.01,201828023.8,2022-02-14
2240.3,2315.93,2240.3,2315.93,3.38,206743239.7,2022-02-15
2315.93,2351.03,2299.72,2326.13,0.44,170733971.6,2022-02-16
2326.13,2339.14,2302.93,2331.25,0.22,116332013.2,2022-02-17
2330.55,2344.48,2264.65,2340.98,0.42,228121848.4,2022-02-20
2340.98,2380.22,2322.17,2370.19,1.25,294639086.5,2022-02-21
2370.19,2435.12,2363.89,2417.11,1.98,239344421.1,2022-02-22
2385.14,2436.13,2361.48,2368.68,-2.0,236453808.9,2022-02-23
2337.61,2381.2,2297.56,2308.58,-2.75,307328740.3,2022-02-24
2324.37,2357.29,2274.77,2324.08,0.65,229343287.3,2022-02-27
2324.08,2346.58,2270.36,2288.48,-1.53,139951868.5,2022-02-28
2288.48,2288.48,2231.35,2238.35,-2.19,176684003.3,2022-03-02
2238.35,2274.65,2214.04,2246.56,0.37,108994749.8,2022-03-06
2246.56,2301.5,2242.97,2282.06,1.58,157344462.3,2022-03-07
2251.71,2315.73,2217.62,2253.11,-1.27,135822403.8,2022-03-09
2253.11,2267.18,2221.2,2253.96,0.04,154219228.9,2022-03-10
2253.97,2340.59,2253.97,2340.59,3.84,243449614.2,2022-03-13
2340.59,2365.9,2307.84,2348.78,0.35,63474870.8,2022-03-14
2379.58,2379.58,2305.64,2308.7,-1.51,451465326.8,2022-03-15
2319.19,2319.19,2228.56,2251.57,-2.47,211042895.2,2022-03-16
2251.57,2259.26,2210.94,2219.27,-1.43,141013821.2,2022-03-20
2219.27,2229.26,2160.13,2177.14,-1.9,234396308.9,2022-03-21
2164.54,2215.77,2164.54,2205.75,1.31,137994779.4,2022-03-22
2205.75,2214.78,2171.84,2181.74,-1.01,92649231.4,2022-03-23
2183.54,2199.33,2148.32,2148.32,-1.61,299215653.5,2022-03-24
2174.8,2185.7,2055.3,2065.48,-3.86,152801475.2,2022-03-27
2065.48,2070.49,2010.09,2016.17,-2.39,92427041.5,2022-03-28
2016.17,2047.29,1994.33,1996.11,-0.99,58614667.0,2022-03-29
1996.11,2078.37,1982.94,2078.37,4.12,87874200.0,2022-03-30
2078.37,2100.24,2030.01,2052.12,-1.26,53777467.3,2022-03-31
2052.12,2052.12,1987.52,1987.97,-3.13,41105632.4,2022-04-03
1963.76,2019.31,1963.76,1967.37,-1.04,54075325.1,2022-04-04
1967.37,1968.43,1883.52,1895.41,-3.66,84276321.6,2022-04-05
1895.41,1931.33,1864.71,1901.38,0.32,63167446.7,2022-04-06
1901.38,1969.72,1900.93,1969.72,3.59,82522656.2,2022-04-07
1969.72,2026.83,1878.36,1878.68,-4.62,75978104.6,2022-04-11
1878.68,1900.29,1830.68,1830.68,-2.56,57763875.2,2022-04-12
1830.68,1878.55,1813.0,1872.5,2.28,41412451.0,2022-04-13
1872.5,1895.27,1821.87,1838.5,-1.82,73743101.2,2022-04-17
1838.5,1858.4,1778.42,1785.98,-2.86,43719565.0,2022-04-18
1785.98,1833.15,1756.29,1805.44,1.09,30007526.3,2022-04-19
1805.44,1837.03,1750.38,1750.38,-3.05,41790616.5,2022-04-20
1750.38,1791.13,1738.88,1786.23,2.05,41674574.8,2022-04-21
1786.23,1888.6,1786.23,1874.99,4.97,57536481.4,2022-04-24
1874.99,1882.05,1816.83,1832.59,-2.26,48403218.4,2022-04-25
1832.59,1848.54,1799.08,1821.22,-0.62,21001931.8,2022-04-26
1821.22,1835.54,1795.1,1832.52,0.62,32028292.7,2022-04-27
1832.52,1847.07,1794.88,1805.69,-1.46,24396169.5,2022-04-28
1805.69,1812.3,1744.59,1744.59,-3.38,47812895.5,2022-05-02
1744.59,1756.48,1673.53,1713.21,-1.8,49819601.9,2022-05-04
1720.88,1725.71,1663.47,1700.59,-1.18,41130197.1,2022-05-05
1702.76,1738.61,1653.04,1738.61,2.11,28919221.0,2022-05-08
1738.61,1768.56,1705.51,1744.52,0.34,91630029.3,2022-05-09
1744.52,1779.64,1722.72,1779.64,2.01,51476434.9,2022-05-10
1779.64,1816.81,1765.51,1811.41,1.79,53562835.1,2022-05-11
1830.1,1847.52,1795.2,1824.2,0.41,64781478.3,2022-05-12
1824.2,1828.96,1714.27,1717.89,-5.83,43249824.6,2022-05-17
1693.47,1749.5,1673.03,1727.68,0.76,24265465.2,2022-05-18
1727.68,1749.18,1700.12,1709.3,-1.06,30848009.2,2022-05-19
1709.3,1720.62,1674.14,1674.14,-2.06,41232760.0,2022-05-20
1674.14,1699.51,1627.15,1670.14,-0.24,42538019.4,2022-05-23
1670.14,1695.0,1634.41,1681.96,0.71,18277101.5,2022-05-24
1681.96,1705.49,1665.31,1690.93,0.53,19253818.5,2022-05-25
1690.93,1701.16,1667.21,1676.34,-0.86,26440796.1,2022-05-26
1676.34,1691.12,1631.8,1646.35,-1.79,27499810.2,2022-05-27
1646.35,1660.41,1598.0,1599.5,-2.85,64931098.7,2022-05-30
1599.5,1605.41,1548.9,1572.84,-1.67,40718903.9,2022-05-31
1572.84,1593.27,1553.44,1569.44,-0.22,25966882.7,2022-06-01
1569.44,1595.62,1529.5,1545.02,-1.56,38663532.2,2022-06-02
1545.02,1547.43,1507.51,1532.43,-0.81,28102352.7,2022-06-03
1532.43,1549.7,1508.21,1534.02,0.1,23086413.6,2022-06-06
1534.02,1546.98,1493.2,1502.23,-2.07,22812729.4,2022-06-07
1502.23,1581.2,1484.77,1560.02,3.85,27483699.3,2022-06-08
1560.02,1587.04,1521.81,1535.56,-1.57,42121370.8,2022-06-09
1535.56,1543.96,1497.78,1507.66,-1.82,10979689.1,2022-06-10
1507.66,1530.05,1485.06,1506.11,-0.1,16710226.9,2022-06-13
1506.11,1522.32,1450.6,1454.29,-3.44,28700708.3,2022-06-14
1454.29,1461.19,1425.3,1453.84,-0.03,138402713.6,2022-06-15
1453.84,1499.05,1425.17,1490.53,2.52,153306808.7,2022-06-16
1500.32,1510.93,1475.52,1482.33,-0.55,106110675.4,2022-06-17
1482.33,1482.33,1409.02,1428.63,-3.62,129805980.9,2022-06-19
1420.24,1427.23,1368.71,1378.69,-3.5,134872159.5,2022-06-20
1378.69,1416.96,1362.48,1416.96,2.78,132146261.9,2022-06-21
1416.96,1416.96,1359.87,1379.26,-2.66,25139837.5,2022-06-22
1370.31,1376.27,1321.98,1346.07,-2.41,34485580.0,2022-06-23
1346.07,1376.33,1315.87,1358.15,0.9,24721359.2,2022-06-24
1358.15,1454.18,1358.15,1454.18,7.07,78502576.0,2022-06-26
1466.76,1477.36,1412.76,1416.26,-2.61,80508848.9,2022-06-27
1416.26,1421.48,1378.24,1402.47,-0.97,68533802.3,2022-06-28
1402.47,1449.78,1381.42,1452.82,3.59,57768802.8,2022-06-29
1462.97,1538.84,1462.97,1538.84,5.92,84354302.0,2022-06-30
1558.51,1565.74,1516.34,1530.4,-0.55,72533361.8,2022-07-01
1530.4,1606.62,1506.68,1603.06,4.75,96584341.8,2022-07-03
1623.49,1642.67,1536.11,1573.37,-1.85,130983287.2,2022-07-04
1584.56,1596.51,1509.91,1513.1,-3.83,95804090.1,2022-07-05
1513.1,1543.68,1471.71,1534.78,1.43,68694371.3,2022-07-06
1545.76,1581.73,1504.83,1512.78,-1.43,65753965.7,2022-07-07
1512.78,1526.06,1474.0,1484.43,-1.87,56303622.3,2022-07-08
1484.43,1499.11,1412.27,1414.11,-4.74,70052935.8,2022-07-11
1414.11,1451.11,1398.41,1417.18,0.22,65872991.0,2022-07-12
1417.18,1484.04,1417.18,1484.04,4.72,87660791.7,2022-07-13
1484.04,1501.65,1461.41,1489.09,0.34,75645583.7,2022-07-14
1489.09,1496.57,1464.03,1464.03,-1.68,31395782.0,2022-07-15
1464.03,1477.31,1449.01,1453.4,-0.73,56248360.2,2022-07-17
1457.62,1487.92,1447.46,1487.92,2.08,61761313.7,2022-07-18
1487.92,1515.8,1474.62,1491.1,0.21,79337146.2,2022-07-19
1493.2,1528.27,1477.1,1508.33,1.16,83288769.8,2022-07-20
1524.23,1570.77,1496.95,1530.29,1.09,95190849.2,2022-07-21
1530.29,1530.29,1493.59,1497.46,-2.14,56890771.2,2022-07-22
1516.27,1601.29,1500.93,1601.29,6.93,93214633.9,2022-07-24
1607.2,1632.43,1586.27,1615.68,0.9,196589721.3,2022-07-25
1615.68,1622.65,1556.97,1558.18,-3.56,122106559.1,2022-07-26
1558.18,1597.15,1525.44,1597.15,2.5,92630261.2,2022-07-27
1597.15,1618.9,1559.51,1593.91,-0.2,108875208.5,2022-07-28
1593.91,1645.99,1573.7,1618.83,1.56,64235186.3,2022-07-29
1617.05,1694.69,1617.05,1669.82,3.26,229095573.4,2022-07-31
1702.24,1702.52,1652.97,1658.97,-0.65,135184698.0,2022-08-01
1658.97,1668.29,1620.48,1641.65,-1.04,79879622.7,2022-08-02
1641.65,1654.71,1617.81,1621.37,-1.11,69428358.1,2022-08-03
1619.21,1623.41,1582.53,1582.53,-2.4,90692232.4,2022-08-04
1582.53,1590.92,1551.75,1573.37,-0.58,86566770.4,2022-08-05
1573.37,1595.94,1548.7,1595.94,1.43,82702046.0,2022-08-07
1595.94,1612.42,1557.28,1557.28,-2.42,64796236.5,2022-08-08
1568.34,1570.25,1485.7,1498.56,-3.77,115421093.3,2022-08-09
1489.71,1515.22,1465.17,1493.9,-0.31,67144254.3,2022-08-10
1493.9,1518.82,1463.0,1463.0,-2.07,57470033.1,2022-08-11
1463.0,1476.92,1438.47,1446.41,-1.13,45371230.1,2022-08-14
1446.41,1539.93,1446.41,1537.13,6.27,99370967.1,2022-08-15
1542.53,1565.19,1501.91,1526.37,-0.7,81471907.2,2022-08-16
1546.03,1546.03,1501.28,1522.95,-0.22,42955757.0,2022-08-17
1522.95,1562.88,1515.39,1558.68,2.35,68773408.6,2022-08-18
1558.68,1578.64,1527.97,1532.72,-1.67,78626270.7,2022-08-21
1532.72,1545.58,1514.88,1522.56,-0.66,29944048.4,2022-08-22
1522.56,1543.3,1510.3,1523.14,0.04,39840526.0,2022-08-23
1523.14,1539.99,1507.69,1516.23,-0.45,30559157.6,2022-08-24
1516.23,1531.53,1475.71,1482.9,-2.2,45680083.5,2022-08-25
1482.9,1494.4,1456.75,1476.15,-0.46,53348377.5,2022-08-26
1476.15,1483.73,1441.96,1468.33,-0.81,71620151.9,2022-08-28
1468.33,1487.79,1441.29,1475.26,0.47,134405333.7,2022-08-29
1475.26,1509.08,1456.89,1509.08,2.29,104185882.8,2022-08-30
1498.27,1498.27,1458.86,1493.21,-1.1,122193459.6,2022-08-31
1493.21,1493.21,1446.81,1464.58,-1.92,140217394.5,2022-09-01
1448.37,1471.83,1447.16,1471.83,0.5,30146854.8,2022-09-02
1481.52,1481.52,1454.52,1458.67,-0.89,75216536.8,2022-09-04
1458.67,1469.91,1442.33,1443.82,-1.04,33012161.4,2022-09-05
1443.82,1471.4,1414.1,1425.04,-1.3,50683926.3,2022-09-06
1425.04,1447.72,1405.99,1417.7,-0.52,60163411.9,2022-09-07
1417.7,1426.77,1396.22,1398.84,-1.33,34312089.4,2022-09-08
1398.84,1416.12,1388.96,1402.92,0.29,34852345.6,2022-09-11
1402.92,1414.03,1374.79,1379.11,-1.7,39537318.6,2022-09-12
1379.11,1407.5,1379.11,1394.92,1.15,28464590.8,2022-09-13
1404.18,1441.95,1401.36,1435.42,2.9,45908728.5,2022-09-14
1435.42,1448.17,1372.32,1378.85,-3.94,88037492.2,2022-09-15
1369.12,1379.16,1335.16,1374.79,-0.29,35730455.5,2022-09-16
1374.79,1382.92,1338.63,1340.34,-2.51,67824729.0,2022-09-18
1340.34,1352.23,1317.09,1327.22,-0.98,30090136.4,2022-09-20
1327.37,1352.01,1318.56,1329.88,0.2,22598127.0,2022-09-21
1329.88,1345.87,1315.24,1316.78,-0.98,22519126.8,2022-09-22
1316.78,1326.64,1290.43,1294.92,-1.66,27421391.9,2022-09-25
1294.92,1321.5,1294.57,1303.65,0.67,24664798.4,2022-09-27
1303.65,1321.54,1300.71,1300.71,-0.23,15829783.1,2022-09-28
1300.71,1313.46,1300.71,1303.65,0.23,33124504.0,2022-09-29
1303.65,1335.82,1303.65,1335.82,2.47,21229328.2,2022-10-09
1335.82,1357.63,1307.47,1317.39,-1.38,22081474.5,2022-10-10
1317.39,1324.96,1298.83,1301.44,-1.21,25860009.0,2022-10-11
1301.44,1321.11,1292.52,1311.06,0.74,20537295.8,2022-10-12
1311.06,1334.16,1309.87,1313.55,0.19,26689606.4,2022-10-13
1313.55,1327.49,1297.34,1302.91,-0.81,20368495.6,2022-10-16
1302.91,1315.82,1298.72,1307.58,0.36,12179634.8,2022-10-17
1307.58,1324.87,1291.63,1293.45,-1.08,16327477.0,2022-10-19
1293.45,1305.03,1286.11,1292.65,-0.06,10223958.9,2022-10-20
1292.65,1312.53,1292.28,1304.52,0.92,18877523.3,2022-10-23
1304.52,1327.42,1299.04,1325.26,1.59,13633641.9,2022-10-31
1327.42,1397.61,1315.92,1397.52,5.28,42788340.1,2022-11-01
1397.52,1442.91,1376.28,1417.62,1.44,62331272.5,2022-11-02
1417.62,1424.22,1390.69,1400.3,-1.22,37571385.5,2022-11-03
1400.3,1471.67,1393.3,1457.06,4.05,57173327.0,2022-11-06
1457.06,1509.74,1449.24,1457.88,0.06,73393487.5,2022-11-07
1457.88,1496.12,1439.38,1472.03,0.97,54928050.9,2022-11-08
1482.53,1503.46,1433.89,1437.47,-2.35,68169653.3,2022-11-09
1437.47,1456.25,1398.84,1403.9,-2.34,52021340.8,2022-11-10
1403.9,1426.76,1393.04,1402.82,-0.08,32326829.3,2022-11-13
1402.82,1437.19,1397.37,1435.45,2.33,21105691.4,2022-11-14
1435.45,1476.58,1424.1,1429.43,-0.42,78506847.4,2022-11-15
1429.43,1450.26,1423.3,1439.08,0.68,19116673.2,2022-11-16
1439.08,1487.0,1439.08,1461.76,1.58,55111448.3,2022-11-17
1444.0,1507.35,1438.55,1444.0,-1.21,34708398.0,2022-11-22
1444.0,1458.09,1420.9,1432.76,-0.78,26554691.8,2022-11-23
1432.76,1457.01,1429.48,1457.01,1.69,16104771.0,2022-11-24
1460.68,1483.5,1450.83,1478.71,1.27,122346093.0,2022-11-27
1480.87,1499.8,1456.62,1461.95,-1.13,40418558.7,2022-11-28
1461.95,1481.56,1449.08,1468.9,0.48,20564620.2,2022-11-29
1468.9,1487.12,1458.92,1459.14,-0.66,11825099.5,2022-11-30
1478.05,1480.88,1455.07,1463.37,0.29,30917653.0,2022-12-01
1463.37,1481.37,1460.56,1474.22,0.74,46170590.7,2022-12-04
1474.22,1479.71,1443.4,1445.95,-1.92,26190219.7,2022-12-05
1445.95,1477.6,1435.06,1454.23,0.57,23260018.3,2022-12-06
1454.23,1488.77,1433.75,1444.17,-0.69,21013413.0,2022-12-07
1444.17,1462.86,1420.94,1423.09,-1.46,30075278.5,2022-12-11
1423.09,1510.47,1413.97,1510.47,6.14,27685840.3,2022-12-12
1490.58,1505.27,1455.33,1496.81,-0.9,75393599.3,2022-12-13
1496.81,1504.35,1474.09,1493.87,-0.2,65540949.5,2022-12-14
1492.89,1500.93,1473.56,1475.72,-1.15,59281622.8,2022-12-15
1475.72,1476.58,1443.41,1443.41,-2.19,65476666.6,2022-12-18
1443.41,1483.59,1436.18,1471.54,1.95,53974097.1,2022-12-19
1471.54,1525.19,1460.81,1505.58,2.31,86665992.6,2022-12-20
1505.58,1521.92,1481.09,1484.65,-1.39,39812014.4,2022-12-21
1464.87,1514.89,1417.84,1514.89,2.04,164718425.0,2022-12-22
1494.35,1494.35,1442.93,1480.23,-2.29,243574147.4,2022-12-26
1480.23,1524.35,1480.23,1517.24,2.5,186312478.5,2022-12-27
1536.8,1536.8,1488.35,1511.49,-0.38,94992893.6,2022-12-28
1511.49,1558.73,1495.48,1553.46,2.78,157209024.8,2022-12-29
1573.13,1605.45,1552.38,1578.92,1.64,287004181.8,2023-01-01
1559.03,1572.24,1524.86,1554.94,-1.52,149288997.4,2023-01-02
1551.42,1577.86,1520.52,1524.58,-1.73,159383162.5,2023-01-03
1542.95,1593.85,1536.94,1580.59,3.67,197780727.2,2023-01-04
1592.85,1608.59,1561.65,1566.84,-0.87,146727448.9,2023-01-05
1566.84,1612.55,1553.36,1582.2,0.98,159846761.1,2023-01-08
1601.22,1635.46,1574.92,1615.1,2.08,158531010.3,2023-01-09
1615.1,1670.83,1573.6,1575.04,-2.48,258636788.8,2023-01-10
1593.42,1626.17,1549.9,1552.46,-1.43,129976123.9,2023-01-12
1552.46,1612.97,1547.57,1593.41,2.64,102011543.3,2023-01-17
1593.41,1637.35,1585.62,1590.21,-0.2,189918871.2,2023-01-18
1590.21,1597.9,1571.15,1576.03,-0.88,112820608.2,2023-01-19
1576.03,1586.96,1547.94,1552.7,-1.48,102008009.1,2023-01-23
1552.7,1604.45,1531.22,1591.73,2.51,170670047.3,2023-01-24
1591.73,1607.41,1564.92,1576.78,-1.5,114268735.8,2023-01-25
1594.92,1597.86,1553.04,1562.85,-0.85,80198980.7,2023-01-26
1577.55,1577.55,1534.58,1542.21,-1.32,66027864.7,2023-01-29
1536.32,1564.19,1502.05,1503.13,-2.16,103439154.2,2023-01-30
1519.34,1523.75,1494.06,1494.06,-0.6,56482596.2,2023-01-31
1476.01,1543.79,1468.66,1504.57,0.7,67403643.3,2023-02-01
1522.62,1534.44,1488.02,1494.08,-0.7,40161002.3,2023-02-02
1494.08,1515.08,1481.11,1489.35,-0.32,53084831.0,2023-02-05
1491.51,1506.37,1482.54,1494.83,0.22,40884248.8,2023-02-06
1494.83,1538.85,1494.83,1538.85,2.94,68120219.3,2023-02-07
1532.74,1581.21,1532.74,1546.6,0.5,149654519.5,2023-02-08
1546.6,1562.63,1537.67,1550.36,0.24,55355531.6,2023-02-09
1551.82,1551.82,1507.51,1513.19,-2.4,78347046.8,2023-02-12
1513.19,1529.79,1500.3,1503.26,-0.66,32648057.9,2023-02-14
1503.26,1515.23,1488.23,1488.23,-1.0,44806540.5,2023-02-15
1488.23,1504.15,1472.97,1487.79,-0.03,41582520.2,2023-02-16
1487.79,1498.07,1464.54,1465.64,-1.49,37847396.8,2023-02-20
1477.1,1497.08,1470.76,1493.95,1.93,44172576.3,2023-02-22
1493.95,1493.95,1458.13,1463.55,-2.03,45266041.7,2023-02-23
1452.01,1477.03,1425.76,1466.59,0.21,59086862.1,2023-02-26
1484.31,1484.31,1441.66,1478.39,0.8,44558805.8,2023-02-27
1478.39,1496.04,1465.32,1467.99,-0.7,28578326.5,2023-02-28
1467.99,1480.21,1447.93,1448.88,-1.3,34498979.4,2023-03-01
1448.88,1460.56,1427.99,1428.04,-1.44,38335270.0,2023-03-02
1417.02,1442.16,1396.38,1400.29,-1.94,38220661.3,2023-03-05
1400.29,1431.16,1399.7,1410.21,0.71,21071125.9,2023-03-07
1420.86,1444.95,1420.86,1441.43,2.21,27806885.4,2023-03-09
1470.17,1470.17,1428.03,1432.61,-0.61,34714507.0,2023-03-12
1450.23,1450.23,1417.44,1418.87,-0.96,20980181.5,2023-03-13
1418.87,1438.3,1414.55,1425.08,0.44,18846525.0,2023-03-14
1425.08,1429.76,1412.12,1420.96,-0.29,21222195.4,2023-03-15
1419.88,1447.78,1409.24,1421.55,0.12,22669952.9,2023-03-16
1421.55,1435.06,1413.07,1416.31,-0.37,16037608.4,2023-03-19
1416.31,1470.96,1416.31,1446.54,2.13,32622307.0,2023-03-20
1455.18,1470.29,1432.12,1439.5,-0.49,42516086.1,2023-03-22
1439.5,1442.29,1419.99,1424.37,-1.05,21135506.4,2023-03-23
1424.37,1447.3,1411.06,1420.38,-0.28,25408005.8,2023-03-26
1402.87,1441.3,1402.87,1434.64,1.0,36544891.6,2023-03-27
1462.19,1463.7,1435.85,1441.29,0.53,49268191.4,2023-03-28
1441.29,1455.25,1432.01,1450.41,0.63,18980520.1,2023-03-29
1450.41,1468.56,1432.46,1434.29,-1.11,28344769.8,2023-03-30
1434.29,1460.44,1414.2,1423.32,-0.77,36437984.8,2023-04-02
1423.32,1435.59,1409.49,1415.32,-0.56,23697830.1,2023-04-03
1415.32,1424.83,1406.25,1410.96,-0.31,19798454.8,2023-04-04
1410.96,1429.15,1402.34,1414.74,0.27,15404673.4,2023-04-05
1414.74,1435.1,1403.65,1403.77,-0.78,35624570.8,2023-04-06
1403.77,1414.34,1384.25,1386.74,-1.21,31500103.3,2023-04-09
1376.46,1398.17,1376.46,1387.28,0.04,18968361.8,2023-04-10
1387.28,1410.14,1384.11,1404.74,1.26,22811921.0,2023-04-11
1404.74,1453.1,1404.74,1452.29,3.38,34992276.8,2023-04-12
1463.38,1463.38,1426.74,1431.27,-1.45,31100128.1,2023-04-13
1431.27,1450.5,1412.34,1424.35,-0.48,23076621.1,2023-04-16
1424.35,1435.47,1407.29,1412.26,-0.85,17031583.9,2023-04-17
1412.26,1426.74,1394.97,1411.9,-0.03,17542190.2,2023-04-18
1411.9,1445.45,1411.25,1418.37,0.46,13067645.5,2023-04-19
1418.37,1432.42,1405.22,1405.22,-0.93,13359108.4,2023-04-20
1405.22,1407.94,1391.67,1403.23,-0.14,17048081.8,2023-04-23
1403.23,1415.97,1395.26,1407.72,0.32,12916600.2,2023-04-24
1407.72,1419.11,1403.88,1414.46,0.48,1202436.06,2023-04-25
1414.46,1425.35,1401.17,1409.02,-0.38,15709048.1,2023-04-26
1409.02,1412.26,1395.92,1399.21,-0.7,14262477.4,2023-04-27
1399.21,1400.9,1380.54,1380.93,-1.31,44095599.8,2023-04-30
1380.93,1389.36,1370.42,1381.17,0.02,35924172.9,2023-05-02
1381.17,1386.41,1365.04,1366.65,-1.05,25993072.3,2023-05-03
1366.65,1413.29,1359.57,1379.12,0.91,29381350.1,2023-05-04
1379.12,1385.95,1365.55,1368.64,-0.75,19080067.2,2023-05-07
1368.64,1384.74,1353.15,1359.87,-0.64,22434106.9,2023-05-08
1359.87,1384.44,1351.33,1363.24,0.25,21574902.5,2023-05-09
1363.24,1371.32,1347.47,1352.46,-0.79,33045752.8,2023-05-10
1352.46,1365.94,1333.31,1348.13,-0.32,37032165.5,2023-05-11
1358.94,1362.89,1320.21,1320.21,-2.07,31371295.5,2023-05-14
1320.21,1335.34,1304.85,1312.76,-0.56,28043479.4,2023-05-15
1312.76,1327.52,1301.06,1301.06,-0.89,23620602.0,2023-05-16
1301.06,1339.84,1301.06,1331.88,2.37,62090322.0,2023-05-17
1331.88,1359.0,1331.88,1343.81,0.9,100028458.1,2023-05-18
1351.88,1369.69,1342.68,1348.08,0.32,53535878.2,2023-05-21
1348.08,1361.59,1332.8,1348.66,0.04,30444125.0,2023-05-22
1348.73,1384.78,1348.73,1380.71,2.37,106110811.4,2023-05-23
1380.71,1400.72,1374.77,1401.8,1.53,77024790.4,2023-05-24
1401.8,1413.88,1381.99,1383.91,-1.28,117426804.0,2023-05-28
1401.2,1401.2,1337.2,1338.57,-3.28,85464893.0,2023-05-30
1338.57,1343.87,1306.64,1318.37,-1.51,72344257.0,2023-05-31
1318.37,1340.66,1304.74,1322.35,0.3,32144663.0,2023-06-01
1322.35,1379.89,1322.35,1364.72,3.2,44118766.2,2023-06-04
1364.72,1381.08,1343.02,1344.09,-1.51,41589357.3,2023-06-05
1344.09,1352.01,1338.21,1348.04,0.29,84084130.4,2023-06-06
1348.04,1403.97,1346.18,1348.34,0.02,99532049.1,2023-06-07
1337.54,1370.85,1334.6,1353.96,0.42,114921227.9,2023-06-08
1353.96,1388.07,1353.96,1381.05,2.0,160578985.9,2023-06-11
1381.05,1409.14,1372.97,1381.7,0.05,79544802.7,2023-06-12
1388.13,1416.66,1376.16,1397.23,1.12,114115273.8,2023-06-13
1402.52,1463.37,1402.52,1435.43,2.35,207590178.9,2023-06-14
1435.43,1446.69,1410.39,1438.4,0.21,83534330.5,2023-06-15
1455.69,1526.21,1427.96,1524.69,6.0,233150042.5,2023-06-18
1534.09,1572.42,1534.09,1557.82,2.17,243575569.4,2023-06-19
1563.22,1580.38,1515.34,1519.94,-2.43,156835967.7,2023-06-20
1520.48,1538.85,1493.73,1513.17,-0.48,138517823.4,2023-06-21
1513.17,1547.07,1511.92,1524.41,0.74,87211812.4,2023-06-22
1524.41,1632.08,1524.41,1604.03,5.22,254731887.9,2023-06-25
1616.19,1655.09,1586.71,1595.19,-0.55,115070884.9,2023-06-26
1583.96,1664.67,1579.0,1627.26,1.96,121718869.8,2023-06-27
1628.23,1628.23,1570.95,1575.94,-3.21,130281982.1,2023-06-28
1575.94,1592.15,1536.76,1538.53,-2.37,104539611.6,2023-07-02
1538.53,1585.54,1515.4,1521.02,-1.14,80997353.8,2023-07-03
1521.02,1568.54,1519.74,1545.7,1.62,53908124.7,2023-07-04
1564.93,1582.72,1506.86,1509.01,-2.37,56378550.0,2023-07-05
1509.01,1530.3,1492.12,1503.46,-0.37,40431678.0,2023-07-06
1503.46,1550.73,1503.46,1544.8,2.75,59320812.9,2023-07-09
1564.14,1570.24,1532.76,1548.19,0.22,57598007.9,2023-07-10
1548.19,1565.48,1531.09,1539.87,-0.54,39849898.9,2023-07-11
1539.87,1563.21,1535.88,1555.92,1.04,101793253.9,2023-07-12
1555.92,1576.64,1542.98,1542.98,-0.83,141581252.7,2023-07-13
1542.98,1573.15,1542.95,1549.49,0.42,37206725.0,2023-07-16
1549.49,1573.58,1542.14,1569.95,1.32,47413942.0,2023-07-17
1569.95,1587.82,1569.87,1577.66,0.49,59918256.3,2023-07-18
1577.66,1585.12,1558.85,1562.55,-0.96,43957569.3,2023-07-19
1562.55,1577.49,1551.3,1555.0,-0.48,45391310.2,2023-07-20
1555.0,1589.58,1548.52,1577.34,1.43,65672099.3,2023-07-23
1577.35,1634.02,1556.69,1622.77,2.88,351067995.1,2023-07-24
1642.88,1642.88,1594.78,1594.77,-1.72,118556719.7,2023-07-25
1614.45,1653.97,1590.92,1606.08,0.7,101041980.5,2023-07-26
1606.08,1612.72,1572.03,1572.03,-2.12,91276674.8,2023-07-27
1572.03,1582.05,1536.86,1543.51,-1.81,72975712.0,2023-07-30
1543.51,1568.02,1540.27,1543.59,0.0,45970247.1,2023-07-31
1543.59,1593.55,1514.99,1528.4,-0.98,69121198.6,2023-08-01
1528.4,1540.42,1520.72,1533.07,0.3,34105685.9,2023-08-02
1533.07,1566.91,1533.07,1541.99,0.58,61657901.7,2023-08-03
1541.99,1562.93,1508.99,1524.92,-1.1,52936745.6,2023-08-06
1523.77,1539.99,1514.43,1517.88,-0.36,119505416.1,2023-08-07
1518.22,1533.18,1491.08,1491.08,-1.76,71884003.5,2023-08-08
1480.8,1548.49,1476.32,1535.36,2.96,123218751.4,2023-08-09
1516.45,1562.09,1516.45,1542.9,0.49,108340913.0,2023-08-10
1523.87,1558.46,1523.87,1542.72,-0.01,81187171.6,2023-08-13
1542.72,1558.23,1532.55,1532.55,-0.65,58247708.8,2023-08-14
1532.27,1533.88,1511.4,1518.66,-0.9,55216595.7,2023-08-15
1518.66,1518.66,1480.07,1499.49,-1.26,88133788.3,2023-08-16
1499.53,1513.79,1492.81,1499.79,0.01,51676266.4,2023-08-17
1499.79,1503.56,1476.22,1476.22,-1.57,40705531.9,2023-08-20
1487.03,1493.02,1461.24,1467.92,-0.56,48858149.6,2023-08-21
1467.92,1491.59,1464.08,1489.67,1.48,31019898.4,2023-08-22
1489.79,1512.06,1487.3,1503.04,0.89,30829751.9,2023-08-23
1503.04,1516.58,1473.73,1486.22,-1.11,47360785.1,2023-08-24
1486.22,1502.26,1465.77,1469.44,-1.12,45550541.5,2023-08-27
1469.44,1482.3,1459.8,1466.19,-0.28,31104690.1,2023-08-28
1466.48,1478.76,1447.28,1463.35,-0.21,51611004.2,2023-08-29
1463.35,1469.49,1450.2,1457.2,-0.42,45164468.8,2023-08-30
1457.2,1460.22,1434.56,1438.04,-1.31,28341698.9,2023-09-03
1438.04,1451.39,1426.46,1444.77,0.46,29198660.0,2023-09-04
1444.77,1457.87,1436.29,1441.35,-0.23,15504325.9,2023-09-05
1441.35,1444.17,1401.7,1411.87,-2.04,43334397.3,2023-09-07
1411.87,1431.74,1410.96,1418.69,0.48,27310780.5,2023-09-10
1418.69,1447.02,1418.55,1438.4,1.38,48492652.4,2023-09-11
1438.4,1464.4,1430.48,1434.95,-0.24,23162112.2,2023-09-12
1434.95,1468.91,1434.95,1465.93,2.15,31615105.4,2023-09-13
1465.93,1476.63,1432.75,1436.66,-1.99,27793992.7,2023-09-17
1436.4,1450.23,1429.18,1443.7,0.49,11757817.2,2023-09-18
1443.52,1450.43,1431.03,1445.41,0.11,11487810.5,2023-09-19
1445.41,1489.28,1445.41,1479.29,2.34,58481585.0,2023-09-21
1480.47,1486.21,1463.38,1464.58,-1.07,46477853.4,2023-09-24
1464.41,1471.53,1451.45,1461.37,-0.21,17383806.8,2023-09-25
1479.87,1479.87,1465.39,1473.86,0.85,35337752.0,2023-09-26
1473.86,1483.65,1451.47,1452.97,-1.41,30601458.1,2023-09-27
1456.18,1456.45,1428.69,1433.72,-1.54,28814277.6,2023-10-01
1433.72,1460.92,1422.71,1439.57,0.4,26484618.7,2023-10-02
1439.57,1450.7,1422.64,1424.42,-1.05,19972683.5,2023-10-03
1424.42,1445.17,1424.25,1429.2,0.33,21272370.0,2023-10-04
1429.2,1447.38,1424.13,1424.13,-0.35,19434334.5,2023-10-05
1451.25,1451.25,1397.96,1401.19,-1.61,33677616.6,2023-10-08
1401.19,1406.58,1383.87,1389.21,-0.85,27605796.6,2023-10-09
1389.21,1414.11,1374.6,1378.96,-0.73,22795322.0,2023-10-10
1378.96,1395.95,1374.61,1382.74,0.27,21054063.7,2023-10-11
1383.0,1403.7,1373.56,1373.56,-0.68,34083318.5,2023-10-12
1373.56,1378.6,1363.3,1363.3,-0.74,23838822.3,2023-10-16
1363.3,1391.28,1363.04,1374.43,0.81,19418892.6,2023-10-17
1374.43,1401.92,1374.43,1399.25,1.8,14981687.9,2023-10-18
1399.25,1408.68,1383.57,1399.63,0.02,22826451.2,2023-10-19
1399.63,1413.2,1377.66,1385.96,-0.97,12552396.7,2023-10-29
1385.96,1392.29,1373.24,1387.9,0.13,10634211.5,2023-10-30
1387.9,1405.75,1380.86,1384.22,-0.26,11712859.5,2023-10-31
1384.22,1392.04,1375.52,1381.08,-0.22,16827314.7,2023-11-01
1381.08,1383.06,1367.0,1371.73,-0.67,14302699.3,2023-11-02
1371.5,1371.56,1351.44,1361.2,-0.76,28067715.8,2023-11-05
1361.2,1414.8,1361.2,1388.18,1.98,28126671.1,2023-11-06
1388.18,1407.21,1387.29,1406.51,1.32,21266634.9,2023-11-07
1406.51,1416.92,1392.05,1416.83,0.73,19121883.5,2023-11-08
1416.93,1423.29,1388.95,1394.75,-1.55,32750922.6,2023-11-09
1394.75,1412.4,1385.24,1392.82,-0.13,19664704.5,2023-11-20
1392.82,1405.01,1368.34,1368.37,-1.75,16362477.7,2023-11-21
1372.1,1397.63,1365.89,1397.45,1.84,13808294.6,2023-11-22
1397.45,1403.05,1376.07,1395.99,-0.1,23108831.5,2023-11-23
1395.99,1425.84,1392.7,1421.89,1.85,37583791.6,2023-11-26
1421.89,1455.09,1415.87,1420.04,-0.12,31007685.7,2023-11-27
1420.04,1444.73,1408.67,1417.33,-0.19,34344974.6,2023-11-28
1417.33,1443.58,1414.92,1419.72,0.16,27243690.4,2023-11-29
1419.72,1419.72,1405.81,1411.96,-0.54,23559976.2,2023-11-30
1411.96,1435.3,1392.27,1404.38,-0.53,16455679.8,2023-12-03
1404.38,1424.75,1392.33,1395.56,-0.62,29589299.1,2023-12-04
1395.56,1416.92,1388.57,1388.57,-0.5,19443220.0,2023-12-05
1388.57,1396.12,1385.56,1395.23,0.47,25078717.0,2023-12-06
1395.23,1405.67,1386.03,1396.95,0.12,28994887.7,2023-12-07
1406.59,1460.42,1406.59,1459.99,4.51,8567325.3,2023-12-10
1476.24,1476.24,1427.59,1442.2,-1.21,88194698.6,2023-12-11
1451.41,1487.71,1431.28,1481.0,2.7,128206047.5,2023-12-12
1481.0,1516.29,1479.24,1486.0,0.33,103032780.9,2023-12-13
1486.17,1524.41,1475.45,1508.53,1.51,145045876.2,2023-12-14
1527.77,1546.3,1479.01,1539.87,2.07,162256302.4,2023-12-17
1540.21,1587.16,1537.5,1565.4,1.65,199572945.6,2023-12-18
1565.63,1584.52,1548.06,1579.69,0.91,128254725.6,2023-12-19
1590.88,1607.87,1571.66,1595.4,0.99,187456735.0,2023-12-20
1595.9,1629.98,1571.34,1572.21,-1.45,239228436.0,2023-12-21
1592.27,1670.05,1585.49,1587.53,0.97,303505700.5,2023-12-24
1587.79,1612.24,1553.55,1566.92,-1.29,209947606.4,2023-12-27
1567.66,1582.48,1558.39,1568.4,0.09,124516373.5,2023-12-28
1566.37,1600.87,1555.0,1560.15,-0.32,160477041.3,2024-01-01
1560.53,1570.34,1549.72,1549.72,-0.66,114936825.1,2024-01-02
1550.47,1578.12,1550.47,1573.32,1.52,189232726.8,2024-01-03
1553.91,1557.7,1514.65,1515.11,-3.7,235188454.9,2024-01-04
1515.97,1516.5,1480.15,1486.87,-1.86,156430538.6,2024-01-07
1498.9,1528.64,1491.42,1525.1,2.57,144670591.5,2024-01-08
1529.96,1572.83,1529.96,1554.04,1.89,184315709.0,2024-01-09
1558.43,1608.6,1558.43,1588.39,2.21,134921576.8,2024-01-10
1593.01,1622.67,1591.88,1592.27,0.24,100664013.2,2024-01-11
1606.96,1651.55,1606.96,1636.52,2.77,130520276.0,2024-01-14
1642.77,1686.66,1642.77,1679.53,2.62,206546774.9,2024-01-16
1685.81,1753.59,1685.81,1712.16,1.94,1159244284.4,2024-01-17
1702.94,1750.44,1667.49,1734.4,1.3,2254358599.2,2024-01-18
1741.08,1792.17,1741.08,1758.35,1.38,925550239.1,2024-01-21
1751.29,1756.79,1721.93,1726.5,-1.81,1062536902.6,2024-01-22
1725.98,1747.73,1721.84,1736.26,0.56,722213019.4,2024-01-23
1736.71,1768.27,1724.5,1726.34,-0.57,388246443.7,2024-01-24
1726.34,1741.74,1708.5,1716.72,-0.55,438795698.7,2024-01-25
1718.38,1743.3,1707.66,1739.54,1.32,494810797.9,2024-01-28
1744.17,1786.22,1744.17,1768.07,1.64,781011347.8,2024-01-29
1781.95,1857.67,1781.95,1831.15,3.56,1049962002.8,2024-01-30
1833.34,1869.39,1797.57,1819.33,-0.64,972086229.7,2024-01-31
1832.72,1832.72,1779.49,1782.77,-2.0,744734545.8,2024-02-01
1782.77,1783.37,1755.48,1764.1,-1.04,448480146.4,2024-02-04
1765.09,1846.73,1763.35,1846.73,4.68,271559274.1,2024-02-05
1828.97,1847.44,1783.62,1836.54,-0.55,538073162.9,2024-02-06
1834.38,1842.81,1807.53,1808.34,-1.53,334018373.2,2024-02-07
1824.08,1827.7,1788.2,1796.24,-0.66,264677362.9,2024-02-08
1809.34,1832.91,1791.11,1795.82,-0.02,752072658.5,2024-02-11
1798.47,1805.37,1779.54,1794.88,-0.05,317265963.1,2024-02-12
1794.94,1794.94,1749.38,1754.04,-2.27,468718105.6,2024-02-13
1767.89,1801.28,1742.35,1772.85,1.07,245842360.9,2024-02-14
1773.84,1773.84,1740.7,1744.13,-1.62,305152238.0,2024-02-15
1737.22,1745.98,1715.15,1720.97,-1.32,499088352.3,2024-02-18
1720.98,1750.27,1714.28,1739.98,1.1,390757452.7,2024-02-20
1739.47,1755.66,1719.85,1724.7,-0.87,177348136.6,2024-02-21
1740.68,1749.64,1703.62,1709.14,-0.9,262242750.9,2024-02-22
1713.46,1721.37,1682.68,1684.56,-1.43,239422671.8,2024-02-25
1684.56,1703.03,1678.32,1697.32,0.75,169120180.7,2024-02-26
1697.32,1711.62,1687.37,1696.4,-0.05,131348464.7,2024-02-27
1696.4,1710.22,1692.75,1698.94,0.14,140433864.3,2024-02-28
1699.29,1704.44,1673.29,1674.06,-1.46,166509698.0,2024-02-29
1672.79,1691.3,1653.25,1656.12,-1.02,144587382.2,2024-03-03
1672.64,1769.62,1672.64,1768.01,6.75,36639850.0,2024-03-04
1773.36,1773.36,1690.55,1690.98,-4.35,239268769.6,2024-03-05
1691.66,1721.59,1679.11,1710.83,1.17,270673311.0,2024-03-06
1714.62,1735.91,1710.39,1722.65,0.69,150251818.4,2024-03-07
1722.65,1742.44,1718.33,1727.57,0.28,148697230.1,2024-03-10
1760.38,1760.38,1722.92,1755.85,1.63,273338173.9,2024-03-12
1782.6,1782.6,1739.23,1764.07,0.46,334173919.3,2024-03-13
1764.07,1764.07,1734.91,1747.67,-0.93,190464345.0,2024-03-14
1747.4,1758.43,1728.99,1728.99,-1.06,153014398.1,2024-03-17
1729.26,1748.26,1710.22,1735.5,0.37,140291133.6,2024-03-18
1735.5,1751.21,1720.1,1724.12,-0.65,162017835.0,2024-03-19
1724.12,1747.21,1710.71,1712.34,-0.68,143875380.2,2024-03-20
1712.88,1725.7,1691.42,1698.24,-0.82,148119510.58,2024-03-21
1698.24,1697.64,1683.52,1688.97,-0.54,108428534.7,2024-03-25
1687.41,1698.95,1681.23,1690.9,0.11,107762507.7,2024-03-26
1690.36,1704.83,1675.85,1682.05,-0.53,127000276.3,2024-03-27
1681.43,1689.25,1674.72,1686.65,0.27,96432001.3,2024-03-28
1685.73,1688.33,1671.56,1674.54,-0.71,116958470.4,2024-03-31
1674.18,1681.32,1664.06,1668.46,-0.36,104133141.7,2024-04-01
1674.89,1674.89,1658.8,1658.8,-0.57,90016396.7,2024-04-02
1653.17,1672.81,1646.3,1654.17,-0.27,93274640.8,2024-04-03
1654.77,1657.49,1643.53,1646.16,-0.48,97035684.8,2024-04-04
1670.97,1670.97,1645.41,1668.54,1.35,118427607.7,2024-04-07
1694.51,1713.53,1676.39,1709.05,2.42,278624935.6,2024-04-09
1709.91,1727.7,1690.83,1701.43,-0.44,258876550.5,2024-04-10
1704.22,1715.0,1690.18,1697.66,-0.41,122816495.9,2024-04-14
1698.09,1710.92,1670.7,1674.12,-1.38,115993203.0,2024-04-15
1668.11,1672.48,1648.56,1656.07,-1.07,94957208.3,2024-04-16
1655.88,1664.74,1633.74,1635.2,-1.25,144265615.6,2024-04-18
1647.46,1655.23,1631.4,1650.87,0.95,108828566.1,2024-04-21
1650.87,1667.79,1639.9,1642.66,-0.49,58027719.7,2024-04-22
1642.66,1653.28,1637.67,1641.1,-0.09,72629180.0,2024-04-24
1641.1,1647.03,1633.99,1635.36,-0.35,74950348.0,2024-04-25
1630.25,1649.77,1630.25,1646.12,0.65,70924145.2,2024-04-28
1664.77,1664.77,1633.29,1636.2,-0.82,72336021.2,2024-04-29
1652.19,1655.1,1628.55,1641.19,0.3,114557150.7,2024-04-30
1671.4,1671.4,1626.48,1628.23,-0.78,104631521.6,2024-05-02
1624.99,1632.65,1607.38,1614.9,-0.81,121191987.5,2024-05-05
1623.56,1625.41,1580.14,1587.68,-1.68,116049445.4,2024-05-06
1587.68,1606.77,1584.24,1598.9,0.7,93855278.4,2024-05-07
1598.9,1603.77,1579.93,1580.38,-1.15,54882709.5,2024-05-08
1580.38,1605.5,1575.12,1580.67,0.01,86817419.7,2024-05-09
1586.72,1605.65,1583.05,1591.68,0.69,107722723.3,2024-05-12
1600.67,1607.05,1592.7,1605.79,0.88,88362435.4,2024-05-13
1605.84,1623.82,1598.96,1623.2,1.08,82079340.2,2024-05-14
1632.39,1637.34,1601.31,1607.93,-0.94,97094989.0,2024-05-15
1636.64,1636.64,1599.62,1615.71,0.22,134350985.1,2024-05-16
1646.44,1667.58,1625.05,1660.43,2.76,194038672.4,2024-05-19
1668.24,1686.31,1664.43,1669.14,0.52,171697203.3,2024-05-20
1669.68,1681.54,1655.04,1676.05,0.41,104015675.8,2024-05-21
1689.99,1689.99,1651.5,1665.66,-0.61,192913228.7,2024-05-22
1669.51,1675.45,1650.77,1650.81,-0.89,98706426.2,2024-05-26
1653.46,1675.06,1649.78,1661.38,0.64,226804113.4,2024-05-27
1687.19,1727.11,1647.3,1649.67,-0.7,243675621.5,2024-05-29
1642.16,1662.32,1632.23,1636.21,-0.81,123709153.9,2024-05-30
1644.01,1654.67,1634.13,1652.02,0.96,169297831.0,2024-06-02
1659.31,1667.25,1643.42,1645.75,-0.37,188522763.9,2024-06-03
1669.35,1671.82,1640.92,1641.82,-0.23,98575760.2,2024-06-04
1650.37,1656.62,1626.54,1630.55,-0.68,135495616.1,2024-06-05
1630.55,1653.6,1626.0,1627.81,-0.16,151331391.2,2024-06-06
1651.49,1651.49,1624.16,1627.96,0.0,247558972.2,2024-06-09
1644.18,1644.43,1623.78,1627.37,-0.03,205654365.6,2024-06-10
1652.97,1652.97,1624.61,1636.01,0.53,183154150.9,2024-06-11
1636.01,1654.81,1635.72,1641.62,0.34,254054990.3,2024-06-12
1647.32,1647.69,1622.63,1628.29,-0.81,309771129.3,2024-06-13
1629.24,1641.14,1603.22,1609.93,-1.12,262566094.7,2024-06-16
1616.26,1616.55,1593.42,1597.51,-0.77,205518628.7,2024-06-18
1598.11,1612.92,1595.04,1600.08,0.16,138123187.2,2024-06-19
1623.53,1627.07,1586.29,1592.86,-0.45,164134987.2,2024-06-20
1592.77,1686.42,1584.99,1596.85,0.25,228518483.3,2024-06-23
1590.96,1638.47,1582.45,1597.4,0.03,180917231.9,2024-06-24
1597.01,1607.96,1594.53,1597.12,-0.01,104519700.1,2024-06-25
1620.89,1623.58,1579.4,1587.79,-0.58,217454736.4,2024-06-26
1581.76,1604.17,1574.83,1602.89,0.95,311212744.9,2024-06-27
1602.47,1662.36,1587.62,1587.62,-0.95,246639214.4,2024-06-30
1593.2,1600.05,1580.23,1590.83,0.2,154510077.3,2024-07-01
1622.05,1685.47,1604.42,1618.5,1.73,262603562.4,2024-07-02
1618.65,1621.11,1600.09,1607.56,-0.67,246598536.4,2024-07-03
1625.26,1627.52,1599.4,1609.97,0.15,323273261.1,2024-07-04
1613.7,1654.14,1612.16,1646.27,2.25,421070310.2,2024-07-07
1645.94,1659.74,1635.54,1637.36,-0.54,235399212.2,2024-07-08
1636.49,1661.74,1633.6,1648.23,0.66,195425896.0,2024-07-09
1648.56,1664.52,1648.56,1656.26,0.48,255352619.5,2024-07-10
1676.89,1684.02,1662.84,1681.68,1.53,346808722.5,2024-07-11
1714.57,1755.26,1690.58,1715.16,1.99,368854160.9,2024-07-14
1730.85,1755.04,1692.25,1694.64,-1.19,358250784.9,2024-07-15
1694.52,1734.7,1688.38,1730.33,2.1,281049146.6,2024-07-16
1747.04,1760.02,1730.07,1753.89,1.36,404588371.9,2024-07-17
1757.47,1857.15,1751.61,1794.28,2.3,572356554.0,2024-07-18
1794.69,1872.2,1787.3,1855.01,3.38,698702615.8,2024-07-21
1855.01,1917.93,1835.14,1881.64,1.43,734497553.0,2024-07-22
1902.48,1926.12,1873.29,1914.21,1.73,544436352.5,2024-07-23
1913.33,1944.01,1863.85,1877.82,-1.9,724938962.5,2024-07-24
1884.31,1888.17,1862.87,1871.5,-0.33,443498639.2,2024-07-25
1896.61,1962.97,1882.72,1931.36,3.19,602685961.4,2024-07-28
1942.96,1966.26,1907.63,1930.8,-0.02,656248415.3,2024-07-29
1930.5,2015.17,1900.5,1998.81,3.52,1167406567.6,2024-07-30
2003.35,2111.44,2003.35,2078.75,3.99,1436096928.4,2024-07-31
2107.04,2127.26,2060.08,2074.07,-0.22,1103279444.4,2024-08-01
2096.38,2194.51,2068.13,2192.99,5.73,1923330628.4,2024-08-05
2201.81,2309.05,2155.88,2164.01,-1.32,2461592667.2,2024-08-06
2183.25,2336.02,2165.14,2334.75,7.89,2130452089.3,2024-08-07
2358.1,2447.88,2316.51,2321.7,-0.55,1657534131.8,2024-08-08
2323.85,2399.46,2310.33,2380.01,2.51,2237973427.4,2024-08-11
2410.92,2433.53,2357.1,2404.07,1.01,1765393557.4,2024-08-12
2422.27,2449.28,2366.8,2386.07,-0.74,1097657178.5,2024-08-13
2401.95,2482.45,2370.94,2405.99,0.83,1301712420.9,2024-08-14
2407.57,2420.43,2345.95,2350.52,-2.3,1502230991.6,2024-08-15
2364.89,2369.13,2269.04,2278.94,-3.04,1359964397.1,2024-08-18
2276.33,2315.83,2261.23,2283.19,0.18,975753825.7,2024-08-21
2296.86,2324.87,2270.56,2276.31,-0.3,742202107.6,2024-08-22
2292.26,2292.26,2190.96,2195.4,-3.55,1043707975.7,2024-08-25
2212.38,2219.95,2106.76,2110.68,-3.85,996140096.7,2024-08-27
2110.19,2195.35,2091.51,2112.67,0.09,622413500.2,2024-08-28
2133.64,2140.14,2084.07,2101.49,-0.52,598168127.5,2024-08-29
2101.49,2174.22,2068.75,2079.44,-1.04,581537882.7,2024-09-01
2095.95,2183.83,2069.16,2165.7,4.14,567949737.0,2024-09-02
2174.55,2194.79,2154.33,2161.66,-0.18,464346277.2,2024-09-03
2201.48,2201.48,2077.98,2079.94,-3.78,493977077.5,2024-09-04
2079.48,2091.53,2045.12,2079.7,-0.01,477034945.9,2024-09-05
2081.95,2100.63,2048.45,2052.29,-1.31,355526829.4,2024-09-08
2052.07,2074.27,2013.11,2014.72,-1.83,553710255.1,2024-09-09
2014.36,2064.7,1995.67,2005.68,-0.44,382615994.9,2024-09-10
2011.81,2031.83,1990.85,1996.22,-0.47,258941796.3,2024-09-11
2025.22,2075.13,1994.77,2072.53,3.82,415571300.0,2024-09-12
2072.97,2103.03,2016.24,2026.15,-2.23,459622584.2,2024-09-15
2025.85,2038.0,1968.6,1978.85,-2.33,284272606.0,2024-09-16
1978.42,1991.97,1957.08,1966.3,-0.63,231489018.2,2024-09-18
2001.09,2038.15,1963.84,1974.5,0.41,197910546.6,2024-09-22
1974.05,1976.19,1915.87,1930.57,-2.22,244748959.7,2024-09-23
1929.98,1943.71,1868.28,1876.58,-2.79,263661224.4,2024-09-24
1882.56,1933.99,1857.89,1909.58,1.75,208584942.0,2024-09-25
1901.06,1932.78,1886.98,1890.91,-0.97,189528810.8,2024-09-26
1882.7,1897.53,1856.49,1871.52,-1.02,186631124.2,2024-09-29
1871.52,1916.0,1871.52,1916.0,2.37,144945632.6,2024-09-30
1915.6,2021.03,1915.6,2005.59,4.67,381610906.8,2024-10-01
2010.83,2083.21,1987.61,2004.94,-0.03,364270920.1,2024-10-02
2004.54,2037.53,1982.78,2037.53,1.62,199250434.0,2024-10-06
2037.08,2107.15,2026.42,2090.81,2.61,403025454.4,2024-10-07
2091.26,2111.7,2057.61,2067.84,-1.09,197838304.6,2024-10-08
2067.54,2095.64,2052.36,2077.5,0.46,217137852.8,2024-10-09
2077.5,2109.71,2077.5,2102.72,1.21,169552986.3,2024-10-15
2102.72,2132.11,2090.1,2114.79,0.57,266479293.2,2024-10-16
2114.79,2169.18,2108.9,2122.48,0.36,369396630.7,2024-10-17
2119.52,2123.72,2071.34,2090.63,-1.5,402459692.5,2024-10-20
2090.63,2094.0,2037.06,2040.76,-2.38,322994494.5,2024-10-21
2040.76,2071.71,2032.71,2061.6,1.02,189366959.5,2024-10-22
2073.08,2091.0,2049.32,2052.27,-0.45,147832554.5,2024-10-23
2052.27,2059.32,2036.35,2038.79,-0.65,147450467.6,2024-10-24
2038.79,2049.11,2028.22,2032.23,-0.32,101926327.3,2024-10-27
2031.8,2055.55,2031.8,2043.26,0.54,117891015.9,2024-10-28
2042.82,2077.71,2042.82,2075.45,1.57,189267979.3,2024-10-29
2074.82,2099.13,2057.44,2060.08,-0.74,137276845.9,2024-10-30
2059.68,2085.16,2054.41,2065.17,0.24,85978997.6,2024-11-05
2064.68,2087.21,2058.76,2062.26,-0.14,101550476.5,2024-11-06
2072.72,2150.58,2067.52,2114.34,2.52,380394792.6,2024-11-10
2113.86,2209.29,2097.44,2118.84,0.21,428172720.2,2024-11-11
2134.96,2144.39,2077.14,2093.67,-1.18,239242653.7,2024-11-12
2093.67,2100.74,2072.11,2076.37,-0.83,179622864.0,2024-11-13
2075.66,2103.56,2072.42,2089.51,0.63,289528054.0,2024-11-14
2099.48,2145.79,2084.7,2091.84,0.11,333767756.2,2024-11-17
2107.56,2111.16,2055.43,2058.64,-1.58,303633401.4,2024-11-19
2058.42,2067.74,2044.38,2057.01,-0.07,208305151.1,2024-11-20
2052.19,2069.39,2021.94,2022.62,-1.67,219420707.2,2024-11-21
2022.62,2046.42,2007.02,2008.08,-0.71,185009191.9,2024-11-24
2016.67,2124.68,2008.36,2041.92,1.68,196044818.9,2024-11-25
2071.78,2124.1,2052.81,2076.26,1.68,175586670.3,2024-11-26
2068.69,2142.78,2068.69,2087.94,0.56,175929918.3,2024-11-27
2087.94,2108.67,2054.75,2058.43,-1.41,165239191.6,2024-11-28
2072.32,2072.32,2026.83,2030.55,-1.35,226657687.1,2024-12-01
2043.11,2054.09,2018.22,2023.1,-0.36,172429131.8,2024-12-02
2054.68,2055.28,2011.21,2028.63,0.27,168141943.2,2024-12-03
2066.26,2066.26,2013.51,2013.51,-0.74,184938107.2,2024-12-04
2013.51,2036.68,2000.78,2003.8,-0.48,189636245.2,2024-12-05
2003.8,2063.06,1978.85,1987.39,-0.81,172777116.9,2024-12-08
1987.39,2014.09,1975.38,1989.63,0.11,117054791.8,2024-12-09
1988.01,2039.28,1982.31,1989.47,0.0,84627544.0,2024-12-10
1989.47,2017.0,1984.33,2000.94,0.57,103099209.0,2024-12-11
2010.2,2017.77,1981.11,1981.19,-0.98,132860539.2,2024-12-12
1999.49,1999.49,1946.7,1952.29,-1.45,219151633.9,2024-12-16
1952.29,1969.16,1941.63,1954.85,0.13,88323781.2,2024-12-17
1954.85,1990.93,1944.23,1947.44,-0.37,112714754.4,2024-12-18
1938.8,1962.17,1921.9,1929.31,-0.93,110760552.4,2024-12-19
1947.06,1966.35,1922.14,1922.14,-0.37,115662428.1,2024-12-22
1922.14,1942.84,1915.0,1934.25,0.63,88146874.8,2024-12-23
1934.25,1958.42,1932.5,1943.75,0.49,97643125.4,2024-12-24
1943.75,1953.48,1933.95,1940.61,-0.16,103945065.8,2024-12-26
1940.61,1953.19,1935.19,1946.37,0.29,108036844.5,2024-12-29
1954.96,1954.96,1923.2,1947.57,0.06,132217310.6,2024-12-31
1965.33,1965.33,1934.88,1939.44,-0.41,117595373.4,2025-01-01
1921.77,1921.77,1900.2,1903.71,-1.84,99021305.9,2025-01-02
1903.71,1908.92,1886.08,1905.65,0.1,100460228.7,2025-01-05
1940.34,1942.71,1899.97,1939.12,1.76,125600601.2,2025-01-06
1967.49,1967.49,1914.71,1935.6,-0.18,169593133.6,2025-01-07
1959.23,1968.49,1925.21,1930.47,-0.26,92790125.4,2025-01-08
1939.39,1939.39,1919.89,1921.96,-0.44,134026712.5,2025-01-09
1949.05,1949.05,1907.44,1910.32,-0.6,138814699.4,2025-01-12
1910.32,1923.99,1886.19,1897.38,-0.67,193734001.4,2025-01-13
1897.38,1925.01,1889.14,1898.15,0.04,155440663.4,2025-01-15
1898.15,1922.29,1889.5,1904.28,0.32,179578430.4,2025-01-16
1904.43,1919.27,1895.26,1910.14,0.3,210453968.9,2025-01-19
1910.14,1969.16,1909.2,1951.01,2.13,382610212.0,2025-01-20
1951.01,2008.82,1949.51,2005.58,2.79,447178779.2,2025-01-21
2017.71,2099.29,2008.03,2090.79,4.24,862958771.7,2025-01-22
2103.57,2106.56,2057.46,2083.29,-0.35,484280737.1,2025-01-23
2097.53,2112.33,2070.7,2084.13,0.03,692512363.8,2025-01-26
2084.13,2096.78,2037.53,2049.35,-1.66,562580526.6,2025-01-27
2055.07,2086.37,2052.47,2085.12,1.74,612702291.6,2025-01-28
2086.14,2140.29,2086.14,2140.16,2.63,725247700.4,2025-02-02
2140.59,2172.1,2117.34,2127.15,-0.6,585901715.7,2025-02-03
2113.69,2168.89,2113.69,2136.43,0.43,684586830.4,2025-02-04
2145.75,2150.02,2126.81,2142.48,0.28,578491942.5,2025-02-05
2141.95,2141.95,2108.01,2123.28,-0.89,474580021.1,2025-02-06
2124.49,2129.72,2092.56,2095.52,-1.3,385098601.8,2025-02-09
2085.83,2113.21,2085.83,2100.44,0.23,563991136.1,2025-02-10
2101.05,2119.94,2091.68,2100.04,-0.01,364244611.2,2025-02-11
2082.24,2110.1,2080.74,2090.14,-0.47,344878600.0,2025-02-12
2096.08,2100.31,2081.91,2088.22,-0.09,385111732.8,2025-02-13
2088.22,2104.66,2083.34,2096.26,0.38,277972158.2,2025-02-16
2081.81,2150.74,2081.81,2147.39,2.43,670850544.5,2025-02-17
2146.16,2230.87,2146.16,2226.62,3.68,1575472679.0,2025-02-18
2229.56,2245.82,2193.72,2239.45,0.57,1165767461.3,2025-02-20
2195.6,2337.24,2189.05,2322.79,3.72,1782439514.44,2025-02-23
2338.55,2405.61,2328.22,2380.94,2.5,1882449654.2,2025-02-24
2386.34,2463.38,2386.34,2450.05,2.9,1964795305.7,2025-02-25
2480.26,2501.84,2457.97,2474.87,1.01,1849528994.3,2025-02-27
2501.43,2521.5,2450.41,2512.24,1.51,2011840496.6,2025-03-02
2531.54,2580.7,2513.43,2554.47,1.68,2484388157.3,2025-03-03
2576.69,2624.37,2548.98,2552.88,-0.06,1998386994.24,2025-03-04
2555.76,2575.72,2530.18,2533.26,-0.76,1969881733.0,2025-03-05
2551.86,2563.1,2508.28,2515.19,-0.71,2297537155.4,2025-03-06
2513.95,2514.3,2442.96,2447.5,-2.69,1852466167.9,2025-03-09
2449.14,2492.71,2439.05,2449.57,0.08,1552524050.9,2025-03-10
2450.05,2477.48,2402.12,2408.23,-1.68,1190104495.9,2025-03-11
2408.23,2453.98,2396.24,2446.15,1.57,1010299218.8,2025-03-12
2446.15,2464.65,2380.49,2408.75,-1.52,1011020880.2,2025-03-16
2427.21,2438.61,2391.9,2395.23,-0.56,801606863.2,2025-03-17
2412.16,2425.89,2383.82,2397.91,0.11,543650800.3,2025-03-18
2397.91,2417.48,2368.71,2385.63,-0.51,517567677.2,2025-03-19
2385.63,2401.59,2366.15,2371.54,-0.59,563498837.5,2025-03-20
2371.54,2379.54,2327.88,2330.59,-1.72,835015987.2,2025-03-23
2330.59,2376.79,2313.04,2365.56,1.5,496940735.7,2025-03-24
2401.35,2401.35,2320.11,2322.44,-1.82,514461274.7,2025-03-25
2322.44,2385.84,2313.5,2371.17,2.09,771527490.1,2025-03-26
2353.52,2418.02,2353.52,2412.5,1.74,831557520.9,2025-03-27
2412.13,2498.75,2397.65,2462.82,2.08,1261055677.3,2025-03-30
2462.37,2473.75,2412.06,2428.45,-1.39,962825073.3,2025-04-01
2457.11,2460.57,2419.54,2436.99,0.35,576193571.0,2025-04-02
2436.99,2492.25,2422.9,2472.47,1.45,1356846387.3,2025-04-03
2473.46,2503.06,2454.2,2461.46,-0.44,879896389.8,2025-04-07
2491.39,2491.39,2422.71,2447.29,-0.57,690364567.7,2025-04-08
2444.14,2484.74,2444.14,2456.34,0.36,533657653.3,2025-04-09
2476.05,2478.75,2429.91,2434.06,-0.9,510690130.9,2025-04-10
2434.06,2446.91,2406.46,2414.46,-0.8,611941160.6,2025-04-13
2446.12,2460.28,2419.52,2429.35,0.61,502987332.4,2025-04-15
2432.33,2451.3,2397.8,2403.19,-1.07,480154026.3,2025-04-16
2419.85,2442.98,2396.33,2412.13,0.37,647029507.2,2025-04-17
2412.13,2441.49,2383.25,2387.05,-1.03,379787412.1,2025-04-20
2369.38,2407.71,2358.01,2363.16,-1.0,472577655.7,2025-04-21
2346.65,2428.82,2340.54,2415.53,2.21,771089202.5,2025-04-22
2420.7,2426.57,2371.24,2379.25,-1.5,503173176.3,2025-04-23
2379.25,2392.39,2357.5,2375.95,-0.13,322703837.6,2025-04-24
2365.38,2401.82,2355.74,2362.35,-0.57,492595359.7,2025-04-27
2345.93,2400.88,2345.93,2357.2,-0.21,382320552.2,2025-04-28
2345.22,2388.65,2332.53,2339.46,-0.75,344493729.7,2025-04-29
2321.99,2360.55,2310.63,2312.2,-1.16,373661295.4,2025-04-30
2313.86,2350.08,2309.5,2311.68,-0.02,326576185.1,2025-05-04
2295.23,2333.75,2295.23,2306.44,-0.22,255605495.1,2025-05-05
2289.95,2336.46,2264.98,2269.95,-1.58,369704795.6,2025-05-06
2270.03,2332.53,2260.87,2325.14,2.43,338722543.4,2025-05-07
2325.14,2338.54,2277.25,2282.99,-1.81,229384030.6,2025-05-08
2266.85,2310.38,2243.97,2248.78,-1.49,336285534.5,2025-05-11
2265.58,2273.87,2231.39,2235.15,-0.6,250385205.2,2025-05-13
2227.6,2316.02,2225.08,2290.27,2.46,546596393.0,2025-05-14
2291.65,2309.22,2255.44,2264.06,-1.14,230141683.8,2025-05-15
2247.93,2363.01,2247.93,2359.01,4.19,1177928878.9,2025-05-18
2359.01,2406.58,2323.35,2369.52,0.44,988386653.9,2025-05-19
2369.46,2391.64,2346.33,2389.51,0.84,460864920.2,2025-05-20
2435.87,2445.3,2353.51,2374.4,-0.63,796871138.4,2025-05-21
2389.6,2393.65,2350.03,2371.26,-0.13,715223533.7,2025-05-22
2381.6,2389.13,2357.86,2360.36,-0.45,303080733.2,2025-05-25
2393.37,2406.76,2342.81,2348.99,-0.48,340392432.6,2025-05-26
2350.1,2354.84,2337.89,2344.22,-0.2,216344213.0,2025-05-27
2338.5,2364.49,2328.64,2342.08,-0.06,249100720.1,2025-05-28
2371.08,2371.67,2347.18,2351.43,0.36,359715916.9,2025-06-02
2323.99,2368.83,2323.98,2328.37,-0.98,193136537.5,2025-06-03
2345.82,2347.95,2309.17,2315.58,-0.54,190711949.8,2025-06-04
2294.0,2333.98,2294.0,2299.96,-0.67,204287243.4,2025-06-05
2299.53,2310.07,2272.26,2276.98,-0.99,241911833.2,2025-06-08
2275.09,2340.58,2261.12,2337.04,2.63,508140470.6,2025-06-09
2337.04,2384.97,2337.04,2372.49,1.51,765945571.9,2025-06-10
2373.05,2376.0,2331.42,2335.04,-1.57,248820143.0,2025-06-11
2334.62,2355.01,2318.82,2328.17,-0.29,349648392.6,2025-06-12
2329.47,2347.27,2313.64,2317.37,-0.46,270461560.6,2025-06-15
2301.95,2338.37,2301.95,2309.72,-0.33,236962678.3,2025-06-16
2310.55,2332.74,2304.18,2306.07,-0.15,142452291.3,2025-06-17
2306.97,2326.45,2300.73,2310.64,0.19,197260708.5,2025-06-18
2285.39,2332.69,2282.85,2284.75,-1.12,466838200.0,2025-06-19
2283.87,2290.07,2268.69,2270.58,-0.61,254580379.3,2025-06-22
2268.74,2288.63,2258.63,2266.1,-0.19,193987632.2,2025-06-23
2265.58,2290.49,2260.3,2263.57,-0.11,147999306.7,2025-06-24
2264.38,2279.82,2253.62,2258.76,-0.21,149138219.6,2025-06-25
2257.94,2279.54,2251.9,2253.37,-0.23,160735145.9,2025-06-26
2252.27,2304.93,2246.33,2284.01,1.35,278346925.4,2025-06-29
2284.01,2304.96,2272.08,2275.7,-0.36,129769576.9,2025-06-30
2275.7,2295.95,2270.63,2286.71,0.48,122025029.5,2025-07-01
2286.71,2311.71,2282.41,2307.64,0.91,179674944.7,2025-07-02
2290.38,2334.07,2290.38,2308.51,0.03,278441847.6,2025-07-03
2318.56,2384.9,2314.63,2379.38,3.06,936051669.9,2025-07-06
2407.16,2407.16,2369.51,2375.67,-0.15,1035230933.3,2025-07-07
2375.67,2376.35,2333.29,2357.16,-0.77,652736512.9,2025-07-08
2338.92,2373.34,2337.55,2364.37,0.3,426841239.5,2025-07-09
2378.78,2378.78,2356.13,2368.59,0.17,339053531.9,2025-07-10
2393.95,2415.9,2359.87,2362.1,-0.27,387147016.8,2025-07-13
2361.39,2374.18,2329.01,2332.75,-1.24,253118074.7,2025-07-14
2338.51,2362.51,2336.26,2344.98,0.52,249238392.8,2025-07-15
2344.35,2378.31,2340.06,2352.82,0.33,346145811.4,2025-07-16
2345.75,2481.41,2338.49,2472.69,5.09,1226032329.4,2025-07-17
2499.5,2583.61,2468.89,2555.91,3.36,1716726986.9,2025-07-20
2572.67,2614.35,2543.98,2603.1,1.84,1613737868.3,2025-07-21
2603.1,2695.45,2594.14,2688.14,3.26,1486292859.0,2025-07-22
2688.83,2730.66,2671.53,2727.06,1.44,1474613650.0,2025-07-23
2719.37,2741.96,2704.37,2724.6,-0.09,1096355891.7,2025-07-24
2719.98,2748.26,2697.75,2700.97,-0.86,1712682200.3,2025-07-27
2712.71,2715.07,2668.17,2682.12,-0.69,1021920286.7,2025-07-28
2665.95,2775.35,2665.95,2751.57,2.58,1377931216.0,2025-07-29
2753.55,2829.29,2753.55,2774.99,0.85,2087684054.9,2025-07-30
2809.34,2823.67,2756.21,2766.63,-0.3,2242277565.9,2025-07-31
2772.83,2773.72,2656.67,2670.34,-3.48,1656924858.0,2025-08-03
2670.59,2703.29,2608.34,2658.32,-0.45,1270571024.0,2025-08-04
2657.45,2677.64,2580.39,2583.08,-2.83,1058090095.2,2025-08-05
2565.84,2629.84,2565.43,2594.5,0.44,641073143.4,2025-08-06
2564.48,2644.53,2561.8,2621.3,1.03,647908923.7,2025-08-07
2620.42,2663.59,2612.94,2629.47,0.31,1048209717.8,2025-08-11
2622.21,2657.08,2607.17,2612.92,-0.62,631248243.7,2025-08-12
2624.44,2637.87,2607.01,2613.83,0.03,527156597.05,2025-08-13
2634.99,2672.04,2608.07,2660.99,1.8,1005936060.6,2025-08-14
2657.74,2681.27,2617.4,2625.31,-1.34,1300788382.9,2025-08-17
2625.0,2638.55,2604.6,2609.88,-0.58,600532408.6,2025-08-18
2598.71,2662.51,2598.71,2612.29,0.09,521891480.5,2025-08-19
2588.47,2635.05,2587.42,2609.45,-0.1,651391078.0,2025-08-20
2630.74,2630.74,2588.57,2595.79,-0.52,581753200.8,2025-08-21
2595.35,2629.85,2585.19,2593.05,-0.1,616393397.7,2025-08-24
2591.82,2672.07,2579.05,2665.53,2.79,1203467072.0,2025-08-25
2679.25,2706.47,2665.91,2703.5,1.42,981310725.1,2025-08-26
2729.81,2767.81,2707.48,2761.49,2.14,1479789879.5,2025-08-27
2777.04,2790.41,2702.48,2714.43,-1.7,1438306514.4,2025-08-28
2715.42,2725.34,2670.77,2680.57,-1.24,1036386901.9,2025-08-31
2673.87,2719.31,2668.78,2679.6,-0.03,621377588.2,2025-09-01
2683.98,2822.31,2663.38,2665.28,-0.53,539104634.2,2025-09-02
2676.42,2690.19,2654.36,2658.0,-0.27,623171251.5,2025-09-03
2646.85,2685.4,2623.71,2644.55,-0.5,636353685.0,2025-09-04
2633.69,2673.5,2633.69,2635.84,-0.32,531557864.5,2025-09-07
2641.47,2649.52,2589.6,2599.44,-1.38,632028687.4,2025-09-08
2581.59,2581.59,2366.86,2404.98,-7.48,29337846.8,2025-09-18
2370.25,2484.74,2276.24,2441.82,1.53,1444313338.8,2025-09-21
2454.43,2510.66,2429.17,2503.22,2.51,631664750.6,2025-09-23
2513.38,2516.6,2434.05,2449.11,-2.16,369749550.8,2025-09-24
2438.58,2471.68,2417.35,2436.88,-0.49,461360411.8,2025-09-25
2439.67,2465.56,2430.1,2433.43,-0.14,221233992.2,2025-09-28
2433.99,2448.45,2315.75,2315.8,-4.83,376913124.8,2025-10-07
2342.02,2350.82,2250.8,2287.05,-1.24,496716871.4,2025-10-08
2292.54,2407.48,2278.6,2292.52,0.23,473617135.0,2025-10-09
2307.33,2307.33,2172.24,2182.68,-4.79,707988784.1,2025-10-12
2213.7,2301.57,2157.87,2292.18,5.01,493739307.2,2025-10-13
2292.18,2323.31,2270.51,2310.5,0.79,519301152.0,2025-10-14
2310.5,2328.06,2270.83,2282.2,-1.22,400443454.0,2025-10-15
2273.09,2299.99,2212.48,2231.59,-2.21,274228791.9,2025-10-16
2240.23,2281.44,2221.02,2257.65,1.16,406671659.3,2025-10-19
2266.19,2335.88,2238.89,2326.67,3.05,438668126.1,2025-10-26
2326.67,2399.36,2308.6,2371.33,1.91,378313788.1,2025-10-28
2361.7,2392.42,2325.15,2342.65,-1.2,401801505.9,2025-10-29
2346.82,2397.59,2317.01,2367.5,1.06,529128128.4,2025-10-30
2395.47,2411.35,2350.42,2396.68,1.23,461784735.0,2025-11-02
2387.59,2429.9,2370.38,2406.94,0.42,439171832.5,2025-11-03
2413.07,2413.07,2352.65,2363.28,-1.81,421008594.8,2025-11-04
2372.37,2389.89,2347.02,2373.8,0.44,268212715.4,2025-11-05
2369.9,2387.54,2342.24,2359.07,-0.62,226906121.8,2025-11-06
2368.15,2368.24,2313.44,2356.03,-0.12,371308126.3,2025-11-09
2383.68,2383.68,2328.56,2349.01,-0.29,246828000.5,2025-11-10
2373.94,2380.48,2329.83,2333.07,-0.67,124021959.6,2025-11-11
2324.72,2355.36,2298.36,2301.88,-1.33,151304912.0,2025-11-12
2293.06,2328.39,2293.06,2296.15,-0.24,164327913.4,2025-11-13
2314.81,2342.97,2277.77,2312.88,0.72,297699083.6,2025-11-16
2334.93,2334.97,2295.92,2301.34,-0.49,145287409.9,2025-11-17
2283.69,2345.68,2283.69,2313.68,0.53,180036069.7,2025-11-18
2323.52,2330.02,2294.96,2306.05,-0.32,231779850.3,2025-11-19
2306.05,2322.33,2295.73,2312.97,0.3,263705955.9,2025-11-20
2312.42,2365.61,2312.25,2340.44,1.18,396352919.0,2025-11-23
2349.28,2380.87,2343.1,2379.15,1.65,519200042.5,2025-11-24
2389.62,2400.87,2367.06,2391.03,0.49,459344878.3,2025-11-25
2400.83,2410.06,2375.76,2402.0,0.45,382313085.1,2025-11-26
2430.68,2430.68,2390.45,2400.69,-0.05,373118460.0,2025-11-27
2391.13,2423.26,2361.88,2375.66,-1.04,443532756.5,2025-11-30
2375.97,2391.0,2360.02,2371.3,-0.18,353382026.1,2025-12-01
2351.72,2393.26,2351.72,2371.38,0.0,255670150.6,2025-12-02
2380.91,2401.69,2353.32,2358.72,-0.53,437981759.5,2025-12-03
2359.14,2382.28,2340.95,2355.74,-0.12,363299512.7,2025-12-07
2355.53,2371.8,2343.56,2350.57,-0.21,367475598.1,2025-12-08
2350.12,2366.25,2341.99,2358.67,0.34,234975114.4,2025-12-09
2368.27,2368.27,2330.49,2349.25,-0.39,268213834.7,2025-12-10
2346.85,2354.79,2328.64,2334.38,-0.63,232501742.4,2025-12-11
2339.68,2349.46,2314.46,2323.7,-0.45,248518453.2,2025-12-14
2304.45,2334.51,2304.45,2319.71,-0.17,212955445.3,2025-12-15
2328.27,2346.48,2319.14,2346.48,1.15,231564781.5,2025-12-16
2356.74,2366.13,2339.61,2347.72,0.05,284853079.3,2025-12-17
2372.19,2372.19,2317.57,2319.73,-1.19,232194676.3,2025-12-18
2310.26,2327.89,2298.6,2309.95,-0.42,261339291.1,2025-12-21
2300.88,2319.4,2290.06,2293.95,-0.69,164314514.2,2025-12-22
2285.14,2325.35,2284.37,2323.43,1.28,175308697.0,2025-12-23
2339.95,2339.95,2313.53,2316.89,-0.28,155375668.4,2025-12-24
2319.31,2377.23,2319.31,2376.14,2.55,345688579.0,2025-12-28
2375.98,2393.21,2354.3,2360.26,-0.66,266651150.0,2025-12-29
2360.26,2391.56,2356.98,2368.44,0.34,406897762.7,2025-12-31
2377.83,2381.96,2357.93,2368.71,0.01,418624941.3,2026-01-01
2358.79,2361.57,2316.35,2328.6,-1.69,383508939.54,2026-01-04
2327.38,2352.83,2321.23,2345.73,0.73,498953994.9,2026-01-05
2355.84,2380.17,2346.52,2363.9,0.77,583181307.0,2026-01-06
2373.29,2379.74,2345.08,2351.21,-0.53,361228142.2,2026-01-07
2350.61,2357.68,2342.22,2349.5,-0.07,248164811.8,2026-01-08
2349.5,2370.07,2339.79,2342.55,-0.29,458890368.0,2026-01-12
2331.38,2368.8,2330.44,2360.9,0.78,497526675.6,2026-01-13
2350.65,2385.25,2348.79,2357.74,-0.13,290632082.2,2026-01-14
2357.14,2377.73,2354.93,2368.42,0.45,401720136.4,2026-01-18
2373.58,2427.37,2373.48,2402.67,1.44,766470318.3,2026-01-20
2412.0,2437.28,2398.1,2409.02,0.26,604430055.2,2026-01-21
2399.62,2418.53,2392.86,2417.92,0.36,616038641.5,2026-01-22
2419.38,2466.51,2416.82,2455.89,1.57,859800467.5,2026-01-25
2464.99,2482.74,2422.65,2443.53,-0.5,952986472.4,2026-01-26
2446.65,2459.21,2393.27,2395.3,-1.97,865672868.3,2026-01-27
2396.62,2422.34,2379.39,2402.71,0.3,589127984.0,2026-01-28
2402.02,2424.69,2374.37,2375.68,-1.12,548062537.1,2026-01-29
2375.14,2392.05,2347.81,2353.78,-0.92,401039361.0,2026-02-01
2326.72,2381.61,2326.72,2347.7,-0.25,473458257.0,2026-02-02
2340.11,2376.39,2326.72,2334.53,-0.56,416071318.7,2026-02-03
2301.8,2362.78,2301.8,2327.28,-0.31,347419764.1,2026-02-04
2326.62,2387.4,2322.16,2373.57,1.98,584271312.25,2026-02-05
2401.16,2423.07,2378.7,2384.56,0.46,626166425.5,2026-02-08
2394.06,2399.92,2327.98,2337.8,-1.96,373438927.3,2026-02-09
2339.19,2362.36,2322.45,2329.56,-0.35,250339406.5,2026-02-10
2364.1,2365.06,2313.58,2323.8,-0.24,275551912.1,2026-02-11
2351.15,2351.15,2312.07,2317.58,-0.26,299740199.5,2026-02-12
2343.3,2343.3,2305.44,2315.85,-0.07,236011203.1,2026-02-16
2315.65,2332.44,2299.37,2302.38,-0.58,246348356.5,2026-02-17
2301.82,2303.78,2274.81,2282.8,-0.85,268554597.6,2026-02-22
2282.04,2290.32,2272.32,2284.67,0.08,177276883.7,2026-02-23
2284.09,2300.43,2284.09,2292.3,0.33,201234672.2,2026-02-24
2293.82,2314.43,2293.21,2300.52,0.35,128266742.9,2026-02-25
2341.75,2341.91,2299.55,2301.72,0.05,166110255.7,2026-02-26
2324.45,2329.2,2279.67,2329.16,1.19,202726411.0,2026-03-01
2355.38,2371.5,2309.96,2353.19,1.03,218539001.7,2026-03-03
2400.13,2528.99,2400.13,2484.12,5.56,40045171.9,2026-03-09
2499.89,2516.28,2415.61,2448.58,-1.43,931410943.6,2026-03-10
2448.21,2456.91,2394.37,2403.67,-1.83,364282322.6,2026-03-11
2414.08,2416.71,2373.36,2385.87,-0.74,366258853.1,2026-03-12
2386.71,2413.54,2379.26,2386.64,0.03,265981824.3,2026-03-15
2395.51,2398.62,2356.86,2360.38,-1.09,283700808.2,2026-03-16
2369.14,2387.83,2345.01,2357.98,-0.1,237580067.6,2026-03-17
2384.46,2409.7,2362.71,2404.63,1.97,436557666.6,2026-03-19
2423.0,2456.91,2412.99,2445.92,1.71,549948922.5,2026-03-22
2465.23,2465.23,2426.18,2446.35,0.01,436820750.2,2026-03-23
2446.35,2466.86,2431.72,2442.25,-0.16,331875309.8,2026-03-24
2471.06,2471.06,2400.54,2400.63,-1.7,416295873.0,2026-03-25
2374.36,2426.17,2374.36,2416.42,0.65,343650887.0,2026-03-26
2421.94,2422.73,2350.9,2355.37,-2.52,580610134.5,2026-03-29
2354.82,2365.94,2300.73,2305.19,-2.13,454628482.75,2026-03-30
2305.01,2325.75,2251.1,2292.41,-0.55,555744185.2,2026-03-31
2271.25,2272.84,2165.76,2171.78,-5.26,1270814885.4,2026-04-01
2148.74,2220.66,2132.85,2171.06,-0.03,562525026.3,2026-04-02
2169.75,2169.75,2035.29,2038.83,-6.09,915704766.9,2026-04-05
2018.68,2114.88,2004.91,2087.09,2.36,816119779.0,2026-04-06
2092.24,2136.12,2086.81,2102.04,0.71,356267643.7,2026-04-07
2132.33,2135.76,2080.82,2105.26,0.15,340315094.6,2026-04-08
2107.91,2190.38,2100.59,2177.62,3.43,636831296.0,2026-04-09
2176.6,2190.6,2128.04,2147.24,-1.39,369107621.0,2026-04-10
2143.62,2150.88,2105.52,2112.45,-1.62,250143200.8,2026-04-13
2112.45,2129.85,2101.34,2114.79,0.11,321054978.4,2026-04-15
2113.07,2113.07,2065.17,2074.49,-1.9,424053699.2,2026-04-16
2069.36,2092.82,2060.31,2086.23,0.56,222520613.0,2026-04-17
2052.04,2093.86,2046.88,2077.86,-0.4,214406951.3,2026-04-20
2065.7,2086.27,2047.04,2051.45,-1.27,182779763.3,2026-04-21
2068.3,2068.3,2007.08,2050.88,-0.02,392477520.3,2026-04-22
2033.59,2078.72,2015.91,2033.25,-0.85,211428630.8,2026-04-23
2063.96,2063.96,1992.77,2012.38,-1.02,211428630.8,2026-04-24
2009.2,2027.77,1996.69,2003.46,-0.44,249428258.1,2026-04-27
2002.18,2024.57,1999.43,2018.19,0.73,220050128.6,2026-04-28
2016.89,2028.8,1993.4,1999.58,-0.92,172091500.2,2026-04-29
2000.94,2003.18,1970.94,1980.01,-0.97,215382074.4,2026-04-30
1980.22,1995.17,1967.02,1970.1,-0.5,187772642.4,2026-05-04
1950.11,1990.61,1950.11,1971.86,0.08,164465677.7,2026-05-05
1988.27,1988.27,1961.8,1972.58,0.03,141710188.7,2026-05-06
1972.54,1988.42,1965.47,1988.98,0.83,172583579.7,2026-05-07
2005.59,2021.63,1980.3,2011.66,1.14,218981989.9,2026-05-08
2010.59,2054.7,2010.59,2054.24,2.11,217499387.3,2026-05-11
2059.21,2085.69,2018.31,2023.6,-1.49,207669487.8,2026-05-12
2020.88,2029.68,2007.78,2017.44,-0.3,141337893.4,2026-05-13
1997.85,2001.58,1963.82,1977.09,-2.0,504941590.0,2026-05-14
1975.53,1999.96,1970.57,1981.04,0.19,163056663.0,2026-05-15
2012.3,2012.3,1976.22,1987.32,0.31,82479671.5,2026-05-18
1985.78,1990.4,1978.0,1980.85,-0.32,122920165.7,2026-05-19
1979.38,2002.79,1972.55,2002.62,1.09,131401874.6,2026-05-20
2042.14,2042.14,1991.25,1996.29,-0.31,152682960.2,2026-05-21
1996.15,2004.89,1988.7,2001.7,0.27,152993217.9,2026-05-22
2003.84,2033.99,1999.18,2026.33,1.23,201915506.5,2026-05-25
2022.46,2033.2,2013.88,2025.06,-0.06,137580979.8,2026-05-26
2023.69,2034.16,2014.28,2018.99,-0.3,149987154.0,2026-05-27
2021.23,2125.15,1977.67,2086.84,3.36,794066048.5,2026-06-01
2084.52,2202.57,2082.9,2167.05,3.84,523942132.4,2026-06-02
2190.06,2193.19,2111.51,2115.9,-2.36,381983823.5,2026-06-03
2083.45,2144.7,2065.03,2099.87,-0.75,289586363.0,2026-06-04
2072.14,2111.62,2069.15,2084.2,-0.74,180594169.7,2026-06-05
2082.77,2084.4,2041.93,2052.95,-1.49,204967326.1,2026-06-08
2052.95,2084.02,2014.23,2058.92,0.29,257322759.2,2026-06-09
2056.99,2080.66,2049.73,2058.2,-0.03,136809795.8,2026-06-10
2056.87,2069.81,2037.45,2039.42,-0.91,123479682.9,2026-06-11
2036.81,2054.32,2026.43,2043.28,0.18,168839958.7,2026-06-12
2023.37,2043.01,2005.4,2006.07,-1.82,201289251.7,2026-06-15
2022.41,2022.41,2000.03,2004.76,-0.06,112513642.9,2026-06-16
2044.52,2044.97,1999.78,2003.0,-0.08,92027532.2,2026-06-17
2004.15,2009.35,1984.49,1985.77,-0.86,111603899.0,2026-06-18
1984.35,2001.59,1971.46,1979.84,-0.29,109562596.1,2026-06-19
2037.05,2045.38,1970.32,1975.7,-0.2,114135164.3,2026-06-22
1974.62,1975.92,1955.25,1962.41,-0.67,135978800.0,2026-06-23
1912.34,1972.76,1912.34,1942.39,-1.02,146246352.9,2026-06-24
1941.25,1945.77,1922.67,1933.26,-0.47,80705389.1,2026-06-25
1931.4,1946.41,1928.21,1931.7,-0.08,77020726.3,2026-06-26
1931.45,1935.88,1902.08,1921.72,-0.51,92486350.0,2026-06-29
1935.91,1935.91,1894.09,1896.53,-1.31,82480739.2,2026-06-30
1896.39,1937.95,1896.39,1930.01,1.76,82989619.4,2026-07-01
1929.81,1940.51,1919.75,1926.03,-0.2,53532656.7,2026-07-02
1917.87,1936.73,1916.91,1923.35,-0.13,93317584.7,2026-07-03
1923.17,1929.16,1909.58,1913.25,-0.52,55592581.2,2026-07-06
1911.11,1934.75,1907.3,1928.37,0.79,87373823.3,2026-07-07
1928.37,1934.69,1903.16,1906.09,-1.15,76210762.9,2026-07-08
1904.98,1915.05,1896.29,1902.52,-0.18,100619139.6,2026-07-09
1901.03,1920.82,1896.96,1899.89,-0.13,61349401.1,2026-07-10
1899.89,1940.0,1878.62,1883.62,-0.85,97948276.6,2026-07-13
1883.06,1899.38,1866.7,1886.56,0.15,96902662.61,2026-07-14
1914.72,1916.27,1887.08,1892.36,0.3,84803853.9,2026-07-15
1938.47,1938.47,1886.29,1898.24,0.31,73779622.3,2026-07-16
1896.47,1954.98,1896.47,1950.92,2.77,147518211.1,2026-07-17
1917.96,2012.44,1917.96,2005.92,2.81,221964464.6,2026-07-20
2004.81,2053.76,2004.58,2030.05,1.2,358145530.0,2026-07-21
2047.95,2047.95,1996.34,2010.09,-0.98,191431595.9,2026-07-22
2008.28,2014.56,1987.74,2008.47,-0.08,122035211.2,2026-07-23
2003.05,2022.01,1982.29,2003.17,-0.26,202637836.8,2026-07-24
2006.5,2007.38,1963.19,1969.13,-1.69,190699501.4,2026-07-27
2001.57,2005.34,1948.72,1953.28,-0.8,106145827.9,2026-07-28
1955.51,1979.30,1948.91,1961.84,0.43,87681346.20,2026-07-29
1961.84,1968.60,1943.13,1948.24,-0.69,62234536.40,2026-07-30
1934.42,2013.48,1929.33,1966.42,0.93,109854286.09,2026-07-31
1966.42,1987.34,1946.82,1950.09,-0.83,105747739.20,2026-08-03
1951.34,1963.79,1929.75,1929.75,-1.04,95962505.00,2026-08-04
1924.74,1952.08,1922.32,1934.96,0.26,101610657.70,2026-08-05
1951.08,1953.94,1919.84,1929.45,-0.28,56064844.40,2026-08-06
1940.74,1940.74,1916.47,1925.19,-0.22,73945613.60,2026-08-07
