date,open,high,low,ltp,percent_change,qty,turnover
2023-02-28,603.1,651.2,603.1,651.2,6.41,5982,3669161.8
2023-02-27,619.0,620.0,590.1,612.0,0.66,3464,2063638.7
2023-02-26,599.0,608.0,578.2,608.0,-0.51,8771,5206502.5
2023-02-23,620.0,620.0,601.0,611.1,-2.27,6068,3707012.9
2023-02-22,615.0,638.0,606.0,625.3,2.51,1978,1211725.0
2023-02-20,613.2,617.0,607.5,610.0,-2.24,2558,1564292.2
2023-02-16,634.0,634.0,620.1,624.0,-1.73,4498,2796420.2
2023-02-15,627.0,635.0,627.0,635.0,1.2,1284,807857.0
2023-02-14,653.0,653.0,627.1,627.5,-2.11,4189,2656023.3
2023-02-12,652.0,652.0,627.2,641.0,-3.61,4634,2951593.1
2023-02-09,637.0,665.0,637.0,665.0,2.32,10473,6795724.4
2023-02-08,659.0,669.0,647.0,649.9,0.54,8880,5834191.6
2023-02-07,637.5,663.2,628.0,646.4,3.42,6964,4490496.0
2023-02-06,621.1,625.0,616.0,625.0,-0.4,2297,1417991.0
2023-02-05,656.7,656.7,626.1,627.5,-2.56,5010,3200915.8
2023-02-02,690.0,690.0,632.0,644.0,-5.29,8531,5488184.2
2023-02-01,628.0,680.0,626.0,680.0,8.28,15047,9487025.6
2023-01-31,644.0,645.0,628.0,628.0,-2.62,5755,3647719.2
2023-01-30,650.0,658.0,638.0,644.9,-2.29,10851,7023276.0
2023-01-29,640.1,693.9,640.1,660.0,1.06,5818,3827217.0
2023-01-26,660.0,667.0,652.0,653.1,-0.44,5171,3412188.3
2023-01-25,650.0,660.1,650.0,656.0,2.58,11041,7244354.1
2023-01-24,635.0,639.5,623.0,639.5,0.71,4171,2613838.3
2023-01-23,651.0,660.0,635.0,635.0,-2.31,2228,1427232.0
2023-01-19,647.0,669.0,646.0,650.0,-1.37,3205,2084468.0
2023-01-18,647.1,680.0,647.1,659.0,-0.15,5803,3800192.4
2023-01-17,638.2,662.0,635.1,660.0,1.85,7256,4726898.9
2023-01-12,690.0,690.0,639.0,648.0,-5.26,13381,8844216.6
2023-01-10,700.0,700.0,667.5,684.0,-3.66,8555,5871041.2
2023-01-09,700.0,717.8,691.0,710.0,0.0,14964,10483585.2
2023-01-08,680.0,722.9,660.0,710.0,4.27,9310,6468133.2
2023-01-05,654.0,681.0,631.0,680.9,4.11,14464,9449910.8
2023-01-04,595.0,655.0,595.0,654.0,8.1,11154,6994744.9
2023-01-03,624.0,624.0,602.0,605.0,-1.14,4102,2501242.9
2023-01-02,580.0,632.8,573.0,612.0,3.44,9318,5625896.5
2023-01-01,652.8,657.9,637.0,644.9,0.77,14913,9648231.7
2022-12-29,578.0,641.0,565.0,640.0,9.78,8600,5174696.5
2022-12-28,570.0,588.0,550.0,583.0,3.11,13746,7836412.9
2022-12-27,524.2,565.4,519.4,565.4,10.0,14634,7841274.1
2022-12-26,492.0,519.0,491.0,514.0,6.4,8296,4227304.5
2022-12-22,486.0,486.9,482.1,483.1,0.12,5380,2608216.8
2022-12-21,489.0,489.9,479.0,482.5,-0.68,2099,1010876.3
2022-12-20,489.0,489.0,482.0,485.8,1.0,2220,1077312.3
2022-12-19,472.0,485.6,472.0,481.0,1.03,1052,505763.0
2022-12-18,483.2,492.0,476.1,476.1,-3.43,7211,3472849.4
2022-12-15,483.3,493.0,483.3,493.0,0.0,2430,1192538.5
2022-12-14,485.0,493.0,485.0,493.0,1.65,415,202251.3
2022-12-13,470.0,498.3,470.0,485.0,1.23,375,182372.0
2022-12-12,480.0,488.0,475.5,479.1,-1.22,4579,2200506.2
2022-12-11,493.6,497.0,484.0,485.0,-2.75,3497,1704230.3
2022-12-07,508.9,508.9,493.0,498.7,-0.06,782,388852.0
2022-12-06,504.0,504.0,493.2,499.0,0.97,5200,2576632.5
2022-12-05,517.0,517.0,494.0,494.2,-4.0,6903,3446649.1
2022-12-04,506.7,516.0,506.7,514.8,-0.04,3954,2019518.7
2022-12-01,517.0,520.0,514.1,515.0,-0.58,1136,586423.1
2022-11-30,525.0,525.0,512.0,518.0,-1.33,22778,11874625.3
2022-11-29,532.9,532.9,505.0,525.0,-3.44,6195,3196833.3
2022-07-11,568.4,568.4,538.0,543.7,-6.26,3668,1989630.6
2022-07-08,561.0,580.0,539.0,580.0,1.75,4471,2469573.8
2022-07-07,590.0,590.0,560.0,570.0,-1.55,3158,1794134.9
2022-07-06,575.0,585.0,557.0,579.0,-1.28,1746,996054.0
2022-07-05,593.7,598.9,563.1,586.5,-1.21,5433,3129558.6
2022-07-04,587.0,620.0,571.0,593.7,2.98,16403,9777293.9
2022-07-03,580.0,580.0,545.4,576.5,1.16,8373,4767737.3
2022-07-01,558.0,580.0,555.0,569.9,0.16,3227,1811110.0
2022-06-30,550.0,575.0,542.0,569.0,5.27,9640,5407046.6
2022-06-29,530.0,540.5,514.0,540.5,3.35,9299,4871544.9
2022-06-28,514.5,527.0,505.3,523.0,-0.38,6148,3165490.9
2022-06-27,548.0,568.0,525.0,525.0,-3.85,3087,1662788.0
2022-06-26,510.0,546.0,510.0,546.0,7.69,6680,3548736.2
2022-06-24,500.0,512.0,499.8,507.0,0.4,4436,2231710.6
2022-06-23,514.0,514.0,498.0,505.0,-3.63,5766,2897884.4
2022-06-22,524.3,527.1,514.0,524.0,-2.06,2274,1181327.8
2022-06-21,520.0,535.0,510.0,535.0,1.9,4120,2172400.7
2022-06-20,552.8,565.0,508.0,525.0,-6.91,20281,10517506.9
2022-06-19,566.5,566.5,548.8,564.0,-2.25,6034,3343281.4
2022-06-17,569.0,580.0,569.0,577.0,1.41,463,265710.0
2022-06-16,550.0,570.0,550.0,569.0,1.61,1157,648996.0
2022-06-15,565.1,570.0,556.0,560.0,-1.23,2190,1234445.5
2022-06-14,568.0,573.0,559.0,567.0,-2.07,1230,693470.0
2022-06-13,580.0,580.3,569.0,579.0,-1.14,321,184999.9
2022-06-10,588.0,588.0,565.0,585.7,-2.38,1528,880872.6
2022-06-09,596.7,608.6,575.0,600.0,2.56,1686,986578.7
2022-06-08,578.9,590.3,559.0,585.0,2.63,4601,2684797.2
2022-06-07,572.0,572.0,551.0,570.0,-1.21,2320,1297282.5
2022-06-06,596.7,596.7,577.0,577.0,-1.37,3874,2258725.3
2022-06-03,590.0,595.0,579.0,585.0,-1.85,3846,2251761.0
2022-06-02,621.5,621.5,596.0,596.0,-3.72,3057,1832917.4
2022-06-01,630.0,635.0,608.6,619.0,-1.59,3747,2314725.0
2022-05-31,620.0,629.0,598.8,629.0,0.0,10266,6201169.3
2022-05-30,645.0,646.0,614.7,629.0,-2.5,5974,3691687.5
2022-05-27,650.0,659.0,645.1,645.1,-2.54,3926,2549046.0
2022-05-26,657.0,666.9,640.5,661.9,0.67,3771,2456883.5
2022-05-25,639.0,657.9,637.0,657.5,1.18,2770,1791676.8
2022-05-24,616.0,663.0,616.0,649.8,3.85,5378,3350227.5
2022-05-23,668.1,668.1,625.7,625.7,-4.47,12597,8020424.2
2022-05-20,674.2,674.2,655.0,655.0,-0.91,4264,2812696.0
2022-05-19,673.0,699.0,660.0,661.0,-3.57,3365,2253990.0
2022-05-18,685.1,705.0,672.1,685.5,-1.51,4471,3071267.0
2022-05-17,725.0,725.0,695.0,696.0,-5.82,5814,4085476.5
2022-05-12,756.0,759.0,731.0,739.0,-1.07,2808,2094469.2
2022-05-11,751.0,759.5,745.0,747.0,0.27,1905,1425632.9
2022-05-10,741.0,750.0,735.0,745.0,2.05,3260,2420043.9
2022-05-09,732.0,735.0,725.0,730.0,1.11,2242,1632341.5
2022-05-08,706.0,722.0,700.0,722.0,0.28,1682,1200460.0
2022-05-05,734.0,737.0,710.0,720.0,-2.17,4320,3121445.0
2022-05-04,760.0,760.0,733.0,736.0,-3.65,3222,2395240.5
2022-05-02,767.5,777.0,751.0,763.9,-2.44,10965,8296114.3
2022-04-28,790.0,796.0,770.0,783.0,0.38,6902,5366547.0
2022-04-27,766.0,780.0,766.0,780.0,0.0,1525,1180587.0
2022-04-26,789.0,789.0,762.0,780.0,0.39,5636,4349012.5
2022-04-25,780.1,800.0,766.0,777.0,-1.65,4582,3546186.9
2022-04-24,774.1,795.0,765.1,790.0,4.08,11364,8862272.1
2022-04-21,745.0,759.0,740.0,759.0,0.26,4893,3670865.0
2022-04-20,758.0,772.0,745.0,757.0,-1.43,7041,5317395.4
2022-04-19,760.0,775.9,760.0,768.0,0.92,6791,5230033.0
2022-04-18,770.0,784.9,758.0,761.0,-2.44,47619,36830026.0
2022-04-17,824.0,824.0,766.0,780.0,-3.58,20010,15545373.9
2022-04-13,820.0,820.0,785.0,809.0,-0.61,10302,8214404.0
2022-04-12,827.5,841.0,800.0,814.0,-3.53,7869,6409575.0
2022-04-11,864.0,870.0,816.2,843.8,-0.5,12457,10255873.2
2022-04-07,845.0,852.0,831.0,848.0,1.68,8028,6722090.3
2022-04-06,833.0,848.0,817.5,834.0,-1.77,13817,11423420.3
2022-04-05,860.0,860.0,833.0,849.0,-2.97,16958,14288181.8
2022-04-04,924.1,924.1,870.1,875.0,-3.42,21107,18596283.4
2022-04-03,927.0,945.5,897.0,906.0,-0.44,53547,50129175.6
2022-03-31,891.3,920.0,891.3,910.0,1.44,27840,25282309.6
2022-03-30,1025.0,1030.0,1000.0,1025.0,1.58,111375,112723406.3
2022-03-29,1009.0,1032.0,1004.0,1009.1,-1.69,22430,22671160.9
2022-03-28,1050.0,1050.0,1026.1,1026.4,-1.59,32163,33332481.4
2022-03-27,1030.0,1111.0,1030.0,1043.0,3.27,119754,127335658.0
2022-03-24,1015.0,1020.0,997.0,1010.0,0.8,50635,50887198.3
2022-03-23,1020.0,1020.0,996.0,1002.0,0.2,14778,14800292.0
2022-03-22,980.0,1009.0,980.0,1000.0,2.04,61341,60293240.8
2022-03-21,970.0,982.0,966.0,980.0,0.51,28153,27361549.8
2022-03-20,976.0,983.0,968.0,975.0,0.0,48784,47428520.5
2022-03-16,969.0,977.4,955.0,975.0,2.09,11567,11216677.3
2022-03-15,937.5,955.7,933.5,955.0,0.53,12725,12032442.4
2022-03-14,931.0,958.0,929.1,950.0,0.21,2921,2762857.0
2022-03-13,923.1,948.0,915.0,948.0,4.75,59978,55820703.2
2022-03-10,885.0,905.0,880.0,905.0,3.43,4942,4415072.5
2022-03-09,895.0,895.0,875.0,875.0,-2.78,7689,6781555.1
2022-03-07,910.0,911.0,887.0,900.0,-0.55,4313,3878132.8
2022-03-06,900.0,923.0,896.0,905.0,1.0,5134,4622134.4
2022-03-02,917.0,917.0,896.0,896.0,-2.4,7982,7198955.0
2022-02-28,964.0,964.0,918.0,918.0,-2.96,6175,5750208.6
2022-02-27,953.7,953.7,921.0,946.0,1.18,22118,20667585.4
2022-02-24,975.0,975.0,935.0,935.0,-5.08,22000,20878261.9
2022-02-23,972.0,985.0,972.0,985.0,0.0,2815,2744313.5
2022-02-22,998.0,998.0,975.3,985.0,-0.45,11947,11792223.1
2022-02-21,970.1,989.5,970.1,989.5,1.49,2745,2693250.6
2022-02-20,976.1,980.0,957.0,975.0,-2.11,10040,9742916.1
2022-02-17,1000.0,1000.0,980.1,996.0,0.1,4971,4929721.0
2022-02-16,990.0,1005.0,982.0,995.0,0.12,13926,13808425.0
2022-02-15,1000.0,1000.0,975.2,993.8,1.3,7118,7005521.0
2022-02-14,970.0,995.0,965.3,981.0,-0.41,7912,7774460.6
2022-02-13,990.0,990.0,970.0,985.0,-2.48,16244,15877924.3
2022-02-10,1020.0,1021.8,1000.0,1010.0,0.8,11211,11276739.0
2022-02-09,1021.0,1025.0,1001.0,1002.0,-2.34,6829,6896353.0
2022-02-08,1030.0,1040.5,1020.1,1026.0,1.08,31266,32246675.0
2022-02-07,1014.9,1030.0,994.0,1015.0,1.5,21295,21698951.6
2022-02-06,1018.0,1018.0,997.7,1000.0,-1.77,13861,13950455.2
2022-02-03,1009.8,1050.0,1009.8,1018.0,2.83,74774,76542627.7
2022-02-01,990.0,1000.0,972.0,990.0,0.3,13144,13006755.6
2022-01-31,991.0,1011.0,987.0,987.0,-0.5,11538,11529628.8
2022-01-30,979.0,1018.0,979.0,992.0,3.34,11984,11852680.7
2022-01-27,955.0,973.0,954.0,959.9,0.41,5930,5668280.4
2022-01-26,980.0,980.0,946.0,956.0,-1.54,8763,8410151.0
2022-01-25,955.0,993.0,955.0,971.0,0.41,6306,6123375.4
2022-01-24,988.0,1000.0,955.0,967.0,-4.07,12611,12308248.9
2022-01-23,1025.0,1025.0,1000.0,1008.0,0.0,19186,19399554.6
2022-01-20,965.1,1008.0,965.1,1008.0,2.86,11991,11959319.4
2022-01-19,1010.0,1030.0,975.0,980.0,-1.11,13578,13425680.9
2022-01-18,1041.0,1041.0,991.0,991.0,-3.79,19484,19535276.4
2022-01-17,1032.0,1032.0,1014.0,1030.0,-0.19,16314,16640497.7
2022-01-16,1029.9,1050.6,1017.0,1032.0,2.18,19962,20587571.1
2022-01-13,976.0,1030.0,975.0,1010.0,1.61,37165,36963503.4
2022-01-12,1014.9,1030.0,951.1,994.0,-0.1,24937,24642033.9
2022-01-11,955.0,1010.0,954.0,995.0,3.12,33466,33080217.3
2022-01-10,932.0,965.0,926.0,964.9,3.53,50057,47675129.8
2022-01-09,922.0,953.0,917.0,932.0,3.1,16521,15529874.1
2022-01-06,895.0,909.0,884.1,904.0,1.01,3229,2915813.0
2022-01-05,901.1,915.0,890.0,895.0,-2.4,7108,6405662.1
2022-01-04,937.0,950.0,895.0,917.0,-0.65,9418,8737412.2
2022-01-03,921.0,925.0,899.0,923.0,0.65,10023,9158866.5
2022-01-02,890.0,920.0,890.0,917.0,2.34,20615,18718747.3
2021-12-29,881.0,897.0,880.0,896.0,0.67,10839,9588936.0
2021-12-28,887.0,900.0,858.0,890.0,-1.66,6121,5377816.4
2021-12-27,930.0,930.0,868.0,905.0,-2.69,22704,20489084.4
2021-12-26,870.0,930.0,843.0,930.0,8.39,27876,24983201.0
2021-12-23,831.0,858.8,814.5,858.0,3.37,10567,8881168.9
2021-12-22,800.0,830.0,800.0,830.0,4.73,6212,5055581.1
2021-12-21,803.0,803.0,777.0,792.5,0.44,2388,1871149.5
2021-12-20,775.0,790.0,760.0,789.0,-0.13,3070,2369527.3
2021-12-16,787.0,795.0,756.1,790.0,-1.62,2081,1629057.8
2021-12-15,795.0,825.0,784.0,803.0,1.01,7710,6159915.2
2021-12-14,750.0,795.0,750.0,795.0,5.02,3136,2445549.9
2021-12-13,772.3,788.0,732.0,757.0,-3.93,6114,4573499.4
2021-12-12,785.0,792.0,765.0,788.0,-0.38,4948,3840338.0
2021-12-09,795.0,800.0,785.0,791.0,-1.13,2750,2171435.4
2021-12-08,824.0,824.0,790.0,800.0,-2.91,3323,2661529.0
2021-12-07,855.0,855.0,808.0,824.0,-2.25,5060,4218772.7
2021-12-06,825.3,843.0,792.9,843.0,0.12,6075,4973846.0
2021-12-05,830.0,842.0,798.7,842.0,0.84,15890,12819339.1
2021-12-02,850.2,850.2,830.0,835.0,-3.24,4313,3608925.5
2021-12-01,853.0,865.0,840.0,863.0,1.53,8374,7108210.6
2021-11-30,846.0,860.0,831.0,850.0,2.41,4828,4070401.6
2021-11-29,860.0,890.0,825.0,830.0,-3.49,19062,15879906.6
2021-11-28,882.0,898.0,854.0,860.0,-4.44,11094,9563118.0
2021-11-25,915.3,915.3,897.0,900.0,-1.64,3642,3286717.5
2021-11-24,911.0,917.0,897.0,915.0,-1.51,4283,3883439.3
2021-11-23,936.0,936.0,900.0,929.0,-0.75,3720,3407004.1
2021-11-22,935.0,950.2,933.0,936.0,0.11,5436,5109519.3
2021-11-21,928.1,947.0,920.0,935.0,-1.27,6721,6213947.4
2021-11-18,958.0,958.0,928.1,947.0,-1.15,14469,13592644.9
2021-11-17,982.0,982.0,956.0,958.0,-0.52,8775,8454981.4
2021-11-16,949.0,964.0,939.9,963.0,0.42,6465,6185293.8
2021-11-15,959.0,961.0,927.5,959.0,1.91,3092,2939168.2
2021-11-14,930.2,953.0,926.5,941.0,-0.84,3583,3359796.0
2021-11-11,937.0,954.0,918.3,949.0,-0.73,3646,3392506.0
2021-11-09,990.0,1009.0,931.0,956.0,-5.25,7807,7444004.3
2021-11-08,991.0,1025.0,991.0,1009.0,2.13,18907,19046166.5
2021-11-03,1005.0,1009.0,965.0,988.0,-0.2,11122,10852553.1
2021-11-02,990.0,990.0,956.0,990.0,1.33,27490,26829340.4
2021-11-01,970.0,999.0,950.0,977.0,0.83,11304,10894891.1
2021-10-31,916.0,1000.0,915.0,969.0,5.9,10323,9755736.4
2021-10-28,900.0,927.0,892.0,915.0,0.66,9312,8443487.8
2021-10-27,895.0,942.0,877.1,909.0,1.56,14454,13172353.0
2021-10-26,880.0,902.0,880.0,895.0,2.87,12504,11186376.8
2021-10-25,835.0,872.0,835.0,870.0,4.95,6531,5588918.5
2021-10-24,836.0,836.0,825.0,829.0,1.1,640,532110.2
2021-10-21,830.0,837.4,806.0,820.0,-0.12,2093,1719355.4
2021-10-20,816.0,848.0,816.0,821.0,2.63,3483,2872204.4
2021-10-19,825.0,841.5,798.0,800.0,-3.03,4739,3830246.4
2021-10-18,870.0,871.0,825.0,825.0,-5.39,4779,4052185.0
2021-10-17,889.0,900.0,860.0,872.0,-0.22,2659,2327052.5
2021-10-11,875.1,880.1,867.0,873.9,-0.69,1955,1704212.5
2021-10-10,912.0,915.0,866.0,880.0,-1.68,7208,6425487.0
2021-10-06,864.0,895.0,864.0,895.0,5.42,7068,6167688.1
2021-10-05,815.0,850.0,815.0,849.0,2.29,2661,2240748.3
2021-10-04,830.0,846.0,815.0,830.0,0.0,4783,3944685.1
2021-10-03,845.0,845.0,829.0,830.0,-2.35,3232,2695841.0
2021-09-30,855.0,855.0,830.0,850.0,1.31,3838,3215824.2
2021-09-29,825.0,859.0,810.0,839.0,1.82,6330,5274589.4
2021-09-28,830.0,860.0,814.0,824.0,-2.37,7012,5805839.8
2021-09-27,883.0,883.0,842.0,844.0,-4.42,5807,4972277.5
2021-09-26,920.0,920.0,882.0,883.0,-4.44,5911,5277658.5
2021-09-23,924.0,937.0,900.0,924.0,0.54,7461,6794145.2
2021-09-22,890.0,923.0,882.0,919.0,3.37,18182,16282033.3
2021-09-21,865.0,900.0,838.0,889.0,0.79,8415,7353886.4
2021-09-20,926.0,926.0,881.0,882.0,-4.75,11066,9883266.3
2021-09-16,965.0,989.0,923.0,926.0,-5.04,15425,14463967.4
2021-09-15,984.0,990.0,971.1,975.1,-2.49,15469,15108698.1
2021-09-14,1000.0,1000.0,985.0,1000.0,-0.4,7235,7167551.0
2021-09-13,1000.0,1024.0,999.0,1004.0,1.11,6665,6704469.0
2021-09-12,1000.0,1005.0,990.0,993.0,0.1,7607,7569974.0
2021-09-09,1010.0,1015.0,990.0,992.0,-0.4,5456,5424492.7
2021-09-08,1005.0,1020.0,990.0,996.0,-2.83,6999,6978679.5
2021-09-07,1061.0,1061.0,1015.0,1025.0,-3.3,5705,5842631.0
2021-09-06,993.8,1069.0,993.8,1060.0,4.54,12286,12685547.7
2021-09-05,1035.0,1035.0,983.0,1014.0,-3.43,9105,9139679.9
2021-09-02,1070.0,1070.0,1020.0,1050.0,0.0,18393,18962311.7
2021-09-01,1070.0,1080.0,1029.0,1050.0,-0.94,20847,21837144.5
2021-08-31,1091.0,1091.0,1024.8,1060.0,-3.64,19720,20930953.8
2021-08-29,1112.0,1135.0,1099.0,1100.0,-2.48,9888,10964744.2
2021-08-26,1150.0,1156.0,1115.1,1128.0,-0.62,10226,11569118.1
2021-08-25,1169.0,1175.0,1135.0,1135.0,-1.73,48622,56211164.9
2021-08-24,1166.0,1182.0,1148.0,1155.0,0.87,55125,64094978.7
2021-08-19,1115.0,1200.0,1101.0,1145.0,4.38,38878,44843692.6
2021-08-18,1086.9,1110.0,1071.0,1097.0,0.46,16715,18379981.0
2021-08-17,1120.0,1120.0,1087.0,1092.0,-0.73,9444,10320911.5
2021-08-16,1130.0,1150.0,1100.0,1100.0,-1.35,5282,5877420.5
2021-08-15,1111.0,1120.0,1095.0,1115.0,-0.46,28686,31609272.7
2021-08-12,1140.0,1148.0,1120.0,1120.1,-2.43,21323,24095132.4
2021-08-11,1129.0,1159.0,1129.0,1148.0,0.95,10592,12139785.4
2021-08-10,1140.0,1151.0,1135.0,1137.2,0.64,7600,8665615.0
2021-08-09,1120.0,1138.0,1116.0,1130.0,0.0,17831,20093751.5
2021-08-08,1140.0,1148.9,1121.0,1130.0,-0.96,12557,14210699.5
2021-08-05,1160.0,1161.0,1140.0,1141.0,-1.64,18462,21230532.4
2021-08-04,1165.0,1170.1,1151.0,1160.0,1.05,12848,14911267.5
2021-08-03,1142.0,1159.0,1142.0,1148.0,-0.26,14124,16216897.8
2021-08-02,1150.0,1170.0,1145.0,1151.0,-1.2,4725,5479840.4
2021-08-01,1190.0,1190.0,1159.0,1165.0,-2.02,10977,12829971.7
2021-07-29,1208.0,1213.7,1185.0,1189.0,0.34,66292,79230557.5
2021-07-28,1141.0,1185.0,1125.0,1185.0,4.04,48727,56306552.5
2021-07-27,1103.0,1139.0,1103.0,1139.0,3.26,29499,33037675.5
2021-07-26,1092.0,1111.0,1090.0,1103.0,1.19,19591,21562383.0
2021-07-25,1100.0,1110.0,1085.0,1090.0,0.0,20963,23042720.0
2021-07-22,1099.9,1099.9,1088.0,1090.0,0.93,2249,2453612.8
2021-07-20,1095.0,1100.0,1080.0,1080.0,-1.82,3946,4280928.0
2021-07-19,1091.0,1120.0,1091.0,1100.0,-0.81,8288,9157300.0
2021-07-18,1078.0,1109.0,1046.0,1109.0,4.82,11468,12396371.0
2021-07-15,1037.0,1060.0,1036.0,1058.0,0.28,3997,4188409.0
2021-07-14,1065.0,1065.0,1038.0,1055.0,0.0,3690,3846245.0
2021-07-13,1050.0,1069.0,1048.0,1055.0,-0.47,2110,2222918.0
2021-07-12,1090.0,1098.0,1053.0,1060.0,-1.3,5553,5903344.0
2021-07-11,1060.0,1075.0,1050.0,1074.0,3.27,2369,2533695.0
2021-07-08,1053.0,1053.0,1030.0,1040.0,0.58,3448,3577201.0
2021-07-07,1030.0,1038.0,1030.0,1034.0,0.49,6387,6605717.0
2021-07-06,1055.0,1058.0,1027.0,1029.0,-1.06,5257,5435305.0
2021-07-05,1055.0,1070.0,1034.0,1040.0,-2.26,6125,6392488.0
2021-07-04,1077.0,1080.0,1055.0,1064.0,-1.02,14961,16067222.0
2021-07-01,1094.0,1095.0,1069.0,1075.0,0.09,9462,10216762.0
2021-06-30,1074.0,1094.0,1044.0,1074.0,1.99,15264,16174079.0
2021-06-29,1095.0,1095.0,1053.0,1053.0,-2.32,10825,11576753.0
2021-06-28,1103.0,1103.0,1075.0,1078.0,-0.37,6534,7109840.0
2021-06-27,1101.0,1105.0,1078.0,1082.0,-1.28,6327,6875767.0
2021-06-24,1136.0,1136.0,1096.0,1096.0,-1.62,5461,6021365.0
2021-06-23,1120.0,1125.0,1099.0,1114.0,-0.98,7690,8513743.0
2021-06-22,1125.0,1146.0,1103.0,1125.0,0.0,18834,21070983.0
2021-06-21,1159.0,1159.0,1100.0,1125.0,-3.02,21546,24049652.0
2021-06-20,1183.0,1183.0,1123.0,1160.0,0.0,14499,16548095.0
2021-06-17,1200.0,1200.0,1157.0,1160.0,0.43,34849,40427863.0
2021-06-16,1167.0,1200.0,1140.0,1155.0,-1.03,22806,26287680.0
2021-06-15,1120.0,1228.0,1120.0,1167.0,-0.77,19583,23251149.0
2021-06-14,1180.0,1185.0,1163.0,1176.0,-0.17,20779,24405947.0
2021-06-13,1200.0,1224.0,1178.0,1178.0,-0.17,22196,26334035.0
2021-06-10,1210.0,1211.0,1175.0,1180.0,-2.16,24583,29151238.0
2021-06-09,1216.0,1230.0,1200.0,1206.0,-0.08,28073,34132849.0
2021-06-08,1168.0,1216.0,1152.0,1207.0,3.43,33467,39641422.0
2021-06-07,1156.0,1170.0,1135.0,1167.0,2.91,18304,20970236.0
2021-06-06,1148.0,1152.0,1134.0,1134.0,-1.22,14425,16471895.0
2021-06-03,1220.0,1220.0,1148.0,1148.0,-1.2,21883,25332471.0
2021-06-02,1168.0,1170.0,1150.0,1162.0,-0.68,24601,28501015.0
2021-06-01,1172.0,1180.0,1144.0,1170.0,-0.85,19706,22820891.0
2021-05-31,1220.0,1220.0,1170.0,1180.0,-2.24,19766,23529117.0
2021-05-30,1260.0,1260.0,1200.0,1207.0,0.17,24614,29830780.0
2021-05-27,1357.0,1370.0,1338.0,1350.0,-0.44,139438,188698563.0
2021-05-25,1360.0,1375.0,1345.0,1356.0,0.0,38462,52229581.0
2021-05-24,1371.0,1376.0,1351.0,1356.0,-0.29,37776,51389529.0
2021-05-23,1360.0,1365.0,1318.0,1360.0,0.67,53946,73091180.0
2021-05-20,1301.0,1351.0,1300.0,1351.0,5.3,129025,172299116.0
2021-05-19,1290.0,1300.0,1273.0,1283.0,0.16,33444,42981380.0
2021-05-18,1278.0,1288.0,1270.0,1281.0,0.23,31501,40365379.0
2021-05-17,1280.0,1305.0,1274.0,1278.0,0.31,26098,33473176.0
2021-05-16,1239.0,1286.0,1239.0,1274.0,3.16,34025,43125529.0
2021-05-13,1238.0,1238.0,1225.0,1235.0,0.24,5949,7327606.0
2021-05-12,1236.0,1239.0,1220.0,1232.0,-0.32,5074,6239877.0
2021-05-11,1230.0,1240.0,1223.0,1236.0,1.31,6828,8408368.0
2021-05-10,1211.0,1228.0,1210.0,1220.0,0.83,4863,5919393.0
2021-05-09,1240.0,1240.0,1202.0,1210.0,-0.49,7347,8900105.0
2021-05-06,1243.0,1245.0,1216.0,1216.0,-1.38,10485,12826226.0
2021-05-05,1237.0,1245.0,1230.0,1233.0,-0.4,6756,8347329.0
2021-05-04,1250.0,1250.0,1231.0,1238.0,-0.88,6126,7599195.0
2021-05-03,1264.0,1268.0,1240.0,1249.0,-0.24,31470,39419560.0
2021-05-02,1210.0,1252.0,1190.0,1252.0,3.13,20141,24914908.0
2021-04-29,1171.0,1215.0,1171.0,1214.0,2.45,7496,9001085.0
2021-04-28,1209.0,1220.0,1160.0,1185.0,-2.07,4641,5539390.0
2021-04-27,1164.0,1211.0,1160.0,1210.0,3.95,15835,18777119.0
2021-04-26,1176.0,1194.0,1151.0,1164.0,-2.18,17783,20726338.0
2021-04-25,1200.0,1214.0,1180.0,1190.0,-2.54,18747,22352283.0
2021-04-22,1220.0,1223.0,1196.0,1221.0,0.08,14275,17297165.0
2021-04-21,1234.0,1236.0,1217.0,1220.0,-0.81,9768,11957442.0
2021-04-20,1219.0,1244.0,1219.0,1230.0,0.65,11710,14418405.0
2021-04-19,1235.0,1241.0,1220.0,1222.0,-1.53,11341,13956601.0
2021-04-18,1253.0,1254.0,1231.0,1241.0,-0.8,11021,13677401.0
2021-04-15,1260.0,1260.0,1248.0,1251.0,-0.71,10141,12695445.0
2021-04-13,1266.0,1270.0,1256.0,1260.0,0.08,9650,12162557.0
2021-04-12,1271.0,1289.0,1258.0,1259.0,-0.71,20038,25315592.0
2021-04-08,1273.0,1280.0,1261.0,1268.0,0.24,10103,12780723.0
2021-04-07,1270.0,1280.0,1257.0,1265.0,-1.25,15000,19008387.0
2021-04-06,1300.0,1300.0,1270.0,1281.0,-1.46,18703,23948886.0
2021-04-05,1320.0,1330.0,1270.0,1300.0,1.25,28013,36191280.0
2021-04-04,1300.0,1310.0,1251.0,1284.0,2.88,60333,77503317.0
2021-04-01,1256.0,1269.0,1248.0,1248.0,-0.4,42919,53784827.0
2021-03-31,1272.0,1272.0,1248.0,1253.0,0.4,29680,37270303.0
2021-03-30,1268.0,1268.0,1245.0,1248.0,0.32,13652,17042981.0
2021-03-29,1316.0,1316.0,1240.0,1244.0,-0.8,22131,27718656.0
2021-03-25,1221.0,1279.0,1221.0,1254.0,7.82,185651,235121694.0
2021-03-24,1160.0,1183.0,1160.0,1163.0,0.26,15971,18632104.0
2021-03-23,1148.0,1160.0,1138.0,1160.0,0.69,8827,10085986.0
2021-03-22,1178.0,1178.0,1146.0,1152.0,-2.04,10993,12693341.0
2021-03-21,1130.0,1176.0,1130.0,1176.0,5.0,15387,17834349.0
2021-03-18,1099.0,1128.0,1099.0,1120.0,2.0,5496,6143349.0
2021-03-17,1089.0,1105.0,1069.0,1098.0,1.67,6293,6863196.0
2021-03-16,1075.0,1100.0,1071.0,1080.0,0.93,8107,8751705.0
2021-03-15,1067.0,1105.0,1050.0,1070.0,-1.65,9846,10659426.0
2021-03-14,1115.0,1190.0,1079.0,1088.0,-1.98,13176,14744489.0
2021-03-10,1170.0,1170.0,1109.0,1110.0,-0.89,5666,6326168.0
2021-03-09,1120.0,1129.0,1102.0,1120.0,-1.5,8619,9625277.0
2021-03-07,1139.0,1161.0,1117.0,1137.0,-0.18,16016,18385863.0
2021-03-04,1100.0,1150.0,1100.0,1139.0,3.55,14431,16376464.0
2021-03-03,1100.0,1120.0,1070.0,1100.0,-1.79,24948,27168791.0
2021-03-02,1170.0,1170.0,1115.0,1120.0,-3.78,17732,20070945.0
2021-03-01,1123.0,1186.0,1120.0,1164.0,1.66,12360,14253702.0
2021-02-28,1190.0,1213.0,1145.0,1145.0,-3.7,23047,26627835.0
2021-02-25,1200.0,1215.0,1180.0,1189.0,-2.06,15021,17900373.0
2021-02-24,1201.0,1250.0,1178.0,1214.0,3.06,16862,20432172.0
2021-02-23,1176.0,1190.0,1155.0,1178.0,-1.67,26492,30955477.0
2021-02-22,1266.0,1266.0,1179.0,1198.0,-0.66,19648,23394037.0
2021-02-21,1215.0,1215.0,1200.0,1206.0,-1.47,13265,15991752.0
2021-02-18,1226.0,1235.0,1219.0,1224.0,-1.13,14496,17741231.0
2021-02-17,1235.0,1259.0,1234.0,1238.0,-1.67,12689,15728003.0
2021-02-16,1323.0,1323.0,1220.0,1259.0,-0.08,23015,29012592.0
2021-02-15,1231.0,1260.0,1231.0,1260.0,4.39,47930,59950467.0
2021-02-14,1255.0,1268.0,1196.0,1207.0,-3.21,22453,27214527.0
2021-02-11,1270.0,1270.0,1225.0,1247.0,-1.27,40878,50475496.0
2021-02-10,1230.0,1263.0,1220.0,1263.0,1.12,35936,44284708.0
2021-02-09,1255.0,1260.0,1225.0,1249.0,-2.35,28301,35112480.0
2021-02-08,1305.0,1306.0,1245.0,1279.0,0.71,36628,46397178.0
2021-02-07,1260.0,1280.0,1236.0,1270.0,2.09,62107,78072343.0
2021-02-04,1200.0,1244.0,1191.0,1244.0,2.13,37796,46280187.0
2021-02-03,1260.0,1260.0,1191.0,1218.0,-2.64,48373,59343507.0
2021-02-02,1180.0,1255.0,1164.0,1251.0,6.11,48873,60129960.0
2021-02-01,1168.0,1179.0,1145.0,1179.0,2.88,27255,31592727.0
2021-01-31,1199.0,1199.0,1126.0,1146.0,-3.13,58553,67877415.0
2021-01-28,1108.0,1242.0,1108.0,1183.0,4.69,73870,87799190.0
2021-01-27,1092.0,1138.0,1059.0,1130.0,3.48,88851,97811971.0
2021-01-26,1098.0,1100.0,1060.0,1092.0,0.28,40344,43362295.0
2021-01-25,1122.0,1122.0,1075.0,1089.0,-2.94,41912,45775154.0
2021-01-24,1101.0,1126.0,1059.0,1122.0,3.79,88678,97303250.0
2021-01-21,991.0,1081.0,985.0,1081.0,9.97,70567,71885270.0
2021-01-20,951.0,983.0,951.0,983.0,2.5,20089,19476297.0
2021-01-19,1002.0,1002.0,959.0,959.0,-2.64,47844,46818183.0
2021-01-18,990.0,1001.0,961.0,985.0,0.1,62073,61153362.0
2021-01-17,990.0,990.0,952.0,984.0,-0.3,47372,46085802.0
2021-01-13,960.0,1001.0,945.0,987.0,2.92,92970,91385827.0
2021-01-12,915.0,959.0,912.0,959.0,3.34,72201,67402696.0
2021-01-11,915.0,928.0,905.0,928.0,1.09,25076,23010825.0
2021-01-10,905.0,918.0,895.0,918.0,3.15,55531,50236215.0
2021-01-07,873.0,900.0,863.0,890.0,3.97,90952,80901915.0
2021-01-06,850.0,861.0,840.0,856.0,1.54,18901,16197628.0
2021-01-05,838.0,850.0,836.0,843.0,0.6,17279,14583190.0
2021-01-04,835.0,840.0,827.0,838.0,0.12,9478,7903348.0
2021-01-03,825.0,846.0,820.0,837.0,2.7,12817,10643990.0
2020-12-31,814.0,815.0,808.0,815.0,0.0,7245,5882226.0
2020-12-30,830.0,830.0,805.0,815.0,-0.24,4537,3695893.0
2020-12-29,829.0,829.0,804.0,817.0,0.25,5095,4117725.0
2020-12-28,807.0,828.0,807.0,815.0,0.99,14367,11706408.0
2020-12-27,820.0,838.0,805.0,807.0,-2.77,15293,12505820.0
2020-12-24,828.0,844.0,820.0,830.0,-1.66,15416,12799179.0
2020-12-23,851.0,865.0,838.0,844.0,1.08,22839,19354474.0
2020-12-22,831.0,847.0,814.0,835.0,1.83,23308,19507362.0
2020-12-21,792.0,847.0,750.0,820.0,1.49,18970,15117926.0
2020-12-20,859.0,859.0,800.0,808.0,-7.66,44983,36841523.0
2020-12-17,858.0,875.0,849.0,875.0,0.0,20981,17970959.0
2020-12-16,865.0,876.0,865.0,875.0,-0.57,13231,11511254.0
2020-12-15,896.0,897.0,866.0,880.0,0.0,18985,16661038.0
2020-12-14,854.0,884.0,841.0,880.0,5.01,32423,27957318.0
2020-12-13,849.0,849.0,826.0,838.0,0.6,5117,4296387.0
2020-12-10,827.0,843.0,819.0,833.0,0.12,7918,6536520.0
2020-12-09,823.0,835.0,821.0,832.0,-0.83,6747,5552417.0
2020-12-08,870.0,870.0,823.0,839.0,-2.1,37559,31614804.0
2020-12-07,800.0,860.0,800.0,857.0,7.13,19827,16348675.0
2020-12-06,835.0,849.0,800.0,800.0,-5.88,17846,14712813.0
2020-12-03,875.0,903.0,836.0,850.0,-2.3,38891,33297130.0
2020-12-02,837.0,887.0,837.0,870.0,1.87,57656,49952569.0
2020-12-01,850.0,855.0,838.0,854.0,-0.7,29209,24635918.0
2020-11-30,830.0,897.0,822.0,860.0,4.62,52325,44465112.0
2020-11-29,850.0,850.0,811.0,822.0,-1.67,21519,17728650.0
2020-11-26,837.0,859.0,827.0,836.0,-1.65,32474,27219932.0
2020-11-25,855.0,857.0,829.0,850.0,0.59,44770,37983103.0
2020-11-24,821.0,862.0,803.0,845.0,1.2,52034,44155277.0
2020-11-23,849.0,849.0,819.0,835.0,-1.65,51524,42566456.0
2020-11-22,877.0,884.0,833.0,849.0,-1.28,56925,48621334.0
2020-11-19,845.0,870.0,830.0,860.0,3.74,65059,55882357.0
2020-11-18,795.0,833.0,790.0,829.0,3.5,38716,31661906.0
2020-11-12,810.0,810.0,797.0,801.0,-0.99,34203,27507751.0
2020-11-11,775.0,809.0,771.0,809.0,4.39,45438,35968093.0
2020-11-10,762.0,779.0,758.0,775.0,1.57,24745,19113757.0
2020-11-09,760.0,771.0,760.0,763.0,1.6,11030,8432622.0
2020-11-08,744.0,751.0,744.0,751.0,0.13,5005,3735752.0
2020-11-05,752.0,756.0,748.0,750.0,-1.06,4240,3189860.0
2020-11-04,752.0,759.0,751.0,758.0,-0.79,2719,2050217.0
2020-11-03,800.0,800.0,760.0,764.0,0.26,4895,3734411.0
2020-11-02,760.0,764.0,760.0,762.0,-0.26,2360,1794000.0
2020-11-01,753.0,767.0,753.0,764.0,-0.26,2954,2253080.0
2020-10-29,767.0,771.0,760.0,766.0,-0.26,6598,5078357.0
2020-10-28,754.0,768.0,746.0,768.0,1.72,4311,3258664.0
2020-10-22,755.0,760.0,742.0,755.0,0.67,2926,2184449.0
2020-10-21,750.0,750.0,740.0,750.0,0.54,1322,985320.0
2020-10-20,750.0,757.0,742.0,746.0,-0.4,1240,927870.0
2020-10-19,746.0,749.0,737.0,749.0,0.4,1625,1206862.0
2020-10-18,732.0,746.0,725.0,746.0,1.5,2504,1838638.0
2020-10-15,747.0,747.0,733.0,735.0,0.27,11315,8320113.0
2020-10-14,733.0,742.0,732.0,733.0,-1.21,6812,4998302.0
2020-10-13,737.0,750.0,737.0,742.0,-0.54,2675,1990871.0
2020-10-12,740.0,750.0,740.0,746.0,0.0,10994,8178384.0
2020-10-11,741.0,755.0,741.0,746.0,-0.93,13900,10404260.0
2020-10-08,750.0,765.0,747.0,753.0,-0.53,6797,5123251.0
2020-10-07,757.0,765.0,755.0,757.0,-0.13,5700,4323127.0
2020-10-06,813.0,813.0,756.0,758.0,-2.19,8835,6700882.0
2020-10-05,740.0,775.0,740.0,775.0,0.0,8943,6864736.0
2020-10-04,775.0,780.0,769.0,775.0,0.39,13342,10330760.0
2020-10-01,740.0,772.0,731.0,772.0,4.75,29055,22010689.0
2020-09-30,738.0,744.0,725.0,737.0,-0.81,15083,11053719.0
2020-09-29,742.0,747.0,739.0,743.0,-0.27,7902,5878832.0
2020-09-28,760.0,760.0,739.0,745.0,-0.53,9710,7218904.0
2020-09-27,745.0,755.0,745.0,749.0,-1.06,1977,1483597.0
2020-09-24,763.0,763.0,748.0,757.0,-0.13,14102,10587326.0
2020-09-23,746.0,758.0,743.0,758.0,1.47,17255,12945227.0
2020-09-22,760.0,760.0,743.0,747.0,-1.71,23675,17722926.0
2020-09-21,756.0,775.0,755.0,760.0,0.0,9477,7251603.0
2020-09-20,770.0,770.0,760.0,760.0,-2.19,10264,7844487.0
2020-09-17,776.0,788.0,769.0,777.0,-0.51,31008,24012816.0
2020-09-16,775.0,785.0,765.0,781.0,0.77,14547,11326163.0
2020-09-15,779.0,789.0,768.0,775.0,-0.77,31833,24695254.0
2020-09-14,816.0,816.0,774.0,781.0,-2.74,26902,21183711.0
2020-09-13,778.0,820.0,772.0,803.0,4.02,55268,43894001.0
2020-09-10,772.0,790.0,758.0,772.0,1.98,33274,25516664.0
2020-09-09,753.0,763.0,750.0,757.0,1.07,32499,24617192.0
2020-09-08,735.0,750.0,732.0,749.0,1.49,17162,12763365.0
2020-09-07,735.0,745.0,727.0,738.0,-1.6,21230,15675908.0
2020-09-06,780.0,780.0,737.0,750.0,-0.13,29298,22005172.0
2020-09-03,750.0,770.0,732.0,751.0,0.13,27548,20543537.0
2020-09-02,780.0,782.0,740.0,750.0,-2.22,55497,42043657.0
2020-08-31,755.0,777.0,740.0,767.0,1.72,77621,59416924.0
2020-08-30,701.0,759.0,690.0,754.0,8.18,47148,34106722.0
2020-08-27,710.0,710.0,681.0,697.0,-0.14,29624,20666695.0
2020-08-26,680.0,702.0,680.0,698.0,1.16,44762,31089551.0
2020-08-25,676.0,695.0,662.0,690.0,1.62,35260,24049337.0
2020-08-24,678.0,690.0,670.0,679.0,2.11,57387,38997222.0
2020-08-23,630.0,672.0,628.0,665.0,5.56,35218,22769778.0
2020-08-20,626.0,633.0,625.0,630.0,0.64,3060,1922021.0
2020-08-19,635.0,635.0,621.0,626.0,-1.57,23073,14512204.0
2020-08-18,642.0,646.0,633.0,636.0,0.47,31286,19988645.0
2020-08-17,625.0,637.0,615.0,633.0,3.26,39189,24539158.0
2020-08-16,600.0,615.0,591.0,613.0,0.16,11248,6780568.0
2020-08-13,620.0,620.0,607.0,612.0,-2.08,10734,6581918.0
2020-08-12,629.0,632.0,619.0,625.0,0.64,13012,8130892.0
2020-08-11,620.0,630.0,610.0,621.0,0.32,13673,8472358.0
2020-08-10,596.0,625.0,592.0,619.0,3.17,23315,14223560.0
2020-08-09,588.0,601.0,582.0,600.0,3.27,15304,9086603.0
2020-08-06,583.0,583.0,568.0,581.0,-2.19,3013,1737628.0
2020-08-05,581.0,594.0,570.0,594.0,0.34,8498,4884776.0
2020-08-03,585.0,596.0,575.0,592.0,1.2,2252,1321253.0
2020-08-02,601.0,601.0,581.0,585.0,-4.57,16608,9801543.0
2020-07-30,604.0,626.0,600.0,613.0,1.66,10763,6550274.0
2020-07-29,620.0,620.0,603.0,603.0,-2.74,15125,9215114.0
2020-07-28,619.0,631.0,617.0,620.0,-1.59,11086,6880018.0
2020-07-27,659.0,659.0,620.0,630.0,-3.52,19883,12679810.0
2020-07-26,628.0,670.0,620.0,653.0,3.98,24167,15635053.0
2020-07-23,603.0,636.0,602.0,628.0,5.19,33147,20410352.0
2020-07-22,604.0,610.0,593.0,597.0,-1.16,9538,5724424.0
2020-07-21,608.0,623.0,594.0,604.0,-2.58,16604,10134257.0
2020-07-20,637.0,649.0,600.0,620.0,-0.8,12686,7900486.0
2020-07-19,601.0,625.0,601.0,625.0,5.93,70,43390.0
2020-07-16,569.0,591.0,569.0,590.0,1.72,8581,5062930.0
2020-07-15,593.0,593.0,576.0,580.0,-0.34,2521,1463786.0
2020-07-14,569.0,582.0,568.0,582.0,0.52,3790,2178616.0
2020-07-13,570.0,579.0,564.0,579.0,-0.17,3761,2136538.0
2020-07-12,590.0,601.0,580.0,580.0,-0.17,4826,2830689.0
2020-07-09,569.0,585.0,569.0,581.0,0.52,7884,4563457.0
2020-07-08,591.0,612.0,570.0,578.0,-1.37,7305,4298698.0
2020-07-07,543.0,586.0,538.0,586.0,9.94,12090,6895258.0
2020-07-06,487.0,533.0,486.0,533.0,9.45,14375,7316164.0
2020-07-05,483.0,493.0,477.0,487.0,0.62,3597,1754846.0
2020-07-02,494.0,494.0,466.0,484.0,-0.41,675,325695.0
2020-07-01,468.0,495.0,468.0,486.0,5.88,73,35208.0
2020-06-30,450.0,459.0,450.0,459.0,2.0,867,396501.0
2020-06-29,426.0,426.0,418.0,450.0,-1.84,3509,1490766.0
2020-05-13,439.0,439.0,434.0,434.0,-2.91,30,13070.0
2020-05-12,451.0,451.0,447.0,447.0,-2.83,20,8980.0
2020-03-22,460.0,460.0,460.0,460.0,0.0,40,18400.0
2020-03-19,435.0,467.0,435.0,460.0,4.55,20540,9128873.0
2020-03-18,459.0,468.0,430.0,440.0,-4.14,14019,6157055.0
2020-03-17,502.0,502.0,459.0,459.0,-10.0,10948,5187513.0
2020-03-16,498.0,530.0,484.0,510.0,0.39,10317,5162259.0
2020-03-15,542.0,542.0,490.0,508.0,-6.27,16551,8372955.0
2020-03-12,553.0,571.0,523.0,542.0,-3.21,12806,6952215.0
2020-03-11,530.0,560.0,530.0,560.0,5.66,13140,7187010.0
2020-03-10,555.0,560.0,530.0,530.0,-5.36,5601,3048329.0
2020-03-05,550.0,573.0,550.0,560.0,0.0,15269,8578598.0
2020-03-04,608.0,615.0,555.0,560.0,-7.44,20345,11751276.0
2020-03-03,570.0,630.0,547.0,605.0,4.31,26312,15564975.0
2020-03-02,640.0,640.0,576.0,580.0,-9.38,12089,7322401.0
2020-03-01,678.0,679.0,640.0,640.0,-3.9,26113,17124942.0
2020-02-27,675.0,684.0,663.0,666.0,-3.06,28119,18947162.0
2020-02-26,675.0,698.0,661.0,687.0,2.84,62639,42827640.0
2020-02-25,635.0,672.0,623.0,668.0,5.36,34883,22897156.0
2020-02-24,634.0,640.0,622.0,634.0,-1.86,30998,19564404.0
2020-02-23,638.0,650.0,630.0,646.0,3.19,41733,26765592.0
2020-02-20,591.0,628.0,590.0,626.0,6.64,46964,28902272.0
2020-02-19,577.0,592.0,577.0,587.0,0.0,7308,4289386.0
2020-02-18,585.0,597.0,580.0,587.0,-0.34,18015,10581628.0
2020-02-17,613.0,614.0,589.0,589.0,-2.0,45660,27635670.0
2020-02-16,556.0,604.0,556.0,601.0,6.0,44017,25946884.0
2020-02-13,585.0,590.0,567.0,567.0,-1.22,17001,9799361.0
2020-02-12,566.0,578.0,566.0,574.0,1.59,19891,11401801.0
2020-02-11,559.0,581.0,548.0,565.0,-0.88,58243,33014296.0
2020-02-10,566.0,582.0,549.0,570.0,-0.18,15392,8747673.0
2020-02-09,578.0,580.0,568.0,571.0,-2.39,15471,8896601.0
2020-02-06,600.0,604.0,578.0,585.0,-2.17,27809,16328271.0
2020-02-05,612.0,612.0,594.0,598.0,-0.33,29393,17673948.0
2020-02-04,600.0,622.0,596.0,600.0,0.0,57595,35099736.0
2020-02-03,585.0,602.0,561.0,600.0,3.45,48097,28274248.0
2020-02-02,579.0,582.0,558.0,580.0,2.11,38664,22175682.0
2020-01-30,554.0,590.0,545.0,568.0,4.22,61566,34747280.0
2020-01-29,535.0,548.0,534.0,545.0,3.81,32095,17391680.0
2020-01-28,524.0,538.0,515.0,525.0,2.14,17764,9407016.0
2020-01-27,497.0,522.0,497.0,514.0,2.39,8349,4245247.0
2020-01-26,520.0,520.0,494.0,502.0,-3.46,4751,2399654.0
2020-01-23,530.0,535.0,515.0,520.0,-0.38,18388,9671837.0
2020-01-22,516.0,558.0,516.0,522.0,-0.76,3843,2030541.0
2020-01-21,525.0,539.0,516.0,526.0,0.0,14820,7774891.0
2020-01-20,530.0,545.0,512.0,526.0,-0.38,27510,14477722.0
2020-01-19,489.0,528.0,489.0,528.0,10.0,24275,12510168.0
2020-01-16,480.0,486.0,475.0,480.0,1.91,8145,3911147.0
2020-01-15,474.0,480.0,471.0,471.0,-1.46,4041,1915541.0
2020-01-14,487.0,487.0,469.0,478.0,-1.85,8342,3989390.0
2020-01-13,479.0,505.0,473.0,487.0,2.96,27410,13244870.0
2020-01-12,438.0,473.0,438.0,473.0,10.0,18253,8490611.0
2020-01-09,429.0,438.0,422.0,430.0,0.0,7241,3094347.0
2020-01-08,425.0,444.0,422.0,430.0,0.0,6877,2957228.0
2020-01-07,424.0,430.0,424.0,430.0,1.9,7267,3095355.0
2020-01-06,415.0,423.0,415.0,422.0,0.48,3996,1681224.0
2020-01-05,415.0,420.0,415.0,420.0,1.69,6198,2590522.0
2020-01-02,415.0,418.0,413.0,413.0,-0.72,4673,1933208.0
2020-01-01,415.0,417.0,413.0,416.0,-0.72,2470,1021600.0
2019-12-31,407.0,419.0,406.0,419.0,1.7,2364,973289.0
2019-12-30,410.0,416.0,403.0,412.0,0.49,2241,913003.0
2019-12-29,405.0,410.0,403.0,410.0,0.0,2458,991474.0
2019-12-26,410.0,411.0,405.0,410.0,-0.73,1091,443836.0
2019-12-25,410.0,413.0,403.0,413.0,0.73,2096,849073.0
2019-12-24,424.0,424.0,410.0,410.0,-1.44,260,107360.0
2019-12-23,404.0,420.0,403.0,416.0,4.26,2048,834723.0
2019-12-22,401.0,401.0,399.0,399.0,-2.44,1710,683890.0
2019-12-19,407.0,409.0,399.0,409.0,0.49,1057,425523.0
2019-12-18,405.0,407.0,400.0,407.0,-0.73,765,308710.0
2019-12-17,414.0,414.0,405.0,410.0,0.24,2149,873991.0
2019-12-16,410.0,413.0,405.0,409.0,-2.15,6444,2623515.0
2019-12-15,438.0,438.0,406.0,418.0,-3.24,11509,4854252.0
2019-12-12,407.0,437.0,398.0,432.0,5.37,17448,7386888.0
2019-12-11,394.0,410.0,381.0,410.0,3.8,4158,1668625.0
2019-12-10,393.0,395.0,384.0,395.0,-1.25,4554,1776804.0
2019-12-09,380.0,408.0,380.0,400.0,5.26,5713,2236553.0
2019-12-08,380.0,380.0,373.0,380.0,-0.78,1424,537328.0
2019-12-05,382.0,384.0,371.0,383.0,1.32,1042,397300.0
2019-12-04,370.0,378.0,361.0,378.0,3.28,1649,603923.0
2019-12-03,359.0,366.0,359.0,366.0,1.95,514,184753.0
2019-12-02,360.0,363.0,352.0,359.0,-0.28,4028,1441670.0
2019-12-01,368.0,368.0,360.0,360.0,-1.91,470,170877.0
2019-11-28,378.0,378.0,367.0,367.0,-2.39,520,192180.0
2019-11-27,371.0,377.0,370.0,376.0,1.62,2409,901435.0
2019-11-26,358.0,370.0,358.0,370.0,1.65,645,231840.0
2019-11-25,370.0,370.0,355.0,364.0,0.0,4224,1518457.0
2019-11-24,358.0,364.0,351.0,364.0,-0.27,1978,696228.0
2019-11-21,370.0,370.0,362.0,365.0,-1.08,721,261945.0
2019-11-20,368.0,375.0,356.0,369.0,-1.6,2535,922270.0
2019-11-19,375.0,375.0,375.0,375.0,-0.53,209,78375.0
2019-11-17,377.0,377.0,377.0,377.0,-1.82,81,30537.0
2019-11-14,384.0,384.0,370.0,384.0,-1.79,948,358580.0
2019-11-12,391.0,391.0,391.0,391.0,-1.76,95,37145.0
2019-11-11,374.0,398.0,372.0,398.0,5.29,619,232250.0
2019-11-10,378.0,378.0,378.0,378.0,-1.82,52,19656.0
2019-11-07,385.0,385.0,379.0,385.0,0.52,1465,556505.0
2019-11-06,386.0,386.0,378.0,383.0,0.0,1715,651332.0
2019-11-05,383.0,383.0,383.0,383.0,1.06,15,5745.0
2019-11-04,381.0,381.0,371.0,379.0,-0.79,1016,380093.0
2019-11-03,378.0,382.0,375.0,382.0,1.33,279,105053.0
2019-10-31,375.0,377.0,363.0,377.0,-1.31,407,151171.0
2019-10-24,382.0,382.0,382.0,382.0,-1.55,1113,425166.0
2019-10-23,378.0,388.0,378.0,388.0,0.78,60,22940.0
2019-10-22,370.0,385.0,370.0,385.0,2.94,349,129771.0
2019-10-21,370.0,375.0,369.0,374.0,-0.27,2287,844363.0
2019-10-20,380.0,380.0,375.0,375.0,-1.32,339,128670.0
2019-10-17,380.0,380.0,374.0,380.0,-0.26,543,203440.0
2019-10-16,380.0,384.0,380.0,381.0,-0.52,1959,745588.0
2019-10-15,376.0,383.0,376.0,383.0,0.79,457,171902.0
2019-10-14,390.0,390.0,380.0,380.0,-1.3,276,105550.0
2019-10-10,385.0,385.0,385.0,385.0,-0.77,1042,401170.0
2019-10-03,383.0,388.0,382.0,388.0,0.78,86,32942.0
2019-10-02,385.0,385.0,385.0,385.0,0.0,354,136290.0
2019-10-01,371.0,385.0,371.0,385.0,1.85,425,160993.0
2019-09-30,375.0,378.0,375.0,378.0,0.0,1172,439860.0
2019-09-29,375.0,380.0,375.0,378.0,-0.53,731,276505.0
2019-09-26,380.0,384.0,376.0,380.0,-1.04,2184,827560.0
2019-09-25,370.0,384.0,370.0,384.0,1.86,620,230110.0
2019-09-24,380.0,380.0,370.0,377.0,-1.31,1220,456920.0
2019-09-23,390.0,390.0,382.0,382.0,-1.29,210,81450.0
2019-09-22,381.0,387.0,374.0,387.0,-0.77,1270,481420.0
2019-09-19,391.0,396.0,383.0,390.0,-1.76,838,326750.0
2019-09-18,384.0,405.0,384.0,397.0,5.31,1139,443326.0
2019-09-17,390.0,394.0,377.0,377.0,-1.57,1117,425850.0
2019-09-16,381.0,383.0,375.0,383.0,-1.03,948,359870.0
2019-09-15,388.0,388.0,380.0,387.0,-1.78,260,99230.0
2019-09-12,388.0,394.0,388.0,394.0,-0.25,994,385732.0
2019-09-11,398.0,398.0,383.0,395.0,-0.5,1691,657723.0
2019-09-10,392.0,397.0,392.0,397.0,-0.75,1215,476830.0
2019-09-09,405.0,405.0,390.0,400.0,-0.25,858,337098.0
2019-09-08,395.0,401.0,392.0,401.0,-0.5,1025,404590.0
2019-09-05,401.0,403.0,398.0,403.0,-1.47,596,237958.0
2019-09-04,408.0,411.0,405.0,409.0,-1.68,1881,764007.0
2019-09-03,397.0,424.0,396.0,416.0,6.12,857,342893.0
2019-09-02,392.0,399.0,392.0,392.0,-2.0,2957,1166364.0
2019-09-01,404.0,404.0,400.0,400.0,-0.5,351,140760.0
2019-08-29,407.0,410.0,402.0,402.0,-3.13,1546,627567.0
2019-08-28,415.0,415.0,400.0,415.0,0.0,1587,642356.0
2019-08-27,424.0,424.0,410.0,415.0,-0.48,335,138320.0
2019-08-26,404.0,417.0,402.0,417.0,1.71,644,261122.0
2019-08-25,404.0,410.0,404.0,410.0,0.0,195,78841.0
2019-08-22,410.0,418.0,410.0,410.0,-1.91,3157,1300132.0
2019-08-21,419.0,419.0,407.0,418.0,-2.11,3093,1274507.0
2019-08-20,425.0,427.0,420.0,427.0,-1.39,1715,728737.0
2019-08-19,431.0,433.0,425.0,433.0,0.23,1340,573630.0
2019-08-18,431.0,433.0,422.0,432.0,-1.37,1885,802649.0
2019-08-15,441.0,441.0,438.0,438.0,-1.57,187,82256.0
2019-08-14,445.0,449.0,440.0,445.0,0.23,960,427086.0
2019-08-13,441.0,444.0,440.0,444.0,-0.67,60,26500.0
2019-08-12,440.0,447.0,439.0,447.0,0.0,460,202352.0
2019-08-11,445.0,447.0,431.0,447.0,-1.11,3899,1694929.0
2019-08-08,471.0,471.0,444.0,452.0,-2.16,4650,2067748.0
2019-08-07,450.0,462.0,446.0,462.0,1.76,273,122654.0
2019-08-06,451.0,454.0,450.0,454.0,-1.09,300,135225.0
2019-08-05,454.0,460.0,454.0,459.0,-0.22,185,84610.0
2019-08-04,455.0,460.0,451.0,460.0,0.0,1305,591178.0
2019-08-01,471.0,471.0,460.0,460.0,-1.71,2961,1371146.0
2019-07-31,460.0,472.0,460.0,468.0,3.08,310,143670.0
2019-07-30,460.0,460.0,453.0,454.0,-3.2,164,74532.0
2019-07-29,470.0,470.0,461.0,469.0,-1.05,984,459211.0
2019-07-28,475.0,475.0,463.0,474.0,-1.46,4719,2209914.0
2019-07-25,481.0,481.0,469.0,481.0,-1.84,7095,3393455.0
2019-07-24,469.0,497.0,469.0,490.0,4.26,1958,929016.0
2019-07-23,465.0,481.0,465.0,470.0,1.51,640,300880.0
2019-07-22,470.0,470.0,463.0,463.0,-1.49,600,278500.0
2019-07-21,470.0,470.0,470.0,470.0,-0.63,100,47000.0
2019-07-18,465.0,473.0,465.0,473.0,0.64,8446,3946908.0
2019-07-17,461.0,470.0,461.0,470.0,3.3,392,182540.0
2019-07-16,464.0,482.0,455.0,455.0,0.0,201,92805.0
2019-07-15,440.0,455.0,440.0,455.0,2.25,2556,1136372.0
2019-07-14,440.0,453.0,440.0,445.0,1.14,674,299565.0
2019-07-11,450.0,450.0,440.0,440.0,-1.35,1740,773741.0
2019-07-10,450.0,450.0,446.0,446.0,-1.11,4731,2115585.0
2019-07-09,445.0,451.0,445.0,451.0,0.45,1207,540030.0
2019-07-08,455.0,455.0,443.0,449.0,-1.1,3647,1637771.0
2019-07-07,444.0,455.0,444.0,454.0,0.89,1096,493201.0
2019-07-04,456.0,457.0,450.0,450.0,-3.02,3733,1694714.0
2019-07-03,443.0,464.0,440.0,464.0,4.98,4624,2087022.0
2019-07-02,427.0,442.0,427.0,442.0,1.61,2682,1173097.0
2019-07-01,441.0,441.0,425.0,435.0,0.46,1355,583684.0
2019-06-30,446.0,446.0,424.0,433.0,-1.14,1938,828128.0
2019-06-27,431.0,438.0,428.0,438.0,1.39,7016,3024679.0
2019-06-26,440.0,440.0,431.0,432.0,-3.14,8595,3721134.0
2019-06-25,450.0,450.0,442.0,446.0,0.68,734,326916.0
2019-06-24,443.0,444.0,440.0,443.0,-1.12,2390,1053804.0
2019-06-23,443.0,450.0,441.0,448.0,-0.22,4360,1932569.0
2019-06-20,450.0,459.0,441.0,449.0,0.9,1286,575024.0
2019-06-19,442.0,452.0,442.0,445.0,0.68,889,396287.0
2019-06-18,456.0,456.0,433.0,442.0,-4.74,5590,2472470.0
2019-06-17,454.0,464.0,450.0,464.0,0.65,1114,505402.0
2019-06-16,487.0,487.0,461.0,461.0,-3.56,2490,1167304.0
2019-06-13,464.0,478.0,454.0,478.0,1.49,1042,485112.0
2019-06-12,552.0,563.0,535.0,544.0,-0.73,20292,10958908.0
2019-06-11,570.0,570.0,548.0,548.0,-3.52,8984,4980154.0
2019-06-10,571.0,582.0,556.0,568.0,-0.53,5645,3172423.0
2019-06-06,570.0,571.0,563.0,571.0,0.71,2120,1204282.0
2019-06-04,578.0,578.0,566.0,567.0,-1.39,3425,1948174.0
2019-06-03,573.0,580.0,573.0,575.0,-0.69,1491,858718.0
2019-06-02,581.0,585.0,577.0,579.0,-0.17,936,541944.0
2019-05-30,600.0,624.0,580.0,580.0,-1.53,2654,1586708.0
2019-05-29,582.0,589.0,580.0,589.0,1.9,1644,961311.0
2019-05-28,590.0,590.0,578.0,578.0,-1.87,3292,1919230.0
2019-05-27,592.0,592.0,585.0,589.0,-0.67,1289,757198.0
2019-05-26,584.0,617.0,584.0,593.0,1.37,995,584566.0
2019-05-23,590.0,598.0,585.0,585.0,-0.68,1546,915728.0
2019-05-22,581.0,589.0,581.0,589.0,0.0,1679,984185.0
2019-05-21,591.0,600.0,583.0,589.0,1.38,2515,1475156.0
2019-05-20,594.0,594.0,579.0,581.0,-2.19,7160,4185189.0
2019-05-19,600.0,600.0,592.0,594.0,-1.49,2675,1589821.0
2019-05-16,605.0,605.0,597.0,603.0,-0.5,6823,4101948.0
2019-05-15,605.0,615.0,597.0,606.0,-1.3,5180,3129336.0
2019-05-14,625.0,632.0,605.0,614.0,-0.97,5410,3315158.0
2019-05-13,618.0,620.0,618.0,620.0,-1.27,575,355422.0
2019-05-12,632.0,633.0,618.0,628.0,1.13,1929,1199204.0
2019-05-09,624.0,630.0,614.0,621.0,0.65,3481,2171571.0
2019-05-08,613.0,617.0,610.0,617.0,-0.8,1435,879015.0
2019-05-07,624.0,624.0,622.0,622.0,0.0,214,133408.0
2019-05-06,607.0,622.0,607.0,622.0,1.14,3389,2075271.0
2019-05-05,624.0,625.0,614.0,615.0,-1.6,2620,1616235.0
2019-05-02,630.0,637.0,625.0,625.0,-0.32,2831,1788053.0
2019-04-30,633.0,635.0,627.0,627.0,-2.79,1825,1147930.0
2019-04-29,653.0,663.0,628.0,645.0,-2.27,17364,11158243.0
2019-04-28,627.0,667.0,625.0,660.0,7.32,11954,7722656.0
2019-04-25,610.0,633.0,610.0,615.0,0.99,6641,4114288.0
2019-04-24,623.0,623.0,606.0,609.0,-0.33,2460,1498138.0
2019-04-23,615.0,615.0,608.0,611.0,-0.49,812,496386.0
2019-04-22,600.0,621.0,598.0,614.0,0.66,6412,3924704.0
2019-04-21,603.0,610.0,591.0,610.0,-0.81,6621,3932972.0
2019-04-18,615.0,619.0,608.0,615.0,0.0,3249,1996659.0
2019-04-17,624.0,625.0,608.0,615.0,0.33,5236,3208209.0
2019-04-16,622.0,622.0,587.0,613.0,0.49,6715,3989461.0
2019-04-15,610.0,610.0,600.0,610.0,0.66,498,299650.0
2019-04-11,610.0,610.0,595.0,606.0,-1.3,1590,957900.0
2019-04-10,602.0,614.0,599.0,614.0,0.66,1323,799101.0
2019-04-09,630.0,630.0,610.0,610.0,-2.24,3588,2210940.0
2019-04-08,612.0,635.0,608.0,624.0,4.0,5086,3158678.0
2019-04-07,599.0,600.0,592.0,600.0,0.84,713,423702.0
2019-04-04,590.0,595.0,587.0,595.0,-0.5,3043,1801741.0
2019-04-03,598.0,600.0,592.0,598.0,0.5,703,419196.0
2019-04-02,606.0,606.0,592.0,595.0,-0.34,2417,1440874.0
2019-04-01,592.0,597.0,588.0,597.0,0.84,2525,1499911.0
2019-03-31,591.0,595.0,590.0,592.0,-1.0,3386,2004525.0
2019-03-28,602.0,603.0,598.0,598.0,-1.64,1036,622426.0
2019-03-27,596.0,608.0,595.0,608.0,1.33,1531,914450.0
2019-03-26,592.0,600.0,590.0,600.0,0.67,2322,1372910.0
2019-03-25,600.0,610.0,596.0,596.0,-0.67,1756,1057210.0
2019-03-24,620.0,620.0,597.0,600.0,-2.12,1967,1186025.0
2019-03-21,613.0,613.0,613.0,613.0,-1.13,300,183900.0
2019-03-19,610.0,620.0,610.0,620.0,0.32,652,398445.0
2019-03-18,618.0,618.0,618.0,618.0,-0.8,250,154500.0
2019-03-17,621.0,627.0,618.0,623.0,0.32,1783,1115048.0
2019-03-14,615.0,624.0,615.0,621.0,0.49,1272,787478.0
2019-03-13,623.0,633.0,618.0,618.0,-2.52,3271,2045155.0
2019-03-12,618.0,634.0,615.0,634.0,2.59,4015,2505933.0
2019-03-11,610.0,619.0,607.0,618.0,1.31,3430,2111810.0
2019-03-10,612.0,612.0,610.0,610.0,-0.33,300,183400.0
2019-03-07,608.0,612.0,600.0,612.0,2.51,3098,1882158.0
2019-03-06,598.0,599.0,597.0,597.0,0.0,1926,1150717.0
2019-03-05,600.0,600.0,592.0,597.0,-0.17,1824,1085267.0
2019-03-03,590.0,598.0,590.0,598.0,1.18,1917,1134230.0
2019-02-27,600.0,600.0,591.0,591.0,-0.67,1617,960417.0
2019-02-26,605.0,605.0,588.0,595.0,-2.14,4483,2643499.0
2019-02-25,589.0,609.0,589.0,608.0,3.23,2071,1223128.0
2019-02-24,600.0,600.0,583.0,589.0,-2.0,2508,1474692.0
2019-02-21,600.0,601.0,600.0,601.0,0.17,83,49833.0
2019-02-20,610.0,610.0,595.0,600.0,-3.54,4380,2615790.0
2019-02-19,601.0,626.0,590.0,622.0,4.54,6408,3835782.0
2019-02-18,595.0,595.0,592.0,595.0,-0.83,1110,660180.0
2019-02-17,614.0,614.0,594.0,600.0,-1.32,1462,878148.0
2019-02-14,605.0,608.0,597.0,608.0,-0.98,2435,1465375.0
2019-02-13,605.0,615.0,602.0,614.0,0.0,1633,986322.0
2019-02-12,613.0,614.0,609.0,614.0,2.16,891,545064.0
2019-02-11,623.0,625.0,601.0,601.0,-2.28,2332,1419471.0
2019-02-10,616.0,620.0,615.0,615.0,-1.44,363,223800.0
2019-02-07,619.0,624.0,618.0,624.0,0.81,1403,868488.0
2019-02-06,620.0,620.0,615.0,619.0,0.16,3310,2044580.0
2019-02-05,630.0,630.0,618.0,618.0,-1.9,3166,1958844.0
2019-02-04,635.0,635.0,624.0,630.0,-0.79,2238,1406530.0
2019-02-03,631.0,635.0,625.0,635.0,-0.78,2742,1728115.0
2019-01-31,640.0,641.0,632.0,640.0,0.0,2340,1491810.0
2019-01-30,648.0,648.0,640.0,640.0,-0.78,1042,670980.0
2019-01-29,642.0,645.0,636.0,645.0,-1.38,742,476414.0
2019-01-28,641.0,654.0,640.0,654.0,1.87,3681,2367071.0
2019-01-27,641.0,649.0,641.0,642.0,-0.62,887,570827.0
2019-01-24,645.0,656.0,642.0,646.0,-0.31,1813,1176637.0
2019-01-23,644.0,650.0,643.0,648.0,0.78,1482,958072.0
2019-01-22,650.0,650.0,643.0,643.0,-1.08,1167,753902.0
2019-01-21,638.0,650.0,638.0,650.0,0.0,877,565556.0
2019-01-20,650.0,650.0,650.0,650.0,-1.52,88,57200.0
2019-01-17,658.0,660.0,656.0,660.0,-1.35,3175,2088949.0
2019-01-16,658.0,669.0,658.0,669.0,-0.3,160,105620.0
2019-01-15,646.0,671.0,646.0,671.0,5.84,3870,2562243.0
2019-01-14,640.0,640.0,634.0,634.0,-1.55,1248,792620.0
2019-01-13,655.0,655.0,644.0,644.0,-1.68,768,497202.0
2019-01-10,660.0,660.0,653.0,655.0,-0.15,1969,1291108.0
2019-01-09,660.0,660.0,656.0,656.0,-0.91,1329,876213.0
2019-01-08,659.0,662.0,650.0,662.0,-1.49,4181,2729139.0
2019-01-07,644.0,672.0,644.0,672.0,4.35,3871,2511446.0
2019-01-06,659.0,659.0,642.0,644.0,-1.23,4145,2671484.0
2019-01-03,648.0,659.0,648.0,652.0,0.31,11136,7274737.0
2019-01-02,662.0,662.0,645.0,650.0,-3.7,4760,3099350.0
2019-01-01,665.0,675.0,665.0,675.0,1.96,122,81340.0
2018-12-31,674.0,675.0,662.0,662.0,-1.93,4005,2671083.0
2018-12-30,678.0,684.0,653.0,675.0,1.35,5685,3816745.0
2018-12-27,686.0,699.0,653.0,666.0,-1.04,19228,13028312.0
2018-12-26,660.0,673.0,659.0,673.0,3.86,6583,4392824.0
2018-12-25,637.0,648.0,632.0,648.0,-0.15,1136,720358.0
2018-12-24,640.0,694.0,628.0,649.0,0.15,13231,8678961.0
2018-12-23,622.0,649.0,615.0,648.0,6.23,7728,4870169.0
2018-12-20,604.0,610.0,594.0,610.0,2.87,2824,1692750.0
2018-12-19,595.0,610.0,591.0,593.0,-0.84,4534,2726116.0
2018-12-18,630.0,630.0,598.0,598.0,-3.55,4103,2491112.0
2018-12-17,580.0,633.0,580.0,620.0,5.44,2333,1411705.0
2018-12-16,565.0,596.0,565.0,588.0,3.16,3333,1942871.0
2018-12-13,551.0,570.0,551.0,570.0,1.42,1493,839639.0
2018-12-12,552.0,570.0,551.0,562.0,2.18,646,360262.0
2018-12-11,571.0,571.0,550.0,550.0,-1.79,760,423480.0
2018-12-10,566.0,573.0,549.0,560.0,0.9,1423,791544.0
2018-12-09,554.0,557.0,550.0,555.0,-0.54,457,252773.0
2018-12-06,554.0,562.0,544.0,558.0,0.54,1979,1095684.0
2018-12-05,548.0,555.0,546.0,555.0,-0.36,1705,932637.0
2018-12-04,555.0,564.0,550.0,557.0,-1.59,2618,1458272.0
2018-12-03,551.0,566.0,540.0,566.0,1.25,6323,3462615.0
2018-12-02,578.0,578.0,555.0,559.0,-6.21,2788,1578995.0
2018-11-29,596.0,600.0,585.0,596.0,-1.97,2210,1302834.0
2018-11-28,600.0,609.0,597.0,608.0,1.16,4581,2750740.0
2018-11-27,605.0,614.0,601.0,601.0,-1.8,2082,1270106.0
2018-11-26,630.0,630.0,604.0,612.0,-2.86,3266,1996808.0
2018-11-25,630.0,630.0,630.0,630.0,-0.47,50,31500.0
2018-11-22,630.0,635.0,630.0,633.0,-0.31,740,468060.0
2018-11-21,635.0,635.0,630.0,635.0,-0.94,405,255750.0
2018-11-20,651.0,651.0,638.0,641.0,0.0,1350,874750.0
2018-11-19,645.0,648.0,641.0,641.0,-1.08,1530,986730.0
2018-11-18,636.0,648.0,636.0,648.0,0.15,240,152810.0
2018-11-15,656.0,656.0,647.0,647.0,-1.97,1733,1135051.0
2018-11-14,660.0,660.0,650.0,660.0,1.54,10,6600.0
2018-11-13,647.0,650.0,635.0,650.0,2.36,210,135900.0
2018-11-12,640.0,645.0,635.0,635.0,-1.55,110,70150.0
2018-11-11,657.0,664.0,645.0,645.0,-1.83,260,168430.0
2018-11-06,665.0,645.0,645.0,657.0,-1.2,10,6570.0
2018-11-05,640.0,665.0,640.0,665.0,3.1,674,439145.0
2018-11-04,645.0,645.0,645.0,645.0,-1.23,100,64500.0
2018-11-01,657.0,659.0,653.0,653.0,0.15,2101,1376757.0
2018-10-31,650.0,652.0,650.0,652.0,0.0,450,292860.0
2018-10-30,646.0,652.0,640.0,652.0,0.93,201,129936.0
2018-10-29,647.0,647.0,645.0,646.0,-1.22,876,565935.0
2018-10-28,645.0,654.0,645.0,654.0,0.0,1895,1233090.0
2018-10-25,660.0,660.0,647.0,654.0,-2.82,1116,726962.0
2018-10-24,660.0,673.0,660.0,673.0,3.86,210,138730.0
2018-10-23,655.0,655.0,645.0,648.0,0.0,2474,1600415.0
2018-10-22,648.0,648.0,648.0,648.0,-1.82,100,64800.0
2018-10-15,670.0,670.0,660.0,660.0,-0.75,1230,814430.0
2018-10-11,648.0,665.0,648.0,665.0,1.53,1176,774700.0
2018-10-10,656.0,656.0,655.0,655.0,-0.76,2454,1609712.0
2018-10-09,665.0,666.0,660.0,660.0,0.3,319,211929.0
2018-10-08,658.0,658.0,657.0,658.0,0.0,220,144690.0
2018-10-07,650.0,663.0,648.0,658.0,0.0,2380,1551026.0
2018-10-04,680.0,680.0,658.0,658.0,-3.24,1470,983700.0
2018-10-03,680.0,680.0,670.0,680.0,1.19,725,487956.0
2018-10-02,692.0,692.0,672.0,672.0,-1.03,1664,1132638.0
2018-10-01,685.0,685.0,676.0,679.0,-0.88,1663,1129125.0
2018-09-30,682.0,685.0,680.0,685.0,-0.29,1461,997048.0
2018-09-27,696.0,712.0,687.0,687.0,-3.24,2310,1614318.0
2018-09-26,718.0,720.0,710.0,710.0,-1.39,1222,875178.0
2018-09-25,720.0,720.0,706.0,720.0,0.56,1393,991340.0
2018-09-23,718.0,718.0,709.0,711.0,0.28,1380,981383.0
2018-09-20,731.0,731.0,702.0,709.0,-1.12,2415,1722256.0
2018-09-18,715.0,728.0,705.0,717.0,1.7,7358,5292844.0
2018-09-17,680.0,728.0,680.0,705.0,4.6,5573,3915740.0
2018-09-16,685.0,698.0,674.0,674.0,-0.59,4188,2880970.0
2018-09-13,699.0,699.0,676.0,678.0,-1.45,1852,1259143.0
2018-09-12,688.0,688.0,688.0,688.0,0.0,50,34400.0
2018-09-11,674.0,700.0,674.0,688.0,4.08,1808,1244688.0
2018-09-10,700.0,700.0,661.0,661.0,-5.03,750,503400.0
2018-09-09,696.0,696.0,690.0,696.0,1.9,32,22200.0
2018-09-06,700.0,708.0,677.0,683.0,-2.43,9241,6390439.0
2018-09-05,674.0,700.0,668.0,700.0,5.9,3431,2335156.0
2018-09-04,665.0,670.0,661.0,661.0,-0.45,1489,992442.0
2018-09-03,652.0,681.0,652.0,664.0,0.91,1975,1323370.0
2018-09-02,674.0,674.0,647.0,658.0,-0.6,2092,1364248.0
2018-08-30,662.0,662.0,662.0,662.0,1.85,10,6620.0
2018-08-29,650.0,650.0,641.0,650.0,0.15,1001,645515.0
2018-08-28,645.0,652.0,645.0,649.0,-0.31,476,309375.0
2018-08-26,654.0,660.0,650.0,651.0,-2.11,683,445371.0
2018-08-23,664.0,665.0,651.0,665.0,0.15,3043,1991216.0
2018-08-22,666.0,675.0,654.0,664.0,-0.6,1814,1200001.0
2018-08-21,662.0,670.0,662.0,668.0,-0.3,736,487864.0
2018-08-20,683.0,683.0,670.0,670.0,-0.15,680,455920.0
2018-08-19,670.0,671.0,670.0,671.0,-0.74,51,34181.0
2018-08-16,680.0,697.0,676.0,676.0,-1.17,4793,3288606.0
2018-08-15,675.0,684.0,674.0,684.0,3.32,432,292536.0
2018-08-14,659.0,662.0,656.0,662.0,0.61,699,459620.0
2018-08-13,640.0,658.0,635.0,658.0,2.81,5157,3303529.0
2018-08-12,653.0,653.0,640.0,640.0,-1.99,4528,2947501.0
2018-08-09,660.0,660.0,641.0,653.0,-1.66,1021,663444.0
2018-08-08,655.0,664.0,655.0,664.0,-0.45,456,299729.0
2018-08-07,650.0,667.0,650.0,667.0,1.06,838,548755.0
2018-08-05,659.0,660.0,659.0,660.0,0.15,150,98920.0
2018-08-02,665.0,665.0,652.0,659.0,-2.8,493,323160.0
2018-08-01,662.0,678.0,661.0,678.0,3.51,1444,962018.0
2018-07-31,654.0,655.0,654.0,655.0,0.0,169,110536.0
2018-07-30,665.0,670.0,655.0,655.0,-0.46,1415,935725.0
2018-07-29,669.0,669.0,658.0,658.0,0.15,322,213804.0
2018-07-26,670.0,670.0,657.0,657.0,-1.2,350,232700.0
2018-07-25,665.0,665.0,663.0,665.0,-1.63,562,373530.0
2018-07-24,695.0,695.0,676.0,676.0,-0.88,860,586580.0
2018-07-23,660.0,682.0,659.0,682.0,3.81,3198,2137330.0
2018-07-22,680.0,680.0,657.0,657.0,-3.38,850,562470.0
2018-07-19,667.0,683.0,662.0,680.0,0.0,2432,1617557.0
2018-07-18,698.0,698.0,680.0,680.0,-1.16,235,160590.0
2018-07-17,688.0,688.0,688.0,688.0,-0.29,150,103200.0
2018-07-16,667.0,690.0,667.0,690.0,3.45,4759,3202842.0
2018-07-15,703.0,703.0,667.0,667.0,-3.33,2672,1805180.0
2018-07-12,700.0,700.0,680.0,690.0,-1.57,2917,2002393.0
2018-07-11,720.0,722.0,692.0,701.0,-0.71,2234,1594487.0
2018-07-10,720.0,727.0,706.0,706.0,-1.94,1039,737400.0
2018-07-09,705.0,720.0,700.0,720.0,1.27,1452,1041978.0
2018-07-08,715.0,725.0,706.0,711.0,-1.25,5133,3680786.0
2018-07-05,684.0,723.0,671.0,720.0,7.3,903,628405.0
2018-07-04,648.0,671.0,648.0,671.0,1.67,1375,906693.0
2018-07-03,647.0,660.0,647.0,660.0,0.76,765,501650.0
2018-07-02,670.0,670.0,650.0,655.0,-0.76,2322,1524405.0
2018-07-01,670.0,670.0,660.0,660.0,-3.37,160,106600.0
2018-06-28,675.0,683.0,670.0,683.0,0.44,151,101611.0
2018-06-27,675.0,680.0,674.0,680.0,2.1,310,210010.0
2018-06-26,675.0,685.0,666.0,666.0,-2.92,999,670846.0
2018-06-25,686.0,686.0,686.0,686.0,-1.01,20,13720.0
2018-06-24,697.0,704.0,693.0,693.0,-1.98,1593,1108549.0
2018-06-21,690.0,707.0,690.0,707.0,2.46,1021,706007.0
2018-06-20,700.0,700.0,690.0,690.0,-1.43,60,41900.0
2018-06-19,693.0,700.0,693.0,700.0,-0.43,84,58352.0
2018-06-18,678.0,703.0,678.0,703.0,1.74,848,582007.0
2018-06-17,710.0,710.0,691.0,691.0,-1.99,716,499026.0
2018-06-14,715.0,727.0,705.0,705.0,-1.4,1788,1276480.0
2018-06-13,702.0,715.0,702.0,715.0,0.99,529,372637.0
2018-06-12,734.0,734.0,708.0,708.0,-3.54,735,525252.0
2018-06-11,698.0,734.0,692.0,734.0,5.16,3367,2388377.0
2018-06-10,711.0,711.0,690.0,698.0,-2.92,4713,3292420.0
2018-06-07,735.0,735.0,710.0,719.0,-2.18,2239,1598110.0
2018-06-06,723.0,751.0,723.0,735.0,3.67,730,538240.0
2018-06-04,712.0,726.0,703.0,709.0,-0.14,3641,2578041.0
2018-06-03,750.0,750.0,710.0,710.0,-5.33,2402,1739604.0
2018-05-31,751.0,753.0,741.0,750.0,-1.32,2858,2132440.0
2018-05-30,750.0,790.0,750.0,760.0,1.47,3371,2608222.0
2018-05-29,755.0,771.0,740.0,749.0,0.54,7338,5524846.0
2018-05-28,726.0,745.0,726.0,745.0,4.63,3956,2932748.0
2018-05-27,713.0,727.0,712.0,712.0,-1.93,1645,1175646.0
2018-05-24,742.0,742.0,726.0,726.0,-1.89,4644,3388928.0
2018-05-23,741.0,748.0,740.0,740.0,-0.14,850,631608.0
2018-05-22,748.0,748.0,741.0,741.0,-0.67,466,347112.0
2018-05-21,747.0,749.0,740.0,746.0,-0.27,1655,1230574.0
2018-05-20,755.0,755.0,738.0,748.0,0.4,3231,2408102.0
2018-05-17,744.0,750.0,740.0,745.0,0.13,1472,1092444.0
2018-05-16,740.0,749.0,740.0,744.0,0.54,900,667886.0
2018-05-15,768.0,768.0,739.0,740.0,-1.73,4049,3016082.0
2018-05-14,1000.0,1005.0,981.0,981.0,-2.97,25450,25267014.0
2018-05-10,1020.0,1020.0,1000.0,1011.0,-0.88,11112,11181026.0
2018-05-09,1035.0,1035.0,1000.0,1020.0,0.39,11686,11930201.0
2018-05-08,1029.0,1029.0,995.0,1016.0,0.69,10116,10211673.0
2018-05-07,1004.0,1010.0,1000.0,1009.0,0.1,933,937041.0
2018-05-06,1041.0,1041.0,1008.0,1008.0,-1.27,5685,5809942.0
2018-05-03,1040.0,1040.0,1014.0,1021.0,0.1,14361,14713094.0
2018-05-02,983.0,1020.0,983.0,1020.0,4.08,2598,2581895.0
2018-04-29,975.0,994.0,971.0,980.0,-1.01,3542,3484238.0
2018-04-26,996.0,1015.0,983.0,990.0,-2.56,10880,10858872.0
2018-04-25,1027.0,1027.0,1005.0,1016.0,0.59,4454,4525800.0
2018-04-24,1001.0,1040.0,985.0,1010.0,0.9,10553,10661032.0
2018-04-23,1054.0,1056.0,995.0,1001.0,-3.47,21454,22054604.0
2018-04-22,960.0,1037.0,960.0,1037.0,9.97,18087,17922052.0
2018-04-19,958.0,965.0,932.0,943.0,-0.74,12861,12252066.0
2018-04-18,989.0,997.0,936.0,950.0,-2.06,13145,12683595.0
2018-04-17,944.0,975.0,920.0,970.0,4.75,17262,16332448.0
2018-04-16,892.0,939.0,875.0,926.0,5.83,15188,13857625.0
2018-04-15,818.0,875.0,805.0,875.0,4.92,4197,3541400.0
2018-04-12,836.0,840.0,815.0,834.0,1.71,6591,5470385.0
2018-04-11,812.0,829.0,798.0,820.0,1.23,6417,5184829.0
2018-04-10,809.0,841.0,800.0,810.0,-1.82,3353,2739548.0
2018-04-09,861.0,894.0,825.0,825.0,-2.37,7616,6489033.0
2018-04-08,798.0,852.0,783.0,845.0,7.92,16284,13199519.0
2018-04-05,767.0,800.0,754.0,783.0,4.12,9514,7455351.0
2018-04-04,735.0,756.0,721.0,752.0,2.31,6792,5065031.0
2018-04-03,730.0,735.0,725.0,735.0,1.94,1623,1181480.0
2018-04-02,730.0,735.0,721.0,721.0,-2.3,1110,802680.0
2018-04-01,740.0,740.0,725.0,738.0,-1.47,1160,848199.0
2018-03-29,765.0,763.0,743.0,749.0,-0.13,1515,1139027.0
2018-03-28,763.0,780.0,750.0,750.0,-1.7,1080,822640.0
2018-03-27,740.0,763.0,706.0,763.0,4.81,3186,2347276.0
2018-03-26,744.0,748.0,716.0,728.0,-4.08,1724,1255366.0
2018-03-22,755.0,779.0,726.0,759.0,-1.43,4038,3020811.0
2018-03-21,769.0,775.0,717.0,770.0,0.13,5474,4010581.0
2018-03-20,781.0,790.0,735.0,769.0,-1.41,3589,2721134.0
2018-03-19,805.0,805.0,780.0,780.0,-1.89,1279,1027205.0
2018-03-18,790.0,795.0,780.0,795.0,0.89,1058,829901.0
2018-03-15,799.0,800.0,785.0,788.0,-0.88,1535,1213011.0
2018-03-14,785.0,795.0,780.0,795.0,0.63,2989,2351535.0
2018-03-13,790.0,790.0,780.0,790.0,0.0,2521,1982310.0
2018-03-12,780.0,790.0,780.0,790.0,-0.63,1271,996840.0
2018-03-11,800.0,810.0,790.0,795.0,-2.45,3055,2423581.0
2018-03-07,800.0,820.0,800.0,815.0,0.12,5464,4396011.0
2018-03-06,800.0,815.0,776.0,814.0,1.75,8476,6668540.0
2018-03-05,800.0,814.0,800.0,800.0,-0.99,1847,1484058.0
2018-03-04,824.0,824.0,808.0,808.0,-3.81,3430,2785884.0
2018-02-28,860.0,860.0,829.0,840.0,-2.33,3186,2657602.0
2018-02-27,854.0,881.0,841.0,860.0,0.7,3045,2607906.0
2018-02-26,865.0,865.0,838.0,854.0,-3.06,3667,3124111.0
2018-02-25,865.0,881.0,864.0,881.0,0.11,167,144838.0
2018-02-22,890.0,895.0,880.0,880.0,-1.12,1282,1139348.0
2018-02-21,904.0,904.0,880.0,890.0,-1.33,1552,1375785.0
2018-02-20,940.0,940.0,902.0,902.0,-2.7,2043,1883912.0
2018-02-18,955.0,956.0,927.0,927.0,-2.42,3222,3044966.0
2018-02-15,915.0,956.0,905.0,950.0,0.0,4428,4145436.0
2018-02-14,895.0,915.0,884.0,915.0,0.0,934,843199.0
2018-02-12,900.0,900.0,885.0,895.0,0.0,1630,1449761.0
2018-02-11,921.0,925.0,900.0,900.0,0.0,2455,2238929.0
2018-02-08,914.0,921.0,905.0,921.0,0.0,654,595440.0
2018-02-07,945.0,945.0,914.0,914.0,0.0,2486,2284761.0
2018-02-06,965.0,950.0,928.0,945.0,0.0,2611,2432133.0
2018-02-05,962.0,980.0,960.0,965.0,0.0,190,184995.0
2018-02-04,980.0,982.0,962.0,962.0,0.0,570,548890.0
2018-02-01,977.0,985.0,975.0,980.0,0.0,730,714005.0
2018-01-31,978.0,977.0,959.0,977.0,0.0,911,885544.0
2018-01-29,970.0,978.0,956.0,978.0,0.0,1125,1079660.0
2018-01-28,989.0,970.0,959.0,970.0,0.0,1864,1794969.0
2018-01-25,970.0,989.0,952.0,989.0,0.0,2481,2375069.0
2018-01-24,960.0,970.0,941.0,970.0,0.0,1102,1046063.0
2018-01-23,999.0,985.0,960.0,960.0,0.0,859,829870.0
2018-01-22,1005.0,1005.0,985.0,999.0,0.0,2068,2047422.0
2018-01-21,1000.0,1020.0,992.0,1005.0,0.0,4191,4190540.0
2018-01-17,1001.0,1020.0,1000.0,1000.0,0.0,2292,2296370.0
2018-01-16,1060.0,1039.0,1000.0,1001.0,0.0,1430,1437166.0
2018-01-10,1060.0,1060.0,1060.0,1060.0,0.0,60,63600.0
2018-01-09,1060.0,1060.0,1030.0,1060.0,0.0,1574,1634990.0
2018-01-08,1051.0,1060.0,1040.0,1060.0,0.0,1292,1361876.0
2018-01-07,1050.0,1051.0,1040.0,1051.0,0.0,705,738803.0
2018-01-04,1030.0,1050.0,1010.0,1050.0,0.0,1248,1267894.0
2018-01-03,1040.0,1030.0,1025.0,1030.0,0.0,3650,3758450.0
2018-01-02,1050.0,1058.0,1029.0,1040.0,0.0,3580,3733590.0
2018-01-01,1015.0,1050.0,1005.0,1050.0,0.0,2461,2538121.0
2017-12-31,1010.0,1035.0,1009.0,1015.0,0.0,2160,2193180.0
2017-12-28,1016.0,1020.0,1005.0,1010.0,0.0,2908,2945356.0
2017-12-27,1025.0,1025.0,1005.0,1016.0,0.0,2545,2581590.0
2017-12-26,1060.0,1040.0,1025.0,1025.0,0.0,2170,2249427.0
2017-12-24,1062.0,1066.0,1050.0,1060.0,0.0,2367,2511616.0
2017-12-21,1074.0,1080.0,1060.0,1062.0,0.0,2647,2815739.0
2017-12-20,1082.0,1095.0,1074.0,1074.0,0.0,969,1046582.0
2017-12-19,1100.0,1082.0,1080.0,1082.0,0.0,302,326460.0
2017-12-18,1101.0,1102.0,1095.0,1100.0,0.0,971,1065877.0
2017-12-17,1120.0,1121.0,1098.0,1101.0,0.0,1464,1611531.0
2017-12-14,1142.0,1145.0,1110.0,1120.0,0.0,1659,1856561.0
2017-12-13,1100.0,1142.0,1095.0,1142.0,0.0,2505,2776470.0
2017-12-12,1125.0,1120.0,1098.0,1100.0,0.0,1799,1984682.0
2017-12-11,1120.0,1125.0,1120.0,1125.0,0.0,54,60600.0
2017-12-10,1135.0,1150.0,1110.0,1120.0,0.0,3812,4262805.0
2017-12-06,1110.0,1135.0,1111.0,1135.0,0.0,2684,3019282.0
2017-12-05,1115.0,1120.0,1110.0,1110.0,0.0,1524,1698908.0
2017-12-04,1147.0,1135.0,1100.0,1115.0,0.0,1955,2186915.0
2017-11-30,1120.0,1147.0,1115.0,1147.0,0.0,2871,3268693.0
2017-11-29,1110.0,1154.0,1115.0,1120.0,0.0,3956,4498733.0
2017-11-28,1110.0,1115.0,1102.0,1110.0,0.0,677,750200.0
2017-11-27,1120.0,1128.0,1098.0,1110.0,0.0,3270,3643469.0
2017-11-26,1120.0,1134.0,1115.0,1120.0,0.0,1737,1942285.0
2017-11-23,1119.0,1120.0,1110.0,1120.0,0.0,1310,1459275.0
2017-11-22,1086.0,1119.0,1085.0,1119.0,0.0,2684,2964384.0
2017-11-21,1065.0,1107.0,1079.0,1086.0,0.0,638,691562.0
2017-11-20,1086.0,1090.0,1049.0,1065.0,0.0,3563,3824855.0
2017-11-19,1100.0,1100.0,1081.0,1086.0,0.0,734,803024.0
2017-11-16,1128.0,1147.0,1100.0,1100.0,0.0,2803,3108662.0
2017-11-15,1160.0,1183.0,1128.0,1128.0,0.0,5838,6708835.0
2017-11-14,1122.0,1165.0,1108.0,1160.0,0.0,3442,3914084.0
2017-11-13,1090.0,1129.0,1090.0,1122.0,0.0,4199,4652825.0
2017-11-12,1076.0,1090.0,1062.0,1090.0,0.0,1833,1973661.0
2017-11-09,1075.0,1120.0,1055.0,1076.0,0.0,2901,3114737.0
2017-11-08,1085.0,1085.0,1043.0,1075.0,0.0,5192,5519026.0
2017-11-07,1125.0,1147.0,1085.0,1085.0,0.0,4016,4446678.0
2017-11-06,1130.0,1139.0,1108.0,1125.0,0.0,2393,2675932.0
2017-11-05,1150.0,1130.0,1095.0,1130.0,0.0,1860,2057848.0
2017-11-02,1160.0,1170.0,1150.0,1150.0,0.0,1472,1706091.0
2017-11-01,1200.0,1222.0,1150.0,1160.0,0.0,813,952051.0
2017-10-31,1460.0,1465.0,1420.0,1440.0,0.0,7026,10049127.0
2017-10-30,1481.0,1489.0,1452.0,1460.0,0.0,7349,10789782.0
2017-10-29,1510.0,1515.0,1470.0,1481.0,0.0,4029,5983176.0
2017-10-25,1527.0,1525.0,1510.0,1510.0,0.0,5022,7605448.0
2017-10-24,1535.0,1535.0,1525.0,1527.0,0.0,4663,7136076.0
2017-10-23,1524.0,1539.0,1521.0,1535.0,0.0,3461,5293060.0
2017-10-22,1480.0,1568.0,1509.0,1524.0,0.0,5342,8162202.0
2017-10-18,1466.0,1480.0,1450.0,1480.0,0.0,1278,1886840.0
2017-10-17,1465.0,1494.0,1466.0,1466.0,0.0,2036,3001982.0
2017-10-16,1410.0,1470.0,1425.0,1465.0,0.0,1089,1577411.0
2017-10-15,1410.0,1415.0,1400.0,1410.0,0.0,1140,1600082.0
2017-10-12,1409.0,1410.0,1405.0,1410.0,0.0,1241,1748352.0
2017-10-11,1401.0,1420.0,1395.0,1409.0,0.0,3408,4774812.0
2017-10-10,1392.0,1447.0,1371.0,1401.0,0.0,1674,2357715.0
2017-10-09,1418.0,1420.0,1392.0,1392.0,0.0,2670,3750150.0
2017-10-08,1450.0,1426.0,1398.0,1418.0,0.0,3433,4827772.0
2017-10-04,1465.0,1475.0,1450.0,1450.0,0.0,2162,3165212.0
2017-10-03,1486.0,1465.0,1465.0,1465.0,0.0,63,92295.0
2017-09-26,1482.0,1500.0,1470.0,1486.0,0.0,2618,3877171.0
2017-09-25,1485.0,1495.0,1480.0,1482.0,0.0,1493,2223080.0
2017-09-24,1519.0,1500.0,1460.0,1485.0,0.0,2608,3874230.0
2017-09-20,1530.0,1535.0,1507.0,1519.0,0.0,3013,4574884.0
2017-09-18,1525.0,1543.0,1525.0,1530.0,0.0,1013,1553954.0
2017-09-17,1500.0,1535.0,1500.0,1525.0,0.0,3781,5738888.0
2017-09-14,1490.0,1521.0,1485.0,1500.0,0.0,4916,7397216.0
2017-09-13,1460.0,1500.0,1441.0,1490.0,0.0,6046,8882301.0
2017-09-12,1508.0,1510.0,1449.0,1460.0,0.0,2719,3965276.0
2017-09-11,1465.0,1523.0,1460.0,1508.0,0.0,8352,12351040.0
2017-09-10,1501.0,1500.0,1451.0,1465.0,0.0,5981,8763038.0
2017-09-07,1561.0,1560.0,1501.0,1501.0,0.0,2569,3918769.0
2017-09-06,1540.0,1570.0,1540.0,1561.0,0.0,2750,4277323.0
2017-09-04,1540.0,1570.0,1535.0,1540.0,0.0,2671,4129692.0
2017-08-31,1580.0,1565.0,1539.0,1540.0,0.0,3750,5811575.0
2017-08-30,1586.0,1585.0,1569.0,1580.0,0.0,4915,7773415.0
2017-08-28,1593.0,1605.0,1581.0,1586.0,0.0,2722,4323793.0
2017-08-27,1610.0,1628.0,1593.0,1593.0,0.0,2536,4068817.0
2017-08-24,1585.0,1610.0,1580.0,1610.0,0.0,3428,5450069.0
2017-08-23,1580.0,1585.0,1579.0,1585.0,0.0,1299,2053220.0
2017-08-22,1575.0,1630.0,1554.0,1580.0,0.0,4667,7427789.0
2017-08-21,1590.0,1590.0,1575.0,1575.0,0.0,4333,6849839.0
2017-08-20,1600.0,1600.0,1570.0,1590.0,0.0,5538,8797438.0
2017-08-17,1612.0,1610.0,1590.0,1600.0,0.0,2741,4385490.0
2017-08-16,1611.0,1630.0,1605.0,1612.0,0.0,2372,3833995.0
2017-08-15,1625.0,1620.0,1600.0,1611.0,0.0,2104,3395138.0
2017-08-13,1635.0,1641.0,1620.0,1625.0,0.0,1754,2862855.0
2017-08-10,1622.0,1650.0,1605.0,1635.0,0.0,6000,9741309.0
2017-08-09,1616.0,1660.0,1600.0,1622.0,0.0,3434,5615592.0
2017-08-07,1638.0,1635.0,1612.0,1616.0,0.0,3876,6294614.0
2017-08-06,1655.0,1655.0,1620.0,1638.0,0.0,4690,7654008.0
2017-08-03,1669.0,1668.0,1655.0,1655.0,0.0,5024,8347477.0
2017-08-02,1655.0,1680.0,1650.0,1669.0,0.0,6936,11535578.0
2017-08-01,1690.0,1700.0,1655.0,1655.0,0.0,4662,7807795.0
2017-07-31,1684.0,1700.0,1674.0,1690.0,0.0,5185,8756358.0
2017-07-30,1686.0,1699.0,1633.0,1684.0,0.0,11108,18704656.0
2017-07-27,1719.0,1745.0,1680.0,1686.0,0.0,18488,31484162.0
2017-07-26,1669.0,1729.0,1650.0,1719.0,0.0,22047,37441980.0
2017-07-25,1658.0,1672.0,1600.0,1669.0,0.0,6465,10652834.0
2017-07-24,1650.0,1669.0,1617.0,1658.0,0.0,13376,22156792.0
2017-07-23,1606.0,1664.0,1600.0,1650.0,0.0,11339,18543598.0
2017-07-20,1600.0,1612.0,1600.0,1606.0,0.0,7185,11529707.0
2017-07-19,1554.0,1639.0,1558.0,1600.0,0.0,10611,16981780.0
2017-07-18,1501.0,1563.0,1520.0,1554.0,0.0,15374,23726120.0
2017-07-17,1494.0,1509.0,1495.0,1501.0,0.0,2422,3638077.0
2017-07-16,1500.0,1494.0,1465.0,1494.0,0.0,430,638050.0
2017-07-13,1491.0,1500.0,1420.0,1500.0,0.0,2728,3974712.0
2017-07-12,1500.0,1500.0,1480.0,1491.0,0.0,954,1419791.0
2017-07-11,1483.0,1503.0,1500.0,1500.0,0.0,4194,6292455.0
2017-07-10,1500.0,1496.0,1480.0,1483.0,0.0,3255,4839507.0
2017-07-09,1495.0,1524.0,1421.0,1500.0,0.0,6282,9305687.0
2017-07-06,1459.0,1495.0,1450.0,1495.0,0.0,3660,5390105.0
2017-07-05,1462.0,1460.0,1434.0,1459.0,0.0,1150,1660870.0
2017-07-04,1435.0,1462.0,1415.0,1462.0,0.0,3002,4281890.0
2017-07-03,1450.0,1440.0,1430.0,1435.0,0.0,2528,3628718.0
2017-07-02,1459.0,1450.0,1435.0,1450.0,0.0,5416,7800244.0
2017-06-28,1460.0,1459.0,1440.0,1459.0,0.0,3077,4459973.0
2017-06-27,1450.0,1460.0,1440.0,1460.0,0.0,5531,8001812.0
2017-06-25,1439.0,1467.0,1450.0,1450.0,0.0,1693,2469444.0
2017-06-22,1435.0,1460.0,1439.0,1439.0,0.0,3558,5136810.0
2017-06-21,1449.0,1447.0,1430.0,1435.0,0.0,6377,9160849.0
2017-06-20,1450.0,1458.0,1426.0,1449.0,0.0,3065,4440131.0
2017-06-19,1468.0,1485.0,1427.0,1450.0,0.0,1667,2397245.0
2017-06-18,1485.0,1480.0,1456.0,1468.0,0.0,1667,2437655.0
2017-06-15,1460.0,1515.0,1460.0,1485.0,0.0,3095,4572631.0
2017-06-14,1499.0,1528.0,1450.0,1460.0,0.0,6270,9147725.0
2017-06-13,1473.0,1499.0,1444.0,1499.0,0.0,6201,9103146.0
2017-06-12,1486.0,1498.0,1428.0,1473.0,0.0,1705,2488280.0
2017-06-11,1506.0,1492.0,1463.0,1486.0,0.0,6500,9556235.0
2017-06-08,1524.0,1520.0,1500.0,1506.0,0.0,2426,3653836.0
2017-06-07,1524.0,1535.0,1500.0,1524.0,0.0,11968,18005368.0
2017-06-06,1495.0,1524.0,1496.0,1524.0,0.0,26310,39579912.0
2017-06-05,1500.0,1529.0,1490.0,1495.0,0.0,5944,8934128.0
2017-06-04,1514.0,1500.0,1485.0,1500.0,0.0,1953,2916330.0
2017-06-01,1530.0,1540.0,1505.0,1514.0,0.0,1884,2857997.0
2017-05-31,1499.0,1540.0,1450.0,1530.0,0.0,3117,4732454.0
2017-05-30,1520.0,1510.0,1470.0,1499.0,0.0,4574,6800270.0
2017-05-28,1551.0,1551.0,1515.0,1520.0,0.0,8587,13026728.0
2017-05-24,1545.0,1575.0,1520.0,1551.0,0.0,6121,9417527.0
2017-05-23,1530.0,1570.0,1530.0,1545.0,0.0,5047,7804605.0
2017-05-22,1540.0,1530.0,1520.0,1530.0,0.0,3152,4796831.0
2017-05-21,1563.0,1570.0,1520.0,1540.0,0.0,13557,20948876.0
2017-05-18,1565.0,1575.0,1551.0,1563.0,0.0,2260,3531640.0
2017-05-17,1573.0,1590.0,1565.0,1565.0,0.0,2187,3440670.0
2017-05-16,1585.0,1585.0,1560.0,1573.0,0.0,2945,4613010.0
2017-05-15,1600.0,1624.0,1585.0,1585.0,0.0,1470,2360130.0
2017-05-11,1600.0,1630.0,1590.0,1600.0,0.0,3230,5175885.0
2017-05-09,1550.0,1615.0,1551.0,1600.0,0.0,4165,6620449.0
2017-05-08,1550.0,1586.0,1525.0,1550.0,0.0,3082,4794163.0
2017-05-07,1605.0,1610.0,1547.0,1550.0,0.0,3252,5075610.0
2017-05-04,1642.0,1640.0,1601.0,1605.0,0.0,3644,5878420.0
2017-05-03,1651.0,1698.0,1642.0,1642.0,0.0,6251,10427395.0
2017-05-02,1669.0,1702.0,1640.0,1651.0,0.0,7236,12049509.0
2017-04-30,1660.0,1697.0,1631.0,1669.0,0.0,9910,16461767.0
2017-04-27,1921.0,1999.0,1850.0,1960.0,0.0,31215,60790312.0
2017-04-26,1935.0,1970.0,1921.0,1921.0,0.0,13632,26334412.0
2017-04-25,1940.0,1978.0,1911.0,1935.0,0.0,12855,24850580.0
2017-04-24,1961.0,1980.0,1924.0,1940.0,0.0,10686,20792704.0
2017-04-23,1880.0,2050.0,1880.0,1961.0,0.0,34428,67033408.0
2017-04-20,1860.0,1900.0,1830.0,1880.0,0.0,9872,18413180.0
2017-04-19,1751.0,1860.0,1780.0,1860.0,0.0,10730,19555288.0
2017-04-18,1787.0,1800.0,1720.0,1751.0,0.0,15652,27275556.0
2017-04-16,1888.0,1900.0,1781.0,1787.0,0.0,8454,15609354.0
2017-04-13,1850.0,1910.0,1815.0,1888.0,0.0,9812,18335912.0
2017-04-12,1929.0,1981.0,1850.0,1850.0,0.0,13203,25801028.0
2017-04-11,1914.0,1932.0,1862.0,1929.0,0.0,12785,24475678.0
2017-04-10,1815.0,1916.0,1815.0,1914.0,0.0,12903,24274504.0
2017-04-09,1844.0,1870.0,1815.0,1815.0,0.0,5267,9646440.0
2017-04-06,1825.0,1860.0,1805.0,1844.0,0.0,12446,22933584.0
2017-04-04,1815.0,1887.0,1760.0,1825.0,0.0,13210,24082244.0
2017-04-03,1721.0,1893.0,1755.0,1815.0,0.0,22867,42237328.0
2017-04-02,1565.0,1721.0,1596.0,1721.0,0.0,2236,3842246.0
2017-03-30,1520.0,1610.0,1480.0,1565.0,0.0,14666,22966820.0
2017-03-29,1590.0,1652.0,1520.0,1520.0,0.0,15689,25139000.0
2017-03-28,1488.0,1600.0,1487.0,1590.0,0.0,14680,22341312.0
2017-03-26,1429.0,1501.0,1457.0,1488.0,0.0,9617,14286696.0
2017-03-23,1430.0,1445.0,1400.0,1429.0,0.0,13953,19846884.0
2017-03-22,1446.0,1500.0,1410.0,1430.0,0.0,12158,17779000.0
2017-03-21,1346.0,1450.0,1300.0,1446.0,0.0,28532,39357928.0
2017-03-20,1224.0,1346.0,1245.0,1346.0,0.0,24214,31803476.0
2017-03-19,1140.0,1225.0,1130.0,1224.0,0.0,10639,12511405.0
2017-03-16,1140.0,1145.0,1130.0,1140.0,0.0,2481,2824551.0
2017-03-15,1122.0,1140.0,1117.0,1140.0,0.0,678,769351.0
2017-03-14,1125.0,1130.0,1116.0,1122.0,0.0,2142,2405631.0
2017-03-13,1111.0,1130.0,1105.0,1125.0,0.0,2202,2473807.0
2017-03-09,1107.0,1130.0,1111.0,1111.0,0.0,2145,2393970.0
2017-03-07,1122.0,1141.0,1070.0,1107.0,0.0,6520,7227528.0
2017-03-06,1139.0,1165.0,1110.0,1122.0,0.0,9118,10410544.0
2017-03-05,1072.0,1140.0,1080.0,1139.0,0.0,6481,7246640.0
2017-03-02,1060.0,1082.0,1050.0,1072.0,0.0,4471,4778337.0
2017-03-01,1025.0,1060.0,1006.0,1060.0,0.0,6778,7036708.0
2017-02-28,1036.0,1030.0,985.0,1025.0,0.0,5290,5310028.0
2017-02-26,1100.0,1079.0,1035.0,1036.0,0.0,4110,4283340.0
2017-02-23,1100.0,1111.0,1078.0,1100.0,0.0,2402,2604250.0
2017-02-22,1140.0,1153.0,1096.0,1100.0,0.0,5722,6349155.0
2017-02-21,1169.0,1238.0,1121.0,1140.0,0.0,12587,14718147.0
2017-02-20,1163.0,1233.0,1125.0,1169.0,0.0,18456,22104014.0
2017-02-19,1079.0,1163.0,1026.0,1163.0,0.0,10682,11790012.0
2017-02-16,1018.0,1084.0,975.0,1079.0,0.0,6151,6503272.0
2017-02-15,930.0,1018.0,926.0,1018.0,0.0,8298,7987854.0
2017-02-14,944.0,962.0,900.0,930.0,0.0,5782,5378126.0
2017-02-13,859.0,944.0,794.0,944.0,0.0,2888,2441002.0
2017-02-12,928.0,910.0,859.0,859.0,0.0,5868,5150440.0
2017-02-09,982.0,963.0,928.0,928.0,0.0,4137,3909703.0
2017-02-08,1020.0,1010.0,971.0,982.0,0.0,1099,1071825.0
2017-02-07,1059.0,1051.0,1009.0,1020.0,0.0,1558,1593819.0
2017-02-06,1099.0,1080.0,1059.0,1059.0,0.0,350,372920.0
2017-02-05,1130.0,1153.0,1078.0,1099.0,0.0,917,1023025.0
2017-02-02,1140.0,1181.0,1130.0,1130.0,0.0,1417,1653712.0
2017-02-01,1086.0,1140.0,1090.0,1140.0,0.0,2808,3141008.0
2017-01-31,1170.0,1167.0,1054.0,1086.0,0.0,4470,4849666.0
2017-01-30,1216.0,1217.0,1170.0,1170.0,0.0,101,122207.0
2017-01-26,1224.0,1240.0,1136.0,1216.0,0.0,3021,3544430.0
2017-01-25,1245.0,1228.0,1177.0,1224.0,0.0,2922,3482943.0
2017-01-24,1270.0,1260.0,1230.0,1245.0,0.0,3975,4956840.0
2017-01-23,1285.0,1280.0,1262.0,1270.0,0.0,3513,4466987.0
2017-01-22,1309.0,1290.0,1285.0,1285.0,0.0,1020,1312250.0
2017-01-19,1305.0,1309.0,1281.0,1309.0,0.0,1816,2364916.0
2017-01-18,1290.0,1305.0,1268.0,1305.0,0.0,978,1270738.0
2017-01-17,1290.0,1310.0,1290.0,1290.0,0.0,1000,1300400.0
2017-01-16,1310.0,1315.0,1290.0,1290.0,0.0,2036,2646500.0
2017-01-15,1319.0,1330.0,1300.0,1310.0,0.0,1548,2035800.0
2017-01-12,1320.0,1328.0,1300.0,1319.0,0.0,2440,3224370.0
2017-01-11,1330.0,1335.0,1313.0,1320.0,0.0,994,1311998.0
2017-01-10,1320.0,1342.0,1325.0,1330.0,0.0,3007,4013015.0
2017-01-09,1305.0,1325.0,1310.0,1320.0,0.0,1090,1438780.0
2017-01-08,1300.0,1310.0,1300.0,1305.0,0.0,955,1244675.0
2017-01-05,1319.0,1335.0,1300.0,1300.0,0.0,5864,7703827.0
2017-01-04,1287.0,1324.0,1264.0,1319.0,0.0,2500,3251740.0
2017-01-03,1335.0,1342.0,1287.0,1287.0,0.0,4747,6232086.0
2017-01-02,1311.0,1363.0,1290.0,1335.0,0.0,5686,7560894.0
2017-01-01,1275.0,1311.0,1282.0,1311.0,0.0,2907,3768305.0
2016-12-29,1240.0,1325.0,1260.0,1275.0,0.0,8261,10623253.0
2016-12-28,1235.0,1288.0,1218.0,1240.0,0.0,2897,3590898.0
2016-12-27,1315.0,1290.0,1216.0,1235.0,0.0,10279,12662077.0
2016-12-26,1423.0,1423.0,1315.0,1315.0,0.0,888,1208223.0
2016-12-22,1915.0,1920.0,1850.0,1850.0,0.0,5118,9647757.0
2016-12-21,1999.0,2000.0,1900.0,1915.0,0.0,5370,10311585.0
2016-12-20,2010.0,2020.0,1960.0,1999.0,0.0,2081,4138071.0
2016-12-19,2030.0,2040.0,1991.0,2010.0,0.0,4213,8436415.0
2016-12-18,2029.0,2035.0,2010.0,2030.0,0.0,1980,4013026.0
2016-12-15,2008.0,2043.0,1971.0,2029.0,0.0,5193,10505687.0
2016-12-14,2050.0,2055.0,1975.0,2008.0,0.0,4226,8467127.0
2016-12-12,2030.0,2050.0,1951.0,2050.0,0.0,5123,10173610.0
2016-12-11,2059.0,2100.0,2011.0,2030.0,0.0,2781,5668950.0
2016-12-08,2075.0,2075.0,2000.0,2059.0,0.0,1996,4048549.0
2016-12-07,2033.0,2075.0,2020.0,2075.0,0.0,6271,12883973.0
2016-12-06,2050.0,2110.0,2008.0,2033.0,0.0,4645,9500244.0
2016-12-05,2011.0,2050.0,1962.0,2050.0,0.0,2690,5390858.0
2016-12-04,2111.0,2110.0,2000.0,2011.0,0.0,6758,13867493.0
2016-12-01,2115.0,2244.0,2100.0,2111.0,0.0,11407,24511352.0
2016-11-30,2050.0,2120.0,2000.0,2115.0,0.0,13382,27901282.0
2016-11-29,1990.0,2070.0,1870.0,2050.0,0.0,14098,28165548.0
2016-11-28,1975.0,2069.0,1778.0,1990.0,0.0,9833,18262824.0
2016-11-27,2040.0,2015.0,1845.0,1975.0,0.0,5995,11519869.0
2016-11-24,2080.0,2175.0,1966.0,2040.0,0.0,8888,18290316.0
2016-11-23,2270.0,2250.0,2080.0,2080.0,0.0,5263,11214192.0
2016-11-22,2310.0,2319.0,2270.0,2270.0,0.0,2837,6483021.0
2016-11-21,2301.0,2355.0,2220.0,2310.0,0.0,7676,17501304.0
2016-11-20,2450.0,2402.0,2226.0,2301.0,0.0,8426,19297334.0
2016-11-17,2478.0,2451.0,2400.0,2450.0,0.0,2923,7109765.0
2016-11-16,2510.0,2500.0,2478.0,2478.0,0.0,3485,8648136.0
2016-11-15,2508.0,2560.0,2510.0,2510.0,0.0,3142,7958335.0
2016-11-14,2500.0,2508.0,2486.0,2508.0,0.0,4518,11293370.0
2016-11-13,2500.0,2540.0,2500.0,2500.0,0.0,774,1948957.0
2016-11-10,2500.0,2550.0,2470.0,2500.0,0.0,4810,12012865.0
2016-11-09,2580.0,2575.0,2472.0,2500.0,0.0,4132,10376339.0
2016-11-08,2615.0,2599.0,2540.0,2580.0,0.0,4757,12238490.0
2016-11-07,2565.0,2720.0,2600.0,2615.0,0.0,7101,18654636.0
2016-11-03,2550.0,2565.0,2531.0,2565.0,0.0,4161,10605417.0
2016-10-27,2600.0,2575.0,2540.0,2550.0,0.0,2250,5745910.0
2016-10-26,2536.0,2600.0,2490.0,2600.0,0.0,4122,10396248.0
2016-10-25,2585.0,2551.0,2534.0,2536.0,0.0,2747,6982231.0
2016-10-24,2601.0,2629.0,2570.0,2585.0,0.0,7089,18312564.0
2016-10-23,2570.0,2630.0,2550.0,2601.0,0.0,6026,15554520.0
2016-10-20,2505.0,2570.0,2505.0,2570.0,0.0,5378,13605190.0
2016-10-19,2505.0,2510.0,2471.0,2505.0,0.0,4107,10274640.0
2016-10-18,2515.0,2520.0,2485.0,2505.0,0.0,2650,6609805.0
2016-10-17,2500.0,2549.0,2500.0,2515.0,0.0,1251,3135110.0
2016-10-16,2550.0,2515.0,2452.0,2500.0,0.0,3806,9456098.0
2016-10-06,2520.0,2570.0,2520.0,2550.0,0.0,12692,32379764.0
2016-10-05,2490.0,2520.0,2470.0,2520.0,0.0,5621,14022417.0
2016-10-04,2430.0,2519.0,2436.0,2490.0,0.0,10844,26928628.0
2016-10-03,2360.0,2430.0,2360.0,2430.0,0.0,1333,3181559.0
2016-10-02,2340.0,2388.0,2307.0,2360.0,0.0,1417,3308052.0
2016-09-29,2328.0,2355.0,2300.0,2340.0,0.0,2932,6835799.0
2016-09-28,2321.0,2350.0,2310.0,2328.0,0.0,911,2108609.0
2016-09-27,2365.0,2370.0,2310.0,2321.0,0.0,1564,3662727.0
2016-09-26,2300.0,2428.0,2320.0,2365.0,0.0,1974,4653895.0
2016-09-25,2400.0,2400.0,2280.0,2300.0,0.0,1574,3688553.0
2016-09-22,2411.0,2415.0,2366.0,2400.0,0.0,1594,3803880.0
2016-09-21,2390.0,2415.0,2345.0,2411.0,0.0,2364,5669841.0
2016-09-20,2470.0,2475.0,2390.0,2390.0,0.0,1666,4005725.0
2016-09-18,2480.0,2485.0,2445.0,2470.0,0.0,3719,9164846.0
2016-09-14,2485.0,2510.0,2450.0,2480.0,0.0,6569,16352798.0
2016-09-12,2464.0,2495.0,2460.0,2485.0,0.0,3572,8874467.0
2016-09-11,2450.0,2490.0,2420.0,2464.0,0.0,3153,7742978.0
2016-09-08,2440.0,2450.0,2412.0,2450.0,0.0,3858,9418053.0
2016-09-07,2400.0,2461.0,2399.0,2440.0,0.0,3199,7783149.0
2016-09-06,2415.0,2455.0,2382.0,2400.0,0.0,3651,8888770.0
2016-09-05,2405.0,2425.0,2400.0,2415.0,0.0,2648,6394716.0
2016-09-04,2390.0,2405.0,2375.0,2405.0,0.0,4287,10280804.0
2016-09-03,2390.0,2405.0,2375.0,2405.0,0.0,4287,10280804.0
2016-09-01,2390.0,2410.0,2343.0,2390.0,0.0,1977,4693061.0
2016-08-31,2300.0,2400.0,2300.0,2390.0,0.0,3338,7822358.0
2016-08-30,2290.0,2310.0,2280.0,2300.0,0.0,911,2090960.0
2016-08-29,2385.0,2385.0,2290.0,2290.0,0.0,4472,10407536.0
2016-08-28,2360.0,2412.0,2325.0,2385.0,0.0,5708,13587287.0
2016-08-24,2155.0,2370.0,2160.0,2360.0,0.0,10023,22967364.0
2016-08-23,2150.0,2236.0,2107.0,2155.0,0.0,3849,8317639.0
2016-08-22,2272.0,2250.0,2125.0,2150.0,0.0,3723,8174796.0
2016-08-21,2298.0,2340.0,2272.0,2272.0,0.0,845,1937030.0
2016-08-17,2229.0,2316.0,2270.0,2298.0,0.0,3192,7315994.0
2016-08-16,2155.0,2270.0,2155.0,2229.0,0.0,3982,8834556.0
2016-08-15,2205.0,2230.0,2100.0,2155.0,0.0,4809,10478379.0
2016-08-14,2323.0,2340.0,2205.0,2205.0,0.0,3681,8459690.0
2016-08-11,2395.0,2365.0,2320.0,2323.0,0.0,2465,5764510.0
2016-08-10,2300.0,2395.0,2204.0,2395.0,0.0,11178,25410076.0
2016-08-09,2100.0,2300.0,2142.0,2300.0,0.0,710,1588790.0
2016-08-08,2250.0,2250.0,2100.0,2100.0,0.0,2288,4872297.0
2016-08-07,2305.0,2400.0,2246.0,2250.0,0.0,4502,10421779.0
2016-08-04,2375.0,2340.0,2290.0,2305.0,0.0,4779,11048987.0
2016-08-03,2405.0,2401.0,2343.0,2375.0,0.0,3278,7776390.0
2016-08-02,2415.0,2450.0,2400.0,2405.0,0.0,3578,8700021.0
2016-08-01,2475.0,2495.0,2415.0,2415.0,0.0,5376,13170496.0
2016-07-31,2510.0,2550.0,2475.0,2475.0,0.0,4471,11211563.0
2016-07-28,2516.0,2550.0,2500.0,2510.0,0.0,2979,7513397.0
2016-07-27,2566.0,2590.0,2516.0,2516.0,0.0,4431,11276712.0
2016-07-26,2530.0,2566.0,2520.0,2566.0,0.0,14164,36057660.0
2016-07-25,2432.0,2530.0,2432.0,2530.0,0.0,11736,29265488.0
2016-07-21,2360.0,2470.0,2400.0,2432.0,0.0,8095,19723256.0
2016-07-20,2405.0,2410.0,2360.0,2360.0,0.0,4064,9690920.0
2016-07-19,2420.0,2540.0,2310.0,2405.0,0.0,9777,23468858.0
2016-07-18,2200.0,2420.0,2178.0,2420.0,0.0,5908,13958548.0
2016-07-17,2200.0,2240.0,2161.0,2200.0,0.0,2139,4689466.0
2016-07-14,2264.0,2300.0,2200.0,2200.0,0.0,1000,2232800.0
2016-07-13,2300.0,2310.0,2210.0,2264.0,0.0,9499,21311880.0
2016-07-12,2319.0,2402.0,2130.0,2300.0,0.0,6582,14844720.0
2016-07-11,2415.0,2415.0,2319.0,2319.0,0.0,3012,7171752.0
2016-07-10,2485.0,2525.0,2405.0,2415.0,0.0,3450,8502750.0
2016-07-06,2500.0,2500.0,2480.0,2485.0,0.0,4429,11032240.0
2016-07-05,2530.0,2529.0,2500.0,2500.0,0.0,1970,4934730.0
2016-07-04,2523.0,2540.0,2490.0,2530.0,0.0,5372,13527662.0
2016-07-03,2565.0,2555.0,2480.0,2523.0,0.0,8802,22167936.0
2016-06-30,2570.0,2600.0,2555.0,2565.0,0.0,6394,16408835.0
2016-06-29,2470.0,2600.0,2454.0,2570.0,0.0,11783,30040296.0
2016-06-28,2445.0,2498.0,2430.0,2470.0,0.0,8584,21225076.0
2016-06-27,2452.0,2500.0,2425.0,2445.0,0.0,11614,28485000.0
2016-06-26,2490.0,2514.0,2452.0,2452.0,0.0,9495,23570660.0
2016-06-23,2480.0,2645.0,2490.0,2490.0,0.0,20984,53571336.0
2016-06-22,2340.0,2490.0,2362.0,2480.0,0.0,14539,35117920.0
2016-06-21,2330.0,2350.0,2302.0,2340.0,0.0,12338,28793436.0
2016-06-20,2316.0,2360.0,2272.0,2330.0,0.0,18001,41795104.0
2016-06-19,2400.0,2414.0,2259.0,2316.0,0.0,17948,42281128.0
2016-06-16,2315.0,2460.0,2270.0,2400.0,0.0,18346,43983500.0
2016-06-15,2120.0,2320.0,2140.0,2315.0,0.0,23562,52531716.0
2016-06-14,1993.0,2172.0,2030.0,2120.0,0.0,17157,36519632.0
2016-06-13,2019.0,2060.0,1990.0,1993.0,0.0,10803,21713408.0
2016-06-12,2055.0,2136.0,1965.0,2019.0,0.0,11173,23213724.0
2016-06-09,1970.0,2101.0,1980.0,2055.0,0.0,11547,23565392.0
2016-06-08,1880.0,2005.0,1900.0,1970.0,0.0,10916,21324046.0
2016-06-07,1847.0,1880.0,1850.0,1880.0,0.0,6532,12248046.0
2016-06-06,1810.0,1870.0,1825.0,1847.0,0.0,7522,13820635.0
2016-06-05,1826.0,1850.0,1800.0,1810.0,0.0,13133,23914608.0
2016-06-02,1825.0,1840.0,1801.0,1826.0,0.0,6955,12642698.0
2016-06-01,1845.0,1860.0,1810.0,1825.0,0.0,4323,7942617.0
2016-05-31,1845.0,1870.0,1790.0,1845.0,0.0,5038,9343798.0
2016-05-30,1810.0,1881.0,1800.0,1845.0,0.0,14916,27467396.0
2016-05-29,1750.0,1874.0,1740.0,1810.0,0.0,37420,67681008.0
2016-05-26,1700.0,1765.0,1670.0,1750.0,0.0,11028,18950040.0
2016-05-25,1725.0,1720.0,1660.0,1700.0,0.0,6266,10592477.0
2016-05-24,1770.0,1805.0,1700.0,1725.0,0.0,4661,8112370.0
2016-05-23,1815.0,1875.0,1706.0,1770.0,0.0,11396,20326492.0
2016-05-22,1650.0,1815.0,1680.0,1815.0,0.0,9415,16478032.0
2016-05-19,1621.0,1683.0,1610.0,1650.0,0.0,7100,11647100.0
2016-05-18,1603.0,1622.0,1600.0,1621.0,0.0,5816,9375251.0
2016-05-17,1566.0,1605.0,1595.0,1603.0,0.0,6101,9770815.0
2016-05-16,1600.0,1600.0,1566.0,1566.0,0.0,4335,6816960.0
2016-05-15,1580.0,1630.0,1570.0,1600.0,0.0,8801,13976090.0
2016-05-12,1575.0,1603.0,1580.0,1580.0,0.0,13933,22237836.0
2016-05-11,1500.0,1620.0,1530.0,1575.0,0.0,16230,25458526.0
2016-05-10,1420.0,1505.0,1448.0,1500.0,0.0,6077,9031080.0
2016-05-09,1379.0,1420.0,1370.0,1420.0,0.0,8946,12524677.0
2016-05-08,1380.0,1379.0,1357.0,1379.0,0.0,1640,2245870.0
2016-05-05,1375.0,1380.0,1370.0,1380.0,0.0,1799,2478205.0
2016-05-04,1370.0,1375.0,1345.0,1375.0,0.0,8000,10946300.0
2016-05-03,1350.0,1380.0,1370.0,1370.0,0.0,2481,3409495.0
2016-05-02,1361.0,1350.0,1335.0,1350.0,0.0,892,1202209.0
2016-04-28,1355.0,1361.0,1335.0,1361.0,0.0,2445,3282595.0
2016-04-27,1349.0,1365.0,1350.0,1355.0,0.0,276,374430.0
2016-04-26,1399.0,1385.0,1349.0,1349.0,0.0,2500,3442600.0
2016-04-25,1372.0,1399.0,1390.0,1399.0,0.0,935,1306294.0
2016-04-24,1399.0,1395.0,1372.0,1372.0,0.0,1410,1943550.0
2016-04-21,1380.0,1399.0,1399.0,1399.0,0.0,25,34975.0
2016-04-20,1388.0,1415.0,1380.0,1380.0,0.0,3256,4514235.0
2016-04-19,1382.0,1388.0,1370.0,1388.0,0.0,3448,4738050.0
2016-04-18,1320.0,1412.0,1346.0,1382.0,0.0,3502,4801570.0
2016-04-17,1260.0,1320.0,1225.0,1320.0,0.0,2615,3302735.0
2016-04-14,1260.0,1260.0,1260.0,1260.0,0.0,50,63000.0
2016-04-12,1259.0,1280.0,1260.0,1260.0,0.0,200,254000.0
2016-04-11,1235.0,1259.0,1259.0,1259.0,0.0,50,62950.0
2016-04-10,1270.0,1274.0,1235.0,1235.0,0.0,1364,1710475.0
2016-04-06,1260.0,1285.0,1263.0,1270.0,0.0,2229,2840147.0
2016-04-05,1210.0,1262.0,1200.0,1260.0,0.0,4096,5099560.0
2016-04-04,1160.0,1210.0,1180.0,1210.0,0.0,2351,2833080.0
2016-04-03,1175.0,1181.0,1152.0,1160.0,0.0,1855,2164120.0
2016-03-31,1186.0,1175.0,1151.0,1175.0,0.0,1402,1635636.0
2016-03-30,1180.0,1203.0,1180.0,1186.0,0.0,956,1138040.0
2016-03-29,1200.0,1205.0,1176.0,1180.0,0.0,1209,1442280.0
2016-03-28,1230.0,1215.0,1200.0,1200.0,0.0,944,1139700.0
2016-03-27,1250.0,1275.0,1225.0,1230.0,0.0,6231,7727590.0
2016-03-24,1256.0,1280.0,1250.0,1250.0,0.0,10820,13761801.0
2016-03-23,1595.0,1625.0,1565.0,1570.0,0.0,15982,25278072.0
2016-03-21,1644.0,1650.0,1590.0,1595.0,0.0,10803,17390394.0
2016-03-20,1648.0,1680.0,1630.0,1644.0,0.0,5924,9767469.0
2016-03-17,1565.0,1651.0,1596.0,1648.0,0.0,19812,32421924.0
2016-03-16,1501.0,1566.0,1500.0,1565.0,0.0,9459,14590544.0
2016-03-15,1498.0,1520.0,1496.0,1501.0,0.0,10353,15589416.0
2016-03-14,1560.0,1600.0,1413.0,1498.0,0.0,17459,26294236.0
2016-03-13,1499.0,1648.0,1480.0,1560.0,0.0,21081,32471424.0
2016-03-10,1363.0,1499.0,1390.0,1499.0,0.0,31387,46489612.0
2016-03-06,1240.0,1363.0,1250.0,1363.0,0.0,26222,34769368.0
2016-03-03,1218.0,1250.0,1217.0,1240.0,0.0,7982,9865480.0
2016-03-02,1174.0,1244.0,1175.0,1218.0,0.0,5892,7142083.0
2016-03-01,1167.0,1185.0,1140.0,1174.0,0.0,8190,9459886.0
2016-02-29,1131.0,1175.0,1140.0,1167.0,0.0,3085,3584822.0
2016-02-28,1130.0,1140.0,1130.0,1131.0,0.0,919,1042250.0
2016-02-25,1122.0,1130.0,1130.0,1130.0,0.0,300,339000.0
2016-02-24,1135.0,1140.0,1114.0,1122.0,0.0,4048,4530816.0
2016-02-23,1170.0,1150.0,1125.0,1135.0,0.0,4435,5036938.0
2016-02-22,1185.0,1179.0,1170.0,1170.0,0.0,837,982064.0
2016-02-21,1190.0,1199.0,1180.0,1185.0,0.0,1655,1961380.0
2016-02-17,1190.0,1213.0,1183.0,1190.0,0.0,4019,4783189.0
2016-02-16,1190.0,1205.0,1170.0,1190.0,0.0,2590,3089430.0
2016-02-15,1195.0,1195.0,1172.0,1190.0,0.0,10834,12903492.0
2016-02-14,1223.0,1200.0,1188.0,1195.0,0.0,14042,16792060.0
2016-02-11,1190.0,1254.0,1200.0,1223.0,0.0,6787,8323690.0
2016-02-08,1149.0,1217.0,1140.0,1190.0,0.0,25912,30262532.0
2016-02-07,1100.0,1157.0,1100.0,1149.0,0.0,19085,21522572.0
2016-02-04,1054.0,1100.0,1061.0,1100.0,0.0,12774,13830208.0
2016-02-03,1037.0,1060.0,1005.0,1054.0,0.0,7849,7995200.0
2016-02-02,1035.0,1037.0,1017.0,1037.0,0.0,627,643064.0
2016-02-01,1030.0,1040.0,1020.0,1035.0,0.0,2420,2484603.0
2016-01-31,1025.0,1030.0,1025.0,1030.0,0.0,1933,1989490.0
2016-01-28,1030.0,1050.0,1025.0,1025.0,0.0,555,572373.0
2016-01-27,1047.0,1060.0,1030.0,1030.0,0.0,2294,2394740.0
2016-01-26,1040.0,1068.0,1032.0,1047.0,0.0,3304,3447849.0
2016-01-25,1028.0,1081.0,1040.0,1040.0,0.0,6159,6483679.0
2016-01-24,1030.0,1028.0,1010.0,1028.0,0.0,2122,2163748.0
2016-01-21,1038.0,1079.0,1030.0,1030.0,0.0,4070,4214278.0
2016-01-20,1040.0,1038.0,1000.0,1038.0,0.0,8174,8280940.0
2016-01-19,1000.0,1040.0,985.0,1040.0,0.0,1273,1276245.0
2016-01-18,998.0,1030.0,995.0,1000.0,0.0,7167,7189769.0
2016-01-17,992.0,1007.0,990.0,998.0,0.0,3290,3280173.0
2016-01-14,1000.0,1004.0,990.0,992.0,0.0,4902,4893274.0
2016-01-13,971.0,1000.0,980.0,1000.0,0.0,3224,3201270.0
2016-01-12,990.0,987.0,971.0,971.0,0.0,10282,10038620.0
2016-01-11,990.0,1009.0,990.0,990.0,0.0,5331,5308879.0
2016-01-10,1045.0,1050.0,990.0,990.0,0.0,11771,11962295.0
2016-01-07,1050.0,1097.0,1045.0,1045.0,0.0,16058,17098786.0
2016-01-06,1050.0,1062.0,1021.0,1050.0,0.0,11972,12513597.0
2016-01-05,1075.0,1062.0,1020.0,1050.0,0.0,7624,8011456.0
2016-01-04,1052.0,1075.0,1011.0,1075.0,0.0,10540,11093865.0
2016-01-03,985.0,1052.0,1004.0,1052.0,0.0,8919,9163440.0
2015-12-31,947.0,1015.0,950.0,985.0,0.0,7868,7808028.0
2015-12-29,896.0,947.0,905.0,947.0,0.0,6931,6381723.0
2015-12-28,871.0,899.0,875.0,896.0,0.0,9022,7993042.0
2015-12-27,885.0,902.0,870.0,871.0,0.0,6609,5876102.0
2015-12-24,836.0,900.0,840.0,885.0,0.0,12553,10754944.0
2015-12-23,817.0,842.0,825.0,836.0,0.0,21755,18113900.0
2015-12-22,770.0,817.0,770.0,817.0,0.0,5691,4504542.0
2015-12-21,755.0,784.0,750.0,770.0,0.0,4844,3743965.0
2015-12-20,769.0,760.0,755.0,755.0,0.0,100,75750.0
2015-12-17,760.0,769.0,745.0,769.0,0.0,1510,1143990.0
2015-12-16,789.0,785.0,735.0,760.0,0.0,4763,3626450.0
2015-12-15,724.0,789.0,738.0,789.0,0.0,12643,9726448.0
2015-12-14,715.0,738.0,701.0,724.0,0.0,1908,1373812.0
2015-12-13,703.0,715.0,713.0,715.0,0.0,592,422280.0
2015-12-09,690.0,703.0,699.0,703.0,0.0,1550,1084650.0
2015-12-08,712.0,698.0,659.0,690.0,0.0,3209,2173481.0
2015-12-07,699.0,726.0,712.0,712.0,0.0,70,49980.0
2015-12-06,649.0,699.0,661.0,699.0,0.0,269,181059.0
2015-12-03,625.0,649.0,637.0,649.0,0.0,465,296325.0
2015-12-01,601.0,637.0,613.0,625.0,0.0,230,143870.0
2015-11-30,637.0,637.0,601.0,601.0,0.0,1140,714900.0
2015-11-29,650.0,637.0,637.0,637.0,0.0,500,318500.0
2015-11-23,645.0,650.0,649.0,650.0,0.0,1012,657496.0
2015-11-22,658.0,650.0,645.0,645.0,0.0,896,579900.0
2015-11-19,671.0,658.0,658.0,658.0,0.0,372,244776.0
2015-11-18,658.0,671.0,671.0,671.0,0.0,10,6710.0
2015-11-16,654.0,658.0,646.0,658.0,0.0,264,172624.0
2015-11-15,642.0,654.0,654.0,654.0,0.0,175,114450.0
2015-11-08,650.0,642.0,642.0,642.0,0.0,75,48150.0
2015-11-05,650.0,650.0,650.0,650.0,0.0,182,118300.0
2015-11-02,660.0,650.0,650.0,650.0,0.0,100,65000.0
2015-11-01,664.0,660.0,660.0,660.0,0.0,142,93720.0
2015-10-29,677.0,664.0,664.0,664.0,0.0,251,166664.0
2015-10-19,690.0,677.0,677.0,677.0,0.0,300,203100.0
2015-10-18,677.0,690.0,690.0,690.0,0.0,75,51750.0
2015-10-15,690.0,677.0,677.0,677.0,0.0,117,79209.0
2015-10-14,715.0,702.0,690.0,690.0,0.0,2550,1777600.0
2015-10-08,721.0,715.0,715.0,715.0,0.0,303,216645.0
2015-10-06,735.0,721.0,721.0,721.0,0.0,1000,721000.0
2015-10-01,745.0,745.0,735.0,735.0,0.0,1720,1266500.0
2015-09-30,735.0,745.0,735.0,745.0,0.0,1500,1108000.0
2015-09-29,725.0,735.0,725.0,735.0,0.0,2305,1676485.0
2015-09-28,736.0,725.0,725.0,725.0,0.0,403,292175.0
2015-09-24,722.0,736.0,720.0,736.0,0.0,535,387160.0
2015-09-23,722.0,722.0,722.0,722.0,0.0,53,38266.0
2015-09-22,736.0,722.0,722.0,722.0,0.0,38,27436.0
2015-09-16,736.0,740.0,735.0,736.0,0.0,3208,2368120.0
2015-09-15,735.0,736.0,735.0,736.0,0.0,700,514900.0
2015-09-14,742.0,756.0,735.0,735.0,0.0,1910,1408810.0
2015-09-13,728.0,742.0,735.0,742.0,0.0,150,110600.0
2015-09-10,731.0,728.0,727.0,728.0,0.0,267,194276.0
2015-09-08,730.0,731.0,717.0,731.0,0.0,550,395050.0
2015-09-07,737.0,730.0,730.0,730.0,0.0,2020,1474600.0
2015-09-03,736.0,738.0,737.0,737.0,0.0,708,521896.0
2015-09-02,750.0,765.0,736.0,736.0,0.0,1710,1268650.0
2015-09-01,779.0,794.0,750.0,750.0,0.0,1204,934650.0
2015-08-31,786.0,801.0,779.0,779.0,0.0,2350,1849000.0
2015-08-27,753.0,806.0,768.0,786.0,0.0,2535,1995680.0
2015-08-26,739.0,753.0,736.0,753.0,0.0,1422,1064278.0
2015-08-25,735.0,740.0,725.0,739.0,0.0,1630,1194860.0
2015-08-24,710.0,750.0,720.0,735.0,0.0,2653,1959470.0
2015-08-23,703.0,714.0,700.0,710.0,0.0,3633,2559128.0
2015-08-20,726.0,730.0,703.0,703.0,0.0,2070,1485300.0
2015-08-19,683.0,749.0,696.0,726.0,0.0,1458,1058972.0
2015-08-18,670.0,683.0,683.0,683.0,0.0,100,68300.0
2015-08-17,657.0,670.0,670.0,670.0,0.0,10,6700.0
2015-08-16,649.0,713.0,657.0,657.0,0.0,2610,1744990.0
2015-08-13,590.0,649.0,601.0,649.0,0.0,1852,1168100.0
2015-08-12,537.0,590.0,547.0,590.0,0.0,925,516575.0
2015-08-11,554.0,545.0,535.0,537.0,0.0,1096,589920.0
2015-08-09,565.0,576.0,554.0,554.0,0.0,675,384150.0
2015-08-06,620.0,610.0,560.0,565.0,0.0,3993,2296867.0
2015-08-05,625.0,620.0,620.0,620.0,0.0,156,96720.0
2015-07-29,637.0,625.0,625.0,625.0,0.0,50,31250.0
2015-07-27,649.0,637.0,637.0,637.0,0.0,24,15288.0
2015-07-15,619.0,649.0,625.0,649.0,0.0,65,40985.0
2015-07-13,608.0,619.0,619.0,619.0,0.0,10,6190.0
2015-07-02,620.0,608.0,608.0,608.0,0.0,176,107008.0
2015-07-01,588.0,622.0,599.0,620.0,0.0,348,213322.0
2015-06-29,550.0,600.0,560.0,588.0,0.0,1256,748580.0
2015-06-25,554.0,550.0,550.0,550.0,0.0,100,55000.0
2015-06-24,534.0,554.0,534.0,554.0,0.0,151,81324.0
2015-06-23,486.0,534.0,495.0,534.0,0.0,69,35826.0
2015-06-22,490.0,486.0,486.0,486.0,0.0,75,36450.0
2015-06-18,535.0,530.0,490.0,490.0,0.0,499,254570.0
2015-06-17,531.0,541.0,531.0,535.0,0.0,239,128361.0
2015-06-16,612.0,600.0,551.0,584.0,0.0,9639,5360609.0
2015-06-15,662.0,649.0,612.0,612.0,0.0,1205,740415.0
2015-06-14,675.0,662.0,662.0,662.0,0.0,25,16550.0
2015-06-09,688.0,675.0,675.0,675.0,0.0,32,21600.0
2015-04-19,680.0,688.0,688.0,688.0,0.0,30,20640.0
2015-04-15,682.0,680.0,675.0,680.0,0.0,1539,1039020.0
2015-04-12,661.0,682.0,670.0,682.0,0.0,720,488896.0
2015-04-09,674.0,661.0,661.0,661.0,0.0,900,594900.0
2015-04-07,686.0,674.0,674.0,674.0,0.0,25,16850.0
2015-04-06,700.0,686.0,686.0,686.0,0.0,25,17150.0
2015-04-02,710.0,710.0,700.0,700.0,0.0,934,655550.0
2015-04-01,715.0,712.0,707.0,710.0,0.0,1942,1379544.0
2015-03-31,726.0,715.0,712.0,715.0,0.0,550,391750.0
2015-03-29,712.0,726.0,726.0,726.0,0.0,446,323796.0
2015-03-26,719.0,712.0,712.0,712.0,0.0,500,356000.0
2015-03-24,717.0,719.0,703.0,719.0,0.0,958,678298.0
2015-03-22,730.0,718.0,710.0,717.0,0.0,6167,4382920.0
2015-03-18,722.0,736.0,730.0,730.0,0.0,238,173968.0
2015-03-16,712.0,722.0,708.0,722.0,0.0,322,228816.0
2015-03-15,725.0,712.0,712.0,712.0,0.0,38,27056.0
2015-03-12,730.0,725.0,725.0,725.0,0.0,620,449500.0
2015-03-11,739.0,736.0,720.0,730.0,0.0,875,635785.0
2015-03-09,735.0,739.0,739.0,739.0,0.0,135,99765.0
2015-03-04,730.0,742.0,735.0,735.0,0.0,551,406992.0
2015-03-03,740.0,731.0,730.0,730.0,0.0,825,602439.0
2015-03-02,740.0,740.0,740.0,740.0,0.0,700,518000.0
2015-03-01,725.0,740.0,738.0,740.0,0.0,902,666634.0
2015-02-26,725.0,725.0,715.0,725.0,0.0,48,34560.0
2015-02-25,733.0,725.0,721.0,725.0,0.0,1837,1326387.0
2015-02-24,725.0,733.0,719.0,733.0,0.0,163,117910.0
2015-02-23,728.0,735.0,722.0,725.0,0.0,5834,4247452.0
2015-02-22,732.0,740.0,726.0,728.0,0.0,1232,905796.0
2015-02-18,740.0,740.0,731.0,732.0,0.0,497,365001.0
2015-02-16,750.0,740.0,740.0,740.0,0.0,24,17760.0
2015-02-15,755.0,755.0,750.0,750.0,0.0,1492,1119460.0
2015-02-12,740.0,755.0,750.0,755.0,0.0,812,610172.0
2015-02-11,745.0,740.0,732.0,740.0,0.0,2583,1905220.0
2015-02-10,756.0,745.0,731.0,745.0,0.0,257,190868.0
2015-02-09,755.0,768.0,750.0,756.0,0.0,4635,3529905.0
2015-02-08,750.0,755.0,750.0,755.0,0.0,175,132000.0
2015-02-05,755.0,760.0,750.0,750.0,0.0,712,537440.0
2015-02-04,745.0,759.0,755.0,755.0,0.0,1272,960864.0
2015-02-03,750.0,751.0,745.0,745.0,0.0,524,391667.0
2015-02-02,770.0,755.0,750.0,750.0,0.0,526,397000.0
2015-02-01,765.0,770.0,760.0,770.0,0.0,2807,2151694.0
2015-01-29,755.0,765.0,756.0,765.0,0.0,1359,1036180.0
2015-01-28,750.0,770.0,755.0,755.0,0.0,2019,1541230.0
2015-01-27,752.0,755.0,740.0,750.0,0.0,883,660725.0
2015-01-26,762.0,755.0,735.0,752.0,0.0,11143,8242443.0
2015-01-25,765.0,772.0,756.0,762.0,0.0,13642,10360848.0
2015-01-22,770.0,765.0,750.0,765.0,0.0,3000,2272570.0
2015-01-20,794.0,779.0,749.0,770.0,0.0,5327,4095214.0
2015-01-19,810.0,826.0,794.0,794.0,0.0,580,478376.0
2015-01-14,826.0,810.0,810.0,810.0,0.0,50,40500.0
2015-01-13,754.0,826.0,750.0,826.0,0.0,560,437623.0
2015-01-12,770.0,760.0,745.0,754.0,0.0,1325,994900.0
2015-01-11,765.0,770.0,760.0,770.0,0.0,135,103350.0
2015-01-08,749.0,775.0,763.0,765.0,0.0,857,656303.0
2015-01-07,755.0,755.0,748.0,749.0,0.0,2768,2073980.0
2015-01-06,760.0,775.0,750.0,755.0,0.0,1608,1219801.0
2015-01-05,780.0,770.0,760.0,760.0,0.0,5819,4425275.0
2015-01-04,755.0,789.0,760.0,780.0,0.0,2319,1796507.0
2015-01-01,755.0,760.0,726.0,755.0,0.0,1228,924029.0
2014-12-31,750.0,755.0,750.0,755.0,0.0,150,112875.0
2014-12-29,750.0,759.0,745.0,750.0,0.0,1734,1312416.0
2014-12-28,745.0,765.0,750.0,750.0,0.0,1470,1112200.0
2014-12-24,750.0,750.0,740.0,745.0,0.0,311,231190.0
2014-12-23,740.0,750.0,740.0,750.0,0.0,37,27500.0
2014-12-22,751.0,740.0,740.0,740.0,0.0,1269,939060.0
2014-12-21,759.0,751.0,751.0,751.0,0.0,204,153204.0
2014-12-16,766.0,759.0,740.0,759.0,0.0,702,522995.0
2014-12-15,750.0,766.0,748.0,766.0,0.0,5367,4081038.0
2014-12-14,730.0,756.0,744.0,750.0,0.0,1946,1457600.0
2014-12-11,743.0,738.0,725.0,730.0,0.0,1953,1427107.0
2014-12-10,730.0,743.0,720.0,743.0,0.0,384,278055.0
2014-12-09,751.0,736.0,722.0,730.0,0.0,93,67950.0
2014-12-08,749.0,751.0,751.0,751.0,0.0,200,150200.0
2014-12-07,748.0,755.0,749.0,749.0,0.0,313,236037.0
2014-12-03,728.0,748.0,704.0,748.0,0.0,2725,1988254.0
2014-12-02,748.0,734.0,715.0,728.0,0.0,2681,1932206.0
2014-12-01,765.0,750.0,737.0,748.0,0.0,1370,1022424.0
2014-11-30,775.0,775.0,765.0,765.0,0.0,181,139212.0
2014-11-25,794.0,791.0,775.0,775.0,0.0,506,399546.0
2014-11-24,775.0,794.0,780.0,794.0,0.0,196,153608.0
2014-11-23,780.0,801.0,770.0,775.0,0.0,946,735129.0
2014-11-20,815.0,799.0,773.0,780.0,0.0,3593,2800754.0
2014-11-13,810.0,815.0,805.0,815.0,0.0,275,222875.0
2014-11-12,797.0,810.0,800.0,810.0,0.0,190,152950.0
2014-11-11,782.0,797.0,775.0,797.0,0.0,1763,1387460.0
2014-11-10,800.0,800.0,782.0,782.0,0.0,921,723972.0
2014-11-09,805.0,804.0,800.0,800.0,0.0,428,343345.0
2014-11-06,795.0,805.0,780.0,805.0,0.0,1745,1377312.0
2014-11-05,794.0,795.0,790.0,795.0,0.0,2183,1729781.0
2014-11-04,811.0,796.0,785.0,794.0,0.0,3515,2781851.0
2014-11-03,811.0,811.0,796.0,811.0,0.0,2474,1980836.0
2014-11-02,820.0,830.0,800.0,811.0,0.0,1587,1281955.0
2014-10-30,825.0,830.0,812.0,820.0,0.0,1946,1585702.0
2014-10-28,840.0,840.0,809.0,825.0,0.0,2091,1709967.0
2014-10-27,832.0,852.0,829.0,840.0,0.0,5756,4825311.0
2014-10-26,821.0,845.0,819.0,832.0,0.0,5679,4724615.0
2014-10-22,795.0,821.0,774.0,821.0,0.0,6710,5256220.0
2014-10-21,785.0,800.0,790.0,795.0,0.0,166,131655.0
2014-10-20,815.0,799.0,785.0,785.0,0.0,569,449354.0
2014-10-19,802.0,825.0,805.0,815.0,0.0,1711,1389675.0
2014-10-16,815.0,815.0,802.0,802.0,0.0,4013,3248553.0
2014-10-15,785.0,815.0,790.0,815.0,0.0,2519,2020295.0
2014-10-14,792.0,797.0,777.0,785.0,0.0,1621,1271117.0
2014-10-13,782.0,796.0,780.0,792.0,0.0,1969,1543825.0
2014-10-12,790.0,786.0,782.0,782.0,0.0,300,235675.0
2014-10-09,788.0,790.0,790.0,790.0,0.0,589,465310.0
2014-09-30,810.0,820.0,788.0,788.0,0.0,2624,2100788.0
2014-09-29,790.0,810.0,778.0,810.0,0.0,5600,4424769.0
2014-09-28,730.0,793.0,740.0,790.0,0.0,1701,1303983.0
2014-09-24,726.0,730.0,710.0,730.0,0.0,2598,1858512.0
2014-09-23,683.0,726.0,696.0,726.0,0.0,1041,745968.0
2014-09-22,686.0,685.0,670.0,683.0,0.0,2345,1593140.0
2014-09-21,666.0,686.0,641.0,686.0,0.0,1261,817024.0
2014-09-18,703.0,690.0,665.0,666.0,0.0,1063,714208.0
2014-09-17,717.0,731.0,703.0,703.0,0.0,333,235977.0
2014-09-16,680.0,717.0,670.0,717.0,0.0,843,575906.0
2014-09-15,662.0,704.0,655.0,680.0,0.0,2135,1433890.0
2014-09-14,675.0,675.0,662.0,662.0,0.0,430,285310.0
2014-09-11,710.0,696.0,670.0,675.0,0.0,2122,1445195.0
2014-09-10,727.0,722.0,706.0,710.0,0.0,1016,731160.0
2014-09-09,692.0,733.0,705.0,727.0,0.0,1161,844914.0
2014-09-07,734.0,720.0,692.0,692.0,0.0,217,154252.0
2014-09-04,725.0,735.0,709.0,734.0,0.0,1158,832336.0
2014-09-03,715.0,729.0,715.0,725.0,0.0,1758,1260106.0
2014-09-01,770.0,755.0,712.0,715.0,0.0,2518,1818258.0
2014-08-31,783.0,775.0,768.0,770.0,0.0,1350,1039100.0
2014-08-28,767.0,795.0,775.0,783.0,0.0,5246,4107142.0
2014-08-27,700.0,767.0,714.0,767.0,0.0,1443,1064223.0
2014-08-26,715.0,701.0,700.0,700.0,0.0,371,259843.0
2014-08-24,745.0,745.0,715.0,715.0,0.0,1607,1179756.0
2014-08-21,790.0,785.0,745.0,745.0,0.0,2075,1581878.0
2014-08-20,832.0,816.0,784.0,790.0,0.0,5111,4086909.0
2014-08-19,850.0,837.0,830.0,832.0,0.0,2313,1926997.0
2014-08-18,865.0,882.0,810.0,850.0,0.0,4326,3632092.0
2014-08-14,817.0,865.0,801.0,865.0,0.0,2213,1797695.0
2014-08-13,800.0,850.0,800.0,817.0,0.0,2424,1981073.0
2014-08-12,805.0,810.0,800.0,800.0,0.0,250,200550.0
2014-08-07,795.0,805.0,784.0,805.0,0.0,6008,4772370.0
2014-08-06,820.0,831.0,795.0,795.0,0.0,3377,2766940.0
2014-08-05,795.0,835.0,810.0,820.0,0.0,2560,2113926.0
2014-08-04,825.0,815.0,790.0,795.0,0.0,1410,1135930.0
2014-08-03,820.0,836.0,820.0,825.0,0.0,3172,2616660.0
2014-07-31,800.0,837.0,800.0,820.0,0.0,4312,3502993.0
2014-07-30,787.0,807.0,790.0,800.0,0.0,6279,5025716.0
2014-07-27,780.0,799.0,765.0,787.0,0.0,2368,1872138.0
2014-07-24,790.0,780.0,764.0,780.0,0.0,6281,4811193.0
2014-07-23,800.0,790.0,775.0,790.0,0.0,3043,2392300.0
2014-07-22,810.0,809.0,785.0,800.0,0.0,3430,2718638.0
2014-07-20,790.0,810.0,800.0,810.0,0.0,460,370206.0
2014-07-17,800.0,820.0,790.0,790.0,0.0,6870,5497226.0
2014-07-16,780.0,810.0,750.0,800.0,0.0,1307,1015860.0
2014-07-15,760.0,780.0,751.0,780.0,0.0,405,307043.0
2014-07-14,795.0,786.0,760.0,760.0,0.0,3233,2484986.0
2014-07-13,795.0,810.0,795.0,795.0,0.0,3368,2691280.0
2014-07-10,811.0,810.0,790.0,795.0,0.0,1817,1452190.0
2014-07-09,836.0,825.0,811.0,811.0,0.0,374,305769.0
2014-07-08,810.0,836.0,809.0,836.0,0.0,9557,7798763.0
2014-07-07,790.0,844.0,795.0,810.0,0.0,4535,3752028.0
2014-07-06,775.0,796.0,775.0,790.0,0.0,4455,3490587.0
2014-07-03,787.0,775.0,760.0,775.0,0.0,5232,4026099.0
2014-07-02,736.0,795.0,745.0,787.0,0.0,7558,5865065.0
2014-07-01,724.0,766.0,735.0,736.0,0.0,5525,4158918.0
2014-06-30,745.0,735.0,720.0,724.0,0.0,8592,6221164.0
2014-06-29,760.0,775.0,735.0,745.0,0.0,7486,5665097.0
2014-06-26,750.0,770.0,750.0,760.0,0.0,5920,4523049.0
2014-06-25,715.0,750.0,712.0,750.0,0.0,5795,4270136.0
2014-06-24,700.0,717.0,700.0,715.0,0.0,5078,3594615.0
2014-06-23,702.0,701.0,700.0,700.0,0.0,3504,2453800.0
2014-06-19,705.0,703.0,700.0,702.0,0.0,749,524816.0
2014-06-18,685.0,712.0,695.0,705.0,0.0,14235,10031475.0
2014-06-17,670.0,696.0,660.0,685.0,0.0,7188,4809827.0
2014-06-16,670.0,680.0,660.0,670.0,0.0,1923,1290360.0
2014-06-15,658.0,683.0,665.0,670.0,0.0,4988,3346574.0
2014-06-12,654.0,660.0,653.0,658.0,0.0,7316,4814579.0
2014-06-11,660.0,659.0,646.0,654.0,0.0,7333,4790973.0
2014-06-10,646.0,664.0,646.0,660.0,0.0,8613,5649555.0
2014-06-09,625.0,646.0,630.0,646.0,0.0,1358,871118.0
2014-06-08,618.0,644.0,611.0,625.0,0.0,9715,6034929.0
2014-06-05,616.0,620.0,610.0,618.0,0.0,3627,2234118.0
2014-06-04,612.0,616.0,610.0,616.0,0.0,2028,1245436.0
2014-06-03,600.0,612.0,600.0,612.0,0.0,3445,2084561.0
2014-06-02,595.0,624.0,600.0,600.0,0.0,3542,2166135.0
2014-06-01,600.0,609.0,595.0,595.0,0.0,2565,1530555.0
2014-05-28,595.0,605.0,600.0,600.0,0.0,5928,3565300.0
2014-05-27,609.0,609.0,590.0,595.0,0.0,5839,3496814.0
2014-05-26,600.0,615.0,600.0,609.0,0.0,6254,3774811.0
2014-05-25,580.0,607.0,590.0,600.0,0.0,3713,2215577.0
2014-05-22,590.0,601.0,580.0,580.0,0.0,307,182784.0
2014-05-21,599.0,600.0,590.0,590.0,0.0,2377,1416522.0
2014-05-20,599.0,601.0,590.0,599.0,0.0,1437,856561.0
2014-05-19,612.0,604.0,589.0,599.0,0.0,2797,1670490.0
2014-05-18,600.0,612.0,590.0,612.0,0.0,2238,1329270.0
2014-05-15,609.0,602.0,590.0,600.0,0.0,5277,3150498.0
2014-05-13,605.0,610.0,605.0,609.0,0.0,1328,806858.0
2014-05-12,611.0,618.0,605.0,605.0,0.0,3430,2086909.0
2014-05-11,600.0,612.0,590.0,611.0,0.0,5786,3481608.0
2014-05-08,610.0,620.0,600.0,600.0,0.0,3393,2056230.0
2014-05-07,632.0,630.0,605.0,610.0,0.0,4350,2673086.0
2014-05-06,631.0,632.0,584.0,632.0,0.0,4984,2964667.0
2014-05-05,650.0,715.0,607.0,631.0,0.0,19772,13648916.0
2014-05-04,592.0,651.0,560.0,650.0,0.0,11410,6897505.0
2014-04-30,569.0,600.0,555.0,592.0,0.0,10726,6174813.0
2014-04-29,550.0,576.0,559.0,569.0,0.0,4249,2410593.0
2014-04-28,560.0,571.0,545.0,550.0,0.0,4021,2247152.0
2014-04-27,562.0,573.0,559.0,560.0,0.0,1464,829669.0
2014-04-23,560.0,569.0,549.0,562.0,0.0,4056,2261051.0
2014-04-22,540.0,562.0,540.0,560.0,0.0,1265,696261.0
2014-04-21,556.0,550.0,540.0,540.0,0.0,276,149280.0
2014-04-20,550.0,556.0,548.0,556.0,0.0,2733,1503702.0
2014-04-17,539.0,550.0,530.0,550.0,0.0,2761,1493804.0
2014-04-16,550.0,560.0,539.0,539.0,0.0,1594,868826.0
2014-04-15,550.0,570.0,540.0,550.0,0.0,7669,4211468.0
2014-04-13,530.0,560.0,511.0,550.0,0.0,5189,2824374.0
2014-04-10,500.0,542.0,500.0,530.0,0.0,7899,4204141.0
2014-04-09,500.0,510.0,490.0,500.0,0.0,6150,3035600.0
2014-04-07,524.0,514.0,480.0,500.0,0.0,4067,2022577.0
2014-04-06,566.0,555.0,524.0,524.0,0.0,173,91722.0
2014-04-03,523.0,566.0,520.0,566.0,0.0,850,449900.0
2014-04-02,520.0,525.0,520.0,523.0,0.0,1324,690272.0
2014-04-01,500.0,520.0,500.0,520.0,0.0,1567,799620.0
2014-03-31,520.0,520.0,490.0,500.0,0.0,1339,674420.0
2014-03-27,530.0,520.0,520.0,520.0,0.0,20,10400.0
2014-03-26,508.0,530.0,518.0,530.0,0.0,1595,840268.0
2014-03-25,488.0,508.0,461.0,508.0,0.0,1534,750966.0
2014-03-24,477.0,488.0,468.0,488.0,0.0,1540,728322.0
2014-03-23,477.0,477.0,465.0,477.0,0.0,3826,1790768.0
2014-03-20,479.0,477.0,460.0,477.0,0.0,3639,1695174.0
2014-03-19,479.0,479.0,470.0,479.0,0.0,1506,713874.0
2014-03-18,502.0,498.0,467.0,479.0,0.0,798,381516.0
2014-03-17,510.0,519.0,486.0,502.0,0.0,3036,1512764.0
2014-03-13,530.0,520.0,510.0,510.0,0.0,1866,957436.0
2014-03-11,544.0,540.0,522.0,530.0,0.0,208,110340.0
2014-03-10,515.0,544.0,519.0,544.0,0.0,1491,779564.0
2014-03-09,506.0,515.0,505.0,515.0,0.0,1405,720000.0
2014-03-06,520.0,522.0,510.0,515.0,0.0,3085,1595544.0
2014-03-05,558.0,547.0,520.0,520.0,0.0,697,370472.0
2014-03-03,585.0,584.0,558.0,558.0,0.0,652,374763.0
2014-02-26,593.0,587.0,585.0,585.0,0.0,292,171064.0
2014-02-25,610.0,605.0,585.0,593.0,0.0,930,550914.0
2014-02-24,609.0,640.0,600.0,610.0,0.0,6249,3833499.0
2014-02-23,554.0,609.0,565.0,609.0,0.0,10070,6119954.0
2014-02-20,504.0,554.0,514.0,554.0,0.0,8877,4698718.0
2014-02-18,476.0,509.0,470.0,504.0,0.0,8954,4465110.0
2014-02-17,471.0,485.0,460.0,476.0,0.0,5319,2496620.0
2014-02-16,429.0,471.0,431.0,471.0,0.0,9441,4443565.0
2014-02-13,390.0,429.0,397.0,429.0,0.0,8592,3679869.0
2014-02-12,405.0,397.0,390.0,390.0,0.0,231,90412.0
2014-02-11,415.0,410.0,405.0,405.0,0.0,354,144922.0
2014-02-10,403.0,415.0,411.0,415.0,0.0,566,234626.0
2014-02-09,397.0,404.0,400.0,403.0,0.0,5088,2052325.0
2014-02-06,390.0,397.0,388.0,397.0,0.0,6752,2648228.0
2014-02-04,390.0,383.0,376.0,376.0,0.0,151,57560.0
2014-02-03,400.0,402.0,383.0,390.0,0.0,1108,428272.0
2014-02-02,381.0,408.0,380.0,400.0,0.0,1330,532448.0
2014-01-29,374.0,382.0,360.0,381.0,0.0,4036,1499684.0
2014-01-28,388.0,381.0,374.0,374.0,0.0,292,110460.0
2014-01-27,395.0,395.0,388.0,388.0,0.0,580,226800.0
2014-01-26,380.0,400.0,386.0,395.0,0.0,7917,3079168.0
2014-01-23,357.0,380.0,350.0,380.0,0.0,2097,759466.0
2014-01-22,351.0,364.0,344.0,357.0,0.0,2462,883394.0
2014-01-21,362.0,364.0,350.0,351.0,0.0,1452,516328.0
2014-01-20,402.0,401.0,362.0,362.0,0.0,5945,2194750.0
2014-01-19,418.0,410.0,402.0,402.0,0.0,46,18572.0
2014-01-12,410.0,418.0,418.0,418.0,0.0,10,4180.0
2014-01-06,410.0,410.0,402.0,410.0,0.0,55,22422.0
2014-01-02,402.0,410.0,410.0,410.0,0.0,52,21320.0
2014-01-01,409.0,402.0,402.0,402.0,0.0,200,80400.0
2013-12-24,417.0,409.0,409.0,409.0,0.0,13,5317.0
2013-12-08,424.0,425.0,417.0,417.0,0.0,542,230142.0
2013-12-05,408.0,424.0,416.0,424.0,0.0,182,76128.0
2013-12-04,399.0,408.0,399.0,408.0,0.0,944,383190.0
2013-12-03,400.0,400.0,392.0,399.0,0.0,2789,1107350.0
2013-12-02,386.0,407.0,390.0,400.0,0.0,2668,1063473.0
2013-12-01,358.0,386.0,365.0,386.0,0.0,360,135950.0
2013-11-28,326.0,358.0,332.0,358.0,0.0,940,332932.0
2013-11-27,297.0,326.0,302.0,326.0,0.0,80,24940.0
2013-11-26,272.0,297.0,277.0,297.0,0.0,70,20040.0
2013-11-25,262.0,272.0,267.0,272.0,0.0,694,188718.0
2013-11-14,415.0,407.0,407.0,407.0,0.0,26,10582.0
2013-11-13,387.0,416.0,394.0,415.0,0.0,8071,3264089.0
2013-11-12,393.0,415.0,386.0,387.0,0.0,3308,1309571.0
2013-11-11,413.0,407.0,385.0,393.0,0.0,1469,584661.0
2013-11-10,414.0,416.0,410.0,413.0,0.0,1664,688598.0
2013-11-07,393.0,431.0,400.0,414.0,0.0,2170,903542.0
2013-11-06,360.0,393.0,367.0,393.0,0.0,1029,395143.0
2013-10-31,366.0,360.0,360.0,360.0,0.0,13,4680.0
2013-10-30,380.0,373.0,366.0,366.0,0.0,632,235512.0
2013-10-29,365.0,380.0,372.0,380.0,0.0,164,62165.0
2013-10-28,360.0,365.0,360.0,365.0,0.0,224,80970.0
2013-10-27,360.0,365.0,360.0,360.0,0.0,297,107830.0
2013-10-24,355.0,360.0,360.0,360.0,0.0,985,354600.0
2013-10-23,362.0,355.0,355.0,355.0,0.0,100,35500.0
2013-10-22,352.0,362.0,355.0,362.0,0.0,494,177854.0
2013-10-20,351.0,352.0,352.0,352.0,0.0,110,38720.0
2013-10-17,351.0,351.0,351.0,351.0,0.0,64,22464.0
2013-10-09,350.0,351.0,350.0,351.0,0.0,101,35438.0
2013-10-08,345.0,351.0,349.0,350.0,0.0,704,246400.0
2013-10-06,350.0,348.0,345.0,345.0,0.0,3126,1087650.0
2013-10-03,350.0,350.0,350.0,350.0,0.0,26,9100.0
2013-10-02,338.0,350.0,335.0,350.0,0.0,4753,1612178.0
2013-10-01,350.0,344.0,338.0,338.0,0.0,65,22048.0
2013-09-30,338.0,350.0,344.0,350.0,0.0,980,339972.0
2013-09-29,345.0,358.0,332.0,338.0,0.0,1351,463093.0
2013-09-26,314.0,345.0,320.0,345.0,0.0,1541,514135.0
2013-09-25,314.0,314.0,314.0,314.0,0.0,78,24492.0
2013-09-24,315.0,315.0,309.0,314.0,0.0,702,218426.0
2013-09-23,328.0,328.0,315.0,315.0,0.0,564,180532.0
2013-09-22,320.0,328.0,316.0,328.0,0.0,404,130060.0
2013-09-19,325.0,320.0,320.0,320.0,0.0,20,6400.0
2013-09-17,325.0,331.0,325.0,325.0,0.0,236,76760.0
2013-09-16,325.0,325.0,325.0,325.0,0.0,140,45500.0
2013-09-15,330.0,325.0,325.0,325.0,0.0,13,4225.0
2013-09-12,330.0,333.0,330.0,330.0,0.0,514,170322.0
2013-09-11,340.0,334.0,330.0,330.0,0.0,261,86382.0
2013-09-10,345.0,340.0,340.0,340.0,0.0,150,51000.0
2013-09-09,344.0,345.0,344.0,345.0,0.0,756,260246.0
2013-09-08,332.0,344.0,338.0,344.0,0.0,556,188848.0
2013-09-05,330.0,336.0,332.0,332.0,0.0,283,94244.0
2013-09-04,346.0,340.0,330.0,330.0,0.0,1851,619790.0
2013-09-03,356.0,360.0,346.0,346.0,0.0,527,186573.0
2013-09-02,370.0,363.0,356.0,356.0,0.0,600,214300.0
2013-09-01,369.0,370.0,370.0,370.0,0.0,52,19240.0
2013-08-29,376.0,370.0,369.0,369.0,0.0,170,62782.0
2013-08-27,369.0,376.0,376.0,376.0,0.0,110,41360.0
2013-08-26,368.0,375.0,365.0,369.0,0.0,2961,1088409.0
2013-08-25,383.0,390.0,368.0,368.0,0.0,2640,988262.0
2013-08-20,384.0,391.0,380.0,383.0,0.0,3062,1176403.0
2013-08-19,380.0,394.0,370.0,384.0,0.0,4021,1515513.0
2013-08-18,346.0,380.0,352.0,380.0,0.0,131,48324.0
2013-08-15,315.0,346.0,321.0,346.0,0.0,954,319940.0
2013-08-14,315.0,315.0,309.0,315.0,0.0,55,17145.0
2013-08-13,300.0,315.0,301.0,315.0,0.0,1703,515297.0
2013-08-12,301.0,304.0,300.0,300.0,0.0,631,190777.0
2013-08-11,300.0,301.0,300.0,301.0,0.0,506,151826.0
2013-08-08,302.0,301.0,297.0,300.0,0.0,1653,495991.0
2013-08-07,300.0,302.0,294.0,302.0,0.0,1015,303153.0
2013-08-06,300.0,302.0,298.0,300.0,0.0,3230,969080.0
2013-08-05,297.0,302.0,290.0,300.0,0.0,3828,1132143.0
2013-08-04,300.0,302.0,297.0,297.0,0.0,2738,820008.0
2013-08-01,295.0,302.0,295.0,300.0,0.0,2457,735142.0
2013-07-31,305.0,302.0,295.0,295.0,0.0,4263,1267558.0
2013-07-30,297.0,315.0,299.0,305.0,0.0,3111,954439.0
2013-07-29,271.0,297.0,276.0,297.0,0.0,1848,539650.0
2013-07-28,256.0,271.0,261.0,271.0,0.0,43,11373.0
2013-07-25,233.0,256.0,237.0,256.0,0.0,3534,863956.0
2013-07-24,213.0,233.0,217.0,233.0,0.0,50,11250.0
2013-07-23,209.0,213.0,213.0,213.0,0.0,26,5538.0
2013-07-17,205.0,209.0,205.0,209.0,0.0,169,35005.0
2013-07-16,204.0,205.0,201.0,205.0,0.0,65,13221.0
2013-07-15,204.0,204.0,204.0,204.0,0.0,13,2652.0
2013-07-14,210.0,206.0,202.0,204.0,0.0,125,25434.0
2013-07-11,216.0,212.0,210.0,210.0,0.0,159,33630.0
2013-07-10,220.0,216.0,216.0,216.0,0.0,50,10800.0
2013-07-03,224.0,220.0,220.0,220.0,0.0,100,22000.0
2013-07-02,224.0,224.0,224.0,224.0,0.0,70,15680.0
2013-06-27,223.0,224.0,224.0,224.0,0.0,200,44800.0
2013-06-18,227.0,223.0,223.0,223.0,0.0,100,22300.0
2013-06-12,235.0,231.0,227.0,227.0,0.0,280,64360.0
2013-06-10,239.0,235.0,235.0,235.0,0.0,60,14100.0
2013-06-09,237.0,241.0,237.0,239.0,0.0,340,80720.0
2013-06-06,245.0,241.0,237.0,237.0,0.0,440,105240.0
2013-06-05,245.0,245.0,241.0,245.0,0.0,1320,322880.0
2013-06-04,265.0,260.0,245.0,245.0,0.0,1540,387600.0
2013-06-02,265.0,270.0,260.0,265.0,0.0,1360,358120.0
2013-05-30,241.0,265.0,245.0,265.0,0.0,7790,2016900.0
2013-05-28,221.0,241.0,225.0,241.0,0.0,50,11650.0
2013-05-27,205.0,221.0,208.0,221.0,0.0,370,80370.0
2013-05-26,197.0,205.0,199.0,205.0,0.0,1450,290710.0
2013-05-23,185.0,197.0,188.0,197.0,0.0,160,31160.0
2013-05-22,187.0,185.0,185.0,185.0,0.0,5000,925000.0
2013-05-15,184.0,187.0,187.0,187.0,0.0,80,14960.0
2013-05-14,175.0,184.0,178.0,184.0,0.0,50,9050.0
2013-05-13,169.0,175.0,172.0,175.0,0.0,190,32950.0
2013-05-12,166.0,169.0,169.0,169.0,0.0,200,33800.0
2013-05-07,165.0,166.0,163.0,166.0,0.0,670,110190.0
2013-05-05,168.0,165.0,165.0,165.0,0.0,600,99000.0
2013-04-29,165.0,168.0,168.0,168.0,0.0,500,84000.0
2013-04-28,177.0,174.0,165.0,165.0,0.0,1400,236620.0
2013-04-23,180.0,177.0,177.0,177.0,0.0,20,3540.0
2013-04-21,184.0,182.0,180.0,180.0,0.0,190,34400.0
2013-04-18,190.0,187.0,184.0,184.0,0.0,120,22140.0
2013-04-17,195.0,192.0,189.0,190.0,0.0,360,68750.0
2013-04-16,203.0,199.0,195.0,195.0,0.0,120,23600.0
2013-04-15,207.0,203.0,203.0,203.0,0.0,50,10150.0
2013-04-04,211.0,207.0,207.0,207.0,0.0,50,10350.0
2013-03-21,211.0,211.0,211.0,211.0,0.0,200,42200.0
2013-03-18,273.0,211.0,211.0,211.0,0.0,10,2110.0
2013-03-14,267.0,293.0,273.0,273.0,0.0,8430,2371720.0
2013-03-13,243.0,267.0,247.0,267.0,0.0,4680,1246610.0
2013-03-11,221.0,243.0,225.0,243.0,0.0,2600,620860.0
2013-03-07,201.0,221.0,205.0,221.0,0.0,1120,247120.0
2013-03-05,205.0,201.0,201.0,201.0,0.0,10,2010.0
2013-03-03,203.0,205.0,205.0,205.0,0.0,20,4100.0
2013-02-27,205.0,203.0,203.0,203.0,0.0,10,2030.0
2013-02-21,205.0,205.0,205.0,205.0,0.0,20,4100.0
2013-02-19,201.0,205.0,205.0,205.0,0.0,500,102500.0
2013-02-14,205.0,201.0,201.0,201.0,0.0,90,18090.0
2013-02-13,209.0,205.0,205.0,205.0,0.0,40,8200.0
2013-02-10,204.0,209.0,205.0,209.0,0.0,60,12340.0
2013-02-07,208.0,204.0,204.0,204.0,0.0,300,61200.0
2013-02-06,208.0,208.0,208.0,208.0,0.0,120,24960.0
2013-02-05,208.0,208.0,208.0,208.0,0.0,310,64480.0
2013-02-04,208.0,208.0,208.0,208.0,0.0,210,43680.0
2013-01-31,212.0,208.0,208.0,208.0,0.0,210,43680.0
2013-01-27,216.0,212.0,212.0,212.0,0.0,1240,262880.0
2013-01-24,214.0,216.0,212.0,216.0,0.0,310,65840.0
2013-01-21,216.0,214.0,214.0,214.0,0.0,30,6420.0
2013-01-20,215.0,219.0,216.0,216.0,0.0,1390,303230.0
2013-01-17,215.0,219.0,215.0,215.0,0.0,320,68840.0
2013-01-16,216.0,216.0,215.0,215.0,0.0,1500,323500.0
2013-01-15,216.0,216.0,216.0,216.0,0.0,70,15120.0
2013-01-13,212.0,216.0,216.0,216.0,0.0,20,4320.0
2013-01-02,206.0,212.0,208.0,212.0,0.0,460,96160.0
2013-01-01,201.0,210.0,205.0,206.0,0.0,660,136940.0
2012-12-31,202.0,201.0,198.0,201.0,0.0,400,79800.0
2012-12-27,199.0,202.0,202.0,202.0,0.0,30,6060.0
2012-12-26,199.0,199.0,199.0,199.0,0.0,20,3980.0
2012-12-23,201.0,199.0,199.0,199.0,0.0,30,5970.0
2012-12-18,206.0,206.0,201.0,201.0,0.0,1630,328200.0
2012-12-17,202.0,206.0,206.0,206.0,0.0,120,24720.0
2012-12-13,199.0,202.0,202.0,202.0,0.0,450,90900.0
2012-12-11,197.0,199.0,196.0,199.0,0.0,110,21860.0
2012-12-10,192.0,197.0,194.0,197.0,0.0,2010,393450.0
2012-12-09,198.0,195.0,192.0,192.0,0.0,620,120540.0
2012-12-06,193.0,198.0,190.0,198.0,0.0,4160,808060.0
2012-12-05,196.0,193.0,193.0,193.0,0.0,20,3860.0
2012-12-04,198.0,200.0,196.0,196.0,0.0,640,125640.0
2012-11-29,195.0,198.0,198.0,198.0,0.0,40,7920.0
2012-11-28,193.0,197.0,195.0,195.0,0.0,420,81960.0
2012-11-26,191.0,193.0,190.0,193.0,0.0,360,68820.0
2012-11-25,191.0,191.0,188.0,191.0,0.0,820,156560.0
2012-11-22,194.0,191.0,191.0,191.0,0.0,140,26740.0
2012-11-21,191.0,194.0,192.0,194.0,0.0,290,55960.0
2012-11-20,178.0,191.0,180.0,191.0,0.0,1140,215020.0
2012-11-18,175.0,178.0,178.0,178.0,0.0,120,21360.0
2012-11-12,173.0,176.0,173.0,175.0,0.0,2600,454900.0
2012-11-08,170.0,173.0,173.0,173.0,0.0,20,3460.0
2012-11-07,173.0,172.0,170.0,170.0,0.0,180,30800.0
2012-11-04,168.0,173.0,169.0,173.0,0.0,620,106700.0
2012-11-01,159.0,168.0,162.0,168.0,0.0,230,38490.0
2012-10-17,161.0,159.0,159.0,159.0,0.0,370,58830.0
2012-10-15,165.0,162.0,159.0,161.0,0.0,140,22520.0
2012-10-14,169.0,168.0,164.0,165.0,0.0,1070,179200.0
2012-10-11,175.0,172.0,169.0,169.0,0.0,100,17110.0
2012-10-09,172.0,178.0,175.0,175.0,0.0,300,52890.0
2012-10-08,169.0,172.0,170.0,172.0,0.0,130,22140.0
2012-10-07,169.0,172.0,169.0,169.0,0.0,170,28790.0
2012-10-04,160.0,169.0,160.0,169.0,0.0,1090,176760.0
2012-10-03,160.0,163.0,160.0,160.0,0.0,320,51440.0
2012-10-02,160.0,160.0,158.0,160.0,0.0,810,128840.0
2012-10-01,163.0,160.0,160.0,160.0,0.0,10,1600.0
2012-10-01,163.0,160.0,160.0,160.0,0.0,10,1600.0
2012-09-30,160.0,163.0,159.0,163.0,0.0,150,24290.0
2012-09-26,159.0,160.0,159.0,159.0,0.0,110,17520.0
2012-09-24,160.0,159.0,158.0,159.0,0.0,130,20600.0
2012-09-23,169.0,166.0,160.0,160.0,0.0,350,57050.0
2012-09-19,166.0,169.0,168.0,169.0,0.0,220,37120.0
2012-09-18,158.0,167.0,161.0,166.0,0.0,1200,195610.0
2012-09-17,155.0,158.0,152.0,158.0,0.0,400,61700.0
2012-09-16,161.0,158.0,155.0,155.0,0.0,220,34670.0
2012-09-12,164.0,161.0,161.0,161.0,0.0,10,1610.0
2012-09-11,170.0,170.0,164.0,164.0,0.0,120,19950.0
2012-09-06,176.0,173.0,170.0,170.0,0.0,430,73160.0
2012-09-04,166.0,178.0,169.0,176.0,0.0,580,102070.0
2012-09-03,154.0,166.0,157.0,166.0,0.0,70,11320.0
2012-09-02,151.0,154.0,154.0,154.0,0.0,10,1540.0
2012-08-28,153.0,151.0,151.0,151.0,0.0,500,75500.0
2012-08-27,153.0,156.0,153.0,153.0,0.0,330,51090.0
2012-08-26,153.0,153.0,150.0,153.0,0.0,760,115140.0
2012-08-23,152.0,153.0,147.0,153.0,0.0,1380,205890.0
2012-08-22,152.0,152.0,152.0,152.0,0.0,600,91200.0
2012-08-21,167.0,165.0,152.0,152.0,0.0,1790,283140.0
2012-08-19,171.0,173.0,164.0,167.0,0.0,10020,1690560.0
2012-08-16,156.0,171.0,156.0,171.0,0.0,1020,169480.0
2012-08-15,156.0,156.0,152.0,156.0,0.0,1580,245000.0
2012-08-14,150.0,156.0,149.0,156.0,0.0,940,143940.0
2012-08-13,137.0,150.0,136.0,150.0,0.0,3020,439710.0
2012-08-12,135.0,137.0,135.0,137.0,0.0,260,35320.0
2012-08-08,123.0,135.0,125.0,135.0,0.0,1040,137000.0
2012-08-07,120.0,123.0,120.0,123.0,0.0,240,29200.0
2012-08-06,124.0,120.0,118.0,120.0,0.0,590,69640.0
2012-08-05,118.0,124.0,120.0,124.0,0.0,160,19360.0
2012-08-01,110.0,118.0,112.0,118.0,0.0,530,60700.0
2012-07-31,106.0,110.0,108.0,110.0,0.0,30,3280.0
2012-07-30,103.0,106.0,104.0,106.0,0.0,140,14620.0
2012-07-29,105.0,103.0,103.0,103.0,0.0,420,43260.0
2012-07-19,105.0,105.0,105.0,105.0,0.0,70,7350.0
2012-07-18,106.0,105.0,105.0,105.0,0.0,10,1050.0
2012-07-11,106.0,108.0,106.0,106.0,0.0,210,22500.0
2012-07-10,108.0,108.0,106.0,106.0,0.0,70,7460.0
2012-07-09,99.0,108.0,100.0,108.0,0.0,570,60380.0
2012-07-01,100.0,99.0,99.0,99.0,0.0,20,1980.0
2012-06-28,98.0,100.0,99.0,100.0,0.0,60,5950.0
2012-06-26,99.0,99.0,98.0,98.0,0.0,150,14720.0
2012-06-17,98.0,99.0,99.0,99.0,0.0,120,11880.0
2012-06-14,100.0,99.0,98.0,98.0,0.0,160,15750.0
2012-06-10,102.0,100.0,100.0,100.0,0.0,190,19000.0
2012-06-07,104.0,102.0,102.0,102.0,0.0,60,6120.0
2012-06-06,104.0,104.0,104.0,104.0,0.0,500,52000.0
2012-06-05,99.0,104.0,100.0,104.0,0.0,180,18180.0
2012-06-04,98.0,99.0,99.0,99.0,0.0,370,36630.0
2012-05-31,97.0,98.0,98.0,98.0,0.0,50,4900.0
2012-05-30,98.0,97.0,97.0,97.0,0.0,60,5820.0
2012-05-29,98.0,98.0,98.0,98.0,0.0,90,8820.0
2012-05-24,99.0,98.0,98.0,98.0,0.0,110,10780.0
2012-05-21,100.0,99.0,98.0,99.0,0.0,40,3940.0
2012-05-17,102.0,102.0,100.0,100.0,0.0,710,71820.0
2012-05-15,104.0,102.0,102.0,102.0,0.0,20,2040.0
2012-05-14,102.0,104.0,104.0,104.0,0.0,20,2080.0
2012-05-13,104.0,102.0,102.0,102.0,0.0,10,1020.0
2012-05-10,104.0,104.0,104.0,104.0,0.0,10,1040.0
2012-05-09,100.0,104.0,102.0,104.0,0.0,40,4120.0
2012-05-08,99.0,100.0,100.0,100.0,0.0,20,2000.0
2012-04-26,98.0,99.0,99.0,99.0,0.0,20,1980.0
2012-04-03,97.0,98.0,98.0,98.0,0.0,30,2940.0
2012-04-01,97.0,97.0,97.0,97.0,0.0,640,62080.0
2012-03-29,99.0,99.0,97.0,97.0,0.0,1270,125270.0
2012-03-28,98.0,99.0,98.0,99.0,0.0,430,42150.0
2012-03-27,98.0,98.0,98.0,98.0,0.0,2480,243040.0
2012-03-26,102.0,102.0,98.0,98.0,0.0,1700,171720.0
2012-03-25,100.0,102.0,102.0,102.0,0.0,10,1020.0
2012-03-19,102.0,100.0,100.0,100.0,0.0,40,4000.0
2012-03-18,104.0,102.0,102.0,102.0,0.0,60,6120.0
2012-03-14,100.0,104.0,102.0,104.0,0.0,50,5120.0
2012-03-13,99.0,100.0,100.0,100.0,0.0,150,15000.0
2012-03-11,100.0,100.0,99.0,99.0,0.0,60,5970.0
2012-03-04,101.0,100.0,98.0,100.0,0.0,300,29760.0
2012-03-01,106.0,104.0,100.0,101.0,0.0,210,21320.0
2012-02-29,99.0,106.0,100.0,106.0,0.0,80,8240.0
2012-02-23,101.0,99.0,99.0,99.0,0.0,440,43560.0
2012-02-16,100.0,101.0,100.0,101.0,0.0,610,61180.0
2012-02-15,102.0,102.0,100.0,100.0,0.0,340,34600.0
2012-02-14,103.0,104.0,102.0,102.0,0.0,470,48280.0
2012-02-13,104.0,103.0,103.0,103.0,0.0,150,15450.0
2012-02-12,104.0,106.0,104.0,104.0,0.0,40,4200.0
2012-02-09,104.0,104.0,104.0,104.0,0.0,250,26000.0
2012-02-08,104.0,104.0,104.0,104.0,0.0,140,14560.0
2012-02-07,106.0,106.0,104.0,104.0,0.0,460,48290.0
2012-02-06,108.0,108.0,106.0,106.0,0.0,180,19120.0
2012-02-02,110.0,112.0,108.0,108.0,0.0,550,61240.0
2012-02-01,108.0,111.0,110.0,110.0,0.0,2000,220100.0
2012-01-31,103.0,108.0,105.0,108.0,0.0,1000,105110.0
2012-01-26,101.0,103.0,103.0,103.0,0.0,50,5150.0
2012-01-18,101.0,101.0,101.0,101.0,0.0,270,27270.0
2012-01-17,105.0,106.0,101.0,101.0,0.0,1080,112720.0
2012-01-16,107.0,105.0,105.0,105.0,0.0,10,1050.0
2012-01-12,106.0,107.0,107.0,107.0,0.0,10,1070.0
2012-01-09,104.0,106.0,106.0,106.0,0.0,20,2120.0
2012-01-02,106.0,104.0,104.0,104.0,0.0,40,4160.0
2011-12-27,107.0,108.0,106.0,106.0,0.0,260,27800.0
2011-12-22,106.0,107.0,107.0,107.0,0.0,50,5350.0
2011-12-21,108.0,106.0,106.0,106.0,0.0,20,2120.0
2011-12-13,110.0,108.0,108.0,108.0,0.0,300,32400.0
2011-12-12,110.0,110.0,110.0,110.0,0.0,50,5500.0
2011-12-11,110.0,110.0,110.0,110.0,0.0,30,3300.0
2011-12-04,111.0,110.0,110.0,110.0,0.0,150,16500.0
2011-11-27,112.0,111.0,111.0,111.0,0.0,10,1110.0
2011-11-21,117.0,118.0,112.0,112.0,0.0,760,88080.0
2011-11-16,117.0,117.0,115.0,117.0,0.0,1390,160850.0
2011-11-15,115.0,119.0,117.0,117.0,0.0,1330,155780.0
2011-11-14,117.0,115.0,115.0,115.0,0.0,40,4600.0
2011-11-06,113.0,117.0,115.0,117.0,0.0,150,17430.0
2011-11-03,111.0,113.0,113.0,113.0,0.0,10,1130.0
2011-10-31,109.0,111.0,107.0,111.0,0.0,100,10820.0
2011-10-23,107.0,109.0,109.0,109.0,0.0,90,9810.0
2011-10-20,109.0,107.0,107.0,107.0,0.0,100,10700.0
2011-10-17,111.0,109.0,109.0,109.0,0.0,40,4360.0
2011-10-13,111.0,113.0,111.0,111.0,0.0,220,24620.0
2011-10-10,109.0,111.0,111.0,111.0,0.0,420,46620.0
2011-09-27,113.0,111.0,109.0,109.0,0.0,230,25130.0
2011-09-22,115.0,113.0,113.0,113.0,0.0,10,1130.0
2011-09-15,116.0,116.0,114.0,115.0,0.0,120,13830.0
2011-09-14,117.0,116.0,116.0,116.0,0.0,10,1160.0
2011-09-07,113.0,117.0,113.0,117.0,0.0,160,18400.0
2011-09-06,115.0,113.0,113.0,113.0,0.0,1040,117520.0
2011-09-05,113.0,115.0,114.0,115.0,0.0,390,44730.0
2011-09-04,117.0,115.0,113.0,113.0,0.0,1350,154250.0
2011-09-01,117.0,117.0,117.0,117.0,0.0,880,102960.0
2011-08-29,121.0,119.0,117.0,117.0,0.0,110,12910.0
2011-08-25,124.0,125.0,121.0,121.0,0.0,230,28150.0
2011-08-24,120.0,124.0,122.0,124.0,0.0,40,4940.0
2011-08-23,120.0,122.0,120.0,120.0,0.0,500,60080.0
2011-08-22,116.0,120.0,118.0,120.0,0.0,110,13180.0
2011-08-18,108.0,116.0,110.0,116.0,0.0,40,4520.0
2011-08-16,106.0,108.0,108.0,108.0,0.0,2180,235440.0
2011-08-15,104.0,106.0,106.0,106.0,0.0,20,2120.0
2011-08-10,102.0,104.0,104.0,104.0,0.0,10,1040.0
2011-08-09,100.0,102.0,102.0,102.0,0.0,20,2040.0
2011-08-07,103.0,101.0,100.0,100.0,0.0,9200,920010.0
2011-08-04,109.0,107.0,103.0,103.0,0.0,30,3150.0
2011-07-25,109.0,109.0,109.0,109.0,0.0,10,1090.0
2011-07-24,108.0,109.0,108.0,109.0,0.0,640,69200.0
2011-07-21,105.0,110.0,108.0,108.0,0.0,510,55100.0
2011-07-14,105.0,105.0,105.0,105.0,0.0,40,4200.0
2011-07-13,103.0,105.0,105.0,105.0,0.0,30,3150.0
2011-07-11,108.0,103.0,103.0,103.0,0.0,230,23690.0
2011-06-13,109.0,108.0,108.0,108.0,0.0,100,10800.0
2011-06-12,109.0,109.0,108.0,109.0,0.0,160,17360.0
2011-06-08,113.0,115.0,109.0,109.0,0.0,420,47040.0
2011-06-07,113.0,113.0,113.0,113.0,0.0,90,10170.0
2011-06-05,113.0,113.0,113.0,113.0,0.0,200,22600.0
2011-06-02,115.0,113.0,113.0,113.0,0.0,40,4520.0
2011-05-26,113.0,115.0,111.0,115.0,0.0,1820,207430.0
2011-05-25,111.0,113.0,113.0,113.0,0.0,510,57630.0
2011-05-24,109.0,111.0,109.0,111.0,0.0,180,19960.0
2011-05-23,110.0,112.0,109.0,109.0,0.0,1150,126300.0
2011-05-22,112.0,110.0,110.0,110.0,0.0,500,55000.0
2011-05-18,110.0,112.0,110.0,112.0,0.0,360,40140.0
2011-05-16,109.0,110.0,110.0,110.0,0.0,290,31900.0
2011-05-15,110.0,110.0,109.0,109.0,0.0,190,20750.0
2011-05-12,110.0,110.0,110.0,110.0,0.0,430,47300.0
2011-05-10,111.0,110.0,110.0,110.0,0.0,580,63800.0
2011-05-05,113.0,111.0,111.0,111.0,0.0,20,2220.0
2011-04-27,110.0,113.0,112.0,113.0,0.0,140,15750.0
2011-04-20,110.0,110.0,110.0,110.0,0.0,140,15400.0
2011-04-19,110.0,110.0,110.0,110.0,0.0,60,6600.0
2011-04-18,112.0,110.0,110.0,110.0,0.0,120,13200.0
2011-04-13,112.0,112.0,112.0,112.0,0.0,100,11200.0
2011-04-11,114.0,112.0,112.0,112.0,0.0,50,5600.0
2011-04-10,116.0,114.0,114.0,114.0,0.0,10,1140.0
2011-04-07,116.0,118.0,116.0,116.0,0.0,150,17440.0
2011-04-05,112.0,116.0,114.0,116.0,0.0,1110,127700.0
2011-04-04,111.0,112.0,112.0,112.0,0.0,100,11200.0
2011-03-25,114.0,113.0,111.0,111.0,0.0,130,14610.0
2011-03-24,112.0,114.0,114.0,114.0,0.0,100,11400.0
