date,open,high,low,ltp,percent_change,qty,turnover
2022-05-05,549.0,549.0,520.0,520.0,-3.72,3117,1653641.0
2022-05-04,550.1,559.0,540.0,540.1,-2.86,1947,1066062.1
2022-05-02,566.0,566.0,553.3,556.0,-3.47,1898,1057036.9
2022-04-28,588.0,599.8,568.1,576.0,-0.52,1432,827084.0
2022-04-27,577.0,582.0,570.0,579.0,2.26,2274,1308368.5
2022-04-26,576.0,584.7,566.2,566.2,-1.53,1141,654251.8
2022-04-25,598.0,609.9,575.0,575.0,-2.21,7762,4602638.9
2022-04-24,580.0,592.0,570.1,588.0,3.16,5205,3044990.1
2022-04-21,549.1,570.0,549.0,570.0,1.97,5605,3149274.0
2022-04-20,570.0,575.0,559.0,559.0,-3.45,3477,1967087.5
2022-04-19,560.1,582.0,548.8,579.0,1.4,4190,2326113.2
2022-04-18,575.0,580.0,568.5,571.0,-2.23,5709,3272548.0
2022-04-17,604.0,607.0,582.1,584.0,-2.67,5012,3001743.8
2022-04-13,590.0,612.0,589.0,600.0,0.0,20774,12547953.0
2022-04-12,601.0,605.0,589.0,600.0,-0.66,6680,4007282.0
2022-04-11,631.3,631.3,603.3,604.0,-2.42,5269,3231651.2
2022-04-07,600.0,622.8,600.0,619.0,3.17,7775,4751827.4
2022-04-06,605.0,617.0,595.0,600.0,-1.64,5976,3580893.0
2022-04-05,620.0,623.0,599.0,610.0,-3.33,16366,9920940.0
2022-04-04,629.0,635.0,625.0,631.0,-1.28,5781,3642128.4
2022-04-03,643.0,647.0,639.2,639.2,-1.96,11335,7288534.0
2022-03-31,657.0,657.0,637.0,652.0,-0.88,9852,6338086.0
2022-03-30,640.0,657.8,634.0,657.8,2.78,11673,7594936.3
2022-03-29,650.0,668.9,632.0,640.0,-0.47,14687,9701709.5
2022-03-28,662.0,667.9,636.0,643.0,-2.87,40100,25593265.0
2022-03-27,669.2,703.0,650.0,662.0,0.9,39957,26952815.5
2022-03-24,658.0,682.9,656.0,656.1,-1.04,11315,7578095.8
2022-03-23,665.0,665.0,651.0,663.0,-1.47,2643,1744932.0
2022-03-22,661.0,674.0,660.0,672.9,1.51,8234,5514741.3
2022-03-21,657.0,666.0,655.0,662.9,0.9,4315,2858024.0
2022-03-20,665.0,665.0,646.0,657.0,0.46,9052,5917890.0
2022-03-16,650.0,657.0,638.0,654.0,0.62,9361,6090319.9
2022-03-15,635.0,652.0,635.0,650.0,1.58,9656,6216190.7
2022-03-14,642.0,642.0,634.0,639.9,1.41,2830,1801122.8
2022-03-13,610.0,657.9,604.0,631.0,3.78,20673,12818280.3
2022-03-10,613.5,613.5,595.0,608.0,0.83,2966,1794676.5
2022-03-09,616.0,616.0,590.0,603.0,-2.11,5052,3029727.3
2022-03-07,629.0,629.0,593.0,616.0,-0.18,17597,10607892.0
2022-03-06,642.0,642.9,617.0,617.1,-2.2,1896,1195843.1
2022-03-02,675.0,675.0,630.0,631.0,-8.26,9674,6173840.5
2022-02-28,695.0,695.0,633.0,687.8,0.49,14927,9700641.7
2022-02-27,749.7,749.7,706.0,730.0,-4.58,34561,25102173.9
2022-02-24,683.0,765.0,676.4,765.0,9.91,9609,6565033.0
2022-02-23,701.1,704.0,696.0,696.0,-1.42,5085,3558383.7
2022-02-22,724.0,724.0,700.0,706.0,-0.56,15559,10977965.0
2022-02-21,705.9,710.0,692.0,710.0,2.59,5979,4207238.9
2022-02-20,704.7,733.3,691.0,692.1,-3.74,14924,10458723.0
2022-02-17,715.0,725.0,715.0,719.0,-1.43,8127,5857092.0
2022-02-16,727.0,735.0,721.0,729.4,0.76,14064,10223337.4
2022-02-15,710.0,723.9,703.1,723.9,1.96,4643,3308784.1
2022-02-14,718.0,724.0,702.9,710.0,-1.24,8981,6419417.0
2022-02-13,733.1,733.1,704.7,718.9,-3.89,20701,14896488.0
2022-02-10,767.0,767.0,744.0,748.0,-0.8,6653,4985483.7
2022-02-09,753.0,774.0,752.0,754.0,-1.57,9062,6837838.3
2022-02-08,773.0,776.0,760.1,766.0,1.06,55589,42736502.9
2022-02-07,764.0,773.0,752.2,758.0,-0.26,16404,12482097.0
2022-02-06,775.0,778.9,744.0,760.0,-1.92,25510,19441645.5
2022-02-03,782.0,787.0,762.6,774.9,-0.91,40200,31023642.6
2022-02-01,748.0,790.0,748.0,782.0,2.62,24079,18559681.9
2022-01-31,775.0,775.0,759.0,762.0,-1.68,9678,7402292.0
2022-01-30,767.0,782.0,760.0,775.0,3.06,40244,30911907.2
2022-01-27,760.0,760.0,745.0,752.0,0.27,8621,6457307.7
2022-01-26,735.1,761.0,735.1,750.0,0.0,24337,18151099.8
2022-01-25,749.0,759.0,730.0,750.0,1.9,17935,13401413.0
2022-01-24,766.0,770.0,725.0,736.0,-5.64,30882,23122394.1
2022-01-23,799.0,799.0,770.0,780.0,-0.51,14884,11693460.7
2022-01-20,780.0,788.6,770.0,784.0,1.4,24186,18874843.0
2022-01-19,792.0,800.0,769.0,773.2,-0.49,28887,22676406.7
2022-01-18,799.0,799.0,777.0,777.0,-1.77,65165,51147662.8
2022-01-17,790.0,806.0,780.0,791.0,-0.38,25497,20155205.4
2022-01-16,784.3,810.9,771.0,794.0,3.25,91498,72565796.9
2022-01-13,750.0,775.0,741.0,769.0,3.22,30017,22667791.6
2022-01-12,773.0,775.0,737.0,745.0,-2.23,68570,52273933.6
2022-01-11,719.9,769.0,715.0,762.0,7.17,45079,34027450.7
2022-01-10,700.0,713.0,689.0,711.0,2.21,30984,21679274.3
2022-01-09,650.0,700.0,650.0,695.6,6.2,30619,20836296.6
2022-01-06,659.0,665.0,648.0,655.0,0.15,12436,8144953.8
2022-01-05,673.0,673.0,649.0,654.0,-2.82,16226,10656707.8
2022-01-04,663.0,677.9,663.0,673.0,1.36,4503,3014921.2
2022-01-03,665.0,682.0,662.0,664.0,0.61,27250,18208202.3
2022-01-02,642.0,667.0,637.0,660.0,3.13,17597,11496752.2
2021-12-29,632.0,650.0,630.2,640.0,-0.47,10034,6439117.2
2021-12-28,641.0,650.0,636.0,643.0,-1.68,6729,4340680.7
2021-12-27,701.6,702.0,645.0,654.0,-4.93,29415,19722621.0
2021-12-26,626.0,688.0,626.0,687.9,8.16,27703,18678423.8
2021-12-23,610.0,649.0,606.0,636.0,2.91,12776,8040362.8
2021-12-22,596.0,620.0,594.0,618.0,5.64,11613,7047204.4
2021-12-21,586.0,590.0,575.3,585.0,1.74,3474,2016739.0
2021-12-20,599.9,599.9,568.5,575.0,-2.86,1984,1142173.7
2021-12-16,598.0,598.0,578.0,591.9,-2.97,3522,2059011.2
2021-12-15,613.0,625.2,577.0,610.0,1.5,6955,4217493.4
2021-12-14,569.0,601.0,569.0,601.0,7.69,3910,2280568.4
2021-12-13,567.5,578.0,557.0,558.1,-3.61,5545,3133319.9
2021-12-12,596.0,597.0,579.0,579.0,-3.68,3791,2232369.0
2021-12-09,605.0,612.0,600.0,601.1,0.17,4433,2684529.0
2021-12-08,623.2,635.0,600.0,600.1,-5.51,8753,5386319.0
2021-12-07,645.0,668.5,635.1,635.1,-1.69,4199,2710714.6
2021-12-06,635.0,650.0,609.0,646.0,0.33,5336,3376100.4
2021-12-05,651.7,651.7,630.0,643.9,-3.17,6258,3982710.2
2021-12-02,675.0,679.0,653.0,665.0,-1.63,4136,2716421.0
2021-12-01,676.0,683.4,662.5,676.0,0.9,2832,1908070.8
2021-11-30,657.7,678.0,649.0,670.0,0.0,3427,2270244.0
2021-11-29,668.9,682.0,656.0,670.0,2.13,5472,3636393.5
2021-11-28,687.0,728.0,655.0,656.0,-6.29,11826,8001812.4
2021-11-25,697.2,715.0,692.3,700.0,-0.72,2320,1623981.2
2021-11-24,682.0,737.0,682.0,705.1,1.45,9213,6521756.8
2021-11-23,715.0,715.0,690.0,695.0,-3.27,9568,6694221.4
2021-11-22,696.1,736.0,696.0,718.5,1.4,6333,4574126.6
2021-11-21,725.0,728.0,708.6,708.6,-0.76,3294,2340020.0
2021-11-18,730.0,734.0,711.5,714.0,-1.61,15083,10881671.5
2021-11-17,750.0,750.0,725.7,725.7,-2.59,14211,10447342.0
2021-11-16,703.0,768.1,702.7,745.0,3.91,13792,10082669.0
2021-11-15,708.9,723.0,705.0,717.0,3.17,8610,6135499.0
2021-11-14,681.0,704.0,681.0,695.0,0.29,12896,8920356.3
2021-11-11,715.0,720.0,693.0,693.0,-4.28,8606,6064665.0
2021-11-09,779.0,779.0,706.6,724.0,-5.73,16007,11578868.5
2021-11-08,784.0,795.6,753.6,768.0,-0.12,10078,7680592.0
2021-11-03,779.9,779.9,735.0,768.9,-1.42,16112,12187146.4
2021-11-02,779.6,810.0,740.0,780.0,-1.95,43615,34048759.9
2021-11-01,738.0,795.5,712.0,795.5,8.08,29949,22208974.8
2021-10-31,700.0,736.0,685.0,736.0,7.13,21594,15284411.9
2021-10-28,675.0,695.0,672.3,687.0,0.15,4022,2745148.3
2021-10-27,650.0,695.0,637.1,686.0,4.1,21233,14439885.0
2021-10-26,652.0,675.0,650.0,659.0,1.38,20804,13738316.3
2021-10-25,630.0,654.0,620.0,650.0,5.18,7975,5116118.0
2021-10-24,616.0,632.4,616.0,618.0,0.32,3180,1991809.2
2021-10-21,626.0,634.5,604.0,616.0,-1.44,8818,5376825.5
2021-10-20,612.0,634.6,610.0,625.0,4.17,6170,3780809.5
2021-10-19,618.0,618.0,595.0,600.0,-4.76,12386,7497225.2
2021-10-18,650.0,650.0,613.0,630.0,-4.24,18057,11332645.4
2021-10-17,647.7,660.6,615.1,657.9,3.61,3720,2395670.4
2021-10-11,635.0,652.0,627.2,635.0,-1.09,3587,2270362.2
2021-10-10,668.9,682.0,642.0,642.0,-2.13,8835,5774530.5
2021-10-06,648.0,659.0,636.0,656.0,2.98,7578,4908665.8
2021-10-05,620.0,637.0,616.0,637.0,3.66,5006,3146625.1
2021-10-04,607.0,627.0,600.0,614.5,-0.73,17360,10625389.3
2021-10-03,616.0,630.0,606.0,619.0,-1.43,5215,3206637.1
2021-09-30,650.0,650.0,620.1,628.0,-1.57,12642,7936770.6
2021-09-29,626.0,642.0,619.0,638.0,2.08,8680,5497699.7
2021-09-28,648.0,650.0,618.0,625.0,-3.85,12536,7940746.0
2021-09-27,677.0,677.0,650.0,650.0,-4.13,7706,5055365.1
2021-09-26,684.0,696.0,676.0,678.0,-2.73,16404,11167728.0
2021-09-23,722.0,730.0,697.0,697.0,-2.11,17731,12622273.6
2021-09-22,705.0,714.0,692.0,712.0,2.89,16527,11706615.0
2021-09-21,680.0,717.0,668.0,692.0,0.44,13745,9419348.4
2021-09-20,718.0,718.0,683.0,689.0,-4.04,21041,14591879.5
2021-09-16,725.2,727.0,710.0,718.0,-2.95,40550,28953460.0
2021-09-15,745.1,747.0,733.0,739.8,-2.66,13617,10039235.5
2021-09-14,775.0,775.0,747.0,760.0,0.0,13415,10186170.7
2021-09-13,779.0,780.0,750.0,760.0,-0.51,18024,13834391.0
2021-09-12,735.0,763.9,735.0,763.9,3.23,10337,7726289.3
2021-09-09,747.0,777.0,732.1,740.0,0.95,13972,10290772.0
2021-09-08,740.3,747.0,730.0,733.0,-2.01,8766,6431935.9
2021-09-07,756.6,792.0,737.0,748.0,-3.11,21111,15909261.2
2021-09-06,740.6,772.0,726.0,772.0,6.32,21772,16435278.1
2021-09-05,755.0,755.0,712.0,726.1,-5.08,34204,25104894.6
2021-09-02,775.0,788.0,755.0,765.0,-1.29,22202,17067455.5
2021-09-01,793.5,798.0,771.0,775.0,-0.39,34548,26935693.7
2021-08-31,815.0,815.0,770.0,778.0,-4.54,59980,47097248.1
2021-08-29,840.0,860.0,812.0,815.0,-1.21,28431,23526044.9
2021-08-26,842.9,845.0,820.0,825.0,-0.24,33214,27478383.8
2021-08-25,850.0,850.0,826.0,827.0,-3.16,49223,41263324.6
2021-08-24,892.0,900.0,845.0,854.0,-2.4,41816,36296941.9
2021-08-19,867.0,903.0,866.0,875.0,2.94,89197,78991769.5
2021-08-18,848.6,896.0,836.0,850.0,2.16,36172,30916750.3
2021-08-17,844.0,850.0,830.0,832.0,-1.3,25041,20975621.8
2021-08-16,845.0,857.0,839.0,843.0,-1.17,17594,14879501.7
2021-08-15,890.0,890.0,840.0,853.0,-5.01,79325,68018858.0
2021-08-12,926.1,982.0,890.0,898.0,-1.1,124673,113883610.0
2021-08-11,880.0,918.0,870.2,908.0,4.37,142076,128128419.4
2021-08-10,878.9,883.0,860.0,870.0,0.93,52516,45703510.7
2021-08-09,852.0,870.0,850.0,862.0,1.29,24847,21399308.8
2021-08-08,865.0,881.0,845.0,851.0,-2.41,38442,33037864.6
2021-08-05,902.7,902.7,865.2,872.0,-1.47,43858,38508530.0
2021-08-04,877.0,888.0,867.0,885.0,0.9,47000,41353950.2
2021-08-03,873.0,890.0,869.0,877.1,-0.22,46127,40709157.3
2021-08-02,896.0,900.0,876.0,879.0,-2.87,81912,72608697.4
2021-08-01,914.0,925.1,889.0,905.0,-0.22,140629,126553903.9
2021-07-29,882.0,924.0,861.0,907.0,4.25,275741,247508049.6
2021-07-28,832.0,872.0,832.0,870.0,5.47,103964,89589580.2
2021-07-27,820.0,834.0,813.1,824.9,0.84,38095,31506932.0
2021-07-26,812.0,829.2,803.0,818.0,0.75,37436,30591970.2
2021-07-25,818.0,818.0,797.0,811.9,0.48,32719,26326209.2
2021-07-22,800.0,816.0,791.0,808.0,1.0,29108,23408557.3
2021-07-20,808.0,810.0,798.0,800.0,-0.87,21588,17326850.9
2021-07-19,800.0,823.0,800.0,807.0,0.75,25283,20505603.3
2021-07-18,779.0,801.0,767.0,801.0,4.3,19244,15178625.0
2021-07-15,798.0,798.0,759.0,768.0,1.05,10536,8036267.0
2021-07-14,770.0,770.0,750.0,760.0,0.0,9905,7494197.0
2021-07-13,798.0,798.0,751.0,760.0,0.0,10823,8221059.0
2021-07-12,800.0,800.0,756.0,760.0,-3.55,20900,16069314.0
2021-07-11,802.0,802.0,772.0,788.0,3.14,10001,7795611.0
2021-07-08,760.0,768.0,755.0,764.0,0.53,24295,18422331.0
2021-07-07,755.0,762.0,750.0,760.0,0.93,19444,14654823.0
2021-07-06,758.0,763.0,751.0,753.0,-0.66,9672,7318191.0
2021-07-05,754.0,766.0,754.0,758.0,-0.92,9767,7417172.0
2021-07-04,784.0,799.0,765.0,765.0,-1.16,10260,7926111.0
2021-07-01,775.0,790.0,765.0,774.0,0.78,14379,11185560.0
2021-06-30,750.0,774.0,750.0,768.0,1.19,24992,19065765.0
2021-06-29,795.0,795.0,755.0,759.0,-2.69,21620,16573684.0
2021-06-28,785.0,793.0,778.0,780.0,-0.64,15943,12467836.0
2021-06-27,780.0,793.0,777.0,785.0,0.0,17210,13502693.0
2021-06-24,785.0,805.0,775.0,785.0,-1.63,23265,18294380.0
2021-06-23,816.0,824.0,790.0,798.0,-3.27,41315,33131211.0
2021-06-22,811.0,827.0,780.0,825.0,3.64,41809,33805213.0
2021-06-21,835.0,844.0,791.0,796.0,-3.86,52883,42802082.0
2021-06-20,899.0,899.0,815.0,828.0,-3.38,46024,38439604.0
2021-06-17,876.0,893.0,849.0,857.0,-0.23,73101,62505304.0
2021-06-16,871.0,881.0,840.0,859.0,-2.61,52232,44998784.0
2021-06-15,910.0,915.0,881.0,882.0,-2.0,103149,92288766.0
2021-06-14,875.0,928.0,848.0,900.0,2.86,109468,95527084.0
2021-06-13,900.0,900.0,841.0,875.0,-0.57,181047,156287155.0
2021-06-10,945.0,945.0,867.0,880.0,-3.19,276609,248339755.0
2021-06-09,915.0,956.0,905.0,909.0,3.3,217931,201916552.0
2021-06-08,804.0,880.0,804.0,880.0,10.0,270826,231574586.0
2021-06-07,820.0,822.0,793.0,800.0,-0.25,174115,139584083.0
2021-06-06,763.0,802.0,753.0,802.0,6.93,235506,183792602.0
2021-06-03,759.0,761.0,745.0,750.0,0.4,82537,62409884.0
2021-06-02,715.0,760.0,715.0,747.0,0.67,50305,37619898.0
2021-06-01,752.0,759.0,734.0,742.0,-1.33,36526,27193741.0
2021-05-31,794.0,794.0,750.0,752.0,-0.66,89029,67987636.0
2021-05-30,750.0,769.0,745.0,757.0,2.3,86085,65080155.0
2021-05-27,760.0,760.0,730.0,740.0,-0.54,55681,41300188.0
2021-05-25,750.0,772.0,731.0,766.0,3.79,137982,104753850.0
2021-05-24,735.0,750.0,724.0,738.0,2.07,47447,34784110.0
2021-05-23,729.0,729.0,720.0,723.0,-0.82,22783,16469067.0
2021-05-20,745.0,745.0,722.0,729.0,-0.55,20949,15194883.0
2021-05-19,740.0,748.0,720.0,733.0,-0.95,38330,28082499.0
2021-05-18,740.0,745.0,730.0,740.0,0.27,31402,23151552.0
2021-05-17,759.0,762.0,735.0,738.0,-1.47,32478,24257737.0
2021-05-16,719.0,752.0,710.0,749.0,5.79,69905,51519852.0
2021-05-13,710.0,715.0,706.0,708.0,0.85,17133,12163450.0
2021-05-12,714.0,714.0,702.0,702.0,0.29,10174,7189438.0
2021-05-11,714.0,717.0,699.0,700.0,-1.13,34894,24548714.0
2021-05-10,690.0,711.0,686.0,708.0,1.87,10710,7525768.0
2021-05-09,700.0,710.0,693.0,695.0,-1.56,12199,8548726.0
2021-05-06,720.0,720.0,701.0,706.0,-1.67,19737,13963346.0
2021-05-05,723.0,724.0,712.0,718.0,-0.69,20137,14423029.0
2021-05-04,750.0,750.0,719.0,723.0,-1.63,53150,38675262.0
2021-05-03,735.0,750.0,721.0,735.0,1.38,47153,34815048.0
2021-05-02,705.0,736.0,701.0,725.0,2.11,48404,35164572.0
2021-04-29,701.0,720.0,701.0,710.0,1.28,23661,16790709.0
2021-04-28,740.0,740.0,699.0,701.0,-3.44,19428,13736045.0
2021-04-27,691.0,726.0,671.0,726.0,6.61,41404,28796116.0
2021-04-26,692.0,710.0,678.0,681.0,-3.4,28251,19460415.0
2021-04-25,711.0,721.0,696.0,705.0,-2.76,35769,25240785.0
2021-04-22,724.0,734.0,720.0,725.0,0.14,21521,15617977.0
2021-04-21,736.0,740.0,721.0,724.0,-1.5,21240,15483892.0
2021-04-20,734.0,748.0,723.0,735.0,0.14,20982,15457217.0
2021-04-19,737.0,755.0,730.0,734.0,-1.61,41641,30687506.0
2021-04-18,764.0,766.0,745.0,746.0,-2.36,43612,32756681.0
2021-04-15,780.0,780.0,762.0,764.0,-1.42,38928,29897093.0
2021-04-13,800.0,804.0,772.0,775.0,-1.77,56801,44449025.0
2021-04-12,775.0,798.0,773.0,789.0,0.77,75865,59538489.0
2021-04-08,844.0,844.0,779.0,783.0,-2.61,88301,69656511.0
2021-04-07,819.0,830.0,791.0,804.0,-1.83,147218,119392434.0
2021-04-06,790.0,822.0,767.0,819.0,2.76,267669,212861842.0
2021-04-05,775.0,799.0,740.0,797.0,6.55,325876,252552299.0
2021-04-04,719.0,758.0,719.0,748.0,5.06,122734,91355712.0
2021-04-01,720.0,730.0,709.0,712.0,-0.84,79398,57279211.0
2021-03-31,700.0,730.0,695.0,718.0,4.51,80400,57527145.0
2021-03-30,655.0,687.0,655.0,687.0,6.84,69649,47253047.0
2021-03-29,638.0,677.0,629.0,643.0,0.16,10501,6777897.0
2021-03-25,666.0,666.0,641.0,642.0,-1.98,19548,12675449.0
2021-03-24,643.0,655.0,638.0,655.0,1.87,14416,9361564.0
2021-03-23,650.0,689.0,637.0,643.0,-1.08,15012,9684825.0
2021-03-22,672.0,674.0,640.0,650.0,-1.66,15602,10189861.0
2021-03-21,650.0,675.0,639.0,661.0,3.61,23193,15203896.0
2021-03-18,629.0,640.0,622.0,638.0,2.57,15210,9658850.0
2021-03-17,620.0,627.0,610.0,622.0,1.14,11505,7137479.0
2021-03-16,624.0,628.0,612.0,615.0,0.49,15595,9588720.0
2021-03-15,615.0,632.0,611.0,612.0,-1.61,11879,7348947.0
2021-03-14,624.0,631.0,614.0,622.0,-2.05,16180,10033015.0
2021-03-10,636.0,639.0,623.0,635.0,-0.16,14186,8982979.0
2021-03-09,644.0,645.0,636.0,636.0,-1.24,8769,5616503.0
2021-03-07,677.0,677.0,640.0,644.0,-0.16,19335,12540442.0
2021-03-04,640.0,661.0,640.0,645.0,2.38,34428,22420888.0
2021-03-03,645.0,647.0,626.0,630.0,-2.33,19008,12067496.0
2021-03-02,660.0,673.0,639.0,645.0,-3.01,22505,14590181.0
2021-03-01,687.0,687.0,642.0,665.0,1.53,29378,19456766.0
2021-02-28,700.0,700.0,655.0,655.0,-3.39,28827,19265097.0
2021-02-25,690.0,695.0,667.0,678.0,-1.74,31846,21579242.0
2021-02-24,679.0,710.0,679.0,690.0,1.02,27532,19173463.0
2021-02-23,724.0,724.0,672.0,683.0,-1.01,34551,23565983.0
2021-02-22,684.0,696.0,670.0,690.0,1.02,52365,35506230.0
2021-02-21,697.0,699.0,683.0,683.0,-1.59,29819,20527758.0
2021-02-18,679.0,705.0,679.0,694.0,-0.43,43115,29922315.0
2021-02-17,710.0,710.0,687.0,697.0,-2.38,51723,36041458.0
2021-02-16,738.0,738.0,707.0,714.0,-3.25,72215,51623922.0
2021-02-15,714.0,740.0,714.0,738.0,5.43,41019,29952299.0
2021-02-14,705.0,720.0,700.0,700.0,-1.82,38846,27488834.0
2021-02-11,730.0,738.0,713.0,713.0,-2.06,41679,30104606.0
2021-02-10,750.0,750.0,726.0,728.0,-1.89,45960,33740536.0
2021-02-09,761.0,765.0,735.0,742.0,-2.5,55339,41204350.0
2021-02-08,775.0,789.0,755.0,761.0,0.13,123755,94766715.0
2021-02-07,694.0,769.0,694.0,760.0,4.11,133907,100706350.0
2021-02-04,729.0,742.0,707.0,730.0,1.39,60779,44325100.0
2021-02-03,755.0,779.0,720.0,720.0,-3.61,118991,88763126.0
2021-02-02,705.0,750.0,695.0,747.0,7.95,144222,105182144.0
2021-02-01,688.0,710.0,688.0,692.0,0.58,45494,31751337.0
2021-01-31,710.0,714.0,680.0,688.0,-3.1,63455,44007610.0
2021-01-28,702.0,739.0,700.0,710.0,3.05,133624,96099752.0
2021-01-27,717.0,717.0,675.0,689.0,0.88,79592,54803805.0
2021-01-26,692.0,695.0,669.0,683.0,-2.01,100494,68355260.0
2021-01-25,705.0,709.0,688.0,697.0,-0.71,44483,30967204.0
2021-01-24,720.0,721.0,699.0,702.0,-1.13,92288,65083470.0
2021-01-21,682.0,715.0,682.0,710.0,2.75,78679,55247510.0
2021-01-20,721.0,721.0,679.0,691.0,0.58,37450,25741868.0
2021-01-19,740.0,753.0,687.0,687.0,-2.55,62438,43792946.0
2021-01-18,740.0,740.0,698.0,705.0,0.0,59002,41789527.0
2021-01-17,710.0,710.0,700.0,705.0,-0.84,14690,10340005.0
2021-01-13,710.0,722.0,708.0,711.0,0.42,48318,34486593.0
2021-01-12,700.0,713.0,696.0,708.0,0.85,33105,23308354.0
2021-01-11,700.0,716.0,693.0,702.0,-0.71,34015,23901790.0
2021-01-10,732.0,732.0,705.0,707.0,-1.67,30012,21337475.0
2021-01-07,746.0,746.0,715.0,719.0,1.13,87574,63378932.0
2021-01-06,673.0,712.0,666.0,711.0,6.76,152151,105380829.0
2021-01-05,651.0,666.0,650.0,666.0,2.3,35625,23497276.0
2021-01-04,657.0,658.0,646.0,651.0,0.93,59098,38530740.0
2021-01-03,654.0,666.0,640.0,645.0,0.47,24061,15550389.0
2020-12-31,668.0,668.0,639.0,642.0,-1.98,24510,15841925.0
2020-12-30,671.0,688.0,655.0,655.0,-0.61,66169,44263767.0
2020-12-29,613.0,674.0,613.0,659.0,7.5,152155,99774763.0
2020-12-28,609.0,620.0,609.0,613.0,-0.81,11198,6888977.0
2020-12-27,664.0,664.0,612.0,618.0,-2.37,19349,11924492.0
2020-12-24,650.0,650.0,618.0,633.0,-1.71,20579,12903871.0
2020-12-23,645.0,665.0,635.0,644.0,1.58,66683,42936922.0
2020-12-22,620.0,654.0,608.0,634.0,4.28,70047,44015189.0
2020-12-21,596.0,609.0,564.0,608.0,2.01,34277,20167652.0
2020-12-20,620.0,625.0,595.0,596.0,-5.1,51468,31418273.0
2020-12-17,615.0,628.0,608.0,628.0,2.61,43787,26970129.0
2020-12-16,638.0,638.0,605.0,612.0,0.66,24197,14741044.0
2020-12-15,649.0,649.0,606.0,608.0,-1.78,16377,10066613.0
2020-12-14,614.0,623.0,600.0,619.0,2.65,42475,25909213.0
2020-12-13,631.0,631.0,590.0,603.0,0.33,26188,15651713.0
2020-12-10,569.0,626.0,569.0,601.0,0.5,19911,12095462.0
2020-12-09,627.0,627.0,595.0,598.0,-2.76,10088,6082731.0
2020-12-08,591.0,647.0,591.0,615.0,-1.13,30693,19119530.0
2020-12-07,611.0,622.0,577.0,622.0,6.87,47815,28820313.0
2020-12-06,634.0,634.0,582.0,582.0,-9.91,41895,25606241.0
2020-12-03,660.0,660.0,640.0,646.0,-2.42,50994,33031716.0
2020-12-02,665.0,683.0,656.0,662.0,-1.93,51818,34624082.0
2020-12-01,672.0,693.0,664.0,675.0,-0.74,65503,44178840.0
2020-11-30,655.0,683.0,647.0,680.0,4.29,68561,45997903.0
2020-11-29,643.0,652.0,634.0,652.0,-0.31,85007,54746682.0
2020-11-26,683.0,696.0,649.0,654.0,-2.97,86629,57771043.0
2020-11-25,663.0,674.0,650.0,674.0,3.69,100740,66601409.0
2020-11-24,640.0,674.0,625.0,650.0,2.36,118867,77587675.0
2020-11-23,612.0,650.0,605.0,635.0,3.25,117425,73674403.0
2020-11-22,635.0,647.0,594.0,615.0,-3.15,134491,83942079.0
2020-11-19,606.0,635.0,574.0,635.0,9.86,125434,76379949.0
2020-11-18,564.0,584.0,550.0,578.0,4.52,87020,49447407.0
2020-11-12,570.0,570.0,549.0,553.0,-1.07,66027,36793370.0
2020-11-11,550.0,572.0,541.0,559.0,3.33,135198,74991212.0
2020-11-10,507.0,542.0,507.0,541.0,6.29,117206,62167608.0
2020-11-09,498.0,513.0,498.0,509.0,1.39,24092,12245145.0
2020-11-08,500.0,503.0,498.0,502.0,-0.2,12260,6132035.0
2020-11-05,504.0,506.0,500.0,503.0,-0.59,11581,5804367.0
2020-11-04,500.0,508.0,500.0,506.0,0.0,11803,5960935.0
2020-11-03,503.0,507.0,503.0,506.0,-0.2,5602,2834253.0
2020-11-02,500.0,508.0,500.0,507.0,0.0,7421,3749062.0
2020-11-01,510.0,511.0,503.0,507.0,-0.98,10717,5425285.0
2020-10-29,504.0,515.0,504.0,512.0,0.79,13431,6865076.0
2020-10-28,505.0,508.0,502.0,508.0,0.99,6367,3215833.0
2020-10-22,513.0,513.0,500.0,503.0,-0.59,8545,4296008.0
2020-10-21,511.0,511.0,504.0,506.0,0.4,1875,950291.0
2020-10-20,500.0,508.0,500.0,504.0,0.8,4605,2316855.0
2020-10-19,497.0,504.0,495.0,500.0,0.81,5654,2830909.0
2020-10-18,509.0,509.0,490.0,496.0,-1.39,6816,3385292.0
2020-10-15,510.0,520.0,500.0,503.0,0.4,11634,5849065.0
2020-10-14,510.0,510.0,497.0,501.0,-0.6,16399,8241701.0
2020-10-13,519.0,519.0,503.0,504.0,-1.18,7340,3710895.0
2020-10-12,505.0,513.0,505.0,510.0,0.0,6094,3104435.0
2020-10-11,508.0,516.0,503.0,510.0,-1.16,12546,6384855.0
2020-10-08,513.0,522.0,509.0,516.0,-0.19,20235,10410508.0
2020-10-07,507.0,520.0,507.0,517.0,0.78,16290,8384772.0
2020-10-06,542.0,542.0,509.0,513.0,-0.77,18396,9440970.0
2020-10-05,523.0,525.0,512.0,517.0,-1.34,13275,6852940.0
2020-10-04,536.0,543.0,520.0,524.0,-0.38,31525,16720185.0
2020-10-01,507.0,529.0,505.0,526.0,5.2,50637,26215577.0
2020-09-30,498.0,505.0,491.0,500.0,0.4,24704,12240619.0
2020-09-29,532.0,532.0,490.0,498.0,-1.78,30871,15442885.0
2020-09-28,524.0,524.0,507.0,507.0,-1.36,9513,4842375.0
2020-09-27,512.0,517.0,510.0,514.0,-0.58,13277,6805284.0
2020-09-24,525.0,525.0,511.0,517.0,0.0,17752,9163774.0
2020-09-23,534.0,534.0,504.0,517.0,1.57,31631,16203910.0
2020-09-22,515.0,520.0,503.0,509.0,-1.55,44502,22697605.0
2020-09-21,511.0,525.0,511.0,517.0,-0.39,44079,22830350.0
2020-09-20,530.0,535.0,519.0,519.0,-2.63,42097,22154309.0
2020-09-17,549.0,550.0,530.0,533.0,-2.02,66268,35699085.0
2020-09-16,545.0,547.0,531.0,544.0,1.49,46254,24978683.0
2020-09-15,509.0,540.0,509.0,536.0,3.47,70856,37466620.0
2020-09-14,525.0,550.0,510.0,518.0,-0.19,104795,54854810.0
2020-09-13,495.0,521.0,490.0,519.0,5.92,101612,51750279.0
2020-09-10,490.0,498.0,482.0,490.0,2.73,28147,13768956.0
2020-09-09,475.0,485.0,466.0,477.0,1.92,28864,13723012.0
2020-09-08,457.0,473.0,455.0,468.0,0.86,19153,8940091.0
2020-09-07,457.0,471.0,448.0,464.0,0.22,22876,10584450.0
2020-09-06,492.0,492.0,453.0,463.0,-1.28,23811,11122030.0
2020-09-03,476.0,484.0,468.0,469.0,-1.88,35873,17037261.0
2020-09-02,495.0,505.0,471.0,478.0,-2.45,53277,26172711.0
2020-08-31,461.0,494.0,461.0,490.0,7.46,77008,36807200.0
2020-08-30,474.0,474.0,442.0,456.0,0.88,22911,10368639.0
2020-08-27,445.0,456.0,441.0,452.0,1.35,31236,14090048.0
2020-08-26,471.0,471.0,445.0,446.0,-0.67,29571,13359879.0
2020-08-25,471.0,471.0,439.0,449.0,0.0,25735,11568529.0
2020-08-24,450.0,451.0,427.0,449.0,4.66,76689,34005584.0
2020-08-23,438.0,438.0,415.0,429.0,2.63,20924,8879896.0
2020-08-20,422.0,422.0,413.0,418.0,0.24,2130,887000.0
2020-08-19,415.0,418.0,407.0,417.0,-1.42,6522,2698734.0
2020-08-18,435.0,435.0,420.0,423.0,-1.17,8619,3657875.0
2020-08-17,410.0,428.0,410.0,428.0,3.63,17380,7319931.0
2020-08-16,412.0,421.0,408.0,413.0,-0.96,9456,3919014.0
2020-08-13,424.0,424.0,417.0,417.0,-2.34,5263,2206437.0
2020-08-12,415.0,433.0,413.0,427.0,1.67,11065,4702916.0
2020-08-11,444.0,444.0,412.0,420.0,-0.71,13024,5469110.0
2020-08-10,411.0,424.0,407.0,423.0,4.7,17737,7416470.0
2020-08-09,395.0,405.0,390.0,404.0,0.25,4706,1877585.0
2020-08-06,411.0,411.0,388.0,403.0,0.0,7718,3071548.0
2020-08-05,397.0,404.0,391.0,403.0,-0.49,6466,2558419.0
2020-08-03,402.0,409.0,390.0,405.0,2.53,5624,2259278.0
2020-08-02,410.0,414.0,395.0,395.0,-5.05,12161,4905717.0
2020-07-30,417.0,417.0,405.0,416.0,1.71,11109,4560889.0
2020-07-29,425.0,425.0,407.0,409.0,-1.92,9238,3794816.0
2020-07-28,435.0,435.0,417.0,417.0,-2.57,11085,4693148.0
2020-07-27,436.0,444.0,427.0,428.0,-2.51,6604,2857310.0
2020-07-26,433.0,440.0,417.0,439.0,3.29,16890,7277564.0
2020-07-23,410.0,427.0,402.0,425.0,1.92,12934,5368093.0
2020-07-22,420.0,425.0,416.0,417.0,-0.95,10463,4404409.0
2020-07-21,409.0,433.0,409.0,421.0,0.96,5583,2361019.0
2020-07-20,424.0,447.0,417.0,417.0,0.24,27487,11795606.0
2020-07-16,419.0,427.0,413.0,416.0,-0.72,4568,1915968.0
2020-07-15,427.0,427.0,414.0,419.0,0.0,3193,1328459.0
2020-07-14,418.0,420.0,414.0,419.0,-0.24,16977,7064580.0
2020-07-13,426.0,426.0,413.0,420.0,-1.41,7877,3287844.0
2020-07-12,431.0,441.0,425.0,426.0,0.71,7234,3114041.0
2020-07-09,402.0,423.0,402.0,423.0,3.17,14003,5800345.0
2020-07-08,393.0,412.0,390.0,410.0,6.22,19531,7815281.0
2020-07-07,358.0,386.0,358.0,386.0,9.97,19200,7349580.0
2020-07-06,334.0,352.0,334.0,351.0,5.09,8175,2827194.0
2020-07-05,335.0,355.0,325.0,334.0,-0.3,7004,2347398.0
2020-07-02,364.0,364.0,329.0,335.0,-6.16,3360,1144930.0
2020-07-01,331.0,357.0,331.0,357.0,9.85,1050,370760.0
2020-06-30,301.0,325.0,301.0,325.0,7.97,1190,367790.0
2020-06-29,307.0,307.0,290.0,301.0,-5.75,4800,1441658.0
2020-05-12,316.0,316.0,313.0,313.0,-2.88,100,31360.0
2020-03-22,335.0,335.0,323.0,335.0,0.0,1190,386360.0
2020-03-19,323.0,345.0,321.0,335.0,1.82,12153,4033730.0
2020-03-18,340.0,345.0,319.0,329.0,-3.24,9636,3158158.0
2020-03-17,368.0,368.0,333.0,340.0,-6.08,19906,6788153.0
2020-03-16,362.0,383.0,361.0,362.0,0.56,11622,4304105.0
2020-03-15,392.0,392.0,360.0,360.0,-10.0,28145,10365368.0
2020-03-12,415.0,415.0,390.0,400.0,-4.08,19393,7749772.0
2020-03-11,393.0,417.0,379.0,417.0,8.03,14279,5697376.0
2020-03-10,405.0,405.0,386.0,386.0,-4.69,1438,566953.0
2020-03-05,393.0,412.0,392.0,405.0,1.0,21553,8667041.0
2020-03-04,443.0,443.0,400.0,401.0,-7.82,18005,7449396.0
2020-03-03,439.0,446.0,392.0,435.0,3.82,24120,10263297.0
2020-03-02,460.0,460.0,419.0,419.0,-4.56,13238,5697200.0
2020-03-01,487.0,487.0,439.0,439.0,-5.39,32392,14461159.0
2020-02-27,480.0,480.0,461.0,464.0,-3.33,28817,13470532.0
2020-02-26,490.0,497.0,470.0,480.0,-0.21,33837,16361396.0
2020-02-25,450.0,485.0,450.0,481.0,5.02,42069,19704656.0
2020-02-24,475.0,476.0,454.0,458.0,-3.58,23717,10971671.0
2020-02-23,486.0,503.0,468.0,475.0,-0.42,40629,19642632.0
2020-02-20,440.0,484.0,440.0,477.0,7.43,52732,24337504.0
2020-02-19,444.0,450.0,438.0,444.0,0.0,16552,7339231.0
2020-02-18,449.0,455.0,440.0,444.0,-1.11,29217,13000765.0
2020-02-17,452.0,463.0,448.0,449.0,0.9,72607,33037938.0
2020-02-16,427.0,460.0,422.0,445.0,5.95,58805,25679500.0
2020-02-13,422.0,424.0,415.0,420.0,0.48,30510,12825846.0
2020-02-12,420.0,426.0,412.0,418.0,0.24,20027,8397532.0
2020-02-11,414.0,422.0,409.0,417.0,2.71,22331,9331087.0
2020-02-10,405.0,413.0,389.0,406.0,1.0,21078,8524193.0
2020-02-09,413.0,415.0,398.0,402.0,-3.13,19703,7967951.0
2020-02-06,430.0,430.0,410.0,415.0,-2.12,25437,10565408.0
2020-02-05,423.0,426.0,418.0,424.0,-0.93,23805,10060413.0
2020-02-04,427.0,439.0,421.0,428.0,0.23,24158,10405165.0
2020-02-03,429.0,434.0,414.0,427.0,0.95,24386,10351560.0
2020-02-02,420.0,440.0,410.0,423.0,1.2,47716,20143212.0
2020-01-30,391.0,424.0,390.0,418.0,8.29,72791,29652088.0
2020-01-29,380.0,386.0,367.0,386.0,3.49,29290,11015392.0
2020-01-28,363.0,377.0,363.0,373.0,3.04,19940,7430573.0
2020-01-27,346.0,362.0,345.0,362.0,3.43,8482,3026291.0
2020-01-26,349.0,363.0,349.0,350.0,-1.41,13438,4755796.0
2020-01-23,365.0,372.0,355.0,355.0,-2.47,17752,6482316.0
2020-01-22,367.0,371.0,355.0,364.0,1.11,11291,4104398.0
2020-01-21,363.0,376.0,337.0,360.0,0.28,22601,8122747.0
2020-01-20,370.0,390.0,350.0,359.0,-1.1,40157,14788015.0
2020-01-19,335.0,363.0,335.0,363.0,10.0,35551,12622577.0
2020-01-16,328.0,334.0,324.0,330.0,2.8,13010,4266534.0
2020-01-15,330.0,330.0,321.0,321.0,-0.93,6505,2107128.0
2020-01-14,322.0,335.0,317.0,324.0,-1.22,11199,3674042.0
2020-01-13,330.0,351.0,327.0,328.0,1.23,30109,10172967.0
2020-01-12,299.0,324.0,299.0,324.0,9.83,34233,10743263.0
2020-01-09,285.0,297.0,285.0,295.0,2.43,4885,1434415.0
2020-01-08,293.0,295.0,288.0,288.0,-0.69,4486,1309381.0
2020-01-07,290.0,293.0,286.0,290.0,0.35,9041,2618662.0
2020-01-06,294.0,294.0,289.0,289.0,-0.34,6944,2016922.0
2020-01-05,288.0,290.0,281.0,290.0,2.11,10537,3014910.0
2020-01-02,286.0,286.0,284.0,284.0,-1.39,3088,878903.0
2020-01-01,294.0,294.0,280.0,288.0,-0.69,1928,556340.0
2019-12-31,295.0,295.0,287.0,290.0,0.0,5787,1679302.0
2019-12-30,279.0,291.0,279.0,290.0,3.2,4073,1174157.0
2019-12-29,285.0,285.0,280.0,281.0,-0.71,1990,562400.0
2019-12-26,282.0,283.0,282.0,283.0,0.0,1259,356180.0
2019-12-25,283.0,293.0,278.0,283.0,1.8,2548,730463.0
2019-12-24,290.0,300.0,278.0,278.0,-4.14,3450,995640.0
2019-12-23,288.0,298.0,285.0,290.0,2.47,8503,2454089.0
2019-12-22,287.0,287.0,281.0,283.0,-2.41,2892,820986.0
2019-12-19,288.0,290.0,280.0,290.0,-1.02,5077,1441189.0
2019-12-18,295.0,295.0,283.0,293.0,0.0,4145,1192375.0
2019-12-17,280.0,295.0,275.0,293.0,2.81,3617,1044120.0
2019-12-16,292.0,302.0,279.0,285.0,-4.04,9598,2763020.0
2019-12-15,302.0,319.0,294.0,297.0,-0.67,29241,8870522.0
2019-12-12,277.0,299.0,271.0,299.0,9.93,28066,8156140.0
2019-12-11,255.0,279.0,252.0,272.0,4.62,7831,2078894.0
2019-12-10,264.0,268.0,255.0,260.0,0.39,3871,1011218.0
2019-12-09,245.0,264.0,245.0,259.0,4.02,7513,1948711.0
2019-12-08,250.0,250.0,242.0,249.0,-1.97,2305,564560.0
2019-12-05,246.0,256.0,242.0,254.0,4.53,6075,1506436.0
2019-12-04,241.0,256.0,240.0,243.0,1.25,2770,683568.0
2019-12-03,240.0,240.0,236.0,240.0,-0.41,2061,489961.0
2019-12-02,236.0,241.0,235.0,241.0,0.84,170,40100.0
2019-12-01,236.0,239.0,233.0,239.0,-0.42,307,72045.0
2019-11-28,238.0,240.0,233.0,240.0,-0.41,1580,373010.0
2019-11-27,240.0,241.0,240.0,241.0,1.69,550,132050.0
2019-11-26,236.0,239.0,236.0,237.0,0.0,872,206564.0
2019-11-25,235.0,237.0,232.0,237.0,0.85,415,97595.0
2019-11-24,240.0,240.0,233.0,235.0,-2.89,1965,461830.0
2019-11-21,239.0,242.0,239.0,242.0,-0.41,2563,618622.0
2019-11-20,245.0,249.0,239.0,243.0,0.83,2020,493650.0
2019-11-19,244.0,244.0,241.0,241.0,-1.63,2270,548410.0
2019-11-18,248.0,250.0,245.0,245.0,-2.39,1724,425537.0
2019-11-17,257.0,257.0,249.0,251.0,-4.2,2590,655312.0
2019-11-14,260.0,263.0,258.0,262.0,0.0,1361,352808.0
2019-11-13,256.0,262.0,256.0,262.0,0.38,917,236944.0
2019-11-12,262.0,262.0,260.0,261.0,-1.51,725,189255.0
2019-11-11,261.0,265.0,260.0,265.0,1.53,1555,409530.0
2019-11-10,255.0,265.0,255.0,261.0,0.38,1073,279930.0
2019-11-07,262.0,262.0,260.0,260.0,-0.76,2355,613640.0
2019-11-06,269.0,269.0,262.0,262.0,-1.5,327,86874.0
2019-11-05,266.0,266.0,266.0,266.0,0.76,1500,399000.0
2019-11-04,262.0,264.0,262.0,264.0,0.0,937,245874.0
2019-11-03,264.0,265.0,261.0,264.0,-0.38,1809,474941.0
2019-10-31,272.0,272.0,265.0,265.0,-3.64,3369,903675.0
2019-10-24,280.0,280.0,275.0,275.0,0.0,1605,442543.0
2019-10-23,273.0,275.0,270.0,275.0,1.85,1440,395410.0
2019-10-22,272.0,277.0,270.0,270.0,1.12,808,219664.0
2019-10-21,260.0,267.0,260.0,267.0,0.75,274,71928.0
2019-10-20,266.0,266.0,264.0,265.0,-0.38,1155,305200.0
2019-10-17,261.0,271.0,261.0,266.0,2.31,485,128085.0
2019-10-16,261.0,261.0,260.0,260.0,-0.38,200,52020.0
2019-10-15,270.0,270.0,261.0,261.0,-1.88,1382,364328.0
2019-10-02,272.0,272.0,265.0,266.0,-3.27,2205,592050.0
2019-10-01,274.0,275.0,270.0,275.0,1.85,1707,465716.0
2019-09-30,270.0,271.0,270.0,270.0,1.5,343,92703.0
2019-09-29,261.0,266.0,261.0,266.0,0.76,1945,512535.0
2019-09-26,265.0,265.0,263.0,264.0,-0.38,1715,452568.0
2019-09-25,273.0,273.0,265.0,265.0,-2.93,2100,561740.0
2019-09-24,272.0,275.0,268.0,273.0,1.11,2032,550770.0
2019-09-23,275.0,280.0,270.0,270.0,0.0,1533,422000.0
2019-09-22,276.0,276.0,270.0,270.0,-2.53,1000,273910.0
2019-09-19,292.0,292.0,273.0,277.0,-3.48,5277,1477099.0
2019-09-18,270.0,291.0,265.0,287.0,8.3,13876,3766205.0
2019-09-17,270.0,274.0,265.0,265.0,0.0,3180,856340.0
2019-09-16,269.0,274.0,260.0,265.0,-2.93,7404,1963780.0
2019-09-15,286.0,286.0,269.0,273.0,-5.54,6103,1663487.0
2019-09-12,284.0,289.0,283.0,289.0,1.4,462,131507.0
2019-09-11,285.0,289.0,285.0,285.0,0.35,643,183555.0
2019-09-10,284.0,289.0,283.0,284.0,-1.39,4820,1374540.0
2019-09-09,287.0,292.0,287.0,288.0,-0.69,2281,658058.0
2019-09-08,295.0,295.0,290.0,290.0,-3.01,688,200300.0
2019-09-05,297.0,300.0,287.0,299.0,0.67,5237,1532808.0
2019-09-04,306.0,310.0,297.0,297.0,-1.33,2223,673758.0
2019-09-03,292.0,307.0,291.0,301.0,1.69,5174,1555390.0
2019-09-02,306.0,306.0,294.0,296.0,-3.27,3630,1083093.0
2019-09-01,311.0,311.0,306.0,306.0,-2.86,1455,447590.0
2019-08-29,315.0,315.0,315.0,315.0,0.0,300,94500.0
2019-08-28,316.0,316.0,315.0,315.0,-0.94,752,237060.0
2019-08-27,318.0,322.0,318.0,318.0,0.0,986,316227.0
2019-08-26,320.0,320.0,318.0,318.0,0.95,800,255400.0
2019-08-25,320.0,320.0,314.0,315.0,-2.17,2632,831258.0
2019-08-22,328.0,328.0,322.0,322.0,0.0,1510,486800.0
2019-08-21,322.0,324.0,321.0,322.0,-0.92,1090,351780.0
2019-08-20,328.0,330.0,325.0,325.0,-0.91,1156,378548.0
2019-08-19,327.0,333.0,322.0,328.0,-0.91,5488,1797252.0
2019-08-18,335.0,335.0,324.0,331.0,-0.9,1607,527243.0
2019-08-15,328.0,334.0,328.0,334.0,2.45,200,66200.0
2019-08-14,328.0,330.0,323.0,326.0,-0.31,2437,794495.0
2019-08-13,330.0,335.0,327.0,327.0,0.93,1952,641244.0
2019-08-12,331.0,331.0,323.0,324.0,-2.7,2782,906563.0
2019-08-11,333.0,333.0,328.0,333.0,0.0,4938,1626609.0
2019-08-08,336.0,336.0,333.0,333.0,-0.89,3111,1042310.0
2019-08-07,340.0,342.0,336.0,336.0,-1.18,547,185052.0
2019-08-06,336.0,340.0,336.0,340.0,0.29,1486,504248.0
2019-08-05,342.0,342.0,339.0,339.0,-1.17,4395,1497450.0
2019-08-04,355.0,355.0,342.0,343.0,-2.0,1057,365344.0
2019-08-01,351.0,351.0,344.0,350.0,1.45,7251,2523642.0
2019-07-31,339.0,345.0,338.0,345.0,1.47,5861,1995132.0
2019-07-30,344.0,345.0,340.0,340.0,0.29,3480,1188234.0
2019-07-29,342.0,342.0,339.0,339.0,-2.02,2284,779186.0
2019-07-28,348.0,348.0,339.0,346.0,-1.14,3519,1217704.0
2019-07-25,352.0,352.0,350.0,350.0,-1.13,1750,614000.0
2019-07-24,351.0,357.0,351.0,354.0,-0.84,362,128526.0
2019-07-23,355.0,357.0,355.0,357.0,2.0,500,178240.0
2019-07-22,350.0,350.0,349.0,350.0,0.0,850,297400.0
2019-07-21,357.0,357.0,350.0,350.0,-1.69,584,205910.0
2019-07-18,363.0,363.0,356.0,356.0,-1.93,7650,2772800.0
2019-07-17,352.0,363.0,350.0,363.0,3.71,2162,768134.0
2019-07-16,350.0,350.0,349.0,350.0,0.57,759,265530.0
2019-07-15,347.0,351.0,347.0,348.0,-0.57,949,331355.0
2019-07-14,355.0,355.0,350.0,350.0,0.0,1004,352630.0
2019-07-11,347.0,355.0,346.0,350.0,0.29,1557,543370.0
2019-07-10,350.0,352.0,348.0,349.0,-1.41,1114,389067.0
2019-07-09,346.0,354.0,346.0,354.0,0.85,3344,1170136.0
2019-07-08,352.0,356.0,349.0,351.0,-1.13,3340,1171609.0
2019-07-07,355.0,359.0,352.0,355.0,-0.56,1283,456089.0
2019-07-04,363.0,368.0,357.0,357.0,-1.65,1614,583508.0
2019-07-03,365.0,366.0,362.0,363.0,1.11,686,249532.0
2019-07-02,352.0,359.0,352.0,359.0,3.16,1140,405790.0
2019-07-01,355.0,357.0,348.0,348.0,-0.85,2062,727834.0
2019-06-30,353.0,353.0,351.0,351.0,-1.96,440,155020.0
2019-06-27,366.0,369.0,358.0,358.0,-3.24,966,351200.0
2019-06-26,363.0,370.0,363.0,370.0,3.93,60,22060.0
2019-06-25,356.0,360.0,355.0,356.0,-0.84,11719,4197650.0
2019-06-24,356.0,359.0,353.0,359.0,-0.28,1854,659562.0
2019-06-23,360.0,363.0,358.0,360.0,-1.37,2849,1022402.0
2019-06-20,362.0,366.0,362.0,365.0,0.0,2567,938465.0
2019-06-19,365.0,365.0,362.0,365.0,0.0,1499,545435.0
2019-06-18,362.0,369.0,362.0,365.0,-0.27,2032,740976.0
2019-06-17,365.0,368.0,362.0,366.0,-0.54,6422,2338510.0
2019-06-16,370.0,371.0,368.0,368.0,-1.08,1685,623420.0
2019-06-13,370.0,373.0,370.0,372.0,0.0,1297,481609.0
2019-06-12,370.0,373.0,370.0,372.0,0.27,2932,1086452.0
2019-06-11,376.0,377.0,371.0,371.0,-0.8,3408,1270168.0
2019-06-10,374.0,375.0,371.0,374.0,-0.27,2842,1057487.0
2019-06-06,373.0,378.0,373.0,375.0,-0.79,1512,567350.0
2019-06-04,380.0,383.0,376.0,378.0,-0.79,1772,671923.0
2019-06-03,377.0,384.0,377.0,381.0,-0.26,610,232240.0
2019-06-02,382.0,390.0,382.0,382.0,-1.29,3229,1237988.0
2019-05-30,388.0,402.0,387.0,387.0,1.84,5865,2294105.0
2019-05-29,380.0,382.0,380.0,380.0,-0.52,3433,1305768.0
2019-05-28,386.0,386.0,375.0,382.0,-2.05,5489,2096555.0
2019-05-27,384.0,390.0,383.0,390.0,2.09,2655,1026971.0
2019-05-26,383.0,386.0,378.0,382.0,0.26,1803,686904.0
2019-05-23,385.0,385.0,381.0,381.0,-1.04,2571,981107.0
2019-05-22,375.0,388.0,375.0,385.0,1.05,9551,3648459.0
2019-05-21,382.0,384.0,381.0,381.0,0.26,1705,651230.0
2019-05-20,380.0,385.0,379.0,380.0,-0.78,2757,1049102.0
2019-05-19,384.0,391.0,383.0,383.0,-1.79,6314,2435684.0
2019-05-16,390.0,392.0,388.0,390.0,0.0,5854,2281954.0
2019-05-15,387.0,395.0,387.0,390.0,0.0,4341,1700634.0
2019-05-14,389.0,399.0,389.0,390.0,0.0,2641,1034970.0
2019-05-13,393.0,393.0,388.0,390.0,-0.51,4385,1711110.0
2019-05-12,393.0,395.0,390.0,392.0,0.26,4745,1863600.0
2019-05-09,398.0,400.0,391.0,391.0,0.0,4843,1913513.0
2019-05-08,398.0,399.0,391.0,391.0,-1.76,2503,993624.0
2019-05-07,400.0,405.0,397.0,398.0,-0.25,5795,2314885.0
2019-05-06,393.0,399.0,387.0,399.0,1.27,5500,2163363.0
2019-05-05,397.0,398.0,391.0,394.0,-1.5,1680,664070.0
2019-05-02,406.0,410.0,400.0,400.0,-0.74,6200,2504039.0
2019-04-30,409.0,415.0,403.0,403.0,-2.89,4874,1993068.0
2019-04-29,433.0,441.0,410.0,415.0,-3.49,21624,9189765.0
2019-04-28,395.0,431.0,395.0,430.0,9.69,22941,9581244.0
2019-04-25,388.0,395.0,388.0,392.0,0.51,9121,3574991.0
2019-04-24,390.0,391.0,386.0,390.0,0.0,2356,914638.0
2019-04-23,392.0,392.0,389.0,390.0,-0.51,2507,978013.0
2019-04-22,390.0,399.0,390.0,392.0,0.51,5991,2362662.0
2019-04-21,388.0,390.0,376.0,390.0,-0.51,7497,2876462.0
2019-04-18,399.0,399.0,390.0,392.0,0.0,2220,871860.0
2019-04-17,391.0,397.0,390.0,392.0,0.51,7911,3112384.0
2019-04-16,392.0,394.0,388.0,390.0,0.0,3646,1424262.0
2019-04-15,385.0,392.0,385.0,390.0,1.3,446,173480.0
2019-04-11,385.0,386.0,381.0,385.0,-0.52,2796,1073872.0
2019-04-10,387.0,391.0,385.0,387.0,0.0,1469,567986.0
2019-04-09,395.0,402.0,385.0,387.0,-3.01,8008,3165734.0
2019-04-08,382.0,405.0,382.0,399.0,6.12,10168,4020278.0
2019-04-07,375.0,376.0,375.0,376.0,0.0,2377,891642.0
2019-04-04,376.0,380.0,375.0,376.0,0.27,968,363950.0
2019-04-03,375.0,379.0,372.0,375.0,-0.53,4617,1734088.0
2019-04-02,384.0,384.0,371.0,377.0,0.0,3498,1321404.0
2019-04-01,377.0,377.0,375.0,377.0,-0.26,1755,660405.0
2019-03-31,375.0,378.0,373.0,378.0,0.8,623,233329.0
2019-03-28,380.0,380.0,373.0,375.0,-1.06,871,327153.0
2019-03-27,378.0,379.0,372.0,379.0,-1.3,2090,782730.0
2019-03-26,372.0,384.0,372.0,384.0,1.59,1365,519867.0
2019-03-25,375.0,378.0,375.0,378.0,-0.53,2020,759372.0
2019-03-24,380.0,380.0,373.0,380.0,0.0,1542,578135.0
2019-03-21,389.0,395.0,380.0,380.0,-0.52,1364,520878.0
2019-03-19,385.0,385.0,381.0,382.0,-1.04,422,161426.0
2019-03-18,388.0,390.0,382.0,386.0,-0.26,1595,615000.0
2019-03-17,389.0,389.0,386.0,387.0,-0.51,1500,580650.0
2019-03-14,378.0,391.0,378.0,389.0,1.04,1845,703871.0
2019-03-13,394.0,396.0,385.0,385.0,-1.53,1412,552378.0
2019-03-12,397.0,397.0,386.0,391.0,0.26,3322,1300298.0
2019-03-11,387.0,397.0,386.0,390.0,0.52,2912,1139413.0
2019-03-07,383.0,388.0,381.0,388.0,3.19,3027,1161867.0
2019-03-06,370.0,376.0,368.0,376.0,1.62,1831,682640.0
2019-03-05,370.0,378.0,369.0,370.0,-0.54,938,348158.0
2019-03-03,378.0,378.0,372.0,372.0,-1.59,1397,524851.0
2019-02-27,385.0,386.0,378.0,378.0,-1.05,3071,1173634.0
2019-02-26,384.0,384.0,375.0,382.0,-0.78,600,229575.0
2019-02-25,380.0,385.0,367.0,385.0,3.22,2285,847810.0
2019-02-24,376.0,377.0,371.0,373.0,-2.1,1030,385438.0
2019-02-21,385.0,385.0,381.0,381.0,0.53,734,279854.0
2019-02-20,390.0,390.0,379.0,379.0,-2.32,3008,1148651.0
2019-02-19,377.0,388.0,377.0,388.0,4.86,2504,950218.0
2019-02-18,371.0,374.0,370.0,370.0,-0.8,2173,806960.0
2019-02-17,380.0,380.0,373.0,373.0,-1.06,794,297552.0
2019-02-14,369.0,384.0,368.0,377.0,0.8,6134,2314591.0
2019-02-13,381.0,382.0,374.0,374.0,-1.84,4474,1698998.0
2019-02-12,380.0,382.0,377.0,381.0,-0.26,1070,405939.0
2019-02-11,381.0,389.0,377.0,382.0,-0.52,2399,922607.0
2019-02-10,386.0,386.0,372.0,384.0,-0.26,1684,636477.0
2019-02-07,385.0,388.0,380.0,385.0,-0.52,2221,855979.0
2019-02-06,390.0,390.0,387.0,387.0,-1.78,2545,987911.0
2019-02-05,385.0,394.0,385.0,394.0,1.03,353,136896.0
2019-02-04,391.0,391.0,383.0,390.0,-0.26,1765,682405.0
2019-02-03,397.0,397.0,391.0,391.0,0.26,1651,645838.0
2019-01-31,390.0,396.0,390.0,390.0,0.0,1608,628932.0
2019-01-30,395.0,400.0,389.0,390.0,0.0,2506,979019.0
2019-01-29,395.0,395.0,390.0,390.0,-1.76,5026,1967476.0
2019-01-28,390.0,397.0,390.0,397.0,1.53,1156,456803.0
2019-01-27,393.0,394.0,389.0,391.0,-1.51,6547,2555393.0
2019-01-24,398.0,401.0,397.0,397.0,-1.98,1830,730200.0
2019-01-23,400.0,405.0,395.0,405.0,1.25,1624,649770.0
2019-01-22,395.0,400.0,395.0,400.0,0.5,1362,542185.0
2019-01-21,396.0,400.0,394.0,398.0,-0.5,1090,431840.0
2019-01-20,404.0,404.0,397.0,400.0,-0.99,1964,785060.0
2019-01-17,402.0,405.0,400.0,404.0,-0.25,3784,1522790.0
2019-01-16,406.0,412.0,404.0,405.0,-1.7,4528,1838570.0
2019-01-15,405.0,412.0,405.0,412.0,3.52,3012,1232745.0
2019-01-14,395.0,401.0,394.0,398.0,-0.25,1414,560262.0
2019-01-13,400.0,401.0,394.0,399.0,-1.48,4221,1683673.0
2019-01-10,407.0,407.0,404.0,405.0,0.0,2994,1211960.0
2019-01-09,410.0,410.0,403.0,405.0,-0.98,1680,679310.0
2019-01-08,412.0,412.0,402.0,409.0,1.24,3532,1430638.0
2019-01-07,400.0,408.0,396.0,404.0,1.51,3971,1592742.0
2019-01-06,400.0,404.0,393.0,398.0,-2.21,5270,2092382.0
2019-01-03,408.0,408.0,399.0,407.0,1.5,4292,1731007.0
2019-01-02,405.0,405.0,400.0,401.0,-2.2,2744,1103222.0
2019-01-01,414.0,414.0,406.0,410.0,0.24,4461,1827924.0
2018-12-31,427.0,427.0,408.0,409.0,-3.08,5220,2150372.0
2018-12-30,425.0,432.0,413.0,422.0,-0.47,10725,4531725.0
2018-12-27,428.0,440.0,415.0,424.0,0.95,20589,8799807.0
2018-12-26,414.0,421.0,410.0,420.0,3.45,23927,9932076.0
2018-12-25,413.0,413.0,400.0,406.0,0.25,3420,1383295.0
2018-12-24,423.0,425.0,405.0,405.0,-2.41,16013,6657892.0
2018-12-23,396.0,420.0,396.0,415.0,6.68,16068,6517249.0
2018-12-20,395.0,408.0,389.0,389.0,-0.51,18509,7277422.0
2018-12-19,389.0,408.0,382.0,391.0,-1.01,4237,1668631.0
2018-12-18,420.0,420.0,385.0,395.0,-4.13,11366,4563831.0
2018-12-17,385.0,412.0,385.0,412.0,7.01,4483,1799067.0
2018-12-16,375.0,385.0,375.0,385.0,4.05,3094,1176702.0
2018-12-13,365.0,383.0,365.0,370.0,1.37,2797,1043752.0
2018-12-12,358.0,365.0,358.0,365.0,0.0,415,149388.0
2018-12-11,378.0,378.0,364.0,365.0,-1.62,1240,458260.0
2018-12-10,368.0,379.0,365.0,371.0,1.37,5797,2141999.0
2018-12-09,368.0,368.0,362.0,366.0,1.39,1259,460662.0
2018-12-06,355.0,375.0,355.0,361.0,0.84,3042,1093375.0
2018-12-05,371.0,371.0,355.0,358.0,-3.5,4016,1444516.0
2018-12-04,355.0,378.0,355.0,371.0,3.06,980,359800.0
2018-12-03,350.0,365.0,348.0,360.0,1.41,2032,720800.0
2018-12-02,364.0,364.0,348.0,355.0,-4.05,3682,1310764.0
2018-11-29,374.0,374.0,363.0,370.0,-1.33,1861,685283.0
2018-11-28,390.0,390.0,375.0,375.0,-2.6,880,335590.0
2018-11-27,385.0,385.0,385.0,385.0,1.85,517,199045.0
2018-11-26,376.0,382.0,376.0,378.0,0.27,2579,978291.0
2018-11-25,386.0,386.0,377.0,377.0,-1.82,685,262775.0
2018-11-22,395.0,395.0,384.0,384.0,-2.78,1005,393680.0
2018-11-21,395.0,396.0,395.0,395.0,0.0,770,304400.0
2018-11-20,395.0,395.0,389.0,395.0,1.54,700,276220.0
2018-11-19,393.0,395.0,386.0,389.0,-1.52,1998,776509.0
2018-11-18,410.0,410.0,395.0,395.0,-1.99,736,296830.0
2018-11-15,400.0,407.0,400.0,403.0,-0.49,2147,868276.0
2018-11-14,402.0,405.0,395.0,405.0,2.53,1190,475270.0
2018-11-13,394.0,400.0,387.0,395.0,2.07,848,337092.0
2018-11-12,388.0,395.0,385.0,387.0,-2.03,2813,1091767.0
2018-11-11,399.0,401.0,395.0,395.0,-1.0,570,227600.0
2018-11-06,403.0,402.0,396.0,399.0,-0.99,225,89850.0
2018-11-05,396.0,403.0,396.0,403.0,1.77,60,24110.0
2018-11-04,395.0,396.0,395.0,396.0,-1.49,417,164765.0
2018-11-01,400.0,405.0,395.0,402.0,0.0,2294,917485.0
2018-10-31,403.0,403.0,402.0,402.0,-0.99,393,158169.0
2018-10-30,400.0,406.0,400.0,406.0,0.25,4975,2007955.0
2018-10-29,408.0,408.0,401.0,405.0,1.25,2447,990840.0
2018-10-28,405.0,405.0,400.0,400.0,-1.96,5458,2191378.0
2018-10-25,415.0,415.0,407.0,408.0,-0.24,1014,414208.0
2018-10-24,405.0,409.0,405.0,409.0,0.25,5319,2159574.0
2018-10-23,406.0,410.0,406.0,408.0,-0.97,440,179200.0
2018-10-22,412.0,412.0,412.0,412.0,-0.72,150,61800.0
2018-10-21,415.0,415.0,414.0,415.0,0.97,314,130260.0
2018-10-15,410.0,415.0,410.0,411.0,-0.48,2795,1150700.0
2018-10-14,406.0,413.0,406.0,413.0,0.49,250,102900.0
2018-10-11,410.0,412.0,410.0,411.0,1.73,830,341600.0
2018-10-10,402.0,410.0,402.0,404.0,-0.49,1000,406300.0
2018-10-09,408.0,408.0,404.0,406.0,0.0,1707,694726.0
2018-10-08,404.0,408.0,404.0,406.0,0.5,979,397666.0
2018-10-07,400.0,411.0,400.0,404.0,-0.98,5063,2047751.0
2018-10-04,412.0,415.0,408.0,408.0,-1.45,9221,3784403.0
2018-10-03,418.0,418.0,413.0,414.0,-1.19,1987,822781.0
2018-10-02,419.0,419.0,414.0,419.0,0.24,2224,927036.0
2018-10-01,420.0,423.0,416.0,418.0,-1.65,3395,1416120.0
2018-09-30,424.0,430.0,422.0,425.0,-1.16,1784,755017.0
2018-09-27,435.0,435.0,427.0,430.0,-1.15,3624,1553102.0
2018-09-26,435.0,439.0,428.0,435.0,0.0,4102,1775366.0
2018-09-25,436.0,437.0,427.0,435.0,0.7,3889,1676818.0
2018-09-23,440.0,440.0,428.0,428.0,-1.83,2192,946614.0
2018-09-20,445.0,446.0,432.0,436.0,-1.58,5189,2285337.0
2018-09-18,442.0,453.0,438.0,443.0,1.84,17655,7856197.0
2018-09-17,430.0,447.0,420.0,435.0,2.35,7914,3421150.0
2018-09-16,417.0,440.0,416.0,425.0,1.92,5841,2516731.0
2018-09-13,424.0,425.0,416.0,417.0,-0.95,2810,1181578.0
2018-09-12,415.0,421.0,415.0,421.0,0.0,890,372000.0
2018-09-11,414.0,421.0,414.0,421.0,1.69,754,316956.0
2018-09-10,415.0,415.0,411.0,414.0,-0.72,1487,613045.0
2018-09-09,420.0,420.0,415.0,417.0,-0.71,2892,1205798.0
2018-09-06,436.0,436.0,420.0,420.0,-3.0,8389,3585512.0
2018-09-05,429.0,438.0,415.0,433.0,2.36,5760,2477260.0
2018-09-04,425.0,430.0,421.0,423.0,1.44,7229,3082885.0
2018-09-03,422.0,424.0,415.0,417.0,0.48,3470,1456673.0
2018-09-02,412.0,424.0,411.0,415.0,0.97,2624,1094761.0
2018-08-30,415.0,415.0,408.0,411.0,0.24,1920,788350.0
2018-08-29,413.0,413.0,404.0,410.0,-0.24,3722,1516607.0
2018-08-28,410.0,414.0,410.0,411.0,-0.24,456,187222.0
2018-08-26,413.0,413.0,406.0,412.0,-1.67,1224,501979.0
2018-08-23,417.0,424.0,416.0,419.0,-0.71,877,365761.0
2018-08-22,418.0,422.0,418.0,422.0,0.96,300,125800.0
2018-08-21,421.0,425.0,415.0,418.0,-2.11,2947,1233359.0
2018-08-20,430.0,434.0,425.0,427.0,-0.7,1741,744166.0
2018-08-19,431.0,435.0,426.0,430.0,-1.38,3966,1711990.0
2018-08-16,450.0,454.0,434.0,436.0,-3.96,9495,4231022.0
2018-08-15,435.0,454.0,434.0,454.0,5.09,2168,962979.0
2018-08-14,430.0,432.0,420.0,432.0,2.37,2199,939468.0
2018-08-13,411.0,422.0,409.0,422.0,1.44,3526,1472450.0
2018-08-12,430.0,430.0,415.0,416.0,-3.26,912,384292.0
2018-08-09,433.0,433.0,425.0,430.0,-0.69,2586,1106608.0
2018-08-08,425.0,433.0,425.0,433.0,1.88,2187,940310.0
2018-08-07,430.0,430.0,420.0,425.0,-0.23,1181,503250.0
2018-08-06,426.0,429.0,425.0,426.0,0.0,1220,520854.0
2018-08-05,427.0,429.0,426.0,426.0,-1.16,1650,704680.0
2018-08-02,443.0,443.0,430.0,431.0,-0.92,1028,445000.0
2018-08-01,425.0,435.0,425.0,435.0,1.64,1458,627866.0
2018-07-31,435.0,435.0,420.0,428.0,-1.15,1840,784682.0
2018-07-30,430.0,435.0,430.0,433.0,-0.23,1132,490245.0
2018-07-29,435.0,435.0,428.0,434.0,0.23,1094,472220.0
2018-07-26,440.0,440.0,432.0,433.0,-1.59,4264,1867000.0
2018-07-25,437.0,442.0,437.0,440.0,0.69,1189,520703.0
2018-07-24,431.0,454.0,431.0,437.0,0.0,3621,1605001.0
2018-07-23,430.0,442.0,430.0,437.0,1.63,1399,611753.0
2018-07-22,433.0,435.0,430.0,430.0,-2.27,2215,958740.0
2018-07-19,441.0,443.0,435.0,440.0,-2.22,2121,935197.0
2018-07-18,450.0,450.0,450.0,450.0,0.0,330,148500.0
2018-07-17,458.0,459.0,450.0,450.0,0.0,1060,477990.0
2018-07-16,445.0,456.0,445.0,450.0,1.12,3809,1710136.0
2018-07-15,445.0,445.0,435.0,445.0,1.14,4851,2145336.0
2018-07-12,450.0,450.0,435.0,440.0,-2.87,4290,1883180.0
2018-07-11,441.0,475.0,441.0,453.0,2.72,2495,1140791.0
2018-07-10,459.0,461.0,441.0,441.0,-2.0,1910,864080.0
2018-07-09,460.0,464.0,450.0,450.0,-2.17,3873,1759140.0
2018-07-08,470.0,480.0,460.0,460.0,-0.22,7735,3637563.0
2018-07-05,438.0,461.0,438.0,461.0,7.21,6940,3145877.0
2018-07-04,421.0,438.0,415.0,430.0,0.94,5308,2262804.0
2018-07-03,430.0,430.0,411.0,426.0,0.24,3424,1434485.0
2018-07-02,428.0,438.0,425.0,425.0,-1.16,2384,1023930.0
2018-07-01,451.0,451.0,426.0,430.0,-3.37,4017,1747546.0
2018-06-28,445.0,445.0,445.0,445.0,-1.11,530,235850.0
2018-06-27,440.0,452.0,436.0,450.0,1.35,872,385446.0
2018-06-26,445.0,455.0,444.0,444.0,-0.89,2616,1171754.0
2018-06-25,449.0,455.0,448.0,448.0,-1.32,1411,636226.0
2018-06-24,441.0,457.0,436.0,454.0,2.95,4202,1883396.0
2018-06-21,454.0,459.0,441.0,441.0,-2.0,3377,1521019.0
2018-06-20,451.0,453.0,450.0,450.0,-0.44,3195,1442445.0
2018-06-19,463.0,463.0,452.0,452.0,-2.8,3952,1802708.0
2018-06-18,453.0,465.0,450.0,465.0,0.87,3686,1683458.0
2018-06-17,460.0,462.0,460.0,461.0,-1.71,422,194719.0
2018-06-14,469.0,469.0,461.0,469.0,0.86,4236,1975022.0
2018-06-13,470.0,471.0,465.0,465.0,-1.06,1343,625785.0
2018-06-12,465.0,479.0,461.0,470.0,0.0,1060,493700.0
2018-06-11,460.0,479.0,452.0,470.0,1.95,7258,3371200.0
2018-06-10,469.0,474.0,453.0,461.0,-1.71,3555,1633717.0
2018-06-07,485.0,485.0,468.0,469.0,-2.7,8658,4097339.0
2018-06-06,490.0,508.0,482.0,482.0,0.21,3260,1607278.0
2018-06-04,473.0,493.0,467.0,481.0,0.63,12096,5758514.0
2018-06-03,484.0,498.0,475.0,478.0,-3.04,11905,5761168.0
2018-05-31,507.0,507.0,493.0,493.0,-2.57,3374,1682810.0
2018-05-30,500.0,525.0,499.0,506.0,-0.59,10750,5515255.0
2018-05-29,509.0,512.0,492.0,509.0,1.8,13628,6868630.0
2018-05-28,465.0,505.0,465.0,500.0,5.93,6679,3239273.0
2018-05-27,475.0,476.0,469.0,472.0,-1.87,3410,1606840.0
2018-05-24,481.0,489.0,480.0,481.0,-1.03,2590,1252170.0
2018-05-23,482.0,490.0,481.0,486.0,-0.82,3484,1690929.0
2018-05-22,500.0,500.0,490.0,490.0,-0.2,1749,863555.0
2018-05-21,486.0,491.0,485.0,491.0,0.2,3880,1887203.0
2018-05-20,495.0,504.0,490.0,490.0,0.82,5677,2807023.0
2018-05-17,491.0,499.0,486.0,486.0,-0.82,3733,1831415.0
2018-05-16,491.0,491.0,488.0,490.0,0.0,2000,979800.0
2018-05-15,493.0,493.0,485.0,490.0,1.24,1767,861105.0
2018-05-14,498.0,498.0,481.0,484.0,-2.81,7889,3843580.0
2018-05-10,500.0,502.0,495.0,498.0,-0.99,3124,1558420.0
2018-05-09,513.0,514.0,498.0,503.0,-0.98,6352,3212706.0
2018-05-08,506.0,508.0,498.0,508.0,0.99,6482,3257247.0
2018-05-07,498.0,504.0,498.0,503.0,0.6,2382,1193523.0
2018-05-06,517.0,517.0,500.0,500.0,-1.38,2036,1028880.0
2018-05-03,520.0,520.0,507.0,507.0,-0.59,7859,4031259.0
2018-05-02,498.0,510.0,485.0,510.0,2.82,3634,1794982.0
2018-04-29,502.0,508.0,490.0,496.0,-0.8,6813,3400835.0
2018-04-26,510.0,515.0,498.0,500.0,-1.77,7521,3799988.0
2018-04-25,514.0,517.0,505.0,509.0,-0.97,7621,3893328.0
2018-04-24,515.0,525.0,500.0,514.0,-0.58,11679,6020939.0
2018-04-23,535.0,550.0,510.0,517.0,-1.52,24849,13082797.0
2018-04-22,532.0,532.0,513.0,525.0,0.38,12812,6720551.0
2018-04-19,530.0,537.0,520.0,523.0,-0.95,17017,9020493.0
2018-04-18,535.0,550.0,525.0,528.0,0.38,38566,20645236.0
2018-04-17,499.0,531.0,496.0,526.0,7.35,33234,17117648.0
2018-04-16,466.0,493.0,465.0,490.0,4.26,25645,12437785.0
2018-04-15,464.0,470.0,440.0,470.0,3.3,10449,4796533.0
2018-04-12,464.0,464.0,453.0,455.0,-0.44,8280,3798139.0
2018-04-11,450.0,457.0,441.0,457.0,1.56,4753,2145188.0
2018-04-10,440.0,466.0,424.0,450.0,0.45,9185,4101414.0
2018-04-09,454.0,480.0,448.0,448.0,0.45,30571,14237339.0
2018-04-08,418.0,459.0,418.0,446.0,6.7,15598,6712887.0
2018-04-05,417.0,419.0,402.0,418.0,2.2,14805,6117083.0
2018-04-04,397.0,409.0,396.0,409.0,4.87,6504,2605774.0
2018-04-03,390.0,396.0,383.0,390.0,0.0,4047,1570621.0
2018-04-02,398.0,398.0,385.0,390.0,-0.26,8340,3244622.0
2018-04-01,402.0,404.0,391.0,391.0,-4.63,5891,2333360.0
2018-03-29,404.0,411.0,395.0,410.0,2.5,6892,2781384.0
2018-03-28,406.0,413.0,385.0,400.0,0.25,8119,3252306.0
2018-03-27,367.0,408.0,350.0,399.0,6.68,8098,3061866.0
2018-03-26,394.0,394.0,374.0,374.0,-6.97,8709,3318119.0
2018-03-22,421.0,421.0,392.0,402.0,-2.66,5082,2061853.0
2018-03-21,424.0,424.0,405.0,413.0,-2.59,8798,3613111.0
2018-03-20,426.0,426.0,418.0,424.0,-1.85,3514,1479782.0
2018-03-19,439.0,439.0,432.0,432.0,-1.59,1151,501184.0
2018-03-18,440.0,444.0,434.0,439.0,-0.45,2747,1204826.0
2018-03-15,440.0,446.0,439.0,441.0,-0.45,5052,2237103.0
2018-03-14,450.0,450.0,440.0,443.0,-1.34,3583,1585115.0
2018-03-13,444.0,449.0,443.0,449.0,0.0,1555,691195.0
2018-03-12,441.0,449.0,440.0,449.0,1.35,2645,1170363.0
2018-03-11,460.0,460.0,442.0,443.0,-4.11,4072,1815580.0
2018-03-07,457.0,462.0,450.0,462.0,2.44,12783,5800927.0
2018-03-06,438.0,459.0,436.0,451.0,1.58,5074,2272647.0
2018-03-05,459.0,461.0,437.0,444.0,-1.33,4659,2068039.0
2018-03-04,462.0,462.0,443.0,450.0,-3.64,7564,3399430.0
2018-02-28,472.0,472.0,463.0,467.0,-1.48,4356,2028394.0
2018-02-27,463.0,480.0,462.0,474.0,1.07,3302,1563509.0
2018-02-26,475.0,476.0,468.0,469.0,-2.09,4032,1899375.0
2018-02-25,478.0,480.0,473.0,479.0,0.63,2827,1349023.0
2018-02-22,475.0,491.0,475.0,476.0,-0.83,4353,2102087.0
2018-02-21,490.0,490.0,472.0,480.0,-1.23,4306,2058176.0
2018-02-20,509.0,509.0,483.0,486.0,-2.8,5148,2542570.0
2018-02-18,511.0,523.0,500.0,500.0,-0.2,22183,11338312.0
2018-02-15,470.0,509.0,470.0,501.0,0.0,13777,6742844.0
2018-02-14,461.0,470.0,454.0,470.0,0.0,2006,923331.0
2018-02-12,470.0,464.0,460.0,461.0,0.0,2150,992072.0
2018-02-11,473.0,472.0,470.0,470.0,0.0,1585,745315.0
2018-02-08,465.0,473.0,457.0,473.0,0.0,3556,1655410.0
2018-02-07,465.0,466.0,461.0,465.0,0.0,1913,886584.0
2018-02-06,470.0,469.0,465.0,465.0,0.0,1233,575343.0
2018-02-05,477.0,475.0,470.0,470.0,0.0,2816,1326328.0
2018-02-04,483.0,481.0,477.0,477.0,0.0,2704,1294633.0
2018-02-01,478.0,485.0,477.0,483.0,0.0,4367,2099809.0
2018-01-31,471.0,480.0,470.0,478.0,0.0,4251,2021840.0
2018-01-29,480.0,480.0,469.0,471.0,0.0,6496,3063992.0
2018-01-28,485.0,497.0,475.0,480.0,0.0,3848,1858784.0
2018-01-25,473.0,485.0,470.0,485.0,0.0,1761,837253.0
2018-01-24,466.0,473.0,466.0,473.0,0.0,3048,1426269.0
2018-01-23,479.0,484.0,466.0,466.0,0.0,4269,2022771.0
2018-01-22,486.0,486.0,479.0,479.0,0.0,4776,2301228.0
2018-01-21,492.0,490.0,486.0,486.0,0.0,2334,1139384.0
2018-01-17,496.0,500.0,489.0,492.0,0.0,8055,3960362.0
2018-01-16,502.0,501.0,490.0,496.0,0.0,6077,3010625.0
2018-01-14,508.0,508.0,500.0,502.0,0.0,4132,2080006.0
2018-01-10,511.0,514.0,503.0,508.0,0.0,7818,3950298.0
2018-01-09,513.0,520.0,509.0,511.0,0.0,5489,2809363.0
2018-01-08,506.0,520.0,508.0,513.0,0.0,6144,3153021.0
2018-01-07,509.0,519.0,505.0,506.0,0.0,7351,3760572.0
2018-01-04,498.0,509.0,498.0,509.0,0.0,4185,2111285.0
2018-01-03,516.0,511.0,498.0,498.0,0.0,6199,3116525.0
2018-01-02,509.0,524.0,505.0,516.0,0.0,15278,7903161.0
2018-01-01,490.0,525.0,495.0,509.0,0.0,8965,4555255.0
2017-12-31,505.0,500.0,489.0,490.0,0.0,10139,4997154.0
2017-12-28,510.0,515.0,495.0,505.0,0.0,16602,8344455.0
2017-12-27,525.0,524.0,505.0,510.0,0.0,7825,4025820.0
2017-12-26,542.0,542.0,522.0,525.0,0.0,8381,4433817.0
2017-12-24,541.0,562.0,540.0,542.0,0.0,9933,5423680.0
2017-12-21,543.0,550.0,535.0,541.0,0.0,11123,6046122.0
2017-12-20,557.0,553.0,539.0,543.0,0.0,8505,4642512.0
2017-12-19,576.0,571.0,555.0,557.0,0.0,11499,6432413.0
2017-12-18,586.0,596.0,572.0,576.0,0.0,13795,7997244.0
2017-12-17,599.0,600.0,570.0,586.0,0.0,21586,12539511.0
2017-12-14,637.0,630.0,595.0,599.0,0.0,34576,20805762.0
2017-12-13,645.0,644.0,625.0,637.0,0.0,2792,1780550.0
2017-12-12,670.0,657.0,645.0,645.0,0.0,1090,703690.0
2017-12-11,670.0,671.0,646.0,670.0,0.0,851,562231.0
2017-12-10,671.0,685.0,670.0,670.0,0.0,1410,950670.0
2017-12-06,648.0,671.0,655.0,671.0,0.0,2050,1358688.0
2017-12-05,657.0,650.0,645.0,648.0,0.0,941,609405.0
2017-12-04,670.0,657.0,657.0,657.0,0.0,320,210240.0
2017-11-30,674.0,677.0,665.0,670.0,0.0,2342,1573420.0
2017-11-29,651.0,680.0,655.0,674.0,0.0,2358,1576451.0
2017-11-28,662.0,675.0,650.0,651.0,0.0,2197,1441940.0
2017-11-27,640.0,665.0,640.0,662.0,0.0,3804,2490019.0
2017-11-26,620.0,656.0,630.0,640.0,0.0,2171,1397579.0
2017-11-23,645.0,641.0,604.0,620.0,0.0,8461,5231460.0
2017-11-22,682.0,669.0,640.0,645.0,0.0,7665,5006632.0
2017-11-21,660.0,683.0,660.0,682.0,0.0,5203,3491629.0
2017-11-20,705.0,700.0,660.0,660.0,0.0,4447,3011066.0
2017-11-19,708.0,720.0,705.0,705.0,0.0,987,704743.0
2017-11-16,720.0,710.0,706.0,708.0,0.0,464,328640.0
2017-11-15,730.0,728.0,720.0,720.0,0.0,1276,921637.0
2017-11-14,725.0,735.0,723.0,730.0,0.0,5555,4036254.0
2017-11-13,714.0,725.0,710.0,725.0,0.0,3818,2730486.0
2017-11-12,685.0,714.0,687.0,714.0,0.0,570,395923.0
2017-11-09,695.0,705.0,682.0,685.0,0.0,1599,1102695.0
2017-11-08,702.0,703.0,690.0,695.0,0.0,1129,785385.0
2017-11-07,700.0,714.0,700.0,702.0,0.0,660,463840.0
2017-11-06,706.0,713.0,700.0,700.0,0.0,2734,1923583.0
2017-11-05,706.0,706.0,695.0,706.0,0.0,2673,1868209.0
2017-11-02,720.0,720.0,706.0,706.0,0.0,2022,1448246.0
2017-11-01,722.0,722.0,716.0,720.0,0.0,360,259160.0
2017-10-31,720.0,724.0,716.0,722.0,0.0,940,676360.0
2017-10-30,718.0,720.0,713.0,720.0,0.0,362,259292.0
2017-10-29,734.0,720.0,711.0,718.0,0.0,937,673487.0
2017-10-25,732.0,734.0,726.0,734.0,0.0,1229,897765.0
2017-10-24,745.0,748.0,732.0,732.0,0.0,2685,2000075.0
2017-10-23,751.0,745.0,740.0,745.0,0.0,900,669250.0
2017-10-22,760.0,753.0,751.0,751.0,0.0,1150,864250.0
2017-10-18,750.0,765.0,736.0,760.0,0.0,982,729990.0
2017-10-17,748.0,779.0,745.0,750.0,0.0,4071,3076709.0
2017-10-16,715.0,754.0,712.0,748.0,0.0,4477,3267780.0
2017-10-15,702.0,716.0,708.0,715.0,0.0,741,529195.0
2017-10-12,707.0,709.0,701.0,702.0,0.0,1255,884335.0
2017-10-11,705.0,710.0,705.0,707.0,0.0,879,621376.0
2017-10-10,704.0,715.0,696.0,705.0,0.0,690,487570.0
2017-10-09,707.0,705.0,692.0,704.0,0.0,3419,2382741.0
2017-10-08,730.0,717.0,704.0,707.0,0.0,1124,795855.0
2017-10-04,725.0,730.0,722.0,730.0,0.0,400,290680.0
2017-10-03,735.0,725.0,722.0,725.0,0.0,160,115620.0
2017-09-26,739.0,745.0,730.0,735.0,0.0,652,478870.0
2017-09-25,730.0,740.0,730.0,739.0,0.0,1459,1073625.0
2017-09-24,730.0,731.0,720.0,730.0,0.0,786,571400.0
2017-09-20,738.0,732.0,725.0,730.0,0.0,1218,888490.0
2017-09-18,745.0,745.0,735.0,738.0,0.0,1310,966280.0
2017-09-17,736.0,749.0,735.0,745.0,0.0,2581,1910266.0
2017-09-14,715.0,737.0,725.0,736.0,0.0,3808,2789010.0
2017-09-13,728.0,739.0,715.0,715.0,0.0,2307,1665677.0
2017-09-12,752.0,741.0,726.0,728.0,0.0,3301,2416761.0
2017-09-11,748.0,760.0,740.0,752.0,0.0,3125,2325815.0
2017-09-10,760.0,751.0,740.0,748.0,0.0,2041,1522558.0
2017-09-07,766.0,780.0,760.0,760.0,0.0,2299,1773760.0
2017-09-06,765.0,775.0,760.0,766.0,0.0,3504,2680434.0
2017-09-04,772.0,772.0,765.0,765.0,0.0,4924,3781864.0
2017-08-31,782.0,797.0,770.0,772.0,0.0,3469,2691984.0
2017-08-30,790.0,795.0,776.0,782.0,0.0,1965,1534275.0
2017-08-28,799.0,795.0,785.0,790.0,0.0,3561,2814510.0
2017-08-27,803.0,805.0,796.0,799.0,0.0,2081,1664418.0
2017-08-24,795.0,805.0,792.0,803.0,0.0,3325,2647467.0
2017-08-23,775.0,816.0,790.0,795.0,0.0,4001,3204985.0
2017-08-22,804.0,810.0,775.0,775.0,0.0,5925,4740615.0
2017-08-21,805.0,815.0,801.0,804.0,0.0,2628,2113638.0
2017-08-20,813.0,815.0,805.0,805.0,0.0,2503,2031885.0
2017-08-17,810.0,819.0,808.0,813.0,0.0,2731,2218356.0
2017-08-16,809.0,828.0,806.0,810.0,0.0,2651,2158512.0
2017-08-15,822.0,822.0,801.0,809.0,0.0,5182,4206871.0
2017-08-13,830.0,830.0,820.0,822.0,0.0,2572,2128444.0
2017-08-10,835.0,840.0,820.0,830.0,0.0,3901,3243692.0
2017-08-09,820.0,840.0,814.0,835.0,0.0,8133,6757652.0
2017-08-07,839.0,855.0,818.0,820.0,0.0,6020,4976210.0
2017-08-06,860.0,856.0,834.0,839.0,0.0,7261,6114852.0
2017-08-03,870.0,872.0,850.0,860.0,0.0,7631,6578100.0
2017-08-02,867.0,885.0,868.0,870.0,0.0,4597,4010948.0
2017-08-01,880.0,885.0,865.0,867.0,0.0,8696,7569669.0
2017-07-31,880.0,890.0,878.0,880.0,0.0,8544,7558553.0
2017-07-30,896.0,900.0,858.0,880.0,0.0,13288,11660209.0
2017-07-27,927.0,930.0,882.0,896.0,0.0,13502,12151903.0
2017-07-26,924.0,945.0,920.0,927.0,0.0,20840,19385928.0
2017-07-25,940.0,958.0,923.0,924.0,0.0,22281,20790880.0
2017-07-24,894.0,964.0,910.0,940.0,0.0,47915,45043416.0
2017-07-23,815.0,894.0,821.0,894.0,0.0,26293,22487972.0
2017-07-20,792.0,819.0,804.0,815.0,0.0,14842,12053515.0
2017-07-19,778.0,820.0,775.0,792.0,0.0,23141,18587772.0
2017-07-18,740.0,795.0,748.0,778.0,0.0,8192,6276702.0
2017-07-17,740.0,740.0,735.0,740.0,0.0,5149,3800953.0
2017-07-16,745.0,750.0,740.0,740.0,0.0,5318,3957043.0
2017-07-13,756.0,755.0,745.0,745.0,0.0,6299,4723980.0
2017-07-12,765.0,778.0,750.0,756.0,0.0,5354,4068339.0
2017-07-11,772.0,775.0,755.0,765.0,0.0,5138,3913933.0
2017-07-10,775.0,775.0,760.0,772.0,0.0,7363,5648265.0
2017-07-09,745.0,783.0,735.0,775.0,0.0,22515,17221508.0
2017-07-06,735.0,749.0,736.0,745.0,0.0,9283,6906292.0
2017-07-05,738.0,740.0,731.0,735.0,0.0,5330,3926675.0
2017-07-04,733.0,745.0,735.0,738.0,0.0,13411,9892115.0
2017-07-03,719.0,740.0,722.0,733.0,0.0,22061,16199597.0
2017-07-02,691.0,760.0,704.0,719.0,0.0,41438,30054320.0
2017-06-28,1680.0,1694.0,1670.0,1675.0,0.0,29297,49168508.0
2017-06-27,1666.0,1730.0,1670.0,1680.0,0.0,30582,51453684.0
2017-06-25,1695.0,1699.0,1657.0,1666.0,0.0,15553,26090236.0
2017-06-22,1686.0,1705.0,1690.0,1695.0,0.0,9726,16480063.0
2017-06-21,1682.0,1714.0,1680.0,1686.0,0.0,7556,12780132.0
2017-06-20,1666.0,1699.0,1655.0,1682.0,0.0,2851,4784839.0
2017-06-19,1712.0,1711.0,1666.0,1666.0,0.0,4691,7870646.0
2017-06-18,1728.0,1749.0,1710.0,1712.0,0.0,7914,13639157.0
2017-06-15,1738.0,1753.0,1720.0,1728.0,0.0,8258,14280960.0
2017-06-14,1713.0,1754.0,1729.0,1738.0,0.0,15555,27017744.0
2017-06-13,1695.0,1730.0,1690.0,1713.0,0.0,3980,6806760.0
2017-06-12,1707.0,1720.0,1686.0,1695.0,0.0,9114,15499183.0
2017-06-11,1730.0,1740.0,1706.0,1707.0,0.0,5526,9494907.0
2017-06-08,1755.0,1750.0,1705.0,1730.0,0.0,5464,9473537.0
2017-06-07,1762.0,1766.0,1735.0,1755.0,0.0,9665,16931352.0
2017-06-06,1735.0,1762.0,1730.0,1762.0,0.0,13297,23213148.0
2017-06-05,1730.0,1753.0,1730.0,1735.0,0.0,6762,11766149.0
2017-06-04,1748.0,1745.0,1705.0,1730.0,0.0,12072,20744184.0
2017-06-01,1736.0,1770.0,1737.0,1748.0,0.0,14337,25058768.0
2017-05-31,1720.0,1750.0,1686.0,1736.0,0.0,14486,24923504.0
2017-05-30,1741.0,1750.0,1685.0,1720.0,0.0,33288,56815528.0
2017-05-28,1769.0,1804.0,1740.0,1741.0,0.0,10585,18576204.0
2017-05-24,1744.0,1776.0,1715.0,1769.0,0.0,23092,40368236.0
2017-05-23,1690.0,1754.0,1696.0,1744.0,0.0,23469,40164828.0
2017-05-22,1675.0,1700.0,1670.0,1690.0,0.0,18788,31502436.0
2017-05-21,1718.0,1745.0,1669.0,1675.0,0.0,15214,25646764.0
2017-05-18,1638.0,1718.0,1620.0,1718.0,0.0,45187,74499024.0
2017-05-17,1622.0,1638.0,1575.0,1638.0,0.0,65288,103454456.0
2017-05-16,1640.0,1640.0,1622.0,1622.0,0.0,3342,5448085.0
2017-05-15,1639.0,1650.0,1622.0,1640.0,0.0,2955,4841570.0
2017-05-11,1642.0,1670.0,1620.0,1639.0,0.0,8232,13456145.0
2017-05-09,1630.0,1662.0,1630.0,1642.0,0.0,2529,4157625.0
2017-05-08,1601.0,1665.0,1601.0,1630.0,0.0,2782,4529392.0
2017-05-07,1640.0,1640.0,1601.0,1601.0,0.0,3721,6025663.0
2017-05-04,1650.0,1659.0,1636.0,1640.0,0.0,4035,6631715.0
2017-05-03,1660.0,1700.0,1645.0,1650.0,0.0,7635,12645847.0
2017-05-02,1640.0,1698.0,1608.0,1660.0,0.0,13549,22526402.0
2017-04-30,1667.0,1680.0,1618.0,1640.0,0.0,4060,6709430.0
2017-04-27,1666.0,1697.0,1625.0,1667.0,0.0,7492,12459625.0
2017-04-26,1675.0,1699.0,1653.0,1666.0,0.0,2136,3577334.0
2017-04-25,1637.0,1715.0,1612.0,1675.0,0.0,61173,99460608.0
2017-04-24,1680.0,1713.0,1629.0,1637.0,0.0,14955,24642700.0
2017-04-23,1618.0,1779.0,1640.0,1680.0,0.0,10763,18314000.0
2017-04-20,1635.0,1683.0,1601.0,1618.0,0.0,7343,11931518.0
2017-04-19,1570.0,1635.0,1550.0,1635.0,0.0,12411,19958750.0
2017-04-18,1650.0,1649.0,1491.0,1570.0,0.0,10076,15962612.0
2017-04-16,1700.0,1701.0,1613.0,1650.0,0.0,4092,6822478.0
2017-04-13,1708.0,1720.0,1682.0,1700.0,0.0,6784,11532339.0
2017-04-12,1740.0,1775.0,1706.0,1708.0,0.0,7505,13074257.0
2017-04-11,1700.0,1760.0,1714.0,1740.0,0.0,10821,18793450.0
2017-04-10,1692.0,1720.0,1695.0,1700.0,0.0,7792,13294380.0
2017-04-09,1700.0,1768.0,1692.0,1692.0,0.0,7202,12354043.0
2017-04-06,1724.0,1770.0,1690.0,1700.0,0.0,13296,22863144.0
2017-04-04,1688.0,1750.0,1666.0,1724.0,0.0,17877,30711216.0
2017-04-03,1622.0,1784.0,1654.0,1688.0,0.0,21065,37124560.0
2017-04-02,1475.0,1622.0,1504.0,1622.0,0.0,2454,3974838.0
2017-03-30,1451.0,1480.0,1420.0,1475.0,0.0,7895,11531934.0
2017-03-29,1457.0,1555.0,1422.0,1451.0,0.0,8851,13252465.0
2017-03-28,1325.0,1457.0,1351.0,1457.0,0.0,5118,7160910.0
2017-03-26,1293.0,1346.0,1299.0,1325.0,0.0,6421,8459675.0
2017-03-23,1291.0,1305.0,1245.0,1293.0,0.0,5363,6900921.0
2017-03-22,1321.0,1348.0,1291.0,1291.0,0.0,3580,4733112.0
2017-03-21,1290.0,1334.0,1240.0,1321.0,0.0,16134,21047308.0
2017-03-20,1179.0,1296.0,1174.0,1290.0,0.0,15085,18692424.0
2017-03-19,1100.0,1180.0,1100.0,1179.0,0.0,9828,11197452.0
2017-03-16,1100.0,1122.0,1100.0,1100.0,0.0,1483,1635520.0
2017-03-15,1075.0,1100.0,1075.0,1100.0,0.0,634,688412.0
2017-03-14,1090.0,1095.0,1075.0,1075.0,0.0,1131,1229025.0
2017-03-13,1088.0,1129.0,1088.0,1090.0,0.0,984,1076412.0
2017-03-09,1065.0,1110.0,1050.0,1088.0,0.0,1409,1520782.0
2017-03-07,1096.0,1100.0,1050.0,1065.0,0.0,3009,3196060.0
2017-03-06,1106.0,1142.0,1095.0,1096.0,0.0,4169,4656151.0
2017-03-05,1069.0,1133.0,1089.0,1106.0,0.0,4256,4734235.0
2017-03-02,1045.0,1086.0,1045.0,1069.0,0.0,2835,3010770.0
2017-03-01,980.0,1045.0,999.0,1045.0,0.0,3489,3550515.0
2017-02-28,1001.0,990.0,965.0,980.0,0.0,4425,4323746.0
2017-02-26,1050.0,1055.0,1001.0,1001.0,0.0,1410,1455591.0
2017-02-23,1071.0,1081.0,1036.0,1050.0,0.0,3072,3240762.0
2017-02-22,1120.0,1130.0,1071.0,1071.0,0.0,3899,4259665.0
2017-02-21,1105.0,1190.0,1108.0,1120.0,0.0,5690,6581340.0
2017-02-20,1108.0,1200.0,1090.0,1105.0,0.0,9661,11142160.0
2017-02-19,1014.0,1110.0,980.0,1108.0,0.0,5817,6125875.0
2017-02-16,922.0,1014.0,940.0,1014.0,0.0,4279,4256184.0
2017-02-15,845.0,922.0,861.0,922.0,0.0,951,844556.0
2017-02-14,840.0,887.0,805.0,845.0,0.0,1320,1131440.0
2017-02-13,810.0,840.0,736.0,840.0,0.0,2244,1721903.0
2017-02-12,893.0,893.0,810.0,810.0,0.0,2653,2207306.0
2017-02-09,977.0,977.0,893.0,893.0,0.0,5917,5397052.0
2017-02-08,1035.0,1017.0,977.0,977.0,0.0,940,929960.0
2017-02-07,1085.0,1100.0,1035.0,1035.0,0.0,5815,6054706.0
2017-02-06,1099.0,1115.0,1085.0,1085.0,0.0,1400,1537992.0
2017-02-05,1137.0,1122.0,1093.0,1099.0,0.0,1423,1568140.0
2017-02-02,1133.0,1201.0,1115.0,1137.0,0.0,5248,6010190.0
2017-02-01,1030.0,1133.0,1039.0,1133.0,0.0,1476,1620700.0
2017-01-31,1044.0,1102.0,990.0,1030.0,0.0,2859,2950591.0
2017-01-30,1160.0,1150.0,1044.0,1044.0,0.0,3174,3453482.0
2017-01-26,1224.0,1219.0,1150.0,1160.0,0.0,4992,5860096.0
2017-01-25,1270.0,1245.0,1180.0,1224.0,0.0,3960,4774030.0
2017-01-24,1295.0,1300.0,1270.0,1270.0,0.0,276,352160.0
2017-01-23,1320.0,1335.0,1295.0,1295.0,0.0,1099,1434455.0
2017-01-22,1310.0,1335.0,1320.0,1320.0,0.0,1170,1554800.0
2017-01-19,1295.0,1320.0,1310.0,1310.0,0.0,560,734560.0
2017-01-18,1270.0,1295.0,1295.0,1295.0,0.0,100,129500.0
2017-01-17,1261.0,1280.0,1263.0,1270.0,0.0,1300,1654200.0
2017-01-16,1307.0,1290.0,1261.0,1261.0,0.0,1595,2031945.0
2017-01-15,1329.0,1329.0,1307.0,1307.0,0.0,1815,2387840.0
2017-01-12,1356.0,1383.0,1329.0,1329.0,0.0,872,1181680.0
2017-01-11,1310.0,1375.0,1311.0,1356.0,0.0,1184,1570349.0
2017-01-10,1280.0,1310.0,1280.0,1310.0,0.0,964,1247673.0
2017-01-09,1250.0,1295.0,1251.0,1280.0,0.0,1174,1497650.0
2017-01-08,1257.0,1260.0,1235.0,1250.0,0.0,2495,3117150.0
2017-01-05,1270.0,1271.0,1257.0,1257.0,0.0,500,631550.0
2017-01-04,1260.0,1271.0,1235.0,1270.0,0.0,1250,1574370.0
2017-01-03,1281.0,1310.0,1256.0,1260.0,0.0,3881,4977512.0
2017-01-02,1265.0,1300.0,1265.0,1281.0,0.0,3965,5076145.0
2017-01-01,1220.0,1270.0,1240.0,1265.0,0.0,3160,3976360.0
2016-12-29,1150.0,1230.0,1140.0,1220.0,0.0,2486,2907010.0
2016-12-28,1159.0,1160.0,1097.0,1150.0,0.0,2812,3160550.0
2016-12-27,1500.0,1500.0,1390.0,1391.0,0.0,15133,21469024.0
2016-12-26,1550.0,1551.0,1500.0,1500.0,0.0,4354,6603939.0
2016-12-22,1554.0,1585.0,1550.0,1550.0,0.0,4536,7119720.0
2016-12-21,1540.0,1570.0,1480.0,1554.0,0.0,3703,5645176.0
2016-12-20,1583.0,1583.0,1540.0,1540.0,0.0,920,1443100.0
2016-12-19,1585.0,1599.0,1570.0,1583.0,0.0,1675,2656799.0
2016-12-18,1580.0,1624.0,1570.0,1585.0,0.0,4212,6690010.0
2016-12-15,1540.0,1600.0,1550.0,1580.0,0.0,1060,1679850.0
2016-12-14,1540.0,1540.0,1532.0,1540.0,0.0,1740,2679132.0
2016-12-12,1545.0,1555.0,1502.0,1540.0,0.0,857,1314358.0
2016-12-11,1586.0,1586.0,1530.0,1545.0,0.0,3485,5444015.0
2016-12-08,1600.0,1600.0,1568.0,1586.0,0.0,4619,7323410.0
2016-12-07,1613.0,1630.0,1593.0,1600.0,0.0,7315,11681110.0
2016-12-06,1590.0,1653.0,1590.0,1613.0,0.0,2525,4065600.0
2016-12-05,1600.0,1664.0,1570.0,1590.0,0.0,5420,8631540.0
2016-12-04,1640.0,1650.0,1596.0,1600.0,0.0,2865,4622929.0
2016-12-01,1680.0,1715.0,1615.0,1640.0,0.0,6092,10185124.0
2016-11-30,1615.0,1700.0,1580.0,1680.0,0.0,8835,14594405.0
2016-11-29,1506.0,1615.0,1392.0,1615.0,0.0,7666,11494168.0
2016-11-28,1395.0,1534.0,1315.0,1506.0,0.0,3480,4909976.0
2016-11-27,1550.0,1535.0,1395.0,1395.0,0.0,6719,9748439.0
2016-11-24,1538.0,1650.0,1485.0,1550.0,0.0,7337,11496272.0
2016-11-23,1650.0,1642.0,1501.0,1538.0,0.0,6940,10933240.0
2016-11-22,1675.0,1734.0,1642.0,1650.0,0.0,4247,7170804.0
2016-11-21,1745.0,1746.0,1616.0,1675.0,0.0,2737,4638430.0
2016-11-20,1810.0,1800.0,1745.0,1745.0,0.0,711,1265604.0
2016-11-17,1850.0,1820.0,1800.0,1810.0,0.0,808,1463125.0
2016-11-16,1830.0,1850.0,1830.0,1850.0,0.0,923,1701880.0
2016-11-15,1845.0,1855.0,1820.0,1830.0,0.0,1060,1953841.0
2016-11-14,1830.0,1860.0,1805.0,1845.0,0.0,2013,3707371.0
2016-11-13,1840.0,1870.0,1830.0,1830.0,0.0,1898,3516090.0
2016-11-10,1845.0,1840.0,1825.0,1840.0,0.0,3177,5809291.0
2016-11-09,1900.0,1900.0,1840.0,1845.0,0.0,1792,3341010.0
2016-11-08,1925.0,1915.0,1885.0,1900.0,0.0,3727,7080237.0
2016-11-07,1960.0,1965.0,1925.0,1925.0,0.0,3658,7093850.0
2016-11-03,1954.0,1961.0,1945.0,1960.0,0.0,900,1759950.0
2016-10-27,1950.0,1956.0,1940.0,1954.0,0.0,1383,2693160.0
2016-10-26,1950.0,1965.0,1920.0,1950.0,0.0,2029,3961100.0
2016-10-25,1965.0,1960.0,1946.0,1950.0,0.0,2836,5535793.0
2016-10-24,1958.0,1978.0,1945.0,1965.0,0.0,3902,7637732.0
2016-10-23,1945.0,1970.0,1946.0,1958.0,0.0,5191,10137016.0
2016-10-20,1968.0,1960.0,1945.0,1945.0,0.0,4023,7850219.0
2016-10-19,1964.0,1968.0,1925.0,1968.0,0.0,1104,2146610.0
2016-10-18,1960.0,1973.0,1955.0,1964.0,0.0,1453,2852955.0
2016-10-17,1921.0,1960.0,1912.0,1960.0,0.0,2211,4298180.0
2016-10-16,1993.0,1993.0,1921.0,1921.0,0.0,1713,3342268.0
2016-10-06,1994.0,2000.0,1966.0,1993.0,0.0,3815,7597872.0
2016-10-05,1980.0,2019.0,1960.0,1994.0,0.0,1101,2180834.0
2016-10-04,1977.0,1985.0,1960.0,1980.0,0.0,4898,9657085.0
2016-10-03,1975.0,1990.0,1950.0,1977.0,0.0,4223,8338710.0
2016-10-02,1945.0,1975.0,1951.0,1975.0,0.0,3099,6079850.0
2016-09-29,1950.0,1955.0,1925.0,1945.0,0.0,6071,11755957.0
2016-09-28,1947.0,2005.0,1950.0,1950.0,0.0,2512,4969847.0
2016-09-27,1974.0,1970.0,1940.0,1947.0,0.0,2138,4167120.0
2016-09-26,1925.0,2037.0,1945.0,1974.0,0.0,1997,3934160.0
2016-09-25,1950.0,1955.0,1915.0,1925.0,0.0,6804,13190556.0
2016-09-22,1988.0,1970.0,1950.0,1950.0,0.0,10192,19965456.0
2016-09-21,1989.0,1994.0,1940.0,1988.0,0.0,6526,12831382.0
2016-09-20,2050.0,2080.0,1980.0,1989.0,0.0,12201,24358908.0
2016-09-18,2100.0,2099.0,2000.0,2050.0,0.0,10210,20924834.0
2016-09-14,2130.0,2203.0,2090.0,2100.0,0.0,14203,29997196.0
2016-09-12,2058.0,2130.0,2050.0,2130.0,0.0,10509,22095480.0
2016-09-11,2012.0,2060.0,2030.0,2058.0,0.0,16497,33736480.0
2016-09-08,1995.0,2033.0,1990.0,2012.0,0.0,20426,40936748.0
2016-09-07,1980.0,2005.0,1961.0,1995.0,0.0,17336,34504140.0
2016-09-06,1935.0,2015.0,1935.0,1980.0,0.0,13636,27173210.0
2016-09-05,1880.0,1940.0,1890.0,1935.0,0.0,21981,42205120.0
2016-09-04,1885.0,1900.0,1863.0,1880.0,0.0,12196,22971640.0
2016-09-03,1885.0,1900.0,1863.0,1880.0,0.0,12196,22971640.0
2016-09-01,1870.0,1905.0,1865.0,1885.0,0.0,9936,18742688.0
2016-08-31,1885.0,1899.0,1870.0,1870.0,0.0,17829,33511452.0
2016-08-30,1959.0,1950.0,1870.0,1885.0,0.0,37581,71437984.0
2016-08-29,1855.0,2040.0,1892.0,1959.0,0.0,94787,188643968.0
2016-08-28,1687.0,1855.0,1720.0,1855.0,0.0,4684,8681030.0
2016-08-24,1534.0,1687.0,1564.0,1687.0,0.0,2157,3635809.0
2016-08-23,1511.0,1550.0,1508.0,1534.0,0.0,18688,28550764.0
2016-08-22,1575.0,1588.0,1505.0,1511.0,0.0,24929,38197388.0
2016-08-21,1474.0,1575.0,1480.0,1575.0,0.0,39579,60761624.0
2016-08-17,1370.0,1474.0,1380.0,1474.0,0.0,11310,16194419.0
2016-08-16,1281.0,1370.0,1275.0,1370.0,0.0,3965,5213144.0
2016-08-15,1335.0,1372.0,1281.0,1281.0,0.0,2909,3819694.0
2016-08-14,1395.0,1381.0,1335.0,1335.0,0.0,3732,5067137.0
2016-08-11,1409.0,1415.0,1395.0,1395.0,0.0,1040,1453800.0
2016-08-10,1429.0,1486.0,1405.0,1409.0,0.0,2510,3599710.0
2016-08-09,1300.0,1429.0,1326.0,1429.0,0.0,5520,7818680.0
2016-08-08,1380.0,1353.0,1300.0,1300.0,0.0,1570,2098500.0
2016-08-07,1400.0,1454.0,1380.0,1380.0,0.0,4138,5844720.0
2016-08-04,1470.0,1460.0,1400.0,1400.0,0.0,6440,9193970.0
2016-08-03,1485.0,1470.0,1421.0,1470.0,0.0,4262,6159176.0
2016-08-02,1485.0,1489.0,1430.0,1485.0,0.0,3594,5304732.0
2016-08-01,1500.0,1510.0,1470.0,1485.0,0.0,3576,5309250.0
2016-07-31,1530.0,1524.0,1470.0,1500.0,0.0,3147,4751850.0
2016-07-28,1506.0,1540.0,1490.0,1530.0,0.0,1935,2937487.0
2016-07-27,1531.0,1535.0,1495.0,1506.0,0.0,5146,7786186.0
2016-07-26,1506.0,1550.0,1520.0,1531.0,0.0,7774,11950322.0
2016-07-25,1470.0,1530.0,1490.0,1506.0,0.0,3391,5117260.0
2016-07-21,1425.0,1508.0,1450.0,1470.0,0.0,1380,2046250.0
2016-07-20,1460.0,1480.0,1425.0,1425.0,0.0,4889,7108545.0
2016-07-19,1432.0,1548.0,1440.0,1460.0,0.0,6674,9897870.0
2016-07-18,1302.0,1432.0,1255.0,1432.0,0.0,2291,3104264.0
2016-07-17,1380.0,1380.0,1278.0,1302.0,0.0,2230,2936437.0
2016-07-14,1424.0,1440.0,1380.0,1380.0,0.0,7380,10447260.0
2016-07-13,1425.0,1453.0,1400.0,1424.0,0.0,2244,3179073.0
2016-07-12,1460.0,1479.0,1425.0,1425.0,0.0,4716,6824068.0
2016-07-11,1500.0,1500.0,1450.0,1460.0,0.0,2718,3968380.0
2016-07-10,1495.0,1524.0,1486.0,1500.0,0.0,4976,7455410.0
2016-07-06,1520.0,1530.0,1475.0,1495.0,0.0,1794,2679740.0
2016-07-05,1535.0,1529.0,1485.0,1520.0,0.0,2967,4484653.0
2016-07-04,1542.0,1560.0,1511.0,1535.0,0.0,8325,12732895.0
2016-07-03,1600.0,1600.0,1542.0,1542.0,0.0,2920,4541450.0
2016-06-30,1585.0,1610.0,1540.0,1600.0,0.0,10846,17066772.0
2016-06-29,1600.0,1632.0,1575.0,1585.0,0.0,7170,11396720.0
2016-06-28,1560.0,1610.0,1549.0,1600.0,0.0,9264,14726951.0
2016-06-27,1585.0,1580.0,1505.0,1560.0,0.0,4783,7373935.0
2016-06-26,1605.0,1615.0,1555.0,1585.0,0.0,17121,27287864.0
2016-06-23,1590.0,1672.0,1600.0,1605.0,0.0,31341,51274600.0
2016-06-22,1590.0,1603.0,1587.0,1590.0,0.0,15057,24017466.0
2016-06-21,1510.0,1610.0,1510.0,1590.0,0.0,14107,22103572.0
2016-06-20,1590.0,1580.0,1481.0,1510.0,0.0,8983,13751506.0
2016-06-19,1570.0,1632.0,1475.0,1590.0,0.0,17296,26984412.0
2016-06-16,1482.0,1630.0,1495.0,1570.0,0.0,28989,45369536.0
2016-06-15,1420.0,1482.0,1420.0,1482.0,0.0,9606,14032147.0
2016-06-14,1435.0,1463.0,1420.0,1420.0,0.0,9558,13751356.0
2016-06-13,1452.0,1435.0,1400.0,1435.0,0.0,12745,18002344.0
2016-06-12,1474.0,1510.0,1400.0,1452.0,0.0,16839,24680516.0
2016-06-09,1383.0,1502.0,1363.0,1474.0,0.0,17696,26057358.0
2016-06-08,1545.0,1670.0,1561.0,1660.0,0.0,75883,121929456.0
2016-06-07,1480.0,1545.0,1485.0,1545.0,0.0,25656,38930000.0
2016-06-06,1455.0,1494.0,1456.0,1480.0,0.0,20197,29683898.0
2016-06-05,1469.0,1495.0,1434.0,1455.0,0.0,11636,16953308.0
2016-06-02,1460.0,1495.0,1435.0,1469.0,0.0,9225,13520470.0
2016-06-01,1460.0,1474.0,1415.0,1460.0,0.0,11741,16825960.0
2016-05-31,1485.0,1489.0,1457.0,1460.0,0.0,15938,23346970.0
2016-05-30,1487.0,1500.0,1480.0,1485.0,0.0,11462,17099246.0
2016-05-29,1403.0,1505.0,1431.0,1487.0,0.0,40468,59475632.0
2016-05-26,1370.0,1403.0,1325.0,1403.0,0.0,25846,35335888.0
2016-05-25,1408.0,1420.0,1360.0,1370.0,0.0,22579,31300496.0
2016-05-24,1320.0,1422.0,1340.0,1408.0,0.0,38944,54700156.0
2016-05-23,1217.0,1320.0,1177.0,1320.0,0.0,66361,85578408.0
2016-05-22,1107.0,1217.0,1120.0,1217.0,0.0,33223,39295332.0
2016-05-19,1088.0,1131.0,1098.0,1107.0,0.0,18927,21017868.0
2016-05-18,1060.0,1090.0,1040.0,1088.0,0.0,19156,20622652.0
2016-05-17,1044.0,1063.0,1025.0,1060.0,0.0,10205,10672615.0
2016-05-16,1058.0,1079.0,1025.0,1044.0,0.0,18056,18784480.0
2016-05-15,985.0,1058.0,995.0,1058.0,0.0,38751,39290144.0
2016-05-12,965.0,1000.0,965.0,985.0,0.0,18416,18270044.0
2016-05-11,944.0,980.0,955.0,965.0,0.0,16579,16033665.0
2016-05-10,891.0,955.0,905.0,944.0,0.0,11817,11096288.0
2016-05-09,890.0,895.0,885.0,891.0,0.0,10024,8900142.0
2016-05-08,900.0,900.0,886.0,890.0,0.0,996,890311.0
2016-05-05,900.0,900.0,900.0,900.0,0.0,107,96300.0
2016-05-04,899.0,900.0,889.0,900.0,0.0,5705,5092580.0
2016-05-03,900.0,899.0,883.0,899.0,0.0,4527,4039794.0
2016-04-28,899.0,900.0,890.0,900.0,0.0,530,474300.0
2016-04-27,900.0,899.0,885.0,899.0,0.0,670,600650.0
2016-04-26,915.0,920.0,900.0,900.0,0.0,3132,2827910.0
2016-04-25,900.0,915.0,900.0,915.0,0.0,2070,1871052.0
2016-04-24,925.0,918.0,895.0,900.0,0.0,3000,2703100.0
2016-04-21,912.0,928.0,916.0,925.0,0.0,2676,2467820.0
2016-04-20,930.0,915.0,912.0,912.0,0.0,211,192565.0
2016-04-19,930.0,948.0,928.0,930.0,0.0,518,483404.0
2016-04-18,910.0,940.0,920.0,930.0,0.0,4066,3798414.0
2016-04-17,893.0,910.0,887.0,910.0,0.0,1063,957161.0
2016-04-14,910.0,900.0,893.0,893.0,0.0,874,786180.0
2016-04-12,890.0,910.0,889.0,910.0,0.0,2062,1857060.0
2016-04-11,900.0,890.0,890.0,890.0,0.0,200,178000.0
2016-04-10,913.0,931.0,900.0,900.0,0.0,4837,4390285.0
2016-04-06,910.0,920.0,910.0,913.0,0.0,1416,1292250.0
2016-04-05,900.0,918.0,902.0,910.0,0.0,2261,2061123.0
2016-04-04,902.0,915.0,897.0,900.0,0.0,7031,6339660.0
2016-04-03,910.0,908.0,890.0,902.0,0.0,4347,3920855.0
2016-03-31,922.0,920.0,908.0,910.0,0.0,3182,2900933.0
2016-03-30,931.0,935.0,920.0,922.0,0.0,3399,3140535.0
2016-03-29,938.0,952.0,920.0,931.0,0.0,4821,4513026.0
2016-03-28,925.0,943.0,900.0,938.0,0.0,8571,7858280.0
2016-03-27,931.0,935.0,900.0,925.0,0.0,7409,6842373.0
2016-03-24,964.0,952.0,917.0,931.0,0.0,8689,8098337.0
2016-03-23,970.0,965.0,957.0,964.0,0.0,4870,4679641.0
2016-03-21,970.0,989.0,965.0,970.0,0.0,12993,12678340.0
2016-03-20,940.0,973.0,946.0,970.0,0.0,13564,12988821.0
2016-03-17,936.0,964.0,931.0,940.0,0.0,20542,19453084.0
2016-03-16,902.0,955.0,920.0,936.0,0.0,32245,30079092.0
2016-03-15,857.0,903.0,849.0,902.0,0.0,19237,17021234.0
2016-03-14,880.0,889.0,857.0,857.0,0.0,12258,10638688.0
2016-03-13,918.0,936.0,865.0,880.0,0.0,25098,22570208.0
2016-03-10,835.0,918.0,851.0,918.0,0.0,41554,37365348.0
2016-03-06,797.0,841.0,810.0,835.0,0.0,20535,16979124.0
2016-03-03,780.0,803.0,790.0,797.0,0.0,11495,9123959.0
2016-03-02,765.0,790.0,775.0,780.0,0.0,8958,6977038.0
2016-03-01,765.0,765.0,755.0,765.0,0.0,4723,3582251.0
2016-02-29,765.0,765.0,765.0,765.0,0.0,1100,841500.0
2016-02-28,769.0,783.0,762.0,765.0,0.0,2710,2096748.0
2016-02-25,766.0,775.0,760.0,769.0,0.0,3572,2727985.0
2016-02-24,770.0,766.0,760.0,766.0,0.0,2968,2267980.0
2016-02-23,763.0,770.0,749.0,770.0,0.0,2787,2122231.0
2016-02-22,785.0,775.0,763.0,763.0,0.0,1058,817842.0
2016-02-21,785.0,789.0,777.0,785.0,0.0,9288,7276864.0
2016-02-18,788.0,800.0,775.0,785.0,0.0,8745,6866434.0
2016-02-17,775.0,794.0,775.0,788.0,0.0,13234,10416202.0
2016-02-16,755.0,775.0,759.0,775.0,0.0,10925,8414201.0
2016-02-15,756.0,755.0,733.0,755.0,0.0,4270,3174580.0
2016-02-14,785.0,792.0,756.0,756.0,0.0,4278,3302822.0
2016-02-11,770.0,788.0,770.0,785.0,0.0,15878,12374200.0
2016-02-08,739.0,770.0,735.0,770.0,0.0,18842,14168779.0
2016-02-07,729.0,760.0,720.0,739.0,0.0,28979,21476300.0
2016-02-04,705.0,729.0,700.0,729.0,0.0,19540,14011471.0
2016-02-03,695.0,708.0,685.0,705.0,0.0,2467,1712585.0
2016-02-02,694.0,710.0,690.0,695.0,0.0,3796,2645720.0
2016-02-01,699.0,703.0,694.0,694.0,0.0,1517,1054666.0
2016-01-31,690.0,704.0,695.0,699.0,0.0,1736,1215101.0
2016-01-28,700.0,695.0,685.0,690.0,0.0,3504,2408590.0
2016-01-27,710.0,710.0,700.0,700.0,0.0,2650,1863170.0
2016-01-26,725.0,730.0,710.0,710.0,0.0,9198,6614705.0
2016-01-25,735.0,745.0,717.0,725.0,0.0,7106,5175310.0
2016-01-24,712.0,736.0,700.0,735.0,0.0,9334,6628315.0
2016-01-21,715.0,712.0,707.0,712.0,0.0,12688,9013886.0
2016-01-20,714.0,715.0,700.0,715.0,0.0,8389,5925823.0
2016-01-19,720.0,714.0,700.0,714.0,0.0,6696,4716791.0
2016-01-18,725.0,730.0,702.0,720.0,0.0,4585,3268410.0
2016-01-17,713.0,728.0,714.0,725.0,0.0,9209,6650122.0
2016-01-14,717.0,726.0,705.0,713.0,0.0,8539,6128164.0
2016-01-13,710.0,719.0,710.0,717.0,0.0,10792,7708376.0
2016-01-12,703.0,715.0,700.0,710.0,0.0,17735,12484607.0
2016-01-11,710.0,715.0,695.0,703.0,0.0,12975,9071736.0
2016-01-10,705.0,736.0,705.0,710.0,0.0,33729,24286894.0
2016-01-07,655.0,710.0,668.0,705.0,0.0,29556,20511084.0
2016-01-06,654.0,655.0,610.0,655.0,0.0,22069,14045155.0
2016-01-05,671.0,684.0,642.0,654.0,0.0,24829,16318925.0
2016-01-04,610.0,671.0,600.0,671.0,0.0,57596,36967536.0
2016-01-03,555.0,610.0,566.0,610.0,0.0,12351,7512735.0
2015-12-31,521.0,560.0,531.0,555.0,0.0,7123,3891075.0
2015-12-29,500.0,530.0,495.0,521.0,0.0,3239,1670742.0
2015-12-28,520.0,511.0,500.0,500.0,0.0,1483,754500.0
2015-12-27,510.0,560.0,490.0,520.0,0.0,5481,2865055.0
2015-12-24,469.0,510.0,478.0,510.0,0.0,10916,5407970.0
2015-12-23,430.0,469.0,438.0,469.0,0.0,2325,1040511.0
2015-12-22,438.0,430.0,430.0,430.0,0.0,42,18060.0
2015-12-21,445.0,438.0,438.0,438.0,0.0,500,219000.0
2015-12-20,438.0,454.0,445.0,445.0,0.0,641,285546.0
2015-12-17,435.0,440.0,430.0,438.0,0.0,2034,889392.0
2015-12-16,437.0,453.0,435.0,435.0,0.0,5756,2546611.0
2015-12-15,431.0,464.0,435.0,437.0,0.0,1736,777894.0
2015-12-13,423.0,431.0,431.0,431.0,0.0,200,86200.0
2015-12-10,415.0,423.0,407.0,423.0,0.0,3307,1349661.0
2015-12-09,415.0,415.0,407.0,415.0,0.0,1573,649195.0
2015-12-08,420.0,415.0,412.0,415.0,0.0,1000,413500.0
2015-12-07,397.0,420.0,404.0,420.0,0.0,37,15188.0
2015-10-19,390.0,397.0,397.0,397.0,0.0,100,39700.0
2015-10-15,395.0,395.0,390.0,390.0,0.0,1500,587500.0
2015-10-14,396.0,395.0,395.0,395.0,0.0,500,197500.0
2015-10-07,420.0,412.0,396.0,396.0,0.0,30,12120.0
2015-10-06,420.0,428.0,420.0,420.0,0.0,300,126800.0
2015-10-05,427.0,423.0,420.0,420.0,0.0,1100,463700.0
2015-10-04,452.0,443.0,427.0,427.0,0.0,1043,449537.0
2015-09-30,461.0,452.0,452.0,452.0,0.0,100,45200.0
2015-09-24,470.0,461.0,461.0,461.0,0.0,150,69150.0
2015-09-10,475.0,470.0,470.0,470.0,0.0,100,47000.0
2015-09-08,475.0,475.0,475.0,475.0,0.0,100,47500.0
2015-09-02,475.0,480.0,475.0,475.0,0.0,450,214500.0
2015-09-01,476.0,480.0,466.0,475.0,0.0,997,472686.0
2015-08-31,473.0,510.0,476.0,476.0,0.0,3445,1693125.0
2015-08-27,480.0,482.0,470.0,473.0,0.0,2505,1186555.0
2015-08-24,457.0,480.0,462.0,480.0,0.0,2287,1075065.0
2015-08-23,482.0,473.0,456.0,457.0,0.0,1960,912990.0
2015-08-20,462.0,491.0,470.0,482.0,0.0,4374,2113234.0
2015-08-19,420.0,462.0,420.0,462.0,0.0,2953,1323936.0
2015-08-18,425.0,420.0,414.0,420.0,0.0,1352,561870.0
2015-08-17,410.0,425.0,418.0,425.0,0.0,240,100600.0
2015-08-16,395.0,418.0,400.0,410.0,0.0,2631,1067630.0
2015-08-05,402.0,395.0,395.0,395.0,0.0,100,39500.0
2015-08-04,411.0,403.0,402.0,402.0,0.0,30,12080.0
2015-08-03,403.0,411.0,411.0,411.0,0.0,30,12330.0
2015-07-27,395.0,403.0,402.0,403.0,0.0,150,60350.0
2015-07-23,368.0,403.0,375.0,395.0,0.0,915,358000.0
2015-07-22,381.0,375.0,368.0,368.0,0.0,1300,480950.0
2015-07-16,423.0,415.0,381.0,381.0,0.0,3082,1176386.0
2015-07-15,401.0,423.0,408.0,423.0,0.0,30,12470.0
2015-07-14,394.0,401.0,401.0,401.0,0.0,10,4010.0
2015-07-12,395.0,402.0,394.0,394.0,0.0,300,118730.0
2015-07-02,415.0,456.0,395.0,395.0,0.0,1881,781945.0
2015-07-01,378.0,415.0,385.0,415.0,0.0,1010,413700.0
2015-06-23,385.0,378.0,378.0,378.0,0.0,298,112644.0
2015-04-09,378.0,385.0,385.0,385.0,0.0,20,7700.0
2015-04-08,385.0,378.0,378.0,378.0,0.0,174,65772.0
2015-04-07,392.0,385.0,385.0,385.0,0.0,85,32725.0
2015-03-29,427.0,392.0,392.0,392.0,0.0,50,19600.0
2015-03-24,438.0,440.0,424.0,427.0,0.0,1704,731402.0
2015-03-23,447.0,445.0,438.0,438.0,0.0,780,344249.0
2015-03-22,445.0,447.0,447.0,447.0,0.0,44,19668.0
2015-03-19,446.0,454.0,445.0,445.0,0.0,972,436038.0
2015-03-18,455.0,446.0,446.0,446.0,0.0,162,72252.0
2015-03-16,464.0,455.0,455.0,455.0,0.0,333,151515.0
2015-03-15,464.0,464.0,464.0,464.0,0.0,1030,477920.0
2015-03-12,445.0,464.0,452.0,464.0,0.0,740,335070.0
2015-03-11,456.0,450.0,445.0,445.0,0.0,1200,535000.0
2015-03-09,445.0,456.0,448.0,456.0,0.0,190,85200.0
2015-03-03,455.0,446.0,445.0,445.0,0.0,220,97912.0
2015-03-01,456.0,455.0,442.0,455.0,0.0,6278,2804737.0
2015-02-25,465.0,456.0,456.0,456.0,0.0,612,279072.0
2015-02-24,465.0,470.0,465.0,465.0,0.0,170,79600.0
2015-02-22,470.0,465.0,461.0,465.0,0.0,636,293740.0
2015-02-15,462.0,475.0,470.0,470.0,0.0,1623,766475.0
2015-02-12,462.0,462.0,462.0,462.0,0.0,201,92862.0
2015-02-11,477.0,468.0,462.0,462.0,0.0,601,278268.0
2015-02-10,495.0,486.0,477.0,477.0,0.0,192,92403.0
2015-02-09,521.0,511.0,491.0,495.0,0.0,556,276196.0
2015-02-05,492.0,521.0,501.0,521.0,0.0,50,25350.0
2015-02-04,484.0,492.0,492.0,492.0,0.0,10,4920.0
2015-02-01,477.0,484.0,484.0,484.0,0.0,200,96800.0
2015-01-28,485.0,485.0,477.0,477.0,0.0,1440,695200.0
2015-01-27,469.0,485.0,470.0,485.0,0.0,1411,670785.0
2015-01-26,453.0,469.0,460.0,469.0,0.0,510,234690.0
2015-01-25,451.0,453.0,442.0,453.0,0.0,2726,1211521.0
2015-01-22,460.0,452.0,451.0,451.0,0.0,2150,970650.0
2015-01-19,441.0,473.0,449.0,460.0,0.0,2433,1126702.0
2015-01-14,445.0,441.0,441.0,441.0,0.0,400,176400.0
2015-01-13,441.0,445.0,445.0,445.0,0.0,1000,445000.0
2015-01-12,445.0,445.0,441.0,441.0,0.0,932,412740.0
2015-01-11,444.0,452.0,445.0,445.0,0.0,583,260016.0
2015-01-08,439.0,444.0,435.0,444.0,0.0,1780,786050.0
2015-01-07,445.0,439.0,439.0,439.0,0.0,335,147065.0
2015-01-06,461.0,452.0,440.0,445.0,0.0,1779,793194.0
2015-01-05,473.0,464.0,450.0,461.0,0.0,2284,1041661.0
2014-12-31,491.0,482.0,473.0,473.0,0.0,80,38020.0
2014-12-29,482.0,491.0,491.0,491.0,0.0,10,4910.0
2014-12-28,464.0,482.0,473.0,482.0,0.0,31,14753.0
2014-12-24,461.0,464.0,431.0,464.0,0.0,3819,1682693.0
2014-12-22,505.0,495.0,461.0,461.0,0.0,1617,764850.0
2014-12-21,515.0,505.0,505.0,505.0,0.0,251,126755.0
2014-12-18,512.0,522.0,515.0,515.0,0.0,330,170188.0
2014-12-17,500.0,530.0,500.0,512.0,0.0,22736,11396000.0
2014-12-16,519.0,515.0,500.0,500.0,0.0,758,381048.0
2014-12-15,500.0,520.0,510.0,519.0,0.0,3281,1687470.0
2014-12-14,500.0,500.0,500.0,500.0,0.0,550,275000.0
2014-12-11,510.0,510.0,500.0,500.0,0.0,1036,519990.0
2014-12-10,525.0,515.0,490.0,510.0,0.0,7868,3924713.0
2014-12-09,535.0,525.0,525.0,525.0,0.0,12,6300.0
2014-12-04,526.0,535.0,535.0,535.0,0.0,150,80250.0
2014-12-01,533.0,526.0,526.0,526.0,0.0,671,352946.0
2014-11-23,535.0,545.0,533.0,533.0,0.0,1040,556720.0
2014-11-20,549.0,539.0,529.0,535.0,0.0,1093,583747.0
2014-11-17,539.0,549.0,549.0,549.0,0.0,10,5490.0
2014-11-16,540.0,548.0,539.0,539.0,0.0,349,189461.0
2014-11-13,543.0,540.0,540.0,540.0,0.0,147,79380.0
2014-11-11,554.0,543.0,543.0,543.0,0.0,282,153126.0
2014-11-09,557.0,565.0,554.0,554.0,0.0,530,293950.0
2014-11-06,550.0,557.0,557.0,557.0,0.0,294,163758.0
2014-11-05,550.0,560.0,550.0,550.0,0.0,2726,1513129.0
2014-11-04,547.0,550.0,537.0,550.0,0.0,186,100237.0
2014-11-03,550.0,555.0,544.0,547.0,0.0,1968,1075480.0
2014-11-02,560.0,565.0,550.0,550.0,0.0,5249,2927994.0
2014-10-30,575.0,570.0,560.0,560.0,0.0,958,541620.0
2014-10-28,571.0,575.0,574.0,575.0,0.0,1500,861500.0
2014-10-27,581.0,592.0,571.0,571.0,0.0,3227,1863711.0
2014-10-26,561.0,581.0,560.0,581.0,0.0,1995,1129378.0
2014-10-22,536.0,561.0,545.0,561.0,0.0,1662,923988.0
2014-10-21,546.0,536.0,536.0,536.0,0.0,741,397176.0
2014-10-20,536.0,546.0,546.0,546.0,0.0,12,6552.0
2014-10-19,532.0,542.0,536.0,536.0,0.0,530,286696.0
2014-10-16,540.0,532.0,532.0,532.0,0.0,170,90440.0
2014-10-15,525.0,542.0,525.0,540.0,0.0,1545,825425.0
2014-10-14,520.0,538.0,525.0,525.0,0.0,2807,1482588.0
2014-10-13,528.0,520.0,520.0,520.0,0.0,1059,550680.0
2014-10-12,543.0,538.0,528.0,528.0,0.0,330,176240.0
2014-10-09,547.0,548.0,543.0,543.0,0.0,529,288606.0
2014-10-08,565.0,554.0,545.0,547.0,0.0,1859,1020757.0
2014-09-30,539.0,585.0,539.0,565.0,0.0,44002,24470372.0
2014-09-29,518.0,545.0,499.0,539.0,0.0,2571,1353432.0
2014-09-28,545.0,535.0,515.0,518.0,0.0,1643,857245.0
2014-09-23,520.0,545.0,530.0,545.0,0.0,50,26750.0
2014-09-17,510.0,520.0,520.0,520.0,0.0,30,15600.0
2014-09-16,500.0,510.0,510.0,510.0,0.0,10,5100.0
2014-09-11,532.0,522.0,500.0,500.0,0.0,3669,1896478.0
2014-09-10,532.0,532.0,512.0,532.0,0.0,320,166140.0
2014-09-09,525.0,532.0,515.0,532.0,0.0,732,377324.0
2014-09-07,535.0,525.0,525.0,525.0,0.0,45,23625.0
2014-09-04,544.0,535.0,534.0,535.0,0.0,150,80150.0
2014-09-03,555.0,544.0,544.0,544.0,0.0,60,32640.0
2014-08-31,575.0,564.0,555.0,555.0,0.0,234,130770.0
2014-08-27,564.0,586.0,575.0,575.0,0.0,96,55310.0
2014-08-25,575.0,564.0,564.0,564.0,0.0,100,56400.0
2014-08-18,577.0,577.0,570.0,575.0,0.0,1531,877325.0
2014-08-14,566.0,577.0,577.0,577.0,0.0,15,8655.0
2014-08-13,540.0,566.0,545.0,566.0,0.0,1944,1074806.0
2014-08-12,530.0,540.0,530.0,540.0,0.0,24584,13030360.0
2014-08-07,550.0,539.0,530.0,530.0,0.0,24,12828.0
2014-08-06,565.0,571.0,550.0,550.0,0.0,2413,1342940.0
2014-08-05,569.0,565.0,565.0,565.0,0.0,532,300580.0
2014-08-04,576.0,570.0,569.0,569.0,0.0,1974,1124680.0
2014-08-03,587.0,576.0,576.0,576.0,0.0,82,47232.0
2014-07-31,575.0,587.0,565.0,587.0,0.0,216,124735.0
2014-07-30,600.0,600.0,566.0,575.0,0.0,2720,1563673.0
2014-07-27,600.0,611.0,600.0,600.0,0.0,2310,1391084.0
2014-07-24,604.0,605.0,600.0,600.0,0.0,1425,856250.0
2014-07-23,606.0,609.0,604.0,604.0,0.0,1495,906274.0
2014-07-22,606.0,606.0,594.0,606.0,0.0,323,194478.0
2014-07-21,610.0,630.0,606.0,606.0,0.0,3499,2149586.0
2014-07-20,580.0,610.0,590.0,610.0,0.0,5678,3406009.0
2014-07-17,590.0,590.0,575.0,580.0,0.0,5954,3448832.0
2014-07-16,565.0,590.0,570.0,590.0,0.0,3312,1908878.0
2014-07-15,575.0,567.0,565.0,565.0,0.0,908,513582.0
2014-07-14,575.0,586.0,575.0,575.0,0.0,1321,767825.0
2014-07-13,586.0,590.0,575.0,575.0,0.0,5577,3235253.0
2014-07-10,595.0,591.0,581.0,586.0,0.0,4055,2375049.0
2014-07-09,600.0,602.0,584.0,595.0,0.0,7095,4213566.0
2014-07-08,600.0,614.0,600.0,600.0,0.0,9984,6043123.0
2014-07-07,585.0,609.0,590.0,600.0,0.0,2273,1356437.0
2014-07-06,554.0,585.0,562.0,585.0,0.0,9796,5583596.0
2014-07-03,550.0,565.0,552.0,554.0,0.0,32558,18195808.0
2014-07-02,563.0,596.0,550.0,550.0,0.0,12007,6910265.0
2014-07-01,525.0,565.0,525.0,563.0,0.0,24101,13248995.0
2014-06-30,517.0,525.0,501.0,525.0,0.0,7871,4042631.0
2014-06-29,541.0,545.0,510.0,517.0,0.0,17964,9345689.0
2014-06-26,500.0,541.0,504.0,541.0,0.0,13161,6970648.0
2014-06-25,490.0,500.0,481.0,500.0,0.0,4558,2257993.0
2014-06-24,494.0,500.0,490.0,490.0,0.0,7002,3445890.0
2014-06-23,490.0,495.0,486.0,494.0,0.0,4537,2216613.0
2014-06-19,495.0,505.0,490.0,490.0,0.0,4565,2273636.0
2014-06-18,500.0,505.0,486.0,495.0,0.0,9229,4543812.0
2014-06-17,489.0,507.0,495.0,500.0,0.0,5003,2501416.0
2014-06-16,468.0,489.0,465.0,489.0,0.0,11014,5263173.0
2014-06-15,467.0,476.0,468.0,468.0,0.0,1431,676725.0
2014-06-12,455.0,467.0,446.0,467.0,0.0,2685,1232670.0
2014-06-11,460.0,460.0,451.0,455.0,0.0,4729,2143931.0
2014-06-10,462.0,465.0,460.0,460.0,0.0,650,301500.0
2014-06-09,460.0,465.0,462.0,462.0,0.0,313,145245.0
2014-06-08,452.0,460.0,460.0,460.0,0.0,173,79580.0
2014-06-05,460.0,456.0,448.0,452.0,0.0,1455,661813.0
2014-06-04,469.0,460.0,460.0,460.0,0.0,100,46000.0
2014-06-03,466.0,470.0,460.0,469.0,0.0,5094,2378262.0
2014-06-02,470.0,475.0,466.0,466.0,0.0,600,284100.0
2014-06-01,474.0,474.0,470.0,470.0,0.0,571,268490.0
2014-05-28,465.0,474.0,469.0,474.0,0.0,372,175173.0
2014-05-27,478.0,471.0,465.0,465.0,0.0,3707,1735830.0
2014-05-26,470.0,478.0,470.0,478.0,0.0,1100,517800.0
2014-05-25,466.0,489.0,457.0,470.0,0.0,2659,1240893.0
2014-05-22,470.0,471.0,461.0,466.0,0.0,1250,579404.0
2014-05-21,460.0,470.0,461.0,470.0,0.0,2299,1078271.0
2014-05-20,470.0,465.0,460.0,460.0,0.0,7054,3250202.0
2014-05-19,470.0,470.0,468.0,470.0,0.0,931,437302.0
2014-05-18,470.0,470.0,460.0,470.0,0.0,557,258573.0
2014-05-15,475.0,470.0,470.0,470.0,0.0,100,47000.0
2014-05-12,495.0,490.0,475.0,475.0,0.0,2935,1420265.0
2014-05-11,472.0,498.0,460.0,495.0,0.0,4522,2130867.0
2014-05-08,490.0,481.0,472.0,472.0,0.0,1658,785573.0
2014-05-07,480.0,507.0,480.0,490.0,0.0,8758,4324141.0
2014-05-06,487.0,489.0,465.0,480.0,0.0,7426,3506250.0
2014-05-05,506.0,554.0,486.0,487.0,0.0,16695,8720842.0
2014-05-04,490.0,509.0,481.0,506.0,0.0,15330,7578827.0
2014-04-30,467.0,510.0,475.0,490.0,0.0,16388,8023966.0
2014-04-29,446.0,468.0,450.0,467.0,0.0,16446,7479623.0
2014-04-28,451.0,459.0,446.0,446.0,0.0,10319,4641994.0
2014-04-27,435.0,451.0,427.0,451.0,0.0,23047,9863951.0
2014-04-23,423.0,445.0,423.0,435.0,0.0,13070,5657981.0
2014-04-22,385.0,423.0,380.0,423.0,0.0,15677,6393453.0
2014-04-21,380.0,385.0,380.0,385.0,0.0,2005,769402.0
2014-04-20,397.0,402.0,377.0,380.0,0.0,10516,4136227.0
2014-04-17,408.0,404.0,397.0,397.0,0.0,461,185020.0
2014-04-16,400.0,409.0,402.0,408.0,0.0,2832,1147186.0
2014-04-15,415.0,420.0,393.0,400.0,0.0,9637,3871800.0
2014-04-13,414.0,422.0,415.0,415.0,0.0,448,186130.0
2014-04-10,402.0,426.0,410.0,414.0,0.0,1853,764944.0
2014-04-09,425.0,417.0,402.0,402.0,0.0,1400,569100.0
2014-04-06,409.0,425.0,417.0,425.0,0.0,90,37610.0
2014-04-03,417.0,413.0,409.0,409.0,0.0,1235,506553.0
2014-04-02,431.0,423.0,417.0,417.0,0.0,143,60009.0
2014-04-01,415.0,431.0,410.0,431.0,0.0,1060,443880.0
2014-03-31,401.0,415.0,400.0,415.0,0.0,981,398765.0
2014-03-27,400.0,401.0,392.0,401.0,0.0,2191,867650.0
2014-03-26,410.0,417.0,400.0,400.0,0.0,3561,1440557.0
2014-03-25,402.0,418.0,406.0,410.0,0.0,2478,1013366.0
2014-03-24,390.0,410.0,390.0,402.0,0.0,1308,525141.0
2014-03-23,380.0,392.0,387.0,390.0,0.0,574,223396.0
2014-03-20,385.0,385.0,380.0,380.0,0.0,202,77265.0
2014-03-19,399.0,392.0,385.0,385.0,0.0,1117,433794.0
2014-03-18,407.0,399.0,399.0,399.0,0.0,134,53466.0
2014-03-17,414.0,408.0,406.0,407.0,0.0,740,300781.0
2014-03-13,422.0,414.0,414.0,414.0,0.0,134,55476.0
2014-03-13,422.0,414.0,414.0,414.0,0.0,134,55476.0
2014-03-09,430.0,429.0,421.0,422.0,0.0,1904,809706.0
2014-03-06,455.0,448.0,430.0,430.0,0.0,714,313930.0
2014-03-05,473.0,473.0,450.0,455.0,0.0,3508,1605805.0
2014-03-04,482.0,473.0,473.0,473.0,0.0,30,14190.0
2014-03-03,491.0,482.0,482.0,482.0,0.0,33,15906.0
2014-02-26,497.0,500.0,491.0,491.0,0.0,271,134861.0
2014-02-25,489.0,507.0,497.0,497.0,0.0,170,84820.0
2014-02-24,500.0,530.0,481.0,489.0,0.0,4835,2394860.0
2014-02-23,475.0,512.0,484.0,500.0,0.0,6753,3396404.0
2014-02-20,445.0,483.0,437.0,475.0,0.0,5818,2694224.0
2014-02-18,415.0,454.0,423.0,445.0,0.0,2478,1099256.0
2014-02-17,428.0,422.0,410.0,415.0,0.0,2430,1011100.0
2014-02-16,415.0,428.0,415.0,428.0,0.0,1206,505711.0
2014-02-13,420.0,415.0,406.0,415.0,0.0,1324,540920.0
2014-02-12,415.0,420.0,415.0,420.0,0.0,1845,773270.0
2014-02-11,451.0,445.0,415.0,415.0,0.0,1529,655482.0
2014-02-10,434.0,459.0,442.0,451.0,0.0,560,249170.0
2014-02-09,427.0,435.0,434.0,434.0,0.0,224,97246.0
2014-02-06,440.0,440.0,427.0,427.0,0.0,445,194515.0
2014-02-04,436.0,459.0,444.0,459.0,0.0,425,192026.0
2014-02-03,397.0,436.0,404.0,436.0,0.0,3493,1517476.0
2014-02-02,361.0,397.0,368.0,397.0,0.0,2222,879317.0
2014-01-27,336.0,361.0,342.0,361.0,0.0,146,51376.0
2014-01-26,318.0,336.0,324.0,336.0,0.0,110,36300.0
2014-01-21,324.0,318.0,318.0,318.0,0.0,71,22578.0
2014-01-16,318.0,324.0,324.0,324.0,0.0,60,19440.0
2014-01-14,318.0,318.0,312.0,318.0,0.0,471,149352.0
2014-01-12,312.0,318.0,318.0,318.0,0.0,30,9540.0
2014-01-09,300.0,312.0,306.0,312.0,0.0,94,29028.0
2014-01-07,290.0,300.0,295.0,300.0,0.0,235,69830.0
2014-01-02,288.0,290.0,290.0,290.0,0.0,38,11020.0
2013-12-31,630.0,620.0,567.0,567.0,0.0,4656,2723770.0
2013-12-29,687.0,700.0,630.0,630.0,0.0,3096,2029255.0
2013-12-26,704.0,718.0,687.0,687.0,0.0,961,676454.0
2013-12-24,652.0,704.0,665.0,704.0,0.0,551,373903.0
2013-12-23,616.0,652.0,625.0,652.0,0.0,465,295155.0
2013-12-22,560.0,616.0,566.0,616.0,0.0,4862,2799036.0
2013-12-19,563.0,574.0,560.0,560.0,0.0,1382,778410.0
2013-12-18,550.0,563.0,561.0,563.0,0.0,3961,2228521.0
2013-12-16,540.0,561.0,540.0,550.0,0.0,5090,2781150.0
2013-12-15,520.0,545.0,520.0,540.0,0.0,6080,3238691.0
2013-12-12,550.0,540.0,520.0,520.0,0.0,165,86700.0
2013-12-11,560.0,560.0,550.0,550.0,0.0,601,335550.0
2013-12-09,560.0,560.0,560.0,560.0,0.0,204,114240.0
2013-12-08,560.0,562.0,550.0,560.0,0.0,2758,1541588.0
2013-12-05,531.0,566.0,541.0,560.0,0.0,3334,1830326.0
2013-12-03,521.0,531.0,531.0,531.0,0.0,20,10620.0
2013-12-02,474.0,521.0,483.0,521.0,0.0,1909,957957.0
2013-12-01,455.0,474.0,451.0,474.0,0.0,4524,2066540.0
2013-11-28,443.0,460.0,451.0,455.0,0.0,2245,1023231.0
2013-11-27,403.0,443.0,411.0,443.0,0.0,1574,668220.0
2013-11-26,375.0,403.0,382.0,403.0,0.0,1640,651680.0
2013-11-25,359.0,380.0,366.0,375.0,0.0,3564,1322242.0
2013-11-24,345.0,359.0,351.0,359.0,0.0,3800,1338800.0
2013-11-14,358.0,351.0,345.0,345.0,0.0,1425,494625.0
2013-11-13,345.0,358.0,351.0,358.0,0.0,520,186020.0
2013-11-07,351.0,345.0,345.0,345.0,0.0,990,341550.0
2013-10-31,373.0,366.0,346.0,351.0,0.0,3413,1201649.0
2013-10-30,380.0,373.0,373.0,373.0,0.0,68,25364.0
2013-10-27,380.0,380.0,380.0,380.0,0.0,202,76760.0
2013-10-22,380.0,380.0,380.0,380.0,0.0,645,245100.0
2013-10-20,387.0,380.0,380.0,380.0,0.0,202,76760.0
2013-10-10,380.0,387.0,387.0,387.0,0.0,60,23220.0
2013-10-09,387.0,387.0,380.0,380.0,0.0,244,93028.0
2013-10-08,380.0,387.0,380.0,387.0,0.0,128,49179.0
2013-10-03,370.0,380.0,375.0,380.0,0.0,295,110885.0
2013-10-02,358.0,370.0,365.0,370.0,0.0,223,81960.0
2013-10-01,360.0,358.0,351.0,358.0,0.0,1611,568538.0
2013-09-30,367.0,374.0,360.0,360.0,0.0,580,212080.0
2013-09-29,366.0,367.0,366.0,367.0,0.0,200,73300.0
2013-09-26,359.0,366.0,366.0,366.0,0.0,200,73200.0
2013-09-24,365.0,372.0,359.0,359.0,0.0,1054,378884.0
2013-09-23,370.0,377.0,365.0,365.0,0.0,3043,1123550.0
2013-09-22,362.0,370.0,360.0,370.0,0.0,263,95311.0
2013-09-19,354.0,381.0,360.0,362.0,0.0,3067,1129347.0
2013-09-17,351.0,359.0,352.0,354.0,0.0,950,338720.0
2013-09-16,356.0,355.0,351.0,351.0,0.0,684,242534.0
2013-09-15,353.0,356.0,356.0,356.0,0.0,60,21360.0
2013-09-12,360.0,353.0,353.0,353.0,0.0,120,42360.0
2013-09-11,365.0,360.0,360.0,360.0,0.0,112,40320.0
2013-09-10,368.0,365.0,365.0,365.0,0.0,100,36500.0
2013-09-09,368.0,368.0,361.0,368.0,0.0,3800,1389900.0
2013-09-08,360.0,374.0,362.0,368.0,0.0,3930,1426500.0
2013-09-05,362.0,360.0,326.0,360.0,0.0,8946,3047996.0
2013-09-04,402.0,417.0,362.0,362.0,0.0,16883,6282077.0
2013-09-03,366.0,402.0,373.0,402.0,0.0,2530,1005829.0
2013-09-02,333.0,366.0,339.0,366.0,0.0,1497,545182.0
2013-09-01,303.0,333.0,309.0,333.0,0.0,8025,2668245.0
2013-08-29,278.0,303.0,283.0,303.0,0.0,50,14650.0
2013-08-27,253.0,278.0,258.0,278.0,0.0,80,21290.0
2013-08-26,230.0,253.0,234.0,253.0,0.0,60,14630.0
2013-08-25,210.0,230.0,214.0,230.0,0.0,50,11100.0
2013-08-20,209.0,210.0,210.0,210.0,0.0,10777,2263170.0
2013-08-19,198.0,209.0,201.0,209.0,0.0,10022,2094466.0
2013-08-15,192.0,198.0,195.0,198.0,0.0,20,3930.0
2013-08-08,196.0,195.0,192.0,192.0,0.0,281,54495.0
2013-08-07,190.0,196.0,193.0,196.0,0.0,202,39289.0
2013-08-06,185.0,190.0,188.0,190.0,0.0,250,47400.0
2013-07-22,182.0,185.0,185.0,185.0,0.0,34,6290.0
2013-07-09,185.0,182.0,182.0,182.0,0.0,220,40040.0
2013-07-08,182.0,185.0,185.0,185.0,0.0,200,37000.0
2013-07-07,185.0,182.0,182.0,182.0,0.0,70,12740.0
2013-07-02,182.0,185.0,185.0,185.0,0.0,3360,621600.0
2013-06-18,182.0,182.0,182.0,182.0,0.0,515,93730.0
2013-06-17,182.0,182.0,182.0,182.0,0.0,327,59514.0
2013-06-12,183.0,182.0,182.0,182.0,0.0,134,24388.0
2013-06-11,183.0,183.0,183.0,183.0,0.0,98,17934.0
2013-06-09,181.0,184.0,183.0,183.0,0.0,317,58147.0
2013-06-04,184.0,181.0,181.0,181.0,0.0,165,29865.0
2013-05-14,181.0,184.0,178.0,184.0,0.0,1452,262363.0
2013-05-13,190.0,187.0,181.0,181.0,0.0,714,129866.0
2013-05-09,195.0,193.0,187.0,190.0,0.0,195,37050.0
2013-05-08,192.0,195.0,195.0,195.0,0.0,30,5850.0
2013-05-07,195.0,192.0,192.0,192.0,0.0,200,38400.0
2013-04-25,195.0,195.0,195.0,195.0,0.0,20777,4051515.0
2013-03-13,201.0,197.0,194.0,195.0,0.0,632,123304.0
2013-03-07,195.0,201.0,198.0,201.0,0.0,163,32463.0
2013-02-21,195.0,195.0,194.0,195.0,0.0,134,26030.0
2013-02-17,192.0,195.0,195.0,195.0,0.0,50,9750.0
2013-02-14,175.0,192.0,178.0,192.0,0.0,1400,264100.0
2013-02-10,181.0,178.0,175.0,175.0,0.0,347,61340.0
2013-02-05,184.0,181.0,181.0,181.0,0.0,100,18100.0
2013-01-31,184.0,185.0,184.0,184.0,0.0,400,73800.0
2013-01-30,181.0,184.0,184.0,184.0,0.0,350,64400.0
2013-01-27,184.0,181.0,181.0,181.0,0.0,78,14118.0
2013-01-23,187.0,184.0,184.0,184.0,0.0,101,18584.0
2013-01-16,190.0,187.0,187.0,187.0,0.0,135,25245.0
2013-01-09,192.0,190.0,189.0,190.0,0.0,352,66730.0
2013-01-03,195.0,192.0,188.0,192.0,0.0,390,74160.0
2013-01-02,214.0,210.0,195.0,195.0,0.0,606,121220.0
2012-12-27,218.0,214.0,214.0,214.0,0.0,188,40232.0
2012-12-26,230.0,226.0,218.0,218.0,0.0,70,15500.0
2012-12-13,226.0,230.0,230.0,230.0,0.0,20,4600.0
2012-11-28,230.0,226.0,226.0,226.0,0.0,38,8588.0
2012-11-20,229.0,230.0,230.0,230.0,0.0,390,89700.0
2012-11-05,230.0,233.0,229.0,229.0,0.0,218,50002.0
2012-11-04,212.0,232.0,216.0,230.0,0.0,1282,291468.0
2012-11-01,193.0,212.0,196.0,212.0,0.0,420,84910.0
2012-10-31,176.0,193.0,179.0,193.0,0.0,200,36950.0
2012-10-18,173.0,176.0,176.0,176.0,0.0,50,8800.0
2012-10-14,158.0,173.0,161.0,173.0,0.0,274,45647.0
2012-10-10,144.0,158.0,146.0,158.0,0.0,442,66508.0
2012-10-09,142.0,144.0,144.0,144.0,0.0,134,19296.0
2012-09-23,134.0,142.0,136.0,142.0,0.0,224,31020.0
2012-09-20,132.0,134.0,134.0,134.0,0.0,30,4020.0
2012-09-19,138.0,132.0,132.0,132.0,0.0,2500,330000.0
2012-09-16,153.0,150.0,138.0,138.0,0.0,24867,3435646.0
2012-09-13,169.0,166.0,153.0,153.0,0.0,2168,348825.0
2012-09-12,172.0,169.0,169.0,169.0,0.0,134,22646.0
2012-09-11,181.0,178.0,172.0,172.0,0.0,341,59555.0
2012-09-10,184.0,181.0,181.0,181.0,0.0,100,18100.0
2012-09-09,193.0,190.0,184.0,184.0,0.0,247,46120.0
2012-09-06,200.0,196.0,193.0,193.0,0.0,78,15186.0
2012-08-30,204.0,200.0,200.0,200.0,0.0,136,27200.0
2012-07-25,200.0,204.0,204.0,204.0,0.0,10,2040.0
2012-07-24,197.0,204.0,200.0,200.0,0.0,879,177960.0
2012-06-25,201.0,197.0,197.0,197.0,0.0,30,5910.0
2012-05-22,196.0,201.0,198.0,201.0,0.0,63,12573.0
2012-02-13,200.0,196.0,196.0,196.0,0.0,110,21560.0
2011-03-27,198.0,200.0,200.0,200.0,0.0,3868,773600.0
