open,high,low,close,percent_change,turnover,date
93.0,93.0,93.0,93.0,-0.23,0.0,2011-03-25
92.0,92.0,92.0,92.0,-1.26,0.0,2011-03-27
90.0,90.0,90.0,90.0,-2.04,0.0,2011-03-28
88.0,88.0,88.0,88.0,-2.32,0.0,2011-03-29
88.0,88.0,88.0,88.0,0.35,0.0,2011-03-30
90.0,90.0,90.0,90.0,1.66,0.0,2011-03-31
90.0,90.0,90.0,90.0,-0.1,0.0,2011-04-04
90.0,90.0,90.0,90.0,-0.15,0.0,2011-04-05
90.0,90.0,90.0,90.0,0.06,0.0,2011-04-06
90.0,90.0,90.0,90.0,0.34,0.0,2011-04-07
90.0,90.0,90.0,90.0,0.13,0.0,2011-04-10
90.0,90.0,90.0,90.0,-0.55,0.0,2011-04-11
92.0,92.0,92.0,92.0,2.36,0.0,2011-04-13
90.0,90.0,90.0,90.0,-1.66,0.0,2011-04-17
90.0,90.0,90.0,90.0,-0.63,0.0,2011-04-18
89.0,89.0,89.0,89.0,-0.43,0.0,2011-04-19
88.0,88.0,88.0,88.0,-1.09,0.0,2011-04-20
88.0,88.0,88.0,88.0,-0.69,0.0,2011-04-21
87.0,87.0,87.0,87.0,-0.67,0.0,2011-04-25
87.0,87.0,87.0,87.0,-0.17,0.0,2011-04-26
85.0,85.0,85.0,85.0,-2.07,0.0,2011-04-27
85.0,85.0,85.0,85.0,-0.88,0.0,2011-04-28
85.0,85.0,85.0,85.0,-1.03,0.0,2011-05-02
82.0,82.0,82.0,82.0,-1.69,0.0,2011-05-03
82.0,82.0,82.0,82.0,-0.19,0.0,2011-05-04
82.0,82.0,82.0,82.0,0.22,0.0,2011-05-05
83.0,83.0,83.0,83.0,0.37,0.0,2011-05-08
83.0,83.0,83.0,83.0,0.11,0.0,2011-05-09
84.0,84.0,84.0,84.0,1.17,0.0,2011-05-10
84.0,84.0,84.0,84.0,0.32,0.0,2011-05-11
85.0,85.0,85.0,85.0,0.67,0.0,2011-05-12
85.0,85.0,85.0,85.0,0.92,0.0,2011-05-15
86.0,86.0,86.0,86.0,0.35,0.0,2011-05-16
85.0,85.0,85.0,85.0,-0.95,0.0,2011-05-18
85.0,85.0,85.0,85.0,-0.43,0.0,2011-05-19
85.0,85.0,85.0,85.0,-0.13,0.0,2011-05-22
84.0,84.0,84.0,84.0,-0.53,0.0,2011-05-23
84.0,84.0,84.0,84.0,-0.21,0.0,2011-05-24
84.0,84.0,84.0,84.0,0.17,0.0,2011-05-25
85.0,85.0,85.0,85.0,0.97,0.0,2011-05-26
85.0,85.0,85.0,85.0,-0.48,0.0,2011-05-30
83.0,83.0,83.0,83.0,-1.97,0.0,2011-05-31
83.0,83.0,83.0,83.0,-0.25,0.0,2011-06-01
82.0,82.0,82.0,82.0,-0.58,0.0,2011-06-02
81.0,81.0,81.0,81.0,-1.98,0.0,2011-06-05
80.0,80.0,80.0,80.0,-1.47,0.0,2011-06-06
78.0,78.0,78.0,78.0,-1.93,0.0,2011-06-07
76.0,76.0,76.0,76.0,-2.12,0.0,2011-06-08
75.0,75.0,75.0,75.0,-1.53,0.0,2011-06-09
74.0,74.0,74.0,74.0,-1.73,0.0,2011-06-12
74.0,74.0,74.0,74.0,-0.93,0.0,2011-06-13
73.0,73.0,73.0,73.0,-1.57,0.0,2011-06-14
71.0,71.0,71.0,71.0,-2.14,0.0,2011-06-15
74.0,74.0,74.0,74.0,4.33,0.0,2011-06-16
78.0,78.0,78.0,78.0,5.45,0.0,2011-06-19
81.0,81.0,81.0,81.0,3.88,0.0,2011-06-20
85.0,85.0,85.0,85.0,4.35,0.0,2011-06-21
90.0,90.0,90.0,90.0,6.11,0.0,2011-06-23
85.0,85.0,85.0,85.0,-5.51,0.0,2011-06-26
80.0,80.0,80.0,80.0,-5.59,0.0,2011-06-27
81.0,81.0,81.0,81.0,1.21,0.0,2011-06-29
82.0,82.0,82.0,82.0,1.31,0.0,2011-06-30
81.0,81.0,81.0,81.0,-1.04,0.0,2011-07-03
82.0,82.0,82.0,82.0,0.48,0.0,2011-07-04
84.0,84.0,84.0,84.0,2.33,0.0,2011-07-05
84.0,84.0,84.0,84.0,0.86,0.0,2011-07-06
83.0,83.0,83.0,83.0,-1.3,0.0,2011-07-07
85.0,85.0,85.0,85.0,1.58,0.0,2011-07-10
84.0,84.0,84.0,84.0,-0.23,0.0,2011-07-11
86.0,86.0,86.0,86.0,1.83,0.0,2011-07-12
87.0,87.0,87.0,87.0,1.26,0.0,2011-07-13
89.0,89.0,89.0,89.0,1.91,0.0,2011-07-14
93.0,93.0,93.0,93.0,5.86,0.0,2011-07-17
91.0,91.0,91.0,91.0,-2.52,0.0,2011-07-18
92.0,92.0,92.0,92.0,1.33,0.0,2011-07-19
93.0,93.0,93.0,93.0,1.78,0.0,2011-07-20
93.0,93.0,93.0,93.0,-0.8,0.0,2011-07-21
90.0,90.0,90.0,90.0,-3.07,0.0,2011-07-24
89.0,89.0,89.0,89.0,-1.29,0.0,2011-07-25
88.0,88.0,88.0,88.0,-0.88,0.0,2011-07-26
90.0,90.0,90.0,90.0,2.03,0.0,2011-07-27
89.0,89.0,89.0,89.0,-0.76,0.0,2011-07-28
88.0,88.0,88.0,88.0,-1.22,0.0,2011-07-31
88.0,88.0,88.0,88.0,-0.31,0.0,2011-08-01
88.0,88.0,88.0,88.0,-0.16,0.0,2011-08-02
88.0,88.0,88.0,88.0,-0.38,0.0,2011-08-03
88.0,88.0,88.0,88.0,0.51,0.0,2011-08-04
87.0,87.0,87.0,87.0,-1.13,0.0,2011-08-07
87.0,87.0,87.0,87.0,-0.54,0.0,2011-08-08
85.0,85.0,85.0,85.0,-1.99,0.0,2011-08-09
87.0,87.0,87.0,87.0,2.01,0.0,2011-08-10
87.0,87.0,87.0,87.0,0.21,0.0,2011-08-11
87.0,87.0,87.0,87.0,0.24,0.0,2011-08-15
87.0,87.0,87.0,87.0,0.06,0.0,2011-08-16
86.0,86.0,86.0,86.0,-0.94,0.0,2011-08-17
87.0,87.0,87.0,87.0,0.45,0.0,2011-08-18
86.0,86.0,86.0,86.0,-0.81,0.0,2011-08-22
86.0,86.0,86.0,86.0,-0.03,0.0,2011-08-23
86.0,86.0,86.0,86.0,-0.13,0.0,2011-08-24
85.0,85.0,85.0,85.0,-0.61,0.0,2011-08-25
83.0,83.0,83.0,83.0,-3.25,0.0,2011-08-28
83.0,83.0,83.0,83.0,0.27,0.0,2011-08-29
83.0,83.0,83.0,83.0,0.66,0.0,2011-08-30
84.0,84.0,84.0,84.0,0.53,0.0,2011-09-01
83.0,83.0,83.0,83.0,-0.81,0.0,2011-09-04
82.0,82.0,82.0,82.0,-0.82,0.0,2011-09-05
81.0,81.0,81.0,81.0,-1.51,0.0,2011-09-06
81.0,81.0,81.0,81.0,-0.22,0.0,2011-09-07
81.0,81.0,81.0,81.0,-0.58,0.0,2011-09-08
80.0,80.0,80.0,80.0,-0.83,0.0,2011-09-12
80.0,80.0,80.0,80.0,-0.36,0.0,2011-09-13
78.0,78.0,78.0,78.0,-2.24,0.0,2011-09-14
78.0,78.0,78.0,78.0,0.59,0.0,2011-09-15
78.0,78.0,78.0,78.0,-0.78,0.0,2011-09-18
77.0,77.0,77.0,77.0,-0.41,0.0,2011-09-19
78.0,78.0,78.0,78.0,0.92,0.0,2011-09-20
79.0,79.0,79.0,79.0,1.03,0.0,2011-09-21
80.0,80.0,80.0,80.0,1.54,0.0,2011-09-22
81.0,81.0,81.0,81.0,1.4,0.0,2011-09-25
81.0,81.0,81.0,81.0,-0.16,0.0,2011-09-26
81.0,81.0,81.0,81.0,0.19,0.0,2011-09-27
81.0,81.0,81.0,81.0,0.03,0.0,2011-09-29
81.0,81.0,81.0,81.0,0.01,0.0,2011-10-02
81.0,81.0,81.0,81.0,-0.13,0.0,2011-10-09
82.0,82.0,82.0,82.0,0.73,0.0,2011-10-10
82.0,82.0,82.0,82.0,0.38,0.0,2011-10-12
82.0,82.0,82.0,82.0,-0.3,0.0,2011-10-13
81.0,81.0,81.0,81.0,-0.63,0.0,2011-10-16
81.0,81.0,81.0,81.0,-0.24,0.0,2011-10-17
81.0,81.0,81.0,81.0,-0.33,0.0,2011-10-18
81.0,81.0,81.0,81.0,-0.16,0.0,2011-10-19
80.0,80.0,80.0,80.0,-0.5,0.0,2011-10-20
80.0,80.0,80.0,80.0,-0.62,0.0,2011-10-23
80.0,80.0,80.0,80.0,0.05,0.0,2011-10-24
80.0,80.0,80.0,80.0,0.4,0.0,2011-10-25
80.0,80.0,80.0,80.0,-0.11,0.0,2011-10-30
81.0,81.0,81.0,81.0,0.91,0.0,2011-10-31
85.0,85.0,85.0,85.0,5.52,0.0,2011-11-02
84.0,84.0,84.0,84.0,-1.08,0.0,2011-11-03
83.0,83.0,83.0,83.0,-1.63,0.0,2011-11-06
82.0,82.0,82.0,82.0,-1.01,0.0,2011-11-08
81.0,81.0,81.0,81.0,-0.73,0.0,2011-11-09
81.0,81.0,81.0,81.0,-0.27,0.0,2011-11-10
81.0,81.0,81.0,81.0,-0.43,0.0,2011-11-13
81.0,81.0,81.0,81.0,0.02,0.0,2011-11-14
80.0,80.0,80.0,80.0,-1.21,0.0,2011-11-15
81.0,81.0,81.0,81.0,1.42,0.0,2011-11-17
80.0,80.0,80.0,80.0,-0.42,0.0,2011-11-20
80.0,80.0,80.0,80.0,0.02,0.0,2011-11-21
81.0,81.0,81.0,81.0,-0.3,0.0,2011-11-22
80.0,80.0,80.0,80.0,-0.65,0.0,2011-11-23
79.0,79.0,79.0,79.0,-0.22,0.0,2011-11-24
79.0,79.0,79.0,79.0,-0.03,0.0,2011-11-27
79.0,79.0,79.0,79.0,-0.35,0.0,2011-11-28
79.0,79.0,79.0,79.0,-0.38,0.0,2011-12-01
79.0,79.0,79.0,79.0,-0.08,0.0,2011-12-04
79.0,79.0,79.0,79.0,-0.23,0.0,2011-12-05
79.0,79.0,79.0,79.0,-0.08,0.0,2011-12-06
79.0,79.0,79.0,79.0,-0.08,0.0,2011-12-07
78.0,78.0,78.0,78.0,-0.24,0.0,2011-12-08
78.0,78.0,78.0,78.0,-0.72,0.0,2011-12-11
77.0,77.0,77.0,77.0,-0.97,0.0,2011-12-12
77.0,77.0,77.0,77.0,-0.21,0.0,2011-12-13
78.0,78.0,78.0,78.0,1.39,0.0,2011-12-14
78.0,78.0,78.0,78.0,-0.41,0.0,2011-12-15
77.0,77.0,77.0,77.0,-0.88,0.0,2011-12-18
77.0,77.0,77.0,77.0,-0.06,0.0,2011-12-19
77.0,77.0,77.0,77.0,0.08,0.0,2011-12-20
77.0,77.0,77.0,77.0,-0.2,0.0,2011-12-21
77.0,77.0,77.0,77.0,-0.02,0.0,2011-12-22
77.0,77.0,77.0,77.0,-0.09,0.0,2011-12-26
77.0,77.0,77.0,77.0,0.5,0.0,2011-12-27
76.0,76.0,76.0,76.0,-1.22,0.0,2011-12-28
78.0,78.0,78.0,78.0,1.83,0.0,2011-12-29
78.0,78.0,78.0,78.0,1.01,0.0,2012-01-01
80.0,80.0,80.0,80.0,1.94,0.0,2012-01-02
80.0,80.0,80.0,80.0,0.01,0.0,2012-01-03
79.0,79.0,79.0,79.0,-1.72,0.0,2012-01-04
79.0,79.0,79.0,79.0,0.21,0.0,2012-01-05
78.0,78.0,78.0,78.0,-0.81,0.0,2012-01-08
78.0,78.0,78.0,78.0,0.17,0.0,2012-01-09
79.0,79.0,79.0,79.0,0.74,0.0,2012-01-10
79.0,79.0,79.0,79.0,0.75,0.0,2012-01-11
80.0,80.0,80.0,80.0,0.68,0.0,2012-01-12
79.0,79.0,79.0,79.0,-0.43,0.0,2012-01-16
79.0,79.0,79.0,79.0,-0.08,0.0,2012-01-17
79.0,79.0,79.0,79.0,-0.84,0.0,2012-01-18
79.0,79.0,79.0,79.0,0.16,0.0,2012-01-19
79.0,79.0,79.0,79.0,-0.11,0.0,2012-01-22
78.0,78.0,78.0,78.0,-0.79,0.0,2012-01-23
78.0,78.0,78.0,78.0,-0.08,0.0,2012-01-25
78.0,78.0,78.0,78.0,-0.32,0.0,2012-01-26
78.0,78.0,78.0,78.0,0.07,0.0,2012-01-29
78.0,78.0,78.0,78.0,-0.08,0.0,2012-01-31
78.0,78.0,78.0,78.0,0.28,0.0,2012-02-01
78.0,78.0,78.0,78.0,-0.15,0.0,2012-02-02
78.0,78.0,78.0,78.0,-0.49,0.0,2012-02-05
77.0,77.0,77.0,77.0,-0.28,0.0,2012-02-06
77.0,77.0,77.0,77.0,-0.27,0.0,2012-02-07
77.0,77.0,77.0,77.0,-0.16,0.0,2012-02-08
77.0,77.0,77.0,77.0,-0.09,0.0,2012-02-09
77.0,77.0,77.0,77.0,-0.08,0.0,2012-02-12
77.0,77.0,77.0,77.0,0.36,0.0,2012-02-13
77.0,77.0,77.0,77.0,-0.32,0.0,2012-02-14
77.0,77.0,77.0,77.0,-0.02,0.0,2012-02-15
77.0,77.0,77.0,77.0,0.18,0.0,2012-02-17
77.0,77.0,77.0,77.0,-0.08,0.0,2012-02-21
77.0,77.0,77.0,77.0,0.29,0.0,2012-02-23
78.0,78.0,78.0,78.0,2.48,0.0,2012-02-26
78.0,78.0,78.0,78.0,0.1,0.0,2012-02-27
78.0,78.0,78.0,78.0,0.92,0.0,2012-02-28
79.0,79.0,79.0,79.0,0.14,0.0,2012-02-29
79.0,79.0,79.0,79.0,0.78,0.0,2012-03-01
79.0,79.0,79.0,79.0,-0.58,0.0,2012-03-04
79.0,79.0,79.0,79.0,0.26,0.0,2012-03-05
79.0,79.0,79.0,79.0,-0.18,0.0,2012-03-06
79.0,79.0,79.0,79.0,-0.16,0.0,2012-03-11
78.0,78.0,78.0,78.0,-0.54,0.0,2012-03-12
78.0,78.0,78.0,78.0,0.04,0.0,2012-03-13
78.0,78.0,78.0,78.0,-0.28,0.0,2012-03-14
77.0,77.0,77.0,77.0,-0.81,0.0,2012-03-15
76.0,76.0,76.0,76.0,-1.97,0.0,2012-03-18
76.0,76.0,76.0,76.0,-0.13,0.0,2012-03-19
76.0,76.0,76.0,76.0,-0.35,0.0,2012-03-20
76.0,76.0,76.0,76.0,0.8,0.0,2012-03-21
76.0,76.0,76.0,76.0,-0.35,0.0,2012-03-25
75.0,75.0,75.0,75.0,-0.64,0.0,2012-03-26
75.0,75.0,75.0,75.0,-0.09,0.0,2012-03-27
75.0,75.0,75.0,75.0,-0.03,0.0,2012-03-28
75.0,75.0,75.0,75.0,-0.41,0.0,2012-03-29
75.0,75.0,75.0,75.0,0.1,0.0,2012-04-01
76.0,76.0,76.0,76.0,0.7,0.0,2012-04-02
76.0,76.0,76.0,76.0,0.16,0.0,2012-04-03
76.0,76.0,76.0,76.0,0.11,0.0,2012-04-04
76.0,76.0,76.0,76.0,0.24,0.0,2012-04-05
76.0,76.0,76.0,76.0,0.19,0.0,2012-04-08
76.0,76.0,76.0,76.0,0.38,0.0,2012-04-09
77.0,77.0,77.0,77.0,0.93,0.0,2012-04-10
78.0,78.0,78.0,78.0,1.11,0.0,2012-04-11
81.0,81.0,81.0,81.0,3.69,0.0,2012-04-12
86.0,86.0,86.0,86.0,6.07,0.0,2012-04-15
91.0,91.0,91.0,91.0,5.69,0.0,2012-04-16
86.0,86.0,86.0,86.0,-5.21,0.0,2012-04-17
89.0,89.0,89.0,89.0,3.97,0.0,2012-04-18
91.0,91.0,91.0,91.0,2.19,0.0,2012-04-19
95.0,95.0,95.0,95.0,4.48,0.0,2012-04-22
100.0,100.0,100.0,100.0,5.76,0.0,2012-04-24
106.0,106.0,106.0,106.0,6.01,0.0,2012-04-25
111.0,111.0,111.0,111.0,4.24,0.0,2012-04-26
110.0,110.0,110.0,110.0,-0.82,0.0,2012-04-29
104.0,104.0,104.0,104.0,-4.96,0.0,2012-04-30
99.0,99.0,99.0,99.0,-5.66,0.0,2012-05-02
104.0,104.0,104.0,104.0,5.68,0.0,2012-05-03
111.0,111.0,111.0,111.0,6.61,0.0,2012-05-07
112.0,112.0,112.0,112.0,1.12,0.0,2012-05-08
109.0,109.0,109.0,109.0,-3.35,0.0,2012-05-09
106.0,106.0,106.0,106.0,-2.12,0.0,2012-05-10
100.0,100.0,100.0,100.0,-5.63,0.0,2012-05-13
95.0,95.0,95.0,95.0,-4.94,0.0,2012-05-14
100.0,100.0,100.0,100.0,5.4,0.0,2012-05-15
106.0,106.0,106.0,106.0,5.7,0.0,2012-05-16
107.0,107.0,107.0,107.0,0.85,0.0,2012-05-17
105.0,105.0,105.0,105.0,-1.9,0.0,2012-05-20
107.0,107.0,107.0,107.0,1.59,0.0,2012-05-21
104.0,104.0,104.0,104.0,-2.38,0.0,2012-05-22
99.0,99.0,99.0,99.0,-5.54,0.0,2012-05-23
103.0,103.0,103.0,103.0,3.82,0.0,2012-05-24
107.0,107.0,107.0,107.0,3.92,0.0,2012-05-27
101.0,101.0,101.0,101.0,-5.64,0.0,2012-05-29
95.0,95.0,95.0,95.0,-5.35,0.0,2012-05-30
95.0,95.0,95.0,95.0,0.25,0.0,2012-05-31
100.0,100.0,100.0,100.0,5.28,0.0,2012-06-03
98.0,98.0,98.0,98.0,-2.52,0.0,2012-06-04
96.0,96.0,96.0,96.0,-2.41,0.0,2012-06-05
93.0,93.0,93.0,93.0,-2.19,0.0,2012-06-06
95.0,95.0,95.0,95.0,1.26,0.0,2012-06-07
93.0,93.0,93.0,93.0,-1.8,0.0,2012-06-10
94.0,94.0,94.0,94.0,0.87,0.0,2012-06-11
94.0,94.0,94.0,94.0,0.48,0.0,2012-06-12
94.0,94.0,94.0,94.0,-0.53,0.0,2012-06-13
93.0,93.0,93.0,93.0,-0.47,0.0,2012-06-14
92.0,92.0,92.0,92.0,-1.11,0.0,2012-06-17
93.0,93.0,93.0,93.0,0.52,0.0,2012-06-18
92.0,92.0,92.0,92.0,-0.31,0.0,2012-06-19
93.0,93.0,93.0,93.0,0.53,0.0,2012-06-20
93.0,93.0,93.0,93.0,0.56,0.0,2012-06-21
96.0,96.0,96.0,96.0,3.09,0.0,2012-06-25
94.0,94.0,94.0,94.0,-1.98,0.0,2012-06-26
96.0,96.0,96.0,96.0,1.56,0.0,2012-06-27
97.0,97.0,97.0,97.0,1.09,0.0,2012-06-28
96.0,96.0,96.0,96.0,-0.9,0.0,2012-07-01
96.0,96.0,96.0,96.0,-0.24,0.0,2012-07-02
96.0,96.0,96.0,96.0,0.41,0.0,2012-07-03
97.0,97.0,97.0,97.0,0.8,0.0,2012-07-04
97.0,97.0,97.0,97.0,-0.02,0.0,2012-07-05
97.0,97.0,97.0,97.0,0.07,0.0,2012-07-08
98.0,98.0,98.0,98.0,0.71,0.0,2012-07-09
99.0,99.0,99.0,99.0,1.45,0.0,2012-07-10
99.0,99.0,99.0,99.0,-0.35,0.0,2012-07-11
99.0,99.0,99.0,99.0,-0.22,0.0,2012-07-12
100.0,100.0,100.0,100.0,1.81,0.0,2012-07-15
99.0,99.0,99.0,99.0,-1.47,0.0,2012-07-16
99.0,99.0,99.0,99.0,0.3,0.0,2012-07-17
101.0,101.0,101.0,101.0,1.7,0.0,2012-07-18
102.0,102.0,102.0,102.0,0.9,0.0,2012-07-19
104.0,104.0,104.0,104.0,2.54,0.0,2012-07-22
106.0,106.0,106.0,106.0,1.08,0.0,2012-07-23
105.0,105.0,105.0,105.0,-0.51,0.0,2012-07-24
105.0,105.0,105.0,105.0,-0.31,0.0,2012-07-25
104.0,104.0,104.0,104.0,-0.92,0.0,2012-07-26
102.0,102.0,102.0,102.0,-1.48,0.0,2012-07-29
103.0,103.0,103.0,103.0,1.22,0.0,2012-07-30
104.0,104.0,104.0,104.0,0.14,0.0,2012-07-31
104.0,104.0,104.0,104.0,0.27,0.0,2012-08-01
104.0,104.0,104.0,104.0,0.28,0.0,2012-08-05
104.0,104.0,104.0,104.0,0.05,0.0,2012-08-06
104.0,104.0,104.0,104.0,0.25,0.0,2012-08-07
104.0,104.0,104.0,104.0,-0.58,0.0,2012-08-08
103.0,103.0,103.0,103.0,-0.91,0.0,2012-08-12
103.0,103.0,103.0,103.0,0.2,0.0,2012-08-13
102.0,102.0,102.0,102.0,-0.84,0.0,2012-08-14
101.0,101.0,101.0,101.0,-1.41,0.0,2012-08-15
103.0,103.0,103.0,103.0,1.72,0.0,2012-08-16
102.0,102.0,102.0,102.0,-0.8,0.0,2012-08-19
102.0,102.0,102.0,102.0,0.13,0.0,2012-08-21
102.0,102.0,102.0,102.0,0.13,0.0,2012-08-22
102.0,102.0,102.0,102.0,0.12,0.0,2012-08-23
102.0,102.0,102.0,102.0,-0.02,0.0,2012-08-26
105.0,105.0,105.0,105.0,2.39,0.0,2012-08-27
105.0,105.0,105.0,105.0,0.14,0.0,2012-08-28
105.0,105.0,105.0,105.0,0.21,0.0,2012-08-29
105.0,105.0,105.0,105.0,-0.37,0.0,2012-08-30
106.0,106.0,106.0,106.0,1.65,0.0,2012-09-02
106.0,106.0,106.0,106.0,0.0,0.0,2012-09-03
106.0,106.0,106.0,106.0,-0.74,0.0,2012-09-04
105.0,105.0,105.0,105.0,-0.46,0.0,2012-09-05
105.0,105.0,105.0,105.0,0.15,0.0,2012-09-06
105.0,105.0,105.0,105.0,-0.27,0.0,2012-09-09
105.0,105.0,105.0,105.0,-0.22,0.0,2012-09-10
106.0,106.0,106.0,106.0,1.23,0.0,2012-09-11
106.0,106.0,106.0,106.0,0.43,0.0,2012-09-12
108.0,108.0,108.0,108.0,1.24,0.0,2012-09-13
108.0,108.0,108.0,108.0,0.39,0.0,2012-09-16
109.0,109.0,109.0,109.0,0.39,0.0,2012-09-17
109.0,109.0,109.0,109.0,0.64,0.0,2012-09-18
108.0,108.0,108.0,108.0,-0.85,0.0,2012-09-19
108.0,108.0,108.0,108.0,-0.37,0.0,2012-09-20
107.0,107.0,107.0,107.0,-1.36,0.0,2012-09-23
106.0,106.0,106.0,106.0,-0.15,0.0,2012-09-24
106.0,106.0,106.0,106.0,-0.18,0.0,2012-09-25
106.0,106.0,106.0,106.0,-0.13,0.0,2012-09-26
106.0,106.0,106.0,106.0,-0.21,0.0,2012-09-30
107.0,107.0,107.0,107.0,0.33,0.0,2012-10-01
107.0,107.0,107.0,107.0,0.24,0.0,2012-10-02
105.0,105.0,105.0,105.0,-1.58,0.0,2012-10-03
107.0,107.0,107.0,107.0,1.6,0.0,2012-10-04
108.0,108.0,108.0,108.0,1.07,0.0,2012-10-07
110.0,110.0,110.0,110.0,1.32,0.0,2012-10-08
110.0,110.0,110.0,110.0,-0.02,0.0,2012-10-09
109.0,109.0,109.0,109.0,-0.42,0.0,2012-10-10
109.0,109.0,109.0,109.0,-0.07,0.0,2012-10-11
110.0,110.0,110.0,110.0,0.52,0.0,2012-10-14
110.0,110.0,110.0,110.0,0.25,0.0,2012-10-15
111.0,111.0,111.0,111.0,1.42,0.0,2012-10-17
112.0,112.0,112.0,112.0,0.95,0.0,2012-10-18
116.0,116.0,116.0,116.0,2.81,0.0,2012-10-30
117.0,117.0,117.0,117.0,0.8,0.0,2012-10-31
116.0,116.0,116.0,116.0,-0.85,0.0,2012-11-01
117.0,117.0,117.0,117.0,0.97,0.0,2012-11-04
118.0,118.0,118.0,118.0,1.32,0.0,2012-11-05
120.0,120.0,120.0,120.0,1.22,0.0,2012-11-06
123.0,123.0,123.0,123.0,2.63,0.0,2012-11-07
125.0,125.0,125.0,125.0,1.64,0.0,2012-11-08
123.0,123.0,123.0,123.0,-1.87,0.0,2012-11-11
125.0,125.0,125.0,125.0,1.17,0.0,2012-11-12
128.0,128.0,128.0,128.0,2.59,0.0,2012-11-18
130.0,130.0,130.0,130.0,1.77,0.0,2012-11-20
129.0,129.0,129.0,129.0,-0.52,0.0,2012-11-21
129.0,129.0,129.0,129.0,-0.49,0.0,2012-11-22
129.0,129.0,129.0,129.0,0.08,0.0,2012-11-25
128.0,128.0,128.0,128.0,-0.43,0.0,2012-11-26
128.0,128.0,128.0,128.0,-0.25,0.0,2012-11-27
128.0,128.0,128.0,128.0,0.0,0.0,2012-11-28
127.0,127.0,127.0,127.0,-0.84,0.0,2012-11-29
125.0,125.0,125.0,125.0,-1.26,0.0,2012-12-02
125.0,125.0,125.0,125.0,-0.33,0.0,2012-12-03
127.0,127.0,127.0,127.0,1.77,0.0,2012-12-04
130.0,130.0,130.0,130.0,1.83,0.0,2012-12-05
130.0,130.0,130.0,130.0,-0.4,0.0,2012-12-06
127.0,127.0,127.0,127.0,-2.07,0.0,2012-12-09
127.0,127.0,127.0,127.0,-0.17,0.0,2012-12-10
127.0,127.0,127.0,127.0,0.32,0.0,2012-12-11
128.0,128.0,128.0,128.0,0.9,0.0,2012-12-12
129.0,129.0,129.0,129.0,0.65,0.0,2012-12-13
132.0,132.0,132.0,132.0,1.93,0.0,2012-12-16
134.0,134.0,134.0,134.0,0.93,0.0,2012-12-17
133.0,133.0,133.0,133.0,-0.71,0.0,2012-12-18
134.0,134.0,134.0,134.0,0.74,0.0,2012-12-19
133.0,133.0,133.0,133.0,-0.83,0.0,2012-12-20
137.0,137.0,137.0,137.0,3.08,0.0,2012-12-23
138.0,138.0,138.0,138.0,1.18,0.0,2012-12-24
142.0,142.0,142.0,142.0,2.25,0.0,2012-12-26
143.0,143.0,143.0,143.0,0.88,0.0,2012-12-27
141.0,141.0,141.0,141.0,-1.51,0.0,2012-12-31
140.0,140.0,140.0,140.0,-0.69,0.0,2013-01-01
139.0,139.0,139.0,139.0,-0.25,0.0,2013-01-02
140.0,140.0,140.0,140.0,0.24,0.0,2013-01-03
140.0,140.0,140.0,140.0,-0.44,0.0,2013-01-06
139.0,139.0,139.0,139.0,-0.63,0.0,2013-01-07
138.0,138.0,138.0,138.0,-0.2,0.0,2013-01-08
133.0,133.0,133.0,133.0,-0.59,0.0,2013-01-09
139.0,139.0,139.0,139.0,0.74,0.0,2013-01-10
139.0,139.0,139.0,139.0,0.21,0.0,2013-01-13
139.0,139.0,139.0,139.0,0.01,0.0,2013-01-15
138.0,138.0,138.0,138.0,-0.38,0.0,2013-01-16
137.0,137.0,137.0,137.0,-1.24,0.0,2013-01-17
133.0,133.0,133.0,133.0,-2.62,0.0,2013-01-20
136.0,136.0,136.0,136.0,2.11,0.0,2013-01-21
137.0,137.0,137.0,137.0,0.89,0.0,2013-01-22
135.0,135.0,135.0,135.0,-1.16,0.0,2013-01-23
135.0,135.0,135.0,135.0,-0.54,0.0,2013-01-24
135.0,135.0,135.0,135.0,0.06,0.0,2013-01-27
135.0,135.0,135.0,135.0,-0.06,0.0,2013-01-28
134.0,134.0,134.0,134.0,-0.52,0.0,2013-01-30
134.0,134.0,134.0,134.0,-0.23,0.0,2013-01-31
135.0,135.0,135.0,135.0,0.93,0.0,2013-02-03
135.0,135.0,135.0,135.0,0.01,0.0,2013-02-04
135.0,135.0,135.0,135.0,-0.23,0.0,2013-02-05
134.0,134.0,134.0,134.0,-0.45,0.0,2013-02-06
134.0,134.0,134.0,134.0,-0.13,0.0,2013-02-07
135.0,135.0,135.0,135.0,0.31,0.0,2013-02-10
139.0,139.0,139.0,139.0,3.53,0.0,2013-02-12
138.0,138.0,138.0,138.0,-1.27,0.0,2013-02-13
139.0,139.0,139.0,139.0,0.71,0.0,2013-02-14
146.0,146.0,146.0,146.0,5.16,0.0,2013-02-17
144.0,144.0,144.0,144.0,-1.38,0.0,2013-02-19
141.0,141.0,141.0,141.0,-1.86,0.0,2013-02-20
143.0,143.0,143.0,143.0,0.93,0.0,2013-02-21
141.0,141.0,141.0,141.0,-1.05,0.0,2013-02-24
143.0,143.0,143.0,143.0,1.19,0.0,2013-02-25
143.0,143.0,143.0,143.0,0.18,0.0,2013-02-26
142.0,142.0,142.0,142.0,-1.08,0.0,2013-02-27
142.0,142.0,142.0,142.0,0.4,0.0,2013-02-28
142.0,142.0,142.0,142.0,-0.2,0.0,2013-03-03
142.0,142.0,142.0,142.0,-0.12,0.0,2013-03-04
141.0,141.0,141.0,141.0,-0.48,0.0,2013-03-05
142.0,142.0,142.0,142.0,0.4,0.0,2013-03-06
141.0,141.0,141.0,141.0,-0.18,0.0,2013-03-07
141.0,141.0,141.0,141.0,0.09,0.0,2013-03-11
143.0,143.0,143.0,143.0,1.2,0.0,2013-03-13
144.0,144.0,144.0,144.0,0.32,0.0,2013-03-14
140.0,140.0,140.0,140.0,-2.67,0.0,2013-03-17
139.0,139.0,139.0,139.0,-0.86,0.0,2013-03-18
139.0,139.0,139.0,139.0,0.29,0.0,2013-03-19
138.0,138.0,138.0,138.0,-0.73,0.0,2013-03-20
138.0,138.0,138.0,138.0,-0.05,0.0,2013-03-21
136.0,136.0,136.0,136.0,-1.69,0.0,2013-03-24
136.0,136.0,136.0,136.0,0.41,0.0,2013-03-25
136.0,136.0,136.0,136.0,-0.27,0.0,2013-03-27
135.0,135.0,135.0,135.0,-0.4,0.0,2013-03-28
133.0,133.0,133.0,133.0,-1.51,0.0,2013-03-31
134.0,134.0,134.0,134.0,0.45,0.0,2013-04-01
135.0,135.0,135.0,135.0,1.15,0.0,2013-04-02
135.0,135.0,135.0,135.0,-0.2,0.0,2013-04-03
134.0,134.0,134.0,134.0,-0.98,0.0,2013-04-04
130.0,130.0,130.0,130.0,0.03,0.0,2013-04-07
130.0,130.0,130.0,130.0,-0.39,0.0,2013-04-08
131.0,131.0,131.0,131.0,0.97,0.0,2013-04-09
132.0,132.0,132.0,132.0,0.84,0.0,2013-04-11
132.0,132.0,132.0,132.0,-0.46,0.0,2013-04-15
131.0,131.0,131.0,131.0,-0.06,0.0,2013-04-16
131.0,131.0,131.0,131.0,-0.4,0.0,2013-04-17
131.0,131.0,131.0,131.0,0.05,0.0,2013-04-18
130.0,130.0,130.0,130.0,-1.14,0.0,2013-04-21
127.0,127.0,127.0,127.0,-2.15,0.0,2013-04-22
128.0,128.0,128.0,128.0,1.08,0.0,2013-04-23
128.0,128.0,128.0,128.0,-0.1,0.0,2013-04-25
127.0,127.0,127.0,127.0,-0.65,0.0,2013-04-28
126.0,126.0,126.0,126.0,-0.54,0.0,2013-04-29
126.0,126.0,126.0,126.0,-0.19,0.0,2013-04-30
124.0,124.0,124.0,124.0,-1.64,0.0,2013-05-02
123.0,123.0,123.0,123.0,-0.95,0.0,2013-05-05
121.0,121.0,121.0,121.0,-1.36,0.0,2013-05-06
124.0,124.0,124.0,124.0,1.96,0.0,2013-05-07
122.0,122.0,122.0,122.0,-0.93,0.0,2013-05-08
122.0,122.0,122.0,122.0,-0.1,0.0,2013-05-09
122.0,122.0,122.0,122.0,-0.58,0.0,2013-05-12
123.0,123.0,123.0,123.0,1.01,0.0,2013-05-13
123.0,123.0,123.0,123.0,0.28,0.0,2013-05-14
124.0,124.0,124.0,124.0,0.71,0.0,2013-05-15
126.0,126.0,126.0,126.0,1.17,0.0,2013-05-16
125.0,125.0,125.0,125.0,-0.5,0.0,2013-05-19
125.0,125.0,125.0,125.0,0.0,0.0,2013-05-20
126.0,126.0,126.0,126.0,0.59,0.0,2013-05-21
125.0,125.0,125.0,125.0,-0.47,0.0,2013-05-22
124.0,124.0,124.0,124.0,-0.57,0.0,2013-05-23
125.0,125.0,125.0,125.0,0.32,0.0,2013-05-26
126.0,126.0,126.0,126.0,1.03,0.0,2013-05-27
125.0,125.0,125.0,125.0,-0.54,0.0,2013-05-28
125.0,125.0,125.0,125.0,-0.17,0.0,2013-05-30
124.0,124.0,124.0,124.0,-0.68,0.0,2013-06-02
125.0,125.0,125.0,125.0,0.52,0.0,2013-06-03
125.0,125.0,125.0,125.0,-0.09,0.0,2013-06-04
125.0,125.0,125.0,125.0,-0.15,0.0,2013-06-05
125.0,125.0,125.0,125.0,0.03,0.0,2013-06-06
125.0,125.0,125.0,125.0,-0.12,0.0,2013-06-09
124.0,124.0,124.0,124.0,-0.44,0.0,2013-06-10
124.0,124.0,124.0,124.0,-0.11,0.0,2013-06-11
124.0,124.0,124.0,124.0,-0.01,0.0,2013-06-12
123.0,123.0,123.0,123.0,-0.9,0.0,2013-06-13
124.0,124.0,124.0,124.0,0.21,0.0,2013-06-16
123.0,123.0,123.0,123.0,-0.36,0.0,2013-06-17
123.0,123.0,123.0,123.0,-0.55,0.0,2013-06-18
122.0,122.0,122.0,122.0,-0.59,0.0,2013-06-19
121.0,121.0,121.0,121.0,-0.37,0.0,2013-06-20
121.0,121.0,121.0,121.0,-0.08,0.0,2013-06-23
122.0,122.0,122.0,122.0,0.41,0.0,2013-06-24
123.0,123.0,123.0,123.0,1.18,0.0,2013-06-25
124.0,124.0,124.0,124.0,1.01,0.0,2013-06-26
124.0,124.0,124.0,124.0,-0.66,0.0,2013-06-27
123.0,123.0,123.0,123.0,-0.54,0.0,2013-06-30
123.0,123.0,123.0,123.0,-0.05,0.0,2013-07-01
123.0,123.0,123.0,123.0,0.06,0.0,2013-07-02
123.0,123.0,123.0,123.0,-0.08,0.0,2013-07-03
123.0,123.0,123.0,123.0,-0.2,0.0,2013-07-04
123.0,123.0,123.0,123.0,0.13,0.0,2013-07-07
125.0,125.0,125.0,125.0,1.62,0.0,2013-07-08
126.0,126.0,126.0,126.0,0.97,0.0,2013-07-09
126.0,126.0,126.0,126.0,-0.25,0.0,2013-07-10
126.0,126.0,126.0,126.0,0.3,0.0,2013-07-11
127.0,127.0,127.0,127.0,0.96,0.0,2013-07-14
129.0,129.0,129.0,129.0,1.46,0.0,2013-07-15
127.0,127.0,127.0,127.0,-1.94,0.0,2013-07-16
127.0,127.0,127.0,127.0,0.45,0.0,2013-07-17
130.0,130.0,130.0,130.0,2.12,0.0,2013-07-18
134.0,134.0,134.0,134.0,3.01,0.0,2013-07-21
133.0,133.0,133.0,133.0,-0.54,0.0,2013-07-22
133.0,133.0,133.0,133.0,-0.11,0.0,2013-07-23
132.0,132.0,132.0,132.0,-1.09,0.0,2013-07-24
132.0,132.0,132.0,132.0,-0.19,0.0,2013-07-25
133.0,133.0,133.0,133.0,0.84,0.0,2013-07-28
134.0,134.0,134.0,134.0,0.98,0.0,2013-07-29
136.0,136.0,136.0,136.0,1.31,0.0,2013-07-30
136.0,136.0,136.0,136.0,0.25,0.0,2013-07-31
136.0,136.0,136.0,136.0,-0.13,0.0,2013-08-01
136.0,136.0,136.0,136.0,-0.1,0.0,2013-08-04
135.0,135.0,135.0,135.0,-0.94,0.0,2013-08-05
135.0,135.0,135.0,135.0,0.43,0.0,2013-08-06
135.0,135.0,135.0,135.0,-0.19,0.0,2013-08-07
135.0,135.0,135.0,135.0,-0.03,0.0,2013-08-08
134.0,134.0,134.0,134.0,-0.67,0.0,2013-08-11
134.0,134.0,134.0,134.0,-0.3,0.0,2013-08-12
134.0,134.0,134.0,134.0,-0.01,0.0,2013-08-13
133.0,133.0,133.0,133.0,-0.22,0.0,2013-08-14
133.0,133.0,133.0,133.0,-0.07,0.0,2013-08-15
134.0,134.0,134.0,134.0,0.74,0.0,2013-08-18
135.0,135.0,135.0,135.0,0.76,0.0,2013-08-19
136.0,136.0,136.0,136.0,0.91,0.0,2013-08-20
136.0,136.0,136.0,136.0,-0.09,0.0,2013-08-25
136.0,136.0,136.0,136.0,-0.48,0.0,2013-08-26
137.0,137.0,137.0,137.0,1.03,0.0,2013-08-27
137.0,137.0,137.0,137.0,-0.12,0.0,2013-08-29
137.0,137.0,137.0,137.0,-0.14,0.0,2013-09-01
136.0,136.0,136.0,136.0,-0.34,0.0,2013-09-02
136.0,136.0,136.0,136.0,-0.39,0.0,2013-09-03
135.0,135.0,135.0,135.0,-0.5,0.0,2013-09-04
135.0,135.0,135.0,135.0,0.17,0.0,2013-09-05
137.0,137.0,137.0,137.0,1.2,0.0,2013-09-08
137.0,137.0,137.0,137.0,-0.1,0.0,2013-09-09
135.0,135.0,135.0,135.0,-0.95,0.0,2013-09-10
136.0,136.0,136.0,136.0,0.19,0.0,2013-09-11
136.0,136.0,136.0,136.0,0.25,0.0,2013-09-12
136.0,136.0,136.0,136.0,-0.09,0.0,2013-09-15
134.0,134.0,134.0,134.0,-1.39,0.0,2013-09-16
134.0,134.0,134.0,134.0,-0.23,0.0,2013-09-17
132.0,132.0,132.0,132.0,-1.11,0.0,2013-09-19
130.0,130.0,130.0,130.0,-1.3,0.0,2013-09-22
130.0,130.0,130.0,130.0,-0.58,0.0,2013-09-23
131.0,131.0,131.0,131.0,0.7,0.0,2013-09-24
130.0,130.0,130.0,130.0,-0.27,0.0,2013-09-25
130.0,130.0,130.0,130.0,-0.32,0.0,2013-09-26
130.0,130.0,130.0,130.0,-0.11,0.0,2013-09-29
130.0,130.0,130.0,130.0,0.09,0.0,2013-09-30
130.0,130.0,130.0,130.0,-0.01,0.0,2013-10-01
130.0,130.0,130.0,130.0,0.31,0.0,2013-10-02
131.0,131.0,131.0,131.0,0.52,0.0,2013-10-03
132.0,132.0,132.0,132.0,0.83,0.0,2013-10-06
133.0,133.0,133.0,133.0,0.78,0.0,2013-10-07
133.0,133.0,133.0,133.0,0.16,0.0,2013-10-08
134.0,134.0,134.0,134.0,0.84,0.0,2013-10-09
136.0,136.0,136.0,136.0,1.24,0.0,2013-10-10
137.0,137.0,137.0,137.0,0.93,0.0,2013-10-17
141.0,141.0,141.0,141.0,2.43,0.0,2013-10-20
142.0,142.0,142.0,142.0,0.72,0.0,2013-10-21
140.0,140.0,140.0,140.0,-1.27,0.0,2013-10-22
139.0,139.0,139.0,139.0,-0.23,0.0,2013-10-23
139.0,139.0,139.0,139.0,-0.2,0.0,2013-10-24
139.0,139.0,139.0,139.0,-0.33,0.0,2013-10-27
138.0,138.0,138.0,138.0,-0.47,0.0,2013-10-28
138.0,138.0,138.0,138.0,0.03,0.0,2013-10-29
138.0,138.0,138.0,138.0,-0.2,0.0,2013-10-30
138.0,138.0,138.0,138.0,-0.05,0.0,2013-10-31
137.0,137.0,137.0,137.0,-0.17,0.0,2013-11-06
137.0,137.0,137.0,137.0,-0.13,0.0,2013-11-07
137.0,137.0,137.0,137.0,-0.25,0.0,2013-11-10
140.0,140.0,140.0,140.0,1.87,0.0,2013-11-11
141.0,141.0,141.0,141.0,1.23,0.0,2013-11-12
141.0,141.0,141.0,141.0,0.13,0.0,2013-11-13
142.0,142.0,142.0,142.0,0.07,0.0,2013-11-14
150.0,150.0,150.0,150.0,6.08,0.0,2013-11-21
155.0,155.0,155.0,155.0,2.9,0.0,2013-11-24
152.0,152.0,152.0,152.0,-1.71,0.0,2013-11-25
152.0,152.0,152.0,152.0,0.05,0.0,2013-11-26
152.0,152.0,152.0,152.0,-0.24,0.0,2013-11-27
150.0,150.0,150.0,150.0,-0.81,0.0,2013-11-28
152.0,152.0,152.0,152.0,1.15,0.0,2013-12-01
154.0,154.0,154.0,154.0,1.43,0.0,2013-12-02
158.0,158.0,158.0,158.0,2.48,0.0,2013-12-03
164.0,164.0,164.0,164.0,3.49,0.0,2013-12-04
165.0,165.0,165.0,165.0,1.1,0.0,2013-12-05
164.0,164.0,164.0,164.0,-0.8,0.0,2013-12-08
160.0,160.0,160.0,160.0,-2.43,0.0,2013-12-09
159.0,159.0,159.0,159.0,-0.66,0.0,2013-12-10
161.0,161.0,161.0,161.0,1.01,0.0,2013-12-11
161.0,161.0,161.0,161.0,0.42,0.0,2013-12-12
166.0,166.0,166.0,166.0,2.71,0.0,2013-12-15
175.0,175.0,175.0,175.0,5.41,0.0,2013-12-16
183.0,183.0,183.0,183.0,4.93,0.0,2013-12-18
183.0,183.0,183.0,183.0,-0.24,0.0,2013-12-19
180.0,180.0,180.0,180.0,-1.8,0.0,2013-12-22
172.0,172.0,172.0,172.0,-3.96,0.0,2013-12-23
174.0,174.0,174.0,174.0,1.14,0.0,2013-12-24
177.0,177.0,177.0,177.0,1.38,0.0,2013-12-26
175.0,175.0,175.0,175.0,-0.91,0.0,2013-12-29
173.0,173.0,173.0,173.0,-1.3,0.0,2013-12-31
169.0,169.0,169.0,169.0,-2.17,0.0,2014-01-01
171.0,171.0,171.0,171.0,1.06,0.0,2014-01-02
169.0,169.0,169.0,169.0,-0.93,0.0,2014-01-05
169.0,169.0,169.0,169.0,-0.12,0.0,2014-01-06
170.0,170.0,170.0,170.0,0.49,0.0,2014-01-07
172.0,172.0,172.0,172.0,1.23,0.0,2014-01-08
172.0,172.0,172.0,172.0,0.09,0.0,2014-01-09
174.0,174.0,174.0,174.0,1.2,0.0,2014-01-12
174.0,174.0,174.0,174.0,-0.06,0.0,2014-01-13
175.0,175.0,175.0,175.0,0.47,0.0,2014-01-14
177.0,177.0,177.0,177.0,0.95,0.0,2014-01-16
177.0,177.0,177.0,177.0,-0.08,0.0,2014-01-19
176.0,176.0,176.0,176.0,-0.55,0.0,2014-01-20
175.0,175.0,175.0,175.0,-0.55,0.0,2014-01-21
174.0,174.0,174.0,174.0,-0.52,0.0,2014-01-22
174.0,174.0,174.0,174.0,0.21,0.0,2014-01-23
173.0,173.0,173.0,173.0,-0.29,0.0,2014-01-26
173.0,173.0,173.0,173.0,-0.4,0.0,2014-01-27
173.0,173.0,173.0,173.0,0.23,0.0,2014-01-28
173.0,173.0,173.0,173.0,-0.28,0.0,2014-01-29
169.0,169.0,169.0,169.0,-1.03,0.0,2014-02-02
171.0,171.0,171.0,171.0,0.85,0.0,2014-02-04
172.0,172.0,172.0,172.0,0.76,0.0,2014-02-05
173.0,173.0,173.0,173.0,0.56,0.0,2014-02-06
172.0,172.0,172.0,172.0,-0.4,0.0,2014-02-09
176.0,176.0,176.0,176.0,2.34,0.0,2014-02-10
175.0,175.0,175.0,175.0,-0.9,0.0,2014-02-11
174.0,174.0,174.0,174.0,-0.14,0.0,2014-02-12
176.0,176.0,176.0,176.0,0.71,0.0,2014-02-13
175.0,175.0,175.0,175.0,-0.22,0.0,2014-02-16
175.0,175.0,175.0,175.0,0.12,0.0,2014-02-17
177.0,177.0,177.0,177.0,1.08,0.0,2014-02-18
179.0,179.0,179.0,179.0,0.8,0.0,2014-02-20
180.0,180.0,180.0,180.0,1.03,0.0,2014-02-23
181.0,181.0,181.0,181.0,0.08,0.0,2014-02-24
181.0,181.0,181.0,181.0,0.11,0.0,2014-02-25
180.0,180.0,180.0,180.0,-0.36,0.0,2014-02-26
177.0,177.0,177.0,177.0,-2.01,0.0,2014-03-03
174.0,174.0,174.0,174.0,-1.35,0.0,2014-03-04
176.0,176.0,176.0,176.0,1.26,0.0,2014-03-05
175.0,175.0,175.0,175.0,-0.82,0.0,2014-03-06
173.0,173.0,173.0,173.0,-1.26,0.0,2014-03-09
172.0,172.0,172.0,172.0,-0.43,0.0,2014-03-10
171.0,171.0,171.0,171.0,-0.61,0.0,2014-03-11
169.0,169.0,169.0,169.0,-1.15,0.0,2014-03-12
169.0,169.0,169.0,169.0,0.14,0.0,2014-03-13
166.0,166.0,166.0,166.0,-1.92,0.0,2014-03-17
163.0,163.0,163.0,163.0,-1.86,0.0,2014-03-18
165.0,165.0,165.0,165.0,1.53,0.0,2014-03-19
168.0,168.0,168.0,168.0,1.48,0.0,2014-03-20
168.0,168.0,168.0,168.0,-0.11,0.0,2014-03-23
170.0,170.0,170.0,170.0,1.22,0.0,2014-03-24
169.0,169.0,169.0,169.0,-0.43,0.0,2014-03-25
169.0,169.0,169.0,169.0,0.01,0.0,2014-03-26
169.0,169.0,169.0,169.0,0.09,0.0,2014-03-27
170.0,170.0,170.0,170.0,0.72,0.0,2014-03-31
172.0,172.0,172.0,172.0,1.2,0.0,2014-04-01
173.0,173.0,173.0,173.0,0.34,0.0,2014-04-02
173.0,173.0,173.0,173.0,-0.13,0.0,2014-04-03
171.0,171.0,171.0,171.0,-0.72,0.0,2014-04-06
171.0,171.0,171.0,171.0,-0.21,0.0,2014-04-07
172.0,172.0,172.0,172.0,0.69,0.0,2014-04-09
175.0,175.0,175.0,175.0,1.44,0.0,2014-04-10
176.0,176.0,176.0,176.0,0.68,0.0,2014-04-13
176.0,176.0,176.0,176.0,0.05,0.0,2014-04-15
174.0,174.0,174.0,174.0,-0.96,0.0,2014-04-16
174.0,174.0,174.0,174.0,-0.37,0.0,2014-04-17
173.0,173.0,173.0,173.0,-0.23,0.0,2014-04-20
173.0,173.0,173.0,173.0,-0.2,0.0,2014-04-21
174.0,174.0,174.0,174.0,0.52,0.0,2014-04-22
175.0,175.0,175.0,175.0,0.54,0.0,2014-04-23
174.0,174.0,174.0,174.0,-0.54,0.0,2014-04-27
173.0,173.0,173.0,173.0,-0.62,0.0,2014-04-28
173.0,173.0,173.0,173.0,0.22,0.0,2014-04-29
175.0,175.0,175.0,175.0,0.97,0.0,2014-04-30
176.0,176.0,176.0,176.0,0.77,0.0,2014-05-04
180.0,180.0,180.0,180.0,2.31,0.0,2014-05-05
183.0,183.0,183.0,183.0,1.5,0.0,2014-05-06
183.0,183.0,183.0,183.0,0.06,0.0,2014-05-07
181.0,181.0,181.0,181.0,-1.07,0.0,2014-05-08
180.0,180.0,180.0,180.0,-0.54,0.0,2014-05-11
181.0,181.0,181.0,181.0,0.25,0.0,2014-05-12
181.0,181.0,181.0,181.0,-0.02,0.0,2014-05-13
181.0,181.0,181.0,181.0,0.32,0.0,2014-05-15
180.0,180.0,180.0,180.0,-0.58,0.0,2014-05-18
179.0,179.0,179.0,179.0,-0.51,0.0,2014-05-19
179.0,179.0,179.0,179.0,0.08,0.0,2014-05-20
180.0,180.0,180.0,180.0,0.5,0.0,2014-05-21
181.0,181.0,181.0,181.0,0.51,0.0,2014-05-22
184.0,184.0,184.0,184.0,1.45,0.0,2014-05-25
184.0,184.0,184.0,184.0,0.0,0.0,2014-05-26
183.0,183.0,183.0,183.0,-0.65,0.0,2014-05-27
185.0,185.0,185.0,185.0,1.14,0.0,2014-05-28
186.0,186.0,186.0,186.0,0.58,0.0,2014-06-01
188.0,188.0,188.0,188.0,1.18,0.0,2014-06-02
190.0,190.0,190.0,190.0,0.83,0.0,2014-06-03
189.0,189.0,189.0,189.0,-0.12,0.0,2014-06-04
189.0,189.0,189.0,189.0,-0.42,0.0,2014-06-05
190.0,190.0,190.0,190.0,0.58,0.0,2014-06-08
190.0,190.0,190.0,190.0,0.26,0.0,2014-06-09
193.0,193.0,193.0,193.0,1.23,0.0,2014-06-10
194.0,194.0,194.0,194.0,0.52,0.0,2014-06-11
195.0,195.0,195.0,195.0,0.75,0.0,2014-06-12
201.0,201.0,201.0,201.0,2.83,0.0,2014-06-15
203.0,203.0,203.0,203.0,1.26,0.0,2014-06-16
202.0,202.0,202.0,202.0,-0.37,0.0,2014-06-17
201.0,201.0,201.0,201.0,-0.68,0.0,2014-06-18
199.0,199.0,199.0,199.0,-0.73,0.0,2014-06-19
197.0,197.0,197.0,197.0,-1.09,0.0,2014-06-23
198.0,198.0,198.0,198.0,0.51,0.0,2014-06-24
200.0,200.0,200.0,200.0,1.0,0.0,2014-06-25
201.0,201.0,201.0,201.0,0.3,0.0,2014-06-26
202.0,202.0,202.0,202.0,0.74,0.0,2014-06-29
203.0,203.0,203.0,203.0,0.08,0.0,2014-06-30
204.0,204.0,204.0,204.0,0.71,0.0,2014-07-01
207.0,207.0,207.0,207.0,1.6,0.0,2014-07-02
208.0,208.0,208.0,208.0,0.26,0.0,2014-07-03
210.0,210.0,210.0,210.0,1.23,0.0,2014-07-06
212.0,212.0,212.0,212.0,0.85,0.0,2014-07-07
217.0,217.0,217.0,217.0,2.07,0.0,2014-07-08
218.0,218.0,218.0,218.0,0.49,0.0,2014-07-09
220.0,220.0,220.0,220.0,0.88,0.0,2014-07-10
222.0,222.0,222.0,222.0,1.35,0.0,2014-07-13
221.0,221.0,221.0,221.0,-0.84,0.0,2014-07-14
220.0,220.0,220.0,220.0,-0.35,0.0,2014-07-15
222.0,222.0,222.0,222.0,1.18,0.0,2014-07-16
225.0,225.0,225.0,225.0,0.94,0.0,2014-07-17
231.0,231.0,231.0,231.0,2.77,0.0,2014-07-20
233.0,233.0,233.0,233.0,0.72,0.0,2014-07-21
231.0,231.0,231.0,231.0,-0.51,0.0,2014-07-22
233.0,233.0,233.0,233.0,0.52,0.0,2014-07-23
232.0,232.0,232.0,232.0,-0.33,0.0,2014-07-24
230.0,230.0,230.0,230.0,-0.72,0.0,2014-07-27
230.0,230.0,230.0,230.0,-0.1,0.0,2014-07-28
228.0,228.0,228.0,228.0,-0.93,0.0,2014-07-30
228.0,228.0,228.0,228.0,0.29,0.0,2014-07-31
227.0,227.0,227.0,227.0,-0.83,0.0,2014-08-03
223.0,223.0,223.0,223.0,-1.7,0.0,2014-08-04
224.0,224.0,224.0,224.0,0.62,0.0,2014-08-05
223.0,223.0,223.0,223.0,-0.42,0.0,2014-08-06
223.0,223.0,223.0,223.0,-0.04,0.0,2014-08-07
219.0,219.0,219.0,219.0,-1.88,0.0,2014-08-12
220.0,220.0,220.0,220.0,0.41,0.0,2014-08-13
221.0,221.0,221.0,221.0,0.71,0.0,2014-08-14
217.0,217.0,217.0,217.0,-2.05,0.0,2014-08-18
217.0,217.0,217.0,217.0,0.06,0.0,2014-08-19
213.0,213.0,213.0,213.0,-1.82,0.0,2014-08-20
213.0,213.0,213.0,213.0,0.33,0.0,2014-08-21
211.0,211.0,211.0,211.0,-0.98,0.0,2014-08-24
204.0,204.0,204.0,204.0,-3.67,0.0,2014-08-25
198.0,198.0,198.0,198.0,-2.72,0.0,2014-08-26
206.0,206.0,206.0,206.0,4.18,0.0,2014-08-27
209.0,209.0,209.0,209.0,1.15,0.0,2014-08-28
205.0,205.0,205.0,205.0,-1.85,0.0,2014-08-31
203.0,203.0,203.0,203.0,0.66,0.0,2014-09-01
201.0,201.0,201.0,201.0,-1.04,0.0,2014-09-03
199.0,199.0,199.0,199.0,-1.35,0.0,2014-09-04
188.0,188.0,188.0,188.0,-5.23,0.0,2014-09-07
198.0,198.0,198.0,198.0,5.38,0.0,2014-09-09
196.0,196.0,196.0,196.0,-1.14,0.0,2014-09-10
196.0,196.0,196.0,196.0,-0.01,0.0,2014-09-11
194.0,194.0,194.0,194.0,-1.02,0.0,2014-09-14
195.0,195.0,195.0,195.0,0.65,0.0,2014-09-15
198.0,198.0,198.0,198.0,1.24,0.0,2014-09-16
196.0,196.0,196.0,196.0,-0.74,0.0,2014-09-17
193.0,193.0,193.0,193.0,-1.51,0.0,2014-09-18
190.0,190.0,190.0,190.0,-1.76,0.0,2014-09-21
190.0,190.0,190.0,190.0,-0.17,0.0,2014-09-22
193.0,193.0,193.0,193.0,1.61,0.0,2014-09-23
196.0,196.0,196.0,196.0,1.85,0.0,2014-09-24
197.0,197.0,197.0,197.0,0.19,0.0,2014-09-28
201.0,201.0,201.0,201.0,2.15,0.0,2014-09-29
201.0,201.0,201.0,201.0,0.09,0.0,2014-09-30
198.0,198.0,198.0,198.0,-1.27,0.0,2014-10-08
198.0,198.0,198.0,198.0,-0.42,0.0,2014-10-09
197.0,197.0,197.0,197.0,-0.53,0.0,2014-10-12
195.0,195.0,195.0,195.0,-0.8,0.0,2014-10-13
196.0,196.0,196.0,196.0,0.31,0.0,2014-10-14
198.0,198.0,198.0,198.0,1.1,0.0,2014-10-15
198.0,198.0,198.0,198.0,-0.05,0.0,2014-10-16
198.0,198.0,198.0,198.0,0.2,0.0,2014-10-19
198.0,198.0,198.0,198.0,-0.19,0.0,2014-10-20
197.0,197.0,197.0,197.0,-0.08,0.0,2014-10-21
198.0,198.0,198.0,198.0,0.49,0.0,2014-10-22
199.0,199.0,199.0,199.0,0.11,0.0,2014-10-26
199.0,199.0,199.0,199.0,0.31,0.0,2014-10-27
199.0,199.0,199.0,199.0,-0.21,0.0,2014-10-28
198.0,198.0,198.0,198.0,-0.35,0.0,2014-10-30
196.0,196.0,196.0,196.0,-1.07,0.0,2014-11-02
193.0,193.0,193.0,193.0,-1.8,0.0,2014-11-03
191.0,191.0,191.0,191.0,-0.75,0.0,2014-11-04
193.0,193.0,193.0,193.0,0.86,0.0,2014-11-05
193.0,193.0,193.0,193.0,-0.03,0.0,2014-11-06
191.0,191.0,191.0,191.0,-0.93,0.0,2014-11-09
189.0,189.0,189.0,189.0,-1.14,0.0,2014-11-10
190.0,190.0,190.0,190.0,0.82,0.0,2014-11-11
189.0,189.0,189.0,189.0,-0.85,0.0,2014-11-12
188.0,188.0,188.0,188.0,-0.47,0.0,2014-11-13
185.0,185.0,185.0,185.0,-1.51,0.0,2014-11-16
181.0,181.0,181.0,181.0,-2.2,0.0,2014-11-17
180.0,180.0,180.0,180.0,-0.43,0.0,2014-11-18
182.0,182.0,182.0,182.0,1.28,0.0,2014-11-19
184.0,184.0,184.0,184.0,0.99,0.0,2014-11-20
186.0,186.0,186.0,186.0,0.91,0.0,2014-11-23
185.0,185.0,185.0,185.0,-0.67,0.0,2014-11-24
184.0,184.0,184.0,184.0,-0.16,0.0,2014-11-25
183.0,183.0,183.0,183.0,-0.63,0.0,2014-11-30
182.0,182.0,182.0,182.0,-0.41,0.0,2014-12-01
181.0,181.0,181.0,181.0,-0.61,0.0,2014-12-02
182.0,182.0,182.0,182.0,0.51,0.0,2014-12-03
183.0,183.0,183.0,183.0,0.51,0.0,2014-12-04
182.0,182.0,182.0,182.0,-0.43,0.0,2014-12-07
182.0,182.0,182.0,182.0,-0.22,0.0,2014-12-08
182.0,182.0,182.0,182.0,0.04,0.0,2014-12-09
183.0,183.0,183.0,183.0,0.7,0.0,2014-12-10
187.0,187.0,187.0,187.0,1.84,0.0,2014-12-11
196.0,196.0,196.0,196.0,4.82,0.0,2014-12-14
197.0,197.0,197.0,197.0,0.73,0.0,2014-12-15
196.0,196.0,196.0,196.0,-0.58,0.0,2014-12-16
194.0,194.0,194.0,194.0,-1.21,0.0,2014-12-17
194.0,194.0,194.0,194.0,0.31,0.0,2014-12-18
193.0,193.0,193.0,193.0,-0.89,0.0,2014-12-21
190.0,190.0,190.0,190.0,-1.36,0.0,2014-12-22
188.0,188.0,188.0,188.0,-0.93,0.0,2014-12-23
191.0,191.0,191.0,191.0,0.35,0.0,2014-12-24
194.0,194.0,194.0,194.0,1.94,0.0,2014-12-28
195.0,195.0,195.0,195.0,0.51,0.0,2014-12-29
194.0,194.0,194.0,194.0,-0.79,0.0,2014-12-31
194.0,194.0,194.0,194.0,0.12,0.0,2015-01-01
196.0,196.0,196.0,196.0,1.31,0.0,2015-01-04
197.0,197.0,197.0,197.0,0.28,0.0,2015-01-05
196.0,196.0,196.0,196.0,-0.37,0.0,2015-01-06
198.0,198.0,198.0,198.0,0.68,0.0,2015-01-07
199.0,199.0,199.0,199.0,0.64,0.0,2015-01-08
198.0,198.0,198.0,198.0,-0.52,0.0,2015-01-11
198.0,198.0,198.0,198.0,-0.03,0.0,2015-01-12
200.0,200.0,200.0,200.0,0.89,0.0,2015-01-13
200.0,200.0,200.0,200.0,0.25,0.0,2015-01-14
201.0,201.0,201.0,201.0,0.53,0.0,2015-01-18
208.0,208.0,208.0,208.0,3.44,0.0,2015-01-19
205.0,205.0,205.0,205.0,-1.3,0.0,2015-01-20
205.0,205.0,205.0,205.0,-0.35,0.0,2015-01-22
207.0,207.0,207.0,207.0,1.21,0.0,2015-01-25
207.0,207.0,207.0,207.0,-0.13,0.0,2015-01-26
208.0,208.0,208.0,208.0,0.72,0.0,2015-01-27
211.0,211.0,211.0,211.0,1.38,0.0,2015-01-28
211.0,211.0,211.0,211.0,-0.09,0.0,2015-01-29
212.0,212.0,212.0,212.0,0.56,0.0,2015-02-01
212.0,212.0,212.0,212.0,-0.16,0.0,2015-02-02
211.0,211.0,211.0,211.0,-0.32,0.0,2015-02-03
211.0,211.0,211.0,211.0,-0.13,0.0,2015-02-04
210.0,210.0,210.0,210.0,-0.34,0.0,2015-02-05
210.0,210.0,210.0,210.0,0.11,0.0,2015-02-08
209.0,209.0,209.0,209.0,-0.57,0.0,2015-02-09
209.0,209.0,209.0,209.0,-0.08,0.0,2015-02-10
209.0,209.0,209.0,209.0,0.02,0.0,2015-02-11
210.0,210.0,210.0,210.0,0.27,0.0,2015-02-12
210.0,210.0,210.0,210.0,0.36,0.0,2015-02-15
210.0,210.0,210.0,210.0,-0.36,0.0,2015-02-16
209.0,209.0,209.0,209.0,-0.44,0.0,2015-02-18
206.0,206.0,206.0,206.0,-1.34,0.0,2015-02-22
207.0,207.0,207.0,207.0,0.35,0.0,2015-02-23
206.0,206.0,206.0,206.0,-0.4,0.0,2015-02-24
206.0,206.0,206.0,206.0,0.0,0.0,2015-02-25
207.0,207.0,207.0,207.0,0.79,0.0,2015-02-26
207.0,207.0,207.0,207.0,-0.31,0.0,2015-03-01
209.0,209.0,209.0,209.0,0.96,0.0,2015-03-02
208.0,208.0,208.0,208.0,-0.37,0.0,2015-03-03
209.0,209.0,209.0,209.0,0.28,0.0,2015-03-04
210.0,210.0,210.0,210.0,0.59,0.0,2015-03-09
209.0,209.0,209.0,209.0,-0.32,0.0,2015-03-10
209.0,209.0,209.0,209.0,-0.03,0.0,2015-03-11
208.0,208.0,208.0,208.0,-0.5,0.0,2015-03-12
207.0,207.0,207.0,207.0,-0.62,0.0,2015-03-15
204.0,204.0,204.0,204.0,-1.41,0.0,2015-03-16
205.0,205.0,205.0,205.0,0.57,0.0,2015-03-17
205.0,205.0,205.0,205.0,-0.07,0.0,2015-03-18
206.0,206.0,206.0,206.0,0.42,0.0,2015-03-19
205.0,205.0,205.0,205.0,-0.27,0.0,2015-03-22
204.0,204.0,204.0,204.0,-0.75,0.0,2015-03-23
203.0,203.0,203.0,203.0,-0.26,0.0,2015-03-24
202.0,202.0,202.0,202.0,-0.34,0.0,2015-03-25
200.0,200.0,200.0,200.0,-1.11,0.0,2015-03-26
200.0,200.0,200.0,200.0,0.04,0.0,2015-03-29
200.0,200.0,200.0,200.0,-0.26,0.0,2015-03-30
201.0,201.0,201.0,201.0,0.61,0.0,2015-03-31
200.0,200.0,200.0,200.0,-0.58,0.0,2015-04-01
200.0,200.0,200.0,200.0,0.04,0.0,2015-04-02
199.0,199.0,199.0,199.0,-0.64,0.0,2015-04-05
200.0,200.0,200.0,200.0,0.46,0.0,2015-04-06
199.0,199.0,199.0,199.0,-0.28,0.0,2015-04-07
201.0,201.0,201.0,201.0,0.96,0.0,2015-04-08
202.0,202.0,202.0,202.0,0.49,0.0,2015-04-09
203.0,203.0,203.0,203.0,0.63,0.0,2015-04-12
202.0,202.0,202.0,202.0,-0.44,0.0,2015-04-13
202.0,202.0,202.0,202.0,-0.35,0.0,2015-04-15
203.0,203.0,203.0,203.0,0.72,0.0,2015-04-16
202.0,202.0,202.0,202.0,-0.48,0.0,2015-04-19
202.0,202.0,202.0,202.0,0.0,0.0,2015-04-20
202.0,202.0,202.0,202.0,0.18,0.0,2015-04-21
202.0,202.0,202.0,202.0,-0.25,0.0,2015-04-22
201.0,201.0,201.0,201.0,-0.22,0.0,2015-04-23
196.0,196.0,196.0,196.0,-2.8,0.0,2015-05-24
189.0,189.0,189.0,189.0,-3.34,0.0,2015-05-25
184.0,184.0,184.0,184.0,-2.84,0.0,2015-05-26
179.0,179.0,179.0,179.0,-2.71,0.0,2015-05-27
180.0,180.0,180.0,180.0,0.56,0.0,2015-05-28
187.0,187.0,187.0,187.0,4.03,0.0,2015-05-31
191.0,191.0,191.0,191.0,2.14,0.0,2015-06-01
193.0,193.0,193.0,193.0,0.92,0.0,2015-06-02
198.0,198.0,198.0,198.0,2.64,0.0,2015-06-03
198.0,198.0,198.0,198.0,0.06,0.0,2015-06-04
199.0,199.0,199.0,199.0,0.5,0.0,2015-06-07
202.0,202.0,202.0,202.0,1.46,0.0,2015-06-08
207.0,207.0,207.0,207.0,2.44,0.0,2015-06-09
205.0,205.0,205.0,205.0,-1.02,0.0,2015-06-10
201.0,201.0,201.0,201.0,-1.96,0.0,2015-06-11
199.0,199.0,199.0,199.0,-0.99,0.0,2015-06-14
200.0,200.0,200.0,200.0,0.52,0.0,2015-06-15
199.0,199.0,199.0,199.0,-0.35,0.0,2015-06-16
198.0,198.0,198.0,198.0,-0.35,0.0,2015-06-17
198.0,198.0,198.0,198.0,-0.39,0.0,2015-06-18
196.0,196.0,196.0,196.0,-0.65,0.0,2015-06-21
197.0,197.0,197.0,197.0,0.5,0.0,2015-06-22
198.0,198.0,198.0,198.0,0.29,0.0,2015-06-23
198.0,198.0,198.0,198.0,0.25,0.0,2015-06-24
199.0,199.0,199.0,199.0,0.26,0.0,2015-06-25
200.0,200.0,200.0,200.0,0.61,0.0,2015-06-28
202.0,202.0,202.0,202.0,0.64,0.0,2015-06-29
202.0,202.0,202.0,202.0,0.28,0.0,2015-06-30
201.0,201.0,201.0,201.0,-0.45,0.0,2015-07-01
200.0,200.0,200.0,200.0,-0.69,0.0,2015-07-02
200.0,200.0,200.0,200.0,-0.14,0.0,2015-07-05
199.0,199.0,199.0,199.0,-0.09,0.0,2015-07-06
200.0,200.0,200.0,200.0,0.54,0.0,2015-07-07
201.0,201.0,201.0,201.0,0.07,0.0,2015-07-08
201.0,201.0,201.0,201.0,0.07,0.0,2015-07-09
201.0,201.0,201.0,201.0,0.19,0.0,2015-07-12
201.0,201.0,201.0,201.0,-0.11,0.0,2015-07-13
201.0,201.0,201.0,201.0,0.3,0.0,2015-07-14
202.0,202.0,202.0,202.0,0.44,0.0,2015-07-15
205.0,205.0,205.0,205.0,1.14,0.0,2015-07-16
205.0,205.0,205.0,205.0,0.11,0.0,2015-07-22
214.0,214.0,214.0,214.0,4.56,0.0,2015-07-23
225.0,225.0,225.0,225.0,4.95,0.0,2015-07-26
225.0,225.0,225.0,225.0,0.07,0.0,2015-07-27
221.0,221.0,221.0,221.0,-1.84,0.0,2015-07-28
219.0,219.0,219.0,219.0,-0.7,0.0,2015-07-29
221.0,221.0,221.0,221.0,0.75,0.0,2015-07-30
223.0,223.0,223.0,223.0,0.73,0.0,2015-08-02
222.0,222.0,222.0,222.0,-0.47,0.0,2015-08-03
221.0,221.0,221.0,221.0,-0.13,0.0,2015-08-04
222.0,222.0,222.0,222.0,0.13,0.0,2015-08-05
223.0,223.0,223.0,223.0,0.55,0.0,2015-08-06
229.0,229.0,229.0,229.0,2.58,0.0,2015-08-09
233.0,233.0,233.0,233.0,1.87,0.0,2015-08-10
232.0,232.0,232.0,232.0,-0.33,0.0,2015-08-11
232.0,232.0,232.0,232.0,-0.06,0.0,2015-08-12
235.0,235.0,235.0,235.0,1.25,0.0,2015-08-13
241.0,241.0,241.0,241.0,2.66,0.0,2015-08-16
252.0,252.0,252.0,252.0,4.57,0.0,2015-08-17
253.0,253.0,253.0,253.0,0.28,0.0,2015-08-18
260.0,260.0,260.0,260.0,2.84,0.0,2015-08-19
262.0,262.0,262.0,262.0,0.83,0.0,2015-08-20
258.0,258.0,258.0,258.0,-1.47,0.0,2015-08-23
257.0,257.0,257.0,257.0,-0.54,0.0,2015-08-24
257.0,257.0,257.0,257.0,-0.07,0.0,2015-08-25
255.0,255.0,255.0,255.0,-0.76,0.0,2015-08-26
256.0,256.0,256.0,256.0,0.39,0.0,2015-08-27
258.0,258.0,258.0,258.0,0.74,0.0,2015-08-31
256.0,256.0,256.0,256.0,-0.8,0.0,2015-09-01
253.0,253.0,253.0,253.0,-1.04,0.0,2015-09-02
252.0,252.0,252.0,252.0,-0.46,0.0,2015-09-03
251.0,251.0,251.0,251.0,-0.27,0.0,2015-09-06
252.0,252.0,252.0,252.0,0.42,0.0,2015-09-07
253.0,253.0,253.0,253.0,0.24,0.0,2015-09-08
253.0,253.0,253.0,253.0,0.07,0.0,2015-09-09
252.0,252.0,252.0,252.0,-0.23,0.0,2015-09-10
256.0,256.0,256.0,256.0,1.3,0.0,2015-09-13
258.0,258.0,258.0,258.0,0.99,0.0,2015-09-14
260.67,260.67,260.67,260.67,1.01,0.0,2015-09-15
259.98,259.98,259.98,259.98,-0.26,0.0,2015-09-16
258.5,258.5,258.5,258.5,-0.57,0.0,2015-09-17
249.54,249.54,249.54,249.54,-3.47,0.0,2015-09-22
255.84,255.84,255.84,255.84,2.52,0.0,2015-09-23
254.46,254.46,254.46,254.46,-0.54,0.0,2015-09-24
250.89,250.89,250.89,250.89,-1.4,0.0,2015-09-28
253.02,253.02,253.02,253.02,0.85,0.0,2015-09-29
255.95,255.95,255.95,255.95,1.16,0.0,2015-09-30
255.62,255.62,255.62,255.62,-0.13,0.0,2015-10-01
256.58,256.58,256.58,256.58,0.38,0.0,2015-10-04
253.8,253.8,253.8,253.8,-1.08,0.0,2015-10-05
250.9,250.9,250.9,250.9,-1.14,0.0,2015-10-06
249.02,249.02,249.02,249.02,-0.75,0.0,2015-10-07
251.64,251.64,251.64,251.64,1.05,0.0,2015-10-08
247.53,247.53,247.53,247.53,-1.63,0.0,2015-10-11
245.75,245.75,245.75,245.75,-0.72,0.0,2015-10-14
245.57,245.57,245.57,245.57,-0.07,0.0,2015-10-15
241.97,241.97,241.97,241.97,-1.47,0.0,2015-10-18
243.71,243.71,243.71,243.71,0.72,0.0,2015-10-19
242.23,242.23,242.23,242.23,-0.6,0.0,2015-10-25
235.54,235.54,235.54,235.54,-2.76,0.0,2015-10-27
233.89,233.89,233.89,233.89,-0.7,0.0,2015-10-28
235.83,235.83,235.83,235.83,0.83,0.0,2015-10-29
235.22,235.22,235.22,235.22,-0.26,0.0,2015-11-01
235.89,235.89,235.89,235.89,0.28,0.0,2015-11-02
234.74,234.74,234.74,234.74,-0.49,0.0,2015-11-03
235.98,235.98,235.98,235.98,0.53,0.0,2015-11-04
235.78,235.78,235.78,235.78,-0.08,0.0,2015-11-05
234.99,234.99,234.99,234.99,-0.34,0.0,2015-11-08
239.44,239.44,239.44,239.44,1.89,0.0,2015-11-09
239.6,239.6,239.6,239.6,0.07,0.0,2015-11-10
237.34,237.34,237.34,237.34,-2.26,0.0,2015-11-15
236.16,236.16,236.16,236.16,-0.5,0.0,2015-11-16
237.41,237.41,237.41,237.41,0.53,0.0,2015-11-18
236.26,236.26,236.26,236.26,-0.48,0.0,2015-11-19
231.29,231.29,231.29,231.29,-2.1,0.0,2015-11-22
232.5,232.5,232.5,232.5,0.52,0.0,2015-11-23
230.24,230.24,230.24,230.24,-0.97,0.0,2015-11-24
227.91,227.91,227.91,227.91,-1.01,0.0,2015-11-25
225.37,225.37,225.37,225.37,-1.11,0.0,2015-11-26
220.74,220.74,220.74,220.74,-2.05,0.0,2015-11-29
223.27,223.27,223.27,223.27,1.15,0.0,2015-11-30
230.27,230.27,230.27,230.27,3.14,0.0,2015-12-01
229.46,229.46,229.46,229.46,-0.35,0.0,2015-12-02
231.74,231.74,231.74,231.74,0.99,0.0,2015-12-03
238.3,238.3,238.3,238.3,2.83,0.0,2015-12-06
239.33,239.33,239.33,239.33,0.43,0.0,2015-12-07
239.04,239.04,239.04,239.04,-0.12,0.0,2015-12-08
242.47,242.47,242.47,242.47,1.43,0.0,2015-12-09
241.43,241.43,241.43,241.43,-0.43,0.0,2015-12-10
241.0,241.0,241.0,241.0,-0.18,0.0,2015-12-13
240.55,240.55,240.55,240.55,-0.19,0.0,2015-12-14
239.72,239.72,239.72,239.72,-0.35,0.0,2015-12-15
238.51,238.51,238.51,238.51,-0.5,0.0,2015-12-16
237.94,237.94,237.94,237.94,-0.24,0.0,2015-12-17
240.38,240.38,240.38,240.38,1.03,0.0,2015-12-20
243.17,243.17,243.17,243.17,1.13,0.0,2015-12-21
244.39,244.39,244.39,244.39,0.5,0.0,2015-12-22
243.29,243.29,243.29,243.29,-0.45,0.0,2015-12-23
243.96,243.96,243.96,243.96,0.28,0.0,2015-12-24
243.43,243.43,243.43,243.43,-0.22,0.0,2015-12-27
242.79,242.79,242.79,242.79,-0.26,0.0,2015-12-28
244.82,244.82,244.82,244.82,0.84,0.0,2015-12-29
246.54,246.54,246.54,246.54,0.7,0.0,2015-12-31
247.85,247.85,247.85,247.85,0.53,0.0,2016-01-03
246.44,246.44,246.44,246.44,-0.57,0.0,2016-01-04
245.62,245.62,245.62,245.62,-0.33,0.0,2016-01-05
246.6,246.6,246.6,246.6,0.4,0.0,2016-01-06
250.02,250.02,250.02,250.02,1.39,0.0,2016-01-07
250.78,250.78,250.78,250.78,0.3,0.0,2016-01-10
251.13,251.13,251.13,251.13,0.14,0.0,2016-01-11
252.19,252.19,252.19,252.19,0.42,0.0,2016-01-12
254.11,254.11,254.11,254.11,0.76,0.0,2016-01-13
255.83,255.83,255.83,255.83,0.68,0.0,2016-01-14
261.1,261.1,261.1,261.1,0.28,0.0,2016-01-18
260.93,260.93,260.93,260.93,-0.07,0.0,2016-01-19
261.18,261.18,261.18,261.18,0.1,0.0,2016-01-20
260.75,260.75,260.75,260.75,-0.16,0.0,2016-01-21
262.24,262.24,262.24,262.24,0.57,0.0,2016-01-24
262.94,262.94,262.94,262.94,0.27,0.0,2016-01-25
262.05,262.05,262.05,262.05,-0.34,0.0,2016-01-26
261.7,261.7,261.7,261.7,-0.13,0.0,2016-01-27
261.58,261.58,261.58,261.58,-0.05,0.0,2016-01-28
262.63,262.63,262.63,262.63,0.4,0.0,2016-01-31
266.86,266.86,266.86,266.86,1.61,0.0,2016-02-01
267.4,267.4,267.4,267.4,0.2,0.0,2016-02-02
267.59,267.59,267.59,267.59,0.07,0.0,2016-02-03
269.52,269.52,269.52,269.52,0.72,0.0,2016-02-04
272.26,272.26,272.26,272.26,1.02,0.0,2016-02-07
272.35,272.35,272.35,272.35,0.03,0.0,2016-02-08
272.45,272.45,272.45,272.45,0.04,0.0,2016-02-11
271.71,271.71,271.71,271.71,-0.27,0.0,2016-02-14
271.56,271.56,271.56,271.56,-0.06,0.0,2016-02-15
271.19,271.19,271.19,271.19,-0.14,0.0,2016-02-16
273.17,273.17,273.17,273.17,0.73,0.0,2016-02-17
274.85,274.85,274.85,274.85,0.62,0.0,2016-02-18
276.22,276.22,276.22,276.22,0.5,0.0,2016-02-21
279.37,279.37,279.37,279.37,1.14,0.0,2016-02-22
278.09,278.09,278.09,278.09,-0.46,0.0,2016-02-23
276.82,276.82,276.82,276.82,-0.46,0.0,2016-02-24
277.51,277.51,277.51,277.51,0.25,0.0,2016-02-25
277.64,277.64,277.64,277.64,0.05,0.0,2016-02-28
277.55,277.55,277.55,277.55,-0.03,0.0,2016-02-29
278.69,278.69,278.69,278.69,0.41,0.0,2016-03-01
279.79,279.79,279.79,279.79,0.39,0.0,2016-03-02
280.74,280.74,280.74,280.74,0.34,0.0,2016-03-03
281.65,281.65,281.65,281.65,0.32,0.0,2016-03-06
283.6,283.6,283.6,283.6,0.69,0.0,2016-03-10
283.86,283.86,283.86,283.86,0.09,0.0,2016-03-13
282.28,282.28,282.28,282.28,-0.56,0.0,2016-03-14
282.37,282.37,282.37,282.37,0.03,0.0,2016-03-15
282.99,282.99,282.99,282.99,0.22,0.0,2016-03-16
285.23,285.23,285.23,285.23,0.79,0.0,2016-03-17
289.04,289.04,289.04,289.04,1.34,0.0,2016-03-20
288.57,288.57,288.57,288.57,-0.16,0.0,2016-03-21
289.56,289.56,289.56,289.56,0.34,0.0,2016-03-23
292.48,292.48,292.48,292.48,1.01,0.0,2016-03-24
297.3,297.3,297.3,297.3,1.65,0.0,2016-03-27
296.74,296.74,296.74,296.74,-0.19,0.0,2016-03-28
295.65,295.65,295.65,295.65,-0.37,0.0,2016-03-29
293.89,293.89,293.89,293.89,-0.96,0.0,2016-03-30
292.22,292.22,292.22,292.22,-0.57,0.0,2016-03-31
291.46,291.46,291.46,291.46,-0.26,0.0,2016-04-03
294.03,294.03,294.03,294.03,0.88,0.0,2016-04-04
297.0,297.0,297.0,297.0,1.01,0.0,2016-04-05
297.38,297.38,297.38,297.38,0.13,0.0,2016-04-06
298.64,298.64,298.64,298.64,0.42,0.0,2016-04-10
298.94,298.94,298.94,298.94,0.1,0.0,2016-04-11
299.92,299.92,299.92,299.92,0.33,0.0,2016-04-12
303.72,303.72,303.72,303.72,1.27,0.0,2016-04-14
304.51,304.51,304.51,304.51,0.26,0.0,2016-04-17
309.0,309.0,309.0,309.0,1.47,0.0,2016-04-18
309.53,309.53,309.53,309.53,0.17,0.0,2016-04-19
311.91,311.91,311.91,311.91,0.77,0.0,2016-04-20
312.18,312.18,312.18,312.18,0.09,0.0,2016-04-21
315.16,315.16,315.16,315.16,0.95,0.0,2016-04-24
316.81,316.81,316.81,316.81,0.52,0.0,2016-04-25
314.72,314.72,314.72,314.72,-0.66,0.0,2016-04-26
315.89,315.89,315.89,315.89,0.37,0.0,2016-04-27
317.27,317.27,317.27,317.27,0.44,0.0,2016-04-28
319.44,319.44,319.44,319.44,0.68,0.0,2016-05-02
318.85,318.85,318.85,318.85,-0.18,0.0,2016-05-03
318.01,318.01,318.01,318.01,-0.26,0.0,2016-05-04
316.96,316.96,316.96,316.96,-0.33,0.0,2016-05-05
319.07,319.07,319.07,319.07,0.67,0.0,2016-05-08
321.34,321.34,321.34,321.34,0.71,0.0,2016-05-09
321.45,321.45,321.45,321.45,0.03,0.0,2016-05-10
320.43,320.43,320.43,320.43,-0.32,0.0,2016-05-11
320.58,320.58,320.58,320.58,0.05,0.0,2016-05-12
319.49,319.49,319.49,319.49,-0.34,0.0,2016-05-15
317.26,317.26,317.26,317.26,-0.7,0.0,2016-05-16
320.93,320.93,320.93,320.93,1.16,0.0,2016-05-17
323.78,323.78,323.78,323.78,0.89,0.0,2016-05-18
324.44,324.44,324.44,324.44,0.2,0.0,2016-05-19
326.63,326.63,326.63,326.63,0.68,0.0,2016-05-22
329.82,329.82,329.82,329.82,0.98,0.0,2016-05-23
334.47,334.47,334.47,334.47,1.41,0.0,2016-05-24
329.78,329.78,329.78,329.78,-1.4,0.0,2016-05-25
329.98,329.98,329.98,329.98,0.06,0.0,2016-05-26
329.17,329.17,329.17,329.17,-0.25,911214016.0,2016-05-29
330.17,330.17,330.17,330.17,0.3,944044032.0,2016-05-30
330.9,330.9,330.9,330.9,0.22,1041150016.0,2016-05-31
329.15,329.15,329.15,329.15,-0.53,988836992.0,2016-06-01
328.0,328.0,328.0,328.0,-0.35,892395008.0,2016-06-02
320.31,320.31,320.31,320.31,-2.34,1107980032.0,2016-06-05
320.31,327.86,320.32,327.86,2.36,950992000.0,2016-06-06
327.86,332.66,327.86,331.2,1.02,996875008.0,2016-06-07
331.2,334.71,330.65,334.48,0.99,1045830016.0,2016-06-08
338.82,338.82,338.82,338.82,1.3,1602240000.0,2016-06-09
338.82,346.93,338.37,345.95,2.11,1655760000.0,2016-06-12
345.95,352.48,345.5,348.42,0.71,1354279936.0,2016-06-13
349.19,349.19,349.19,349.19,0.22,1398960000.0,2016-06-14
350.3,350.3,350.3,350.3,0.32,1138499968.0,2016-06-15
352.63,352.63,352.63,352.63,0.67,1642940032.0,2016-06-16
352.63,353.31,349.29,349.99,-0.75,1197830016.0,2016-06-19
349.99,350.71,347.29,348.42,-0.45,871993024.0,2016-06-20
351.16,351.16,351.16,351.16,0.79,916664000.0,2016-06-21
351.16,356.33,351.11,355.1,1.12,1459600000.0,2016-06-22
359.39,359.39,359.39,359.39,1.21,1518210048.0,2016-06-23
359.39,364.65,359.22,363.99,1.28,1236140032.0,2016-06-26
363.99,372.59,365.99,372.59,2.36,1308070016.0,2016-06-27
370.47,375.29,370.36,373.05,0.7,1459079936.0,2016-06-28
373.05,374.86,372.07,372.6,-0.12,1183030016.0,2016-06-29
372.6,374.75,368.8,372.26,-0.09,1308530048.0,2016-06-30
372.26,372.77,368.89,371.06,-0.32,1386989952.0,2016-07-03
372.26,372.02,370.0,370.53,-0.14,1117020032.0,2016-07-04
370.53,370.6,367.73,369.36,-0.32,894073024.0,2016-07-05
369.36,371.72,369.25,370.01,0.18,958288000.0,2016-07-06
371.56,371.56,371.56,371.56,0.42,1064950016.0,2016-07-10
371.56,372.56,366.9,366.97,-1.23,666356992.0,2016-07-11
366.97,368.62,356.41,364.98,-0.54,918996992.0,2016-07-12
364.98,365.04,359.35,363.73,-0.34,713401024.0,2016-07-13
363.73,370.67,363.75,369.07,1.47,905484992.0,2016-07-14
369.07,375.56,368.42,374.85,1.57,956195008.0,2016-07-17
374.85,384.52,374.97,384.52,2.58,1502439936.0,2016-07-18
384.52,391.1,384.57,388.1,0.93,1796870016.0,2016-07-19
388.1,391.12,384.25,385.48,-0.67,1794070016.0,2016-07-20
385.48,388.96,383.58,387.65,0.56,1195580032.0,2016-07-21
396.03,396.03,396.03,396.03,2.16,1892530048.0,2016-07-25
396.03,402.66,395.86,402.14,1.54,0.0,2016-07-26
402.14,407.03,402.09,405.23,0.77,1748480000.0,2016-07-27
405.23,406.65,401.18,404.54,-0.17,1641020032.0,2016-07-28
404.54,404.55,400.64,401.05,-0.86,1361059968.0,2016-07-31
401.12,401.95,394.13,397.43,-0.9,1243859968.0,2016-08-01
397.43,397.79,392.75,393.36,-1.02,1150569984.0,2016-08-02
393.36,394.59,386.64,390.75,-0.66,1063249984.0,2016-08-03
380.95,380.95,380.95,380.95,-2.51,1186400000.0,2016-08-04
380.95,389.01,378.85,380.19,-0.2,1258640000.0,2016-08-07
380.19,380.59,360.74,360.74,-5.12,748377984.0,2016-08-08
360.74,379.44,361.09,379.44,5.18,234342000.0,2016-08-09
379.51,385.97,374.78,383.83,1.16,1656089984.0,2016-08-10
383.83,385.9,381.28,382.78,-0.27,896716992.0,2016-08-11
382.78,382.87,373.7,374.34,-2.2,910315008.0,2016-08-14
365.96,365.96,365.96,365.96,-2.24,948744000.0,2016-08-15
365.96,371.03,363.09,370.94,1.36,856795008.0,2016-08-16
370.94,376.29,370.66,374.61,0.99,803025024.0,2016-08-17
372.01,372.01,372.01,372.01,-0.69,489527008.0,2016-08-21
372.01,372.83,363.76,363.76,-2.22,639731008.0,2016-08-22
363.76,368.67,361.99,363.56,-0.06,666844992.0,2016-08-23
363.56,374.37,363.62,374.25,2.94,803443008.0,2016-08-24
374.25,380.58,374.22,378.12,1.03,1146770048.0,2016-08-28
378.12,382.41,377.95,382.21,1.08,1088809984.0,2016-08-29
382.21,387.6,382.1,387.08,1.27,1192189952.0,2016-08-30
387.08,390.04,385.8,389.56,0.64,984702976.0,2016-08-31
389.56,391.76,389.51,391.48,0.49,1155750016.0,2016-09-01
391.48,395.52,391.27,395.18,0.94,1472140032.0,2016-09-04
395.18,400.01,395.1,399.58,1.11,1614800000.0,2016-09-05
399.58,403.14,394.77,398.7,-0.22,1604440064.0,2016-09-06
398.7,399.64,394.74,396.19,-0.63,1369609984.0,2016-09-07
396.19,397.16,394.13,395.57,-0.16,1185570048.0,2016-09-08
395.57,396.97,393.88,394.15,-0.36,915377984.0,2016-09-11
394.15,394.83,392.38,394.55,0.1,921974016.0,2016-09-12
393.88,393.88,393.88,393.88,-0.17,1176000000.0,2016-09-14
393.88,394.71,390.6,391.36,-0.64,2214180096.0,2016-09-18
391.36,392.19,387.03,387.37,-1.02,1106220032.0,2016-09-20
387.37,387.7,382.51,385.63,-0.45,775499008.0,2016-09-21
387.37,385.96,382.66,382.83,-0.73,780257984.0,2016-09-22
382.83,383.01,373.65,375.04,-2.04,945148032.0,2016-09-25
380.96,380.96,380.96,380.96,1.58,944716992.0,2016-09-26
380.23,380.23,380.23,380.23,-0.19,621265024.0,2016-09-27
380.25,380.95,378.68,379.26,-0.25,639219968.0,2016-09-28
379.28,381.35,378.01,380.26,0.26,672990016.0,2016-09-29
380.28,383.16,380.22,382.73,0.65,796542976.0,2016-10-02
382.75,387.2,382.7,386.39,0.96,708598976.0,2016-10-03
386.39,390.84,386.42,390.19,0.98,1026760000.0,2016-10-04
392.29,392.29,392.29,392.29,0.54,880878016.0,2016-10-05
392.29,395.72,392.24,395.13,0.72,926337984.0,2016-10-06
392.29,395.35,390.74,391.4,-0.94,561974976.0,2016-10-16
391.4,391.75,386.94,388.82,-0.66,578560000.0,2016-10-17
388.77,388.77,388.77,388.77,-0.01,446032992.0,2016-10-18
388.77,389.09,387.09,387.81,-0.25,482631008.0,2016-10-19
387.81,389.58,387.76,389.24,0.37,620747008.0,2016-10-20
389.24,390.16,386.05,386.38,-0.73,890969024.0,2016-10-23
386.38,386.72,382.02,383.27,-0.81,859747008.0,2016-10-24
383.27,383.18,378.69,379.04,-1.1,642416000.0,2016-10-25
379.04,380.23,375.98,379.75,0.19,696843008.0,2016-10-26
379.75,381.89,379.56,381.15,0.37,611673984.0,2016-10-27
381.15,381.84,379.77,381.67,0.14,487560992.0,2016-11-03
381.67,382.22,378.59,378.69,-0.78,608222976.0,2016-11-07
378.69,378.79,372.54,372.91,-1.53,657350016.0,2016-11-08
372.91,372.94,365.74,366.96,-1.59,564259008.0,2016-11-09
366.96,370.17,365.17,367.02,0.02,609657984.0,2016-11-10
367.02,369.74,365.78,367.73,0.19,662035008.0,2016-11-13
367.73,369.82,367.93,369.12,0.38,696830016.0,2016-11-14
369.12,371.09,367.88,368.28,-0.23,716496000.0,2016-11-15
368.28,370.14,366.83,367.72,-0.15,1102419968.0,2016-11-16
367.72,368.3,358.25,358.59,-2.48,1353180032.0,2016-11-17
358.59,358.72,340.41,345.35,-3.69,1126819968.0,2016-11-20
345.35,349.84,339.36,346.97,0.47,810337984.0,2016-11-21
346.97,346.93,339.62,341.69,-1.52,713091008.0,2016-11-22
341.69,341.8,332.13,332.35,-2.73,930169984.0,2016-11-23
332.35,339.79,327.29,331.17,-0.35,823534016.0,2016-11-24
331.17,331.78,316.73,316.85,-4.32,826286976.0,2016-11-27
316.85,326.77,302.15,326.14,2.93,1017870016.0,2016-11-28
326.14,336.34,316.69,335.98,3.02,1081360000.0,2016-11-29
335.98,348.33,335.92,348.32,3.67,1241459968.0,2016-11-30
348.32,352.08,343.17,346.44,-0.54,1073970048.0,2016-12-01
346.44,346.47,339.29,339.8,-1.92,649208000.0,2016-12-04
339.8,340.52,333.21,333.96,-1.72,581062016.0,2016-12-05
333.96,337.34,332.37,336.34,0.71,648523008.0,2016-12-06
336.34,337.04,334.86,336.23,-0.03,416273984.0,2016-12-07
336.23,336.37,333.56,334.43,-0.54,531177984.0,2016-12-08
334.43,334.81,329.54,329.58,-1.45,332440000.0,2016-12-11
329.58,329.88,323.49,326.61,-0.9,465913984.0,2016-12-12
326.61,328.59,324.96,328.15,0.47,411151008.0,2016-12-14
328.15,331.33,327.58,331.0,0.87,433412992.0,2016-12-15
331.0,331.33,328.43,331.31,0.09,501588992.0,2016-12-18
331.31,331.43,327.11,327.58,-1.13,493035008.0,2016-12-19
327.58,327.63,323.06,323.4,-1.28,616851968.0,2016-12-20
323.4,323.42,317.37,317.56,-1.81,415467008.0,2016-12-21
317.56,319.88,316.77,318.76,0.38,389452992.0,2016-12-22
318.76,319.03,309.21,309.21,-2.99,418881984.0,2016-12-26
309.21,309.38,300.52,303.73,-1.77,472902016.0,2016-12-27
303.73,307.1,302.66,304.94,0.4,386403008.0,2016-12-28
304.94,314.23,304.88,311.64,2.2,493323008.0,2016-12-29
311.64,319.12,311.73,316.72,1.63,499380992.0,2017-01-01
316.72,321.01,316.72,320.43,1.17,443934016.0,2017-01-02
320.43,320.75,314.57,314.59,-1.82,348636992.0,2017-01-03
314.59,316.0,311.32,314.86,0.09,288736000.0,2017-01-04
314.86,316.62,313.41,314.12,-0.23,282406016.0,2017-01-05
314.12,314.07,312.14,312.62,-0.48,358132000.0,2017-01-08
312.62,315.79,312.56,315.26,0.84,233926000.0,2017-01-09
315.26,319.46,315.49,319.04,1.2,279678016.0,2017-01-10
319.04,320.88,318.45,319.04,0.0,258498000.0,2017-01-11
319.04,320.32,318.94,319.96,0.29,0.0,2017-01-12
319.96,321.61,319.69,320.05,0.03,237731008.0,2017-01-15
320.05,321.02,317.84,317.98,-0.65,223144992.0,2017-01-16
317.98,318.16,315.45,317.34,-0.2,213610000.0,2017-01-17
317.34,317.53,315.88,317.19,-0.05,214831008.0,2017-01-18
317.19,318.71,317.02,317.32,0.04,221660992.0,2017-01-19
317.32,318.75,317.28,318.23,0.29,187764000.0,2017-01-22
318.23,318.54,316.48,316.59,-0.51,239099008.0,2017-01-23
316.59,317.22,311.09,311.09,-1.74,254524992.0,2017-01-24
311.09,311.23,303.07,303.2,-2.54,338952992.0,2017-01-25
303.2,303.2,294.32,298.48,-1.56,415675008.0,2017-01-26
298.48,298.74,283.54,284.07,-4.83,453911008.0,2017-01-30
284.07,289.73,280.31,288.07,1.41,399001984.0,2017-01-31
288.07,301.88,288.17,301.7,4.73,478556992.0,2017-02-01
301.7,307.89,298.91,300.35,-0.45,438388000.0,2017-02-02
300.35,300.73,293.86,296.32,-1.34,208936992.0,2017-02-05
296.32,296.36,292.11,292.99,-1.12,183272000.0,2017-02-06
292.99,293.34,290.41,291.95,-0.36,235044992.0,2017-02-07
291.95,292.1,286.7,287.19,-1.63,266487008.0,2017-02-08
287.19,287.25,281.44,281.46,-1.99,337728000.0,2017-02-09
281.46,281.76,271.73,271.77,-3.44,383515008.0,2017-02-12
271.77,277.77,264.18,277.74,2.19,399651008.0,2017-02-13
277.74,278.91,273.56,276.59,-0.42,329361984.0,2017-02-14
276.59,285.79,276.61,285.79,3.33,423759008.0,2017-02-15
285.79,292.91,285.63,292.52,2.35,527323008.0,2017-02-16
292.52,298.21,288.44,298.16,1.93,531601984.0,2017-02-19
298.16,303.77,296.32,297.28,-0.29,672761984.0,2017-02-20
297.28,302.25,292.96,295.63,-0.55,493664000.0,2017-02-21
295.63,295.93,291.06,292.43,-1.08,277136992.0,2017-02-22
292.43,292.35,290.44,290.88,-0.53,243918000.0,2017-02-23
290.88,291.1,285.02,285.02,-2.01,220292992.0,2017-02-26
285.02,285.02,280.67,281.85,-1.11,480038016.0,2017-02-28
281.85,285.75,281.87,285.71,1.37,282459008.0,2017-03-01
285.71,288.78,285.71,288.78,1.07,370407008.0,2017-03-02
288.78,295.47,288.5,294.4,1.95,493870016.0,2017-03-05
294.4,298.43,294.22,295.32,0.31,673788992.0,2017-03-06
295.32,295.32,290.81,291.35,-1.35,353083008.0,2017-03-07
291.35,294.13,291.33,292.73,0.48,413487008.0,2017-03-09
292.73,295.49,292.73,294.41,0.57,306078016.0,2017-03-13
294.41,295.63,292.57,292.64,-0.6,277052000.0,2017-03-14
292.64,294.94,290.98,294.46,0.62,254298000.0,2017-03-15
294.46,295.32,294.15,294.83,0.13,363912000.0,2017-03-16
294.83,300.41,294.77,300.38,1.88,569980992.0,2017-03-19
300.38,309.69,300.38,309.6,3.07,902851968.0,2017-03-20
309.6,318.1,306.91,317.92,2.69,1153069952.0,2017-03-21
317.92,329.25,317.92,322.22,1.35,1112130048.0,2017-03-22
322.22,325.49,319.58,323.26,0.32,794345984.0,2017-03-23
323.26,336.4,323.26,333.48,3.16,1200359936.0,2017-03-26
333.48,350.5,333.48,350.5,5.1,1132419968.0,2017-03-28
350.5,358.31,345.52,345.87,-1.32,1746630016.0,2017-03-29
345.88,348.52,341.68,345.82,-0.02,1243859968.0,2017-03-30
345.82,362.2,344.84,362.2,4.74,792067968.0,2017-04-02
362.2,380.57,358.05,360.98,-0.34,2135040000.0,2017-04-03
360.98,364.52,355.34,359.97,-0.28,1346899968.0,2017-04-04
359.97,361.91,356.58,358.47,-0.42,1173120000.0,2017-04-06
358.47,361.57,356.88,358.37,-0.03,979284992.0,2017-04-09
358.37,363.89,358.24,363.67,1.48,1284099968.0,2017-04-10
363.67,371.29,363.74,370.95,2.0,1533970048.0,2017-04-11
370.95,377.19,368.9,369.01,-0.52,1638720000.0,2017-04-12
369.01,370.35,363.74,367.52,-0.4,1157520000.0,2017-04-13
367.52,368.86,357.13,357.32,-2.78,927331968.0,2017-04-16
357.32,357.35,346.52,348.24,-2.54,1211469952.0,2017-04-18
348.24,359.01,347.48,359.01,3.09,825608000.0,2017-04-19
359.01,363.81,356.93,358.03,-0.27,989358976.0,2017-04-20
358.03,372.85,358.31,365.41,2.06,1219689984.0,2017-04-23
365.41,365.77,360.15,360.76,-1.27,752456000.0,2017-04-24
360.76,361.7,358.4,359.36,-0.39,813081024.0,2017-04-25
359.36,359.86,356.96,357.8,-0.43,647289024.0,2017-04-26
357.8,359.24,354.31,357.21,-0.17,800649984.0,2017-04-27
357.21,357.27,352.19,352.78,-1.24,595739008.0,2017-04-30
352.78,356.52,350.86,354.33,0.44,709320000.0,2017-05-02
354.33,359.43,354.46,355.42,0.31,678569984.0,2017-05-03
355.42,356.81,353.32,353.55,-0.53,539896000.0,2017-05-04
353.55,353.95,347.17,347.93,-1.59,520988992.0,2017-05-07
347.93,352.08,347.53,349.76,0.53,443471008.0,2017-05-08
349.76,352.59,349.66,352.54,0.8,434390016.0,2017-05-09
352.54,354.49,352.54,353.79,0.35,636766976.0,2017-05-11
353.79,357.68,353.77,354.1,0.09,461400000.0,2017-05-15
354.1,354.46,351.29,351.68,-0.68,343784000.0,2017-05-16
351.68,353.06,350.48,350.48,-0.34,450129984.0,2017-05-17
350.48,350.88,348.4,349.94,-0.15,630268992.0,2017-05-18
349.94,350.9,345.5,345.86,-1.17,472208992.0,2017-05-21
345.86,346.45,342.31,343.31,-0.74,416377984.0,2017-05-22
343.31,347.89,342.15,345.54,0.65,620409024.0,2017-05-23
345.54,346.6,343.04,345.99,0.13,497584992.0,2017-05-24
345.99,346.1,342.1,343.28,-0.78,583721024.0,2017-05-28
343.28,343.41,338.31,338.64,-1.35,567296000.0,2017-05-30
338.64,342.42,336.05,341.27,0.78,543334976.0,2017-05-31
341.27,342.72,340.31,340.34,-0.27,472716992.0,2017-06-01
340.34,340.89,337.44,338.07,-0.67,442960992.0,2017-06-04
338.07,341.6,338.07,339.96,0.56,477257984.0,2017-06-05
339.96,347.8,340.07,347.79,2.3,766441024.0,2017-06-06
347.79,351.08,344.67,344.91,-0.83,647401024.0,2017-06-07
344.91,345.01,341.83,343.12,-0.52,391771008.0,2017-06-08
343.12,343.97,337.18,337.42,-1.66,553209024.0,2017-06-11
337.42,338.26,334.47,335.4,-0.6,368273984.0,2017-06-12
335.4,337.95,334.66,336.36,0.29,394049984.0,2017-06-13
336.36,336.87,335.59,336.3,-0.02,420648000.0,2017-06-14
336.3,341.02,335.01,337.61,0.39,520712000.0,2017-06-15
337.61,338.05,334.36,334.66,-0.87,442552000.0,2017-06-18
334.66,334.87,330.08,330.37,-1.28,547524992.0,2017-06-19
330.37,331.3,327.31,329.07,-0.39,476152992.0,2017-06-20
329.07,330.76,328.37,329.75,0.21,348076000.0,2017-06-21
329.75,332.22,329.69,330.9,0.35,429575008.0,2017-06-22
330.9,333.29,330.9,332.75,0.56,511110016.0,2017-06-25
332.75,333.53,331.57,332.26,-0.15,506582016.0,2017-06-27
332.26,332.54,330.98,331.66,-0.18,397839008.0,2017-06-28
331.66,331.69,326.35,326.93,-1.43,450208992.0,2017-07-02
326.93,329.14,326.7,327.81,0.27,344552000.0,2017-07-03
327.81,328.27,326.84,327.08,-0.22,307363008.0,2017-07-04
327.08,329.2,326.49,329.2,0.65,398009984.0,2017-07-05
329.2,336.2,329.12,336.1,2.1,633595008.0,2017-07-06
336.1,341.49,331.55,336.75,0.19,921924992.0,2017-07-09
336.75,336.77,334.04,334.62,-0.63,531563008.0,2017-07-10
334.62,336.87,333.82,336.53,0.57,458032000.0,2017-07-11
336.53,337.66,335.58,336.92,0.12,450720000.0,2017-07-12
336.92,337.35,334.93,336.04,-0.26,436284992.0,2017-07-13
336.04,336.47,335.43,336.37,0.1,330032000.0,2017-07-16
336.37,340.81,336.09,340.77,1.31,443366016.0,2017-07-17
340.77,347.63,340.64,347.63,2.01,865430976.0,2017-07-18
347.63,350.73,346.75,347.65,0.01,860678016.0,2017-07-19
347.65,348.61,346.86,347.45,-0.06,698844992.0,2017-07-20
347.45,348.53,346.65,347.01,-0.13,785096000.0,2017-07-23
347.01,347.12,344.07,344.6,-0.69,722052992.0,2017-07-24
344.6,347.49,344.33,344.77,0.05,551552000.0,2017-07-25
344.77,346.69,344.77,345.78,0.29,894963008.0,2017-07-26
345.78,347.6,344.59,346.23,0.13,894424000.0,2017-07-27
346.23,346.88,343.74,345.36,-0.25,757548032.0,2017-07-30
345.36,347.75,345.36,346.86,0.43,759206976.0,2017-07-31
346.86,348.27,346.74,347.66,0.23,639937984.0,2017-08-01
347.66,349.24,347.54,348.46,0.23,642721024.0,2017-08-02
348.46,350.06,347.71,348.22,-0.07,747468032.0,2017-08-03
348.22,350.65,348.03,349.11,0.26,663550016.0,2017-08-06
349.11,350.7,348.96,350.18,0.31,656638016.0,2017-08-07
350.18,351.36,348.9,348.97,-0.34,628547968.0,2017-08-09
348.97,349.47,346.5,347.03,-0.56,648004992.0,2017-08-10
347.03,348.76,344.47,344.59,-0.7,554014016.0,2017-08-13
344.59,345.19,341.43,341.92,-0.77,479135008.0,2017-08-15
341.92,345.39,340.93,342.85,0.27,435312992.0,2017-08-16
342.85,343.19,341.26,342.34,-0.15,467135008.0,2017-08-17
342.34,343.28,339.81,339.98,-0.69,566326016.0,2017-08-20
339.98,340.24,338.23,338.86,-0.33,396702016.0,2017-08-21
338.86,341.12,337.6,339.38,0.15,507582016.0,2017-08-22
339.38,340.32,338.6,338.9,-0.14,427971008.0,2017-08-23
338.9,340.03,338.27,339.94,0.31,414236992.0,2017-08-24
339.94,342.33,340.01,340.74,0.23,520068992.0,2017-08-27
340.74,341.78,338.07,338.35,-0.7,530559008.0,2017-08-28
338.35,338.69,334.35,334.98,-1.0,582227968.0,2017-08-30
334.98,335.11,330.74,331.32,-1.09,594723968.0,2017-08-31
331.32,331.46,325.25,325.49,-1.76,632684992.0,2017-09-04
325.49,331.36,325.49,328.21,0.84,551454016.0,2017-09-06
328.21,329.22,325.81,326.01,-0.67,511300000.0,2017-09-07
326.01,326.68,319.07,319.23,-2.08,732681024.0,2017-09-10
319.23,321.65,317.37,319.67,0.14,600371968.0,2017-09-11
319.67,319.67,314.69,315.36,-1.35,437940992.0,2017-09-12
315.36,316.66,311.07,313.32,-0.65,500184000.0,2017-09-13
313.32,320.75,312.48,320.73,2.37,500184000.0,2017-09-14
320.73,324.67,320.3,324.64,1.22,456878016.0,2017-09-17
324.64,326.52,323.36,323.9,-0.23,354867008.0,2017-09-18
323.9,324.56,321.01,323.11,-0.24,324232992.0,2017-09-20
323.11,323.24,321.7,322.11,-0.31,214926000.0,2017-09-24
322.11,324.17,322.06,324.13,0.63,210676000.0,2017-09-25
324.13,325.89,324.13,325.29,0.36,251628992.0,2017-09-26
325.29,327.01,324.46,327.01,0.53,116367000.0,2017-10-03
327.01,327.55,323.19,323.87,-0.96,231748992.0,2017-10-04
323.87,323.81,313.2,316.96,-2.13,292814016.0,2017-10-08
316.96,317.67,313.56,315.43,-0.48,259666000.0,2017-10-09
315.43,316.77,313.47,315.65,0.07,253511008.0,2017-10-10
315.65,317.95,314.96,316.5,0.27,233682000.0,2017-10-11
316.5,317.95,316.45,317.63,0.36,332140992.0,2017-10-12
317.63,319.33,317.11,319.2,0.49,449216992.0,2017-10-15
319.2,329.46,319.2,329.41,3.2,470142016.0,2017-10-16
329.41,331.56,326.59,328.34,-0.33,427452992.0,2017-10-17
328.34,330.39,325.9,330.1,0.54,285024992.0,2017-10-18
330.1,334.52,330.0,331.0,0.27,296128000.0,2017-10-22
331.0,331.86,329.41,330.53,-0.14,309214016.0,2017-10-23
330.53,331.59,329.28,330.2,-0.1,309214016.0,2017-10-24
330.2,330.28,326.83,327.02,-0.96,335816000.0,2017-10-25
327.02,327.34,324.02,324.23,-0.85,321502016.0,2017-10-29
324.23,324.9,322.94,323.47,-0.23,308911008.0,2017-10-30
323.47,323.99,321.45,322.38,-0.34,249624000.0,2017-10-31
322.38,322.98,320.02,320.53,-0.57,279252000.0,2017-11-01
320.53,320.53,318.87,319.64,-0.28,280854016.0,2017-11-02
319.64,320.08,312.51,314.2,-1.7,482684992.0,2017-11-05
314.2,315.8,310.7,313.73,-0.15,381633984.0,2017-11-06
313.73,316.03,311.76,311.88,-0.59,299315008.0,2017-11-07
311.88,311.89,306.81,307.98,-1.25,344156992.0,2017-11-08
307.98,309.99,305.01,306.79,-0.39,350513984.0,2017-11-09
306.79,310.56,305.9,310.54,1.22,258488000.0,2017-11-12
310.54,314.38,310.3,314.01,1.12,438368992.0,2017-11-13
314.01,320.36,314.01,318.93,1.57,577580032.0,2017-11-14
318.93,320.01,316.27,316.45,-0.78,481593984.0,2017-11-15
316.45,316.86,313.05,313.12,-1.05,351568992.0,2017-11-16
313.12,314.38,310.32,310.6,-0.81,353048000.0,2017-11-19
310.6,310.77,308.68,309.08,-0.49,306260992.0,2017-11-20
309.08,311.78,308.43,310.0,0.3,239291008.0,2017-11-21
309.08,312.3,309.69,311.96,0.63,247480992.0,2017-11-22
311.96,314.77,311.96,314.43,0.79,359886016.0,2017-11-23
314.43,319.69,314.43,319.15,1.5,508257984.0,2017-11-26
319.15,320.66,317.76,319.14,0.0,528015008.0,2017-11-27
319.14,321.49,318.37,321.46,0.73,433896992.0,2017-11-28
321.46,326.23,321.46,324.03,0.8,799542016.0,2017-11-29
324.03,325.23,322.09,324.26,0.07,591928000.0,2017-11-30
324.26,325.9,321.43,321.97,-0.7,416664992.0,2017-12-04
321.97,322.4,319.92,321.26,-0.22,424875008.0,2017-12-05
321.26,323.9,321.09,323.67,0.75,509249984.0,2017-12-06
323.67,328.11,322.42,322.62,-0.32,730227008.0,2017-12-10
322.62,323.26,320.6,321.93,-0.21,320443008.0,2017-12-11
321.93,322.67,318.48,318.54,-1.05,466539008.0,2017-12-12
318.54,320.76,317.16,320.74,0.69,347344992.0,2017-12-13
320.74,321.57,319.59,320.65,-0.03,302352992.0,2017-12-14
320.65,320.89,317.23,318.07,-0.81,346224000.0,2017-12-17
318.07,319.63,317.59,317.8,-0.09,402992992.0,2017-12-18
317.8,318.43,314.55,314.75,-0.96,399264992.0,2017-12-19
314.75,314.82,312.31,312.68,-0.66,328144000.0,2017-12-20
312.68,313.36,309.59,309.94,-0.88,380856000.0,2017-12-21
309.94,311.72,308.67,309.01,-0.3,408070016.0,2017-12-24
309.01,309.77,304.32,304.85,-1.35,436671008.0,2017-12-26
304.85,304.92,299.09,300.13,-1.55,541132992.0,2017-12-27
300.13,300.4,296.51,297.62,-0.84,648099008.0,2017-12-28
297.62,297.63,290.18,292.12,-1.85,326625984.0,2017-12-31
292.12,301.35,292.48,301.32,3.15,367399008.0,2018-01-01
301.32,305.91,300.36,302.46,0.38,454052992.0,2018-01-02
302.46,302.81,297.66,298.07,-1.45,305851008.0,2018-01-03
298.07,299.66,297.76,299.66,0.53,227039008.0,2018-01-04
299.66,301.98,299.35,301.39,0.58,255274000.0,2018-01-07
301.39,305.48,301.39,304.18,0.93,384815008.0,2018-01-08
304.18,307.21,303.7,306.87,0.88,363880000.0,2018-01-09
306.87,307.38,303.59,303.68,-1.04,293895008.0,2018-01-10
303.68,304.22,301.01,302.2,-0.49,233508992.0,2018-01-14
302.2,302.21,297.22,298.41,-1.25,246984000.0,2018-01-16
298.41,298.46,295.39,296.86,-0.52,233342000.0,2018-01-17
296.86,298.46,295.96,296.1,-0.26,265860000.0,2018-01-21
296.1,297.23,295.6,296.0,-0.03,230448992.0,2018-01-22
296.0,296.06,293.78,293.98,-0.68,203744992.0,2018-01-23
293.98,294.96,293.58,294.34,0.12,176479008.0,2018-01-24
294.34,296.41,294.23,296.41,0.7,201538000.0,2018-01-25
296.41,298.1,296.43,297.01,0.2,263044000.0,2018-01-28
297.01,297.56,295.26,296.27,-0.25,212290000.0,2018-01-29
296.27,297.07,295.65,296.62,0.12,237740000.0,2018-01-31
296.62,298.98,296.27,298.12,0.51,332564000.0,2018-02-01
298.12,299.86,297.78,297.94,-0.06,384684992.0,2018-02-04
298.12,298.54,295.6,295.79,-0.72,214244000.0,2018-02-05
295.79,296.12,294.4,294.62,-0.4,164076000.0,2018-02-06
294.62,294.92,291.7,291.96,-0.9,212835008.0,2018-02-07
291.96,294.0,291.26,294.0,0.7,207376000.0,2018-02-08
294.0,294.72,292.68,292.81,-0.41,148132992.0,2018-02-11
292.81,293.1,291.65,292.07,-0.25,176335008.0,2018-02-12
292.07,293.65,291.1,293.58,0.52,180352992.0,2018-02-14
293.58,301.62,293.73,301.3,2.63,494337984.0,2018-02-15
301.3,306.07,298.95,299.16,-0.71,519432000.0,2018-02-18
299.16,301.64,295.48,295.5,-1.22,283102016.0,2018-02-20
295.5,295.75,293.22,293.38,-0.72,219530000.0,2018-02-21
293.38,295.03,292.25,293.25,-0.05,285025984.0,2018-02-22
293.25,293.28,290.4,290.58,-0.91,200328000.0,2018-02-25
290.58,291.86,287.11,287.65,-1.01,384097984.0,2018-02-26
287.65,291.56,287.58,289.16,0.53,374160000.0,2018-02-27
289.16,289.2,284.83,285.38,-1.31,428208000.0,2018-02-28
285.38,285.33,273.93,276.8,-3.01,375759008.0,2018-03-04
276.8,280.19,273.2,273.56,-1.17,311097984.0,2018-03-05
273.56,277.39,269.18,275.43,0.69,372812000.0,2018-03-06
275.43,279.47,275.28,279.46,1.46,387616992.0,2018-03-07
279.46,279.55,272.99,273.06,-2.29,256164000.0,2018-03-11
273.06,274.33,270.69,271.47,-0.58,261466000.0,2018-03-12
271.47,272.77,271.39,272.77,0.48,192528000.0,2018-03-13
272.77,273.73,272.19,273.73,0.35,145300000.0,2018-03-14
273.73,276.7,273.49,274.38,0.24,193824992.0,2018-03-15
274.38,275.43,272.13,272.47,-0.7,230492000.0,2018-03-18
272.47,273.14,270.39,270.68,-0.66,229024000.0,2018-03-19
270.68,270.97,266.51,267.89,-1.03,264596000.0,2018-03-20
267.89,268.39,261.16,262.4,-2.05,319412000.0,2018-03-21
262.4,264.14,257.55,260.41,-0.76,385512000.0,2018-03-22
260.41,260.41,248.92,249.65,-4.13,397016992.0,2018-03-26
249.65,260.38,242.29,257.74,3.24,420680000.0,2018-03-27
257.74,261.11,253.19,257.48,-0.1,406252000.0,2018-03-28
257.48,261.35,257.44,260.88,1.32,279359008.0,2018-03-29
257.48,261.42,253.15,255.69,-1.99,236882000.0,2018-04-01
255.69,256.33,254.42,255.01,-0.27,151034000.0,2018-04-02
255.01,256.33,253.86,255.99,0.39,184130000.0,2018-04-03
255.99,261.96,256.01,261.6,2.19,272403008.0,2018-04-04
261.6,266.89,261.6,266.89,2.02,492574016.0,2018-04-05
266.89,277.83,266.82,276.09,3.45,756328000.0,2018-04-08
276.09,280.75,274.59,274.84,-0.45,674721024.0,2018-04-09
274.84,276.05,270.53,271.22,-1.32,277848992.0,2018-04-10
271.22,271.73,268.56,271.72,0.19,222588992.0,2018-04-11
271.72,274.41,271.72,272.45,0.27,349767008.0,2018-04-12
272.45,273.16,268.29,272.98,0.2,250120992.0,2018-04-15
272.98,277.24,272.32,276.26,1.2,476257984.0,2018-04-16
276.26,283.65,276.34,282.58,2.29,771262016.0,2018-04-17
282.58,295.5,282.04,288.85,2.22,818350016.0,2018-04-18
288.85,294.9,288.53,294.03,1.79,834049984.0,2018-04-19
294.03,304.13,294.11,304.11,3.43,928739008.0,2018-04-22
304.11,308.88,295.51,298.04,-2.0,1164199936.0,2018-04-23
298.04,298.76,294.11,294.62,-1.15,528204000.0,2018-04-24
294.62,295.83,292.65,293.12,-0.51,428028000.0,2018-04-25
293.12,294.57,286.45,287.06,-2.07,457076992.0,2018-04-26
287.06,287.84,282.92,284.96,-0.73,308220992.0,2018-04-29
284.96,287.33,282.12,287.18,0.78,267998000.0,2018-05-02
287.18,290.59,287.19,288.29,0.39,555598976.0,2018-05-03
288.29,288.39,285.32,285.38,-1.01,278951008.0,2018-05-06
285.38,285.41,283.62,284.05,-0.47,358768000.0,2018-05-07
284.05,287.09,283.82,287.09,1.07,416947008.0,2018-05-08
287.09,288.06,285.35,286.07,-0.35,272392000.0,2018-05-09
286.07,286.24,284.41,284.59,-0.52,277563008.0,2018-05-10
284.59,284.9,281.96,282.18,-0.85,345876000.0,2018-05-14
282.18,282.82,280.72,281.03,-0.41,114834000.0,2018-05-15
281.03,282.14,280.87,282.07,0.37,184423008.0,2018-05-16
282.07,284.27,282.0,282.3,0.08,240212992.0,2018-05-17
282.3,286.0,281.53,282.26,-0.01,268940992.0,2018-05-20
282.26,282.82,281.07,282.11,-0.05,230428992.0,2018-05-21
282.11,282.29,280.88,281.11,-0.36,237420992.0,2018-05-22
281.11,281.15,279.79,280.02,-0.39,220148000.0,2018-05-23
280.02,280.54,277.73,277.89,-0.76,283617984.0,2018-05-24
277.89,277.93,274.1,274.11,-1.36,306393984.0,2018-05-27
274.11,281.57,272.25,281.48,2.69,322385984.0,2018-05-28
281.48,282.29,278.32,279.46,-0.72,319078016.0,2018-05-29
279.46,282.48,277.39,278.21,-0.45,314736000.0,2018-05-30
279.46,278.38,274.78,275.28,-1.05,259296992.0,2018-05-31
275.28,275.26,267.94,268.19,-2.58,374657984.0,2018-06-03
268.19,269.85,264.92,267.24,-0.35,335171008.0,2018-06-04
267.24,272.9,267.26,269.93,1.01,149368992.0,2018-06-06
269.93,270.51,264.38,264.46,-2.03,347855008.0,2018-06-07
264.46,264.9,259.02,259.16,-2.0,362563008.0,2018-06-10
259.16,263.68,257.48,261.11,0.75,307201984.0,2018-06-11
261.11,261.79,258.78,260.47,-0.25,227963008.0,2018-06-12
260.47,261.39,259.63,260.99,0.2,168808000.0,2018-06-13
260.47,263.01,260.83,261.81,0.31,220268992.0,2018-06-14
261.81,262.11,258.58,258.71,-1.19,182488992.0,2018-06-17
258.71,259.13,256.46,259.13,0.16,157718000.0,2018-06-18
259.13,259.45,256.87,257.42,-0.66,171528992.0,2018-06-19
257.42,257.59,255.58,255.63,-0.69,218708000.0,2018-06-20
255.63,257.11,254.14,255.75,0.05,142864992.0,2018-06-21
255.75,257.81,255.3,256.04,0.12,150872000.0,2018-06-24
256.04,256.26,253.64,253.97,-0.81,160523008.0,2018-06-25
253.97,254.22,250.73,250.86,-1.22,179992992.0,2018-06-26
250.86,253.2,250.19,251.97,0.44,140946000.0,2018-06-27
251.97,253.13,251.73,252.09,0.05,198080992.0,2018-06-28
252.09,252.23,248.87,249.12,-1.18,159322000.0,2018-07-01
249.12,249.64,246.95,248.03,-0.44,169092000.0,2018-07-02
248.03,248.91,246.85,248.25,0.09,164744992.0,2018-07-03
248.25,250.43,247.24,249.95,0.69,193812000.0,2018-07-04
249.95,257.46,249.94,257.46,3.0,384172000.0,2018-07-05
257.46,261.2,257.44,257.73,0.1,374905984.0,2018-07-08
257.73,258.13,253.52,253.93,-1.48,344919008.0,2018-07-09
253.93,255.83,253.23,254.06,0.05,212620992.0,2018-07-10
254.06,257.35,253.64,253.98,-0.03,285855008.0,2018-07-11
253.98,255.14,250.65,251.05,-1.16,328540992.0,2018-07-12
251.05,252.87,251.05,252.81,0.7,134235008.0,2018-07-15
252.81,255.2,252.2,255.2,0.95,81370800.0,2018-07-16
255.2,255.71,253.12,253.62,-0.62,174940992.0,2018-07-17
253.62,253.84,251.79,252.38,-0.49,147291008.0,2018-07-18
252.38,252.6,251.24,251.42,-0.38,191792000.0,2018-07-19
251.42,251.57,248.78,248.86,-1.02,169524000.0,2018-07-22
248.86,251.48,248.86,251.32,0.99,142608992.0,2018-07-23
251.32,255.4,251.28,252.68,0.54,237355008.0,2018-07-24
252.68,252.8,251.24,251.71,-0.38,125623000.0,2018-07-25
251.71,252.37,250.37,250.96,-0.3,149748992.0,2018-07-26
250.96,252.13,250.93,251.55,0.23,142638000.0,2018-07-29
251.55,252.59,251.31,251.62,0.03,228708992.0,2018-07-30
251.62,252.15,250.72,251.08,-0.22,133726000.0,2018-07-31
251.08,251.76,250.79,251.56,0.19,142426000.0,2018-08-01
251.56,252.08,251.05,251.15,-0.16,123395000.0,2018-08-02
251.15,251.52,250.67,250.97,-0.07,129498000.0,2018-08-05
250.97,251.65,250.6,250.91,-0.02,127985000.0,2018-08-06
250.91,251.5,250.2,250.65,-0.11,145952992.0,2018-08-07
250.65,251.06,250.23,250.5,-0.06,124187000.0,2018-08-08
250.5,250.94,248.8,249.13,-0.55,143355008.0,2018-08-09
249.13,249.22,245.54,245.7,-1.37,198171008.0,2018-08-12
245.7,247.95,245.27,247.94,0.91,141926000.0,2018-08-13
247.94,249.55,247.1,249.5,0.63,154436992.0,2018-08-14
249.5,255.49,249.5,255.4,2.37,268556000.0,2018-08-15
255.4,257.3,253.89,255.38,-0.01,336193984.0,2018-08-16
255.38,255.59,252.46,252.53,-1.11,239484992.0,2018-08-19
252.53,252.6,250.29,250.75,-0.7,161458000.0,2018-08-20
250.75,250.8,249.48,249.92,-0.33,148144992.0,2018-08-21
249.92,250.28,249.01,249.53,-0.15,97240400.0,2018-08-22
249.53,249.64,248.23,248.99,-0.22,240027008.0,2018-08-23
248.99,249.1,248.33,248.42,-0.23,119107000.0,2018-08-26
248.42,248.7,247.82,248.61,0.08,161684000.0,2018-08-28
248.61,248.81,247.53,247.81,-0.32,152044000.0,2018-08-29
247.81,249.79,247.36,249.79,0.8,168474000.0,2018-08-30
249.79,252.09,249.11,251.8,0.81,260674000.0,2018-09-02
251.8,256.66,251.8,254.87,1.22,482108000.0,2018-09-03
254.87,256.85,254.22,255.86,0.39,375412992.0,2018-09-04
255.86,263.12,255.88,261.16,2.07,622220032.0,2018-09-05
261.16,264.06,258.88,260.35,-0.31,632569984.0,2018-09-06
260.35,260.5,257.67,258.16,-0.84,261760992.0,2018-09-09
258.16,258.49,255.3,256.16,-0.78,208412000.0,2018-09-10
256.16,259.11,256.16,258.01,0.72,272203008.0,2018-09-11
258.01,260.89,257.46,260.8,1.08,358408992.0,2018-09-12
260.8,264.57,260.82,264.27,1.33,633358016.0,2018-09-13
264.27,270.06,264.31,266.93,1.01,819152000.0,2018-09-16
266.93,267.69,264.89,266.44,-0.18,503697984.0,2018-09-17
266.44,267.51,265.21,266.6,0.06,363212992.0,2018-09-18
266.6,267.25,264.7,266.09,-0.19,385863008.0,2018-09-20
266.09,267.6,265.32,266.91,0.31,561576000.0,2018-09-23
266.91,272.92,266.93,272.19,1.98,970585984.0,2018-09-25
272.22,274.27,269.89,271.72,-0.18,804244992.0,2018-09-26
271.72,271.97,269.07,269.23,-0.92,437272000.0,2018-09-27
269.23,269.37,266.18,267.09,-0.8,513176000.0,2018-09-30
267.09,267.47,262.61,262.8,-1.6,463263008.0,2018-10-01
262.8,264.77,262.52,263.45,0.25,369375008.0,2018-10-02
263.45,263.62,261.06,261.06,-0.91,328145984.0,2018-10-03
261.06,261.39,258.95,260.24,-0.31,328145984.0,2018-10-04
260.24,260.24,257.17,257.53,-1.04,331807008.0,2018-10-07
257.53,259.43,257.29,258.82,0.5,316169984.0,2018-10-08
258.82,260.39,258.3,258.49,-0.13,255159008.0,2018-10-09
258.49,258.71,257.53,258.68,0.08,160859008.0,2018-10-10
258.68,261.04,257.95,261.04,0.91,204952000.0,2018-10-11
261.04,264.55,260.99,264.55,1.35,240644000.0,2018-10-14
264.55,265.31,264.06,264.1,-0.17,275812000.0,2018-10-15
264.1,265.74,263.98,265.28,0.45,128269000.0,2018-10-21
265.28,265.64,263.9,265.0,-0.1,151680000.0,2018-10-22
265.0,265.37,263.74,264.46,-0.2,171239008.0,2018-10-23
264.46,266.26,263.8,266.19,0.65,192738000.0,2018-10-24
266.19,266.27,263.89,264.01,-0.82,248775008.0,2018-10-25
264.01,264.18,260.54,260.96,-1.15,272224992.0,2018-10-28
260.96,260.96,258.39,258.85,-0.81,184500000.0,2018-10-29
258.85,260.46,258.68,260.43,0.61,174400992.0,2018-10-30
260.43,260.51,259.17,259.78,-0.25,132097000.0,2018-10-31
259.78,260.35,258.8,259.67,-0.04,194020000.0,2018-11-01
259.67,259.74,256.58,256.81,-1.1,232895008.0,2018-11-04
256.81,259.45,256.5,259.32,0.98,225948992.0,2018-11-05
260.08,260.08,260.08,260.08,0.29,31359000.0,2018-11-06
260.54,260.54,255.98,255.98,-1.58,93196000.0,2018-11-11
255.82,255.82,253.27,253.56,-0.95,119967000.0,2018-11-12
253.45,257.28,253.19,256.89,1.31,144427008.0,2018-11-13
257.06,257.24,255.96,255.96,1.31,144427008.0,2018-11-14
257.15,258.25,256.31,256.28,-0.33,222668000.0,2018-11-15
255.98,256.15,253.6,254.15,-0.83,305567008.0,2018-11-18
254.3,254.32,252.52,253.04,-0.44,191592992.0,2018-11-19
252.98,253.06,251.08,251.11,-0.77,155710000.0,2018-11-20
251.22,251.46,249.89,251.41,0.12,211215008.0,2018-11-21
251.77,252.0,251.1,251.06,-0.14,225227008.0,2018-11-22
251.21,251.32,247.9,248.02,-1.21,230303008.0,2018-11-25
248.01,248.17,246.49,246.62,-0.56,282495008.0,2018-11-26
246.61,248.26,246.61,246.99,0.15,203128000.0,2018-11-27
247.0,247.37,246.39,246.44,-0.22,383564000.0,2018-11-28
246.44,246.76,244.09,244.15,-0.93,303555008.0,2018-11-29
244.14,244.14,240.07,240.33,-1.56,435259008.0,2018-12-02
240.19,243.2,239.83,240.26,-0.03,608225984.0,2018-12-03
240.57,242.93,240.15,242.93,1.11,352276000.0,2018-12-04
242.69,242.94,237.57,237.79,-2.12,318433984.0,2018-12-05
237.75,239.56,235.85,238.33,0.23,326639008.0,2018-12-06
238.41,240.32,238.41,241.02,1.13,207707008.0,2018-12-09
240.95,244.17,240.95,243.81,1.16,374092992.0,2018-12-10
243.73,244.18,242.86,243.06,-0.31,359913984.0,2018-12-11
242.99,243.71,242.25,243.06,0.0,197468000.0,2018-12-12
243.08,245.59,242.9,244.7,0.67,290764992.0,2018-12-13
244.81,249.1,244.81,248.67,1.62,424747008.0,2018-12-16
248.64,251.65,248.32,251.63,1.19,348740992.0,2018-12-17
251.72,252.05,247.78,248.59,-1.21,491664000.0,2018-12-18
248.62,249.33,246.54,247.33,-0.51,333464000.0,2018-12-19
247.32,249.96,247.32,248.07,0.3,380232992.0,2018-12-20
248.56,255.38,248.56,255.38,2.95,709980992.0,2018-12-23
255.39,257.21,253.48,253.68,-0.67,657875968.0,2018-12-24
253.89,253.89,251.49,252.41,-0.5,310113984.0,2018-12-25
252.44,258.82,252.01,258.82,2.54,641825024.0,2018-12-26
258.83,262.35,257.86,258.66,-0.06,1039710016.0,2018-12-27
258.65,259.59,255.94,256.0,-1.03,416731008.0,2018-12-30
256.03,256.63,252.24,252.24,-1.47,364855008.0,2018-12-31
252.17,254.16,251.34,251.83,-0.16,209412000.0,2019-01-01
251.83,252.08,250.51,250.53,-0.51,229136992.0,2019-01-02
250.62,251.54,249.9,250.06,-0.19,245896000.0,2019-01-03
249.92,250.72,248.4,248.56,-0.6,287500000.0,2019-01-06
248.55,250.88,248.44,249.93,0.55,312518016.0,2019-01-07
250.02,250.73,249.88,249.84,-0.04,320451008.0,2019-01-08
250.02,249.84,251.12,250.26,0.17,256924000.0,2019-01-09
250.26,251.19,250.26,250.65,0.16,331920992.0,2019-01-10
250.82,251.04,249.09,249.42,-0.49,342657984.0,2019-01-13
249.42,250.49,249.23,250.49,0.43,247596992.0,2019-01-14
250.73,253.55,250.68,253.55,1.22,369399008.0,2019-01-15
253.55,254.04,251.5,251.5,-0.81,459176992.0,2019-01-16
251.58,251.58,250.67,251.01,-0.19,244048000.0,2019-01-17
251.05,251.24,249.18,249.38,-0.65,119978000.0,2019-01-20
248.97,248.97,247.5,247.5,-0.75,209580992.0,2019-01-21
247.31,248.67,247.1,248.05,0.22,205398000.0,2019-01-22
248.02,248.74,247.96,248.74,0.28,182538000.0,2019-01-23
248.73,249.6,248.32,248.65,-0.04,244362000.0,2019-01-24
248.48,248.57,246.3,246.3,-0.95,257188000.0,2019-01-27
246.8,247.25,246.33,247.25,0.39,174616992.0,2019-01-28
247.28,247.31,246.23,246.47,-0.32,210511008.0,2019-01-29
246.41,247.11,246.16,246.75,0.11,161370000.0,2019-01-30
247.2,247.52,246.51,246.8,0.02,231548000.0,2019-01-31
246.55,246.78,244.9,245.08,-0.7,283865984.0,2019-02-03
245.11,245.6,243.28,243.28,-0.73,286689984.0,2019-02-04
243.26,244.46,243.22,244.02,0.3,185632000.0,2019-02-05
244.1,244.12,242.33,242.5,-0.62,199392000.0,2019-02-06
242.48,242.89,242.03,242.61,0.05,200202000.0,2019-02-07
242.44,242.51,239.91,240.21,-0.99,251824000.0,2019-02-10
239.97,241.1,239.61,240.4,0.08,206892992.0,2019-02-11
241.02,241.27,239.66,240.2,-0.08,166384000.0,2019-02-12
240.61,241.24,238.44,238.44,-0.73,251444000.0,2019-02-13
238.18,238.24,236.67,236.92,-0.64,248520000.0,2019-02-14
238.07,238.89,235.81,236.16,-0.32,205728000.0,2019-02-17
236.02,236.2,234.2,234.36,-0.76,219124992.0,2019-02-18
234.59,238.84,234.33,238.84,1.91,222238000.0,2019-02-19
239.85,239.85,236.36,236.34,-1.08,167735008.0,2019-02-20
236.72,236.85,235.94,236.6,0.11,163366000.0,2019-02-21
237.2,237.21,234.18,234.18,-1.02,206706000.0,2019-02-24
234.22,235.78,233.65,235.78,0.68,190699008.0,2019-02-25
235.82,235.89,233.94,234.22,-0.66,161094000.0,2019-02-26
234.28,236.03,234.28,234.8,0.25,217036000.0,2019-02-27
235.43,235.57,233.88,233.88,-0.39,236610000.0,2019-03-03
233.93,234.77,233.48,234.25,0.16,222036000.0,2019-03-05
234.4,236.28,233.88,236.28,0.87,223792000.0,2019-03-06
236.41,239.72,236.41,239.72,1.46,311939008.0,2019-03-07
239.71,240.26,237.63,240.11,0.16,109910000.0,2019-03-10
240.27,243.26,239.47,243.26,1.31,408779008.0,2019-03-11
244.6,247.47,243.33,247.47,1.73,551022016.0,2019-03-12
246.37,248.41,244.75,244.75,-1.1,433156992.0,2019-03-13
244.72,246.14,243.1,246.1,0.55,279984000.0,2019-03-14
246.26,248.17,246.26,247.17,0.43,339212992.0,2019-03-17
247.02,247.89,245.54,245.54,-0.66,302751008.0,2019-03-18
245.92,246.65,243.97,243.97,-0.64,137780000.0,2019-03-19
244.2,244.62,242.35,242.47,-0.61,268571008.0,2019-03-21
242.66,242.79,240.46,241.29,-0.49,207703008.0,2019-03-24
241.28,242.47,240.78,242.25,0.4,229548992.0,2019-03-25
242.28,242.87,241.84,242.67,0.17,199183008.0,2019-03-26
242.79,243.25,242.56,243.19,0.21,210987008.0,2019-03-27
243.07,243.72,242.73,243.49,0.12,230192992.0,2019-03-28
243.84,244.76,242.47,243.35,-0.06,254862000.0,2019-03-31
243.17,245.36,243.03,244.81,0.6,340102016.0,2019-04-01
245.78,248.27,245.78,248.15,1.36,508996992.0,2019-04-02
248.15,250.17,246.93,248.72,0.23,555902016.0,2019-04-03
248.72,249.72,247.26,248.57,-0.06,409577984.0,2019-04-04
248.5,252.98,247.72,252.98,1.77,542806976.0,2019-04-07
253.25,256.56,252.27,255.0,0.8,913086976.0,2019-04-08
255.05,255.73,252.49,252.85,-0.84,646820992.0,2019-04-09
253.01,254.45,251.52,253.58,0.29,371928000.0,2019-04-10
253.64,254.46,252.96,253.64,0.02,401572992.0,2019-04-11
253.7,254.77,253.18,254.77,0.45,302255008.0,2019-04-15
254.51,260.24,254.51,260.24,2.15,768147968.0,2019-04-16
260.32,263.05,259.76,261.57,0.51,831985984.0,2019-04-17
261.59,265.56,261.24,265.56,1.53,758713984.0,2019-04-18
265.63,273.41,264.94,273.41,2.96,1041720000.0,2019-04-21
273.55,277.3,269.21,271.37,-0.75,1056310016.0,2019-04-22
271.29,274.26,269.44,272.27,0.33,577185024.0,2019-04-23
273.42,277.22,272.55,276.94,1.72,947080000.0,2019-04-24
277.04,281.05,277.04,279.67,0.99,1384359936.0,2019-04-25
280.09,285.07,280.09,282.85,1.14,1716339968.0,2019-04-28
283.85,284.74,279.41,281.84,-0.36,1232589952.0,2019-04-29
281.95,283.36,278.73,279.1,-0.97,967377984.0,2019-04-30
279.15,279.46,275.44,277.82,-0.46,579427008.0,2019-05-02
277.67,277.67,273.91,273.96,-1.39,621134976.0,2019-05-05
273.98,278.97,272.24,278.97,1.83,614246016.0,2019-05-06
278.69,281.75,278.1,279.24,0.1,703382016.0,2019-05-07
279.29,279.79,277.62,278.07,-0.42,477288000.0,2019-05-08
278.06,279.31,276.08,276.52,-0.56,610998016.0,2019-05-09
276.12,277.03,273.74,277.03,0.18,710793024.0,2019-05-12
277.45,278.51,276.43,278.24,0.44,622254016.0,2019-05-13
279.03,281.39,278.85,279.74,0.54,1017980032.0,2019-05-14
279.67,285.08,279.67,282.25,0.9,1277459968.0,2019-05-15
282.34,284.14,280.76,281.44,-0.29,835550016.0,2019-05-16
281.58,282.56,280.06,280.79,-0.23,980192000.0,2019-05-19
281.51,282.2,279.16,279.8,-0.35,1054979968.0,2019-05-20
279.65,281.75,278.85,279.91,0.04,869392000.0,2019-05-21
280.12,282.12,280.12,281.27,0.49,1052310016.0,2019-05-22
281.28,282.24,278.54,280.38,-0.32,1042390016.0,2019-05-23
280.51,281.14,277.46,277.56,-1.01,649648000.0,2019-05-26
277.74,279.0,276.59,277.61,0.02,480160992.0,2019-05-27
277.01,278.53,277.0,277.81,0.07,624452992.0,2019-05-28
277.82,279.92,277.82,279.92,0.76,765614976.0,2019-05-29
281.27,287.66,280.61,281.15,0.44,1426520064.0,2019-05-30
280.32,280.72,277.87,278.12,-1.08,795820032.0,2019-06-02
278.3,278.96,275.12,275.48,-0.95,661494016.0,2019-06-03
275.31,276.43,274.23,274.86,-0.23,615507008.0,2019-06-04
276.8,277.11,273.89,273.89,-0.35,539596992.0,2019-06-06
274.16,274.68,271.61,272.46,-0.52,562851968.0,2019-06-10
272.46,273.76,272.46,272.86,0.15,456008992.0,2019-06-11
272.85,273.19,271.16,272.36,-0.18,400868992.0,2019-06-12
272.51,273.14,270.51,271.81,-0.2,431408000.0,2019-06-13
272.45,272.45,269.51,269.97,-0.68,466195008.0,2019-06-16
270.07,271.7,269.14,270.26,0.11,385627008.0,2019-06-17
270.79,271.08,270.07,270.29,0.01,345840992.0,2019-06-18
270.02,271.03,269.89,270.52,0.09,285492000.0,2019-06-19
270.58,271.84,270.08,271.6,0.4,354687008.0,2019-06-20
271.59,271.59,269.48,269.6,-0.74,451844992.0,2019-06-23
269.72,271.07,269.4,271.04,0.53,419097984.0,2019-06-24
271.09,272.08,270.95,271.44,0.15,343486016.0,2019-06-25
271.62,271.7,270.2,270.81,-0.23,742254016.0,2019-06-26
270.76,271.46,270.68,271.16,0.13,741148992.0,2019-06-27
271.4,271.57,269.09,269.24,-0.71,518584000.0,2019-06-30
269.38,269.38,267.32,268.51,-0.27,355072000.0,2019-07-01
268.59,269.96,267.92,269.96,0.54,429992992.0,2019-07-02
270.04,273.37,269.45,272.98,1.12,544574016.0,2019-07-03
273.29,273.97,271.17,271.45,-0.56,625606016.0,2019-07-04
271.86,271.97,269.95,270.35,-0.41,534116992.0,2019-07-07
270.4,270.66,268.21,268.79,-0.58,463715008.0,2019-07-08
268.81,269.31,267.95,269.06,0.1,423428000.0,2019-07-09
269.08,269.41,268.07,268.33,-0.27,406428992.0,2019-07-10
268.48,268.91,268.16,268.32,0.0,437395008.0,2019-07-11
268.48,269.55,268.42,268.57,0.09,252840000.0,2019-07-14
268.65,270.3,268.48,270.28,0.64,339355008.0,2019-07-15
276.39,276.39,270.75,271.25,0.36,294892992.0,2019-07-16
271.21,274.11,271.02,274.11,1.05,397078016.0,2019-07-17
274.22,276.04,273.84,273.84,-0.1,333054016.0,2019-07-18
274.15,274.24,272.53,273.3,-0.2,274228000.0,2019-07-21
273.31,273.82,272.89,273.5,0.07,323928000.0,2019-07-22
273.41,275.46,273.41,274.41,0.33,379713984.0,2019-07-23
274.36,276.47,274.36,276.13,0.63,450795008.0,2019-07-24
276.18,276.18,273.43,273.47,-0.96,551065024.0,2019-07-25
273.2,273.2,269.52,270.04,-1.25,485729984.0,2019-07-28
270.09,271.76,270.09,271.11,0.4,342315008.0,2019-07-29
271.16,272.57,271.16,272.14,0.38,245263008.0,2019-07-30
272.18,273.49,271.54,273.24,0.4,350719008.0,2019-07-31
273.3,274.02,272.21,272.53,-0.26,499312000.0,2019-08-01
272.34,273.09,271.4,271.78,-0.28,462823008.0,2019-08-04
271.79,272.27,270.62,271.01,-0.28,428523008.0,2019-08-05
271.02,271.07,268.78,269.1,-0.7,437660992.0,2019-08-06
269.32,270.5,268.27,269.96,0.32,348440992.0,2019-08-07
269.8,270.64,267.77,268.0,-0.73,281614016.0,2019-08-08
267.83,268.36,266.65,267.6,-0.15,244820000.0,2019-08-11
267.74,268.7,267.4,267.72,0.04,241011008.0,2019-08-12
268.01,268.12,266.51,267.14,-0.22,444384000.0,2019-08-13
267.09,267.46,265.6,265.93,-0.45,229340000.0,2019-08-14
265.69,265.93,264.38,264.68,-0.47,333772992.0,2019-08-15
265.08,265.46,262.75,263.11,-0.59,301516992.0,2019-08-18
263.13,266.73,262.29,264.96,0.7,325384992.0,2019-08-19
265.06,265.06,263.04,263.19,-0.67,254144000.0,2019-08-20
263.33,264.12,262.7,263.41,0.08,277563008.0,2019-08-21
263.55,265.15,263.35,263.7,0.11,249587000.0,2019-08-22
263.58,263.63,261.45,263.43,-0.1,309472000.0,2019-08-25
263.46,263.64,261.68,262.37,-0.4,264614000.0,2019-08-26
262.5,264.41,262.5,263.39,0.39,242799000.0,2019-08-27
264.11,264.87,261.25,261.4,-0.76,258508000.0,2019-08-28
261.69,262.14,260.65,261.24,-0.06,257660000.0,2019-08-29
261.35,262.04,259.02,259.29,-0.75,279650000.0,2019-09-01
259.17,261.72,255.87,256.31,-1.15,430227000.0,2019-09-02
256.38,260.23,253.44,260.23,1.53,416126000.0,2019-09-03
260.64,261.66,258.53,260.86,0.24,426740000.0,2019-09-04
260.87,261.74,259.47,259.9,-0.37,291825000.0,2019-09-05
259.9,260.08,256.76,257.13,-1.07,246657000.0,2019-09-08
257.13,257.53,254.48,255.35,-0.69,246931000.0,2019-09-09
255.35,256.65,254.0,255.57,0.09,224197000.0,2019-09-10
255.57,255.93,254.49,254.78,-0.31,295355000.0,2019-09-11
254.79,255.15,253.45,253.79,-0.39,314822000.0,2019-09-12
253.79,254.97,250.01,250.01,-1.49,273613000.0,2019-09-15
250.2,250.2,246.04,246.35,-1.46,332428000.0,2019-09-16
247.83,252.83,247.83,251.57,2.12,353735000.0,2019-09-17
251.59,257.33,251.59,255.3,1.48,387357000.0,2019-09-18
255.7,256.69,252.21,252.21,-1.21,344518000.0,2019-09-19
252.21,253.53,248.55,249.71,-0.99,171759000.0,2019-09-22
249.71,250.78,249.53,249.81,0.04,170949000.0,2019-09-23
249.81,250.21,248.05,248.41,-0.56,180222000.0,2019-09-24
248.41,248.69,247.44,247.7,-0.29,154807000.0,2019-09-25
247.7,248.03,246.82,247.32,-0.15,214898000.0,2019-09-26
247.34,248.14,246.28,246.33,-0.4,210754000.0,2019-09-29
246.33,247.29,244.75,247.02,0.28,156291000.0,2019-09-30
247.05,250.39,247.03,250.21,1.29,182819000.0,2019-10-01
250.21,251.56,249.46,249.78,-0.17,208609000.0,2019-10-02
250.39,251.97,249.71,251.97,0.88,172111000.0,2019-10-03
251.97,252.95,251.38,251.93,-0.02,64080800.0,2019-10-10
251.93,252.82,248.8,249.17,-1.1,199284000.0,2019-10-14
249.78,250.45,249.39,250.22,0.42,180689000.0,2019-10-15
250.22,250.52,248.58,248.58,-0.66,195354000.0,2019-10-16
248.58,250.06,248.58,249.12,0.22,167240000.0,2019-10-17
249.12,249.65,247.88,248.35,-0.31,109718000.0,2019-10-20
248.35,249.4,247.51,247.98,-0.15,162615000.0,2019-10-21
248.0,248.64,247.55,248.49,0.21,157032000.0,2019-10-22
248.7,250.42,248.7,250.17,0.68,159183000.0,2019-10-23
250.22,252.33,250.06,252.05,0.75,315019000.0,2019-10-24
252.23,252.64,251.09,252.08,0.01,184288000.0,2019-10-31
251.94,252.29,249.4,250.46,-0.64,159898000.0,2019-11-03
250.46,251.26,249.44,250.51,0.02,184472000.0,2019-11-04
250.51,250.87,249.91,250.12,-0.16,254347000.0,2019-11-05
250.12,250.75,249.43,249.71,-0.16,203697000.0,2019-11-06
249.82,249.99,248.27,248.31,-0.56,353235000.0,2019-11-07
248.31,249.82,248.19,249.01,0.28,292902000.0,2019-11-10
249.39,252.76,249.39,252.29,1.32,487692000.0,2019-11-11
252.53,252.67,251.11,251.57,-0.29,415983000.0,2019-11-12
251.57,251.65,249.71,250.18,-0.55,262379000.0,2019-11-13
250.18,251.51,249.86,250.06,-0.05,222196000.0,2019-11-14
250.06,250.73,248.59,249.13,-0.37,313896000.0,2019-11-17
249.13,249.61,248.28,248.6,-0.21,309523000.0,2019-11-18
248.65,249.19,248.28,248.91,0.12,228632000.0,2019-11-19
248.92,251.13,248.41,248.67,-0.1,306270000.0,2019-11-20
248.67,249.05,246.18,246.89,-0.72,302265000.0,2019-11-21
246.89,247.08,244.65,244.86,-0.82,298348000.0,2019-11-24
244.86,245.87,243.75,245.38,0.21,264433000.0,2019-11-25
245.38,246.05,244.93,245.49,0.04,213992000.0,2019-11-26
245.45,247.23,245.18,247.23,0.75,233589000.0,2019-11-27
247.31,247.93,246.65,246.65,-0.23,282132000.0,2019-11-28
246.65,246.79,245.7,246.15,-0.2,215934000.0,2019-12-01
246.14,246.45,245.56,245.71,-0.18,210240000.0,2019-12-02
245.84,246.84,245.66,246.34,0.26,220453000.0,2019-12-03
246.34,247.86,246.34,247.86,0.62,322399000.0,2019-12-04
247.91,249.53,247.91,248.77,0.37,372473000.0,2019-12-05
248.77,250.6,247.86,250.52,0.7,264352000.0,2019-12-08
250.51,254.24,249.66,253.17,1.06,508380000.0,2019-12-09
253.26,255.36,252.53,253.5,0.13,512003000.0,2019-12-10
254.63,256.49,253.78,255.19,0.67,515824000.0,2019-12-11
255.26,256.8,254.64,255.6,0.05,764121000.0,2019-12-12
255.6,258.31,255.19,255.67,0.03,672436000.0,2019-12-15
255.67,256.49,253.14,253.52,-0.84,406578000.0,2019-12-16
253.55,254.49,252.65,253.28,-0.09,287284000.0,2019-12-17
253.27,253.95,252.19,252.47,-0.32,300277000.0,2019-12-18
252.47,252.94,251.84,251.84,-0.25,396196000.0,2019-12-19
251.83,252.25,250.97,251.59,-0.1,333579000.0,2019-12-22
251.59,254.7,251.59,254.53,1.17,567643000.0,2019-12-23
254.79,255.89,254.14,254.21,-0.13,667528000.0,2019-12-24
254.21,255.58,254.21,254.72,0.2,469835000.0,2019-12-25
254.87,255.68,254.09,254.36,-0.14,536932000.0,2019-12-26
254.36,254.87,253.01,253.39,-0.38,374475000.0,2019-12-29
253.38,253.38,252.01,253.33,-0.02,607100000.0,2019-12-30
253.35,254.43,251.66,252.31,-0.4,444806000.0,2019-12-31
252.44,253.29,251.8,253.28,0.38,391918000.0,2020-01-01
253.03,253.21,251.99,252.18,-0.43,436511000.0,2020-01-02
251.84,257.18,251.17,255.69,1.39,717011000.0,2020-01-05
255.95,260.67,255.95,260.67,1.95,853981000.0,2020-01-06
260.66,265.09,260.66,264.81,1.59,1170750000.0,2020-01-07
265.19,266.75,262.82,263.31,-0.57,762966000.0,2020-01-08
263.31,265.42,262.76,264.26,0.36,651292000.0,2020-01-09
264.27,272.73,264.27,272.73,3.21,1384340000.0,2020-01-12
274.31,278.98,273.28,276.28,1.3,1793440000.0,2020-01-13
276.28,277.6,273.17,274.28,-0.72,953419000.0,2020-01-14
274.28,279.93,274.28,278.97,1.71,943145000.0,2020-01-15
278.97,283.84,278.97,282.87,1.4,1790000000.0,2020-01-16
282.87,288.94,282.87,288.39,1.95,2204130000.0,2020-01-19
287.91,292.02,281.78,283.53,-1.69,2217940000.0,2020-01-20
283.53,287.18,282.93,284.43,0.32,1345880000.0,2020-01-21
285.39,285.95,282.59,282.3,-0.75,1605550000.0,2020-01-22
282.62,283.96,278.36,278.72,-1.27,1446610000.0,2020-01-23
278.95,279.25,274.44,274.62,-1.47,1080420000.0,2020-01-26
274.62,279.15,274.35,279.15,1.65,945574000.0,2020-01-27
279.15,282.11,278.44,278.67,-0.17,1490590000.0,2020-01-28
278.67,279.82,277.65,278.19,-0.17,1339860000.0,2020-01-29
278.19,282.8,278.19,281.76,1.28,2111940000.0,2020-01-30
281.77,287.47,281.77,286.75,1.28,2204130000.0,2020-02-02
287.26,288.91,285.67,287.91,0.4,1775210000.0,2020-02-03
288.84,288.84,284.54,284.99,-1.01,1798400000.0,2020-02-04
285.62,286.36,284.7,285.92,0.33,1169270000.0,2020-02-05
285.58,286.73,283.37,284.05,-0.65,1142220000.0,2020-02-06
283.71,283.88,280.6,281.04,-1.06,986021000.0,2020-02-09
281.38,282.88,280.18,281.62,0.21,868652000.0,2020-02-10
281.63,285.46,281.63,285.37,1.33,1592060000.0,2020-02-11
285.15,287.77,285.06,285.56,0.07,1603610000.0,2020-02-12
285.76,287.08,284.11,284.24,-0.46,2001790000.0,2020-02-13
284.24,285.82,283.72,285.82,0.56,2247240000.0,2020-02-16
286.02,294.09,286.02,293.86,2.81,2884630000.0,2020-02-17
294.23,298.23,292.97,294.95,0.37,2276530000.0,2020-02-18
294.64,296.73,293.27,295.94,0.33,1672770000.0,2020-02-19
296.01,300.44,296.01,300.44,1.52,3014890000.0,2020-02-20
300.7,317.95,300.7,317.5,5.68,3918300000.0,2020-02-23
318.07,326.37,317.39,318.0,0.16,3709420000.0,2020-02-24
319.2,326.35,312.64,326.56,2.69,3509440000.0,2020-02-25
327.02,336.4,327.02,336.05,2.91,4588530000.0,2020-02-26
336.54,346.76,328.73,347.68,3.19,4777270000.0,2020-02-27
349.73,358.34,340.64,340.64,-2.02,5211580000.0,2020-03-01
340.82,341.03,321.43,321.43,-5.64,2308910000.0,2020-03-02
320.96,330.14,309.61,324.04,0.81,4156260000.0,2020-03-03
324.04,324.33,308.81,308.87,-4.68,3226920000.0,2020-03-04
309.4,313.69,301.77,307.72,-0.37,2643270000.0,2020-03-05
307.76,308.25,290.36,290.36,-5.64,1140950000.0,2020-03-10
290.6,304.69,290.6,304.69,4.94,2409640000.0,2020-03-11
304.74,306.48,294.11,295.5,-3.02,2338590000.0,2020-03-12
292.32,292.32,282.21,282.62,-4.36,2186430000.0,2020-03-15
282.62,287.33,278.64,283.12,0.18,1694900000.0,2020-03-16
283.12,283.99,273.37,274.59,-3.01,1576300000.0,2020-03-17
274.59,278.04,266.62,271.79,-1.02,1255910000.0,2020-03-18
270.69,275.99,265.51,273.82,0.75,2229240000.0,2020-03-19
273.83,275.47,269.98,271.06,-1.01,203018000.0,2020-03-22
271.03,271.03,265.67,265.67,-1.99,100241000.0,2020-05-12
265.49,265.49,260.32,260.32,-2.01,3631580.0,2020-05-13
259.5,259.7,249.85,256.29,-1.55,361076000.0,2020-06-29
255.87,271.92,255.65,271.92,6.1,252282000.0,2020-06-30
272.91,287.02,272.91,287.02,5.55,360993000.0,2020-07-01
288.96,292.32,269.03,269.03,-6.27,445725000.0,2020-07-02
269.03,273.68,266.37,269.58,0.2,870601000.0,2020-07-05
269.72,275.88,268.1,275.88,2.34,766265000.0,2020-07-06
276.26,284.64,276.26,282.59,2.43,1208330000.0,2020-07-07
282.59,283.65,278.08,279.95,-0.93,796145000.0,2020-07-08
279.95,280.63,276.88,280.49,0.16,796836000.0,2020-07-09
280.97,284.16,279.96,281.42,0.36,1061070000.0,2020-07-12
282.34,284.52,280.2,282.23,0.29,967894000.0,2020-07-13
283.06,284.43,282.26,284.18,0.69,924974000.0,2020-07-14
284.18,289.49,284.17,288.24,1.43,1131960000.0,2020-07-15
288.17,295.67,288.17,295.06,2.37,1020600000.0,2020-07-16
298.37,312.44,298.37,312.44,5.89,32598000.0,2020-07-19
325.47,330.06,309.08,309.6,-0.92,2816140000.0,2020-07-20
312.11,313.32,305.0,307.05,-0.82,1883900000.0,2020-07-21
307.37,309.23,302.43,303.14,-1.27,1303170000.0,2020-07-22
303.59,304.58,298.86,303.9,0.24,1219540000.0,2020-07-23
303.98,307.93,303.95,307.53,1.18,1855530000.0,2020-07-26
307.53,309.7,305.94,307.31,-0.22,1663170000.0,2020-07-27
307.2,307.89,304.56,305.67,-0.53,1185740000.0,2020-07-28
304.58,304.74,300.54,300.49,-1.7,1599440000.0,2020-07-29
300.64,302.88,297.91,300.95,0.15,1122380000.0,2020-07-30
301.1,301.1,292.57,292.77,-2.72,1706200000.0,2020-08-02
292.77,295.76,290.06,294.24,0.5,891972000.0,2020-08-03
290.89,290.89,286.45,289.55,-0.22,811684000.0,2020-08-06
289.61,291.02,285.47,291.02,0.5,776799000.0,2020-08-09
290.76,298.64,290.76,298.64,2.62,1483320000.0,2020-08-10
299.0,300.84,296.48,297.27,-0.46,1222760000.0,2020-08-11
297.76,297.88,295.38,297.29,0.01,969560000.0,2020-08-12
297.38,297.38,293.57,293.84,-1.16,1013860000.0,2020-08-13
292.72,292.72,287.14,288.86,-1.7,1261610000.0,2020-08-16
288.95,290.0,287.03,290.0,0.4,1074720000.0,2020-08-17
290.05,291.47,288.66,289.77,-0.08,1116660000.0,2020-08-18
289.31,289.41,286.0,287.07,-0.93,921283000.0,2020-08-19
287.95,290.3,287.95,288.36,0.45,376532000.0,2020-08-20
288.36,289.65,287.51,289.55,0.41,1091130000.0,2020-08-23
289.81,293.31,289.81,293.14,1.24,2071610000.0,2020-08-24
294.29,295.68,293.05,293.97,0.28,1671780000.0,2020-08-25
295.04,299.37,294.47,298.74,1.62,2446850000.0,2020-08-26
299.22,300.61,296.67,297.1,-0.55,1816570000.0,2020-08-27
297.34,297.34,294.25,296.29,-0.27,1194200000.0,2020-08-30
296.18,299.08,296.18,298.35,0.69,3367740000.0,2020-08-31
301.72,305.68,300.1,304.6,2.01,3912380000.0,2020-09-02
307.12,307.69,301.84,304.73,0.04,2317200000.0,2020-09-03
310.81,310.81,301.04,302.19,-0.83,2510180000.0,2020-09-06
302.36,302.45,298.17,298.64,-1.17,1828480000.0,2020-09-07
299.22,300.72,296.63,299.47,0.28,1536290000.0,2020-09-08
300.4,300.56,298.14,299.66,0.06,2407310000.0,2020-09-09
299.47,304.23,299.34,301.38,0.57,2084670000.0,2020-09-10
302.41,303.99,301.42,303.97,0.86,3391310000.0,2020-09-13
304.83,307.91,304.83,306.24,0.75,3139680000.0,2020-09-14
307.12,308.28,304.15,304.65,-0.52,1806370000.0,2020-09-15
304.82,305.86,303.38,305.48,0.27,1853100000.0,2020-09-16
310.32,313.65,306.69,312.5,2.3,3261060000.0,2020-09-17
316.33,318.51,312.59,313.62,0.36,2483090000.0,2020-09-20
316.1,316.32,310.59,312.24,-0.44,2481940000.0,2020-09-21
314.79,314.82,306.84,307.39,-1.55,2819820000.0,2020-09-22
308.08,308.44,304.84,308.34,0.31,1685610000.0,2020-09-23
311.39,311.39,308.21,309.57,0.4,2296410000.0,2020-09-24
311.74,312.6,309.43,310.47,0.29,3053250000.0,2020-09-27
310.6,311.19,309.06,309.6,-0.28,1725240000.0,2020-09-28
310.28,310.28,307.63,307.82,-0.58,1763050000.0,2020-09-29
310.55,310.74,305.7,307.17,-0.21,1925440000.0,2020-09-30
309.36,311.31,307.85,310.15,0.97,2852650000.0,2020-10-01
311.44,313.53,311.44,312.35,0.71,2862510000.0,2020-10-04
312.52,315.14,312.02,312.46,0.04,2555640000.0,2020-10-05
314.09,314.09,312.13,313.22,0.24,2601750000.0,2020-10-06
313.48,316.72,313.1,316.39,1.01,3437440000.0,2020-10-07
316.67,319.43,313.75,314.74,-0.52,3005050000.0,2020-10-08
315.38,315.57,311.29,311.73,-0.96,2520650000.0,2020-10-11
312.1,313.58,310.02,313.1,0.44,2016310000.0,2020-10-12
313.51,314.4,311.3,311.41,-0.54,1881910000.0,2020-10-13
312.58,313.13,309.42,309.75,-0.53,1488770000.0,2020-10-14
311.22,313.19,309.57,310.08,0.11,1346460000.0,2020-10-15
310.97,311.6,308.01,308.27,-0.58,955337000.0,2020-10-18
308.32,310.89,308.06,310.89,0.85,1029590000.0,2020-10-19
311.56,313.55,311.49,313.55,0.85,1323530000.0,2020-10-20
315.11,316.65,314.72,316.65,0.99,1579850000.0,2020-10-21
319.46,319.46,316.21,318.56,0.6,2043980000.0,2020-10-22
319.96,327.76,319.96,327.76,2.89,2728620000.0,2020-10-28
329.5,331.78,326.8,328.04,0.08,3036920000.0,2020-10-29
331.12,331.45,325.48,326.63,-0.43,2875520000.0,2020-11-01
326.65,328.04,325.23,325.46,-0.36,2494460000.0,2020-11-02
324.66,327.31,324.31,326.6,0.35,2202660000.0,2020-11-03
328.01,328.01,325.9,326.49,-0.03,1722150000.0,2020-11-04
326.58,327.39,324.19,324.36,-0.65,3043790000.0,2020-11-05
326.06,326.33,324.87,325.94,0.48,3495830000.0,2020-11-08
324.59,326.8,324.59,325.33,-0.19,3441990000.0,2020-11-09
325.63,330.39,325.63,330.39,1.55,4095780000.0,2020-11-10
330.29,335.62,330.18,335.62,1.58,4326560000.0,2020-11-11
336.76,340.17,334.82,338.89,0.97,4025740000.0,2020-11-12
336.92,338.7,334.83,338.09,-0.24,4569210000.0,2020-11-18
339.41,343.56,338.98,343.07,1.47,6164170000.0,2020-11-19
345.48,348.47,340.57,345.07,0.58,6701230000.0,2020-11-22
345.52,347.14,343.88,344.95,-0.03,4810330000.0,2020-11-23
346.89,350.43,346.38,349.37,1.28,5411360000.0,2020-11-24
352.22,362.33,352.08,362.33,3.71,6194070000.0,2020-11-25
365.33,372.23,363.28,365.18,0.79,7432610000.0,2020-11-26
369.52,384.51,368.82,383.93,5.14,8971370000.0,2020-11-29
391.1,398.54,382.36,385.56,0.42,9041980000.0,2020-11-30
387.35,388.24,377.83,383.79,-0.46,6956500000.0,2020-12-01
387.24,397.08,387.24,396.04,3.19,7842250000.0,2020-12-02
400.06,407.27,389.64,392.29,-0.95,7070030000.0,2020-12-03
393.38,393.38,370.67,370.67,-5.51,6186590000.0,2020-12-06
371.15,382.77,367.94,382.77,3.26,5750240000.0,2020-12-07
388.82,391.54,377.58,380.18,-0.68,5298290000.0,2020-12-08
382.12,382.33,370.78,371.71,-2.23,4373730000.0,2020-12-09
373.29,375.25,368.76,374.02,0.62,3626430000.0,2020-12-10
377.06,382.11,375.38,382.11,2.16,4825350000.0,2020-12-13
385.02,388.71,384.74,388.16,1.58,7113250000.0,2020-12-14
393.08,393.56,385.12,387.42,-0.19,6066600000.0,2020-12-15
393.79,393.79,385.36,386.98,-0.11,5156040000.0,2020-12-16
388.85,390.35,384.31,385.94,-0.27,6314290000.0,2020-12-17
390.58,390.58,369.41,370.24,-4.25,8262960000.0,2020-12-20
367.03,378.72,357.81,376.56,1.9,6558680000.0,2020-12-21
381.38,391.74,381.12,391.74,4.03,6695830000.0,2020-12-22
397.73,402.42,388.96,390.51,-0.32,7003460000.0,2020-12-23
392.37,392.45,384.36,386.76,-0.96,5296720000.0,2020-12-24
387.75,389.73,380.36,381.43,-1.38,4458650000.0,2020-12-27
381.51,383.39,378.25,382.57,0.3,3653710000.0,2020-12-28
384.29,386.2,381.47,382.44,-0.03,3766720000.0,2020-12-29
382.69,391.55,382.43,391.3,2.32,4268050000.0,2020-12-30
393.36,403.82,393.33,398.7,1.89,5880060000.0,2020-12-31
402.59,415.88,402.59,415.88,4.31,5960100000.0,2021-01-03
420.66,423.7,412.53,415.15,-0.18,5683720000.0,2021-01-04
413.51,417.13,411.37,413.68,-0.35,4453090000.0,2021-01-05
414.15,419.03,414.15,418.14,1.08,4510710000.0,2021-01-06
420.3,423.14,419.03,421.22,0.74,5992020000.0,2021-01-07
421.29,428.82,421.29,428.43,1.71,6276600000.0,2021-01-10
431.05,435.22,427.76,429.39,0.22,5641360000.0,2021-01-11
432.19,433.56,427.5,433.28,0.91,5352480000.0,2021-01-12
434.2,437.47,433.89,435.25,0.45,5995980000.0,2021-01-13
438.81,443.87,438.81,443.42,1.88,6794520000.0,2021-01-17
444.46,448.29,444.32,445.6,0.49,6534190000.0,2021-01-18
451.35,451.61,438.5,442.82,-0.64,7722690000.0,2021-01-19
450.6,450.6,440.65,443.0,0.04,6245780000.0,2021-01-20
449.85,449.85,444.02,445.59,0.58,8126020000.0,2021-01-21
447.6,453.71,447.6,452.06,1.45,9549320000.0,2021-01-24
457.23,457.23,447.17,451.82,-0.05,9074540000.0,2021-01-25
458.21,458.21,446.78,447.24,-1.01,8511300000.0,2021-01-26
448.86,449.25,444.92,446.38,-0.19,8584760000.0,2021-01-27
448.63,448.63,441.18,442.06,-0.97,10472900000.0,2021-01-28
441.7,441.7,431.4,432.33,-2.2,9286120000.0,2021-01-31
432.92,439.87,432.92,437.28,1.14,6804030000.0,2021-02-01
441.37,451.38,441.18,451.38,3.22,8318980000.0,2021-02-02
454.48,460.96,450.39,452.29,0.2,9503400000.0,2021-02-03
453.01,454.48,448.25,454.02,0.37,7845040000.0,2021-02-04
455.24,460.58,454.63,459.32,1.17,11262000000.0,2021-02-07
464.52,466.6,461.01,466.6,1.58,11134900000.0,2021-02-08
466.05,473.32,460.07,461.7,-0.86,8567570000.0,2021-02-09
464.9,466.32,457.33,465.13,0.55,7959100000.0,2021-02-10
464.48,470.62,462.87,463.47,-0.36,8913530000.0,2021-02-11
463.49,463.49,453.07,454.12,-2.01,7065710000.0,2021-02-14
455.45,469.44,460.79,469.44,3.37,10907700000.0,2021-02-15
474.9,479.09,470.07,473.53,0.87,10781400000.0,2021-02-16
472.84,475.5,471.26,475.0,0.31,7666990000.0,2021-02-17
479.07,483.84,474.8,481.78,1.43,8466690000.0,2021-02-18
485.54,485.7,476.23,479.58,-0.46,8323710000.0,2021-02-21
485.32,485.42,469.39,470.36,-1.92,8189690000.0,2021-02-22
472.92,472.92,456.91,467.94,-0.51,8083850000.0,2021-02-23
471.44,477.98,467.56,470.34,0.51,6383010000.0,2021-02-24
475.13,475.16,460.5,461.81,-1.81,5642740000.0,2021-02-25
461.27,461.27,447.09,447.29,-3.15,7790160000.0,2021-02-28
449.97,455.66,441.53,453.75,1.45,5375800000.0,2021-03-01
454.27,455.51,440.51,443.95,-2.16,6234930000.0,2021-03-02
442.26,437.7,431.44,436.8,-1.6,6123940000.0,2021-03-03
440.08,451.46,438.19,451.46,3.36,5650810000.0,2021-03-04
454.15,454.2,445.49,449.68,-0.39,4880400000.0,2021-03-07
451.88,451.88,443.22,445.21,-0.99,4567610000.0,2021-03-09
447.52,447.72,442.41,445.23,0.01,3892580000.0,2021-03-10
448.06,448.06,433.06,435.13,-2.27,4780390000.0,2021-03-14
436.44,437.75,429.3,430.05,-1.17,3745430000.0,2021-03-15
432.68,434.85,426.69,430.49,0.1,3388740000.0,2021-03-16
432.67,438.6,430.24,438.6,1.88,3275660000.0,2021-03-17
443.21,445.17,440.1,444.15,1.26,5118210000.0,2021-03-18
447.39,453.59,446.74,453.59,2.13,6163170000.0,2021-03-21
456.72,458.54,447.35,448.8,-1.06,5650790000.0,2021-03-22
450.76,450.83,445.08,448.89,0.02,4876630000.0,2021-03-23
453.45,455.95,451.31,455.95,1.57,6729140000.0,2021-03-24
458.39,458.88,449.82,450.31,-1.24,5962170000.0,2021-03-25
450.72,452.43,448.19,449.92,-0.09,3892770000.0,2021-03-29
450.64,456.22,449.94,456.1,1.38,5788530000.0,2021-03-30
459.42,463.73,458.68,463.59,1.64,6262950000.0,2021-03-31
465.33,467.79,462.84,466.42,0.61,7320850000.0,2021-04-01
468.47,470.77,468.3,470.75,0.93,8106260000.0,2021-04-04
474.74,474.74,467.99,471.84,0.23,6614910000.0,2021-04-05
473.64,476.18,469.45,476.18,0.92,6748930000.0,2021-04-06
482.42,482.42,476.21,476.8,0.13,6700520000.0,2021-04-07
476.82,479.48,474.97,476.51,-0.06,5947110000.0,2021-04-08
477.89,480.88,475.75,480.29,0.79,7134520000.0,2021-04-12
481.77,486.28,479.65,486.28,1.25,7178050000.0,2021-04-13
485.78,496.08,485.78,492.44,1.27,8138620000.0,2021-04-15
497.3,495.0,485.9,486.16,-1.28,8129160000.0,2021-04-18
486.51,486.76,478.16,479.1,-1.45,6362820000.0,2021-04-19
481.5,483.46,475.37,479.6,0.1,5199680000.0,2021-04-20
480.17,480.51,472.11,473.39,-1.29,5316140000.0,2021-04-21
475.61,477.44,469.08,476.6,0.68,5464000000.0,2021-04-22
477.78,477.78,462.06,464.05,-2.63,6330480000.0,2021-04-25
465.09,465.19,451.97,452.79,-2.42,6145350000.0,2021-04-26
450.54,467.28,450.54,467.28,3.2,4927740000.0,2021-04-27
470.21,471.72,462.77,465.11,-0.46,3792800000.0,2021-04-28
468.22,469.28,465.07,469.02,0.84,3890900000.0,2021-04-29
468.68,477.81,468.68,477.81,1.87,6460950000.0,2021-05-02
480.8,482.29,474.14,475.12,-0.56,7510300000.0,2021-05-03
475.5,477.04,472.47,475.44,0.07,5835610000.0,2021-05-04
479.53,479.53,473.51,473.81,-0.34,5520110000.0,2021-05-05
476.26,476.26,470.09,473.04,-0.16,6746590000.0,2021-05-06
477.38,477.38,469.44,470.73,-0.49,5943950000.0,2021-05-09
470.64,475.12,468.98,475.12,0.92,3843330000.0,2021-05-10
474.58,479.22,474.39,478.24,0.66,5031070000.0,2021-05-11
480.44,480.96,476.19,478.38,0.03,4841490000.0,2021-05-12
487.61,487.61,478.88,479.5,0.23,6007680000.0,2021-05-13
480.93,488.14,480.93,488.14,1.8,9249840000.0,2021-05-16
489.35,493.69,488.49,492.58,0.91,8624070000.0,2021-05-17
496.69,497.22,493.16,497.22,0.94,10783100000.0,2021-05-18
499.17,501.47,493.31,496.14,-0.22,11677400000.0,2021-05-19
498.1,499.45,495.9,498.97,0.57,8712570000.0,2021-05-20
493.69,507.2,490.89,507.2,1.65,11164900000.0,2021-05-23
511.69,513.5,505.14,508.49,0.26,14234200000.0,2021-05-24
509.67,509.67,503.09,503.99,-0.89,11146300000.0,2021-05-25
495.91,507.44,494.42,503.7,-0.06,14735500000.0,2021-05-27
506.96,511.45,504.44,507.05,0.67,17043200000.0,2021-05-30
509.76,511.25,500.18,500.47,-1.3,13446800000.0,2021-05-31
501.44,502.9,493.9,496.86,-0.74,8323790000.0,2021-06-01
499.44,505.15,496.56,505.15,1.57,10432600000.0,2021-06-02
507.26,516.72,507.26,513.11,1.58,15874300000.0,2021-06-03
519.91,523.76,517.32,520.99,1.54,15854700000.0,2021-06-06
524.22,524.53,517.75,520.63,-0.07,15324700000.0,2021-06-07
524.64,530.46,523.52,528.1,1.43,15640600000.0,2021-06-08
534.96,534.98,523.74,525.28,-0.54,17480400000.0,2021-06-09
528.1,528.57,522.44,527.87,0.49,17193000000.0,2021-06-10
531.05,539.41,531.05,539.41,2.19,19842400000.0,2021-06-13
548.09,552.69,547.1,550.01,1.97,19615800000.0,2021-06-14
557.42,557.42,546.7,550.26,0.04,17161100000.0,2021-06-15
545.98,554.47,536.35,541.7,-1.56,15931700000.0,2021-06-16
545.67,545.67,536.96,541.12,-0.11,10738900000.0,2021-06-17
543.4,543.4,524.62,528.51,-2.33,11711700000.0,2021-06-20
531.24,531.31,515.65,520.18,-1.58,11275100000.0,2021-06-21
520.98,536.34,517.48,536.34,3.11,9520950000.0,2021-06-22
538.8,540.58,528.09,528.97,-1.37,7075420000.0,2021-06-23
529.06,531.54,524.44,525.64,-0.6,7375640000.0,2021-06-24
529.74,533.89,522.89,529.41,0.72,7628780000.0,2021-06-27
536.46,536.46,528.09,533.57,0.79,8525530000.0,2021-06-28
534.67,534.73,523.01,523.7,-1.85,7479160000.0,2021-06-29
528.41,528.66,514.72,522.37,-0.25,6310100000.0,2021-06-30
525.62,532.43,525.58,528.71,1.21,6649250000.0,2021-07-01
530.04,531.84,527.31,528.45,-0.06,5541760000.0,2021-07-04
530.64,530.64,524.77,528.41,-0.01,5101600000.0,2021-07-05
530.09,530.89,525.43,526.75,-0.37,4638560000.0,2021-07-06
525.59,528.16,523.55,525.24,-0.29,4804250000.0,2021-07-07
526.71,530.9,523.38,529.66,0.84,4935660000.0,2021-07-08
531.54,543.43,531.54,543.43,2.6,8109410000.0,2021-07-11
544.47,549.59,533.33,534.81,-1.59,10011100000.0,2021-07-12
537.76,541.44,533.88,539.51,0.89,6290810000.0,2021-07-13
540.36,541.09,536.42,539.38,-0.03,5538670000.0,2021-07-14
541.28,542.51,539.81,541.31,0.36,7678260000.0,2021-07-15
543.38,560.96,543.38,560.96,3.61,12503500000.0,2021-07-18
567.16,569.99,559.06,560.94,0.0,11930900000.0,2021-07-19
562.97,562.97,557.46,558.11,-0.5,8185460000.0,2021-07-20
558.49,564.86,558.35,562.24,0.73,10644900000.0,2021-07-22
565.47,574.02,565.47,574.02,2.09,14184700000.0,2021-07-25
577.8,578.3,569.8,571.1,-0.51,13991300000.0,2021-07-26
562.83,575.63,560.14,574.3,0.56,15522200000.0,2021-07-27
576.26,578.37,570.91,574.32,0.0,13856100000.0,2021-07-28
575.77,575.77,570.36,570.85,-0.6,11236600000.0,2021-07-29
572.29,574.79,571.12,572.15,0.22,12267700000.0,2021-08-01
574.02,574.94,571.24,572.46,0.05,10946700000.0,2021-08-02
573.28,577.39,573.28,577.52,0.88,11903200000.0,2021-08-03
581.49,581.49,577.61,578.23,0.12,15825800000.0,2021-08-04
580.05,581.18,576.13,579.0,0.11,15184900000.0,2021-08-05
578.96,580.6,576.34,578.09,0.13,14787600000.0,2021-08-08
578.95,579.98,574.54,575.95,-0.35,14877400000.0,2021-08-09
577.41,588.13,576.18,587.95,2.08,18441600000.0,2021-08-10
588.78,593.59,584.21,585.71,-0.4,15817400000.0,2021-08-11
586.68,592.99,585.8,591.16,0.93,17571400000.0,2021-08-12
582.27,592.84,577.56,589.28,-0.32,22812000000.0,2021-08-15
590.65,592.93,585.76,592.93,0.6,17188600000.0,2021-08-16
593.35,596.07,591.54,593.28,0.06,19093000000.0,2021-08-17
594.31,603.74,592.26,598.11,0.81,22074300000.0,2021-08-18
598.96,603.32,589.93,590.15,-1.39,21620200000.0,2021-08-19
587.21,588.12,577.16,577.66,-2.17,17043900000.0,2021-08-24
577.72,577.72,566.78,567.99,-1.67,12458300000.0,2021-08-25
569.57,575.39,566.87,571.39,0.6,13673700000.0,2021-08-26
573.54,574.59,561.81,562.88,-1.5,15707200000.0,2021-08-29
563.05,563.05,549.36,550.52,-2.19,13953300000.0,2021-08-31
550.41,559.15,548.03,550.69,0.03,9824610000.0,2021-09-01
550.31,555.61,539.84,541.77,-1.62,10062000000.0,2021-09-02
541.48,541.48,514.84,522.01,-3.65,11661600000.0,2021-09-05
521.65,553.4,519.77,553.4,6.02,10240800000.0,2021-09-06
557.8,558.47,542.41,548.35,-0.91,8344290000.0,2021-09-07
549.43,549.43,535.43,536.51,-2.17,7354400000.0,2021-09-08
537.37,543.18,534.07,535.29,-0.28,7328720000.0,2021-09-09
537.11,548.29,537.11,548.29,2.43,10437400000.0,2021-09-12
550.32,555.09,547.21,548.87,0.1,10244300000.0,2021-09-13
549.67,552.0,544.03,545.66,-0.58,5494690000.0,2021-09-14
546.4,547.39,537.49,538.5,-1.31,5467160000.0,2021-09-15
539.09,539.09,522.93,525.78,-2.36,9520030000.0,2021-09-16
525.46,526.14,505.92,506.27,-3.71,8700500000.0,2021-09-20
504.87,518.11,491.38,508.62,0.47,7655980000.0,2021-09-21
509.21,528.83,509.21,528.1,3.83,6520740000.0,2021-09-22
533.12,540.98,527.49,530.02,0.36,8306160000.0,2021-09-23
534.43,535.61,519.19,519.36,-2.02,6579600000.0,2021-09-26
520.62,521.93,504.39,506.33,-2.49,5434820000.0,2021-09-27
506.48,508.34,491.84,494.91,-2.26,6039900000.0,2021-09-28
495.71,503.46,488.49,503.46,1.73,5429990000.0,2021-09-29
504.73,508.67,496.09,497.05,-1.27,3829610000.0,2021-09-30
497.3,498.26,485.53,485.98,-2.23,4293340000.0,2021-10-03
486.27,490.25,479.45,484.98,-0.26,3766740000.0,2021-10-04
484.72,493.74,484.68,492.02,1.45,2886030000.0,2021-10-05
492.68,504.73,492.68,504.73,2.59,4531220000.0,2021-10-06
506.28,512.2,497.79,499.78,-0.98,4355500000.0,2021-10-10
499.64,501.1,489.98,494.22,-1.11,3478810000.0,2021-10-11
494.79,499.48,491.14,497.39,0.64,1432500000.0,2021-10-17
496.35,496.35,483.75,484.93,-2.5,2960660000.0,2021-10-18
485.15,485.15,465.83,471.91,-2.74,3737640000.0,2021-10-19
474.02,486.69,474.02,484.05,2.56,2707870000.0,2021-10-20
484.55,487.24,479.64,483.39,-0.14,2769080000.0,2021-10-21
483.22,491.07,479.51,490.68,1.5,2871030000.0,2021-10-24
491.47,504.57,491.24,504.57,2.77,4482260000.0,2021-10-25
505.51,516.47,505.37,516.07,2.28,6419940000.0,2021-10-26
516.07,524.15,509.44,516.56,0.1,6754230000.0,2021-10-27
517.21,521.32,513.56,520.98,0.86,5890350000.0,2021-10-28
522.67,530.88,520.37,530.46,1.82,8236590000.0,2021-10-31
535.55,538.46,525.79,528.58,-0.35,7973700000.0,2021-11-01
529.76,532.44,523.7,531.42,0.54,6081940000.0,2021-11-02
534.75,536.58,528.37,531.08,-0.06,6814480000.0,2021-11-03
532.52,534.08,526.15,528.37,-0.51,4496460000.0,2021-11-08
528.83,528.83,510.21,512.82,-3.03,6579270000.0,2021-11-09
513.18,513.4,502.19,502.19,-2.07,5168640000.0,2021-11-11
502.06,505.26,497.05,502.44,0.05,4222390000.0,2021-11-14
502.45,508.93,501.12,506.54,0.82,5105060000.0,2021-11-15
507.86,521.46,506.2,521.46,2.95,5991750000.0,2021-11-16
522.89,530.01,522.89,525.44,0.76,7717030000.0,2021-11-17
525.29,526.43,518.45,522.0,-0.65,6443170000.0,2021-11-18
522.47,523.43,517.14,518.25,-0.72,4360270000.0,2021-11-21
518.49,522.3,518.27,519.46,0.23,3846780000.0,2021-11-22
519.44,519.97,512.81,515.48,-0.77,4166490000.0,2021-11-23
516.58,516.93,507.69,515.19,-0.06,4184230000.0,2021-11-24
515.33,518.42,513.32,515.64,0.09,3632230000.0,2021-11-25
515.63,515.63,499.96,501.45,-2.75,5763950000.0,2021-11-28
501.68,506.28,494.78,495.53,-1.18,4083930000.0,2021-11-29
495.38,499.0,490.26,495.63,0.04,3191060000.0,2021-11-30
495.81,500.71,495.56,496.74,0.18,2893000000.0,2021-12-01
497.31,498.62,486.04,487.52,-1.86,3482210000.0,2021-12-02
487.11,487.11,471.92,473.35,-2.91,4484040000.0,2021-12-05
472.12,480.97,461.2,480.97,1.61,4723610000.0,2021-12-06
481.54,488.09,474.01,474.13,-1.42,3225830000.0,2021-12-07
474.3,474.86,463.27,464.79,-1.97,2862480000.0,2021-12-08
463.5,468.35,460.71,465.23,0.09,2710490000.0,2021-12-09
464.8,466.48,449.96,450.08,-3.26,3247440000.0,2021-12-12
447.63,448.4,433.25,437.59,-2.77,4100510000.0,2021-12-13
437.67,460.3,437.14,460.3,5.19,1862470000.0,2021-12-14
462.62,472.23,453.38,459.41,-0.19,4734680000.0,2021-12-15
459.79,460.13,452.36,453.53,-1.28,2462550000.0,2021-12-16
457.04,457.04,449.05,451.19,-0.52,2702800000.0,2021-12-20
451.73,463.65,451.73,462.52,2.51,2611570000.0,2021-12-21
465.39,479.89,465.39,477.26,3.19,5359330000.0,2021-12-22
480.7,482.52,474.26,477.36,0.02,4841950000.0,2021-12-23
478.98,484.93,478.7,482.74,1.13,5231990000.0,2021-12-26
483.49,485.48,471.53,471.89,-2.25,5396500000.0,2021-12-27
472.2,473.36,466.17,470.98,-0.19,3264090000.0,2021-12-28
471.03,473.76,469.95,471.24,0.05,4170530000.0,2021-12-29
473.79,482.01,473.17,482.01,2.29,2967300000.0,2022-01-02
483.51,490.94,483.51,487.87,1.22,0.0,2022-01-03
487.98,503.72,483.3,503.72,3.25,4485950000.0,2022-01-04
504.95,507.24,495.67,497.03,-1.33,4729970000.0,2022-01-05
497.09,506.16,494.35,506.16,1.84,3751210000.0,2022-01-06
507.32,519.62,507.32,519.37,2.61,6715500000.0,2022-01-09
520.89,525.42,516.36,522.53,0.61,7262510000.0,2022-01-10
523.45,531.32,518.9,528.87,1.21,4333480000.0,2022-01-11
529.67,535.06,520.63,521.83,-1.33,8407560000.0,2022-01-12
522.23,530.83,521.42,530.83,1.71,6941860000.0,2022-01-13
532.6,545.34,532.6,542.63,2.22,9371460000.0,2022-01-16
546.38,547.08,539.86,546.33,0.68,7708800000.0,2022-01-17
548.27,554.93,542.21,547.46,0.2,7111540000.0,2022-01-18
548.72,551.74,538.05,539.65,-1.43,0.0,2022-01-19
540.42,543.81,536.92,543.74,0.76,0.0,2022-01-20
545.34,550.47,541.0,543.8,0.01,6675830000.0,2022-01-23
545.89,545.89,522.66,526.03,-3.32,9057120000.0,2022-01-24
528.24,532.73,519.14,524.94,-0.21,5604830000.0,2022-01-25
525.05,525.94,516.16,518.35,-1.26,4359290000.0,2022-01-26
518.44,522.59,517.85,518.72,0.07,3195970000.0,2022-01-27
523.11,538.53,523.11,538.53,3.82,6059340000.0,2022-01-30
541.44,542.84,535.77,538.93,0.07,5220850000.0,2022-01-31
539.5,544.11,536.06,542.9,0.74,6988110000.0,2022-02-01
544.06,548.85,537.67,539.65,-0.6,8465640000.0,2022-02-03
540.16,540.16,530.79,532.28,-1.43,5992180000.0,2022-02-06
531.79,535.41,529.6,535.32,0.57,4753020000.0,2022-02-07
540.52,548.25,530.19,532.49,-0.53,6495920000.0,2022-02-08
532.5,532.53,526.24,528.99,-0.66,3444030000.0,2022-02-09
529.43,531.27,525.27,527.28,-0.32,3897290000.0,2022-02-10
523.88,523.88,510.72,511.66,-2.96,6026510000.0,2022-02-13
511.45,516.82,510.32,511.3,-0.07,4266170000.0,2022-02-14
511.36,522.14,511.36,522.13,2.12,3488050000.0,2022-02-15
522.15,525.38,516.6,518.66,-0.67,3363400000.0,2022-02-16
518.75,519.92,516.88,518.64,0.0,1333350000.0,2022-02-17
514.85,516.45,506.91,513.64,-0.96,3604280000.0,2022-02-20
513.71,518.8,513.44,518.79,1.0,2713340000.0,2022-02-21
518.89,525.48,518.78,523.15,0.84,2977850000.0,2022-02-22
520.93,525.14,517.45,517.93,-1.0,2868530000.0,2022-02-23
515.76,515.76,506.57,507.58,-2.0,4195320000.0,2022-02-24
506.57,512.09,503.1,506.84,-0.14,2926720000.0,2022-02-27
508.6,512.6,499.07,500.21,-1.31,3434110000.0,2022-02-28
500.38,500.38,488.4,488.83,-2.28,3417740000.0,2022-03-02
488.14,494.05,486.6,490.13,0.27,2291850000.0,2022-03-06
489.28,495.31,489.28,492.53,0.49,2154020000.0,2022-03-07
490.68,495.02,484.65,487.19,-1.11,2250160000.0,2022-03-09
487.15,493.53,483.57,493.53,1.3,2782700000.0,2022-03-10
495.2,509.9,495.2,509.9,3.32,4575530000.0,2022-03-13
511.4,512.09,505.89,509.85,-0.01,1365780000.0,2022-03-14
511.59,511.59,502.59,502.59,-1.42,3069590000.0,2022-03-15
502.7,504.44,496.08,497.39,-1.03,2502990000.0,2022-03-16
498.05,499.09,492.47,494.38,-0.6,1989770000.0,2022-03-20
495.01,496.35,489.76,496.3,0.39,2281060000.0,2022-03-21
495.89,500.44,495.89,499.33,0.61,345094000.0,2022-03-22
499.39,499.58,493.82,495.11,-0.84,1891120000.0,2022-03-23
495.15,495.31,488.52,488.94,-1.25,2789290000.0,2022-03-24
489.51,490.72,478.49,479.39,-1.95,4706480000.0,2022-03-27
479.7,480.76,473.44,474.09,-1.11,2242240000.0,2022-03-28
474.09,477.38,471.0,471.93,-0.45,1610360000.0,2022-03-29
472.27,480.73,470.87,480.06,1.72,2017810000.0,2022-03-30
480.1,484.34,474.25,475.47,-0.96,1642600000.0,2022-03-31
475.47,476.68,468.68,469.03,-1.35,1327420000.0,2022-04-03
469.19,472.27,466.57,466.55,-0.53,1429010000.0,2022-04-04
468.96,468.96,455.39,458.23,-1.79,2619660000.0,2022-04-05
458.23,460.17,452.43,455.6,-0.57,1808790000.0,2022-04-06
455.73,464.59,455.73,463.75,1.79,1855420000.0,2022-04-07
464.84,471.04,454.32,454.87,-1.91,2044730000.0,2022-04-11
455.66,457.11,448.29,449.12,-1.27,1379730000.0,2022-04-12
449.32,456.09,446.43,456.09,1.55,1302590000.0,2022-04-13
458.33,459.74,450.04,450.97,-1.12,1228670000.0,2022-04-17
451.24,451.51,443.37,444.15,-1.51,1444280000.0,2022-04-18
445.1,450.53,438.93,447.77,0.81,1238590000.0,2022-04-19
449.77,450.85,440.49,441.08,-1.49,1223570000.0,2022-04-20
442.68,444.95,436.59,443.14,0.47,1436900000.0,2022-04-21
444.74,463.19,444.74,460.88,4.0,2025770000.0,2022-04-24
461.29,464.49,453.76,454.69,-1.34,1839400000.0,2022-04-25
454.69,457.72,449.81,452.95,-0.38,955898000.0,2022-04-26
453.23,454.56,448.31,454.56,0.36,1023900000.0,2022-04-27
455.61,457.08,449.63,450.24,-0.95,1363370000.0,2022-04-28
450.22,450.34,441.22,441.79,-1.88,1279240000.0,2022-05-02
443.04,443.1,434.98,436.89,-1.11,1154300000.0,2022-05-04
436.84,437.04,428.76,432.55,-0.99,1508720000.0,2022-05-05
432.65,436.35,426.42,436.35,0.88,1189590000.0,2022-05-08
438.14,443.79,436.07,439.47,0.71,1295630000.0,2022-05-09
439.51,447.14,439.5,447.14,1.75,1271610000.0,2022-05-10
447.39,456.67,447.39,456.66,2.13,2072160000.0,2022-05-11
457.2,459.44,452.0,453.96,-0.59,2130400000.0,2022-05-12
453.96,453.96,438.6,439.69,-3.14,1572380000.0,2022-05-17
437.45,442.73,434.04,441.09,0.55,1259030000.0,2022-05-18
441.19,443.22,436.7,437.21,-0.88,1049460000.0,2022-05-19
437.42,439.07,434.49,434.73,-0.57,871024000.0,2022-05-20
435.88,437.63,426.47,429.05,-1.31,1287440000.0,2022-05-23
429.86,433.76,426.81,432.67,0.84,1006930000.0,2022-05-24
434.21,436.95,433.41,435.09,0.56,1053240000.0,2022-05-25
437.05,437.35,433.28,436.47,0.32,850832000.0,2022-05-26
437.24,439.42,431.55,433.07,-0.78,1107300000.0,2022-05-27
434.82,435.28,424.64,422.74,-2.38,1342000000.0,2022-05-30
422.21,422.21,413.67,415.63,-1.68,1308620000.0,2022-05-31
415.72,418.37,412.01,414.47,-0.28,1082010000.0,2022-06-01
414.39,417.01,409.66,410.66,-0.92,983178000.0,2022-06-02
411.87,411.87,402.56,403.48,-1.75,1298090000.0,2022-06-03
403.95,405.63,397.11,400.36,-0.77,1269440000.0,2022-06-06
400.06,400.06,388.75,389.12,-2.81,1247800000.0,2022-06-07
388.79,403.21,388.01,400.37,2.89,1570800000.0,2022-06-08
401.2,407.15,395.18,396.36,-1.0,1444830000.0,2022-06-09
398.22,398.22,390.26,392.25,-1.04,837089000.0,2022-06-10
392.84,393.64,388.86,389.98,-0.58,905983000.0,2022-06-13
389.99,390.85,382.64,383.51,-1.66,987415000.0,2022-06-14
384.77,384.77,375.31,378.9,-1.2,1451450000.0,2022-06-15
378.89,383.29,375.33,381.83,0.77,1110420000.0,2022-06-16
381.93,385.36,380.49,381.14,-0.18,698074000.0,2022-06-17
381.14,381.69,372.63,373.85,-1.91,1097840000.0,2022-06-19
374.16,374.55,365.81,366.19,-2.05,1594230000.0,2022-06-20
366.18,376.02,364.8,375.09,2.43,0.0,2022-06-21
375.37,375.81,368.63,369.15,-1.58,0.0,2022-06-22
368.33,368.59,359.12,362.09,-1.91,0.0,2022-06-23
362.12,367.46,355.04,364.9,0.78,0.0,2022-06-24
365.2,382.84,365.18,382.84,4.91,0.0,2022-06-26
384.48,388.03,375.82,375.82,-1.83,2085870000.0,2022-06-27
375.67,375.7,370.22,372.6,-0.86,0.0,2022-06-28
373.41,379.93,371.59,379.15,1.76,0.0,2022-06-29
379.62,392.25,379.4,391.78,3.33,0.0,2022-06-30
393.21,393.94,387.81,388.62,-0.81,1401140000.0,2022-07-01
388.63,398.83,386.62,398.82,2.63,2291090000.0,2022-07-03
400.83,409.13,392.56,395.94,-0.72,0.0,2022-07-04
396.44,398.91,386.55,387.23,-2.2,2438470000.0,2022-07-05
388.04,389.89,380.4,388.91,0.43,2213100000.0,2022-07-06
390.14,395.25,384.86,385.49,-0.88,1697900000.0,2022-07-07
386.09,386.55,378.96,379.88,-1.45,1096260000.0,2022-07-08
379.91,379.91,366.55,366.86,-3.43,2318500000.0,2022-07-11
366.9,373.37,365.49,368.95,0.57,1589360000.0,2022-07-12
369.0,381.37,369.0,381.37,3.37,1959450000.0,2022-07-13
381.56,385.38,379.62,383.13,0.46,2233070000.0,2022-07-14
383.15,385.91,380.17,385.91,20.72,1367250000.0,2022-07-15
386.71,387.12,382.52,385.93,0.01,1220490000.0,2022-07-17
385.97,388.76,383.68,388.76,0.73,1250600000.0,2022-07-18
388.81,394.56,388.56,391.53,0.71,2109960000.0,2022-07-19
391.69,394.05,388.82,392.5,0.25,1526870000.0,2022-07-20
393.08,396.67,390.2,391.64,-0.22,1428510000.0,2022-07-21
391.74,391.74,385.77,386.24,-1.38,1254880000.0,2022-07-22
388.36,398.33,388.36,398.33,3.13,2251690000.0,2022-07-24
398.57,408.0,398.57,407.38,2.27,3978540000.0,2022-07-25
407.51,408.99,397.8,398.39,-2.21,3498370000.0,2022-07-26
398.41,402.93,394.06,402.93,1.14,2842570000.0,2022-07-27
403.32,410.69,401.36,405.62,0.67,0.0,2022-07-28
405.7,411.69,403.65,409.53,0.96,2024520000.0,2022-07-29
409.38,419.2,409.38,419.2,2.37,4327430000.0,2022-07-31
420.75,426.21,417.19,421.14,0.46,4399710000.0,2022-08-01
421.37,423.57,416.33,421.13,0.0,2841220000.0,2022-08-02
421.99,425.63,419.82,420.49,-0.15,3583430000.0,2022-08-03
420.98,421.45,412.26,412.26,-1.96,3350930000.0,2022-08-04
412.86,412.86,404.51,406.45,-1.41,2295300000.0,2022-08-05
406.16,410.43,405.53,409.55,0.76,2297940000.0,2022-08-07
410.92,413.31,405.78,406.11,-0.84,2586650000.0,2022-08-08
406.31,407.47,396.42,397.43,-2.14,2542820000.0,2022-08-09
396.64,399.13,392.48,395.75,-0.42,1846860000.0,2022-08-10
395.96,398.9,391.63,391.67,-1.03,1607740000.0,2022-08-11
391.31,393.09,386.74,386.9,-1.22,1750970000.0,2022-08-14
386.88,398.14,386.16,398.14,2.91,2180770000.0,2022-08-15
399.71,403.26,393.17,394.39,-0.94,2550180000.0,2022-08-16
395.49,397.46,393.32,394.67,0.07,1228910000.0,2022-08-17
395.12,400.74,395.12,400.08,1.37,1891020000.0,2022-08-18
400.4,404.57,397.99,398.58,-0.37,1291940000.0,2022-08-21
398.79,400.03,395.47,397.11,-0.37,1304830000.0,2022-08-22
397.11,398.51,396.28,397.69,0.15,1076250000.0,2022-08-23
398.0,401.99,397.62,398.29,0.15,1401300000.0,2022-08-24
398.33,400.84,394.08,394.51,-0.95,1389160000.0,2022-08-25
394.52,394.52,389.74,391.74,-0.7,1096880000.0,2022-08-26
391.72,391.72,385.09,385.7,-1.54,1869450000.0,2022-08-28
385.61,387.99,383.25,387.46,0.46,1159320000.0,2022-08-29
387.66,391.43,386.26,388.95,0.38,978846000.0,2022-08-30
388.36,388.73,383.29,384.59,-1.12,975986000.0,2022-08-31
384.45,385.37,380.11,383.93,-0.17,1212250000.0,2022-09-01
383.13,385.76,381.59,383.2,-0.19,650863000.0,2022-09-02
383.2,386.54,382.3,383.77,0.15,938859000.0,2022-09-04
383.77,386.17,382.62,382.95,-0.21,815158000.0,2022-09-05
383.17,384.15,378.62,379.08,-1.01,1208790000.0,2022-09-06
379.15,380.4,375.92,377.38,-0.45,760270000.0,2022-09-07
377.46,379.13,374.64,376.84,-0.14,996891000.0,2022-09-08
376.88,378.86,374.55,374.73,-0.56,677231000.0,2022-09-11
374.84,376.21,371.57,372.34,-0.64,746203000.0,2022-09-12
372.34,377.61,372.34,376.17,1.03,832934000.0,2022-09-13
376.33,386.02,376.33,385.36,2.44,1360280000.0,2022-09-14
385.42,387.16,373.21,374.13,-2.91,2027270000.0,2022-09-15
373.4,373.4,367.04,371.9,-0.59,848450000.0,2022-09-16
371.99,372.43,365.36,365.86,-1.62,1316740000.0,2022-09-18
365.83,366.26,358.26,358.87,-1.91,1194480000.0,2022-09-20
358.87,363.6,358.84,360.88,0.56,696503000.0,2022-09-21
360.88,362.88,359.21,359.43,-0.4,566686000.0,2022-09-22
359.3,359.43,354.8,355.6,-1.06,1028020000.0,2022-09-25
355.61,361.2,355.51,358.14,0.71,600657000.0,2022-09-27
358.2,361.28,358.2,359.59,0.4,402608000.0,2022-09-28
359.52,363.48,359.11,363.42,1.07,533987000.0,2022-09-29
363.76,372.21,363.76,372.21,2.42,611380000.0,2022-10-09
372.25,374.43,365.71,366.84,-1.44,720971000.0,2022-10-10
366.74,367.16,362.71,363.63,-0.88,524291000.0,2022-10-11
363.63,367.12,362.39,366.19,0.7,671859000.0,2022-10-12
366.23,368.86,364.86,367.14,0.26,758098000.0,2022-10-13
367.49,368.61,363.6,365.42,-0.47,755695000.0,2022-10-16
365.44,366.79,364.64,365.62,0.05,477656000.0,2022-10-17
365.74,367.15,362.48,362.96,-0.73,620659000.0,2022-10-19
363.07,364.31,361.05,363.05,0.02,441747000.0,2022-10-20
363.24,365.93,363.24,365.93,0.79,481455000.0,2022-10-23
366.76,370.86,366.01,370.86,1.35,644513000.0,2022-10-31
370.89,382.15,370.45,382.14,3.04,1200620000.0,2022-11-01
382.36,387.24,378.88,382.94,0.21,1326810000.0,2022-11-02
382.94,384.02,378.99,379.43,-0.92,804851000.0,2022-11-03
379.84,387.53,379.68,387.52,2.13,1255690000.0,2022-11-06
387.67,390.97,384.71,385.33,-0.57,1696800000.0,2022-11-07
385.42,386.83,383.35,384.21,-0.29,842348000.0,2022-11-08
384.25,385.54,375.94,376.53,-2.0,1185610000.0,2022-11-09
376.79,378.65,371.59,372.37,-1.11,960812000.0,2022-11-10
372.29,374.15,369.86,370.53,-0.49,272081603.4,2022-11-13
370.52,375.36,369.69,375.04,1.22,400579268.9,2022-11-14
375.05,377.99,373.25,373.72,-0.36,403748998.0,2022-11-15
373.62,377.3,373.59,376.57,0.77,336690598.7,2022-11-16
376.48,381.61,376.42,381.06,1.19,747784748.1,2022-11-17
382.3,386.18,378.87,379.6,-0.38,560203998.3,2022-11-22
379.95,381.04,376.25,377.9,-0.45,371819345.0,2022-11-23
378.04,380.93,377.29,380.92,0.8,435265406.3,2022-11-24
382.98,386.27,380.97,386.26,1.4,997686565.6,2022-11-27
386.91,388.36,381.89,382.61,-0.95,640631449.9,2022-11-28
382.62,383.9,378.81,382.69,0.02,358752202.1,2022-11-29
382.79,383.5,381.2,381.84,-0.22,275602216.8,2022-11-30
382.92,385.42,380.66,383.66,0.48,416497819.0,2022-12-01
383.68,386.63,383.47,384.83,0.3,539355618.1,2022-12-04
385.23,385.23,379.33,379.64,-1.35,721518871.1,2022-12-05
379.49,379.99,376.11,378.08,-0.41,424533064.4,2022-12-06
378.44,378.63,373.53,373.64,-1.17,361247589.2,2022-12-07
373.1,374.11,367.3,367.36,-1.68,410368087.4,2022-12-11
367.14,372.94,364.1,372.93,1.52,437224998.1,2022-12-12
371.89,372.28,368.77,371.3,-0.44,335489167.1,2022-12-13
371.31,373.01,369.03,370.19,-0.3,269648398.7,2022-12-14
370.28,370.59,367.53,368.04,-0.58,336522106.7,2022-12-15
368.36,368.36,362.01,362.82,-1.42,465000760.3,2022-12-18
362.83,365.0,361.89,363.97,0.32,354407280.4,2022-12-19
364.24,368.5,363.92,366.65,0.74,394783220.3,2022-12-20
366.16,369.38,365.05,365.34,-0.36,419997712.5,2022-12-21
363.74,367.07,360.9,367.06,0.47,539333422.7,2022-12-22
366.76,375.45,365.39,375.44,2.28,963956685.3,2022-12-26
376.76,388.8,376.76,386.04,2.82,1392066295.5,2022-12-27
388.1,388.1,380.96,381.32,-1.22,753605766.5,2022-12-28
381.62,391.54,380.31,391.31,2.62,1175897215.0,2022-12-29
393.27,401.29,391.01,394.02,0.69,1513559135.5,2023-01-01
392.99,396.66,390.08,394.89,0.22,1084669853.3,2023-01-02
395.61,398.73,392.75,394.62,-0.1,1449649204.9,2023-01-03
396.27,408.72,396.27,408.72,3.57,1373368395.1,2023-01-04
410.5,416.57,407.18,411.23,0.61,2137587611.2,2023-01-05
412.35,415.98,407.67,411.23,0.0,1920397600.2,2023-01-08
412.8,419.91,409.63,419.91,2.11,2031104348.9,2023-01-09
421.0,436.42,417.71,419.14,-0.18,3016683635.8,2023-01-10
421.73,428.1,410.63,411.25,-1.88,2018482266.5,2023-01-12
412.04,416.63,409.03,415.83,1.11,1360122938.1,2023-01-17
416.39,421.48,412.84,413.9,-0.46,1840326476.7,2023-01-18
414.05,418.1,411.9,415.05,0.28,1088814448.7,2023-01-19
415.76,419.84,412.74,413.01,-0.49,1372034099.9,2023-01-23
413.05,415.54,408.53,415.54,0.61,1056668409.2,2023-01-24
415.62,418.25,413.6,414.24,-0.31,962007120.1,2023-01-25
415.35,417.27,412.1,413.14,-0.27,749109899.3,2023-01-26
414.15,414.74,409.62,410.31,-0.69,827038481.6,2023-01-29
410.48,411.16,402.75,402.98,-1.79,1034815873.33,2023-01-30
403.91,404.35,399.77,400.62,-0.58,907977986.4,2023-01-31
399.81,403.19,399.59,401.17,0.14,560184804.5,2023-02-01
402.17,403.36,397.95,398.37,-0.7,634651662.3,2023-02-02
398.37,403.38,398.37,400.26,0.47,657432350.2,2023-02-05
400.43,402.16,398.89,402.15,0.47,507101305.2,2023-02-06
402.16,414.88,402.09,414.87,3.16,1193144360.4,2023-02-07
415.11,421.33,412.33,414.0,-0.21,1250453354.0,2023-02-08
414.44,416.05,411.21,415.42,0.34,692361699.0,2023-02-09
414.59,414.59,403.96,404.43,-2.64,1090417643.0,2023-02-12
404.43,405.23,400.89,401.69,-0.68,635438898.7,2023-02-14
401.61,403.79,399.45,400.14,-0.39,604449859.7,2023-02-15
400.13,401.36,395.66,396.44,-0.92,569134808.7,2023-02-16
396.03,396.03,390.2,391.53,-1.24,743879344.9,2023-02-20
391.67,396.98,390.45,396.34,1.23,657637483.5,2023-02-22
395.69,395.69,382.99,384.36,-3.02,1025071050.7,2023-02-23
383.98,384.9,372.89,383.85,-0.13,917692054.5,2023-02-26
384.79,387.85,377.86,383.01,-0.22,705324203.6,2023-02-27
383.05,385.53,381.57,381.94,-0.28,457667091.8,2023-02-28
381.98,383.19,378.12,378.38,-0.93,380677038.2,2023-03-01
378.39,379.02,373.56,373.56,-1.27,467366264.7,2023-03-02
373.46,375.71,367.97,368.7,-1.3,487747331.2,2023-03-05
368.7,373.3,368.36,370.24,0.42,423032002.8,2023-03-07
370.58,379.51,370.58,379.5,2.5,532237945.2,2023-03-09
380.85,382.89,373.46,373.95,-1.46,551341127.9,2023-03-12
374.92,374.92,367.76,368.49,-1.46,508099321.9,2023-03-13
368.07,371.3,366.55,368.32,-0.05,462690931.1,2023-03-14
368.68,369.08,363.28,365.29,-0.82,507597908.1,2023-03-15
365.3,366.44,362.36,364.78,-0.14,382310250.4,2023-03-16
364.67,366.05,362.6,363.26,-0.42,375646113.5,2023-03-19
363.29,366.76,363.29,366.21,0.81,418013655.2,2023-03-20
366.82,368.87,363.57,363.91,-0.63,447470518.1,2023-03-22
363.75,364.3,358.55,361.01,-0.8,656232572.8,2023-03-23
360.87,360.87,354.81,355.99,-1.39,522704431.7,2023-03-26
354.8,359.03,351.8,358.03,0.57,482160708.5,2023-03-27
359.04,364.51,358.84,360.52,0.7,532193884.1,2023-03-28
360.64,361.53,357.9,361.14,0.17,315561643.2,2023-03-29
361.23,363.97,358.79,359.48,-0.46,301492300.4,2023-03-30
360.12,364.07,354.8,355.75,-1.04,301492300.4,2023-04-02
355.76,357.36,351.72,352.71,-0.86,356983795.7,2023-04-03
353.13,354.39,349.73,351.97,-0.21,334127707.6,2023-04-04
352.01,354.74,350.36,353.95,0.56,266399642.6,2023-04-05
353.95,356.81,352.43,353.03,-0.26,320609248.1,2023-04-06
353.37,353.68,347.71,348.79,-1.2,405377361.1,2023-04-09
348.94,351.18,347.66,349.66,0.25,329694501.3,2023-04-10
349.54,355.46,349.54,355.45,1.66,316175468.9,2023-04-11
355.72,373.71,355.72,373.71,5.14,743937258.2,2023-04-12
375.25,377.32,366.9,367.98,-1.53,619387915.1,2023-04-13
367.99,370.7,365.09,367.73,-0.07,347203218.7,2023-04-16
367.81,369.48,362.38,362.87,-1.32,381506077.4,2023-04-17
362.87,364.17,360.4,363.04,0.05,278346255.1,2023-04-18
363.11,366.79,362.99,365.9,0.79,265035776.2,2023-04-19
366.11,368.15,362.51,363.12,-0.76,401227411.6,2023-04-20
363.39,364.29,358.17,359.14,-1.1,308962716.2,2023-04-23
359.17,360.57,357.27,359.37,0.07,226007014.8,2023-04-24
359.02,363.66,358.62,363.65,1.19,252880525.1,2023-04-25
364.36,365.65,360.95,361.55,-0.58,302748296.0,2023-04-26
361.91,362.87,359.03,361.09,-0.13,241152042.4,2023-04-27
361.13,361.42,357.86,358.14,-0.82,330907200.3,2023-04-30
358.29,359.69,356.0,357.02,-0.31,260722542.3,2023-05-02
357.12,357.57,355.01,355.83,-0.33,220980150.2,2023-05-03
355.84,358.66,353.81,357.91,0.58,250622301.1,2023-05-04
358.23,358.73,354.61,354.78,-0.88,208379341.5,2023-05-07
354.9,356.01,350.97,352.37,-0.68,274378288.1,2023-05-08
352.38,356.63,351.82,354.25,0.53,235728415.1,2023-05-09
354.62,356.08,352.72,353.8,-0.13,216799600.8,2023-05-10
353.47,353.77,351.9,353.09,-0.2,211694882.7,2023-05-11
353.64,354.52,348.77,349.58,-1.0,345593783.6,2023-05-14
349.56,350.75,347.31,349.01,-0.16,264350310.8,2023-05-15
349.01,350.55,347.45,348.94,-0.02,259484670.3,2023-05-16
348.94,353.84,348.75,352.94,1.15,339716628.3,2023-05-17
353.77,359.54,352.73,358.18,1.48,553039023.3,2023-05-18
358.11,362.66,357.65,358.33,0.04,509896680.3,2023-05-21
358.41,360.71,355.51,358.88,0.15,390683651.2,2023-05-22
358.89,367.73,358.87,367.72,2.46,761926667.5,2023-05-23
367.88,372.58,365.62,371.31,0.97,601171967.0,2023-05-24
371.56,377.11,369.01,369.42,-0.51,905626240.5,2023-05-28
370.43,370.43,359.97,360.71,-2.36,733139823.0,2023-05-30
360.42,360.75,352.37,353.43,-2.02,624330441.9,2023-05-31
353.96,358.11,351.17,355.62,0.62,471542793.9,2023-06-01
355.62,366.63,355.38,365.11,2.67,580496352.0,2023-06-04
365.96,368.73,361.87,362.22,-0.79,663006829.6,2023-06-05
362.21,365.27,360.75,365.09,0.79,667872732.5,2023-06-06
365.26,369.61,364.98,365.47,0.1,724314629.6,2023-06-07
364.97,367.08,363.42,364.42,-0.29,623303118.1,2023-06-08
364.74,371.86,364.74,370.52,1.67,1087702795.5,2023-06-11
370.85,375.44,370.63,373.35,0.76,1031399279.2,2023-06-12
375.83,381.81,373.03,379.87,1.75,1355555437.2,2023-06-13
379.08,390.77,379.08,383.69,1.01,1780525136.0,2023-06-14
383.83,386.64,379.91,383.39,-0.08,921243946.4,2023-06-15
384.12,390.57,382.4,390.56,1.87,1375813237.8,2023-06-18
391.14,394.41,389.65,392.38,0.47,1481459200.6,2023-06-19
393.08,397.71,386.88,388.02,-1.11,1355840899.9,2023-06-20
388.83,391.6,385.1,386.11,-0.52,1187772899.0,2023-06-21
386.85,390.35,383.81,385.81,-0.08,1104380054.5,2023-06-22
385.66,396.62,384.9,395.45,2.5,1963254007.8,2023-06-25
395.87,403.79,395.87,399.11,0.93,1812414722.7,2023-06-26
400.18,412.51,399.89,412.51,3.36,2186375586.2,2023-06-27
413.81,416.79,402.06,402.75,-2.37,1755923571.7,2023-06-28
403.02,404.84,390.11,390.52,-3.04,1482774641.0,2023-07-02
389.96,393.75,385.5,386.35,-1.07,1137321356.5,2023-07-03
386.02,391.24,384.86,388.62,0.59,717536693.3,2023-07-04
389.76,390.95,382.26,382.74,-1.52,943433467.2,2023-07-05
382.93,385.08,380.31,382.16,-0.15,894702368.3,2023-07-06
381.74,389.04,381.63,388.51,1.66,936316968.5,2023-07-09
389.87,393.04,386.93,388.62,0.03,1296184571.8,2023-07-10
388.93,391.09,387.24,388.86,0.06,1002658609.8,2023-07-11
388.87,393.4,388.87,392.15,0.84,1005468969.3,2023-07-12
391.83,397.91,390.37,391.25,-0.23,1186282521.7,2023-07-13
391.28,394.9,390.63,394.15,0.74,604521026.1,2023-07-16
394.23,404.1,392.87,404.1,2.52,956496032.3,2023-07-17
404.73,409.77,404.43,407.13,0.75,1378891701.0,2023-07-18
407.56,412.24,404.89,410.46,0.82,1212794819.7,2023-07-19
410.75,414.56,408.72,410.52,0.01,1092096997.9,2023-07-20
410.59,424.94,410.59,424.93,3.51,1725383247.5,2023-07-23
424.4,428.13,417.48,418.79,-1.44,0.0,2023-07-24
420.0,420.31,410.95,410.94,-1.87,1183511761.3,2023-07-25
412.65,415.89,408.81,409.11,-0.5,841867469.8,2023-07-26
408.71,411.37,403.65,403.84,-1.28,827188499.8,2023-07-27
404.09,407.15,397.65,399.66,-1.03,926998435.2,2023-07-30
399.4,405.21,398.37,401.85,0.54,681432708.8,2023-07-31
401.62,405.67,395.18,396.72,-1.27,662890073.0,2023-08-01
396.92,398.89,394.68,398.28,0.39,515439829.7,2023-08-02
397.84,403.12,397.84,399.54,0.31,623908967.8,2023-08-03
401.0,402.68,390.04,392.02,-1.88,1078090407.4,2023-08-06
392.16,395.08,387.68,390.43,-0.4,693612529.4,2023-08-07
390.36,391.79,384.57,385.56,-1.24,558202735.0,2023-08-08
385.63,393.35,382.01,393.05,1.94,536468020.9,2023-08-09
391.97,397.47,390.41,394.15,0.28,734861143.9,2023-08-10
393.23,399.75,393.23,398.07,0.99,816835109.8,2023-08-13
398.29,401.95,397.66,398.13,0.01,759405775.3,2023-08-14
397.67,398.22,390.96,391.84,-1.57,781673261.8,2023-08-15
390.17,390.17,383.89,386.3,-1.41,606924198.5,2023-08-16
386.68,390.11,386.49,387.38,0.28,575821645.8,2023-08-17
387.39,389.01,383.82,384.12,-0.84,548232256.0,2023-08-20
384.12,386.54,381.47,382.62,-0.39,486670697.7,2023-08-21
382.76,385.98,381.34,385.98,0.87,326295559.1,2023-08-22
385.97,391.23,385.96,390.28,1.11,471785320.9,2023-08-23
389.92,392.01,384.43,385.56,-1.21,534329512.1,2023-08-24
385.78,386.93,381.59,382.11,-0.89,411849447.4,2023-08-27
382.11,385.14,381.6,383.56,0.38,303816463.9,2023-08-28
383.35,384.2,381.02,382.85,-0.18,280557362.6,2023-08-29
383.14,384.94,380.7,381.71,-0.29,476789650.0,2023-08-30
381.85,381.95,376.54,376.62,-1.33,383420842.8,2023-09-03
376.68,380.36,374.34,377.71,0.28,327467437.7,2023-09-04
377.26,379.78,375.95,377.24,-0.12,211405173.5,2023-09-05
377.29,377.29,371.01,371.58,-1.49,400384908.3,2023-09-07
371.58,375.13,371.41,373.9,0.62,350530493.0,2023-09-10
374.16,382.18,374.16,381.64,2.06,570703342.9,2023-09-11
381.62,384.49,378.61,379.14,-0.65,381921203.7,2023-09-12
378.96,386.81,378.96,386.81,2.02,582189009.0,2023-09-13
386.8,386.81,378.02,378.68,-2.1,834662630.0,2023-09-17
378.89,380.38,376.38,378.73,0.01,258778475.2,2023-09-18
379.05,381.88,377.46,381.17,0.64,326221732.9,2023-09-19
381.9,390.77,381.9,388.72,1.98,1045433139.5,2023-09-21
388.99,390.12,384.62,385.62,-0.79,782345073.1,2023-09-24
386.03,387.09,383.09,383.67,-0.5,406808067.0,2023-09-25
384.66,389.0,384.46,386.24,0.66,597547077.9,2023-09-26
386.27,387.17,381.39,382.94,-0.85,512089823.1,2023-09-27
382.98,383.06,376.43,377.39,-1.44,524446893.7,2023-10-01
377.2,379.36,374.66,378.06,0.17,643725365.4,2023-10-02
378.92,378.92,373.57,374.39,-0.97,378465386.2,2023-10-03
374.51,377.75,374.0,374.9,0.13,347470909.8,2023-10-04
374.8,376.06,373.03,373.37,-0.4,336228125.0,2023-10-05
374.69,374.82,367.32,367.57,-1.55,508083385.83,2023-10-08
367.58,368.33,364.13,364.74,-0.77,340318218.6,2023-10-09
364.82,366.67,360.84,361.31,-0.94,347725135.7,2023-10-10
361.55,364.4,360.84,362.08,0.21,290702653.7,2023-10-11
361.87,363.09,358.08,359.13,-0.81,491100441.0,2023-10-12
359.11,359.91,355.16,355.74,-0.94,294635190.0,2023-10-16
355.73,361.44,355.73,358.83,0.86,267731025.4,2023-10-17
358.83,367.15,358.83,366.97,2.27,240917334.7,2023-10-18
367.2,368.89,364.1,367.11,0.03,246736720.4,2023-10-19
367.13,368.06,360.49,361.94,-1.4,179704922.2,2023-10-29
362.38,363.13,358.86,363.13,0.32,173358644.1,2023-10-30
363.12,364.14,360.15,360.78,-0.64,134046667.4,2023-10-31
360.78,362.56,358.87,359.95,-0.23,161885190.2,2023-11-01
359.94,360.34,356.99,357.76,-0.6,209398596.1,2023-11-02
357.54,357.58,351.53,352.39,-1.49,309808951.5,2023-11-05
352.63,357.46,352.27,355.73,0.94,294053391.7,2023-11-06
355.91,358.8,355.91,358.19,0.69,272306009.4,2023-11-07
357.92,359.79,356.27,358.4,0.05,144582106.6,2023-11-08
358.86,359.01,355.74,357.04,-0.38,218255330.3,2023-11-09
357.42,360.45,355.27,356.54,-0.14,358226300.1,2023-11-20
356.56,356.85,350.51,352.05,-1.25,297616134.6,2023-11-21
352.04,354.21,349.85,354.21,0.61,219989732.6,2023-11-22
354.21,356.98,351.75,356.98,0.78,267640228.5,2023-11-23
356.95,364.81,356.24,364.81,2.19,440927360.7,2023-11-26
364.81,368.84,361.55,362.69,-0.58,337223863.9,2023-11-27
362.7,364.36,361.23,361.85,-0.23,298148553.4,2023-11-28
361.85,363.4,358.19,358.89,-0.81,205931438.6,2023-11-29
358.45,358.98,354.68,356.08,-0.78,295699093.0,2023-11-30
356.11,357.3,352.44,354.43,-0.46,231693844.7,2023-12-03
354.18,355.43,352.66,353.21,-0.34,276750521.0,2023-12-04
353.47,355.31,350.27,351.07,-0.6,218745083.6,2023-12-05
351.07,351.5,348.99,350.7,-0.1,228266637.13,2023-12-06
350.7,353.79,349.42,352.28,0.45,279316626.4,2023-12-07
352.98,372.39,352.98,373.75,6.09,91515155.9,2023-12-10
378.31,378.31,366.6,369.41,-1.16,971040251.9,2023-12-11
369.62,375.29,368.63,374.36,1.33,874032703.6,2023-12-12
374.79,380.33,373.71,375.3,0.25,767366079.95,2023-12-13
375.28,376.51,373.67,376.36,0.28,579372728.6,2023-12-14
375.62,381.07,369.35,381.07,1.24,996519961.1,2023-12-17
381.5,392.57,381.5,390.63,2.51,1757161864.9,2023-12-18
391.03,397.69,389.27,397.69,1.8,1313281284.2,2023-12-19
398.58,404.52,397.96,402.63,1.24,1658315432.4,2023-12-20
403.63,405.95,396.28,396.62,-1.49,1490543236.3,2023-12-21
398.23,400.64,391.2,391.33,-1.33,1337609167.6,2023-12-24
391.01,395.2,383.62,387.07,-1.08,888177266.5,2023-12-27
387.36,388.97,384.52,385.44,-0.42,785777389.2,2023-12-28
385.8,390.47,384.18,385.07,-0.09,761528771.8,2024-01-01
384.87,385.49,379.66,380.53,-1.18,699916998.0,2024-01-02
380.87,384.29,379.07,384.29,0.98,634485256.7,2024-01-03
383.36,385.28,379.16,379.16,-1.33,807827743.9,2024-01-04
379.24,380.0,372.69,373.0,-1.62,1022653314.4,2024-01-07
373.35,377.76,373.19,377.28,1.14,800432819.8,2024-01-08
378.01,384.4,378.01,382.92,1.49,1340162332.8,2024-01-09
383.42,390.77,383.42,386.33,0.88,1223075122.0,2024-01-10
386.43,388.41,383.19,384.14,-0.56,844741790.4,2024-01-11
384.24,389.1,384.24,388.17,1.04,1120452160.6,2024-01-14
388.39,397.43,388.39,397.43,2.38,1821283572.9,2024-01-16
398.74,405.85,393.78,396.31,-0.28,2433229436.7,2024-01-17
395.33,395.49,390.86,393.62,-0.67,1567122459.0,2024-01-18
392.64,392.64,385.09,386.2,-1.88,1963198833.6,2024-01-21
385.97,387.44,380.3,381.36,-1.25,1598770416.0,2024-01-22
381.49,383.98,380.03,381.17,-0.05,1008840183.0,2024-01-23
380.91,385.93,379.67,380.43,-0.19,925053691.0,2024-01-24
380.76,381.5,377.9,379.46,-0.25,920898694.7,2024-01-25
379.48,381.08,377.89,380.2,0.19,1041136206.66,2024-01-28
380.79,384.56,380.47,381.06,0.22,1027737076.6,2024-01-29
381.01,384.25,381.01,381.71,0.17,1254865383.5,2024-01-30
381.47,384.35,376.8,378.63,-0.8,1101235920.2,2024-01-31
378.63,379.0,373.13,373.93,-1.24,861506529.6,2024-02-01
373.82,374.94,371.02,373.32,-0.16,703666792.1,2024-02-04
373.87,379.31,373.29,379.28,1.59,634820904.5,2024-02-05
378.19,378.84,375.22,377.83,-0.38,507020735.9,2024-02-06
380.43,381.7,377.38,377.95,0.03,571509932.2,2024-02-07
378.66,378.77,376.25,378.64,0.17,624726834.8,2024-02-08
378.67,380.26,374.63,374.75,-1.02,721000536.6,2024-02-11
374.88,376.47,373.31,375.99,0.33,661580164.1,2024-02-12
375.96,375.96,369.42,369.99,-1.59,773658513.3,2024-02-13
369.56,373.53,369.54,372.27,0.61,917208130.4,2024-02-14
371.72,372.18,367.58,368.56,-0.99,744388921.5,2024-02-15
368.47,368.99,364.4,365.2,-0.91,730667238.6,2024-02-18
364.97,367.48,363.75,364.32,-0.24,549583835.5,2024-02-20
364.57,367.39,362.03,363.07,-0.34,476350367.1,2024-02-21
363.88,364.25,359.22,359.57,-0.96,628658123.8,2024-02-22
359.61,360.87,353.83,353.83,-1.59,682066418.4,2024-02-25
354.11,357.44,353.05,355.97,0.6,385567776.1,2024-02-26
356.07,358.17,354.29,357.09,0.31,372772568.3,2024-02-27
357.09,358.29,355.07,356.45,-0.17,355533891.7,2024-02-28
356.17,358.36,351.19,351.65,-1.34,522598669.3,2024-02-29
351.68,352.05,347.91,349.73,-0.54,405265753.7,2024-03-03
352.09,369.27,352.09,369.27,5.58,61107878.5,2024-03-04
372.27,372.27,356.97,357.3,-3.24,714478619.6,2024-03-05
357.28,362.01,354.68,358.37,0.29,540404699.8,2024-03-06
359.43,363.69,359.41,360.27,0.53,363750986.4,2024-03-07
360.92,365.84,360.92,364.53,1.18,485600029.3,2024-03-10
366.95,375.13,366.95,375.13,2.9,867645849.4,2024-03-12
378.61,378.61,371.92,374.65,-0.12,822905721.1,2024-03-13
374.75,374.96,368.66,369.81,-1.29,574729614.4,2024-03-14
369.79,370.65,367.26,368.25,-0.42,559203420.7,2024-03-17
369.16,369.86,366.45,369.56,0.35,541253471.9,2024-03-18
369.6,372.47,367.58,368.39,-0.31,714922631.9,2024-03-19
369.15,371.75,367.12,368.03,-0.09,897849794.7,2024-03-20
368.0,370.49,364.69,365.42,-0.71,577331290.3,2024-03-21
365.41,363.0,360.51,360.77,-1.27,474450526.8,2024-03-25
360.68,362.72,360.35,361.63,0.23,453415717.6,2024-03-26
361.55,363.29,359.03,359.46,-0.6,379526524.0,2024-03-27
360.2,360.62,358.1,359.09,-0.1,417204799.5,2024-03-28
358.96,361.9,356.18,356.58,-0.7,446632280.3,2024-03-31
356.52,357.38,355.05,355.66,-0.25,411179799.3,2024-04-01
356.11,357.41,355.21,356.2,0.15,410617617.0,2024-04-02
356.43,357.93,354.37,355.77,-0.12,467683289.3,2024-04-03
355.76,357.05,355.05,355.42,-0.09,654474146.1,2024-04-04
356.96,359.4,354.71,359.4,1.11,766638012.7,2024-04-07
361.35,364.16,359.35,360.15,0.21,892304674.4,2024-04-09
360.37,362.25,356.83,358.19,-0.54,726577081.3,2024-04-10
358.17,359.67,356.71,358.2,0.0,884952759.1,2024-04-14
357.95,359.27,354.97,355.78,-0.67,822557363.8,2024-04-15
354.75,355.82,352.84,353.51,-0.63,476498577.9,2024-04-16
353.58,354.08,349.95,350.47,-0.86,446319552.1,2024-04-18
351.39,351.39,346.3,350.75,0.08,474097219.7,2024-04-21
350.83,352.34,347.56,347.95,-0.8,405376488.0,2024-04-22
347.94,349.99,347.09,348.55,0.17,593729753.6,2024-04-24
348.95,350.08,347.23,348.18,-0.1,594979990.5,2024-04-25
348.33,350.8,347.3,350.8,0.75,727894653.5,2024-04-28
352.73,352.74,350.26,351.95,0.32,894865209.4,2024-04-29
354.63,359.68,352.25,357.54,1.58,1656529656.1,2024-04-30
361.81,362.42,355.35,356.05,-0.41,1344482390.5,2024-05-02
355.76,355.83,350.05,351.18,-1.36,1304046261.85,2024-05-05
352.08,352.33,347.21,347.8,-0.96,786188662.4,2024-05-06
347.83,350.74,347.67,349.58,0.51,731123580.0,2024-05-07
349.62,350.9,347.76,349.4,-0.04,854106462.55,2024-05-08
349.94,351.9,348.45,350.6,0.34,1127899590.2,2024-05-09
352.29,353.05,349.38,350.82,0.06,900574624.4,2024-05-12
351.87,357.62,350.65,356.65,1.66,818711735.1,2024-05-13
357.65,360.26,356.51,360.26,1.01,1246516270.7,2024-05-14
361.01,363.59,357.51,358.09,-0.6,992769874.9,2024-05-15
361.03,361.18,356.59,358.37,0.07,1114101010.7,2024-05-16
363.17,367.61,360.36,366.76,2.34,1362465183.1,2024-05-19
367.49,379.41,367.49,374.07,1.99,1818718245.9,2024-05-20
375.36,378.57,372.2,377.6,0.94,1628140547.9,2024-05-21
378.56,384.79,375.35,382.67,1.34,2002552625.8,2024-05-22
383.39,384.42,378.12,379.23,-0.89,1389814650.3,2024-05-26
380.06,381.0,376.47,378.92,-0.08,1048674269.3,2024-05-27
383.63,388.37,373.23,374.09,-1.27,1307795748.0,2024-05-29
374.15,377.29,370.17,370.19,-1.04,1158095076.8,2024-05-30
370.33,373.55,369.29,371.65,0.39,1073305615.4,2024-06-02
372.27,374.35,368.65,370.06,-0.42,946509681.7,2024-06-03
371.88,373.36,370.38,372.02,0.52,1140850686.3,2024-06-04
372.72,374.0,369.78,371.61,-0.11,1163916959.94,2024-06-05
371.54,373.44,369.78,370.34,-0.34,1235758987.3,2024-06-06
374.39,374.4,367.4,368.18,-0.58,1179013041.8,2024-06-09
372.45,372.72,367.56,369.05,0.23,1262514328.5,2024-06-10
373.85,374.16,369.08,373.23,1.13,1296546227.7,2024-06-11
373.81,377.76,373.78,374.91,0.44,1227835049.9,2024-06-12
375.13,376.41,372.77,374.18,-0.19,1618325898.9,2024-06-13
374.22,375.44,370.11,370.93,-0.86,1284794499.4,2024-06-16
370.98,370.98,366.7,367.2,-1.0,1012352800.3,2024-06-18
367.7,369.41,366.81,367.75,0.14,816732195.84,2024-06-19
372.32,372.32,364.09,365.05,-0.73,913153242.6,2024-06-20
365.09,368.17,362.84,364.42,-0.17,1132788469.1,2024-06-23
364.45,367.29,363.27,364.81,0.1,1675693959.4,2024-06-24
365.16,366.5,364.63,365.02,0.05,1127519828.2,2024-06-25
366.32,367.16,361.77,362.74,-0.62,1014393652.2,2024-06-26
362.72,362.95,360.12,361.18,-0.43,819164696.22,2024-06-27
360.99,364.7,358.6,358.75,-0.67,934216344.3,2024-06-30
358.79,361.77,357.86,361.77,0.84,724011453.1,2024-07-01
367.65,380.97,367.65,370.71,2.47,1133747905.3,2024-07-02
370.68,372.85,366.35,372.85,0.57,1619396201.9,2024-07-03
374.12,378.26,372.87,374.7,0.49,1987741899.0,2024-07-04
375.54,379.39,374.8,378.22,0.93,1589600106.7,2024-07-07
378.59,380.07,376.31,377.45,-0.2,1291965150.4,2024-07-08
378.55,381.13,376.65,380.96,0.92,1740424863.7,2024-07-09
383.46,385.92,383.04,385.75,1.26,1688512422.7,2024-07-10
388.94,391.86,387.75,391.66,1.53,1693630372.5,2024-07-11
397.99,406.91,395.55,401.25,2.44,2163212851.2,2024-07-14
404.84,405.78,395.9,397.18,-1.01,2551258609.7,2024-07-15
397.69,409.71,395.7,409.51,3.1,2640764550.4,2024-07-16
413.81,419.85,409.99,419.77,2.5,3544278842.1,2024-07-17
421.68,441.87,418.79,436.14,3.9,4917269126.5,2024-07-18
437.59,451.6,433.7,449.68,3.1,4870673684.3,2024-07-21
450.85,454.37,440.51,448.79,-0.19,4272657906.4,2024-07-22
451.4,459.53,443.69,459.19,2.31,4340216444.9,2024-07-23
461.29,464.98,449.43,452.93,-1.36,4738335051.3,2024-07-24
454.45,460.28,449.91,460.03,1.56,4366975647.2,2024-07-25
467.85,490.41,467.84,486.84,5.82,5429684248.1,2024-07-28
492.65,501.38,481.27,482.15,-0.96,6564666540.5,2024-07-29
483.56,488.26,470.22,485.38,0.67,5494547426.5,2024-07-30
487.7,500.88,487.47,496.03,2.19,6711607425.53,2024-07-31
498.78,502.25,490.69,492.75,-0.66,6124029982.0,2024-08-01
495.29,496.55,485.78,491.78,-0.19,6438880253.3,2024-08-05
492.21,492.86,463.15,464.56,-5.53,6757646888.7,2024-08-06
463.34,483.69,459.39,483.46,4.06,5204157214.8,2024-08-07
484.68,492.47,480.24,483.68,0.04,5388131253.3,2024-08-08
486.2,502.01,485.72,501.91,3.76,6541799212.5,2024-08-11
505.93,515.64,505.91,512.47,2.1,7366759977.6,2024-08-12
515.87,520.4,506.28,511.15,-0.25,5633605088.2,2024-08-13
512.74,519.98,505.37,519.49,1.63,6998532555.6,2024-08-14
525.04,541.33,524.17,535.51,3.08,9790740268.1,2024-08-15
538.39,546.25,525.24,528.85,-1.24,9150536650.8,2024-08-18
531.68,534.48,522.35,530.11,0.23,6184893175.6,2024-08-21
530.68,542.12,530.09,533.86,0.7,7717487491.3,2024-08-22
536.21,537.11,517.54,519.34,-2.72,9224573061.5,2024-08-25
520.93,521.65,495.18,496.47,-4.4,8651280704.5,2024-08-27
498.5,511.22,494.32,498.15,0.33,6409218041.7,2024-08-28
498.92,501.08,486.88,489.79,-1.67,5488929962.0,2024-08-29
490.01,495.12,478.76,480.88,-1.81,4366696454.8,2024-09-01
480.55,504.15,477.61,503.83,4.77,5615010983.2,2024-09-02
505.23,510.64,500.43,504.89,0.21,6118283539.4,2024-09-03
511.72,511.82,487.6,488.71,-3.23,5696621729.9,2024-09-04
488.85,492.23,479.27,486.35,-0.48,4010167366.6,2024-09-05
487.95,491.13,479.32,479.72,-1.36,3665602954.65,2024-09-08
479.99,481.18,467.79,469.18,-2.19,3766656783.1,2024-09-09
469.7,477.4,465.28,467.38,-0.38,3045465397.8,2024-09-10
467.63,471.88,462.14,463.07,-0.92,2563916123.5,2024-09-11
466.73,476.51,461.88,476.47,2.89,3118843123.5,2024-09-12
478.17,485.47,467.6,468.65,-1.64,4051635649.6,2024-09-15
467.42,468.87,458.41,460.11,-1.82,2881758998.29,2024-09-16
460.86,465.45,454.56,459.92,-0.04,2227973276.7,2024-09-18
465.18,472.77,460.14,463.43,0.76,2056274869.4,2024-09-22
468.51,468.51,453.03,454.41,-1.94,2208758867.5,2024-09-23
454.48,457.8,443.91,444.88,-2.09,2588761566.7,2024-09-24
445.26,452.8,439.76,452.8,1.78,2101418099.5,2024-09-25
452.69,456.75,446.2,447.45,-1.17,2221625304.2,2024-09-26
447.57,449.71,440.68,444.89,-0.57,1778821579.9,2024-09-29
445.32,451.37,444.68,451.34,1.44,1377584318.2,2024-09-30
451.71,470.84,451.66,470.81,4.31,3224265046.1,2024-10-01
472.7,474.85,464.72,466.71,-0.87,2708820261.7,2024-10-02
466.8,476.53,464.78,476.46,2.08,2181716646.7,2024-10-06
477.13,486.61,477.13,483.78,1.53,2761957599.95,2024-10-07
484.32,486.34,478.19,480.23,-0.73,1952440019.89,2024-10-08
479.97,481.38,476.37,480.38,0.03,1417815349.04,2024-10-09
480.49,486.53,480.45,486.29,1.23,1056277349.6,2024-10-15
487.34,494.79,486.8,493.98,1.58,2135142398.41,2024-10-16
494.88,501.75,492.65,495.3,0.26,2885562357.87,2024-10-17
492.98,496.67,484.97,487.39,-1.59,3084033541.71,2024-10-20
487.32,487.75,475.96,476.24,-2.28,2129940381.51,2024-10-21
476.12,481.9,474.76,480.71,0.93,1524585527.7,2024-10-22
482.83,485.88,476.24,477.26,-0.71,2703626147.5,2024-10-23
477.49,478.45,471.76,474.26,-0.62,2085702642.5,2024-10-24
474.78,474.78,468.74,469.8,-0.93,1701871074.7,2024-10-27
469.33,474.16,469.33,473.02,0.68,1509943057.4,2024-10-28
473.05,481.56,472.86,481.28,1.76,2038847427.9,2024-10-29
481.76,484.46,477.46,478.82,-0.51,2064249185.1,2024-10-30
479.01,482.5,477.23,477.99,-0.17,1509185635.7,2024-11-05
478.26,479.61,476.22,477.18,-0.16,1491944742.9,2024-11-06
478.2,487.1,477.03,487.1,2.07,3506495792.5,2024-11-10
488.04,495.1,486.43,490.72,0.74,4470268667.8,2024-11-11
492.24,495.91,487.27,488.78,-0.39,2592203330.1,2024-11-12
490.04,490.57,483.19,483.69,-1.04,2309522949.4,2024-11-13
484.8,487.59,482.86,486.03,0.48,3129829787.8,2024-11-14
486.18,491.69,484.93,485.91,-0.02,3732007915.8,2024-11-17
487.2,487.2,477.2,478.16,-1.59,3425420028.67,2024-11-19
478.72,479.24,474.89,478.5,0.07,2208321552.61,2024-11-20
478.63,481.44,472.58,472.97,-1.15,2504095910.62,2024-11-21
475.32,476.46,470.0,471.2,-0.37,2617305692.5,2024-11-24
474.79,476.46,469.38,473.06,0.39,2275232859.1,2024-11-25
477.43,479.23,472.89,477.57,0.95,2360579850.5,2024-11-26
478.29,481.87,477.84,480.89,0.69,2439250972.66,2024-11-27
480.74,482.81,476.98,477.5,-0.7,2883031073.1,2024-11-28
480.31,480.31,470.33,473.3,-0.88,3182726545.62,2024-12-01
477.49,477.78,470.48,471.79,-0.31,3687439314.5,2024-12-02
475.81,477.06,469.57,471.21,-0.12,2496410741.98,2024-12-03
477.27,477.29,468.43,469.03,-0.46,2533387505.5,2024-12-04
468.78,469.55,463.11,464.01,-1.07,2349350607.64,2024-12-05
464.06,464.56,455.21,457.04,-1.5,2258795139.9,2024-12-08
456.64,460.79,453.27,455.67,-0.29,1957600463.6,2024-12-09
455.6,458.87,453.39,454.91,-0.16,1632301050.4,2024-12-10
455.45,464.68,453.35,464.66,2.14,1514673901.5,2024-12-11
468.48,468.69,457.37,458.22,-1.38,1588904107.1,2024-12-12
459.15,459.32,450.23,451.28,-1.51,1780820814.05,2024-12-16
451.75,454.23,448.14,451.66,0.08,1212663896.5,2024-12-17
451.72,455.03,449.13,450.12,-0.33,1184248755.7,2024-12-18
449.68,450.78,445.9,445.77,-0.96,1437284476.99,2024-12-19
443.35,449.17,441.78,443.08,-0.6,1219581464.0,2024-12-22
442.9,446.7,442.24,446.56,0.78,1133016832.55,2024-12-23
446.94,452.15,446.25,449.15,0.57,1321477866.71,2024-12-24
449.39,453.82,446.43,451.45,0.51,1381057320.3,2024-12-26
451.72,453.99,447.93,448.99,-0.54,1620821350.3,2024-12-29
449.94,449.94,440.25,444.71,-0.95,1578532281.1,2024-12-31
445.03,446.42,443.21,444.12,-0.13,1114649472.9,2025-01-01
443.78,443.78,440.7,443.56,-0.12,1228247029.1,2025-01-02
443.51,443.98,441.46,442.89,-0.15,1266786779.1,2025-01-05
444.51,449.62,443.13,449.59,1.51,2006653418.5,2025-01-06
452.1,452.42,447.47,450.48,0.19,1395877223.4,2025-01-07
454.54,455.53,449.33,451.51,0.22,1582254109.9,2025-01-08
451.78,451.93,447.66,448.54,-0.65,1973097554.7,2025-01-09
452.65,453.07,443.14,443.99,-1.01,1050385512.4,2025-01-12
444.23,444.36,439.53,441.42,-0.57,1893861000.84,2025-01-13
441.26,442.82,438.52,439.01,-0.54,1396843166.9,2025-01-15
439.41,441.27,435.27,436.62,-0.54,1358444778.65,2025-01-16
436.79,439.24,435.18,439.04,0.55,1595989385.36,2025-01-19
439.93,442.45,438.53,439.14,0.02,1703894684.4,2025-01-20
439.39,440.75,438.12,440.14,0.22,1503503560.7,2025-01-21
440.65,449.68,440.22,448.8,1.96,2726059848.66,2025-01-22
449.93,452.72,445.56,446.81,-0.44,2132557176.92,2025-01-23
447.41,448.16,442.74,443.6,-0.71,2173525058.68,2025-01-26
443.59,444.94,440.48,441.52,-0.46,2016290070.9,2025-01-27
441.62,444.82,440.74,444.72,0.72,2597600990.6,2025-01-28
445.86,458.37,445.7,458.37,3.06,3627858838.1,2025-02-02
458.6,467.08,458.39,459.61,0.27,3941560583.39,2025-02-03
460.88,462.97,455.92,457.12,-0.54,2586645055.3,2025-02-04
457.77,458.94,455.04,456.04,-0.23,2370190871.17,2025-02-05
456.56,457.6,453.32,454.47,-0.34,2662240574.78,2025-02-06
453.66,457.91,451.4,452.21,-0.49,2406938933.2,2025-02-09
451.55,454.0,448.63,450.65,-0.34,1724039067.0,2025-02-10
450.66,452.57,449.26,450.15,-0.11,1847918332.0,2025-02-11
450.15,452.55,449.52,450.4,0.05,2160800816.35,2025-02-12
450.76,452.16,449.2,449.88,-0.11,2377430464.6,2025-02-13
449.42,453.91,449.26,453.42,0.78,2648569516.8,2025-02-16
454.55,461.13,454.53,459.7,1.38,2982107141.7,2025-02-17
462.31,463.9,457.81,459.88,0.03,2755918226.9,2025-02-18
458.82,461.59,456.76,457.98,-0.41,2172935404.7,2025-02-20
453.64,460.85,449.05,458.64,0.14,3042645117.8,2025-02-23
458.72,464.14,457.5,459.25,0.13,3140110863.0,2025-02-24
459.08,462.55,458.91,460.06,0.17,2449952666.6,2025-02-25
464.61,474.42,464.61,469.82,2.12,3496702224.3,2025-02-27
473.14,484.3,472.73,484.3,3.08,4782005121.1,2025-03-02
487.11,490.87,479.15,480.59,-0.76,4585520729.2,2025-03-03
480.94,483.14,474.63,475.27,-1.1,3990008818.0,2025-03-04
475.06,476.56,467.19,469.56,-1.2,3228023899.08,2025-03-05
470.07,471.75,468.4,470.6,0.22,2922180448.1,2025-03-06
471.38,471.42,462.29,463.29,-1.55,3092073903.0,2025-03-09
462.62,466.33,458.32,459.76,-0.76,2601632085.8,2025-03-10
460.11,462.66,455.4,456.47,-0.71,2955073278.8,2025-03-11
456.5,461.02,456.26,459.03,0.56,2368180590.1,2025-03-12
458.77,460.12,452.63,454.91,-0.89,2132923865.4,2025-03-16
454.81,458.5,452.86,453.95,-0.21,1726448581.8,2025-03-17
458.0,458.58,451.57,452.89,-0.23,1207163176.7,2025-03-18
452.94,454.18,449.24,449.92,-0.65,1570023945.2,2025-03-19
450.05,451.17,447.55,447.7,-0.49,1332708686.5,2025-03-20
448.06,448.26,439.24,439.33,-1.87,1955442519.79,2025-03-23
438.6,444.45,435.64,443.42,0.93,1330976990.1,2025-03-24
446.18,446.18,434.65,434.97,-1.9,1647346970.37,2025-03-25
434.18,441.23,434.18,440.69,1.31,1132752057.31,2025-03-26
444.88,446.69,440.32,446.29,1.27,1578708645.4,2025-03-27
446.53,454.31,445.8,450.27,0.89,2238570226.36,2025-03-30
450.22,451.13,444.48,446.69,-0.79,1684584844.7,2025-04-01
450.39,450.8,446.12,447.77,0.24,1686358304.4,2025-04-02
447.98,455.11,447.87,450.08,0.51,2435367500.3,2025-04-03
449.97,451.65,445.31,446.0,-0.9,1931750659.3,2025-04-07
445.55,445.92,440.5,444.78,-0.27,1873815734.4,2025-04-08
448.32,449.49,445.89,446.22,0.32,1657659587.2,2025-04-09
446.29,448.79,445.51,446.03,-0.04,2260343994.9,2025-04-10
446.88,447.37,445.08,446.44,0.09,2322750704.8,2025-04-13
450.89,453.08,448.17,450.52,0.91,2636618871.8,2025-04-15
454.4,454.4,450.2,451.82,0.29,3047652450.5,2025-04-16
453.08,460.08,452.08,458.22,1.41,3988641449.2,2025-04-17
459.29,460.8,455.6,456.58,-0.35,4276771809.4,2025-04-20
456.72,458.85,454.03,455.81,-0.16,4106921191.1,2025-04-21
455.92,457.56,451.61,451.89,-0.85,3499653734.4,2025-04-22
451.73,451.92,444.81,446.03,-1.29,3921238732.6,2025-04-23
445.79,448.44,443.32,447.26,0.27,4220365965.5,2025-04-24
447.47,451.49,447.38,449.08,0.4,5811120132.7,2025-04-27
449.42,451.08,445.38,445.48,-0.79,4361985544.3,2025-04-28
446.11,447.57,443.38,443.54,-0.43,4160368960.7,2025-04-29
443.45,445.73,441.86,442.0,-0.34,4997933713.64,2025-04-30
443.15,446.2,441.31,441.49,-0.11,5120205896.92,2025-05-04
441.82,442.47,438.83,440.13,-0.3,4546764200.3,2025-05-05
440.07,443.08,440.07,440.26,0.02,5043889299.4,2025-05-06
441.03,451.78,440.23,451.24,2.49,5421577680.5,2025-05-07
451.15,453.2,448.0,448.89,-0.52,6140126988.1,2025-05-08
449.15,452.21,446.11,446.13,-0.61,5349566799.8,2025-05-11
446.03,450.14,444.43,444.72,-0.31,4957743856.6,2025-05-13
444.68,445.94,441.34,441.44,-0.73,4506204076.4,2025-05-14
441.95,443.36,439.02,440.0,-0.32,3222539261.0,2025-05-15
439.94,442.55,437.29,438.17,-0.41,3767315233.1,2025-05-18
437.59,443.03,436.99,442.32,0.94,3033232977.7,2025-05-19
442.11,452.02,439.53,451.01,1.96,3372446019.5,2025-05-20
457.77,468.69,450.59,450.84,-0.03,5280615508.1,2025-05-21
451.98,460.09,451.47,457.93,1.57,4855921004.9,2025-05-22
458.4,460.62,453.37,456.46,-0.32,3830188509.0,2025-05-25
462.96,468.7,454.6,456.09,-0.08,4303343473.0,2025-05-26
456.05,458.69,452.6,456.96,0.19,3674882118.9,2025-05-27
456.96,462.1,455.24,461.2,0.92,5096865831.6,2025-05-28
461.2,467.19,459.64,460.98,-0.04,5497243383.4,2025-06-02
461.74,462.36,453.5,453.92,-1.53,3783069406.92,2025-06-03
453.15,454.62,450.54,451.32,-0.57,2812418311.6,2025-06-04
451.41,454.9,450.2,451.33,0.0,4622680995.0,2025-06-05
451.99,452.81,448.78,449.27,-0.45,5516401489.96,2025-06-08
449.21,452.31,448.89,451.71,0.54,4690484860.4,2025-06-09
451.99,458.04,451.6,456.77,1.11,5570108579.62,2025-06-10
456.39,459.58,455.07,456.08,-0.15,5913903423.8,2025-06-11
456.24,458.31,453.74,454.09,-0.43,6797035094.78,2025-06-12
453.95,456.25,453.24,453.41,-0.14,6600988289.9,2025-06-15
452.7,456.45,452.7,453.16,-0.05,6891032685.5,2025-06-16
453.11,454.92,451.48,452.48,-0.14,4324804407.1,2025-06-17
452.39,454.35,452.16,452.49,0.0,4084869351.5,2025-06-18
452.56,454.03,449.37,449.48,-0.66,4940709976.7,2025-06-19
449.4,450.4,443.78,444.1,-1.19,4230882750.7,2025-06-22
444.84,446.38,442.97,445.07,0.21,3052535580.6,2025-06-23
445.83,450.19,445.15,445.17,0.02,2568805016.3,2025-06-24
445.22,446.75,444.3,445.11,-0.01,2678013011.4,2025-06-25
444.76,447.45,443.83,443.9,-0.27,3512774047.1,2025-06-26
443.62,449.43,443.38,448.6,1.05,2766006630.7,2025-06-29
449.66,451.36,448.83,450.56,0.43,2755852848.4,2025-06-30
450.56,457.05,450.97,456.75,1.37,3376896886.9,2025-07-01
458.42,462.52,457.16,462.27,1.2,4067779241.7,2025-07-02
464.22,466.98,460.26,464.46,0.47,4086693599.67,2025-07-03
465.15,467.09,462.33,463.79,-0.14,3531452342.6,2025-07-06
464.88,465.94,459.37,459.66,-0.89,2966046351.41,2025-07-07
459.92,461.12,456.77,459.7,0.0,2604371813.6,2025-07-08
459.22,464.92,459.22,464.47,1.03,3427810549.9,2025-07-09
464.48,473.63,464.33,472.02,1.62,4938163902.9,2025-07-10
479.22,486.56,477.83,481.19,1.94,5997895522.1,2025-07-13
481.86,482.1,474.01,474.35,-1.42,4314197582.7,2025-07-14
474.29,482.12,473.83,481.4,1.48,4993360418.2,2025-07-15
481.27,490.88,481.12,489.27,1.63,7829774926.8,2025-07-16
489.27,502.44,490.33,500.49,2.29,8060858736.6,2025-07-17
501.47,508.9,496.93,498.03,-0.49,10024921124.2,2025-07-20
498.38,504.68,494.62,502.49,0.89,7867665510.8,2025-07-21
503.05,517.44,502.99,516.98,2.88,10308987353.9,2025-07-22
516.18,520.5,511.6,516.82,-0.03,9713591226.25,2025-07-23
518.2,519.16,512.8,517.13,0.06,9651628279.85,2025-07-24
516.71,522.43,512.71,513.87,-0.63,14040815594.8,2025-07-27
513.92,515.86,506.12,514.93,0.2,10740889707.65,2025-07-28
515.31,522.82,515.31,518.59,0.71,8860780533.7,2025-07-29
519.7,521.69,506.88,507.84,-2.07,7619760453.58,2025-07-30
508.83,508.92,500.07,501.12,-1.32,6939038762.8,2025-07-31
501.39,501.73,490.6,490.75,-2.07,6049374277.2,2025-08-03
489.97,498.14,486.36,494.91,0.84,5178218765.9,2025-08-04
494.43,500.0,487.77,488.45,-1.3,4506705271.9,2025-08-05
490.49,491.17,487.14,487.55,-0.18,3393123606.22,2025-08-06
487.16,491.92,487.14,490.16,0.53,3525431496.7,2025-08-07
490.6,495.08,484.99,485.41,-0.96,4560619596.21,2025-08-11
486.26,486.35,481.28,481.38,-0.83,3093763528.63,2025-08-12
481.63,484.35,479.44,479.76,-0.33,2648796326.05,2025-08-13
480.23,481.56,478.05,478.82,-0.19,3276526250.7,2025-08-14
479.0,480.83,473.57,473.67,-1.07,3393050505.0,2025-08-17
473.54,476.87,472.85,475.33,0.35,2650540203.8,2025-08-18
475.04,480.3,475.04,477.06,0.36,2455251449.5,2025-08-19
476.49,478.78,474.66,474.96,-0.44,2091601861.6,2025-08-20
474.6,476.28,473.41,474.26,-0.14,2169698879.0,2025-08-21
473.36,476.84,470.72,471.19,-0.64,3767687014.4,2025-08-24
471.21,475.17,469.42,474.38,0.67,2588473429.4,2025-08-25
475.2,476.91,473.81,474.89,0.1,1887959967.4,2025-08-26
479.07,484.07,474.95,483.42,1.79,3242695306.1,2025-08-27
483.71,484.19,477.3,477.68,-1.18,3501578588.57,2025-08-28
477.97,478.09,471.84,472.64,-1.05,2332344811.8,2025-08-31
477.74,477.74,471.39,476.38,0.79,2572688949.8,2025-09-01
481.17,481.22,473.43,473.68,-0.56,1956749699.8,2025-09-02
474.35,475.0,470.91,470.94,-0.57,1787331673.1,2025-09-03
470.96,473.18,467.17,469.83,-0.23,2061815775.13,2025-09-04
468.5,471.01,467.06,467.51,-0.49,2061853620.0,2025-09-07
467.4,468.26,460.74,462.29,-1.11,2296928001.8,2025-09-08
454.99,454.99,434.76,436.21,-5.64,405044298.4,2025-09-18
431.96,456.61,431.93,455.28,4.37,3880987905.1,2025-09-21
456.81,464.65,456.47,464.36,1.99,2354469045.6,2025-09-23
464.73,466.35,457.97,459.38,-1.07,1657698806.4,2025-09-24
459.47,460.54,456.53,459.28,-0.02,1156737725.3,2025-09-25
460.28,462.52,459.23,462.5,0.7,1145291103.0,2025-09-28
462.46,462.69,452.25,454.62,-1.7,1972814002.2,2025-10-07
455.34,455.34,442.8,446.47,-1.79,2699421964.2,2025-10-08
452.25,467.76,450.24,451.31,1.08,2440777461.0,2025-10-09
451.65,451.73,437.59,439.4,-2.64,3101714517.6,2025-10-12
443.38,444.6,435.03,444.54,1.17,2173521906.3,2025-10-13
444.62,445.65,438.91,439.94,-1.03,1323869213.3,2025-10-14
439.88,441.06,435.96,437.02,-0.66,1286201748.0,2025-10-15
437.52,440.61,433.89,435.29,-0.39,1604345701.7,2025-10-16
435.59,438.68,434.5,437.6,0.53,1234431691.0,2025-10-19
437.26,437.5,432.57,437.0,-0.13,852881007.3,2025-10-26
436.78,449.65,436.72,448.97,2.74,2094054106.0,2025-10-28
449.25,453.71,446.38,447.41,-0.34,2415746293.7,2025-10-29
448.42,453.33,444.91,452.81,1.2,2706727166.7,2025-10-30
455.83,458.46,452.16,457.22,0.97,3252162544.8,2025-11-02
457.21,460.62,454.64,456.39,-0.18,2930945275.5,2025-11-03
456.59,457.78,451.16,452.46,-0.86,2337788629.3,2025-11-04
452.71,453.92,448.71,453.6,0.25,2273269804.7,2025-11-05
454.42,455.43,450.46,451.52,-0.45,2746217095.1,2025-11-06
451.91,452.01,445.21,445.62,-1.3,1994598097.0,2025-11-09
445.93,447.47,442.35,444.56,-0.23,1962772770.3,2025-11-10
445.12,446.54,442.0,444.37,-0.04,1680077460.0,2025-11-11
444.91,445.51,440.4,441.04,-0.74,1661426344.3,2025-11-12
440.09,443.04,438.42,440.88,-0.03,1366968042.6,2025-11-13
441.21,441.6,437.88,439.44,-0.32,1326798671.2,2025-11-16
439.67,441.93,437.89,440.87,0.32,1601144065.5,2025-11-17
441.15,445.74,440.47,443.53,0.6,1687626463.5,2025-11-18
443.76,445.76,440.52,442.26,-0.28,1556490504.1,2025-11-19
442.16,442.24,439.66,440.65,-0.36,1411726971.1,2025-11-20
441.31,448.29,441.18,448.29,1.73,2569685546.4,2025-11-23
448.45,456.15,448.32,456.13,1.74,2551209928.1,2025-11-24
456.49,457.53,453.17,457.53,0.3,2298950541.3,2025-11-25
458.45,460.18,455.64,459.17,0.36,3159840300.2,2025-11-26
459.72,462.27,457.9,461.66,0.54,2789469162.3,2025-11-27
461.6,463.92,455.66,456.98,-1.01,2693484421.2,2025-11-30
457.08,457.74,453.35,455.26,-0.37,1584550869.9,2025-12-01
454.5,455.82,453.02,453.99,-0.27,1293772434.51,2025-12-02
454.16,455.68,450.02,450.96,-0.66,1645784094.1,2025-12-03
450.34,451.05,446.91,448.25,-0.6,1715382750.5,2025-12-07
448.34,449.33,446.05,446.75,-0.33,1833663598.7,2025-12-08
446.94,448.29,446.26,447.05,0.06,1544099377.7,2025-12-09
446.62,448.21,445.37,446.18,-0.19,1173426649.1,2025-12-10
446.13,446.96,444.81,446.3,0.02,1193073843.2,2025-12-11
446.39,447.62,444.16,445.5,-0.17,1424148361.8,2025-12-14
445.59,447.52,444.07,447.52,0.45,1450148552.3,2025-12-15
447.54,450.67,447.35,450.67,0.7,1333287314.4,2025-12-16
451.26,452.7,450.71,451.86,0.26,1411380641.4,2025-12-17
452.21,452.31,449.02,450.22,-0.36,1551140244.7,2025-12-18
450.41,450.46,447.0,448.26,-0.43,1386366226.0,2025-12-21
448.99,449.23,444.81,446.01,-0.5,1145405890.3,2025-12-22
445.81,447.58,444.37,447.58,0.35,1165148538.7,2025-12-23
447.88,448.69,445.94,448.53,0.21,1250067861.1,2025-12-24
448.55,456.94,448.55,456.78,1.84,2285861595.9,2025-12-28
458.21,459.42,454.36,455.31,-0.32,1914179711.4,2025-12-29
454.94,458.1,454.84,456.73,0.31,1790675545.0,2025-12-31
456.55,457.38,453.07,454.29,-0.53,1594705989.9,2026-01-01
453.79,453.92,450.13,451.07,-0.7,1586282054.2,2026-01-04
450.89,454.79,450.41,454.92,0.85,2206568529.0,2026-01-05
454.87,458.99,454.73,457.23,0.5,2790288643.5,2026-01-06
456.98,457.59,454.26,455.01,-0.48,1781199455.4,2026-01-07
454.69,455.95,453.71,455.93,0.2,1604543785.6,2026-01-08
456.97,458.8,453.79,454.31,-0.35,2384189292.6,2026-01-12
454.45,457.91,453.76,454.86,0.12,2659896426.3,2026-01-13
454.14,456.26,453.56,454.73,-0.02,2217205097.2,2026-01-14
454.76,459.5,454.74,459.43,1.03,3118579008.6,2026-01-18
460.78,469.02,460.69,467.25,1.7,4450987105.6,2026-01-20
467.34,469.24,463.8,465.9,-0.28,3317122018.0,2026-01-21
466.23,466.42,462.46,465.42,-0.1,2760613687.3,2026-01-22
465.43,473.5,465.43,473.48,1.73,4384892962.8,2026-01-25
473.78,475.89,469.38,471.83,-0.34,5049225837.9,2026-01-26
471.68,472.85,463.72,464.46,-1.56,4528843084.35,2026-01-27
465.31,465.53,460.94,464.26,-0.04,3241842129.6,2026-01-28
464.53,466.78,461.57,462.68,-0.34,4157679074.9,2026-01-29
462.53,464.13,459.2,459.91,-0.59,2550116611.5,2026-02-01
457.88,461.96,457.83,459.16,-0.16,2154457775.6,2026-02-02
458.66,461.21,455.75,456.71,-0.53,2322341353.2,2026-02-03
451.35,459.79,451.35,456.0,-0.15,1912437903.9,2026-02-04
456.09,460.48,455.91,460.48,0.98,3793879476.8,2026-02-05
460.62,464.25,458.69,459.68,-0.17,3801836542.2,2026-02-08
460.54,460.86,454.87,455.65,-0.87,3507927084.8,2026-02-09
455.38,456.83,453.26,454.39,-0.27,3118889084.4,2026-02-10
456.74,460.35,454.35,455.2,0.17,3000341241.3,2026-02-11
455.77,458.03,454.86,456.72,0.33,3470282846.5,2026-02-12
456.93,459.17,454.81,455.66,-0.23,2778230082.9,2026-02-16
455.81,455.83,451.84,452.67,-0.65,2815321157.5,2026-02-17
452.84,453.84,449.04,449.39,-0.72,2419709777.6,2026-02-22
449.23,451.32,449.03,451.05,0.36,1732255420.7,2026-02-23
450.4,453.38,450.33,453.37,0.51,1304694874.9,2026-02-24
453.15,455.23,453.0,454.57,0.26,1481766165.0,2026-02-25
458.52,458.69,454.43,456.51,0.42,1697426790.2,2026-02-26
458.11,459.73,452.06,459.73,0.7,2563352592.6,2026-03-01
462.87,466.0,458.31,465.99,1.36,2463024747.5,2026-03-03
473.97,494.59,473.97,494.1,6.03,210033013.6,2026-03-09
500.68,501.82,480.9,489.69,-0.89,8880721319.1,2026-03-10
491.56,491.75,480.95,481.37,-1.69,5111804654.8,2026-03-11
482.19,487.94,478.72,486.38,1.04,4625489641.2,2026-03-12
487.12,490.31,484.58,486.8,0.08,5081527200.3,2026-03-15
486.78,486.94,479.1,480.41,-1.31,3709732615.8,2026-03-16
480.25,482.66,477.39,482.56,0.44,3674328954.6,2026-03-17
481.58,495.14,481.5,494.19,2.41,8210962032.8,2026-03-19
497.01,506.33,497.01,505.31,2.24,9238759968.0,2026-03-22
506.47,506.67,499.73,505.02,-0.05,6385951878.56,2026-03-23
506.62,507.13,502.57,507.0,0.39,6801713663.3,2026-03-24
508.09,508.31,499.64,500.46,-1.29,6270495290.49,2026-03-25
500.34,502.51,495.96,502.44,0.39,5344560443.1,2026-03-26
504.11,504.11,489.12,489.48,-2.57,6476505897.6,2026-03-29
489.34,491.76,479.46,481.58,-1.61,5593720445.7,2026-03-30
481.16,486.0,474.81,484.84,0.67,4484252511.0,2026-03-31
485.46,485.46,471.21,473.63,-2.31,4736958880.8,2026-04-01
471.97,477.56,467.63,473.23,-0.08,3358543794.3,2026-04-02
472.65,472.65,457.29,457.61,-3.3,5015513061.45,2026-04-05
457.51,474.29,457.11,471.92,3.12,3881483626.7,2026-04-06
472.3,477.06,468.59,471.13,-0.16,2533650628.5,2026-04-07
473.45,476.88,472.27,476.88,1.22,3036018054.6,2026-04-08
476.99,482.11,474.8,481.53,0.97,3598630523.2,2026-04-09
482.53,483.5,475.99,478.14,-0.7,2969659638.7,2026-04-10
479.13,479.53,475.89,476.65,-0.31,2550174854.4,2026-04-13
476.25,483.73,476.25,481.87,1.09,3587908187.9,2026-04-15
482.29,482.43,475.93,477.46,-0.91,2707249732.0,2026-04-16
478.5,479.3,473.16,476.92,-0.11,2258408678.1,2026-04-17
475.39,478.88,472.72,473.71,-0.67,1389236207.6,2026-04-20
476.15,476.8,470.0,470.56,-0.66,1505131286.9,2026-04-21
471.47,473.14,465.01,471.22,0.13,2232993075.11,2026-04-22
472.0,474.31,467.21,468.27,-0.62,1231982547.03,2026-04-23
468.97,468.97,463.97,468.07,-0.04,1231982547.03,2026-04-24
469.03,471.2,467.96,469.72,0.35,1223770249.4,2026-04-27
470.43,472.13,466.51,467.57,-0.45,1503222859.3,2026-04-28
467.54,467.73,463.52,464.51,-0.65,1308220976.2,2026-04-29
463.26,465.34,459.67,464.43,-0.01,1438220794.1,2026-04-30
465.05,465.5,459.72,461.05,-0.72,1481585209.7,2026-05-04
460.88,464.19,458.47,462.32,0.27,1013687113.9,2026-05-05
462.82,463.74,461.6,463.12,0.17,1038772018.7,2026-05-06
461.36,464.2,461.12,464.08,0.2,1170431556.2,2026-05-07
464.91,467.36,464.25,467.33,0.69,1037263768.6,2026-05-08
466.92,473.41,466.92,473.41,1.3,1437737264.6,2026-05-11
474.24,476.87,467.7,468.26,-1.08,1695207691.7,2026-05-12
468.89,468.89,464.37,467.55,-0.15,839594238.31,2026-05-13
467.97,468.73,465.28,467.2,-0.07,800524754.3,2026-05-14
465.73,469.45,465.62,467.55,0.07,1034805981.6,2026-05-15
468.21,469.83,466.58,468.05,0.1,909941626.2,2026-05-18
467.96,469.63,466.49,467.37,-0.14,897379099.2,2026-05-19
467.56,471.06,466.85,471.06,0.78,1187272005.99,2026-05-20
470.67,472.4,468.57,469.48,-0.33,1375302077.3,2026-05-21
469.55,471.89,468.85,471.89,0.51,1362763074.3,2026-05-22
471.09,476.47,471.09,475.74,0.81,1855560872.1,2026-05-25
475.18,477.21,472.77,474.29,-0.3,1532179242.2,2026-05-26
474.44,476.0,472.8,475.51,0.25,2014916965.2,2026-05-27
474.71,475.95,469.13,470.72,-1.0,1716486020.8,2026-06-01
471.54,473.51,470.11,473.51,0.59,1605277811.7,2026-06-02
474.41,477.72,472.61,475.44,0.4,2023212151.3,2026-06-03
476.73,478.12,472.99,473.76,-0.35,1271510616.1,2026-06-04
473.02,474.69,471.52,471.99,-0.37,1438607964.51,2026-06-05
470.56,472.23,468.11,469.37,-0.55,1105066133.6,2026-06-08
470.54,470.62,465.47,469.07,-0.06,1494321197.0,2026-06-09
465.96,470.79,465.96,468.72,-0.07,912079734.9,2026-06-10
468.72,470.21,466.48,467.62,-0.23,949665555.8,2026-06-11
467.62,468.44,465.91,467.09,-0.11,917098268.7,2026-06-12
467.21,469.5,464.79,466.13,-0.2,1174889875.41,2026-06-15
466.78,467.3,464.26,464.64,-0.31,1016679635.8,2026-06-16
462.51,466.28,462.51,464.43,-0.04,1092955410.1,2026-06-17
461.36,465.68,460.12,463.66,-0.16,960824964.3,2026-06-18
465.62,465.85,462.38,463.98,0.06,802371731.3,2026-06-19
466.49,467.86,462.95,463.8,-0.03,1304380046.59,2026-06-22
462.59,463.97,460.49,461.48,-0.5,1275624628.2,2026-06-23
462.91,462.91,455.69,458.88,-0.56,1348337220.2,2026-06-24
457.9,459.49,456.72,458.23,-0.13,991945585.7,2026-06-25
458.08,460.23,456.49,457.68,-0.12,948886159.8,2026-06-26
456.65,458.19,454.25,455.83,-0.4,926914832.69,2026-06-29
455.79,456.54,452.11,452.79,-0.66,1049644529.41,2026-06-30
452.5,459.34,451.94,458.57,1.27,1435809159.35,2026-07-01
459.88,462.61,454.73,462.47,0.85,1310143369.95,2026-07-02
463.71,463.71,459.06,459.81,-0.57,1311406321.8,2026-07-03
459.64,460.69,455.46,456.27,-0.76,934195347.8,2026-07-06
455.22,461.28,455.13,460.61,0.95,1301110396.8,2026-07-07
460.0,460.64,454.96,456.68,-0.85,859508758.2,2026-07-08
456.63,456.63,453.51,454.19,-0.54,922617594.6,2026-07-09
453.33,457.8,452.57,453.6,-0.12,1063548537.5,2026-07-10
453.64,454.27,449.81,450.55,-0.67,1091361277.3,2026-07-13
450.88,452.99,447.62,451.34,0.17,1249118082.6,2026-07-14
449.98,456.5,449.98,453.94,0.57,1020364580.3,2026-07-15
455.88,457.07,453.25,456.86,0.64,1350984588.6,2026-07-16
456.17,468.38,456.17,468.38,2.51,1527986354.3,2026-07-17
464.76,473.5,464.06,472.6,0.9,1753367857.3,2026-07-20
472.74,475.4,469.37,472.42,-0.03,2306411291.5,2026-07-21
471.77,473.24,467.94,470.31,-0.44,1831204050.15,2026-07-22
466.43,471.3,466.43,471.3,0.21,1359320370.0,2026-07-23
469.25,474.92,469.06,473.47,0.45,1930873008.45,2026-07-24
468.91,477.97,468.88,471.49,-0.41,2009454116.0,2026-07-27
471.74,471.91,468.28,470.79,-0.14,1369521438.0,2026-07-28
470.68,472.14,468.42,470.0,-0.16,1254752357.4,2026-07-29
463.09,471.64,463.09,467.69,-0.49,978740615.6,2026-07-30
466.82,470.86,465.07,470.13,0.52,1235480462.1,2026-07-31
462.43,473.76,462.24,470.63,0.1,1539076721.0,2026-08-03
471.17,471.78,467.18,467.96,-0.56,1280554672.2,2026-08-04
468.17,468.94,464.98,467.36,-0.12,1407074380.9,2026-08-05
466.9,470.15,464.18,464.73,-0.56,1488688684.1,2026-08-06
464.66,465.57,462.84,463.56,-0.25,1156304884.2,2026-08-07
463.83,465.24,460.73,461.36,-0.47,1180023424.1,2026-08-10
461.5,464.11,460.98,462.22,0.18,1380497643.5,2026-08-11
461.01,463.85,460.86,463.61,0.3,1323253313.9,2026-08-12
465.14,466.08,462.25,464.59,0.21,977027235.9,2026-08-13
463.73,465.54,463.08,464.73,0.02,1143733738.8,2026-08-14
464.21,465.66,461.95,463.64,-0.23,1288997831.1,2026-08-17
464.61,464.76,459.85,461.09,-0.55,1127098171.95,2026-08-18
462.28,462.3,458.49,461.0,-0.01,878189826.9,2026-08-19
461.3,462.89,459.06,462.89,0.4,1032339046.0,2026-08-20
462.5,463.1,460.85,461.36,-0.32,1260077205.8,2026-08-21
461.57,461.97,457.64,458.18,-0.68,929540677.4,2026-08-24
458.53,460.17,456.84,457.67,-0.11,931770687.40,2026-08-25
457.67,457.74,450.01,451.66,-1.31,1614178174.72,2026-08-26
451.15,452.58,445.04,451.12,-0.12,1428854476.70,2026-08-27
