date,open,high,low,ltp,percent_change,qty,turnover
2024-03-12,565.0,595.0,555.0,595.0,7.23,20276,11607716.1
2024-03-10,530.0,565.0,530.0,554.9,4.92,16262,8961696.2
2024-03-07,535.3,546.0,519.4,528.9,0.76,1540,819614.0
2024-03-06,530.0,539.0,514.5,524.9,0.94,2229,1171788.6
2024-03-05,518.0,528.3,516.0,520.0,-1.01,2819,1468434.7
2024-03-04,525.3,525.3,525.3,525.3,2.0,10,5253.0
2024-03-03,510.0,515.0,504.5,515.0,-0.77,1884,958743.0
2024-02-29,510.0,519.0,510.0,519.0,0.0,1759,901896.6
2024-02-28,511.0,519.9,510.9,519.0,-0.44,2474,1268577.9
2024-02-27,520.0,529.0,518.5,521.3,0.06,2360,1234252.2
2024-02-26,515.0,524.0,514.0,521.0,-0.17,1024,528172.0
2024-02-25,521.1,525.0,512.2,521.9,-1.51,6857,3546367.0
2024-02-22,543.0,543.0,523.0,529.9,-2.57,3349,1776645.6
2024-02-21,548.8,548.8,536.1,543.9,0.91,728,391106.8
2024-02-20,537.1,545.0,535.0,539.0,-1.46,4266,2286882.0
2024-02-18,549.0,565.0,540.0,547.0,-2.32,3923,2138015.0
2024-02-15,574.0,575.7,553.0,560.0,-0.8,3643,2033257.5
2024-02-14,564.0,565.0,555.5,564.5,-0.09,1108,622919.9
2024-02-13,563.0,565.0,556.0,565.0,-0.35,1798,1006865.6
2024-02-12,570.0,573.0,566.0,567.0,-1.05,815,463912.5
2024-02-11,575.0,596.0,562.6,573.0,-0.16,2607,1515188.2
2024-02-08,564.0,574.0,560.0,573.9,1.4,4975,2803515.7
2024-02-07,566.0,571.0,551.0,566.0,-0.05,10590,5887326.0
2024-02-06,564.0,570.0,562.0,566.3,1.05,2175,1234414.0
2024-02-05,566.6,567.0,557.0,560.4,0.88,1872,1050747.9
2024-02-04,565.0,576.3,555.1,555.5,-1.68,3644,2064735.9
2024-02-01,584.0,584.0,563.1,565.0,-3.25,2949,1680867.6
2024-01-31,588.0,600.0,577.3,584.0,-1.85,5752,3359617.6
2024-01-30,600.0,600.0,583.1,595.0,0.85,6870,4052683.8
2024-01-29,600.0,600.0,583.1,590.0,-1.5,2569,1510974.0
2024-01-28,593.0,603.9,563.5,599.0,0.86,23580,13680974.2
2024-01-25,583.5,598.0,583.2,593.9,-0.18,2688,1582527.5
2024-01-24,600.0,600.0,580.0,595.0,1.04,2294,1346840.4
2024-01-23,587.2,606.9,580.0,588.9,-1.03,7594,4429684.4
2024-01-22,602.0,610.0,584.0,595.0,-2.14,5904,3487970.8
2024-01-21,622.0,631.0,608.0,608.0,-2.25,5046,3120156.6
2024-01-18,614.0,625.0,606.0,622.0,1.14,8824,5422118.2
2024-01-17,621.1,649.9,615.0,615.0,-2.38,32607,20676080.0
2024-01-16,602.0,636.8,602.0,630.0,4.65,12278,7719118.6
2024-01-14,597.0,610.0,590.0,602.0,2.73,8787,5287909.5
2024-01-11,593.8,593.8,570.6,586.0,0.65,5843,3383749.5
2024-01-10,583.2,605.0,582.2,582.2,1.78,11948,7104447.6
2024-01-09,574.0,581.0,571.0,572.0,0.35,6027,3474952.9
2024-01-08,550.1,571.0,550.0,570.0,3.62,10456,5826868.5
2024-01-07,551.3,571.2,550.0,550.1,-1.77,9208,5162897.6
2024-01-04,563.1,577.9,560.0,560.0,-1.6,3253,1830702.3
2024-01-03,561.0,573.0,553.0,569.1,3.47,8926,5050090.3
2024-01-02,553.0,564.0,548.0,550.0,-1.43,4654,2578753.9
2024-01-01,566.0,577.2,556.0,558.0,0.45,8959,5037004.9
2023-12-28,562.0,568.0,555.1,555.5,-1.37,19425,10847235.9
2023-12-27,580.0,589.6,559.0,563.2,-4.56,12569,7176049.6
2023-12-24,608.1,632.0,584.0,590.1,-4.82,8601,5188039.4
2023-12-21,650.0,668.0,620.0,620.0,-6.06,3866,2451230.8
2023-12-20,675.0,680.0,650.8,660.0,-3.65,6185,4111884.8
2023-12-19,660.2,685.0,620.0,685.0,5.82,10161,6555191.3
2023-12-18,577.0,647.3,577.0,647.3,9.99,21657,13355917.0
2023-12-17,555.7,588.5,545.0,588.5,3.79,8453,4800283.8
2023-12-14,541.0,567.0,531.0,567.0,3.45,7177,3949000.4
2023-12-13,548.5,558.0,537.0,548.1,1.71,9936,5409835.0
2023-12-12,528.1,541.0,518.0,538.9,0.02,6254,3319712.3
2023-12-11,544.0,544.0,505.0,538.8,0.9,12936,6791214.7
2023-12-10,504.9,534.0,504.9,534.0,7.88,320,163061.0
2023-12-07,489.0,498.0,481.1,495.0,3.13,4140,2018618.0
2023-12-06,489.0,496.0,480.0,480.0,-1.84,2554,1239460.1
2023-12-05,485.0,495.0,485.0,489.0,-0.2,2234,1095154.0
2023-12-04,503.0,503.0,488.0,490.0,-0.81,1413,695651.5
2023-12-03,486.0,494.0,484.1,494.0,0.02,1096,532688.0
2023-11-30,490.0,493.9,485.6,493.9,-0.82,2689,1312730.8
2023-11-29,505.9,505.9,490.0,498.0,0.4,4560,2253116.0
2023-11-28,508.0,508.0,495.0,496.0,-2.36,2296,1152485.1
2023-11-27,515.0,515.0,498.3,508.0,-1.55,3131,1581070.6
2023-11-26,512.0,518.0,509.1,516.0,0.78,1409,723857.1
2023-11-23,512.0,512.0,499.0,512.0,-0.39,1220,615542.0
2023-11-22,495.0,514.0,495.0,514.0,5.11,1832,916417.0
2023-11-21,508.7,508.8,480.0,489.0,-3.89,3368,1646757.9
2023-11-20,513.0,520.0,500.2,508.8,-1.13,6538,3326966.5
2023-11-09,515.5,520.0,513.7,514.6,-1.79,2552,1314295.6
2023-11-08,526.0,526.0,524.0,524.0,0.27,500,262874.0
2023-11-07,513.0,523.0,513.0,522.6,1.06,2044,1060155.4
2023-11-06,521.0,524.6,516.1,517.1,0.21,2198,1143806.1
2023-11-05,521.3,523.0,515.5,516.0,-2.27,2525,1310369.0
2023-11-02,528.0,528.5,527.3,528.0,-1.49,2403,1268941.3
2023-11-01,539.0,539.0,531.0,536.0,-0.56,501,266480.0
2023-10-31,541.0,541.0,532.0,539.0,-0.55,1914,1025435.5
2023-10-30,550.0,550.0,537.0,542.0,-3.18,8792,4755274.3
2023-10-29,565.3,565.3,555.0,559.8,-2.9,815,457954.0
2023-10-19,570.0,576.5,566.5,576.5,1.14,1757,1001245.4
2023-10-18,556.3,570.0,553.0,570.0,1.79,1910,1069075.9
2023-10-17,561.1,572.0,551.1,560.0,1.8,1692,940895.9
2023-10-16,551.0,553.9,545.3,550.1,-1.77,1385,760373.4
2023-10-12,557.0,563.0,552.0,560.0,-0.53,5164,2874358.0
2023-10-11,567.0,567.0,559.0,563.0,1.26,4077,2297762.1
2023-10-10,564.1,566.0,556.0,556.0,-2.63,2798,1573997.5
2023-10-09,579.2,590.0,567.7,571.0,-3.22,1951,1120038.0
2023-10-08,599.0,599.0,580.0,590.0,-1.5,1751,1030878.3
2023-10-05,579.1,601.9,579.1,599.0,1.51,2353,1385246.4
2023-10-04,590.0,601.8,589.2,590.1,0.85,1915,1141085.2
2023-10-03,592.9,610.0,582.1,585.1,-3.27,6254,3691411.2
2023-10-02,588.2,607.7,588.1,604.9,1.15,1079,644233.0
2023-10-01,609.0,610.0,597.1,598.0,-2.76,2111,1265695.5
2023-09-27,617.0,620.0,603.0,615.0,-1.6,1203,731240.0
2023-09-26,620.0,630.0,617.0,625.0,1.63,3901,2435053.6
2023-09-25,618.0,625.0,614.0,615.0,0.0,5068,3137370.0
2023-09-24,597.8,645.0,591.5,615.0,0.82,15259,9428545.8
2023-09-21,597.8,625.0,597.8,610.0,4.08,3108,1891850.3
2023-09-19,589.0,598.0,577.3,586.1,-0.15,2406,1416186.0
2023-09-18,582.0,587.0,582.0,587.0,-0.34,405,236658.0
2023-09-17,597.8,597.8,583.1,589.0,-3.43,2903,1701529.9
2023-09-13,592.2,619.9,585.0,609.9,5.05,2792,1649855.5
2023-09-12,602.8,602.8,580.0,580.6,-3.68,2045,1208525.6
2023-09-11,600.0,605.9,588.0,602.8,1.31,2053,1225124.5
2023-09-10,585.0,600.0,585.0,595.0,0.85,473,278527.2
2023-09-07,659.9,659.9,590.0,590.0,-8.81,1657,988017.3
2023-09-05,577.3,647.0,577.3,647.0,9.85,4091,2400656.8
2023-09-04,590.0,592.0,580.5,589.0,-1.98,1338,782750.5
2023-09-03,588.1,600.9,581.0,600.9,0.2,2593,1517877.8
2023-08-30,600.0,600.0,588.0,599.7,0.28,1699,1001794.0
2023-08-29,591.0,608.0,591.0,598.0,-0.83,864,515835.9
2023-08-28,603.8,612.0,594.0,603.0,1.86,1113,671840.6
2023-08-27,600.0,612.0,590.0,592.0,-2.79,1203,712962.0
2023-08-24,625.0,626.0,600.0,609.0,-0.98,1665,1014473.6
2023-08-23,608.0,617.0,597.1,615.0,-0.87,1513,927436.7
2023-08-22,579.0,633.0,579.0,620.4,6.05,1397,830415.0
2023-08-21,601.9,601.9,584.0,585.0,-0.86,1458,869674.9
2023-08-20,613.1,615.0,590.1,590.1,-5.57,5105,3077565.1
2023-08-17,630.0,630.1,609.0,624.9,1.15,7566,4690946.7
2023-08-16,649.0,649.0,610.1,617.8,-3.62,1881,1157786.2
2023-08-15,657.9,657.9,628.0,641.0,-1.38,2082,1326002.8
2023-08-14,638.0,658.5,637.0,650.0,0.46,6010,3859875.3
2023-08-13,637.1,660.9,627.3,647.0,-0.46,1172,751671.0
2023-08-10,647.3,670.0,635.1,650.0,-1.59,2084,1346525.3
2023-08-09,647.7,660.5,613.0,660.5,4.02,4715,3011876.8
2023-08-08,662.0,662.0,627.0,635.0,-2.29,2853,1807907.6
2023-08-07,638.0,650.0,624.4,649.9,-0.17,3722,2380017.6
2023-08-06,649.8,651.0,625.1,651.0,-1.81,2058,1301578.0
2023-08-03,648.0,668.9,648.0,663.0,0.33,2807,1838596.3
2023-08-02,658.8,660.8,628.0,660.8,1.99,4154,2648204.0
2023-08-01,655.0,655.0,637.0,647.9,-2.28,7793,5021588.0
2023-07-31,662.0,667.9,650.0,663.0,1.1,3694,2416464.3
2023-07-30,655.0,666.6,642.8,655.8,0.28,2571,1687871.0
2023-07-27,670.0,672.0,654.0,654.0,-2.24,1810,1196603.0
2023-07-26,677.0,687.0,658.0,669.0,-0.9,10972,7336276.4
2023-07-25,680.1,681.0,675.1,675.1,-2.16,2504,1695453.1
2023-07-24,693.0,704.0,685.0,690.0,-2.27,10216,7094072.9
2023-07-23,700.0,714.0,689.0,706.0,1.73,10291,7225044.7
2023-07-20,685.0,694.0,675.0,694.0,-0.29,4980,3387962.2
2023-07-19,687.0,705.0,683.0,696.0,-0.57,11544,7986151.2
2023-07-18,708.0,710.0,687.0,700.0,0.7,11130,7752881.2
2023-07-17,693.9,700.0,675.0,695.1,1.03,6609,4572086.4
2023-07-16,688.0,689.7,665.2,688.0,1.75,4366,2930143.0
2023-07-13,687.4,702.7,676.2,676.2,-1.43,9637,6648468.4
2023-07-12,675.0,691.7,675.0,686.0,0.9,7391,5071030.5
2023-07-11,682.0,690.0,656.0,679.9,1.63,6962,4718043.6
2023-07-10,664.1,690.0,661.8,669.0,2.75,14582,9784625.8
2023-07-09,669.9,670.0,650.1,651.1,-1.05,6757,4433709.7
2023-07-06,651.7,665.0,647.0,658.0,-1.05,3808,2480233.9
2023-07-05,685.0,687.0,651.8,665.0,-2.92,68041,46304874.4
2023-07-04,690.0,696.0,658.0,685.0,0.16,2786,1888316.8
2023-07-03,712.9,724.0,671.0,683.9,-2.16,5690,3972046.8
2023-07-02,708.0,722.1,689.0,699.0,-3.2,10311,7201557.9
2023-06-28,777.0,779.7,720.3,722.1,-5.55,14272,10515950.2
2023-06-27,708.0,764.5,708.0,764.5,10.0,28399,21258783.8
2023-06-26,678.0,695.0,665.0,695.0,4.2,12169,8281182.3
2023-06-25,635.1,686.0,631.6,667.0,5.04,7603,4998621.7
2023-06-22,639.0,679.0,630.0,635.0,-1.09,4719,3023516.5
2023-06-21,640.0,650.0,633.0,642.0,-1.22,5135,3301317.4
2023-06-20,662.0,670.0,646.0,649.9,-3.43,13525,8898944.7
2023-06-19,675.0,675.0,654.1,673.0,-0.3,5874,3906074.7
2023-06-18,662.5,676.0,658.0,675.0,2.27,6488,4343155.1
2023-06-15,690.0,692.0,650.0,660.0,-2.94,9785,6535098.1
2023-06-14,660.0,688.5,645.0,680.0,3.03,10325,6834486.8
2023-06-13,618.0,679.0,617.0,660.0,6.8,18182,11658056.9
2023-06-12,628.0,629.0,606.0,618.0,0.03,6017,3681060.4
2023-06-11,608.0,617.9,603.0,617.8,1.78,4590,2805429.5
2023-06-08,607.1,610.0,590.1,607.0,-1.94,5393,3198150.3
2023-06-07,617.0,621.8,603.0,619.0,1.48,2861,1754988.4
2023-06-06,605.0,610.0,593.2,610.0,0.83,2284,1370062.7
2023-06-05,600.0,612.0,590.1,605.0,-1.14,6019,3617815.8
2023-06-04,610.0,620.0,591.0,612.0,2.19,4622,2809176.2
2023-06-01,560.0,609.0,555.0,598.9,4.89,2053,1192900.0
2023-05-31,573.5,591.0,568.4,571.0,-2.43,2754,1586033.8
2023-05-30,595.0,602.0,585.0,585.2,-3.43,2684,1583352.0
2023-05-28,618.0,634.0,606.0,606.0,-2.1,5308,3299209.5
2023-05-24,610.0,623.0,609.6,619.0,3.0,4881,3001956.0
2023-05-23,593.9,606.0,593.9,601.0,3.09,1701,1019756.0
2023-05-22,580.0,583.0,580.0,583.0,1.92,373,217404.9
2023-05-21,566.0,588.0,566.0,572.0,0.35,4093,2357429.0
2023-05-18,570.0,580.0,565.0,570.0,1.42,3605,2061787.7
2023-05-17,558.0,563.0,550.0,562.0,1.63,1410,784325.8
2023-05-16,540.1,553.0,540.0,553.0,0.91,2322,1272188.5
2023-05-15,559.0,559.0,534.0,548.0,-0.13,1050,568160.8
2023-05-14,550.1,550.1,548.7,548.7,-1.98,340,186909.0
2023-05-11,551.0,559.8,550.0,559.8,1.6,467,257146.0
2023-05-10,561.1,561.1,548.1,551.0,0.16,1449,800407.5
2023-05-09,550.0,565.0,550.0,550.1,-0.92,3053,1696120.1
2023-05-08,565.0,565.0,555.0,555.2,-1.73,665,369492.1
2023-05-07,580.2,580.2,560.0,565.0,-4.54,1489,840579.4
2023-05-04,550.0,591.9,550.0,591.9,6.08,5159,2872210.3
2023-05-03,561.0,569.0,550.1,558.0,-2.11,3316,1847647.0
2023-05-02,571.0,572.0,565.0,570.0,-1.55,3404,1936495.9
2023-04-30,575.0,580.0,573.1,579.0,-0.69,337,193769.0
2023-04-27,593.0,593.0,578.2,583.0,-1.02,339,197471.0
2023-04-26,590.0,591.0,589.0,589.0,-2.0,1179,695181.0
2023-04-25,601.0,601.0,578.2,601.0,1.18,1074,628051.8
2023-04-24,597.8,597.8,580.0,594.0,0.68,701,409393.6
2023-04-23,585.0,594.0,580.0,590.0,-0.67,1622,946274.9
2023-04-20,595.0,601.8,580.0,594.0,-0.65,2776,1637404.0
2023-04-19,588.0,597.9,588.0,597.9,0.0,419,247402.0
2023-04-18,597.0,598.0,587.4,597.9,-0.02,727,428331.6
2023-04-17,607.1,607.1,590.1,598.0,-1.17,2346,1398655.6
2023-04-16,615.5,617.0,603.2,605.1,-1.69,501,304087.0
2023-04-13,645.0,645.0,615.5,615.5,-4.13,1296,811049.4
2023-04-12,609.0,644.0,600.0,642.0,7.2,4554,2838906.8
2023-04-11,570.0,598.9,565.1,598.9,3.99,630,367960.4
2023-04-10,583.0,584.5,563.5,575.9,0.16,1983,1129470.0
2023-04-09,577.0,589.5,575.0,575.0,-1.71,1424,823059.9
2023-04-06,581.1,590.0,581.1,585.0,0.34,657,385135.3
2023-04-05,581.0,599.0,573.0,583.0,1.92,3140,1835270.0
2023-04-04,571.1,582.5,571.0,572.0,-1.38,566,323909.0
2023-04-03,576.0,582.0,570.0,580.0,-1.21,555,319886.0
2023-04-02,605.9,605.9,587.1,587.1,-1.99,1289,767059.0
2023-03-30,602.0,608.0,593.0,599.0,-2.44,2785,1667819.3
2023-03-29,616.0,626.0,602.0,614.0,-2.12,2464,1500820.4
2023-03-28,590.0,627.3,590.0,627.3,7.97,8006,4838583.8
2023-03-27,550.0,581.0,545.0,581.0,3.57,3189,1794449.6
2023-03-26,585.0,585.0,560.3,561.0,-3.94,2772,1567733.5
2023-03-23,579.0,585.0,574.0,584.0,-0.68,3618,2088210.5
2023-03-22,600.0,600.0,588.0,588.0,-1.18,1082,639617.1
2023-03-20,604.0,604.0,588.0,595.0,-0.17,1789,1061345.0
2023-03-19,601.0,603.9,596.0,596.0,-1.11,1549,925758.2
2023-03-16,602.0,618.0,590.0,602.7,-1.68,2728,1637270.8
2023-03-15,620.1,620.1,596.9,613.0,-3.01,4526,2751076.5
2023-03-14,644.0,644.0,620.0,632.0,-1.1,2086,1305921.1
2023-03-13,647.0,647.0,630.0,639.0,0.46,346,219471.8
2023-03-12,638.0,661.0,635.7,636.1,-1.93,2832,1808231.5
2023-03-09,645.0,648.7,638.0,648.6,1.98,1669,1077286.4
2023-03-07,628.0,640.0,626.0,636.0,1.31,5214,3297847.0
2023-03-05,639.0,639.0,625.1,627.8,-3.42,1815,1146287.8
2023-03-02,642.2,650.0,629.1,650.0,-0.76,4062,2595397.0
2023-03-01,666.0,666.0,650.0,655.0,-2.7,4855,3183777.0
2023-02-28,698.0,698.0,673.0,673.2,-2.86,1025,693503.6
2023-02-27,690.0,693.0,654.0,693.0,-0.14,2655,1788886.6
2023-02-26,641.9,702.0,629.1,694.0,5.95,7820,5182617.0
2023-02-23,699.9,700.0,650.0,655.0,-8.01,14102,9400929.1
2023-02-22,735.0,735.0,711.8,712.0,-2.47,3779,2713391.5
2023-02-20,725.0,730.0,720.2,730.0,-1.08,1374,995646.7
2023-02-16,742.0,744.0,729.0,738.0,-0.94,1966,1442063.6
2023-02-15,762.0,768.0,745.0,745.0,-1.84,2458,1846899.7
2023-02-14,769.0,770.0,752.0,759.0,-0.13,2573,1953390.5
2023-02-12,778.0,784.0,760.0,760.0,-2.56,4345,3354770.9
2023-02-09,780.0,791.0,775.2,780.0,-1.14,1703,1328782.9
2023-02-08,795.0,805.8,785.0,789.0,-0.13,5533,4391031.2
2023-02-07,777.0,799.0,777.0,790.0,3.4,4563,3595008.8
2023-02-06,765.0,768.0,755.1,764.0,0.92,1343,1022454.4
2023-02-05,755.0,789.0,755.0,757.0,-0.41,3514,2679462.6
2023-02-02,795.5,795.6,760.1,760.1,-2.55,2884,2223005.1
2023-02-01,809.8,809.8,780.0,780.0,-1.76,3394,2676818.0
2023-01-31,821.0,821.0,791.0,794.0,-4.09,7642,6133284.5
2023-01-30,1035.0,1035.0,1007.0,1010.0,-0.98,27699,28147841.2
2023-01-29,1034.8,1040.0,1017.1,1020.0,-0.97,11239,11578729.5
2023-01-26,1020.0,1040.0,1020.0,1030.0,0.97,9918,10190203.2
2023-01-25,995.0,1040.0,995.0,1020.1,2.52,9224,9472892.5
2023-01-24,1027.1,1027.1,986.0,995.0,-1.19,9870,9813439.5
2023-01-23,1030.0,1030.0,980.0,1007.0,-1.76,12173,12201785.0
2023-01-19,1035.0,1038.0,1015.0,1025.0,-1.25,6131,6276047.6
2023-01-18,1044.0,1053.0,1026.0,1038.0,0.78,9113,9515691.4
2023-01-17,1008.0,1041.0,1000.0,1030.0,2.28,9598,9830739.3
2023-01-12,1035.0,1035.0,996.0,1007.0,-0.79,17103,17283873.3
2023-01-10,1040.0,1052.0,1011.6,1015.0,-2.5,8529,8799533.0
2023-01-09,1060.8,1060.8,1003.0,1041.0,0.1,8031,8302564.9
2023-01-08,1015.0,1045.0,1011.0,1040.0,0.97,21710,22373739.5
2023-01-05,1040.0,1050.0,1000.0,1030.0,0.0,10920,11143887.7
2023-01-04,980.0,1030.0,979.0,1030.0,5.64,9465,9452438.7
2023-01-03,915.0,989.0,905.0,975.0,7.73,14920,14234640.5
2023-01-02,891.0,910.0,891.0,905.0,-0.22,2377,2142999.4
2023-01-01,905.0,911.8,895.0,907.0,1.45,4288,3865254.2
2022-12-29,879.0,912.0,877.2,894.0,1.46,4469,3973399.3
2022-12-28,900.0,900.0,881.1,881.1,-2.53,3221,2861743.7
2022-12-27,897.4,915.5,886.0,904.0,2.73,8362,7523545.5
2022-12-26,859.8,880.0,842.8,880.0,4.39,7803,6782840.9
2022-12-22,816.0,866.0,816.0,843.0,5.38,8841,7449971.2
2022-12-21,790.0,800.0,790.0,800.0,0.0,298,236066.0
2022-12-20,795.0,813.4,795.0,800.0,0.31,832,671778.8
2022-12-19,785.0,797.5,782.0,797.5,1.46,421,330787.8
2022-12-18,782.0,789.0,780.0,786.0,-0.83,1712,1341431.8
2022-12-15,793.0,810.0,792.6,792.6,-1.55,1126,898423.0
2022-12-14,805.0,815.0,805.0,805.1,-0.6,821,664070.0
2022-12-13,817.0,817.0,810.0,810.0,1.12,817,663401.0
2022-12-12,816.0,816.0,788.1,801.0,0.13,1945,1559803.5
2022-12-11,830.0,830.0,800.0,800.0,-1.85,1044,837935.0
2022-12-07,820.0,823.0,815.0,815.1,-0.98,1349,1103662.2
2022-12-06,811.0,841.0,811.0,823.2,-0.22,396,328377.2
2022-12-05,845.0,845.0,825.0,825.0,-3.51,634,528672.9
2022-12-04,840.0,863.5,836.0,855.0,3.01,2874,2424419.4
2022-12-01,842.0,865.0,820.0,830.0,-0.36,2051,1734691.6
2022-11-30,828.0,833.0,821.1,833.0,-0.36,409,337482.9
2022-11-29,828.0,839.9,827.0,836.0,0.95,1560,1294915.6
2022-11-28,825.0,832.9,820.0,828.1,0.38,1657,1371548.0
2022-11-27,799.0,825.0,799.0,825.0,3.25,3629,2967198.4
2022-11-24,800.0,804.0,791.1,799.0,-0.75,1671,1330696.8
2022-11-23,802.0,805.0,795.0,805.0,-0.62,1640,1312596.0
2022-11-22,800.0,810.0,795.0,810.0,1.62,695,559299.0
2022-11-17,800.0,815.0,788.3,797.1,1.54,1439,1155925.9
2022-11-16,790.0,807.6,785.0,785.0,0.64,893,708912.4
2022-11-15,782.0,793.0,780.0,780.0,-0.89,2135,1668563.5
2022-11-14,790.0,799.0,785.0,787.0,-1.03,1983,1565511.8
2022-11-13,810.5,810.5,783.0,795.2,-3.85,3307,2637595.5
2022-11-10,830.1,835.0,821.5,827.0,-0.96,1442,1189049.0
2022-11-09,870.0,878.0,835.0,835.0,-4.35,3156,2672754.6
2022-11-08,860.0,873.0,843.0,873.0,0.11,685,589521.0
2022-11-07,868.0,899.0,855.0,872.0,0.81,5349,4649618.6
2022-11-06,850.0,870.0,850.0,865.0,3.1,4700,4053822.4
2022-11-03,865.0,865.0,836.1,839.0,-3.22,1096,923852.3
2022-11-02,855.0,869.0,840.0,866.9,-0.58,2424,2080412.5
2022-11-01,842.0,872.0,824.0,872.0,5.56,2202,1860519.7
2022-10-31,838.0,838.0,826.1,826.1,0.5,698,578856.7
2022-10-23,818.1,822.0,818.0,822.0,-0.72,159,130303.0
2022-10-20,816.1,830.0,814.0,828.0,-0.24,2148,1763925.0
2022-10-19,845.0,847.9,827.2,830.0,-1.66,1585,1314617.4
2022-10-17,825.0,844.0,823.0,844.0,0.72,999,826067.0
2022-10-16,853.9,853.9,830.0,838.0,-1.86,1121,952430.2
2022-10-13,850.0,853.9,816.1,853.9,0.58,1021,850096.0
2022-10-12,825.0,849.0,821.1,849.0,2.91,2310,1948935.4
2022-10-11,841.0,844.0,825.0,825.0,-3.83,2210,1847543.0
2022-10-10,860.0,865.0,842.8,857.9,-1.73,1219,1035659.7
2022-10-09,865.0,879.0,865.0,873.0,1.05,482,421646.0
2022-09-29,844.0,863.9,835.0,863.9,3.6,1058,897876.2
2022-09-28,825.0,833.9,819.0,833.9,0.72,160,132017.0
2022-09-27,830.0,830.0,810.2,827.9,0.47,1060,869410.7
2022-09-25,810.0,825.0,809.0,824.0,-0.12,934,760869.0
2022-09-22,821.0,825.0,810.0,825.0,0.49,1009,820761.8
2022-09-21,819.0,865.0,809.0,821.0,-1.68,1281,1068642.0
2022-09-20,820.0,836.4,809.0,835.0,-0.14,2003,1637648.0
2022-09-18,863.2,863.2,835.4,836.2,-4.65,6517,5547191.3
2022-09-16,865.0,877.0,863.0,877.0,0.4,1248,1079014.0
2022-09-15,918.0,918.0,873.0,873.5,-4.85,2784,2491554.5
2022-09-14,900.0,921.0,898.0,918.0,3.49,2248,2045567.2
2022-09-13,885.0,894.5,880.0,887.0,0.91,1310,1163838.8
2022-09-12,895.0,895.0,859.0,879.0,-0.45,2166,1884895.0
2022-09-11,907.0,907.0,883.0,883.0,-1.34,1838,1641886.0
2022-09-08,899.9,899.9,881.3,895.0,-0.43,2512,2233113.4
2022-09-07,880.1,898.9,880.1,898.9,0.77,340,301841.1
2022-09-06,900.1,900.1,892.0,892.0,-1.76,428,383755.1
2022-09-05,900.0,908.0,896.1,908.0,-0.11,1890,1699740.6
2022-09-04,915.0,915.0,890.0,909.0,1.0,1198,1080117.0
2022-09-02,903.0,909.0,885.1,900.0,0.9,1025,917751.0
2022-09-01,900.0,918.0,890.0,892.0,-2.1,4496,4059942.0
2022-08-31,925.0,925.0,911.1,911.1,-1.95,1610,1472291.9
2022-08-30,943.5,945.0,924.7,929.2,0.45,1572,1461963.4
2022-08-29,920.0,938.0,920.0,925.0,0.53,2572,2382871.5
2022-08-28,938.0,948.0,920.1,920.1,-2.54,3189,2962652.7
2022-08-26,944.0,949.0,940.1,944.1,-1.66,643,607779.4
2022-08-25,957.0,985.0,957.0,960.0,-1.14,2069,2010847.0
2022-08-24,973.0,980.0,970.1,971.1,0.01,4259,4154133.4
2022-08-23,990.0,991.0,971.0,971.0,-1.32,297,289384.0
2022-08-22,967.4,985.0,965.0,984.0,0.41,1697,1650980.7
2022-08-21,990.0,1002.0,980.0,980.0,-2.0,3249,3224532.2
2022-08-18,968.0,1000.0,968.0,1000.0,3.3,2282,2251818.9
2022-08-17,972.7,982.0,968.1,968.1,1.37,2010,1957237.3
2022-08-16,975.0,994.5,954.6,955.0,-1.95,10607,10312530.6
2022-08-15,935.0,974.0,922.1,974.0,4.96,6364,6048301.2
2022-08-14,944.0,953.0,927.5,928.0,-1.69,2172,2037715.3
2022-08-11,960.0,984.0,944.0,944.0,-0.42,6403,6123232.3
2022-08-10,965.9,966.1,947.0,948.0,-1.86,6639,6372110.3
2022-08-09,986.0,988.0,966.0,966.0,-3.21,3330,3249810.5
2022-08-08,1020.0,1020.5,989.8,998.0,-1.19,3690,3695217.4
2022-08-07,1010.0,1014.0,994.0,1010.0,1.51,2630,2629184.4
2022-08-05,1040.0,1040.0,990.0,995.0,-2.46,4656,4663798.0
2022-08-04,1056.0,1056.0,1020.0,1020.1,-2.94,8294,8582706.1
2022-08-03,1070.0,1077.0,1050.0,1051.0,-2.14,12390,13151143.5
2022-08-02,1057.0,1085.0,1054.0,1074.0,-0.31,14471,15389885.9
2022-08-01,1070.0,1095.0,1065.0,1077.3,-0.71,14601,15767208.5
2022-07-31,1054.0,1100.0,1054.0,1085.0,0.93,9635,10390863.3
2022-07-29,1069.9,1080.0,1028.2,1075.0,0.28,6323,6665105.8
2022-07-28,997.0,1074.0,994.7,1072.0,5.62,23171,24337988.1
2022-07-27,965.0,1035.0,962.0,1015.0,3.36,7692,7658251.5
2022-07-26,1004.5,1024.0,982.0,982.0,-4.2,8532,8520760.8
2022-07-25,958.8,1025.0,958.8,1025.0,6.9,18627,18434625.3
2022-07-24,908.0,970.0,900.0,958.8,5.59,8910,8281668.5
2022-07-22,893.1,908.0,893.1,908.0,0.33,1346,1207297.0
2022-07-21,902.1,926.9,902.1,905.0,-1.52,2385,2180480.3
2022-07-20,901.0,924.0,900.0,919.0,0.99,2552,2334716.0
2022-07-19,907.0,930.0,906.5,910.0,0.33,3841,3521999.8
2022-07-18,909.0,909.0,885.1,907.0,1.34,2401,2159187.8
2022-07-17,894.0,904.0,875.0,895.0,1.7,2648,2347411.2
2022-07-15,895.0,895.0,865.0,880.0,-0.1,14070,12423780.0
2022-07-14,877.0,882.0,860.1,880.9,0.69,4535,3955173.1
2022-07-13,845.0,874.9,841.0,874.9,4.15,2649,2278142.1
2022-07-12,835.0,859.9,835.0,840.0,0.59,4533,3829379.8
2022-07-11,867.5,868.0,831.0,835.1,-5.64,8416,7060006.4
2022-07-08,875.0,885.0,874.0,885.0,-0.56,650,570918.0
2022-07-07,900.0,912.0,885.0,890.0,-1.11,1735,1551734.0
2022-07-06,890.0,908.0,884.0,900.0,-0.11,3481,3118686.1
2022-07-05,916.3,947.0,881.0,901.0,-3.64,6306,5762638.4
2022-07-04,935.0,971.0,918.1,935.0,0.0,14445,13754355.0
2022-07-03,885.0,943.0,885.0,935.0,3.77,8021,7366834.7
2022-07-01,900.0,914.9,899.0,901.0,-0.66,5679,5135188.7
2022-06-30,890.0,933.0,876.1,907.0,3.3,12159,11018452.9
2022-06-29,845.0,880.0,845.0,878.0,3.91,4950,4309295.0
2022-06-28,841.0,854.0,824.0,845.0,-1.52,2106,1769641.7
2022-06-27,865.0,877.2,816.4,858.0,-0.23,3351,2830057.2
2022-06-26,835.9,860.0,816.2,860.0,4.88,6468,5451867.3
2022-06-24,813.0,828.0,796.8,820.0,0.86,2953,2416458.5
2022-06-23,838.0,839.0,800.0,813.0,-4.91,1562,1280074.1
2022-06-22,855.1,860.0,854.0,855.0,-1.61,1431,1226372.5
2022-06-21,832.1,876.0,832.1,869.0,2.36,898,774997.9
2022-06-20,862.0,865.0,836.0,849.0,-3.41,5627,4805773.6
2022-06-19,885.0,897.0,860.0,879.0,-0.68,4310,3794971.4
2022-06-17,900.0,900.0,882.0,885.0,-1.67,495,441789.0
2022-06-16,890.0,913.0,883.0,900.0,2.27,1438,1285542.1
2022-06-15,890.0,890.0,870.3,880.0,-2.87,2341,2059981.9
2022-06-14,925.0,925.0,905.0,906.0,-3.99,3029,2752426.4
2022-06-13,931.0,943.7,915.1,943.7,1.47,716,667122.9
2022-06-10,950.0,953.7,930.0,930.0,-2.11,873,821520.0
2022-06-09,951.0,1005.0,947.0,950.0,-1.96,1945,1878602.0
2022-06-08,930.0,983.0,925.0,969.0,3.64,2110,1991683.0
2022-06-07,910.1,954.0,891.0,935.0,1.52,3572,3242173.2
2022-06-06,920.0,939.0,920.0,921.0,0.0,1202,1110406.0
2022-06-03,938.0,950.0,920.0,921.0,-3.76,936,871946.0
2022-06-02,939.0,970.0,939.0,957.0,-0.1,622,587785.6
2022-06-01,941.0,964.0,941.0,958.0,0.84,1270,1202680.0
2022-05-31,975.0,975.0,950.0,950.0,-3.75,1973,1895030.8
2022-05-30,985.0,1000.0,960.4,987.0,1.33,2291,2238065.0
2022-05-27,1000.0,1000.0,961.0,974.0,-0.71,1213,1183515.7
2022-05-26,1001.0,1006.0,979.0,981.0,-1.01,1756,1733874.0
2022-05-25,1017.0,1017.0,966.0,991.0,-0.7,355,347769.0
2022-05-24,950.7,1009.1,950.7,998.0,2.89,1330,1316744.5
2022-05-23,980.0,986.0,955.2,970.0,-1.62,1646,1593065.8
2022-05-20,990.0,990.0,964.0,986.0,-0.39,1189,1164573.1
2022-05-19,976.1,993.0,976.0,989.9,-0.56,200,196940.0
2022-05-18,993.0,995.5,968.0,995.5,0.25,1579,1547685.0
2022-05-17,1001.0,1001.0,972.0,993.0,-2.7,1447,1417163.5
2022-05-12,1030.0,1039.0,1000.6,1020.6,-1.39,2570,2589658.2
2022-05-11,1030.0,1044.0,1010.0,1035.0,1.87,2751,2815800.7
2022-05-10,1000.0,1019.0,990.0,1016.0,2.32,1359,1365717.0
2022-05-09,979.0,997.0,978.0,993.0,3.44,618,607296.0
2022-05-08,950.0,979.0,948.0,960.0,-0.72,2514,2398583.0
2022-05-05,955.0,980.0,950.0,967.0,-0.55,2297,2204013.4
2022-05-04,970.0,990.0,970.0,972.3,-1.69,2279,2225978.0
2022-05-02,975.0,990.0,975.0,989.0,0.41,2064,2028327.3
2022-04-28,1004.0,1009.0,985.0,985.0,-0.51,2343,2335100.0
2022-04-27,1004.0,1004.0,980.0,990.0,-1.0,569,563955.0
2022-04-26,1005.0,1010.0,1000.0,1000.0,0.5,230,230250.0
2022-04-25,1010.0,1014.0,995.0,995.0,-1.0,748,750077.8
2022-04-24,984.0,1010.0,983.0,1005.0,4.15,1643,1642688.9
2022-04-21,982.0,982.0,956.0,965.0,-0.52,1343,1296495.0
2022-04-20,995.0,996.0,960.0,970.0,-2.02,3000,2906285.0
2022-04-19,987.0,1001.0,980.0,990.0,0.3,1376,1363333.0
2022-04-18,987.0,988.0,969.0,987.0,0.71,987,961772.0
2022-04-17,992.0,992.0,980.0,980.0,-0.01,839,824941.0
2022-04-13,973.0,998.0,971.0,980.1,0.52,2622,2580553.8
2022-04-12,1000.0,1020.0,975.0,975.0,-2.5,3912,3897426.0
2022-04-11,1045.0,1050.0,990.0,1000.0,-3.57,3058,3111613.0
2022-04-07,1000.0,1052.6,990.0,1037.0,3.71,2174,2198999.0
2022-04-06,975.0,1000.0,975.0,999.9,0.9,2328,2294521.2
2022-04-05,994.0,1009.8,980.5,991.0,-1.59,4658,4612488.5
2022-04-04,1025.0,1025.0,1006.0,1007.0,0.2,826,838220.0
2022-04-03,1010.0,1020.0,1005.0,1005.0,-1.57,2513,2533428.0
2022-03-31,1069.9,1069.9,1021.0,1021.0,-2.76,1516,1570484.8
2022-03-30,1038.0,1050.0,1020.0,1050.0,1.94,1868,1942396.0
2022-03-29,1015.2,1030.0,1015.0,1030.0,0.0,937,957406.3
2022-03-28,1030.0,1035.3,1006.0,1030.0,-1.58,2189,2238497.5
2022-03-27,1078.1,1078.1,1041.0,1046.5,-4.86,4900,5180155.7
2022-03-24,1085.0,1129.0,1068.1,1100.0,2.51,1776,1944205.8
2022-03-23,1088.0,1090.0,1073.1,1073.1,-1.82,2440,2641763.0
2022-03-22,1074.5,1094.0,1073.0,1093.0,1.86,5460,5932469.6
2022-03-21,1048.0,1086.0,1045.0,1073.0,1.23,2980,3183085.0
2022-03-20,1062.1,1075.0,1056.0,1060.0,-1.38,2597,2763990.0
2022-03-16,1065.0,1074.8,1057.0,1074.8,0.45,2214,2359174.1
2022-03-15,1091.0,1091.0,1059.0,1070.0,-1.2,2633,2810678.0
2022-03-14,1070.0,1083.0,1067.0,1083.0,0.0,970,1037551.0
2022-03-13,1069.7,1090.0,1048.0,1083.0,3.26,5640,6040432.4
2022-03-10,1010.0,1048.8,990.0,1048.8,5.3,5546,5589018.0
2022-03-09,1020.0,1033.9,995.0,996.0,-1.87,2543,2551106.3
2022-03-07,1050.0,1050.0,1014.3,1015.0,-1.93,4224,4310741.8
2022-03-06,1065.0,1070.0,1028.5,1035.0,-1.88,5621,5849937.2
2022-03-02,1053.0,1068.0,1023.0,1054.8,-1.71,6528,6791096.8
2022-02-28,1100.1,1115.0,1065.0,1073.1,-2.45,6283,6792757.5
2022-02-27,1107.0,1115.0,1098.0,1100.0,-2.48,4826,5341636.6
2022-02-24,1137.0,1142.0,1120.0,1128.0,-2.76,6078,6837649.0
2022-02-23,1187.9,1187.9,1155.0,1160.0,-1.28,589,684116.0
2022-02-22,1160.0,1175.0,1150.6,1175.0,0.09,3362,3918789.0
2022-02-21,1173.9,1178.1,1143.1,1174.0,2.0,2262,2612490.4
2022-02-20,1199.0,1199.0,1150.0,1151.0,-3.76,4301,4984436.3
2022-02-17,1224.0,1230.0,1185.0,1196.0,-2.29,1401,1674671.0
2022-02-16,1184.0,1224.0,1174.0,1224.0,1.32,6819,8056305.3
2022-02-15,1135.0,1208.0,1125.0,1208.0,6.06,5815,6762493.5
2022-02-14,1155.0,1156.5,1117.0,1139.0,0.35,4582,5262103.7
2022-02-13,1172.0,1172.0,1123.0,1135.0,-3.9,11808,13354905.3
2022-02-10,1225.0,1225.0,1181.0,1181.0,-3.2,3212,3850301.4
2022-02-09,1201.0,1224.9,1200.0,1220.0,-0.41,3483,4206419.7
2022-02-08,1252.0,1252.0,1185.8,1225.0,-0.24,22044,26640043.1
2022-02-07,1250.0,1250.0,1216.1,1228.0,-0.19,4539,5548492.6
2022-02-06,1230.0,1250.0,1230.0,1230.3,-0.94,5475,6761651.0
2022-02-03,1244.0,1290.0,1242.0,1242.0,1.8,14704,18522525.0
2022-02-01,1255.0,1258.0,1220.0,1220.0,-3.17,8344,10347258.3
2022-01-31,1260.0,1260.0,1244.0,1260.0,-0.71,6336,7925561.5
2022-01-30,1225.0,1269.0,1225.0,1269.0,4.7,11231,14057302.0
2022-01-27,1244.0,1244.0,1206.0,1212.0,-0.66,3900,4733408.0
2022-01-26,1194.0,1230.0,1194.0,1220.0,0.33,11590,14003319.6
2022-01-25,1207.0,1239.0,1207.0,1216.0,0.91,10988,13398087.0
2022-01-24,1265.0,1265.0,1201.0,1205.0,-5.12,24824,30495029.9
2022-01-23,1260.0,1305.0,1260.0,1270.0,2.17,25326,32416624.1
2022-01-20,1250.0,1274.0,1240.0,1243.0,1.06,15514,19542039.5
2022-01-19,1280.0,1315.0,1230.0,1230.0,-2.77,8759,11016732.5
2022-01-18,1256.0,1310.0,1231.0,1265.0,-1.02,27916,35228738.7
2022-01-17,1300.0,1308.0,1256.0,1278.0,-0.39,10352,13224904.5
2022-01-16,1280.0,1326.0,1275.0,1283.0,0.63,23128,29961181.5
2022-01-13,1195.0,1275.0,1195.0,1275.0,5.11,41031,50780685.3
2022-01-12,1222.0,1281.0,1198.0,1213.0,0.41,50021,61064509.4
2022-01-11,1125.0,1228.0,1125.0,1208.0,7.66,30432,35699542.2
2022-01-10,1152.0,1173.0,1108.0,1122.0,-0.71,6148,6962221.1
2022-01-09,1128.9,1168.0,1106.0,1130.0,1.07,8263,9367984.3
2022-01-06,1082.6,1125.0,1082.6,1118.0,2.1,2718,3027023.9
2022-01-05,1149.0,1149.0,1095.0,1095.0,-3.95,6295,7071856.4
2022-01-04,1120.0,1150.0,1080.0,1140.0,1.97,7259,8179370.0
2022-01-03,1094.0,1126.0,1094.0,1118.0,3.42,10500,11701367.1
2022-01-02,1046.0,1096.5,1046.0,1081.0,3.54,5836,6263609.5
2021-12-29,1026.0,1050.0,1026.0,1044.0,1.75,3931,4084546.0
2021-12-28,1009.4,1050.6,989.3,1026.0,-0.39,3676,3771484.0
2021-12-27,1052.0,1096.0,1030.0,1030.0,-2.37,12087,12720472.3
2021-12-26,990.0,1070.0,990.0,1055.0,6.03,10998,11419344.0
2021-12-23,987.2,1000.0,976.0,995.0,2.58,3742,3711786.8
2021-12-22,958.0,985.0,958.0,970.0,3.19,10502,10196959.9
2021-12-21,935.0,967.0,932.0,940.0,1.51,4596,4346685.0
2021-12-20,949.9,949.9,926.0,926.0,-1.8,1616,1506798.1
2021-12-16,970.0,970.0,935.0,943.0,-2.78,1193,1132048.6
2021-12-15,994.0,1033.2,942.0,970.0,-0.51,6765,6660426.2
2021-12-14,940.0,975.0,940.0,975.0,4.82,3045,2911316.0
2021-12-13,940.0,945.0,901.8,930.2,-2.9,5989,5567242.4
2021-12-12,999.0,1000.0,957.5,958.0,-7.99,14327,13953312.2
2021-12-09,1270.0,1275.0,1250.0,1264.9,1.11,8896,11240728.1
2021-12-08,1252.2,1301.1,1248.0,1251.0,-2.04,3519,4446526.6
2021-12-07,1300.0,1320.0,1276.1,1277.0,-1.39,3314,4268972.9
2021-12-06,1278.0,1295.0,1253.0,1295.0,1.33,5280,6737672.9
2021-12-05,1302.0,1311.0,1270.0,1278.0,-1.84,4050,5216524.0
2021-12-02,1320.0,1335.0,1291.0,1302.0,-2.03,3768,4915182.9
2021-12-01,1350.0,1350.0,1303.0,1329.0,0.0,2882,3806329.1
2021-11-30,1360.0,1360.0,1303.0,1329.0,-1.04,2894,3810425.6
2021-11-29,1349.0,1350.0,1322.0,1343.0,0.0,3075,4105131.8
2021-11-28,1360.0,1370.0,1330.0,1343.0,-2.96,7690,10359628.8
2021-11-25,1407.0,1407.0,1371.0,1384.0,-0.79,4238,5838958.4
2021-11-24,1360.0,1400.0,1360.0,1395.0,0.58,5596,7686491.0
2021-11-23,1417.0,1420.0,1372.1,1387.0,-0.22,6331,8808916.5
2021-11-22,1415.0,1415.0,1390.0,1390.0,-0.36,952,1331082.0
2021-11-21,1401.0,1405.0,1372.0,1395.0,-0.36,1054,1463784.9
2021-11-18,1451.0,1451.0,1400.0,1400.0,-2.17,7513,10604494.8
2021-11-17,1429.0,1440.0,1417.0,1431.0,0.14,7527,10783767.8
2021-11-16,1425.0,1429.0,1400.1,1429.0,0.7,4886,6920232.0
2021-11-15,1419.0,1422.9,1396.0,1419.0,1.94,5292,7456027.0
2021-11-14,1365.0,1400.0,1365.0,1392.0,0.14,4365,6033488.4
2021-11-11,1416.0,1428.0,1388.0,1390.0,-1.84,3093,4329077.0
2021-11-09,1440.0,1460.0,1390.0,1416.0,-3.21,9323,13136553.0
2021-11-08,1499.0,1499.0,1463.0,1463.0,-0.81,3516,5176792.0
2021-11-03,1500.0,1500.0,1460.0,1475.0,0.14,7073,10434002.0
2021-11-02,1480.0,1480.0,1451.2,1473.0,-0.2,4563,6672346.0
2021-11-01,1517.7,1517.7,1461.0,1476.0,-2.75,8128,12065639.0
2021-10-31,1508.0,1517.7,1480.0,1517.7,2.55,12711,19112086.7
2021-10-28,1427.0,1500.0,1427.0,1480.0,3.14,18149,26923941.9
2021-10-27,1412.1,1466.0,1394.0,1435.0,0.91,10878,15671191.2
2021-10-26,1447.0,1447.0,1412.0,1422.0,-0.21,10127,14435835.7
2021-10-25,1390.0,1431.0,1390.0,1425.0,2.96,6965,9826500.0
2021-10-24,1359.0,1400.0,1351.0,1384.0,1.84,4154,5679506.5
2021-10-21,1385.9,1385.9,1311.0,1359.0,-0.07,3703,5016472.8
2021-10-20,1352.5,1380.0,1300.0,1360.0,2.56,6574,8813664.0
2021-10-19,1350.0,1350.0,1300.0,1326.0,-2.42,10250,13474179.4
2021-10-18,1384.0,1384.0,1351.0,1358.9,-3.76,8363,11379788.5
2021-10-17,1428.0,1437.0,1388.0,1412.0,0.86,2657,3722006.5
2021-10-11,1394.3,1450.0,1380.0,1400.0,2.41,33835,47475601.2
2021-10-10,1451.0,1468.0,1353.6,1367.0,-3.94,12575,17384132.5
2021-10-06,1341.0,1446.5,1330.0,1423.0,8.21,27509,38266117.5
2021-10-05,1275.0,1324.9,1266.0,1315.0,5.2,15813,20509894.6
2021-10-04,1250.0,1275.0,1231.0,1250.0,-0.37,9834,12357682.0
2021-10-03,1290.0,1290.0,1221.0,1254.6,-0.82,6332,7831557.8
2021-09-30,1277.0,1301.0,1265.0,1265.0,-1.86,7000,8890159.6
2021-09-29,1281.0,1300.0,1247.0,1289.0,2.63,4502,5713208.0
2021-09-28,1260.3,1295.4,1256.0,1256.0,-1.88,8538,10802188.7
2021-09-27,1325.0,1325.0,1276.1,1280.0,-1.61,6143,7891653.5
2021-09-26,1330.0,1330.0,1300.0,1301.0,-2.39,7591,9899277.3
2021-09-23,1355.0,1355.0,1320.0,1332.9,-0.38,15648,20867732.7
2021-09-22,1331.0,1350.0,1310.1,1338.0,2.53,11844,15740407.5
2021-09-21,1285.0,1335.0,1274.0,1305.0,2.51,22971,29780435.7
2021-09-20,1381.0,1402.0,1273.0,1273.0,-8.75,57860,76312565.4
2021-09-16,1415.0,1425.0,1395.0,1395.0,-3.26,14185,19975198.9
2021-09-15,1448.1,1473.9,1424.2,1442.0,-0.41,18297,26345721.2
2021-09-14,1461.0,1488.0,1435.0,1448.0,-2.16,17313,25271917.3
2021-09-13,1509.6,1509.6,1460.1,1480.0,0.0,9736,14318619.4
2021-09-12,1504.0,1504.0,1460.0,1480.0,0.34,3517,5204100.4
2021-09-09,1470.0,1525.0,1445.5,1475.0,0.34,12727,18503773.5
2021-09-08,1498.0,1498.0,1432.2,1470.0,-0.68,9146,13283604.4
2021-09-07,1490.0,1490.0,1441.0,1480.0,-1.73,6229,9115335.1
2021-09-06,1402.0,1506.0,1400.0,1506.0,5.61,7487,10904325.0
2021-09-05,1458.0,1458.0,1392.0,1426.0,-4.05,25018,35408022.5
2021-09-02,1469.0,1539.0,1469.0,1486.2,-0.79,4097,6135261.0
2021-09-01,1510.0,1511.0,1466.0,1498.0,-0.13,12637,18797681.0
2021-08-31,1555.0,1555.0,1489.0,1500.0,-4.15,23013,34698809.2
2021-08-29,1565.0,1574.0,1538.0,1565.0,-1.51,15722,24380328.0
2021-08-26,1570.1,1628.0,1570.0,1589.0,-0.69,3368,5369760.0
2021-08-25,1629.9,1630.0,1581.0,1600.0,-0.7,8929,14259643.0
2021-08-24,1645.0,1645.0,1610.3,1611.3,-1.93,4116,6654594.7
2021-08-19,1630.0,1700.0,1608.1,1643.0,1.67,16956,27530527.0
2021-08-18,1616.1,1639.0,1610.0,1616.0,-2.0,9419,15272752.0
2021-08-17,1643.0,1660.0,1629.0,1648.9,-0.97,8705,14302960.0
2021-08-16,1649.0,1680.0,1645.0,1665.0,1.34,16605,27673323.0
2021-08-15,1648.3,1681.0,1585.0,1643.0,1.67,12624,20552783.0
2021-08-12,1620.0,1631.0,1607.0,1616.0,-0.19,7662,12398319.5
2021-08-11,1668.0,1668.0,1614.0,1619.0,-1.16,5367,8731394.0
2021-08-10,1631.0,1662.0,1612.0,1638.0,2.38,16132,26267683.0
2021-08-09,1635.0,1640.1,1600.0,1600.0,-3.02,21389,34712035.1
2021-08-08,1675.0,1695.0,1640.0,1649.9,-0.13,13326,22009466.5
2021-08-05,1725.0,1725.0,1648.0,1652.0,-3.17,27181,45371055.4
2021-08-04,1818.0,1845.0,1706.0,1706.0,-4.32,17163,30038909.2
2021-08-03,1757.0,1815.0,1757.0,1783.0,3.48,57423,102573035.2
2021-08-02,1700.0,1724.0,1700.0,1723.0,1.65,18559,31731171.4
2021-08-01,1699.9,1715.0,1690.1,1695.0,0.3,8657,14730258.1
2021-07-29,1682.0,1695.0,1682.0,1690.0,0.06,4280,7223687.0
2021-07-28,1675.0,1700.0,1665.0,1689.0,0.83,15493,25949053.1
2021-07-27,1691.0,1691.0,1650.0,1675.1,-2.89,26848,44909974.7
2021-07-26,1707.9,1726.0,1701.1,1725.0,2.99,24601,42230924.2
2021-07-25,1646.0,1690.0,1646.0,1675.0,0.18,8160,13650648.3
2021-07-22,1705.0,1705.0,1650.0,1672.0,-0.18,7407,12408932.0
2021-07-20,1684.0,1692.0,1651.0,1675.0,-0.48,4391,7343548.0
2021-07-19,1709.0,1709.0,1671.0,1683.0,0.36,11619,19567754.4
2021-07-18,1627.0,1677.0,1627.0,1677.0,4.81,7060,11719359.0
2021-07-15,1610.0,1620.0,1581.0,1600.0,-0.5,24080,38672780.0
2021-07-14,1645.0,1645.0,1608.0,1608.0,-0.5,1238,1993936.0
2021-07-13,1545.0,1660.0,1545.0,1616.0,2.67,1769,2854051.0
2021-07-12,1634.0,1660.0,1574.0,1574.0,-3.67,11017,17779752.0
2021-07-11,1615.0,1669.0,1600.0,1634.0,3.09,13743,22461027.0
2021-07-08,1570.0,1592.0,1565.0,1585.0,2.46,4611,7244772.0
2021-07-07,1575.0,1590.0,1547.0,1547.0,0.13,5462,8508086.0
2021-07-06,1545.0,1560.0,1536.0,1545.0,-0.52,3032,4675352.0
2021-07-05,1550.0,1568.0,1550.0,1553.0,-1.08,1394,2170331.0
2021-07-04,1602.0,1602.0,1570.0,1570.0,-0.06,3388,5381080.0
2021-07-01,1570.0,1598.0,1565.0,1571.0,1.03,2960,4684045.0
2021-06-30,1542.0,1575.0,1542.0,1555.0,-1.02,1781,2770601.0
2021-06-29,1599.0,1625.0,1570.0,1571.0,0.0,20520,32820327.0
2021-06-28,1549.0,1610.0,1545.0,1571.0,3.15,10372,16191856.0
2021-06-27,1532.0,1558.0,1515.0,1523.0,-0.59,4551,6986755.0
2021-06-24,1535.0,1545.0,1505.0,1532.0,-0.78,8506,12964654.0
2021-06-23,1609.0,1609.0,1535.0,1544.0,-2.46,10108,15753834.0
2021-06-22,1615.0,1640.0,1561.0,1583.0,-0.06,10765,17138847.0
2021-06-21,1600.0,1615.0,1574.0,1584.0,-2.04,5267,8379462.0
2021-06-20,1675.0,1675.0,1600.0,1617.0,-2.59,7044,11393209.0
2021-06-17,1712.0,1712.0,1631.0,1660.0,-1.19,6437,10640315.0
2021-06-16,1622.0,1760.0,1622.0,1680.0,2.0,17867,30062129.0
2021-06-15,1650.0,1659.0,1625.0,1647.0,0.12,21005,34400027.0
2021-06-14,1695.0,1695.0,1640.0,1645.0,-1.5,4783,7894685.0
2021-06-13,1699.0,1725.0,1645.0,1670.0,-0.77,12834,21352101.0
2021-06-10,1677.0,1713.0,1670.0,1683.0,1.51,53594,90287330.0
2021-06-09,1679.0,1680.0,1642.0,1658.0,0.55,13288,21988799.0
2021-06-08,1683.0,1683.0,1630.0,1649.0,-0.06,10632,17459400.0
2021-06-07,1690.0,1699.0,1640.0,1650.0,-1.43,9839,16258464.0
2021-06-06,1680.0,1713.0,1665.0,1674.0,0.42,7999,13369570.0
2021-06-03,1695.0,1723.0,1667.0,1667.0,-0.18,28185,47631318.0
2021-06-02,1680.0,1680.0,1667.0,1670.0,0.0,7240,12108956.0
2021-06-01,1670.0,1684.0,1642.0,1670.0,0.6,12376,20655839.0
2021-05-31,1750.0,1750.0,1650.0,1660.0,-0.66,20576,34297346.0
2021-05-30,1789.0,1789.0,1660.0,1671.0,-2.45,22689,38307024.0
2021-05-27,1709.0,1755.0,1675.0,1713.0,-4.73,48780,83846384.0
2021-05-25,1800.0,1810.0,1785.0,1798.0,-1.15,10013,18000578.0
2021-05-24,1885.0,1885.0,1790.0,1819.0,-0.71,27754,50695697.0
2021-05-23,1775.0,1855.0,1775.0,1832.0,1.22,14122,25751498.0
2021-05-20,1805.0,1825.0,1804.0,1810.0,-0.93,17158,31049641.0
2021-05-19,1860.0,1870.0,1815.0,1827.0,-0.81,22979,42456343.0
2021-05-18,1848.0,1848.0,1800.0,1842.0,1.32,41225,74947522.0
2021-05-17,1854.0,1854.0,1810.0,1818.0,-0.38,24078,43864679.0
2021-05-16,1848.0,1848.0,1800.0,1825.0,0.27,20984,38092729.0
2021-05-13,1855.0,1855.0,1816.0,1820.0,-1.62,24162,44102287.0
2021-05-12,1828.0,1850.0,1816.0,1850.0,0.54,26262,48049337.0
2021-05-11,1800.0,1860.0,1800.0,1840.0,2.17,38756,71087568.0
2021-05-10,1731.0,1810.0,1731.0,1801.0,2.33,34749,62205018.0
2021-05-09,1732.0,1786.0,1720.0,1760.0,0.46,38449,67890292.0
2021-05-06,1770.0,1810.0,1720.0,1752.0,0.4,31248,54482120.0
2021-05-05,1750.0,1779.0,1715.0,1745.0,1.16,50818,89115616.0
2021-05-04,1690.0,1725.0,1640.0,1725.0,3.92,54971,93131590.0
2021-05-03,1730.0,1730.0,1630.0,1660.0,0.73,18315,30387051.0
2021-05-02,1667.0,1667.0,1623.0,1648.0,0.61,15018,24747025.0
2021-04-29,1701.0,1701.0,1590.0,1638.0,1.11,15057,24527212.0
2021-04-28,1633.0,1660.0,1592.0,1620.0,-0.25,6070,9858107.0
2021-04-27,1596.0,1625.0,1560.0,1624.0,3.77,17682,28301726.0
2021-04-26,1550.0,1601.0,1542.0,1565.0,0.0,15636,24491661.0
2021-04-25,1620.0,1625.0,1556.0,1565.0,-5.09,42970,67715767.0
2021-04-22,1630.0,1700.0,1616.0,1649.0,0.24,20463,33518602.0
2021-04-21,1663.0,1663.0,1620.0,1645.0,-1.2,9537,15651992.0
2021-04-20,1670.0,1689.0,1641.0,1665.0,0.0,13259,22035925.0
2021-04-19,1690.0,1700.0,1654.0,1665.0,-1.25,17630,29558968.0
2021-04-18,1745.0,1745.0,1680.0,1686.0,-2.15,20249,34464686.0
2021-04-15,1750.0,1750.0,1700.0,1723.0,-0.4,24485,41928627.0
2021-04-13,1738.0,1807.0,1690.0,1730.0,-0.46,15267,26322420.0
2021-04-12,1700.0,1795.0,1640.0,1738.0,3.76,47586,81694424.0
2021-04-08,1665.0,1690.0,1660.0,1675.0,1.03,18177,30502756.0
2021-04-07,1650.0,1700.0,1650.0,1658.0,1.1,22749,38188735.0
2021-04-06,1656.0,1656.0,1600.0,1640.0,0.99,8164,13385492.0
2021-04-05,1640.0,1664.0,1623.0,1624.0,-1.52,6661,10896281.0
2021-04-04,1675.0,1675.0,1637.0,1649.0,-1.96,34876,57320371.0
2021-04-01,1698.0,1698.0,1632.0,1682.0,0.12,23505,38943745.0
2021-03-31,1675.0,1700.0,1670.0,1680.0,1.2,30233,50782990.0
2021-03-30,1640.0,1674.0,1638.0,1660.0,2.72,14769,24464479.0
2021-03-29,1633.0,1633.0,1600.0,1616.0,-1.04,6244,10057412.0
2021-03-25,1646.0,1678.0,1618.0,1633.0,-0.79,31630,52105032.0
2021-03-24,1605.0,1650.0,1598.0,1646.0,2.17,36466,59333799.0
2021-03-23,1590.0,1615.0,1581.0,1611.0,1.32,38741,62071186.0
2021-03-22,1620.0,1620.0,1555.0,1590.0,-1.55,59774,94813500.0
2021-03-21,1500.0,1628.0,1500.0,1615.0,7.38,64689,102743774.0
2021-03-18,1435.0,1505.0,1430.0,1504.0,3.87,34426,51025083.0
2021-03-17,1390.0,1448.0,1390.0,1448.0,2.77,10629,15193289.0
2021-03-16,1365.0,1409.0,1365.0,1409.0,1.95,32556,45191941.0
2021-03-15,1381.0,1405.0,1380.0,1382.0,0.07,13671,18952553.0
2021-03-14,1440.0,1440.0,1377.0,1381.0,-2.13,17852,24850297.0
2021-03-10,1420.0,1425.0,1401.0,1411.0,-0.98,6333,8952976.0
2021-03-09,1448.0,1448.0,1425.0,1425.0,-1.59,18073,25832208.0
2021-03-07,1489.0,1490.0,1420.0,1448.0,-0.82,54791,79458823.0
2021-03-04,1364.0,1460.0,1345.0,1460.0,9.04,71416,100885193.0
2021-03-03,1323.0,1345.0,1311.0,1339.0,-0.74,22300,29540614.0
2021-03-02,1370.0,1387.0,1316.0,1349.0,-0.81,27129,36904515.0
2021-03-01,1301.0,1387.0,1301.0,1360.0,3.03,6447,8662313.0
2021-02-28,1323.0,1340.0,1298.0,1320.0,-2.22,29902,39597205.0
2021-02-25,1345.0,1370.0,1337.0,1350.0,-0.37,17903,24164129.0
2021-02-24,1352.0,1400.0,1323.0,1355.0,0.52,9505,12932438.0
2021-02-23,1350.0,1350.0,1334.0,1348.0,-0.88,11515,15449299.0
2021-02-22,1420.0,1420.0,1360.0,1360.0,-2.86,11605,16058561.0
2021-02-21,1364.0,1410.0,1364.0,1400.0,2.64,32106,44485344.0
2021-02-18,1480.0,1483.0,1461.0,1473.0,1.31,62033,91405345.0
2021-02-17,1442.0,1465.0,1440.0,1454.0,-1.02,14057,20473157.0
2021-02-16,1545.0,1545.0,1444.0,1469.0,-0.2,53410,78457505.0
2021-02-15,1285.0,1472.0,1285.0,1472.0,9.93,54760,78297423.0
2021-02-14,1360.0,1365.0,1312.0,1339.0,-0.45,7296,9651069.0
2021-02-11,1397.0,1400.0,1330.0,1345.0,-1.82,14129,19045226.0
2021-02-10,1370.0,1380.0,1350.0,1370.0,0.15,17818,24413681.0
2021-02-09,1444.0,1444.0,1368.0,1368.0,-5.26,31608,43930769.0
2021-02-08,1520.0,1550.0,1423.0,1444.0,-3.41,35349,51499257.0
2021-02-07,1470.0,1514.0,1449.0,1495.0,6.79,81832,121007211.0
2021-02-04,1335.0,1410.0,1312.0,1400.0,5.11,68569,94223387.0
2021-02-03,1375.0,1375.0,1320.0,1332.0,-1.33,34893,46543515.0
2021-02-02,1300.0,1350.0,1300.0,1350.0,5.14,31827,42214737.0
2021-02-01,1313.0,1320.0,1280.0,1284.0,-2.13,25351,32689382.0
2021-01-31,1330.0,1336.0,1280.0,1312.0,-1.35,29037,37985932.0
2021-01-28,1322.0,1374.0,1310.0,1330.0,-0.08,75795,102075023.0
2021-01-27,1369.0,1379.0,1331.0,1331.0,-2.7,34292,46491022.0
2021-01-26,1390.0,1395.0,1368.0,1368.0,-1.01,26888,36901341.0
2021-01-25,1370.0,1402.0,1370.0,1382.0,-0.93,35661,49531964.0
2021-01-24,1397.0,1422.0,1376.0,1395.0,1.82,79397,110653289.0
2021-01-21,1301.0,1370.0,1301.0,1370.0,5.38,36445,48767156.0
2021-01-20,1270.0,1323.0,1270.0,1300.0,0.78,25333,33072763.0
2021-01-19,1320.0,1325.0,1290.0,1290.0,-2.27,56913,74331693.0
2021-01-18,1264.0,1333.0,1264.0,1320.0,4.43,69907,91464107.0
2021-01-17,1239.0,1275.0,1235.0,1264.0,2.85,52806,66163717.0
2021-01-13,1180.0,1232.0,1175.0,1229.0,4.51,49337,60116472.0
2021-01-12,1135.0,1176.0,1127.0,1176.0,3.61,17888,20725915.0
2021-01-11,1115.0,1140.0,1115.0,1135.0,-0.18,22245,25135308.0
2021-01-10,1147.0,1150.0,1100.0,1137.0,-2.82,76585,87028292.0
2021-01-07,1175.0,1197.0,1165.0,1170.0,-1.85,24186,28532633.0
2021-01-06,1141.0,1207.0,1120.0,1192.0,6.52,43879,51253827.0
2021-01-05,1135.0,1135.0,1110.0,1119.0,-0.36,14718,16448844.0
2021-01-04,1170.0,1170.0,1119.0,1123.0,-2.35,30275,34650409.0
2021-01-03,1105.0,1159.0,1105.0,1150.0,5.7,48019,54245205.0
2020-12-31,1055.0,1105.0,1050.0,1088.0,4.62,37130,39994195.0
2020-12-30,1000.0,1045.0,1000.0,1040.0,3.17,16167,16655489.0
2020-12-29,990.0,1015.0,990.0,1008.0,1.0,11977,12073086.0
2020-12-28,978.0,1010.0,978.0,998.0,0.4,13108,13084713.0
2020-12-27,987.0,1005.0,980.0,994.0,-0.9,6848,6764066.0
2020-12-24,1030.0,1030.0,991.0,1003.0,-1.86,10225,10266524.0
2020-12-23,1045.0,1060.0,1020.0,1022.0,-0.29,12362,12757160.0
2020-12-22,1050.0,1070.0,1000.0,1025.0,2.5,18143,18698875.0
2020-12-21,965.0,1040.0,907.0,1000.0,1.63,34295,33193525.0
2020-12-20,1090.0,1090.0,984.0,984.0,-9.97,39103,40034619.0
2020-12-17,1091.0,1163.0,1069.0,1093.0,-1.71,33978,38044399.0
2020-12-16,1060.0,1133.0,1058.0,1112.0,4.91,37003,40579226.0
2020-12-15,1038.0,1090.0,1017.0,1060.0,4.13,38545,40332070.0
2020-12-14,983.0,1030.0,983.0,1018.0,4.41,29596,29833406.0
2020-12-13,931.0,975.0,931.0,975.0,2.74,10836,10438135.0
2020-12-10,928.0,960.0,920.0,949.0,0.32,9631,9028463.0
2020-12-09,993.0,994.0,941.0,946.0,-2.97,9280,8878440.0
2020-12-08,999.0,1018.0,961.0,975.0,-0.51,14520,14258817.0
2020-12-07,945.0,999.0,903.0,980.0,4.59,18747,17806319.0
2020-12-06,1030.0,1030.0,937.0,937.0,-8.05,21253,20761487.0
2020-12-03,1006.0,1089.0,1006.0,1019.0,2.93,53418,56170370.0
2020-12-02,910.0,990.0,910.0,990.0,10.0,42056,40899786.0
2020-12-01,853.0,902.0,851.0,900.0,4.17,37876,33238865.0
2020-11-30,850.0,868.0,806.0,864.0,3.35,21135,17967920.0
2020-11-29,820.0,839.0,816.0,836.0,2.96,16923,14040123.0
2020-11-26,843.0,859.0,801.0,812.0,-1.81,16306,13391495.0
2020-11-25,828.0,836.0,805.0,827.0,1.72,8124,6706183.0
2020-11-24,800.0,813.0,791.0,813.0,1.88,11005,8850673.0
2020-11-23,808.0,815.0,795.0,798.0,-0.75,7340,5892903.0
2020-11-22,793.0,813.0,793.0,804.0,0.75,12946,10459790.0
2020-11-19,805.0,808.0,787.0,798.0,0.0,8489,6770383.0
2020-11-18,809.0,809.0,795.0,798.0,-3.27,6730,5377430.0
2020-11-12,830.0,830.0,810.0,825.0,-0.36,10672,8730358.0
2020-11-11,820.0,828.0,810.0,828.0,1.35,7500,6121968.0
2020-11-10,824.0,840.0,815.0,817.0,0.74,11782,9664211.0
2020-11-09,810.0,824.0,800.0,811.0,1.25,15256,12448166.0
2020-11-08,789.0,801.0,784.0,801.0,1.52,7562,6005457.0
2020-11-05,807.0,807.0,789.0,789.0,-2.23,5115,4075561.0
2020-11-04,800.0,809.0,800.0,807.0,0.88,6041,4868411.0
2020-11-03,820.0,826.0,800.0,800.0,-1.36,7104,5746885.0
2020-11-02,825.0,825.0,789.0,811.0,-1.7,15215,12299897.0
2020-11-01,762.0,825.0,762.0,825.0,9.56,13687,10692577.0
2020-10-29,752.0,760.0,752.0,753.0,-0.66,3749,2831880.0
2020-10-28,740.0,758.0,740.0,758.0,1.88,2859,2132660.0
2020-10-22,742.0,757.0,741.0,744.0,0.13,425,315944.0
2020-10-21,750.0,750.0,740.0,743.0,-0.93,755,560870.0
2020-10-20,737.0,752.0,737.0,750.0,3.45,907,669963.0
2020-10-19,742.0,742.0,725.0,725.0,-0.68,623,454898.0
2020-10-18,724.0,730.0,722.0,730.0,-0.41,3217,2328786.0
2020-10-15,749.0,749.0,732.0,733.0,-0.27,1185,869985.0
2020-10-14,744.0,753.0,735.0,735.0,-0.81,1695,1250208.0
2020-10-13,742.0,745.0,741.0,741.0,0.14,534,396384.0
2020-10-12,749.0,749.0,734.0,740.0,0.0,2537,1869508.0
2020-10-11,736.0,750.0,736.0,740.0,-1.2,2044,1521323.0
2020-10-08,750.0,760.0,749.0,749.0,-0.79,3322,2499287.0
2020-10-07,736.0,755.0,731.0,755.0,1.34,3008,2229873.0
2020-10-06,760.0,760.0,745.0,745.0,-1.32,3637,2721513.0
2020-10-05,756.0,768.0,755.0,755.0,-0.79,2919,2210159.0
2020-10-04,759.0,770.0,759.0,761.0,0.53,4224,3229177.0
2020-10-01,772.0,772.0,756.0,757.0,-0.66,2194,1668720.0
2020-09-30,745.0,767.0,745.0,762.0,0.26,1061,802449.0
2020-09-29,755.0,769.0,754.0,760.0,0.53,2285,1730740.0
2020-09-28,770.0,770.0,756.0,756.0,-1.31,2700,2054206.0
2020-09-27,775.0,777.0,766.0,766.0,-0.52,3043,2344170.0
2020-09-24,766.0,777.0,766.0,770.0,-0.39,2113,1624381.0
2020-09-23,723.0,777.0,723.0,773.0,1.58,3777,2907866.0
2020-09-22,771.0,788.0,761.0,761.0,-2.06,9141,7053242.0
2020-09-21,785.0,785.0,759.0,777.0,0.91,12427,9568554.0
2020-09-20,780.0,790.0,770.0,770.0,-2.16,4864,3800242.0
2020-09-17,785.0,800.0,770.0,787.0,1.55,9389,7408521.0
2020-09-16,779.0,785.0,765.0,775.0,-0.64,6348,4909665.0
2020-09-15,790.0,790.0,767.0,780.0,-0.89,5274,4084917.0
2020-09-14,795.0,802.0,787.0,787.0,-2.48,13860,11018935.0
2020-09-13,838.0,838.0,789.0,807.0,1.0,13452,10849156.0
2020-09-10,827.0,827.0,785.0,799.0,1.4,15600,12522215.0
2020-09-09,711.0,788.0,711.0,788.0,8.69,33844,25725667.0
2020-09-08,745.0,745.0,703.0,725.0,2.11,2387,1712099.0
2020-09-07,717.0,725.0,700.0,710.0,-2.07,7110,5028119.0
2020-09-06,733.0,739.0,724.0,725.0,-1.09,3862,2823628.0
2020-09-03,712.0,733.0,711.0,733.0,1.81,5009,3611792.0
2020-09-02,743.0,743.0,720.0,720.0,-1.37,8086,5879669.0
2020-08-31,716.0,738.0,710.0,730.0,0.69,9821,7122706.0
2020-08-30,736.0,736.0,716.0,725.0,0.42,1565,1134163.0
2020-08-27,750.0,760.0,722.0,722.0,-1.9,3093,2269865.0
2020-08-26,734.0,745.0,725.0,736.0,2.22,6172,4543863.0
2020-08-25,742.0,742.0,700.0,720.0,1.84,2454,1757340.0
2020-08-24,701.0,721.0,698.0,707.0,2.61,4192,2974199.0
2020-08-23,670.0,689.0,670.0,689.0,0.88,767,522499.0
2020-08-20,675.0,684.0,672.0,683.0,1.79,382,259290.0
2020-08-19,680.0,680.0,667.0,671.0,-2.75,1486,996237.0
2020-08-18,691.0,691.0,665.0,690.0,1.77,953,646933.0
2020-08-17,670.0,678.0,655.0,678.0,0.0,3840,2555461.0
2020-08-16,679.0,690.0,677.0,678.0,-1.6,2554,1737586.0
2020-08-13,708.0,715.0,689.0,689.0,-2.68,4326,3039482.0
2020-08-12,715.0,715.0,701.0,708.0,-0.42,2497,1756954.0
2020-08-11,716.0,725.0,709.0,711.0,-1.52,2688,1926532.0
2020-08-10,733.0,733.0,700.0,722.0,3.29,5306,3776780.0
2020-08-09,701.0,701.0,686.0,699.0,-2.24,1456,1011045.0
2020-08-06,676.0,715.0,662.0,715.0,3.92,2203,1505490.0
2020-08-05,681.0,688.0,670.0,688.0,-0.72,1003,678080.0
2020-08-03,685.0,706.0,681.0,693.0,1.91,3228,2216317.0
2020-08-02,724.0,724.0,674.0,680.0,-5.03,3719,2551295.0
2020-07-30,714.0,724.0,695.0,716.0,2.29,3975,2800776.0
2020-07-29,745.0,745.0,700.0,700.0,-5.53,9576,6823414.0
2020-07-28,761.0,761.0,733.0,741.0,-1.33,3982,2937376.0
2020-07-27,760.0,760.0,742.0,751.0,0.13,4447,3330293.0
2020-07-26,745.0,767.0,739.0,750.0,0.67,4181,3145344.0
2020-07-23,749.0,753.0,735.0,745.0,-0.67,2495,1850141.0
2020-07-22,752.0,754.0,737.0,750.0,-0.27,2712,2019113.0
2020-07-21,740.0,765.0,740.0,752.0,0.27,3451,2594136.0
2020-07-20,807.0,816.0,747.0,750.0,-2.47,3249,2493609.0
2020-07-16,748.0,784.0,748.0,769.0,1.05,4877,3749386.0
2020-07-15,783.0,785.0,761.0,761.0,-2.56,2188,1688172.0
2020-07-14,769.0,784.0,759.0,781.0,3.58,9633,7445545.0
2020-07-13,750.0,760.0,745.0,754.0,1.75,6366,4794697.0
2020-07-12,740.0,749.0,720.0,741.0,0.95,5230,3875140.0
2020-07-09,725.0,734.0,701.0,734.0,2.66,3058,2199381.0
2020-07-08,720.0,730.0,697.0,715.0,-0.69,3623,2587910.0
2020-07-07,672.0,724.0,672.0,720.0,9.26,2688,1906243.0
2020-07-06,625.0,659.0,625.0,659.0,3.78,2386,1537175.0
2020-07-05,673.0,686.0,635.0,635.0,-3.79,2669,1741135.0
2020-07-02,663.0,663.0,650.0,660.0,1.54,950,626650.0
2020-07-01,639.0,651.0,639.0,650.0,3.67,37,23895.0
2020-06-30,603.0,627.0,603.0,627.0,1.95,863,537705.0
2020-06-29,636.0,636.0,636.0,615.0,-1.85,416,258564.0
2020-05-12,648.0,648.0,648.0,648.0,-1.97,100,64800.0
2020-03-22,661.0,661.0,661.0,661.0,1.54,49,32389.0
2020-03-19,638.0,663.0,626.0,651.0,0.0,8297,5322003.0
2020-03-18,639.0,690.0,616.0,651.0,-0.15,3176,2033040.0
2020-03-17,655.0,655.0,617.0,652.0,-2.4,5063,3216381.0
2020-03-16,665.0,680.0,659.0,668.0,-0.6,6519,4348637.0
2020-03-15,732.0,732.0,672.0,672.0,-9.92,5906,4041781.0
2020-03-12,789.0,790.0,731.0,746.0,-4.6,7210,5441082.0
2020-03-11,730.0,782.0,711.0,782.0,6.25,7057,5250444.0
2020-03-10,751.0,751.0,736.0,736.0,-3.92,3190,2364150.0
2020-03-05,727.0,795.0,700.0,766.0,3.51,15342,11415525.0
2020-03-04,798.0,798.0,733.0,740.0,-9.09,12584,9413848.0
2020-03-03,783.0,818.0,742.0,814.0,-1.21,25289,19817242.0
2020-03-02,860.0,865.0,824.0,824.0,-3.51,6606,5557580.0
2020-03-01,918.0,918.0,854.0,854.0,-5.11,5202,4553616.0
2020-02-27,902.0,938.0,853.0,900.0,-2.17,13356,12067189.0
2020-02-26,940.0,958.0,910.0,920.0,-0.76,12252,11303022.0
2020-02-25,905.0,956.0,900.0,927.0,2.66,12656,11644306.0
2020-02-24,940.0,940.0,883.0,903.0,-3.11,18197,16583627.0
2020-02-23,971.0,971.0,917.0,932.0,-2.1,26803,25290652.0
2020-02-20,883.0,953.0,870.0,952.0,9.43,52507,48307176.0
2020-02-19,852.0,870.0,829.0,870.0,3.82,19944,17046160.0
2020-02-18,850.0,852.0,827.0,838.0,-0.48,13578,11428347.0
2020-02-17,880.0,897.0,842.0,842.0,-3.11,23154,19961350.0
2020-02-16,855.0,877.0,843.0,869.0,3.58,23768,20502420.0
2020-02-13,821.0,854.0,812.0,839.0,4.22,47850,40296800.0
2020-02-12,800.0,817.0,788.0,805.0,2.16,25489,20591840.0
2020-02-11,785.0,795.0,771.0,788.0,2.2,9913,7735979.0
2020-02-10,748.0,788.0,748.0,771.0,1.58,4071,3130964.0
2020-02-09,750.0,759.0,745.0,759.0,-0.78,6537,4913336.0
2020-02-06,784.0,784.0,753.0,765.0,-0.65,2711,2061716.0
2020-02-05,746.0,775.0,746.0,770.0,3.22,6642,5083400.0
2020-02-04,770.0,770.0,745.0,746.0,-2.86,13058,9877403.0
2020-02-03,770.0,796.0,768.0,768.0,-1.79,13179,10244860.0
2020-02-02,799.0,800.0,776.0,782.0,-2.74,25094,19775128.0
2020-01-30,800.0,816.0,790.0,804.0,0.63,42285,33978584.0
2020-01-29,730.0,801.0,730.0,799.0,9.15,37300,28946752.0
2020-01-28,719.0,748.0,719.0,732.0,3.83,33439,24645216.0
2020-01-27,668.0,714.0,651.0,705.0,7.63,31385,21601736.0
2020-01-26,678.0,678.0,647.0,655.0,-1.5,9356,6162681.0
2020-01-23,652.0,681.0,652.0,665.0,3.91,25327,16895508.0
2020-01-22,680.0,680.0,640.0,640.0,-4.19,7253,4675057.0
2020-01-21,663.0,676.0,625.0,668.0,2.3,5578,3656390.0
2020-01-20,670.0,685.0,646.0,653.0,-3.69,14563,9645810.0
2020-01-19,693.0,700.0,670.0,678.0,-0.29,17914,12315610.0
2020-01-16,661.0,700.0,650.0,680.0,4.78,16477,10990756.0
2020-01-15,630.0,656.0,630.0,649.0,4.17,9261,5977376.0
2020-01-14,618.0,650.0,617.0,623.0,-4.15,12972,8183535.0
2020-01-13,650.0,672.0,612.0,650.0,1.88,14498,9280761.0
2020-01-12,599.0,639.0,591.0,638.0,8.5,19491,11995834.0
2020-01-09,551.0,588.0,551.0,588.0,5.76,18462,10625365.0
2020-01-08,542.0,570.0,536.0,556.0,2.02,11573,6457701.0
2020-01-07,530.0,554.0,526.0,545.0,3.02,16673,9034427.0
2020-01-06,520.0,535.0,517.0,529.0,3.12,13200,6942567.0
2020-01-05,502.0,524.0,502.0,513.0,4.06,10170,5228780.0
2020-01-02,489.0,498.0,489.0,493.0,2.71,2819,1386952.0
2020-01-01,486.0,486.0,478.0,480.0,0.42,3655,1756346.0
2019-12-31,480.0,484.0,478.0,478.0,0.21,2742,1319829.0
2019-12-30,478.0,486.0,477.0,477.0,-0.21,2184,1045438.0
2019-12-29,490.0,490.0,478.0,478.0,-14.49,941,452106.0
2019-12-26,565.0,565.0,553.0,559.0,-0.89,13934,7765133.0
2019-12-25,569.0,569.0,562.0,564.0,0.71,4057,2289730.0
2019-12-24,581.0,581.0,560.0,560.0,-1.75,3474,1966815.0
2019-12-23,560.0,576.0,556.0,570.0,2.89,9490,5341093.0
2019-12-22,554.0,555.0,553.0,554.0,-0.36,309,171244.0
2019-12-19,562.0,562.0,552.0,556.0,0.91,295,164272.0
2019-12-18,554.0,554.0,549.0,551.0,-0.54,2840,1564917.0
2019-12-17,565.0,565.0,554.0,554.0,-0.72,562,311568.0
2019-12-16,560.0,570.0,553.0,558.0,1.27,3814,2135398.0
2019-12-15,562.0,570.0,551.0,551.0,-3.5,4592,2562565.0
2019-12-12,595.0,599.0,570.0,571.0,-3.22,4713,2745765.0
2019-12-11,560.0,604.0,560.0,590.0,5.55,10347,6087623.0
2019-12-10,565.0,568.0,555.0,559.0,0.36,3753,2107998.0
2019-12-09,528.0,568.0,528.0,557.0,3.53,11438,6385277.0
2019-12-08,520.0,538.0,520.0,538.0,1.51,709,376959.0
2019-12-05,526.0,530.0,517.0,530.0,2.51,1338,703146.0
2019-12-04,502.0,527.0,502.0,517.0,3.19,1181,609211.0
2019-12-03,500.0,509.0,500.0,501.0,0.8,263,131940.0
2019-12-02,490.0,497.0,490.0,497.0,-0.6,270,133525.0
2019-12-01,491.0,501.0,491.0,500.0,0.0,943,467058.0
2019-11-28,510.0,510.0,497.0,500.0,0.0,197,98473.0
2019-11-27,500.0,501.0,500.0,500.0,0.0,360,180100.0
2019-11-25,499.0,500.0,492.0,500.0,0.2,910,452418.0
2019-11-24,491.0,499.0,491.0,499.0,0.6,320,157200.0
2019-11-21,495.0,500.0,494.0,496.0,-0.8,828,411142.0
2019-11-20,511.0,511.0,500.0,500.0,-0.2,966,484586.0
2019-11-19,501.0,506.0,501.0,501.0,-0.2,617,309467.0
2019-11-18,505.0,505.0,502.0,502.0,-1.57,133,66916.0
2019-11-17,510.0,510.0,510.0,510.0,2.0,10,5100.0
2019-11-14,504.0,505.0,500.0,500.0,-0.6,1677,839365.0
2019-11-13,506.0,506.0,503.0,503.0,-1.95,681,343143.0
2019-11-12,523.0,523.0,513.0,513.0,-1.91,247,128681.0
2019-11-11,497.0,523.0,497.0,523.0,5.23,1168,599261.0
2019-11-10,502.0,505.0,497.0,497.0,-1.0,1253,628859.0
2019-11-07,502.0,510.0,502.0,502.0,-1.18,217,109084.0
2019-11-06,508.0,510.0,504.0,508.0,-1.17,572,289901.0
2019-11-05,510.0,514.0,506.0,514.0,-1.15,1515,773180.0
2019-11-04,495.0,520.0,495.0,520.0,5.69,691,345047.0
2019-11-03,491.0,492.0,490.0,492.0,0.2,340,166721.0
2019-10-31,498.0,498.0,491.0,491.0,-1.21,2086,1030877.0
2019-10-24,510.0,510.0,497.0,497.0,-1.58,766,385910.0
2019-10-23,500.0,505.0,500.0,505.0,2.85,137,68625.0
2019-10-22,492.0,497.0,491.0,491.0,-1.21,333,163903.0
2019-10-17,496.0,497.0,496.0,497.0,-1.39,1112,552552.0
2019-10-16,498.0,504.0,495.0,504.0,-0.2,1139,565718.0
2019-10-14,499.0,505.0,499.0,505.0,-0.79,362,181592.0
2019-10-03,503.0,509.0,500.0,509.0,3.04,622,311518.0
2019-10-02,514.0,514.0,494.0,494.0,-2.18,1190,592158.0
2019-10-01,505.0,505.0,505.0,505.0,1.81,50,25250.0
2019-09-30,497.0,504.0,495.0,496.0,-0.8,852,425436.0
2019-09-29,504.0,504.0,494.0,500.0,-2.72,703,351395.0
2019-09-26,504.0,514.0,504.0,514.0,3.84,25,12700.0
2019-09-25,500.0,505.0,495.0,495.0,-0.2,320,159900.0
2019-09-24,496.0,496.0,496.0,496.0,-1.98,300,148800.0
2019-09-23,506.0,506.0,506.0,506.0,1.81,150,75900.0
2019-09-22,500.0,500.0,497.0,497.0,-3.5,435,216435.0
2019-09-19,512.0,525.0,508.0,515.0,-0.77,1348,693819.0
2019-09-18,520.0,525.0,515.0,519.0,-0.19,860,449690.0
2019-09-17,502.0,522.0,497.0,520.0,5.48,1748,888067.0
2019-09-16,500.0,500.0,484.0,493.0,-1.6,2029,994372.0
2019-09-15,500.0,501.0,500.0,501.0,-1.76,330,165100.0
2019-09-12,504.0,510.0,503.0,510.0,1.39,985,496533.0
2019-09-11,506.0,507.0,503.0,503.0,-0.98,863,436299.0
2019-09-10,510.0,523.0,508.0,508.0,-1.17,1493,771029.0
2019-09-09,511.0,514.0,502.0,514.0,0.59,281,143430.0
2019-09-08,516.0,516.0,511.0,511.0,-1.92,535,274285.0
2019-09-05,523.0,525.0,521.0,521.0,-0.76,265,138527.0
2019-09-04,525.0,545.0,525.0,525.0,-1.87,3510,1871681.0
2019-09-03,503.0,535.0,500.0,535.0,5.31,3026,1548762.0
2019-09-02,520.0,520.0,508.0,508.0,-2.68,2452,1254124.0
2019-09-01,545.0,545.0,514.0,522.0,-4.74,6007,3135827.0
2019-08-29,557.0,559.0,548.0,548.0,-1.44,1670,925020.0
2019-08-28,571.0,571.0,556.0,556.0,-0.71,600,337000.0
2019-08-27,568.0,568.0,556.0,560.0,0.36,2737,1534735.0
2019-08-26,555.0,558.0,555.0,558.0,0.18,688,382780.0
2019-08-25,555.0,561.0,553.0,557.0,-0.54,1449,807553.0
2019-08-22,560.0,562.0,553.0,560.0,0.0,4681,2614748.0
2019-08-21,560.0,560.0,555.0,560.0,0.0,908,506470.0
2019-08-20,560.0,571.0,560.0,560.0,0.0,3687,2083063.0
2019-08-19,556.0,570.0,556.0,560.0,2.19,4412,2473577.0
2019-08-18,559.0,562.0,548.0,548.0,-0.54,1485,822598.0
2019-08-15,562.0,573.0,551.0,551.0,0.0,260,143820.0
2019-08-14,553.0,553.0,551.0,551.0,-0.9,300,165570.0
2019-08-13,568.0,569.0,555.0,556.0,-0.18,2878,1607414.0
2019-08-12,566.0,570.0,557.0,557.0,-2.79,1778,1004428.0
2019-08-11,589.0,600.0,568.0,573.0,-0.87,891,514813.0
2019-08-08,572.0,578.0,567.0,578.0,0.0,6787,3876625.0
2019-08-07,544.0,578.0,544.0,578.0,4.14,8891,5064043.0
2019-08-06,589.0,599.0,555.0,555.0,-3.98,10778,6127935.0
2019-08-05,579.0,600.0,570.0,578.0,1.4,17345,10126505.0
2019-08-04,565.0,587.0,565.0,570.0,2.89,14475,8258818.0
2019-08-01,555.0,590.0,541.0,554.0,-2.12,12961,7331754.0
2019-07-31,528.0,566.0,526.0,566.0,7.2,9477,5125716.0
2019-07-30,532.0,532.0,525.0,528.0,0.96,2941,1551891.0
2019-07-29,510.0,536.0,505.0,523.0,2.55,3620,1893000.0
2019-07-28,522.0,522.0,505.0,510.0,-3.04,2731,1408470.0
2019-07-25,525.0,533.0,515.0,526.0,-1.5,5819,3053309.0
2019-07-24,528.0,540.0,519.0,534.0,1.91,7493,3973547.0
2019-07-23,510.0,524.0,510.0,524.0,0.77,2536,1314408.0
2019-07-22,500.0,520.0,490.0,520.0,2.97,5659,2878586.0
2019-07-21,494.0,506.0,490.0,505.0,3.06,4437,2202982.0
2019-07-18,481.0,499.0,481.0,490.0,0.0,2971,1448469.0
2019-07-17,475.0,492.0,475.0,490.0,4.26,2581,1253776.0
2019-07-16,469.0,471.0,462.0,470.0,-0.21,4581,2126043.0
2019-07-15,467.0,474.0,467.0,471.0,0.21,1118,526070.0
2019-07-14,482.0,483.0,470.0,470.0,-0.84,5007,2376082.0
2019-07-11,480.0,480.0,473.0,474.0,-1.46,1981,942940.0
2019-07-10,483.0,487.0,481.0,481.0,-0.41,738,356213.0
2019-07-09,481.0,484.0,479.0,483.0,-0.62,1063,511814.0
2019-07-08,480.0,486.0,480.0,486.0,0.21,678,325755.0
2019-07-07,486.0,486.0,481.0,485.0,-0.61,234,113451.0
2019-07-04,500.0,506.0,488.0,488.0,-2.98,2901,1423934.0
2019-07-03,493.0,503.0,493.0,503.0,3.71,234,115908.0
2019-07-02,483.0,485.0,480.0,485.0,2.32,1636,788763.0
2019-07-01,486.0,486.0,474.0,474.0,-0.63,1076,513437.0
2019-06-30,477.0,485.0,476.0,477.0,-0.83,791,377170.0
2019-06-27,497.0,497.0,481.0,481.0,-1.84,1716,828822.0
2019-06-26,499.0,499.0,490.0,490.0,0.0,220,108140.0
2019-06-25,496.0,498.0,490.0,490.0,-1.01,670,331070.0
2019-06-24,485.0,495.0,485.0,495.0,2.06,1346,661159.0
2019-06-23,486.0,487.0,485.0,485.0,-1.42,286,139035.0
2019-06-20,489.0,496.0,485.0,492.0,2.5,480,235160.0
2019-06-19,480.0,480.0,476.0,480.0,-0.21,1097,523462.0
2019-06-18,485.0,485.0,476.0,481.0,-2.63,555,267381.0
2019-06-17,485.0,494.0,485.0,494.0,3.78,30,14730.0
2019-06-16,487.0,487.0,476.0,476.0,-3.84,435,208352.0
2019-06-13,482.0,499.0,475.0,495.0,2.7,455,221705.0
2019-06-12,497.0,497.0,482.0,482.0,-1.23,741,360137.0
2019-06-11,482.0,499.0,481.0,488.0,-0.41,4254,2083339.0
2019-06-10,505.0,505.0,490.0,490.0,-2.78,2651,1320876.0
2019-06-06,506.0,506.0,504.0,504.0,-0.79,781,394994.0
2019-06-04,509.0,509.0,506.0,508.0,-1.55,331,167936.0
2019-06-03,510.0,516.0,505.0,516.0,1.18,240,123530.0
2019-06-02,520.0,520.0,510.0,510.0,-1.92,660,339280.0
2019-05-30,525.0,540.0,510.0,520.0,0.0,3065,1617274.0
2019-05-29,520.0,520.0,520.0,520.0,0.19,4720,2454400.0
2019-05-28,517.0,519.0,512.0,519.0,0.58,851,439512.0
2019-05-27,523.0,527.0,516.0,516.0,-0.19,818,426564.0
2019-05-26,527.0,527.0,517.0,517.0,0.0,510,264520.0
2019-05-23,527.0,527.0,517.0,517.0,-0.19,220,114440.0
2019-05-22,525.0,525.0,518.0,518.0,-1.33,760,394600.0
2019-05-21,525.0,525.0,523.0,525.0,0.96,354,185680.0
2019-05-20,530.0,530.0,516.0,520.0,-1.89,2025,1060275.0
2019-05-19,537.0,538.0,530.0,530.0,-1.3,1079,573491.0
2019-05-16,540.0,541.0,533.0,537.0,0.94,1095,588119.0
2019-05-15,533.0,540.0,531.0,532.0,0.57,2643,1417372.0
2019-05-14,530.0,537.0,528.0,529.0,-0.38,2030,1077010.0
2019-05-13,535.0,535.0,530.0,531.0,-0.38,3059,1624519.0
2019-05-12,542.0,542.0,533.0,533.0,0.0,820,439960.0
2019-05-09,531.0,540.0,527.0,533.0,-1.48,7282,3892095.0
2019-05-08,531.0,541.0,531.0,541.0,0.74,3469,1860960.0
2019-05-07,539.0,543.0,530.0,537.0,1.32,3348,1791700.0
2019-05-06,521.0,540.0,520.0,530.0,1.73,5117,2698970.0
2019-05-05,512.0,535.0,512.0,521.0,3.78,13991,7375316.0
2019-05-02,502.0,503.0,492.0,502.0,1.41,1010,506890.0
2019-04-30,507.0,517.0,495.0,495.0,-0.6,1406,704287.0
2019-04-29,506.0,525.0,495.0,498.0,-1.39,5726,2890811.0
2019-04-28,482.0,510.0,482.0,505.0,6.77,4647,2331267.0
2019-04-25,489.0,489.0,473.0,473.0,-1.46,2196,1051646.0
2019-04-24,473.0,480.0,473.0,480.0,3.23,593,282003.0
2019-04-23,477.0,477.0,465.0,465.0,-2.72,1574,737166.0
2019-04-22,475.0,488.0,470.0,478.0,0.63,1883,898250.0
2019-04-21,466.0,480.0,460.0,475.0,1.93,2371,1119795.0
2019-04-18,465.0,474.0,465.0,466.0,-1.27,1431,670975.0
2019-04-17,471.0,478.0,470.0,472.0,1.07,2658,1259869.0
2019-04-16,478.0,478.0,467.0,467.0,-0.43,2274,1076829.0
2019-04-15,463.0,469.0,463.0,469.0,3.08,420,194930.0
2019-04-11,459.0,459.0,455.0,455.0,1.11,100,45620.0
2019-04-10,450.0,451.0,445.0,450.0,-1.75,1697,763645.0
2019-04-09,460.0,469.0,458.0,458.0,-0.43,8470,3902550.0
2019-04-08,459.0,460.0,453.0,460.0,2.22,2230,1019913.0
2019-04-07,448.0,452.0,448.0,450.0,0.45,877,394014.0
2019-04-04,455.0,455.0,448.0,448.0,-1.54,475,213037.0
2019-04-03,455.0,455.0,448.0,455.0,0.0,2099,951635.0
2019-04-02,451.0,455.0,447.0,455.0,2.71,554,251438.0
2019-04-01,443.0,451.0,443.0,443.0,-3.06,735,327385.0
2019-03-28,449.0,457.0,449.0,457.0,1.11,132,60068.0
2019-03-27,452.0,452.0,452.0,452.0,-1.31,189,85428.0
2019-03-26,450.0,458.0,450.0,458.0,0.66,2187,990986.0
2019-03-25,450.0,459.0,450.0,455.0,1.34,1292,588935.0
2019-03-24,450.0,450.0,449.0,449.0,-0.66,600,269900.0
2019-03-21,451.0,453.0,449.0,452.0,-1.74,1265,570870.0
2019-03-19,460.0,460.0,457.0,460.0,-1.08,265,121855.0
2019-03-18,465.0,465.0,465.0,465.0,0.65,200,93000.0
2019-03-17,450.0,468.0,450.0,462.0,0.87,870,402880.0
2019-03-14,451.0,469.0,451.0,458.0,0.88,685,314438.0
2019-03-13,464.0,472.0,454.0,454.0,-3.81,1658,761030.0
2019-03-12,470.0,472.0,467.0,472.0,0.0,895,420068.0
2019-03-11,470.0,485.0,470.0,472.0,0.43,1118,534050.0
2019-03-10,479.0,479.0,470.0,470.0,-0.21,60,28290.0
2019-03-07,455.0,471.0,455.0,471.0,3.52,1813,843782.0
2019-03-06,455.0,455.0,455.0,455.0,1.79,410,186550.0
2019-03-05,452.0,452.0,440.0,447.0,-1.32,2060,910420.0
2019-02-27,460.0,468.0,453.0,453.0,0.44,989,454600.0
2019-02-25,450.0,460.0,446.0,451.0,1.35,2118,953874.0
2019-02-24,455.0,455.0,445.0,445.0,-3.26,982,444230.0
2019-02-21,479.0,479.0,460.0,460.0,-2.13,910,421330.0
2019-02-20,470.0,470.0,470.0,470.0,-1.05,100,47000.0
2019-02-19,465.0,475.0,463.0,475.0,3.26,1174,551839.0
2019-02-18,460.0,460.0,460.0,460.0,-1.92,30,13800.0
2019-02-17,460.0,470.0,460.0,469.0,1.74,741,342684.0
2019-02-14,450.0,461.0,449.0,461.0,0.66,794,361376.0
2019-02-13,460.0,460.0,458.0,458.0,-1.51,550,252800.0
2019-02-12,460.0,465.0,457.0,465.0,1.09,225,103725.0
2019-02-11,457.0,462.0,457.0,460.0,-0.22,377,173605.0
2019-02-10,460.0,464.0,458.0,461.0,0.22,1630,748734.0
2019-02-07,470.0,470.0,460.0,460.0,-2.13,1610,746950.0
2019-02-06,474.0,474.0,469.0,470.0,-0.21,670,314800.0
2019-02-05,472.0,474.0,470.0,471.0,0.64,753,354588.0
2019-02-04,468.0,474.0,463.0,468.0,0.0,1872,874496.0
2019-02-03,473.0,484.0,461.0,468.0,0.86,5203,2464777.0
2019-01-31,473.0,473.0,464.0,464.0,-0.43,870,405130.0
2019-01-30,466.0,466.0,466.0,466.0,-0.85,51,23770.0
2019-01-29,475.0,475.0,470.0,470.0,-0.84,120,56870.0
2019-01-28,465.0,474.0,462.0,474.0,0.42,1355,628420.0
2019-01-27,466.0,472.0,454.0,472.0,0.0,900,416256.0
2019-01-24,472.0,472.0,472.0,472.0,0.43,50,23600.0
2019-01-23,470.0,479.0,470.0,470.0,0.0,524,247230.0
2019-01-22,470.0,471.0,470.0,470.0,0.0,632,297090.0
2019-01-21,480.0,480.0,470.0,470.0,-3.09,749,356270.0
2019-01-20,485.0,485.0,485.0,485.0,1.46,30,14550.0
2019-01-17,479.0,480.0,478.0,478.0,0.21,470,225420.0
2019-01-16,489.0,490.0,477.0,477.0,-0.63,1870,901710.0
2019-01-15,470.0,492.0,466.0,480.0,2.13,4373,2084727.0
2019-01-14,466.0,475.0,466.0,470.0,1.29,304,143164.0
2019-01-13,465.0,465.0,464.0,464.0,-0.43,50,23210.0
2019-01-10,464.0,466.0,464.0,466.0,0.0,663,308332.0
2019-01-09,475.0,478.0,466.0,466.0,-1.69,1530,720020.0
2019-01-08,472.0,474.0,472.0,474.0,-0.84,459,217525.0
2019-01-07,468.0,478.0,468.0,478.0,1.7,954,450878.0
2019-01-06,473.0,480.0,464.0,470.0,-2.49,1092,512890.0
2019-01-03,481.0,490.0,473.0,482.0,2.12,1395,674461.0
2019-01-02,480.0,480.0,472.0,472.0,-0.63,273,129914.0
2019-01-01,472.0,480.0,471.0,475.0,-1.04,1221,580050.0
2018-12-31,487.0,487.0,478.0,480.0,-1.44,620,300210.0
2018-12-30,489.0,499.0,478.0,487.0,-1.62,1211,596119.0
2018-12-27,508.0,516.0,490.0,495.0,-0.8,3120,1556950.0
2018-12-26,497.0,506.0,492.0,499.0,2.25,953,475325.0
2018-12-25,481.0,488.0,480.0,488.0,-0.2,1379,665394.0
2018-12-24,490.0,505.0,471.0,489.0,-1.81,2044,1006614.0
2018-12-23,471.0,498.0,471.0,498.0,7.79,1723,835052.0
2018-12-20,474.0,492.0,462.0,462.0,-0.69,5109,2455304.0
2018-12-19,520.0,550.0,520.0,535.0,2.29,3502,1872117.0
2018-12-18,561.0,561.0,523.0,523.0,-4.91,3258,1756885.0
2018-12-17,534.0,559.0,534.0,550.0,4.96,1695,935290.0
2018-12-16,515.0,524.0,507.0,524.0,3.76,1354,700059.0
2018-12-13,498.0,515.0,498.0,505.0,2.43,3534,1778718.0
2018-12-12,495.0,497.0,493.0,493.0,-0.2,1424,704766.0
2018-12-11,499.0,499.0,485.0,494.0,0.82,1043,512390.0
2018-12-10,496.0,496.0,481.0,490.0,0.62,1540,752465.0
2018-12-09,470.0,487.0,470.0,487.0,1.88,781,375686.0
2018-12-06,476.0,488.0,470.0,478.0,2.36,1412,672283.0
2018-12-05,484.0,484.0,467.0,467.0,-5.27,656,310139.0
2018-12-04,480.0,493.0,480.0,493.0,2.92,398,193940.0
2018-12-03,490.0,494.0,470.0,479.0,-1.03,3965,1892805.0
2018-12-02,495.0,495.0,475.0,484.0,-4.16,3528,1691876.0
2018-11-29,521.0,521.0,505.0,505.0,-3.07,2359,1205778.0
2018-11-28,520.0,530.0,520.0,521.0,-3.16,980,511812.0
2018-11-27,529.0,538.0,529.0,538.0,1.89,1636,865534.0
2018-11-26,526.0,538.0,526.0,528.0,-0.56,638,338588.0
2018-11-25,539.0,539.0,531.0,531.0,-3.45,326,174410.0
2018-11-22,550.0,550.0,550.0,550.0,1.85,50,27500.0
2018-11-21,540.0,540.0,540.0,540.0,1.31,50,27000.0
2018-11-20,530.0,540.0,530.0,533.0,-1.3,569,302378.0
2018-11-19,540.0,540.0,540.0,540.0,0.0,20,10800.0
2018-11-18,536.0,540.0,534.0,540.0,-0.55,387,207643.0
2018-11-15,551.0,551.0,543.0,543.0,-1.45,72,39526.0
2018-11-14,542.0,552.0,542.0,551.0,-0.18,673,368505.0
2018-11-13,545.0,552.0,540.0,552.0,2.22,244,133658.0
2018-11-12,535.0,540.0,535.0,540.0,0.0,235,126330.0
2018-11-11,550.0,560.0,540.0,540.0,-1.82,924,507530.0
2018-11-06,543.0,541.0,541.0,550.0,1.29,450,247310.0
2018-11-05,545.0,545.0,543.0,543.0,0.37,101,54893.0
2018-11-04,553.0,553.0,541.0,541.0,-3.91,422,231252.0
2018-11-01,565.0,565.0,563.0,563.0,0.9,27,15109.0
2018-10-31,536.0,560.0,536.0,558.0,2.2,2496,1361826.0
2018-10-30,549.0,559.0,545.0,546.0,1.3,265,145484.0
2018-10-29,550.0,550.0,539.0,539.0,-1.46,1868,1010499.0
2018-10-28,545.0,550.0,545.0,547.0,-0.18,434,237200.0
2018-10-25,560.0,560.0,548.0,548.0,-2.14,2627,1448748.0
2018-10-24,560.0,565.0,560.0,560.0,0.72,858,481730.0
2018-10-23,570.0,570.0,555.0,556.0,-0.89,636,354760.0
2018-10-22,572.0,572.0,572.0,572.0,1.96,1,572.0
2018-10-21,561.0,561.0,561.0,561.0,-1.92,61,34242.0
2018-10-15,579.0,583.0,572.0,572.0,-0.52,1747,1007199.0
2018-10-14,576.0,576.0,575.0,575.0,1.77,201,115635.0
2018-10-11,555.0,576.0,555.0,565.0,1.8,1577,891310.0
2018-10-10,560.0,561.0,555.0,555.0,0.91,558,310530.0
2018-10-09,553.0,553.0,550.0,550.0,-1.79,360,198616.0
2018-10-08,550.0,560.0,550.0,560.0,3.7,913,506412.0
2018-10-07,546.0,565.0,540.0,540.0,-2.7,3320,1818904.0
2018-10-04,555.0,570.0,554.0,555.0,-1.77,2339,1309900.0
2018-10-03,583.0,583.0,561.0,565.0,-2.92,251,143671.0
2018-10-02,583.0,583.0,570.0,582.0,1.75,570,326174.0
2018-10-01,576.0,576.0,572.0,572.0,-1.04,730,419015.0
2018-09-30,595.0,595.0,576.0,578.0,-1.53,2279,1328657.0
2018-09-27,600.0,600.0,587.0,587.0,-2.0,1838,1089529.0
2018-09-26,595.0,600.0,589.0,599.0,0.17,2421,1436949.0
2018-09-25,599.0,604.0,591.0,598.0,1.36,1011,604848.0
2018-09-23,604.0,605.0,585.0,590.0,-1.17,1951,1157645.0
2018-09-20,600.0,604.0,592.0,597.0,-0.5,3125,1862027.0
2018-09-18,610.0,610.0,596.0,600.0,-1.32,3466,2081520.0
2018-09-17,599.0,613.0,588.0,608.0,3.4,10970,6584447.0
2018-09-16,562.0,592.0,561.0,588.0,6.72,6528,3756280.0
2018-09-13,551.0,560.0,551.0,551.0,-1.08,936,522085.0
2018-09-12,557.0,557.0,547.0,557.0,-1.94,584,322803.0
2018-09-11,569.0,569.0,547.0,568.0,1.79,2159,1193475.0
2018-09-10,535.0,558.0,535.0,558.0,3.33,233,125644.0
2018-09-09,545.0,545.0,540.0,540.0,-2.53,581,314892.0
2018-09-06,565.0,569.0,544.0,554.0,-0.54,7323,4065966.0
2018-09-05,555.0,575.0,555.0,557.0,2.2,6500,3642656.0
2018-09-04,541.0,559.0,534.0,545.0,-0.73,2233,1223291.0
2018-09-03,553.0,564.0,546.0,549.0,1.11,2556,1417607.0
2018-09-02,539.0,543.0,539.0,543.0,1.5,1395,754694.0
2018-08-30,534.0,535.0,534.0,535.0,1.9,784,419090.0
2018-08-29,535.0,535.0,525.0,525.0,-0.19,777,409473.0
2018-08-28,527.0,530.0,519.0,526.0,-2.05,947,494502.0
2018-08-26,526.0,537.0,526.0,537.0,0.19,428,228529.0
2018-08-23,546.0,550.0,536.0,536.0,-1.65,2143,1165264.0
2018-08-22,544.0,545.0,537.0,545.0,1.87,244,131909.0
2018-08-21,540.0,540.0,529.0,535.0,0.0,1129,600298.0
2018-08-20,550.0,550.0,535.0,535.0,-2.55,1545,834398.0
2018-08-19,555.0,555.0,549.0,549.0,-1.08,1070,589213.0
2018-08-16,566.0,577.0,555.0,555.0,0.0,2190,1224064.0
2018-08-15,556.0,570.0,554.0,555.0,-1.77,1517,851024.0
2018-08-14,564.0,565.0,555.0,565.0,-1.57,1348,758300.0
2018-08-13,543.0,576.0,543.0,574.0,3.61,820,464870.0
2018-08-12,603.0,603.0,554.0,554.0,-9.92,7516,4261126.0
2018-08-09,615.0,615.0,611.0,615.0,-1.13,406,249346.0
2018-08-08,602.0,622.0,602.0,622.0,2.13,151,92291.0
2018-08-07,621.0,621.0,609.0,609.0,-3.03,1061,653359.0
2018-08-06,618.0,628.0,616.0,628.0,1.29,733,454508.0
2018-08-05,620.0,620.0,620.0,620.0,-1.27,455,282100.0
2018-08-02,621.0,628.0,621.0,628.0,0.64,1339,836532.0
2018-08-01,615.0,624.0,613.0,624.0,2.13,1130,697209.0
2018-07-31,625.0,625.0,611.0,611.0,-3.63,300,185304.0
2018-07-30,634.0,634.0,622.0,634.0,0.79,319,200168.0
2018-07-29,620.0,629.0,612.0,629.0,3.11,1598,985450.0
2018-07-26,616.0,617.0,610.0,610.0,-1.93,1645,1009800.0
2018-07-25,623.0,630.0,622.0,622.0,-1.27,587,366805.0
2018-07-24,615.0,651.0,615.0,630.0,0.48,1872,1196282.0
2018-07-23,620.0,627.0,608.0,627.0,3.13,1985,1220493.0
2018-07-22,620.0,620.0,608.0,608.0,-1.94,2425,1482505.0
2018-07-19,631.0,632.0,620.0,620.0,-2.36,2023,1269321.0
2018-07-18,635.0,635.0,635.0,635.0,0.63,50,31750.0
2018-07-17,649.0,649.0,631.0,631.0,-0.94,723,459520.0
2018-07-16,644.0,649.0,632.0,637.0,-0.93,1869,1193699.0
2018-07-15,632.0,643.0,626.0,643.0,1.9,4540,2859639.0
2018-07-12,652.0,652.0,631.0,631.0,-3.81,5346,3410074.0
2018-07-11,663.0,689.0,656.0,656.0,0.92,5698,3897442.0
2018-07-10,644.0,669.0,644.0,650.0,0.93,2202,1438520.0
2018-07-09,676.0,676.0,644.0,644.0,-5.43,1314,856746.0
2018-07-08,693.0,705.0,676.0,681.0,0.15,2786,1918191.0
2018-07-05,660.0,680.0,652.0,680.0,3.66,4210,2793078.0
2018-07-04,633.0,656.0,632.0,656.0,1.86,1248,801976.0
2018-07-03,649.0,650.0,644.0,644.0,1.1,400,258700.0
2018-07-02,634.0,646.0,634.0,637.0,0.47,607,387874.0
2018-07-01,637.0,637.0,634.0,634.0,-1.71,720,457420.0
2018-06-28,660.0,660.0,645.0,645.0,-2.12,1370,887850.0
2018-06-27,640.0,659.0,640.0,659.0,2.17,360,233090.0
2018-06-26,650.0,650.0,645.0,645.0,-1.23,554,357898.0
2018-06-25,655.0,655.0,653.0,653.0,-1.8,280,183120.0
2018-06-24,652.0,665.0,652.0,665.0,0.76,967,637113.0
2018-06-21,666.0,672.0,653.0,660.0,-0.6,2571,1703228.0
2018-06-19,677.0,677.0,664.0,664.0,0.0,200,134050.0
2018-06-18,663.0,677.0,658.0,664.0,-1.63,2505,1672462.0
2018-06-17,675.0,675.0,651.0,675.0,-0.74,1680,1119765.0
2018-06-14,690.0,690.0,662.0,680.0,-1.16,3697,2460567.0
2018-06-13,675.0,688.0,662.0,688.0,0.0,5617,3797433.0
2018-06-12,680.0,688.0,663.0,688.0,0.88,3580,2405280.0
2018-06-11,665.0,700.0,665.0,682.0,1.04,1437,987050.0
2018-06-10,688.0,689.0,660.0,675.0,-3.57,1615,1083716.0
2018-06-07,721.0,721.0,696.0,700.0,-4.76,1230,862410.0
2018-06-06,734.0,735.0,734.0,735.0,2.08,110,80840.0
2018-06-04,727.0,741.0,713.0,720.0,-0.96,758,552094.0
2018-06-03,737.0,738.0,723.0,727.0,-3.32,1012,738678.0
2018-05-31,759.0,760.0,752.0,752.0,-1.05,610,459800.0
2018-05-30,760.0,775.0,760.0,760.0,0.66,11871,9091895.0
2018-05-29,762.0,762.0,745.0,755.0,-0.92,1160,871060.0
2018-05-28,725.0,762.0,725.0,762.0,3.11,3858,2869827.0
2018-05-27,735.0,739.0,727.0,739.0,-1.47,450,329300.0
2018-05-24,770.0,770.0,741.0,750.0,-1.19,1468,1102602.0
2018-05-23,747.0,759.0,747.0,759.0,0.0,162,121614.0
2018-05-22,770.0,770.0,745.0,759.0,0.26,492,372200.0
2018-05-21,741.0,773.0,730.0,757.0,2.3,2743,2052372.0
2018-05-20,758.0,773.0,740.0,740.0,-0.54,2380,1773230.0
2018-05-17,750.0,750.0,734.0,744.0,-0.13,2120,1574437.0
2018-05-16,765.0,765.0,745.0,745.0,-0.67,450,337020.0
2018-05-15,745.0,750.0,740.0,750.0,0.4,710,526700.0
2018-05-14,751.0,756.0,742.0,747.0,-2.48,1477,1104959.0
2018-05-10,799.0,799.0,766.0,766.0,-4.25,5292,4114450.0
2018-05-09,795.0,805.0,790.0,800.0,0.0,3972,3168628.0
2018-05-08,785.0,800.0,780.0,800.0,2.17,3364,2671045.0
2018-05-07,795.0,795.0,773.0,783.0,-2.0,1704,1326521.0
2018-05-06,810.0,810.0,799.0,799.0,0.38,280,225680.0
2018-05-03,810.0,826.0,796.0,796.0,0.13,2975,2409045.0
2018-05-02,777.0,795.0,765.0,795.0,0.63,750,577190.0
2018-04-29,780.0,810.0,770.0,790.0,0.64,2008,1576920.0
2018-04-26,819.0,819.0,761.0,785.0,-2.48,2892,2268569.0
2018-04-25,815.0,815.0,790.0,805.0,-1.23,872,700800.0
2018-04-24,805.0,827.0,790.0,815.0,0.49,8607,6940923.0
2018-04-23,861.0,877.0,800.0,811.0,-4.02,9020,7550614.0
2018-04-22,795.0,850.0,787.0,845.0,6.96,6226,5012332.0
2018-04-19,771.0,797.0,750.0,790.0,0.89,5392,4218065.0
2018-04-18,785.0,816.0,735.0,783.0,0.51,10208,8058223.0
2018-04-17,725.0,782.0,725.0,779.0,9.56,12945,9854009.0
2018-04-16,698.0,745.0,698.0,711.0,3.8,1792,1289812.0
2018-04-15,690.0,692.0,680.0,685.0,-0.72,1092,752676.0
2018-04-12,709.0,709.0,690.0,690.0,-1.0,5102,3563945.0
2018-04-11,662.0,700.0,660.0,697.0,3.26,5431,3630585.0
2018-04-10,708.0,710.0,675.0,675.0,-2.88,2180,1509979.0
2018-04-09,744.0,744.0,695.0,695.0,-4.79,8191,5905248.0
2018-04-08,698.0,740.0,676.0,730.0,5.95,7805,5517522.0
2018-04-05,673.0,689.0,652.0,689.0,4.39,6457,4317161.0
2018-04-04,635.0,685.0,635.0,660.0,3.61,1420,942595.0
2018-04-03,660.0,660.0,637.0,637.0,-2.0,1100,715924.0
2018-04-02,650.0,650.0,650.0,650.0,-1.52,30,19500.0
2018-04-01,650.0,660.0,650.0,660.0,0.15,71,46360.0
2018-03-29,645.0,659.0,645.0,659.0,0.15,685,447865.0
2018-03-28,680.0,680.0,650.0,658.0,-3.38,1920,1265520.0
2018-03-27,631.0,681.0,595.0,681.0,5.91,1459,907095.0
2018-03-26,656.0,656.0,643.0,643.0,-3.89,90,58390.0
2018-03-22,655.0,678.0,640.0,669.0,2.14,1980,1295490.0
2018-03-21,660.0,660.0,645.0,655.0,-2.24,612,398344.0
2018-03-20,653.0,672.0,652.0,670.0,1.52,400,265320.0
2018-03-19,651.0,660.0,651.0,660.0,-0.3,130,85350.0
2018-03-18,670.0,670.0,662.0,662.0,-1.93,80,53160.0
2018-03-15,675.0,675.0,675.0,675.0,-0.15,100,67500.0
2018-03-14,680.0,680.0,676.0,676.0,0.15,110,74600.0
2018-03-13,662.0,675.0,662.0,675.0,1.35,271,182152.0
2018-03-12,665.0,675.0,662.0,666.0,-1.33,1070,714570.0
2018-03-11,691.0,691.0,675.0,675.0,-3.57,795,542500.0
2018-03-07,699.0,730.0,696.0,700.0,2.04,2290,1615320.0
2018-03-06,640.0,700.0,638.0,686.0,5.54,1633,1096305.0
2018-03-05,678.0,679.0,650.0,650.0,-2.26,1725,1137618.0
2018-03-04,695.0,695.0,642.0,665.0,-6.21,1599,1060235.0
2018-02-28,702.0,709.0,699.0,709.0,-0.28,1178,826657.0
2018-02-27,715.0,738.0,702.0,711.0,-0.7,4102,2926270.0
2018-02-26,726.0,726.0,715.0,716.0,-2.72,1988,1428518.0
2018-02-25,745.0,745.0,736.0,736.0,-1.34,3558,2643730.0
2018-02-22,746.0,759.0,744.0,746.0,-1.58,2830,2124875.0
2018-02-21,746.0,758.0,745.0,758.0,-0.26,266,198917.0
2018-02-20,775.0,775.0,760.0,760.0,-2.56,1020,778550.0
2018-02-18,805.0,808.0,775.0,780.0,-1.27,3506,2757495.0
2018-02-15,760.0,803.0,765.0,790.0,0.0,5219,4050210.0
2018-02-14,750.0,765.0,741.0,760.0,0.0,1166,875530.0
2018-02-12,757.0,751.0,740.0,750.0,0.0,1045,779547.0
2018-02-11,752.0,767.0,755.0,757.0,0.0,2148,1639717.0
2018-02-08,755.0,770.0,741.0,752.0,0.0,1158,875938.0
2018-02-07,750.0,765.0,752.0,755.0,0.0,925,699835.0
2018-02-06,766.0,775.0,750.0,750.0,0.0,5475,4155880.0
2018-02-05,787.0,786.0,766.0,766.0,0.0,5085,3942626.0
2018-02-04,800.0,791.0,787.0,787.0,0.0,1490,1176160.0
2018-02-01,795.0,805.0,800.0,800.0,0.0,599,479445.0
2018-01-31,790.0,795.0,790.0,795.0,0.0,580,459701.0
2018-01-29,791.0,791.0,785.0,790.0,0.0,1275,1004918.0
2018-01-28,800.0,800.0,791.0,791.0,0.0,438,347133.0
2018-01-25,795.0,810.0,800.0,800.0,0.0,550,442610.0
2018-01-24,793.0,808.0,792.0,795.0,0.0,286,226975.0
2018-01-23,800.0,805.0,792.0,793.0,0.0,444,352470.0
2018-01-22,793.0,800.0,785.0,800.0,0.0,621,493375.0
2018-01-21,793.0,806.0,793.0,793.0,0.0,600,480330.0
2018-01-17,793.0,814.0,793.0,793.0,0.0,891,714405.0
2018-01-16,805.0,821.0,793.0,793.0,0.0,4232,3381750.0
2018-01-14,806.0,832.0,797.0,805.0,0.0,820,662780.0
2018-01-10,820.0,821.0,805.0,806.0,0.0,12565,10154360.0
2018-01-09,830.0,835.0,820.0,820.0,0.0,8632,7129776.0
2018-01-08,830.0,845.0,825.0,830.0,0.0,6017,5012667.0
2018-01-07,820.0,835.0,830.0,830.0,0.0,898,746080.0
2018-01-04,824.0,825.0,808.0,820.0,0.0,1756,1439226.0
2018-01-03,825.0,824.0,806.0,824.0,0.0,546,442880.0
2018-01-02,850.0,850.0,825.0,825.0,0.0,7033,5898646.0
2018-01-01,802.0,850.0,818.0,850.0,0.0,1436,1189815.0
2017-12-31,801.0,820.0,790.0,802.0,0.0,2111,1691991.0
2017-12-28,810.0,810.0,794.0,801.0,0.0,1256,1008944.0
2017-12-27,826.0,820.0,794.0,810.0,0.0,1173,945912.0
2017-12-26,852.0,837.0,820.0,826.0,0.0,2511,2086055.0
2017-12-24,869.0,869.0,852.0,852.0,0.0,868,743281.0
2017-12-21,999.0,995.0,981.0,982.0,0.0,3778,3722724.0
2017-12-20,1005.0,1000.0,985.0,999.0,0.0,1236,1221667.0
2017-12-19,1005.0,1005.0,990.0,1005.0,0.0,1449,1444434.0
2017-12-18,1011.0,1018.0,1005.0,1005.0,0.0,1180,1189797.0
2017-12-17,1007.0,1027.0,1000.0,1011.0,0.0,4634,4697068.0
2017-12-14,1028.0,1015.0,1003.0,1007.0,0.0,1470,1480400.0
2017-12-13,1022.0,1028.0,1020.0,1028.0,0.0,200,204400.0
2017-12-12,1005.0,1032.0,1000.0,1022.0,0.0,2927,2952599.0
2017-12-11,1036.0,1020.0,1005.0,1005.0,0.0,150,151850.0
2017-12-10,1044.0,1036.0,1015.0,1036.0,0.0,1281,1307815.0
2017-12-06,1024.0,1044.0,1010.0,1044.0,0.0,1848,1909865.0
2017-12-05,1013.0,1029.0,1000.0,1024.0,0.0,539,548632.0
2017-12-04,1032.0,1020.0,1012.0,1013.0,0.0,815,828545.0
2017-11-30,1033.0,1044.0,1020.0,1032.0,0.0,1820,1879640.0
2017-11-29,1010.0,1042.0,1020.0,1033.0,0.0,3039,3131227.0
2017-11-28,1020.0,1020.0,1005.0,1010.0,0.0,1585,1603975.0
2017-11-27,1015.0,1020.0,996.0,1020.0,0.0,2292,2312122.0
2017-11-26,995.0,1021.0,1000.0,1015.0,0.0,3937,3958977.0
2017-11-23,994.0,1008.0,991.0,995.0,0.0,1646,1645040.0
2017-11-22,995.0,995.0,985.0,994.0,0.0,1033,1021964.0
2017-11-21,1000.0,1015.0,985.0,995.0,0.0,4155,4118394.0
2017-11-20,1020.0,1001.0,1000.0,1000.0,0.0,550,550080.0
2017-11-19,1013.0,1020.0,1010.0,1020.0,0.0,653,661285.0
2017-11-16,1037.0,1020.0,1000.0,1013.0,0.0,4019,4046344.0
2017-11-15,1060.0,1054.0,1015.0,1037.0,0.0,2229,2290891.0
2017-11-14,1020.0,1060.0,1000.0,1060.0,0.0,6869,7115662.0
2017-11-13,1050.0,1065.0,1020.0,1020.0,0.0,3407,3517258.0
2017-11-12,1045.0,1050.0,1030.0,1050.0,0.0,757,791502.0
2017-11-09,1024.0,1064.0,1024.0,1045.0,0.0,2476,2563114.0
2017-11-08,1062.0,1064.0,1024.0,1024.0,0.0,1004,1050137.0
2017-11-07,1080.0,1100.0,1057.0,1062.0,0.0,1106,1180684.0
2017-11-06,1072.0,1100.0,1061.0,1080.0,0.0,1870,2018692.0
2017-11-05,1115.0,1110.0,1072.0,1072.0,0.0,1033,1127676.0
2017-11-02,1142.0,1125.0,1103.0,1115.0,0.0,450,499790.0
2017-11-01,1135.0,1142.0,1110.0,1142.0,0.0,5395,6092023.0
2017-10-31,1130.0,1135.0,1130.0,1135.0,0.0,385,436300.0
2017-10-30,1140.0,1135.0,1125.0,1130.0,0.0,1010,1142550.0
2017-10-29,1146.0,1145.0,1140.0,1140.0,0.0,298,340070.0
2017-10-25,1150.0,1155.0,1146.0,1146.0,0.0,305,350515.0
2017-10-24,1149.0,1155.0,1140.0,1150.0,0.0,1885,2157300.0
2017-10-23,1152.0,1155.0,1145.0,1149.0,0.0,576,660332.0
2017-10-22,1185.0,1175.0,1152.0,1152.0,0.0,300,349150.0
2017-10-18,1185.0,1185.0,1165.0,1185.0,0.0,262,309685.0
2017-10-17,1215.0,1200.0,1180.0,1185.0,0.0,628,745667.0
2017-10-16,1178.0,1215.0,1175.0,1215.0,0.0,2434,2904238.0
2017-10-15,1137.0,1180.0,1115.0,1178.0,0.0,604,701869.0
2017-10-12,1160.0,1162.0,1137.0,1137.0,0.0,405,463095.0
2017-10-11,1130.0,1160.0,1110.0,1160.0,0.0,1305,1496932.0
2017-10-10,1122.0,1142.0,1120.0,1130.0,0.0,1365,1545595.0
2017-10-09,1151.0,1150.0,1122.0,1122.0,0.0,1583,1788248.0
2017-10-08,1225.0,1225.0,1117.0,1151.0,0.0,7511,8566421.0
2017-10-04,1310.0,1312.0,1203.0,1225.0,0.0,4254,5404711.0
2017-09-26,1310.0,1324.0,1310.0,1310.0,0.0,1107,1458235.0
2017-09-25,1310.0,1336.0,1310.0,1310.0,0.0,1400,1848070.0
2017-09-24,1301.0,1310.0,1310.0,1310.0,0.0,23,30095.0
2017-09-20,1320.0,1320.0,1300.0,1301.0,0.0,774,1013861.0
2017-09-18,1318.0,1322.0,1310.0,1320.0,0.0,991,1303375.0
2017-09-17,1312.0,1340.0,1300.0,1318.0,0.0,2237,2949515.0
2017-09-14,1287.0,1326.0,1294.0,1312.0,0.0,3149,4105402.0
2017-09-13,1307.0,1345.0,1281.0,1287.0,0.0,4810,6234849.0
2017-09-12,1350.0,1340.0,1306.0,1307.0,0.0,2389,3151989.0
2017-09-11,1345.0,1371.0,1320.0,1350.0,0.0,2102,2832112.0
2017-09-10,1397.0,1380.0,1345.0,1345.0,0.0,1630,2221736.0
2017-09-07,1381.0,1415.0,1380.0,1397.0,0.0,8173,11426820.0
2017-09-06,1350.0,1410.0,1370.0,1381.0,0.0,3676,5083262.0
2017-09-04,1400.0,1400.0,1341.0,1350.0,0.0,6015,8223738.0
2017-08-31,1411.0,1420.0,1392.0,1400.0,0.0,4731,6602796.0
2017-08-30,1440.0,1426.0,1405.0,1411.0,0.0,4254,6038265.0
2017-08-28,1406.0,1448.0,1400.0,1440.0,0.0,9353,13262156.0
2017-08-27,1405.0,1415.0,1400.0,1406.0,0.0,1790,2513570.0
2017-08-24,1393.0,1407.0,1400.0,1405.0,0.0,2828,3967790.0
2017-08-23,1400.0,1405.0,1393.0,1393.0,0.0,1168,1633574.0
2017-08-22,1400.0,1440.0,1391.0,1400.0,0.0,3638,5154980.0
2017-08-21,1410.0,1400.0,1390.0,1400.0,0.0,279,389937.0
2017-08-20,1436.0,1440.0,1408.0,1410.0,0.0,541,766415.0
2017-08-17,1440.0,1440.0,1430.0,1436.0,0.0,450,645060.0
2017-08-16,1432.0,1450.0,1405.0,1440.0,0.0,1210,1743700.0
2017-08-15,1451.0,1435.0,1430.0,1432.0,0.0,1152,1650354.0
2017-08-13,1472.0,1470.0,1445.0,1451.0,0.0,1724,2504518.0
2017-08-10,1505.0,1520.0,1470.0,1472.0,0.0,4170,6229930.0
2017-08-09,1480.0,1510.0,1485.0,1505.0,0.0,11872,17831944.0
2017-08-07,1464.0,1490.0,1477.0,1480.0,0.0,6249,9280646.0
2017-08-06,1460.0,1485.0,1451.0,1464.0,0.0,3907,5722019.0
2017-08-03,1480.0,1499.0,1460.0,1460.0,0.0,8078,11913402.0
2017-08-02,1485.0,1525.0,1470.0,1480.0,0.0,10350,15467866.0
2017-08-01,1443.0,1500.0,1440.0,1485.0,0.0,11777,17250444.0
2017-07-31,1454.0,1450.0,1425.0,1443.0,0.0,4078,5856465.0
2017-07-30,1467.0,1470.0,1419.0,1454.0,0.0,4022,5796447.0
2017-07-27,1397.0,1490.0,1385.0,1467.0,0.0,14019,20325906.0
2017-07-26,1350.0,1397.0,1325.0,1397.0,0.0,4906,6635231.0
2017-07-25,1360.0,1360.0,1350.0,1350.0,0.0,695,938610.0
2017-07-24,1373.0,1400.0,1351.0,1360.0,0.0,2272,3095100.0
2017-07-23,1365.0,1374.0,1360.0,1373.0,0.0,2160,2953702.0
2017-07-20,1350.0,1375.0,1345.0,1365.0,0.0,8312,11305253.0
2017-07-19,1378.0,1392.0,1349.0,1350.0,0.0,5974,8124860.0
2017-07-18,1319.0,1380.0,1318.0,1378.0,0.0,20243,27288816.0
2017-07-17,1285.0,1319.0,1264.0,1319.0,0.0,7828,10037810.0
2017-07-16,1285.0,1315.0,1285.0,1285.0,0.0,1538,1993728.0
2017-07-13,1288.0,1285.0,1280.0,1285.0,0.0,380,487225.0
2017-07-12,1310.0,1310.0,1280.0,1288.0,0.0,2440,3143080.0
2017-07-11,1285.0,1315.0,1284.0,1310.0,0.0,2867,3700780.0
2017-07-10,1310.0,1315.0,1285.0,1285.0,0.0,2830,3652710.0
2017-07-09,1300.0,1377.0,1240.0,1310.0,0.0,10553,14042545.0
2017-07-06,1263.0,1300.0,1245.0,1300.0,0.0,49444,62045392.0
2017-07-05,1240.0,1263.0,1230.0,1263.0,0.0,2548,3173160.0
2017-07-04,1248.0,1242.0,1240.0,1240.0,0.0,112,138959.0
2017-07-03,1250.0,1250.0,1242.0,1248.0,0.0,3057,3814966.0
2017-07-02,1270.0,1250.0,1240.0,1250.0,0.0,3980,4966935.0
2017-06-28,1270.0,1284.0,1270.0,1270.0,0.0,1148,1462475.0
2017-06-27,1285.0,1289.0,1270.0,1270.0,0.0,1937,2483656.0
2017-06-25,1297.0,1305.0,1260.0,1285.0,0.0,10183,13041131.0
2017-06-22,1270.0,1298.0,1260.0,1297.0,0.0,1706,2186778.0
2017-06-21,1258.0,1270.0,1250.0,1270.0,0.0,1206,1524980.0
2017-06-20,1252.0,1259.0,1230.0,1258.0,0.0,1574,1952694.0
2017-06-19,1282.0,1275.0,1235.0,1252.0,0.0,1088,1366846.0
2017-06-18,1315.0,1298.0,1282.0,1282.0,0.0,758,976254.0
2017-06-15,1300.0,1325.0,1278.0,1315.0,0.0,2937,3833526.0
2017-06-14,1310.0,1312.0,1300.0,1300.0,0.0,1941,2539850.0
2017-06-13,1285.0,1310.0,1260.0,1310.0,0.0,2435,3122905.0
2017-06-12,1300.0,1320.0,1266.0,1285.0,0.0,1575,2026950.0
2017-06-11,1355.0,1331.0,1300.0,1300.0,0.0,2151,2810562.0
2017-06-08,1314.0,1358.0,1306.0,1355.0,0.0,11167,14663145.0
2017-06-07,1340.0,1378.0,1314.0,1314.0,0.0,5182,6947490.0
2017-06-06,1300.0,1350.0,1300.0,1340.0,0.0,4025,5307449.0
2017-06-05,1331.0,1330.0,1275.0,1300.0,0.0,3077,4001145.0
2017-06-04,1330.0,1331.0,1305.0,1331.0,0.0,563,741208.0
2017-06-01,1377.0,1370.0,1330.0,1330.0,0.0,800,1071900.0
2017-05-31,1300.0,1377.0,1300.0,1377.0,0.0,3101,4092950.0
2017-05-30,1345.0,1322.0,1300.0,1300.0,0.0,3001,3933276.0
2017-05-28,1389.0,1371.0,1315.0,1345.0,0.0,2055,2765621.0
2017-05-24,1380.0,1389.0,1370.0,1389.0,0.0,984,1358244.0
2017-05-23,1369.0,1396.0,1380.0,1380.0,0.0,210,289960.0
2017-05-22,1380.0,1369.0,1357.0,1369.0,0.0,580,792376.0
2017-05-21,1389.0,1380.0,1362.0,1380.0,0.0,580,795748.0
2017-05-18,1375.0,1389.0,1389.0,1389.0,0.0,50,69450.0
2017-05-17,1394.0,1390.0,1375.0,1375.0,0.0,1039,1435568.0
2017-05-16,1385.0,1395.0,1370.0,1394.0,0.0,1835,2525785.0
2017-05-15,1396.0,1400.0,1385.0,1385.0,0.0,234,325790.0
2017-05-11,1400.0,1415.0,1390.0,1396.0,0.0,1013,1415338.0
2017-05-09,1381.0,1400.0,1390.0,1400.0,0.0,715,996325.0
2017-05-08,1392.0,1419.0,1381.0,1381.0,0.0,398,557580.0
2017-05-07,1405.0,1400.0,1390.0,1392.0,0.0,926,1293246.0
2017-05-04,1415.0,1405.0,1387.0,1405.0,0.0,170,237930.0
2017-05-03,1438.0,1466.0,1415.0,1415.0,0.0,320,460950.0
2017-05-02,1401.0,1438.0,1382.0,1438.0,0.0,1403,1974887.0
2017-04-30,1435.0,1407.0,1380.0,1401.0,0.0,349,488899.0
2017-04-27,1464.0,1480.0,1435.0,1435.0,0.0,2250,3292004.0
2017-04-26,1436.0,1464.0,1410.0,1464.0,0.0,1199,1716964.0
2017-04-24,1470.0,1475.0,1394.0,1436.0,0.0,804,1148976.0
2017-04-23,1420.0,1476.0,1426.0,1470.0,0.0,7790,11225378.0
2017-04-20,1450.0,1499.0,1405.0,1420.0,0.0,4653,6746405.0
2017-04-19,1350.0,1452.0,1297.0,1450.0,0.0,736,981550.0
2017-04-18,1430.0,1402.0,1306.0,1350.0,0.0,3139,4267120.0
2017-04-16,1490.0,1500.0,1430.0,1430.0,0.0,1462,2117130.0
2017-04-13,1480.0,1530.0,1432.0,1490.0,0.0,2844,4241775.0
2017-04-12,1450.0,1595.0,1479.0,1480.0,0.0,7620,11771735.0
2017-04-11,1380.0,1461.0,1390.0,1450.0,0.0,6824,9705894.0
2017-04-10,1255.0,1380.0,1270.0,1380.0,0.0,5355,7320761.0
2017-04-09,1261.0,1260.0,1236.0,1255.0,0.0,759,948765.0
2017-04-06,1284.0,1294.0,1260.0,1261.0,0.0,1871,2369719.0
2017-04-04,1300.0,1300.0,1250.0,1284.0,0.0,1678,2142252.0
2017-04-03,1351.0,1400.0,1300.0,1300.0,0.0,3020,4104100.0
2017-04-02,1230.0,1351.0,1206.0,1351.0,0.0,1877,2455062.0
2017-03-30,1225.0,1230.0,1177.0,1230.0,0.0,2517,3049038.0
2017-03-29,1290.0,1315.0,1225.0,1225.0,0.0,3856,4880596.0
2017-03-28,1190.0,1290.0,1190.0,1290.0,0.0,2071,2545134.0
2017-03-26,1123.0,1203.0,1140.0,1190.0,0.0,3082,3587725.0
2017-03-23,1090.0,1154.0,1075.0,1123.0,0.0,4223,4618639.0
2017-03-22,991.0,1090.0,1010.0,1090.0,0.0,1751,1900560.0
2017-03-21,901.0,991.0,900.0,991.0,0.0,1436,1362444.0
2017-03-20,885.0,933.0,885.0,901.0,0.0,1091,998121.0
2017-03-19,883.0,900.0,880.0,885.0,0.0,560,497700.0
2017-03-16,901.0,900.0,883.0,883.0,0.0,985,873745.0
2017-03-15,908.0,910.0,880.0,901.0,0.0,841,753285.0
2017-03-14,887.0,920.0,885.0,908.0,0.0,1975,1786575.0
2017-03-13,865.0,890.0,850.0,887.0,0.0,1159,1017965.0
2017-03-09,1360.0,1442.0,1381.0,1420.0,0.0,13682,19232164.0
2017-03-07,1414.0,1430.0,1360.0,1360.0,0.0,6282,8752559.0
2017-03-06,1426.0,1470.0,1404.0,1414.0,0.0,5101,7331779.0
2017-03-05,1299.0,1427.0,1324.0,1426.0,0.0,6735,9251706.0
2017-03-02,1294.0,1315.0,1269.0,1299.0,0.0,2343,3034012.0
2017-03-01,1295.0,1320.0,1269.0,1294.0,0.0,1390,1784690.0
2017-02-28,1215.0,1326.0,1215.0,1295.0,0.0,2145,2718102.0
2017-02-26,1280.0,1260.0,1215.0,1215.0,0.0,450,554300.0
2017-02-23,1305.0,1280.0,1280.0,1280.0,0.0,51,65255.0
2017-02-22,1331.0,1305.0,1256.0,1305.0,0.0,364,464752.0
2017-02-21,1357.0,1357.0,1300.0,1331.0,0.0,903,1195568.0
2017-02-20,1309.0,1400.0,1300.0,1357.0,0.0,3310,4466850.0
2017-02-19,1208.0,1309.0,1180.0,1309.0,0.0,353,422000.0
2017-02-16,1140.0,1208.0,1118.0,1208.0,0.0,478,557710.0
2017-02-15,1080.0,1140.0,1090.0,1140.0,0.0,1153,1269577.0
2017-02-14,1074.0,1100.0,1035.0,1080.0,0.0,937,1008583.0
2017-02-13,1154.0,1139.0,1039.0,1074.0,0.0,992,1065516.0
2017-02-12,1201.0,1177.0,1154.0,1154.0,0.0,60,69930.0
2017-02-09,1259.0,1275.0,1201.0,1201.0,0.0,1106,1369542.0
2017-02-08,1314.0,1310.0,1259.0,1259.0,0.0,90,116110.0
2017-02-07,1314.0,1315.0,1295.0,1314.0,0.0,350,455300.0
2017-02-06,1375.0,1356.0,1260.0,1314.0,0.0,816,1078616.0
2017-02-05,1290.0,1380.0,1296.0,1375.0,0.0,1474,1947685.0
2017-02-02,1173.0,1290.0,1168.0,1290.0,0.0,1500,1853292.0
2017-02-01,1070.0,1173.0,1068.0,1173.0,0.0,1295,1436450.0
2017-01-31,1095.0,1074.0,1040.0,1070.0,0.0,784,828668.0
2017-01-30,1180.0,1162.0,1095.0,1095.0,0.0,90,100760.0
2017-01-26,1217.0,1200.0,1180.0,1180.0,0.0,1176,1401812.0
2017-01-25,1352.0,1325.0,1217.0,1217.0,0.0,1027,1307281.0
2017-01-24,1407.0,1379.0,1352.0,1352.0,0.0,180,244760.0
2017-01-23,1380.0,1407.0,1407.0,1407.0,0.0,10,14070.0
2017-01-22,1410.0,1400.0,1375.0,1380.0,0.0,669,925870.0
2017-01-19,1397.0,1410.0,1405.0,1410.0,0.0,250,352050.0
2017-01-18,1363.0,1397.0,1360.0,1397.0,0.0,479,657130.0
2017-01-17,1415.0,1390.0,1363.0,1363.0,0.0,616,850216.0
2017-01-16,1372.0,1415.0,1399.0,1415.0,0.0,115,162485.0
2017-01-15,1400.0,1372.0,1372.0,1372.0,0.0,80,109760.0
2017-01-11,1400.0,1400.0,1375.0,1400.0,0.0,485,676948.0
2017-01-10,1428.0,1412.0,1400.0,1400.0,0.0,450,633450.0
2017-01-09,1400.0,1428.0,1400.0,1428.0,0.0,168,237980.0
2017-01-08,1385.0,1400.0,1358.0,1400.0,0.0,467,639078.0
2017-01-05,1410.0,1385.0,1385.0,1385.0,0.0,17,23545.0
2017-01-04,1407.0,1410.0,1375.0,1410.0,0.0,193,270790.0
2017-01-03,1420.0,1433.0,1407.0,1407.0,0.0,592,836310.0
2017-01-02,1421.0,1473.0,1416.0,1420.0,0.0,562,805540.0
2017-01-01,1422.0,1478.0,1421.0,1421.0,0.0,507,724435.0
2016-12-29,1430.0,1458.0,1422.0,1422.0,0.0,132,189080.0
2016-12-28,1400.0,1433.0,1372.0,1430.0,0.0,695,972178.0
2016-12-27,1426.0,1426.0,1400.0,1400.0,0.0,417,586198.0
2016-12-26,1544.0,1515.0,1426.0,1426.0,0.0,328,482202.0
2016-12-22,1515.0,1575.0,1540.0,1544.0,0.0,158,246132.0
2016-12-21,1490.0,1515.0,1515.0,1515.0,0.0,20,30300.0
2016-12-20,1475.0,1490.0,1447.0,1490.0,0.0,1318,1920074.0
2016-12-19,1481.0,1481.0,1475.0,1475.0,0.0,1007,1486447.0
2016-12-18,1489.0,1500.0,1452.0,1481.0,0.0,2045,2995915.0
2016-12-15,1465.0,1489.0,1450.0,1489.0,0.0,203,296790.0
2016-12-14,1470.0,1470.0,1441.0,1465.0,0.0,588,857490.0
2016-12-12,1490.0,1470.0,1470.0,1470.0,0.0,65,95550.0
2016-12-11,1526.0,1500.0,1490.0,1490.0,0.0,200,299100.0
2016-12-08,1526.0,1535.0,1526.0,1526.0,0.0,500,764800.0
2016-12-07,1562.0,1560.0,1526.0,1526.0,0.0,293,450050.0
2016-12-06,1565.0,1585.0,1540.0,1562.0,0.0,343,537810.0
2016-12-05,1684.0,1651.0,1565.0,1565.0,0.0,423,672770.0
2016-12-04,1651.0,1684.0,1650.0,1684.0,0.0,361,598180.0
2016-12-01,1648.0,1810.0,1600.0,1651.0,0.0,1713,2923023.0
2016-11-30,1499.0,1648.0,1528.0,1648.0,0.0,1696,2690120.0
2016-11-29,1525.0,1501.0,1470.0,1499.0,0.0,989,1472355.0
2016-11-28,1500.0,1525.0,1470.0,1525.0,0.0,490,724770.0
2016-11-27,1530.0,1500.0,1500.0,1500.0,0.0,100,150000.0
2016-11-24,1509.0,1530.0,1500.0,1530.0,0.0,502,755281.0
2016-11-23,1660.0,1630.0,1509.0,1509.0,0.0,1249,1934372.0
2016-11-22,1700.0,1685.0,1660.0,1660.0,0.0,1029,1722605.0
2016-11-21,1700.0,1700.0,1655.0,1700.0,0.0,1102,1847715.0
2016-11-20,1772.0,1737.0,1700.0,1700.0,0.0,864,1474218.0
2016-11-17,1790.0,1810.0,1772.0,1772.0,0.0,443,793845.0
2016-11-16,1820.0,1870.0,1790.0,1790.0,0.0,929,1694218.0
2016-11-15,1809.0,1820.0,1810.0,1820.0,0.0,2177,3951640.0
2016-11-14,1836.0,1810.0,1809.0,1809.0,0.0,172,311264.0
2016-11-13,1870.0,1865.0,1836.0,1836.0,0.0,819,1518817.0
2016-11-10,1880.0,1870.0,1851.0,1870.0,0.0,557,1036700.0
2016-11-09,1880.0,1880.0,1851.0,1880.0,0.0,383,715881.0
2016-11-08,1900.0,1960.0,1880.0,1880.0,0.0,1881,3601724.0
2016-11-07,1907.0,1928.0,1900.0,1900.0,0.0,176,335702.0
2016-11-03,1850.0,1907.0,1840.0,1907.0,0.0,339,633423.0
2016-10-27,1810.0,1876.0,1840.0,1850.0,0.0,289,533210.0
2016-10-26,1810.0,1810.0,1810.0,1810.0,0.0,200,362000.0
2016-10-25,1916.0,1878.0,1810.0,1810.0,0.0,339,619608.0
2016-10-24,1955.0,1916.0,1916.0,1916.0,0.0,50,95800.0
2016-10-20,1950.0,1955.0,1949.0,1955.0,0.0,183,356769.0
2016-10-19,1980.0,2000.0,1950.0,1950.0,0.0,998,1983670.0
2016-10-17,1965.0,1980.0,1980.0,1980.0,0.0,176,348480.0
2016-10-06,1960.0,1965.0,1965.0,1965.0,0.0,30,58950.0
2016-10-04,1950.0,1975.0,1960.0,1960.0,0.0,584,1146312.0
2016-10-03,1850.0,1950.0,1879.0,1950.0,0.0,962,1844368.0
2016-10-02,1899.0,1862.0,1850.0,1850.0,0.0,322,597064.0
2016-09-29,1900.0,1900.0,1880.0,1899.0,0.0,650,1233182.0
2016-09-27,1926.0,1930.0,1900.0,1900.0,0.0,1344,2578183.0
2016-09-26,1820.0,1957.0,1770.0,1926.0,0.0,1697,3104406.0
2016-09-25,1958.0,1949.0,1764.0,1820.0,0.0,1110,2063146.0
2016-09-22,2040.0,2050.0,1958.0,1958.0,0.0,737,1482770.0
2016-09-21,1960.0,2040.0,1950.0,2040.0,0.0,853,1681277.0
2016-09-20,2085.0,2044.0,1950.0,1960.0,0.0,1227,2423910.0
2016-09-18,2230.0,2186.0,2055.0,2085.0,0.0,1198,2526907.0
2016-09-14,2220.0,2235.0,2200.0,2230.0,0.0,757,1686695.0
2016-09-12,2190.0,2260.0,2211.0,2220.0,0.0,3548,7966512.0
2016-09-11,2160.0,2193.0,2150.0,2190.0,0.0,1958,4231404.0
2016-09-08,2190.0,2230.0,2156.0,2160.0,0.0,282,615744.0
2016-09-07,2160.0,2190.0,2150.0,2190.0,0.0,177,384590.0
2016-09-06,2100.0,2200.0,2120.0,2160.0,0.0,587,1276116.0
2016-09-05,2085.0,2110.0,2100.0,2100.0,0.0,394,828400.0
2016-09-04,2100.0,2110.0,2056.0,2085.0,0.0,1352,2822633.0
2016-09-03,2100.0,2110.0,2056.0,2085.0,0.0,1352,2822633.0
2016-09-01,2118.0,2120.0,2100.0,2100.0,0.0,181,381100.0
2016-08-31,2100.0,2118.0,2100.0,2118.0,0.0,451,952255.0
2016-08-30,2118.0,2105.0,2100.0,2100.0,0.0,452,949300.0
2016-08-29,2120.0,2150.0,2077.0,2118.0,0.0,294,620545.0
2016-08-28,2020.0,2120.0,2000.0,2120.0,0.0,1505,3040020.0
2016-08-24,1980.0,2025.0,1941.0,2020.0,0.0,726,1451586.0
2016-08-23,2095.0,2095.0,1980.0,1980.0,0.0,859,1758405.0
2016-08-22,2166.0,2125.0,2060.0,2095.0,0.0,236,496940.0
2016-08-21,2210.0,2180.0,2166.0,2166.0,0.0,320,694520.0
2016-08-17,2154.0,2210.0,2150.0,2210.0,0.0,267,584960.0
2016-08-16,2070.0,2154.0,2070.0,2154.0,0.0,446,935782.0
2016-08-15,2120.0,2085.0,2070.0,2070.0,0.0,684,1423804.0
2016-08-14,2200.0,2160.0,2120.0,2120.0,0.0,298,639460.0
2016-08-11,2210.0,2200.0,2166.0,2200.0,0.0,265,575586.0
2016-08-10,2109.0,2288.0,2130.0,2210.0,0.0,1773,3901839.0
2016-08-09,2028.0,2109.0,2068.0,2109.0,0.0,110,227890.0
2016-08-08,2184.0,2145.0,2028.0,2028.0,0.0,495,1036410.0
2016-08-07,2182.0,2288.0,2182.0,2184.0,0.0,1640,3614652.0
2016-08-04,2260.0,2230.0,2182.0,2182.0,0.0,1054,2322100.0
2016-08-03,2270.0,2304.0,2250.0,2260.0,0.0,824,1872750.0
2016-08-02,2310.0,2310.0,2250.0,2270.0,0.0,771,1755955.0
2016-08-01,2350.0,2350.0,2304.0,2310.0,0.0,1392,3253566.0
2016-07-31,2330.0,2370.0,2350.0,2350.0,0.0,249,586130.0
2016-07-28,2365.0,2365.0,2318.0,2330.0,0.0,735,1720949.0
2016-07-27,2375.0,2400.0,2365.0,2365.0,0.0,858,2042774.0
2016-07-26,2300.0,2380.0,2270.0,2375.0,0.0,2338,5520259.0
2016-07-25,2250.0,2300.0,2225.0,2300.0,0.0,635,1429498.0
2016-07-21,2180.0,2285.0,2200.0,2250.0,0.0,2011,4471926.0
2016-07-20,2320.0,2280.0,2142.0,2180.0,0.0,3146,6921838.0
2016-07-19,2430.0,2429.0,2250.0,2320.0,0.0,3918,9045187.0
2016-07-18,2700.0,2646.0,2430.0,2430.0,0.0,757,1845882.0
2016-07-14,2470.0,2710.0,2500.0,2700.0,0.0,5901,15559056.0
2016-07-13,2560.0,2540.0,2405.0,2470.0,0.0,2169,5338861.0
2016-07-12,2660.0,2607.0,2560.0,2560.0,0.0,275,707475.0
2016-07-11,2661.0,2714.0,2650.0,2660.0,0.0,1376,3672160.0
2016-07-10,2620.0,2740.0,2648.0,2661.0,0.0,1738,4716900.0
2016-07-06,2680.0,2660.0,2598.0,2620.0,0.0,1135,2989840.0
2016-07-05,2680.0,2680.0,2670.0,2680.0,0.0,120,320600.0
2016-07-04,2849.0,2850.0,2680.0,2680.0,0.0,2210,5992700.0
2016-07-03,2590.0,2849.0,2580.0,2849.0,0.0,9606,25979972.0
2016-06-30,2488.0,2600.0,2537.0,2590.0,0.0,2220,5740000.0
2016-06-29,2500.0,2500.0,2488.0,2488.0,0.0,179,446552.0
2016-06-28,2501.0,2500.0,2451.0,2500.0,0.0,1377,3440155.0
2016-06-26,2550.0,2525.0,2501.0,2501.0,0.0,2231,5598925.0
2016-06-23,2555.0,2572.0,2545.0,2550.0,0.0,1327,3402204.0
2016-06-22,2495.0,2560.0,2500.0,2555.0,0.0,2651,6724160.0
2016-06-21,2499.0,2495.0,2495.0,2495.0,0.0,50,124750.0
2016-06-20,2500.0,2499.0,2410.0,2499.0,0.0,730,1782500.0
2016-06-19,2416.0,2550.0,2416.0,2500.0,0.0,1292,3219166.0
2016-06-16,2475.0,2475.0,2416.0,2416.0,0.0,996,2425896.0
2016-06-15,2500.0,2505.0,2475.0,2475.0,0.0,1325,3285725.0
2016-06-14,2570.0,2519.0,2421.0,2500.0,0.0,2325,5728629.0
2016-06-13,2400.0,2570.0,2400.0,2570.0,0.0,2197,5404514.0
2016-06-12,2346.0,2439.0,2390.0,2400.0,0.0,1266,3058585.0
2016-06-09,2300.0,2346.0,2320.0,2346.0,0.0,362,845452.0
2016-06-08,2376.0,2330.0,2300.0,2300.0,0.0,1463,3370900.0
2016-06-07,2345.0,2376.0,2330.0,2376.0,0.0,140,328040.0
2016-06-06,2352.0,2360.0,2320.0,2345.0,0.0,897,2102745.0
2016-06-02,2395.0,2400.0,2352.0,2352.0,0.0,599,1418548.0
2016-05-31,2406.0,2410.0,2355.0,2395.0,0.0,907,2155515.0
2016-05-30,2455.0,2406.0,2406.0,2406.0,0.0,45,108270.0
2016-05-29,2480.0,2455.0,2450.0,2455.0,0.0,631,1547955.0
2016-05-26,2405.0,2480.0,2448.0,2480.0,0.0,481,1179699.0
2016-05-25,2400.0,2495.0,2405.0,2405.0,0.0,739,1813865.0
2016-05-24,2346.0,2400.0,2392.0,2400.0,0.0,700,1679200.0
2016-05-23,2330.0,2346.0,2291.0,2346.0,0.0,377,870134.0
2016-05-22,2350.0,2425.0,2330.0,2330.0,0.0,1601,3783907.0
2016-05-19,2325.0,2350.0,2300.0,2350.0,0.0,754,1748260.0
2016-05-18,2345.0,2330.0,2325.0,2325.0,0.0,150,349000.0
2016-05-17,2335.0,2345.0,2335.0,2345.0,0.0,246,575970.0
2016-05-16,2350.0,2335.0,2335.0,2335.0,0.0,100,233500.0
2016-05-15,2370.0,2360.0,2350.0,2350.0,0.0,113,265750.0
2016-05-12,2330.0,2370.0,2340.0,2370.0,0.0,595,1395780.0
2016-05-11,2360.0,2335.0,2330.0,2330.0,0.0,361,842130.0
2016-05-10,2330.0,2360.0,2330.0,2360.0,0.0,735,1731329.0
2016-05-09,2370.0,2330.0,2278.0,2330.0,0.0,1482,3404090.0
2016-05-08,2352.0,2370.0,2352.0,2370.0,0.0,280,660840.0
2016-05-05,2400.0,2352.0,2352.0,2352.0,0.0,60,141120.0
2016-05-04,2323.0,2400.0,2369.0,2400.0,0.0,131,312380.0
2016-05-03,2370.0,2323.0,2323.0,2323.0,0.0,84,195132.0
2016-05-02,2400.0,2380.0,2356.0,2370.0,0.0,325,770000.0
2016-04-28,2401.0,2497.0,2400.0,2400.0,0.0,1214,2954650.0
2016-04-27,2360.0,2401.0,2350.0,2401.0,0.0,1166,2771771.0
2016-04-26,2355.0,2361.0,2335.0,2360.0,0.0,2115,4970525.0
2016-04-25,2330.0,2376.0,2349.0,2355.0,0.0,485,1144875.0
2016-04-24,2340.0,2361.0,2300.0,2330.0,0.0,326,758932.0
2016-04-20,2340.0,2370.0,2338.0,2340.0,0.0,1181,2767040.0
2016-04-19,2295.0,2350.0,2300.0,2340.0,0.0,2567,5977810.0
2016-04-18,2244.0,2295.0,2250.0,2295.0,0.0,194,437400.0
2016-04-17,2213.0,2244.0,2200.0,2244.0,0.0,709,1561516.0
2016-04-14,2200.0,2213.0,2170.0,2213.0,0.0,110,239130.0
2016-04-12,2230.0,2200.0,2200.0,2200.0,0.0,54,118800.0
2016-04-11,2250.0,2230.0,2216.0,2230.0,0.0,180,399500.0
2016-04-10,2260.0,2260.0,2250.0,2250.0,0.0,322,724800.0
2016-04-06,2280.0,2290.0,2260.0,2260.0,0.0,207,471030.0
2016-04-04,2215.0,2280.0,2230.0,2280.0,0.0,500,1124000.0
2016-04-03,2271.0,2228.0,2215.0,2215.0,0.0,220,488820.0
2016-03-31,2350.0,2315.0,2270.0,2271.0,0.0,301,684365.0
2016-03-30,2310.0,2350.0,2310.0,2350.0,0.0,250,581000.0
2016-03-29,2346.0,2310.0,2300.0,2310.0,0.0,259,597610.0
2016-03-28,2325.0,2346.0,2300.0,2346.0,0.0,524,1217060.0
2016-03-27,2352.0,2345.0,2325.0,2325.0,0.0,59,137897.0
2016-03-24,2373.0,2400.0,2352.0,2352.0,0.0,60,143520.0
2016-03-23,2350.0,2375.0,2345.0,2373.0,0.0,200,472150.0
2016-03-21,2390.0,2350.0,2350.0,2350.0,0.0,30,70500.0
2016-03-20,2380.0,2400.0,2350.0,2390.0,0.0,380,906900.0
2016-03-17,2397.0,2400.0,2380.0,2380.0,0.0,433,1032416.0
2016-03-16,2350.0,2397.0,2350.0,2397.0,0.0,487,1161080.0
2016-03-15,2350.0,2350.0,2304.0,2350.0,0.0,2294,5299988.0
2016-03-14,2380.0,2350.0,2335.0,2350.0,0.0,102,238920.0
2016-03-13,2440.0,2400.0,2350.0,2380.0,0.0,2087,4967315.0
2016-03-10,2375.0,2450.0,2400.0,2440.0,0.0,2395,5817020.0
2016-03-03,2421.0,2430.0,2375.0,2375.0,0.0,581,1399875.0
2016-03-02,2414.0,2450.0,2402.0,2421.0,0.0,954,2304162.0
2016-03-01,2386.0,2437.0,2400.0,2414.0,0.0,1518,3666058.0
2016-02-29,2301.0,2386.0,2300.0,2386.0,0.0,3784,8804770.0
2016-02-28,2346.0,2346.0,2300.0,2301.0,0.0,1131,2612841.0
2016-02-25,2330.0,2346.0,2284.0,2346.0,0.0,470,1080500.0
2016-02-24,2350.0,2330.0,2330.0,2330.0,0.0,210,489300.0
2016-02-23,2390.0,2380.0,2343.0,2350.0,0.0,1001,2369747.0
2016-02-22,2233.0,2415.0,2277.0,2390.0,0.0,5869,14021414.0
2016-02-21,2275.0,2233.0,2190.0,2233.0,0.0,358,792995.0
2016-02-18,2250.0,2275.0,2210.0,2275.0,0.0,276,623960.0
2016-02-17,2295.0,2285.0,2250.0,2250.0,0.0,425,967150.0
2016-02-16,2250.0,2295.0,2250.0,2295.0,0.0,770,1753050.0
2016-02-15,2222.0,2250.0,2215.0,2250.0,0.0,481,1073050.0
2016-02-14,2242.0,2222.0,2198.0,2222.0,0.0,308,679636.0
2016-02-11,2235.0,2260.0,2235.0,2242.0,0.0,511,1151310.0
2016-02-08,2320.0,2280.0,2180.0,2235.0,0.0,2856,6378901.0
2016-02-07,2370.0,2350.0,2304.0,2320.0,0.0,1118,2601005.0
2016-02-04,2390.0,2450.0,2331.0,2370.0,0.0,1129,2696655.0
2016-02-03,2300.0,2392.0,2300.0,2390.0,0.0,2539,5889779.0
2016-02-02,2250.0,2300.0,2250.0,2300.0,0.0,2521,5709835.0
2016-02-01,2170.0,2250.0,2190.0,2250.0,0.0,6182,13818059.0
2016-01-31,2142.0,2170.0,2100.0,2170.0,0.0,943,2020850.0
2016-01-28,2070.0,2142.0,2060.0,2142.0,0.0,1557,3260942.0
2016-01-27,2100.0,2100.0,2065.0,2070.0,0.0,910,1886950.0
2016-01-26,2150.0,2120.0,2085.0,2100.0,0.0,2814,5902100.0
2016-01-25,2180.0,2220.0,2078.0,2150.0,0.0,839,1802444.0
2016-01-24,2058.0,2180.0,2070.0,2180.0,0.0,1979,4185960.0
2016-01-21,2060.0,2060.0,2035.0,2058.0,0.0,1206,2465077.0
2016-01-20,2045.0,2065.0,2036.0,2060.0,0.0,2315,4737287.0
2016-01-19,2010.0,2050.0,1990.0,2045.0,0.0,2311,4654148.0
2016-01-18,2040.0,2080.0,1950.0,2010.0,0.0,2861,5677256.0
2016-01-17,1890.0,2040.0,1925.0,2040.0,0.0,6327,12644374.0
2016-01-14,1920.0,1900.0,1890.0,1890.0,0.0,165,312500.0
2016-01-13,1934.0,1925.0,1916.0,1920.0,0.0,435,834458.0
2016-01-12,1900.0,1935.0,1890.0,1934.0,0.0,710,1354500.0
2016-01-11,1915.0,1920.0,1900.0,1900.0,0.0,1271,2429579.0
2016-01-10,1910.0,1920.0,1910.0,1915.0,0.0,516,987458.0
2016-01-07,1813.0,1910.0,1830.0,1910.0,0.0,927,1727888.0
2016-01-06,1930.0,1905.0,1813.0,1813.0,0.0,900,1675150.0
2016-01-05,1985.0,1980.0,1930.0,1930.0,0.0,834,1635660.0
2016-01-04,1960.0,2038.0,1977.0,1985.0,0.0,1880,3750102.0
2016-01-03,1877.0,1960.0,1914.0,1960.0,0.0,1268,2444430.0
2015-12-31,1770.0,1877.0,1805.0,1877.0,0.0,1546,2862391.0
2015-12-29,1708.0,1878.0,1742.0,1770.0,0.0,3294,5889630.0
2015-12-28,2400.0,2500.0,2436.0,2460.0,0.0,11861,29293996.0
2015-12-27,2386.0,2400.0,2385.0,2400.0,0.0,5731,13728999.0
2015-12-24,2395.0,2407.0,2380.0,2386.0,0.0,6897,16489862.0
2015-12-23,2351.0,2396.0,2360.0,2395.0,0.0,3129,7428957.0
2015-12-22,2341.0,2380.0,2331.0,2351.0,0.0,2616,6134406.0
2015-12-21,2430.0,2400.0,2294.0,2341.0,0.0,2274,5318400.0
2015-12-20,2389.0,2500.0,2410.0,2430.0,0.0,4569,11260998.0
2015-12-17,2172.0,2389.0,2215.0,2389.0,0.0,16189,38477452.0
2015-12-16,1975.0,2172.0,2014.0,2172.0,0.0,9792,21257618.0
2015-12-15,2028.0,2005.0,1975.0,1975.0,0.0,838,1664205.0
2015-12-14,2019.0,2035.0,2001.0,2028.0,0.0,2088,4217059.0
2015-12-13,1990.0,2028.0,2000.0,2019.0,0.0,2960,5950032.0
2015-12-10,2000.0,2035.0,1883.0,1990.0,0.0,4894,9694563.0
2015-12-09,1912.0,2000.0,1915.0,2000.0,0.0,7381,14559133.0
2015-12-08,1785.0,1912.0,1802.0,1912.0,0.0,4450,8247192.0
2015-12-07,1780.0,1809.0,1770.0,1785.0,0.0,1948,3471358.0
2015-12-06,1700.0,1780.0,1734.0,1780.0,0.0,1942,3408900.0
2015-12-03,1605.0,1700.0,1630.0,1700.0,0.0,1627,2707966.0
2015-12-02,1596.0,1605.0,1565.0,1605.0,0.0,627,992405.0
2015-12-01,1451.0,1596.0,1480.0,1596.0,0.0,1088,1729932.0
2015-11-30,1500.0,1525.0,1451.0,1451.0,0.0,2442,3592929.0
2015-11-29,1530.0,1500.0,1500.0,1500.0,0.0,100,150000.0
2015-11-26,1544.0,1532.0,1530.0,1530.0,0.0,140,214280.0
2015-11-25,1575.0,1544.0,1544.0,1544.0,0.0,30,46320.0
2015-11-23,1593.0,1595.0,1550.0,1575.0,0.0,963,1523130.0
2015-11-22,1658.0,1630.0,1593.0,1593.0,0.0,660,1072930.0
2015-11-19,1630.0,1658.0,1610.0,1658.0,0.0,869,1408666.0
2015-11-18,1614.0,1650.0,1626.0,1630.0,0.0,1285,2104750.0
2015-11-16,1640.0,1614.0,1595.0,1614.0,0.0,840,1346874.0
2015-11-15,1705.0,1675.0,1640.0,1640.0,0.0,967,1600730.0
2015-11-10,1700.0,1710.0,1695.0,1705.0,0.0,476,809954.0
2015-11-09,1652.0,1700.0,1680.0,1700.0,0.0,939,1583345.0
2015-11-08,1675.0,1705.0,1652.0,1652.0,0.0,218,364390.0
2015-11-05,1665.0,1695.0,1671.0,1675.0,0.0,1017,1711106.0
2015-11-04,1630.0,1665.0,1660.0,1665.0,0.0,580,963660.0
2015-11-03,1665.0,1680.0,1630.0,1630.0,0.0,1277,2126310.0
2015-11-02,1675.0,1708.0,1650.0,1665.0,0.0,1468,2464378.0
2015-11-01,1775.0,1775.0,1675.0,1675.0,0.0,970,1709380.0
2015-10-15,1775.0,1775.0,1775.0,1775.0,0.0,50,88750.0
2015-10-11,1800.0,1775.0,1775.0,1775.0,0.0,277,491675.0
2015-10-07,1870.0,1850.0,1800.0,1800.0,0.0,1195,2195194.0
2015-10-06,1840.0,1927.0,1850.0,1870.0,0.0,3145,5867532.0
2015-10-05,1735.0,1840.0,1710.0,1840.0,0.0,4917,8458950.0
2015-09-29,1735.0,1735.0,1735.0,1735.0,0.0,30,52050.0
2015-09-24,1735.0,1735.0,1735.0,1735.0,0.0,289,501415.0
2015-09-22,1771.0,1775.0,1735.0,1735.0,0.0,300,527750.0
2015-09-17,1750.0,1780.0,1750.0,1771.0,0.0,762,1339170.0
2015-09-16,1754.0,1754.0,1745.0,1750.0,0.0,390,682450.0
2015-09-15,1720.0,1754.0,1720.0,1754.0,0.0,216,375464.0
2015-09-14,1720.0,1725.0,1720.0,1720.0,0.0,500,861000.0
2015-09-13,1720.0,1720.0,1720.0,1720.0,0.0,100,172000.0
2015-09-09,1720.0,1720.0,1719.0,1720.0,0.0,140,240700.0
2015-09-08,1740.0,1750.0,1720.0,1720.0,0.0,288,497000.0
2015-09-07,1592.0,1751.0,1623.0,1740.0,0.0,1858,3198975.0
2015-09-06,1448.0,1592.0,1476.0,1592.0,0.0,548,855830.0
2015-09-02,1420.0,1448.0,1448.0,1448.0,0.0,45,65160.0
2015-08-23,1435.0,1450.0,1400.0,1420.0,0.0,2235,3191529.0
2015-08-20,1480.0,1510.0,1435.0,1435.0,0.0,2529,3772834.0
2015-08-19,1500.0,1520.0,1480.0,1480.0,0.0,1667,2482096.0
2015-08-18,1526.0,1500.0,1467.0,1500.0,0.0,430,640087.0
2015-08-17,1521.0,1555.0,1526.0,1526.0,0.0,492,760924.0
2015-08-16,1594.0,1595.0,1520.0,1521.0,0.0,894,1383026.0
2015-08-13,1585.0,1601.0,1562.0,1594.0,0.0,2756,4386765.0
2015-08-12,1533.0,1590.0,1530.0,1585.0,0.0,2241,3517624.0
2015-08-11,1581.0,1581.0,1531.0,1533.0,0.0,3484,5436050.0
2015-08-10,1460.0,1606.0,1489.0,1581.0,0.0,10148,15942839.0
2015-08-09,1437.0,1494.0,1460.0,1460.0,0.0,360,528903.0
2015-08-06,1410.0,1460.0,1400.0,1437.0,0.0,10148,14344579.0
2015-08-05,1410.0,1410.0,1395.0,1410.0,0.0,516,723770.0
2015-08-04,1400.0,1410.0,1386.0,1410.0,0.0,949,1326307.0
2015-08-03,1410.0,1410.0,1400.0,1400.0,0.0,213,298940.0
2015-08-02,1405.0,1410.0,1400.0,1410.0,0.0,112,156920.0
2015-07-30,1381.0,1408.0,1380.0,1405.0,0.0,677,941143.0
2015-07-29,1398.0,1397.0,1371.0,1381.0,0.0,634,872356.0
2015-07-28,1455.0,1435.0,1398.0,1398.0,0.0,1361,1914908.0
2015-07-27,1544.0,1574.0,1455.0,1455.0,0.0,1835,2799446.0
2015-07-26,1514.0,1544.0,1544.0,1544.0,0.0,200,308800.0
2015-07-23,1500.0,1520.0,1485.0,1514.0,0.0,6491,9774179.0
2015-07-22,1426.0,1500.0,1450.0,1500.0,0.0,1802,2655509.0
2015-07-16,1415.0,1440.0,1415.0,1426.0,0.0,1748,2480826.0
2015-07-15,1374.0,1415.0,1372.0,1415.0,0.0,1650,2314622.0
2015-07-14,1395.0,1399.0,1374.0,1374.0,0.0,1000,1382397.0
2015-07-13,1381.0,1410.0,1384.0,1395.0,0.0,3435,4800690.0
2015-07-12,1375.0,1384.0,1351.0,1381.0,0.0,4585,6316644.0
2015-07-09,1301.0,1375.0,1300.0,1375.0,0.0,2356,3100999.0
2015-07-08,1295.0,1303.0,1299.0,1301.0,0.0,1219,1585415.0
2015-07-07,1235.0,1295.0,1232.0,1295.0,0.0,1498,1882485.0
2015-07-06,1215.0,1235.0,1208.0,1235.0,0.0,1177,1445235.0
2015-07-05,1195.0,1215.0,1185.0,1215.0,0.0,2182,2611718.0
2015-07-01,1190.0,1195.0,1190.0,1195.0,0.0,500,596930.0
2015-06-30,1190.0,1205.0,1190.0,1190.0,0.0,1385,1651370.0
2015-06-29,1183.0,1190.0,1181.0,1190.0,0.0,1172,1393204.0
2015-06-28,1173.0,1183.0,1160.0,1183.0,0.0,426,497058.0
2015-06-25,1150.0,1173.0,1151.0,1173.0,0.0,182,212941.0
2015-06-24,1146.0,1150.0,1150.0,1150.0,0.0,36,41400.0
2015-06-23,1140.0,1155.0,1140.0,1146.0,0.0,3995,4576273.0
2015-06-22,1151.0,1140.0,1140.0,1140.0,0.0,200,228000.0
2015-06-21,1165.0,1155.0,1151.0,1151.0,0.0,350,403350.0
2015-06-18,1160.0,1165.0,1165.0,1165.0,0.0,50,58250.0
2015-06-17,1160.0,1160.0,1160.0,1160.0,0.0,100,116000.0
2015-06-16,1165.0,1160.0,1142.0,1160.0,0.0,507,584094.0
2015-06-15,1151.0,1165.0,1165.0,1165.0,0.0,20,23300.0
2015-06-14,1165.0,1165.0,1151.0,1151.0,0.0,571,663023.0
2015-06-11,1145.0,1165.0,1150.0,1165.0,0.0,383,442990.0
2015-06-10,1150.0,1145.0,1140.0,1145.0,0.0,200,228750.0
2015-06-09,1160.0,1162.0,1150.0,1150.0,0.0,127,146920.0
2015-06-08,1134.0,1160.0,1156.0,1160.0,0.0,657,760720.0
2015-06-07,1135.0,1157.0,1134.0,1134.0,0.0,52,59658.0
2015-06-04,1135.0,1155.0,1135.0,1135.0,0.0,160,183030.0
2015-06-03,1135.0,1135.0,1135.0,1135.0,0.0,100,113500.0
2015-06-02,1115.0,1135.0,1135.0,1135.0,0.0,455,516425.0
2015-06-01,1084.0,1115.0,1084.0,1115.0,0.0,712,786014.0
2015-05-31,1030.0,1084.0,1045.0,1084.0,0.0,1075,1136135.0
2015-05-28,999.0,1051.0,1000.0,1030.0,0.0,754,768748.0
2015-05-27,1059.0,1038.0,998.0,999.0,0.0,709,712384.0
2015-05-26,1176.0,1153.0,1059.0,1059.0,0.0,831,912395.0
2015-05-25,1200.0,1176.0,1176.0,1176.0,0.0,10,11760.0
2015-04-23,1200.0,1203.0,1190.0,1200.0,0.0,568,679091.0
2015-04-22,1224.0,1200.0,1200.0,1200.0,0.0,330,396000.0
2015-04-21,1200.0,1224.0,1224.0,1224.0,0.0,50,61200.0
2015-04-20,1210.0,1200.0,1200.0,1200.0,0.0,314,376800.0
2015-04-19,1215.0,1210.0,1201.0,1210.0,0.0,149,179390.0
2015-04-16,1225.0,1215.0,1190.0,1215.0,0.0,524,629870.0
2015-04-15,1230.0,1225.0,1225.0,1225.0,0.0,57,69825.0
2015-04-09,1235.0,1230.0,1230.0,1230.0,0.0,50,61500.0
2015-04-06,1265.0,1240.0,1235.0,1235.0,0.0,184,227660.0
2015-04-05,1288.0,1265.0,1265.0,1265.0,0.0,100,126500.0
2015-03-31,1224.0,1288.0,1210.0,1288.0,0.0,1000,1238391.0
2015-03-29,1200.0,1224.0,1224.0,1224.0,0.0,17,20808.0
2015-03-26,1250.0,1225.0,1200.0,1200.0,0.0,142,170730.0
2015-03-25,1226.0,1250.0,1250.0,1250.0,0.0,108,135000.0
2015-03-24,1250.0,1226.0,1202.0,1226.0,0.0,370,449050.0
2015-03-23,1235.0,1250.0,1235.0,1250.0,0.0,150,186750.0
2015-03-22,1250.0,1250.0,1232.0,1235.0,0.0,377,466045.0
2015-03-19,1255.0,1250.0,1250.0,1250.0,0.0,100,125000.0
2015-03-18,1255.0,1280.0,1255.0,1255.0,0.0,1141,1458561.0
2015-03-17,1265.0,1264.0,1255.0,1255.0,0.0,216,271656.0
2015-03-16,1265.0,1265.0,1250.0,1265.0,0.0,508,640590.0
2015-03-15,1250.0,1265.0,1250.0,1265.0,0.0,604,760835.0
2015-03-12,1260.0,1260.0,1250.0,1250.0,0.0,936,1176050.0
2015-03-10,1250.0,1260.0,1250.0,1260.0,0.0,540,676280.0
2015-03-09,1215.0,1250.0,1220.0,1250.0,0.0,162,201360.0
2015-03-04,1225.0,1215.0,1215.0,1215.0,0.0,85,103275.0
2015-03-03,1225.0,1240.0,1225.0,1225.0,0.0,346,426790.0
2015-03-02,1201.0,1225.0,1215.0,1225.0,0.0,289,352385.0
2015-03-01,1225.0,1201.0,1201.0,1201.0,0.0,100,120100.0
2015-02-26,1225.0,1225.0,1220.0,1225.0,0.0,279,341330.0
2015-02-24,1240.0,1225.0,1220.0,1225.0,0.0,68,83210.0
2015-02-23,1240.0,1241.0,1216.0,1240.0,0.0,1259,1553390.0
2015-02-22,1274.0,1300.0,1240.0,1240.0,0.0,375,471825.0
2015-02-18,1312.0,1364.0,1274.0,1274.0,0.0,1319,1748521.0
2015-02-16,1310.0,1336.0,1312.0,1312.0,0.0,1703,2246190.0
2015-02-15,1295.0,1310.0,1285.0,1310.0,0.0,1215,1574640.0
2015-02-12,1251.0,1295.0,1249.0,1295.0,0.0,1828,2312260.0
2015-02-11,1264.0,1251.0,1251.0,1251.0,0.0,80,100080.0
2015-02-09,1226.0,1275.0,1250.0,1264.0,0.0,470,593365.0
2015-02-08,1250.0,1250.0,1226.0,1226.0,0.0,206,256156.0
2015-02-05,1252.0,1251.0,1245.0,1250.0,0.0,672,839930.0
2015-02-04,1232.0,1255.0,1240.0,1252.0,0.0,654,816995.0
2015-02-03,1244.0,1244.0,1230.0,1232.0,0.0,802,989274.0
2015-02-02,1205.0,1244.0,1229.0,1244.0,0.0,1000,1233951.0
2015-02-01,1270.0,1245.0,1190.0,1205.0,0.0,1353,1623826.0
2015-01-29,1295.0,1270.0,1270.0,1270.0,0.0,100,127000.0
2015-01-27,1320.0,1295.0,1295.0,1295.0,0.0,184,238280.0
2015-01-26,1346.0,1320.0,1320.0,1320.0,0.0,56,73920.0
2015-01-19,1320.0,1372.0,1346.0,1346.0,0.0,671,907012.0
2015-01-18,1300.0,1326.0,1300.0,1320.0,0.0,705,919100.0
2015-01-14,1320.0,1305.0,1300.0,1300.0,0.0,787,1023787.0
2015-01-13,1290.0,1320.0,1300.0,1320.0,0.0,1397,1826622.0
2015-01-12,1310.0,1290.0,1284.0,1290.0,0.0,258,332322.0
2015-01-11,1263.0,1336.0,1285.0,1310.0,0.0,460,603600.0
2015-01-08,1239.0,1263.0,1245.0,1263.0,0.0,368,459420.0
2015-01-07,1243.0,1239.0,1220.0,1239.0,0.0,1295,1588220.0
2015-01-06,1173.0,1243.0,1190.0,1243.0,0.0,180,220309.0
2015-01-05,1140.0,1173.0,1150.0,1173.0,0.0,380,438764.0
2015-01-04,1045.0,1140.0,1065.0,1140.0,0.0,269,297745.0
2015-01-01,1045.0,1045.0,1045.0,1045.0,0.0,28,29260.0
2014-12-31,1005.0,1045.0,1025.0,1045.0,0.0,80,82800.0
2014-12-29,1025.0,1005.0,1005.0,1005.0,0.0,21,21105.0
2014-12-28,995.0,1025.0,1014.0,1025.0,0.0,330,336050.0
2014-12-24,995.0,995.0,995.0,995.0,0.0,150,149250.0
2014-12-23,1035.0,1015.0,995.0,995.0,0.0,150,151250.0
2014-12-22,1015.0,1035.0,1035.0,1035.0,0.0,50,51750.0
2014-12-21,1020.0,1015.0,1015.0,1015.0,0.0,13,13195.0
2014-12-18,943.0,1020.0,945.0,1020.0,0.0,431,424777.0
2014-12-17,925.0,943.0,943.0,943.0,0.0,64,60352.0
2014-12-14,865.0,925.0,882.0,925.0,0.0,40,36120.0
2014-12-11,855.0,865.0,851.0,865.0,0.0,69,59165.0
2014-12-10,855.0,865.0,855.0,855.0,0.0,141,121405.0
2014-12-09,882.0,865.0,855.0,855.0,0.0,321,275665.0
2014-12-08,899.0,882.0,882.0,882.0,0.0,118,104076.0
2014-12-07,905.0,899.0,899.0,899.0,0.0,194,174406.0
2014-12-01,923.0,923.0,905.0,905.0,0.0,160,145880.0
2014-11-25,960.0,941.0,923.0,923.0,0.0,121,112331.0
2014-11-24,1215.0,1244.0,1190.0,1200.0,0.0,1691,2049401.0
2014-11-23,1165.0,1230.0,1188.0,1215.0,0.0,677,825440.0
2014-11-20,1181.0,1181.0,1165.0,1165.0,0.0,1233,1445445.0
2014-11-19,1150.0,1181.0,1167.0,1181.0,0.0,250,292772.0
2014-11-18,1167.0,1165.0,1140.0,1150.0,0.0,1598,1850013.0
2014-11-17,1176.0,1167.0,1145.0,1167.0,0.0,515,594855.0
2014-11-16,1224.0,1200.0,1176.0,1176.0,0.0,154,182880.0
2014-11-13,1200.0,1224.0,1190.0,1224.0,0.0,1211,1444400.0
2014-11-12,1190.0,1213.0,1190.0,1200.0,0.0,354,425662.0
2014-11-11,1185.0,1190.0,1170.0,1190.0,0.0,125,146970.0
2014-11-10,1180.0,1185.0,1165.0,1185.0,0.0,616,720740.0
2014-11-09,1187.0,1188.0,1165.0,1180.0,0.0,516,610000.0
2014-11-06,1200.0,1187.0,1187.0,1187.0,0.0,50,59350.0
2014-11-05,1153.0,1200.0,1170.0,1200.0,0.0,310,366720.0
2014-11-04,1200.0,1176.0,1153.0,1153.0,0.0,328,380728.0
2014-11-03,1205.0,1200.0,1200.0,1200.0,0.0,50,60000.0
2014-11-02,1191.0,1205.0,1200.0,1205.0,0.0,356,427680.0
2014-10-28,1230.0,1230.0,1191.0,1191.0,0.0,1041,1260360.0
2014-10-27,1189.0,1231.0,1212.0,1230.0,0.0,752,925158.0
2014-10-22,1182.0,1189.0,1166.0,1189.0,0.0,220,256980.0
2014-10-21,1173.0,1193.0,1170.0,1182.0,0.0,1143,1348927.0
2014-10-20,1152.0,1173.0,1130.0,1173.0,0.0,1025,1167600.0
2014-10-19,1129.0,1152.0,1130.0,1152.0,0.0,182,207090.0
2014-10-16,1125.0,1147.0,1120.0,1129.0,0.0,3768,4247550.0
2014-10-15,1100.0,1140.0,1105.0,1125.0,0.0,822,926080.0
2014-10-14,1120.0,1120.0,1100.0,1100.0,0.0,218,240160.0
2014-10-12,1140.0,1130.0,1108.0,1120.0,0.0,230,257008.0
2014-10-09,1160.0,1140.0,1140.0,1140.0,0.0,200,228000.0
2014-10-08,1145.0,1160.0,1145.0,1160.0,0.0,200,231250.0
2014-09-30,1145.0,1145.0,1145.0,1145.0,0.0,26,29770.0
2014-09-28,1160.0,1180.0,1145.0,1145.0,0.0,1130,1311652.0
2014-09-24,1170.0,1180.0,1160.0,1160.0,0.0,103,119980.0
2014-09-22,1190.0,1170.0,1170.0,1170.0,0.0,245,286650.0
2014-09-21,1224.0,1200.0,1190.0,1190.0,0.0,95,113550.0
2014-09-18,1220.0,1244.0,1200.0,1224.0,0.0,838,1023924.0
2014-09-17,1220.0,1250.0,1220.0,1220.0,0.0,869,1070320.0
2014-09-16,1160.0,1234.0,1183.0,1220.0,0.0,954,1162115.0
2014-09-15,1148.0,1165.0,1136.0,1160.0,0.0,921,1059363.0
2014-09-14,1170.0,1190.0,1147.0,1148.0,0.0,1181,1375400.0
2014-09-11,1155.0,1170.0,1135.0,1170.0,0.0,1623,1868434.0
2014-09-10,1132.0,1210.0,1135.0,1155.0,0.0,1770,2093047.0
2014-09-09,1143.0,1188.0,1100.0,1132.0,0.0,4409,4968541.0
2014-09-07,1270.0,1250.0,1143.0,1143.0,0.0,1275,1502826.0
2014-09-04,1374.0,1347.0,1270.0,1270.0,0.0,190,245890.0
2014-09-03,1430.0,1402.0,1374.0,1374.0,0.0,30,41780.0
2014-08-31,1431.0,1430.0,1430.0,1430.0,0.0,18,25740.0
2014-08-28,1420.0,1435.0,1430.0,1431.0,0.0,471,674230.0
2014-08-27,1410.0,1440.0,1420.0,1420.0,0.0,727,1038264.0
2014-08-24,1405.0,1410.0,1400.0,1410.0,0.0,254,357600.0
2014-08-21,1430.0,1435.0,1402.0,1405.0,0.0,1040,1469628.0
2014-08-20,1470.0,1449.0,1415.0,1430.0,0.0,534,764900.0
2014-08-19,1535.0,1528.0,1470.0,1470.0,0.0,1469,2208470.0
2014-08-18,1560.0,1570.0,1529.0,1535.0,0.0,450,696650.0
2014-08-14,1606.0,1617.0,1530.0,1560.0,0.0,1878,2960294.0
2014-08-13,1550.0,1606.0,1550.0,1606.0,0.0,245,385070.0
2014-08-12,1600.0,1620.0,1550.0,1550.0,0.0,1103,1767772.0
2014-08-07,1589.0,1630.0,1580.0,1600.0,0.0,2208,3526775.0
2014-08-06,1475.0,1590.0,1504.0,1589.0,0.0,4047,6289668.0
2014-08-05,1450.0,1525.0,1475.0,1475.0,0.0,1080,1619780.0
2014-08-04,1528.0,1510.0,1450.0,1450.0,0.0,1649,2421223.0
2014-08-03,1529.0,1530.0,1500.0,1528.0,0.0,359,543900.0
2014-07-31,1540.0,1560.0,1529.0,1529.0,0.0,385,592367.0
2014-07-30,1571.0,1550.0,1540.0,1540.0,0.0,1044,1614500.0
2014-07-28,1603.0,1571.0,1571.0,1571.0,0.0,54,84834.0
2014-07-27,1622.0,1635.0,1603.0,1603.0,0.0,74,119518.0
2014-07-24,1600.0,1640.0,1600.0,1622.0,0.0,2313,3722018.0
2014-07-23,1633.0,1650.0,1600.0,1600.0,0.0,2036,3291262.0
2014-07-22,1715.0,1720.0,1633.0,1633.0,0.0,1440,2402579.0
2014-07-21,1650.0,1803.0,1683.0,1715.0,0.0,7170,12231541.0
2014-07-20,1500.0,1650.0,1530.0,1650.0,0.0,1037,1694642.0
2014-07-17,1400.0,1500.0,1428.0,1500.0,0.0,818,1208201.0
2014-07-16,1300.0,1405.0,1326.0,1400.0,0.0,1591,2217613.0
2014-07-15,1300.0,1326.0,1300.0,1300.0,0.0,243,318876.0
2014-07-14,1320.0,1320.0,1280.0,1300.0,0.0,1493,1948765.0
2014-07-13,1300.0,1326.0,1320.0,1320.0,0.0,586,773916.0
2014-07-10,1362.0,1335.0,1300.0,1300.0,0.0,1605,2096830.0
2014-07-09,1310.0,1362.0,1320.0,1362.0,0.0,507,679528.0
2014-07-08,1310.0,1336.0,1300.0,1310.0,0.0,1304,1710102.0
2014-07-07,1276.0,1320.0,1290.0,1310.0,0.0,1218,1584378.0
2014-07-06,1274.0,1279.0,1251.0,1276.0,0.0,1308,1667241.0
2014-07-03,1352.0,1379.0,1274.0,1274.0,0.0,1010,1339268.0
2014-07-02,1300.0,1352.0,1325.0,1352.0,0.0,112,149792.0
2014-07-01,1248.0,1300.0,1260.0,1300.0,0.0,1694,2178114.0
2014-06-30,1160.0,1248.0,1182.0,1248.0,0.0,706,857818.0
2014-06-29,1130.0,1171.0,1152.0,1160.0,0.0,1302,1511682.0
2014-06-26,1165.0,1165.0,1130.0,1130.0,0.0,1150,1325002.0
2014-06-25,1160.0,1165.0,1140.0,1165.0,0.0,1253,1444460.0
2014-06-24,1125.0,1160.0,1130.0,1160.0,0.0,687,787140.0
2014-06-23,1120.0,1125.0,1100.0,1125.0,0.0,1735,1931795.0
2014-06-19,1100.0,1120.0,1102.0,1120.0,0.0,243,270348.0
2014-06-18,1118.0,1101.0,1100.0,1100.0,0.0,345,379550.0
2014-06-17,1140.0,1118.0,1118.0,1118.0,0.0,104,116272.0
2014-06-16,1140.0,1140.0,1140.0,1140.0,0.0,18,20520.0
2014-06-15,1130.0,1140.0,1140.0,1140.0,0.0,150,171000.0
2014-06-11,1135.0,1145.0,1123.0,1130.0,0.0,460,519211.0
2014-06-10,1130.0,1135.0,1100.0,1135.0,0.0,750,835594.0
2014-06-09,1155.0,1139.0,1125.0,1130.0,0.0,630,711812.0
2014-06-08,1110.0,1155.0,1110.0,1155.0,0.0,784,880181.0
2014-06-05,1195.0,1172.0,1086.0,1110.0,0.0,1853,2046146.0
2014-06-03,1200.0,1210.0,1195.0,1195.0,0.0,597,718265.0
2014-06-02,1192.0,1215.0,1195.0,1200.0,0.0,1357,1626830.0
2014-06-01,1190.0,1192.0,1180.0,1192.0,0.0,220,261320.0
2014-05-28,1204.0,1200.0,1181.0,1190.0,0.0,478,570101.0
2014-05-27,1182.0,1210.0,1200.0,1204.0,0.0,672,807124.0
2014-05-26,1235.0,1211.0,1182.0,1182.0,0.0,2929,3510528.0
2014-05-25,1164.0,1235.0,1180.0,1235.0,0.0,638,782026.0
2014-05-22,1120.0,1187.0,1130.0,1164.0,0.0,516,592717.0
2014-05-21,1111.0,1120.0,1100.0,1120.0,0.0,89,99480.0
2014-05-20,1100.0,1120.0,1100.0,1111.0,0.0,927,1023780.0
2014-05-19,1157.0,1141.0,1069.0,1100.0,0.0,2877,3176330.0
2014-05-18,1200.0,1180.0,1157.0,1157.0,0.0,303,353937.0
2014-05-15,1170.0,1200.0,1180.0,1200.0,0.0,2432,2897815.0
2014-05-13,1182.0,1190.0,1170.0,1170.0,0.0,764,902188.0
2014-05-12,1182.0,1205.0,1180.0,1182.0,0.0,1568,1858174.0
2014-05-11,1250.0,1230.0,1182.0,1182.0,0.0,270,322596.0
2014-05-08,1275.0,1250.0,1250.0,1250.0,0.0,17,21250.0
2014-05-07,1285.0,1290.0,1275.0,1275.0,0.0,207,266100.0
2014-05-06,1310.0,1310.0,1285.0,1285.0,0.0,224,288990.0
2014-05-05,1270.0,1318.0,1276.0,1310.0,0.0,966,1250480.0
2014-05-04,1200.0,1273.0,1201.0,1270.0,0.0,1152,1441452.0
2014-04-30,1127.0,1200.0,1149.0,1200.0,0.0,854,1008190.0
2014-04-29,1140.0,1150.0,1127.0,1127.0,0.0,1014,1150497.0
2014-04-28,1150.0,1145.0,1140.0,1140.0,0.0,537,612558.0
2014-04-27,1124.0,1150.0,1124.0,1150.0,0.0,700,791910.0
2014-04-23,1125.0,1140.0,1124.0,1124.0,0.0,979,1105826.0
2014-04-22,1140.0,1125.0,1120.0,1125.0,0.0,376,421620.0
2014-04-21,1160.0,1161.0,1140.0,1140.0,0.0,479,551137.0
2014-04-20,1190.0,1175.0,1150.0,1160.0,0.0,1257,1460295.0
2014-04-17,1190.0,1190.0,1190.0,1190.0,0.0,32,38080.0
2014-04-15,1200.0,1216.0,1185.0,1190.0,0.0,489,584111.0
2014-04-13,1136.0,1200.0,1149.0,1200.0,0.0,1262,1479772.0
2014-04-10,1070.0,1140.0,1090.0,1136.0,0.0,795,886876.0
2014-04-09,1049.0,1070.0,1060.0,1070.0,0.0,620,662704.0
2014-04-07,1070.0,1070.0,1034.0,1049.0,0.0,2965,3135611.0
2014-04-06,1070.0,1088.0,1067.0,1070.0,0.0,1247,1339212.0
2014-04-03,980.0,1078.0,999.0,1070.0,0.0,1215,1272067.0
2014-04-02,966.0,1004.0,980.0,980.0,0.0,428,421762.0
2014-04-01,930.0,966.0,930.0,966.0,0.0,417,394326.0
2014-03-31,900.0,939.0,910.0,930.0,0.0,800,740133.0
2014-03-27,910.0,905.0,893.0,900.0,0.0,1230,1104420.0
2014-03-26,901.0,910.0,903.0,910.0,0.0,96,86968.0
2014-03-25,884.0,901.0,900.0,901.0,0.0,258,232342.0
2014-03-24,901.0,900.0,850.0,884.0,0.0,1576,1379448.0
2014-03-23,909.0,901.0,900.0,901.0,0.0,166,149410.0
2014-03-20,890.0,909.0,875.0,909.0,0.0,998,879464.0
2014-03-19,880.0,890.0,880.0,890.0,0.0,144,128000.0
2014-03-18,930.0,912.0,880.0,880.0,0.0,1396,1241672.0
2014-03-17,945.0,930.0,925.0,930.0,0.0,94,87182.0
2014-03-13,935.0,953.0,917.0,945.0,0.0,272,253296.0
2014-03-12,950.0,940.0,935.0,935.0,0.0,224,209940.0
2014-03-11,980.0,980.0,950.0,950.0,0.0,894,868770.0
2014-03-10,1015.0,999.0,980.0,980.0,0.0,176,174640.0
2014-03-09,1050.0,1030.0,1015.0,1015.0,0.0,132,134460.0
2014-03-05,1080.0,1097.0,1050.0,1050.0,0.0,894,967327.0
2014-03-04,1199.0,1176.0,1080.0,1080.0,0.0,430,476618.0
2014-02-26,1205.0,1200.0,1199.0,1199.0,0.0,200,239900.0
2014-02-25,1183.0,1205.0,1205.0,1205.0,0.0,10,12050.0
2014-02-24,1199.0,1198.0,1175.0,1183.0,0.0,462,546450.0
2014-02-23,1200.0,1220.0,1176.0,1199.0,0.0,562,671468.0
2014-02-20,1220.0,1200.0,1196.0,1200.0,0.0,510,611168.0
2014-02-18,1216.0,1230.0,1201.0,1220.0,0.0,1082,1310640.0
2014-02-17,1279.0,1254.0,1216.0,1216.0,0.0,112,138560.0
2014-02-16,1290.0,1279.0,1278.0,1279.0,0.0,196,250584.0
2014-02-11,1294.0,1290.0,1290.0,1290.0,0.0,134,172860.0
2014-02-09,1280.0,1294.0,1290.0,1294.0,0.0,230,297036.0
2014-02-06,1300.0,1300.0,1280.0,1280.0,0.0,466,598674.0
2014-02-04,1350.0,1350.0,1323.0,1323.0,0.0,158,212814.0
2014-02-03,1290.0,1350.0,1290.0,1350.0,0.0,1181,1553710.0
2014-02-02,1230.0,1290.0,1230.0,1290.0,0.0,1058,1333344.0
2014-01-29,1203.0,1230.0,1200.0,1230.0,0.0,110,133740.0
2014-01-28,1159.0,1203.0,1160.0,1203.0,0.0,99,117190.0
2014-01-27,1145.0,1160.0,1125.0,1159.0,0.0,703,797515.0
2014-01-26,1145.0,1160.0,1145.0,1145.0,0.0,146,167920.0
2014-01-23,1060.0,1145.0,1040.0,1145.0,0.0,596,647610.0
2014-01-22,1060.0,1060.0,1060.0,1060.0,0.0,407,431420.0
2014-01-21,1045.0,1060.0,1025.0,1060.0,0.0,494,512520.0
2014-01-20,1011.0,1045.0,1025.0,1045.0,0.0,72,74600.0
2014-01-19,980.0,1011.0,981.0,1011.0,0.0,228,225728.0
2014-01-14,965.0,980.0,980.0,980.0,0.0,161,157780.0
2014-01-12,947.0,965.0,965.0,965.0,0.0,96,92640.0
2014-01-09,861.0,947.0,878.0,947.0,0.0,128,116492.0
2014-01-07,845.0,861.0,860.0,861.0,0.0,28,24090.0
2014-01-06,840.0,845.0,845.0,845.0,0.0,32,27040.0
2014-01-05,816.0,840.0,816.0,840.0,0.0,484,404124.0
2014-01-02,805.0,816.0,800.0,816.0,0.0,152,123520.0
2014-01-01,804.0,805.0,805.0,805.0,0.0,132,106260.0
2013-12-29,820.0,804.0,804.0,804.0,0.0,92,73968.0
2013-12-24,842.0,835.0,820.0,820.0,0.0,348,287550.0
2013-12-23,810.0,842.0,826.0,842.0,0.0,102,84732.0
2013-12-19,801.0,810.0,810.0,810.0,0.0,50,40500.0
2013-12-18,1220.0,801.0,801.0,801.0,0.0,64,51264.0
2013-12-12,1230.0,1235.0,1190.0,1220.0,0.0,2746,3334924.0
2013-12-11,1185.0,1234.0,1185.0,1230.0,0.0,565,684566.0
2013-12-10,1274.0,1250.0,1185.0,1185.0,0.0,1210,1467872.0
2013-12-09,1241.0,1274.0,1245.0,1274.0,0.0,1096,1386200.0
2013-12-08,1200.0,1270.0,1200.0,1241.0,0.0,741,912260.0
2013-12-05,1164.0,1210.0,1186.0,1200.0,0.0,1445,1728831.0
2013-12-04,1110.0,1187.0,1110.0,1164.0,0.0,892,1028860.0
2013-12-03,1080.0,1145.0,1100.0,1110.0,0.0,660,738100.0
2013-12-02,985.0,1080.0,1004.0,1080.0,0.0,412,424850.0
2013-12-01,930.0,985.0,931.0,985.0,0.0,515,487491.0
2013-11-28,915.0,930.0,900.0,930.0,0.0,1001,920658.0
2013-11-27,918.0,925.0,901.0,915.0,0.0,515,470134.0
2013-11-26,900.0,918.0,900.0,918.0,0.0,442,398556.0
2013-11-25,950.0,950.0,895.0,900.0,0.0,874,794416.0
2013-11-24,880.0,950.0,897.0,950.0,0.0,120,111112.0
2013-11-21,863.0,880.0,880.0,880.0,0.0,10,8800.0
2013-11-14,885.0,884.0,863.0,863.0,0.0,5378,4701324.0
2013-11-13,805.0,885.0,821.0,885.0,0.0,7217,6360881.0
2013-11-12,784.0,805.0,780.0,805.0,0.0,618,489342.0
2013-11-11,770.0,784.0,775.0,784.0,0.0,620,483220.0
2013-11-10,765.0,770.0,750.0,770.0,0.0,234,179740.0
2013-11-07,750.0,765.0,765.0,765.0,0.0,292,223380.0
2013-11-06,760.0,750.0,750.0,750.0,0.0,100,75000.0
2013-10-31,765.0,765.0,760.0,760.0,0.0,146,111470.0
2013-10-30,765.0,765.0,760.0,765.0,0.0,318,242610.0
2013-10-29,750.0,765.0,750.0,765.0,0.0,1146,868246.0
2013-10-28,740.0,754.0,750.0,750.0,0.0,467,350730.0
2013-10-27,740.0,760.0,740.0,740.0,0.0,431,322205.0
2013-10-24,735.0,748.0,721.0,740.0,0.0,234,172552.0
2013-10-23,732.0,735.0,735.0,735.0,0.0,172,126420.0
2013-10-22,740.0,740.0,730.0,732.0,0.0,180,131856.0
2013-10-21,740.0,754.0,733.0,740.0,0.0,284,210387.0
2013-10-20,725.0,740.0,721.0,740.0,0.0,914,670154.0
2013-10-17,712.0,725.0,725.0,725.0,0.0,196,142100.0
2013-10-10,710.0,720.0,710.0,712.0,0.0,554,395760.0
2013-10-08,702.0,710.0,700.0,710.0,0.0,693,487485.0
2013-10-03,700.0,702.0,690.0,702.0,0.0,236,163864.0
2013-10-02,703.0,705.0,700.0,700.0,0.0,308,215650.0
2013-10-01,690.0,703.0,695.0,703.0,0.0,404,281960.0
2013-09-30,700.0,699.0,690.0,690.0,0.0,206,143232.0
2013-09-29,704.0,704.0,700.0,700.0,0.0,422,295520.0
2013-09-26,700.0,704.0,691.0,704.0,0.0,299,208946.0
2013-09-25,702.0,703.0,700.0,700.0,0.0,126,88326.0
2013-09-24,695.0,702.0,696.0,702.0,0.0,190,133090.0
2013-09-23,688.0,695.0,675.0,695.0,0.0,1614,1108306.0
2013-09-22,700.0,708.0,688.0,688.0,0.0,831,581160.0
2013-09-19,710.0,715.0,700.0,701.0,0.0,967,683380.0
2013-09-17,710.0,710.0,700.0,710.0,0.0,341,240300.0
2013-09-16,720.0,710.0,707.0,710.0,0.0,94,66548.0
2013-09-15,730.0,720.0,711.0,720.0,0.0,206,147830.0
2013-09-12,715.0,730.0,688.0,730.0,0.0,1322,936406.0
2013-09-11,743.0,746.0,715.0,715.0,0.0,1740,1277548.0
2013-09-10,676.0,743.0,689.0,743.0,0.0,3453,2562683.0
2013-09-09,615.0,676.0,627.0,676.0,0.0,90,59610.0
2013-09-08,611.0,615.0,609.0,615.0,0.0,136,83368.0
2013-09-05,612.0,615.0,607.0,611.0,0.0,270,164398.0
2013-09-04,610.0,612.0,600.0,612.0,0.0,218,132316.0
2013-09-03,610.0,610.0,600.0,610.0,0.0,1042,633800.0
2013-09-02,620.0,622.0,610.0,610.0,0.0,204,124680.0
2013-09-01,614.0,625.0,615.0,620.0,0.0,680,421060.0
2013-08-29,616.0,616.0,604.0,614.0,0.0,280,170856.0
2013-08-27,610.0,635.0,616.0,616.0,0.0,759,476820.0
2013-08-26,610.0,615.0,600.0,610.0,0.0,1214,737490.0
2013-08-25,604.0,620.0,610.0,610.0,0.0,140,85760.0
2013-08-20,598.0,604.0,590.0,604.0,0.0,192,114088.0
2013-08-19,604.0,598.0,590.0,598.0,0.0,470,279824.0
2013-08-18,606.0,607.0,594.0,604.0,0.0,1887,1135166.0
2013-08-15,598.0,628.0,602.0,606.0,0.0,913,560571.0
2013-08-14,544.0,598.0,554.0,598.0,0.0,1725,1030428.0
2013-08-13,495.0,544.0,504.0,544.0,0.0,616,333644.0
2013-08-12,490.0,508.0,490.0,495.0,0.0,983,489271.0
2013-08-11,500.0,510.0,490.0,490.0,0.0,1141,565224.0
2013-08-08,497.0,510.0,500.0,500.0,0.0,337,169220.0
2013-08-07,470.0,497.0,471.0,497.0,0.0,665,320324.0
2013-08-06,460.0,470.0,442.0,470.0,0.0,1489,665614.0
2013-08-05,449.0,475.0,456.0,460.0,0.0,136,62994.0
2013-08-04,430.0,449.0,438.0,449.0,0.0,489,216595.0
2013-08-01,428.0,436.0,430.0,430.0,0.0,232,99952.0
2013-07-31,413.0,428.0,413.0,428.0,0.0,270,112776.0
2013-07-30,420.0,413.0,413.0,413.0,0.0,954,394002.0
2013-07-29,411.0,420.0,411.0,420.0,0.0,103,42891.0
2013-07-28,412.0,415.0,407.0,411.0,0.0,404,165972.0
2013-07-25,406.0,420.0,412.0,412.0,0.0,1336,553502.0
2013-07-24,406.0,422.0,406.0,406.0,0.0,394,160524.0
2013-07-23,399.0,406.0,403.0,406.0,0.0,169,68275.0
2013-07-22,392.0,399.0,392.0,399.0,0.0,372,148206.0
2013-07-21,371.0,392.0,378.0,392.0,0.0,340,130564.0
2013-07-16,364.0,371.0,364.0,371.0,0.0,302,111210.0
2013-07-15,351.0,364.0,357.0,364.0,0.0,382,137436.0
2013-07-14,350.0,351.0,351.0,351.0,0.0,16,5616.0
2013-07-11,336.0,350.0,342.0,350.0,0.0,59,20526.0
2013-07-10,340.0,342.0,336.0,336.0,0.0,122,41268.0
2013-07-08,342.0,340.0,340.0,340.0,0.0,96,32640.0
2013-07-07,341.0,342.0,340.0,342.0,0.0,557,189930.0
2013-07-04,340.0,343.0,337.0,341.0,0.0,1177,400988.0
2013-07-03,345.0,342.0,340.0,340.0,0.0,1189,404388.0
2013-07-02,343.0,347.0,344.0,345.0,0.0,1526,528632.0
2013-07-01,330.0,346.0,328.0,343.0,0.0,1448,492296.0
2013-06-30,335.0,331.0,330.0,330.0,0.0,114,37648.0
2013-06-27,345.0,339.0,335.0,335.0,0.0,152,51108.0
2013-06-26,342.0,348.0,345.0,345.0,0.0,578,199542.0
2013-06-25,336.0,342.0,336.0,342.0,0.0,586,200260.0
2013-06-24,330.0,336.0,330.0,336.0,0.0,258,85480.0
2013-06-20,327.0,330.0,330.0,330.0,0.0,30,9900.0
2013-06-19,325.0,327.0,326.0,327.0,0.0,104,33958.0
2013-06-18,327.0,325.0,315.0,325.0,0.0,110,35222.0
2013-06-17,323.0,328.0,327.0,327.0,0.0,50,16364.0
2013-06-16,328.0,323.0,323.0,323.0,0.0,64,20672.0
2013-06-13,333.0,333.0,324.0,328.0,0.0,98,32082.0
2013-06-12,325.0,333.0,327.0,333.0,0.0,128,42240.0
2013-06-11,326.0,330.0,321.0,325.0,0.0,329,106996.0
2013-06-10,320.0,326.0,314.0,326.0,0.0,741,236676.0
2013-06-06,325.0,320.0,320.0,320.0,0.0,80,25600.0
2013-06-05,319.0,325.0,324.0,325.0,0.0,164,53272.0
2013-06-04,325.0,320.0,319.0,319.0,0.0,32,10220.0
2013-06-03,341.0,335.0,325.0,325.0,0.0,205,67557.0
2013-06-02,347.0,341.0,341.0,341.0,0.0,32,10912.0
2013-05-30,323.0,347.0,323.0,347.0,0.0,108,35592.0
2013-05-28,302.0,323.0,308.0,323.0,0.0,145,45427.0
2013-05-27,301.0,305.0,302.0,302.0,0.0,48,14592.0
2013-05-26,304.0,302.0,301.0,301.0,0.0,71,21422.0
2013-05-23,310.0,304.0,304.0,304.0,0.0,28,8512.0
2013-05-21,314.0,310.0,310.0,310.0,0.0,12,3720.0
2013-05-20,308.0,314.0,302.0,314.0,0.0,136,41432.0
2013-05-19,302.0,308.0,308.0,308.0,0.0,80,24640.0
2013-05-16,304.0,302.0,300.0,302.0,0.0,446,134048.0
2013-05-15,310.0,304.0,304.0,304.0,0.0,20,6080.0
2013-05-13,306.0,310.0,310.0,310.0,0.0,20,6200.0
2013-05-09,300.0,306.0,303.0,306.0,0.0,344,105072.0
2013-05-08,290.0,300.0,295.0,300.0,0.0,90,26650.0
2013-05-07,295.0,290.0,290.0,290.0,0.0,24,6960.0
2013-05-06,298.0,295.0,293.0,295.0,0.0,38,11170.0
2013-04-29,302.0,298.0,298.0,298.0,0.0,60,17880.0
2013-04-28,301.0,303.0,302.0,302.0,0.0,328,99134.0
2013-04-21,303.0,301.0,301.0,301.0,0.0,64,19264.0
2013-04-18,301.0,303.0,300.0,303.0,0.0,216,65124.0
2013-04-17,303.0,301.0,301.0,301.0,0.0,20,6020.0
2013-04-11,306.0,303.0,303.0,303.0,0.0,124,37572.0
2013-04-09,300.0,306.0,306.0,306.0,0.0,52,15912.0
2013-04-02,305.0,300.0,300.0,300.0,0.0,54,16200.0
2013-04-01,308.0,305.0,300.0,305.0,0.0,618,185750.0
2013-03-31,305.0,308.0,301.0,308.0,0.0,60,18140.0
2013-03-27,307.0,305.0,301.0,305.0,0.0,268,81668.0
2013-03-25,325.0,319.0,307.0,307.0,0.0,84,26184.0
2013-03-24,324.0,325.0,325.0,325.0,0.0,200,65000.0
2013-03-21,326.0,330.0,324.0,324.0,0.0,640,210840.0
2013-03-20,330.0,332.0,326.0,326.0,0.0,790,260824.0
2013-03-19,330.0,330.0,324.0,330.0,0.0,208,68424.0
2013-03-18,330.0,330.0,330.0,330.0,0.0,516,170280.0
2013-03-17,329.0,330.0,330.0,330.0,0.0,48,15840.0
2013-03-11,329.0,329.0,329.0,329.0,0.0,60,19740.0
2013-03-07,335.0,329.0,329.0,329.0,0.0,206,67774.0
2013-03-05,334.0,335.0,335.0,335.0,0.0,28,9380.0
2013-03-04,340.0,334.0,334.0,334.0,0.0,80,26720.0
2013-03-03,345.0,340.0,340.0,340.0,0.0,500,170000.0
2013-02-24,346.0,352.0,345.0,345.0,0.0,294,101500.0
2013-02-21,340.0,346.0,346.0,346.0,0.0,10,3460.0
2013-02-14,329.0,340.0,334.0,340.0,0.0,270,91740.0
2013-02-13,323.0,329.0,329.0,329.0,0.0,10,3290.0
2013-02-12,317.0,323.0,323.0,323.0,0.0,396,127908.0
2013-02-10,305.0,317.0,311.0,317.0,0.0,20,6280.0
2013-02-07,318.0,312.0,300.0,305.0,0.0,876,266960.0
2013-02-05,318.0,320.0,318.0,318.0,0.0,36,11484.0
2013-02-03,312.0,318.0,318.0,318.0,0.0,28,8904.0
2013-01-31,310.0,316.0,312.0,312.0,0.0,146,46038.0
2013-01-30,322.0,316.0,310.0,310.0,0.0,230,71480.0
2013-01-28,328.0,322.0,322.0,322.0,0.0,28,9016.0
2013-01-23,322.0,328.0,316.0,328.0,0.0,278,88616.0
2013-01-22,316.0,322.0,322.0,322.0,0.0,10,3220.0
2013-01-21,301.0,316.0,296.0,316.0,0.0,304,93732.0
2013-01-20,305.0,305.0,299.0,301.0,0.0,330,98970.0
2013-01-17,309.0,306.0,305.0,305.0,0.0,70,21360.0
2013-01-16,315.0,309.0,309.0,309.0,0.0,10,3090.0
2013-01-15,390.0,333.0,315.0,315.0,0.0,470,148998.0
2012-12-20,376.0,390.0,361.0,390.0,0.0,858,322872.0
2012-12-19,390.0,383.0,370.0,376.0,0.0,252,94838.0
2012-12-18,408.0,400.0,390.0,390.0,0.0,84,33096.0
2012-12-17,400.0,408.0,408.0,408.0,0.0,40,16320.0
2012-12-16,400.0,400.0,400.0,400.0,0.0,264,105600.0
2012-12-13,391.0,400.0,398.0,400.0,0.0,248,98804.0
2012-12-12,395.0,391.0,391.0,391.0,0.0,28,10948.0
2012-12-11,381.0,396.0,388.0,395.0,0.0,410,161480.0
2012-12-10,374.0,381.0,381.0,381.0,0.0,20,7620.0
2012-12-05,367.0,374.0,374.0,374.0,0.0,80,29920.0
2012-12-03,374.0,367.0,367.0,367.0,0.0,20,7340.0
2012-11-28,395.0,388.0,374.0,374.0,0.0,250,95180.0
2012-11-27,402.0,395.0,395.0,395.0,0.0,90,35550.0
2012-11-26,395.0,402.0,402.0,402.0,0.0,90,36180.0
2012-11-22,395.0,395.0,388.0,395.0,0.0,118,46162.0
2012-11-21,395.0,395.0,395.0,395.0,0.0,160,63200.0
2012-11-20,400.0,395.0,395.0,395.0,0.0,50,19750.0
2012-11-18,408.0,400.0,399.0,400.0,0.0,630,251500.0
2012-11-11,400.0,408.0,408.0,408.0,0.0,24,9792.0
2012-11-08,387.0,400.0,394.0,400.0,0.0,38,15032.0
2012-11-07,387.0,387.0,387.0,387.0,0.0,28,10836.0
2012-11-06,380.0,387.0,387.0,387.0,0.0,28,10836.0
2012-11-05,374.0,381.0,380.0,380.0,0.0,70,26638.0
2012-11-04,371.0,374.0,374.0,374.0,0.0,20,7480.0
2012-11-01,364.0,371.0,371.0,371.0,0.0,10,3710.0
2012-10-18,340.0,364.0,346.0,364.0,0.0,230,80862.0
2012-10-15,337.0,343.0,340.0,340.0,0.0,220,75220.0
2012-10-14,331.0,337.0,337.0,337.0,0.0,84,28308.0
2012-10-10,343.0,343.0,331.0,331.0,0.0,84,28308.0
2012-10-09,337.0,343.0,331.0,343.0,0.0,1028,342596.0
2012-10-08,360.0,353.0,334.0,337.0,0.0,848,286004.0
2012-10-07,364.0,360.0,357.0,360.0,0.0,174,62178.0
2012-10-04,375.0,375.0,364.0,364.0,0.0,150,55420.0
2012-10-03,387.0,380.0,370.0,375.0,0.0,80,29950.0
2012-10-02,410.0,402.0,387.0,387.0,0.0,148,57756.0
2012-09-26,429.0,425.0,410.0,410.0,0.0,676,282840.0
2012-09-24,442.0,434.0,426.0,429.0,0.0,228,97760.0
2012-09-18,450.0,442.0,441.0,442.0,0.0,200,88280.0
2012-09-17,419.0,450.0,427.0,450.0,0.0,120,53300.0
2012-09-16,395.0,419.0,395.0,419.0,0.0,244,100550.0
2012-09-13,393.0,395.0,395.0,395.0,0.0,80,31600.0
2012-09-11,386.0,393.0,393.0,393.0,0.0,28,11004.0
2012-09-10,393.0,386.0,386.0,386.0,0.0,56,21616.0
2012-09-09,411.0,410.0,393.0,393.0,0.0,1534,624680.0
2012-09-02,407.0,411.0,403.0,411.0,0.0,292,118966.0
2012-08-30,406.0,407.0,400.0,407.0,0.0,508,203388.0
2012-08-29,392.0,406.0,398.0,406.0,0.0,430,172830.0
2012-08-27,385.0,392.0,392.0,392.0,0.0,50,19600.0
2012-08-26,392.0,385.0,385.0,385.0,0.0,10,3850.0
2012-08-23,385.0,392.0,385.0,392.0,0.0,120,46270.0
2012-08-19,392.0,385.0,380.0,385.0,0.0,512,195820.0
2012-08-16,400.0,392.0,392.0,392.0,0.0,200,78400.0
2012-08-15,424.0,416.0,400.0,400.0,0.0,170,69440.0
2012-08-12,424.0,424.0,416.0,424.0,0.0,160,67520.0
2012-08-08,416.0,424.0,424.0,424.0,0.0,10,4240.0
2012-08-07,413.0,416.0,415.0,416.0,0.0,84,34916.0
2012-08-06,424.0,420.0,412.0,413.0,0.0,616,255996.0
2012-08-05,440.0,432.0,424.0,424.0,0.0,530,225360.0
2012-08-01,436.0,444.0,440.0,440.0,0.0,134,59280.0
2012-07-31,436.0,436.0,436.0,436.0,0.0,610,265960.0
2012-07-30,441.0,436.0,435.0,436.0,0.0,248,107928.0
2012-07-29,450.0,442.0,441.0,441.0,0.0,130,57380.0
2012-07-26,443.0,450.0,449.0,450.0,0.0,160,71850.0
2012-07-25,440.0,448.0,443.0,443.0,0.0,324,144532.0
2012-07-24,435.0,440.0,440.0,440.0,0.0,10,4400.0
2012-07-23,401.0,435.0,409.0,435.0,0.0,270,114740.0
2012-07-22,402.0,401.0,394.0,401.0,0.0,220,86820.0
2012-07-18,395.0,402.0,402.0,402.0,0.0,50,20100.0
2012-07-17,395.0,395.0,391.0,395.0,0.0,40,15720.0
2012-07-16,391.0,395.0,395.0,395.0,0.0,108,42660.0
2012-07-12,388.0,395.0,391.0,391.0,0.0,192,75728.0
2012-07-10,388.0,388.0,381.0,388.0,0.0,110,42610.0
2012-07-08,395.0,395.0,388.0,388.0,0.0,88,34564.0
2012-07-05,395.0,395.0,388.0,395.0,0.0,200,78300.0
2012-07-04,400.0,395.0,392.0,395.0,0.0,60,23670.0
2012-06-28,399.0,400.0,400.0,400.0,0.0,30,12000.0
2012-06-21,415.0,407.0,399.0,399.0,0.0,170,68630.0
2012-06-04,423.0,415.0,415.0,415.0,0.0,40,16600.0
2012-06-03,431.0,423.0,423.0,423.0,0.0,50,21150.0
2012-05-27,439.0,431.0,431.0,431.0,0.0,20,8620.0
2012-05-24,440.0,439.0,432.0,439.0,0.0,170,74070.0
2012-05-22,448.0,440.0,440.0,440.0,0.0,62,27280.0
2012-05-21,440.0,448.0,448.0,448.0,0.0,20,8960.0
2012-05-20,440.0,440.0,440.0,440.0,0.0,10,4400.0
2012-05-17,440.0,440.0,440.0,440.0,0.0,40,17600.0
2012-05-15,424.0,440.0,432.0,440.0,0.0,300,131200.0
2012-05-14,445.0,437.0,424.0,424.0,0.0,170,73100.0
2012-05-13,450.0,445.0,445.0,445.0,0.0,200,89000.0
2012-05-10,472.0,481.0,448.0,450.0,0.0,916,424646.0
2012-05-09,481.0,472.0,472.0,472.0,0.0,10,4720.0
2012-05-08,463.0,481.0,472.0,481.0,0.0,580,274480.0
2012-05-03,438.0,463.0,446.0,463.0,0.0,180,80530.0
2012-04-30,446.0,438.0,438.0,438.0,0.0,100,43800.0
2012-04-29,438.0,446.0,446.0,446.0,0.0,50,22300.0
2012-04-26,406.0,438.0,414.0,438.0,0.0,790,332260.0
2012-04-25,385.0,406.0,392.0,406.0,0.0,30,11970.0
2012-04-22,378.0,385.0,385.0,385.0,0.0,20,7700.0
2012-04-19,357.0,378.0,364.0,378.0,0.0,200,74940.0
2012-04-18,350.0,357.0,348.0,357.0,0.0,260,91080.0
2012-04-17,344.0,351.0,350.0,350.0,0.0,260,91100.0
2012-04-12,340.0,344.0,335.0,344.0,0.0,840,284700.0
2012-04-11,335.0,341.0,340.0,340.0,0.0,240,81640.0
2012-04-08,330.0,335.0,327.0,335.0,0.0,440,145340.0
2012-04-04,330.0,330.0,330.0,330.0,0.0,270,89100.0
2012-04-03,324.0,330.0,325.0,330.0,0.0,90,29450.0
2012-04-02,330.0,324.0,324.0,324.0,0.0,10,3240.0
2012-04-01,335.0,331.0,330.0,330.0,0.0,360,118860.0
2012-03-29,344.0,340.0,335.0,335.0,0.0,520,175800.0
2012-03-27,345.0,346.0,344.0,344.0,0.0,510,176110.0
2012-03-26,349.0,345.0,345.0,345.0,0.0,130,44850.0
2012-03-21,350.0,349.0,343.0,349.0,0.0,230,80090.0
2012-03-20,353.0,351.0,350.0,350.0,0.0,110,38510.0
2012-03-19,351.0,353.0,347.0,353.0,0.0,390,136130.0
2012-03-18,364.0,357.0,351.0,351.0,0.0,40,14160.0
2012-03-15,371.0,364.0,364.0,364.0,0.0,30,10920.0
2012-03-14,374.0,371.0,367.0,371.0,0.0,30,11050.0
2012-03-13,375.0,386.0,374.0,374.0,0.0,190,72240.0
2012-03-12,382.0,375.0,375.0,375.0,0.0,40,15000.0
2012-03-06,375.0,382.0,382.0,382.0,0.0,10,3820.0
2012-03-04,380.0,375.0,375.0,375.0,0.0,50,18750.0
2012-02-27,378.0,380.0,380.0,380.0,0.0,30,11400.0
2012-02-26,372.0,378.0,375.0,378.0,0.0,460,173120.0
2012-02-23,365.0,372.0,372.0,372.0,0.0,20,7440.0
2012-02-16,370.0,365.0,365.0,365.0,0.0,20,7300.0
2012-02-15,370.0,370.0,370.0,370.0,0.0,10,3700.0
2012-02-14,370.0,370.0,370.0,370.0,0.0,120,44400.0
2012-02-12,368.0,370.0,370.0,370.0,0.0,50,18500.0
2012-02-07,374.0,368.0,368.0,368.0,0.0,100,36800.0
2012-02-06,380.0,380.0,373.0,374.0,0.0,270,101460.0
2012-01-29,380.0,380.0,380.0,380.0,0.0,20,7600.0
2012-01-26,382.0,380.0,380.0,380.0,0.0,20,7600.0
2012-01-18,375.0,385.0,382.0,382.0,0.0,160,61240.0
2012-01-17,360.0,375.0,361.0,375.0,0.0,80,29300.0
2012-01-16,353.0,360.0,360.0,360.0,0.0,40,14400.0
2012-01-11,350.0,353.0,353.0,353.0,0.0,20,7060.0
2012-01-05,344.0,350.0,350.0,350.0,0.0,100,35000.0
2012-01-02,357.0,350.0,344.0,344.0,0.0,80,27760.0
2011-12-26,481.0,357.0,350.0,357.0,0.0,20,7070.0
2011-12-15,473.0,481.0,469.0,481.0,0.0,860,406590.0
2011-12-14,470.0,476.0,464.0,473.0,0.0,920,435200.0
2011-12-13,485.0,485.0,467.0,470.0,0.0,740,348290.0
2011-12-12,495.0,498.0,475.0,485.0,0.0,1420,687360.0
2011-12-11,500.0,509.0,494.0,495.0,0.0,1700,851700.0
2011-12-08,503.0,520.0,500.0,500.0,0.0,440,223800.0
2011-12-07,500.0,503.0,503.0,503.0,0.0,100,50300.0
2011-12-06,505.0,500.0,495.0,500.0,0.0,220,109050.0
2011-12-05,500.0,510.0,505.0,505.0,0.0,110,55700.0
2011-12-04,500.0,500.0,500.0,500.0,0.0,60,30000.0
2011-12-01,520.0,510.0,500.0,500.0,0.0,40,20200.0
2011-11-28,520.0,511.0,510.0,510.0,0.0,110,56110.0
2011-11-27,530.0,528.0,520.0,520.0,0.0,220,115380.0
2011-11-24,540.0,530.0,530.0,530.0,0.0,250,132500.0
2011-11-22,542.0,540.0,540.0,540.0,0.0,20,10800.0
2011-11-20,566.0,555.0,542.0,542.0,0.0,1120,620480.0
2011-11-15,560.0,566.0,565.0,566.0,0.0,80,45220.0
2011-11-14,555.0,560.0,560.0,560.0,0.0,20,11200.0
2011-11-13,545.0,555.0,554.0,555.0,0.0,120,66500.0
2011-11-10,594.0,583.0,544.0,545.0,0.0,730,405210.0
2011-11-09,560.0,594.0,565.0,594.0,0.0,330,188280.0
2011-11-08,590.0,579.0,558.0,560.0,0.0,170,95650.0
2011-11-03,592.0,590.0,590.0,590.0,0.0,100,59000.0
2011-11-02,570.0,592.0,581.0,592.0,0.0,70,40780.0
2011-10-25,560.0,581.0,570.0,570.0,0.0,40,22910.0
2011-10-24,550.0,560.0,560.0,560.0,0.0,20,11200.0
2011-10-23,550.0,555.0,550.0,550.0,0.0,180,99050.0
2011-10-20,553.0,560.0,550.0,550.0,0.0,130,71680.0
2011-10-19,554.0,553.0,543.0,553.0,0.0,190,103270.0
2011-10-18,540.0,554.0,541.0,554.0,0.0,350,193160.0
2011-10-17,550.0,545.0,540.0,540.0,0.0,110,59600.0
2011-10-16,540.0,550.0,535.0,550.0,0.0,180,97320.0
2011-10-13,520.0,540.0,530.0,540.0,0.0,100,53350.0
2011-10-12,519.0,520.0,520.0,520.0,0.0,20,10400.0
2011-10-10,529.0,519.0,519.0,519.0,0.0,80,41520.0
2011-09-29,520.0,529.0,529.0,529.0,0.0,60,31740.0
2011-09-27,515.0,520.0,515.0,520.0,0.0,210,108550.0
2011-09-26,515.0,515.0,515.0,515.0,0.0,40,20600.0
2011-09-25,514.0,515.0,514.0,515.0,0.0,140,71980.0
2011-09-22,511.0,514.0,514.0,514.0,0.0,50,25700.0
2011-09-21,505.0,511.0,508.0,511.0,0.0,30,15300.0
2011-09-20,477.0,510.0,486.0,505.0,0.0,370,187360.0
2011-09-19,468.0,477.0,477.0,477.0,0.0,10,4770.0
2011-09-18,495.0,486.0,468.0,468.0,0.0,30,14310.0
2011-09-15,500.0,495.0,492.0,495.0,0.0,30,14820.0
2011-09-14,500.0,500.0,495.0,500.0,0.0,280,139250.0
2011-09-13,493.0,500.0,486.0,500.0,0.0,460,228670.0
2011-09-12,494.0,503.0,493.0,493.0,0.0,320,159500.0
2011-09-08,531.0,521.0,494.0,494.0,0.0,820,408450.0
2011-09-07,550.0,540.0,531.0,531.0,0.0,70,37530.0
2011-09-06,550.0,556.0,550.0,550.0,0.0,220,121410.0
2011-09-05,540.0,550.0,541.0,550.0,0.0,370,201940.0
2011-09-04,529.0,540.0,532.0,540.0,0.0,130,69650.0
2011-09-01,527.0,535.0,525.0,529.0,0.0,350,185420.0
2011-08-30,530.0,532.0,525.0,527.0,0.0,190,100460.0
2011-08-29,532.0,530.0,515.0,530.0,0.0,400,208120.0
2011-08-28,540.0,540.0,530.0,532.0,0.0,150,79940.0
2011-08-25,525.0,540.0,515.0,540.0,0.0,240,126290.0
2011-08-24,522.0,525.0,522.0,525.0,0.0,90,47100.0
2011-08-23,525.0,525.0,522.0,522.0,0.0,90,47100.0
2011-08-22,525.0,535.0,525.0,525.0,0.0,540,285090.0
2011-08-18,525.0,525.0,515.0,525.0,0.0,110,57250.0
2011-08-17,520.0,530.0,525.0,525.0,0.0,230,120900.0
2011-08-16,555.0,550.0,520.0,520.0,0.0,970,512050.0
2011-08-15,505.0,555.0,515.0,555.0,0.0,1260,690760.0
2011-08-11,470.0,505.0,479.0,505.0,0.0,120,59380.0
2011-08-10,468.0,470.0,470.0,470.0,0.0,10,4700.0
2011-08-09,483.0,476.0,467.0,468.0,0.0,220,103940.0
2011-08-08,502.0,499.0,483.0,483.0,0.0,110,53950.0
2011-08-07,490.0,502.0,499.0,502.0,0.0,40,20020.0
2011-08-04,482.0,500.0,490.0,490.0,0.0,350,174190.0
2011-08-03,486.0,490.0,480.0,482.0,0.0,250,121020.0
2011-08-02,495.0,504.0,477.0,486.0,0.0,330,161460.0
2011-08-01,500.0,510.0,491.0,495.0,0.0,850,428360.0
2011-07-31,500.0,510.0,500.0,500.0,0.0,80,40400.0
2011-07-28,479.0,508.0,481.0,500.0,0.0,1990,980550.0
2011-07-27,470.0,479.0,479.0,479.0,0.0,20,9580.0
2011-07-26,453.0,470.0,460.0,470.0,0.0,250,116300.0
2011-07-25,480.0,471.0,453.0,453.0,0.0,110,50190.0
2011-07-24,480.0,480.0,480.0,480.0,0.0,140,67200.0
2011-07-21,480.0,480.0,480.0,480.0,0.0,50,24000.0
2011-07-20,474.0,480.0,467.0,480.0,0.0,120,57030.0
2011-07-19,465.0,474.0,465.0,474.0,0.0,160,74730.0
2011-07-18,492.0,500.0,465.0,465.0,0.0,510,250910.0
2011-07-14,465.0,492.0,474.0,492.0,0.0,40,19230.0
2011-07-13,456.0,465.0,465.0,465.0,0.0,10,4650.0
2011-07-12,448.0,456.0,456.0,456.0,0.0,60,27360.0
2011-07-10,439.0,448.0,440.0,448.0,0.0,110,49200.0
2011-07-07,447.0,439.0,439.0,439.0,0.0,10,4390.0
2011-07-06,440.0,465.0,447.0,447.0,0.0,200,91030.0
2011-07-05,420.0,440.0,428.0,440.0,0.0,70,30440.0
2011-07-04,419.0,420.0,420.0,420.0,0.0,350,147000.0
2011-07-03,422.0,419.0,411.0,419.0,0.0,360,149680.0
2011-06-29,424.0,422.0,422.0,422.0,0.0,210,88620.0
2011-06-27,432.0,424.0,424.0,424.0,0.0,140,59360.0
2011-06-26,432.0,440.0,432.0,432.0,0.0,70,30560.0
2011-06-23,416.0,432.0,424.0,432.0,0.0,20,8560.0
2011-06-21,408.0,416.0,416.0,416.0,0.0,30,12480.0
2011-06-16,393.0,393.0,393.0,393.0,0.0,20,7860.0
2011-06-15,401.0,394.0,386.0,393.0,0.0,370,144820.0
2011-06-14,398.0,401.0,400.0,401.0,0.0,110,44010.0
2011-06-13,406.0,400.0,398.0,398.0,0.0,140,55800.0
2011-06-12,401.0,406.0,399.0,406.0,0.0,130,52150.0
2011-06-09,415.0,407.0,400.0,401.0,0.0,80,32090.0
2011-06-08,425.0,420.0,415.0,415.0,0.0,110,45830.0
2011-06-07,433.0,426.0,425.0,425.0,0.0,110,46850.0
2011-06-02,450.0,441.0,417.0,433.0,0.0,130,55490.0
2011-06-01,448.0,450.0,450.0,450.0,0.0,30,13500.0
2011-05-31,458.0,458.0,448.0,448.0,0.0,100,45080.0
2011-05-23,467.0,460.0,458.0,458.0,0.0,90,41280.0
2011-05-22,476.0,467.0,467.0,467.0,0.0,10,4670.0
2011-05-19,482.0,476.0,476.0,476.0,0.0,20,9520.0
2011-05-18,500.0,490.0,482.0,482.0,0.0,50,24260.0
2011-05-16,482.0,500.0,491.0,500.0,0.0,200,99910.0
2011-05-15,477.0,482.0,473.0,482.0,0.0,90,42820.0
2011-05-12,468.0,477.0,477.0,477.0,0.0,10,4770.0
2011-05-11,465.0,468.0,468.0,468.0,0.0,30,14040.0
2011-05-10,460.0,465.0,458.0,465.0,0.0,60,27680.0
2011-05-09,465.0,460.0,456.0,460.0,0.0,40,18360.0
2011-05-08,470.0,470.0,463.0,465.0,0.0,60,27960.0
2011-05-05,470.0,470.0,470.0,470.0,0.0,40,18800.0
2011-05-04,471.0,470.0,470.0,470.0,0.0,10,4700.0
2011-05-03,459.0,480.0,466.0,471.0,0.0,1240,592210.0
2011-05-02,440.0,459.0,440.0,459.0,0.0,50,22410.0
2011-04-28,425.0,440.0,425.0,440.0,0.0,220,96510.0
2011-04-27,425.0,425.0,425.0,425.0,0.0,40,17000.0
2011-04-25,450.0,441.0,417.0,425.0,0.0,290,123250.0
2011-04-21,457.0,455.0,446.0,450.0,0.0,130,58510.0
2011-04-20,475.0,466.0,457.0,457.0,0.0,20,9230.0
2011-04-19,493.0,484.0,475.0,475.0,0.0,30,14340.0
2011-04-05,476.0,493.0,475.0,493.0,0.0,90,43020.0
2011-04-04,475.0,476.0,476.0,476.0,0.0,30,14280.0
2011-03-31,480.0,475.0,475.0,475.0,0.0,10,4750.0
2011-03-29,485.0,480.0,480.0,480.0,0.0,10,4800.0
2011-03-25,481.0,485.0,485.0,485.0,0.0,20,9700.0
2011-03-24,490.0,481.0,481.0,481.0,0.0,40,19240.0
2011-03-20,495.0,490.0,490.0,490.0,0.0,20,9800.0
