date,open,high,low,ltp,percent_change,qty,turnover
2023-05-08,351.1,353.9,340.1,344.0,-1.99,26209,9019590.2
2023-05-07,355.0,357.7,350.0,351.0,-2.5,6193,2180486.8
2023-05-04,356.0,363.0,356.0,360.0,0.28,10023,3585065.4
2023-05-03,357.0,359.0,356.6,359.0,-0.69,2293,818697.7
2023-05-02,360.0,361.5,357.0,361.5,0.42,3993,1431677.8
2023-04-30,359.7,360.9,357.7,360.0,-1.91,5091,1829928.2
2023-04-27,368.0,368.0,361.0,367.0,0.55,3600,1305945.0
2023-04-26,368.0,369.0,363.0,365.0,-0.54,6355,2324749.9
2023-04-25,364.0,370.0,361.5,367.0,1.86,11295,4141394.1
2023-04-24,357.0,364.8,356.0,360.3,0.61,4312,1555662.4
2023-04-23,363.2,367.0,358.0,358.1,-2.53,11395,4118786.2
2023-04-20,368.5,373.9,367.2,367.4,-2.03,4610,1702750.3
2023-04-19,375.8,381.0,369.0,375.0,1.76,8848,3316795.3
2023-04-18,368.0,372.9,367.1,368.5,-0.41,7943,2931480.6
2023-04-17,376.2,376.2,370.0,370.0,-2.63,7141,2671224.8
2023-04-16,387.0,387.0,375.0,380.0,0.0,18952,7213781.8
2023-04-13,380.0,390.0,375.0,380.0,-1.5,18674,7132266.5
2023-04-12,373.0,385.8,371.0,385.8,5.12,21984,8370102.1
2023-04-11,367.0,373.0,360.1,367.0,1.94,4831,1767886.1
2023-04-10,353.1,365.0,353.1,360.0,0.03,11650,4189624.5
2023-04-09,365.0,371.2,356.8,359.9,-2.73,27773,10152321.7
2023-04-06,376.8,376.8,369.0,370.0,0.14,27714,10274364.4
2023-04-05,424.3,424.3,416.2,418.5,0.6,52836,22159440.3
2023-04-04,411.5,418.9,411.0,416.0,-0.48,6755,2808898.8
2023-04-03,413.0,419.5,406.0,418.0,0.48,19006,7863243.8
2023-04-02,430.0,432.0,416.0,416.0,-2.05,30824,12974033.6
2023-03-30,429.9,430.0,423.5,424.7,-0.52,17003,7256283.3
2023-03-29,423.0,428.0,419.1,426.9,0.45,19235,8166453.2
2023-03-28,426.9,431.5,420.5,425.0,1.43,26550,11310246.1
2023-03-27,415.0,419.9,410.0,419.0,1.23,11078,4615545.2
2023-03-26,404.9,436.7,404.9,413.9,4.26,54994,22732389.7
2023-03-23,395.0,399.5,390.0,397.0,-1.0,10446,4102704.9
2023-03-22,416.0,417.0,400.0,401.0,-2.55,14873,6016299.6
2023-03-20,404.0,411.5,398.4,411.5,1.88,21014,8461589.7
2023-03-19,395.0,403.9,395.0,403.9,0.22,9548,3816286.6
2023-03-16,394.1,406.0,394.1,403.0,0.25,10324,4149628.9
2023-03-15,400.0,403.0,397.0,402.0,0.5,7739,3097782.7
2023-03-14,400.0,406.0,398.0,400.0,1.14,9325,3748292.2
2023-03-13,408.0,408.0,395.1,395.5,-4.0,11302,4493292.4
2023-03-12,420.0,422.0,396.3,412.0,-1.2,35953,14552286.1
2023-03-09,412.9,417.0,405.0,417.0,2.99,17534,7195227.7
2023-03-07,405.0,413.0,400.0,404.9,0.22,6978,2826978.2
2023-03-05,414.0,414.0,399.0,404.0,-0.66,14564,5899979.9
2023-03-02,412.9,419.9,406.7,406.7,-2.96,16166,6652797.4
2023-03-01,425.0,435.9,419.1,419.1,-2.49,7957,3356618.9
2023-02-28,434.0,444.0,424.0,429.8,-0.05,6510,2798596.3
2023-02-27,448.0,448.5,417.2,430.0,-2.27,13354,5757139.5
2023-02-26,425.4,440.0,417.0,440.0,1.38,19428,8270358.5
2023-02-23,435.0,436.0,428.1,434.0,-2.21,14863,6404911.3
2023-02-22,440.0,444.9,433.1,443.8,2.61,19766,8656042.9
2023-02-20,431.9,438.0,430.2,432.5,-1.66,20211,8768697.8
2023-02-16,442.9,444.7,436.3,439.8,-1.17,16229,7117542.3
2023-02-15,457.0,457.0,440.0,445.0,-1.11,15536,6895451.4
2023-02-14,447.0,455.0,445.0,450.0,0.67,14748,6596133.9
2023-02-12,460.6,460.6,445.0,447.0,-4.89,30854,13894253.8
2023-02-09,460.0,474.3,452.1,470.0,3.07,40763,18793463.9
2023-02-08,469.2,478.5,455.0,456.0,-0.87,55262,25684184.3
2023-02-07,438.0,460.0,434.0,460.0,6.6,28873,12891251.7
2023-02-06,435.0,440.0,431.1,431.5,-1.48,23481,10214114.3
2023-02-05,445.0,452.0,436.1,438.0,-1.13,29046,12826326.6
2023-02-02,448.0,462.2,440.1,443.0,-3.0,23614,10575757.9
2023-02-01,479.0,479.0,440.6,456.7,-2.83,75759,34006784.0
2023-01-31,451.4,489.0,451.4,470.0,4.12,162173,76772388.7
2022-05-12,520.0,520.0,481.0,485.0,-5.83,127065,62636394.3
2022-05-11,504.0,517.1,504.0,515.0,4.04,19880,10122973.8
2022-05-10,496.7,503.0,485.0,495.0,1.64,8380,4168388.0
2022-05-09,500.0,502.0,487.0,487.0,-1.62,21386,10574691.2
2022-05-08,490.0,497.0,479.4,495.0,0.0,13985,6802788.0
2022-05-05,504.0,522.9,495.0,495.0,-3.7,16649,8361635.4
2022-05-04,531.0,531.0,514.0,514.0,-1.38,7311,3788114.5
2022-05-02,551.0,551.0,520.0,521.2,-3.66,11269,5941916.9
2022-04-28,563.9,563.9,534.2,541.0,-2.52,11777,6400912.6
2022-04-27,548.0,565.0,547.0,555.0,-0.54,6140,3415448.0
2022-04-26,552.1,585.0,549.0,558.0,-0.71,6905,3827289.8
2022-04-25,580.0,584.0,562.0,562.0,-2.24,17188,9805482.4
2022-04-24,552.0,580.0,552.0,574.9,5.29,20629,11660073.3
2022-04-21,550.0,550.0,528.1,546.0,0.74,16209,8662256.5
2022-04-20,567.0,567.1,540.0,542.0,-2.52,9833,5358129.0
2022-04-19,549.9,569.9,540.0,556.0,1.09,23817,13222737.7
2022-04-18,578.0,578.0,544.0,550.0,-3.17,16434,9063201.1
2022-04-17,590.0,590.0,568.0,568.0,-2.07,16184,9302489.6
2022-04-13,589.9,589.9,568.0,580.0,0.17,17002,9857371.0
2022-04-12,605.0,605.0,575.0,579.0,-2.53,9339,5423106.7
2022-04-11,617.1,627.9,585.0,594.0,-1.82,20192,12166264.4
2022-04-07,608.0,619.0,595.0,605.0,1.34,18666,11349209.8
2022-04-06,610.0,614.0,595.1,597.0,-1.49,30775,18572351.9
2022-04-05,609.0,618.0,590.0,606.0,-2.1,51665,31074774.6
2022-04-04,646.0,646.0,615.1,619.0,-2.37,25923,16102251.4
2022-04-03,652.8,652.8,630.0,634.0,-0.94,31534,20178469.5
2022-03-31,660.0,662.0,640.0,640.0,-1.54,42656,27688810.0
2022-03-30,654.0,654.0,616.8,650.0,1.25,51736,33020083.2
2022-03-29,649.9,652.0,632.0,642.0,-0.16,22136,14140127.9
2022-03-28,670.0,670.0,640.0,643.0,-3.74,74326,48512438.0
2022-03-27,681.0,721.0,660.0,668.0,-0.3,254236,175102860.4
2022-03-24,650.0,673.2,628.0,670.0,4.69,126900,83773078.6
2022-03-23,620.0,644.0,620.0,640.0,2.07,57596,36626253.8
2022-03-22,635.0,635.0,623.0,627.0,0.5,20233,12702213.2
2022-03-21,626.0,626.0,610.1,623.9,1.12,24989,15423905.2
2022-03-20,643.6,643.6,615.6,617.0,-2.22,28262,17534821.3
2022-03-16,635.0,640.0,629.2,631.0,-0.32,35161,22354137.2
2022-03-15,627.0,637.0,617.5,633.0,0.96,51228,32213855.2
2022-03-14,624.2,636.0,603.0,627.0,2.45,27695,17280385.3
2022-03-13,581.0,616.0,572.0,612.0,7.37,52497,31671411.9
2022-03-10,545.0,578.3,538.0,570.0,5.95,25569,14349934.4
2022-03-09,538.0,558.9,520.0,538.0,-1.82,21239,11519664.7
2022-03-07,557.0,566.8,545.0,548.0,-1.77,9984,5542694.5
2022-03-06,564.0,564.0,549.0,557.9,0.89,9440,5244176.2
2022-03-02,589.0,589.0,552.0,553.0,-4.49,23737,13248720.1
2022-02-28,611.8,624.0,575.0,579.0,-3.48,25148,14717046.9
2022-02-27,606.9,619.0,592.0,599.9,0.82,8985,5382605.5
2022-02-24,610.0,617.0,592.9,595.0,-3.41,32206,19380344.4
2022-02-23,634.0,634.0,615.0,616.0,-1.75,24564,15296755.2
2022-02-22,636.6,638.0,624.0,627.0,0.3,18924,11928976.0
2022-02-21,638.5,650.0,622.3,625.1,-0.14,77447,48699304.5
2022-02-20,631.2,645.0,616.5,626.0,-2.8,34742,21856046.6
2022-02-17,654.0,654.0,642.0,644.0,0.23,14958,9672182.5
2022-02-16,634.1,662.0,634.1,642.5,-0.39,14030,9123391.8
2022-02-15,644.0,656.0,632.1,645.0,2.14,32844,21065353.3
2022-02-14,650.7,655.0,630.0,631.5,-1.02,33259,21376975.9
2022-02-13,657.0,657.0,637.1,638.0,-4.78,29925,19196635.8
2022-02-10,688.5,688.5,667.0,670.0,-0.74,20849,14006753.7
2022-02-09,697.0,697.0,670.0,675.0,-1.32,19632,13217854.5
2022-02-08,708.0,714.9,674.3,684.0,-1.58,33558,23175958.3
2022-02-07,677.0,700.0,677.0,695.0,2.67,52289,36111352.0
2022-02-06,707.5,707.5,676.6,676.9,-2.6,34761,23745205.4
2022-02-03,709.9,728.0,693.0,695.0,-0.71,53308,37438367.2
2022-02-01,708.0,720.0,692.9,700.0,0.57,51790,36293985.2
2022-01-31,714.0,714.0,690.0,696.0,-0.94,66449,46404981.9
2022-01-30,689.0,716.0,689.0,702.6,4.01,77214,54143567.3
2022-01-27,675.0,698.0,674.0,675.5,-0.22,31452,21574359.4
2022-01-26,696.0,696.0,670.0,677.0,-1.17,49863,33866818.2
2022-01-25,692.0,705.0,672.0,685.0,0.59,130172,89843543.5
2022-01-24,708.0,710.0,675.0,681.0,-3.81,160428,111204897.9
2022-01-23,705.8,721.0,698.0,708.0,2.31,176277,124966393.7
2022-01-20,629.2,698.7,629.2,692.0,7.79,223337,151867734.1
2022-01-19,624.0,658.0,624.0,642.0,0.94,65436,42401102.9
2022-01-18,649.0,659.0,632.7,636.0,-2.45,62362,40020493.9
2022-01-17,664.0,664.0,641.0,652.0,0.0,38928,25321245.5
2022-01-16,642.0,669.9,642.0,652.0,1.56,80727,52979415.0
2022-01-13,636.0,653.0,613.0,642.0,2.88,55622,35526677.9
2022-01-12,655.0,655.0,622.3,624.0,-3.26,69248,44060587.1
2022-01-11,626.0,659.0,612.1,645.0,4.71,115789,74623313.9
2022-01-10,600.0,617.0,590.0,616.0,3.18,69289,41777151.0
2022-01-09,567.0,603.0,567.0,597.0,4.01,32134,19028080.7
2022-01-06,579.0,580.0,567.0,574.0,0.53,14640,8435136.0
2022-01-05,581.0,592.0,571.0,571.0,-2.48,31922,18418381.5
2022-01-04,574.0,590.0,573.0,585.5,0.27,18978,11101046.0
2022-01-03,594.0,598.7,578.0,583.9,0.15,38055,22299114.2
2022-01-02,574.0,589.0,570.0,583.0,3.55,28538,16562724.6
2021-12-29,573.0,575.0,547.2,563.0,-0.16,23488,13247549.8
2021-12-28,540.0,566.5,530.0,563.9,2.53,21988,12218479.2
2021-12-27,586.0,597.6,545.0,550.0,-4.4,86918,50497680.7
2021-12-26,533.0,575.3,530.0,575.3,10.0,80873,45638824.8
2021-12-23,498.0,533.0,490.0,523.0,2.95,18915,9779311.9
2021-12-22,493.0,510.0,492.0,508.0,3.46,25798,12961160.8
2021-12-21,482.9,491.0,480.0,491.0,3.59,7759,3754291.5
2021-12-20,466.0,474.0,460.6,474.0,0.21,14313,6656566.3
2021-12-16,472.9,485.0,470.2,473.0,-1.97,7731,3685207.2
2021-12-15,496.0,520.2,466.0,482.5,-0.92,17089,8479265.6
2021-12-14,469.0,487.8,469.0,487.0,5.85,3852,1850847.0
2021-12-13,480.0,482.1,460.0,460.1,-4.94,10214,4795718.9
2021-12-12,495.0,499.0,479.0,484.0,-3.01,23395,11417352.0
2021-12-09,497.0,500.0,490.0,499.0,-0.2,11926,5899418.5
2021-12-08,505.0,518.0,500.0,500.0,-1.57,10831,5460188.9
2021-12-07,531.0,531.4,508.0,508.0,-2.5,16728,8751844.9
2021-12-06,502.0,521.0,495.0,521.0,2.36,16776,8487441.6
2021-12-05,522.4,535.0,503.8,509.0,-4.5,18013,9280148.7
2021-12-02,545.0,545.0,525.0,533.0,-2.2,15108,8003315.9
2021-12-01,533.0,545.0,533.0,545.0,0.93,5919,3200676.0
2021-11-30,550.0,554.0,535.0,540.0,-2.53,30666,16582450.9
2021-11-29,563.9,570.0,546.0,554.0,-1.07,14090,7817668.5
2021-11-28,562.0,570.0,555.0,560.0,-2.12,11253,6310802.7
2021-11-25,570.0,586.0,566.0,572.1,-0.5,2848,1638303.8
2021-11-24,561.0,583.0,560.6,575.0,0.52,6808,3866728.0
2021-11-23,575.1,586.0,572.0,572.0,-1.72,9328,5371453.0
2021-11-22,590.0,597.8,580.0,582.0,0.34,8892,5219101.2
2021-11-21,582.0,601.0,579.0,580.0,-2.19,11192,6534414.2
2021-11-18,616.0,616.0,593.0,593.0,-1.82,10517,6285174.1
2021-11-17,642.0,655.0,604.0,604.0,-4.13,22696,13937338.3
2021-11-16,581.1,639.0,581.0,630.0,8.43,40205,24283988.6
2021-11-15,595.0,595.0,574.0,581.0,-0.68,11451,6667941.2
2021-11-14,589.9,590.0,566.5,585.0,0.34,12247,7054228.1
2021-11-11,594.0,629.0,573.0,583.0,-1.85,13048,7619017.2
2021-11-09,619.0,619.0,578.0,594.0,-3.89,20203,12011034.7
2021-11-08,676.0,676.0,650.0,652.0,-1.66,25396,16613869.9
2021-11-03,683.4,695.0,659.0,663.0,-1.04,45962,30630604.6
2021-11-02,622.0,695.9,620.0,670.0,5.68,41558,26745675.2
2021-11-01,640.0,645.0,618.0,634.0,-0.16,54829,34839054.7
2021-10-31,605.0,642.0,602.1,635.0,4.44,34272,21278955.1
2021-10-28,620.0,630.0,601.0,608.0,-2.69,24586,15134378.3
2021-10-27,599.0,635.0,586.0,624.8,6.08,63739,39657431.5
2021-10-26,583.0,598.0,564.0,589.0,2.81,28724,16898947.6
2021-10-25,559.9,581.9,558.6,572.9,4.35,22754,12852428.5
2021-10-24,535.0,558.0,535.0,549.0,0.73,6023,3316047.3
2021-10-21,548.0,561.0,540.0,545.0,-1.09,11284,6195807.8
2021-10-20,555.0,559.0,546.0,551.0,1.1,12280,6758296.0
2021-10-19,560.0,561.3,535.0,545.0,-3.37,18365,9956963.1
2021-10-18,590.0,590.0,563.5,564.0,-3.92,12912,7342508.1
2021-10-17,588.4,588.4,577.0,587.0,1.73,2830,1648874.0
2021-10-11,575.0,580.0,571.0,577.0,-1.54,11748,6764330.2
2021-10-10,598.0,608.7,586.0,586.0,-1.84,12438,7397997.7
2021-10-06,571.0,608.0,571.0,597.0,2.93,24549,14594351.5
2021-10-05,583.0,595.1,575.0,580.0,1.38,11734,6870146.3
2021-10-04,558.1,582.4,551.0,572.1,0.7,29263,16709043.8
2021-10-03,568.0,580.0,568.0,568.1,-1.37,11732,6722079.8
2021-09-30,595.0,595.0,574.0,576.0,-2.04,14628,8482434.0
2021-09-29,581.0,591.9,560.0,588.0,3.16,21743,12470181.9
2021-09-28,587.0,610.0,567.1,570.0,-2.91,26245,15213074.1
2021-09-27,620.0,632.4,585.1,587.1,-3.44,24007,14242909.8
2021-09-26,632.0,632.0,600.0,608.0,-2.25,28823,17530399.0
2021-09-23,648.0,648.0,619.4,622.0,-2.81,22861,14496787.5
2021-09-22,636.0,647.0,630.0,640.0,2.56,54635,35025060.8
2021-09-21,616.0,649.0,601.1,624.0,-0.64,35978,22514686.2
2021-09-20,644.0,644.0,620.1,628.0,-2.47,49590,31091396.5
2021-09-16,650.1,659.0,632.0,643.9,-2.73,45242,29014215.9
2021-09-15,667.0,686.0,661.6,662.0,-2.5,25183,16793467.9
2021-09-14,689.9,690.0,675.0,679.0,-0.59,21038,14351662.5
2021-09-13,684.0,695.0,672.7,683.0,-0.5,52805,36039861.6
2021-09-12,662.0,691.0,661.5,686.4,1.69,35693,24243771.4
2021-09-09,687.4,701.0,660.1,675.0,0.15,18468,12496240.9
2021-09-08,696.0,696.0,671.6,674.0,-3.16,17903,12125107.9
2021-09-07,723.9,723.9,682.0,696.0,-2.23,37090,25754137.3
2021-09-06,688.0,715.0,665.0,711.9,5.47,73870,51452438.0
2021-09-05,695.0,698.0,657.0,675.0,-4.32,55920,37834208.9
2021-09-02,720.0,733.9,705.0,705.5,-2.01,57211,40667428.8
2021-09-01,740.0,749.0,713.1,720.0,-2.04,66796,48425856.5
2021-08-31,752.0,755.1,730.0,735.0,-3.92,33110,24498356.0
2021-08-29,793.9,793.9,755.0,765.0,-2.55,25549,19495049.0
2021-08-26,764.0,785.0,760.1,785.0,2.08,43395,33305789.1
2021-08-25,780.0,787.0,765.0,769.0,-2.41,28864,22307692.9
2021-08-24,820.0,820.0,775.0,788.0,-1.99,67685,53864242.8
2021-08-19,790.0,840.0,784.0,804.0,3.61,115213,93403414.2
2021-08-18,755.0,785.4,755.0,776.0,1.04,41904,32592865.7
2021-08-17,779.0,793.0,767.3,768.0,-1.29,45348,35074616.5
2021-08-16,790.0,790.0,762.0,778.0,0.12,33817,26351704.3
2021-08-15,774.8,794.0,774.8,777.1,-1.71,39048,30571503.1
2021-08-12,796.0,805.0,789.0,790.6,-0.68,52040,41226842.0
2021-08-11,808.0,812.0,792.0,796.0,-1.23,38713,30887116.6
2021-08-10,800.0,811.0,790.0,805.9,0.74,59901,47785256.9
2021-08-09,810.0,813.0,795.0,800.0,-0.81,66989,53778905.7
2021-08-08,820.0,820.0,802.1,806.5,-0.8,52483,42406501.3
2021-08-05,813.0,828.0,810.0,813.0,0.49,106960,87627345.6
2021-08-04,815.0,818.0,801.0,809.0,-0.37,83086,67253694.7
2021-08-03,781.0,825.0,778.0,812.0,3.7,141545,112907365.7
2021-08-02,786.0,795.0,778.0,783.0,-0.28,46579,36429070.7
2021-08-01,800.0,800.0,784.2,785.2,-2.82,89675,70652006.9
2021-07-29,820.0,828.0,796.0,808.0,-1.34,110141,89371144.5
2021-07-28,785.0,826.2,776.0,819.0,5.0,163098,130693626.7
2021-07-27,778.0,790.0,771.0,780.0,0.26,29290,22908854.1
2021-07-26,800.7,800.7,776.0,778.0,-0.89,13985,10927192.4
2021-07-25,775.0,785.0,765.0,785.0,0.77,21724,16813910.2
2021-07-22,786.0,791.0,778.0,779.0,-0.64,12276,9630780.6
2021-07-20,783.0,796.0,781.0,784.0,-1.63,9507,7462578.0
2021-07-19,799.0,814.0,793.0,797.0,1.72,18873,15146185.0
2021-07-18,774.0,795.0,771.0,783.5,3.23,16096,12616730.2
2021-07-15,760.0,770.0,756.0,759.0,-0.39,20890,15901493.0
2021-07-14,762.0,775.0,757.0,762.0,-1.04,8210,6291086.0
2021-07-13,780.0,785.0,762.0,770.0,0.26,7648,5908579.0
2021-07-12,802.0,802.0,762.0,768.0,-2.54,11211,8639587.0
2021-07-11,770.0,789.0,770.0,788.0,3.68,7292,5673676.0
2021-07-08,746.0,765.0,746.0,760.0,0.13,12471,9475006.0
2021-07-07,763.0,770.0,755.0,759.0,-0.78,15674,11907785.0
2021-07-06,762.0,777.0,757.0,765.0,0.39,12548,9592460.0
2021-07-05,763.0,769.0,760.0,762.0,-1.55,10264,7841355.0
2021-07-04,775.0,779.0,765.0,774.0,0.65,19499,15061120.0
2021-07-01,777.0,778.0,768.0,769.0,0.92,14222,11006724.0
2021-06-30,768.0,768.0,746.0,762.0,0.53,21630,16259936.0
2021-06-29,780.0,784.0,758.0,758.0,-1.56,15741,12011099.0
2021-06-28,767.0,784.0,767.0,770.0,0.13,13324,10311240.0
2021-06-27,773.0,779.0,768.0,769.0,-0.52,18124,14004559.0
2021-06-24,790.0,790.0,773.0,773.0,-1.65,19170,14899697.0
2021-06-23,820.0,820.0,785.0,786.0,-3.56,33244,26334187.0
2021-06-22,777.0,815.0,777.0,815.0,4.89,38792,30823481.0
2021-06-21,800.0,813.0,775.0,777.0,-3.36,57554,45549273.0
2021-06-20,820.0,825.0,796.0,804.0,-1.95,31998,25846146.0
2021-06-17,815.0,837.0,810.0,820.0,1.11,47246,38881577.0
2021-06-16,840.0,840.0,800.0,811.0,-3.8,81330,66620764.0
2021-06-15,860.0,870.0,840.0,843.0,-1.4,58480,49729874.0
2021-06-14,858.0,875.0,845.0,855.0,1.54,64896,55265071.0
2021-06-13,862.0,862.0,840.0,842.0,-0.47,50771,43134882.0
2021-06-10,879.0,890.0,846.0,846.0,-2.08,66527,57424247.0
2021-06-09,880.0,901.0,855.0,864.0,0.0,113832,100083132.0
2021-06-08,835.0,868.0,835.0,864.0,3.85,100547,86035734.0
2021-06-07,835.0,845.0,830.0,832.0,-0.48,40756,34053220.0
2021-06-06,849.0,849.0,832.0,836.0,-1.07,44898,37655827.0
2021-06-03,869.0,873.0,840.0,845.0,-0.94,101647,87098908.0
2021-06-02,871.0,871.0,816.0,853.0,2.77,112756,95956344.0
2021-06-01,830.0,855.0,820.0,830.0,-1.54,59703,49678877.0
2021-05-31,868.0,880.0,835.0,843.0,-1.98,105243,90075186.0
2021-05-30,861.0,882.0,849.0,860.0,0.12,157202,136437160.0
2021-05-27,830.0,879.0,830.0,859.0,-1.6,125263,107220777.0
2021-05-25,770.0,891.0,770.0,873.0,7.78,306098,261805739.0
2021-05-24,829.0,829.0,804.0,810.0,-0.49,67217,54903472.0
2021-05-23,788.0,828.0,773.0,814.0,1.5,87421,70992310.0
2021-05-20,805.0,815.0,800.0,802.0,-0.99,36623,29414124.0
2021-05-19,840.0,840.0,802.0,810.0,-1.7,96296,78852215.0
2021-05-18,805.0,829.0,788.0,824.0,2.74,132162,107003317.0
2021-05-17,820.0,828.0,795.0,802.0,-1.47,83148,67240185.0
2021-05-16,800.0,815.0,792.0,814.0,3.17,129894,104852948.0
2021-05-13,800.0,800.0,768.0,789.0,2.87,81027,63635388.0
2021-05-12,765.0,767.0,756.0,767.0,1.05,39502,30099292.0
2021-05-11,762.0,765.0,755.0,759.0,0.53,10541,7992318.0
2021-05-10,730.0,758.0,730.0,755.0,1.48,8780,6597265.0
2021-05-09,746.0,760.0,743.0,744.0,-1.72,21505,16102615.0
2021-05-06,764.0,770.0,757.0,757.0,-1.69,21896,16677846.0
2021-05-05,771.0,785.0,758.0,770.0,0.0,19191,14828776.0
2021-05-04,774.0,782.0,766.0,770.0,-0.52,19293,14877299.0
2021-05-03,785.0,803.0,760.0,774.0,0.0,33104,25706208.0
2021-05-02,750.0,782.0,735.0,774.0,5.16,56679,43335097.0
2021-04-29,730.0,742.0,726.0,736.0,0.82,10894,8021692.0
2021-04-28,730.0,743.0,716.0,730.0,0.0,10598,7730772.0
2021-04-27,707.0,748.0,707.0,730.0,3.25,23435,16968646.0
2021-04-26,718.0,749.0,704.0,707.0,-3.42,48636,34683863.0
2021-04-25,732.0,740.0,725.0,732.0,-1.35,36856,26947341.0
2021-04-22,760.0,760.0,739.0,742.0,-1.07,39055,29118190.0
2021-04-21,766.0,781.0,736.0,750.0,-1.96,70974,53136265.0
2021-04-20,764.0,771.0,735.0,765.0,1.19,25508,19429390.0
2021-04-19,764.0,770.0,755.0,756.0,-1.56,20304,15412203.0
2021-04-18,822.0,822.0,765.0,768.0,-2.17,16641,12856510.0
2021-04-15,770.0,786.0,765.0,785.0,1.95,36287,28328021.0
2021-04-13,775.0,775.0,765.0,770.0,-0.39,21020,16169965.0
2021-04-12,763.0,775.0,763.0,773.0,0.39,25973,19976911.0
2021-04-08,775.0,775.0,758.0,770.0,1.18,18111,13821979.0
2021-04-07,770.0,780.0,758.0,761.0,-1.55,31818,24375715.0
2021-04-06,769.0,787.0,762.0,773.0,-1.4,34821,26808412.0
2021-04-05,799.0,802.0,775.0,784.0,-0.38,42279,33112358.0
2021-04-04,809.0,809.0,764.0,787.0,2.08,44080,34483229.0
2021-04-01,771.0,785.0,757.0,771.0,1.98,63743,49014337.0
2021-03-31,732.0,761.0,732.0,756.0,3.56,56503,42338350.0
2021-03-30,734.0,740.0,719.0,730.0,1.39,34415,25158444.0
2021-03-29,730.0,730.0,716.0,720.0,-0.14,15160,10915321.0
2021-03-25,732.0,738.0,719.0,721.0,-1.23,17672,12830746.0
2021-03-24,725.0,731.0,722.0,730.0,0.83,16161,11767052.0
2021-03-23,720.0,733.0,719.0,724.0,-0.96,17342,12606240.0
2021-03-22,767.0,767.0,725.0,731.0,-2.92,34047,24931193.0
2021-03-21,728.0,755.0,711.0,753.0,3.86,30847,22751184.0
2021-03-18,707.0,726.0,700.0,725.0,4.32,25521,18312396.0
2021-03-17,690.0,695.0,676.0,695.0,2.21,22042,15202940.0
2021-03-16,679.0,680.0,666.0,680.0,2.1,17811,11945774.0
2021-03-15,670.0,688.0,663.0,666.0,-2.49,29536,19893196.0
2021-03-14,708.0,708.0,679.0,683.0,-3.53,33869,23350455.0
2021-03-10,702.0,712.0,702.0,708.0,-0.28,14373,10168114.0
2021-03-09,705.0,726.0,704.0,710.0,-0.28,15669,11134064.0
2021-03-07,735.0,747.0,712.0,712.0,-3.39,12918,9332060.0
2021-03-04,720.0,737.0,710.0,737.0,3.8,32200,23511673.0
2021-03-03,716.0,740.0,698.0,710.0,-2.47,48499,34383867.0
2021-03-02,755.0,760.0,718.0,728.0,-4.21,36163,26520947.0
2021-03-01,740.0,765.0,718.0,760.0,2.7,49538,37112157.0
2021-02-28,775.0,775.0,733.0,740.0,-4.39,58564,43546672.0
2021-02-25,791.0,791.0,765.0,774.0,-2.15,28097,21730846.0
2021-02-24,767.0,808.0,767.0,791.0,3.13,44480,35096558.0
2021-02-23,771.0,779.0,750.0,767.0,-1.29,52517,39883557.0
2021-02-22,797.0,797.0,773.0,777.0,-2.51,44403,34611683.0
2021-02-21,825.0,828.0,796.0,797.0,-2.33,43807,35041444.0
2021-02-18,808.0,817.0,800.0,816.0,0.99,37369,30114257.0
2021-02-17,820.0,822.0,802.0,808.0,-1.82,42831,34569682.0
2021-02-16,850.0,850.0,815.0,823.0,-2.26,62001,51506566.0
2021-02-15,810.0,842.0,810.0,842.0,4.99,71114,59262247.0
2021-02-14,824.0,835.0,799.0,802.0,-2.79,44614,35989760.0
2021-02-11,840.0,844.0,816.0,825.0,-1.55,107786,89161796.0
2021-02-08,874.0,890.0,836.0,838.0,-2.33,86096,73380313.0
2021-02-07,840.0,858.0,816.0,858.0,4.0,111954,93488235.0
2021-02-04,840.0,857.0,808.0,825.0,0.0,52368,43132551.0
2021-02-03,856.0,890.0,816.0,825.0,-1.9,106708,89555891.0
2021-02-02,814.0,877.0,814.0,841.0,5.26,121098,100871835.0
2021-02-01,793.0,811.0,792.0,799.0,1.01,56176,44936677.0
2021-01-31,810.0,815.0,786.0,791.0,-2.35,90935,72584483.0
2021-01-28,783.0,848.0,783.0,810.0,3.58,151910,123298461.0
2021-01-27,783.0,800.0,763.0,782.0,0.51,70061,54633537.0
2021-01-26,814.0,814.0,775.0,778.0,-2.63,91580,71885573.0
2021-01-25,792.0,825.0,780.0,799.0,0.88,187358,150373962.0
2021-01-24,734.0,792.0,732.0,792.0,10.0,177665,138482325.0
2021-01-21,680.0,723.0,675.0,720.0,6.04,143085,100623913.0
2021-01-20,675.0,680.0,664.0,679.0,0.3,54789,36833070.0
2021-01-19,692.0,700.0,663.0,677.0,-1.17,50588,34261941.0
2021-01-18,700.0,700.0,660.0,685.0,2.7,136673,93190580.0
2021-01-17,680.0,680.0,655.0,667.0,0.45,54698,36255543.0
2021-01-13,655.0,669.0,655.0,664.0,2.63,93498,62078669.0
2021-01-12,623.0,648.0,623.0,647.0,2.86,74285,47689053.0
2021-01-11,635.0,637.0,624.0,629.0,-0.63,35320,22282046.0
2021-01-10,633.0,640.0,630.0,633.0,0.48,34329,21740691.0
2021-01-07,625.0,639.0,622.0,630.0,1.29,64386,40626412.0
2021-01-06,625.0,628.0,616.0,622.0,0.97,13821,8580487.0
2021-01-05,625.0,627.0,615.0,616.0,-1.6,11138,6921839.0
2021-01-04,637.0,637.0,620.0,626.0,0.16,40605,25550218.0
2021-01-03,613.0,632.0,613.0,625.0,1.96,27111,16904317.0
2020-12-31,615.0,623.0,608.0,613.0,-0.49,51952,31917628.0
2020-12-30,612.0,624.0,612.0,616.0,-0.16,20985,12898115.0
2020-12-29,615.0,624.0,614.0,617.0,-0.32,13470,8321308.0
2020-12-28,601.0,632.0,600.0,619.0,1.14,14878,9238547.0
2020-12-27,614.0,635.0,611.0,612.0,-2.24,23880,14779853.0
2020-12-24,638.0,638.0,626.0,626.0,-2.19,8854,5572196.0
2020-12-23,676.0,676.0,639.0,640.0,-0.62,71698,46445761.0
2020-12-22,631.0,645.0,615.0,644.0,4.04,58761,37125049.0
2020-12-21,593.0,625.0,582.0,619.0,2.31,67893,40989848.0
2020-12-20,645.0,649.0,603.0,605.0,-5.91,72289,44600031.0
2020-12-17,650.0,666.0,641.0,643.0,-1.68,45325,29327780.0
2020-12-16,658.0,662.0,652.0,654.0,-0.91,54807,35891760.0
2020-12-15,668.0,677.0,650.0,660.0,0.76,114100,75632157.0
2020-12-14,639.0,662.0,628.0,655.0,4.47,138922,89713335.0
2020-12-13,630.0,630.0,618.0,627.0,1.46,30728,19165535.0
2020-12-10,615.0,627.0,606.0,618.0,0.49,36753,22714225.0
2020-12-09,621.0,630.0,610.0,615.0,-0.97,64167,39404710.0
2020-12-08,621.0,644.0,620.0,621.0,-0.64,118360,74840863.0
2020-12-07,610.0,630.0,591.0,625.0,4.17,70669,43529548.0
2020-12-06,630.0,630.0,598.0,600.0,-5.51,69837,42573342.0
2020-12-03,668.0,681.0,634.0,635.0,-3.05,100794,65662720.0
2020-12-02,612.0,655.0,610.0,655.0,6.5,189408,121155710.0
2020-12-01,625.0,633.0,609.0,615.0,-1.44,49770,30658960.0
2020-11-30,610.0,636.0,600.0,624.0,4.17,115401,70951819.0
2020-11-29,606.0,606.0,591.0,599.0,0.67,47536,28333408.0
2020-11-26,620.0,620.0,595.0,595.0,-2.62,52282,31601726.0
2020-11-25,620.0,620.0,609.0,611.0,0.16,41047,25135663.0
2020-11-24,595.0,614.0,595.0,610.0,1.33,40551,24661470.0
2020-11-23,612.0,617.0,600.0,602.0,-1.63,36733,22135848.0
2020-11-22,644.0,644.0,604.0,612.0,-3.16,67434,41625188.0
2020-11-19,622.0,635.0,619.0,632.0,2.76,71423,44967611.0
2020-11-18,595.0,619.0,591.0,615.0,3.02,51793,31454625.0
2020-11-12,610.0,610.0,596.0,597.0,-1.16,30975,18565039.0
2020-11-11,608.0,615.0,602.0,604.0,-0.66,45915,27804581.0
2020-11-10,584.0,608.0,584.0,608.0,4.11,72586,43439987.0
2020-11-09,588.0,595.0,572.0,584.0,0.17,40056,23498531.0
2020-11-08,585.0,590.0,575.0,583.0,-0.85,35085,20314676.0
2020-11-05,600.0,600.0,578.0,588.0,1.96,41779,24492426.0
2020-11-04,608.0,611.0,605.0,607.0,0.17,80756,49023561.0
2020-11-03,605.0,610.0,600.0,606.0,-1.78,77530,47058134.0
2020-11-02,620.0,622.0,616.0,617.0,-0.48,7351,4546170.0
2020-11-01,622.0,625.0,615.0,620.0,0.0,7609,4714459.0
2020-10-29,625.0,625.0,615.0,620.0,0.49,6558,4077508.0
2020-10-28,610.0,619.0,607.0,617.0,0.49,10530,6461396.0
2020-10-22,620.0,629.0,614.0,614.0,-2.23,14822,9137164.0
2020-10-21,625.0,633.0,621.0,628.0,0.48,7977,4996973.0
2020-10-20,625.0,632.0,613.0,625.0,2.46,22091,13785020.0
2020-10-19,602.0,610.0,599.0,610.0,1.5,12798,7729850.0
2020-10-18,600.0,603.0,598.0,601.0,-0.99,8778,5270384.0
2020-10-15,610.0,621.0,603.0,607.0,-0.16,8757,5314791.0
2020-10-14,607.0,612.0,600.0,608.0,-0.33,12587,7630023.0
2020-10-13,625.0,625.0,608.0,610.0,-0.65,12154,7428412.0
2020-10-12,606.0,618.0,606.0,614.0,-0.16,8740,5353890.0
2020-10-11,622.0,630.0,615.0,615.0,-1.13,5165,3204206.0
2020-10-08,615.0,625.0,615.0,622.0,-0.16,9610,5979451.0
2020-10-07,618.0,629.0,615.0,623.0,0.48,9230,5740307.0
2020-10-06,625.0,625.0,619.0,620.0,-1.12,6235,3872568.0
2020-10-05,640.0,640.0,626.0,627.0,-2.03,12644,8006653.0
2020-10-04,647.0,647.0,635.0,640.0,0.63,25939,16593832.0
2020-10-01,614.0,636.0,613.0,636.0,4.09,28461,17876728.0
2020-09-30,612.0,614.0,608.0,611.0,-0.33,17017,10397148.0
2020-09-29,645.0,645.0,610.0,613.0,-0.49,10460,6416810.0
2020-09-28,616.0,618.0,613.0,616.0,-0.65,8571,5276285.0
2020-09-27,628.0,635.0,620.0,620.0,-1.12,21716,13603806.0
2020-09-24,640.0,640.0,624.0,627.0,-1.1,21101,13230526.0
2020-09-23,635.0,635.0,625.0,634.0,0.79,13846,8720481.0
2020-09-22,636.0,638.0,624.0,629.0,-1.72,19241,12128118.0
2020-09-21,629.0,645.0,628.0,640.0,0.16,19347,12352843.0
2020-09-20,663.0,663.0,635.0,639.0,-2.29,12888,8254089.0
2020-09-17,660.0,670.0,650.0,654.0,0.0,44975,29628027.0
2020-09-16,645.0,655.0,636.0,654.0,1.4,30566,19841206.0
2020-09-15,643.0,654.0,632.0,645.0,-1.38,29833,19239166.0
2020-09-14,665.0,679.0,645.0,654.0,-0.91,45732,30305448.0
2020-09-13,625.0,668.0,620.0,660.0,6.28,49296,31914739.0
2020-09-10,595.0,625.0,594.0,621.0,4.55,54805,33578840.0
2020-09-09,585.0,599.0,579.0,594.0,2.06,43367,25496997.0
2020-09-08,584.0,585.0,567.0,582.0,1.04,21918,12666636.0
2020-09-07,600.0,600.0,560.0,576.0,-1.03,27643,15845442.0
2020-09-06,604.0,604.0,575.0,582.0,1.04,46961,27672435.0
2020-09-03,568.0,589.0,559.0,576.0,1.41,31682,18141584.0
2020-09-02,586.0,620.0,554.0,568.0,-1.22,67618,40138374.0
2020-08-31,547.0,588.0,547.0,575.0,6.88,64539,36951058.0
2020-08-30,530.0,544.0,519.0,538.0,0.19,17976,9583427.0
2020-08-27,550.0,550.0,530.0,537.0,-0.56,28373,15285963.0
2020-08-26,524.0,553.0,524.0,540.0,4.25,51131,27349239.0
2020-08-25,510.0,520.0,492.0,518.0,4.23,40305,20489950.0
2020-08-24,490.0,500.0,485.0,497.0,3.11,23465,11591899.0
2020-08-23,465.0,482.0,463.0,482.0,3.66,17128,8140112.0
2020-08-20,473.0,473.0,463.0,465.0,0.0,2395,1115477.0
2020-08-19,465.0,468.0,455.0,465.0,-1.48,6437,2977852.0
2020-08-18,484.0,484.0,466.0,472.0,-0.63,8471,4000842.0
2020-08-17,479.0,479.0,468.0,475.0,1.06,9085,4288733.0
2020-08-16,471.0,480.0,460.0,470.0,-0.21,9067,4245334.0
2020-08-13,474.0,474.0,464.0,471.0,0.0,7005,3276928.0
2020-08-12,468.0,475.0,460.0,471.0,0.64,11885,5605835.0
2020-08-11,474.0,483.0,461.0,468.0,0.65,17981,8481033.0
2020-08-10,446.0,471.0,446.0,465.0,4.49,13736,6349321.0
2020-08-09,444.0,445.0,431.0,445.0,1.37,5907,2594538.0
2020-08-06,433.0,439.0,430.0,439.0,0.23,7865,3413792.0
2020-08-05,445.0,453.0,437.0,438.0,-3.52,9780,4307942.0
2020-08-03,447.0,457.0,444.0,454.0,0.0,4660,2108404.0
2020-08-02,468.0,474.0,451.0,454.0,-4.02,10690,4916401.0
2020-07-30,463.0,476.0,460.0,473.0,0.21,4442,2087453.0
2020-07-29,500.0,500.0,470.0,472.0,-1.67,5142,2434230.0
2020-07-28,490.0,490.0,480.0,480.0,-1.23,5245,2537831.0
2020-07-27,489.0,498.0,485.0,486.0,0.0,12707,6217700.0
2020-07-26,467.0,487.0,467.0,486.0,3.4,12198,5880959.0
2020-07-23,469.0,480.0,465.0,470.0,0.0,6670,3154439.0
2020-07-22,480.0,482.0,469.0,470.0,-1.88,9097,4313712.0
2020-07-21,507.0,507.0,471.0,479.0,-0.83,11349,5432587.0
2020-07-20,488.0,524.0,480.0,483.0,0.84,24882,12202010.0
2020-07-19,479.0,479.0,479.0,479.0,1.91,10,4790.0
2020-07-16,467.0,481.0,466.0,470.0,1.08,7209,3389220.0
2020-07-15,472.0,479.0,465.0,465.0,-1.06,4269,2008804.0
2020-07-14,477.0,479.0,470.0,470.0,-2.29,5254,2485902.0
2020-07-13,485.0,494.0,477.0,481.0,-0.82,5197,2513673.0
2020-07-12,485.0,493.0,481.0,485.0,1.04,9556,4626734.0
2020-07-09,480.0,484.0,465.0,480.0,1.27,5394,2580693.0
2020-07-08,500.0,500.0,470.0,474.0,-3.46,8660,4184158.0
2020-07-07,477.0,491.0,463.0,491.0,4.69,25223,12060383.0
2020-07-06,451.0,469.0,440.0,469.0,4.92,12913,5815034.0
2020-07-05,445.0,486.0,430.0,447.0,0.45,13807,6156578.0
2020-07-02,463.0,490.0,445.0,445.0,-1.98,9664,4563755.0
2020-07-01,421.0,454.0,421.0,454.0,9.93,1366,613199.0
2020-06-30,390.0,413.0,390.0,413.0,7.55,1826,732278.0
2020-06-29,377.0,377.0,346.0,384.0,-5.99,7755,2795951.0
2020-05-13,384.0,384.0,384.0,384.0,-1.79,10,3840.0
2020-05-12,395.0,395.0,391.0,391.0,-2.98,30,11790.0
2020-03-22,389.0,415.0,389.0,403.0,1.77,550,220000.0
2020-03-19,397.0,409.0,380.0,396.0,-0.5,26489,10416337.0
2020-03-18,390.0,415.0,363.0,398.0,0.25,17896,6936336.0
2020-03-17,430.0,430.0,385.0,397.0,-5.92,18184,7383632.0
2020-03-16,415.0,438.0,412.0,422.0,0.48,16245,6885905.0
2020-03-15,451.0,451.0,415.0,420.0,-8.7,19356,8314632.0
2020-03-12,497.0,498.0,451.0,460.0,-4.96,30657,14620028.0
2020-03-11,458.0,484.0,437.0,484.0,6.84,21839,10032130.0
2020-03-10,490.0,490.0,453.0,453.0,-8.3,7401,3496215.0
2020-03-05,475.0,507.0,458.0,494.0,0.0,71907,35096068.0
2020-03-04,912.0,930.0,833.0,840.0,-6.15,115970,100628112.0
2020-03-03,885.0,950.0,810.0,895.0,-0.56,78635,70358432.0
2020-03-02,950.0,960.0,900.0,900.0,-6.93,38348,35878992.0
2020-03-01,1025.0,1025.0,967.0,967.0,-4.16,63597,62378204.0
2020-02-27,1077.0,1077.0,980.0,1009.0,-1.66,78358,80319424.0
2020-02-26,953.0,1028.0,953.0,1026.0,9.73,101996,104134928.0
2020-02-25,859.0,935.0,844.0,935.0,10.0,86981,78535016.0
2020-02-24,869.0,870.0,840.0,850.0,-0.35,25928,22145088.0
2020-02-23,845.0,857.0,831.0,853.0,2.77,31502,26781572.0
2020-02-20,818.0,835.0,818.0,830.0,1.47,26177,21673844.0
2020-02-19,825.0,825.0,801.0,818.0,0.62,14769,11982285.0
2020-02-18,820.0,824.0,800.0,813.0,-1.33,29995,24329142.0
2020-02-17,834.0,854.0,820.0,824.0,0.49,42690,35493740.0
2020-02-16,797.0,822.0,791.0,820.0,3.27,44000,35574344.0
2020-02-13,779.0,806.0,771.0,794.0,3.12,56337,44443980.0
2020-02-12,774.0,776.0,767.0,770.0,0.39,36517,28128440.0
2020-02-11,774.0,780.0,765.0,767.0,0.92,23324,17968308.0
2020-02-10,770.0,776.0,755.0,760.0,0.13,14031,10696144.0
2020-02-09,780.0,780.0,754.0,759.0,-1.43,25613,19527336.0
2020-02-06,780.0,794.0,761.0,770.0,0.52,59323,45867628.0
2020-02-05,750.0,795.0,750.0,766.0,4.08,77368,59080644.0
2020-02-04,733.0,749.0,725.0,736.0,0.41,35212,25982350.0
2020-02-03,747.0,748.0,720.0,733.0,-0.14,27613,20161686.0
2020-02-02,750.0,753.0,729.0,734.0,-0.94,55543,41117772.0
2020-01-30,698.0,758.0,695.0,741.0,7.24,77319,56095476.0
2020-01-29,698.0,705.0,691.0,691.0,-1.14,37334,26015026.0
2020-01-28,696.0,706.0,685.0,699.0,2.34,61050,42584080.0
2020-01-27,640.0,686.0,639.0,683.0,6.06,38032,25170748.0
2020-01-26,673.0,680.0,643.0,644.0,-4.31,41103,26890616.0
2020-01-23,704.0,704.0,665.0,673.0,-3.17,36601,24901756.0
2020-01-22,695.0,714.0,672.0,695.0,1.91,39526,27431880.0
2020-01-21,633.0,683.0,620.0,682.0,9.82,59270,38773176.0
2020-01-20,622.0,650.0,606.0,621.0,1.31,36299,22491872.0
2020-01-19,569.0,613.0,558.0,613.0,9.86,35255,20859708.0
2020-01-16,545.0,560.0,540.0,558.0,2.39,16312,8986428.0
2020-01-15,540.0,550.0,532.0,545.0,2.83,10279,5555113.0
2020-01-14,542.0,551.0,522.0,530.0,-2.21,16999,9109748.0
2020-01-13,538.0,566.0,530.0,542.0,2.65,34909,18879222.0
2020-01-12,493.0,528.0,493.0,528.0,8.87,30634,15694151.0
2020-01-09,492.0,500.0,478.0,485.0,0.41,13039,6299686.0
2020-01-08,485.0,497.0,479.0,483.0,-0.21,16704,8113909.0
2020-01-07,462.0,490.0,462.0,484.0,4.99,21264,10171201.0
2020-01-06,461.0,465.0,461.0,461.0,0.0,8016,3710346.0
2020-01-05,464.0,467.0,460.0,461.0,0.66,7222,3345543.0
2020-01-02,455.0,464.0,455.0,458.0,-0.43,7971,3665457.0
2020-01-01,464.0,470.0,460.0,460.0,-1.29,6035,2787969.0
2019-12-31,472.0,474.0,462.0,466.0,-0.21,8672,4050714.0
2019-12-30,457.0,471.0,448.0,467.0,3.32,19647,9105198.0
2019-12-29,449.0,452.0,441.0,452.0,0.89,5474,2441082.0
2019-12-26,460.0,460.0,448.0,448.0,-0.88,6975,3143874.0
2019-12-25,459.0,467.0,447.0,452.0,-0.66,11135,5063893.0
2019-12-24,467.0,474.0,447.0,455.0,-0.87,10398,4772612.0
2019-12-23,450.0,465.0,448.0,459.0,3.38,13737,6308150.0
2019-12-22,442.0,450.0,437.0,444.0,-1.55,3990,1766444.0
2019-12-19,462.0,462.0,442.0,451.0,-0.66,8358,3767327.0
2019-12-18,446.0,458.0,445.0,454.0,1.11,18561,8386923.0
2019-12-17,434.0,459.0,427.0,449.0,4.18,9016,3988236.0
2019-12-16,448.0,454.0,428.0,431.0,-2.27,14233,6230018.0
2019-12-15,464.0,464.0,420.0,441.0,-4.96,19582,8775285.0
2019-12-12,440.0,471.0,428.0,464.0,6.67,17922,8147607.0
2019-12-11,411.0,436.0,410.0,435.0,5.33,16474,6993027.0
2019-12-10,409.0,413.0,395.0,413.0,2.74,9628,3887732.0
2019-12-09,388.0,415.0,379.0,402.0,4.15,14787,5932202.0
2019-12-08,373.0,386.0,361.0,386.0,1.58,12767,4728303.0
2019-12-05,360.0,385.0,360.0,380.0,5.26,15144,5665558.0
2019-12-04,354.0,368.0,354.0,361.0,0.84,1935,700869.0
2019-12-03,351.0,360.0,350.0,358.0,1.13,3641,1284590.0
2019-12-02,352.0,355.0,351.0,354.0,-1.12,1252,441384.0
2019-12-01,353.0,358.0,347.0,358.0,0.0,2696,948069.0
2019-11-28,359.0,360.0,351.0,358.0,1.13,2628,931811.0
2019-11-27,350.0,354.0,344.0,354.0,1.14,595,206452.0
2019-11-26,343.0,351.0,343.0,350.0,1.16,1194,411018.0
2019-11-25,345.0,352.0,341.0,346.0,0.0,3056,1057776.0
2019-11-24,346.0,346.0,340.0,346.0,-0.57,2000,688600.0
2019-11-21,350.0,354.0,348.0,348.0,-2.52,1822,638179.0
2019-11-20,352.0,357.0,350.0,357.0,0.56,1004,351720.0
2019-11-19,353.0,356.0,352.0,355.0,0.0,988,348216.0
2019-11-18,358.0,360.0,355.0,355.0,-0.28,1727,616176.0
2019-11-17,357.0,357.0,355.0,356.0,-1.11,493,175546.0
2019-11-14,358.0,360.0,358.0,360.0,0.56,1183,424174.0
2019-11-13,357.0,361.0,355.0,358.0,0.56,1170,420152.0
2019-11-12,368.0,368.0,356.0,356.0,-1.93,811,294634.0
2019-11-11,357.0,372.0,355.0,363.0,1.4,1181,425257.0
2019-11-10,364.0,364.0,358.0,358.0,0.0,229,82601.0
2019-11-07,366.0,366.0,358.0,358.0,-1.65,2523,909145.0
2019-11-06,355.0,367.0,355.0,364.0,4.0,5069,1841816.0
2019-11-05,355.0,355.0,350.0,350.0,-1.13,531,186579.0
2019-11-04,346.0,354.0,346.0,354.0,1.72,1988,692883.0
2019-11-03,348.0,354.0,347.0,348.0,0.0,2374,828407.0
2019-10-31,356.0,356.0,348.0,348.0,-3.33,1692,597570.0
2019-10-24,360.0,360.0,354.0,360.0,1.98,1758,631815.0
2019-10-23,352.0,366.0,352.0,353.0,-1.67,1072,381220.0
2019-10-22,358.0,359.0,352.0,359.0,0.56,1808,639596.0
2019-10-21,355.0,360.0,355.0,357.0,-0.56,547,195284.0
2019-10-20,356.0,359.0,355.0,359.0,0.28,644,229432.0
2019-10-17,359.0,360.0,352.0,358.0,-0.28,1472,520881.0
2019-10-16,356.0,359.0,348.0,359.0,-1.1,3964,1387764.0
2019-10-15,360.0,363.0,346.0,363.0,-0.27,3501,1228715.0
2019-10-14,369.0,369.0,357.0,364.0,-0.55,613,221416.0
2019-10-03,361.0,366.0,361.0,366.0,0.27,275,99982.0
2019-10-02,370.0,370.0,365.0,365.0,-1.08,2821,1033325.0
2019-10-01,353.0,371.0,352.0,369.0,3.65,1666,604497.0
2019-09-30,351.0,362.0,351.0,356.0,1.42,1114,395816.0
2019-09-29,350.0,351.0,348.0,351.0,-0.85,1752,613405.0
2019-09-26,361.0,364.0,345.0,354.0,-0.84,858,302761.0
2019-09-25,354.0,357.0,348.0,357.0,-0.83,2175,764730.0
2019-09-24,356.0,360.0,354.0,360.0,0.56,2451,873011.0
2019-09-23,376.0,376.0,358.0,358.0,-2.98,1816,660703.0
2019-09-22,380.0,380.0,367.0,369.0,-4.16,1925,713525.0
2019-09-19,384.0,392.0,380.0,385.0,0.26,4013,1548131.0
2019-09-18,375.0,384.0,365.0,384.0,4.35,3506,1313133.0
2019-09-17,354.0,371.0,350.0,368.0,5.14,2581,921641.0
2019-09-16,360.0,360.0,339.0,350.0,-3.31,6009,2100000.0
2019-09-15,377.0,377.0,360.0,362.0,-4.23,2865,1052243.0
2019-09-12,385.0,387.0,378.0,378.0,-1.82,5940,2276202.0
2019-09-11,390.0,390.0,380.0,385.0,0.52,2015,773822.0
2019-09-10,390.0,394.0,380.0,383.0,0.0,6888,2672357.0
2019-09-09,383.0,385.0,380.0,383.0,0.0,2788,1065915.0
2019-09-08,383.0,392.0,380.0,383.0,-1.79,1935,745620.0
2019-09-05,390.0,402.0,390.0,390.0,-1.27,2617,1034618.0
2019-09-04,380.0,397.0,373.0,395.0,3.95,5115,1979653.0
2019-09-03,380.0,399.0,374.0,380.0,0.0,6379,2429599.0
2019-09-02,394.0,395.0,380.0,380.0,-5.0,3470,1344916.0
2019-09-01,414.0,415.0,397.0,400.0,-4.76,3798,1544111.0
2019-08-29,423.0,425.0,416.0,420.0,-1.87,5134,2153414.0
2019-08-28,431.0,438.0,428.0,428.0,-1.83,3460,1491100.0
2019-08-27,442.0,448.0,436.0,436.0,-1.58,2708,1192716.0
2019-08-26,451.0,459.0,443.0,443.0,-1.56,410,182110.0
2019-08-25,455.0,455.0,445.0,450.0,-2.17,201,89800.0
2019-08-22,460.0,460.0,460.0,460.0,1.55,16,7360.0
2019-08-21,446.0,454.0,446.0,453.0,-0.44,1971,888388.0
2019-08-20,465.0,465.0,455.0,455.0,-0.22,497,226782.0
2019-08-19,453.0,457.0,453.0,456.0,1.56,3016,1371894.0
2019-08-18,468.0,470.0,442.0,449.0,-3.85,2953,1328438.0
2019-08-15,460.0,467.0,460.0,467.0,1.52,180,83010.0
2019-08-14,460.0,465.0,452.0,460.0,-0.86,2321,1060515.0
2019-08-13,475.0,475.0,464.0,464.0,-2.11,782,362993.0
2019-08-12,475.0,480.0,468.0,474.0,-0.21,1543,731077.0
2019-08-11,480.0,480.0,475.0,475.0,-1.04,733,350029.0
2019-08-08,489.0,506.0,476.0,480.0,-1.03,4482,2165097.0
2019-08-07,464.0,488.0,464.0,485.0,2.54,1884,904963.0
2019-08-06,470.0,481.0,462.0,473.0,2.6,5540,2605064.0
2019-08-05,468.0,468.0,459.0,461.0,0.0,1243,572651.0
2019-08-04,452.0,470.0,452.0,461.0,1.99,1835,843457.0
2019-08-01,456.0,456.0,452.0,452.0,0.89,472,214104.0
2019-07-31,445.0,448.0,445.0,448.0,-0.88,109,48691.0
2019-07-30,445.0,454.0,444.0,452.0,1.12,1570,704483.0
2019-07-29,446.0,450.0,445.0,447.0,0.45,2316,1038759.0
2019-07-28,450.0,455.0,445.0,445.0,-1.11,478,214421.0
2019-07-25,466.0,466.0,450.0,450.0,-3.23,2413,1102683.0
2019-07-24,470.0,478.0,462.0,465.0,0.87,764,356399.0
2019-07-23,465.0,465.0,458.0,461.0,-0.86,1943,896363.0
2019-07-22,465.0,465.0,465.0,465.0,1.09,200,93000.0
2019-07-21,476.0,476.0,460.0,460.0,-1.5,50,23390.0
2019-07-18,469.0,472.0,467.0,467.0,0.86,500,234900.0
2019-07-17,457.0,474.0,457.0,463.0,-0.43,1223,563501.0
2019-07-16,481.0,481.0,463.0,465.0,1.31,124,57792.0
2019-07-15,454.0,459.0,451.0,459.0,0.22,857,390615.0
2019-07-14,467.0,467.0,458.0,458.0,-1.72,3350,1541164.0
2019-07-11,485.0,485.0,466.0,466.0,-3.52,2829,1354166.0
2019-07-10,472.0,483.0,472.0,483.0,0.63,256,122040.0
2019-07-09,467.0,480.0,467.0,480.0,1.05,474,224340.0
2019-07-08,473.0,475.0,461.0,475.0,-0.21,1229,573809.0
2019-07-07,475.0,476.0,473.0,476.0,0.0,1010,479584.0
2019-07-04,475.0,484.0,475.0,476.0,-1.24,1417,677732.0
2019-07-03,468.0,482.0,468.0,482.0,1.26,2253,1067560.0
2019-07-02,454.0,476.0,453.0,476.0,3.25,1194,548855.0
2019-07-01,466.0,469.0,460.0,461.0,-1.07,1461,678801.0
2019-06-30,475.0,475.0,466.0,466.0,-2.31,1527,717723.0
2019-06-27,470.0,481.0,470.0,477.0,0.42,1841,881398.0
2019-06-26,480.0,489.0,475.0,475.0,-2.66,2808,1353056.0
2019-06-25,489.0,494.0,488.0,488.0,-1.41,823,402877.0
2019-06-24,500.0,500.0,490.0,495.0,0.2,2577,1268505.0
2019-06-23,489.0,494.0,489.0,494.0,-0.2,57,28008.0
2019-06-20,500.0,500.0,495.0,495.0,-2.17,1230,610170.0
2019-06-19,500.0,506.0,500.0,506.0,1.2,307,153640.0
2019-06-18,498.0,505.0,498.0,500.0,0.0,598,299054.0
2019-06-17,494.0,502.0,494.0,500.0,-0.6,633,315491.0
2019-06-16,506.0,506.0,503.0,503.0,-0.98,1255,633040.0
2019-06-13,511.0,520.0,503.0,508.0,-1.36,1585,807251.0
2019-06-12,518.0,525.0,515.0,515.0,-1.53,4564,2366600.0
2019-06-11,520.0,530.0,520.0,523.0,0.38,1712,902402.0
2019-06-10,536.0,536.0,521.0,521.0,-2.43,1009,532297.0
2019-06-06,535.0,540.0,533.0,534.0,-2.02,484,259253.0
2019-06-04,540.0,545.0,539.0,545.0,0.0,473,255412.0
2019-06-03,552.0,552.0,545.0,545.0,0.55,820,448910.0
2019-06-02,555.0,555.0,539.0,542.0,-1.45,1507,820488.0
2019-05-30,553.0,564.0,550.0,550.0,1.29,2680,1490098.0
2019-05-29,553.0,556.0,543.0,543.0,-1.81,1262,697567.0
2019-05-28,555.0,555.0,550.0,553.0,0.18,1426,786527.0
2019-05-27,559.0,560.0,552.0,552.0,0.0,1223,680701.0
2019-05-26,550.0,557.0,550.0,552.0,0.36,1860,1029608.0
2019-05-23,556.0,560.0,550.0,550.0,-1.26,2919,1614489.0
2019-05-22,556.0,562.0,556.0,557.0,-0.89,534,297944.0
2019-05-21,554.0,562.0,554.0,562.0,1.26,1314,730854.0
2019-05-20,565.0,565.0,555.0,555.0,-0.36,2181,1214595.0
2019-05-19,565.0,566.0,557.0,557.0,-2.28,1080,603970.0
2019-05-16,571.0,575.0,565.0,570.0,-1.04,4910,2798789.0
2019-05-15,586.0,586.0,576.0,576.0,0.17,3411,1979961.0
2019-05-14,575.0,586.0,565.0,575.0,0.88,4924,2831525.0
2019-05-13,576.0,576.0,566.0,570.0,-0.87,1036,592378.0
2019-05-12,570.0,576.0,565.0,575.0,1.77,1040,592630.0
2019-05-09,568.0,570.0,565.0,565.0,0.0,1437,816307.0
2019-05-08,561.0,565.0,559.0,565.0,0.0,1934,1084274.0
2019-05-07,574.0,575.0,562.0,565.0,-0.88,1680,956980.0
2019-05-06,555.0,570.0,552.0,570.0,2.7,4822,2696979.0
2019-05-05,577.0,577.0,554.0,555.0,-3.81,5930,3317561.0
2019-05-02,557.0,588.0,555.0,577.0,1.94,3309,1883018.0
2019-04-30,591.0,592.0,566.0,566.0,-2.92,5016,2894922.0
2019-04-29,608.0,617.0,580.0,583.0,-2.35,20023,11957836.0
2019-04-28,552.0,597.0,552.0,597.0,9.94,17779,10427305.0
2019-04-25,534.0,550.0,534.0,543.0,1.88,4541,2458233.0
2019-04-24,531.0,535.0,525.0,533.0,0.19,4114,2177053.0
2019-04-23,540.0,540.0,531.0,532.0,-1.48,2834,1518481.0
2019-04-22,515.0,566.0,515.0,540.0,2.86,9086,4881297.0
2019-04-21,525.0,525.0,525.0,525.0,0.0,200,105000.0
2019-04-18,521.0,529.0,520.0,525.0,-0.19,2328,1222485.0
2019-04-17,535.0,535.0,518.0,526.0,-1.5,2300,1211570.0
2019-04-16,520.0,534.0,518.0,534.0,3.49,4848,2552224.0
2019-04-15,507.0,516.0,507.0,516.0,0.39,949,487152.0
2019-04-11,515.0,516.0,512.0,514.0,-1.15,4106,2114680.0
2019-04-10,519.0,520.0,519.0,520.0,1.96,600,311800.0
2019-04-09,521.0,533.0,510.0,510.0,-3.95,7171,3714835.0
2019-04-08,500.0,540.0,500.0,531.0,6.2,7570,3947940.0
2019-04-07,492.0,501.0,492.0,500.0,1.21,2146,1071271.0
2019-04-04,495.0,501.0,492.0,494.0,-0.6,1713,853812.0
2019-04-03,498.0,500.0,497.0,497.0,-0.4,2394,1192086.0
2019-04-02,502.0,506.0,499.0,499.0,-0.2,3796,1904485.0
2019-04-01,504.0,504.0,499.0,500.0,-0.79,2100,1050730.0
2019-03-31,502.0,510.0,501.0,504.0,0.4,2251,1128961.0
2019-03-28,508.0,508.0,501.0,502.0,-0.99,1265,638295.0
2019-03-27,500.0,510.0,500.0,507.0,0.2,3026,1516308.0
2019-03-26,500.0,507.0,500.0,506.0,0.8,6229,3127302.0
2019-03-25,496.0,504.0,491.0,502.0,0.2,2604,1298544.0
2019-03-24,510.0,510.0,490.0,501.0,-1.76,2504,1251967.0
2019-03-21,488.0,517.0,487.0,510.0,-1.65,8242,4129684.0
2019-03-19,740.0,745.0,732.0,734.0,-0.27,19900,14678394.0
2019-03-18,747.0,751.0,736.0,736.0,-1.74,7166,5325502.0
2019-03-17,760.0,760.0,747.0,749.0,0.4,3706,2780251.0
2019-03-14,741.0,758.0,740.0,746.0,0.67,2794,2079439.0
2019-03-13,770.0,770.0,740.0,741.0,-1.46,6835,5150565.0
2019-03-12,742.0,752.0,738.0,752.0,1.9,8967,6695384.0
2019-03-11,745.0,750.0,720.0,738.0,2.5,9397,6937717.0
2019-03-10,722.0,731.0,694.0,720.0,1.69,2043,1468958.0
2019-03-07,700.0,709.0,690.0,708.0,2.16,2741,1928804.0
2019-03-06,683.0,706.0,683.0,693.0,1.46,4221,2923850.0
2019-03-05,683.0,683.0,677.0,683.0,0.44,534,364405.0
2019-03-03,682.0,688.0,680.0,680.0,-1.45,2414,1647798.0
2019-02-27,684.0,710.0,680.0,690.0,0.88,1079,754320.0
2019-02-26,680.0,684.0,670.0,684.0,0.15,1585,1066425.0
2019-02-25,670.0,695.0,670.0,683.0,1.94,1715,1176701.0
2019-02-24,678.0,678.0,666.0,670.0,-2.19,3674,2469840.0
2019-02-21,655.0,685.0,651.0,685.0,2.85,127,84263.0
2019-02-20,680.0,685.0,659.0,666.0,-3.62,1011,681880.0
2019-02-19,655.0,692.0,653.0,691.0,7.3,1061,709292.0
2019-02-18,650.0,654.0,644.0,644.0,-2.87,2433,1574013.0
2019-02-17,675.0,675.0,663.0,663.0,-0.9,1440,959020.0
2019-02-14,668.0,677.0,644.0,669.0,2.14,1738,1142752.0
2019-02-13,683.0,683.0,654.0,655.0,-4.1,2940,1978520.0
2019-02-12,672.0,683.0,672.0,683.0,0.0,1904,1288717.0
2019-02-11,678.0,701.0,665.0,683.0,-1.01,2466,1695903.0
2019-02-10,695.0,695.0,690.0,690.0,-1.15,1027,709394.0
2019-02-07,704.0,704.0,698.0,698.0,-0.99,1534,1075444.0
2019-02-06,725.0,725.0,701.0,705.0,-1.4,3163,2220705.0
2019-02-05,715.0,715.0,701.0,715.0,2.0,390,277668.0
2019-02-04,705.0,706.0,701.0,701.0,-0.71,2475,1741345.0
2019-02-03,704.0,710.0,704.0,706.0,-0.14,1117,789077.0
2019-01-31,715.0,715.0,707.0,707.0,-0.42,593,419600.0
2019-01-30,710.0,712.0,703.0,710.0,0.0,2004,1419730.0
2019-01-29,711.0,722.0,710.0,710.0,-2.07,418,297446.0
2019-01-28,703.0,725.0,703.0,725.0,2.69,1710,1205750.0
2019-01-27,715.0,715.0,706.0,706.0,-1.81,3807,2689994.0
2019-01-24,719.0,719.0,713.0,719.0,-0.83,520,370880.0
2019-01-23,710.0,725.0,705.0,725.0,0.97,2112,1501050.0
2019-01-22,715.0,720.0,715.0,718.0,1.27,958,686304.0
2019-01-21,720.0,720.0,709.0,709.0,-0.84,1418,1008157.0
2019-01-20,715.0,725.0,711.0,715.0,-1.38,2426,1734006.0
2019-01-17,730.0,735.0,725.0,725.0,-0.68,1983,1441465.0
2019-01-16,750.0,754.0,730.0,730.0,-2.54,4256,3150834.0
2019-01-15,718.0,749.0,718.0,749.0,5.49,6298,4615353.0
2019-01-14,715.0,718.0,700.0,710.0,0.28,2141,1517683.0
2019-01-13,712.0,713.0,708.0,708.0,-0.7,1324,941142.0
2019-01-10,720.0,720.0,713.0,713.0,-1.52,703,504289.0
2019-01-09,720.0,724.0,720.0,724.0,0.84,100,72200.0
2019-01-08,720.0,729.0,713.0,718.0,-0.14,2045,1462930.0
2019-01-07,720.0,720.0,713.0,719.0,1.13,641,459663.0
2019-01-06,705.0,715.0,705.0,711.0,-0.56,1437,1021491.0
2019-01-03,730.0,730.0,715.0,715.0,-0.56,1764,1271265.0
2019-01-02,721.0,722.0,718.0,719.0,-2.18,2922,2100560.0
2019-01-01,762.0,762.0,733.0,735.0,-0.14,1418,1043134.0
2018-12-31,743.0,750.0,733.0,736.0,-2.9,4386,3246911.0
2018-12-30,766.0,769.0,741.0,758.0,0.53,6453,4843797.0
2018-12-27,759.0,790.0,740.0,754.0,1.21,11925,9149020.0
2018-12-26,700.0,745.0,700.0,745.0,7.97,5625,4031436.0
2018-12-25,693.0,693.0,671.0,690.0,-2.4,3512,2392336.0
2018-12-24,697.0,717.0,673.0,707.0,3.21,9763,6827094.0
2018-12-23,635.0,685.0,635.0,685.0,9.95,5184,3424434.0
2018-12-20,632.0,632.0,620.0,623.0,0.48,2384,1487212.0
2018-12-19,600.0,622.0,600.0,620.0,1.64,725,447770.0
2018-12-18,640.0,652.0,605.0,610.0,-3.63,6183,3823161.0
2018-12-17,605.0,634.0,605.0,633.0,3.77,617,387036.0
2018-12-16,600.0,615.0,595.0,610.0,3.39,1966,1188778.0
2018-12-13,580.0,590.0,575.0,590.0,1.9,743,434100.0
2018-12-12,570.0,579.0,568.0,579.0,1.05,220,125320.0
2018-12-11,581.0,585.0,570.0,573.0,-2.88,1000,578070.0
2018-12-10,570.0,590.0,570.0,590.0,3.87,3659,2114036.0
2018-12-09,558.0,568.0,552.0,568.0,0.89,1517,843544.0
2018-12-06,535.0,570.0,534.0,563.0,3.49,3072,1692704.0
2018-12-05,560.0,560.0,544.0,544.0,-4.56,2423,1332555.0
2018-12-04,573.0,575.0,568.0,570.0,-0.35,1453,830315.0
2018-12-03,570.0,590.0,550.0,572.0,-0.52,8390,4736400.0
2018-12-02,600.0,600.0,549.0,575.0,-3.85,12540,7063920.0
2018-11-29,612.0,612.0,598.0,598.0,-3.7,1120,679500.0
2018-11-28,640.0,640.0,621.0,621.0,-2.51,2273,1431840.0
2018-11-27,655.0,655.0,637.0,637.0,-2.9,1289,836784.0
2018-11-26,660.0,665.0,656.0,656.0,-1.65,5876,3879033.0
2018-11-25,710.0,710.0,667.0,667.0,-6.58,1382,946744.0
2018-11-21,686.0,714.0,686.0,714.0,2.15,1780,1239180.0
2018-11-20,700.0,700.0,686.0,699.0,0.58,1043,715810.0
2018-11-19,709.0,723.0,695.0,695.0,-3.87,910,632590.0
2018-11-18,724.0,724.0,723.0,723.0,0.42,249,180127.0
2018-11-15,730.0,730.0,720.0,720.0,-1.37,320,231600.0
2018-11-14,735.0,735.0,730.0,730.0,0.0,237,173260.0
2018-11-13,741.0,741.0,727.0,730.0,0.41,971,711525.0
2018-11-12,722.0,734.0,722.0,727.0,-0.95,468,339536.0
2018-11-11,740.0,740.0,720.0,734.0,-0.81,278,202860.0
2018-11-06,735.0,740.0,726.0,740.0,0.68,150,110850.0
2018-11-05,730.0,739.0,730.0,735.0,1.24,403,295001.0
2018-11-04,726.0,726.0,726.0,726.0,-1.89,108,78408.0
2018-11-01,724.0,740.0,724.0,740.0,2.07,957,695885.0
2018-10-31,740.0,740.0,725.0,725.0,-2.03,477,348983.0
2018-10-30,735.0,740.0,735.0,740.0,-0.54,488,359532.0
2018-10-29,730.0,744.0,730.0,744.0,0.54,712,521305.0
2018-10-28,738.0,745.0,738.0,740.0,-1.46,1493,1108445.0
2018-10-25,747.0,760.0,746.0,751.0,-0.79,544,407876.0
2018-10-24,755.0,757.0,755.0,757.0,-0.53,330,249746.0
2018-10-23,761.0,763.0,760.0,761.0,-1.17,1012,770074.0
2018-10-22,770.0,770.0,770.0,770.0,0.79,500,385000.0
2018-10-21,764.0,764.0,764.0,764.0,0.0,15,11460.0
2018-10-14,766.0,780.0,752.0,764.0,1.6,370,282290.0
2018-10-11,744.0,766.0,744.0,752.0,-0.13,1007,752352.0
2018-10-10,750.0,769.0,750.0,753.0,-0.92,1883,1426280.0
2018-10-09,766.0,766.0,760.0,760.0,-1.3,2663,2030786.0
2018-10-08,785.0,787.0,770.0,770.0,0.0,3511,2724973.0
2018-10-07,770.0,782.0,770.0,770.0,-1.91,404,313342.0
2018-10-04,795.0,795.0,778.0,785.0,-0.51,334,262194.0
2018-10-03,805.0,805.0,789.0,789.0,-0.13,1073,847541.0
2018-10-02,800.0,815.0,786.0,790.0,0.0,1742,1380761.0
2018-10-01,800.0,800.0,790.0,790.0,-1.25,2285,1815782.0
2018-09-30,802.0,805.0,800.0,800.0,-1.36,918,737180.0
2018-09-27,806.0,815.0,806.0,811.0,-0.12,428,346796.0
2018-09-26,826.0,826.0,812.0,812.0,0.25,2100,1717170.0
2018-09-25,800.0,820.0,800.0,810.0,0.0,2626,2131484.0
2018-09-23,800.0,816.0,800.0,810.0,-0.25,2027,1642174.0
2018-09-20,811.0,828.0,811.0,812.0,-1.58,1287,1050537.0
2018-09-18,840.0,841.0,825.0,825.0,0.0,1718,1438589.0
2018-09-17,803.0,835.0,803.0,825.0,2.74,2403,1967589.0
2018-09-16,817.0,833.0,803.0,803.0,0.25,654,530708.0
2018-09-13,810.0,815.0,801.0,801.0,-0.74,1220,989620.0
2018-09-12,800.0,807.0,800.0,807.0,0.88,1386,1114390.0
2018-09-11,800.0,813.0,800.0,800.0,0.0,1385,1115491.0
2018-09-10,788.0,803.0,788.0,800.0,-0.37,841,670715.0
2018-09-09,804.0,810.0,790.0,803.0,-2.07,2306,1850715.0
2018-09-06,811.0,850.0,810.0,820.0,0.0,4637,3823753.0
2018-09-05,825.0,841.0,820.0,820.0,-0.36,2223,1844540.0
2018-09-04,825.0,825.0,817.0,823.0,1.48,973,800565.0
2018-09-03,792.0,838.0,792.0,811.0,2.66,2913,2396059.0
2018-09-02,780.0,810.0,780.0,790.0,-0.63,2883,2297456.0
2018-08-30,781.0,795.0,780.0,795.0,1.4,853,670635.0
2018-08-29,790.0,797.0,783.0,784.0,-1.63,1743,1370452.0
2018-08-28,799.0,799.0,791.0,797.0,0.0,145,114989.0
2018-08-26,800.0,800.0,794.0,797.0,-0.38,519,413174.0
2018-08-23,800.0,805.0,800.0,800.0,-0.37,146,117300.0
2018-08-22,810.0,816.0,803.0,803.0,-1.35,174,140334.0
2018-08-21,800.0,814.0,800.0,814.0,2.26,829,664732.0
2018-08-20,800.0,804.0,796.0,796.0,-2.09,1966,1571210.0
2018-08-19,815.0,815.0,813.0,813.0,-1.93,650,529450.0
2018-08-16,835.0,849.0,825.0,829.0,-2.01,4311,3583527.0
2018-08-15,791.0,846.0,791.0,846.0,5.62,2873,2332652.0
2018-08-14,807.0,807.0,784.0,801.0,-1.72,2250,1798172.0
2018-08-13,800.0,815.0,800.0,815.0,1.88,2327,1879638.0
2018-08-12,810.0,810.0,786.0,800.0,-2.08,3949,3149751.0
2018-08-09,825.0,825.0,817.0,817.0,-1.8,911,748597.0
2018-08-08,837.0,845.0,831.0,832.0,-0.36,822,686314.0
2018-08-07,835.0,835.0,835.0,835.0,-0.12,200,167000.0
2018-08-05,832.0,851.0,831.0,836.0,0.12,586,492408.0
2018-08-02,860.0,860.0,835.0,835.0,-2.0,916,766528.0
2018-08-01,840.0,852.0,832.0,852.0,0.71,1102,920625.0
2018-07-31,842.0,848.0,838.0,846.0,0.12,809,683099.0
2018-07-30,860.0,860.0,845.0,845.0,-1.74,453,383333.0
2018-07-29,865.0,865.0,860.0,860.0,1.18,884,763575.0
2018-07-26,850.0,850.0,843.0,850.0,-1.16,638,540385.0
2018-07-25,860.0,868.0,860.0,860.0,-1.83,1192,1027420.0
2018-07-24,875.0,893.0,875.0,876.0,1.86,1424,1259339.0
2018-07-23,830.0,860.0,830.0,860.0,2.99,1356,1142520.0
2018-07-22,847.0,847.0,835.0,835.0,-2.91,581,490335.0
2018-07-19,862.0,862.0,855.0,860.0,-0.23,1162,998130.0
2018-07-18,872.0,872.0,856.0,862.0,-1.26,232,200096.0
2018-07-17,885.0,885.0,873.0,873.0,-1.36,130,114384.0
2018-07-16,870.0,885.0,867.0,885.0,2.19,2881,2537093.0
2018-07-15,844.0,866.0,844.0,866.0,0.58,2823,2391380.0
2018-07-12,882.0,885.0,861.0,861.0,-3.26,1743,1509966.0
2018-07-11,885.0,910.0,882.0,890.0,-1.11,1279,1138806.0
2018-07-10,905.0,910.0,900.0,900.0,0.0,2327,2101585.0
2018-07-09,885.0,902.0,884.0,900.0,-0.22,1248,1113550.0
2018-07-08,912.0,930.0,894.0,902.0,-1.1,6257,5704289.0
2018-07-05,850.0,912.0,850.0,912.0,8.57,5205,4583281.0
2018-07-04,820.0,856.0,820.0,840.0,1.08,2107,1769436.0
2018-07-03,847.0,847.0,831.0,831.0,-3.82,187,156397.0
2018-07-02,804.0,864.0,800.0,864.0,5.62,1698,1376350.0
2018-07-01,830.0,830.0,818.0,818.0,-1.8,774,633650.0
2018-06-28,856.0,856.0,829.0,833.0,-2.0,2571,2153697.0
2018-06-27,850.0,859.0,845.0,850.0,0.59,856,728800.0
2018-06-26,860.0,865.0,845.0,845.0,-2.76,1368,1170348.0
2018-06-25,877.0,877.0,860.0,869.0,-1.81,765,667750.0
2018-06-24,888.0,895.0,884.0,885.0,1.61,585,521000.0
2018-06-21,880.0,886.0,871.0,871.0,-1.25,750,660350.0
2018-06-20,890.0,890.0,882.0,882.0,-2.0,600,530400.0
2018-06-19,882.0,900.0,875.0,900.0,0.0,1499,1339283.0
2018-06-18,873.0,900.0,873.0,900.0,1.12,2291,2025838.0
2018-06-17,890.0,891.0,890.0,890.0,-0.45,230,204730.0
2018-06-14,913.0,915.0,894.0,894.0,-0.22,1434,1294054.0
2018-06-13,888.0,908.0,888.0,896.0,-0.44,1344,1207896.0
2018-06-12,896.0,915.0,891.0,900.0,-1.42,3179,2865439.0
2018-06-11,880.0,923.0,880.0,913.0,2.82,4722,4283575.0
2018-06-10,932.0,932.0,888.0,888.0,-4.72,1110,1002738.0
2018-06-07,941.0,941.0,925.0,932.0,-2.61,2510,2343214.0
2018-06-06,939.0,995.0,939.0,957.0,3.91,720,695908.0
2018-06-04,918.0,960.0,915.0,921.0,-1.5,4947,4591700.0
2018-06-03,956.0,970.0,931.0,935.0,-4.1,9658,9084546.0
2018-05-31,986.0,990.0,972.0,975.0,-1.02,769,751248.0
2018-05-30,990.0,1009.0,981.0,985.0,-1.5,3756,3738304.0
2018-05-29,985.0,1007.0,973.0,1000.0,1.52,7096,7043466.0
2018-05-28,950.0,990.0,948.0,985.0,4.68,4625,4484788.0
2018-05-27,963.0,963.0,941.0,941.0,-2.99,1955,1866216.0
2018-05-24,977.0,988.0,970.0,970.0,-0.31,2545,2488680.0
2018-05-23,971.0,985.0,968.0,973.0,-1.22,1678,1636610.0
2018-05-22,985.0,990.0,985.0,985.0,0.41,625,616588.0
2018-05-21,976.0,988.0,976.0,981.0,-0.51,958,941423.0
2018-05-20,1008.0,1010.0,986.0,986.0,-0.3,2650,2631291.0
2018-05-17,990.0,1000.0,987.0,989.0,-0.1,2172,2151605.0
2018-05-16,990.0,1000.0,980.0,990.0,1.96,1164,1145660.0
2018-05-15,980.0,980.0,967.0,971.0,-1.22,549,536649.0
2018-05-14,999.0,999.0,983.0,983.0,-1.31,3281,3240212.0
2018-05-10,1005.0,1007.0,990.0,996.0,-0.4,2549,2542388.0
2018-05-09,1000.0,1010.0,994.0,1000.0,0.0,5540,5538161.0
2018-05-08,981.0,1000.0,981.0,1000.0,2.04,4354,4314029.0
2018-05-07,999.0,1001.0,980.0,980.0,-1.9,4361,4305818.0
2018-05-06,1020.0,1020.0,997.0,999.0,-1.77,2589,2601000.0
2018-05-03,1007.0,1020.0,997.0,1017.0,1.19,10689,10791835.0
2018-05-02,971.0,1006.0,970.0,1005.0,3.61,4467,4437055.0
2018-04-29,955.0,995.0,952.0,970.0,0.0,2602,2533189.0
2018-04-26,1005.0,1015.0,951.0,970.0,-3.48,13401,13187866.0
2018-04-25,1032.0,1032.0,994.0,1005.0,-0.69,12935,13097672.0
2018-04-24,1036.0,1036.0,990.0,1012.0,-0.39,13637,13758836.0
2018-04-23,1050.0,1065.0,999.0,1016.0,-1.36,32730,33999992.0
2018-04-22,979.0,1035.0,979.0,1030.0,7.18,14511,14513192.0
2018-04-19,956.0,993.0,940.0,961.0,-1.44,9373,9069399.0
2018-04-18,973.0,1012.0,945.0,975.0,2.09,21301,20895848.0
2018-04-17,938.0,960.0,910.0,955.0,3.8,18644,17514444.0
2018-04-16,895.0,938.0,867.0,920.0,4.19,24603,22418644.0
2018-04-15,870.0,896.0,840.0,883.0,0.46,16476,14278631.0
2018-04-12,832.0,894.0,832.0,879.0,5.65,22179,19037134.0
2018-04-11,790.0,832.0,790.0,832.0,5.32,3796,3075142.0
2018-04-10,811.0,815.0,765.0,790.0,-0.75,9233,7336924.0
2018-04-09,827.0,832.0,785.0,796.0,-1.85,12722,10351539.0
2018-04-08,752.0,812.0,740.0,811.0,9.74,14481,11328510.0
2018-04-05,719.0,743.0,701.0,739.0,2.78,4911,3595197.0
2018-04-04,688.0,719.0,685.0,719.0,6.52,3500,2429895.0
2018-04-03,665.0,681.0,650.0,675.0,1.05,1984,1338544.0
2018-04-02,654.0,675.0,652.0,668.0,0.91,1552,1036430.0
2018-04-01,682.0,685.0,650.0,662.0,-2.93,1591,1048954.0
2018-03-29,653.0,690.0,653.0,682.0,4.12,1868,1255807.0
2018-03-28,678.0,678.0,642.0,655.0,-1.5,8902,5887673.0
2018-03-27,610.0,679.0,598.0,665.0,7.09,5525,3515235.0
2018-03-26,662.0,662.0,621.0,621.0,-8.0,2388,1513646.0
2018-03-22,677.0,704.0,656.0,675.0,-2.17,5161,3471626.0
2018-03-21,700.0,700.0,688.0,690.0,-2.82,1751,1211966.0
2018-03-20,724.0,724.0,703.0,710.0,-3.79,5087,3620441.0
2018-03-19,741.0,741.0,736.0,738.0,-1.73,1270,937720.0
2018-03-18,766.0,766.0,751.0,751.0,-3.59,1443,1095175.0
2018-03-15,775.0,779.0,760.0,779.0,2.5,2291,1760725.0
2018-03-14,745.0,760.0,745.0,760.0,0.93,827,626973.0
2018-03-13,725.0,753.0,725.0,753.0,4.01,885,645317.0
2018-03-12,745.0,751.0,724.0,724.0,-1.76,943,694487.0
2018-03-11,775.0,775.0,737.0,737.0,-4.9,3053,2299739.0
2018-03-07,749.0,775.0,735.0,775.0,5.44,3444,2599015.0
2018-03-06,750.0,763.0,718.0,735.0,-0.94,5422,3975180.0
2018-03-05,795.0,805.0,742.0,742.0,-4.87,4581,3500708.0
2018-03-04,833.0,834.0,767.0,780.0,-8.24,4500,3525529.0
2018-02-28,855.0,855.0,831.0,850.0,-2.19,1500,1260060.0
2018-02-27,860.0,880.0,845.0,869.0,2.12,1429,1241891.0
2018-02-26,881.0,881.0,850.0,851.0,-3.84,6042,5200080.0
2018-02-25,895.0,900.0,885.0,885.0,-2.43,2640,2353150.0
2018-02-22,924.0,924.0,897.0,907.0,0.11,6980,6308964.0
2018-02-21,910.0,915.0,904.0,906.0,-1.52,1469,1330731.0
2018-02-20,943.0,943.0,912.0,920.0,-0.54,2168,2017079.0
2018-02-18,957.0,960.0,918.0,925.0,-2.63,5073,4766627.0
2018-02-15,930.0,950.0,925.0,950.0,0.0,6945,6523005.0
2018-02-14,910.0,930.0,910.0,930.0,0.0,1106,1023185.0
2018-02-12,920.0,915.0,910.0,910.0,0.0,1630,1484019.0
2018-02-11,930.0,920.0,913.0,920.0,0.0,769,705133.0
2018-02-08,915.0,930.0,908.0,930.0,0.0,775,716431.0
2018-02-07,935.0,918.0,915.0,915.0,0.0,141,129217.0
2018-02-06,955.0,948.0,935.0,935.0,0.0,407,381196.0
2018-02-05,940.0,958.0,922.0,955.0,0.0,1988,1877977.0
2018-02-04,935.0,955.0,931.0,940.0,0.0,2360,2230749.0
2018-02-01,940.0,935.0,930.0,935.0,0.0,1302,1214780.0
2018-01-31,930.0,940.0,928.0,940.0,0.0,4719,4400277.0
2018-01-29,930.0,935.0,921.0,930.0,0.0,3648,3386518.0
2018-01-28,923.0,941.0,920.0,930.0,0.0,1744,1610553.0
2018-01-25,915.0,925.0,910.0,923.0,0.0,4574,4207707.0
2018-01-24,912.0,915.0,906.0,915.0,0.0,3734,3388503.0
2018-01-23,919.0,915.0,900.0,912.0,0.0,7647,6905959.0
2018-01-22,922.0,920.0,915.0,919.0,0.0,2395,2196842.0
2018-01-21,934.0,952.0,920.0,922.0,0.0,1309,1213531.0
2018-01-17,940.0,934.0,923.0,934.0,0.0,1070,994230.0
2018-01-16,941.0,945.0,938.0,940.0,0.0,909,855588.0
2018-01-14,955.0,954.0,941.0,941.0,0.0,993,937294.0
2018-01-10,960.0,955.0,940.0,955.0,0.0,3406,3232633.0
2018-01-09,959.0,971.0,960.0,960.0,0.0,2061,1987806.0
2018-01-08,954.0,979.0,937.0,959.0,0.0,2937,2817437.0
2018-01-07,938.0,958.0,940.0,954.0,0.0,3876,3675530.0
2018-01-04,940.0,942.0,935.0,938.0,0.0,3436,3226261.0
2018-01-03,950.0,960.0,940.0,940.0,0.0,2135,2013270.0
2018-01-02,972.0,972.0,950.0,950.0,0.0,6675,6415242.0
2018-01-01,935.0,972.0,935.0,972.0,0.0,4258,4064496.0
2017-12-31,954.0,950.0,935.0,935.0,0.0,2082,1956133.0
2017-12-28,942.0,977.0,930.0,954.0,0.0,1770,1674958.0
2017-12-27,955.0,965.0,935.0,942.0,0.0,3910,3684939.0
2017-12-26,972.0,965.0,945.0,955.0,0.0,9716,9221287.0
2017-12-24,970.0,985.0,972.0,972.0,0.0,2855,2793006.0
2017-12-21,971.0,972.0,969.0,970.0,0.0,1071,1039738.0
2017-12-20,986.0,1000.0,967.0,971.0,0.0,2560,2517840.0
2017-12-19,1002.0,999.0,986.0,986.0,0.0,1402,1389682.0
2017-12-18,1004.0,1010.0,1000.0,1002.0,0.0,2867,2877573.0
2017-12-17,1015.0,1020.0,1004.0,1004.0,0.0,3065,3087404.0
2017-12-14,1019.0,1020.0,1005.0,1015.0,0.0,1839,1857084.0
2017-12-13,1000.0,1021.0,985.0,1019.0,0.0,2021,2047486.0
2017-12-12,1023.0,1015.0,1000.0,1000.0,0.0,2984,3004744.0
2017-12-11,1030.0,1023.0,1017.0,1023.0,0.0,973,992446.0
2017-12-10,1034.0,1054.0,1015.0,1030.0,0.0,11637,12014485.0
2017-12-06,1019.0,1034.0,1005.0,1034.0,0.0,5304,5425524.0
2017-12-05,1020.0,1019.0,1000.0,1019.0,0.0,5144,5206824.0
2017-12-04,1020.0,1040.0,1015.0,1020.0,0.0,4038,4136700.0
2017-11-30,1007.0,1020.0,992.0,1020.0,0.0,16730,16841372.0
2017-11-29,980.0,1020.0,980.0,1007.0,0.0,15843,15942722.0
2017-11-28,985.0,985.0,970.0,980.0,0.0,10876,10627567.0
2017-11-27,962.0,985.0,955.0,985.0,0.0,13354,13028270.0
2017-11-26,962.0,980.0,958.0,962.0,0.0,7006,6774045.0
2017-11-23,961.0,975.0,962.0,962.0,0.0,3523,3410133.0
2017-11-22,945.0,969.0,945.0,961.0,0.0,4865,4638962.0
2017-11-21,935.0,958.0,945.0,945.0,0.0,4118,3912686.0
2017-11-20,950.0,960.0,935.0,935.0,0.0,3375,3183559.0
2017-11-19,967.0,986.0,949.0,950.0,0.0,6173,5889963.0
2017-11-16,985.0,980.0,967.0,967.0,0.0,5873,5711606.0
2017-11-15,1010.0,1010.0,985.0,985.0,0.0,2022,2012126.0
2017-11-14,982.0,1010.0,978.0,1010.0,0.0,4346,4311562.0
2017-11-13,990.0,993.0,972.0,982.0,0.0,1896,1864478.0
2017-11-12,955.0,990.0,950.0,990.0,0.0,1325,1293545.0
2017-11-09,967.0,985.0,950.0,955.0,0.0,4773,4591454.0
2017-11-08,978.0,978.0,959.0,967.0,0.0,1117,1080342.0
2017-11-07,993.0,991.0,975.0,978.0,0.0,2378,2333178.0
2017-11-06,1010.0,1010.0,971.0,993.0,0.0,2757,2749364.0
2017-11-05,1020.0,1020.0,990.0,1010.0,0.0,2864,2861202.0
2017-11-02,1014.0,1020.0,1001.0,1020.0,0.0,2351,2369952.0
2017-11-01,986.0,1023.0,999.0,1014.0,0.0,4824,4885511.0
2017-10-31,1025.0,1025.0,986.0,986.0,0.0,2971,2997328.0
2017-10-30,1030.0,1049.0,1025.0,1025.0,0.0,543,559587.0
2017-10-29,1036.0,1037.0,1017.0,1030.0,0.0,655,671059.0
2017-10-25,1045.0,1050.0,1025.0,1036.0,0.0,441,455575.0
2017-10-24,1041.0,1059.0,1042.0,1045.0,0.0,796,836976.0
2017-10-23,1055.0,1056.0,1041.0,1041.0,0.0,1515,1585365.0
2017-10-22,1070.0,1091.0,1055.0,1055.0,0.0,580,617200.0
2017-10-18,1025.0,1071.0,1020.0,1070.0,0.0,3082,3229096.0
2017-10-17,1044.0,1055.0,1025.0,1025.0,0.0,1759,1835924.0
2017-10-16,1000.0,1044.0,1020.0,1044.0,0.0,1151,1195423.0
2017-10-15,1000.0,1020.0,1000.0,1000.0,0.0,1925,1948262.0
2017-10-12,1002.0,1015.0,1000.0,1000.0,0.0,1947,1956195.0
2017-10-11,1015.0,1015.0,999.0,1002.0,0.0,866,872248.0
2017-10-10,1011.0,1030.0,1010.0,1015.0,0.0,1751,1785080.0
2017-10-09,1021.0,1020.0,1000.0,1011.0,0.0,1444,1456908.0
2017-10-08,1028.0,1027.0,1000.0,1021.0,0.0,1720,1736560.0
2017-10-04,1041.0,1050.0,1020.0,1028.0,0.0,6172,6389651.0
2017-09-26,1048.0,1068.0,1036.0,1041.0,0.0,2737,2859680.0
2017-09-25,1038.0,1048.0,1038.0,1048.0,0.0,935,972245.0
2017-09-24,1040.0,1040.0,1020.0,1038.0,0.0,1485,1531010.0
2017-09-20,1040.0,1045.0,1030.0,1040.0,0.0,527,546747.0
2017-09-18,1049.0,1069.0,1035.0,1040.0,0.0,3264,3397270.0
2017-09-17,1040.0,1060.0,1020.0,1049.0,0.0,4243,4439335.0
2017-09-14,1002.0,1047.0,1002.0,1040.0,0.0,6243,6482992.0
2017-09-13,1040.0,1060.0,1002.0,1002.0,0.0,3331,3415705.0
2017-09-12,1045.0,1040.0,1021.0,1040.0,0.0,4387,4519708.0
2017-09-11,1031.0,1065.0,1035.0,1045.0,0.0,4138,4316662.0
2017-09-10,1070.0,1079.0,1031.0,1031.0,0.0,3555,3718020.0
2017-09-07,1095.0,1080.0,1070.0,1070.0,0.0,1845,1987507.0
2017-09-06,1080.0,1123.0,1085.0,1095.0,0.0,2507,2750471.0
2017-09-04,1090.0,1096.0,1070.0,1080.0,0.0,2280,2465810.0
2017-08-31,1117.0,1102.0,1078.0,1090.0,0.0,2777,3032400.0
2017-08-30,1151.0,1140.0,1117.0,1117.0,0.0,2970,3337651.0
2017-08-28,1157.0,1164.0,1150.0,1151.0,0.0,1520,1753805.0
2017-08-27,1155.0,1170.0,1157.0,1157.0,0.0,1158,1343468.0
2017-08-24,1160.0,1165.0,1151.0,1155.0,0.0,2048,2375478.0
2017-08-23,1173.0,1170.0,1153.0,1160.0,0.0,2622,3043228.0
2017-08-22,1152.0,1180.0,1155.0,1173.0,0.0,2244,2620345.0
2017-08-21,1181.0,1175.0,1152.0,1152.0,0.0,1292,1501120.0
2017-08-20,1166.0,1189.0,1166.0,1181.0,0.0,3107,3659066.0
2017-08-17,1180.0,1180.0,1165.0,1166.0,0.0,1301,1521981.0
2017-08-16,1160.0,1185.0,1160.0,1180.0,0.0,5375,6309520.0
2017-08-15,1190.0,1179.0,1146.0,1160.0,0.0,4460,5201960.0
2017-08-13,1190.0,1210.0,1180.0,1190.0,0.0,6372,7597984.0
2017-08-10,1195.0,1209.0,1190.0,1190.0,0.0,6287,7545195.0
2017-08-09,1169.0,1225.0,1169.0,1195.0,0.0,9514,11419639.0
2017-08-07,1177.0,1175.0,1160.0,1169.0,0.0,4435,5169935.0
2017-08-06,1194.0,1200.0,1177.0,1177.0,0.0,3063,3636213.0
2017-08-03,1205.0,1205.0,1186.0,1194.0,0.0,7164,8561540.0
2017-08-02,1217.0,1228.0,1201.0,1205.0,0.0,3388,4118000.0
2017-08-01,1215.0,1240.0,1216.0,1217.0,0.0,3820,4688311.0
2017-07-31,1245.0,1252.0,1215.0,1215.0,0.0,7311,9012990.0
2017-07-30,1230.0,1259.0,1200.0,1245.0,0.0,15042,18546046.0
2017-07-27,1249.0,1300.0,1208.0,1230.0,0.0,21766,27205368.0
2017-07-26,1170.0,1250.0,1180.0,1249.0,0.0,25825,31158600.0
2017-07-25,1161.0,1185.0,1150.0,1170.0,0.0,4449,5210894.0
2017-07-24,1189.0,1200.0,1160.0,1161.0,0.0,8649,10225732.0
2017-07-23,1132.0,1200.0,1149.0,1189.0,0.0,15925,18778566.0
2017-07-20,1090.0,1135.0,1088.0,1132.0,0.0,9749,10835959.0
2017-07-19,1101.0,1125.0,1081.0,1090.0,0.0,4445,4911236.0
2017-07-18,1050.0,1101.0,1053.0,1101.0,0.0,13382,14351733.0
2017-07-17,1025.0,1064.0,1022.0,1050.0,0.0,3382,3545129.0
2017-07-16,1020.0,1040.0,1020.0,1025.0,0.0,593,609220.0
2017-07-13,1042.0,1035.0,1016.0,1020.0,0.0,2655,2728278.0
2017-07-12,1043.0,1045.0,1030.0,1042.0,0.0,810,840300.0
2017-07-11,1000.0,1043.0,1010.0,1043.0,0.0,4225,4303175.0
2017-07-10,1000.0,1015.0,1000.0,1000.0,0.0,2125,2131400.0
2017-07-09,1025.0,1045.0,1000.0,1000.0,0.0,3396,3506189.0
2017-07-06,989.0,1030.0,990.0,1025.0,0.0,5479,5506896.0
2017-07-05,1010.0,1000.0,971.0,989.0,0.0,3977,3916839.0
2017-07-04,1019.0,1020.0,1010.0,1010.0,0.0,720,729230.0
2017-07-03,1000.0,1020.0,1000.0,1019.0,0.0,659,667565.0
2017-07-02,1028.0,1024.0,1000.0,1000.0,0.0,1129,1140140.0
2017-06-28,1025.0,1030.0,1000.0,1028.0,0.0,5051,5101119.0
2017-06-27,1050.0,1055.0,1022.0,1025.0,0.0,2897,3006165.0
2017-06-25,1054.0,1070.0,1050.0,1050.0,0.0,3110,3297677.0
2017-06-22,1030.0,1069.0,1020.0,1054.0,0.0,2129,2222643.0
2017-06-21,1034.0,1043.0,1020.0,1030.0,0.0,2889,2994465.0
2017-06-20,1046.0,1055.0,1026.0,1034.0,0.0,3640,3788325.0
2017-06-19,1067.0,1075.0,1040.0,1046.0,0.0,2680,2849439.0
2017-06-18,1060.0,1081.0,1065.0,1067.0,0.0,4469,4786458.0
2017-06-15,1045.0,1086.0,1033.0,1060.0,0.0,3041,3230623.0
2017-06-14,1035.0,1055.0,1029.0,1045.0,0.0,2438,2551689.0
2017-06-13,1063.0,1060.0,1032.0,1035.0,0.0,4903,5123767.0
2017-06-12,1099.0,1115.0,1063.0,1063.0,0.0,3050,3289821.0
2017-06-11,1209.0,1212.0,1185.0,1187.0,0.0,15243,18209904.0
2017-06-08,1220.0,1220.0,1205.0,1209.0,0.0,7376,8935557.0
2017-06-07,1230.0,1240.0,1220.0,1220.0,0.0,5735,7047565.0
2017-06-06,1205.0,1232.0,1205.0,1230.0,0.0,9691,11828514.0
2017-06-05,1200.0,1234.0,1205.0,1205.0,0.0,10838,13146544.0
2017-06-04,1210.0,1250.0,1195.0,1200.0,0.0,17366,20976992.0
2017-06-01,1199.0,1260.0,1199.0,1210.0,0.0,23435,28430464.0
2017-05-31,1180.0,1208.0,1140.0,1199.0,0.0,7450,8810066.0
2017-05-30,1194.0,1200.0,1162.0,1180.0,0.0,3797,4490867.0
2017-05-28,1225.0,1249.0,1192.0,1194.0,0.0,6219,7492562.0
2017-05-24,1203.0,1230.0,1176.0,1225.0,0.0,5637,6791424.0
2017-05-23,1189.0,1244.0,1198.0,1203.0,0.0,7230,8727593.0
2017-05-22,1214.0,1211.0,1176.0,1189.0,0.0,2151,2565962.0
2017-05-21,1228.0,1220.0,1210.0,1214.0,0.0,3253,3946455.0
2017-05-18,1230.0,1230.0,1218.0,1228.0,0.0,4916,6016279.0
2017-05-17,1239.0,1250.0,1216.0,1230.0,0.0,1116,1376375.0
2017-05-16,1238.0,1250.0,1235.0,1239.0,0.0,3647,4526725.0
2017-05-15,1240.0,1287.0,1238.0,1238.0,0.0,5457,6827624.0
2017-05-11,1250.0,1260.0,1236.0,1240.0,0.0,4201,5233184.0
2017-05-09,1230.0,1259.0,1226.0,1250.0,0.0,5898,7325723.0
2017-05-08,1229.0,1250.0,1205.0,1230.0,0.0,6977,8524573.0
2017-05-07,1251.0,1240.0,1210.0,1229.0,0.0,11591,14161289.0
2017-05-04,1278.0,1280.0,1248.0,1251.0,0.0,7235,9094178.0
2017-05-03,1280.0,1300.0,1272.0,1278.0,0.0,7917,10144937.0
2017-05-02,1282.0,1285.0,1260.0,1280.0,0.0,12533,15911192.0
2017-04-30,1295.0,1301.0,1265.0,1282.0,0.0,19998,25558368.0
2017-04-27,1281.0,1300.0,1271.0,1295.0,0.0,25626,32934886.0
2017-04-26,1284.0,1291.0,1270.0,1281.0,0.0,19959,25579452.0
2017-04-25,1277.0,1305.0,1255.0,1284.0,0.0,23838,30634724.0
2017-04-24,1300.0,1326.0,1260.0,1277.0,0.0,17669,22743348.0
2017-04-23,1284.0,1389.0,1280.0,1300.0,0.0,36036,47347060.0
2017-04-20,1262.0,1338.0,1262.0,1284.0,0.0,28247,36487632.0
2017-04-19,1190.0,1280.0,1180.0,1262.0,0.0,33356,40973056.0
2017-04-18,1240.0,1240.0,1147.0,1190.0,0.0,37498,44795004.0
2017-04-16,1306.0,1314.0,1232.0,1240.0,0.0,40974,52172688.0
2017-04-13,1250.0,1356.0,1202.0,1306.0,0.0,56965,73475848.0
2017-04-12,1299.0,1400.0,1250.0,1250.0,0.0,60887,82390912.0
2017-04-11,1188.0,1306.0,1175.0,1299.0,0.0,65070,80803776.0
2017-04-10,1095.0,1195.0,1080.0,1188.0,0.0,48280,55244652.0
2017-04-09,1110.0,1154.0,1095.0,1095.0,0.0,24325,27158916.0
2017-04-06,1049.0,1153.0,1026.0,1110.0,0.0,55335,60828656.0
2017-04-04,1017.0,1078.0,1000.0,1049.0,0.0,63600,66009280.0
2017-04-03,925.0,1017.0,943.0,1017.0,0.0,42027,42599320.0
2017-04-02,841.0,925.0,857.0,925.0,0.0,797,734828.0
2017-03-30,858.0,875.0,783.0,841.0,0.0,27765,22997102.0
2017-03-29,869.0,900.0,833.0,858.0,0.0,21537,18682142.0
2017-03-28,790.0,869.0,805.0,869.0,0.0,13222,11363998.0
2017-03-26,750.0,810.0,760.0,790.0,0.0,19472,15160463.0
2017-03-23,740.0,760.0,721.0,750.0,0.0,10756,8017582.0
2017-03-22,763.0,775.0,740.0,740.0,0.0,13967,10642942.0
2017-03-21,754.0,780.0,730.0,763.0,0.0,17461,13219933.0
2017-03-20,690.0,759.0,689.0,754.0,0.0,20909,15119308.0
2017-03-19,660.0,693.0,658.0,690.0,0.0,5398,3683770.0
2017-03-16,670.0,660.0,660.0,660.0,0.0,50,33000.0
2017-03-15,650.0,670.0,645.0,670.0,0.0,1476,963984.0
2017-03-14,659.0,652.0,650.0,650.0,0.0,1375,894150.0
2017-03-13,655.0,660.0,647.0,659.0,0.0,1435,935872.0
2017-03-09,631.0,657.0,620.0,655.0,0.0,1177,766128.0
2017-03-07,655.0,643.0,631.0,631.0,0.0,4831,3073736.0
2017-03-06,675.0,680.0,650.0,655.0,0.0,2391,1571875.0
2017-03-05,648.0,675.0,650.0,675.0,0.0,4588,3042386.0
2017-03-02,639.0,649.0,640.0,648.0,0.0,2703,1745682.0
2017-03-01,609.0,645.0,621.0,639.0,0.0,4417,2779336.0
2017-02-28,630.0,641.0,600.0,609.0,0.0,2950,1799970.0
2017-02-26,640.0,650.0,626.0,630.0,0.0,696,443369.0
2017-02-23,645.0,650.0,640.0,640.0,0.0,2058,1323044.0
2017-02-22,684.0,685.0,638.0,645.0,0.0,6158,4058330.0
2017-02-21,680.0,720.0,656.0,684.0,0.0,14694,10185538.0
2017-02-20,625.0,687.0,637.0,680.0,0.0,14525,9738854.0
2017-02-19,569.0,625.0,545.0,625.0,0.0,11272,6845648.0
2017-02-16,518.0,569.0,511.0,569.0,0.0,7993,4411562.0
2017-02-15,471.0,518.0,476.0,518.0,0.0,7483,3756255.0
2017-02-14,489.0,517.0,471.0,471.0,0.0,3285,1590085.0
2017-02-13,480.0,489.0,436.0,489.0,0.0,1967,888412.0
2017-02-12,530.0,525.0,477.0,480.0,0.0,3461,1701538.0
2017-02-09,580.0,575.0,530.0,530.0,0.0,950,528100.0
2017-02-08,605.0,603.0,580.0,580.0,0.0,630,368648.0
2017-02-07,613.0,613.0,590.0,605.0,0.0,2121,1281494.0
2017-02-06,625.0,613.0,613.0,613.0,0.0,94,57622.0
2017-02-05,648.0,648.0,624.0,625.0,0.0,503,319668.0
2017-02-02,650.0,663.0,625.0,648.0,0.0,1651,1062184.0
2017-02-01,594.0,650.0,605.0,650.0,0.0,2584,1624765.0
2017-01-31,660.0,647.0,594.0,594.0,0.0,800,482940.0
2017-01-26,655.0,663.0,620.0,660.0,0.0,1783,1137523.0
2017-01-25,670.0,670.0,650.0,655.0,0.0,3684,2420280.0
2017-01-24,675.0,688.0,670.0,670.0,0.0,391,265919.0
2017-01-23,695.0,685.0,670.0,675.0,0.0,2382,1604640.0
2017-01-22,697.0,705.0,695.0,695.0,0.0,190,133150.0
2017-01-19,682.0,700.0,666.0,697.0,0.0,2459,1685789.0
2017-01-18,690.0,699.0,675.0,682.0,0.0,2908,1978230.0
2017-01-17,690.0,703.0,690.0,690.0,0.0,298,206222.0
2017-01-16,691.0,690.0,690.0,690.0,0.0,60,41400.0
2017-01-15,705.0,700.0,690.0,691.0,0.0,2195,1521550.0
2017-01-12,687.0,714.0,700.0,705.0,0.0,2480,1748431.0
2017-01-11,711.0,705.0,687.0,687.0,0.0,857,597391.0
2017-01-10,690.0,711.0,703.0,711.0,0.0,712,505652.0
2017-01-09,670.0,696.0,657.0,690.0,0.0,2248,1538296.0
2017-01-08,694.0,685.0,670.0,670.0,0.0,2626,1771251.0
2017-01-05,700.0,705.0,686.0,694.0,0.0,1229,850349.0
2017-01-04,685.0,714.0,680.0,700.0,0.0,812,563146.0
2017-01-03,712.0,712.0,685.0,685.0,0.0,3049,2110787.0
2017-01-02,686.0,712.0,685.0,712.0,0.0,2150,1507142.0
2017-01-01,695.0,725.0,686.0,686.0,0.0,4176,2919580.0
2016-12-29,660.0,723.0,652.0,695.0,0.0,2184,1531843.0
2016-12-28,661.0,673.0,648.0,660.0,0.0,3286,2154404.0
2016-12-27,670.0,672.0,647.0,661.0,0.0,3208,2125196.0
2016-12-26,700.0,700.0,670.0,670.0,0.0,3391,2307182.0
2016-12-22,700.0,710.0,700.0,700.0,0.0,2154,1520216.0
2016-12-21,717.0,718.0,700.0,700.0,0.0,2986,2107440.0
2016-12-20,725.0,723.0,717.0,717.0,0.0,382,274762.0
2016-12-19,734.0,730.0,725.0,725.0,0.0,543,394496.0
2016-12-18,733.0,755.0,718.0,734.0,0.0,6328,4640159.0
2016-12-15,724.0,740.0,730.0,733.0,0.0,529,388891.0
2016-12-14,715.0,724.0,690.0,724.0,0.0,500,355690.0
2016-12-12,713.0,724.0,700.0,715.0,0.0,5282,3710868.0
2016-12-11,740.0,729.0,707.0,713.0,0.0,3531,2523878.0
2016-12-08,760.0,760.0,735.0,740.0,0.0,4009,2963095.0
2016-12-07,760.0,770.0,755.0,760.0,0.0,3993,3027572.0
2016-12-06,745.0,780.0,731.0,760.0,0.0,6219,4652908.0
2016-12-05,772.0,765.0,735.0,745.0,0.0,6472,4823294.0
2016-12-04,789.0,809.0,770.0,772.0,0.0,6550,5112638.0
2016-12-01,810.0,840.0,780.0,789.0,0.0,9244,7507637.0
2016-11-30,747.0,810.0,750.0,810.0,0.0,10154,7968275.0
2016-11-29,680.0,748.0,680.0,747.0,0.0,5060,3609317.0
2016-11-28,660.0,700.0,620.0,680.0,0.0,8374,5602055.0
2016-11-27,703.0,715.0,659.0,660.0,0.0,4072,2761081.0
2016-11-24,731.0,750.0,685.0,703.0,0.0,6815,4862876.0
2016-11-23,776.0,770.0,731.0,731.0,0.0,4224,3164477.0
2016-11-22,814.0,830.0,775.0,776.0,0.0,9476,7456807.0
2016-11-21,801.0,818.0,785.0,814.0,0.0,2711,2184649.0
2016-11-20,865.0,850.0,792.0,801.0,0.0,1546,1249141.0
2016-11-17,895.0,880.0,865.0,865.0,0.0,5961,5200873.0
2016-11-16,890.0,900.0,875.0,895.0,0.0,2270,2005645.0
2016-11-15,897.0,895.0,886.0,890.0,0.0,2677,2384300.0
2016-11-14,880.0,897.0,877.0,897.0,0.0,7028,6202830.0
2016-11-13,895.0,890.0,878.0,880.0,0.0,2937,2589057.0
2016-11-10,910.0,902.0,882.0,895.0,0.0,1908,1702140.0
2016-11-09,920.0,920.0,895.0,910.0,0.0,1643,1485600.0
2016-11-08,928.0,922.0,904.0,920.0,0.0,1638,1495012.0
2016-11-07,930.0,946.0,910.0,928.0,0.0,2930,2698135.0
2016-11-03,930.0,930.0,915.0,930.0,0.0,619,572251.0
2016-10-27,940.0,958.0,930.0,930.0,0.0,576,544390.0
2016-10-26,937.0,940.0,919.0,940.0,0.0,629,585725.0
2016-10-25,926.0,937.0,912.0,937.0,0.0,2611,2409930.0
2016-10-24,934.0,940.0,925.0,926.0,0.0,2214,2058475.0
2016-10-23,937.0,955.0,934.0,934.0,0.0,2211,2076936.0
2016-10-20,946.0,950.0,937.0,937.0,0.0,421,397034.0
2016-10-19,965.0,957.0,941.0,946.0,0.0,1126,1068914.0
2016-10-18,947.0,965.0,931.0,965.0,0.0,2216,2117194.0
2016-10-17,955.0,974.0,936.0,947.0,0.0,790,749382.0
2016-10-16,966.0,970.0,955.0,955.0,0.0,1983,1904136.0
2016-10-06,989.0,1000.0,951.0,966.0,0.0,3483,3345494.0
2016-10-05,965.0,989.0,937.0,989.0,0.0,1157,1109880.0
2016-10-04,931.0,984.0,930.0,965.0,0.0,2131,2037069.0
2016-10-03,943.0,945.0,930.0,931.0,0.0,1711,1610109.0
2016-10-02,930.0,943.0,902.0,943.0,0.0,1223,1124580.0
2016-09-29,927.0,930.0,919.0,930.0,0.0,1582,1462418.0
2016-09-28,936.0,940.0,925.0,927.0,0.0,2673,2486350.0
2016-09-27,938.0,940.0,936.0,936.0,0.0,1415,1328137.0
2016-09-26,931.0,940.0,925.0,938.0,0.0,2182,2037091.0
2016-09-25,957.0,945.0,925.0,931.0,0.0,1395,1300160.0
2016-09-22,950.0,960.0,935.0,957.0,0.0,5040,4810147.0
2016-09-21,960.0,951.0,940.0,950.0,0.0,708,670211.0
2016-09-20,995.0,980.0,943.0,960.0,0.0,5161,4994627.0
2016-09-18,998.0,1000.0,985.0,995.0,0.0,7391,7331026.0
2016-09-14,985.0,1009.0,985.0,998.0,0.0,7814,7760637.0
2016-09-12,960.0,988.0,960.0,985.0,0.0,4432,4316467.0
2016-09-11,970.0,985.0,955.0,960.0,0.0,7904,7647989.0
2016-09-08,915.0,970.0,915.0,970.0,0.0,9143,8643514.0
2016-09-07,905.0,928.0,890.0,915.0,0.0,1259,1146635.0
2016-09-06,905.0,960.0,900.0,905.0,0.0,3947,3627357.0
2016-09-05,905.0,918.0,900.0,905.0,0.0,619,566585.0
2016-09-04,933.0,944.0,905.0,905.0,0.0,456,423456.0
2016-09-03,933.0,944.0,905.0,905.0,0.0,456,423456.0
2016-09-01,950.0,945.0,933.0,933.0,0.0,2797,2627989.0
2016-08-31,925.0,950.0,935.0,950.0,0.0,4069,3840200.0
2016-08-30,930.0,930.0,902.0,925.0,0.0,2266,2074382.0
2016-08-29,935.0,972.0,923.0,930.0,0.0,1939,1816112.0
2016-08-28,885.0,935.0,902.0,935.0,0.0,7458,6834884.0
2016-08-24,805.0,885.0,805.0,885.0,0.0,2250,1868780.0
2016-08-23,835.0,819.0,805.0,805.0,0.0,359,290129.0
2016-08-22,850.0,850.0,835.0,835.0,0.0,1078,905176.0
2016-08-21,853.0,851.0,835.0,850.0,0.0,1350,1131100.0
2016-08-17,815.0,864.0,820.0,853.0,0.0,1731,1469762.0
2016-08-16,811.0,827.0,795.0,815.0,0.0,2859,2323647.0
2016-08-15,840.0,824.0,782.0,811.0,0.0,2239,1791908.0
2016-08-14,880.0,870.0,840.0,840.0,0.0,3891,3341287.0
2016-08-11,870.0,880.0,874.0,880.0,0.0,1228,1080472.0
2016-08-10,881.0,905.0,870.0,870.0,0.0,5435,4870244.0
2016-08-09,848.0,881.0,864.0,881.0,0.0,374,328236.0
2016-08-08,897.0,890.0,848.0,848.0,0.0,2583,2232566.0
2016-08-07,915.0,960.0,897.0,897.0,0.0,4755,4414362.0
2016-08-04,956.0,950.0,915.0,915.0,0.0,5913,5517200.0
2016-08-03,955.0,980.0,942.0,956.0,0.0,3325,3163850.0
2016-08-02,995.0,978.0,950.0,955.0,0.0,1326,1265170.0
2016-08-01,1000.0,1000.0,972.0,995.0,0.0,3478,3435848.0
2016-07-31,991.0,1000.0,981.0,1000.0,0.0,5874,5808047.0
2016-07-28,990.0,1000.0,972.0,991.0,0.0,5652,5561598.0
2016-07-27,1000.0,1000.0,981.0,990.0,0.0,7220,7145020.0
2016-07-26,998.0,1005.0,985.0,1000.0,0.0,7142,7107404.0
2016-07-25,997.0,1000.0,981.0,998.0,0.0,4751,4702388.0
2016-07-21,1000.0,1015.0,980.0,997.0,0.0,9655,9677031.0
2016-07-20,980.0,1018.0,985.0,1000.0,0.0,15540,15544138.0
2016-07-19,1021.0,1050.0,980.0,980.0,0.0,7149,7201903.0
2016-07-18,929.0,1021.0,911.0,1021.0,0.0,10467,10306363.0
2016-07-17,950.0,940.0,875.0,929.0,0.0,2748,2459950.0
2016-07-14,935.0,960.0,935.0,950.0,0.0,2356,2237100.0
2016-07-13,940.0,961.0,901.0,935.0,0.0,6880,6486110.0
2016-07-12,965.0,960.0,907.0,940.0,0.0,9096,8583495.0
2016-07-11,1000.0,985.0,965.0,965.0,0.0,4258,4131267.0
2016-07-10,1000.0,1039.0,1000.0,1000.0,0.0,8181,8247089.0
2016-07-06,1030.0,1025.0,997.0,1000.0,0.0,8174,8196376.0
2016-07-05,1015.0,1030.0,990.0,1030.0,0.0,17364,17475290.0
2016-07-04,1022.0,1040.0,1010.0,1015.0,0.0,13398,13598724.0
2016-07-03,1034.0,1035.0,1015.0,1022.0,0.0,9513,9749931.0
2016-06-30,1030.0,1092.0,1015.0,1034.0,0.0,14327,14861578.0
2016-06-29,1040.0,1071.0,1030.0,1030.0,0.0,8359,8766934.0
2016-06-28,1048.0,1065.0,1000.0,1040.0,0.0,20222,20917844.0
2016-06-27,1070.0,1075.0,1040.0,1048.0,0.0,12798,13525383.0
2016-06-26,1090.0,1100.0,1040.0,1070.0,0.0,10956,11594003.0
2016-06-23,1083.0,1150.0,1065.0,1090.0,0.0,23820,26196040.0
2016-06-22,1061.0,1096.0,1065.0,1083.0,0.0,12176,13133532.0
2016-06-21,1042.0,1090.0,1022.0,1061.0,0.0,14345,15096964.0
2016-06-20,1072.0,1114.0,1030.0,1042.0,0.0,20185,21575940.0
2016-06-19,1078.0,1140.0,996.0,1072.0,0.0,69501,75708008.0
2016-06-16,980.0,1078.0,990.0,1078.0,0.0,62359,66229544.0
2016-06-15,891.0,980.0,899.0,980.0,0.0,28802,26814420.0
2016-06-14,910.0,916.0,891.0,891.0,0.0,9669,8720395.0
2016-06-13,898.0,938.0,876.0,910.0,0.0,20380,18442300.0
2016-06-12,896.0,927.0,850.0,898.0,0.0,50344,45767208.0
2016-06-09,815.0,896.0,831.0,896.0,0.0,59569,51864352.0
2016-06-08,765.0,822.0,770.0,815.0,0.0,8338,6718381.0
2016-06-07,758.0,785.0,765.0,765.0,0.0,3129,2411731.0
2016-06-06,733.0,787.0,719.0,758.0,0.0,8138,6129208.0
2016-06-05,791.0,776.0,733.0,733.0,0.0,5311,4031021.0
2016-06-02,815.0,810.0,785.0,791.0,0.0,3988,3176862.0
2016-06-01,830.0,834.0,800.0,815.0,0.0,7267,5876000.0
2016-05-31,828.0,835.0,821.0,830.0,0.0,9313,7678885.0
2016-05-30,828.0,835.0,820.0,828.0,0.0,17223,14240243.0
2016-05-29,799.0,878.0,809.0,828.0,0.0,19885,16466255.0
2016-05-26,780.0,799.0,760.0,799.0,0.0,7565,5894459.0
2016-05-25,816.0,815.0,770.0,780.0,0.0,5766,4587151.0
2016-05-24,821.0,837.0,810.0,816.0,0.0,25283,20910268.0
2016-05-23,821.0,853.0,805.0,821.0,0.0,48813,39789896.0
2016-05-22,748.0,821.0,745.0,821.0,0.0,22672,17699272.0
2016-05-19,725.0,753.0,730.0,748.0,0.0,13634,10154797.0
2016-05-18,698.0,727.0,711.0,725.0,0.0,12427,8977944.0
2016-05-17,690.0,700.0,695.0,698.0,0.0,6376,4457125.0
2016-05-16,700.0,700.0,690.0,690.0,0.0,3075,2136350.0
2016-05-15,698.0,702.0,695.0,700.0,0.0,3111,2173741.0
2016-05-12,710.0,710.0,698.0,698.0,0.0,6928,4894910.0
2016-05-11,700.0,710.0,700.0,710.0,0.0,6780,4788279.0
2016-05-10,696.0,707.0,696.0,700.0,0.0,8665,6084311.0
2016-05-09,670.0,696.0,675.0,696.0,0.0,3137,2131370.0
2016-05-08,674.0,674.0,670.0,670.0,0.0,510,343445.0
2016-05-05,674.0,674.0,661.0,674.0,0.0,4001,2659050.0
2016-05-04,670.0,680.0,669.0,674.0,0.0,7541,5071661.0
2016-05-03,674.0,685.0,670.0,670.0,0.0,1820,1228642.0
2016-05-02,686.0,685.0,673.0,674.0,0.0,2962,2015472.0
2016-04-28,679.0,690.0,680.0,686.0,0.0,3582,2447846.0
2016-04-27,677.0,683.0,670.0,679.0,0.0,1063,723597.0
2016-04-26,675.0,685.0,675.0,677.0,0.0,3225,2194875.0
2016-04-25,680.0,681.0,671.0,675.0,0.0,4072,2749198.0
2016-04-24,685.0,680.0,676.0,680.0,0.0,1005,682921.0
2016-04-21,687.0,690.0,680.0,685.0,0.0,1067,732455.0
2016-04-20,692.0,694.0,673.0,687.0,0.0,5292,3627762.0
2016-04-19,700.0,710.0,690.0,692.0,0.0,1699,1183067.0
2016-04-18,680.0,705.0,692.0,700.0,0.0,2888,2022354.0
2016-04-17,675.0,683.0,662.0,680.0,0.0,2598,1761620.0
2016-04-14,666.0,679.0,670.0,675.0,0.0,990,668690.0
2016-04-12,670.0,666.0,666.0,666.0,0.0,500,333000.0
2016-04-11,668.0,675.0,668.0,670.0,0.0,690,463700.0
2016-04-10,673.0,686.0,661.0,668.0,0.0,2221,1481487.0
2016-04-06,676.0,685.0,670.0,673.0,0.0,2569,1730801.0
2016-04-05,682.0,685.0,673.0,676.0,0.0,2915,1978569.0
2016-04-04,680.0,693.0,678.0,682.0,0.0,2282,1567810.0
2016-04-03,675.0,689.0,666.0,680.0,0.0,2182,1477313.0
2016-03-31,688.0,690.0,675.0,675.0,0.0,4736,3227847.0
2016-03-30,707.0,695.0,683.0,688.0,0.0,1150,791050.0
2016-03-29,723.0,725.0,683.0,707.0,0.0,5876,4182796.0
2016-03-28,729.0,729.0,710.0,723.0,0.0,7013,5016070.0
2016-03-27,732.0,730.0,702.0,729.0,0.0,13492,9641431.0
2016-03-24,743.0,737.0,726.0,732.0,0.0,10145,7398460.0
2016-03-23,750.0,755.0,731.0,743.0,0.0,9244,6838285.0
2016-03-21,738.0,760.0,730.0,750.0,0.0,9435,7011886.0
2016-03-20,729.0,743.0,730.0,738.0,0.0,24203,17853264.0
2016-03-17,710.0,743.0,700.0,729.0,0.0,12229,8789433.0
2016-03-16,698.0,713.0,699.0,710.0,0.0,21657,15297881.0
2016-03-15,675.0,698.0,679.0,698.0,0.0,3058,2112028.0
2016-03-14,701.0,705.0,675.0,675.0,0.0,4882,3380450.0
2016-03-13,704.0,753.0,700.0,701.0,0.0,14072,10048007.0
2016-03-10,640.0,704.0,650.0,704.0,0.0,26009,17670080.0
2016-03-06,627.0,650.0,639.0,640.0,0.0,3415,2194395.0
2016-03-03,628.0,633.0,624.0,627.0,0.0,8847,5539860.0
2016-03-02,625.0,633.0,625.0,628.0,0.0,2865,1799668.0
2016-03-01,621.0,629.0,623.0,625.0,0.0,1306,816684.0
2016-02-29,634.0,628.0,616.0,621.0,0.0,808,502383.0
2016-02-28,620.0,635.0,621.0,634.0,0.0,4854,3054846.0
2016-02-25,630.0,630.0,620.0,620.0,0.0,1352,839475.0
2016-02-24,625.0,636.0,620.0,630.0,0.0,1932,1205633.0
2016-02-23,630.0,636.0,620.0,625.0,0.0,1348,843630.0
2016-02-22,640.0,632.0,630.0,630.0,0.0,1310,826500.0
2016-02-21,643.0,645.0,640.0,640.0,0.0,2767,1776061.0
2016-02-18,645.0,650.0,635.0,643.0,0.0,2583,1665869.0
2016-02-17,650.0,650.0,645.0,645.0,0.0,1585,1022850.0
2016-02-16,655.0,650.0,643.0,650.0,0.0,400,257900.0
2016-02-15,656.0,655.0,648.0,655.0,0.0,1266,824900.0
2016-02-14,673.0,675.0,647.0,656.0,0.0,8180,5390923.0
2016-02-11,640.0,673.0,644.0,673.0,0.0,6696,4393021.0
2016-02-08,628.0,640.0,632.0,640.0,0.0,4900,3116995.0
2016-02-07,625.0,647.0,624.0,628.0,0.0,6102,3842540.0
2016-02-04,605.0,625.0,608.0,625.0,0.0,4302,2650821.0
2016-02-03,611.0,610.0,603.0,605.0,0.0,3097,1881461.0
2016-02-02,615.0,616.0,610.0,611.0,0.0,2607,1599877.0
2016-02-01,614.0,621.0,614.0,615.0,0.0,3530,2171680.0
2016-01-31,610.0,614.0,602.0,614.0,0.0,2161,1311408.0
2016-01-28,615.0,611.0,608.0,610.0,0.0,1477,900748.0
2016-01-27,670.0,688.0,665.0,676.0,0.0,15170,10260611.0
2016-01-26,671.0,675.0,665.0,670.0,0.0,5443,3638892.0
2016-01-25,678.0,685.0,670.0,671.0,0.0,4872,3284210.0
2016-01-24,670.0,679.0,662.0,678.0,0.0,7996,5355963.0
2016-01-21,668.0,671.0,667.0,670.0,0.0,2794,1868874.0
2016-01-20,678.0,670.0,666.0,668.0,0.0,2541,1697939.0
2016-01-19,679.0,680.0,665.0,678.0,0.0,5340,3594407.0
2016-01-18,670.0,690.0,660.0,679.0,0.0,8076,5435305.0
2016-01-17,673.0,688.0,670.0,670.0,0.0,7112,4825332.0
2016-01-14,675.0,673.0,668.0,673.0,0.0,728,488032.0
2016-01-13,670.0,680.0,667.0,675.0,0.0,950,636300.0
2016-01-12,670.0,675.0,657.0,670.0,0.0,3333,2213458.0
2016-01-11,652.0,680.0,665.0,670.0,0.0,1666,1119520.0
2016-01-10,677.0,686.0,652.0,652.0,0.0,3642,2436233.0
2016-01-07,664.0,678.0,670.0,677.0,0.0,4061,2740513.0
2016-01-06,658.0,670.0,657.0,664.0,0.0,2302,1528013.0
2016-01-05,686.0,686.0,651.0,658.0,0.0,7192,4801871.0
2016-01-04,700.0,728.0,661.0,686.0,0.0,12487,8592354.0
2016-01-03,641.0,705.0,653.0,700.0,0.0,28392,19498792.0
2015-12-31,632.0,668.0,635.0,641.0,0.0,8490,5518074.0
2015-12-29,607.0,632.0,612.0,632.0,0.0,4240,2625661.0
2015-12-28,610.0,608.0,607.0,607.0,0.0,1600,972200.0
2015-12-27,615.0,632.0,610.0,610.0,0.0,3777,2334677.0
2015-12-24,592.0,620.0,590.0,615.0,0.0,7191,4354608.0
2015-12-23,590.0,602.0,590.0,592.0,0.0,5632,3341219.0
2015-12-22,590.0,600.0,590.0,590.0,0.0,2840,1682024.0
2015-12-21,587.0,590.0,580.0,590.0,0.0,2993,1754526.0
2015-12-20,580.0,587.0,580.0,587.0,0.0,3090,1803200.0
2015-12-17,590.0,599.0,575.0,580.0,0.0,6773,3919420.0
2015-12-16,584.0,606.0,579.0,590.0,0.0,13389,7994395.0
2015-12-15,555.0,600.0,566.0,584.0,0.0,20495,11862046.0
2015-12-14,560.0,566.0,555.0,555.0,0.0,2121,1191560.0
2015-12-13,560.0,571.0,560.0,560.0,0.0,550,308110.0
2015-12-10,565.0,570.0,560.0,560.0,0.0,618,348960.0
2015-12-09,558.0,572.0,547.0,565.0,0.0,2955,1644511.0
2015-12-08,558.0,558.0,558.0,558.0,0.0,166,92628.0
2015-12-07,580.0,569.0,558.0,558.0,0.0,221,123923.0
2015-12-06,570.0,580.0,580.0,580.0,0.0,300,174000.0
2015-12-03,559.0,570.0,570.0,570.0,0.0,100,57000.0
2015-12-01,566.0,559.0,530.0,559.0,0.0,2080,1137084.0
2015-11-30,577.0,566.0,566.0,566.0,0.0,30,16980.0
2015-11-24,588.0,577.0,577.0,577.0,0.0,18,10386.0
2015-11-22,599.0,588.0,588.0,588.0,0.0,10,5880.0
2015-11-18,590.0,599.0,599.0,599.0,0.0,294,176106.0
2015-11-15,592.0,590.0,590.0,590.0,0.0,100,59000.0
2015-11-10,570.0,592.0,581.0,592.0,0.0,20,11730.0
2015-11-09,520.0,570.0,530.0,570.0,0.0,88,48880.0
2015-11-08,546.0,536.0,520.0,520.0,0.0,5451,2835280.0
2015-11-05,536.0,546.0,546.0,546.0,0.0,100,54600.0
2015-11-03,536.0,536.0,527.0,536.0,0.0,132,70464.0
2015-11-02,525.0,540.0,535.0,536.0,0.0,2100,1124830.0
2015-11-01,530.0,525.0,525.0,525.0,0.0,757,397425.0
2015-10-29,538.0,548.0,530.0,530.0,0.0,503,269816.0
2015-10-28,550.0,539.0,525.0,538.0,0.0,1347,716205.0
2015-10-27,550.0,555.0,550.0,550.0,0.0,215,118750.0
2015-10-19,540.0,561.0,550.0,550.0,0.0,3344,1850670.0
2015-10-18,569.0,559.0,532.0,540.0,0.0,3080,1681742.0
2015-10-15,590.0,579.0,568.0,569.0,0.0,806,459874.0
2015-10-14,600.0,590.0,590.0,590.0,0.0,200,118000.0
2015-10-11,600.0,612.0,600.0,600.0,0.0,211,126732.0
2015-10-08,610.0,600.0,600.0,600.0,0.0,300,180000.0
2015-10-07,617.0,617.0,600.0,610.0,0.0,1543,932857.0
2015-10-06,629.0,617.0,617.0,617.0,0.0,35,21595.0
2015-10-05,617.0,629.0,629.0,629.0,0.0,200,125800.0
2015-10-04,617.0,617.0,617.0,617.0,0.0,106,65402.0
2015-10-01,629.0,629.0,617.0,617.0,0.0,700,434300.0
2015-09-30,617.0,629.0,629.0,629.0,0.0,1000,629000.0
2015-09-29,628.0,617.0,617.0,617.0,0.0,74,45658.0
2015-09-28,640.0,628.0,628.0,628.0,0.0,55,34540.0
2015-09-24,640.0,640.0,616.0,640.0,0.0,2558,1616926.0
2015-09-23,628.0,640.0,640.0,640.0,0.0,1015,649600.0
2015-09-17,650.0,646.0,628.0,628.0,0.0,1506,962928.0
2015-09-16,656.0,660.0,650.0,650.0,0.0,1355,887410.0
2015-09-15,650.0,656.0,650.0,656.0,0.0,1006,659300.0
2015-09-14,654.0,653.0,635.0,650.0,0.0,1569,1007030.0
2015-09-13,630.0,667.0,642.0,654.0,0.0,477,314438.0
2015-09-10,660.0,647.0,626.0,630.0,0.0,880,554470.0
2015-09-09,700.0,686.0,660.0,660.0,0.0,281,189867.0
2015-09-08,687.0,700.0,700.0,700.0,0.0,10,7000.0
2015-09-07,650.0,687.0,625.0,687.0,0.0,1356,856402.0
2015-09-06,643.0,668.0,643.0,650.0,0.0,621,404568.0
2015-09-03,707.0,713.0,643.0,643.0,0.0,3412,2304856.0
2015-09-02,735.0,721.0,707.0,707.0,0.0,30,21350.0
2015-09-01,738.0,775.0,725.0,735.0,0.0,6701,5001455.0
2015-08-31,671.0,738.0,684.0,738.0,0.0,5676,4153214.0
2015-08-27,610.0,671.0,621.0,671.0,0.0,5945,3863895.0
2015-08-26,604.0,616.0,605.0,610.0,0.0,3159,1926384.0
2015-08-25,594.0,610.0,603.0,604.0,0.0,705,425730.0
2015-08-24,540.0,594.0,550.0,594.0,0.0,158,89438.0
2015-08-23,545.0,555.0,526.0,540.0,0.0,6800,3706873.0
2015-08-20,546.0,567.0,545.0,545.0,0.0,5933,3307178.0
2015-08-19,553.0,550.0,542.0,546.0,0.0,4827,2637479.0
2015-08-18,550.0,555.0,544.0,553.0,0.0,4116,2259451.0
2015-08-17,540.0,550.0,535.0,550.0,0.0,852,460762.0
2015-08-16,550.0,551.0,530.0,540.0,0.0,1669,916259.0
2015-08-13,543.0,560.0,550.0,550.0,0.0,4395,2430563.0
2015-08-12,570.0,560.0,542.0,543.0,0.0,1612,876870.0
2015-08-11,555.0,570.0,550.0,570.0,0.0,1546,863497.0
2015-08-10,569.0,570.0,555.0,555.0,0.0,1282,717805.0
2015-08-09,572.0,569.0,559.0,569.0,0.0,768,431776.0
2015-08-06,560.0,582.0,560.0,572.0,0.0,12482,7164095.0
2015-08-05,552.0,561.0,550.0,560.0,0.0,5393,2985268.0
2015-08-04,560.0,555.0,550.0,552.0,0.0,1821,1005785.0
2015-08-03,582.0,571.0,550.0,560.0,0.0,3122,1730500.0
2015-08-02,561.0,582.0,564.0,582.0,0.0,611,354324.0
2015-07-30,565.0,561.0,555.0,561.0,0.0,4297,2398255.0
2015-07-29,545.0,565.0,540.0,565.0,0.0,1187,652790.0
2015-07-28,555.0,545.0,545.0,545.0,0.0,85,46325.0
2015-07-27,555.0,560.0,550.0,555.0,0.0,5320,2945083.0
2015-07-23,550.0,555.0,545.0,555.0,0.0,2728,1503028.0
2015-07-22,582.0,571.0,550.0,550.0,0.0,2031,1125920.0
2015-07-16,570.0,588.0,551.0,582.0,0.0,32060,18093572.0
2015-07-15,560.0,570.0,551.0,570.0,0.0,2850,1588007.0
2015-07-14,550.0,560.0,545.0,560.0,0.0,2265,1242124.0
2015-07-13,553.0,550.0,540.0,550.0,0.0,1793,977600.0
2015-07-12,550.0,553.0,542.0,553.0,0.0,1681,927372.0
2015-07-09,550.0,550.0,545.0,550.0,0.0,2010,1100460.0
2015-07-08,552.0,552.0,548.0,550.0,0.0,1581,870102.0
2015-07-07,551.0,554.0,545.0,552.0,0.0,2631,1446393.0
2015-07-06,555.0,604.0,545.0,551.0,0.0,4801,2641121.0
2015-07-05,553.0,555.0,552.0,555.0,0.0,2306,1278330.0
2015-07-02,564.0,563.0,553.0,553.0,0.0,1963,1093580.0
2015-07-01,572.0,600.0,558.0,564.0,0.0,6785,3910713.0
2015-06-30,570.0,572.0,560.0,572.0,0.0,7760,4388341.0
2015-06-29,552.0,583.0,557.0,570.0,0.0,9337,5298191.0
2015-06-28,527.0,557.0,537.0,552.0,0.0,3293,1796975.0
2015-06-25,539.0,530.0,525.0,527.0,0.0,732,385510.0
2015-06-24,542.0,539.0,531.0,539.0,0.0,2003,1066698.0
2015-06-23,515.0,555.0,525.0,542.0,0.0,2206,1191221.0
2015-06-22,500.0,515.0,505.0,515.0,0.0,1500,765000.0
2015-06-21,512.0,503.0,500.0,500.0,0.0,376,188545.0
2015-06-17,511.0,515.0,507.0,512.0,0.0,1079,551873.0
2015-06-16,515.0,511.0,510.0,511.0,0.0,5511,2815900.0
2015-06-15,510.0,515.0,510.0,515.0,0.0,119,61035.0
2015-06-14,515.0,515.0,500.0,510.0,0.0,1738,877575.0
2015-06-11,525.0,516.0,506.0,515.0,0.0,1237,637048.0
2015-06-10,545.0,535.0,525.0,525.0,0.0,180,95400.0
2015-06-09,535.0,577.0,545.0,545.0,0.0,1026,573702.0
2015-06-08,540.0,540.0,535.0,535.0,0.0,489,262685.0
2015-06-07,520.0,545.0,525.0,540.0,0.0,3116,1678789.0
2015-06-04,525.0,546.0,518.0,520.0,0.0,6866,3672627.0
2015-06-03,484.0,532.0,490.0,525.0,0.0,10121,5302167.0
2015-06-02,490.0,489.0,442.0,484.0,0.0,4140,1976189.0
2015-06-01,509.0,499.0,490.0,490.0,0.0,27,13383.0
2015-04-23,520.0,510.0,506.0,509.0,0.0,344,175244.0
2015-04-22,529.0,520.0,502.0,520.0,0.0,1879,950321.0
2015-04-21,539.0,529.0,529.0,529.0,0.0,500,264500.0
2015-04-20,540.0,539.0,539.0,539.0,0.0,169,91091.0
2015-04-16,539.0,540.0,540.0,540.0,0.0,95,51300.0
2015-04-15,539.0,539.0,539.0,539.0,0.0,30,16170.0
2015-04-13,540.0,539.0,538.0,539.0,0.0,537,289406.0
2015-04-12,531.0,541.0,540.0,540.0,0.0,28,15134.0
2015-04-09,521.0,531.0,525.0,531.0,0.0,888,468580.0
2015-04-08,527.0,521.0,521.0,521.0,0.0,240,125040.0
2015-04-07,530.0,528.0,511.0,527.0,0.0,7665,3981668.0
2015-04-06,511.0,530.0,515.0,530.0,0.0,1435,752649.0
2015-04-05,522.0,522.0,505.0,511.0,0.0,2167,1115639.0
2015-04-02,533.0,530.0,519.0,522.0,0.0,1782,932456.0
2015-04-01,559.0,548.0,533.0,533.0,0.0,265,142950.0
2015-03-31,549.0,559.0,557.0,559.0,0.0,24,13396.0
2015-03-30,523.0,549.0,533.0,549.0,0.0,153,82403.0
2015-03-29,525.0,525.0,523.0,523.0,0.0,673,352343.0
2015-03-26,522.0,525.0,522.0,525.0,0.0,286,149859.0
2015-03-25,522.0,525.0,520.0,522.0,0.0,931,485790.0
2015-03-24,529.0,522.0,520.0,522.0,0.0,785,408860.0
2015-03-23,541.0,537.0,529.0,529.0,0.0,1146,610227.0
2015-03-22,550.0,545.0,539.0,541.0,0.0,1920,1038011.0
2015-03-19,540.0,550.0,530.0,550.0,0.0,1099,589450.0
2015-03-18,545.0,542.0,535.0,540.0,0.0,914,491052.0
2015-03-17,535.0,545.0,535.0,545.0,0.0,599,321555.0
2015-03-16,545.0,545.0,535.0,535.0,0.0,535,286729.0
2015-03-15,558.0,548.0,545.0,545.0,0.0,1153,629352.0
2015-03-11,564.0,560.0,554.0,558.0,0.0,1068,593218.0
2015-03-10,563.0,564.0,564.0,564.0,0.0,74,41736.0
2015-03-09,560.0,571.0,551.0,563.0,0.0,4324,2416414.0
2015-03-04,583.0,572.0,550.0,560.0,0.0,2064,1150891.0
2015-03-03,582.0,585.0,583.0,583.0,0.0,413,241234.0
2015-03-02,560.0,582.0,571.0,582.0,0.0,28,16142.0
2015-03-01,562.0,560.0,552.0,560.0,0.0,649,362134.0
2015-02-26,543.0,562.0,541.0,562.0,0.0,873,475860.0
2015-02-25,551.0,548.0,542.0,543.0,0.0,1139,620194.0
2015-02-24,554.0,554.0,543.0,551.0,0.0,991,544432.0
2015-02-23,555.0,554.0,547.0,554.0,0.0,2077,1142244.0
2015-02-22,559.0,555.0,545.0,555.0,0.0,2343,1288864.0
2015-02-18,561.0,568.0,551.0,559.0,0.0,550,307332.0
2015-02-16,567.0,575.0,560.0,561.0,0.0,3422,1918650.0
2015-02-15,559.0,575.0,560.0,567.0,0.0,5495,3098443.0
2015-02-12,559.0,561.0,555.0,559.0,0.0,7753,4319800.0
2015-02-11,560.0,565.0,554.0,559.0,0.0,2226,1250841.0
2015-02-10,560.0,571.0,556.0,560.0,0.0,3052,1708741.0
2015-02-09,557.0,565.0,546.0,560.0,0.0,7086,3949102.0
2015-02-08,560.0,560.0,555.0,557.0,0.0,1863,1036808.0
2015-02-05,556.0,565.0,546.0,560.0,0.0,3199,1791229.0
2015-02-04,560.0,565.0,550.0,556.0,0.0,771,430412.0
2015-02-03,565.0,566.0,554.0,560.0,0.0,4992,2795426.0
2015-02-02,552.0,568.0,552.0,565.0,0.0,3258,1812604.0
2015-02-01,562.0,569.0,552.0,552.0,0.0,5532,3074758.0
2015-01-29,565.0,576.0,560.0,562.0,0.0,3666,2068294.0
2015-01-28,565.0,568.0,565.0,565.0,0.0,813,459915.0
2015-01-27,570.0,566.0,565.0,565.0,0.0,1460,825460.0
2015-01-26,578.0,581.0,570.0,570.0,0.0,1499,864974.0
2015-01-25,560.0,578.0,560.0,578.0,0.0,1568,889523.0
2015-01-22,560.0,570.0,559.0,560.0,0.0,6551,3671543.0
2015-01-20,580.0,581.0,560.0,560.0,0.0,6223,3542782.0
2015-01-19,580.0,610.0,573.0,580.0,0.0,7065,4144236.0
2015-01-18,570.0,585.0,574.0,580.0,0.0,7500,4333967.0
2015-01-14,568.0,595.0,568.0,570.0,0.0,9832,5687620.0
2015-01-13,550.0,573.0,550.0,568.0,0.0,8140,4565364.0
2015-01-12,558.0,560.0,545.0,550.0,0.0,5703,3132746.0
2015-01-11,550.0,567.0,550.0,558.0,0.0,2718,1512556.0
2015-01-08,541.0,558.0,531.0,550.0,0.0,2947,1624744.0
2015-01-07,543.0,553.0,540.0,541.0,0.0,1682,918085.0
2015-01-06,547.0,547.0,541.0,543.0,0.0,1242,674996.0
2015-01-05,549.0,570.0,545.0,547.0,0.0,12945,7218518.0
2015-01-04,536.0,549.0,534.0,549.0,0.0,10481,5685943.0
2015-01-01,530.0,546.0,532.0,536.0,0.0,4919,2643828.0
2014-12-31,535.0,533.0,517.0,530.0,0.0,4759,2493297.0
2014-12-29,545.0,535.0,523.0,535.0,0.0,1957,1030124.0
2014-12-28,533.0,545.0,535.0,545.0,0.0,73,39524.0
2014-12-24,524.0,534.0,524.0,533.0,0.0,898,475814.0
2014-12-23,526.0,524.0,512.0,524.0,0.0,922,474960.0
2014-12-22,535.0,526.0,526.0,526.0,0.0,192,100992.0
2014-12-21,544.0,545.0,535.0,535.0,0.0,167,89645.0
2014-12-18,539.0,544.0,536.0,544.0,0.0,1157,622980.0
2014-12-17,555.0,545.0,536.0,539.0,0.0,1400,755600.0
2014-12-16,558.0,555.0,548.0,555.0,0.0,514,281770.0
2014-12-15,569.0,580.0,540.0,558.0,0.0,1492,828682.0
2014-12-14,540.0,569.0,539.0,569.0,0.0,2904,1600854.0
2014-12-11,525.0,540.0,520.0,540.0,0.0,3008,1589480.0
2014-12-10,525.0,535.0,523.0,525.0,0.0,3142,1651164.0
2014-12-09,525.0,532.0,522.0,525.0,0.0,1732,908461.0
2014-12-08,528.0,535.0,525.0,525.0,0.0,1104,582942.0
2014-12-07,530.0,531.0,520.0,528.0,0.0,2000,1055587.0
2014-12-04,542.0,552.0,525.0,530.0,0.0,5431,2885600.0
2014-12-03,521.0,542.0,529.0,542.0,0.0,4543,2412107.0
2014-12-02,526.0,521.0,510.0,521.0,0.0,2276,1172470.0
2014-12-01,532.0,540.0,526.0,526.0,0.0,3785,2007422.0
2014-11-30,530.0,535.0,529.0,532.0,0.0,1089,579190.0
2014-11-25,540.0,530.0,530.0,530.0,0.0,50,26500.0
2014-11-24,546.0,540.0,540.0,540.0,0.0,490,264600.0
2014-11-23,558.0,584.0,545.0,546.0,0.0,9565,5349664.0
2014-11-20,549.0,561.0,539.0,558.0,0.0,1584,878268.0
2014-11-19,517.0,550.0,500.0,549.0,0.0,4187,2166118.0
2014-11-18,513.0,553.0,493.0,517.0,0.0,6437,3402333.0
2014-11-17,550.0,540.0,500.0,513.0,0.0,726,376344.0
2014-11-16,564.0,560.0,545.0,550.0,0.0,3302,1818822.0
2014-11-13,563.0,575.0,562.0,564.0,0.0,955,540974.0
2014-11-12,568.0,575.0,559.0,563.0,0.0,898,505813.0
2014-11-11,566.0,570.0,560.0,568.0,0.0,1492,843642.0
2014-11-10,583.0,572.0,555.0,566.0,0.0,3776,2127475.0
2014-11-09,595.0,604.0,583.0,583.0,0.0,1207,717140.0
2014-11-06,585.0,595.0,574.0,595.0,0.0,1006,585123.0
2014-11-05,565.0,596.0,575.0,585.0,0.0,3989,2341384.0
2014-11-04,580.0,592.0,559.0,565.0,0.0,4904,2782556.0
2014-11-03,591.0,585.0,575.0,580.0,0.0,1682,975517.0
2014-11-02,603.0,600.0,590.0,591.0,0.0,2656,1568725.0
2014-10-30,606.0,610.0,595.0,603.0,0.0,3872,2328220.0
2014-10-28,608.0,620.0,606.0,606.0,0.0,11521,7028435.0
2014-10-27,620.0,634.0,601.0,608.0,0.0,5519,3390428.0
2014-10-26,609.0,621.0,606.0,620.0,0.0,7823,4815472.0
2014-10-22,572.0,609.0,570.0,609.0,0.0,6411,3821036.0
2014-10-21,580.0,591.0,558.0,572.0,0.0,855,487661.0
2014-10-20,575.0,580.0,552.0,580.0,0.0,967,542708.0
2014-10-19,569.0,575.0,555.0,575.0,0.0,2844,1616585.0
2014-10-16,572.0,576.0,556.0,569.0,0.0,6911,3906896.0
2014-10-15,546.0,574.0,542.0,572.0,0.0,4414,2469908.0
2014-10-14,550.0,552.0,546.0,546.0,0.0,938,515106.0
2014-10-13,540.0,550.0,530.0,550.0,0.0,2443,1322416.0
2014-10-12,530.0,540.0,526.0,540.0,0.0,120,64007.0
2014-10-09,529.0,540.0,519.0,530.0,0.0,808,432744.0
2014-10-08,555.0,545.0,528.0,529.0,0.0,628,334554.0
2014-09-30,590.0,600.0,553.0,555.0,0.0,1678,941669.0
2014-09-29,569.0,599.0,559.0,590.0,0.0,11485,6550624.0
2014-09-28,520.0,569.0,512.0,569.0,0.0,4848,2607683.0
2014-09-24,500.0,534.0,502.0,520.0,0.0,1705,886649.0
2014-09-23,488.0,515.0,497.0,500.0,0.0,2726,1369660.0
2014-09-22,477.0,488.0,470.0,488.0,0.0,1749,828017.0
2014-09-21,492.0,485.0,477.0,477.0,0.0,1703,820993.0
2014-09-18,490.0,492.0,482.0,492.0,0.0,1021,496105.0
2014-09-17,493.0,490.0,486.0,490.0,0.0,83,40458.0
2014-09-16,484.0,493.0,475.0,493.0,0.0,1138,549051.0
2014-09-15,495.0,490.0,475.0,484.0,0.0,856,409926.0
2014-09-14,513.0,503.0,485.0,495.0,0.0,930,453860.0
2014-09-11,495.0,513.0,486.0,513.0,0.0,2912,1445373.0
2014-09-10,500.0,520.0,485.0,495.0,0.0,6117,3079161.0
2014-09-09,460.0,506.0,469.0,500.0,0.0,5481,2675096.0
2014-09-07,501.0,505.0,451.0,460.0,0.0,3730,1713881.0
2014-09-04,525.0,530.0,496.0,501.0,0.0,4046,2048028.0
2014-09-03,520.0,540.0,525.0,525.0,0.0,2862,1526434.0
2014-09-01,546.0,536.0,506.0,520.0,0.0,1425,740860.0
2014-08-31,558.0,579.0,546.0,546.0,0.0,4279,2425038.0
2014-08-28,508.0,558.0,518.0,558.0,0.0,10795,5944461.0
2014-08-27,462.0,508.0,471.0,508.0,0.0,1559,788000.0
2014-08-26,459.0,504.0,451.0,462.0,0.0,10848,5143139.0
2014-08-25,505.0,495.0,455.0,459.0,0.0,6148,2836901.0
2014-08-24,560.0,549.0,505.0,505.0,0.0,4545,2347157.0
2014-08-20,588.0,590.0,560.0,560.0,0.0,302,174372.0
2014-08-19,585.0,605.0,588.0,588.0,0.0,1656,989911.0
2014-08-18,620.0,608.0,585.0,585.0,0.0,170,100435.0
2014-08-14,604.0,620.0,591.0,620.0,0.0,1611,981647.0
2014-08-13,595.0,612.0,571.0,604.0,0.0,10353,6194806.0
2014-08-12,620.0,609.0,595.0,595.0,0.0,1568,938726.0
2014-08-07,615.0,620.0,598.0,620.0,0.0,2684,1622994.0
2014-08-06,615.0,620.0,610.0,615.0,0.0,3872,2381493.0
2014-08-05,600.0,630.0,610.0,615.0,0.0,3165,1975963.0
2014-08-04,630.0,620.0,593.0,600.0,0.0,1912,1150106.0
2014-08-03,637.0,630.0,620.0,630.0,0.0,1965,1224884.0
2014-07-31,633.0,638.0,626.0,637.0,0.0,5611,3544398.0
2014-07-30,650.0,640.0,630.0,633.0,0.0,2745,1738798.0
2014-07-28,646.0,651.0,635.0,650.0,0.0,1491,967800.0
2014-07-27,660.0,655.0,643.0,646.0,0.0,2134,1381322.0
2014-07-24,676.0,675.0,651.0,660.0,0.0,2442,1618316.0
2014-07-23,670.0,678.0,644.0,676.0,0.0,4851,3234538.0
2014-07-22,679.0,680.0,658.0,670.0,0.0,6284,4206329.0
2014-07-21,660.0,691.0,660.0,679.0,0.0,25344,17113892.0
2014-07-20,661.0,674.0,650.0,660.0,0.0,5334,3505152.0
2014-07-17,650.0,661.0,640.0,661.0,0.0,6880,4472016.0
2014-07-16,654.0,665.0,635.0,650.0,0.0,8937,5867501.0
2014-07-15,630.0,654.0,630.0,654.0,0.0,9146,5860842.0
2014-07-14,645.0,645.0,623.0,630.0,0.0,2827,1788637.0
2014-07-13,643.0,660.0,639.0,645.0,0.0,4012,2593892.0
2014-07-10,660.0,648.0,625.0,643.0,0.0,28038,17669892.0
2014-07-09,670.0,668.0,641.0,660.0,0.0,9889,6467951.0
2014-07-08,655.0,690.0,655.0,670.0,0.0,18657,12497324.0
2014-07-07,645.0,675.0,650.0,655.0,0.0,18489,12313493.0
2014-07-06,610.0,645.0,605.0,645.0,0.0,41145,25701848.0
2014-07-03,631.0,635.0,609.0,610.0,0.0,8059,4981231.0
2014-07-02,627.0,661.0,629.0,631.0,0.0,33063,21180904.0
2014-07-01,596.0,645.0,596.0,627.0,0.0,24794,15403893.0
2014-06-30,584.0,604.0,555.0,596.0,0.0,26385,15237299.0
2014-06-29,587.0,598.0,576.0,584.0,0.0,27022,15845956.0
2014-06-26,564.0,587.0,560.0,587.0,0.0,12871,7300303.0
2014-06-25,548.0,564.0,530.0,564.0,0.0,7713,4135331.0
2014-06-24,550.0,550.0,540.0,548.0,0.0,3159,1727918.0
2014-06-23,550.0,550.0,520.0,550.0,0.0,8799,4695696.0
2014-06-19,562.0,565.0,545.0,550.0,0.0,5796,3210726.0
2014-06-18,550.0,571.0,551.0,562.0,0.0,5244,2922121.0
2014-06-17,545.0,577.0,535.0,550.0,0.0,18888,10314108.0
2014-06-16,545.0,546.0,526.0,545.0,0.0,4664,2506664.0
2014-06-15,513.0,545.0,506.0,545.0,0.0,8243,4261362.0
2014-06-12,510.0,513.0,498.0,513.0,0.0,4966,2493225.0
2014-06-11,504.0,510.0,500.0,510.0,0.0,2872,1437320.0
2014-06-10,509.0,511.0,501.0,504.0,0.0,4215,2139285.0
2014-06-09,501.0,509.0,500.0,509.0,0.0,2065,1043685.0
2014-06-08,516.0,520.0,500.0,501.0,0.0,2434,1247542.0
2014-06-05,530.0,525.0,516.0,516.0,0.0,1944,1014444.0
2014-06-04,520.0,530.0,510.0,530.0,0.0,1426,739138.0
2014-06-03,530.0,539.0,520.0,520.0,0.0,2570,1350891.0
2014-06-02,535.0,547.0,530.0,530.0,0.0,2190,1173885.0
2014-06-01,535.0,541.0,530.0,535.0,0.0,2315,1238990.0
2014-05-28,540.0,546.0,535.0,535.0,0.0,2264,1219381.0
2014-05-27,537.0,540.0,530.0,540.0,0.0,3308,1768613.0
2014-05-26,565.0,554.0,535.0,537.0,0.0,1870,1011606.0
2014-05-25,555.0,565.0,545.0,565.0,0.0,956,524782.0
2014-05-22,530.0,555.0,520.0,555.0,0.0,6842,3666425.0
2014-05-21,541.0,540.0,525.0,530.0,0.0,12241,6506763.0
2014-05-20,540.0,550.0,540.0,541.0,0.0,1810,978854.0
2014-05-19,555.0,551.0,536.0,540.0,0.0,4456,2410711.0
2014-05-18,570.0,568.0,553.0,555.0,0.0,2357,1317292.0
2014-05-15,589.0,578.0,564.0,570.0,0.0,5965,3396945.0
2014-05-13,567.0,589.0,570.0,589.0,0.0,11206,6479621.0
2014-05-12,558.0,567.0,547.0,567.0,0.0,22567,12488785.0
2014-05-11,544.0,560.0,534.0,558.0,0.0,9372,5182096.0
2014-05-08,575.0,565.0,544.0,544.0,0.0,9476,5235611.0
2014-05-07,587.0,607.0,575.0,575.0,0.0,7889,4651623.0
2014-05-06,601.0,590.0,541.0,587.0,0.0,14097,7821748.0
2014-05-05,635.0,683.0,584.0,601.0,0.0,24109,15631663.0
2014-05-04,593.0,635.0,588.0,635.0,0.0,28430,17276254.0
2014-04-30,563.0,596.0,552.0,593.0,0.0,54062,31236712.0
2014-04-29,512.0,563.0,515.0,563.0,0.0,41400,22519812.0
2014-04-28,500.0,524.0,495.0,512.0,0.0,28339,14498530.0
2014-04-27,480.0,501.0,465.0,500.0,0.0,9709,4706468.0
2014-04-23,466.0,490.0,475.0,480.0,0.0,16480,7879005.0
2014-04-22,455.0,466.0,450.0,466.0,0.0,13212,6073468.0
2014-04-21,450.0,459.0,450.0,455.0,0.0,4146,1876052.0
2014-04-20,466.0,470.0,450.0,450.0,0.0,2843,1300024.0
2014-04-17,460.0,470.0,448.0,466.0,0.0,10633,4888216.0
2014-04-16,472.0,470.0,455.0,460.0,0.0,25653,11756391.0
2014-04-15,472.0,480.0,466.0,472.0,0.0,10432,4924199.0
2014-04-13,465.0,480.0,465.0,472.0,0.0,13922,6590845.0
2014-04-10,430.0,473.0,436.0,465.0,0.0,22355,10388416.0
2014-04-09,426.0,435.0,421.0,430.0,0.0,1622,699192.0
2014-04-07,426.0,430.0,422.0,426.0,0.0,3009,1279182.0
2014-04-06,434.0,430.0,418.0,426.0,0.0,4503,1900903.0
2014-04-03,437.0,441.0,434.0,434.0,0.0,7438,3255545.0
2014-04-02,442.0,440.0,430.0,437.0,0.0,8238,3579891.0
2014-04-01,431.0,449.0,430.0,442.0,0.0,4905,2162894.0
2014-03-31,417.0,438.0,418.0,431.0,0.0,21005,8890957.0
2014-03-27,409.0,423.0,410.0,417.0,0.0,7188,2996712.0
2014-03-26,416.0,414.0,407.0,409.0,0.0,3391,1384245.0
2014-03-25,408.0,416.0,408.0,416.0,0.0,3713,1531050.0
2014-03-24,406.0,412.0,402.0,408.0,0.0,1975,800177.0
2014-03-23,400.0,406.0,392.0,406.0,0.0,2649,1059069.0
2014-03-20,395.0,405.0,393.0,405.0,0.0,5384,2147153.0
2014-03-19,400.0,405.0,395.0,395.0,0.0,6028,2402743.0
2014-03-18,406.0,410.0,394.0,400.0,0.0,354,141486.0
2014-03-17,414.0,406.0,406.0,406.0,0.0,35,14210.0
2014-03-13,401.0,418.0,399.0,414.0,0.0,1422,581119.0
2014-03-13,401.0,418.0,399.0,414.0,0.0,1422,581119.0
2014-03-12,400.0,405.0,398.0,401.0,0.0,4224,1694314.0
2014-03-11,410.0,415.0,400.0,400.0,0.0,2562,1032771.0
2014-03-10,415.0,415.0,401.0,410.0,0.0,3599,1472119.0
2014-03-09,435.0,427.0,406.0,415.0,0.0,5200,2138934.0
2014-03-06,450.0,445.0,432.0,435.0,0.0,2980,1300044.0
2014-03-05,440.0,450.0,431.0,450.0,0.0,2303,1007380.0
2014-03-04,430.0,440.0,418.0,440.0,0.0,4615,1960634.0
2014-03-03,455.0,446.0,420.0,430.0,0.0,9896,4245176.0
2014-02-26,455.0,464.0,446.0,455.0,0.0,1686,769322.0
2014-02-25,450.0,459.0,438.0,455.0,0.0,7124,3211252.0
2014-02-24,460.0,469.0,450.0,450.0,0.0,20603,9466464.0
2014-02-23,478.0,475.0,455.0,460.0,0.0,2414,1111590.0
2014-02-20,451.0,496.0,460.0,478.0,0.0,29992,14611612.0
2014-02-18,410.0,451.0,406.0,451.0,0.0,21628,9694424.0
2014-02-17,405.0,415.0,400.0,410.0,0.0,17323,7088716.0
2014-02-16,410.0,418.0,402.0,405.0,0.0,6688,2737818.0
2014-02-13,393.0,412.0,393.0,410.0,0.0,20972,8487981.0
2014-02-12,391.0,395.0,385.0,393.0,0.0,1800,701119.0
2014-02-11,398.0,391.0,384.0,391.0,0.0,5168,1999986.0
2014-02-10,385.0,398.0,392.0,398.0,0.0,1262,497464.0
2014-02-09,390.0,390.0,380.0,385.0,0.0,790,302975.0
2014-02-06,385.0,399.0,384.0,390.0,0.0,1116,431271.0
2014-02-04,373.0,385.0,360.0,385.0,0.0,955,360120.0
2014-02-03,388.0,381.0,373.0,373.0,0.0,1739,656739.0
2014-02-02,391.0,398.0,380.0,388.0,0.0,3539,1368945.0
2014-01-29,400.0,400.0,385.0,391.0,0.0,1532,598727.0
2014-01-28,399.0,406.0,390.0,400.0,0.0,3233,1280362.0
2014-01-27,415.0,413.0,392.0,399.0,0.0,1705,681563.0
2014-01-26,398.0,415.0,387.0,415.0,0.0,21787,8823255.0
2014-01-23,380.0,399.0,381.0,398.0,0.0,16524,6455671.0
2014-01-22,380.0,390.0,370.0,380.0,0.0,20222,7553459.0
2014-01-21,392.0,387.0,376.0,380.0,0.0,5599,2132543.0
2014-01-20,395.0,408.0,385.0,392.0,0.0,6523,2590279.0
2014-01-19,390.0,404.0,383.0,395.0,0.0,2254,896202.0
2014-01-16,373.0,394.0,376.0,390.0,0.0,2905,1124007.0
2014-01-14,361.0,379.0,361.0,373.0,0.0,4020,1491738.0
2014-01-13,357.0,368.0,358.0,361.0,0.0,3580,1288850.0
2014-01-12,340.0,357.0,340.0,357.0,0.0,2422,845152.0
2014-01-09,341.0,354.0,340.0,340.0,0.0,1816,628536.0
2014-01-08,320.0,341.0,320.0,341.0,0.0,1595,528824.0
2014-01-07,319.0,325.0,320.0,320.0,0.0,813,260870.0
2014-01-06,319.0,319.0,319.0,319.0,0.0,200,63800.0
2014-01-05,315.0,326.0,313.0,319.0,0.0,7134,2250814.0
2014-01-02,316.0,315.0,310.0,315.0,0.0,2031,637565.0
2014-01-01,319.0,316.0,307.0,316.0,0.0,1408,440195.0
2013-12-31,335.0,330.0,319.0,319.0,0.0,5107,1648577.0
2013-12-29,340.0,342.0,330.0,335.0,0.0,2880,964823.0
2013-12-26,336.0,345.0,330.0,340.0,0.0,5540,1887809.0
2013-12-24,352.0,345.0,333.0,336.0,0.0,1314,440650.0
2013-12-23,366.0,359.0,352.0,352.0,0.0,263,93556.0
2013-12-22,380.0,375.0,366.0,366.0,0.0,350,129950.0
2013-12-19,386.0,393.0,380.0,380.0,0.0,1306,499042.0
2013-12-18,372.0,386.0,379.0,386.0,0.0,210,80500.0
2013-12-16,351.0,372.0,358.0,372.0,0.0,2340,861510.0
2013-12-15,352.0,351.0,345.0,351.0,0.0,307,106767.0
2013-12-12,341.0,366.0,340.0,352.0,0.0,1013,351737.0
2013-12-11,352.0,351.0,341.0,341.0,0.0,2351,819025.0
2013-12-10,353.0,358.0,330.0,352.0,0.0,7225,2442700.0
2013-12-09,392.0,385.0,353.0,353.0,0.0,8477,3010933.0
2013-12-08,415.0,407.0,392.0,392.0,0.0,600,239360.0
2013-12-05,442.0,450.0,415.0,415.0,0.0,6815,2999057.0
2013-12-04,412.0,453.0,415.0,442.0,0.0,9756,4290002.0
2013-12-03,405.0,423.0,395.0,412.0,0.0,17777,7203783.0
2013-12-02,390.0,405.0,392.0,405.0,0.0,4148,1648446.0
2013-12-01,399.0,400.0,389.0,390.0,0.0,5928,2324805.0
2013-11-28,385.0,400.0,379.0,399.0,0.0,14359,5636570.0
2013-11-27,372.0,409.0,379.0,385.0,0.0,9994,3989530.0
2013-11-26,339.0,372.0,345.0,372.0,0.0,8832,3273764.0
2013-11-25,315.0,339.0,321.0,339.0,0.0,20991,6992673.0
2013-11-24,287.0,315.0,292.0,315.0,0.0,5951,1867540.0
2013-11-21,272.0,287.0,277.0,287.0,0.0,70,19840.0
2013-11-14,265.0,279.0,265.0,272.0,0.0,3855,1050180.0
2013-11-13,249.0,273.0,253.0,265.0,0.0,2446,653763.0
2013-11-12,245.0,249.0,249.0,249.0,0.0,181,45069.0
2013-11-07,241.0,245.0,245.0,245.0,0.0,90,22050.0
2013-10-31,248.0,245.0,241.0,241.0,0.0,418,101818.0
2013-10-30,245.0,248.0,243.0,248.0,0.0,1563,383793.0
2013-10-28,245.0,246.0,242.0,245.0,0.0,1294,315753.0
2013-10-27,249.0,246.0,245.0,245.0,0.0,1344,330224.0
2013-10-24,245.0,249.0,243.0,249.0,0.0,2122,521353.0
2013-10-23,224.0,245.0,228.0,245.0,0.0,4808,1142066.0
2013-10-22,223.0,224.0,216.0,224.0,0.0,529,116915.0
2013-10-17,264.0,260.0,260.0,260.0,0.0,74,19240.0
2013-10-10,253.0,264.0,249.0,264.0,0.0,6592,1690348.0
2013-10-09,247.0,253.0,243.0,253.0,0.0,8306,2067090.0
2013-10-08,244.0,252.0,243.0,247.0,0.0,5758,1433532.0
2013-10-07,236.0,246.0,240.0,244.0,0.0,4288,1040067.0
2013-10-06,242.0,241.0,236.0,236.0,0.0,5260,1256421.0
2013-10-03,242.0,243.0,230.0,242.0,0.0,8398,1990917.0
2013-10-02,230.0,242.0,227.0,242.0,0.0,660,155620.0
2013-10-01,230.0,234.0,230.0,230.0,0.0,6332,1461580.0
2013-09-30,230.0,231.0,228.0,230.0,0.0,1146,263654.0
2013-09-29,230.0,237.0,223.0,230.0,0.0,1388,318173.0
2013-09-26,235.0,235.0,230.0,230.0,0.0,2701,627429.0
2013-09-25,240.0,238.0,231.0,235.0,0.0,7809,1830715.0
2013-09-24,244.0,240.0,237.0,240.0,0.0,795,189978.0
2013-09-23,241.0,244.0,234.0,244.0,0.0,2226,534489.0
2013-09-22,245.0,245.0,233.0,241.0,0.0,3828,920096.0
2013-09-19,246.0,260.0,235.0,245.0,0.0,13950,3444684.0
2013-09-17,224.0,246.0,220.0,246.0,0.0,7702,1852595.0
2013-09-16,204.0,224.0,203.0,224.0,0.0,5737,1231821.0
2013-09-15,207.0,207.0,201.0,204.0,0.0,3020,614885.0
2013-09-12,204.0,208.0,203.0,207.0,0.0,1660,341206.0
2013-09-11,202.0,204.0,200.0,204.0,0.0,2230,448324.0
2013-09-10,200.0,202.0,199.0,202.0,0.0,1475,295906.0
2013-09-09,200.0,201.0,198.0,200.0,0.0,2242,448469.0
2013-09-08,196.0,201.0,193.0,200.0,0.0,1247,244886.0
2013-09-05,196.0,198.0,193.0,196.0,0.0,2243,440983.0
2013-09-04,198.0,201.0,196.0,196.0,0.0,3239,646649.0
2013-09-03,196.0,198.0,193.0,198.0,0.0,2135,414556.0
2013-09-02,204.0,200.0,196.0,196.0,0.0,1561,307640.0
2013-09-01,208.0,209.0,204.0,204.0,0.0,1167,241235.0
2013-08-29,212.0,210.0,205.0,208.0,0.0,1662,343474.0
2013-08-27,202.0,213.0,199.0,212.0,0.0,4040,838609.0
2013-08-26,206.0,205.0,199.0,202.0,0.0,4287,868234.0
2013-08-25,210.0,208.0,201.0,206.0,0.0,3665,748646.0
2013-08-20,207.0,214.0,205.0,210.0,0.0,4794,1000796.0
2013-08-19,213.0,215.0,199.0,207.0,0.0,16458,3409014.0
2013-08-18,194.0,213.0,197.0,213.0,0.0,14260,2913817.0
2013-08-15,203.0,201.0,193.0,194.0,0.0,5720,1128277.0
2013-08-14,195.0,212.0,197.0,203.0,0.0,12433,2580953.0
2013-08-13,192.0,206.0,190.0,195.0,0.0,14383,2861142.0
2013-08-12,178.0,193.0,178.0,192.0,0.0,8236,1533043.0
2013-08-11,177.0,179.0,174.0,178.0,0.0,2900,512770.0
2013-08-08,174.0,178.0,175.0,177.0,0.0,2530,447050.0
2013-08-07,165.0,174.0,165.0,174.0,0.0,300,51230.0
2013-08-06,163.0,165.0,165.0,165.0,0.0,530,87450.0
2013-08-05,165.0,165.0,162.0,163.0,0.0,550,89630.0
2013-08-04,171.0,171.0,165.0,165.0,0.0,740,124950.0
2013-08-01,177.0,175.0,171.0,171.0,0.0,1090,188600.0
2013-07-31,180.0,184.0,176.0,177.0,0.0,2800,500960.0
2013-07-30,180.0,182.0,175.0,180.0,0.0,4990,889000.0
2013-07-29,168.0,184.0,171.0,180.0,0.0,12050,2145280.0
2013-07-28,153.0,168.0,156.0,168.0,0.0,8000,1334310.0
2013-07-25,151.0,154.0,150.0,153.0,0.0,660,101130.0
2013-07-24,160.0,159.0,151.0,151.0,0.0,1040,162110.0
2013-07-23,148.0,160.0,150.0,160.0,0.0,1050,162120.0
2013-07-22,150.0,151.0,145.0,148.0,0.0,1960,294120.0
2013-07-18,150.0,153.0,150.0,150.0,0.0,790,118680.0
2013-07-17,150.0,150.0,148.0,150.0,0.0,1450,217400.0
2013-07-16,152.0,150.0,148.0,150.0,0.0,223,33224.0
2013-07-15,150.0,153.0,152.0,152.0,0.0,250,38050.0
2013-07-11,150.0,150.0,150.0,150.0,0.0,140,21000.0
2013-07-10,150.0,150.0,148.0,150.0,0.0,630,94100.0
2013-07-09,147.0,150.0,148.0,150.0,0.0,100,14840.0
2013-07-08,146.0,147.0,147.0,147.0,0.0,1250,183750.0
2013-07-07,146.0,147.0,146.0,146.0,0.0,300,43890.0
2013-07-04,149.0,148.0,145.0,146.0,0.0,950,139000.0
2013-07-03,152.0,149.0,149.0,149.0,0.0,180,26820.0
2013-07-02,153.0,152.0,152.0,152.0,0.0,200,30400.0
2013-06-30,150.0,153.0,153.0,153.0,0.0,250,38250.0
2013-06-27,150.0,150.0,148.0,150.0,0.0,2110,312600.0
2013-06-26,151.0,150.0,149.0,150.0,0.0,210,31490.0
2013-06-25,150.0,153.0,150.0,151.0,0.0,1010,152430.0
2013-06-24,159.0,156.0,150.0,150.0,0.0,1230,185310.0
2013-06-18,150.0,159.0,153.0,159.0,0.0,30,4680.0
2013-06-17,156.0,153.0,150.0,150.0,0.0,240,36600.0
2013-06-16,153.0,156.0,156.0,156.0,0.0,10,1560.0
2013-06-13,151.0,154.0,148.0,153.0,0.0,12510,1912740.0
2013-06-12,154.0,152.0,149.0,151.0,0.0,4990,744010.0
2013-06-11,154.0,154.0,154.0,154.0,0.0,150,23100.0
2013-06-10,154.0,154.0,154.0,154.0,0.0,300,46200.0
2013-06-09,151.0,160.0,154.0,154.0,0.0,210,32700.0
2013-06-06,154.0,151.0,151.0,151.0,0.0,50,7550.0
2013-06-04,156.0,157.0,153.0,154.0,0.0,3170,493570.0
2013-06-03,153.0,156.0,150.0,156.0,0.0,3130,472200.0
2013-06-02,155.0,154.0,151.0,153.0,0.0,1310,198730.0
2013-05-30,155.0,160.0,152.0,155.0,0.0,5610,876740.0
2013-05-28,153.0,156.0,150.0,155.0,0.0,1840,281410.0
2013-05-27,154.0,155.0,153.0,153.0,0.0,230,35250.0
2013-05-26,154.0,154.0,154.0,154.0,0.0,10,1540.0
2013-05-23,155.0,155.0,150.0,154.0,0.0,700,106120.0
2013-05-21,155.0,158.0,152.0,155.0,0.0,2260,351560.0
2013-05-20,155.0,155.0,155.0,155.0,0.0,500,77500.0
2013-05-19,151.0,155.0,154.0,155.0,0.0,180,27880.0
2013-05-16,138.0,151.0,140.0,151.0,0.0,3620,546100.0
2013-05-15,136.0,138.0,136.0,138.0,0.0,110,14980.0
2013-05-13,134.0,136.0,136.0,136.0,0.0,10,1360.0
2013-05-12,134.0,134.0,134.0,134.0,0.0,40,5360.0
2013-05-02,138.0,136.0,134.0,134.0,0.0,60,8080.0
2013-04-30,140.0,138.0,136.0,138.0,0.0,60,8260.0
2013-04-29,138.0,142.0,140.0,140.0,0.0,2640,370020.0
2013-04-25,134.0,138.0,136.0,138.0,0.0,30,4100.0
2013-04-23,141.0,134.0,134.0,134.0,0.0,10,1340.0
2013-04-17,141.0,141.0,141.0,141.0,0.0,240,33840.0
2013-04-16,141.0,143.0,141.0,141.0,0.0,130,18490.0
2013-04-09,143.0,141.0,141.0,141.0,0.0,170,23970.0
2013-04-07,145.0,143.0,143.0,143.0,0.0,250,35750.0
2013-04-04,147.0,148.0,142.0,145.0,0.0,14400,2103450.0
2013-04-03,145.0,147.0,142.0,147.0,0.0,9710,1415100.0
2013-04-02,146.0,145.0,142.0,145.0,0.0,6200,896710.0
2013-04-01,147.0,149.0,142.0,146.0,0.0,2870,419310.0
2013-03-31,150.0,150.0,145.0,147.0,0.0,5230,776940.0
2013-03-28,142.0,153.0,144.0,150.0,0.0,8760,1302880.0
2013-03-27,144.0,142.0,142.0,142.0,0.0,430,61060.0
2013-03-25,146.0,145.0,144.0,144.0,0.0,540,78220.0
2013-03-24,147.0,146.0,144.0,146.0,0.0,360,52180.0
2013-03-21,145.0,148.0,145.0,147.0,0.0,1760,257290.0
2013-03-20,147.0,146.0,144.0,145.0,0.0,1150,166220.0
2013-03-19,150.0,152.0,147.0,147.0,0.0,670,99160.0
2013-03-18,146.0,150.0,147.0,150.0,0.0,1100,164160.0
2013-03-17,146.0,149.0,146.0,146.0,0.0,970,143000.0
2013-03-14,149.0,151.0,146.0,146.0,0.0,910,134370.0
2013-03-13,147.0,151.0,149.0,149.0,0.0,3120,468160.0
2013-03-11,144.0,147.0,142.0,147.0,0.0,1170,169460.0
2013-03-07,143.0,145.0,144.0,144.0,0.0,170,24580.0
2013-03-06,143.0,145.0,143.0,143.0,0.0,770,111250.0
2013-03-05,145.0,143.0,143.0,143.0,0.0,70,10010.0
2013-03-04,143.0,145.0,143.0,145.0,0.0,330,47770.0
2013-03-03,145.0,143.0,143.0,143.0,0.0,50,7150.0
2013-02-28,144.0,145.0,145.0,145.0,0.0,50,7250.0
2013-02-27,147.0,147.0,142.0,144.0,0.0,1390,200870.0
2013-02-26,144.0,149.0,146.0,147.0,0.0,1390,204720.0
2013-02-25,144.0,144.0,142.0,144.0,0.0,160,22900.0
2013-02-24,145.0,144.0,144.0,144.0,0.0,140,20160.0
2013-02-21,148.0,150.0,145.0,145.0,0.0,1060,157980.0
2013-02-20,153.0,150.0,144.0,148.0,0.0,4150,612920.0
2013-02-19,160.0,158.0,153.0,153.0,0.0,2255,350990.0
2013-02-17,154.0,160.0,157.0,160.0,0.0,90,14160.0
2013-02-14,149.0,154.0,151.0,154.0,0.0,1060,161740.0
2013-02-13,150.0,150.0,147.0,149.0,0.0,420,62360.0
2013-02-12,139.0,150.0,141.0,150.0,0.0,890,127140.0
2013-02-10,141.0,144.0,139.0,139.0,0.0,490,69280.0
2013-02-07,142.0,144.0,140.0,141.0,0.0,1450,205380.0
2013-02-06,146.0,144.0,142.0,142.0,0.0,290,41600.0
2013-02-05,143.0,149.0,145.0,146.0,0.0,280,41200.0
2013-02-04,137.0,143.0,135.0,143.0,0.0,460,62980.0
2013-02-03,137.0,137.0,135.0,137.0,0.0,6380,861320.0
2013-01-31,138.0,137.0,136.0,137.0,0.0,290,39560.0
2013-01-30,140.0,138.0,138.0,138.0,0.0,20,2760.0
2013-01-28,138.0,140.0,140.0,140.0,0.0,810,113400.0
2013-01-27,138.0,138.0,138.0,138.0,0.0,30,4140.0
2013-01-24,138.0,138.0,138.0,138.0,0.0,530,73140.0
2013-01-23,144.0,144.0,138.0,138.0,0.0,4770,662680.0
2013-01-22,146.0,145.0,144.0,144.0,0.0,420,60550.0
2013-01-21,145.0,146.0,144.0,146.0,0.0,670,96560.0
2013-01-17,145.0,147.0,145.0,145.0,0.0,390,56750.0
2013-01-16,145.0,146.0,145.0,145.0,0.0,1100,159600.0
2013-01-15,151.0,148.0,145.0,145.0,0.0,1120,163040.0
2013-01-13,157.0,154.0,144.0,151.0,0.0,1540,225240.0
2013-01-10,151.0,157.0,150.0,157.0,0.0,860,131530.0
2013-01-09,146.0,160.0,148.0,151.0,0.0,1400,216110.0
2013-01-08,148.0,146.0,146.0,146.0,0.0,50,7300.0
2013-01-07,148.0,148.0,145.0,148.0,0.0,1610,234610.0
2013-01-06,149.0,149.0,148.0,148.0,0.0,1800,267430.0
2013-01-03,151.0,155.0,147.0,149.0,0.0,2260,341260.0
2013-01-02,152.0,152.0,149.0,151.0,0.0,390,58410.0
2013-01-01,153.0,152.0,151.0,152.0,0.0,740,112400.0
2012-12-31,156.0,153.0,150.0,153.0,0.0,370,56010.0
2012-12-27,154.0,158.0,154.0,156.0,0.0,2380,369390.0
2012-12-26,154.0,154.0,152.0,154.0,0.0,1730,266140.0
2012-12-24,153.0,154.0,148.0,154.0,0.0,4650,699510.0
2012-12-23,154.0,154.0,149.0,153.0,0.0,2710,409970.0
2012-12-20,155.0,154.0,150.0,154.0,0.0,2380,364300.0
2012-12-19,150.0,155.0,152.0,155.0,0.0,1100,169360.0
2012-12-18,153.0,150.0,146.0,150.0,0.0,420,62600.0
2012-12-17,155.0,156.0,153.0,153.0,0.0,2240,344850.0
2012-12-16,151.0,155.0,150.0,155.0,0.0,2490,375720.0
2012-12-13,149.0,151.0,150.0,151.0,0.0,210,31590.0
2012-12-12,150.0,150.0,148.0,149.0,0.0,690,102620.0
2012-12-11,150.0,153.0,146.0,150.0,0.0,730,108040.0
2012-12-10,153.0,153.0,150.0,150.0,0.0,620,93630.0
2012-12-09,153.0,153.0,150.0,153.0,0.0,500,75580.0
2012-12-06,156.0,156.0,149.0,153.0,0.0,3030,461250.0
2012-12-05,154.0,157.0,152.0,156.0,0.0,4120,635250.0
2012-12-04,156.0,154.0,154.0,154.0,0.0,200,30800.0
2012-12-03,148.0,156.0,148.0,156.0,0.0,1160,172180.0
2012-12-02,147.0,149.0,148.0,148.0,0.0,40,5950.0
2012-11-29,151.0,150.0,147.0,147.0,0.0,820,121660.0
2012-11-28,158.0,155.0,151.0,151.0,0.0,1100,167460.0
2012-11-27,161.0,158.0,158.0,158.0,0.0,30,4740.0
2012-11-26,164.0,161.0,160.0,161.0,0.0,1620,259570.0
2012-11-22,165.0,164.0,160.0,164.0,0.0,870,139960.0
2012-11-21,162.0,165.0,160.0,165.0,0.0,1830,293760.0
2012-11-20,162.0,165.0,160.0,162.0,0.0,3240,521270.0
2012-11-18,165.0,168.0,160.0,162.0,0.0,3720,608230.0
2012-11-12,170.0,167.0,159.0,165.0,0.0,630,103210.0
2012-11-11,170.0,170.0,161.0,170.0,0.0,1730,283970.0
2012-11-08,175.0,175.0,167.0,170.0,0.0,5110,871920.0
2012-11-07,182.0,180.0,170.0,175.0,0.0,3360,578760.0
2012-11-06,185.0,182.0,176.0,182.0,0.0,230,41140.0
2012-11-05,182.0,185.0,181.0,185.0,0.0,1140,209200.0
2012-11-04,185.0,182.0,177.0,182.0,0.0,110,19840.0
2012-11-01,183.0,185.0,175.0,185.0,0.0,2480,439750.0
2012-10-31,180.0,183.0,177.0,183.0,0.0,360,64130.0
2012-10-30,179.0,180.0,180.0,180.0,0.0,270,48600.0
2012-10-18,172.0,179.0,174.0,179.0,0.0,1950,343390.0
2012-10-17,171.0,172.0,168.0,172.0,0.0,900,153930.0
2012-10-15,168.0,173.0,165.0,171.0,0.0,3300,560950.0
2012-10-14,165.0,170.0,163.0,168.0,0.0,6040,1014640.0
2012-10-11,173.0,170.0,165.0,165.0,0.0,3610,604190.0
2012-10-10,170.0,173.0,164.0,173.0,0.0,3150,521380.0
2012-10-09,176.0,176.0,170.0,170.0,0.0,9610,1655920.0
2012-10-08,182.0,185.0,173.0,176.0,0.0,8920,1579810.0
2012-10-07,170.0,187.0,167.0,182.0,0.0,26350,4852510.0
2012-10-04,155.0,170.0,155.0,170.0,0.0,15930,2623070.0
2012-10-03,148.0,158.0,142.0,155.0,0.0,12220,1856100.0
2012-10-02,145.0,148.0,143.0,148.0,0.0,3570,519500.0
2012-10-01,147.0,151.0,142.0,145.0,0.0,4350,631910.0
2012-10-01,147.0,151.0,142.0,145.0,0.0,4350,631910.0
2012-09-30,140.0,147.0,138.0,147.0,0.0,8815,1249610.0
2012-09-26,135.0,138.0,134.0,138.0,0.0,2900,393810.0
2012-09-25,137.0,136.0,134.0,135.0,0.0,990,133280.0
2012-09-24,138.0,140.0,136.0,137.0,0.0,1660,227820.0
2012-09-23,139.0,141.0,137.0,138.0,0.0,5750,796570.0
2012-09-20,139.0,141.0,135.0,139.0,0.0,5420,749470.0
2012-09-19,140.0,140.0,138.0,139.0,0.0,5710,791200.0
2012-09-18,139.0,144.0,136.0,140.0,0.0,7930,1105900.0
2012-09-17,135.0,139.0,134.0,139.0,0.0,1120,152910.0
2012-09-16,135.0,137.0,133.0,135.0,0.0,4390,591590.0
2012-09-13,134.0,137.0,133.0,135.0,0.0,7160,960670.0
2012-09-12,135.0,136.0,132.0,134.0,0.0,3170,424680.0
2012-09-11,136.0,137.0,131.0,135.0,0.0,4600,617270.0
2012-09-10,138.0,136.0,133.0,136.0,0.0,2510,338290.0
2012-09-09,139.0,140.0,135.0,138.0,0.0,6420,882110.0
2012-09-06,135.0,143.0,132.0,139.0,0.0,24525,3347830.0
2012-09-05,129.0,135.0,128.0,135.0,0.0,14360,1910740.0
2012-09-04,128.0,132.0,123.0,129.0,0.0,1550,197750.0
2012-09-03,130.0,129.0,126.0,128.0,0.0,6190,790460.0
2012-09-02,132.0,136.0,130.0,130.0,0.0,3475,462280.0
2012-08-30,140.0,141.0,130.0,132.0,0.0,11440,1528130.0
2012-08-29,130.0,140.0,126.0,140.0,0.0,9570,1305120.0
2012-08-28,119.0,130.0,115.0,130.0,0.0,6930,878890.0
2012-08-27,114.0,119.0,112.0,119.0,0.0,3450,401370.0
2012-08-26,116.0,115.0,113.0,114.0,0.0,2480,282960.0
2012-08-23,114.0,116.0,113.0,116.0,0.0,1020,116080.0
2012-08-22,111.0,116.0,109.0,114.0,0.0,4180,479970.0
2012-08-21,112.0,112.0,109.0,111.0,0.0,2070,228320.0
2012-08-19,113.0,113.0,109.0,112.0,0.0,1770,196930.0
2012-08-16,110.0,115.0,107.0,113.0,0.0,5150,583750.0
2012-08-15,108.0,112.0,108.0,110.0,0.0,4420,488050.0
2012-08-14,107.0,108.0,107.0,108.0,0.0,2170,233290.0
2012-08-13,108.0,109.0,106.0,107.0,0.0,3150,339190.0
2012-08-12,111.0,109.0,107.0,108.0,0.0,1300,140340.0
2012-08-08,106.0,111.0,105.0,111.0,0.0,3710,399520.0
2012-08-07,108.0,108.0,105.0,106.0,0.0,3220,342800.0
2012-08-06,106.0,108.0,102.0,108.0,0.0,2060,216440.0
2012-08-05,104.0,106.0,104.0,106.0,0.0,410,43140.0
2012-08-01,107.0,106.0,104.0,104.0,0.0,9010,946970.0
2012-07-31,105.0,107.0,105.0,107.0,0.0,3220,341240.0
2012-07-30,103.0,105.0,105.0,105.0,0.0,760,79800.0
2012-07-29,106.0,106.0,101.0,103.0,0.0,2420,249810.0
2012-07-26,105.0,106.0,104.0,106.0,0.0,3040,320080.0
2012-07-25,102.0,106.0,104.0,105.0,0.0,2560,268840.0
2012-07-24,107.0,107.0,102.0,102.0,0.0,1570,165560.0
2012-07-23,110.0,112.0,107.0,107.0,0.0,2100,229530.0
2012-07-22,107.0,113.0,108.0,110.0,0.0,2900,316880.0
2012-07-19,98.0,107.0,97.0,107.0,0.0,2990,303050.0
2012-07-18,98.0,102.0,97.0,98.0,0.0,3790,371120.0
2012-07-17,106.0,104.0,98.0,98.0,0.0,830,84300.0
2012-07-15,98.0,106.0,99.0,106.0,0.0,300,31230.0
2012-07-12,97.0,100.0,96.0,98.0,0.0,1640,161990.0
2012-07-11,97.0,97.0,96.0,97.0,0.0,100,9670.0
2012-07-10,95.0,98.0,96.0,97.0,0.0,810,78400.0
2012-07-09,95.0,95.0,95.0,95.0,0.0,200,19000.0
2012-07-08,97.0,97.0,95.0,95.0,0.0,1510,144900.0
2012-07-05,95.0,97.0,96.0,97.0,0.0,580,55750.0
2012-07-04,94.0,95.0,94.0,95.0,0.0,3920,369400.0
2012-07-03,95.0,94.0,92.0,94.0,0.0,190,17730.0
2012-07-02,94.0,95.0,93.0,95.0,0.0,1650,155540.0
2012-07-01,96.0,95.0,94.0,94.0,0.0,710,67020.0
2012-06-27,95.0,96.0,95.0,96.0,0.0,200,19100.0
2012-06-26,95.0,95.0,94.0,95.0,0.0,1690,159050.0
2012-06-25,94.0,96.0,93.0,95.0,0.0,4740,441900.0
2012-06-21,95.0,94.0,94.0,94.0,0.0,20,1880.0
2012-06-20,92.0,95.0,92.0,95.0,0.0,670,62390.0
2012-06-19,93.0,92.0,90.0,92.0,0.0,1870,171270.0
2012-06-18,93.0,94.0,93.0,93.0,0.0,920,85960.0
2012-06-17,91.0,93.0,92.0,93.0,0.0,130,12000.0
2012-06-14,93.0,94.0,91.0,91.0,0.0,4490,419510.0
2012-06-13,96.0,96.0,93.0,93.0,0.0,1010,96190.0
2012-06-12,97.0,99.0,94.0,96.0,0.0,2860,277500.0
2012-06-11,95.0,98.0,96.0,97.0,0.0,330,32240.0
2012-06-07,94.0,96.0,92.0,95.0,0.0,630,59520.0
2012-06-06,95.0,95.0,93.0,94.0,0.0,2790,262250.0
2012-06-05,98.0,98.0,95.0,95.0,0.0,2340,223720.0
2012-06-04,99.0,100.0,98.0,98.0,0.0,5280,527720.0
2012-06-03,94.0,100.0,95.0,99.0,0.0,90,8820.0
2012-05-31,92.0,94.0,91.0,94.0,0.0,3110,287120.0
2012-05-30,99.0,98.0,90.0,92.0,0.0,2770,253710.0
2012-05-29,109.0,107.0,99.0,99.0,0.0,280,28600.0
2012-05-27,106.0,109.0,104.0,109.0,0.0,570,60570.0
2012-05-24,104.0,106.0,102.0,106.0,0.0,750,78100.0
2012-05-23,110.0,108.0,104.0,104.0,0.0,260,27450.0
2012-05-22,110.0,110.0,110.0,110.0,0.0,400,44000.0
2012-05-21,110.0,112.0,105.0,110.0,0.0,2030,217550.0
2012-05-17,108.0,110.0,110.0,110.0,0.0,680,74800.0
2012-05-15,104.0,110.0,104.0,108.0,0.0,1020,110240.0
2012-05-14,106.0,104.0,104.0,104.0,0.0,80,8320.0
2012-05-13,108.0,106.0,106.0,106.0,0.0,50,5300.0
2012-05-10,115.0,113.0,107.0,108.0,0.0,3540,386650.0
2012-05-09,110.0,115.0,111.0,115.0,0.0,3810,430460.0
2012-05-07,106.0,110.0,108.0,110.0,0.0,300,32420.0
2012-05-03,104.0,106.0,106.0,106.0,0.0,910,96460.0
2012-05-02,110.0,108.0,104.0,104.0,0.0,40,4220.0
2012-04-30,121.0,119.0,110.0,110.0,0.0,1210,138020.0
2012-04-29,123.0,125.0,119.0,121.0,0.0,8630,1059070.0
2012-04-26,122.0,126.0,114.0,123.0,0.0,4871,585054.0
2012-04-25,116.0,122.0,118.0,122.0,0.0,330,39680.0
2012-04-24,108.0,116.0,110.0,116.0,0.0,2650,307280.0
2012-04-22,99.0,108.0,99.0,108.0,0.0,2630,276880.0
2012-04-19,102.0,106.0,98.0,99.0,0.0,1910,195460.0
2012-04-18,100.0,102.0,98.0,102.0,0.0,860,85450.0
2012-04-17,101.0,109.0,100.0,100.0,0.0,1820,187320.0
2012-04-15,94.0,101.0,95.0,101.0,0.0,830,82290.0
2012-04-12,89.0,95.0,89.0,94.0,0.0,640,59650.0
2012-04-11,87.0,90.0,88.0,89.0,0.0,1160,103440.0
2012-04-10,88.0,88.0,87.0,87.0,0.0,220,19320.0
2012-04-09,85.0,88.0,86.0,88.0,0.0,1450,125950.0
2012-04-08,85.0,86.0,85.0,85.0,0.0,460,39360.0
2012-04-05,86.0,86.0,85.0,85.0,0.0,1740,148970.0
2012-04-04,87.0,86.0,84.0,86.0,0.0,3980,340490.0
2012-04-02,86.0,88.0,85.0,87.0,0.0,3510,303280.0
2012-04-01,86.0,86.0,86.0,86.0,0.0,420,36120.0
2012-03-29,88.0,88.0,86.0,86.0,0.0,1060,92280.0
2012-03-28,88.0,88.0,88.0,88.0,0.0,1010,88880.0
2012-03-27,87.0,88.0,87.0,88.0,0.0,1890,166230.0
2012-03-26,87.0,88.0,84.0,87.0,0.0,1240,107660.0
2012-03-25,87.0,88.0,85.0,87.0,0.0,1990,172460.0
2012-03-21,86.0,87.0,86.0,87.0,0.0,390,33780.0
2012-03-20,86.0,87.0,86.0,86.0,0.0,1130,97730.0
2012-03-19,88.0,89.0,85.0,86.0,0.0,1330,115340.0
2012-03-18,89.0,91.0,88.0,88.0,0.0,2160,192330.0
2012-03-15,87.0,90.0,88.0,89.0,0.0,1890,168350.0
2012-03-14,88.0,89.0,87.0,87.0,0.0,270,23790.0
2012-03-13,86.0,88.0,86.0,88.0,0.0,350,30480.0
2012-03-12,87.0,87.0,85.0,86.0,0.0,3000,257770.0
2012-03-11,89.0,88.0,87.0,87.0,0.0,500,43600.0
2012-03-06,89.0,90.0,89.0,89.0,0.0,1140,101910.0
2012-03-05,89.0,91.0,89.0,89.0,0.0,1000,89370.0
2012-03-04,90.0,91.0,89.0,89.0,0.0,1830,164560.0
2012-03-01,90.0,90.0,88.0,90.0,0.0,500,44520.0
2012-02-29,91.0,91.0,89.0,90.0,0.0,1590,142530.0
2012-02-28,89.0,91.0,87.0,91.0,0.0,1480,132150.0
2012-02-27,87.0,90.0,88.0,89.0,0.0,980,87020.0
2012-02-26,85.0,87.0,86.0,87.0,0.0,1310,113410.0
2012-02-23,86.0,89.0,85.0,85.0,0.0,5580,484740.0
2012-02-21,87.0,87.0,86.0,86.0,0.0,1450,125680.0
2012-02-16,90.0,90.0,86.0,87.0,0.0,4010,350830.0
2012-02-15,90.0,90.0,86.0,90.0,0.0,4880,435520.0
2012-02-14,91.0,95.0,89.0,90.0,0.0,3110,280790.0
2012-02-13,89.0,91.0,86.0,91.0,0.0,3980,352420.0
2012-02-12,90.0,90.0,87.0,89.0,0.0,1480,130980.0
2012-02-09,88.0,90.0,88.0,90.0,0.0,1300,116530.0
2012-02-08,89.0,90.0,88.0,88.0,0.0,2510,223060.0
2012-02-07,90.0,91.0,88.0,89.0,0.0,900,81250.0
2012-02-06,91.0,90.0,89.0,90.0,0.0,1900,169660.0
2012-02-05,95.0,95.0,90.0,91.0,0.0,2700,250040.0
2012-02-02,94.0,95.0,94.0,95.0,0.0,3180,301670.0
2012-02-01,94.0,99.0,94.0,94.0,0.0,1300,124150.0
2012-01-31,94.0,95.0,94.0,94.0,0.0,2780,261890.0
2012-01-29,95.0,96.0,94.0,94.0,0.0,3900,369480.0
2012-01-26,96.0,97.0,94.0,95.0,0.0,3330,316950.0
2012-01-25,96.0,97.0,96.0,96.0,0.0,1960,188900.0
2012-01-23,97.0,97.0,95.0,96.0,0.0,5240,505110.0
2012-01-22,98.0,98.0,95.0,97.0,0.0,3840,367760.0
2012-01-19,96.0,98.0,96.0,98.0,0.0,1890,183520.0
2012-01-18,97.0,97.0,95.0,96.0,0.0,6870,659520.0
2012-01-17,97.0,97.0,96.0,97.0,0.0,1890,181930.0
2012-01-16,97.0,98.0,96.0,97.0,0.0,3690,358460.0
2012-01-12,97.0,98.0,96.0,97.0,0.0,2330,226220.0
2012-01-11,97.0,97.0,97.0,97.0,0.0,550,53350.0
2012-01-10,99.0,99.0,97.0,97.0,0.0,2230,218100.0
2012-01-09,97.0,99.0,97.0,98.0,0.0,4240,417100.0
2012-01-08,99.0,99.0,97.0,97.0,0.0,6780,662940.0
2012-01-05,99.0,99.0,97.0,99.0,0.0,3430,337610.0
2012-01-04,99.0,100.0,97.0,99.0,0.0,2780,276790.0
2012-01-03,102.0,103.0,99.0,99.0,0.0,1940,196000.0
2012-01-02,99.0,102.0,99.0,102.0,0.0,4490,451270.0
2012-01-01,98.0,101.0,98.0,99.0,0.0,7160,714580.0
2011-12-29,99.0,100.0,98.0,98.0,0.0,960,95120.0
2011-12-28,100.0,100.0,98.0,99.0,0.0,1510,149260.0
2011-12-27,100.0,100.0,99.0,100.0,0.0,4720,471300.0
2011-12-26,100.0,100.0,99.0,100.0,0.0,370,36790.0
2011-12-22,99.0,102.0,99.0,100.0,0.0,2500,249650.0
2011-12-21,101.0,100.0,98.0,99.0,0.0,6430,636590.0
2011-12-20,100.0,101.0,99.0,101.0,0.0,1970,198010.0
2011-12-19,100.0,100.0,98.0,100.0,0.0,2030,200350.0
2011-12-18,97.0,102.0,97.0,100.0,0.0,3130,311620.0
2011-12-15,102.0,101.0,97.0,97.0,0.0,2010,196970.0
2011-12-14,104.0,102.0,98.0,102.0,0.0,10250,1034520.0
2011-12-13,99.0,104.0,98.0,104.0,0.0,3870,395790.0
2011-12-12,98.0,102.0,98.0,99.0,0.0,13560,1345290.0
2011-12-11,99.0,100.0,98.0,98.0,0.0,4360,432830.0
2011-12-08,99.0,101.0,98.0,99.0,0.0,3820,380790.0
2011-12-07,101.0,101.0,99.0,99.0,0.0,4510,451010.0
2011-12-06,101.0,102.0,100.0,101.0,0.0,3680,371000.0
2011-12-05,101.0,102.0,101.0,101.0,0.0,4590,463690.0
2011-12-04,102.0,102.0,100.0,101.0,0.0,2900,292770.0
2011-12-01,102.0,102.0,100.0,102.0,0.0,3700,372840.0
2011-11-28,103.0,104.0,101.0,101.0,0.0,4330,441790.0
2011-11-27,103.0,104.0,102.0,103.0,0.0,10440,1075250.0
2011-11-24,104.0,104.0,103.0,103.0,0.0,8410,868010.0
2011-11-23,104.0,105.0,103.0,104.0,0.0,3910,408110.0
2011-11-22,103.0,105.0,103.0,104.0,0.0,7740,809510.0
2011-11-21,104.0,104.0,103.0,103.0,0.0,1560,161310.0
2011-11-20,104.0,105.0,102.0,104.0,0.0,5770,598190.0
2011-11-17,103.0,104.0,102.0,104.0,0.0,4240,438220.0
2011-11-16,104.0,105.0,103.0,103.0,0.0,6740,700940.0
2011-11-15,104.0,105.0,103.0,104.0,0.0,14980,1556520.0
2011-11-14,104.0,105.0,102.0,104.0,0.0,7960,827220.0
2011-11-13,107.0,107.0,103.0,104.0,0.0,8140,858560.0
2011-11-10,107.0,108.0,106.0,107.0,0.0,21310,2281040.0
2011-11-09,108.0,109.0,106.0,107.0,0.0,6420,689000.0
2011-11-08,108.0,109.0,106.0,108.0,0.0,11430,1223610.0
2011-11-06,108.0,109.0,107.0,108.0,0.0,14960,1614710.0
2011-11-03,116.0,114.0,105.0,108.0,0.0,5160,558940.0
2011-11-02,106.0,116.0,108.0,116.0,0.0,2440,281360.0
2011-10-31,105.0,108.0,101.0,106.0,0.0,9880,1041190.0
2011-10-30,101.0,107.0,100.0,105.0,0.0,13420,1379730.0
2011-10-25,102.0,103.0,100.0,101.0,0.0,11240,1137280.0
2011-10-24,108.0,104.0,99.0,102.0,0.0,12310,1255260.0
2011-10-23,119.0,114.0,108.0,108.0,0.0,1130,122320.0
2011-10-20,129.0,127.0,119.0,119.0,0.0,290,34710.0
2011-10-18,141.0,139.0,129.0,129.0,0.0,270,35850.0
2011-10-17,152.0,145.0,141.0,141.0,0.0,30,4290.0
2011-10-13,166.0,158.0,152.0,152.0,0.0,30,4650.0
2011-09-14,174.0,166.0,166.0,166.0,0.0,10,1660.0
2011-09-13,180.0,177.0,174.0,174.0,0.0,80,14130.0
2011-09-12,183.0,180.0,180.0,180.0,0.0,20,3600.0
2011-08-29,189.0,186.0,183.0,183.0,0.0,170,31140.0
2011-08-22,210.0,206.0,189.0,189.0,0.0,160,31720.0
2011-07-21,221.0,210.0,210.0,210.0,0.0,10,2100.0
2011-07-19,232.0,221.0,221.0,221.0,0.0,10,2210.0
2011-07-11,236.0,232.0,232.0,232.0,0.0,20,4640.0
2011-07-10,248.0,236.0,236.0,236.0,0.0,10,2360.0
2011-07-06,261.0,248.0,248.0,248.0,0.0,10,2480.0
2011-06-23,289.0,284.0,261.0,261.0,0.0,360,96300.0
2011-06-21,299.0,294.0,289.0,289.0,0.0,30,8720.0
2011-05-18,305.0,299.0,299.0,299.0,0.0,120,35880.0
2011-05-15,317.0,311.0,305.0,305.0,0.0,20,6160.0
2011-05-05,329.0,323.0,317.0,317.0,0.0,20,6400.0
2011-04-27,0.0,329.0,329.0,329.0,0.0,10,3290.0
