open,high,low,close,percent_change,turnover,date
28.0,28.0,28.0,28.0,-0.24,0.0,2011-03-25
28.0,28.0,28.0,28.0,-1.26,0.0,2011-03-27
27.0,27.0,27.0,27.0,-1.83,0.0,2011-03-28
27.0,27.0,27.0,27.0,-1.87,0.0,2011-03-29
26.0,26.0,26.0,26.0,-0.51,0.0,2011-03-30
27.0,27.0,27.0,27.0,1.98,0.0,2011-03-31
27.0,27.0,27.0,27.0,-0.03,0.0,2011-04-04
27.0,27.0,27.0,27.0,-0.51,0.0,2011-04-05
27.0,27.0,27.0,27.0,0.03,0.0,2011-04-06
27.0,27.0,27.0,27.0,0.66,0.0,2011-04-07
27.0,27.0,27.0,27.0,0.19,0.0,2011-04-10
27.0,27.0,27.0,27.0,-0.29,0.0,2011-04-11
28.0,28.0,28.0,28.0,2.4,0.0,2011-04-13
27.0,27.0,27.0,27.0,-2.47,0.0,2011-04-17
27.0,27.0,27.0,27.0,-0.68,0.0,2011-04-18
27.0,27.0,27.0,27.0,-0.66,0.0,2011-04-19
26.0,26.0,26.0,26.0,-0.8,0.0,2011-04-20
26.0,26.0,26.0,26.0,-0.38,0.0,2011-04-21
26.0,26.0,26.0,26.0,-0.69,0.0,2011-04-25
26.0,26.0,26.0,26.0,-0.12,0.0,2011-04-26
26.0,26.0,26.0,26.0,-0.44,0.0,2011-04-27
26.0,26.0,26.0,26.0,-0.99,0.0,2011-04-28
25.0,25.0,25.0,25.0,-0.74,0.0,2011-05-02
25.0,25.0,25.0,25.0,-0.92,0.0,2011-05-03
25.0,25.0,25.0,25.0,-0.83,0.0,2011-05-04
25.0,25.0,25.0,25.0,0.23,0.0,2011-05-05
25.0,25.0,25.0,25.0,0.06,0.0,2011-05-08
25.0,25.0,25.0,25.0,0.04,0.0,2011-05-09
26.0,26.0,26.0,26.0,1.65,0.0,2011-05-10
26.0,26.0,26.0,26.0,0.38,0.0,2011-05-11
26.0,26.0,26.0,26.0,0.62,0.0,2011-05-12
26.0,26.0,26.0,26.0,1.54,0.0,2011-05-15
26.0,26.0,26.0,26.0,0.58,0.0,2011-05-16
26.0,26.0,26.0,26.0,-1.41,0.0,2011-05-18
26.0,26.0,26.0,26.0,-0.46,0.0,2011-05-19
26.0,26.0,26.0,26.0,-0.11,0.0,2011-05-22
26.0,26.0,26.0,26.0,-0.23,0.0,2011-05-23
26.0,26.0,26.0,26.0,0.05,0.0,2011-05-24
26.0,26.0,26.0,26.0,0.47,0.0,2011-05-25
26.0,26.0,26.0,26.0,0.03,0.0,2011-05-26
26.0,26.0,26.0,26.0,0.32,0.0,2011-05-30
25.0,25.0,25.0,25.0,-2.17,0.0,2011-05-31
25.0,25.0,25.0,25.0,-0.39,0.0,2011-06-01
25.0,25.0,25.0,25.0,-0.86,0.0,2011-06-02
24.0,24.0,24.0,24.0,-1.34,0.0,2011-06-06
24.0,24.0,24.0,24.0,-2.05,0.0,2011-06-07
23.0,23.0,23.0,23.0,-2.18,0.0,2011-06-08
23.0,23.0,23.0,23.0,-1.64,0.0,2011-06-09
23.0,23.0,23.0,23.0,-1.63,0.0,2011-06-12
22.0,22.0,22.0,22.0,-2.12,0.0,2011-06-13
21.0,21.0,21.0,21.0,-2.94,0.0,2011-06-14
21.0,21.0,21.0,21.0,-3.16,0.0,2011-06-15
22.0,22.0,22.0,22.0,5.06,0.0,2011-06-16
24.0,24.0,24.0,24.0,6.24,0.0,2011-06-20
28.0,28.0,28.0,28.0,6.72,0.0,2011-06-23
26.0,26.0,26.0,26.0,-5.5,0.0,2011-06-26
24.0,24.0,24.0,24.0,-6.23,0.0,2011-06-27
25.0,25.0,25.0,25.0,1.42,0.0,2011-06-29
25.0,25.0,25.0,25.0,-0.45,0.0,2011-06-30
24.0,24.0,24.0,24.0,-0.75,0.0,2011-07-03
25.0,25.0,25.0,25.0,0.59,0.0,2011-07-04
25.0,25.0,25.0,25.0,2.09,0.0,2011-07-05
25.0,25.0,25.0,25.0,1.25,0.0,2011-07-06
25.0,25.0,25.0,25.0,-0.37,0.0,2011-07-07
26.0,26.0,26.0,26.0,1.18,0.0,2011-07-10
26.0,26.0,26.0,26.0,0.68,0.0,2011-07-11
26.0,26.0,26.0,26.0,1.29,0.0,2011-07-12
27.0,27.0,27.0,27.0,1.95,0.0,2011-07-13
27.0,27.0,27.0,27.0,2.31,0.0,2011-07-14
29.0,29.0,29.0,29.0,5.66,0.0,2011-07-17
28.0,28.0,28.0,28.0,-2.55,0.0,2011-07-18
29.0,29.0,29.0,29.0,1.71,0.0,2011-07-19
29.0,29.0,29.0,29.0,1.17,0.0,2011-07-20
29.0,29.0,29.0,29.0,-0.48,0.0,2011-07-21
28.0,28.0,28.0,28.0,-3.23,0.0,2011-07-24
27.0,27.0,27.0,27.0,-1.65,0.0,2011-07-25
27.0,27.0,27.0,27.0,-1.18,0.0,2011-07-26
28.0,28.0,28.0,28.0,2.4,0.0,2011-07-27
28.0,28.0,28.0,28.0,-0.48,0.0,2011-07-28
27.0,27.0,27.0,27.0,-1.25,0.0,2011-07-31
27.0,27.0,27.0,27.0,-0.29,0.0,2011-08-01
27.0,27.0,27.0,27.0,-0.02,0.0,2011-08-02
27.0,27.0,27.0,27.0,-0.63,0.0,2011-08-03
27.0,27.0,27.0,27.0,0.01,0.0,2011-08-04
27.0,27.0,27.0,27.0,-0.25,0.0,2011-08-07
27.0,27.0,27.0,27.0,-1.05,0.0,2011-08-08
26.0,26.0,26.0,26.0,-1.92,0.0,2011-08-09
27.0,27.0,27.0,27.0,2.25,0.0,2011-08-10
27.0,27.0,27.0,27.0,0.06,0.0,2011-08-11
27.0,27.0,27.0,27.0,0.38,0.0,2011-08-15
27.0,27.0,27.0,27.0,-0.12,0.0,2011-08-16
27.0,27.0,27.0,27.0,-0.66,0.0,2011-08-17
27.0,27.0,27.0,27.0,0.69,0.0,2011-08-18
27.0,27.0,27.0,27.0,-0.83,0.0,2011-08-22
27.0,27.0,27.0,27.0,-0.17,0.0,2011-08-23
26.0,26.0,26.0,26.0,-0.46,0.0,2011-08-24
26.0,26.0,26.0,26.0,-0.67,0.0,2011-08-25
25.0,25.0,25.0,25.0,-3.75,0.0,2011-08-28
25.0,25.0,25.0,25.0,-0.69,0.0,2011-08-29
25.0,25.0,25.0,25.0,1.09,0.0,2011-08-30
25.0,25.0,25.0,25.0,-0.17,0.0,2011-09-01
25.0,25.0,25.0,25.0,-0.28,0.0,2011-09-04
25.0,25.0,25.0,25.0,-1.3,0.0,2011-09-05
25.0,25.0,25.0,25.0,-1.54,0.0,2011-09-06
24.0,24.0,24.0,24.0,-0.45,0.0,2011-09-07
24.0,24.0,24.0,24.0,-0.85,0.0,2011-09-08
24.0,24.0,24.0,24.0,-0.74,0.0,2011-09-12
24.0,24.0,24.0,24.0,-0.09,0.0,2011-09-13
23.0,23.0,23.0,23.0,-4.42,0.0,2011-09-14
23.0,23.0,23.0,23.0,0.76,0.0,2011-09-15
23.0,23.0,23.0,23.0,-0.98,0.0,2011-09-18
23.0,23.0,23.0,23.0,-0.33,0.0,2011-09-19
23.0,23.0,23.0,23.0,0.51,0.0,2011-09-20
23.0,23.0,23.0,23.0,0.61,0.0,2011-09-21
24.0,24.0,24.0,24.0,2.42,0.0,2011-09-22
24.0,24.0,24.0,24.0,0.96,0.0,2011-09-25
24.0,24.0,24.0,24.0,-0.32,0.0,2011-09-26
24.0,24.0,24.0,24.0,0.35,0.0,2011-09-27
24.0,24.0,24.0,24.0,0.11,0.0,2011-09-29
24.0,24.0,24.0,24.0,0.76,0.0,2011-10-02
24.0,24.0,24.0,24.0,0.76,0.0,2011-10-09
24.0,24.0,24.0,24.0,0.31,0.0,2011-10-10
24.0,24.0,24.0,24.0,0.21,0.0,2011-10-12
24.0,24.0,24.0,24.0,-0.05,0.0,2011-10-13
24.0,24.0,24.0,24.0,-0.84,0.0,2011-10-16
24.0,24.0,24.0,24.0,-0.48,0.0,2011-10-17
24.0,24.0,24.0,24.0,-0.54,0.0,2011-10-18
24.0,24.0,24.0,24.0,0.06,0.0,2011-10-19
24.0,24.0,24.0,24.0,-0.64,0.0,2011-10-20
24.0,24.0,24.0,24.0,-0.85,0.0,2011-10-23
23.0,23.0,23.0,23.0,-0.21,0.0,2011-10-24
23.0,23.0,23.0,23.0,0.19,0.0,2011-10-25
23.0,23.0,23.0,23.0,-1.26,0.0,2011-10-30
23.0,23.0,23.0,23.0,1.0,0.0,2011-10-31
25.0,25.0,25.0,25.0,6.39,0.0,2011-11-02
24.0,24.0,24.0,24.0,-2.19,0.0,2011-11-03
24.0,24.0,24.0,24.0,-1.28,0.0,2011-11-06
24.0,24.0,24.0,24.0,-0.93,0.0,2011-11-08
23.0,23.0,23.0,23.0,-1.28,0.0,2011-11-09
23.0,23.0,23.0,23.0,-0.09,0.0,2011-11-10
23.0,23.0,23.0,23.0,-0.74,0.0,2011-11-13
23.0,23.0,23.0,23.0,-0.93,0.0,2011-11-14
23.0,23.0,23.0,23.0,-0.5,0.0,2011-11-15
23.0,23.0,23.0,23.0,-0.38,0.0,2011-11-16
23.0,23.0,23.0,23.0,1.22,0.0,2011-11-17
23.0,23.0,23.0,23.0,-0.18,0.0,2011-11-20
23.0,23.0,23.0,23.0,-0.07,0.0,2011-11-21
23.0,23.0,23.0,23.0,-0.6,0.0,2011-11-22
23.0,23.0,23.0,23.0,-0.22,0.0,2011-11-23
23.0,23.0,23.0,23.0,-0.46,0.0,2011-11-24
23.0,23.0,23.0,23.0,0.09,0.0,2011-11-27
22.0,22.0,22.0,22.0,-0.61,0.0,2011-11-28
22.0,22.0,22.0,22.0,0.0,0.0,2011-12-01
22.0,22.0,22.0,22.0,-0.15,0.0,2011-12-04
22.0,22.0,22.0,22.0,0.01,0.0,2011-12-05
22.0,22.0,22.0,22.0,-0.07,0.0,2011-12-06
22.0,22.0,22.0,22.0,-0.47,0.0,2011-12-07
22.0,22.0,22.0,22.0,-0.51,0.0,2011-12-08
22.0,22.0,22.0,22.0,-1.37,0.0,2011-12-11
21.0,21.0,21.0,21.0,-1.5,0.0,2011-12-12
21.0,21.0,21.0,21.0,0.01,0.0,2011-12-13
22.0,22.0,22.0,22.0,1.57,0.0,2011-12-14
22.0,22.0,22.0,22.0,-0.62,0.0,2011-12-15
21.0,21.0,21.0,21.0,-0.66,0.0,2011-12-18
21.0,21.0,21.0,21.0,-0.03,0.0,2011-12-19
21.0,21.0,21.0,21.0,0.19,0.0,2011-12-20
21.0,21.0,21.0,21.0,-0.22,0.0,2011-12-21
21.0,21.0,21.0,21.0,-0.02,0.0,2011-12-22
21.0,21.0,21.0,21.0,-0.18,0.0,2011-12-26
22.0,22.0,22.0,22.0,0.86,0.0,2011-12-27
22.0,22.0,22.0,22.0,0.01,0.0,2011-12-28
22.0,22.0,22.0,22.0,0.72,0.0,2011-12-29
22.0,22.0,22.0,22.0,0.98,0.0,2012-01-01
22.0,22.0,22.0,22.0,1.53,0.0,2012-01-02
22.0,22.0,22.0,22.0,0.06,0.0,2012-01-03
22.0,22.0,22.0,22.0,-1.31,0.0,2012-01-04
22.0,22.0,22.0,22.0,-0.33,0.0,2012-01-05
22.0,22.0,22.0,22.0,-0.78,0.0,2012-01-08
22.0,22.0,22.0,22.0,0.06,0.0,2012-01-09
22.0,22.0,22.0,22.0,1.1,0.0,2012-01-11
22.0,22.0,22.0,22.0,0.9,0.0,2012-01-12
22.0,22.0,22.0,22.0,-1.01,0.0,2012-01-16
22.0,22.0,22.0,22.0,-0.26,0.0,2012-01-17
22.0,22.0,22.0,22.0,-0.66,0.0,2012-01-18
22.0,22.0,22.0,22.0,0.42,0.0,2012-01-19
22.0,22.0,22.0,22.0,-0.89,0.0,2012-01-22
22.0,22.0,22.0,22.0,-1.35,0.0,2012-01-23
22.0,22.0,22.0,22.0,-0.09,0.0,2012-01-25
22.0,22.0,22.0,22.0,-0.52,0.0,2012-01-26
21.0,21.0,21.0,21.0,0.09,0.0,2012-01-29
21.0,21.0,21.0,21.0,0.1,0.0,2012-01-31
21.0,21.0,21.0,21.0,-0.2,0.0,2012-02-01
21.0,21.0,21.0,21.0,-0.19,0.0,2012-02-02
21.0,21.0,21.0,21.0,-0.45,0.0,2012-02-05
21.0,21.0,21.0,21.0,-0.11,0.0,2012-02-06
21.0,21.0,21.0,21.0,-0.29,0.0,2012-02-07
21.0,21.0,21.0,21.0,-0.2,0.0,2012-02-08
21.0,21.0,21.0,21.0,-0.12,0.0,2012-02-09
21.0,21.0,21.0,21.0,0.1,0.0,2012-02-12
21.0,21.0,21.0,21.0,0.66,0.0,2012-02-13
21.0,21.0,21.0,21.0,-0.56,0.0,2012-02-14
21.0,21.0,21.0,21.0,-0.04,0.0,2012-02-15
21.0,21.0,21.0,21.0,-0.22,0.0,2012-02-17
21.0,21.0,21.0,21.0,-0.08,0.0,2012-02-21
21.0,21.0,21.0,21.0,0.13,0.0,2012-02-23
21.0,21.0,21.0,21.0,-0.01,0.0,2012-02-26
21.0,21.0,21.0,21.0,-0.03,0.0,2012-02-27
21.0,21.0,21.0,21.0,1.19,0.0,2012-02-28
21.0,21.0,21.0,21.0,0.1,0.0,2012-02-29
21.0,21.0,21.0,21.0,0.91,0.0,2012-03-01
21.0,21.0,21.0,21.0,-0.53,0.0,2012-03-04
21.0,21.0,21.0,21.0,0.51,0.0,2012-03-05
21.0,21.0,21.0,21.0,-0.05,0.0,2012-03-06
21.0,21.0,21.0,21.0,-0.63,0.0,2012-03-11
21.0,21.0,21.0,21.0,-0.51,0.0,2012-03-12
21.0,21.0,21.0,21.0,0.15,0.0,2012-03-13
21.0,21.0,21.0,21.0,-0.32,0.0,2012-03-14
21.0,21.0,21.0,21.0,-0.51,0.0,2012-03-15
21.0,21.0,21.0,21.0,0.08,0.0,2012-03-18
21.0,21.0,21.0,21.0,0.02,0.0,2012-03-19
21.0,21.0,21.0,21.0,-0.12,0.0,2012-03-20
21.0,21.0,21.0,21.0,0.81,0.0,2012-03-21
21.0,21.0,21.0,21.0,-0.72,0.0,2012-03-25
21.0,21.0,21.0,21.0,-0.7,0.0,2012-03-26
21.0,21.0,21.0,21.0,-0.07,0.0,2012-03-27
21.0,21.0,21.0,21.0,-0.14,0.0,2012-03-28
21.0,21.0,21.0,21.0,-0.03,0.0,2012-03-29
21.0,21.0,21.0,21.0,-0.27,0.0,2012-04-01
21.0,21.0,21.0,21.0,0.87,0.0,2012-04-02
21.0,21.0,21.0,21.0,0.12,0.0,2012-04-03
21.0,21.0,21.0,21.0,0.58,0.0,2012-04-04
21.0,21.0,21.0,21.0,0.12,0.0,2012-04-05
21.0,21.0,21.0,21.0,-0.06,0.0,2012-04-08
21.0,21.0,21.0,21.0,0.69,0.0,2012-04-09
21.0,21.0,21.0,21.0,1.13,0.0,2012-04-10
22.0,22.0,22.0,22.0,1.07,0.0,2012-04-11
22.0,22.0,22.0,22.0,4.0,0.0,2012-04-12
24.0,24.0,24.0,24.0,6.61,0.0,2012-04-15
25.0,25.0,25.0,25.0,3.93,0.0,2012-04-16
24.0,24.0,24.0,24.0,-5.47,0.0,2012-04-17
25.0,25.0,25.0,25.0,4.82,0.0,2012-04-18
25.0,25.0,25.0,25.0,2.54,0.0,2012-04-19
26.0,26.0,26.0,26.0,4.76,0.0,2012-04-22
28.0,28.0,28.0,28.0,7.13,0.0,2012-04-24
30.0,30.0,30.0,30.0,7.16,0.0,2012-04-25
31.0,31.0,31.0,31.0,-1.36,0.0,2012-04-29
29.0,29.0,29.0,29.0,-4.69,0.0,2012-04-30
28.0,28.0,28.0,28.0,-4.99,0.0,2012-05-02
30.0,30.0,30.0,30.0,6.67,0.0,2012-05-03
32.0,32.0,32.0,32.0,6.24,0.0,2012-05-07
32.0,32.0,32.0,32.0,0.76,0.0,2012-05-08
31.0,31.0,31.0,31.0,-3.84,0.0,2012-05-09
30.0,30.0,30.0,30.0,-2.4,0.0,2012-05-10
28.0,28.0,28.0,28.0,-5.92,0.0,2012-05-13
27.0,27.0,27.0,27.0,-5.7,0.0,2012-05-14
28.0,28.0,28.0,28.0,6.86,0.0,2012-05-15
30.0,30.0,30.0,30.0,5.16,0.0,2012-05-16
30.0,30.0,30.0,30.0,1.06,0.0,2012-05-17
30.0,30.0,30.0,30.0,-1.54,0.0,2012-05-20
30.0,30.0,30.0,30.0,1.52,0.0,2012-05-21
30.0,30.0,30.0,30.0,-1.81,0.0,2012-05-22
28.0,28.0,28.0,28.0,-5.82,0.0,2012-05-23
29.0,29.0,29.0,29.0,3.59,0.0,2012-05-24
30.0,30.0,30.0,30.0,3.53,0.0,2012-05-27
29.0,29.0,29.0,29.0,-4.51,0.0,2012-05-29
27.0,27.0,27.0,27.0,-6.31,0.0,2012-05-30
26.0,26.0,26.0,26.0,-0.97,0.0,2012-05-31
28.0,28.0,28.0,28.0,5.17,0.0,2012-06-03
27.0,27.0,27.0,27.0,-2.21,0.0,2012-06-04
27.0,27.0,27.0,27.0,-2.44,0.0,2012-06-05
26.0,26.0,26.0,26.0,-2.18,0.0,2012-06-06
26.0,26.0,26.0,26.0,1.08,0.0,2012-06-07
26.0,26.0,26.0,26.0,-1.96,0.0,2012-06-10
26.0,26.0,26.0,26.0,0.8,0.0,2012-06-11
26.0,26.0,26.0,26.0,0.26,0.0,2012-06-12
26.0,26.0,26.0,26.0,-0.35,0.0,2012-06-13
26.0,26.0,26.0,26.0,-0.66,0.0,2012-06-14
25.0,25.0,25.0,25.0,-1.22,0.0,2012-06-17
26.0,26.0,26.0,26.0,0.53,0.0,2012-06-18
25.0,25.0,25.0,25.0,-0.32,0.0,2012-06-19
26.0,26.0,26.0,26.0,0.77,0.0,2012-06-20
26.0,26.0,26.0,26.0,0.57,0.0,2012-06-21
27.0,27.0,27.0,27.0,3.27,0.0,2012-06-25
26.0,26.0,26.0,26.0,-2.02,0.0,2012-06-26
27.0,27.0,27.0,27.0,1.65,0.0,2012-06-27
27.0,27.0,27.0,27.0,0.9,0.0,2012-06-28
27.0,27.0,27.0,27.0,-0.66,0.0,2012-07-01
26.0,26.0,26.0,26.0,-0.8,0.0,2012-07-02
27.0,27.0,27.0,27.0,0.6,0.0,2012-07-03
27.0,27.0,27.0,27.0,0.78,0.0,2012-07-04
27.0,27.0,27.0,27.0,0.53,0.0,2012-07-05
26.0,26.0,26.0,26.0,-0.41,0.0,2012-07-08
27.0,27.0,27.0,27.0,0.17,0.0,2012-07-09
27.0,27.0,27.0,27.0,1.49,0.0,2012-07-10
27.0,27.0,27.0,27.0,0.06,0.0,2012-07-11
27.0,27.0,27.0,27.0,-0.24,0.0,2012-07-12
28.0,28.0,28.0,28.0,1.48,0.0,2012-07-15
27.0,27.0,27.0,27.0,0.5,0.0,2012-07-17
28.0,28.0,28.0,28.0,1.05,0.0,2012-07-18
28.0,28.0,28.0,28.0,0.63,0.0,2012-07-19
29.0,29.0,29.0,29.0,2.07,0.0,2012-07-22
29.0,29.0,29.0,29.0,1.04,0.0,2012-07-23
29.0,29.0,29.0,29.0,-0.73,0.0,2012-07-24
29.0,29.0,29.0,29.0,-0.22,0.0,2012-07-25
28.0,28.0,28.0,28.0,-0.94,0.0,2012-07-26
28.0,28.0,28.0,28.0,-0.93,0.0,2012-07-29
28.0,28.0,28.0,28.0,0.53,0.0,2012-07-30
28.0,28.0,28.0,28.0,0.19,0.0,2012-07-31
28.0,28.0,28.0,28.0,0.11,0.0,2012-08-01
28.0,28.0,28.0,28.0,0.08,0.0,2012-08-05
28.0,28.0,28.0,28.0,0.23,0.0,2012-08-06
28.0,28.0,28.0,28.0,0.15,0.0,2012-08-07
28.0,28.0,28.0,28.0,-1.08,0.0,2012-08-08
28.0,28.0,28.0,28.0,-1.23,0.0,2012-08-12
28.0,28.0,28.0,28.0,0.22,0.0,2012-08-13
28.0,28.0,28.0,28.0,-0.99,0.0,2012-08-14
27.0,27.0,27.0,27.0,-1.45,0.0,2012-08-15
28.0,28.0,28.0,28.0,2.07,0.0,2012-08-16
27.0,27.0,27.0,27.0,-1.07,0.0,2012-08-19
27.0,27.0,27.0,27.0,-0.04,0.0,2012-08-21
27.0,27.0,27.0,27.0,-0.41,0.0,2012-08-22
27.0,27.0,27.0,27.0,-0.06,0.0,2012-08-23
27.0,27.0,27.0,27.0,-1.1,0.0,2012-08-26
27.0,27.0,27.0,27.0,1.16,0.0,2012-08-27
27.0,27.0,27.0,27.0,-0.03,0.0,2012-08-28
27.0,27.0,27.0,27.0,0.56,0.0,2012-08-29
27.0,27.0,27.0,27.0,-0.78,0.0,2012-08-30
28.0,28.0,28.0,28.0,1.89,0.0,2012-09-02
28.0,28.0,28.0,28.0,0.02,0.0,2012-09-03
28.0,28.0,28.0,28.0,-0.5,0.0,2012-09-04
27.0,27.0,27.0,27.0,-0.29,0.0,2012-09-05
27.0,27.0,27.0,27.0,-0.12,0.0,2012-09-06
27.0,27.0,27.0,27.0,-0.39,0.0,2012-09-09
27.0,27.0,27.0,27.0,-0.17,0.0,2012-09-10
28.0,28.0,28.0,28.0,0.41,0.0,2012-09-11
28.0,28.0,28.0,28.0,-0.18,0.0,2012-09-12
28.0,28.0,28.0,28.0,0.71,0.0,2012-09-13
28.0,28.0,28.0,28.0,0.31,0.0,2012-09-16
28.0,28.0,28.0,28.0,0.0,0.0,2012-09-17
28.0,28.0,28.0,28.0,0.47,0.0,2012-09-18
28.0,28.0,28.0,28.0,-0.7,0.0,2012-09-19
28.0,28.0,28.0,28.0,-0.74,0.0,2012-09-20
27.0,27.0,27.0,27.0,-1.02,0.0,2012-09-23
27.0,27.0,27.0,27.0,-1.06,0.0,2012-09-24
27.0,27.0,27.0,27.0,-0.31,0.0,2012-09-25
27.0,27.0,27.0,27.0,-0.55,0.0,2012-09-26
27.0,27.0,27.0,27.0,-0.52,0.0,2012-09-30
27.0,27.0,27.0,27.0,0.12,0.0,2012-10-01
27.0,27.0,27.0,27.0,0.0,0.0,2012-10-02
26.0,26.0,26.0,26.0,-3.61,0.0,2012-10-03
26.0,26.0,26.0,26.0,-0.25,0.0,2012-10-04
26.0,26.0,26.0,26.0,1.24,0.0,2012-10-07
26.0,26.0,26.0,26.0,0.42,0.0,2012-10-08
26.0,26.0,26.0,26.0,-0.2,0.0,2012-10-09
26.0,26.0,26.0,26.0,-0.33,0.0,2012-10-10
26.0,26.0,26.0,26.0,-0.2,0.0,2012-10-11
26.0,26.0,26.0,26.0,0.65,0.0,2012-10-14
26.0,26.0,26.0,26.0,0.67,0.0,2012-10-15
27.0,27.0,27.0,27.0,0.8,0.0,2012-10-17
27.0,27.0,27.0,27.0,0.29,0.0,2012-10-18
27.0,27.0,27.0,27.0,1.33,0.0,2012-10-30
27.0,27.0,27.0,27.0,1.3,0.0,2012-10-31
27.0,27.0,27.0,27.0,-0.64,0.0,2012-11-01
27.0,27.0,27.0,27.0,0.94,0.0,2012-11-04
28.0,28.0,28.0,28.0,1.26,0.0,2012-11-05
28.0,28.0,28.0,28.0,1.56,0.0,2012-11-06
29.0,29.0,29.0,29.0,3.83,0.0,2012-11-07
30.0,30.0,30.0,30.0,2.09,0.0,2012-11-08
29.0,29.0,29.0,29.0,-3.71,0.0,2012-11-11
29.0,29.0,29.0,29.0,1.57,0.0,2012-11-12
30.0,30.0,30.0,30.0,2.63,0.0,2012-11-18
31.0,31.0,31.0,31.0,1.75,0.0,2012-11-20
30.0,30.0,30.0,30.0,-0.67,0.0,2012-11-21
30.0,30.0,30.0,30.0,-0.42,0.0,2012-11-22
30.0,30.0,30.0,30.0,-0.07,0.0,2012-11-25
30.0,30.0,30.0,30.0,-0.55,0.0,2012-11-26
30.0,30.0,30.0,30.0,-0.02,0.0,2012-11-27
30.0,30.0,30.0,30.0,0.02,0.0,2012-11-28
30.0,30.0,30.0,30.0,-1.02,0.0,2012-11-29
29.0,29.0,29.0,29.0,-1.0,0.0,2012-12-02
29.0,29.0,29.0,29.0,-0.4,0.0,2012-12-03
30.0,30.0,30.0,30.0,1.67,0.0,2012-12-04
30.0,30.0,30.0,30.0,1.97,0.0,2012-12-05
30.0,30.0,30.0,30.0,-0.47,0.0,2012-12-06
30.0,30.0,30.0,30.0,0.16,0.0,2012-12-10
30.0,30.0,30.0,30.0,0.01,0.0,2012-12-11
30.0,30.0,30.0,30.0,0.73,0.0,2012-12-12
30.0,30.0,30.0,30.0,0.81,0.0,2012-12-13
31.0,31.0,31.0,31.0,2.32,0.0,2012-12-16
31.0,31.0,31.0,31.0,1.33,0.0,2012-12-17
31.0,31.0,31.0,31.0,-0.23,0.0,2012-12-18
31.0,31.0,31.0,31.0,0.97,0.0,2012-12-19
31.0,31.0,31.0,31.0,-0.62,0.0,2012-12-20
31.0,31.0,31.0,31.0,0.37,0.0,2012-12-23
32.0,32.0,32.0,32.0,1.12,0.0,2012-12-24
32.0,32.0,32.0,32.0,2.51,0.0,2012-12-26
33.0,33.0,33.0,33.0,1.63,0.0,2012-12-27
32.0,32.0,32.0,32.0,-1.34,0.0,2012-12-31
32.0,32.0,32.0,32.0,-2.34,0.0,2013-01-01
32.0,32.0,32.0,32.0,-0.02,0.0,2013-01-02
32.0,32.0,32.0,32.0,0.64,0.0,2013-01-03
32.0,32.0,32.0,32.0,-0.49,0.0,2013-01-06
32.0,32.0,32.0,32.0,-0.75,0.0,2013-01-07
32.0,32.0,32.0,32.0,-0.24,0.0,2013-01-08
32.0,32.0,32.0,32.0,-0.35,0.0,2013-01-09
32.0,32.0,32.0,32.0,0.29,0.0,2013-01-10
32.0,32.0,32.0,32.0,0.06,0.0,2013-01-13
32.0,32.0,32.0,32.0,0.11,0.0,2013-01-15
32.0,32.0,32.0,32.0,-0.55,0.0,2013-01-16
31.0,31.0,31.0,31.0,-1.49,0.0,2013-01-17
30.0,30.0,30.0,30.0,-2.94,0.0,2013-01-20
31.0,31.0,31.0,31.0,2.12,0.0,2013-01-21
31.0,31.0,31.0,31.0,0.77,0.0,2013-01-22
31.0,31.0,31.0,31.0,-1.06,0.0,2013-01-23
31.0,31.0,31.0,31.0,-0.3,0.0,2013-01-24
31.0,31.0,31.0,31.0,0.26,0.0,2013-01-27
31.0,31.0,31.0,31.0,-0.19,0.0,2013-01-28
31.0,31.0,31.0,31.0,-0.54,0.0,2013-01-30
30.0,30.0,30.0,30.0,-0.33,0.0,2013-01-31
31.0,31.0,31.0,31.0,1.37,0.0,2013-02-03
31.0,31.0,31.0,31.0,-0.07,0.0,2013-02-04
31.0,31.0,31.0,31.0,-0.45,0.0,2013-02-05
31.0,31.0,31.0,31.0,-0.27,0.0,2013-02-06
31.0,31.0,31.0,31.0,-0.04,0.0,2013-02-07
31.0,31.0,31.0,31.0,0.73,0.0,2013-02-10
32.0,32.0,32.0,32.0,3.41,0.0,2013-02-12
31.0,31.0,31.0,31.0,-1.24,0.0,2013-02-13
32.0,32.0,32.0,32.0,0.92,0.0,2013-02-14
33.0,33.0,33.0,33.0,5.37,0.0,2013-02-17
33.0,33.0,33.0,33.0,-1.57,0.0,2013-02-19
32.0,32.0,32.0,32.0,-1.53,0.0,2013-02-20
33.0,33.0,33.0,33.0,0.73,0.0,2013-02-21
32.0,32.0,32.0,32.0,-0.7,0.0,2013-02-24
33.0,33.0,33.0,33.0,0.95,0.0,2013-02-25
33.0,33.0,33.0,33.0,0.06,0.0,2013-02-26
32.0,32.0,32.0,32.0,-0.95,0.0,2013-02-27
33.0,33.0,33.0,33.0,0.31,0.0,2013-02-28
32.0,32.0,32.0,32.0,-0.33,0.0,2013-03-03
33.0,33.0,33.0,33.0,0.23,0.0,2013-03-04
32.0,32.0,32.0,32.0,-0.64,0.0,2013-03-05
32.0,32.0,32.0,32.0,0.42,0.0,2013-03-06
32.0,32.0,32.0,32.0,0.02,0.0,2013-03-07
32.0,32.0,32.0,32.0,0.03,0.0,2013-03-11
33.0,33.0,33.0,33.0,1.04,0.0,2013-03-13
33.0,33.0,33.0,33.0,0.15,0.0,2013-03-14
33.0,33.0,33.0,33.0,-1.05,0.0,2013-03-17
32.0,32.0,32.0,32.0,-1.0,0.0,2013-03-18
32.0,32.0,32.0,32.0,0.53,0.0,2013-03-19
32.0,32.0,32.0,32.0,-0.61,0.0,2013-03-20
32.0,32.0,32.0,32.0,-0.03,0.0,2013-03-21
32.0,32.0,32.0,32.0,-1.29,0.0,2013-03-24
32.0,32.0,32.0,32.0,0.44,0.0,2013-03-25
32.0,32.0,32.0,32.0,-0.15,0.0,2013-03-27
32.0,32.0,32.0,32.0,0.03,0.0,2013-03-28
31.0,31.0,31.0,31.0,-1.61,0.0,2013-03-31
31.0,31.0,31.0,31.0,0.57,0.0,2013-04-01
32.0,32.0,32.0,32.0,1.02,0.0,2013-04-02
32.0,32.0,32.0,32.0,-0.16,0.0,2013-04-03
31.0,31.0,31.0,31.0,-1.02,0.0,2013-04-04
31.0,31.0,31.0,31.0,-0.09,0.0,2013-04-07
31.0,31.0,31.0,31.0,-0.24,0.0,2013-04-08
32.0,32.0,32.0,32.0,0.68,0.0,2013-04-09
32.0,32.0,32.0,32.0,0.76,0.0,2013-04-11
32.0,32.0,32.0,32.0,-0.38,0.0,2013-04-15
32.0,32.0,32.0,32.0,-0.61,0.0,2013-04-16
31.0,31.0,31.0,31.0,-0.56,0.0,2013-04-17
31.0,31.0,31.0,31.0,-0.12,0.0,2013-04-18
31.0,31.0,31.0,31.0,-0.6,0.0,2013-04-21
31.0,31.0,31.0,31.0,-1.36,0.0,2013-04-22
31.0,31.0,31.0,31.0,1.17,0.0,2013-04-23
31.0,31.0,31.0,31.0,-0.67,0.0,2013-04-25
31.0,31.0,31.0,31.0,-0.66,0.0,2013-04-28
31.0,31.0,31.0,31.0,0.0,0.0,2013-04-29
31.0,31.0,31.0,31.0,0.07,0.0,2013-04-30
30.0,30.0,30.0,30.0,-1.22,0.0,2013-05-02
30.0,30.0,30.0,30.0,-0.89,0.0,2013-05-05
30.0,30.0,30.0,30.0,-1.54,0.0,2013-05-06
30.0,30.0,30.0,30.0,1.67,0.0,2013-05-07
30.0,30.0,30.0,30.0,-0.53,0.0,2013-05-08
30.0,30.0,30.0,30.0,-0.17,0.0,2013-05-09
30.0,30.0,30.0,30.0,-0.31,0.0,2013-05-12
30.0,30.0,30.0,30.0,0.72,0.0,2013-05-13
30.0,30.0,30.0,30.0,0.04,0.0,2013-05-14
30.0,30.0,30.0,30.0,0.57,0.0,2013-05-15
31.0,31.0,31.0,31.0,1.5,0.0,2013-05-16
30.0,30.0,30.0,30.0,-0.38,0.0,2013-05-19
30.0,30.0,30.0,30.0,0.14,0.0,2013-05-20
31.0,31.0,31.0,31.0,0.19,0.0,2013-05-21
30.0,30.0,30.0,30.0,-0.3,0.0,2013-05-22
30.0,30.0,30.0,30.0,-0.07,0.0,2013-05-23
30.0,30.0,30.0,30.0,0.16,0.0,2013-05-26
31.0,31.0,31.0,31.0,1.18,0.0,2013-05-27
31.0,31.0,31.0,31.0,-0.95,0.0,2013-05-28
30.0,30.0,30.0,30.0,-0.12,0.0,2013-05-30
30.0,30.0,30.0,30.0,-0.29,0.0,2013-06-02
31.0,31.0,31.0,31.0,0.55,0.0,2013-06-03
30.0,30.0,30.0,30.0,-0.23,0.0,2013-06-04
30.0,30.0,30.0,30.0,-0.02,0.0,2013-06-05
31.0,31.0,31.0,31.0,0.1,0.0,2013-06-06
30.0,30.0,30.0,30.0,-0.28,0.0,2013-06-09
30.0,30.0,30.0,30.0,-0.11,0.0,2013-06-10
30.0,30.0,30.0,30.0,0.22,0.0,2013-06-11
30.0,30.0,30.0,30.0,-0.28,0.0,2013-06-12
30.0,30.0,30.0,30.0,-0.48,0.0,2013-06-13
30.0,30.0,30.0,30.0,0.15,0.0,2013-06-16
30.0,30.0,30.0,30.0,-0.52,0.0,2013-06-17
30.0,30.0,30.0,30.0,-0.44,0.0,2013-06-18
30.0,30.0,30.0,30.0,-0.35,0.0,2013-06-19
30.0,30.0,30.0,30.0,-0.46,0.0,2013-06-20
30.0,30.0,30.0,30.0,0.25,0.0,2013-06-23
30.0,30.0,30.0,30.0,0.31,0.0,2013-06-24
30.0,30.0,30.0,30.0,1.39,0.0,2013-06-25
31.0,31.0,31.0,31.0,0.75,0.0,2013-06-26
30.0,30.0,30.0,30.0,-1.01,0.0,2013-06-27
30.0,30.0,30.0,30.0,-0.5,0.0,2013-06-30
30.0,30.0,30.0,30.0,0.2,0.0,2013-07-01
30.0,30.0,30.0,30.0,0.09,0.0,2013-07-02
30.0,30.0,30.0,30.0,-0.29,0.0,2013-07-03
30.0,30.0,30.0,30.0,-0.18,0.0,2013-07-04
30.0,30.0,30.0,30.0,0.07,0.0,2013-07-07
30.0,30.0,30.0,30.0,0.6,0.0,2013-07-08
31.0,31.0,31.0,31.0,1.09,0.0,2013-07-09
31.0,31.0,31.0,31.0,0.91,0.0,2013-07-10
31.0,31.0,31.0,31.0,-0.41,0.0,2013-07-11
31.0,31.0,31.0,31.0,0.31,0.0,2013-07-14
31.0,31.0,31.0,31.0,0.69,0.0,2013-07-15
31.0,31.0,31.0,31.0,-0.14,0.0,2013-07-16
31.0,31.0,31.0,31.0,0.74,0.0,2013-07-17
32.0,32.0,32.0,32.0,2.07,0.0,2013-07-18
33.0,33.0,33.0,33.0,3.77,0.0,2013-07-21
33.0,33.0,33.0,33.0,0.28,0.0,2013-07-22
33.0,33.0,33.0,33.0,-0.2,0.0,2013-07-23
33.0,33.0,33.0,33.0,-1.03,0.0,2013-07-24
33.0,33.0,33.0,33.0,-0.2,0.0,2013-07-25
33.0,33.0,33.0,33.0,1.03,0.0,2013-07-28
33.0,33.0,33.0,33.0,0.55,0.0,2013-07-29
33.0,33.0,33.0,33.0,1.46,0.0,2013-07-30
34.0,34.0,34.0,34.0,0.31,0.0,2013-07-31
33.0,33.0,33.0,33.0,-0.17,0.0,2013-08-01
33.0,33.0,33.0,33.0,0.01,0.0,2013-08-04
33.0,33.0,33.0,33.0,-1.1,0.0,2013-08-05
33.0,33.0,33.0,33.0,0.29,0.0,2013-08-06
33.0,33.0,33.0,33.0,-0.24,0.0,2013-08-07
33.0,33.0,33.0,33.0,0.02,0.0,2013-08-08
33.0,33.0,33.0,33.0,-0.6,0.0,2013-08-11
33.0,33.0,33.0,33.0,-0.29,0.0,2013-08-12
33.0,33.0,33.0,33.0,0.07,0.0,2013-08-13
33.0,33.0,33.0,33.0,-0.33,0.0,2013-08-14
33.0,33.0,33.0,33.0,0.73,0.0,2013-08-15
33.0,33.0,33.0,33.0,1.03,0.0,2013-08-18
33.0,33.0,33.0,33.0,0.55,0.0,2013-08-19
34.0,34.0,34.0,34.0,0.42,0.0,2013-08-20
34.0,34.0,34.0,34.0,-0.06,0.0,2013-08-25
33.0,33.0,33.0,33.0,-0.51,0.0,2013-08-26
34.0,34.0,34.0,34.0,0.59,0.0,2013-08-27
34.0,34.0,34.0,34.0,-0.28,0.0,2013-08-29
33.0,33.0,33.0,33.0,-0.85,0.0,2013-09-01
33.0,33.0,33.0,33.0,-0.04,0.0,2013-09-02
33.0,33.0,33.0,33.0,-0.32,0.0,2013-09-03
33.0,33.0,33.0,33.0,-0.44,0.0,2013-09-04
33.0,33.0,33.0,33.0,0.23,0.0,2013-09-05
34.0,34.0,34.0,34.0,1.79,0.0,2013-09-08
34.0,34.0,34.0,34.0,-0.16,0.0,2013-09-09
33.0,33.0,33.0,33.0,-0.98,0.0,2013-09-10
33.0,33.0,33.0,33.0,0.4,0.0,2013-09-11
34.0,34.0,34.0,34.0,0.39,0.0,2013-09-12
34.0,34.0,34.0,34.0,-0.05,0.0,2013-09-15
34.0,34.0,34.0,34.0,0.19,0.0,2013-09-16
34.0,34.0,34.0,34.0,0.52,0.0,2013-09-17
34.0,34.0,34.0,34.0,-0.52,0.0,2013-09-19
33.0,33.0,33.0,33.0,-1.24,0.0,2013-09-22
33.0,33.0,33.0,33.0,-0.58,0.0,2013-09-23
33.0,33.0,33.0,33.0,0.81,0.0,2013-09-24
33.0,33.0,33.0,33.0,0.05,0.0,2013-09-25
33.0,33.0,33.0,33.0,-0.2,0.0,2013-09-26
33.0,33.0,33.0,33.0,-0.32,0.0,2013-09-29
33.0,33.0,33.0,33.0,-0.38,0.0,2013-09-30
33.0,33.0,33.0,33.0,0.09,0.0,2013-10-01
33.0,33.0,33.0,33.0,0.06,0.0,2013-10-02
33.0,33.0,33.0,33.0,0.37,0.0,2013-10-03
33.0,33.0,33.0,33.0,0.81,0.0,2013-10-06
34.0,34.0,34.0,34.0,0.8,0.0,2013-10-07
34.0,34.0,34.0,34.0,0.8,0.0,2013-10-08
34.0,34.0,34.0,34.0,0.14,0.0,2013-10-09
34.0,34.0,34.0,34.0,0.8,0.0,2013-10-10
35.0,35.0,35.0,35.0,1.13,0.0,2013-10-17
35.0,35.0,35.0,35.0,2.15,0.0,2013-10-20
36.0,36.0,36.0,36.0,0.59,0.0,2013-10-21
35.0,35.0,35.0,35.0,-0.97,0.0,2013-10-22
35.0,35.0,35.0,35.0,-0.26,0.0,2013-10-23
35.0,35.0,35.0,35.0,-0.35,0.0,2013-10-24
35.0,35.0,35.0,35.0,0.39,0.0,2013-10-27
35.0,35.0,35.0,35.0,-0.3,0.0,2013-10-28
35.0,35.0,35.0,35.0,-0.03,0.0,2013-10-29
35.0,35.0,35.0,35.0,0.43,0.0,2013-10-30
35.0,35.0,35.0,35.0,-0.34,0.0,2013-10-31
35.0,35.0,35.0,35.0,-0.19,0.0,2013-11-06
35.0,35.0,35.0,35.0,-0.19,0.0,2013-11-07
35.0,35.0,35.0,35.0,-0.19,0.0,2013-11-10
36.0,36.0,36.0,36.0,1.68,0.0,2013-11-11
36.0,36.0,36.0,36.0,0.71,0.0,2013-11-12
36.0,36.0,36.0,36.0,0.69,0.0,2013-11-13
36.0,36.0,36.0,36.0,-0.1,0.0,2013-11-14
38.0,38.0,38.0,38.0,5.66,0.0,2013-11-21
39.0,39.0,39.0,39.0,3.34,0.0,2013-11-24
39.0,39.0,39.0,39.0,-1.37,0.0,2013-11-25
39.0,39.0,39.0,39.0,-0.17,0.0,2013-11-26
39.0,39.0,39.0,39.0,-0.06,0.0,2013-11-27
39.0,39.0,39.0,39.0,-0.31,0.0,2013-11-28
42.0,42.0,42.0,42.0,4.04,0.0,2013-12-05
41.0,41.0,41.0,41.0,-0.77,0.0,2013-12-08
42.0,42.0,42.0,42.0,0.79,0.0,2013-12-09
42.0,42.0,42.0,42.0,-0.26,0.0,2013-12-10
42.0,42.0,42.0,42.0,1.22,0.0,2013-12-11
42.0,42.0,42.0,42.0,0.05,0.0,2013-12-12
43.0,43.0,43.0,43.0,2.68,0.0,2013-12-15
45.0,45.0,45.0,45.0,4.48,0.0,2013-12-16
47.0,47.0,47.0,47.0,4.69,0.0,2013-12-18
47.0,47.0,47.0,47.0,-0.53,0.0,2013-12-19
46.0,46.0,46.0,46.0,-1.83,0.0,2013-12-22
45.0,45.0,45.0,45.0,0.6,0.0,2013-12-24
46.0,46.0,46.0,46.0,2.01,0.0,2013-12-26
46.0,46.0,46.0,46.0,-0.93,0.0,2013-12-29
45.0,45.0,45.0,45.0,-1.12,0.0,2013-12-31
44.0,44.0,44.0,44.0,-1.87,0.0,2014-01-01
45.0,45.0,45.0,45.0,1.22,0.0,2014-01-02
44.0,44.0,44.0,44.0,-1.04,0.0,2014-01-05
44.0,44.0,44.0,44.0,-0.23,0.0,2014-01-06
44.0,44.0,44.0,44.0,0.58,0.0,2014-01-07
45.0,45.0,45.0,45.0,1.14,0.0,2014-01-08
45.0,45.0,45.0,45.0,0.42,0.0,2014-01-09
46.0,46.0,46.0,46.0,1.73,0.0,2014-01-12
46.0,46.0,46.0,46.0,-0.38,0.0,2014-01-13
46.0,46.0,46.0,46.0,0.01,0.0,2014-01-14
46.0,46.0,46.0,46.0,0.25,0.0,2014-01-16
46.0,46.0,46.0,46.0,-0.15,0.0,2014-01-19
45.0,45.0,45.0,45.0,-0.78,0.0,2014-01-20
45.0,45.0,45.0,45.0,-0.17,0.0,2014-01-21
45.0,45.0,45.0,45.0,-0.61,0.0,2014-01-22
45.0,45.0,45.0,45.0,0.06,0.0,2014-01-23
45.0,45.0,45.0,45.0,-0.93,0.0,2014-01-26
45.0,45.0,45.0,45.0,-0.13,0.0,2014-01-27
45.0,45.0,45.0,45.0,0.0,0.0,2014-01-28
45.0,45.0,45.0,45.0,0.36,0.0,2014-01-29
44.0,44.0,44.0,44.0,-1.09,0.0,2014-02-02
44.0,44.0,44.0,44.0,-0.6,0.0,2014-02-03
44.0,44.0,44.0,44.0,0.56,0.0,2014-02-04
45.0,45.0,45.0,45.0,0.59,0.0,2014-02-05
45.0,45.0,45.0,45.0,1.0,0.0,2014-02-06
45.0,45.0,45.0,45.0,-0.29,0.0,2014-02-09
46.0,46.0,46.0,46.0,2.05,0.0,2014-02-10
45.0,45.0,45.0,45.0,-0.77,0.0,2014-02-11
45.0,45.0,45.0,45.0,-0.04,0.0,2014-02-12
46.0,46.0,46.0,46.0,0.76,0.0,2014-02-13
46.0,46.0,46.0,46.0,-0.44,0.0,2014-02-16
46.0,46.0,46.0,46.0,0.53,0.0,2014-02-17
46.0,46.0,46.0,46.0,1.16,0.0,2014-02-18
47.0,47.0,47.0,47.0,0.95,0.0,2014-02-20
47.0,47.0,47.0,47.0,0.87,0.0,2014-02-23
47.0,47.0,47.0,47.0,-0.48,0.0,2014-02-24
47.0,47.0,47.0,47.0,0.38,0.0,2014-02-25
47.0,47.0,47.0,47.0,-1.02,0.0,2014-02-26
46.0,46.0,46.0,46.0,-1.71,0.0,2014-03-03
45.0,45.0,45.0,45.0,-1.67,0.0,2014-03-04
46.0,46.0,46.0,46.0,1.57,0.0,2014-03-05
45.0,45.0,45.0,45.0,-0.9,0.0,2014-03-06
45.0,45.0,45.0,45.0,-1.28,0.0,2014-03-09
45.0,45.0,45.0,45.0,-0.1,0.0,2014-03-10
44.0,44.0,44.0,44.0,-0.67,0.0,2014-03-11
44.0,44.0,44.0,44.0,-0.87,0.0,2014-03-12
44.0,44.0,44.0,44.0,0.17,0.0,2014-03-13
43.0,43.0,43.0,43.0,-2.05,0.0,2014-03-17
42.0,42.0,42.0,42.0,-1.99,0.0,2014-03-18
43.0,43.0,43.0,43.0,1.83,0.0,2014-03-19
44.0,44.0,44.0,44.0,1.69,0.0,2014-03-20
44.0,44.0,44.0,44.0,-0.43,0.0,2014-03-23
44.0,44.0,44.0,44.0,1.38,0.0,2014-03-24
44.0,44.0,44.0,44.0,-0.4,0.0,2014-03-25
44.0,44.0,44.0,44.0,-0.34,0.0,2014-03-26
44.0,44.0,44.0,44.0,-0.25,0.0,2014-03-27
44.0,44.0,44.0,44.0,0.49,0.0,2014-03-31
45.0,45.0,45.0,45.0,1.24,0.0,2014-04-01
45.0,45.0,45.0,45.0,0.02,0.0,2014-04-02
45.0,45.0,45.0,45.0,0.14,0.0,2014-04-03
45.0,45.0,45.0,45.0,-0.31,0.0,2014-04-06
45.0,45.0,45.0,45.0,-0.06,0.0,2014-04-07
45.0,45.0,45.0,45.0,1.47,0.0,2014-04-09
46.0,46.0,46.0,46.0,1.32,0.0,2014-04-10
46.0,46.0,46.0,46.0,0.48,0.0,2014-04-13
46.0,46.0,46.0,46.0,0.24,0.0,2014-04-15
46.0,46.0,46.0,46.0,-0.85,0.0,2014-04-16
45.0,45.0,45.0,45.0,-0.46,0.0,2014-04-17
45.0,45.0,45.0,45.0,-0.17,0.0,2014-04-20
45.0,45.0,45.0,45.0,-0.01,0.0,2014-04-21
46.0,46.0,46.0,46.0,0.46,0.0,2014-04-22
46.0,46.0,46.0,46.0,0.81,0.0,2014-04-23
46.0,46.0,46.0,46.0,-0.37,0.0,2014-04-27
46.0,46.0,46.0,46.0,-0.11,0.0,2014-04-28
46.0,46.0,46.0,46.0,0.54,0.0,2014-04-29
46.0,46.0,46.0,46.0,0.59,0.0,2014-04-30
47.0,47.0,47.0,47.0,1.36,0.0,2014-05-04
49.0,49.0,49.0,49.0,1.96,0.0,2014-05-06
49.0,49.0,49.0,49.0,-0.06,0.0,2014-05-07
48.0,48.0,48.0,48.0,-1.02,0.0,2014-05-08
48.0,48.0,48.0,48.0,-0.93,0.0,2014-05-11
48.0,48.0,48.0,48.0,0.36,0.0,2014-05-12
48.0,48.0,48.0,48.0,0.07,0.0,2014-05-13
48.0,48.0,48.0,48.0,0.1,0.0,2014-05-15
48.0,48.0,48.0,48.0,-0.44,0.0,2014-05-18
48.0,48.0,48.0,48.0,-0.37,0.0,2014-05-19
48.0,48.0,48.0,48.0,0.2,0.0,2014-05-20
48.0,48.0,48.0,48.0,0.44,0.0,2014-05-21
48.0,48.0,48.0,48.0,0.7,0.0,2014-05-22
49.0,49.0,49.0,49.0,1.62,0.0,2014-05-25
49.0,49.0,49.0,49.0,-0.27,0.0,2014-05-26
49.0,49.0,49.0,49.0,-0.62,0.0,2014-05-27
49.0,49.0,49.0,49.0,1.26,0.0,2014-05-28
50.0,50.0,50.0,50.0,1.29,0.0,2014-06-01
50.0,50.0,50.0,50.0,1.05,0.0,2014-06-02
51.0,51.0,51.0,51.0,0.83,0.0,2014-06-03
51.0,51.0,51.0,51.0,-0.1,0.0,2014-06-04
51.0,51.0,51.0,51.0,-0.47,0.0,2014-06-05
51.0,51.0,51.0,51.0,0.53,0.0,2014-06-08
51.0,51.0,51.0,51.0,0.49,0.0,2014-06-09
52.0,52.0,52.0,52.0,1.34,0.0,2014-06-10
52.0,52.0,52.0,52.0,0.57,0.0,2014-06-11
52.0,52.0,52.0,52.0,0.8,0.0,2014-06-12
54.0,54.0,54.0,54.0,3.05,0.0,2014-06-15
55.0,55.0,55.0,55.0,1.86,0.0,2014-06-16
55.0,55.0,55.0,55.0,-0.42,0.0,2014-06-17
54.0,54.0,54.0,54.0,-0.76,0.0,2014-06-18
54.0,54.0,54.0,54.0,-0.65,0.0,2014-06-19
53.0,53.0,53.0,53.0,-1.17,0.0,2014-06-23
54.0,54.0,54.0,54.0,0.47,0.0,2014-06-24
54.0,54.0,54.0,54.0,1.09,0.0,2014-06-25
54.0,54.0,54.0,54.0,0.3,0.0,2014-06-26
55.0,55.0,55.0,55.0,1.22,0.0,2014-06-29
55.0,55.0,55.0,55.0,0.22,0.0,2014-06-30
56.0,56.0,56.0,56.0,0.94,0.0,2014-07-01
57.0,57.0,57.0,57.0,1.69,0.0,2014-07-02
57.0,57.0,57.0,57.0,0.03,0.0,2014-07-03
57.0,57.0,57.0,57.0,0.97,0.0,2014-07-06
58.0,58.0,58.0,58.0,1.22,0.0,2014-07-07
59.0,59.0,59.0,59.0,2.35,0.0,2014-07-08
60.0,60.0,60.0,60.0,0.71,0.0,2014-07-09
60.0,60.0,60.0,60.0,0.63,0.0,2014-07-10
61.0,61.0,61.0,61.0,1.25,0.0,2014-07-13
60.0,60.0,60.0,60.0,-0.98,0.0,2014-07-14
60.0,60.0,60.0,60.0,-0.18,0.0,2014-07-15
61.0,61.0,61.0,61.0,1.09,0.0,2014-07-16
61.0,61.0,61.0,61.0,0.89,0.0,2014-07-17
63.0,63.0,63.0,63.0,2.86,0.0,2014-07-20
64.0,64.0,64.0,64.0,0.88,0.0,2014-07-21
64.0,64.0,64.0,64.0,-0.56,0.0,2014-07-22
64.0,64.0,64.0,64.0,0.38,0.0,2014-07-23
64.0,64.0,64.0,64.0,-0.36,0.0,2014-07-24
63.0,63.0,63.0,63.0,-0.55,0.0,2014-07-27
63.0,63.0,63.0,63.0,-0.06,0.0,2014-07-28
62.0,62.0,62.0,62.0,-1.08,0.0,2014-07-30
63.0,63.0,63.0,63.0,0.3,0.0,2014-07-31
62.0,62.0,62.0,62.0,-0.97,0.0,2014-08-03
61.0,61.0,61.0,61.0,-1.77,0.0,2014-08-04
61.0,61.0,61.0,61.0,0.71,0.0,2014-08-05
61.0,61.0,61.0,61.0,-0.47,0.0,2014-08-06
61.0,61.0,61.0,61.0,0.0,0.0,2014-08-07
60.0,60.0,60.0,60.0,-2.01,0.0,2014-08-12
60.0,60.0,60.0,60.0,0.55,0.0,2014-08-13
61.0,61.0,61.0,61.0,0.58,0.0,2014-08-14
59.0,59.0,59.0,59.0,-2.3,0.0,2014-08-18
59.0,59.0,59.0,59.0,0.05,0.0,2014-08-19
58.0,58.0,58.0,58.0,-1.99,0.0,2014-08-20
58.0,58.0,58.0,58.0,0.33,0.0,2014-08-21
58.0,58.0,58.0,58.0,-1.05,0.0,2014-08-24
55.0,55.0,55.0,55.0,-4.12,0.0,2014-08-25
54.0,54.0,54.0,54.0,-2.45,0.0,2014-08-26
56.0,56.0,56.0,56.0,4.62,0.0,2014-08-27
57.0,57.0,57.0,57.0,1.1,0.0,2014-08-28
56.0,56.0,56.0,56.0,-2.02,0.0,2014-08-31
56.0,56.0,56.0,56.0,-0.68,0.0,2014-09-01
55.0,55.0,55.0,55.0,-1.2,0.0,2014-09-03
54.0,54.0,54.0,54.0,1.56,0.0,2014-09-04
51.0,51.0,51.0,51.0,-5.54,0.0,2014-09-07
54.0,54.0,54.0,54.0,5.87,0.0,2014-09-09
54.0,54.0,54.0,54.0,-1.49,0.0,2014-09-10
53.0,53.0,53.0,53.0,-0.13,0.0,2014-09-11
53.0,53.0,53.0,53.0,-0.94,0.0,2014-09-14
53.0,53.0,53.0,53.0,0.74,0.0,2014-09-15
54.0,54.0,54.0,54.0,1.44,0.0,2014-09-16
54.0,54.0,54.0,54.0,-0.83,0.0,2014-09-17
53.0,53.0,53.0,53.0,-1.55,0.0,2014-09-18
52.0,52.0,52.0,52.0,-2.23,0.0,2014-09-21
52.0,52.0,52.0,52.0,0.12,0.0,2014-09-22
53.0,53.0,53.0,53.0,1.7,0.0,2014-09-23
54.0,54.0,54.0,54.0,2.02,0.0,2014-09-24
54.0,54.0,54.0,54.0,0.48,0.0,2014-09-28
55.0,55.0,55.0,55.0,2.34,0.0,2014-09-29
55.0,55.0,55.0,55.0,-0.31,0.0,2014-09-30
54.0,54.0,54.0,54.0,-1.53,0.0,2014-10-08
54.0,54.0,54.0,54.0,-0.3,0.0,2014-10-09
54.0,54.0,54.0,54.0,-0.85,0.0,2014-10-12
53.0,53.0,53.0,53.0,-0.52,0.0,2014-10-13
53.0,53.0,53.0,53.0,0.45,0.0,2014-10-14
54.0,54.0,54.0,54.0,1.14,0.0,2014-10-15
54.0,54.0,54.0,54.0,0.04,0.0,2014-10-16
54.0,54.0,54.0,54.0,0.22,0.0,2014-10-19
54.0,54.0,54.0,54.0,-0.3,0.0,2014-10-20
54.0,54.0,54.0,54.0,-0.07,0.0,2014-10-21
54.0,54.0,54.0,54.0,0.57,0.0,2014-10-22
54.0,54.0,54.0,54.0,0.02,0.0,2014-10-26
55.0,55.0,55.0,55.0,0.35,0.0,2014-10-27
54.0,54.0,54.0,54.0,-0.18,0.0,2014-10-28
54.0,54.0,54.0,54.0,-0.61,0.0,2014-10-30
53.0,53.0,53.0,53.0,-1.15,0.0,2014-11-02
53.0,53.0,53.0,53.0,-1.74,0.0,2014-11-03
52.0,52.0,52.0,52.0,-0.78,0.0,2014-11-04
53.0,53.0,53.0,53.0,0.96,0.0,2014-11-05
53.0,53.0,53.0,53.0,-0.19,0.0,2014-11-06
52.0,52.0,52.0,52.0,-1.07,0.0,2014-11-09
51.0,51.0,51.0,51.0,-1.17,0.0,2014-11-10
52.0,52.0,52.0,52.0,0.8,0.0,2014-11-11
51.0,51.0,51.0,51.0,-0.75,0.0,2014-11-12
51.0,51.0,51.0,51.0,-0.58,0.0,2014-11-13
50.0,50.0,50.0,50.0,-1.74,0.0,2014-11-16
49.0,49.0,49.0,49.0,-2.26,0.0,2014-11-17
49.0,49.0,49.0,49.0,-0.67,0.0,2014-11-18
49.0,49.0,49.0,49.0,1.35,0.0,2014-11-19
50.0,50.0,50.0,50.0,1.09,0.0,2014-11-20
50.0,50.0,50.0,50.0,1.02,0.0,2014-11-23
50.0,50.0,50.0,50.0,-0.64,0.0,2014-11-24
50.0,50.0,50.0,50.0,-0.01,0.0,2014-11-25
50.0,50.0,50.0,50.0,-0.8,0.0,2014-11-30
49.0,49.0,49.0,49.0,-0.46,0.0,2014-12-01
49.0,49.0,49.0,49.0,-0.69,0.0,2014-12-02
49.0,49.0,49.0,49.0,0.61,0.0,2014-12-03
50.0,50.0,50.0,50.0,0.63,0.0,2014-12-04
50.0,50.0,50.0,50.0,-0.4,0.0,2014-12-07
49.0,49.0,49.0,49.0,-0.2,0.0,2014-12-08
49.0,49.0,49.0,49.0,-0.04,0.0,2014-12-09
50.0,50.0,50.0,50.0,0.87,0.0,2014-12-10
51.0,51.0,51.0,51.0,1.93,0.0,2014-12-11
53.0,53.0,53.0,53.0,5.1,0.0,2014-12-14
54.0,54.0,54.0,54.0,0.81,0.0,2014-12-15
53.0,53.0,53.0,53.0,-0.67,0.0,2014-12-16
53.0,53.0,53.0,53.0,-1.26,0.0,2014-12-17
53.0,53.0,53.0,53.0,0.25,0.0,2014-12-18
52.0,52.0,52.0,52.0,-1.02,0.0,2014-12-21
52.0,52.0,52.0,52.0,-1.2,0.0,2014-12-22
51.0,51.0,51.0,51.0,-0.95,0.0,2014-12-23
52.0,52.0,52.0,52.0,0.48,0.0,2014-12-24
53.0,53.0,53.0,53.0,2.13,0.0,2014-12-28
53.0,53.0,53.0,53.0,0.34,0.0,2014-12-29
53.0,53.0,53.0,53.0,-0.83,0.0,2014-12-31
53.0,53.0,53.0,53.0,0.23,0.0,2015-01-01
54.0,54.0,54.0,54.0,1.49,0.0,2015-01-04
54.0,54.0,54.0,54.0,0.26,0.0,2015-01-05
54.0,54.0,54.0,54.0,-0.54,0.0,2015-01-06
54.0,54.0,54.0,54.0,0.56,0.0,2015-01-07
54.0,54.0,54.0,54.0,0.76,0.0,2015-01-08
54.0,54.0,54.0,54.0,-0.41,0.0,2015-01-11
54.0,54.0,54.0,54.0,-0.31,0.0,2015-01-12
54.0,54.0,54.0,54.0,0.79,0.0,2015-01-13
54.0,54.0,54.0,54.0,0.17,0.0,2015-01-14
55.0,55.0,55.0,55.0,0.5,0.0,2015-01-18
57.0,57.0,57.0,57.0,3.62,0.0,2015-01-19
56.0,56.0,56.0,56.0,-1.45,0.0,2015-01-20
56.0,56.0,56.0,56.0,-0.36,0.0,2015-01-22
56.0,56.0,56.0,56.0,1.33,0.0,2015-01-25
57.0,57.0,57.0,57.0,0.16,0.0,2015-01-26
57.0,57.0,57.0,57.0,0.83,0.0,2015-01-27
58.0,58.0,58.0,58.0,1.47,0.0,2015-01-28
58.0,58.0,58.0,58.0,-0.12,0.0,2015-01-29
58.0,58.0,58.0,58.0,0.38,0.0,2015-02-01
58.0,58.0,58.0,58.0,-0.26,0.0,2015-02-02
58.0,58.0,58.0,58.0,-0.47,0.0,2015-02-03
58.0,58.0,58.0,58.0,-0.03,0.0,2015-02-04
57.0,57.0,57.0,57.0,-0.61,0.0,2015-02-05
57.0,57.0,57.0,57.0,0.19,0.0,2015-02-08
57.0,57.0,57.0,57.0,-0.24,0.0,2015-02-09
57.0,57.0,57.0,57.0,-0.16,0.0,2015-02-10
57.0,57.0,57.0,57.0,0.11,0.0,2015-02-11
57.0,57.0,57.0,57.0,0.3,0.0,2015-02-12
57.0,57.0,57.0,57.0,0.31,0.0,2015-02-15
57.0,57.0,57.0,57.0,-0.59,0.0,2015-02-16
57.0,57.0,57.0,57.0,-0.51,0.0,2015-02-18
56.0,56.0,56.0,56.0,-1.5,0.0,2015-02-22
56.0,56.0,56.0,56.0,0.3,0.0,2015-02-23
56.0,56.0,56.0,56.0,-0.4,0.0,2015-02-24
56.0,56.0,56.0,56.0,0.0,0.0,2015-02-25
56.0,56.0,56.0,56.0,0.5,0.0,2015-02-26
56.0,56.0,56.0,56.0,-0.21,0.0,2015-03-01
57.0,57.0,57.0,57.0,1.2,0.0,2015-03-02
57.0,57.0,57.0,57.0,-0.36,0.0,2015-03-03
57.0,57.0,57.0,57.0,0.43,0.0,2015-03-04
57.0,57.0,57.0,57.0,0.69,0.0,2015-03-09
57.0,57.0,57.0,57.0,-0.42,0.0,2015-03-10
57.0,57.0,57.0,57.0,0.92,0.0,2015-03-11
57.0,57.0,57.0,57.0,-0.61,0.0,2015-03-12
57.0,57.0,57.0,57.0,-0.73,0.0,2015-03-15
56.0,56.0,56.0,56.0,-1.32,0.0,2015-03-16
56.0,56.0,56.0,56.0,0.57,0.0,2015-03-17
56.0,56.0,56.0,56.0,0.08,0.0,2015-03-18
57.0,57.0,57.0,57.0,0.55,0.0,2015-03-19
56.0,56.0,56.0,56.0,-0.65,0.0,2015-03-22
56.0,56.0,56.0,56.0,-0.8,0.0,2015-03-23
56.0,56.0,56.0,56.0,-0.34,0.0,2015-03-24
55.0,55.0,55.0,55.0,-0.38,0.0,2015-03-25
55.0,55.0,55.0,55.0,-0.47,0.0,2015-03-26
55.0,55.0,55.0,55.0,-0.2,0.0,2015-03-29
55.0,55.0,55.0,55.0,-0.31,0.0,2015-03-30
55.0,55.0,55.0,55.0,0.77,0.0,2015-03-31
55.0,55.0,55.0,55.0,-0.67,0.0,2015-04-01
55.0,55.0,55.0,55.0,0.22,0.0,2015-04-02
55.0,55.0,55.0,55.0,-0.67,0.0,2015-04-05
55.0,55.0,55.0,55.0,0.24,0.0,2015-04-06
55.0,55.0,55.0,55.0,-0.11,0.0,2015-04-07
55.0,55.0,55.0,55.0,0.77,0.0,2015-04-08
56.0,56.0,56.0,56.0,0.65,0.0,2015-04-09
56.0,56.0,56.0,56.0,0.65,0.0,2015-04-12
56.0,56.0,56.0,56.0,-0.47,0.0,2015-04-13
55.0,55.0,55.0,55.0,-0.47,0.0,2015-04-15
56.0,56.0,56.0,56.0,0.67,0.0,2015-04-16
56.0,56.0,56.0,56.0,-0.23,0.0,2015-04-19
56.0,56.0,56.0,56.0,-0.09,0.0,2015-04-20
56.0,56.0,56.0,56.0,0.2,0.0,2015-04-21
55.0,55.0,55.0,55.0,-0.4,0.0,2015-04-22
56.0,56.0,56.0,56.0,0.32,0.0,2015-04-23
54.0,54.0,54.0,54.0,-2.45,0.0,2015-05-24
52.0,52.0,52.0,52.0,-3.66,0.0,2015-05-25
50.0,50.0,50.0,50.0,-3.71,0.0,2015-05-26
49.0,49.0,49.0,49.0,-2.8,0.0,2015-05-27
49.0,49.0,49.0,49.0,0.9,0.0,2015-05-28
51.0,51.0,51.0,51.0,4.3,0.0,2015-05-31
53.0,53.0,53.0,53.0,2.21,0.0,2015-06-01
53.0,53.0,53.0,53.0,1.01,0.0,2015-06-02
55.0,55.0,55.0,55.0,3.31,0.0,2015-06-03
55.0,55.0,55.0,55.0,-0.18,0.0,2015-06-04
55.0,55.0,55.0,55.0,0.73,0.0,2015-06-07
56.0,56.0,56.0,56.0,1.56,0.0,2015-06-08
58.0,58.0,58.0,58.0,3.84,0.0,2015-06-09
58.0,58.0,58.0,58.0,-1.19,0.0,2015-06-10
56.0,56.0,56.0,56.0,-2.21,0.0,2015-06-11
56.0,56.0,56.0,56.0,-1.19,0.0,2015-06-14
56.0,56.0,56.0,56.0,0.59,0.0,2015-06-15
56.0,56.0,56.0,56.0,-0.41,0.0,2015-06-16
55.0,55.0,55.0,55.0,-0.43,0.0,2015-06-17
55.0,55.0,55.0,55.0,-0.31,0.0,2015-06-18
55.0,55.0,55.0,55.0,-0.76,0.0,2015-06-21
55.0,55.0,55.0,55.0,0.38,0.0,2015-06-22
55.0,55.0,55.0,55.0,0.36,0.0,2015-06-23
55.0,55.0,55.0,55.0,0.18,0.0,2015-06-24
56.0,56.0,56.0,56.0,0.36,0.0,2015-06-25
56.0,56.0,56.0,56.0,0.53,0.0,2015-06-28
56.0,56.0,56.0,56.0,0.72,0.0,2015-06-29
56.0,56.0,56.0,56.0,0.28,0.0,2015-06-30
56.0,56.0,56.0,56.0,-0.51,0.0,2015-07-01
56.0,56.0,56.0,56.0,-0.77,0.0,2015-07-02
56.0,56.0,56.0,56.0,-0.16,0.0,2015-07-05
56.0,56.0,56.0,56.0,-0.11,0.0,2015-07-06
56.0,56.0,56.0,56.0,0.56,0.0,2015-07-07
56.0,56.0,56.0,56.0,0.05,0.0,2015-07-08
56.0,56.0,56.0,56.0,0.16,0.0,2015-07-09
56.0,56.0,56.0,56.0,0.18,0.0,2015-07-12
56.0,56.0,56.0,56.0,-0.15,0.0,2015-07-13
56.0,56.0,56.0,56.0,0.21,0.0,2015-07-14
56.0,56.0,56.0,56.0,0.41,0.0,2015-07-15
57.0,57.0,57.0,57.0,1.38,0.0,2015-07-16
57.0,57.0,57.0,57.0,0.33,0.0,2015-07-22
60.0,60.0,60.0,60.0,5.11,0.0,2015-07-23
64.0,64.0,64.0,64.0,5.76,0.0,2015-07-26
63.0,63.0,63.0,63.0,-0.06,0.0,2015-07-27
62.0,62.0,62.0,62.0,-2.05,0.0,2015-07-28
62.0,62.0,62.0,62.0,-0.66,0.0,2015-07-29
62.0,62.0,62.0,62.0,0.57,0.0,2015-07-30
63.0,63.0,63.0,63.0,0.94,0.0,2015-08-02
62.0,62.0,62.0,62.0,-0.36,0.0,2015-08-03
62.0,62.0,62.0,62.0,-0.22,0.0,2015-08-04
62.0,62.0,62.0,62.0,0.26,0.0,2015-08-05
63.0,63.0,63.0,63.0,0.69,0.0,2015-08-06
64.0,64.0,64.0,64.0,0.39,0.0,2015-08-09
65.0,65.0,65.0,65.0,1.74,0.0,2015-08-10
65.0,65.0,65.0,65.0,-0.57,0.0,2015-08-11
65.0,65.0,65.0,65.0,-0.03,0.0,2015-08-12
66.0,66.0,66.0,66.0,1.17,0.0,2015-08-13
67.0,67.0,67.0,67.0,2.13,0.0,2015-08-16
70.0,70.0,70.0,70.0,4.65,0.0,2015-08-17
71.0,71.0,71.0,71.0,0.61,0.0,2015-08-18
73.0,73.0,73.0,73.0,2.97,0.0,2015-08-19
73.0,73.0,73.0,73.0,0.58,0.0,2015-08-20
72.0,72.0,72.0,72.0,-1.31,0.0,2015-08-23
72.0,72.0,72.0,72.0,-0.43,0.0,2015-08-24
72.0,72.0,72.0,72.0,-0.31,0.0,2015-08-25
71.0,71.0,71.0,71.0,-0.38,0.0,2015-08-26
72.0,72.0,72.0,72.0,0.28,0.0,2015-08-27
72.0,72.0,72.0,72.0,0.92,0.0,2015-08-31
72.0,72.0,72.0,72.0,-0.8,0.0,2015-09-01
71.0,71.0,71.0,71.0,-1.66,0.0,2015-09-02
70.0,70.0,70.0,70.0,-0.58,0.0,2015-09-03
70.0,70.0,70.0,70.0,-0.29,0.0,2015-09-06
70.0,70.0,70.0,70.0,0.64,0.0,2015-09-07
71.0,71.0,71.0,71.0,0.3,0.0,2015-09-08
71.0,71.0,71.0,71.0,0.04,0.0,2015-09-09
70.0,70.0,70.0,70.0,-0.27,0.0,2015-09-10
72.0,72.0,72.0,72.0,1.53,0.0,2015-09-13
72.0,72.0,72.0,72.0,0.98,0.0,2015-09-14
73.19,73.19,73.19,73.19,1.36,0.0,2015-09-15
73.01,73.01,73.01,73.01,-0.25,0.0,2015-09-16
72.59,72.59,72.59,72.59,-0.58,0.0,2015-09-17
69.81,69.81,69.81,69.81,-3.84,0.0,2015-09-22
71.73,71.73,71.73,71.73,2.75,0.0,2015-09-23
71.44,71.44,71.44,71.44,-0.4,0.0,2015-09-24
70.4,70.4,70.4,70.4,-1.46,0.0,2015-09-28
71.08,71.08,71.08,71.08,0.97,0.0,2015-09-29
71.93,71.93,71.93,71.93,1.2,0.0,2015-09-30
71.81,71.81,71.81,71.81,-0.17,0.0,2015-10-01
72.06,72.06,72.06,72.06,0.35,0.0,2015-10-04
71.24,71.24,71.24,71.24,-1.14,0.0,2015-10-05
70.38,70.38,70.38,70.38,-1.21,0.0,2015-10-06
69.85,69.85,69.85,69.85,-0.75,0.0,2015-10-07
70.77,70.77,70.77,70.77,1.32,0.0,2015-10-08
69.58,69.58,69.58,69.58,-1.68,0.0,2015-10-11
69.03,69.03,69.03,69.03,-0.79,0.0,2015-10-14
69.0,69.0,69.0,69.0,-0.04,0.0,2015-10-15
68.0,68.0,68.0,68.0,-1.45,0.0,2015-10-18
68.54,68.54,68.54,68.54,0.79,0.0,2015-10-19
68.08,68.08,68.08,68.08,-0.67,0.0,2015-10-25
65.93,65.93,65.93,65.93,-3.16,0.0,2015-10-27
65.58,65.58,65.58,65.58,-0.53,0.0,2015-10-28
66.04,66.04,66.04,66.04,0.7,0.0,2015-10-29
65.75,65.75,65.75,65.75,-0.44,0.0,2015-11-01
65.9,65.9,65.9,65.9,0.23,0.0,2015-11-02
65.51,65.51,65.51,65.51,-0.59,0.0,2015-11-03
65.91,65.91,65.91,65.91,0.61,0.0,2015-11-04
65.87,65.87,65.87,65.87,-0.06,0.0,2015-11-05
65.67,65.67,65.67,65.67,-0.3,0.0,2015-11-08
67.16,67.16,67.16,67.16,2.27,0.0,2015-11-09
67.28,67.28,67.28,67.28,0.18,0.0,2015-11-10
66.66,66.66,66.66,66.66,-0.92,0.0,2015-11-15
66.13,66.13,66.13,66.13,-0.8,0.0,2015-11-16
66.61,66.61,66.61,66.61,0.73,0.0,2015-11-18
66.16,66.16,66.16,66.16,-0.68,0.0,2015-11-19
64.63,64.63,64.63,64.63,-2.31,0.0,2015-11-22
64.65,64.65,64.65,64.65,0.03,0.0,2015-11-23
64.26,64.26,64.26,64.26,-0.6,0.0,2015-11-24
63.57,63.57,63.57,63.57,-1.07,0.0,2015-11-25
62.72,62.72,62.72,62.72,-1.34,0.0,2015-11-26
61.3,61.3,61.3,61.3,-2.26,0.0,2015-11-29
62.05,62.05,62.05,62.05,1.22,0.0,2015-11-30
64.2,64.2,64.2,64.2,3.46,0.0,2015-12-01
63.89,63.89,63.89,63.89,-0.48,0.0,2015-12-02
64.7,64.7,64.7,64.7,1.27,0.0,2015-12-03
66.66,66.66,66.66,66.66,3.03,0.0,2015-12-06
67.01,67.01,67.01,67.01,0.53,0.0,2015-12-07
67.01,67.01,67.01,67.01,0.0,0.0,2015-12-08
67.95,67.95,67.95,67.95,1.4,0.0,2015-12-09
67.74,67.74,67.74,67.74,-0.31,0.0,2015-12-10
67.44,67.44,67.44,67.44,-0.44,0.0,2015-12-13
67.22,67.22,67.22,67.22,-0.33,0.0,2015-12-14
66.91,66.91,66.91,66.91,-0.46,0.0,2015-12-15
66.6,66.6,66.6,66.6,-0.46,0.0,2015-12-16
66.47,66.47,66.47,66.47,-0.2,0.0,2015-12-17
67.4,67.4,67.4,67.4,1.4,0.0,2015-12-20
68.5,68.5,68.5,68.5,1.57,0.0,2015-12-21
68.83,68.83,68.83,68.83,0.48,0.0,2015-12-22
68.4,68.4,68.4,68.4,-0.62,0.0,2015-12-23
68.67,68.67,68.67,68.67,0.39,0.0,2015-12-24
68.56,68.56,68.56,68.56,-0.17,0.0,2015-12-27
68.29,68.29,68.29,68.29,-0.39,0.0,2015-12-28
68.88,68.88,68.88,68.88,0.86,0.0,2015-12-29
69.39,69.39,69.39,69.39,0.74,0.0,2015-12-31
69.78,69.78,69.78,69.78,0.56,0.0,2016-01-03
69.35,69.35,69.35,69.35,-0.62,0.0,2016-01-04
69.02,69.02,69.02,69.02,-0.48,0.0,2016-01-05
69.31,69.31,69.31,69.31,0.42,0.0,2016-01-06
70.16,70.16,70.16,70.16,1.23,0.0,2016-01-07
70.24,70.24,70.24,70.24,0.11,0.0,2016-01-10
70.45,70.45,70.45,70.45,0.3,0.0,2016-01-11
70.83,70.83,70.83,70.83,0.54,0.0,2016-01-12
71.43,71.43,71.43,71.43,0.85,0.0,2016-01-13
72.02,72.02,72.02,72.02,0.83,0.0,2016-01-14
73.46,73.46,73.46,73.46,2.0,0.0,2016-01-17
73.73,73.73,73.73,73.73,0.37,0.0,2016-01-18
73.8,73.8,73.8,73.8,0.09,0.0,2016-01-19
73.9,73.9,73.9,73.9,0.14,0.0,2016-01-20
73.71,73.71,73.71,73.71,-0.26,0.0,2016-01-21
74.21,74.21,74.21,74.21,0.66,0.0,2016-01-24
74.47,74.47,74.47,74.47,0.35,0.0,2016-01-25
74.22,74.22,74.22,74.22,-0.34,0.0,2016-01-26
74.14,74.14,74.14,74.14,-0.11,0.0,2016-01-27
73.95,73.95,73.95,73.95,-0.26,0.0,2016-01-28
74.23,74.23,74.23,74.23,0.38,0.0,2016-01-31
75.37,75.37,75.37,75.37,1.54,0.0,2016-02-01
75.5,75.5,75.5,75.5,0.17,0.0,2016-02-02
75.6,75.6,75.6,75.6,0.13,0.0,2016-02-03
76.08,76.08,76.08,76.08,0.63,0.0,2016-02-04
76.72,76.72,76.72,76.72,0.84,0.0,2016-02-07
76.8,76.8,76.8,76.8,0.1,0.0,2016-02-08
76.85,76.85,76.85,76.85,0.07,0.0,2016-02-11
76.56,76.56,76.56,76.56,-0.38,0.0,2016-02-14
76.58,76.58,76.58,76.58,0.03,0.0,2016-02-15
76.52,76.52,76.52,76.52,-0.08,0.0,2016-02-16
77.14,77.14,77.14,77.14,0.81,0.0,2016-02-17
77.82,77.82,77.82,77.82,0.88,0.0,2016-02-18
78.27,78.27,78.27,78.27,0.58,0.0,2016-02-21
79.14,79.14,79.14,79.14,1.11,0.0,2016-02-22
78.79,78.79,78.79,78.79,-0.44,0.0,2016-02-23
78.33,78.33,78.33,78.33,-0.58,0.0,2016-02-24
78.47,78.47,78.47,78.47,0.18,0.0,2016-02-25
78.46,78.46,78.46,78.46,-0.01,0.0,2016-02-28
78.43,78.43,78.43,78.43,-0.04,0.0,2016-02-29
78.84,78.84,78.84,78.84,0.52,0.0,2016-03-01
79.21,79.21,79.21,79.21,0.47,0.0,2016-03-02
79.56,79.56,79.56,79.56,0.44,0.0,2016-03-03
79.83,79.83,79.83,79.83,0.34,0.0,2016-03-06
80.45,80.45,80.45,80.45,0.78,0.0,2016-03-10
80.59,80.59,80.59,80.59,0.1,0.0,2016-03-13
80.12,80.12,80.12,80.12,-0.58,0.0,2016-03-14
80.1,80.1,80.1,80.1,-0.02,0.0,2016-03-15
80.26,80.26,80.26,80.26,0.2,0.0,2016-03-16
80.7,80.7,80.7,80.7,0.55,0.0,2016-03-17
81.68,81.68,81.68,81.68,1.21,0.0,2016-03-20
81.59,81.59,81.59,81.59,-0.11,0.0,2016-03-21
81.9,81.9,81.9,81.9,0.38,0.0,2016-03-23
82.69,82.69,82.69,82.69,0.96,0.0,2016-03-24
84.24,84.24,84.24,84.24,1.87,0.0,2016-03-27
84.13,84.13,84.13,84.13,-0.13,0.0,2016-03-28
83.75,83.75,83.75,83.75,-0.45,0.0,2016-03-29
83.26,83.26,83.26,83.26,-1.03,0.0,2016-03-30
82.8,82.8,82.8,82.8,-0.55,0.0,2016-03-31
82.55,82.55,82.55,82.55,-0.3,0.0,2016-04-03
83.23,83.23,83.23,83.23,0.82,0.0,2016-04-04
84.0,84.0,84.0,84.0,0.93,0.0,2016-04-05
83.93,83.93,83.93,83.93,-0.08,0.0,2016-04-06
84.23,84.23,84.23,84.23,0.36,0.0,2016-04-10
84.35,84.35,84.35,84.35,0.14,0.0,2016-04-11
84.64,84.64,84.64,84.64,0.34,0.0,2016-04-12
85.82,85.82,85.82,85.82,1.39,0.0,2016-04-14
86.51,86.51,86.51,86.51,0.8,0.0,2016-04-17
87.96,87.96,87.96,87.96,1.68,0.0,2016-04-18
88.0,88.0,88.0,88.0,0.05,0.0,2016-04-19
88.68,88.68,88.68,88.68,0.77,0.0,2016-04-20
88.65,88.65,88.65,88.65,-0.03,0.0,2016-04-21
89.52,89.52,89.52,89.52,0.98,0.0,2016-04-24
90.17,90.17,90.17,90.17,0.73,0.0,2016-04-25
89.52,89.52,89.52,89.52,-0.72,0.0,2016-04-26
89.88,89.88,89.88,89.88,0.4,0.0,2016-04-27
90.08,90.08,90.08,90.08,0.22,0.0,2016-04-28
90.51,90.51,90.51,90.51,0.48,0.0,2016-05-02
90.34,90.34,90.34,90.34,-0.19,0.0,2016-05-03
90.12,90.12,90.12,90.12,-0.24,0.0,2016-05-04
90.0,90.0,90.0,90.0,-0.13,0.0,2016-05-05
90.78,90.78,90.78,90.78,0.87,0.0,2016-05-08
91.46,91.46,91.46,91.46,0.75,0.0,2016-05-09
91.69,91.69,91.69,91.69,0.25,0.0,2016-05-10
91.44,91.44,91.44,91.44,-0.27,0.0,2016-05-11
91.5,91.5,91.5,91.5,0.07,0.0,2016-05-12
91.24,91.24,91.24,91.24,-0.28,0.0,2016-05-15
90.77,90.77,90.77,90.77,-0.52,0.0,2016-05-16
91.81,91.81,91.81,91.81,1.15,0.0,2016-05-17
92.75,92.75,92.75,92.75,1.02,0.0,2016-05-18
93.02,93.02,93.02,93.02,0.29,0.0,2016-05-19
93.7,93.7,93.7,93.7,0.73,0.0,2016-05-22
94.59,94.59,94.59,94.59,0.95,0.0,2016-05-23
96.06,96.06,96.06,96.06,1.55,0.0,2016-05-24
94.68,94.68,94.68,94.68,-1.44,0.0,2016-05-25
94.69,94.69,94.69,94.69,0.01,0.0,2016-05-26
94.49,94.49,94.49,94.49,-0.21,911214016.0,2016-05-29
94.61,94.61,94.61,94.61,0.13,944044032.0,2016-05-30
94.85,94.85,94.85,94.85,0.25,1041150.0,2016-05-31
94.23,94.23,94.23,94.23,-0.65,988836992.0,2016-06-01
93.85,93.85,93.85,93.85,-0.4,892395008.0,2016-06-02
91.51,91.51,91.51,91.51,-2.49,1107980032.0,2016-06-05
91.51,93.74,91.49,93.74,2.44,950758016.0,2016-06-06
93.74,95.33,93.74,94.9,1.23,996875008.0,2016-06-07
94.9,95.88,94.79,95.81,0.96,1045830016.0,2016-06-08
96.8,96.8,96.8,96.8,1.03,1602240000.0,2016-06-09
96.8,99.01,96.67,98.79,2.05,1655760000.0,2016-06-12
98.79,100.67,98.75,99.54,0.76,1354279936.0,2016-06-13
99.8,99.8,99.8,99.8,0.26,1398960000.0,2016-06-14
100.07,100.07,100.07,100.07,0.27,1138499968.0,2016-06-15
100.77,100.77,100.77,100.77,0.7,1642940032.0,2016-06-16
100.77,100.97,99.74,99.84,-0.92,1197830016.0,2016-06-19
100.77,100.12,99.2,99.49,-0.35,871993024.0,2016-06-20
100.37,100.37,100.37,100.37,0.88,916664000.0,2016-06-21
100.37,102.0,100.4,101.54,1.16,1459600000.0,2016-06-22
102.56,102.56,102.56,102.56,1.0,1518210048.0,2016-06-23
102.66,104.1,102.56,104.09,1.39,1236140032.0,2016-06-26
104.09,106.56,104.43,106.56,2.38,1308070016.0,2016-06-27
104.09,107.8,106.14,107.07,0.83,1459079936.0,2016-06-28
107.07,107.64,106.78,107.02,-0.05,1183030016.0,2016-06-29
107.02,107.39,105.79,106.85,-0.16,1308530048.0,2016-06-30
106.85,106.99,105.84,106.53,-0.3,1386989952.0,2016-07-03
106.85,106.83,106.14,106.36,-0.16,1117020032.0,2016-07-04
106.36,106.39,105.47,106.08,-0.26,894073024.0,2016-07-05
106.08,106.84,106.06,106.28,0.19,958288000.0,2016-07-06
106.73,106.73,106.73,106.73,0.42,1064950016.0,2016-07-10
106.73,107.2,105.73,105.76,-0.9,666356992.0,2016-07-11
105.76,106.32,102.6,105.11,-0.61,918996992.0,2016-07-12
105.11,105.16,103.45,104.79,-0.31,713401024.0,2016-07-13
104.79,106.88,104.83,106.43,1.57,905484992.0,2016-07-14
104.79,108.77,106.33,108.5,1.95,956195008.0,2016-07-17
108.5,111.46,108.54,111.46,2.73,1502439936.0,2016-07-18
111.46,113.56,111.48,112.88,1.28,1796870016.0,2016-07-19
112.88,114.03,111.97,112.29,-0.52,1794070016.0,2016-07-20
112.29,113.38,111.6,112.98,0.61,1195580032.0,2016-07-21
116.19,116.19,116.19,116.19,2.7,1892530048.0,2016-07-25
116.19,118.49,116.13,118.38,1.89,0.0,2016-07-26
118.38,119.97,118.36,119.33,0.8,1748480000.0,2016-07-27
119.33,119.64,117.96,119.0,-0.28,1641020032.0,2016-07-28
119.0,119.0,117.69,117.8,-1.0,1361059968.0,2016-07-31
117.81,118.05,115.56,116.7,-0.94,1243859968.0,2016-08-01
116.7,116.79,115.28,115.39,-1.13,1150569984.0,2016-08-02
115.39,115.93,113.39,114.76,-0.55,1063249984.0,2016-08-03
111.9,111.9,111.9,111.9,-2.49,1186400000.0,2016-08-04
111.9,114.52,111.26,111.52,-0.34,1258640000.0,2016-08-07
111.52,111.63,105.55,105.55,-5.36,748377984.0,2016-08-08
105.55,111.56,105.64,111.56,5.7,234342000.0,2016-08-09
111.63,113.67,110.05,112.83,1.14,1656089984.0,2016-08-10
112.83,113.42,112.09,112.48,-0.31,896716992.0,2016-08-11
112.48,112.51,109.75,109.91,-2.29,910315008.0,2016-08-14
107.49,107.49,107.49,107.49,-2.2,948744000.0,2016-08-15
107.49,109.11,106.6,108.99,1.39,856795008.0,2016-08-16
108.99,110.62,108.91,110.01,0.94,803025024.0,2016-08-17
109.19,109.19,109.19,109.19,-0.75,489527008.0,2016-08-21
109.19,109.35,106.76,106.76,-2.22,639731008.0,2016-08-22
106.76,108.16,106.15,106.69,-0.06,666844992.0,2016-08-23
106.69,110.65,107.63,110.62,3.69,803443008.0,2016-08-24
110.62,112.57,110.61,111.91,1.17,1146770048.0,2016-08-28
111.91,113.35,111.91,113.31,1.25,1088809984.0,2016-08-29
113.31,115.11,113.26,114.96,1.45,1192189952.0,2016-08-30
114.96,115.71,114.54,115.59,0.54,984702976.0,2016-08-31
115.59,116.3,115.58,116.19,0.52,1155750016.0,2016-09-01
116.19,117.64,116.17,117.54,1.16,1472140032.0,2016-09-04
117.54,119.01,117.53,118.82,1.09,1614800000.0,2016-09-05
118.82,120.01,117.38,118.6,-0.19,1604440064.0,2016-09-06
118.6,118.82,117.17,117.85,-0.63,1369609984.0,2016-09-07
117.85,118.09,117.28,117.81,-0.03,1185570048.0,2016-09-08
117.81,118.37,117.23,117.34,-0.4,915377984.0,2016-09-11
117.34,117.56,116.83,117.51,0.15,921974016.0,2016-09-12
117.23,117.23,117.23,117.23,-0.24,1176000000.0,2016-09-14
117.23,117.56,116.25,116.37,-0.73,2214180096.0,2016-09-18
116.37,116.7,114.99,115.09,-1.1,1106220032.0,2016-09-20
115.09,115.2,113.48,114.59,-0.43,775499008.0,2016-09-21
115.09,114.73,113.64,113.68,-0.79,780257984.0,2016-09-22
113.68,113.78,110.75,111.29,-2.1,945148032.0,2016-09-25
112.98,112.98,112.98,112.98,1.52,944716992.0,2016-09-26
112.77,112.77,112.77,112.77,-0.19,621265024.0,2016-09-27
112.78,113.04,112.39,112.52,-0.22,639219968.0,2016-09-28
112.53,113.29,112.23,112.93,0.36,672990016.0,2016-09-29
112.94,113.82,112.93,113.7,0.68,796542976.0,2016-10-02
113.71,115.31,113.7,114.95,1.1,708598976.0,2016-10-03
114.95,116.36,114.95,116.14,1.04,1026760000.0,2016-10-04
116.97,116.97,116.97,116.97,0.71,880878016.0,2016-10-05
116.97,117.96,116.93,117.77,0.69,926337984.0,2016-10-06
116.97,117.84,116.49,116.8,-0.82,561974976.0,2016-10-16
116.8,116.89,115.4,115.97,-0.71,578560000.0,2016-10-17
115.76,115.76,115.76,115.76,-0.18,446032992.0,2016-10-18
115.76,115.86,115.32,115.54,-0.19,482631008.0,2016-10-19
115.54,116.39,115.93,116.34,0.69,620747008.0,2016-10-20
116.34,116.71,115.53,115.63,-0.61,890969024.0,2016-10-23
115.63,115.72,114.32,114.62,-0.87,859747008.0,2016-10-24
114.62,114.59,113.24,113.34,-1.11,642416000.0,2016-10-25
113.34,113.73,112.32,113.43,0.08,696843008.0,2016-10-26
113.43,114.23,113.43,113.97,0.47,611673984.0,2016-10-27
113.97,114.27,113.59,114.17,0.18,487560992.0,2016-11-03
114.17,114.4,113.2,113.28,-0.78,608222976.0,2016-11-07
113.28,113.3,111.4,111.56,-1.51,657350016.0,2016-11-08
111.56,111.58,109.15,109.68,-1.68,564259008.0,2016-11-09
109.68,110.71,109.09,109.71,0.03,609657984.0,2016-11-10
109.71,110.44,109.22,109.8,0.08,662035008.0,2016-11-13
109.8,110.49,109.85,110.32,0.48,696830016.0,2016-11-14
110.32,110.96,109.91,110.0,-0.29,716496000.0,2016-11-15
110.0,110.51,109.49,109.76,-0.22,1102419968.0,2016-11-16
109.76,109.91,106.75,106.85,-2.66,1353180032.0,2016-11-17
106.85,106.91,101.21,102.73,-3.86,1126819968.0,2016-11-20
102.73,104.2,100.71,103.05,0.31,810337984.0,2016-11-21
103.05,103.04,100.57,101.43,-1.58,713091008.0,2016-11-22
101.43,101.47,98.47,98.61,-2.78,930169984.0,2016-11-23
98.61,101.0,97.06,98.13,-0.48,823534016.0,2016-11-24
98.13,98.34,93.83,93.87,-4.34,826286976.0,2016-11-27
93.87,97.14,89.33,96.95,3.28,1017870016.0,2016-11-28
96.95,100.23,93.79,100.16,3.31,1081360000.0,2016-11-29
100.16,104.97,101.05,104.97,4.8,1241459968.0,2016-11-30
104.97,106.25,103.32,104.4,-0.55,1073970048.0,2016-12-01
104.4,104.41,102.08,102.27,-2.04,649208000.0,2016-12-04
102.27,102.58,100.16,100.4,-1.83,581062016.0,2016-12-05
100.4,101.48,99.95,101.06,0.65,648523008.0,2016-12-06
101.06,101.33,100.65,101.09,0.03,416273984.0,2016-12-07
101.09,101.15,100.32,100.52,-0.57,531177984.0,2016-12-08
100.52,100.59,99.07,99.09,-1.42,332440000.0,2016-12-11
99.09,99.22,97.08,98.14,-0.96,465913984.0,2016-12-12
98.14,98.84,97.67,98.68,0.55,411151008.0,2016-12-14
98.68,99.67,98.47,99.59,0.92,433412992.0,2016-12-15
99.59,99.59,98.79,99.49,-0.1,501588992.0,2016-12-18
99.49,99.54,98.25,98.36,-1.14,493035008.0,2016-12-19
98.36,98.38,97.03,97.05,-1.33,616851968.0,2016-12-20
97.05,97.06,95.09,95.33,-1.77,415467008.0,2016-12-21
95.33,95.77,95.02,95.39,0.06,389452992.0,2016-12-22
95.39,95.44,92.48,92.48,-3.05,418881984.0,2016-12-26
92.48,92.54,89.7,90.71,-1.91,472902016.0,2016-12-27
90.71,91.81,90.46,91.21,0.55,386403008.0,2016-12-28
91.21,94.05,91.23,93.24,2.23,493323008.0,2016-12-29
93.24,95.74,93.27,94.96,1.84,499380992.0,2017-01-01
94.96,96.35,94.96,96.29,1.4,443934016.0,2017-01-02
96.29,96.41,94.39,94.4,-1.96,348636992.0,2017-01-03
94.4,94.79,93.37,94.49,0.1,288736000.0,2017-01-04
94.49,95.12,94.06,94.24,-0.26,282406016.0,2017-01-05
94.24,94.21,93.64,93.76,-0.51,358132000.0,2017-01-08
93.76,94.77,93.74,94.52,0.81,233926000.0,2017-01-09
94.52,95.81,94.54,95.67,1.22,279678016.0,2017-01-10
95.67,96.3,95.48,95.64,-0.04,258498000.0,2017-01-11
95.64,96.09,95.64,95.95,0.32,221250000.0,2017-01-12
95.95,96.37,95.73,95.83,-0.12,237731008.0,2017-01-15
95.83,96.02,95.15,95.18,-0.68,223144992.0,2017-01-16
95.18,95.21,94.41,95.05,-0.13,213610000.0,2017-01-17
95.05,95.07,94.61,94.97,-0.08,214831008.0,2017-01-18
94.97,95.37,94.85,94.94,-0.03,221660992.0,2017-01-19
94.94,95.32,94.93,95.09,0.16,187764000.0,2017-01-22
95.09,95.16,94.5,94.54,-0.58,239099008.0,2017-01-23
94.54,94.76,92.88,92.88,-1.76,254524992.0,2017-01-24
92.88,92.94,90.45,90.51,-2.55,338952992.0,2017-01-25
90.51,90.51,87.71,89.0,-1.67,415675008.0,2017-01-26
89.0,89.11,84.58,84.76,-4.77,453911008.0,2017-01-30
84.76,86.61,83.55,85.97,1.43,399001984.0,2017-01-31
85.97,90.19,86.02,90.12,4.83,478556992.0,2017-02-01
90.12,92.06,89.31,89.75,-0.41,438388000.0,2017-02-02
89.75,89.92,87.62,88.49,-1.41,208936992.0,2017-02-05
88.49,88.49,87.02,87.36,-1.28,183272000.0,2017-02-06
87.36,87.45,86.52,86.98,-0.43,235044992.0,2017-02-07
86.98,87.02,85.49,85.66,-1.52,266487008.0,2017-02-08
85.66,85.69,83.83,83.84,-2.13,337728000.0,2017-02-09
83.84,83.85,80.77,80.77,-3.66,383515008.0,2017-02-12
80.77,82.62,78.41,82.62,2.29,399651008.0,2017-02-13
82.62,83.05,81.28,82.3,-0.39,329361984.0,2017-02-14
82.3,85.14,82.31,85.14,3.45,423759008.0,2017-02-15
85.14,87.81,85.49,87.71,3.02,527323008.0,2017-02-16
87.71,91.02,88.17,90.99,3.74,531601984.0,2017-02-19
90.99,92.71,90.44,90.67,-0.35,672761984.0,2017-02-20
90.67,92.27,89.34,90.15,-0.58,0.0,2017-02-21
90.15,90.22,88.76,89.21,-1.04,277136992.0,2017-02-22
89.21,89.2,88.61,88.68,-0.6,243918000.0,2017-02-23
88.68,88.77,87.14,87.14,-1.73,220292992.0,2017-02-26
87.14,87.14,85.8,86.15,-1.14,480038016.0,2017-02-28
86.15,87.4,86.15,87.39,1.44,282459008.0,2017-03-01
87.39,88.31,87.39,88.3,1.04,370407008.0,2017-03-02
88.3,90.27,88.21,90.09,2.02,493870016.0,2017-03-05
90.09,91.41,90.01,90.31,0.25,673788992.0,2017-03-06
90.31,90.31,88.83,88.96,-1.5,353083008.0,2017-03-07
88.96,89.86,88.95,89.48,0.59,413487008.0,2017-03-09
89.48,90.21,89.48,89.93,0.5,306078016.0,2017-03-13
89.93,90.25,89.36,89.39,-0.61,277052000.0,2017-03-14
89.39,90.07,88.92,89.9,0.58,254298000.0,2017-03-15
89.9,90.18,89.82,90.03,0.14,363912000.0,2017-03-16
90.03,91.65,90.01,91.64,1.79,569980992.0,2017-03-19
91.64,94.5,91.64,94.47,3.09,902851968.0,2017-03-20
94.47,97.41,93.7,97.35,3.04,1153069952.0,2017-03-21
97.35,101.14,97.35,98.81,1.5,1112130048.0,2017-03-22
98.81,99.98,98.06,99.34,0.53,794345984.0,2017-03-23
99.34,103.62,99.34,102.71,3.4,1200359936.0,2017-03-26
102.71,108.13,102.71,108.13,5.27,1132419968.0,2017-03-28
108.13,110.7,106.45,106.54,-1.47,1746630016.0,2017-03-29
106.55,107.47,105.23,106.58,0.02,1243859968.0,2017-03-30
106.58,112.32,106.58,112.32,5.39,792067968.0,2017-04-02
112.32,118.5,111.13,112.1,-0.19,2135040000.0,2017-04-03
112.1,113.4,110.25,111.84,-0.23,1346899968.0,2017-04-04
111.84,112.49,110.87,111.42,-0.38,1173120000.0,2017-04-06
111.42,112.42,110.79,111.3,-0.11,979284992.0,2017-04-09
111.3,113.14,111.18,113.03,1.56,1284099968.0,2017-04-10
113.03,115.74,113.05,115.67,2.34,1533970048.0,2017-04-11
115.67,117.72,114.86,114.9,-0.67,1638720000.0,2017-04-12
114.9,115.38,113.2,114.4,-0.44,1157520000.0,2017-04-13
114.4,114.81,110.96,111.05,-2.93,927331968.0,2017-04-16
111.05,111.05,107.68,108.21,-2.56,1211469952.0,2017-04-18
108.21,111.72,108.05,111.72,3.24,825608000.0,2017-04-19
111.72,113.46,111.09,111.42,-0.26,989358976.0,2017-04-20
111.42,116.49,111.47,113.69,2.03,1219689984.0,2017-04-23
113.69,113.8,112.04,112.2,-1.31,752456000.0,2017-04-24
112.2,112.5,111.42,111.69,-0.46,813081024.0,2017-04-25
111.69,111.91,111.0,111.26,-0.38,647289024.0,2017-04-26
111.26,111.7,110.11,110.93,-0.29,800649984.0,2017-04-27
110.93,110.96,109.32,109.56,-1.23,595739008.0,2017-04-30
109.56,110.77,108.84,110.03,0.43,709320000.0,2017-05-02
110.03,111.74,110.08,110.3,0.25,678569984.0,2017-05-03
110.3,110.76,109.61,109.68,-0.56,539896000.0,2017-05-04
109.68,109.81,107.62,107.84,-1.68,520988992.0,2017-05-07
107.84,109.24,107.68,108.46,0.57,443471008.0,2017-05-08
108.46,109.26,108.44,109.24,0.72,434390016.0,2017-05-09
109.24,109.99,109.24,109.58,0.32,636766976.0,2017-05-11
109.58,110.93,109.58,109.7,0.11,461400000.0,2017-05-15
109.7,109.83,108.74,108.88,-0.75,343784000.0,2017-05-16
108.88,109.34,108.43,108.43,-0.41,450129984.0,2017-05-17
108.43,108.61,107.73,108.18,-0.23,630268992.0,2017-05-18
108.18,108.47,106.75,106.85,-1.22,472208992.0,2017-05-21
106.85,107.08,105.84,106.16,-0.64,416377984.0,2017-05-22
106.16,107.71,105.91,106.92,0.72,620409024.0,2017-05-23
106.92,107.25,106.1,107.02,0.1,497584992.0,2017-05-24
107.06,107.09,105.66,105.87,-1.11,583721024.0,2017-05-28
105.87,105.97,104.37,104.49,-1.3,567296000.0,2017-05-30
104.49,105.77,103.6,105.29,0.77,543334976.0,2017-05-31
105.29,105.78,105.01,105.04,-0.24,472716992.0,2017-06-01
105.04,105.18,104.09,104.33,-0.68,442960992.0,2017-06-04
104.33,105.5,104.33,104.97,0.62,477257984.0,2017-06-05
104.97,107.47,104.99,107.47,2.38,766441024.0,2017-06-06
107.47,108.41,106.27,106.34,-1.05,647401024.0,2017-06-07
106.34,106.37,105.35,105.77,-0.54,391771008.0,2017-06-08
105.77,105.99,103.82,103.95,-1.72,553209024.0,2017-06-11
103.95,104.21,103.0,103.34,-0.59,368273984.0,2017-06-12
103.34,104.15,103.09,103.57,0.23,394049984.0,2017-06-13
103.57,103.77,103.32,103.62,0.05,420648000.0,2017-06-14
103.62,105.14,103.15,104.05,0.41,520712000.0,2017-06-15
104.05,104.17,102.92,103.02,-0.99,442552000.0,2017-06-18
103.02,103.08,101.45,101.57,-1.41,547524992.0,2017-06-19
101.57,101.86,100.49,101.09,-0.47,476152992.0,2017-06-20
101.09,101.58,100.82,101.23,0.14,348076000.0,2017-06-21
101.23,102.0,101.24,101.57,0.33,429575008.0,2017-06-22
101.57,102.27,101.57,102.12,0.54,511110016.0,2017-06-25
102.12,102.37,101.69,101.86,-0.26,506582016.0,2017-06-27
101.86,101.98,101.44,101.69,-0.17,397839008.0,2017-06-28
101.69,101.69,100.02,100.17,-1.49,450208992.0,2017-07-02
100.17,100.89,100.1,100.46,0.29,344552000.0,2017-07-03
100.46,100.65,100.14,100.22,-0.24,307363008.0,2017-07-04
100.22,100.94,100.02,100.93,0.71,398009984.0,2017-07-05
100.93,103.16,100.91,103.13,2.18,633595008.0,2017-07-06
103.13,104.87,101.69,103.41,0.27,921924992.0,2017-07-09
103.41,103.47,102.6,102.74,-0.65,531563008.0,2017-07-10
102.74,103.5,102.42,103.36,0.61,458032000.0,2017-07-11
103.36,103.77,103.08,103.48,0.12,450720000.0,2017-07-12
103.48,104.7,103.92,104.17,0.66,436284992.0,2017-07-13
104.17,104.35,104.0,104.27,0.09,330032000.0,2017-07-16
104.27,105.79,104.24,105.78,1.45,443366016.0,2017-07-17
105.78,108.01,105.75,108.01,2.1,865430976.0,2017-07-18
108.01,108.96,107.66,107.82,-0.18,860678016.0,2017-07-19
107.82,108.14,107.51,107.65,-0.15,698844992.0,2017-07-20
107.65,107.97,107.22,107.39,-0.24,785096000.0,2017-07-23
107.39,107.44,106.42,106.59,-0.74,722052992.0,2017-07-24
106.59,107.62,106.52,106.61,0.02,551552000.0,2017-07-25
106.61,107.19,106.6,106.88,0.25,894963008.0,2017-07-26
106.88,107.6,106.49,107.13,0.23,894424000.0,2017-07-27
107.13,107.42,106.31,106.85,-0.27,757548032.0,2017-07-30
106.85,107.7,106.85,107.3,0.42,759206976.0,2017-07-31
107.3,107.71,107.24,107.52,0.2,639937984.0,2017-08-01
107.52,108.03,107.44,107.7,0.16,642721024.0,2017-08-02
107.7,108.12,107.36,107.48,-0.2,747468032.0,2017-08-03
107.48,108.24,107.41,107.79,0.29,663550016.0,2017-08-06
107.79,108.28,107.57,107.9,0.11,656638016.0,2017-08-07
107.9,108.26,107.36,107.39,-0.47,628547968.0,2017-08-09
107.39,107.55,106.65,106.75,-0.59,648004992.0,2017-08-10
106.75,107.33,105.91,105.97,-0.73,554014016.0,2017-08-13
105.97,106.14,104.98,105.25,-0.68,479135008.0,2017-08-15
105.25,106.34,104.85,105.53,0.27,435312992.0,2017-08-16
105.53,105.68,105.01,105.35,-0.17,467135008.0,2017-08-17
105.35,105.67,104.43,104.54,-0.77,566326016.0,2017-08-20
104.54,104.63,103.99,104.22,-0.3,396702016.0,2017-08-21
104.22,104.96,103.82,104.35,0.12,507582016.0,2017-08-22
104.35,104.7,104.12,104.21,-0.13,427971008.0,2017-08-23
104.21,104.54,103.98,104.52,0.29,414236992.0,2017-08-24
104.52,105.32,104.53,104.82,0.29,520068992.0,2017-08-27
104.82,105.09,103.93,104.02,-0.76,530559008.0,2017-08-28
104.02,104.13,102.62,102.85,-1.13,582227968.0,2017-08-30
102.85,102.91,101.52,101.66,-1.16,594723968.0,2017-08-31
101.66,101.7,99.71,99.74,-1.89,632684992.0,2017-09-04
99.74,101.53,99.74,100.6,0.86,551454016.0,2017-09-06
100.6,100.91,99.8,99.86,-0.73,511300000.0,2017-09-07
99.86,100.12,97.72,97.75,-2.12,732681024.0,2017-09-10
97.75,98.61,97.17,97.94,0.19,600371968.0,2017-09-11
97.94,97.94,96.41,96.64,-1.33,437940992.0,2017-09-12
96.64,97.1,95.27,96.02,-0.64,500184000.0,2017-09-13
96.02,98.49,95.84,98.48,2.56,500184000.0,2017-09-14
98.48,99.79,98.13,99.78,1.32,456878016.0,2017-09-17
99.78,100.38,99.35,99.56,-0.22,354867008.0,2017-09-18
99.56,99.8,98.46,99.24,-0.32,324232992.0,2017-09-20
99.24,99.29,98.69,98.79,-0.46,214926000.0,2017-09-24
98.79,99.51,98.76,99.5,0.72,210676000.0,2017-09-25
99.5,100.15,99.5,99.83,0.33,251628992.0,2017-09-26
99.83,100.44,99.62,100.44,0.61,116367000.0,2017-10-03
100.44,100.64,99.11,99.28,-1.16,231748992.0,2017-10-04
99.28,99.26,95.9,97.16,-2.13,292814016.0,2017-10-08
97.16,97.36,96.12,96.63,-0.54,259666000.0,2017-10-09
96.63,97.05,96.0,96.66,0.03,253511008.0,2017-10-10
96.66,97.23,96.42,96.84,0.19,233682000.0,2017-10-11
96.84,97.21,96.74,96.88,0.04,332140992.0,2017-10-12
96.88,97.54,96.7,97.52,0.66,449216992.0,2017-10-15
97.52,100.83,97.52,100.83,3.39,470142016.0,2017-10-16
100.83,101.64,99.85,100.49,-0.33,427452992.0,2017-10-17
100.49,101.17,99.68,101.04,0.54,285024992.0,2017-10-18
101.04,102.44,100.98,101.35,0.31,296128000.0,2017-10-22
101.35,101.6,100.86,101.09,-0.26,309214016.0,2017-10-23
101.09,101.11,100.46,100.55,-0.53,309214016.0,2017-10-24
100.55,100.58,99.66,99.68,-0.86,335816000.0,2017-10-25
99.68,99.77,98.72,98.75,-0.94,321502016.0,2017-10-29
98.75,99.07,98.41,98.6,-0.16,308911008.0,2017-10-30
98.6,98.73,98.0,98.19,-0.42,249624000.0,2017-10-31
98.19,98.39,97.5,97.74,-0.46,279252000.0,2017-11-01
97.74,97.74,97.23,97.46,-0.29,280854016.0,2017-11-02
97.46,97.5,95.03,95.62,-1.89,482684992.0,2017-11-05
95.62,96.16,94.57,95.45,-0.18,381633984.0,2017-11-06
95.45,96.32,94.89,94.92,-0.56,299315008.0,2017-11-07
94.92,94.92,93.27,93.72,-1.27,344156992.0,2017-11-08
93.72,94.35,92.77,93.38,-0.36,350513984.0,2017-11-09
93.38,94.62,93.16,94.61,1.32,258488000.0,2017-11-12
94.61,95.65,94.54,95.63,1.08,438368992.0,2017-11-13
95.63,97.68,95.63,97.24,1.68,577580032.0,2017-11-14
97.24,97.44,96.3,96.34,-0.92,481593984.0,2017-11-15
96.34,96.39,95.15,95.22,-1.16,351568992.0,2017-11-16
95.22,95.61,94.33,94.38,-0.88,353048000.0,2017-11-19
94.38,94.42,93.76,93.84,-0.57,306260992.0,2017-11-20
93.84,94.78,93.67,94.2,0.39,239291008.0,2017-11-21
93.84,94.96,94.07,94.81,0.65,247480992.0,2017-11-22
94.81,95.74,94.81,95.63,0.86,359886016.0,2017-11-23
95.63,97.21,95.63,97.09,1.52,508257984.0,2017-11-26
97.09,97.59,96.7,97.08,-0.01,528015008.0,2017-11-27
97.08,97.54,96.82,97.54,0.47,433896992.0,2017-11-28
97.54,98.97,97.54,98.37,0.85,799542016.0,2017-11-29
98.37,98.62,97.7,98.46,0.09,591928000.0,2017-11-30
98.46,98.87,97.65,97.76,-0.71,416664992.0,2017-12-04
97.76,97.89,97.15,97.51,-0.26,424875008.0,2017-12-05
97.51,98.35,97.45,98.35,0.86,509249984.0,2017-12-06
98.35,99.62,97.76,97.83,-0.53,730227008.0,2017-12-10
97.83,98.01,97.25,97.63,-0.21,320443008.0,2017-12-11
97.63,97.74,96.53,96.56,-1.1,466539008.0,2017-12-12
96.56,97.21,96.07,97.2,0.66,347344992.0,2017-12-13
97.2,97.4,96.8,96.99,-0.21,302352992.0,2017-12-14
96.99,97.06,95.99,96.08,-0.94,346224000.0,2017-12-17
96.08,96.46,95.88,95.95,-0.14,402992992.0,2017-12-18
96.08,96.12,95.27,95.36,-0.62,399264992.0,2017-12-19
95.36,95.37,94.49,94.75,-0.64,328144000.0,2017-12-20
94.75,94.83,93.94,94.05,-0.73,380856000.0,2017-12-21
94.05,94.61,93.66,93.81,-0.26,408070016.0,2017-12-24
93.81,93.93,92.26,92.3,-1.61,436671008.0,2017-12-26
92.3,92.33,90.59,90.97,-1.44,541132992.0,2017-12-27
90.97,91.03,89.78,90.14,-0.92,648099008.0,2017-12-28
90.14,90.14,88.22,88.82,-1.46,326625984.0,2017-12-31
88.82,91.79,88.85,91.79,3.35,367399008.0,2018-01-01
91.79,93.18,91.47,92.0,0.23,454052992.0,2018-01-02
92.0,92.09,90.56,90.78,-1.33,305851008.0,2018-01-03
90.78,91.08,90.62,91.08,0.33,227039008.0,2018-01-04
91.08,91.85,90.97,91.58,0.55,255274000.0,2018-01-07
91.58,92.58,91.58,92.32,0.8,384815008.0,2018-01-08
92.32,93.23,92.28,93.14,0.89,363880000.0,2018-01-09
93.14,93.38,92.25,92.29,-0.91,293895008.0,2018-01-10
92.29,92.34,91.47,91.83,-0.49,233508992.0,2018-01-14
91.83,91.87,90.36,90.73,-1.2,246984000.0,2018-01-16
90.73,90.74,89.83,90.29,-0.48,233342000.0,2018-01-17
90.29,90.77,89.97,90.01,-0.31,265860000.0,2018-01-21
90.01,90.27,89.88,90.06,0.05,230448992.0,2018-01-22
90.06,90.13,89.36,89.41,-0.72,203744992.0,2018-01-23
89.41,89.63,89.25,89.57,0.17,176479008.0,2018-01-24
89.57,90.24,89.52,90.24,0.75,201538000.0,2018-01-25
90.24,90.82,90.24,90.49,0.28,263044000.0,2018-01-28
90.49,90.67,89.97,90.19,-0.33,212290000.0,2018-01-29
90.19,90.47,90.02,90.38,0.21,237740000.0,2018-01-31
90.38,91.14,90.23,90.77,0.44,332564000.0,2018-02-01
90.38,91.23,90.71,90.76,-0.01,384684992.0,2018-02-04
90.38,90.91,90.01,90.09,-0.74,214244000.0,2018-02-05
90.09,90.24,89.64,89.69,-0.45,164076000.0,2018-02-06
89.69,89.77,88.76,88.83,-0.96,212835008.0,2018-02-07
88.83,89.43,88.68,89.43,0.67,207376000.0,2018-02-08
89.43,89.59,88.99,89.05,-0.43,148132992.0,2018-02-11
89.05,89.14,88.67,88.8,-0.28,176335008.0,2018-02-12
88.8,89.35,88.5,89.35,0.62,180352992.0,2018-02-14
89.35,92.04,89.38,91.94,2.9,494337984.0,2018-02-15
91.94,93.46,91.22,91.29,-0.7,519432000.0,2018-02-18
91.29,92.01,90.01,90.01,-1.4,283102016.0,2018-02-20
90.01,90.03,89.3,89.41,-0.66,219530000.0,2018-02-21
89.41,89.94,89.03,89.34,-0.07,285025984.0,2018-02-22
89.34,89.38,88.5,88.53,-0.91,200328000.0,2018-02-25
88.53,88.77,87.48,87.64,-1.01,384097984.0,2018-02-26
87.64,88.84,87.56,88.01,0.42,374160000.0,2018-02-27
88.01,88.01,86.72,86.86,-1.3,428208000.0,2018-02-28
86.86,86.84,83.27,84.16,-3.11,375759008.0,2018-03-04
84.16,85.14,82.98,83.08,-1.29,311097984.0,2018-03-05
83.08,84.35,81.82,83.8,0.86,372812000.0,2018-03-06
83.8,85.05,83.73,85.05,1.49,387616992.0,2018-03-07
85.05,85.08,83.02,83.04,-2.37,256164000.0,2018-03-11
83.04,83.46,82.3,82.64,-0.49,261466000.0,2018-03-12
82.64,82.99,82.63,82.99,0.42,192528000.0,2018-03-13
82.99,83.27,82.76,83.27,0.33,145300000.0,2018-03-14
83.27,83.86,83.15,83.45,0.22,193824992.0,2018-03-15
83.45,83.67,82.76,82.81,-0.76,230492000.0,2018-03-18
82.81,82.94,82.13,82.14,-0.81,229024000.0,2018-03-19
82.14,82.15,80.85,81.27,-1.06,264596000.0,2018-03-20
81.27,81.32,79.21,79.54,-2.13,319412000.0,2018-03-21
79.54,80.28,78.04,79.0,-0.68,385512000.0,2018-03-22
79.0,79.0,75.42,75.62,-4.28,397016992.0,2018-03-26
75.62,78.92,73.39,78.23,3.45,420680000.0,2018-03-27
78.23,79.12,76.79,78.03,-0.25,406252000.0,2018-03-28
78.03,79.42,78.02,79.3,1.63,279359008.0,2018-03-29
78.03,79.38,76.98,77.68,-2.04,236882000.0,2018-04-01
77.68,77.88,77.31,77.52,-0.21,151034000.0,2018-04-02
77.52,77.93,77.15,77.8,0.36,184130000.0,2018-04-03
77.8,79.68,77.8,79.56,2.26,272403008.0,2018-04-04
79.56,81.26,79.56,81.26,2.14,492574016.0,2018-04-05
81.26,84.74,81.23,84.11,3.51,756328000.0,2018-04-08
84.11,85.43,83.52,83.61,-0.6,674721024.0,2018-04-09
83.61,84.0,82.18,82.44,-1.4,277848992.0,2018-04-10
82.44,82.65,81.63,82.64,0.24,222588992.0,2018-04-11
82.64,83.54,82.64,82.83,0.22,349767008.0,2018-04-12
82.83,83.02,81.39,82.94,0.14,250120992.0,2018-04-15
82.94,84.36,82.75,83.97,1.24,476257984.0,2018-04-16
83.97,86.15,83.99,85.91,2.31,771262016.0,2018-04-17
85.91,90.22,85.64,88.22,2.69,818350016.0,2018-04-18
88.22,90.09,88.01,89.69,1.67,834049984.0,2018-04-19
89.69,93.11,89.73,93.1,3.8,928739008.0,2018-04-22
93.1,94.55,90.38,91.15,-2.09,1164199936.0,2018-04-23
91.15,91.37,89.83,90.12,-1.13,528204000.0,2018-04-24
90.12,90.3,89.39,89.48,-0.71,428028000.0,2018-04-25
89.48,89.97,87.49,87.68,-2.01,457076992.0,2018-04-26
87.68,87.88,86.43,86.98,-0.8,308220992.0,2018-04-29
86.98,87.67,86.04,87.61,0.73,267998000.0,2018-05-02
87.61,88.73,87.62,88.01,0.46,555598976.0,2018-05-03
88.01,88.06,87.13,87.15,-0.97,278951008.0,2018-05-06
87.15,87.16,86.61,86.71,-0.5,358768000.0,2018-05-07
86.71,87.71,86.62,87.71,1.15,416947008.0,2018-05-08
87.71,88.01,87.12,87.38,-0.38,272392000.0,2018-05-09
87.38,87.43,86.91,86.98,-0.46,277563008.0,2018-05-10
86.98,87.03,86.04,86.12,-0.99,345876000.0,2018-05-14
86.12,86.28,85.67,85.75,-0.43,114834000.0,2018-05-15
85.75,86.07,85.7,86.05,0.34,184423008.0,2018-05-16
86.05,86.72,86.05,86.19,0.16,240212992.0,2018-05-17
86.19,87.38,85.91,86.21,0.02,268940992.0,2018-05-20
86.21,86.38,85.82,86.11,-0.12,230428992.0,2018-05-21
86.11,86.18,85.77,85.82,-0.33,237420992.0,2018-05-22
85.82,85.84,85.35,85.41,-0.48,220148000.0,2018-05-23
85.41,85.56,84.63,84.68,-0.85,283617984.0,2018-05-24
84.68,84.69,83.54,83.54,-1.34,306393984.0,2018-05-27
83.54,85.92,82.88,85.9,2.82,322385984.0,2018-05-28
85.9,86.06,84.9,85.24,-0.77,319078016.0,2018-05-29
85.24,86.19,84.51,84.87,-0.43,314736000.0,2018-05-30
85.24,84.93,83.83,83.92,-1.12,259296992.0,2018-05-31
83.92,83.91,81.72,81.77,-2.56,374657984.0,2018-06-03
81.77,82.32,80.86,81.2,-0.69,335171008.0,2018-06-04
81.2,83.13,81.21,82.18,1.2,149368992.0,2018-06-06
82.18,82.32,80.52,80.54,-2.0,347855008.0,2018-06-07
80.54,80.62,78.84,78.86,-2.09,362563008.0,2018-06-10
78.86,80.25,78.34,79.46,0.76,307201984.0,2018-06-11
79.46,79.73,78.75,79.28,-0.23,227963008.0,2018-06-12
79.28,79.62,79.04,79.48,0.25,168808000.0,2018-06-13
79.28,80.12,79.44,79.76,0.35,220268992.0,2018-06-14
79.76,79.86,78.63,78.68,-1.36,182488992.0,2018-06-17
78.68,78.79,77.94,78.79,0.14,157718000.0,2018-06-18
78.79,78.89,78.06,78.28,-0.64,171528992.0,2018-06-19
78.28,78.38,77.69,77.72,-0.72,218708000.0,2018-06-20
77.72,78.18,77.2,77.69,-0.04,142864992.0,2018-06-21
77.69,78.39,77.53,77.84,0.2,150872000.0,2018-06-24
77.84,77.9,76.98,77.15,-0.89,160523008.0,2018-06-25
77.84,77.23,76.12,76.18,-1.26,179992992.0,2018-06-26
76.18,76.87,75.97,76.48,0.39,140946000.0,2018-06-27
76.48,76.87,76.45,76.57,0.12,198080992.0,2018-06-28
76.57,76.6,75.52,75.6,-1.27,159322000.0,2018-07-01
75.6,75.73,74.87,75.19,-0.54,169092000.0,2018-07-02
75.19,75.52,74.86,75.33,0.19,164744992.0,2018-07-03
75.33,76.39,75.36,76.22,1.18,193812000.0,2018-07-04
76.22,78.63,76.21,78.63,3.16,384172000.0,2018-07-05
78.63,79.73,78.57,78.57,-0.07,374905984.0,2018-07-08
78.57,78.68,77.23,77.39,-1.5,344919008.0,2018-07-09
77.39,78.01,77.27,77.44,0.06,212620992.0,2018-07-10
77.44,78.53,77.38,77.44,0.0,285855008.0,2018-07-11
77.44,77.83,76.4,76.53,-1.18,328540992.0,2018-07-12
77.44,77.09,76.53,77.07,0.7,134235008.0,2018-07-15
77.07,77.92,76.89,77.92,1.11,81370800.0,2018-07-16
77.92,78.05,77.36,77.36,-0.72,174940992.0,2018-07-17
77.36,77.39,76.85,76.97,-0.5,147291008.0,2018-07-18
76.97,77.03,76.55,76.62,-0.45,191792000.0,2018-07-19
76.62,76.66,75.79,75.8,-1.06,169524000.0,2018-07-22
75.8,76.74,75.8,76.7,1.19,142608992.0,2018-07-23
76.7,78.02,76.69,77.06,0.47,237355008.0,2018-07-24
76.7,77.13,76.62,76.74,-0.42,125623000.0,2018-07-25
76.74,76.9,76.36,76.48,-0.34,149748992.0,2018-07-26
76.48,76.87,76.47,76.64,0.21,142638000.0,2018-07-29
76.64,76.98,76.6,76.73,0.12,228708992.0,2018-07-30
76.73,76.96,76.43,76.54,-0.25,133726000.0,2018-07-31
76.54,76.78,76.44,76.76,0.29,142426000.0,2018-08-01
76.76,76.91,76.63,76.66,-0.13,123395000.0,2018-08-02
76.66,76.75,76.49,76.55,-0.14,129498000.0,2018-08-05
76.55,76.78,76.46,76.59,0.06,127985000.0,2018-08-06
76.59,76.82,76.36,76.48,-0.14,145952992.0,2018-08-07
76.48,76.61,76.35,76.41,-0.09,124187000.0,2018-08-08
76.41,76.54,75.9,76.0,-0.54,143355008.0,2018-08-09
76.0,76.03,74.8,74.87,-1.49,198171008.0,2018-08-12
74.87,75.58,74.77,75.58,0.95,141926000.0,2018-08-13
75.58,76.23,75.37,76.22,0.84,154436992.0,2018-08-14
76.22,78.11,76.22,78.07,2.43,268556000.0,2018-08-15
78.07,78.61,77.52,78.08,0.02,336193984.0,2018-08-16
78.08,78.15,77.09,77.11,-1.25,239484992.0,2018-08-19
77.11,77.14,76.47,76.6,-0.67,161458000.0,2018-08-20
77.11,76.61,76.18,76.29,-0.41,148144992.0,2018-08-21
76.29,77.81,77.44,77.65,1.78,97240400.0,2018-08-22
77.65,77.65,77.16,77.39,-0.34,240027008.0,2018-08-23
77.39,77.45,77.17,77.22,-0.21,119107000.0,2018-08-26
77.22,77.35,77.01,77.35,0.17,161684000.0,2018-08-28
77.35,77.43,77.0,77.1,-0.32,152044000.0,2018-08-29
77.1,77.78,77.0,77.78,0.89,168474000.0,2018-08-30
77.78,78.71,77.63,78.6,1.05,260674000.0,2018-09-02
78.6,80.26,78.6,79.7,1.39,482108000.0,2018-09-03
79.7,80.38,79.44,80.04,0.43,375412992.0,2018-09-04
80.04,82.61,80.04,81.89,2.31,622220032.0,2018-09-05
80.04,82.89,81.14,81.46,-0.53,632569984.0,2018-09-06
81.46,81.53,80.57,80.67,-0.97,261760992.0,2018-09-09
80.67,80.82,79.78,80.0,-0.83,208412000.0,2018-09-10
80.0,80.98,80.0,80.66,0.82,272203008.0,2018-09-11
80.66,81.7,80.5,81.67,1.25,358408992.0,2018-09-12
81.67,82.75,81.68,82.73,1.29,633358016.0,2018-09-13
82.73,84.83,82.74,83.74,1.23,819152000.0,2018-09-16
82.73,84.01,83.06,83.51,-0.27,503697984.0,2018-09-17
83.51,83.92,83.15,83.54,0.04,363212992.0,2018-09-18
83.54,83.8,82.97,83.39,-0.17,385863008.0,2018-09-20
83.54,84.12,83.22,83.88,0.59,561576000.0,2018-09-23
83.88,86.17,83.88,85.88,2.39,970585984.0,2018-09-25
85.89,86.57,85.01,85.67,-0.26,804244992.0,2018-09-26
85.67,85.78,84.72,84.83,-0.98,437272000.0,2018-09-27
84.83,84.9,83.81,84.18,-0.76,513176000.0,2018-09-30
84.18,84.31,82.65,82.7,-1.76,463263008.0,2018-10-01
82.7,83.42,82.59,82.82,0.15,369375008.0,2018-10-02
82.82,82.88,82.02,82.02,-0.96,328145984.0,2018-10-03
82.02,82.23,81.37,81.76,-0.32,328145984.0,2018-10-04
81.76,81.76,80.77,80.79,-1.18,331807008.0,2018-10-07
80.79,81.4,80.73,81.34,0.69,316169984.0,2018-10-08
81.34,81.78,81.02,81.09,-0.3,255159008.0,2018-10-09
81.09,81.14,80.78,81.14,0.06,160859008.0,2018-10-10
81.14,81.96,80.88,81.96,1.01,204952000.0,2018-10-11
81.96,83.12,81.94,83.12,1.42,240644000.0,2018-10-14
83.12,83.41,82.98,83.0,-0.14,275812000.0,2018-10-15
83.0,83.6,82.95,83.42,0.51,128269000.0,2018-10-21
83.42,83.54,82.98,83.34,-0.1,151680000.0,2018-10-22
83.34,83.41,82.93,83.2,-0.17,171239008.0,2018-10-23
83.2,83.72,82.98,83.69,0.59,192738000.0,2018-10-24
83.69,83.71,82.97,83.02,-0.8,248775008.0,2018-10-25
83.02,83.1,81.87,81.95,-1.29,272224992.0,2018-10-28
81.95,81.95,81.16,81.29,-0.81,184500000.0,2018-10-29
81.29,81.87,81.19,81.87,0.71,174400992.0,2018-10-30
81.87,81.9,81.41,81.53,-0.42,132097000.0,2018-10-31
81.53,81.77,81.23,81.52,-0.01,194020000.0,2018-11-01
81.52,81.54,80.49,80.5,-1.25,232895008.0,2018-11-04
80.5,81.41,80.4,81.34,1.04,225948992.0,2018-11-05
81.66,81.66,81.66,81.66,0.39,31279200.0,2018-11-06
81.69,81.72,80.35,80.35,-1.6,93153104.0,2018-11-11
80.32,80.32,79.46,79.64,-0.88,119967000.0,2018-11-12
79.64,80.75,79.52,80.69,1.32,142339008.0,2018-11-13
80.79,80.88,80.39,80.39,-0.37,142339008.0,2018-11-14
80.84,81.11,80.5,80.5,-0.41,222668000.0,2018-11-15
80.38,80.46,79.39,79.87,-0.78,305147008.0,2018-11-18
79.92,79.93,79.29,79.47,-0.5,191592992.0,2018-11-19
79.44,79.47,78.92,78.93,-0.68,155452992.0,2018-11-20
78.97,79.05,78.51,79.01,0.1,210924992.0,2018-11-21
79.16,79.28,78.84,78.83,-0.23,224698000.0,2018-11-22
78.89,78.93,77.91,77.94,-1.13,229811008.0,2018-11-25
77.93,78.0,77.48,77.51,-0.55,281233984.0,2018-11-26
77.5,77.94,77.5,77.63,0.15,201923008.0,2018-11-27
77.63,77.74,77.39,77.41,-0.28,382052000.0,2018-11-28
77.41,77.5,76.61,76.63,-1.01,303555008.0,2018-11-29
76.62,76.62,75.35,75.41,-1.59,432892000.0,2018-12-02
75.36,76.42,75.29,75.46,0.07,609000000.0,2018-12-03
75.59,76.2,75.5,76.2,0.98,352236992.0,2018-12-04
76.1,76.21,74.6,74.65,-2.03,317510016.0,2018-12-05
74.63,75.1,74.0,74.78,0.17,326288992.0,2018-12-06
74.81,75.45,74.81,75.7,1.23,207420992.0,2018-12-09
75.67,76.72,75.67,76.57,1.15,373352992.0,2018-12-10
76.53,76.66,76.23,76.28,-0.38,359428000.0,2018-12-11
76.27,76.5,76.15,76.35,0.09,197327008.0,2018-12-12
76.36,77.26,76.32,76.99,0.84,290395008.0,2018-12-13
77.02,78.47,77.02,78.35,1.77,424575008.0,2018-12-16
78.33,79.36,78.2,79.36,1.29,348720000.0,2018-12-17
79.39,79.52,78.06,78.22,-1.44,490113984.0,2018-12-18
78.23,78.42,77.54,77.76,-0.59,332295008.0,2018-12-19
77.76,78.56,77.76,78.08,0.41,378876000.0,2018-12-20
78.11,80.3,78.11,80.3,2.84,709553024.0,2018-12-23
80.3,80.76,79.67,79.69,-0.76,656784000.0,2018-12-24
79.79,79.79,78.96,79.24,-0.56,309796992.0,2018-12-25
79.25,81.39,79.21,81.39,2.71,640524032.0,2018-12-26
81.4,82.43,80.96,81.2,-0.23,1036960000.0,2018-12-27
80.84,81.1,80.26,80.29,-1.12,416563008.0,2018-12-30
80.51,80.68,79.33,79.33,-1.2,364336000.0,2018-12-31
79.29,79.78,78.99,79.17,-0.2,209154000.0,2019-01-01
79.15,79.24,78.78,78.8,-0.46,229084992.0,2019-01-02
78.83,79.11,78.63,78.68,-0.15,245802000.0,2019-01-03
78.64,78.76,78.05,78.06,-0.79,287044000.0,2019-01-06
78.05,78.76,78.01,78.54,0.61,312227008.0,2019-01-07
78.58,78.79,78.47,78.54,0.0,320297984.0,2019-01-08
78.58,78.54,78.92,78.68,0.18,256772000.0,2019-01-09
78.68,78.93,78.68,78.83,0.19,319835008.0,2019-01-10
78.89,78.93,78.33,78.36,-0.6,342345984.0,2019-01-13
78.36,78.5,78.21,78.5,0.18,246575008.0,2019-01-14
78.55,79.44,78.54,79.44,1.2,369289984.0,2019-01-15
79.44,79.57,78.88,78.88,-0.7,458214016.0,2019-01-16
78.9,78.9,78.57,78.66,-0.28,243254000.0,2019-01-17
78.68,78.73,78.08,78.17,-0.62,119974000.0,2019-01-20
78.06,78.06,77.58,77.58,-0.75,209018000.0,2019-01-21
77.45,77.92,77.37,77.72,0.18,205000000.0,2019-01-22
77.7,77.96,77.7,77.96,0.31,181635008.0,2019-01-23
77.95,78.17,77.82,77.91,-0.06,243784992.0,2019-01-24
77.85,77.87,77.15,77.17,-0.95,256691008.0,2019-01-27
77.32,77.48,77.2,77.48,0.4,174130000.0,2019-01-28
77.46,77.47,77.11,77.18,-0.39,210291008.0,2019-01-29
77.17,77.37,77.12,77.28,0.13,161102000.0,2019-01-30
77.4,77.5,77.17,77.26,-0.03,230760000.0,2019-01-31
77.24,77.42,76.75,76.8,-0.6,283651008.0,2019-02-03
76.81,76.86,76.28,76.28,-0.68,286443008.0,2019-02-04
76.24,76.66,76.22,76.48,0.26,184175008.0,2019-02-05
76.51,76.51,75.94,75.98,-0.65,198668000.0,2019-02-06
75.95,76.12,75.89,76.06,0.11,199859008.0,2019-02-07
75.99,76.01,75.19,75.28,-1.03,197936000.0,2019-02-10
75.22,75.56,75.01,75.34,0.08,164935008.0,2019-02-11
75.45,75.52,75.13,75.3,-0.05,134596992.0,2019-02-12
75.34,75.55,74.72,74.72,-0.77,208696992.0,2019-02-13
74.62,74.66,74.2,74.27,-0.6,199752992.0,2019-02-14
74.72,75.05,74.03,74.18,-0.12,172299008.0,2019-02-17
74.14,74.16,73.59,73.7,-0.65,184744000.0,2019-02-18
73.74,75.05,73.67,75.05,1.83,178048000.0,2019-02-19
75.29,75.29,74.21,74.19,-1.19,137274000.0,2019-02-20
74.22,74.37,74.02,74.31,0.16,117286000.0,2019-02-21
74.52,74.52,73.47,73.53,-1.05,162328992.0,2019-02-24
73.55,73.99,73.35,73.99,0.63,163164000.0,2019-02-25
73.99,74.06,73.5,73.6,-0.53,131309000.0,2019-02-26
73.62,74.09,73.51,73.79,0.26,179474000.0,2019-02-27
73.93,73.97,73.46,73.46,-0.45,202194000.0,2019-03-03
73.47,73.72,73.31,73.6,0.19,186460992.0,2019-03-05
73.65,74.27,73.56,74.27,0.91,193295008.0,2019-03-06
74.31,75.43,74.31,75.43,1.56,259024000.0,2019-03-07
75.42,75.6,74.72,75.55,0.16,86599296.0,2019-03-10
75.6,76.67,75.34,76.67,1.48,343871008.0,2019-03-11
77.06,78.0,76.63,78.0,1.73,462392000.0,2019-03-12
77.53,78.23,77.09,77.09,-1.17,371047008.0,2019-03-13
77.11,77.54,76.56,77.54,0.58,237880992.0,2019-03-14
77.57,78.19,77.57,77.88,0.44,285177984.0,2019-03-17
77.83,78.08,77.25,77.25,-0.81,255502000.0,2019-03-18
77.34,77.59,76.8,76.8,-0.58,117331000.0,2019-03-19
76.82,76.94,76.22,76.27,-0.69,227048000.0,2019-03-21
76.29,76.35,75.61,75.91,-0.47,175050000.0,2019-03-24
75.9,76.35,75.75,76.25,0.45,189048000.0,2019-03-25
76.18,76.48,76.0,76.37,0.16,169195008.0,2019-03-26
76.42,76.54,76.31,76.54,0.22,196730000.0,2019-03-27
76.52,76.73,76.4,76.59,0.07,193616000.0,2019-03-28
76.69,77.01,76.31,76.57,-0.03,214040992.0,2019-03-31
76.51,77.35,76.48,77.16,0.77,303236000.0,2019-04-01
77.51,78.34,77.51,78.29,1.46,451600000.0,2019-04-02
78.3,79.05,77.9,78.57,0.36,497630016.0,2019-04-03
78.56,78.9,78.11,78.51,-0.08,362359008.0,2019-04-04
78.48,80.13,78.22,80.13,2.06,471079008.0,2019-04-07
80.24,81.3,79.88,80.76,0.79,827102016.0,2019-04-08
80.77,81.01,79.88,80.02,-0.92,602628992.0,2019-04-09
80.09,80.58,79.58,80.27,0.31,333071008.0,2019-04-10
80.29,80.56,80.1,80.38,0.14,354828992.0,2019-04-11
80.41,80.84,80.29,80.84,0.57,267090000.0,2019-04-15
80.79,82.74,80.79,82.74,2.35,689580032.0,2019-04-16
82.77,83.65,82.5,83.23,0.59,760916992.0,2019-04-17
83.23,84.56,83.11,84.56,1.6,703494976.0,2019-04-18
84.59,87.02,84.28,87.02,2.91,955451008.0,2019-04-21
87.07,88.03,85.45,86.15,-1.0,955272000.0,2019-04-22
86.12,87.08,85.55,86.43,0.33,532556000.0,2019-04-23
86.67,88.25,86.52,88.16,2.0,871912000.0,2019-04-24
88.19,89.63,88.19,89.1,1.07,1281469952.0,2019-04-25
89.28,90.7,89.28,90.04,1.05,1510749952.0,2019-04-28
90.39,90.47,88.79,89.7,-0.38,1097440000.0,2019-04-29
89.75,90.24,88.77,88.95,-0.84,803916032.0,2019-04-30
88.97,89.07,87.83,88.56,-0.44,488166016.0,2019-05-02
88.49,88.49,87.16,87.19,-1.55,543404032.0,2019-05-05
87.19,88.91,86.62,88.91,1.97,541569024.0,2019-05-06
88.86,89.72,88.58,88.88,-0.03,614588992.0,2019-05-07
88.9,88.98,88.26,88.43,-0.51,424975008.0,2019-05-08
88.43,88.75,87.84,87.94,-0.55,527427008.0,2019-05-09
87.86,88.2,87.18,88.2,0.3,582076992.0,2019-05-12
88.31,88.41,87.96,88.3,0.11,764636992.0,2019-05-13
88.67,89.38,88.6,88.92,0.7,879200000.0,2019-05-14
88.91,90.85,88.91,89.77,0.96,1137949952.0,2019-05-15
89.78,90.27,89.32,89.49,-0.31,718534976.0,2019-05-16
89.55,89.65,89.06,89.19,-0.34,830326976.0,2019-05-19
89.24,89.46,88.51,88.68,-0.57,861953024.0,2019-05-20
88.71,89.3,88.39,88.71,0.03,649473024.0,2019-05-21
88.78,89.36,88.77,89.14,0.48,758046016.0,2019-05-22
89.14,89.44,88.46,88.71,-0.48,690947008.0,2019-05-23
88.76,88.85,87.78,87.85,-0.97,501076992.0,2019-05-26
87.93,88.34,87.52,87.95,0.11,398216992.0,2019-05-27
87.9,88.21,87.8,87.99,0.05,530140992.0,2019-05-28
88.0,88.73,88.0,88.73,0.84,576513024.0,2019-05-29
89.27,91.31,88.99,89.08,0.39,1203709952.0,2019-05-30
89.02,89.03,88.13,88.15,-1.04,570739968.0,2019-06-02
88.21,88.31,87.21,87.29,-0.98,522356992.0,2019-06-03
87.21,87.7,86.97,87.16,-0.15,512369984.0,2019-06-04
87.35,87.45,86.79,86.79,-0.42,432729984.0,2019-06-06
86.89,87.04,86.25,86.41,-0.44,480423008.0,2019-06-10
86.41,86.95,86.41,86.61,0.23,379048000.0,2019-06-11
86.57,86.71,86.01,86.33,-0.32,325631008.0,2019-06-12
86.37,86.62,85.76,86.21,-0.14,358712992.0,2019-06-13
86.5,86.5,85.55,85.61,-0.7,391121984.0,2019-06-16
85.65,86.18,85.37,85.7,0.11,323711008.0,2019-06-17
85.95,86.06,85.75,85.87,0.2,266028992.0,2019-06-18
85.79,86.02,85.72,85.87,0.0,240100000.0,2019-06-19
85.9,86.32,85.67,86.25,0.44,306196000.0,2019-06-20
86.3,86.3,85.66,85.7,-0.64,388091008.0,2019-06-23
85.75,86.11,85.63,86.11,0.48,356528000.0,2019-06-24
86.12,86.5,86.09,86.21,0.12,306985984.0,2019-06-25
86.29,86.32,85.79,85.94,-0.31,492759008.0,2019-06-26
85.92,86.09,85.92,85.97,0.03,531379008.0,2019-06-27
85.87,85.94,85.23,85.26,-0.83,436767008.0,2019-06-30
85.29,85.29,84.75,85.06,-0.23,294136992.0,2019-07-01
85.1,85.66,84.85,85.66,0.71,381076992.0,2019-07-02
85.69,86.8,85.5,86.61,1.11,475867008.0,2019-07-03
86.73,86.93,86.04,86.15,-0.53,536017984.0,2019-07-04
86.32,86.36,85.6,85.64,-0.59,480572000.0,2019-07-07
85.65,85.75,84.91,85.1,-0.63,383368992.0,2019-07-08
85.1,85.32,84.77,85.17,0.08,356000992.0,2019-07-09
85.18,85.38,84.92,85.05,-0.14,350105984.0,2019-07-10
85.12,85.25,84.96,85.1,0.06,383592000.0,2019-07-11
85.17,85.36,85.08,85.14,0.05,225851008.0,2019-07-14
85.14,85.68,85.08,85.67,0.62,294585984.0,2019-07-15
87.5,87.5,85.72,85.95,0.33,264076992.0,2019-07-16
85.95,87.06,85.91,87.06,1.29,325992992.0,2019-07-17
87.11,87.73,87.02,87.02,-0.05,294097984.0,2019-07-18
87.14,87.18,86.56,86.92,-0.11,231016000.0,2019-07-21
86.92,87.05,86.7,86.91,-0.01,268876000.0,2019-07-22
86.89,87.47,86.89,87.25,0.39,316156992.0,2019-07-23
87.23,87.9,87.23,87.78,0.61,389375008.0,2019-07-24
87.81,87.81,86.91,86.94,-0.96,459932992.0,2019-07-25
86.87,86.87,85.63,85.74,-1.38,411710016.0,2019-07-28
85.75,86.3,85.75,86.14,0.47,287188992.0,2019-07-29
86.14,86.47,86.14,86.43,0.34,211576992.0,2019-07-30
86.45,86.84,86.22,86.79,0.42,288414016.0,2019-07-31
86.8,87.01,86.38,86.54,-0.29,418156000.0,2019-08-01
86.45,86.79,86.26,86.36,-0.21,385035008.0,2019-08-04
86.36,86.52,86.02,86.14,-0.25,359575008.0,2019-08-05
86.14,86.16,85.37,85.53,-0.71,390180992.0,2019-08-06
85.57,85.97,85.22,85.83,0.35,306638016.0,2019-08-07
85.76,85.93,85.06,85.14,-0.8,243300000.0,2019-08-08
85.11,85.15,84.66,84.94,-0.23,210916000.0,2019-08-11
84.94,85.31,84.82,84.96,0.02,206779008.0,2019-08-12
85.09,85.18,84.62,84.9,-0.07,405455008.0,2019-08-13
84.87,85.0,84.31,84.38,-0.61,194731008.0,2019-08-14
84.37,84.53,84.12,84.16,-0.26,315318016.0,2019-08-15
84.36,84.55,83.76,83.92,-0.29,270260000.0,2019-08-18
83.93,85.1,83.65,84.51,0.7,285580000.0,2019-08-19
84.56,84.56,83.97,84.01,-0.59,218199008.0,2019-08-20
84.07,84.32,83.85,84.08,0.08,244167008.0,2019-08-21
84.14,84.57,84.07,84.18,0.12,212896000.0,2019-08-22
84.12,84.14,83.38,83.95,-0.27,258762000.0,2019-08-25
83.96,84.04,83.47,83.69,-0.31,230423000.0,2019-08-26
83.73,84.34,83.73,84.03,0.41,209105000.0,2019-08-27
84.37,84.4,83.35,83.38,-0.77,227674000.0,2019-08-28
83.51,83.59,83.22,83.34,-0.05,226922000.0,2019-08-29
83.39,83.71,82.64,82.76,-0.7,234689000.0,2019-09-01
82.7,83.34,81.6,81.73,-1.24,363542000.0,2019-09-02
81.74,83.18,80.87,83.18,1.77,366857000.0,2019-09-03
83.29,83.82,82.62,83.57,0.47,389602000.0,2019-09-04
83.57,83.77,83.18,83.31,-0.31,250756000.0,2019-09-05
83.31,83.38,82.43,82.5,-0.97,222545000.0,2019-09-08
82.52,82.65,81.75,82.02,-0.58,215633000.0,2019-09-09
82.02,82.41,81.62,82.08,0.07,197883000.0,2019-09-10
82.08,82.17,81.76,81.85,-0.28,273557000.0,2019-09-11
81.85,81.95,81.49,81.63,-0.27,285109000.0,2019-09-12
81.63,82.15,80.3,80.3,-1.63,247214000.0,2019-09-15
80.34,80.34,79.12,79.27,-1.28,296915000.0,2019-09-16
79.39,81.23,79.39,80.79,1.92,318766000.0,2019-09-17
80.8,82.33,80.8,82.07,1.58,343217000.0,2019-09-18
82.18,82.46,81.17,81.22,-1.04,311968000.0,2019-09-19
81.22,81.4,80.04,80.27,-1.17,152400000.0,2019-09-22
80.27,80.56,80.18,80.31,0.05,147926000.0,2019-09-23
80.31,80.37,79.82,79.88,-0.54,156353000.0,2019-09-24
79.88,79.96,79.56,79.56,-0.4,138037000.0,2019-09-25
79.56,79.65,79.31,79.43,-0.16,185827000.0,2019-09-26
79.43,79.46,79.02,79.03,-0.5,187580000.0,2019-09-29
79.03,79.33,78.53,79.33,0.38,139777000.0,2019-09-30
79.33,80.43,79.33,80.4,1.35,153245000.0,2019-10-01
80.4,80.64,80.11,80.17,-0.29,171976000.0,2019-10-02
80.22,80.74,80.19,80.74,0.71,156502000.0,2019-10-03
80.74,81.01,80.71,80.79,0.06,60057100.0,2019-10-10
80.79,80.92,79.85,79.85,-1.16,183958000.0,2019-10-14
79.9,80.2,79.78,80.2,0.44,169896000.0,2019-10-15
80.2,80.22,79.76,79.8,-0.5,176029000.0,2019-10-16
79.89,80.07,79.79,79.98,0.23,149314000.0,2019-10-17
79.98,80.23,79.5,79.67,-0.39,99951200.0,2019-10-20
79.67,79.89,79.35,79.51,-0.2,146016000.0,2019-10-21
79.52,79.79,79.39,79.79,0.35,139998000.0,2019-10-22
79.81,80.42,79.81,80.41,0.78,139476000.0,2019-10-23
80.42,81.01,80.39,80.93,0.65,297548000.0,2019-10-24
81.01,81.09,80.67,80.89,-0.05,170148000.0,2019-10-31
80.85,80.88,80.07,80.38,-0.63,141543000.0,2019-11-03
80.38,80.54,80.03,80.44,0.07,164238000.0,2019-11-04
80.44,80.55,80.26,80.32,-0.15,198665000.0,2019-11-05
80.32,80.56,80.1,80.18,-0.17,185300000.0,2019-11-06
80.23,80.28,79.68,79.73,-0.56,333599000.0,2019-11-07
79.73,80.12,79.61,79.97,0.3,269587000.0,2019-11-10
80.14,81.5,80.14,81.35,1.73,458387000.0,2019-11-11
81.44,81.51,80.87,80.94,-0.5,326481000.0,2019-11-12
80.94,80.94,80.4,80.59,-0.43,214140000.0,2019-11-13
80.59,80.95,80.53,80.6,0.01,190421000.0,2019-11-14
80.6,80.87,80.25,80.42,-0.22,281134000.0,2019-11-17
80.42,80.54,80.18,80.28,-0.17,287707000.0,2019-11-18
80.3,80.41,80.15,80.32,0.05,201584000.0,2019-11-19
80.32,80.97,80.16,80.26,-0.07,268337000.0,2019-11-20
80.26,80.34,79.38,79.59,-0.83,245330000.0,2019-11-21
79.6,79.68,78.81,78.89,-0.88,252546000.0,2019-11-24
78.89,79.2,78.5,79.01,0.15,223776000.0,2019-11-25
79.02,79.19,78.94,79.14,0.16,181111000.0,2019-11-26
79.13,79.67,79.06,79.65,0.81,191267000.0,2019-11-27
79.69,79.81,79.45,79.45,-0.25,222212000.0,2019-11-28
79.45,79.46,79.18,79.26,-0.24,190630000.0,2019-12-01
79.25,79.44,79.17,79.17,-0.11,179497000.0,2019-12-02
79.23,79.53,79.16,79.49,0.4,190078000.0,2019-12-03
79.49,80.1,79.49,80.0,0.64,269265000.0,2019-12-04
80.02,80.51,80.02,80.26,0.33,302176000.0,2019-12-05
80.26,80.43,79.97,80.41,0.19,220040000.0,2019-12-08
80.41,81.8,80.32,81.42,1.26,419356000.0,2019-12-09
81.44,81.99,81.37,81.7,0.34,433550000.0,2019-12-10
81.9,82.74,81.84,82.31,0.75,400977000.0,2019-12-11
82.35,82.86,82.2,82.58,0.23,600211000.0,2019-12-12
82.58,83.5,82.58,82.58,0.0,570784000.0,2019-12-15
82.58,82.85,81.93,82.04,-0.65,348251000.0,2019-12-16
82.05,82.29,81.82,81.98,-0.07,239119000.0,2019-12-17
81.98,82.18,81.61,81.69,-0.35,251062000.0,2019-12-18
81.69,81.78,81.52,81.53,-0.2,360343000.0,2019-12-19
81.52,81.58,81.28,81.41,-0.15,275988000.0,2019-12-22
81.41,82.03,81.41,81.94,0.65,484623000.0,2019-12-23
81.98,82.46,81.92,81.92,-0.02,545134000.0,2019-12-24
81.92,82.45,81.92,82.1,0.22,413812000.0,2019-12-25
82.14,82.31,81.9,81.96,-0.17,466482000.0,2019-12-26
81.96,82.04,81.43,81.55,-0.5,303093000.0,2019-12-29
81.55,81.55,81.17,81.48,-0.09,472868000.0,2019-12-30
81.48,81.84,81.37,81.59,0.14,355492000.0,2019-12-31
81.64,81.88,81.52,81.86,0.33,290987000.0,2020-01-01
81.84,81.91,81.63,81.68,-0.22,338602000.0,2020-01-02
81.61,83.47,81.48,83.0,1.62,586723000.0,2020-01-05
83.1,84.78,83.1,84.78,2.14,744679000.0,2020-01-06
84.78,86.42,84.78,86.32,1.82,980564000.0,2020-01-07
86.37,87.03,85.59,85.75,-0.66,649575000.0,2020-01-08
85.75,86.46,85.52,86.1,0.41,524950000.0,2020-01-09
86.1,89.1,86.1,89.1,3.48,1142350000.0,2020-01-12
89.23,91.16,89.1,90.24,1.28,1494710000.0,2020-01-13
90.24,90.37,89.22,89.58,-0.73,772632000.0,2020-01-14
89.58,91.75,89.58,91.42,2.05,788444000.0,2020-01-15
91.42,93.2,91.42,92.83,1.54,1429120000.0,2020-01-16
92.83,94.92,92.83,94.67,1.98,1779290000.0,2020-01-19
94.48,96.12,92.57,93.18,-1.57,1776980000.0,2020-01-20
93.18,94.51,93.11,93.8,0.67,1092750000.0,2020-01-21
94.18,94.43,93.17,93.14,-0.7,1487180000.0,2020-01-22
93.27,93.42,91.5,91.65,-1.6,1278670000.0,2020-01-23
91.69,91.8,90.21,90.3,-1.47,878132000.0,2020-01-26
90.3,91.87,90.17,91.87,1.74,813033000.0,2020-01-27
91.87,92.82,91.69,91.83,-0.04,1271750000.0,2020-01-28
91.83,92.16,91.49,91.6,-0.25,1112840000.0,2020-01-29
91.6,93.33,91.6,93.03,1.56,1776410000.0,2020-01-30
93.03,95.02,93.03,94.76,1.56,1894670000.0,2020-02-02
94.9,95.45,94.4,95.13,0.39,1472030000.0,2020-02-03
95.49,95.49,93.93,94.05,-1.14,1406880000.0,2020-02-04
94.34,94.6,93.99,94.39,0.36,992697000.0,2020-02-05
94.24,94.63,93.51,93.72,-0.71,949306000.0,2020-02-06
93.65,93.79,92.68,92.76,-1.02,840368000.0,2020-02-09
92.83,93.49,92.47,93.08,0.34,726792000.0,2020-02-10
93.08,94.53,93.08,94.53,1.56,1318450000.0,2020-02-11
94.52,95.31,94.48,94.73,0.21,1326070000.0,2020-02-12
94.83,95.23,94.24,94.25,-0.51,1557230000.0,2020-02-13
94.25,94.89,94.05,94.89,0.68,1718170000.0,2020-02-16
94.95,98.07,94.95,97.95,3.22,2334910000.0,2020-02-17
98.12,99.56,97.73,98.45,0.51,1857210000.0,2020-02-18
98.29,99.08,97.74,98.8,0.35,1352560000.0,2020-02-19
98.82,100.17,98.82,100.17,1.39,2406890000.0,2020-02-20
100.25,106.68,100.25,106.46,6.28,3251610000.0,2020-02-23
106.72,109.03,106.24,106.36,-0.09,3118350000.0,2020-02-24
106.77,108.31,104.48,108.37,1.89,2764700000.0,2020-02-25
108.39,111.51,108.39,111.31,2.71,3728810000.0,2020-02-26
111.28,115.41,108.64,115.79,3.68,4146150000.0,2020-02-27
116.58,118.7,113.55,113.55,-1.93,4520340000.0,2020-03-01
113.63,113.73,106.8,106.8,-5.94,2043220000.0,2020-03-02
106.61,109.87,102.5,107.7,0.84,3640530000.0,2020-03-03
107.7,107.7,102.48,102.55,-4.78,2731290000.0,2020-03-04
102.8,104.36,100.1,102.27,-0.27,2305660000.0,2020-03-05
102.29,102.29,96.06,96.06,-6.07,1010610000.0,2020-03-10
96.13,101.37,96.0,101.37,5.53,2053620000.0,2020-03-11
101.39,101.88,97.68,98.13,-3.2,2001550000.0,2020-03-12
97.1,97.1,93.35,93.47,-4.75,1876800000.0,2020-03-15
93.47,95.23,91.97,93.74,0.29,1462630000.0,2020-03-16
93.74,93.84,90.36,90.79,-3.15,1344930000.0,2020-03-17
90.79,91.88,88.06,89.78,-1.11,1082270000.0,2020-03-18
89.3,91.22,87.45,90.44,0.74,1719460000.0,2020-03-19
90.44,90.97,88.73,89.08,-1.5,176847000.0,2020-03-22
89.07,89.07,87.32,87.32,-1.98,99329800.0,2020-05-12
87.24,87.24,85.62,85.62,-1.95,3328040.0,2020-05-13
85.47,85.49,81.26,83.61,-2.35,304513000.0,2020-06-29
83.47,88.75,83.31,88.75,6.15,197261000.0,2020-06-30
89.09,94.37,89.09,94.37,6.33,302346000.0,2020-07-01
94.92,96.02,88.27,88.27,-6.46,383675000.0,2020-07-02
88.27,89.62,87.3,88.3,0.04,744502000.0,2020-07-05
88.34,90.37,87.75,90.37,2.34,660824000.0,2020-07-06
90.48,93.44,90.48,92.63,2.5,1004250000.0,2020-07-07
92.63,92.99,91.14,91.83,-0.86,679319000.0,2020-07-08
91.83,92.02,90.72,91.81,-0.07,700878000.0,2020-07-09
91.92,93.17,91.71,92.05,0.31,912023000.0,2020-07-12
92.31,92.98,91.69,92.4,0.38,808920000.0,2020-07-13
92.78,93.26,92.45,93.18,0.84,779545000.0,2020-07-14
93.18,95.2,93.18,94.72,1.65,973148000.0,2020-07-15
94.7,97.71,94.7,97.41,2.84,888202000.0,2020-07-16
98.48,103.45,98.48,103.45,6.2,26284800.0,2020-07-19
108.17,109.88,102.58,102.8,-0.63,2510670000.0,2020-07-20
103.64,104.08,101.18,101.73,-1.04,1604220000.0,2020-07-21
101.88,102.59,100.01,100.26,-1.45,1126500000.0,2020-07-22
100.38,100.66,98.75,100.44,0.17,1058630000.0,2020-07-23
100.47,101.76,100.47,101.63,1.14,1583450000.0,2020-07-26
101.63,102.35,101.04,101.49,-0.13,1427770000.0,2020-07-27
101.45,101.58,100.56,100.91,-0.57,1019520000.0,2020-07-28
100.6,100.65,99.07,99.16,-1.74,1381610000.0,2020-07-29
99.21,99.9,98.17,99.35,0.19,975562000.0,2020-07-30
99.4,99.4,96.23,96.31,-3.05,1464910000.0,2020-08-02
96.31,97.55,95.38,96.8,0.51,766518000.0,2020-08-03
95.46,95.46,93.98,95.17,-0.11,693135000.0,2020-08-06
95.18,95.58,93.63,95.58,0.44,678197000.0,2020-08-09
95.49,98.48,95.49,98.48,3.03,1262580000.0,2020-08-10
98.57,99.35,97.69,97.98,-0.51,988629000.0,2020-08-11
98.21,98.26,97.29,98.0,0.02,772640000.0,2020-08-12
98.02,98.02,96.63,96.71,-1.32,842631000.0,2020-08-13
96.31,96.31,94.6,95.06,-1.71,1058160000.0,2020-08-16
95.08,95.49,94.49,95.49,0.46,898046000.0,2020-08-17
95.51,96.03,95.09,95.49,-0.01,990532000.0,2020-08-18
95.27,95.31,94.17,94.35,-1.19,789116000.0,2020-08-19
94.61,95.61,94.61,94.92,0.61,316683000.0,2020-08-20
94.92,95.41,94.76,95.31,0.41,892113000.0,2020-08-23
95.35,96.66,95.35,96.64,1.4,1750990000.0,2020-08-24
97.15,97.56,96.56,96.91,0.27,1425680000.0,2020-08-25
97.32,99.04,97.11,98.77,1.92,2114530000.0,2020-08-26
98.91,99.56,98.03,98.19,-0.58,1520870000.0,2020-08-27
98.29,98.29,97.18,97.82,-0.37,954208000.0,2020-08-30
97.81,98.68,97.81,98.44,0.63,2695330000.0,2020-08-31
99.48,100.77,99.09,100.44,2.04,3113340000.0,2020-09-02
101.18,101.36,99.48,100.0,-0.44,1841070000.0,2020-09-03
101.87,101.87,98.86,99.28,-0.72,1992110000.0,2020-09-06
99.29,99.38,97.92,98.02,-1.27,1494060000.0,2020-09-07
98.25,98.81,97.31,98.36,0.35,1265150000.0,2020-09-08
98.74,98.75,97.88,98.45,0.08,1989780000.0,2020-09-09
98.4,99.93,98.34,98.92,0.49,1734690000.0,2020-09-10
99.24,99.71,98.66,99.68,0.77,2705690000.0,2020-09-13
99.92,101.04,99.92,100.5,0.83,2486470000.0,2020-09-14
100.79,101.25,99.86,100.05,-0.45,1461610000.0,2020-09-15
100.07,100.34,99.57,100.19,0.14,1418180000.0,2020-09-16
101.88,103.04,100.54,102.57,2.38,2592260000.0,2020-09-17
103.93,104.75,102.92,103.14,0.55,1967120000.0,2020-09-20
104.12,104.25,102.12,102.7,-0.42,1997220000.0,2020-09-21
103.63,103.68,100.83,100.99,-1.67,2317320000.0,2020-09-22
101.22,101.37,100.11,101.37,0.38,1323000000.0,2020-09-23
102.44,102.44,101.21,101.68,0.31,1502570000.0,2020-09-24
102.53,102.84,101.69,102.17,0.48,2422550000.0,2020-09-27
102.23,102.48,101.71,101.83,-0.33,1329140000.0,2020-09-28
101.99,102.01,101.1,101.2,-0.62,1130190000.0,2020-09-29
102.35,102.41,100.53,100.99,-0.2,1280530000.0,2020-09-30
101.89,102.55,101.21,102.25,1.24,2219310000.0,2020-10-01
102.77,103.55,102.77,103.15,0.88,2184290000.0,2020-10-04
103.22,104.06,102.89,103.08,-0.07,1832070000.0,2020-10-05
103.65,103.65,102.93,103.23,0.14,1702460000.0,2020-10-06
103.37,104.31,103.2,104.26,1.0,2338580000.0,2020-10-07
104.37,105.42,103.37,103.7,-0.54,2019200000.0,2020-10-08
103.99,104.02,102.63,102.79,-0.88,1787320000.0,2020-10-11
102.94,103.49,102.13,103.39,0.59,1552360000.0,2020-10-12
103.61,103.93,102.67,102.69,-0.67,1344250000.0,2020-10-13
103.12,103.37,102.08,102.2,-0.49,1122280000.0,2020-10-14
102.84,103.23,102.13,102.26,0.06,1051080000.0,2020-10-15
102.64,102.82,101.63,101.72,-0.53,757059000.0,2020-10-18
101.73,102.61,101.59,102.61,0.88,742685000.0,2020-10-19
102.8,103.43,102.74,103.43,0.8,882045000.0,2020-10-20
104.08,104.75,103.95,104.75,1.28,1287710000.0,2020-10-21
105.58,105.58,104.71,105.31,0.54,1677100000.0,2020-10-22
105.88,108.61,105.88,108.61,3.13,2391240000.0,2020-10-28
109.16,109.97,108.15,108.51,-0.09,2543260000.0,2020-10-29
109.56,109.62,107.62,107.9,-0.56,2225490000.0,2020-11-01
107.68,108.39,107.41,107.56,-0.31,2005380000.0,2020-11-02
107.24,107.97,107.09,107.53,-0.03,1692670000.0,2020-11-03
108.21,108.21,107.18,107.34,-0.18,1289720000.0,2020-11-04
107.46,107.66,106.54,106.68,-0.61,2191390000.0,2020-11-05
107.41,107.41,106.83,107.06,0.35,2509780000.0,2020-11-08
106.5,107.19,106.44,106.58,-0.44,2586490000.0,2020-11-09
106.67,107.39,106.67,107.31,0.68,3265190000.0,2020-11-10
107.25,108.64,107.2,108.64,1.24,3375600000.0,2020-11-11
109.13,109.58,108.6,109.26,0.57,3126900000.0,2020-11-12
108.95,109.35,108.36,109.21,-0.04,3695130000.0,2020-11-18
109.74,110.34,109.57,110.34,1.03,4756240000.0,2020-11-19
111.34,112.26,110.11,111.25,0.83,5401000000.0,2020-11-22
111.44,111.88,110.83,111.19,-0.05,3821660000.0,2020-11-23
111.97,112.32,111.59,111.92,0.65,4330630000.0,2020-11-24
113.22,115.36,113.04,115.33,3.05,5151320000.0,2020-11-25
116.41,118.23,115.88,116.57,1.07,6017620000.0,2020-11-26
117.85,124.24,117.72,123.97,6.35,7687580000.0,2020-11-29
126.9,129.26,123.69,124.41,0.35,7501530000.0,2020-11-30
125.17,125.6,121.6,122.28,-1.71,5621440000.0,2020-12-01
123.3,125.53,122.66,125.3,2.47,6418340000.0,2020-12-02
126.97,128.34,123.39,124.07,-0.98,5797410000.0,2020-12-03
124.3,124.3,118.07,118.07,-4.84,4982910000.0,2020-12-06
118.03,121.31,117.46,121.31,2.75,4637430000.0,2020-12-07
123.54,123.54,119.8,120.63,-0.56,4188270000.0,2020-12-08
121.52,121.52,117.8,118.01,-2.17,3154450000.0,2020-12-09
118.74,118.9,117.11,118.65,0.54,2795340000.0,2020-12-10
119.95,121.64,119.3,121.64,2.52,3899760000.0,2020-12-13
122.76,123.69,122.54,123.55,1.57,6082570000.0,2020-12-14
125.57,125.59,122.63,123.34,-0.17,5062280000.0,2020-12-15
125.57,125.57,122.8,123.28,-0.04,4332200000.0,2020-12-16
124.13,124.42,122.67,123.29,0.01,5296710000.0,2020-12-17
124.0,124.0,118.91,119.04,-3.51,6978850000.0,2020-12-20
118.14,121.75,115.21,121.24,1.92,5532820000.0,2020-12-21
123.1,125.89,123.04,125.74,3.71,5772710000.0,2020-12-22
127.64,129.24,125.1,125.63,-0.09,6246170000.0,2020-12-23
126.28,126.42,124.03,124.68,-0.75,4728500000.0,2020-12-24
125.14,125.39,122.88,123.29,-1.12,3913650000.0,2020-12-27
123.32,124.14,122.22,123.87,0.47,3237760000.0,2020-12-28
124.34,124.58,123.19,123.36,-0.42,3133900000.0,2020-12-29
123.47,125.58,123.34,125.54,1.77,3586540000.0,2020-12-30
126.44,129.4,126.37,127.9,1.88,4942000000.0,2020-12-31
128.89,132.97,128.89,132.97,3.97,5388070000.0,2021-01-03
134.28,135.22,132.08,132.91,-0.05,4933160000.0,2021-01-04
132.93,133.54,131.68,132.54,-0.28,3657870000.0,2021-01-05
132.76,134.15,132.76,134.05,1.14,3719470000.0,2021-01-06
135.0,136.07,134.49,135.64,1.19,5009700000.0,2021-01-07
135.74,138.7,135.74,138.67,2.23,5525250000.0,2021-01-10
139.94,141.11,138.66,139.26,0.42,4880580000.0,2021-01-11
140.53,141.16,138.62,140.36,0.79,4196660000.0,2021-01-12
140.73,141.89,140.62,140.94,0.42,4779800000.0,2021-01-13
141.55,142.49,141.38,142.34,0.99,5540210000.0,2021-01-17
142.34,143.79,142.34,142.9,0.4,5272520000.0,2021-01-18
144.34,144.39,140.71,142.04,-0.62,6183610000.0,2021-01-19
144.06,144.06,141.48,142.3,0.19,5019730000.0,2021-01-20
143.97,143.97,142.56,143.05,0.52,6407830000.0,2021-01-21
143.77,145.61,143.77,144.35,0.91,7604360000.0,2021-01-24
146.64,146.64,143.03,144.52,0.11,7268010000.0,2021-01-25
145.68,145.68,143.15,143.3,-0.84,7037250000.0,2021-01-26
143.74,143.89,142.59,142.76,-0.38,6823560000.0,2021-01-27
143.5,143.5,141.19,141.54,-0.86,8314830000.0,2021-01-28
141.44,141.44,138.03,138.22,-2.34,7491160000.0,2021-01-31
138.53,140.63,138.53,139.74,1.1,5440970000.0,2021-02-01
140.94,143.68,140.94,143.68,2.82,6924250000.0,2021-02-02
144.19,146.87,143.55,144.0,0.22,7347110000.0,2021-02-03
144.23,144.75,142.86,144.68,0.45,5870530000.0,2021-02-04
144.82,146.58,144.72,146.36,1.16,8635200000.0,2021-02-07
147.28,149.66,147.04,149.66,2.26,9120790000.0,2021-02-08
150.35,151.95,147.8,148.27,-0.93,6880520000.0,2021-02-09
149.45,150.1,146.67,149.52,0.61,6679060000.0,2021-02-10
149.59,151.42,148.76,149.16,-0.24,7123290000.0,2021-02-11
149.11,149.11,146.13,146.57,-1.68,5780500000.0,2021-02-14
147.15,152.2,148.88,152.2,3.84,9207720000.0,2021-02-15
154.29,156.02,152.83,154.09,1.25,9101050000.0,2021-02-16
154.88,155.06,153.38,155.06,0.63,6551690000.0,2021-02-17
156.65,157.47,155.1,156.98,1.23,7148550000.0,2021-02-18
158.51,158.55,155.09,156.16,-0.52,6822450000.0,2021-02-21
157.37,157.43,152.44,152.72,-2.2,6833670000.0,2021-02-22
153.78,153.78,148.22,151.93,-0.52,6319510000.0,2021-02-23
153.17,155.3,151.99,152.63,0.47,5189430000.0,2021-02-24
154.73,154.75,149.36,149.74,-1.89,4227240000.0,2021-02-25
149.65,149.65,145.0,145.07,-3.12,6557550000.0,2021-02-28
146.49,147.93,143.33,147.21,1.48,4441570000.0,2021-03-01
147.28,147.82,142.91,143.86,-2.28,4965150000.0,2021-03-02
143.73,142.44,140.29,142.25,-1.1,5039100000.0,2021-03-03
143.71,146.79,142.99,146.79,3.19,4436350000.0,2021-03-04
147.51,147.53,144.97,146.07,-0.49,3672050000.0,2021-03-07
146.81,146.81,144.03,144.49,-1.08,3470060000.0,2021-03-09
145.37,145.37,143.53,143.92,-0.39,2983020000.0,2021-03-10
144.75,144.82,140.53,141.17,-1.91,3463970000.0,2021-03-14
141.61,142.34,139.43,139.83,-0.95,2710410000.0,2021-03-15
140.79,141.59,139.14,140.24,0.29,2377050000.0,2021-03-16
141.09,142.51,140.19,142.51,1.62,2371190000.0,2021-03-17
144.16,144.9,142.96,144.27,1.24,3447030000.0,2021-03-18
145.5,147.44,145.06,147.44,2.19,4613490000.0,2021-03-21
148.42,148.42,145.47,145.83,-1.09,3888030000.0,2021-03-22
146.8,146.82,144.67,145.94,0.07,3125470000.0,2021-03-23
146.67,148.18,146.67,148.14,1.51,4444160000.0,2021-03-24
148.91,149.21,146.29,146.46,-1.13,4207490000.0,2021-03-25
146.6,146.97,145.79,146.48,0.01,2498360000.0,2021-03-29
146.75,148.48,146.58,148.42,1.33,4244650000.0,2021-03-30
149.64,151.2,149.25,151.06,1.78,4551650000.0,2021-03-31
151.82,152.12,150.92,151.57,0.34,5262460000.0,2021-04-01
152.37,153.08,152.34,152.95,0.91,6264090000.0,2021-04-04
154.39,154.39,152.16,152.76,-0.12,4776760000.0,2021-04-05
153.55,154.15,152.15,154.14,0.9,4704510000.0,2021-04-06
156.36,156.36,154.23,154.64,0.32,5015860000.0,2021-04-07
154.74,155.68,153.87,154.77,0.09,4463090000.0,2021-04-08
155.07,156.81,155.07,156.68,1.24,5730990000.0,2021-04-12
157.35,159.22,156.63,159.22,1.62,5561770000.0,2021-04-13
160.11,162.78,160.11,161.25,1.28,6141570000.0,2021-04-15
161.71,162.0,158.99,159.01,-1.38,6253110000.0,2021-04-18
159.14,159.17,156.17,156.58,-1.53,4868910000.0,2021-04-19
157.57,158.08,155.49,156.64,0.04,3936510000.0,2021-04-20
156.68,156.84,154.04,154.41,-1.43,4026250000.0,2021-04-21
155.34,155.5,153.07,155.27,0.56,4196590000.0,2021-04-22
155.58,155.58,150.55,151.03,-2.73,4848220000.0,2021-04-25
151.75,151.79,147.17,147.44,-2.38,4575930000.0,2021-04-26
146.65,152.28,146.65,152.28,3.28,3597470000.0,2021-04-27
154.41,153.47,150.78,151.2,-0.71,2885560000.0,2021-04-28
152.66,152.7,151.31,152.37,0.78,2771570000.0,2021-04-29
152.23,154.85,152.16,154.85,1.62,4997630000.0,2021-05-02
155.87,156.25,153.54,153.98,-0.56,5518400000.0,2021-05-03
154.07,154.59,153.13,154.06,0.05,3977190000.0,2021-05-04
155.65,155.65,153.56,153.71,-0.23,3722130000.0,2021-05-05
154.75,154.75,152.49,153.37,-0.22,4751140000.0,2021-05-06
154.79,154.79,152.26,152.83,-0.35,4356870000.0,2021-05-09
152.73,153.94,152.43,153.92,0.7,2555810000.0,2021-05-10
153.66,155.1,153.61,154.78,0.56,3401590000.0,2021-05-11
155.73,155.9,154.14,154.53,-0.16,2964110000.0,2021-05-12
156.79,156.79,154.74,155.08,0.36,3613570000.0,2021-05-13
155.64,158.29,155.64,158.29,2.07,6442610000.0,2021-05-16
159.03,160.09,158.53,159.1,0.48,6113850000.0,2021-05-17
160.39,160.83,159.35,160.83,1.09,7071930000.0,2021-05-18
161.37,162.47,159.82,160.44,-0.24,8011320000.0,2021-05-19
161.23,161.9,160.68,161.64,0.75,6430110000.0,2021-05-20
160.91,165.3,158.8,165.3,2.27,8291790000.0,2021-05-23
166.7,167.38,164.14,165.31,0.01,10256900000.0,2021-05-24
165.68,165.89,163.49,163.77,-0.93,7736880000.0,2021-05-25
160.86,165.17,160.34,163.95,0.11,9899440000.0,2021-05-27
164.88,167.47,164.65,166.01,1.26,11425100000.0,2021-05-30
167.24,167.62,163.87,163.93,-1.25,8600550000.0,2021-05-31
164.28,165.02,161.98,163.01,-0.58,5655670000.0,2021-06-01
164.04,165.9,162.93,165.9,1.65,7275760000.0,2021-06-02
166.6,170.66,166.6,169.39,2.1,12346800000.0,2021-06-03
172.3,174.17,171.49,172.81,2.02,12237800000.0,2021-06-06
174.32,174.32,171.64,172.81,0.0,11182000000.0,2021-06-07
174.26,176.96,174.0,176.08,1.9,11258100000.0,2021-06-08
178.71,178.71,174.1,174.8,-0.73,12665300000.0,2021-06-09
175.67,175.99,173.34,175.2,0.23,11443600000.0,2021-06-10
176.02,179.34,175.93,179.34,2.36,13249100000.0,2021-06-13
182.17,184.17,182.06,183.14,2.12,13843300000.0,2021-06-14
185.21,185.21,181.51,181.74,-0.77,12140100000.0,2021-06-15
180.44,183.55,177.49,179.22,-1.38,10798200000.0,2021-06-16
180.58,180.58,177.51,178.95,-0.15,7342070000.0,2021-06-17
179.86,179.86,173.27,174.68,-2.39,8189230000.0,2021-06-20
175.64,175.7,170.36,170.9,-2.17,7975440000.0,2021-06-21
171.23,176.3,169.88,176.3,3.17,6586110000.0,2021-06-22
176.76,177.55,173.05,173.17,-1.78,4404920000.0,2021-06-23
173.08,173.87,171.45,171.88,-0.65,4802920000.0,2021-06-24
173.57,175.11,170.93,173.59,1.0,5134930000.0,2021-06-27
175.06,175.46,173.47,174.63,0.6,5211960000.0,2021-06-28
174.9,175.35,171.18,171.52,-1.78,4456420000.0,2021-06-29
173.0,173.11,168.61,171.99,0.27,4259680000.0,2021-06-30
172.63,174.5,172.29,173.12,0.87,4842590000.0,2021-07-01
173.47,174.16,172.47,172.64,-0.29,3802820000.0,2021-07-04
172.97,173.09,171.55,172.13,-0.29,3322220000.0,2021-07-05
172.71,173.08,171.54,171.88,-0.15,3029980000.0,2021-07-06
171.46,172.38,171.11,171.47,-0.24,3350110000.0,2021-07-07
172.07,173.76,171.28,173.53,1.2,3638540000.0,2021-07-08
174.37,179.05,174.37,179.05,3.16,6114090000.0,2021-07-11
179.5,181.07,175.57,176.21,-1.59,7397290000.0,2021-07-12
177.39,178.5,175.91,177.93,0.98,4487280000.0,2021-07-13
178.21,178.56,176.78,177.83,-0.05,3973230000.0,2021-07-14
178.74,179.24,178.27,178.78,0.53,5389670000.0,2021-07-15
179.72,186.59,179.72,186.59,4.35,9487120000.0,2021-07-18
188.63,190.28,186.05,186.7,0.06,8579060000.0,2021-07-19
187.42,187.42,185.38,185.95,-0.41,5407420000.0,2021-07-20
186.08,188.72,185.94,187.84,1.01,8008820000.0,2021-07-22
189.22,192.57,189.22,192.57,2.52,10292200000.0,2021-07-25
193.8,194.0,190.72,191.31,-0.66,10452500000.0,2021-07-26
187.79,192.82,186.75,192.21,0.47,10616900000.0,2021-07-27
192.99,193.57,190.83,191.79,-0.21,9120380000.0,2021-07-28
192.32,192.32,190.49,190.61,-0.62,7812050000.0,2021-07-29
191.13,192.15,190.7,191.01,0.2,7670300000.0,2021-08-01
191.61,192.18,190.77,191.19,0.09,7246450000.0,2021-08-02
191.5,193.01,191.5,193.0,0.95,8330930000.0,2021-08-03
194.53,194.53,193.14,193.35,0.18,10205700000.0,2021-08-04
193.93,194.63,192.68,193.62,0.13,9706860000.0,2021-08-05
193.86,194.44,193.12,193.71,0.21,9379490000.0,2021-08-08
194.01,194.43,192.28,192.71,-0.5,8516190000.0,2021-08-09
193.26,198.08,193.02,197.31,2.38,12067600000.0,2021-08-10
197.88,199.71,196.15,196.67,-0.35,10339900000.0,2021-08-11
196.91,199.56,196.72,198.77,1.07,11945700000.0,2021-08-12
195.61,199.32,193.92,197.71,-0.53,16282700000.0,2021-08-15
198.44,198.81,196.56,198.7,0.48,11652500000.0,2021-08-16
199.06,199.75,198.18,199.27,0.29,12737700000.0,2021-08-17
199.91,203.61,198.59,201.64,1.17,14713200000.0,2021-08-18
202.09,202.59,198.66,198.78,-1.5,14143800000.0,2021-08-19
198.18,198.3,194.6,194.77,-2.01,11512400000.0,2021-08-24
195.03,195.03,191.02,191.42,-1.72,8667230000.0,2021-08-25
192.05,193.89,190.86,192.73,0.69,9645140000.0,2021-08-26
193.61,193.82,189.34,189.81,-1.52,10701300000.0,2021-08-29
189.93,189.93,185.31,185.72,-2.15,10023600000.0,2021-08-31
185.63,188.67,184.73,185.61,-0.06,7033280000.0,2021-09-01
185.56,187.05,182.01,182.62,-1.6,7164500000.0,2021-09-02
182.54,182.54,173.86,176.2,-3.52,8354290000.0,2021-09-05
176.01,186.63,175.13,186.63,5.93,7191750000.0,2021-09-06
187.91,188.03,182.31,183.63,-1.61,5715880000.0,2021-09-07
183.88,183.88,179.42,179.89,-2.03,5149940000.0,2021-09-08
180.13,182.03,179.16,179.75,-0.08,4827890000.0,2021-09-09
180.35,184.46,180.35,184.46,2.62,6582380000.0,2021-09-12
185.16,187.24,184.51,184.96,0.27,6616940000.0,2021-09-13
185.34,185.84,183.28,183.84,-0.61,3694240000.0,2021-09-14
184.12,184.41,180.93,181.23,-1.42,3627960000.0,2021-09-15
181.47,181.47,175.67,176.61,-2.55,6682280000.0,2021-09-16
176.64,176.78,169.92,170.02,-3.72,6202440000.0,2021-09-20
169.55,174.47,165.26,170.73,0.42,5365670000.0,2021-09-21
170.99,178.17,170.99,177.94,4.22,4587300000.0,2021-09-22
179.98,183.38,178.23,179.33,0.78,6118620000.0,2021-09-23
181.22,181.79,175.81,175.86,-1.94,4800380000.0,2021-09-26
176.56,176.67,170.62,171.29,-2.58,3708170000.0,2021-09-27
171.33,172.08,166.11,167.11,-2.44,4216460000.0,2021-09-28
167.48,170.1,164.83,170.1,1.79,3750090000.0,2021-09-29
170.62,171.58,167.35,167.73,-1.39,2655880000.0,2021-09-30
167.82,168.33,163.82,164.12,-2.15,2876670000.0,2021-10-03
164.14,165.54,161.85,163.37,-0.49,2578510000.0,2021-10-04
163.26,166.63,163.24,166.04,1.64,2094820000.0,2021-10-05
166.21,170.59,166.21,170.59,2.74,3348550000.0,2021-10-06
171.27,173.28,168.42,169.23,-0.8,3179000000.0,2021-10-10
169.19,169.36,165.87,167.61,-0.96,2584910000.0,2021-10-11
167.86,169.3,166.32,168.42,0.48,1105950000.0,2021-10-17
168.31,168.31,163.31,163.98,-2.63,2184030000.0,2021-10-18
163.97,163.97,156.9,158.85,-3.13,2649760000.0,2021-10-19
159.82,164.29,159.82,162.63,2.35,1965130000.0,2021-10-20
162.94,163.82,161.13,161.9,-0.5,2180550000.0,2021-10-21
161.81,163.8,160.39,163.8,1.17,2099630000.0,2021-10-24
164.06,168.55,163.96,168.55,2.88,3112430000.0,2021-10-25
168.73,172.76,168.59,172.58,2.39,4710690000.0,2021-10-26
172.45,175.28,170.25,172.94,0.21,4774660000.0,2021-10-27
173.24,173.79,171.84,173.69,0.44,3816740000.0,2021-10-28
174.47,177.15,173.78,177.09,1.96,5529170000.0,2021-10-31
179.19,179.78,175.52,176.2,-0.5,5695700000.0,2021-11-01
176.5,177.73,174.94,177.49,0.73,4545090000.0,2021-11-02
178.27,179.03,176.68,177.68,0.11,5059520000.0,2021-11-03
178.13,178.35,175.82,176.76,-0.52,3149840000.0,2021-11-08
176.73,176.73,170.39,171.25,-3.15,4396590000.0,2021-11-09
171.36,171.36,167.58,167.58,-2.14,3790560000.0,2021-11-11
167.62,168.45,166.03,167.7,0.07,2920610000.0,2021-11-14
167.78,169.91,167.41,169.06,0.82,3500700000.0,2021-11-15
169.21,173.24,168.69,173.24,2.47,3820760000.0,2021-11-16
173.43,174.75,172.99,173.1,-0.08,5169720000.0,2021-11-17
173.03,173.42,170.44,171.06,-1.18,4426910000.0,2021-11-18
171.27,171.97,170.01,170.27,-0.46,2691630000.0,2021-11-21
170.38,171.56,170.12,170.33,0.04,2563080000.0,2021-11-22
170.32,170.51,167.56,168.23,-1.23,2850950000.0,2021-11-23
168.21,168.56,165.61,167.89,-0.21,2685910000.0,2021-11-24
167.96,168.82,167.1,167.76,-0.08,2618580000.0,2021-11-25
167.75,167.81,163.0,163.43,-2.58,3786810000.0,2021-11-28
163.54,164.89,161.19,161.45,-1.21,2849750000.0,2021-11-29
161.43,162.76,159.81,161.48,0.03,2200060000.0,2021-11-30
161.51,162.67,161.17,161.4,-0.1,1806530000.0,2021-12-01
161.67,161.89,158.14,158.48,-1.81,2282450000.0,2021-12-02
157.14,157.14,152.25,152.56,-3.73,2769560000.0,2021-12-05
152.5,154.99,148.23,154.99,1.59,3035670000.0,2021-12-06
155.17,157.51,152.76,152.81,-1.41,2186540000.0,2021-12-07
152.87,153.04,149.14,149.64,-2.08,1825040000.0,2021-12-08
149.54,150.8,148.28,149.69,0.03,1793900000.0,2021-12-09
149.47,150.0,144.44,144.48,-3.47,2146380000.0,2021-12-12
143.93,143.93,139.05,140.4,-2.82,2755270000.0,2021-12-13
140.41,148.01,140.41,148.01,5.42,1219040000.0,2021-12-14
148.85,152.34,145.77,147.75,-0.18,3080230000.0,2021-12-15
147.87,147.97,145.55,145.76,-1.34,1548600000.0,2021-12-16
147.23,147.23,144.35,145.3,-0.32,1881570000.0,2021-12-20
145.53,149.05,145.53,148.68,2.33,1824590000.0,2021-12-21
149.89,154.06,149.89,153.71,3.38,3295270000.0,2021-12-22
155.17,155.22,152.7,153.64,-0.04,3063590000.0,2021-12-23
154.22,156.34,154.22,155.84,1.43,3719150000.0,2021-12-26
156.07,156.62,152.24,152.42,-2.19,3863500000.0,2021-12-27
152.56,152.79,150.41,152.19,-0.15,2220380000.0,2021-12-28
152.22,152.93,151.78,152.2,0.01,2849100000.0,2021-12-29
153.29,155.95,152.92,155.95,2.46,4463300000.0,2022-01-02
156.54,159.37,156.45,158.43,1.59,0.0,2022-01-03
158.48,164.71,157.02,164.71,3.96,3175600000.0,2022-01-04
165.15,165.83,161.56,161.96,-1.67,3037760000.0,2022-01-05
161.98,165.26,161.1,165.26,2.04,2545360000.0,2022-01-06
165.75,169.89,165.75,169.82,2.76,4425050000.0,2022-01-09
170.33,171.73,168.34,169.67,-0.08,4812760000.0,2022-01-10
169.96,172.82,168.74,171.91,1.32,3088400000.0,2022-01-11
172.21,174.21,169.4,169.74,-1.26,5316700000.0,2022-01-12
169.75,173.08,169.6,173.07,1.97,4225060000.0,2022-01-13
173.69,177.88,173.69,177.06,2.31,6399020000.0,2022-01-16
178.15,178.86,176.26,178.22,0.65,5074610000.0,2022-01-17
178.5,180.95,176.48,178.08,-0.08,4680360000.0,2022-01-18
179.13,179.35,175.38,175.93,-1.2,0.0,2022-01-19
176.16,177.35,175.11,177.34,0.8,0.0,2022-01-20
177.99,179.62,175.78,176.71,-0.35,4745870000.0,2022-01-23
177.48,177.48,169.62,170.55,-3.49,6098100000.0,2022-01-24
171.36,172.99,168.25,170.31,-0.14,3800680000.0,2022-01-25
170.34,170.65,167.31,167.98,-1.37,2881280000.0,2022-01-26
168.01,169.28,167.57,167.76,-0.13,2228120000.0,2022-01-27
169.49,174.52,169.49,174.33,3.91,3938830000.0,2022-01-30
175.41,175.7,172.89,173.14,-0.68,3200890000.0,2022-01-31
173.25,175.04,172.35,174.63,0.86,3608490000.0,2022-02-01
175.11,176.65,173.26,173.53,-0.63,5197370000.0,2022-02-03
173.62,173.62,170.96,171.08,-1.43,3561360000.0,2022-02-06
170.99,172.15,170.53,171.3,0.13,2700110000.0,2022-02-07
173.23,176.29,169.6,170.22,-0.62,3731770000.0,2022-02-08
170.27,170.35,168.26,168.86,-0.82,2044970000.0,2022-02-09
168.94,169.64,167.43,167.79,-0.64,2257140000.0,2022-02-10
166.46,166.46,162.28,162.53,-3.14,3658500000.0,2022-02-13
162.58,164.62,161.94,162.47,-0.11,2152320000.0,2022-02-14
162.51,165.34,162.4,165.34,1.76,2097720000.0,2022-02-15
165.34,166.25,163.49,163.96,-0.83,1946090000.0,2022-02-16
164.01,164.56,163.55,163.8,-0.1,2088980000.0,2022-02-17
162.44,162.63,159.82,161.43,-1.45,2224860000.0,2022-02-20
161.45,162.91,161.22,162.9,0.91,1790410000.0,2022-02-21
162.94,164.63,162.94,164.05,0.7,1954460000.0,2022-02-22
163.74,165.09,162.75,162.88,-0.71,1623740000.0,2022-02-23
162.69,162.69,159.05,159.4,-2.14,2515880000.0,2022-02-24
159.27,160.76,158.17,158.95,-0.29,1851990000.0,2022-02-27
159.29,161.12,156.43,156.8,-1.35,2059220000.0,2022-02-28
156.8,156.8,153.0,153.21,-2.29,2292390000.0,2022-03-02
152.92,154.91,152.57,153.67,0.3,1536500000.0,2022-03-06
153.37,155.3,152.95,153.42,-0.16,1522750000.0,2022-03-07
153.24,154.31,150.9,151.33,-1.38,1545780000.0,2022-03-09
151.31,154.5,150.37,154.5,2.1,1860430000.0,2022-03-10
155.08,159.77,155.08,159.67,3.35,3243480000.0,2022-03-13
160.53,160.82,158.38,160.25,0.36,949000000.0,2022-03-14
160.4,160.59,158.17,158.79,-0.91,2280700000.0,2022-03-15
158.84,159.36,157.35,157.77,-0.64,1840570000.0,2022-03-16
158.03,158.37,156.26,156.96,-0.51,1493790000.0,2022-03-20
157.24,158.45,156.05,158.44,0.94,1641840000.0,2022-03-21
158.51,159.91,158.51,159.15,0.45,250858000.0,2022-03-22
159.18,159.28,157.3,157.59,-0.98,1359670000.0,2022-03-23
157.61,157.63,155.58,155.7,-1.2,3147550000.0,2022-03-24
155.75,156.53,152.73,153.2,-1.6,3373030000.0,2022-03-27
153.33,153.74,151.04,151.29,-1.25,1586930000.0,2022-03-28
151.29,152.38,150.15,150.49,-0.53,1137620000.0,2022-03-29
150.63,153.29,150.05,153.21,1.81,1448080000.0,2022-03-30
153.22,154.7,150.99,151.21,-1.31,1213550000.0,2022-03-31
151.21,151.67,149.15,149.53,-1.11,1011510000.0,2022-04-03
149.93,150.53,148.63,148.86,-0.45,1072150000.0,2022-04-04
149.69,149.69,145.63,146.61,-1.51,1911010000.0,2022-04-05
146.62,147.41,144.55,144.99,-1.11,1334430000.0,2022-04-06
145.01,147.99,145.01,147.36,1.64,1353150000.0,2022-04-07
148.05,150.22,144.88,145.14,-1.51,1530300000.0,2022-04-11
145.37,145.53,142.96,143.47,-1.14,980050000.0,2022-04-12
143.53,145.74,142.49,145.61,1.49,947450000.0,2022-04-13
146.36,146.88,143.69,143.81,-1.23,914467000.0,2022-04-17
143.89,143.98,141.82,142.2,-1.12,999341000.0,2022-04-18
142.39,144.26,140.7,143.4,0.84,879663000.0,2022-04-19
144.04,144.24,141.14,141.47,-1.34,917059000.0,2022-04-20
142.11,142.28,139.27,141.59,0.08,1021550000.0,2022-04-21
142.06,148.26,142.05,147.53,4.19,1421440000.0,2022-04-24
147.91,149.3,145.33,145.4,-1.44,1227260000.0,2022-04-25
145.4,146.86,143.98,145.37,-0.02,678666000.0,2022-04-26
145.48,145.72,143.6,145.72,0.24,690198000.0,2022-04-27
145.94,146.78,144.02,144.09,-1.12,912290000.0,2022-04-28
144.08,144.08,141.25,141.47,-1.81,882864000.0,2022-05-02
141.79,141.79,139.54,139.66,-1.28,8067300000.0,2022-05-04
139.66,139.72,136.98,137.79,-1.34,1113610000.0,2022-05-05
137.82,139.16,136.13,139.15,0.99,870765000.0,2022-05-08
139.71,141.81,139.55,140.09,0.67,920940000.0,2022-05-09
140.11,143.17,140.1,143.02,2.09,839422000.0,2022-05-10
143.09,146.47,143.09,146.47,2.41,1251500000.0,2022-05-11
146.51,147.25,144.69,145.24,-0.84,1386320000.0,2022-05-12
145.24,145.24,140.46,140.53,-3.24,975379000.0,2022-05-17
140.35,141.51,138.96,141.31,0.61,789437000.0,2022-05-18
141.35,142.02,139.61,139.64,-1.18,697505000.0,2022-05-19
139.74,140.3,138.8,139.01,-0.45,579735000.0,2022-05-20
139.29,139.67,136.35,136.98,-1.46,915391000.0,2022-05-23
137.14,138.66,136.76,138.28,0.95,633458000.0,2022-05-24
139.03,139.96,138.57,139.08,0.6,589507000.0,2022-05-25
139.71,139.94,138.73,139.64,0.4,588208000.0,2022-05-26
139.74,140.34,138.02,138.52,-0.8,778638000.0,2022-05-27
139.22,139.32,135.6,135.4,-2.26,918947000.0,2022-05-30
135.3,135.3,132.75,133.3,-1.55,909698000.0,2022-05-31
133.34,134.75,132.43,133.0,-0.22,780252000.0,2022-06-01
133.03,133.96,131.69,131.81,-0.89,718978000.0,2022-06-02
132.62,132.84,129.35,129.93,-1.43,944430000.0,2022-06-03
130.05,131.14,128.5,129.32,-0.47,924707000.0,2022-06-06
129.28,129.28,125.51,125.6,-2.87,908858000.0,2022-06-07
125.54,130.29,125.4,129.4,3.03,1110060000.0,2022-06-08
129.71,131.7,127.89,128.33,-0.83,1019960000.0,2022-06-09
128.87,128.92,126.17,127.11,-0.95,609895000.0,2022-06-10
127.36,127.63,125.99,126.26,-0.67,710588000.0,2022-06-13
126.27,126.39,123.99,124.46,-1.43,712108000.0,2022-06-14
124.93,124.93,121.59,122.69,-1.43,1083860000.0,2022-06-15
122.68,124.24,121.84,123.54,0.69,864080000.0,2022-06-16
123.57,124.7,122.9,123.16,-0.3,579850000.0,2022-06-17
123.17,123.38,120.5,120.65,-2.04,822742000.0,2022-06-19
120.77,120.91,117.4,118.16,-2.06,1149340000.0,2022-06-20
118.2,121.7,117.97,121.08,2.47,0.0,2022-06-21
121.19,121.6,118.76,118.89,-1.81,0.0,2022-06-22
118.59,118.6,115.2,116.03,-2.4,0.0,2022-06-23
116.04,118.46,113.66,117.41,1.19,0.0,2022-06-24
117.48,124.08,117.47,124.07,5.67,0.0,2022-06-26
124.55,125.75,121.3,121.44,-2.12,1430020000.0,2022-06-27
121.36,121.36,119.39,120.43,-0.83,0.0,2022-06-28
120.66,123.38,120.25,123.1,2.21,0.0,2022-06-29
123.2,127.85,123.17,127.8,3.83,0.0,2022-06-30
128.33,129.28,126.54,127.6,-0.15,963930000.0,2022-07-01
127.61,130.69,126.81,130.69,2.42,1566770000.0,2022-07-03
131.4,134.32,128.4,129.92,-0.59,0.0,2022-07-04
130.03,130.67,126.45,126.67,-2.5,1546210000.0,2022-07-05
126.91,127.87,124.41,127.39,0.57,1437310000.0,2022-07-06
128.09,130.06,125.77,126.18,-0.95,1115930000.0,2022-07-07
126.35,126.49,123.74,123.9,-1.81,742503000.0,2022-07-08
123.91,123.91,118.82,118.81,-4.11,1566300000.0,2022-07-11
118.83,121.25,118.04,119.78,0.81,1078830000.0,2022-07-12
119.8,124.43,119.8,124.3,3.78,1381870000.0,2022-07-13
124.3,125.92,123.52,124.93,0.51,1626300000.0,2022-07-14
124.94,126.48,124.05,126.48,1.24,865533000.0,2022-07-15
126.81,127.16,125.08,126.39,-0.07,805107000.0,2022-07-17
126.41,127.63,125.59,127.54,0.91,875940000.0,2022-07-18
127.56,129.93,127.55,129.11,1.23,1481190000.0,2022-07-19
129.15,129.86,127.99,129.12,0.01,1073450000.0,2022-07-20
129.72,130.09,128.42,128.63,-0.38,1026040000.0,2022-07-21
128.66,128.75,126.57,126.73,-1.47,857961000.0,2022-07-22
127.17,131.03,127.38,131.02,3.39,1577370000.0,2022-07-24
131.49,135.33,131.49,135.05,3.07,2570830000.0,2022-07-25
135.1,135.57,131.49,131.73,-2.46,2194980000.0,2022-07-26
131.74,133.17,130.22,133.17,1.09,1741630000.0,2022-07-27
133.32,136.31,132.7,134.16,0.75,0.0,2022-07-28
134.2,135.59,133.48,135.05,0.66,1326660000.0,2022-07-29
135.04,138.9,135.04,138.89,2.85,2983990000.0,2022-07-31
139.09,141.07,138.32,139.04,0.1,2926700000.0,2022-08-01
139.13,139.91,137.33,139.17,0.1,1804240000.0,2022-08-02
139.42,140.53,138.45,138.58,-0.43,2238790000.0,2022-08-03
138.76,138.94,135.82,135.87,-1.96,2094750000.0,2022-08-04
136.1,136.1,133.02,133.37,-1.84,1496520000.0,2022-08-05
133.24,135.3,133.24,134.36,0.75,1577780000.0,2022-08-07
134.91,135.78,133.04,133.2,-0.86,1664590000.0,2022-08-08
133.3,133.49,130.21,130.43,-2.08,1683680000.0,2022-08-09
130.44,130.95,128.78,129.73,-0.54,1273300000.0,2022-08-10
129.79,130.97,128.65,128.73,-0.77,1065040000.0,2022-08-11
128.59,129.25,126.85,126.98,-1.36,1164420000.0,2022-08-14
126.95,130.46,126.59,130.46,2.74,1492890000.0,2022-08-15
130.94,132.33,128.99,129.3,-0.88,1806260000.0,2022-08-16
129.41,130.34,129.06,129.33,0.02,890097000.0,2022-08-17
129.48,131.43,129.48,131.02,1.31,1218160000.0,2022-08-18
131.1,132.69,130.91,131.14,0.09,1245210000.0,2022-08-21
131.19,131.45,129.95,130.58,-0.42,888616000.0,2022-08-22
130.59,131.04,130.19,130.58,-0.01,7350050000.0,2022-08-23
130.63,131.94,130.5,130.63,0.04,849626000.0,2022-08-24
130.64,131.45,129.46,129.55,-0.82,881481000.0,2022-08-25
129.56,129.56,127.98,128.33,-0.95,709220000.0,2022-08-26
128.32,128.32,125.76,125.9,-1.89,1157880000.0,2022-08-28
125.88,126.8,124.94,126.65,0.59,797215000.0,2022-08-29
126.68,128.19,126.18,126.62,-0.03,695452000.0,2022-08-30
126.57,126.96,124.76,124.92,-1.34,701697000.0,2022-08-31
124.89,125.71,123.64,125.15,0.18,862532000.0,2022-09-01
125.11,126.34,124.6,124.88,-0.21,485115000.0,2022-09-02
124.89,126.44,124.86,125.53,0.52,393361000.0,2022-09-04
125.54,126.13,125.02,125.12,-0.33,593978000.0,2022-09-05
125.17,125.21,123.58,123.71,-1.13,860313000.0,2022-09-06
123.74,124.13,122.67,123.2,-0.42,551246000.0,2022-09-07
123.23,123.88,122.24,123.22,0.02,728631000.0,2022-09-08
123.23,124.04,122.14,122.21,-0.81,498201000.0,2022-09-11
122.25,122.41,121.13,121.52,-0.57,519805000.0,2022-09-12
121.53,123.52,121.53,123.11,1.31,592772000.0,2022-09-13
123.14,126.49,123.14,126.31,2.6,936849000.0,2022-09-14
126.33,126.86,121.92,122.19,-3.26,1425240000.0,2022-09-15
122.11,122.11,119.5,121.41,-0.64,579732000.0,2022-09-16
121.45,121.45,118.9,119.06,-1.94,1013460000.0,2022-09-18
119.05,119.06,116.09,116.28,-2.33,823023000.0,2022-09-20
116.29,117.93,116.28,116.9,0.53,472086000.0,2022-09-21
116.9,117.54,116.24,116.29,-0.52,381314000.0,2022-09-22
116.27,116.32,114.51,114.98,-1.12,805570000.0,2022-09-25
114.99,117.07,114.96,116.09,0.97,392480000.0,2022-09-27
116.12,117.09,116.12,116.45,0.31,279552000.0,2022-09-28
116.45,118.08,116.23,117.97,1.31,386334000.0,2022-09-29
118.11,121.2,118.11,121.19,2.73,433978000.0,2022-10-09
121.21,121.81,118.75,118.91,-1.89,497673000.0,2022-10-10
118.9,119.21,117.55,118.03,-0.74,387552000.0,2022-10-11
118.04,119.53,117.59,119.08,0.89,485178000.0,2022-10-12
119.09,119.87,118.61,119.39,0.26,544102000.0,2022-10-13
119.53,119.72,117.89,118.54,-0.71,559143000.0,2022-10-16
118.55,119.09,118.19,118.52,-0.01,365045000.0,2022-10-17
118.54,118.75,117.28,117.59,-0.79,431642000.0,2022-10-19
117.61,118.11,117.0,117.8,0.18,337307000.0,2022-10-20
117.89,118.94,117.89,118.81,0.86,376960000.0,2022-10-23
119.13,120.69,118.82,120.65,1.56,516621000.0,2022-10-31
120.67,124.53,120.67,124.41,3.11,878392000.0,2022-11-01
124.5,126.2,123.38,124.95,0.44,928025000.0,2022-11-02
124.96,125.46,123.65,123.76,-0.96,602587000.0,2022-11-03
123.92,126.92,123.7,126.92,2.55,894774000.0,2022-11-06
127.32,128.03,125.98,126.03,-0.7,1190590000.0,2022-11-07
126.07,126.45,125.21,125.5,-0.41,610405000.0,2022-11-08
125.51,125.78,122.48,122.71,-2.22,814314000.0,2022-11-09
122.8,123.75,121.22,121.41,-1.06,668229000.0,2022-11-10
121.37,122.13,120.54,120.83,-0.48,271538646.4,2022-11-13
120.83,122.5,120.52,122.33,1.24,400185270.9,2022-11-14
122.33,123.93,121.67,121.93,-0.33,403181900.0,2022-11-15
121.91,123.42,121.74,122.85,0.76,336128159.6,2022-11-16
122.84,124.82,122.83,124.65,1.46,745103370.0,2022-11-17
125.35,126.37,124.24,124.47,-0.14,559496744.7,2022-11-22
124.6,124.84,123.32,123.93,-0.44,371487523.0,2022-11-23
123.99,124.8,123.7,124.8,0.7,435020643.3,2022-11-24
125.54,126.96,125.07,126.95,1.73,995564221.6,2022-11-27
127.15,127.64,125.56,125.86,-0.86,640009212.9,2022-11-28
125.87,126.37,124.67,126.07,0.17,358476108.1,2022-11-29
126.11,126.49,125.57,126.05,-0.02,274673653.5,2022-11-30
126.14,127.15,125.42,126.56,0.4,415522410.2,2022-12-01
126.89,127.87,126.89,127.26,0.55,537308336.6,2022-12-04
127.74,127.74,125.46,125.57,-1.33,720601228.1,2022-12-05
125.5,125.54,124.25,124.71,-0.68,423754519.7,2022-12-06
125.19,125.26,123.29,123.3,-1.12,359939913.9,2022-12-07
123.08,123.15,121.18,121.21,-1.7,409493365.4,2022-12-11
121.17,122.5,120.19,122.49,1.06,436567676.5,2022-12-12
122.76,122.79,121.62,122.16,-0.27,334953111.1,2022-12-13
122.17,122.96,121.63,121.77,-0.32,269111900.9,2022-12-14
121.76,121.81,120.84,120.96,-0.67,335942519.5,2022-12-15
121.07,121.07,118.99,119.31,-1.36,463966514.3,2022-12-18
119.32,119.94,119.2,119.48,0.14,353670001.9,2022-12-19
119.52,120.8,119.45,120.23,0.62,393965133.3,2022-12-20
119.88,120.93,119.77,119.83,-0.33,418791146.5,2022-12-21
119.54,119.79,119.04,119.79,-0.04,538650313.2,2022-12-22
119.99,123.76,119.93,123.76,3.32,962601275.3,2022-12-26
124.23,128.14,124.23,127.04,2.65,1386446719.7,2022-12-27
127.43,127.47,125.47,125.52,-1.2,750297421.2,2022-12-28
125.58,129.49,125.29,129.48,3.16,1172349199.6,2022-12-29
129.93,132.95,129.31,130.2,0.56,1508232389.7,2023-01-01
130.14,132.07,129.36,131.48,0.98,1082391122.7,2023-01-02
131.76,133.02,130.75,131.83,0.25,1447423488.4,2023-01-03
132.19,136.72,132.19,136.71,3.7,1363703638.8,2023-01-04
137.55,139.4,136.31,137.8,0.79,2126249731.3,2023-01-05
138.15,139.26,136.58,137.75,-0.04,1911705241.0,2023-01-08
138.05,140.81,137.08,140.8,2.22,2022246688.0,2023-01-09
141.19,146.12,140.1,140.62,-0.13,3001458785.4,2023-01-10
141.3,143.81,137.84,137.96,-1.89,2009674175.5,2023-01-12
138.37,139.82,137.26,139.41,1.05,1348031381.3,2023-01-17
139.65,141.39,138.32,138.81,-0.44,1820866436.1,2023-01-18
138.89,140.56,138.17,139.46,0.48,1076614172.7,2023-01-19
139.78,141.23,138.74,138.81,-0.47,1352733425.5,2023-01-23
138.84,139.33,137.31,139.33,0.37,1049188600.2,2023-01-24
139.37,140.3,138.91,139.12,-0.15,952749192.7,2023-01-25
139.25,139.97,138.49,138.71,-0.3,738899574.1,2023-01-26
138.79,139.43,137.54,137.95,-0.55,815657011.6,2023-01-29
138.02,138.02,135.28,135.36,-1.88,1024632585.13,2023-01-30
135.45,135.87,134.23,134.57,-0.59,903100653.5,2023-01-31
134.56,135.5,134.29,134.8,0.17,556225723.4,2023-02-01
134.89,135.66,133.75,133.95,-0.63,630225607.2,2023-02-02
133.95,135.75,133.95,134.71,0.57,653604414.2,2023-02-05
134.81,135.58,134.31,135.58,0.64,504778627.2,2023-02-06
135.58,139.96,135.51,139.96,3.23,1187760895.4,2023-02-07
140.27,142.12,139.16,139.58,-0.27,1242663323.1,2023-02-08
139.76,140.26,138.68,140.15,0.41,689595430.4,2023-02-09
139.83,139.83,136.06,136.22,-2.81,1081715044.7,2023-02-12
136.24,136.25,134.62,134.94,-0.94,630057469.7,2023-02-14
134.93,135.56,133.94,134.19,-0.56,599470679.5,2023-02-15
134.19,134.52,132.69,132.81,-1.02,565495681.2,2023-02-16
132.65,132.65,130.72,131.27,-1.16,740175399.8,2023-02-20
131.31,132.86,130.8,132.73,1.11,646720791.6,2023-02-22
132.5,132.5,128.22,128.8,-2.96,1013418459.2,2023-02-23
128.66,128.81,124.67,128.48,-0.25,907662410.8,2023-02-26
128.55,129.85,126.5,128.23,-0.19,700277561.2,2023-02-27
128.25,128.87,127.63,127.87,-0.29,447870166.9,2023-02-28
127.88,128.25,126.5,126.61,-0.98,371948092.8,2023-03-01
126.61,126.77,124.98,124.99,-1.28,461945387.5,2023-03-02
124.94,125.58,122.98,123.23,-1.4,483787059.2,2023-03-05
123.23,124.73,123.07,123.72,0.4,421388514.8,2023-03-07
123.86,126.93,123.86,126.93,2.59,526443193.7,2023-03-09
127.16,128.1,125.07,125.16,-1.39,547028388.1,2023-03-12
125.26,125.42,123.05,123.32,-1.47,504134067.9,2023-03-13
123.13,124.04,122.65,123.22,-0.08,460154200.1,2023-03-14
123.28,123.49,121.37,121.96,-1.02,506448755.1,2023-03-15
121.96,122.33,120.88,121.75,-0.17,378015112.9,2023-03-16
121.7,122.06,120.84,121.09,-0.54,374282124.6,2023-03-19
121.1,122.18,121.1,121.98,0.74,411495601.2,2023-03-20
122.06,122.81,121.06,121.15,-0.68,442462622.0,2023-03-22
121.11,121.36,119.1,120.34,-0.67,661286095.0,2023-03-23
120.28,120.28,118.0,118.4,-1.62,519489893.1,2023-03-26
118.21,119.52,116.94,119.17,0.66,479869401.1,2023-03-27
119.28,121.39,119.28,119.95,0.66,529175662.6,2023-03-28
120.01,120.31,119.07,120.12,0.14,314071834.7,2023-03-29
120.16,121.11,119.28,119.51,-0.51,297454736.4,2023-03-30
119.71,120.94,117.96,118.18,-1.11,297454736.4,2023-04-02
118.19,118.73,116.83,117.15,-0.88,354106210.7,2023-04-03
117.35,117.79,116.17,117.0,-0.13,332043546.1,2023-04-04
117.02,117.98,116.46,117.64,0.55,264093575.6,2023-04-05
117.65,118.49,117.04,117.25,-0.33,319566860.4,2023-04-06
117.33,117.47,115.46,115.84,-1.2,403564813.1,2023-04-09
115.9,116.71,115.39,116.22,0.33,328623626.3,2023-04-10
116.13,118.1,116.13,118.09,1.61,314880411.9,2023-04-11
118.15,124.56,118.15,124.51,5.44,739197059.3,2023-04-12
125.12,125.88,122.1,122.57,-1.55,616159813.1,2023-04-13
122.58,123.67,121.63,122.5,-0.06,345491909.1,2023-04-16
122.53,123.02,120.59,120.77,-1.41,380384535.4,2023-04-17
120.77,121.32,119.93,120.77,0.0,276948594.1,2023-04-18
120.81,122.14,120.8,122.01,1.02,264073541.2,2023-04-19
122.09,122.63,120.69,121.02,-0.82,400129914.6,2023-04-20
121.08,121.43,119.31,119.53,-1.24,306653578.0,2023-04-23
119.55,120.09,119.01,119.6,0.05,224849154.4,2023-04-24
119.47,121.17,119.29,121.17,1.31,251998278.1,2023-04-25
121.41,121.74,120.16,120.4,-0.64,302218667.0,2023-04-26
120.55,120.74,119.69,120.42,0.01,240798431.4,2023-04-27
120.44,120.54,119.16,119.29,-0.95,329752632.3,2023-04-30
119.35,119.72,118.53,118.76,-0.45,259927234.8,2023-05-02
118.8,119.0,118.06,118.41,-0.3,219929502.2,2023-05-03
118.41,119.46,117.67,119.08,0.56,249648060.5,2023-05-04
119.2,119.38,117.95,118.07,-0.85,207674537.5,2023-05-07
118.09,118.42,116.7,117.23,-0.72,273131307.1,2023-05-08
117.23,118.62,116.9,117.79,0.48,235302157.1,2023-05-09
117.96,118.44,117.37,117.68,-0.1,216355041.8,2023-05-10
117.54,117.69,117.09,117.42,-0.22,211371788.7,2023-05-11
117.45,117.94,116.07,116.39,-0.88,883799322.02,2023-05-14
116.39,116.87,115.66,116.26,-0.12,263213076.8,2023-05-15
116.27,116.8,115.73,116.35,0.06,259306604.3,2023-05-16
116.35,117.84,116.34,117.55,1.03,339295496.3,2023-05-17
117.93,119.79,117.52,119.36,1.54,551278186.3,2023-05-18
119.34,120.72,119.17,119.39,0.02,507435406.5,2023-05-21
119.41,120.03,118.46,119.4,0.01,389142924.2,2023-05-22
119.4,122.24,119.4,122.24,2.37,758662430.3,2023-05-23
122.3,124.05,121.41,123.02,0.63,598839680.9,2023-05-24
123.07,124.53,122.06,122.15,-0.71,902594930.9,2023-05-28
122.27,122.27,119.08,119.36,-2.29,730417848.0,2023-05-30
119.24,119.63,116.84,117.16,-1.85,622981122.2,2023-05-31
117.31,118.77,116.31,117.87,0.6,470738432.4,2023-06-01
117.88,121.33,117.64,120.82,2.5,578077114.2,2023-06-04
121.02,122.18,119.85,119.99,-0.68,661121632.2,2023-06-05
119.99,120.82,119.38,120.82,0.69,665457864.4,2023-06-06
120.9,121.96,120.74,120.95,0.11,719796840.8,2023-06-07
120.93,121.24,120.22,120.75,-0.16,622048840.1,2023-06-08
120.83,123.14,120.83,122.82,1.71,1081503447.5,2023-06-11
122.97,124.35,122.75,123.46,0.52,1029238833.6,2023-06-12
124.18,126.36,122.93,125.8,1.89,1348063770.5,2023-06-13
125.5,129.3,125.5,127.19,1.1,1774965238.6,2023-06-14
127.25,127.91,126.03,126.88,-0.24,918256505.1,2023-06-15
126.86,128.48,126.58,128.48,1.26,1371373820.9,2023-06-18
128.55,129.35,128.02,128.67,0.15,1475321538.9,2023-06-19
128.76,130.58,127.0,127.42,-0.97,1349958084.7,2023-06-20
127.56,128.3,126.14,126.43,-0.78,1184335740.8,2023-06-21
126.67,127.47,125.51,126.07,-0.28,1101756938.5,2023-06-22
126.14,129.29,125.78,129.07,2.37,1959379915.8,2023-06-25
129.29,131.72,129.29,130.47,1.08,1809041660.5,2023-06-26
130.78,134.98,130.75,134.97,3.45,2183214306.4,2023-06-27
135.36,136.75,131.76,131.97,-2.22,1749585876.5,2023-06-28
132.02,132.43,127.89,128.02,-2.99,1476869038.6,2023-07-02
127.85,129.04,126.42,126.73,-1.01,1133070276.9,2023-07-03
126.6,128.28,126.18,127.25,0.41,715310062.3,2023-07-04
127.37,128.1,125.29,125.47,-1.39,936203480.2,2023-07-05
125.54,126.15,124.61,125.3,-0.14,889949922.3,2023-07-06
125.06,127.45,125.06,127.15,1.48,933394123.5,2023-07-09
127.3,128.7,126.76,127.16,0.01,1289207242.4,2023-07-10
127.22,128.23,126.92,127.49,0.26,1001075828.3,2023-07-11
127.5,128.77,127.5,128.46,0.76,1000913521.7,2023-07-12
128.37,130.25,127.89,128.2,-0.2,1183222179.2,2023-07-13
128.21,129.44,127.96,129.28,0.85,603181531.1,2023-07-16
129.32,132.88,129.0,132.87,2.78,954740005.3,2023-07-17
133.06,134.97,133.06,133.69,0.62,1376369208.0,2023-07-18
133.76,135.6,132.99,135.08,1.04,1210402688.9,2023-07-19
135.11,136.35,134.37,135.12,0.02,1090282620.9,2023-07-20
135.15,140.64,135.15,140.63,4.08,1723368994.6,2023-07-23
140.45,141.74,137.85,138.32,-1.64,0.0,2023-07-24
138.51,138.73,135.23,135.24,-2.22,1182075816.4,2023-07-25
135.64,137.01,134.61,134.93,-0.32,839761700.5,2023-07-26
134.74,135.8,133.17,133.26,-1.23,826260565.7,2023-07-27
133.37,134.58,131.15,131.8,-1.25,924958624.9,2023-07-30
131.77,133.82,131.27,132.68,0.66,680510641.1,2023-07-31
132.56,133.94,130.66,131.16,-1.14,660969747.1,2023-08-01
131.26,131.99,130.46,131.73,0.43,514778816.3,2023-08-02
131.61,133.43,131.61,132.28,0.41,622259461.7,2023-08-03
133.0,133.69,129.11,129.72,-1.93,1075970707.4,2023-08-06
129.77,130.66,128.03,129.23,-0.37,691947961.9,2023-08-07
129.26,129.51,127.16,127.59,-1.26,556763162.5,2023-08-08
127.62,129.85,126.29,129.85,1.77,535678890.9,2023-08-09
129.75,130.92,128.92,129.87,0.01,733535809.1,2023-08-10
129.8,131.96,129.57,131.34,1.13,815851554.3,2023-08-13
131.42,132.59,131.27,131.48,0.1,758340486.3,2023-08-14
131.29,131.51,129.01,129.21,-1.72,780579554.3,2023-08-15
128.93,128.93,127.12,127.79,-1.09,605936144.3,2023-08-16
127.92,129.03,127.82,128.27,0.37,575059615.8,2023-08-17
128.27,128.82,127.25,127.4,-0.67,547552946.4,2023-08-20
127.4,128.04,126.46,126.74,-0.52,485169584.4,2023-08-21
126.76,127.73,126.27,127.7,0.76,325748061.1,2023-08-22
127.68,129.52,127.68,129.23,1.19,470556882.9,2023-08-23
129.09,129.77,127.31,127.55,-1.3,532996482.4,2023-08-24
127.58,127.83,126.23,126.35,-0.93,410867892.6,2023-08-27
126.35,127.37,126.24,126.94,0.46,303482609.9,2023-08-28
126.84,127.09,126.3,126.68,-0.2,279597984.8,2023-08-29
126.82,127.54,126.03,126.39,-0.22,475989098.2,2023-08-30
126.46,126.46,124.68,124.71,-1.33,382968839.3,2023-09-03
124.73,125.96,123.9,124.99,0.22,326795608.9,2023-09-04
124.82,125.59,124.34,124.71,-0.22,210856220.2,2023-09-05
124.73,124.73,122.94,122.99,-1.38,399886713.3,2023-09-07
122.99,124.16,122.92,123.81,0.66,350286954.0,2023-09-10
123.86,126.72,123.86,126.61,2.26,568816866.8,2023-09-11
126.6,127.55,125.46,125.61,-0.79,380988250.2,2023-09-12
125.59,128.17,125.59,128.17,2.04,581507087.6,2023-09-13
128.23,128.23,125.12,125.43,-2.13,834312489.0,2023-09-17
125.52,125.85,124.58,125.26,-0.14,258253344.4,2023-09-18
125.32,126.38,124.86,126.17,0.72,324194411.7,2023-09-19
126.5,129.14,126.5,128.44,1.8,1043040438.4,2023-09-21
128.55,128.94,127.13,127.56,-0.68,780295228.6,2023-09-24
127.74,127.89,126.6,126.83,-0.57,404893219.1,2023-09-25
126.9,128.65,126.9,127.74,0.71,593371107.6,2023-09-26
127.74,128.01,126.03,126.63,-0.86,509238674.0,2023-09-27
126.65,126.69,124.47,124.84,-1.41,522035318.7,2023-10-01
124.82,125.46,123.85,125.09,0.19,642020731.9,2023-10-02
125.48,125.48,123.45,123.76,-1.06,377335231.7,2023-10-03
123.82,124.81,123.49,123.82,0.04,346129079.6,2023-10-04
123.78,124.08,123.06,123.3,-0.41,334449303.7,2023-10-05
123.52,123.57,121.15,121.22,-1.68,506179490.73,2023-10-08
121.23,121.33,119.93,120.1,-0.92,339403656.8,2023-10-09
120.13,120.61,118.74,118.87,-1.03,346635576.2,2023-10-10
118.91,119.93,118.63,119.1,0.18,290165962.9,2023-10-11
118.99,119.19,117.59,118.03,-0.89,490273907.6,2023-10-12
118.02,118.12,116.49,116.71,-1.11,292680384.5,2023-10-16
116.71,118.77,116.71,117.82,0.94,267279647.9,2023-10-17
117.82,120.78,117.82,120.75,2.49,240407644.2,2023-10-18
120.86,121.34,119.67,120.78,0.02,246399550.9,2023-10-19
120.79,120.9,118.44,118.96,-1.5,179485245.8,2023-10-29
119.12,119.5,117.88,119.5,0.45,173157592.6,2023-10-30
119.49,119.65,118.27,118.55,-0.79,133535243.9,2023-10-31
118.55,119.16,117.83,118.25,-0.25,161519186.2,2023-11-01
118.24,118.4,117.13,117.35,-0.75,208895276.1,2023-11-02
117.25,117.26,114.94,115.25,-1.78,309532406.2,2023-11-05
115.29,116.59,115.08,116.22,0.83,293528605.4,2023-11-06
116.24,117.18,116.24,116.93,0.61,271737200.2,2023-11-07
116.85,117.3,116.37,116.94,0.01,143982290.6,2023-11-08
117.17,117.09,116.07,116.48,-0.39,218127019.9,2023-11-09
116.58,117.34,115.82,116.18,-0.25,357664938.9,2023-11-20
116.19,116.37,114.1,114.66,-1.3,297183036.6,2023-11-21
114.66,115.15,113.72,115.15,0.42,219472028.6,2023-11-22
115.15,116.16,114.39,116.16,0.87,267314865.5,2023-11-23
116.15,118.54,115.68,118.54,2.04,438171590.6,2023-11-26
118.53,119.64,117.52,117.82,-0.6,336209430.5,2023-11-27
117.82,118.47,117.4,117.66,-0.13,297488536.3,2023-11-28
117.66,118.05,116.37,116.63,-0.87,205306234.8,2023-11-29
116.43,116.59,115.03,115.47,-0.99,294667864.0,2023-11-30
115.48,115.67,114.11,114.86,-0.52,231397584.7,2023-12-03
114.76,115.0,114.06,114.27,-0.51,275366564.5,2023-12-04
114.36,114.81,113.39,113.8,-0.4,218166676.1,2023-12-05
113.8,113.88,113.17,113.78,-0.01,226274896.83,2023-12-06
113.78,114.71,113.29,114.28,0.43,277276401.1,2023-12-07
114.53,121.29,114.53,121.74,6.53,91004827.9,2023-12-10
123.24,123.25,119.3,120.22,-1.25,966354499.9,2023-12-11
120.29,121.9,119.96,121.57,1.12,870336962.2,2023-12-12
121.73,123.58,121.48,122.14,0.46,762567021.95,2023-12-13
122.14,122.54,121.46,122.51,0.3,576526911.1,2023-12-14
121.95,123.85,119.97,123.85,1.09,990150536.6,2023-12-17
123.99,127.5,123.99,126.95,2.49,1739629125.0,2023-12-18
127.05,129.43,126.47,129.43,1.95,1290588798.9,2023-12-19
129.63,131.58,129.39,130.96,1.18,1633910649.2,2023-12-20
131.24,131.97,128.45,128.51,-1.86,1474461129.6,2023-12-21
128.82,129.22,126.34,126.35,-1.68,1300828517.0,2023-12-24
127.94,129.51,126.03,126.68,0.26,879735455.1,2023-12-27
126.8,127.31,125.85,126.1,-0.45,750224130.0,2023-12-28
126.26,127.84,125.75,125.98,-0.09,741358290.4,2024-01-01
125.92,126.13,124.12,124.4,-1.25,688334933.7,2024-01-02
124.55,125.48,123.89,125.48,0.86,613079927.3,2024-01-03
125.46,126.26,124.61,124.66,-0.64,782675388.8,2024-01-04
124.71,125.15,122.86,122.93,-1.38,1008166159.1,2024-01-07
123.04,124.42,122.98,124.36,1.16,788618529.7,2024-01-08
124.62,126.72,124.62,126.18,1.46,1322486945.7,2024-01-09
126.32,129.04,126.32,127.18,0.79,1216470299.1,2024-01-10
127.21,127.93,126.46,126.9,-0.21,836682208.3,2024-01-11
126.95,128.46,126.95,128.25,1.06,1088564109.1,2024-01-14
128.33,131.59,128.33,131.59,2.59,1802963237.3,2024-01-16
132.07,134.51,130.37,131.14,-0.34,2420737257.2,2024-01-17
131.09,131.09,129.38,130.25,-0.67,1555872305.3,2024-01-18
129.83,129.83,127.16,127.51,-2.11,1951931365.4,2024-01-21
127.44,127.85,125.29,125.76,-1.36,1590066174.2,2024-01-22
125.83,126.64,125.14,125.53,-0.18,1004287066.0,2024-01-23
125.32,126.88,125.01,125.31,-0.17,909003842.8,2024-01-24
125.48,125.59,124.44,125.03,-0.22,914855188.2,2024-01-25
125.04,125.6,124.57,125.28,0.19,1037366836.06,2024-01-28
125.46,126.72,125.15,125.4,0.09,1020159399.2,2024-01-29
125.38,126.44,125.38,125.49,0.07,1240721224.6,2024-01-30
125.36,126.24,123.91,124.27,-0.96,1088452034.2,2024-01-31
124.27,124.32,122.48,122.69,-1.27,855985382.8,2024-02-01
122.64,122.98,121.8,122.49,-0.16,699162492.1,2024-02-04
122.73,123.66,122.53,123.37,0.71,632744232.3,2024-02-05
123.28,124.16,123.01,123.6,0.19,502304970.0,2024-02-06
124.65,125.28,123.74,123.89,0.22,566930846.2,2024-02-07
123.82,124.15,123.38,124.07,0.14,595661335.9,2024-02-08
123.99,124.49,122.93,123.0,-0.86,711237594.7,2024-02-11
123.05,123.42,122.29,123.19,0.15,620186571.1,2024-02-12
123.17,123.18,121.04,121.23,-1.58,747220664.7,2024-02-13
121.03,122.57,121.02,122.02,0.64,907371502.4,2024-02-14
121.78,121.84,120.45,120.8,-0.99,728600769.4,2024-02-15
120.92,121.08,119.55,119.77,-0.84,720825961.1,2024-02-18
119.61,120.41,119.28,119.47,-0.25,537925937.5,2024-02-20
119.57,120.44,118.75,118.94,-0.44,471981665.9,2024-02-21
118.92,119.09,117.59,117.72,-1.02,622159198.9,2024-02-22
117.72,118.22,115.65,115.68,-1.73,673862261.1,2024-02-25
115.81,116.84,115.22,116.29,0.52,370333156.2,2024-02-26
116.32,117.1,115.73,116.76,0.41,337138168.1,2024-02-27
116.76,116.94,116.08,116.25,-0.44,348411034.3,2024-02-28
116.14,116.96,114.7,114.85,-1.2,517172014.4,2024-02-29
114.85,114.97,113.53,114.17,-0.58,401119636.9,2024-03-03
115.17,120.9,115.17,120.9,5.89,59716200.5,2024-03-04
121.96,121.96,116.72,116.92,-3.28,706366932.0,2024-03-05
116.92,118.49,116.01,117.27,0.29,531539590.3,2024-03-06
117.7,119.1,117.56,117.91,0.54,356785200.1,2024-03-07
118.18,119.88,118.18,119.38,1.24,482605869.3,2024-03-10
119.91,123.14,119.91,123.14,3.15,859824242.6,2024-03-12
124.29,124.29,122.03,123.05,-0.07,818443555.2,2024-03-13
123.09,123.18,121.03,121.24,-1.46,570780351.0,2024-03-14
121.23,121.56,120.36,120.8,-0.36,553637710.0,2024-03-17
121.15,121.23,120.02,121.04,0.19,532056452.1,2024-03-18
121.05,122.05,120.42,120.62,-0.34,702479980.2,2024-03-19
120.92,121.88,120.2,120.7,0.07,885255102.2,2024-03-20
120.68,121.47,119.62,119.8,-0.74,573644509.8,2024-03-21
119.8,118.91,117.98,118.05,-1.46,446657713.4,2024-03-25
118.01,118.59,117.85,118.29,0.2,412078723.8,2024-03-26
118.32,118.64,117.38,117.56,-0.62,362156989.1,2024-03-27
117.87,118.05,116.88,117.29,-0.23,380338945.3,2024-03-28
117.23,118.5,116.29,116.43,-0.73,397383740.9,2024-03-31
116.4,116.59,115.92,116.12,-0.26,388902706.4,2024-04-01
116.34,116.74,115.92,116.31,0.16,396290065.4,2024-04-02
116.42,116.77,115.56,116.04,-0.23,456245948.1,2024-04-03
116.04,116.48,115.78,115.91,-0.11,643584304.9,2024-04-04
116.14,117.31,115.71,117.31,1.2,750954635.0,2024-04-07
117.77,118.93,117.42,117.64,0.28,860602293.8,2024-04-09
117.72,118.31,116.54,117.07,-0.48,697393042.9,2024-04-10
117.05,117.42,116.52,116.99,-0.06,868538992.3,2024-04-14
116.94,117.44,115.78,116.15,-0.71,808342594.4,2024-04-15
116.08,116.24,115.2,115.38,-0.65,467172302.6,2024-04-16
115.41,115.54,114.16,114.4,-0.84,440887539.9,2024-04-18
114.46,114.46,112.84,114.38,-0.02,469565303.8,2024-04-21
114.4,114.86,113.17,113.3,-0.94,396074474.7,2024-04-22
113.3,113.93,112.82,113.42,0.1,587957421.8,2024-04-24
113.57,113.94,113.02,113.28,-0.12,589263649.7,2024-04-25
113.68,114.19,112.91,114.19,0.8,721735369.4,2024-04-28
114.94,114.94,114.05,114.84,0.57,889017126.5,2024-04-29
115.73,117.79,114.92,117.02,1.89,1645996909.5,2024-04-30
118.39,118.61,116.23,116.51,-0.43,1337993780.1,2024-05-02
116.39,116.39,114.28,114.59,-1.65,1298584218.55,2024-05-05
115.04,115.11,113.49,113.66,-0.88,781657497.8,2024-05-06
113.67,114.56,113.49,114.1,0.38,729277589.0,2024-05-07
114.12,114.55,113.54,114.2,0.08,851316412.35,2024-05-08
114.35,114.94,113.64,114.54,0.3,1125205906.2,2024-05-09
115.17,115.39,114.01,114.6,0.04,897988070.6,2024-05-12
115.02,117.12,114.48,116.6,1.74,815330197.1,2024-05-13
117.02,117.82,116.56,117.82,1.04,1239537024.6,2024-05-14
118.05,119.03,116.83,117.03,-0.66,984610579.9,2024-05-15
117.93,117.95,116.58,117.19,0.13,1110702008.7,2024-05-16
118.8,120.39,117.95,120.05,2.44,1359568505.2,2024-05-19
120.35,124.77,120.35,122.85,2.33,1810803200.2,2024-05-20
123.38,124.55,122.3,124.26,1.14,1617173029.4,2024-05-21
124.29,127.27,123.53,126.5,1.8,1994335175.4,2024-05-22
126.77,127.17,124.89,125.2,-1.02,1386376534.9,2024-05-26
125.56,125.87,124.2,125.12,-0.06,1044926389.0,2024-05-27
125.12,127.33,122.45,122.75,-1.89,1300167037.2,2024-05-29
122.96,123.28,120.92,120.99,-1.43,1147393848.5,2024-05-30
121.08,121.99,120.89,121.88,0.73,1062548283.3,2024-06-02
122.17,122.84,121.01,121.44,-0.36,938667512.6,2024-06-03
121.86,122.32,121.47,121.86,0.35,1136102690.0,2024-06-04
121.86,122.12,121.01,121.65,-0.17,1158373826.34,2024-06-05
121.63,122.1,120.95,121.13,-0.42,1230147417.6,2024-06-06
122.4,122.46,120.12,120.28,-0.69,1169149761.2,2024-06-09
121.65,121.73,120.09,120.65,0.3,1237669716.6,2024-06-10
122.23,122.68,120.68,122.32,1.37,1273575708.5,2024-06-11
122.58,123.8,122.58,122.92,0.49,1216971047.7,2024-06-12
123.02,123.48,122.19,122.8,-0.09,1608740406.6,2024-06-13
122.82,123.2,121.33,121.56,-1.0,1276470106.8,2024-06-16
121.56,121.56,120.09,120.27,-1.06,1006174469.2,2024-06-18
120.5,120.99,120.09,120.5,0.19,813227241.24,2024-06-19
122.01,122.01,119.38,119.57,-0.77,910173455.6,2024-06-20
119.59,120.06,118.95,119.41,-0.13,1128706351.4,2024-06-23
119.44,120.33,119.19,119.66,0.21,1671619299.4,2024-06-24
119.79,120.38,119.35,119.5,-0.14,1118773631.5,2024-06-25
119.73,120.07,118.28,118.52,-0.81,1001449252.9,2024-06-26
118.51,118.77,117.77,118.06,-0.39,815801473.52,2024-06-27
118.01,118.37,117.03,117.09,-0.82,931519568.4,2024-06-30
117.1,118.48,116.71,118.48,1.18,721246566.8,2024-07-01
120.43,124.8,120.43,121.66,2.68,1126949404.6,2024-07-02
121.64,122.71,120.09,122.71,0.86,1616069444.2,2024-07-03
122.92,124.86,122.85,123.73,0.83,1985438203.5,2024-07-04
124.1,125.17,123.76,124.76,0.83,1584996417.9,2024-07-07
124.87,125.32,123.99,124.46,-0.24,1286253237.0,2024-07-08
124.91,125.85,124.14,125.79,1.06,1737222979.2,2024-07-09
127.01,127.59,126.42,127.46,1.33,1679876553.6,2024-07-10
128.49,129.54,127.91,129.54,1.62,1685146355.7,2024-07-11
131.66,134.9,130.99,133.02,2.69,2152536992.6,2024-07-14
134.4,134.7,131.14,131.34,-1.26,2544158280.5,2024-07-15
131.57,135.77,130.6,135.68,3.29,2604187275.6,2024-07-16
137.01,139.29,135.95,139.23,2.61,3521284322.7,2024-07-17
139.98,146.69,138.73,144.74,3.96,4901458830.0,2024-07-18
145.3,149.57,143.15,149.08,2.99,4851678877.8,2024-07-21
149.47,150.47,145.73,148.35,-0.48,4243170621.8,2024-07-22
148.98,152.26,146.68,152.14,2.55,4317018628.8,2024-07-23
152.89,154.36,149.09,150.17,-1.29,4712411599.2,2024-07-24
150.46,153.1,148.93,153.01,1.89,4353353347.9,2024-07-25
155.76,163.68,155.75,163.07,6.56,5420305744.7,2024-07-28
165.16,168.54,160.85,161.15,-1.17,6552883726.1,2024-07-29
161.7,163.13,156.51,162.39,0.76,5476040141.9,2024-07-30
163.29,167.33,162.85,165.72,2.05,6685381075.33,2024-07-31
166.28,167.59,163.6,164.24,-0.89,6104486328.2,2024-08-01
164.62,164.84,161.08,162.58,-1.0,6415837655.7,2024-08-05
162.65,162.76,152.18,152.67,-6.09,23398455532.7,2024-08-06
151.8,158.75,150.71,158.66,3.92,5193476945.1,2024-08-07
159.12,161.43,157.46,158.53,-0.08,5371051608.5,2024-08-08
159.39,164.18,159.32,164.17,3.56,6511113553.2,2024-08-11
165.26,168.95,165.22,168.24,2.47,7321130640.7,2024-08-12
169.22,170.93,166.21,167.66,-0.34,5603781688.0,2024-08-13
168.16,170.39,165.51,170.29,1.56,6942841713.8,2024-08-14
172.31,178.83,172.11,176.73,3.78,9747414013.5,2024-08-15
177.87,181.3,173.93,175.22,-0.85,9092518553.7,2024-08-18
176.23,177.07,173.02,176.03,0.46,6155987898.2,2024-08-21
176.15,176.09,180.51,177.64,0.91,7695537231.7,2024-08-22
178.74,179.01,172.15,172.85,-2.69,7112686702.6,2024-08-25
173.78,173.88,164.5,165.14,-4.45,5998536136.0,2024-08-27
165.9,169.79,163.91,165.1,-0.02,4166334278.0,2024-08-28
165.71,166.4,160.92,162.01,-1.87,3570155791.8,2024-08-29
162.38,164.16,157.81,158.32,-2.27,2872820496.9,2024-09-01
158.17,166.64,157.3,166.5,5.16,3914283393.6,2024-09-02
167.23,168.91,164.72,165.81,-0.41,3707389718.2,2024-09-03
167.97,167.97,159.98,160.5,-3.2,3459021406.7,2024-09-04
160.61,162.17,157.24,159.81,-0.43,2600368168.8,2024-09-05
160.17,161.65,157.41,157.55,-1.41,2383153896.25,2024-09-08
157.56,157.95,153.48,154.25,-2.09,2482290013.1,2024-09-09
154.41,157.07,152.79,153.62,-0.4,1963719127.7,2024-09-10
153.81,155.07,152.1,152.48,-0.73,1745972250.9,2024-09-11
153.81,157.45,152.35,157.32,3.16,2115424663.0,2024-09-12
158.08,160.42,154.06,154.48,-1.8,2725849652.7,2024-09-15
153.8,154.53,150.07,151.43,-1.97,1882697315.7,2024-09-16
151.46,153.62,149.83,151.8,0.24,1476370054.0,2024-09-18
153.72,155.89,151.71,152.65,0.56,1231337377.1,2024-09-22
154.44,154.46,148.97,149.41,-2.12,1507034598.3,2024-09-23
149.4,150.78,145.63,146.12,-2.19,1571425105.1,2024-09-24
146.23,149.34,144.48,149.33,2.19,1470389638.6,2024-09-25
149.27,150.45,146.91,147.37,-1.31,1414297083.2,2024-09-26
147.3,148.04,145.04,146.44,-0.63,1032806392.1,2024-09-29
146.53,148.7,146.38,148.67,1.52,847886813.8,2024-09-30
148.73,155.73,148.7,155.73,4.74,2127805397.4,2024-10-01
156.43,157.1,153.33,154.33,-0.89,1813571118.3,2024-10-02
154.35,157.87,153.4,157.85,2.28,1342913108.9,2024-10-06
158.12,161.18,158.12,160.2,1.48,2761957599.95,2024-10-07
160.39,161.08,158.36,159.03,-0.72,1952440019.89,2024-10-08
158.93,159.34,157.64,159.05,0.0,1417815349.04,2024-10-09
159.09,161.18,159.0,161.08,1.27,1056277349.6,2024-10-15
161.46,164.02,161.38,163.82,1.7,2135142398.41,2024-10-16
164.11,166.21,163.2,164.07,0.15,2885562357.87,2024-10-17
163.38,164.7,160.63,161.5,-1.56,3084033541.71,2024-10-20
161.58,161.64,157.7,157.79,-2.29,2129940381.51,2024-10-21
157.78,159.61,157.24,159.17,0.87,1524585527.7,2024-10-22
159.94,160.93,157.59,157.97,-0.75,2703626147.5,2024-10-23
158.1,158.42,155.97,156.76,-0.76,2085702642.5,2024-10-24
156.92,156.92,154.82,155.24,-0.97,1701871074.7,2024-10-27
155.08,156.66,155.08,156.35,0.72,1509943057.4,2024-10-28
156.35,159.42,156.28,159.25,1.85,2038847427.9,2024-10-29
159.33,160.1,157.79,158.36,-0.56,2064249185.1,2024-10-30
158.4,159.54,157.63,157.93,-0.26,1509185635.7,2024-11-05
158.07,158.38,157.29,157.68,-0.15,1491944742.9,2024-11-06
158.0,160.77,157.64,160.77,1.96,3506495792.5,2024-11-10
161.2,163.43,160.7,162.11,0.82,4470268667.8,2024-11-11
162.37,163.82,161.2,161.57,-0.33,2592203330.1,2024-11-12
161.96,162.17,159.68,159.84,-1.06,2309522949.4,2024-11-13
160.22,161.22,159.57,160.64,0.49,3129829787.8,2024-11-14
160.75,162.54,160.34,160.66,0.01,3732007915.8,2024-11-17
160.81,161.01,157.66,157.96,-1.68,3425420028.67,2024-11-19
158.08,158.34,156.85,158.16,0.12,2208321552.61,2024-11-20
158.22,159.17,156.14,156.3,-1.17,2504095910.62,2024-11-21
157.09,157.47,155.37,155.75,-0.35,2617305692.5,2024-11-24
156.98,157.04,155.12,156.35,0.38,2275232859.1,2024-11-25
157.63,158.25,156.28,157.89,0.99,2360579850.5,2024-11-26
158.24,159.31,157.89,159.01,0.7,2439250972.66,2024-11-27
158.93,159.59,157.78,157.96,-0.65,2883031073.1,2024-11-28
158.71,158.71,155.56,156.71,-0.79,3182726545.62,2024-12-01
157.92,158.05,155.79,156.2,-0.32,3687439314.5,2024-12-02
157.36,157.85,155.43,155.93,-0.17,2496410741.98,2024-12-03
157.83,157.84,155.11,155.35,-0.37,2533387505.5,2024-12-04
155.24,155.48,153.26,153.63,-1.1,2349350607.64,2024-12-05
153.61,153.71,150.67,151.35,-1.48,2258795139.9,2024-12-08
151.23,152.58,150.0,150.83,-0.34,1957600463.6,2024-12-09
150.75,151.8,149.94,150.41,-0.27,1632301050.4,2024-12-10
150.61,153.8,149.9,153.79,2.24,1514673901.5,2024-12-11
155.16,155.17,151.23,151.56,-1.45,1588904107.1,2024-12-12
151.7,151.73,148.77,149.16,-1.58,1780820814.05,2024-12-16
149.34,150.24,148.11,149.31,0.1,1212663896.5,2024-12-17
149.35,150.5,148.46,148.88,-0.28,1184248755.7,2024-12-18
148.73,149.02,147.08,148.55,-0.22,1437284476.99,2024-12-19
147.45,149.48,146.98,147.45,-0.73,1219581464.0,2024-12-22
147.36,148.65,147.09,148.64,0.8,1133016832.55,2024-12-23
148.78,150.59,148.52,149.57,0.62,1321477866.71,2024-12-24
149.63,151.26,148.52,150.31,0.49,1381057320.3,2024-12-26
150.46,151.24,149.1,149.46,-0.56,1620821350.3,2024-12-29
149.8,149.8,146.39,148.01,-0.96,1578532281.1,2024-12-31
147.91,148.67,147.52,147.83,-0.12,1114649472.9,2025-01-01
147.92,148.05,146.98,147.99,0.1,1228247029.1,2025-01-02
147.98,148.21,147.35,147.75,-0.16,1266786779.1,2025-01-05
148.12,150.01,147.75,150.01,1.52,2006653418.5,2025-01-06
150.71,150.93,149.24,150.08,0.05,1395877223.4,2025-01-07
151.41,151.59,149.67,150.43,0.22,1582254109.9,2025-01-08
150.52,150.53,149.16,149.48,-0.62,1973097554.7,2025-01-09
151.04,151.2,148.07,148.35,-0.97,1050385512.4,2025-01-12
148.47,148.55,147.02,147.63,-0.48,1893861000.84,2025-01-13
147.57,148.2,146.83,147.03,-0.4,1396843166.9,2025-01-15
147.18,147.73,145.65,146.1,-0.63,1358444778.65,2025-01-16
146.19,146.95,145.59,146.82,0.49,1595989385.36,2025-01-19
147.11,147.92,146.58,146.88,0.03,1703894684.4,2025-01-20
146.98,147.36,146.36,147.1,0.14,1503503560.7,2025-01-21
147.24,150.1,147.15,149.78,1.82,2726059848.66,2025-01-22
150.23,150.96,148.57,149.01,-0.51,2132557176.92,2025-01-23
149.11,149.47,147.82,148.13,-0.59,2173525058.68,2025-01-26
148.14,148.6,147.08,147.52,-0.41,2016290070.9,2025-01-27
147.55,148.79,147.29,148.66,0.77,2597600990.6,2025-01-28
149.07,153.25,149.01,153.25,3.08,3627858838.1,2025-02-02
153.29,156.32,153.2,153.83,0.38,3941560583.39,2025-02-03
154.24,155.0,152.55,153.1,-0.47,2586645055.3,2025-02-04
153.36,153.72,152.41,152.81,-0.18,2370190871.17,2025-02-05
152.98,153.4,151.85,152.25,-0.36,2662240574.78,2025-02-06
152.0,153.45,151.31,151.54,-0.46,2406938933.2,2025-02-09
151.25,152.21,150.41,151.13,-0.27,1724039067.0,2025-02-10
151.13,151.68,150.74,151.06,-0.04,1847918332.0,2025-02-11
151.09,151.97,150.91,151.31,0.16,2160800816.35,2025-02-12
151.46,151.91,150.85,151.1,-0.13,2377430464.6,2025-02-13
150.98,152.26,150.89,152.14,0.68,2648569516.8,2025-02-16
152.51,154.81,152.49,154.31,1.43,2982107141.7,2025-02-17
155.36,155.77,153.58,154.23,-0.05,2755918226.9,2025-02-18
153.93,154.74,153.15,153.64,-0.38,2172935404.7,2025-02-20
152.24,154.56,150.65,153.77,0.07,3042645117.8,2025-02-23
153.77,155.52,153.24,153.77,0.0,3140110863.0,2025-02-24
153.71,154.84,153.65,153.95,0.11,2449952666.6,2025-02-25
155.58,158.99,155.58,157.49,2.29,3496702224.3,2025-02-27
158.66,162.29,158.48,162.29,3.04,4782005121.1,2025-03-02
162.95,164.4,160.45,160.97,-0.81,4585520729.2,2025-03-03
160.73,161.73,159.09,159.36,-1.0,3990008818.0,2025-03-04
159.27,157.51,156.69,157.51,-1.15,3228023899.08,2025-03-05
157.43,158.13,157.05,157.88,0.23,2922180448.1,2025-03-06
158.14,158.15,155.14,155.43,-1.55,3092073903.0,2025-03-09
155.25,156.5,153.67,154.22,-0.78,2601632085.8,2025-03-10
154.28,155.16,152.78,153.15,-0.69,2955073278.8,2025-03-11
153.13,154.64,153.04,153.91,0.49,2368180590.1,2025-03-12
153.94,154.13,151.66,152.45,-0.94,2132923865.4,2025-03-16
152.48,153.61,151.65,152.08,-0.23,1.0,2025-03-17
153.37,153.56,151.27,151.68,-0.26,1207163176.7,2025-03-18
151.68,151.93,150.5,150.72,-0.63,1570023945.2,2025-03-19
150.82,150.99,149.97,150.0,-0.47,1332708686.5,2025-03-20
150.19,150.26,147.09,147.14,-1.91,1955442519.79,2025-03-23
146.9,148.8,145.85,148.42,0.87,1330976990.1,2025-03-24
149.31,149.31,145.46,145.59,-1.91,1647346970.37,2025-03-25
145.35,147.81,145.35,147.61,1.39,1132752057.31,2025-03-26
149.12,149.71,147.52,149.58,1.33,1578708645.4,2025-03-27
149.66,152.33,149.34,150.98,0.93,2238570226.36,2025-03-30
150.99,151.36,149.04,149.92,-0.7,1684584844.7,2025-04-01
151.35,151.44,149.77,150.38,0.3,1686358304.4,2025-04-02
150.41,153.07,150.41,151.36,0.65,2435367500.3,2025-04-03
151.33,151.9,149.64,149.89,-1.0,1931750659.3,2025-04-07
149.73,149.81,147.87,149.46,-0.24,1873815734.4,2025-04-08
150.65,151.05,149.79,149.97,0.33,1657659587.2,2025-04-09
150.08,150.87,149.77,149.93,-0.02,2260343994.9,2025-04-10
150.26,150.45,149.63,150.09,0.1,2322750704.8,2025-04-13
151.55,152.3,150.7,151.5,0.94,2636618871.8,2025-04-15
152.91,152.91,151.4,152.17,0.44,3047652450.5,2025-04-16
152.44,154.86,152.37,154.2,1.33,3988641449.2,2025-04-17
154.65,155.06,153.31,153.6,-0.38,4276771809.4,2025-04-20
153.77,154.3,152.87,153.21,-0.25,4106921191.1,2025-04-21
153.25,153.58,151.84,151.92,-0.84,3499653734.4,2025-04-22
151.88,151.94,149.46,149.97,-1.27,3921238732.6,2025-04-23
149.86,150.86,149.1,150.51,0.35,4220365965.5,2025-04-24
150.56,151.98,150.46,150.96,0.3,5811120132.7,2025-04-27
151.02,151.55,149.75,149.78,-0.77,4361985544.3,2025-04-28
149.92,150.43,149.08,149.59,-0.13,4160368960.7,2025-04-29
149.54,150.29,149.2,149.24,-0.23,4997933713.64,2025-04-30
149.46,150.71,149.24,149.3,0.04,5120205896.92,2025-05-04
149.44,149.73,148.49,148.99,-0.21,4546764200.3,2025-05-05
149.02,149.9,148.99,149.09,0.07,5043889299.4,2025-05-06
149.34,153.06,149.09,152.84,2.51,5421577680.5,2025-05-07
152.74,153.36,151.66,151.9,-0.61,6140126988.1,2025-05-08
151.96,153.08,151.11,151.17,-0.48,5349566799.8,2025-05-11
151.13,152.54,150.81,150.88,-0.18,4957743856.6,2025-05-13
150.97,151.37,149.79,149.83,-0.69,4506204076.4,2025-05-14
150.0,150.35,148.84,149.15,-0.45,3222539261.0,2025-05-15
149.09,149.87,148.13,148.45,-0.46,3767315233.1,2025-05-18
148.3,150.38,148.25,150.11,1.12,3033232977.7,2025-05-19
150.16,153.56,149.19,153.19,2.05,3372446019.5,2025-05-20
155.52,159.38,153.13,153.23,0.02,5280615508.1,2025-05-21
153.75,156.42,153.42,155.77,1.65,4855921004.9,2025-05-22
155.99,156.59,154.06,155.25,-0.33,3830188509.0,2025-05-25
157.5,159.53,154.54,155.1,-0.09,4303343473.0,2025-05-26
155.09,156.1,153.82,155.4,0.19,3674882118.9,2025-05-27
155.4,157.27,154.83,157.0,1.02,5096865831.6,2025-05-28
158.32,159.29,156.3,156.77,-0.14,5497243383.4,2025-06-02
157.03,157.24,154.07,154.23,-1.61,3783069406.92,2025-06-03
154.07,154.49,153.07,153.27,-0.62,2812418311.6,2025-06-04
153.32,154.44,152.97,153.35,0.05,4622680995.0,2025-06-05
153.37,153.87,152.49,152.64,-0.46,5516401489.96,2025-06-08
152.77,153.99,152.7,153.79,0.75,4690484860.4,2025-06-09
153.88,155.72,153.74,155.32,0.99,5570108579.62,2025-06-10
155.27,156.31,154.79,155.2,-0.07,5913903423.8,2025-06-11
155.32,155.82,154.28,154.45,-0.48,6797035094.78,2025-06-12
154.45,155.22,154.1,154.14,-0.19,6600988289.9,2025-06-15
153.98,155.16,153.98,154.07,-0.04,6891032685.5,2025-06-16
154.13,154.63,153.5,153.86,-0.13,4324804407.1,2025-06-17
153.91,154.57,153.68,153.8,-0.04,4084869351.5,2025-06-18
153.83,154.31,152.76,152.78,-0.66,4940709976.7,2025-06-19
152.75,153.1,150.81,150.93,-1.21,4230882750.7,2025-06-22
151.23,151.58,150.45,151.22,0.19,3052535580.6,2025-06-23
151.47,153.06,151.38,151.4,0.12,2568805016.3,2025-06-24
151.4,151.89,151.14,151.4,0.0,2678013011.4,2025-06-25
151.25,152.11,150.9,150.94,-0.3,3512774047.1,2025-06-26
150.78,152.99,150.67,152.69,1.16,2766006630.7,2025-06-29
153.18,153.77,152.82,153.5,0.53,2755852848.4,2025-06-30
153.78,155.88,153.57,155.78,1.48,3376896886.9,2025-07-01
156.34,157.95,155.96,157.87,1.34,4067779241.7,2025-07-02
158.73,159.55,157.21,158.72,0.53,4086693599.67,2025-07-03
159.05,159.56,157.83,158.39,-0.21,3531452342.6,2025-07-06
158.75,159.25,156.88,156.99,-0.88,2966046351.41,2025-07-07
157.06,157.48,156.01,157.04,0.03,2604371813.6,2025-07-08
156.92,159.04,156.92,158.86,1.15,3427810549.9,2025-07-09
158.91,162.17,158.79,161.53,1.68,4938163902.9,2025-07-10
164.19,166.77,163.6,164.76,1.99,5997895522.1,2025-07-13
165.12,165.12,162.12,162.23,-1.53,4314197582.7,2025-07-14
162.13,165.08,161.94,164.81,1.58,4993360418.2,2025-07-15
164.81,168.25,164.75,167.64,1.71,7829774926.8,2025-07-16
168.13,172.11,168.13,171.43,2.26,8060858736.6,2025-07-17
171.72,174.14,169.99,170.37,-0.61,10024921124.2,2025-07-20
170.55,172.84,169.29,172.06,0.99,7867665510.8,2025-07-21
172.28,176.92,172.25,176.73,2.71,10308987353.9,2025-07-22
176.37,177.72,174.8,176.51,-0.12,9713591226.25,2025-07-23
176.93,177.25,175.36,176.9,0.22,9651628279.85,2025-07-24
177.08,178.76,175.43,175.83,-0.6,14040815594.8,2025-07-27
175.93,176.52,173.21,176.18,0.2,10740889707.65,2025-07-28
176.69,178.88,176.61,177.3,0.63,8860780533.7,2025-07-29
177.68,178.37,173.22,173.56,-2.1,7619760453.58,2025-07-30
173.95,174.03,170.81,171.19,-1.36,6939038762.8,2025-07-31
171.37,171.52,167.63,167.67,-2.05,6049374277.2,2025-08-03
167.44,170.21,166.31,169.22,0.92,5178218765.9,2025-08-04
169.05,170.96,166.73,167.01,-1.31,4506705271.9,2025-08-05
167.59,168.03,166.51,166.73,-0.16,3393123606.22,2025-08-06
166.66,168.23,166.65,167.62,0.53,3525431496.7,2025-08-07
167.93,169.3,165.74,165.88,-1.03,4560619596.21,2025-08-11
166.3,166.3,164.53,164.55,-0.8,3093763528.63,2025-08-12
164.65,165.61,163.79,163.89,-0.39,2648796326.05,2025-08-13
164.14,164.56,163.34,163.58,-0.19,3276526250.7,2025-08-14
163.74,164.41,161.97,162.02,-0.95,3393050505.0,2025-08-17
161.97,163.19,161.79,162.66,0.39,2650540203.8,2025-08-18
162.64,164.36,162.64,163.16,0.3,2455251449.5,2025-08-19
163.05,163.76,162.32,162.43,-0.44,2091601861.6,2025-08-20
162.33,162.92,161.91,162.22,-0.13,2169698879.0,2025-08-21
161.97,162.97,160.84,161.04,-0.72,3767687014.4,2025-08-24
161.09,162.41,160.38,162.11,0.66,2588473429.4,2025-08-25
162.22,162.86,161.94,162.34,0.14,1887959967.4,2025-08-26
163.8,165.62,162.36,165.41,1.89,3242695306.1,2025-08-27
165.32,165.74,163.23,163.39,-1.22,3501578588.57,2025-08-28
163.47,163.53,161.28,161.55,-1.12,2332344811.8,2025-08-31
163.28,163.38,161.15,163.03,0.92,2572688949.8,2025-09-01
164.58,164.59,161.97,162.05,-0.6,1956749699.8,2025-09-02
162.2,162.49,161.05,161.09,-0.58,1787331673.1,2025-09-03
161.15,161.81,159.87,160.83,-0.16,2061815775.13,2025-09-04
160.4,161.25,160.04,160.17,-0.41,2061853620.0,2025-09-07
160.19,160.43,157.76,158.31,-1.16,2296928001.8,2025-09-08
155.73,155.73,148.56,149.05,-5.84,405044298.4,2025-09-18
147.55,155.82,147.55,155.31,4.19,3880987905.1,2025-09-21
155.83,158.44,155.64,158.32,1.93,2354469045.6,2025-09-23
158.38,159.05,156.1,156.55,-1.11,1657698806.4,2025-09-24
156.62,156.94,155.66,156.51,-0.02,1156737725.3,2025-09-25
156.91,157.71,156.48,157.61,0.7,1145291103.0,2025-09-28
157.63,157.72,153.92,154.69,-1.85,1972814002.2,2025-10-07
154.95,154.96,150.56,151.65,-1.96,2699421964.2,2025-10-08
153.73,159.08,152.97,153.34,1.11,2440777461.0,2025-10-09
153.5,153.53,148.31,149.02,-2.81,3101714517.6,2025-10-12
150.17,151.02,147.61,150.99,1.32,2173521906.3,2025-10-13
151.02,151.33,148.93,149.28,-1.13,1323869213.3,2025-10-14
149.32,149.65,147.79,148.23,-0.7,1286201748.0,2025-10-15
148.43,149.38,147.07,147.6,-0.42,1604345701.7,2025-10-16
147.7,148.71,147.27,148.32,0.49,1234431691.0,2025-10-19
148.23,148.38,146.58,148.17,-0.1,852881007.3,2025-10-26
148.11,152.66,148.08,152.51,2.93,2094054106.0,2025-10-28
152.61,154.24,151.66,152.04,-0.3,2415746293.7,2025-10-29
152.19,154.17,151.16,153.98,1.27,2706727166.7,2025-10-30
155.02,155.82,153.67,155.22,0.8,3252162544.8,2025-11-02
155.26,156.43,154.42,154.99,-0.14,2930945275.5,2025-11-03
155.06,155.54,153.23,153.68,-0.84,2337788629.3,2025-11-04
153.79,154.35,152.38,154.14,0.29,2273269804.7,2025-11-05
154.42,154.87,152.98,153.37,-0.49,2746217095.1,2025-11-06
153.55,153.56,151.03,151.16,-1.44,1994598097.0,2025-11-09
151.28,151.85,150.12,150.81,-0.23,1962772770.3,2025-11-10
150.88,151.43,149.86,150.64,-0.11,1680077460.0,2025-11-11
150.88,151.03,149.3,149.55,-0.72,1661426344.3,2025-11-12
149.33,150.21,148.63,149.49,-0.04,1366968042.6,2025-11-13
149.58,149.7,148.36,148.93,-0.37,1326798671.2,2025-11-16
149.07,149.86,148.49,149.4,0.32,1601144065.5,2025-11-17
149.46,151.05,149.29,150.37,0.64,1687626463.5,2025-11-18
150.5,151.17,149.24,149.91,-0.3,1556490504.1,2025-11-19
149.94,149.95,148.93,149.37,-0.36,1411726971.1,2025-11-20
149.63,152.03,149.57,152.03,1.78,2569685546.4,2025-11-23
152.18,154.85,152.12,154.85,1.85,2551209928.1,2025-11-24
155.1,155.26,153.7,155.35,0.32,2298950541.3,2025-11-25
155.64,156.17,154.63,155.84,0.31,3159840300.2,2025-11-26
156.09,157.21,155.62,157.06,0.77,2789469162.3,2025-11-27
157.18,157.85,154.98,155.39,-1.05,2693484421.2,2025-11-30
155.5,155.68,154.01,154.62,-0.49,1584550869.9,2025-12-01
154.39,154.91,153.93,154.24,-0.24,1293772434.51,2025-12-02
154.31,154.86,152.85,153.19,-0.68,1645784094.1,2025-12-03
153.01,153.23,151.56,152.05,-0.74,1715382750.5,2025-12-07
152.08,152.4,151.27,151.52,-0.34,1833663598.7,2025-12-08
151.63,152.09,151.36,151.63,0.07,1544099377.7,2025-12-09
151.52,152.02,151.05,151.34,-0.18,1173426649.1,2025-12-10
151.38,151.58,150.85,151.27,-0.04,1193073843.2,2025-12-11
151.4,151.79,150.48,150.96,-0.2,1424148361.8,2025-12-14
151.02,151.75,150.41,151.75,0.51,1450148552.3,2025-12-15
151.75,152.78,151.66,152.77,0.67,1333287314.4,2025-12-16
152.99,153.5,152.8,153.22,0.29,1411380641.4,2025-12-17
153.41,153.44,152.35,152.81,-0.26,1551140244.7,2025-12-18
152.89,152.92,151.68,152.06,-0.49,1386366226.0,2025-12-21
152.27,152.36,150.86,151.31,-0.48,1145405890.3,2025-12-22
151.3,151.73,150.67,151.63,0.2,1165148538.7,2025-12-23
151.5,152.09,151.12,152.09,0.3,1250067861.1,2025-12-24
152.15,155.01,152.15,154.96,1.88,2285861595.9,2025-12-28
155.45,155.79,154.03,154.35,-0.39,1914179711.4,2025-12-29
154.21,155.33,154.16,154.79,0.28,1790675545.0,2025-12-31
154.72,155.04,153.51,153.91,-0.56,1594705989.9,2026-01-01
153.7,153.95,152.91,153.21,-0.45,1586282054.2,2026-01-04
153.15,154.7,153.01,154.76,1.01,2206568529.0,2026-01-05
154.77,156.23,154.72,155.56,0.51,2790288643.5,2026-01-06
155.53,155.73,154.57,154.81,-0.47,1781199455.4,2026-01-07
154.68,155.23,154.34,155.17,0.23,1604543785.6,2026-01-08
155.68,155.93,154.52,154.75,-0.26,2384189292.6,2026-01-12
154.8,155.94,154.56,155.03,0.18,2659896426.3,2026-01-13
154.8,155.62,154.52,154.96,-0.04,2217205097.2,2026-01-14
155.0,156.77,154.97,156.7,1.12,3118579008.6,2026-01-18
157.09,160.18,157.06,159.57,1.83,4450987105.6,2026-01-20
159.63,160.46,158.25,159.06,-0.31,3317122018.0,2026-01-21
159.19,159.3,157.86,158.92,-0.09,2760613687.3,2026-01-22
158.93,161.74,158.93,161.74,1.77,4384892962.8,2026-01-25
161.94,162.6,160.38,161.22,-0.32,5049225837.9,2026-01-26
161.14,161.56,158.35,158.57,-1.63,4528843084.35,2026-01-27
158.95,159.0,157.42,158.6,0.01,3241842129.6,2026-01-28
158.72,159.32,157.46,157.85,-0.47,4157679074.9,2026-01-29
157.79,158.21,156.62,156.9,-0.59,2550116611.5,2026-02-01
156.14,157.64,156.1,156.77,-0.08,2154457775.6,2026-02-02
156.57,157.41,155.5,155.86,-0.57,2322341353.2,2026-02-03
154.16,156.92,154.16,155.67,-0.12,1912437903.9,2026-02-04
155.67,157.42,155.66,157.42,1.12,3793879476.8,2026-02-05
157.48,158.76,156.88,157.29,-0.08,3801836542.2,2026-02-08
157.55,157.67,155.41,155.71,-1.0,3507927084.8,2026-02-09
155.61,156.09,154.79,155.15,-0.36,3118889084.4,2026-02-10
155.88,157.27,155.06,155.33,0.11,3000341241.3,2026-02-11
155.45,156.4,155.18,155.9,0.36,3470282846.5,2026-02-12
155.93,156.79,155.21,155.49,-0.26,2778230082.9,2026-02-16
155.55,155.57,154.06,154.4,-0.69,2815321157.5,2026-02-17
154.45,154.82,153.1,153.24,-0.75,2419709777.6,2026-02-22
153.12,153.92,153.05,153.67,0.28,1732255420.7,2026-02-23
153.44,154.59,153.41,154.58,0.59,1304694874.9,2026-02-24
154.5,155.3,154.47,155.03,0.28,1481766165.0,2026-02-25
156.31,156.36,154.94,155.65,0.4,1697426790.2,2026-02-26
156.3,156.6,154.14,156.6,0.61,2563352592.6,2026-03-01
157.79,159.02,156.08,159.01,1.54,2463024747.5,2026-03-03
161.68,168.99,161.68,168.98,6.26,210033013.6,2026-03-09
171.19,171.38,164.16,167.04,-1.14,8880721319.1,2026-03-10
167.74,167.8,163.94,164.1,-1.76,5111804654.8,2026-03-11
164.38,166.44,163.24,165.82,1.05,4625489641.2,2026-03-12
166.1,167.26,165.23,166.01,0.11,5081527200.3,2026-03-15
165.96,166.06,163.42,163.91,-1.26,3709732615.8,2026-03-16
163.84,164.63,162.87,164.59,0.41,3674328954.6,2026-03-17
164.13,169.09,164.09,168.73,2.51,8210962032.8,2026-03-19
169.78,172.98,169.76,172.56,2.26,9238759968.0,2026-03-22
172.84,173.06,170.56,172.59,0.01,6385951878.56,2026-03-23
173.08,173.41,171.69,173.41,0.47,6801713663.3,2026-03-24
173.51,173.74,170.82,171.15,-1.3,6270495290.49,2026-03-25
171.3,171.9,169.4,171.88,0.42,5344560443.1,2026-03-26
172.49,172.49,167.16,167.27,-2.68,6476505897.6,2026-03-29
167.24,168.13,163.84,164.72,-1.52,5593720445.7,2026-03-30
164.56,166.17,162.26,165.97,0.75,4484252511.0,2026-03-31
166.16,166.16,161.06,161.94,-2.42,4736958880.8,2026-04-01
161.48,163.41,159.78,161.9,-0.02,3358543794.3,2026-04-02
161.45,161.45,156.13,156.23,-3.5,5015513061.45,2026-04-05
156.23,161.99,155.98,161.27,3.22,3881483626.7,2026-04-06
161.41,162.92,160.0,160.94,-0.2,2533650628.5,2026-04-07
161.52,163.05,161.24,163.05,1.3,3036018054.6,2026-04-08
163.06,164.95,162.21,164.74,1.03,3598630523.2,2026-04-09
165.1,165.5,162.76,161.82,-1.77,2969659638.7,2026-04-10
162.16,162.35,161.14,161.41,-0.25,2550174854.4,2026-04-13
161.31,163.8,161.31,163.06,1.02,3587908187.9,2026-04-15
163.21,163.25,161.0,161.49,-0.96,2707249732.0,2026-04-16
161.87,162.13,159.98,161.25,-0.15,2258408678.1,2026-04-17
160.33,162.04,159.73,160.01,-0.76,1389236207.6,2026-04-20
160.74,161.05,158.75,158.98,-0.64,1505131286.9,2026-04-21
159.2,159.91,157.02,159.3,0.2,2232993075.11,2026-04-22
159.46,160.09,157.75,158.14,-0.72,1231982547.03,2026-04-23
158.49,158.49,156.7,158.11,-0.02,1231982547.03,2026-04-24
158.49,159.1,158.0,158.73,0.39,1223770249.4,2026-04-27
158.89,159.45,157.52,157.89,-0.52,1503222859.3,2026-04-28
157.85,157.91,156.4,156.8,-0.69,1308220976.2,2026-04-29
156.13,156.88,154.87,156.78,0.0,1438220794.1,2026-04-30
157.13,157.2,154.92,155.42,-0.87,1481585209.7,2026-05-04
155.4,156.53,154.54,155.89,0.3,1013687113.9,2026-05-05
155.85,156.47,155.61,156.14,0.15,1038772018.7,2026-05-06
155.44,156.53,155.37,156.37,0.14,1170431556.2,2026-05-07
156.82,157.62,156.3,157.61,0.79,1037263768.6,2026-05-08
157.57,159.7,157.57,159.7,1.32,1437737264.6,2026-05-11
159.88,160.66,157.6,157.8,-1.18,1695207691.7,2026-05-12
158.06,158.06,156.4,157.54,-0.16,839594238.31,2026-05-13
157.67,157.9,156.71,157.4,-0.08,800524754.3,2026-05-14
156.71,158.15,156.68,157.49,0.05,1034805981.6,2026-05-15
157.62,158.32,157.11,157.68,0.11,909941626.2,2026-05-18
157.6,158.11,157.06,157.48,-0.12,897379099.2,2026-05-19
157.52,158.78,157.35,158.78,0.82,1187272005.99,2026-05-20
158.51,159.16,157.88,158.22,-0.35,1375302077.3,2026-05-21
158.29,159.11,157.95,159.11,0.55,1362763074.3,2026-05-22
158.74,160.7,158.74,160.4,0.81,1855560872.1,2026-05-25
160.26,160.91,159.34,159.89,-0.32,1532179242.2,2026-05-26
159.89,160.53,159.34,160.32,0.26,2014916965.2,2026-05-27
160.39,160.97,158.52,159.14,-0.73,1716486020.8,2026-06-01
159.41,160.15,158.93,160.15,0.63,1605277811.7,2026-06-02
160.65,161.56,159.76,160.77,0.38,2023212151.3,2026-06-03
161.23,161.72,160.0,160.28,-0.3,1271510616.1,2026-06-04
159.96,160.57,159.47,159.66,-0.38,1438607964.51,2026-06-05
158.97,159.71,158.35,158.76,-0.56,1105066133.6,2026-06-08
159.51,159.53,157.32,158.67,-0.05,1494321197.0,2026-06-09
157.42,159.27,157.42,158.59,-0.04,912079734.9,2026-06-10
158.49,159.09,157.86,158.24,-0.22,949665555.8,2026-06-11
158.3,158.58,157.65,158.0,-0.15,917098268.7,2026-06-12
157.91,158.87,157.23,157.74,-0.16,1174889875.41,2026-06-15
158.2,158.32,157.03,157.16,-0.36,1016679635.8,2026-06-16
156.31,157.78,156.31,157.24,0.05,1092955410.1,2026-06-17
156.45,157.65,155.77,156.9,-0.21,960824964.3,2026-06-18
157.67,157.71,156.38,156.99,0.06,802371731.3,2026-06-19
157.42,158.13,156.75,157.09,0.06,1304380046.59,2026-06-22
156.59,157.13,155.88,156.2,-0.56,1275624628.2,2026-06-23
156.41,156.42,154.15,155.4,-0.51,1348337220.2,2026-06-24
154.94,155.59,154.64,155.16,-0.15,991945585.7,2026-06-25
155.11,155.81,154.52,154.93,-0.14,948886159.8,2026-06-26
154.51,155.09,153.78,154.34,-0.38,926914832.69,2026-06-29
154.46,154.55,152.98,153.24,-0.71,1049644529.41,2026-06-30
153.04,155.53,152.8,155.28,1.33,1435809159.35,2026-07-01
155.72,156.68,153.87,156.68,0.89,1310143369.95,2026-07-02
157.15,157.15,155.48,155.77,-0.57,1311406321.8,2026-07-03
155.73,156.12,154.12,154.42,-0.86,934195347.8,2026-07-06
154.02,156.26,153.98,156.0,1.02,1301110396.8,2026-07-07
155.72,155.96,153.94,154.58,-0.91,859508758.2,2026-07-08
154.56,154.56,153.43,153.67,-0.58,922617594.6,2026-07-09
153.28,154.98,153.03,153.47,-0.12,1063548537.5,2026-07-10
153.45,153.78,152.06,152.29,-0.76,1091361277.3,2026-07-13
152.35,153.16,151.28,152.5,0.13,1249118082.6,2026-07-14
151.93,154.34,151.93,153.5,0.65,1020364580.3,2026-07-15
154.35,154.51,153.09,154.43,0.6,1350984588.6,2026-07-16
154.17,158.56,154.17,158.56,2.67,1527986354.3,2026-07-17
157.17,160.29,156.87,160.02,0.92,1753367857.3,2026-07-20
159.7,161.08,158.95,160.02,0.0,2306411291.5,2026-07-21
159.76,160.4,158.65,159.43,-0.36,1831204050.15,2026-07-22
157.79,159.73,157.79,159.73,0.18,1359320370.0,2026-07-23
158.91,160.94,158.83,160.53,0.5,1930873008.45,2026-07-24
158.76,162.34,158.71,159.88,-0.4,2009454116.0,2026-07-27
160.1,160.11,158.71,159.7,-0.11,1369521438.0,2026-07-28
159.55,160.16,158.73,159.27,-0.26,1254752357.4,2026-07-29
156.62,159.84,156.62,158.5,-0.48,978740615.6,2026-07-30
158.34,159.63,157.55,159.48,0.61,1235480462.1,2026-07-31
156.45,160.64,156.3,159.65,0.11,1539076721.0,2026-08-03
160.01,160.21,158.26,158.57,-0.68,1280554672.2,2026-08-04
158.76,158.9,157.6,158.26,-0.19,1407074380.9,2026-08-05
158.25,159.22,157.12,157.34,-0.57,1488688684.1,2026-08-06
157.32,157.54,156.63,156.9,-0.28,1156304884.2,2026-08-07
156.99,157.51,155.97,156.17,-0.46,1180023424.10,2026-08-10
156.12,157.08,156.02,156.47,0.19,1380497643.50,2026-08-11
