date,open,high,low,ltp,percent_change,qty,turnover
2023-05-24,478.3,518.9,476.0,518.9,6.33,42167,20324368.3
2023-05-23,470.0,488.0,470.0,488.0,4.3,29122,13863186.4
2023-05-22,461.0,473.8,457.0,467.9,1.28,15600,7268656.5
2023-05-21,460.0,465.0,455.0,462.0,0.63,8466,3903924.7
2023-05-18,448.0,465.0,447.0,459.1,1.91,16375,7530364.9
2023-05-17,431.0,450.5,431.0,450.5,2.62,13254,5920500.1
2023-05-16,423.1,440.0,421.4,439.0,2.09,6006,2594716.0
2023-05-15,430.0,434.0,418.9,430.0,-0.85,2372,1013259.4
2023-05-14,425.0,434.0,425.0,433.7,0.05,464,199378.0
2023-05-11,429.0,435.0,426.4,433.5,0.86,2009,863569.8
2023-05-10,425.0,430.0,420.2,429.8,0.89,3281,1391012.0
2023-05-09,420.0,441.0,416.0,426.0,1.67,6759,2843886.8
2023-05-08,428.3,428.3,416.2,419.0,-4.12,13143,5532772.2
2023-05-07,430.2,439.6,430.0,437.0,-0.23,1975,850512.8
2023-05-04,430.0,438.0,426.7,438.0,1.86,1145,495081.4
2023-05-03,434.3,437.0,427.6,430.0,-2.93,8658,3725158.7
2023-05-02,445.0,445.0,436.1,443.0,-0.43,1394,609184.4
2023-04-30,445.0,445.0,437.0,444.9,-0.47,1293,565896.2
2023-04-27,440.1,447.0,433.4,447.0,-0.45,1498,660327.0
2023-04-26,454.9,454.9,441.0,449.0,0.67,3382,1513265.0
2023-04-25,450.9,451.0,441.0,446.0,0.02,14581,6518841.5
2023-04-24,438.5,448.0,438.4,445.9,-0.02,1555,683913.8
2023-04-23,442.9,446.0,440.0,446.0,-1.31,2982,1318552.0
2023-04-20,450.0,455.0,445.0,451.9,0.42,3214,1441856.4
2023-04-19,450.0,458.0,445.1,450.0,0.02,3760,1694823.5
2023-04-18,449.0,455.0,441.7,449.9,1.81,7172,3219238.1
2023-04-17,441.0,449.0,432.6,441.9,-1.8,4526,1974811.9
2023-04-16,440.0,455.0,431.3,450.0,0.76,5713,2536992.1
2023-04-13,453.8,459.0,445.0,446.6,-3.54,5142,2318515.0
2023-04-12,434.0,463.0,431.5,463.0,7.67,13374,5917220.1
2023-04-11,420.0,430.0,420.0,430.0,1.9,7217,3074833.9
2023-04-10,415.2,424.5,415.0,422.0,-0.24,3270,1368935.2
2023-04-09,427.3,428.0,415.0,423.0,-2.98,5359,2238466.2
2023-04-06,428.0,439.0,425.5,436.0,0.44,6464,2790526.0
2023-04-05,430.1,438.0,430.0,434.1,-0.89,3256,1412344.8
2023-04-04,435.0,442.0,427.0,438.0,-0.9,2535,1101113.6
2023-04-03,435.1,448.9,435.1,442.0,-0.41,8789,3860578.7
2023-04-02,446.0,454.9,432.0,443.8,1.32,11320,4995130.9
2023-03-30,440.0,447.0,435.2,438.0,-0.45,3169,1394233.0
2023-03-29,430.0,440.0,429.3,440.0,0.46,6298,2737760.4
2023-03-28,425.0,440.0,424.0,438.0,3.06,3153,1360534.6
2023-03-27,420.1,425.0,416.6,425.0,1.19,1868,786155.0
2023-03-26,426.0,426.0,417.5,420.0,-1.34,753,315293.5
2023-03-23,433.1,433.1,420.1,425.7,-1.69,3287,1393504.5
2023-03-22,446.5,446.5,427.6,433.0,-1.12,4800,2071353.0
2023-03-20,431.0,439.0,423.0,437.9,1.62,4150,1791956.5
2023-03-19,434.9,434.9,425.0,430.9,0.91,4514,1924178.0
2023-03-16,430.0,430.0,413.6,427.0,-2.51,2253,949825.0
2023-03-15,414.2,438.0,406.1,438.0,3.82,11615,4794756.4
2023-03-14,420.0,425.0,415.0,421.9,0.57,3015,1268622.5
2023-03-13,425.0,425.0,413.0,419.5,-3.23,2906,1207760.5
2023-03-12,432.0,440.0,417.1,433.5,0.35,6819,2927607.5
2023-03-09,425.3,432.0,417.0,432.0,3.6,8919,3763484.9
2023-03-07,405.1,429.1,405.1,417.0,1.09,210,87165.0
2023-03-05,417.5,420.0,401.8,412.5,-2.94,6607,2716173.2
2023-03-02,430.0,430.0,418.0,425.0,-0.93,1550,651866.0
2023-03-01,428.3,429.0,421.0,429.0,-1.83,2627,1112386.5
2023-02-28,435.0,437.0,431.0,437.0,0.69,2431,1057461.0
2023-02-27,430.1,442.9,422.8,434.0,-0.91,9893,4237680.5
2023-02-26,429.5,438.0,416.0,438.0,2.34,9378,3982635.9
2023-02-23,433.3,438.0,428.0,428.0,-3.17,10618,4590200.8
2023-02-22,436.5,444.0,430.0,442.0,3.27,3464,1519746.2
2023-02-20,434.0,443.0,426.0,428.0,-1.34,7102,3084392.0
2023-02-16,438.1,440.0,431.5,433.8,-1.86,10370,4501526.5
2023-02-15,445.0,450.0,436.2,442.0,0.16,3517,1559149.7
2023-02-14,464.0,464.0,441.3,441.3,-3.01,8733,3907446.1
2023-02-12,461.0,462.0,444.0,455.0,-3.19,10205,4592969.8
2023-02-09,454.0,470.0,449.0,470.0,1.97,5972,2742622.0
2023-02-08,474.2,474.2,455.0,460.9,-0.88,12353,5713127.8
2023-02-07,451.0,469.0,445.0,465.0,4.49,20130,9210735.9
2023-02-06,447.2,453.0,436.3,445.0,1.48,5270,2332982.0
2023-02-05,445.0,450.8,434.4,438.5,-0.11,9203,4044787.0
2023-02-02,460.0,460.0,434.2,439.0,-2.88,14518,6344674.0
2023-02-01,458.0,458.0,448.9,452.0,0.22,5557,2504724.0
2023-01-31,464.0,465.0,451.0,451.0,-1.18,10515,4790850.3
2023-01-30,479.0,479.0,455.2,456.4,-2.91,15346,7093818.0
2023-01-29,465.0,480.0,462.0,470.1,-0.19,17855,8438601.8
2023-01-26,479.4,479.4,465.0,471.0,0.21,24537,11617386.9
2023-01-25,457.0,482.0,457.0,470.0,4.89,19452,9076520.9
2023-01-24,460.7,460.7,436.1,448.1,-0.86,10091,4497656.5
2023-01-23,469.2,475.0,450.9,452.0,-1.74,11249,5189601.1
2023-01-19,460.0,487.0,460.0,460.0,-1.29,15895,7394058.4
2023-01-18,467.0,481.0,465.0,466.0,-1.69,19702,9270196.8
2023-01-17,464.6,480.0,457.0,474.0,0.0,18634,8782487.2
2023-01-12,484.0,510.0,456.0,474.0,-0.21,51819,24923301.6
2023-01-10,490.0,504.0,475.0,475.0,-2.06,47574,23298624.0
2023-01-09,465.0,488.5,465.0,485.0,4.98,42705,20422008.0
2023-01-08,450.0,480.0,441.0,462.0,2.67,44069,20301117.1
2023-01-05,442.0,455.0,437.0,450.0,1.81,29492,13194355.6
2023-01-04,426.0,443.0,426.0,442.0,2.08,23115,10151386.4
2023-01-03,432.4,440.0,414.0,433.0,2.12,41998,17911445.6
2023-01-02,400.8,425.0,385.2,424.0,7.89,54284,22339265.4
2023-01-01,390.5,410.0,386.0,393.0,2.65,52289,20858599.9
2022-12-29,372.3,405.0,368.1,402.0,6.07,33991,13309772.0
2022-12-28,369.9,382.0,364.0,379.0,2.43,21092,7878745.9
2022-12-27,360.0,373.9,347.0,370.0,4.52,20741,7588290.3
2022-12-26,341.7,354.0,336.0,354.0,5.67,6173,2137765.5
2022-12-22,333.0,335.0,333.0,335.0,0.15,714,238033.0
2022-12-21,340.0,340.0,333.3,334.5,-1.33,2745,921464.5
2022-12-20,339.0,340.0,336.5,339.0,0.0,7724,2622266.0
2022-12-19,335.5,339.0,332.0,339.0,1.04,3250,1091000.0
2022-12-18,333.0,335.5,330.0,335.5,0.75,4384,1464230.0
2022-12-15,338.0,338.0,333.0,333.0,-1.48,1817,608373.1
2022-12-14,335.1,341.0,335.0,338.0,-0.38,3430,1160266.0
2022-12-13,340.0,342.9,338.5,339.3,0.59,1519,517488.0
2022-12-12,341.0,345.0,337.0,337.3,-0.5,3907,1324538.9
2022-12-11,339.0,342.0,339.0,339.0,-1.77,2089,710420.2
2022-12-07,343.2,349.8,343.0,345.1,-1.4,1875,647517.0
2022-12-06,349.0,350.0,344.9,350.0,0.29,3645,1261712.8
2022-12-05,361.0,366.0,349.0,349.0,-5.14,3694,1316957.7
2022-12-04,350.0,367.9,345.6,367.9,5.72,13321,4741085.8
2022-12-01,348.0,356.0,348.0,348.0,0.23,3911,1377991.0
2022-11-30,351.0,351.0,347.0,347.2,-2.94,1640,572299.5
2022-11-29,345.0,358.0,345.0,357.7,2.76,938,327085.1
2022-11-28,358.5,362.0,348.1,348.1,-3.01,4017,1416346.0
2022-11-27,354.0,358.9,350.1,358.9,2.98,8376,2972142.6
2022-11-24,342.0,348.8,342.0,348.5,1.9,1133,391183.4
2022-11-23,342.0,345.0,340.3,342.0,-1.44,3300,1129483.0
2022-11-22,357.7,357.7,347.0,347.0,-2.99,1320,462217.0
2022-11-17,355.0,357.7,352.1,357.7,2.2,1959,695319.9
2022-11-16,350.9,350.9,346.0,350.0,1.71,1580,548953.5
2022-11-15,352.9,357.0,344.1,344.1,-0.55,891,310810.0
2022-11-14,350.0,350.9,345.0,346.0,0.29,1819,632712.0
2022-11-13,350.0,355.0,341.9,345.0,-1.09,8063,2799615.0
2022-11-10,348.0,350.0,341.1,348.8,-1.47,3813,1310639.3
2022-11-09,368.5,368.5,345.5,354.0,-3.28,12658,4443752.2
2022-11-08,354.0,366.0,354.0,366.0,1.67,5035,1811522.5
2022-11-07,367.9,369.0,355.0,360.0,-0.28,10232,3720631.3
2022-11-06,341.4,363.0,341.4,361.0,3.74,6367,2286385.7
2022-11-03,352.0,362.0,346.3,348.0,-2.52,4220,1471276.2
2022-11-02,360.8,363.0,345.0,357.0,0.85,6380,2264494.5
2022-11-01,335.3,356.9,335.2,354.0,3.51,7440,2602332.3
2022-10-31,339.0,348.9,338.0,342.0,2.7,2990,1028795.0
2022-10-23,330.0,334.0,326.0,333.0,1.4,4265,1401153.0
2022-10-20,330.1,335.0,328.4,328.4,-1.97,8825,2907297.0
2022-10-19,340.0,340.0,333.0,335.0,-3.32,2858,955199.0
2022-10-17,336.0,346.5,333.1,346.5,1.32,1305,439903.0
2022-10-16,349.0,352.0,338.1,342.0,-3.66,3585,1228453.0
2022-10-13,355.0,355.0,350.0,355.0,0.28,1680,594090.0
2022-10-12,355.0,359.0,350.0,354.0,-0.28,2689,953542.0
2022-10-11,343.0,355.0,336.5,355.0,1.46,2969,1025485.0
2022-10-10,350.0,350.0,340.0,349.9,-1.99,4240,1474167.0
2022-10-09,346.0,357.0,345.1,357.0,3.81,1518,529113.0
2022-09-29,338.0,343.9,335.0,343.9,1.15,1380,466588.5
2022-09-28,347.0,353.8,335.0,340.0,-0.29,5218,1762313.5
2022-09-27,342.6,349.0,340.0,341.0,1.43,2579,883736.0
2022-09-25,337.0,339.0,329.3,336.2,-1.41,5757,1923899.2
2022-09-22,340.0,349.0,336.0,341.0,0.29,3524,1208587.0
2022-09-21,345.0,353.7,334.0,340.0,0.0,4065,1387190.2
2022-09-20,353.0,353.0,337.0,340.0,-3.68,4394,1511060.5
2022-09-18,360.0,363.0,351.0,353.0,-3.42,6152,2190150.5
2022-09-16,374.0,374.0,365.0,365.5,-2.77,1310,480764.0
2022-09-15,388.0,388.0,367.5,375.9,-3.49,12678,4731362.5
2022-09-14,377.0,391.5,375.0,389.5,4.31,7122,2731232.7
2022-09-13,372.8,385.0,372.8,373.4,2.16,745,283055.0
2022-09-12,370.0,370.0,365.0,365.5,-1.75,1056,386467.6
2022-09-11,375.0,377.0,372.0,372.0,-2.11,3989,1492277.9
2022-09-08,367.7,390.0,367.5,380.0,1.33,2531,957858.1
2022-09-07,383.0,383.0,369.0,375.0,-0.27,9499,3575662.0
2022-09-06,382.7,383.0,376.0,376.0,-3.69,5424,2059426.0
2022-09-05,396.5,398.9,386.1,390.4,-1.46,8942,3499127.9
2022-09-04,379.0,399.4,372.0,396.2,6.33,6758,2611774.8
2022-09-02,388.0,388.0,365.3,372.6,-2.2,4333,1610971.8
2022-09-01,366.0,391.6,365.0,381.0,2.97,10202,3850327.2
2022-08-31,369.0,375.0,366.6,370.0,-1.07,3848,1424585.7
2022-08-30,377.0,377.0,368.0,374.0,1.08,5687,2113802.0
2022-08-29,382.8,382.8,370.0,370.0,-1.6,4685,1746738.1
2022-08-28,381.0,383.0,371.5,376.0,-2.59,9697,3649167.6
2022-08-26,380.3,388.0,380.0,386.0,-0.52,6844,2615795.4
2022-08-25,395.0,397.0,385.0,388.0,-1.02,5719,2220513.4
2022-08-24,391.6,396.0,390.0,392.0,-1.51,3006,1177461.0
2022-08-23,395.1,398.5,390.0,398.0,-0.5,7062,2772219.0
2022-08-22,396.0,405.0,390.2,400.0,-0.99,6040,2418453.0
2022-08-21,412.0,412.0,396.0,404.0,0.0,4556,1830084.9
2022-08-18,404.0,405.0,399.1,404.0,1.76,6400,2578524.5
2022-08-17,388.0,400.0,388.0,397.0,0.51,1889,749376.2
2022-08-16,399.0,413.4,390.1,395.0,-1.25,17311,6979015.7
2022-08-15,390.0,404.0,390.0,400.0,4.14,9222,3668599.9
2022-08-14,380.2,395.5,380.0,384.1,-0.75,7315,2801166.5
2022-08-11,400.0,420.2,386.0,387.0,-2.4,16495,6488144.8
2022-08-10,390.0,405.0,389.1,396.5,-0.13,11232,4456706.5
2022-08-09,415.0,415.0,397.0,397.0,-3.87,15690,6346784.5
2022-08-08,420.2,428.0,402.0,413.0,0.24,27763,11487306.9
2022-08-07,417.2,433.0,408.0,412.0,0.71,10996,4566211.6
2022-08-05,412.0,427.0,406.8,409.1,-2.6,13624,5631084.8
2022-08-04,429.0,433.8,419.1,420.0,-1.41,15800,6708140.7
2022-08-03,447.0,447.0,425.0,426.0,-2.96,34414,15022233.7
2022-08-02,442.0,442.0,425.0,439.0,0.92,21388,9251259.6
2022-08-01,442.9,468.0,428.1,435.0,0.16,65328,29355371.6
2022-07-31,402.7,434.3,400.0,434.3,9.98,46748,19844461.5
2022-07-29,386.0,395.0,384.0,394.9,0.56,8883,3453823.9
2022-07-28,398.0,402.9,385.0,392.7,0.18,15821,6287206.0
2022-07-27,375.4,392.0,369.2,392.0,2.35,11820,4497057.0
2022-07-26,390.0,397.8,376.0,383.0,-0.52,36238,14061102.1
2022-07-25,374.0,385.0,366.6,385.0,4.65,26783,10105446.3
2022-07-24,355.9,370.0,350.0,367.9,5.42,8899,3204455.7
2022-07-22,348.0,361.0,348.0,349.0,-1.41,3718,1305166.3
2022-07-21,361.0,361.5,353.0,354.0,-0.56,5003,1779726.6
2022-07-20,353.0,365.0,353.0,356.0,-1.11,4514,1614743.0
2022-07-19,355.0,364.0,350.1,360.0,1.41,3433,1232534.1
2022-07-18,350.0,355.8,349.5,355.0,1.72,4333,1523397.9
2022-07-17,345.0,355.0,340.0,349.0,-0.29,10250,3556277.0
2022-07-15,367.0,367.0,343.9,350.0,-3.23,6644,2350390.0
2022-07-14,371.0,377.0,358.1,361.7,-2.24,5426,1979131.0
2022-07-13,378.0,378.0,365.0,370.0,-0.88,7148,2643132.9
2022-07-12,352.0,373.3,342.0,373.3,6.96,4129,1444467.0
2022-07-11,363.0,363.0,341.1,349.0,-3.86,7523,2622813.9
2022-07-08,378.3,378.3,363.0,363.0,-2.16,3300,1213766.5
2022-07-07,392.7,400.5,369.0,371.0,-3.64,8033,3023304.7
2022-07-06,391.6,391.6,373.2,385.0,0.26,5504,2093000.0
2022-07-05,401.8,401.8,383.0,384.0,-2.54,8670,3385518.0
2022-07-04,399.8,420.0,385.0,394.0,0.51,29061,11771656.8
2022-07-03,376.2,410.0,374.0,392.0,4.78,7129,2749428.5
2022-07-01,397.4,409.0,360.0,374.1,-4.03,5781,2245587.9
2022-06-30,367.0,395.0,361.5,389.8,8.31,16157,6061559.6
2022-06-29,356.0,362.0,350.0,359.9,1.38,4080,1456580.0
2022-06-28,363.9,363.9,346.0,355.0,-0.5,3233,1133444.0
2022-06-27,367.0,374.0,351.0,356.8,-2.78,10090,3599152.5
2022-06-26,343.0,367.0,343.0,367.0,4.86,17038,6100183.6
2022-06-24,337.2,350.0,325.0,350.0,1.74,2285,775735.2
2022-06-23,344.3,351.0,328.0,344.0,-2.08,10710,3551870.0
2022-06-22,360.0,360.0,341.0,351.3,-2.42,4861,1681061.3
2022-06-21,347.8,370.0,335.2,360.0,5.57,4961,1722893.4
2022-06-20,345.0,352.0,334.0,341.0,-1.13,8000,2727969.9
2022-06-19,368.0,368.0,344.5,344.9,-5.51,8233,2870457.2
2022-06-17,365.1,370.0,362.0,365.0,-1.0,2085,759961.5
2022-06-16,357.0,378.0,357.0,368.7,1.29,2371,866677.0
2022-06-15,382.5,382.5,357.8,364.0,-2.93,6415,2328817.0
2022-06-14,389.6,389.6,366.0,375.0,-5.66,20016,7477826.1
2022-06-13,395.0,397.8,385.0,397.5,1.92,5190,2019088.5
2022-06-10,400.0,400.0,390.0,390.0,-3.23,4860,1911056.0
2022-06-09,416.0,424.0,401.1,403.0,-3.08,9044,3703191.7
2022-06-08,409.9,417.0,387.6,415.8,3.43,11586,4686334.7
2022-06-07,417.1,420.0,388.4,402.0,-1.71,5963,2358693.6
2022-06-06,410.0,418.2,397.1,409.0,1.72,718,291865.5
2022-06-03,422.0,422.0,389.4,402.1,-3.06,6007,2395739.1
2022-06-02,431.0,431.0,406.7,414.8,-1.94,1414,581921.0
2022-06-01,426.0,426.0,401.2,423.0,1.08,5604,2286174.4
2022-05-31,439.0,444.9,404.3,418.5,-2.95,7806,3234164.1
2022-05-30,455.0,455.0,431.2,431.2,-4.6,4315,1869390.0
2022-05-27,462.0,470.0,440.0,452.0,-0.22,130,59217.0
2022-05-26,463.9,463.9,446.0,453.0,-0.42,4022,1800706.5
2022-05-25,449.8,460.0,436.0,454.9,3.15,11814,5333950.0
2022-05-24,446.0,453.0,433.0,441.0,0.68,9549,4194991.5
2022-05-23,469.2,469.2,435.0,438.0,-4.78,6705,2959143.0
2022-05-20,471.2,476.9,446.0,460.0,-0.43,3590,1642717.5
2022-05-19,488.5,488.5,445.9,462.0,-3.55,28903,13147037.5
2022-05-18,488.3,488.3,465.0,479.0,0.04,9005,4275585.5
2022-05-17,542.6,542.6,478.8,478.8,-10.0,13421,6579575.2
2022-05-12,558.9,558.9,525.0,532.0,-2.92,9598,5094399.9
2022-05-11,529.0,548.0,518.0,548.0,5.59,13780,7238578.0
2022-05-10,527.3,527.3,517.0,519.0,0.39,1920,999495.0
2022-05-09,503.1,521.0,503.1,517.0,0.98,5567,2861259.5
2022-05-08,509.7,512.0,501.0,512.0,-1.54,3519,1786772.0
2022-05-05,524.3,534.0,515.0,520.0,-2.8,5730,2980929.0
2022-05-04,540.0,555.0,520.0,535.0,-2.37,6456,3428779.0
2022-05-02,570.9,570.9,535.2,548.0,-2.13,7301,3965656.4
2022-04-28,581.4,588.5,551.0,559.9,-1.77,12654,7169860.0
2022-04-27,578.3,578.3,556.0,570.0,0.53,2032,1150370.6
2022-04-26,580.0,580.0,550.0,567.0,-0.32,3076,1721541.0
2022-04-25,595.6,601.8,560.0,568.8,-2.6,11670,6761503.0
2022-04-24,574.2,585.6,553.0,584.0,3.73,10545,6040875.0
2022-04-21,565.0,565.0,528.3,563.0,1.62,8473,4627626.7
2022-04-20,592.4,592.4,554.0,554.0,-4.61,4725,2656974.5
2022-04-19,581.0,581.0,547.5,580.8,1.89,9954,5645627.0
2022-04-18,593.0,593.0,558.6,570.0,-1.99,7400,4175347.2
2022-04-17,605.0,605.0,570.4,581.6,-2.09,6123,3530312.2
2022-04-13,580.0,594.0,569.0,594.0,2.95,4757,2762146.4
2022-04-12,606.9,606.9,577.0,577.0,-3.03,13887,8061196.2
2022-04-11,625.0,637.5,585.0,595.0,-2.94,8129,4925844.6
2022-04-07,618.0,618.0,600.0,613.0,0.16,3315,2018840.5
2022-04-06,618.8,618.8,595.0,612.0,-0.08,7761,4681080.1
2022-04-05,612.1,626.0,595.0,612.5,-1.84,35775,21606532.0
2022-04-04,628.0,649.0,618.0,624.0,-2.5,27296,17059363.5
2022-04-03,673.2,673.2,637.0,640.0,-3.03,5887,3770222.0
2022-03-31,678.0,678.0,648.0,660.0,-1.05,9272,6052734.0
2022-03-30,666.0,668.0,649.0,667.0,1.6,13380,8860320.7
2022-03-29,667.0,667.0,638.0,656.5,0.38,11013,7193919.0
2022-03-28,680.3,680.3,654.0,654.0,-1.95,17866,11793244.5
2022-03-27,687.4,725.0,667.0,667.0,-1.04,119270,82420099.3
2022-03-24,682.3,682.3,657.0,674.0,0.75,33816,22730436.7
2022-03-23,680.0,680.0,663.1,669.0,-1.04,11538,7702517.7
2022-03-22,679.3,679.3,663.0,676.0,1.5,19244,12926181.6
2022-03-21,673.0,673.0,659.0,666.0,0.91,12670,8387416.8
2022-03-20,675.2,675.2,654.0,660.0,-0.3,9110,5994976.0
2022-03-16,679.3,679.3,655.0,662.0,-0.6,20948,13861187.4
2022-03-15,672.1,672.1,647.0,666.0,1.06,11794,7757084.5
2022-03-14,675.6,675.6,650.0,659.0,-0.51,9468,6233254.0
2022-03-13,648.7,664.9,640.0,662.4,4.15,15989,10426355.7
2022-03-10,615.0,637.0,614.6,636.0,1.42,9553,5948537.3
2022-03-09,647.5,647.5,600.0,627.1,-1.23,32956,20158349.3
2022-03-07,632.4,640.0,619.9,634.9,2.4,9139,5741784.3
2022-03-06,637.5,663.0,620.0,620.0,-0.8,10716,6730740.0
2022-03-02,656.8,656.8,622.4,625.0,-2.95,8997,5640324.5
2022-02-28,670.1,670.1,637.0,644.0,-1.98,11984,7739976.6
2022-02-27,673.2,673.2,650.1,657.0,-0.45,8328,5481624.0
2022-02-24,681.3,681.3,643.0,660.0,-1.2,13473,8815762.2
2022-02-23,699.7,699.7,667.0,668.0,-2.62,12453,8354308.3
2022-02-22,693.4,693.4,669.4,686.0,0.9,12093,8233481.6
2022-02-21,692.0,705.0,670.0,679.9,0.13,11636,7860203.3
2022-02-20,726.2,726.2,671.0,679.0,-4.63,37442,25507262.0
2022-02-17,712.0,712.0,686.0,712.0,1.86,8877,6187924.2
2022-02-16,666.4,727.0,666.4,699.0,2.79,195787,132560746.5
2022-02-15,687.0,690.0,668.6,680.0,0.74,51253,34771845.0
2022-02-14,670.0,690.0,667.0,675.0,-0.74,29060,19715734.7
2022-02-13,688.0,701.0,672.3,680.0,-2.86,37926,26051890.9
2022-02-10,719.0,724.0,696.0,700.0,-0.74,11700,8206550.0
2022-02-09,714.0,724.0,702.0,705.2,-1.23,11098,7884432.6
2022-02-08,726.2,730.9,710.0,714.0,0.28,23175,16687836.5
2022-02-07,698.1,719.0,698.1,712.0,0.64,38889,27533602.2
2022-02-06,716.0,716.0,707.1,707.5,-2.82,15926,11330697.4
2022-02-03,743.0,743.0,721.0,728.0,-0.11,26747,19478570.0
2022-02-01,724.0,732.0,717.0,728.8,0.66,30964,22371898.2
2022-01-31,727.9,730.0,716.1,724.0,-0.82,19028,13729385.3
2022-01-30,715.0,743.0,715.0,730.0,3.11,12521,9127764.0
2022-01-27,716.0,729.9,702.0,708.0,0.85,12523,8988780.0
2022-01-26,713.0,715.0,698.0,702.0,-2.16,25716,18102670.5
2022-01-25,716.0,738.0,716.0,717.5,-1.44,25774,18684655.5
2022-01-24,729.0,738.0,715.0,728.0,-1.9,53452,38848900.0
2022-01-23,750.0,755.0,741.0,742.1,0.56,49938,37347566.5
2022-01-20,716.0,746.8,707.0,738.0,3.06,48535,35553189.5
2022-01-19,738.0,738.0,715.0,716.1,-1.23,23408,16938689.0
2022-01-18,739.9,742.9,722.0,725.0,-1.49,22639,16530076.5
2022-01-17,753.0,753.0,726.2,736.0,-0.67,42751,31486790.0
2022-01-16,742.0,753.0,737.0,741.0,1.79,74873,55663675.3
2022-01-13,715.0,735.0,711.0,728.0,1.82,26290,19054761.6
2022-01-12,735.0,747.8,698.0,715.0,-2.72,54633,39160052.4
2022-01-11,726.0,745.6,715.2,735.0,3.09,53575,39546996.9
2022-01-10,684.0,716.0,678.0,713.0,4.24,52603,36908494.4
2022-01-09,678.0,699.0,677.1,684.0,2.86,22549,15378151.5
2022-01-06,645.0,671.0,644.9,665.0,1.06,9190,6086357.6
2022-01-05,670.0,670.0,650.0,658.0,-1.79,13825,9098184.0
2022-01-04,658.1,680.0,653.7,670.0,0.45,8633,5770528.0
2022-01-03,694.3,694.3,667.0,667.0,-2.03,17222,11646586.0
2022-01-02,669.0,688.5,656.0,680.8,3.67,20938,14082567.5
2021-12-29,668.0,672.0,645.0,656.7,0.26,16635,10891926.2
2021-12-28,647.1,659.9,635.1,655.0,-0.76,12281,7971528.4
2021-12-27,695.0,714.0,650.0,660.0,-3.23,46547,31450581.4
2021-12-26,625.0,682.0,625.0,682.0,10.0,40975,27488230.4
2021-12-23,607.0,642.0,598.0,620.0,3.68,20554,12768030.8
2021-12-22,586.9,618.0,586.8,598.0,3.82,12763,7625895.5
2021-12-21,576.0,580.0,560.0,576.0,1.95,8284,4735304.0
2021-12-20,570.0,581.0,565.0,565.0,-1.74,4976,2829801.5
2021-12-16,609.9,609.9,575.0,575.0,-3.85,4306,2513337.0
2021-12-15,601.8,630.0,590.0,598.0,1.36,11197,6783987.0
2021-12-14,578.3,590.0,578.3,590.0,4.06,6290,3688349.0
2021-12-13,578.0,580.0,550.0,567.0,-3.57,16076,9062860.0
2021-12-12,601.1,609.0,588.0,588.0,-5.01,10766,6391568.2
2021-12-09,604.0,639.0,603.0,619.0,0.67,4927,3024497.0
2021-12-08,620.0,626.0,605.0,614.9,-2.4,13033,7995476.0
2021-12-07,665.0,670.0,630.0,630.0,-3.37,7838,5076933.0
2021-12-06,625.0,653.0,610.0,652.0,2.35,17933,11258745.8
2021-12-05,667.0,667.0,617.4,637.0,-2.75,10859,6822942.5
2021-12-02,688.0,688.0,648.0,655.0,-3.14,13935,9222092.0
2021-12-01,700.0,714.0,676.2,676.2,-3.4,8487,5861152.5
2021-11-30,691.0,705.0,669.0,700.0,3.24,11841,8021552.6
2021-11-29,690.0,708.0,677.0,678.0,-1.17,7204,4932820.5
2021-11-28,705.0,716.0,685.1,686.0,-4.59,20774,14462826.0
2021-11-25,746.0,746.0,719.0,719.0,-2.84,19517,14169102.0
2021-11-24,714.1,740.0,706.0,740.0,1.66,12236,8845874.0
2021-11-23,722.1,735.0,719.1,727.9,-0.97,28791,20896943.5
2021-11-22,721.0,742.0,721.0,735.0,1.38,33753,24892043.7
2021-11-21,739.0,739.0,717.0,725.0,0.0,7557,5479290.9
2021-11-18,718.0,749.0,715.0,725.0,-0.55,47645,34873172.5
2021-11-17,755.0,755.0,726.5,729.0,-2.54,47691,35517902.5
2021-11-16,710.0,750.0,710.0,748.0,5.06,28276,20602790.6
2021-11-15,720.0,734.0,700.0,712.0,0.42,17040,12122002.5
2021-11-14,707.0,718.0,694.1,709.0,0.11,21683,15292530.1
2021-11-11,696.1,719.0,690.0,708.2,-0.11,26538,18739779.0
2021-11-09,766.0,766.0,695.0,709.0,-5.59,60586,43461717.9
2021-11-08,775.0,775.2,741.1,751.0,-1.18,18575,13893709.7
2021-11-03,784.0,788.0,752.7,760.0,-1.81,30411,23159329.0
2021-11-02,735.0,785.0,731.0,774.0,4.88,59598,45264277.3
2021-11-01,739.3,756.0,727.1,738.0,1.81,110583,82002335.6
2021-10-31,659.0,724.9,659.0,724.9,10.0,49058,34462691.9
2021-10-28,642.0,679.3,640.0,659.0,0.76,9656,6347167.0
2021-10-27,617.5,680.0,617.5,654.0,3.81,25028,16291496.0
2021-10-26,613.0,633.4,612.0,630.0,4.83,18566,11612833.0
2021-10-25,575.0,601.0,575.0,601.0,4.89,13969,8239396.0
2021-10-24,558.6,575.0,546.0,573.0,0.53,4004,2228840.0
2021-10-21,565.0,584.0,552.0,570.0,-0.7,7235,4061284.0
2021-10-20,568.0,585.0,563.5,574.0,3.07,3800,2178920.0
2021-10-19,559.0,569.7,548.0,556.9,-2.3,18757,10367785.0
2021-10-18,590.0,591.6,570.0,570.0,-5.32,12763,7372934.0
2021-10-17,600.0,612.0,587.0,602.0,0.67,5695,3400073.0
2021-10-11,589.0,608.0,589.0,598.0,0.17,8074,4789486.5
2021-10-10,622.0,622.0,595.0,597.0,-2.13,12915,7779019.3
2021-10-06,600.0,636.6,586.2,610.0,3.04,7581,4593118.8
2021-10-05,590.0,596.0,580.0,592.0,2.07,7197,4235475.5
2021-10-04,590.0,590.0,570.0,580.0,0.19,16748,9670031.9
2021-10-03,570.0,602.0,564.0,578.9,0.68,10418,5979948.0
2021-09-30,594.6,594.6,575.0,575.0,-1.37,8892,5188380.5
2021-09-29,575.1,586.0,555.0,583.0,3.39,13885,7910469.5
2021-09-28,585.0,596.0,555.0,563.9,-5.23,21580,12296048.5
2021-09-27,620.0,622.0,590.0,595.0,-5.56,21582,13018897.9
2021-09-26,655.0,660.0,630.0,630.0,-5.41,15319,9856549.0
2021-09-23,672.0,680.0,665.0,666.0,-1.62,14193,9528109.4
2021-09-22,660.0,683.0,660.0,677.0,2.58,13460,9048117.0
2021-09-21,634.0,681.0,623.0,660.0,2.17,20577,13446411.2
2021-09-20,665.0,665.0,645.0,646.0,-3.84,21677,14134139.3
2021-09-16,683.0,692.0,655.0,671.8,-3.34,39011,26023129.7
2021-09-15,702.0,710.0,690.0,695.0,-1.7,21254,14793546.0
2021-09-14,734.0,734.0,707.0,707.0,-1.81,11198,7945754.2
2021-09-13,724.0,733.0,709.6,720.0,0.98,25712,18618304.0
2021-09-12,708.9,717.0,690.0,713.0,2.59,27431,19278899.6
2021-09-09,707.0,717.9,692.0,695.0,-0.43,21195,14830347.1
2021-09-08,705.6,724.0,692.0,698.0,-3.06,23844,16733010.0
2021-09-07,749.7,749.7,709.0,720.0,-2.04,27491,19971563.8
2021-09-06,719.0,750.0,692.2,735.0,4.26,34911,25246497.9
2021-09-05,718.0,729.9,678.0,705.0,-3.69,54551,38359396.0
2021-09-02,750.0,765.0,721.0,732.0,-2.53,36395,27002677.2
2021-09-01,769.0,780.0,747.0,751.0,-1.44,30996,23605322.9
2021-08-31,780.0,780.0,731.1,762.0,-2.31,52818,39925223.6
2021-08-29,800.0,802.0,768.0,780.0,-1.27,52490,41002043.1
2021-08-26,805.0,805.0,782.1,790.0,-0.63,50847,40310393.2
2021-08-25,830.0,830.0,785.0,795.0,-3.87,93525,74899982.7
2021-08-24,830.0,860.0,825.0,827.0,0.36,199628,167207399.2
2021-08-19,776.0,848.0,766.0,824.0,6.32,285642,236691813.4
2021-08-18,770.0,790.0,755.0,775.0,1.71,58570,45340885.2
2021-08-17,771.5,786.0,760.0,762.0,-1.23,29012,22236910.0
2021-08-16,801.7,801.7,770.5,771.5,-1.84,40086,31117107.0
2021-08-15,812.0,812.0,775.0,786.0,-3.2,73871,58571287.1
2021-08-12,800.7,816.0,780.0,812.0,3.44,151573,122748137.0
2021-08-11,799.0,805.0,775.0,785.0,0.13,123466,98010429.0
2021-08-10,773.0,791.0,760.0,784.0,3.43,56570,43920846.5
2021-08-09,773.1,773.1,751.1,758.0,0.0,65746,50023323.2
2021-08-08,786.5,802.2,745.0,758.0,-1.7,75003,56892691.5
2021-08-05,805.8,805.8,771.0,771.1,-2.39,45552,35390169.4
2021-08-04,803.7,803.7,782.5,790.0,0.25,53132,41984664.7
2021-08-03,804.7,804.7,776.0,788.0,-0.13,41268,32491731.4
2021-08-02,806.8,816.0,781.0,789.0,-0.25,81460,64277333.9
2021-08-01,799.0,801.0,786.0,791.0,-0.13,86212,68467859.9
2021-07-29,810.0,824.0,785.0,792.0,-1.37,96391,77532402.3
2021-07-28,759.0,808.0,758.0,803.0,5.94,178937,141000965.3
2021-07-27,743.0,765.0,743.0,758.0,2.43,52853,39924134.5
2021-07-26,736.0,745.0,733.0,740.0,-0.54,35258,26065385.0
2021-07-25,755.0,755.0,726.0,744.0,-1.2,79802,58950783.5
2021-07-22,771.0,771.0,752.0,753.0,-0.92,22425,16966660.0
2021-07-20,774.0,774.0,744.0,760.0,0.0,38836,29141605.9
2021-07-19,761.0,787.4,750.0,760.0,1.75,51334,39513483.0
2021-07-18,729.0,750.0,729.0,746.9,4.46,39152,28980453.0
2021-07-15,715.0,731.0,715.0,715.0,0.14,24839,17892035.0
2021-07-14,725.0,725.0,713.0,714.0,-0.97,19079,13673612.0
2021-07-13,725.0,730.0,712.0,721.0,-0.55,18638,13439150.0
2021-07-12,740.0,754.0,718.0,725.0,-2.68,59851,43706609.0
2021-07-11,777.0,777.0,730.0,745.0,0.68,33838,25057730.0
2021-07-08,730.0,740.0,721.0,740.0,1.51,23843,17475438.0
2021-07-07,730.0,730.0,715.0,729.0,-0.14,56734,40734990.0
2021-07-06,720.0,736.0,706.0,730.0,2.38,33543,24176235.0
2021-07-05,726.0,726.0,700.0,713.0,0.14,74933,52887483.0
2021-07-04,713.0,719.0,700.0,712.0,-0.14,38866,27430312.0
2021-07-01,707.0,722.0,700.0,713.0,0.99,25970,18599811.0
2021-06-30,725.0,725.0,698.0,706.0,-0.7,42500,30008874.0
2021-06-29,767.0,767.0,710.0,711.0,-2.74,28125,20229179.0
2021-06-28,745.0,749.0,730.0,731.0,-0.95,31644,23344484.0
2021-06-27,757.0,757.0,730.0,738.0,-0.67,52503,38688444.0
2021-06-24,747.0,759.0,740.0,743.0,-2.24,31269,23368554.0
2021-06-23,785.0,788.0,751.0,760.0,-2.94,36916,28117426.0
2021-06-22,741.0,790.0,737.0,783.0,5.67,48846,37232880.0
2021-06-21,767.0,780.0,740.0,741.0,-3.39,69436,52229720.0
2021-06-20,805.0,807.0,756.0,767.0,-2.91,79098,61488519.0
2021-06-17,800.0,816.0,785.0,790.0,-0.38,60168,47848928.0
2021-06-16,784.0,821.0,784.0,793.0,-3.88,115357,92292180.0
2021-06-15,833.0,855.0,822.0,825.0,-0.6,153901,129226084.0
2021-06-14,815.0,838.0,813.0,830.0,1.59,105591,87020759.0
2021-06-13,823.0,830.0,801.0,817.0,-0.73,137874,112503001.0
2021-06-10,860.0,868.0,820.0,823.0,-3.18,138254,115718818.0
2021-06-09,850.0,890.0,837.0,850.0,2.04,171192,146972390.0
2021-06-08,800.0,844.0,765.0,833.0,7.35,311391,249971217.0
2021-06-07,795.0,814.0,769.0,776.0,2.37,130215,102130070.0
2021-06-06,780.0,786.0,750.0,758.0,-0.92,56929,43236489.0
2021-06-03,732.0,793.0,732.0,765.0,-0.65,67634,52550779.0
2021-06-02,761.0,782.0,761.0,770.0,0.52,67353,51952793.0
2021-06-01,770.0,795.0,748.0,766.0,0.13,100463,77147721.0
2021-05-31,790.0,810.0,755.0,765.0,-2.55,149525,117697721.0
2021-05-30,800.0,800.0,776.0,785.0,-0.38,164733,129885699.0
2021-05-27,790.0,800.0,760.0,788.0,-0.51,98184,77289523.0
2021-05-25,765.0,810.0,745.0,792.0,5.18,312824,244750379.0
2021-05-24,766.0,766.0,731.0,753.0,3.15,188479,140390811.0
2021-05-23,733.0,740.0,716.0,730.0,-0.54,80582,58758357.0
2021-05-20,760.0,760.0,730.0,734.0,-1.61,85755,63194071.0
2021-05-19,721.0,749.0,721.0,746.0,3.47,232835,171404357.0
2021-05-18,720.0,722.0,704.0,721.0,1.84,70126,50005924.0
2021-05-17,720.0,734.0,708.0,708.0,-0.98,55593,39771869.0
2021-05-16,690.0,719.0,690.0,715.0,3.92,95600,67776336.0
2021-05-13,690.0,697.0,685.0,688.0,-0.29,16120,11126972.0
2021-05-12,695.0,700.0,686.0,690.0,-0.72,11998,8276052.0
2021-05-11,650.0,700.0,650.0,695.0,1.61,28352,19748110.0
2021-05-10,681.0,696.0,671.0,684.0,0.44,30216,20689081.0
2021-05-09,690.0,695.0,670.0,681.0,0.15,43553,29868381.0
2021-05-06,697.0,701.0,680.0,680.0,-1.16,20025,13685394.0
2021-05-05,687.0,695.0,687.0,688.0,-0.43,12196,8425377.0
2021-05-04,688.0,696.0,685.0,691.0,-0.58,14335,9878592.0
2021-05-03,707.0,718.0,685.0,695.0,-0.57,47078,32920339.0
2021-05-02,694.0,706.0,690.0,699.0,1.9,44423,31035222.0
2021-04-29,680.0,700.0,676.0,686.0,-0.44,15893,10962612.0
2021-04-28,711.0,711.0,680.0,689.0,-3.09,29512,20453390.0
2021-04-27,647.0,711.0,647.0,711.0,9.89,40622,27311132.0
2021-04-26,656.0,674.0,640.0,647.0,-1.82,42008,27477428.0
2021-04-25,700.0,700.0,640.0,659.0,-3.8,55843,36893582.0
2021-04-22,695.0,695.0,677.0,685.0,0.0,31541,21617352.0
2021-04-21,705.0,709.0,681.0,685.0,-1.72,32826,22681278.0
2021-04-20,705.0,714.0,693.0,697.0,0.29,26094,18252364.0
2021-04-19,714.0,714.0,695.0,695.0,-1.7,37984,26645832.0
2021-04-18,729.0,729.0,706.0,707.0,-1.26,34697,24736656.0
2021-04-15,730.0,731.0,715.0,716.0,-0.14,41184,29609068.0
2021-04-13,738.0,741.0,716.0,717.0,-1.78,45610,33043277.0
2021-04-12,712.0,743.0,710.0,730.0,3.11,70742,51493638.0
2021-04-08,710.0,715.0,705.0,708.0,0.71,34777,24648351.0
2021-04-07,725.0,726.0,703.0,703.0,-3.17,67782,48250953.0
2021-04-06,738.0,749.0,724.0,726.0,-2.94,111589,81719752.0
2021-04-05,759.0,798.0,735.0,748.0,-1.45,162464,123476663.0
2021-04-04,720.0,770.0,719.0,759.0,7.05,261002,195628537.0
2021-04-01,753.0,753.0,702.0,709.0,-1.25,170415,122791119.0
2021-03-31,691.0,719.0,663.0,718.0,8.95,172516,120342728.0
2021-03-30,649.0,665.0,626.0,659.0,3.29,69596,45818641.0
2021-03-29,660.0,660.0,634.0,638.0,0.63,17539,11194753.0
2021-03-25,656.0,656.0,632.0,634.0,-1.71,46524,29763503.0
2021-03-24,654.0,654.0,640.0,645.0,0.31,23950,15409469.0
2021-03-23,658.0,658.0,636.0,643.0,-1.08,18873,12198470.0
2021-03-22,660.0,665.0,637.0,650.0,-1.07,30676,19868814.0
2021-03-21,642.0,666.0,632.0,657.0,2.5,50811,33294696.0
2021-03-18,638.0,646.0,634.0,641.0,0.63,23120,14790262.0
2021-03-17,635.0,642.0,630.0,637.0,1.11,12270,7782213.0
2021-03-16,645.0,645.0,627.0,630.0,-1.25,19291,12255563.0
2021-03-15,625.0,657.0,623.0,638.0,0.63,19946,12643776.0
2021-03-14,663.0,663.0,622.0,634.0,-2.46,36293,22878239.0
2021-03-10,658.0,671.0,641.0,650.0,0.62,21092,13701383.0
2021-03-09,689.0,689.0,646.0,646.0,-1.67,34239,22351789.0
2021-03-07,676.0,681.0,655.0,657.0,-2.52,59541,39876694.0
2021-03-04,656.0,682.0,652.0,674.0,4.5,100192,66876294.0
2021-03-03,636.0,655.0,634.0,645.0,-0.31,65723,42216416.0
2021-03-02,675.0,680.0,635.0,647.0,-2.27,86066,56220784.0
2021-03-01,635.0,672.0,613.0,662.0,5.25,101407,66120250.0
2021-02-28,640.0,650.0,618.0,629.0,-1.72,97648,61789725.0
2021-02-25,650.0,654.0,636.0,640.0,-1.54,36425,23348051.0
2021-02-24,650.0,677.0,642.0,650.0,1.25,50140,32921358.0
2021-02-23,634.0,650.0,616.0,642.0,1.26,45123,28415753.0
2021-02-22,679.0,679.0,628.0,634.0,-2.01,47892,30337713.0
2021-02-21,655.0,660.0,642.0,647.0,-1.22,39332,25465159.0
2021-02-18,690.0,690.0,655.0,655.0,-0.46,49963,32921306.0
2021-02-17,658.0,664.0,651.0,658.0,-1.79,50573,33177815.0
2021-02-16,683.0,685.0,661.0,670.0,-1.76,50831,34199917.0
2021-02-15,669.0,694.0,669.0,682.0,3.96,39945,27325165.0
2021-02-14,680.0,688.0,648.0,656.0,-1.94,73378,48353982.0
2021-02-11,699.0,699.0,665.0,669.0,-2.48,80963,54777536.0
2021-02-10,700.0,703.0,680.0,686.0,-1.86,69300,47864550.0
2021-02-09,701.0,715.0,690.0,699.0,-1.83,104646,72940355.0
2021-02-08,740.0,750.0,703.0,712.0,-2.06,132814,95307038.0
2021-02-07,721.0,729.0,685.0,727.0,5.82,160419,113083524.0
2021-02-04,674.0,700.0,661.0,687.0,1.93,116896,80384534.0
2021-02-03,725.0,726.0,666.0,674.0,-2.74,185021,129488865.0
2021-02-02,642.0,693.0,626.0,693.0,10.0,202420,134482845.0
2021-02-01,637.0,650.0,630.0,630.0,0.32,88778,56782606.0
2021-01-31,650.0,650.0,622.0,628.0,-2.64,134200,84732869.0
2021-01-28,656.0,666.0,620.0,645.0,3.2,216973,141277865.0
2021-01-27,600.0,641.0,589.0,625.0,5.4,163043,100405476.0
2021-01-26,588.0,599.0,574.0,593.0,2.24,141489,83289601.0
2021-01-25,609.0,614.0,570.0,580.0,-3.01,187396,109489383.0
2021-01-24,639.0,639.0,588.0,598.0,-1.81,117691,71755777.0
2021-01-21,550.0,609.0,550.0,609.0,9.93,190267,111479195.0
2021-01-20,535.0,560.0,525.0,554.0,5.73,252861,138016510.0
2021-01-19,535.0,540.0,515.0,524.0,-1.69,65907,34684463.0
2021-01-18,515.0,540.0,515.0,533.0,1.72,141143,74945772.0
2021-01-17,540.0,540.0,515.0,524.0,-1.13,86932,45366968.0
2021-01-13,530.0,538.0,530.0,530.0,1.92,82576,43984815.0
2021-01-12,523.0,533.0,510.0,520.0,1.36,41906,21704082.0
2021-01-11,520.0,525.0,511.0,513.0,0.2,34562,17815673.0
2021-01-10,519.0,526.0,507.0,512.0,-1.35,54121,27863905.0
2021-01-07,550.0,550.0,517.0,519.0,-1.33,115584,61211276.0
2021-01-06,511.0,540.0,501.0,526.0,4.37,234437,122644550.0
2021-01-05,480.0,511.0,470.0,504.0,5.0,237612,117752439.0
2021-01-04,465.0,485.0,462.0,480.0,4.35,115684,54791100.0
2021-01-03,453.0,465.0,449.0,460.0,1.55,39930,18280923.0
2020-12-31,452.0,460.0,451.0,453.0,-0.88,15367,6980532.0
2020-12-30,450.0,467.0,450.0,457.0,-0.44,17916,8180325.0
2020-12-29,457.0,470.0,450.0,459.0,0.44,22108,10131901.0
2020-12-28,462.0,464.0,450.0,457.0,0.22,11136,5069212.0
2020-12-27,463.0,465.0,455.0,456.0,-1.51,20960,9589554.0
2020-12-24,489.0,489.0,458.0,463.0,-0.64,14524,6695397.0
2020-12-23,485.0,487.0,466.0,466.0,-2.51,23386,11068426.0
2020-12-22,461.0,478.0,457.0,478.0,5.75,44700,20896688.0
2020-12-21,446.0,465.0,432.0,452.0,-0.66,35284,15837691.0
2020-12-20,471.0,472.0,455.0,455.0,-3.4,52324,24085147.0
2020-12-17,470.0,486.0,470.0,471.0,0.0,60316,28909373.0
2020-12-16,480.0,484.0,470.0,471.0,-1.88,17146,8155415.0
2020-12-15,487.0,495.0,480.0,480.0,0.42,84576,41095307.0
2020-12-14,471.0,492.0,471.0,478.0,3.46,99824,48227637.0
2020-12-13,464.0,465.0,456.0,462.0,0.0,11048,5100976.0
2020-12-10,453.0,480.0,449.0,462.0,0.0,30554,14086783.0
2020-12-09,478.0,478.0,457.0,462.0,-3.14,32688,15120708.0
2020-12-08,495.0,495.0,470.0,477.0,-1.85,26987,12925879.0
2020-12-07,448.0,486.0,445.0,486.0,8.48,72536,34376467.0
2020-12-06,475.0,475.0,448.0,448.0,-6.67,45488,20954878.0
2020-12-03,500.0,502.0,477.0,480.0,-2.83,49823,24123563.0
2020-12-02,478.0,495.0,471.0,494.0,4.66,90897,44174810.0
2020-12-01,505.0,505.0,472.0,472.0,-1.87,35463,16922840.0
2020-11-30,475.0,491.0,471.0,481.0,1.48,57023,27427156.0
2020-11-29,495.0,495.0,466.0,474.0,0.42,63254,29766960.0
2020-11-26,513.0,513.0,472.0,472.0,-3.48,63580,30537996.0
2020-11-25,480.0,498.0,480.0,489.0,1.88,100940,49311351.0
2020-11-24,468.0,481.0,466.0,480.0,2.56,64939,30889158.0
2020-11-23,465.0,474.0,465.0,468.0,-0.21,62121,29169137.0
2020-11-22,495.0,508.0,457.0,469.0,-4.29,98084,46941890.0
2020-11-19,475.0,500.0,469.0,490.0,4.7,158009,76693253.0
2020-11-18,452.0,473.0,442.0,468.0,1.74,75304,34875313.0
2020-11-12,463.0,463.0,440.0,460.0,1.32,102130,46405650.0
2020-11-11,444.0,459.0,444.0,454.0,3.89,148622,67350071.0
2020-11-10,421.0,439.0,421.0,437.0,3.31,44230,19129322.0
2020-11-09,420.0,431.0,420.0,423.0,0.71,14605,6215495.0
2020-11-08,433.0,433.0,418.0,420.0,-1.18,22457,9441411.0
2020-11-05,432.0,432.0,421.0,425.0,0.0,11865,5033383.0
2020-11-04,430.0,432.0,423.0,425.0,-1.16,14018,5987537.0
2020-11-03,437.0,438.0,430.0,430.0,-0.23,13148,5680738.0
2020-11-02,423.0,435.0,423.0,431.0,0.7,24065,10371882.0
2020-11-01,421.0,432.0,417.0,428.0,1.9,13008,5534612.0
2020-10-29,426.0,426.0,419.0,420.0,0.24,14849,6264849.0
2020-10-28,425.0,425.0,413.0,419.0,0.48,9859,4118761.0
2020-10-22,424.0,424.0,417.0,417.0,-0.24,10270,4299110.0
2020-10-21,425.0,425.0,417.0,418.0,-0.48,4956,2075864.0
2020-10-20,421.0,422.0,418.0,420.0,1.2,13812,5806086.0
2020-10-19,415.0,420.0,410.0,415.0,0.97,3622,1501613.0
2020-10-18,415.0,415.0,408.0,411.0,0.0,7499,3084492.0
2020-10-15,420.0,426.0,411.0,411.0,-0.24,11577,4837447.0
2020-10-14,414.0,417.0,410.0,412.0,-1.44,27767,11458521.0
2020-10-13,421.0,426.0,415.0,418.0,-2.56,48202,20278259.0
2020-10-12,428.0,431.0,423.0,429.0,0.23,15040,6420585.0
2020-10-11,421.0,433.0,421.0,428.0,-0.47,16136,6913469.0
2020-10-08,436.0,442.0,430.0,430.0,-1.38,37333,16320878.0
2020-10-07,430.0,436.0,429.0,436.0,0.69,21757,9418304.0
2020-10-06,412.0,438.0,412.0,433.0,0.0,11238,4863095.0
2020-10-05,445.0,447.0,433.0,433.0,-1.37,9205,4018035.0
2020-10-04,450.0,458.0,439.0,439.0,-0.68,33484,14902957.0
2020-10-01,430.0,442.0,423.0,442.0,4.49,45557,19827337.0
2020-09-30,423.0,428.0,417.0,423.0,0.0,21915,9229464.0
2020-09-29,447.0,447.0,421.0,423.0,-0.7,16605,7029515.0
2020-09-28,435.0,435.0,426.0,426.0,-0.7,12655,5416135.0
2020-09-27,435.0,435.0,429.0,429.0,-1.38,12431,5351469.0
2020-09-24,445.0,445.0,430.0,435.0,1.16,27516,11899025.0
2020-09-23,430.0,439.0,420.0,430.0,0.7,22891,9829773.0
2020-09-22,438.0,438.0,423.0,427.0,-1.84,45212,19358194.0
2020-09-21,442.0,442.0,435.0,435.0,-1.58,36842,16114185.0
2020-09-20,453.0,453.0,441.0,442.0,-1.78,18274,8118285.0
2020-09-17,462.0,462.0,448.0,450.0,-0.88,33090,15030816.0
2020-09-16,449.0,460.0,442.0,454.0,-0.22,34098,15520904.0
2020-09-15,477.0,477.0,438.0,455.0,0.0,67314,30400799.0
2020-09-14,490.0,490.0,452.0,455.0,-2.57,75974,35135749.0
2020-09-13,467.0,479.0,445.0,467.0,4.94,179428,83195885.0
2020-09-10,432.0,447.0,429.0,445.0,4.71,85128,37412884.0
2020-09-09,421.0,429.0,419.0,425.0,0.95,53497,22746792.0
2020-09-08,420.0,426.0,410.0,421.0,0.96,36084,15176702.0
2020-09-07,415.0,422.0,408.0,417.0,-0.71,31857,13311490.0
2020-09-06,446.0,446.0,417.0,420.0,-1.18,42158,17874903.0
2020-09-03,439.0,439.0,410.0,425.0,1.43,58370,24824827.0
2020-09-02,428.0,442.0,418.0,419.0,-0.24,136972,59023473.0
2020-08-31,412.0,441.0,405.0,420.0,3.96,128460,54411782.0
2020-08-30,408.0,410.0,401.0,404.0,-0.98,18361,7432499.0
2020-08-27,414.0,414.0,400.0,408.0,0.49,62737,25536234.0
2020-08-26,406.0,414.0,405.0,406.0,-0.98,68884,28282165.0
2020-08-25,429.0,429.0,406.0,410.0,0.24,70011,28646217.0
2020-08-24,423.0,423.0,404.0,409.0,1.49,86763,35532281.0
2020-08-23,398.0,404.0,389.0,403.0,2.54,51606,20546056.0
2020-08-20,392.0,395.0,390.0,393.0,0.51,14031,5517220.0
2020-08-19,400.0,400.0,387.0,391.0,-2.25,30716,12018333.0
2020-08-18,406.0,407.0,398.0,400.0,0.0,28318,11342381.0
2020-08-17,403.0,405.0,394.0,400.0,1.01,72823,29139861.0
2020-08-16,403.0,405.0,385.0,396.0,-1.74,75070,29895100.0
2020-08-13,413.0,416.0,403.0,403.0,-2.89,44278,18104853.0
2020-08-12,400.0,421.0,396.0,415.0,2.98,150511,62073480.0
2020-08-11,389.0,406.0,382.0,403.0,5.22,119886,47670708.0
2020-08-10,372.0,385.0,366.0,383.0,4.93,37074,14043861.0
2020-08-09,355.0,376.0,346.0,365.0,1.39,14193,5065492.0
2020-08-06,346.0,364.0,346.0,360.0,1.98,19903,7089640.0
2020-08-05,363.0,363.0,350.0,353.0,-2.75,11966,4238263.0
2020-08-03,363.0,370.0,357.0,363.0,0.0,15316,5562142.0
2020-08-02,374.0,376.0,359.0,363.0,-4.47,25806,9443618.0
2020-07-30,380.0,383.0,375.0,380.0,0.26,13591,5143468.0
2020-07-29,382.0,396.0,375.0,379.0,-2.57,16810,6377663.0
2020-07-28,388.0,402.0,382.0,389.0,-0.26,22193,8582164.0
2020-07-27,394.0,405.0,385.0,390.0,-1.27,24477,9599027.0
2020-07-26,379.0,399.0,378.0,395.0,3.4,47403,18492896.0
2020-07-23,400.0,400.0,370.0,382.0,0.26,28260,10762206.0
2020-07-22,395.0,395.0,376.0,381.0,-2.31,13367,5123854.0
2020-07-21,388.0,400.0,381.0,390.0,-1.27,17803,6953007.0
2020-07-20,421.0,441.0,388.0,395.0,-1.5,53449,21454796.0
2020-07-19,394.0,401.0,394.0,401.0,3.62,849,334576.0
2020-07-16,377.0,387.0,374.0,387.0,4.59,26394,10101124.0
2020-07-15,370.0,378.0,370.0,370.0,-1.86,19095,7109695.0
2020-07-14,378.0,382.0,372.0,377.0,0.27,10002,3764677.0
2020-07-13,382.0,382.0,374.0,376.0,-1.05,14993,5652480.0
2020-07-12,382.0,392.0,376.0,380.0,1.33,24923,9502046.0
2020-07-09,377.0,380.0,356.0,375.0,1.35,13773,5130976.0
2020-07-08,365.0,393.0,346.0,370.0,2.78,35117,12873089.0
2020-07-07,334.0,360.0,334.0,360.0,9.76,31153,11098495.0
2020-07-06,304.0,328.0,304.0,328.0,9.7,15258,4832950.0
2020-07-05,290.0,314.0,283.0,299.0,2.4,15875,4805748.0
2020-07-02,330.0,338.0,292.0,292.0,-9.88,10768,3377774.0
2020-07-01,317.0,337.0,317.0,324.0,4.18,3440,1131840.0
2020-06-30,288.0,311.0,288.0,311.0,9.89,2313,705094.0
2020-06-29,293.0,293.0,273.0,283.0,-5.03,4761,1351905.0
2020-05-12,301.0,301.0,298.0,298.0,-2.93,700,209050.0
2020-03-22,313.0,313.0,301.0,307.0,0.0,636,193468.0
2020-03-19,299.0,318.0,292.0,307.0,2.33,23737,7292928.0
2020-03-18,314.0,327.0,284.0,300.0,-3.54,33844,10197878.0
2020-03-17,347.0,347.0,311.0,311.0,-9.86,60602,19236588.0
2020-03-16,340.0,352.0,324.0,345.0,3.29,19598,6629393.0
2020-03-15,361.0,361.0,334.0,334.0,-9.24,29421,10133339.0
2020-03-12,384.0,391.0,363.0,368.0,-2.39,34978,13101517.0
2020-03-11,349.0,377.0,338.0,377.0,9.91,26494,9609783.0
2020-03-10,370.0,370.0,343.0,343.0,-9.02,5809,2086930.0
2020-03-05,374.0,395.0,367.0,377.0,-1.05,23057,8672916.0
2020-03-04,395.0,408.0,376.0,381.0,-5.46,49824,19278636.0
2020-03-03,396.0,415.0,353.0,403.0,6.61,51206,20126162.0
2020-03-02,432.0,432.0,378.0,378.0,-8.25,26648,10671324.0
2020-03-01,452.0,452.0,407.0,412.0,-4.41,44518,18859104.0
2020-02-27,445.0,455.0,431.0,431.0,-4.86,58657,25729076.0
2020-02-26,451.0,472.0,444.0,453.0,0.0,69351,31470690.0
2020-02-25,439.0,460.0,432.0,453.0,4.62,57335,25499488.0
2020-02-24,463.0,463.0,432.0,433.0,-4.63,49316,21677240.0
2020-02-23,483.0,483.0,443.0,454.0,-1.3,82206,37651344.0
2020-02-20,441.0,473.0,441.0,460.0,5.02,24769,11374408.0
2020-02-19,439.0,446.0,433.0,438.0,-2.01,8123,3578002.0
2020-02-18,460.0,460.0,436.0,447.0,-1.76,10983,4870174.0
2020-02-17,448.0,470.0,448.0,455.0,3.41,31772,14621017.0
2020-02-16,424.0,448.0,420.0,440.0,3.77,19666,8566476.0
2020-02-13,432.0,432.0,423.0,424.0,0.0,9065,3845473.0
2020-02-12,430.0,435.0,423.0,424.0,0.0,5386,2304435.0
2020-02-11,428.0,435.0,424.0,424.0,0.71,4989,2130137.0
2020-02-10,413.0,425.0,405.0,421.0,1.94,5270,2185360.0
2020-02-09,425.0,425.0,413.0,413.0,-2.82,12901,5410069.0
2020-02-06,439.0,439.0,421.0,425.0,-2.3,16900,7213649.0
2020-02-05,426.0,442.0,426.0,435.0,0.23,6911,3020518.0
2020-02-04,429.0,439.0,425.0,434.0,1.4,12387,5383485.0
2020-02-03,430.0,436.0,421.0,428.0,0.0,15211,6498893.0
2020-02-02,433.0,441.0,425.0,428.0,0.71,18666,8041605.0
2020-01-30,400.0,435.0,400.0,425.0,7.32,47745,20021416.0
2020-01-29,382.0,398.0,380.0,396.0,4.76,10756,4197763.0
2020-01-28,376.0,385.0,370.0,378.0,2.44,8130,3080935.0
2020-01-27,354.0,381.0,353.0,369.0,2.5,4478,1638102.0
2020-01-26,365.0,365.0,353.0,360.0,-3.23,7724,2773981.0
2020-01-23,385.0,385.0,370.0,372.0,-3.13,6394,2417650.0
2020-01-22,380.0,388.0,377.0,384.0,-0.26,7399,2828980.0
2020-01-21,382.0,390.0,374.0,385.0,2.67,12842,4919375.0
2020-01-20,400.0,404.0,370.0,375.0,-4.58,14058,5472298.0
2020-01-19,365.0,393.0,359.0,393.0,9.78,9270,3582252.0
2020-01-16,349.0,358.0,346.0,358.0,3.77,5650,1986830.0
2020-01-15,355.0,355.0,345.0,345.0,-1.15,2332,814080.0
2020-01-14,345.0,356.0,337.0,349.0,-0.29,7509,2617515.0
2020-01-13,334.0,360.0,328.0,350.0,6.71,14019,4846405.0
2020-01-12,304.0,328.0,304.0,328.0,9.7,14859,4776035.0
2020-01-09,294.0,299.0,294.0,299.0,1.01,2025,596915.0
2020-01-08,295.0,300.0,295.0,296.0,0.34,1969,582884.0
2020-01-07,295.0,298.0,294.0,295.0,-1.01,4526,1337169.0
2020-01-06,297.0,308.0,295.0,298.0,1.71,2398,716674.0
2020-01-05,295.0,297.0,290.0,293.0,0.69,3715,1086165.0
2020-01-02,291.0,291.0,291.0,291.0,-1.69,255,74205.0
2020-01-01,296.0,296.0,291.0,296.0,0.0,1150,336210.0
2019-12-31,297.0,298.0,291.0,296.0,-0.67,2781,823380.0
2019-12-30,289.0,298.0,289.0,298.0,3.83,2906,855272.0
2019-12-29,288.0,288.0,283.0,287.0,0.0,2076,589858.0
2019-12-26,297.0,297.0,287.0,287.0,-1.71,964,277593.0
2019-12-25,288.0,298.0,288.0,292.0,-0.34,1409,414858.0
2019-12-24,298.0,307.0,293.0,293.0,0.0,10942,3276154.0
2019-12-23,273.0,294.0,273.0,293.0,8.52,2396,681405.0
2019-12-22,270.0,270.0,262.0,270.0,-1.82,3250,866255.0
2019-12-19,276.0,276.0,270.0,275.0,-1.79,2175,592150.0
2019-12-18,291.0,291.0,280.0,280.0,-3.45,1664,469740.0
2019-12-17,277.0,294.0,277.0,290.0,2.84,2900,823030.0
2019-12-16,287.0,295.0,282.0,282.0,-2.42,9057,2606969.0
2019-12-15,286.0,309.0,286.0,289.0,2.85,15812,4748806.0
2019-12-12,261.0,281.0,261.0,281.0,9.77,5752,1612118.0
2019-12-11,236.0,256.0,236.0,256.0,9.87,3997,1005517.0
2019-12-10,240.0,248.0,233.0,233.0,-1.69,3545,849890.0
2019-12-09,234.0,243.0,234.0,237.0,2.6,1191,284103.0
2019-12-08,233.0,233.0,223.0,231.0,-0.86,935,213615.0
2019-12-05,229.0,233.0,228.0,233.0,3.56,870,198790.0
2019-12-04,225.0,232.0,220.0,225.0,1.81,4469,1001968.0
2019-12-03,212.0,221.0,212.0,221.0,3.76,1112,242204.0
2019-12-02,214.0,214.0,213.0,213.0,-0.93,100,21350.0
2019-12-01,217.0,217.0,215.0,215.0,-1.83,191,41165.0
2019-11-28,220.0,220.0,219.0,219.0,0.0,450,98970.0
2019-11-27,220.0,220.0,219.0,219.0,-1.35,110,24140.0
2019-11-26,225.0,225.0,218.0,222.0,-3.06,952,211356.0
2019-11-25,231.0,231.0,225.0,229.0,-0.87,400,90656.0
2019-11-24,231.0,231.0,231.0,231.0,-1.7,80,18480.0
2019-11-21,234.0,235.0,234.0,235.0,0.43,140,32835.0
2019-11-20,238.0,238.0,234.0,234.0,0.0,75,17606.0
2019-11-19,232.0,235.0,231.0,234.0,-0.43,222,51540.0
2019-11-18,235.0,235.0,235.0,235.0,0.0,10,2350.0
2019-11-17,235.0,235.0,235.0,235.0,0.43,110,25850.0
2019-11-14,237.0,240.0,234.0,234.0,-2.5,349,82736.0
2019-11-13,248.0,248.0,240.0,240.0,-1.64,423,102052.0
2019-11-12,253.0,255.0,244.0,244.0,-3.56,340,85360.0
2019-11-11,239.0,253.0,239.0,253.0,6.3,1124,271680.0
2019-11-10,239.0,240.0,238.0,238.0,-0.42,546,130248.0
2019-11-07,241.0,241.0,239.0,239.0,-0.83,224,53776.0
2019-11-06,244.0,244.0,239.0,241.0,-0.82,645,155195.0
2019-11-05,246.0,246.0,243.0,243.0,-2.41,1662,406140.0
2019-11-04,250.0,250.0,249.0,249.0,-1.97,265,66005.0
2019-11-03,254.0,254.0,254.0,254.0,0.0,50,12700.0
2019-10-31,258.0,258.0,254.0,254.0,0.4,308,78435.0
2019-10-24,255.0,257.0,253.0,253.0,0.4,277,70461.0
2019-10-23,256.0,256.0,252.0,252.0,0.0,190,48070.0
2019-10-22,256.0,257.0,252.0,252.0,-3.08,1755,447365.0
2019-10-21,259.0,260.0,259.0,260.0,0.0,25,6485.0
2019-10-20,265.0,265.0,260.0,260.0,-1.89,130,33990.0
2019-10-17,270.0,270.0,260.0,265.0,0.0,750,198380.0
2019-10-16,261.0,265.0,260.0,265.0,0.0,737,192005.0
2019-10-15,261.0,265.0,261.0,265.0,1.92,470,123700.0
2019-10-14,261.0,262.0,260.0,260.0,0.0,400,104226.0
2019-10-10,265.0,266.0,260.0,260.0,0.0,770,203320.0
2019-10-03,261.0,265.0,258.0,260.0,0.0,3374,882008.0
2019-10-02,262.0,262.0,260.0,260.0,-0.38,1326,345460.0
2019-10-01,265.0,265.0,261.0,261.0,-1.14,415,108999.0
2019-09-30,251.0,264.0,251.0,264.0,3.13,535,137340.0
2019-09-29,260.0,260.0,254.0,256.0,-2.66,1714,442532.0
2019-09-26,262.0,263.0,259.0,263.0,0.38,1020,267200.0
2019-09-25,257.0,262.0,257.0,262.0,0.77,870,225675.0
2019-09-24,257.0,260.0,257.0,260.0,1.17,430,110870.0
2019-09-23,257.0,265.0,256.0,257.0,-1.15,1899,490663.0
2019-09-22,270.0,271.0,260.0,260.0,-9.41,230,60940.0
2019-09-19,290.0,290.0,281.0,287.0,0.7,1255,359964.0
2019-09-18,268.0,285.0,266.0,285.0,7.95,4550,1240395.0
2019-09-17,264.0,270.0,260.0,264.0,1.93,2790,734960.0
2019-09-16,260.0,262.0,258.0,259.0,-1.15,2193,568019.0
2019-09-15,265.0,265.0,262.0,262.0,-1.13,1428,375270.0
2019-09-12,267.0,272.0,265.0,265.0,-0.75,1644,437385.0
2019-09-11,280.0,280.0,262.0,267.0,-3.61,2762,744198.0
2019-09-10,268.0,277.0,268.0,277.0,3.75,1036,283782.0
2019-09-09,282.0,282.0,267.0,267.0,-5.32,3289,907007.0
2019-09-08,285.0,285.0,282.0,282.0,-1.4,566,160194.0
2019-09-05,291.0,291.0,285.0,286.0,-1.72,2370,680118.0
2019-09-04,286.0,293.0,285.0,291.0,1.04,3643,1053466.0
2019-09-03,268.0,288.0,264.0,288.0,5.49,2293,633819.0
2019-09-02,286.0,286.0,271.0,273.0,-5.54,2093,570832.0
2019-09-01,290.0,290.0,289.0,289.0,-1.7,506,146484.0
2019-08-29,296.0,298.0,294.0,294.0,-1.34,2369,700074.0
2019-08-28,305.0,305.0,297.0,298.0,-1.97,820,245550.0
2019-08-27,297.0,304.0,297.0,304.0,3.75,790,235970.0
2019-08-26,294.0,299.0,289.0,293.0,-2.33,2270,664076.0
2019-08-25,305.0,305.0,300.0,300.0,-1.32,865,260145.0
2019-08-22,310.0,310.0,304.0,304.0,-1.62,505,155005.0
2019-08-21,309.0,309.0,307.0,309.0,0.98,1130,348310.0
2019-08-20,310.0,310.0,306.0,306.0,0.66,530,163140.0
2019-08-19,310.0,310.0,300.0,304.0,-2.56,1473,447351.0
2019-08-18,312.0,312.0,312.0,312.0,1.3,550,171600.0
2019-08-15,308.0,311.0,307.0,308.0,-0.96,310,95761.0
2019-08-14,318.0,318.0,311.0,311.0,-0.96,1330,417050.0
2019-08-13,316.0,316.0,314.0,314.0,-1.57,705,221845.0
2019-08-12,324.0,326.0,314.0,319.0,-0.62,1730,550257.0
2019-08-11,325.0,325.0,315.0,321.0,-1.83,3695,1180390.0
2019-08-08,332.0,335.0,327.0,327.0,-1.51,1954,645961.0
2019-08-07,328.0,338.0,328.0,332.0,-0.3,3928,1311449.0
2019-08-06,333.0,334.0,327.0,333.0,-1.19,2147,708501.0
2019-08-05,333.0,343.0,333.0,337.0,-0.59,2164,730872.0
2019-08-04,344.0,345.0,332.0,339.0,-1.45,1393,470551.0
2019-08-01,365.0,378.0,340.0,344.0,-4.44,12600,4459805.0
2019-07-31,335.0,361.0,335.0,360.0,9.42,38776,13842365.0
2019-07-30,305.0,329.0,305.0,329.0,9.99,625,200525.0
2019-07-29,813.0,834.0,775.0,777.0,-2.63,30447,23866046.0
2019-07-28,845.0,856.0,796.0,798.0,-6.12,17337,14087225.0
2019-07-25,880.0,880.0,845.0,850.0,-2.63,4250,3647933.0
2019-07-24,901.0,906.0,870.0,873.0,-2.57,4286,3806567.0
2019-07-23,876.0,905.0,876.0,896.0,4.31,3336,2962055.0
2019-07-22,850.0,859.0,850.0,859.0,0.47,178,152282.0
2019-07-21,870.0,870.0,854.0,855.0,-0.58,797,683685.0
2019-07-18,875.0,875.0,860.0,860.0,-1.15,149,128640.0
2019-07-17,859.0,870.0,859.0,870.0,2.35,148,128385.0
2019-07-16,897.0,897.0,850.0,850.0,-0.58,388,332989.0
2019-07-15,855.0,855.0,855.0,855.0,0.59,123,105165.0
2019-07-14,850.0,853.0,850.0,850.0,-0.58,710,603730.0
2019-07-11,855.0,875.0,850.0,855.0,-0.23,9081,7912324.0
2019-07-10,860.0,865.0,857.0,857.0,-0.35,660,568400.0
2019-07-09,874.0,874.0,859.0,860.0,0.0,891,767324.0
2019-07-08,888.0,888.0,860.0,860.0,-1.26,215,187290.0
2019-07-07,875.0,875.0,867.0,871.0,-1.25,1070,931720.0
2019-07-04,895.0,900.0,882.0,882.0,-2.54,570,503490.0
2019-07-03,890.0,910.0,890.0,905.0,1.12,210,190580.0
2019-07-02,858.0,895.0,858.0,895.0,4.31,530,460010.0
2019-07-01,874.0,880.0,858.0,858.0,-3.7,1182,1023510.0
2019-06-30,887.0,891.0,872.0,891.0,0.45,650,570050.0
2019-06-27,922.0,922.0,887.0,887.0,-1.88,900,802918.0
2019-06-26,902.0,924.0,886.0,904.0,-1.74,1650,1504900.0
2019-06-25,924.0,930.0,920.0,920.0,1.55,3834,3534859.0
2019-06-24,918.0,940.0,900.0,906.0,0.67,3911,3571969.0
2019-06-23,878.0,918.0,878.0,900.0,1.93,1230,1095110.0
2019-06-20,895.0,925.0,882.0,883.0,-0.79,2520,2254824.0
2019-06-19,896.0,896.0,890.0,890.0,-1.77,514,458210.0
2019-06-18,911.0,918.0,906.0,906.0,-0.44,285,259790.0
2019-06-17,895.0,912.0,895.0,910.0,1.68,1057,953195.0
2019-06-16,910.0,910.0,895.0,895.0,-3.35,1480,1334240.0
2019-06-13,939.0,939.0,922.0,926.0,-0.86,170,157150.0
2019-06-12,940.0,940.0,920.0,934.0,-2.61,3501,3245876.0
2019-06-11,955.0,959.0,922.0,959.0,-0.83,2160,2031890.0
2019-06-10,970.0,980.0,949.0,967.0,-1.33,2840,2745440.0
2019-06-06,980.0,980.0,970.0,980.0,0.0,1480,1444750.0
2019-06-04,970.0,990.0,970.0,980.0,-0.51,1410,1377600.0
2019-06-03,991.0,991.0,977.0,985.0,-1.1,1687,1656278.0
2019-06-02,1036.0,1036.0,996.0,996.0,-3.77,4287,4335298.0
2019-05-30,1060.0,1100.0,1020.0,1035.0,-0.48,7520,7931502.0
2019-05-29,997.0,1050.0,997.0,1040.0,4.21,20570,21105344.0
2019-05-28,1014.0,1014.0,990.0,998.0,0.3,1640,1632664.0
2019-05-27,1016.0,1016.0,978.0,995.0,-0.3,4944,4943067.0
2019-05-26,960.0,1033.0,960.0,998.0,3.42,14838,14834991.0
2019-05-23,931.0,965.0,931.0,965.0,1.58,4827,4540367.0
2019-05-22,960.0,960.0,943.0,950.0,0.85,830,788190.0
2019-05-21,907.0,994.0,907.0,942.0,2.06,959,900915.0
2019-05-20,950.0,950.0,923.0,923.0,-3.35,2613,2428195.0
2019-05-19,960.0,960.0,945.0,955.0,-1.04,2766,2630985.0
2019-05-16,980.0,980.0,951.0,965.0,0.0,1530,1484950.0
2019-05-15,985.0,985.0,965.0,965.0,-0.1,1072,1039460.0
2019-05-14,960.0,999.0,958.0,966.0,1.05,2737,2662084.0
2019-05-13,970.0,970.0,956.0,956.0,-1.24,1502,1445634.0
2019-05-12,970.0,970.0,933.0,968.0,-0.72,1830,1758925.0
2019-05-09,965.0,985.0,956.0,975.0,0.0,5039,4850453.0
2019-05-08,975.0,977.0,965.0,975.0,0.52,1140,1108790.0
2019-05-07,962.0,980.0,958.0,970.0,-0.1,4517,4395985.0
2019-05-06,955.0,971.0,950.0,971.0,1.25,3535,3391950.0
2019-05-05,962.0,970.0,959.0,959.0,-0.62,1438,1382912.0
2019-05-02,960.0,965.0,950.0,965.0,0.84,4738,4515860.0
2019-04-30,970.0,985.0,957.0,957.0,-2.35,3702,3591050.0
2019-04-29,1031.0,1046.0,980.0,980.0,-4.48,14584,14571981.0
2019-04-28,953.0,1026.0,953.0,1026.0,9.73,15271,15126428.0
2019-04-25,870.0,950.0,870.0,935.0,7.59,14801,13623571.0
2019-04-24,863.0,874.0,862.0,869.0,0.12,2271,1969408.0
2019-04-23,865.0,880.0,860.0,868.0,1.28,3238,2795610.0
2019-04-22,863.0,865.0,841.0,857.0,0.23,4463,3817961.0
2019-04-21,845.0,855.0,838.0,855.0,1.18,3857,3288831.0
2019-04-18,850.0,855.0,845.0,845.0,-0.35,8221,6985626.0
2019-04-17,861.0,861.0,840.0,848.0,-1.74,6646,5629193.0
2019-04-16,835.0,865.0,825.0,863.0,4.86,16028,13648403.0
2019-04-15,792.0,844.0,791.0,823.0,5.92,6388,5202411.0
2019-04-11,769.0,788.0,762.0,777.0,1.17,2067,1608887.0
2019-04-10,768.0,768.0,768.0,768.0,-1.54,100,76800.0
2019-04-09,783.0,783.0,780.0,780.0,-1.89,950,742950.0
2019-04-08,752.0,804.0,752.0,795.0,3.92,4181,3267351.0
2019-04-07,760.0,765.0,754.0,765.0,0.53,930,705250.0
2019-04-04,765.0,772.0,761.0,761.0,1.47,270,206660.0
2019-04-03,777.0,794.0,750.0,750.0,-1.96,3696,2814050.0
2019-04-02,765.0,771.0,765.0,765.0,-1.92,1502,1151294.0
2019-04-01,764.0,794.0,764.0,780.0,3.04,690,529990.0
2019-03-31,760.0,760.0,757.0,757.0,-0.92,850,644800.0
2019-03-28,763.0,764.0,763.0,764.0,0.39,34,25962.0
2019-03-27,770.0,771.0,761.0,761.0,0.4,561,430391.0
2019-03-26,752.0,767.0,752.0,758.0,-0.26,421,322017.0
2019-03-25,757.0,760.0,757.0,760.0,0.53,64,48490.0
2019-03-24,765.0,765.0,755.0,756.0,-1.43,638,482555.0
2019-03-21,771.0,771.0,765.0,767.0,-1.41,640,490780.0
2019-03-19,778.0,778.0,778.0,778.0,-0.26,100,77800.0
2019-03-18,787.0,787.0,775.0,780.0,-0.64,1512,1180904.0
2019-03-17,794.0,796.0,782.0,785.0,0.0,642,507929.0
2019-03-14,776.0,785.0,776.0,785.0,1.29,711,556132.0
2019-03-13,790.0,800.0,775.0,775.0,-2.27,940,745325.0
2019-03-12,796.0,796.0,785.0,793.0,0.51,102,80850.0
2019-03-11,770.0,789.0,770.0,789.0,2.47,3063,2385208.0
2019-03-10,780.0,780.0,770.0,770.0,-1.53,410,315800.0
2019-03-07,758.0,782.0,757.0,782.0,1.56,678,524871.0
2019-03-06,759.0,770.0,755.0,770.0,1.45,1488,1133655.0
2019-03-05,770.0,770.0,751.0,759.0,-0.91,496,374977.0
2019-03-03,751.0,775.0,751.0,766.0,0.52,2445,1875330.0
2019-02-27,773.0,773.0,748.0,762.0,0.53,240,180490.0
2019-02-26,759.0,760.0,758.0,758.0,-1.94,450,341600.0
2019-02-25,750.0,773.0,750.0,773.0,1.84,218,167490.0
2019-02-24,760.0,760.0,753.0,759.0,-1.04,175,132630.0
2019-02-21,752.0,767.0,752.0,767.0,0.39,450,342200.0
2019-02-20,790.0,790.0,764.0,764.0,-1.42,310,242490.0
2019-02-19,765.0,775.0,761.0,775.0,3.2,1825,1399933.0
2019-02-18,760.0,760.0,751.0,751.0,-0.53,1200,905570.0
2019-02-17,757.0,767.0,745.0,755.0,-0.66,1505,1133835.0
2019-02-14,775.0,780.0,757.0,760.0,-1.43,1461,1114100.0
2019-02-13,778.0,791.0,762.0,771.0,-0.77,5989,4683353.0
2019-02-12,775.0,778.0,770.0,777.0,0.26,550,425690.0
2019-02-11,789.0,790.0,775.0,775.0,-0.64,570,446472.0
2019-02-10,799.0,800.0,780.0,780.0,-1.27,403,317927.0
2019-02-07,805.0,805.0,790.0,790.0,-0.25,4483,3557352.0
2019-02-06,790.0,835.0,785.0,792.0,2.19,13857,11110452.0
2019-02-05,785.0,785.0,770.0,775.0,0.65,720,556500.0
2019-02-04,761.0,770.0,756.0,770.0,0.0,1830,1391690.0
2019-02-03,772.0,772.0,760.0,770.0,-1.91,739,569340.0
2019-01-31,795.0,795.0,770.0,785.0,-1.88,1160,901310.0
2019-01-30,772.0,800.0,772.0,800.0,3.49,642,505285.0
2019-01-29,775.0,777.0,773.0,773.0,-1.65,610,472170.0
2019-01-28,786.0,786.0,786.0,786.0,1.95,10,7860.0
2019-01-27,771.0,771.0,771.0,771.0,-1.78,150,115650.0
2019-01-24,795.0,795.0,785.0,785.0,-2.85,440,346550.0
2019-01-23,780.0,808.0,780.0,808.0,2.93,1419,1133032.0
2019-01-22,780.0,795.0,780.0,785.0,0.77,906,712811.0
2019-01-21,771.0,780.0,771.0,779.0,-0.13,496,385285.0
2019-01-20,780.0,780.0,780.0,780.0,0.26,150,117000.0
2019-01-17,793.0,793.0,778.0,778.0,-3.83,320,251230.0
2019-01-16,834.0,834.0,795.0,809.0,-1.1,3225,2616660.0
2019-01-15,813.0,818.0,810.0,818.0,2.25,2641,2149025.0
2019-01-14,777.0,800.0,764.0,800.0,4.99,1177,911287.0
2019-01-13,775.0,775.0,762.0,762.0,-3.42,579,445698.0
2019-01-10,775.0,789.0,773.0,789.0,1.15,840,651320.0
2019-01-09,785.0,785.0,779.0,780.0,-1.27,1055,823465.0
2019-01-08,790.0,790.0,777.0,790.0,0.13,650,507150.0
2019-01-07,795.0,805.0,789.0,789.0,1.15,230,181810.0
2019-01-06,800.0,800.0,775.0,780.0,-4.18,851,670985.0
2019-01-03,833.0,833.0,785.0,814.0,-0.37,7059,5649985.0
2019-01-02,755.0,826.0,755.0,817.0,8.79,5335,4174710.0
2019-01-01,775.0,775.0,746.0,751.0,-1.83,1213,913493.0
2018-12-31,781.0,789.0,765.0,765.0,-3.77,2360,1829450.0
2018-12-30,795.0,805.0,780.0,795.0,0.0,752,595760.0
2018-12-27,808.0,828.0,790.0,795.0,0.25,7815,6315135.0
2018-12-26,750.0,793.0,740.0,793.0,7.16,5487,4225671.0
2018-12-25,730.0,742.0,728.0,740.0,0.95,1216,891497.0
2018-12-24,761.0,774.0,733.0,733.0,-1.87,4797,3606319.0
2018-12-23,698.0,747.0,698.0,747.0,9.05,5606,4090225.0
2018-12-20,703.0,717.0,680.0,685.0,-0.72,3377,2343611.0
2018-12-19,690.0,708.0,678.0,690.0,1.17,2187,1507052.0
2018-12-18,712.0,712.0,682.0,682.0,-5.93,3689,2580070.0
2018-12-17,701.0,728.0,700.0,725.0,5.07,2520,1787280.0
2018-12-16,690.0,703.0,680.0,690.0,1.92,1755,1200830.0
2018-12-13,665.0,678.0,654.0,677.0,3.83,4220,2795100.0
2018-12-12,652.0,652.0,652.0,652.0,-0.61,100,65200.0
2018-12-11,663.0,663.0,647.0,656.0,-2.53,748,491594.0
2018-12-10,672.0,680.0,651.0,673.0,1.51,4190,2775820.0
2018-12-09,640.0,663.0,636.0,663.0,3.59,866,558300.0
2018-12-06,642.0,654.0,631.0,640.0,1.59,420,269540.0
2018-12-05,652.0,652.0,630.0,630.0,-5.26,1130,722690.0
2018-12-04,646.0,669.0,646.0,665.0,0.91,1009,670216.0
2018-12-03,665.0,676.0,635.0,659.0,0.92,7319,4681485.0
2018-12-02,695.0,700.0,653.0,653.0,-7.51,2907,1986530.0
2018-11-29,720.0,720.0,706.0,706.0,-2.89,1562,1107352.0
2018-11-28,727.0,727.0,727.0,727.0,-1.09,80,58160.0
2018-11-27,720.0,735.0,718.0,735.0,1.94,715,516722.0
2018-11-26,726.0,726.0,721.0,721.0,-1.23,3032,2188602.0
2018-11-25,740.0,740.0,730.0,730.0,-1.35,45,32960.0
2018-11-22,745.0,745.0,731.0,740.0,-1.33,71,52407.0
2018-11-21,750.0,750.0,750.0,750.0,0.67,50,37500.0
2018-11-20,740.0,745.0,740.0,745.0,0.0,60,44600.0
2018-11-19,746.0,759.0,744.0,745.0,-1.84,300,223510.0
2018-11-18,758.0,760.0,758.0,759.0,-1.43,270,204960.0
2018-11-15,800.0,800.0,770.0,770.0,-2.78,585,455460.0
2018-11-14,770.0,792.0,762.0,792.0,3.94,822,643325.0
2018-11-13,754.0,765.0,740.0,762.0,2.97,870,661050.0
2018-11-12,769.0,782.0,740.0,740.0,-5.37,230,174240.0
2018-11-11,784.0,790.0,782.0,782.0,-0.26,140,109800.0
2018-11-06,830.0,800.0,800.0,784.0,-5.54,50,39200.0
2018-11-05,816.0,830.0,810.0,830.0,3.75,147,120120.0
2018-11-01,803.0,804.0,800.0,800.0,-1.84,510,409350.0
2018-10-31,806.0,815.0,800.0,815.0,-0.12,1350,1085990.0
2018-10-30,817.0,817.0,816.0,816.0,-0.97,710,579870.0
2018-10-29,838.0,838.0,824.0,824.0,-1.9,456,377624.0
2018-10-28,851.0,851.0,840.0,840.0,-1.29,190,160920.0
2018-10-25,860.0,860.0,851.0,851.0,-1.05,900,768620.0
2018-10-24,860.0,865.0,859.0,860.0,-0.58,501,431110.0
2018-10-23,866.0,866.0,865.0,865.0,-1.37,300,259700.0
2018-10-22,877.0,877.0,877.0,877.0,1.98,10,8770.0
2018-10-15,846.0,860.0,845.0,860.0,1.18,230,194660.0
2018-10-14,840.0,850.0,840.0,850.0,-0.47,237,201240.0
2018-10-11,854.0,854.0,854.0,854.0,0.59,878,749812.0
2018-10-10,849.0,849.0,845.0,849.0,1.43,40,33880.0
2018-10-09,840.0,847.0,837.0,837.0,-0.36,793,666040.0
2018-10-08,840.0,840.0,840.0,840.0,0.0,20,16800.0
2018-10-07,840.0,851.0,839.0,840.0,0.6,222,186900.0
2018-10-04,850.0,867.0,835.0,835.0,-0.6,1565,1326145.0
2018-10-03,850.0,867.0,840.0,840.0,-1.18,1050,888280.0
2018-10-02,867.0,867.0,850.0,850.0,-3.63,1100,951710.0
2018-10-01,900.0,900.0,882.0,882.0,-1.67,210,187200.0
2018-09-27,868.0,897.0,868.0,897.0,1.93,754,657758.0
2018-09-26,883.0,885.0,880.0,880.0,-0.11,472,416930.0
2018-09-25,899.0,910.0,881.0,881.0,-0.11,952,856720.0
2018-09-23,909.0,909.0,882.0,882.0,-2.0,1230,1101340.0
2018-09-20,900.0,900.0,900.0,900.0,-0.33,500,450000.0
2018-09-18,900.0,920.0,900.0,903.0,-0.55,1439,1309080.0
2018-09-17,898.0,922.0,890.0,908.0,2.37,2997,2700706.0
2018-09-16,885.0,905.0,885.0,887.0,1.95,1592,1426358.0
2018-09-13,853.0,890.0,853.0,870.0,0.0,990,864900.0
2018-09-12,895.0,895.0,853.0,870.0,-1.14,620,537810.0
2018-09-11,861.0,895.0,861.0,880.0,4.14,120,106230.0
2018-09-10,855.0,855.0,845.0,845.0,-1.05,228,193210.0
2018-09-09,890.0,890.0,854.0,854.0,-3.61,870,756960.0
2018-09-06,933.0,935.0,881.0,886.0,-4.94,4122,3730202.0
2018-09-05,865.0,950.0,865.0,932.0,7.75,6771,6086148.0
2018-09-04,846.0,865.0,845.0,865.0,0.7,1057,909726.0
2018-09-03,855.0,882.0,843.0,859.0,2.26,1430,1229160.0
2018-09-02,840.0,850.0,835.0,840.0,0.0,778,655470.0
2018-08-30,844.0,853.0,840.0,840.0,-0.47,810,683870.0
2018-08-29,837.0,845.0,820.0,844.0,-0.71,2255,1869900.0
2018-08-28,845.0,850.0,845.0,850.0,0.35,715,606360.0
2018-08-26,860.0,861.0,847.0,847.0,-1.4,495,424300.0
2018-08-23,859.0,859.0,859.0,859.0,-0.69,100,85900.0
2018-08-22,856.0,865.0,856.0,865.0,-0.35,651,561780.0
2018-08-21,850.0,870.0,850.0,868.0,1.52,1172,1009656.0
2018-08-20,860.0,860.0,855.0,855.0,-0.12,150,128750.0
2018-08-19,850.0,856.0,848.0,856.0,-0.58,640,543760.0
2018-08-16,880.0,887.0,861.0,861.0,-1.37,3325,2920250.0
2018-08-15,851.0,890.0,846.0,873.0,4.18,927,802877.0
2018-08-14,838.0,838.0,838.0,838.0,-0.48,20,16760.0
2018-08-13,860.0,867.0,836.0,842.0,-0.94,2497,2108335.0
2018-08-12,862.0,875.0,850.0,850.0,-2.86,2200,1892110.0
2018-08-09,867.0,875.0,867.0,875.0,0.57,590,514185.0
2018-08-08,891.0,891.0,870.0,870.0,-3.33,350,310460.0
2018-08-07,884.0,900.0,884.0,900.0,3.69,660,584570.0
2018-08-06,870.0,875.0,868.0,868.0,-0.34,1132,984318.0
2018-08-02,875.0,880.0,871.0,871.0,-1.25,568,495080.0
2018-07-31,880.0,883.0,880.0,882.0,-1.01,900,792494.0
2018-07-30,900.0,891.0,891.0,891.0,0.11,10,8910.0
2018-07-29,890.0,890.0,890.0,890.0,0.11,102,90780.0
2018-07-26,899.0,899.0,882.0,889.0,-0.78,620,550130.0
2018-07-25,893.0,896.0,892.0,896.0,-1.54,290,259550.0
2018-07-24,900.0,923.0,900.0,910.0,1.11,713,649645.0
2018-07-23,895.0,900.0,895.0,900.0,2.16,1562,1403654.0
2018-07-22,902.0,905.0,881.0,881.0,-4.24,2920,2602480.0
2018-07-19,917.0,922.0,917.0,920.0,-1.5,380,349700.0
2018-07-17,940.0,945.0,934.0,934.0,-2.2,1515,1419335.0
2018-07-16,940.0,955.0,907.0,955.0,3.36,1590,1463035.0
2018-07-15,890.0,924.0,890.0,924.0,3.59,230,207440.0
2018-07-12,934.0,934.0,891.0,892.0,-4.5,3854,3474428.0
2018-07-11,941.0,952.0,934.0,934.0,-0.74,3491,3281311.0
2018-07-10,944.0,960.0,941.0,941.0,1.62,320,304990.0
2018-07-09,940.0,941.0,926.0,926.0,-3.44,1590,1484330.0
2018-07-08,964.0,983.0,946.0,959.0,1.37,4499,4324066.0
2018-07-05,877.0,946.0,877.0,946.0,10.0,4113,3819128.0
2018-07-04,848.0,860.0,848.0,860.0,-0.58,510,432600.0
2018-07-03,870.0,875.0,865.0,865.0,-0.57,260,225440.0
2018-07-02,854.0,870.0,853.0,870.0,0.0,700,605580.0
2018-07-01,885.0,885.0,870.0,870.0,-3.33,670,586970.0
2018-06-28,900.0,900.0,899.0,900.0,0.0,294,264556.0
2018-06-27,900.0,900.0,900.0,900.0,0.0,450,405000.0
2018-06-26,900.0,901.0,900.0,900.0,-0.55,727,654637.0
2018-06-25,910.0,910.0,905.0,905.0,-1.09,60,54350.0
2018-06-24,930.0,933.0,915.0,915.0,0.0,800,733840.0
2018-06-21,920.0,920.0,915.0,915.0,0.99,612,560940.0
2018-06-20,920.0,920.0,906.0,906.0,-1.52,1018,924388.0
2018-06-19,917.0,930.0,917.0,920.0,-0.54,202,186594.0
2018-06-18,907.0,925.0,907.0,925.0,0.33,813,741745.0
2018-06-17,930.0,940.0,922.0,922.0,-1.39,1350,1253870.0
2018-06-14,949.0,950.0,935.0,935.0,0.43,130,123222.0
2018-06-13,914.0,950.0,914.0,931.0,0.0,207,193707.0
2018-06-12,954.0,954.0,931.0,931.0,-2.82,1050,988020.0
2018-06-11,950.0,960.0,924.0,958.0,2.13,2769,2614561.0
2018-06-10,975.0,990.0,938.0,938.0,-3.7,2321,2202435.0
2018-06-07,1000.0,1000.0,965.0,974.0,-2.6,3198,3110694.0
2018-06-06,989.0,1008.0,989.0,1000.0,3.09,1678,1663422.0
2018-06-04,972.0,1000.0,953.0,970.0,-2.02,4060,3952530.0
2018-06-03,1010.0,1029.0,989.0,990.0,-3.88,6878,6863059.0
2018-05-31,1055.0,1055.0,1010.0,1030.0,-4.19,4020,4097630.0
2018-05-30,1050.0,1094.0,1050.0,1075.0,0.47,4839,5183486.0
2018-05-29,1040.0,1070.0,1010.0,1070.0,2.0,8706,9144357.0
2018-05-28,1011.0,1057.0,1011.0,1049.0,4.8,1687,1762660.0
2018-05-27,1020.0,1020.0,992.0,1001.0,-2.91,1445,1451055.0
2018-05-24,1031.0,1050.0,1030.0,1031.0,-0.87,2475,2562405.0
2018-05-23,1063.0,1063.0,1036.0,1040.0,-4.06,876,911608.0
2018-05-22,1090.0,1090.0,1031.0,1084.0,1.12,373,394202.0
2018-05-21,1051.0,1072.0,1030.0,1072.0,0.66,4291,4501476.0
2018-05-20,1086.0,1086.0,1065.0,1065.0,0.0,3940,4222030.0
2018-05-17,1084.0,1084.0,1063.0,1065.0,0.19,610,649670.0
2018-05-16,1070.0,1070.0,1060.0,1063.0,-0.28,552,587880.0
2018-05-15,1065.0,1066.0,1065.0,1066.0,-1.39,280,298450.0
2018-05-14,1095.0,1095.0,1075.0,1081.0,-2.79,1110,1198650.0
2018-05-10,1110.0,1112.0,1085.0,1112.0,0.45,822,899524.0
2018-05-09,1090.0,1116.0,1090.0,1107.0,-0.27,1180,1300750.0
2018-05-08,1100.0,1110.0,1095.0,1110.0,1.0,1610,1769600.0
2018-05-07,1091.0,1099.0,1075.0,1099.0,-0.09,1901,2052506.0
2018-05-06,1146.0,1146.0,1100.0,1100.0,-2.14,2160,2388575.0
2018-05-03,1147.0,1147.0,1109.0,1124.0,-0.09,3810,4272090.0
2018-05-02,1078.0,1125.0,1078.0,1125.0,2.37,3190,3508172.0
2018-04-29,1101.0,1143.0,1098.0,1099.0,1.76,1550,1709109.0
2018-04-26,1117.0,1133.0,1080.0,1080.0,-2.96,9504,10548850.0
2018-04-25,1135.0,1149.0,1070.0,1113.0,-3.89,14924,16594460.0
2018-04-24,1150.0,1179.0,1150.0,1158.0,-1.03,8229,9565424.0
2018-04-23,1208.0,1215.0,1155.0,1170.0,-1.27,17099,20178430.0
2018-04-22,1194.0,1195.0,1160.0,1185.0,1.11,19556,23023864.0
2018-04-19,1190.0,1201.0,1157.0,1172.0,-1.51,18547,21963092.0
2018-04-18,1153.0,1244.0,1150.0,1190.0,5.22,50925,60454592.0
2018-04-17,1049.0,1131.0,1049.0,1131.0,9.91,2924,3304994.0
2018-04-16,954.0,1029.0,936.0,1029.0,9.94,5475,5448094.0
2018-04-15,875.0,936.0,853.0,936.0,5.52,10037,9005883.0
2018-04-12,893.0,894.0,876.0,887.0,1.03,3341,2951756.0
2018-04-11,855.0,887.0,850.0,878.0,0.92,1665,1443830.0
2018-04-10,900.0,917.0,865.0,870.0,-3.33,5422,4779742.0
2018-04-09,940.0,958.0,874.0,900.0,-2.39,11642,10558458.0
2018-04-08,852.0,922.0,832.0,922.0,9.89,13867,12150995.0
2018-04-05,807.0,840.0,791.0,839.0,5.93,6559,5337807.0
2018-04-04,775.0,792.0,775.0,792.0,4.21,1466,1147638.0
2018-04-03,752.0,775.0,752.0,760.0,-0.52,998,763896.0
2018-04-02,770.0,785.0,757.0,764.0,-0.13,8315,6372280.0
2018-04-01,777.0,777.0,741.0,765.0,-1.54,1890,1423834.0
2018-03-29,759.0,780.0,750.0,777.0,4.3,1454,1109060.0
2018-03-28,755.0,792.0,730.0,745.0,-2.23,7473,5666987.0
2018-03-27,724.0,788.0,689.0,762.0,5.25,2810,2074900.0
2018-03-26,785.0,785.0,722.0,724.0,-9.61,6644,4925865.0
2018-03-22,800.0,838.0,786.0,801.0,-1.72,1900,1533170.0
2018-03-21,816.0,816.0,787.0,815.0,-1.81,3218,2572343.0
2018-03-20,835.0,835.0,822.0,830.0,-2.24,2210,1822210.0
2018-03-19,880.0,880.0,836.0,849.0,-5.14,1666,1410618.0
2018-03-18,850.0,895.0,841.0,895.0,3.35,4687,3967156.0
2018-03-15,864.0,898.0,864.0,866.0,-1.59,3588,3173242.0
2018-03-14,860.0,880.0,860.0,880.0,0.92,1520,1323580.0
2018-03-13,874.0,874.0,858.0,872.0,0.81,750,652090.0
2018-03-12,865.0,865.0,832.0,865.0,0.35,3210,2719470.0
2018-03-11,900.0,900.0,862.0,862.0,-5.79,3557,3095043.0
2018-03-07,920.0,928.0,897.0,915.0,-0.54,3006,2748730.0
2018-03-06,908.0,920.0,855.0,920.0,2.22,7761,6811640.0
2018-03-05,948.0,966.0,893.0,900.0,-3.23,2523,2300166.0
2018-03-04,980.0,980.0,930.0,930.0,-7.0,4869,4602655.0
2018-02-28,1035.0,1035.0,985.0,1000.0,-4.58,6043,6017070.0
2018-02-27,1028.0,1071.0,1008.0,1048.0,0.29,2350,2428160.0
2018-02-26,1071.0,1071.0,1030.0,1045.0,-4.13,5552,5790440.0
2018-02-25,1115.0,1115.0,1080.0,1090.0,-0.91,830,903845.0
2018-02-22,1100.0,1115.0,1100.0,1100.0,0.46,1630,1804070.0
2018-02-21,1096.0,1100.0,1077.0,1095.0,-1.26,3120,3380480.0
2018-02-20,1135.0,1135.0,1109.0,1109.0,-2.29,2735,3044800.0
2018-02-18,1170.0,1171.0,1135.0,1135.0,-2.58,3010,3448700.0
2018-02-15,1127.0,1165.0,1121.0,1165.0,0.0,4403,5003965.0
2018-02-14,1113.0,1127.0,1101.0,1127.0,0.0,1876,2104710.0
2018-02-12,1110.0,1114.0,1100.0,1113.0,0.0,2086,2310046.0
2018-02-11,1120.0,1111.0,1110.0,1110.0,0.0,420,466210.0
2018-02-08,1113.0,1120.0,1093.0,1120.0,0.0,2955,3289530.0
2018-02-07,1132.0,1129.0,1113.0,1113.0,0.0,1920,2151055.0
2018-02-06,1122.0,1132.0,1120.0,1132.0,0.0,940,1059800.0
2018-02-05,1128.0,1139.0,1122.0,1122.0,0.0,1960,2206315.0
2018-02-04,1132.0,1150.0,1128.0,1128.0,0.0,1972,2229306.0
2018-02-01,1130.0,1155.0,1132.0,1132.0,0.0,1184,1356580.0
2018-01-31,1130.0,1131.0,1111.0,1130.0,0.0,1244,1398910.0
2018-01-29,1138.0,1135.0,1130.0,1130.0,0.0,1600,1811300.0
2018-01-28,1154.0,1160.0,1138.0,1138.0,0.0,3218,3682700.0
2018-01-25,1140.0,1154.0,1130.0,1154.0,0.0,3507,3980953.0
2018-01-24,1144.0,1145.0,1130.0,1140.0,0.0,5571,6333346.0
2018-01-23,1142.0,1144.0,1120.0,1144.0,0.0,2177,2457622.0
2018-01-22,1143.0,1145.0,1137.0,1142.0,0.0,946,1078860.0
2018-01-21,1165.0,1146.0,1143.0,1143.0,0.0,307,351347.0
2018-01-17,1150.0,1165.0,1140.0,1165.0,0.0,2370,2732800.0
2018-01-16,1155.0,1160.0,1148.0,1150.0,0.0,670,775210.0
2018-01-14,1166.0,1173.0,1145.0,1155.0,0.0,1140,1321930.0
2018-01-10,1192.0,1180.0,1153.0,1166.0,0.0,1620,1890230.0
2018-01-09,1190.0,1210.0,1192.0,1192.0,0.0,267,320454.0
2018-01-08,1184.0,1190.0,1163.0,1190.0,0.0,2802,3307349.0
2018-01-07,1165.0,1192.0,1173.0,1184.0,0.0,1143,1342912.0
2018-01-04,1150.0,1165.0,1154.0,1165.0,0.0,1077,1245985.0
2018-01-03,1179.0,1170.0,1150.0,1150.0,0.0,1290,1496660.0
2018-01-02,1188.0,1215.0,1170.0,1179.0,0.0,4473,5288703.0
2018-01-01,1147.0,1188.0,1155.0,1188.0,0.0,3870,4549942.0
2017-12-31,1160.0,1175.0,1146.0,1147.0,0.0,1680,1934870.0
2017-12-28,1131.0,1175.0,1125.0,1160.0,0.0,2109,2425740.0
2017-12-27,1172.0,1170.0,1131.0,1131.0,0.0,7610,8761593.0
2017-12-26,1215.0,1194.0,1172.0,1172.0,0.0,4877,5760479.0
2017-12-24,1225.0,1249.0,1215.0,1215.0,0.0,1663,2040545.0
2017-12-21,1250.0,1235.0,1225.0,1225.0,0.0,2453,3014925.0
2017-12-20,1260.0,1250.0,1221.0,1250.0,0.0,3292,4069170.0
2017-12-19,1269.0,1290.0,1235.0,1260.0,0.0,9015,11366901.0
2017-12-18,1288.0,1285.0,1265.0,1269.0,0.0,5804,7382802.0
2017-12-17,1331.0,1340.0,1275.0,1288.0,0.0,3327,4281391.0
2017-12-14,1265.0,1331.0,1250.0,1331.0,0.0,3598,4581986.0
2017-12-13,1240.0,1270.0,1239.0,1265.0,0.0,1424,1787072.0
2017-12-12,1280.0,1266.0,1240.0,1240.0,0.0,6127,7672008.0
2017-12-11,1261.0,1286.0,1270.0,1280.0,0.0,870,1112370.0
2017-12-10,1305.0,1320.0,1261.0,1261.0,0.0,3990,5151452.0
2017-12-06,1271.0,1314.0,1271.0,1305.0,0.0,6593,8575950.0
2017-12-05,1276.0,1301.0,1253.0,1271.0,0.0,1735,2200740.0
2017-12-04,1347.0,1347.0,1276.0,1276.0,0.0,16620,21587998.0
2017-11-30,1225.0,1347.0,1249.0,1347.0,0.0,34486,45646544.0
2017-11-29,1184.0,1262.0,1181.0,1225.0,0.0,11151,13643523.0
2017-11-28,1194.0,1185.0,1171.0,1184.0,0.0,949,1122891.0
2017-11-27,1195.0,1199.0,1160.0,1194.0,0.0,4565,5391751.0
2017-11-26,1143.0,1195.0,1135.0,1195.0,0.0,8151,9514863.0
2017-11-23,1150.0,1158.0,1137.0,1143.0,0.0,2465,2833395.0
2017-11-22,1140.0,1160.0,1142.0,1150.0,0.0,798,915124.0
2017-11-21,1116.0,1145.0,1130.0,1140.0,0.0,2150,2447800.0
2017-11-20,1119.0,1124.0,1110.0,1116.0,0.0,2406,2681534.0
2017-11-19,1121.0,1125.0,1110.0,1119.0,0.0,2645,2959850.0
2017-11-16,1142.0,1148.0,1121.0,1121.0,0.0,2064,2329242.0
2017-11-15,1180.0,1165.0,1142.0,1142.0,0.0,3592,4143875.0
2017-11-14,1144.0,1180.0,1123.0,1180.0,0.0,6718,7755888.0
2017-11-13,1171.0,1175.0,1122.0,1144.0,0.0,2674,3055567.0
2017-11-12,1149.0,1171.0,1125.0,1171.0,0.0,786,900045.0
2017-11-09,1152.0,1162.0,1115.0,1149.0,0.0,3640,4137700.0
2017-11-08,1199.0,1180.0,1150.0,1152.0,0.0,3515,4079579.0
2017-11-07,1197.0,1200.0,1199.0,1199.0,0.0,275,329850.0
2017-11-06,1202.0,1215.0,1178.0,1197.0,0.0,2496,2973715.0
2017-11-05,1240.0,1225.0,1193.0,1202.0,0.0,6658,8004088.0
2017-11-02,1230.0,1250.0,1233.0,1240.0,0.0,692,859656.0
2017-11-01,1242.0,1245.0,1230.0,1230.0,0.0,300,371860.0
2017-10-31,1262.0,1259.0,1242.0,1242.0,0.0,1092,1360289.0
2017-10-30,1270.0,1280.0,1262.0,1262.0,0.0,2693,3412617.0
2017-10-29,1284.0,1280.0,1270.0,1270.0,0.0,624,793728.0
2017-10-25,1284.0,1295.0,1280.0,1284.0,0.0,1685,2168340.0
2017-10-24,1290.0,1290.0,1284.0,1284.0,0.0,275,353400.0
2017-10-23,1310.0,1310.0,1290.0,1290.0,0.0,1325,1721650.0
2017-10-22,1295.0,1315.0,1289.0,1310.0,0.0,2749,3580009.0
2017-10-18,1299.0,1313.0,1295.0,1295.0,0.0,662,861864.0
2017-10-17,1315.0,1330.0,1275.0,1299.0,0.0,5528,7149516.0
2017-10-16,1249.0,1315.0,1235.0,1315.0,0.0,3130,3963234.0
2017-10-15,1239.0,1250.0,1241.0,1249.0,0.0,600,748020.0
2017-10-12,1250.0,1246.0,1239.0,1239.0,0.0,1137,1413315.0
2017-10-11,1248.0,1265.0,1246.0,1250.0,0.0,1165,1461925.0
2017-10-10,1266.0,1264.0,1248.0,1248.0,0.0,1950,2445310.0
2017-10-09,1285.0,1267.0,1247.0,1266.0,0.0,2433,3047758.0
2017-10-08,1300.0,1285.0,1240.0,1285.0,0.0,2616,3277758.0
2017-10-04,1299.0,1300.0,1286.0,1300.0,0.0,1127,1459290.0
2017-10-03,1295.0,1300.0,1291.0,1299.0,0.0,520,673690.0
2017-09-26,1295.0,1305.0,1295.0,1295.0,0.0,3440,4472020.0
2017-09-25,1320.0,1307.0,1295.0,1295.0,0.0,3472,4509159.0
2017-09-24,1310.0,1336.0,1320.0,1320.0,0.0,1842,2445132.0
2017-09-20,1300.0,1330.0,1290.0,1310.0,0.0,2487,3246488.0
2017-09-18,1336.0,1325.0,1300.0,1300.0,0.0,1785,2343134.0
2017-09-17,1310.0,1336.0,1300.0,1336.0,0.0,7916,10482404.0
2017-09-14,1270.0,1320.0,1280.0,1310.0,0.0,6190,8084439.0
2017-09-13,1270.0,1308.0,1250.0,1270.0,0.0,5154,6568970.0
2017-09-12,1300.0,1300.0,1270.0,1270.0,0.0,3612,4606310.0
2017-09-11,1286.0,1325.0,1260.0,1300.0,0.0,6226,8008420.0
2017-09-10,1352.0,1325.0,1280.0,1286.0,0.0,18457,23994626.0
2017-09-07,1370.0,1365.0,1352.0,1352.0,0.0,3235,4387595.0
2017-09-06,1367.0,1394.0,1340.0,1370.0,0.0,7050,9679727.0
2017-09-04,1460.0,1431.0,1331.0,1367.0,0.0,18923,26019376.0
2017-08-31,1470.0,1460.0,1445.0,1460.0,0.0,8631,12554742.0
2017-08-30,1530.0,1510.0,1465.0,1470.0,0.0,13992,20762420.0
2017-08-28,1525.0,1530.0,1513.0,1530.0,0.0,2192,3338040.0
2017-08-27,1540.0,1554.0,1525.0,1525.0,0.0,1127,1729543.0
2017-08-24,1535.0,1544.0,1532.0,1540.0,0.0,720,1107400.0
2017-08-23,1540.0,1535.0,1523.0,1535.0,0.0,2239,3413961.0
2017-08-22,1521.0,1579.0,1511.0,1540.0,0.0,5756,8910224.0
2017-08-21,1535.0,1560.0,1521.0,1521.0,0.0,2329,3574280.0
2017-08-20,1556.0,1560.0,1535.0,1535.0,0.0,1657,2552175.0
2017-08-17,1567.0,1560.0,1552.0,1556.0,0.0,680,1058898.0
2017-08-16,1560.0,1585.0,1533.0,1567.0,0.0,2060,3233080.0
2017-08-15,1575.0,1583.0,1545.0,1560.0,0.0,4090,6433800.0
2017-08-13,1598.0,1609.0,1570.0,1575.0,0.0,5036,7991857.0
2017-08-10,1615.0,1625.0,1592.0,1598.0,0.0,2340,3752051.0
2017-08-09,1600.0,1630.0,1595.0,1615.0,0.0,7268,11699455.0
2017-08-07,1611.0,1610.0,1591.0,1600.0,0.0,7559,12090865.0
2017-08-06,1610.0,1618.0,1603.0,1611.0,0.0,5615,9047710.0
2017-08-03,1620.0,1620.0,1610.0,1610.0,0.0,3730,6024697.0
2017-08-02,1612.0,1635.0,1606.0,1620.0,0.0,5898,9543156.0
2017-08-01,1615.0,1648.0,1605.0,1612.0,0.0,3871,6244531.0
2017-07-31,1628.0,1642.0,1610.0,1615.0,0.0,9188,14943665.0
2017-07-30,1622.0,1640.0,1585.0,1628.0,0.0,8707,14097776.0
2017-07-27,1666.0,1670.0,1622.0,1622.0,0.0,13903,22851096.0
2017-07-26,1615.0,1680.0,1620.0,1666.0,0.0,27375,45356720.0
2017-07-25,1586.0,1620.0,1576.0,1615.0,0.0,11161,17912594.0
2017-07-24,1583.0,1630.0,1586.0,1586.0,0.0,14611,23431238.0
2017-07-23,1550.0,1600.0,1551.0,1583.0,0.0,10631,16811992.0
2017-07-20,1533.0,1561.0,1550.0,1550.0,0.0,6833,10626650.0
2017-07-19,1540.0,1585.0,1530.0,1533.0,0.0,5164,8032930.0
2017-07-18,1470.0,1559.0,1495.0,1540.0,0.0,8066,12326948.0
2017-07-17,1435.0,1470.0,1435.0,1470.0,0.0,1891,2737312.0
2017-07-16,1430.0,1445.0,1420.0,1435.0,0.0,1492,2133145.0
2017-07-13,1448.0,1440.0,1418.0,1430.0,0.0,2966,4234313.0
2017-07-12,1449.0,1454.0,1448.0,1448.0,0.0,670,971500.0
2017-07-11,1442.0,1450.0,1430.0,1449.0,0.0,3482,5010604.0
2017-07-10,1430.0,1460.0,1426.0,1442.0,0.0,4122,5903005.0
2017-07-09,1470.0,1490.0,1400.0,1430.0,0.0,6655,9757620.0
2017-07-06,1400.0,1470.0,1428.0,1470.0,0.0,911,1317720.0
2017-07-05,1405.0,1417.0,1400.0,1400.0,0.0,2640,3710690.0
2017-07-04,1440.0,1421.0,1405.0,1405.0,0.0,2900,4096730.0
2017-07-03,1430.0,1458.0,1430.0,1440.0,0.0,1460,2106158.0
2017-07-02,1465.0,1441.0,1430.0,1430.0,0.0,839,1206374.0
2017-06-28,1465.0,1479.0,1460.0,1465.0,0.0,2536,3713730.0
2017-06-27,1458.0,1465.0,1445.0,1465.0,0.0,3460,5044306.0
2017-06-25,1453.0,1481.0,1456.0,1458.0,0.0,1841,2689968.0
2017-06-22,1455.0,1460.0,1440.0,1453.0,0.0,1248,1813296.0
2017-06-21,1446.0,1470.0,1446.0,1455.0,0.0,3629,5287535.0
2017-06-20,1457.0,1470.0,1442.0,1446.0,0.0,2452,3559860.0
2017-06-19,1490.0,1488.0,1455.0,1457.0,0.0,1962,2870864.0
2017-06-18,1485.0,1520.0,1490.0,1490.0,0.0,7913,11874496.0
2017-06-15,1500.0,1540.0,1485.0,1485.0,0.0,630,954600.0
2017-06-14,1490.0,1515.0,1486.0,1500.0,0.0,962,1449232.0
2017-06-13,1482.0,1505.0,1490.0,1490.0,0.0,999,1497980.0
2017-06-12,1497.0,1500.0,1475.0,1482.0,0.0,1935,2885270.0
2017-06-11,1540.0,1530.0,1495.0,1497.0,0.0,9598,14469280.0
2017-06-08,1542.0,1550.0,1530.0,1540.0,0.0,1140,1754310.0
2017-06-07,1565.0,1566.0,1540.0,1542.0,0.0,980,1524080.0
2017-06-06,1545.0,1590.0,1519.0,1565.0,0.0,6003,9359792.0
2017-06-05,1531.0,1560.0,1545.0,1545.0,0.0,673,1043962.0
2017-06-04,1535.0,1560.0,1516.0,1531.0,0.0,2805,4295245.0
2017-06-01,1551.0,1575.0,1535.0,1535.0,0.0,4231,6564020.0
2017-05-31,1544.0,1570.0,1505.0,1551.0,0.0,5974,9205745.0
2017-05-30,1560.0,1551.0,1529.0,1544.0,0.0,2790,4284250.0
2017-05-28,1571.0,1580.0,1560.0,1560.0,0.0,3097,4867252.0
2017-05-24,1552.0,1580.0,1546.0,1571.0,0.0,5321,8324782.0
2017-05-23,1536.0,1612.0,1550.0,1552.0,0.0,4447,6968360.0
2017-05-22,1560.0,1550.0,1530.0,1536.0,0.0,1243,1911306.0
2017-05-21,1568.0,1561.0,1511.0,1560.0,0.0,5618,8630593.0
2017-05-18,1532.0,1590.0,1544.0,1568.0,0.0,4895,7606085.0
2017-05-17,1540.0,1550.0,1520.0,1532.0,0.0,2780,4271010.0
2017-05-16,1570.0,1575.0,1540.0,1540.0,0.0,1200,1865400.0
2017-05-15,1565.0,1589.0,1550.0,1570.0,0.0,2827,4441390.0
2017-05-11,1540.0,1580.0,1550.0,1565.0,0.0,5304,8288418.0
2017-05-09,1536.0,1565.0,1538.0,1540.0,0.0,8783,13562217.0
2017-05-08,1536.0,1560.0,1508.0,1536.0,0.0,2855,4385360.0
2017-05-07,1570.0,1570.0,1530.0,1536.0,0.0,5117,7909795.0
2017-05-04,1576.0,1590.0,1560.0,1570.0,0.0,4505,7090005.0
2017-05-03,1583.0,1613.0,1570.0,1576.0,0.0,9284,14707101.0
2017-05-02,1585.0,1630.0,1555.0,1583.0,0.0,10146,16118244.0
2017-04-30,1605.0,1600.0,1560.0,1585.0,0.0,10065,15915059.0
2017-04-27,1620.0,1628.0,1590.0,1605.0,0.0,11043,17745972.0
2017-04-26,1635.0,1622.0,1609.0,1620.0,0.0,5133,8293466.0
2017-04-25,1639.0,1648.0,1610.0,1635.0,0.0,12483,20312796.0
2017-04-24,1663.0,1682.0,1610.0,1639.0,0.0,22481,37094752.0
2017-04-23,1600.0,1710.0,1632.0,1663.0,0.0,37485,62517744.0
2017-04-20,1624.0,1679.0,1595.0,1600.0,0.0,16391,26540520.0
2017-04-19,1544.0,1627.0,1515.0,1624.0,0.0,18398,29175768.0
2017-04-18,1560.0,1600.0,1470.0,1544.0,0.0,28592,43819976.0
2017-04-16,1645.0,1677.0,1560.0,1560.0,0.0,21786,34956380.0
2017-04-13,1585.0,1660.0,1550.0,1645.0,0.0,31451,50687576.0
2017-04-12,1680.0,1710.0,1578.0,1585.0,0.0,21736,36013600.0
2017-04-11,1640.0,1710.0,1608.0,1680.0,0.0,19428,32496128.0
2017-04-10,1548.0,1677.0,1520.0,1640.0,0.0,29742,48020856.0
2017-04-09,1490.0,1550.0,1490.0,1548.0,0.0,24545,37407440.0
2017-04-06,1464.0,1490.0,1407.0,1490.0,0.0,20154,29512576.0
2017-04-04,1480.0,1509.0,1395.0,1464.0,0.0,24953,36686776.0
2017-04-03,1357.0,1492.0,1384.0,1480.0,0.0,40411,59655232.0
2017-04-02,1234.0,1357.0,1258.0,1357.0,0.0,50,65400.0
2017-03-30,1230.0,1280.0,1200.0,1234.0,0.0,16690,20870664.0
2017-03-29,1270.0,1295.0,1200.0,1230.0,0.0,22065,27520102.0
2017-03-28,1173.0,1274.0,1172.0,1270.0,0.0,22133,26991168.0
2017-03-26,1125.0,1186.0,1090.0,1173.0,0.0,28438,33023056.0
2017-03-23,1115.0,1160.0,1093.0,1125.0,0.0,6671,7511023.0
2017-03-22,1151.0,1200.0,1109.0,1115.0,0.0,19128,21830576.0
2017-03-21,1100.0,1185.0,1040.0,1151.0,0.0,27678,31498070.0
2017-03-20,1000.0,1100.0,1000.0,1100.0,0.0,20776,21875556.0
2017-03-19,941.0,1018.0,950.0,1000.0,0.0,5553,5423766.0
2017-03-16,958.0,950.0,940.0,941.0,0.0,1570,1484720.0
2017-03-15,928.0,959.0,935.0,958.0,0.0,981,934145.0
2017-03-14,940.0,977.0,926.0,928.0,0.0,1670,1562330.0
2017-03-13,958.0,980.0,940.0,940.0,0.0,7771,7431600.0
2017-03-09,935.0,969.0,931.0,958.0,0.0,3153,2971760.0
2017-03-07,940.0,950.0,916.0,935.0,0.0,5140,4767040.0
2017-03-06,968.0,994.0,940.0,940.0,0.0,3970,3824610.0
2017-03-05,939.0,979.0,938.0,968.0,0.0,7105,6832530.0
2017-03-02,928.0,946.0,916.0,939.0,0.0,1996,1855520.0
2017-03-01,873.0,930.0,890.0,928.0,0.0,8230,7425531.0
2017-02-28,915.0,929.0,850.0,873.0,0.0,5270,4628900.0
2017-02-26,960.0,941.0,905.0,915.0,0.0,2970,2741720.0
2017-02-23,960.0,975.0,941.0,960.0,0.0,1720,1650700.0
2017-02-22,1020.0,1015.0,960.0,960.0,0.0,7310,7176150.0
2017-02-21,1000.0,1040.0,951.0,1020.0,0.0,7339,7388860.0
2017-02-20,990.0,1069.0,980.0,1000.0,0.0,12260,12609236.0
2017-02-19,906.0,996.0,890.0,990.0,0.0,7801,7478458.0
2017-02-16,830.0,913.0,846.0,906.0,0.0,7300,6432920.0
2017-02-15,755.0,830.0,770.0,830.0,0.0,6010,4856070.0
2017-02-14,822.0,830.0,753.0,755.0,0.0,4230,3287790.0
2017-02-13,748.0,822.0,674.0,822.0,0.0,3236,2291159.0
2017-02-12,825.0,809.0,748.0,748.0,0.0,3563,2749415.0
2017-02-09,909.0,900.0,825.0,825.0,0.0,4670,4017060.0
2017-02-08,925.0,909.0,892.0,909.0,0.0,70,63360.0
2017-02-07,930.0,935.0,901.0,925.0,0.0,2868,2624541.0
2017-02-06,951.0,948.0,896.0,930.0,0.0,3982,3609080.0
2017-02-05,970.0,970.0,951.0,951.0,0.0,100,95480.0
2017-02-02,988.0,1025.0,941.0,970.0,0.0,7259,7187550.0
2017-02-01,899.0,988.0,900.0,988.0,0.0,2818,2666780.0
2017-01-31,910.0,938.0,858.0,899.0,0.0,8465,7482055.0
2017-01-30,1011.0,1000.0,910.0,910.0,0.0,4993,4602230.0
2017-01-26,1035.0,1040.0,996.0,1011.0,0.0,2030,2060810.0
2017-01-25,1094.0,1088.0,1032.0,1035.0,0.0,1504,1574504.0
2017-01-24,1095.0,1094.0,1074.0,1094.0,0.0,1201,1294332.0
2017-01-23,1123.0,1101.0,1090.0,1095.0,0.0,650,711550.0
2017-01-22,1119.0,1141.0,1108.0,1123.0,0.0,1330,1496570.0
2017-01-19,1075.0,1119.0,1096.0,1119.0,0.0,1150,1273140.0
2017-01-18,1083.0,1104.0,1075.0,1075.0,0.0,1420,1532800.0
2017-01-17,1100.0,1120.0,1083.0,1083.0,0.0,1400,1530600.0
2017-01-16,1150.0,1127.0,1085.0,1100.0,0.0,6150,6739210.0
2017-01-15,1135.0,1150.0,1150.0,1150.0,0.0,20,23000.0
2017-01-12,1146.0,1168.0,1122.0,1135.0,0.0,1230,1408350.0
2017-01-11,1148.0,1170.0,1115.0,1146.0,0.0,840,959550.0
2017-01-10,1120.0,1148.0,1120.0,1148.0,0.0,1730,1954920.0
2017-01-09,1099.0,1139.0,1105.0,1120.0,0.0,1220,1360680.0
2017-01-08,1100.0,1099.0,1080.0,1099.0,0.0,718,783362.0
2017-01-05,1132.0,1148.0,1088.0,1100.0,0.0,2490,2745320.0
2017-01-04,1090.0,1132.0,1071.0,1132.0,0.0,1231,1353100.0
2017-01-03,1156.0,1148.0,1090.0,1090.0,0.0,2442,2692621.0
2017-01-02,1146.0,1188.0,1132.0,1156.0,0.0,2867,3299672.0
2017-01-01,1155.0,1190.0,1130.0,1146.0,0.0,4708,5392720.0
2016-12-29,1060.0,1166.0,1060.0,1155.0,0.0,5064,5548500.0
2016-12-28,1012.0,1073.0,1025.0,1060.0,0.0,2203,2288626.0
2016-12-27,1068.0,1072.0,1012.0,1012.0,0.0,1388,1449000.0
2016-12-26,1134.0,1112.0,1051.0,1068.0,0.0,3008,3254418.0
2016-12-22,1105.0,1147.0,1120.0,1134.0,0.0,667,752308.0
2016-12-21,1135.0,1130.0,1090.0,1105.0,0.0,6038,6709920.0
2016-12-20,1147.0,1155.0,1135.0,1135.0,0.0,790,904610.0
2016-12-19,1175.0,1170.0,1147.0,1147.0,0.0,310,358020.0
2016-12-18,1179.0,1189.0,1171.0,1175.0,0.0,2112,2485136.0
2016-12-15,1154.0,1179.0,1131.0,1179.0,0.0,1905,2223495.0
2016-12-14,1157.0,1180.0,1134.0,1154.0,0.0,2161,2478776.0
2016-12-12,1140.0,1160.0,1118.0,1157.0,0.0,2730,3079280.0
2016-12-11,1170.0,1180.0,1140.0,1140.0,0.0,3520,4033775.0
2016-12-08,1210.0,1200.0,1160.0,1170.0,0.0,5670,6619610.0
2016-12-07,1200.0,1240.0,1165.0,1210.0,0.0,2017,2408425.0
2016-12-06,1164.0,1224.0,1177.0,1200.0,0.0,2939,3495346.0
2016-12-05,1211.0,1220.0,1142.0,1164.0,0.0,4906,5745848.0
2016-12-04,1264.0,1269.0,1197.0,1211.0,0.0,5520,6746590.0
2016-12-01,1285.0,1324.0,1225.0,1264.0,0.0,6208,8021905.0
2016-11-30,1173.0,1285.0,1180.0,1285.0,0.0,7058,8572959.0
2016-11-29,1098.0,1190.0,1090.0,1173.0,0.0,5320,6017341.0
2016-11-28,1028.0,1130.0,988.0,1098.0,0.0,6328,6912080.0
2016-11-27,1142.0,1120.0,1028.0,1028.0,0.0,4920,5340960.0
2016-11-24,1215.0,1263.0,1142.0,1142.0,0.0,5306,6178390.0
2016-11-23,1260.0,1260.0,1190.0,1215.0,0.0,1750,2143250.0
2016-11-22,1330.0,1340.0,1260.0,1260.0,0.0,2662,3413500.0
2016-11-21,1325.0,1360.0,1251.0,1330.0,0.0,2743,3555987.0
2016-11-20,1360.0,1368.0,1285.0,1325.0,0.0,6911,9013975.0
2016-11-17,1400.0,1380.0,1342.0,1360.0,0.0,4447,6027984.0
2016-11-16,1360.0,1400.0,1350.0,1400.0,0.0,2960,4035300.0
2016-11-15,1370.0,1387.0,1360.0,1360.0,0.0,5075,6931285.0
2016-11-14,1385.0,1412.0,1365.0,1370.0,0.0,3568,4906290.0
2016-11-13,1398.0,1400.0,1358.0,1385.0,0.0,1504,2068730.0
2016-11-10,1400.0,1414.0,1373.0,1398.0,0.0,2240,3119750.0
2016-11-09,1434.0,1406.0,1383.0,1400.0,0.0,2346,3263018.0
2016-11-08,1412.0,1440.0,1394.0,1434.0,0.0,9431,13252390.0
2016-11-07,1417.0,1445.0,1408.0,1412.0,0.0,4320,6128430.0
2016-11-03,1464.0,1470.0,1417.0,1417.0,0.0,3920,5636350.0
2016-10-27,1458.0,1470.0,1429.0,1464.0,0.0,5191,7529876.0
2016-10-26,1448.0,1464.0,1403.0,1458.0,0.0,6713,9715885.0
2016-10-25,1426.0,1468.0,1410.0,1448.0,0.0,11793,16884860.0
2016-10-24,1419.0,1468.0,1400.0,1426.0,0.0,8823,12626449.0
2016-10-23,1400.0,1419.0,1390.0,1419.0,0.0,10347,14499715.0
2016-10-20,1382.0,1422.0,1370.0,1400.0,0.0,5850,8178395.0
2016-10-19,1375.0,1388.0,1376.0,1382.0,0.0,2330,3217020.0
2016-10-18,1380.0,1380.0,1371.0,1375.0,0.0,1035,1424285.0
2016-10-17,1385.0,1380.0,1335.0,1380.0,0.0,1941,2655805.0
2016-10-16,1390.0,1400.0,1380.0,1385.0,0.0,1665,2315725.0
2016-10-06,1385.0,1400.0,1385.0,1390.0,0.0,7484,10407440.0
2016-10-05,1415.0,1415.0,1370.0,1385.0,0.0,7232,10029030.0
2016-10-04,1397.0,1447.0,1385.0,1415.0,0.0,5595,7867254.0
2016-10-03,1370.0,1421.0,1373.0,1397.0,0.0,3253,4507713.0
2016-10-02,1350.0,1373.0,1351.0,1370.0,0.0,3104,4235195.0
2016-09-29,1364.0,1390.0,1350.0,1350.0,0.0,2120,2894800.0
2016-09-28,1342.0,1367.0,1340.0,1364.0,0.0,871,1170442.0
2016-09-27,1380.0,1380.0,1342.0,1342.0,0.0,3836,5194152.0
2016-09-26,1348.0,1414.0,1360.0,1380.0,0.0,2280,3154700.0
2016-09-25,1405.0,1377.0,1323.0,1348.0,0.0,3787,5098344.0
2016-09-22,1418.0,1418.0,1390.0,1405.0,0.0,5794,8101531.0
2016-09-21,1410.0,1438.0,1375.0,1418.0,0.0,5497,7756557.0
2016-09-20,1425.0,1465.0,1400.0,1410.0,0.0,5712,8081160.0
2016-09-18,1472.0,1461.0,1425.0,1425.0,0.0,6725,9700840.0
2016-09-14,1436.0,1493.0,1435.0,1472.0,0.0,19471,28308164.0
2016-09-12,1434.0,1450.0,1415.0,1436.0,0.0,12053,17299108.0
2016-09-11,1421.0,1470.0,1425.0,1434.0,0.0,7878,11284334.0
2016-09-08,1418.0,1475.0,1402.0,1421.0,0.0,22102,31856860.0
2016-09-07,1375.0,1437.0,1370.0,1418.0,0.0,29625,41888176.0
2016-09-06,1341.0,1410.0,1350.0,1375.0,0.0,6555,9006810.0
2016-09-05,1355.0,1370.0,1331.0,1341.0,0.0,3156,4241151.0
2016-09-04,1377.0,1377.0,1330.0,1355.0,0.0,2370,3216520.0
2016-09-03,1377.0,1377.0,1330.0,1355.0,0.0,2370,3216520.0
2016-09-01,1380.0,1400.0,1335.0,1377.0,0.0,11890,16105270.0
2016-08-31,1350.0,1399.0,1332.0,1380.0,0.0,8868,12096560.0
2016-08-30,1400.0,1410.0,1312.0,1350.0,0.0,11655,15956735.0
2016-08-29,1331.0,1464.0,1357.0,1400.0,0.0,38816,54707500.0
2016-08-28,1210.0,1331.0,1234.0,1331.0,0.0,28267,36995360.0
2016-08-24,1100.0,1210.0,1122.0,1210.0,0.0,13180,15666930.0
2016-08-23,1107.0,1122.0,1100.0,1100.0,0.0,1913,2116830.0
2016-08-22,1108.0,1153.0,1105.0,1107.0,0.0,5790,6421580.0
2016-08-21,1135.0,1200.0,1108.0,1108.0,0.0,4094,4639296.0
2016-08-17,1145.0,1188.0,1130.0,1135.0,0.0,7755,8983270.0
2016-08-16,1100.0,1164.0,1080.0,1145.0,0.0,7660,8588460.0
2016-08-15,1125.0,1125.0,1100.0,1100.0,0.0,3065,3390420.0
2016-08-14,1155.0,1132.0,1125.0,1125.0,0.0,200,225700.0
2016-08-11,1165.0,1155.0,1143.0,1155.0,0.0,1481,1704920.0
2016-08-10,1165.0,1198.0,1150.0,1165.0,0.0,1853,2158945.0
2016-08-07,1165.0,1235.0,1165.0,1165.0,0.0,1470,1750140.0
2016-08-04,1230.0,1230.0,1165.0,1165.0,0.0,2210,2642770.0
2016-08-03,1225.0,1240.0,1215.0,1230.0,0.0,2680,3286850.0
2016-08-02,1254.0,1235.0,1225.0,1225.0,0.0,1250,1537600.0
2016-08-01,1270.0,1298.0,1230.0,1254.0,0.0,685,865200.0
2016-07-31,1280.0,1280.0,1251.0,1270.0,0.0,2852,3607530.0
2016-07-28,1285.0,1305.0,1280.0,1280.0,0.0,700,904500.0
2016-07-27,1320.0,1305.0,1282.0,1285.0,0.0,2578,3340850.0
2016-07-26,1298.0,1320.0,1250.0,1320.0,0.0,5933,7653563.0
2016-07-25,1294.0,1319.0,1270.0,1298.0,0.0,3604,4644705.0
2016-07-21,1280.0,1355.0,1270.0,1294.0,0.0,6260,8260965.0
2016-07-20,1310.0,1295.0,1235.0,1280.0,0.0,2430,3081800.0
2016-07-19,1346.0,1426.0,1305.0,1310.0,0.0,8311,11236713.0
2016-07-18,1224.0,1346.0,1157.0,1346.0,0.0,13631,17682560.0
2016-07-17,1300.0,1341.0,1200.0,1224.0,0.0,1273,1578556.0
2016-07-14,1230.0,1300.0,1245.0,1300.0,0.0,275,344450.0
2016-07-13,1255.0,1240.0,1216.0,1230.0,0.0,550,677800.0
2016-07-12,1255.0,1280.0,1235.0,1255.0,0.0,1271,1594147.0
2016-07-11,1290.0,1280.0,1240.0,1255.0,0.0,680,858090.0
2016-07-10,1230.0,1353.0,1254.0,1290.0,0.0,4203,5462340.0
2016-07-06,1265.0,1281.0,1217.0,1230.0,0.0,2551,3208445.0
2016-07-05,1300.0,1310.0,1260.0,1265.0,0.0,5431,6938994.0
2016-07-04,1320.0,1310.0,1284.0,1300.0,0.0,6228,8101280.0
2016-07-03,1345.0,1340.0,1315.0,1320.0,0.0,4552,6021998.0
2016-06-30,1379.0,1380.0,1330.0,1345.0,0.0,2413,3271992.0
2016-06-29,1377.0,1432.0,1370.0,1379.0,0.0,9893,13719180.0
2016-06-28,1350.0,1377.0,1310.0,1377.0,0.0,6673,8962279.0
2016-06-27,1397.0,1410.0,1345.0,1350.0,0.0,11770,16037100.0
2016-06-26,1411.0,1435.0,1385.0,1397.0,0.0,9840,13751760.0
2016-06-23,1410.0,1470.0,1400.0,1411.0,0.0,28482,40831844.0
2016-06-22,1397.0,1424.0,1358.0,1410.0,0.0,18560,25751684.0
2016-06-21,1340.0,1400.0,1350.0,1397.0,0.0,15451,21292384.0
2016-06-20,1386.0,1395.0,1285.0,1340.0,0.0,6572,8809110.0
2016-06-19,1408.0,1440.0,1353.0,1386.0,0.0,21491,30368904.0
2016-06-16,1600.0,1709.0,1620.0,1689.0,0.0,97217,161990144.0
2016-06-15,1540.0,1600.0,1530.0,1600.0,0.0,47313,74236480.0
2016-06-14,1495.0,1554.0,1524.0,1540.0,0.0,26847,41228864.0
2016-06-13,1540.0,1530.0,1480.0,1495.0,0.0,27956,42182572.0
2016-06-12,1449.0,1590.0,1398.0,1540.0,0.0,76517,117217696.0
2016-06-09,1318.0,1449.0,1344.0,1449.0,0.0,34280,49646820.0
2016-06-08,1199.0,1318.0,1222.0,1318.0,0.0,49080,64112456.0
2016-06-07,1139.0,1199.0,1150.0,1199.0,0.0,31110,36466936.0
2016-06-06,1140.0,1158.0,1125.0,1139.0,0.0,18603,21131736.0
2016-06-05,1162.0,1180.0,1119.0,1140.0,0.0,24756,28156708.0
2016-06-02,1169.0,1185.0,1130.0,1162.0,0.0,17495,20312734.0
2016-06-01,1175.0,1195.0,1149.0,1169.0,0.0,14117,16393892.0
2016-05-31,1154.0,1180.0,1153.0,1175.0,0.0,27609,32180300.0
2016-05-30,1117.0,1183.0,1111.0,1154.0,0.0,41100,47019536.0
2016-05-29,1087.0,1149.0,1078.0,1117.0,0.0,39015,42999912.0
2016-05-26,1060.0,1100.0,1002.0,1087.0,0.0,14746,15722422.0
2016-05-25,1075.0,1108.0,1054.0,1060.0,0.0,20463,22061500.0
2016-05-24,1075.0,1125.0,1060.0,1075.0,0.0,43656,47566704.0
2016-05-23,1070.0,1130.0,1028.0,1075.0,0.0,37235,40084676.0
2016-05-22,978.0,1075.0,979.0,1070.0,0.0,34489,34894512.0
2016-05-19,943.0,1016.0,940.0,978.0,0.0,19616,19114840.0
2016-05-18,935.0,945.0,922.0,943.0,0.0,15456,14416900.0
2016-05-17,911.0,935.0,913.0,935.0,0.0,13262,12196443.0
2016-05-16,920.0,935.0,911.0,911.0,0.0,20732,19175856.0
2016-05-15,903.0,939.0,900.0,920.0,0.0,29937,27186092.0
2016-05-12,878.0,915.0,881.0,903.0,0.0,33655,30312728.0
2016-05-11,866.0,890.0,866.0,878.0,0.0,15345,13433388.0
2016-05-10,855.0,900.0,866.0,866.0,0.0,8519,7485921.0
2016-05-09,835.0,865.0,828.0,855.0,0.0,14626,12429413.0
2016-05-08,823.0,840.0,825.0,835.0,0.0,2456,2045300.0
2016-05-05,826.0,840.0,823.0,823.0,0.0,1579,1313798.0
2016-05-04,824.0,840.0,825.0,826.0,0.0,4123,3415028.0
2016-05-03,824.0,845.0,824.0,824.0,0.0,16732,13885702.0
2016-05-02,850.0,850.0,824.0,824.0,0.0,5514,4604600.0
2016-04-28,861.0,850.0,840.0,850.0,0.0,3975,3356400.0
2016-04-27,845.0,861.0,837.0,861.0,0.0,1249,1055637.0
2016-04-26,860.0,860.0,845.0,845.0,0.0,1578,1337235.0
2016-04-25,870.0,874.0,860.0,860.0,0.0,2670,2306790.0
2016-04-24,860.0,871.0,860.0,870.0,0.0,3441,2987690.0
2016-04-21,880.0,885.0,860.0,860.0,0.0,4120,3571400.0
2016-04-20,887.0,895.0,873.0,880.0,0.0,3632,3211145.0
2016-04-19,882.0,895.0,863.0,887.0,0.0,8949,7891837.0
2016-04-18,850.0,888.0,865.0,882.0,0.0,22518,19810408.0
2016-04-17,850.0,850.0,833.0,850.0,0.0,9301,7838524.0
2016-04-14,830.0,855.0,835.0,850.0,0.0,12305,10376576.0
2016-04-12,817.0,840.0,820.0,830.0,0.0,19538,16183470.0
2016-04-11,831.0,830.0,817.0,817.0,0.0,9876,8152695.0
2016-04-10,815.0,851.0,822.0,831.0,0.0,17960,14982734.0
2016-04-06,817.0,820.0,815.0,815.0,0.0,3137,2563440.0
2016-04-05,820.0,825.0,817.0,817.0,0.0,2820,2309100.0
2016-04-04,830.0,831.0,816.0,820.0,0.0,6203,5123760.0
2016-04-03,835.0,835.0,803.0,830.0,0.0,7576,6150754.0
2016-03-31,825.0,840.0,806.0,835.0,0.0,19747,16494207.0
2016-03-30,809.0,845.0,815.0,825.0,0.0,31326,26006656.0
2016-03-29,805.0,823.0,791.0,809.0,0.0,13588,11037173.0
2016-03-28,802.0,815.0,786.0,805.0,0.0,11357,9145441.0
2016-03-27,810.0,810.0,750.0,802.0,0.0,18812,14982992.0
2016-03-24,826.0,824.0,810.0,810.0,0.0,7707,6263842.0
2016-03-23,821.0,860.0,805.0,826.0,0.0,9192,7567012.0
2016-03-21,830.0,845.0,821.0,821.0,0.0,7410,6138210.0
2016-03-20,824.0,856.0,823.0,830.0,0.0,16130,13445194.0
2016-03-17,843.0,843.0,822.0,824.0,0.0,11999,9937753.0
2016-03-16,845.0,850.0,820.0,843.0,0.0,12751,10640226.0
2016-03-15,791.0,856.0,770.0,845.0,0.0,15421,12596506.0
2016-03-14,823.0,854.0,790.0,791.0,0.0,13427,10842719.0
2016-03-13,843.0,910.0,814.0,823.0,0.0,27843,23284132.0
2016-03-10,767.0,843.0,782.0,843.0,0.0,49066,41046744.0
2016-03-06,698.0,767.0,701.0,767.0,0.0,35734,26040404.0
2016-03-03,652.0,705.0,660.0,698.0,0.0,27639,18974420.0
2016-03-02,635.0,653.0,630.0,652.0,0.0,14970,9691045.0
2016-03-01,624.0,635.0,613.0,635.0,0.0,14309,8952267.0
2016-02-29,621.0,633.0,615.0,624.0,0.0,7276,4528464.0
2016-02-28,645.0,633.0,621.0,621.0,0.0,1010,627330.0
2016-02-25,616.0,645.0,606.0,645.0,0.0,1090,683786.0
2016-02-24,639.0,635.0,616.0,616.0,0.0,1631,1013916.0
2016-02-23,635.0,647.0,625.0,639.0,0.0,5800,3672675.0
2016-02-22,660.0,655.0,630.0,635.0,0.0,3178,2038050.0
2016-02-21,670.0,663.0,660.0,660.0,0.0,400,264500.0
2016-02-18,670.0,677.0,666.0,670.0,0.0,5790,3876080.0
2016-02-17,668.0,681.0,655.0,670.0,0.0,8770,5917475.0
2016-02-16,658.0,671.0,653.0,668.0,0.0,5312,3500658.0
2016-02-15,668.0,660.0,631.0,658.0,0.0,7147,4577413.0
2016-02-14,668.0,693.0,655.0,668.0,0.0,9182,6122837.0
2016-02-11,635.0,683.0,640.0,668.0,0.0,15027,10006851.0
2016-02-08,596.0,635.0,604.0,635.0,0.0,15392,9458497.0
2016-02-07,598.0,610.0,587.0,596.0,0.0,11739,7001542.0
2016-02-04,566.0,598.0,566.0,598.0,0.0,10759,6217000.0
2016-02-03,549.0,581.0,550.0,566.0,0.0,9073,5156181.0
2016-02-02,538.0,551.0,539.0,549.0,0.0,11390,6170710.0
2016-02-01,526.0,548.0,533.0,538.0,0.0,5270,2823340.0
2016-01-31,545.0,535.0,526.0,526.0,0.0,3000,1596800.0
2016-01-28,559.0,548.0,545.0,545.0,0.0,3650,1990450.0
2016-01-27,560.0,559.0,549.0,559.0,0.0,712,395708.0
2016-01-26,590.0,605.0,560.0,560.0,0.0,6699,3970880.0
2016-01-25,539.0,592.0,549.0,590.0,0.0,13213,7807128.0
2016-01-24,490.0,539.0,499.0,539.0,0.0,186,98618.0
2016-01-14,495.0,504.0,490.0,490.0,0.0,11210,5526559.0
2016-01-13,488.0,499.0,475.0,495.0,0.0,5895,2868230.0
2016-01-12,494.0,500.0,488.0,488.0,0.0,2538,1256877.0
2016-01-11,515.0,520.0,490.0,494.0,0.0,10884,5387366.0
2016-01-10,500.0,515.0,487.0,515.0,0.0,7636,3832604.0
2016-01-07,496.0,518.0,500.0,500.0,0.0,8187,4167033.0
2016-01-06,515.0,506.0,482.0,496.0,0.0,9096,4519845.0
2016-01-05,540.0,540.0,505.0,515.0,0.0,13005,6739901.0
2016-01-04,510.0,550.0,500.0,540.0,0.0,50433,26399128.0
2016-01-03,503.0,553.0,510.0,510.0,0.0,29739,15816965.0
2015-12-31,486.0,519.0,490.0,503.0,0.0,12838,6465316.0
2015-12-29,460.0,486.0,468.0,486.0,0.0,7993,3796292.0
2015-12-28,480.0,471.0,460.0,460.0,0.0,1200,559100.0
2015-12-27,472.0,515.0,472.0,480.0,0.0,4955,2442956.0
2015-12-24,430.0,472.0,438.0,472.0,0.0,9011,4084114.0
2015-12-23,392.0,430.0,399.0,430.0,0.0,428,171532.0
2015-12-21,398.0,399.0,392.0,392.0,0.0,967,382336.0
2015-12-20,400.0,398.0,396.0,398.0,0.0,556,220376.0
2015-12-17,405.0,410.0,400.0,400.0,0.0,2380,968038.0
2015-12-16,375.0,412.0,382.0,405.0,0.0,6602,2697110.0
2015-12-15,341.0,375.0,347.0,375.0,0.0,250,92890.0
2015-12-14,347.0,341.0,341.0,341.0,0.0,1500,511500.0
2015-12-13,346.0,347.0,341.0,347.0,0.0,1140,393646.0
2015-12-03,346.0,346.0,346.0,346.0,0.0,12,4152.0
2015-11-26,353.0,346.0,346.0,346.0,0.0,20,6920.0
2015-11-24,360.0,353.0,353.0,353.0,0.0,300,105900.0
2015-11-19,395.0,388.0,360.0,360.0,0.0,953,353741.0
2015-10-19,397.0,395.0,395.0,395.0,0.0,100,39500.0
2015-10-14,390.0,397.0,397.0,397.0,0.0,101,40097.0
2015-10-08,398.0,391.0,390.0,390.0,0.0,446,174366.0
2015-10-07,406.0,398.0,398.0,398.0,0.0,100,39800.0
2015-10-01,414.0,406.0,406.0,406.0,0.0,300,121800.0
2015-09-24,414.0,421.0,414.0,414.0,0.0,487,202937.0
2015-09-17,413.0,421.0,406.0,414.0,0.0,1525,632234.0
2015-09-15,405.0,413.0,413.0,413.0,0.0,144,59472.0
2015-09-10,410.0,405.0,405.0,405.0,0.0,319,129195.0
2015-09-07,409.0,410.0,410.0,410.0,0.0,135,55350.0
2015-09-06,414.0,410.0,409.0,409.0,0.0,450,184160.0
2015-09-03,430.0,430.0,414.0,414.0,0.0,1970,835635.0
2015-09-02,439.0,435.0,430.0,430.0,0.0,997,429595.0
2015-09-01,428.0,439.0,428.0,439.0,0.0,2905,1247247.0
2015-08-31,425.0,428.0,420.0,428.0,0.0,429,180964.0
2015-08-27,457.0,450.0,417.0,425.0,0.0,5526,2375190.0
2015-08-24,449.0,466.0,457.0,457.0,0.0,1200,550350.0
2015-08-23,450.0,449.0,433.0,449.0,0.0,419,185907.0
2015-08-20,452.0,465.0,450.0,450.0,0.0,2791,1280743.0
2015-08-19,411.0,452.0,414.0,452.0,0.0,6418,2837574.0
2015-08-18,403.0,411.0,411.0,411.0,0.0,100,41100.0
2015-08-17,396.0,411.0,403.0,403.0,0.0,1187,485676.0
2015-08-16,390.0,396.0,392.0,396.0,0.0,265,104440.0
2015-08-12,375.0,390.0,375.0,390.0,0.0,357,135031.0
2015-08-11,380.0,375.0,373.0,375.0,0.0,166,62198.0
2015-08-10,395.0,390.0,380.0,380.0,0.0,440,168450.0
2015-08-09,392.0,395.0,395.0,395.0,0.0,200,79000.0
2015-08-05,399.0,392.0,392.0,392.0,0.0,100,39200.0
2015-07-29,392.0,399.0,395.0,399.0,0.0,70,27690.0
2015-07-16,399.0,392.0,392.0,392.0,0.0,144,56448.0
2015-07-14,415.0,407.0,399.0,399.0,0.0,214,86200.0
2015-07-13,420.0,415.0,415.0,415.0,0.0,1000,415000.0
2015-07-08,404.0,420.0,412.0,420.0,0.0,228,94384.0
2015-07-07,397.0,404.0,397.0,404.0,0.0,44,17538.0
2015-07-06,390.0,397.0,395.0,397.0,0.0,118,46746.0
2015-07-05,405.0,409.0,390.0,390.0,0.0,327,128275.0
2015-07-02,402.0,405.0,401.0,405.0,0.0,250,100690.0
2015-07-01,423.0,430.0,401.0,402.0,0.0,1037,430133.0
2015-06-30,419.0,423.0,411.0,423.0,0.0,440,184120.0
2015-06-29,399.0,419.0,404.0,419.0,0.0,2745,1120234.0
2015-06-28,392.0,399.0,385.0,399.0,0.0,278,108500.0
2015-06-24,399.0,400.0,385.0,392.0,0.0,1549,601384.0
2015-06-23,424.0,420.0,390.0,399.0,0.0,3905,1572952.0
2015-05-31,400.0,424.0,408.0,424.0,0.0,50,20640.0
2015-04-13,400.0,400.0,400.0,400.0,0.0,60,24000.0
2015-04-02,411.0,403.0,390.0,400.0,0.0,665,263651.0
2015-04-01,427.0,421.0,411.0,411.0,0.0,720,301020.0
2015-03-31,432.0,435.0,427.0,427.0,0.0,310,133970.0
2015-03-30,440.0,432.0,432.0,432.0,0.0,53,22896.0
2015-03-29,937.0,478.0,435.0,440.0,0.0,1771,825690.0
2015-03-26,962.0,960.0,931.0,937.0,0.0,7983,7528653.0
2015-03-25,969.0,990.0,955.0,962.0,0.0,2896,2809763.0
2015-03-24,1000.0,991.0,969.0,969.0,0.0,4693,4598329.0
2015-03-23,990.0,1040.0,995.0,1000.0,0.0,8607,8675739.0
2015-03-22,1005.0,1020.0,980.0,990.0,0.0,1424,1413330.0
2015-03-19,1001.0,1005.0,1005.0,1005.0,0.0,250,251250.0
2015-03-18,985.0,1004.0,992.0,1001.0,0.0,3802,3803284.0
2015-03-17,1000.0,1001.0,985.0,985.0,0.0,857,854035.0
2015-03-16,1030.0,1010.0,985.0,1000.0,0.0,442,438638.0
2015-03-15,1011.0,1030.0,991.0,1030.0,0.0,1095,1102607.0
2015-03-12,1025.0,1011.0,980.0,1011.0,0.0,10049,9945130.0
2015-03-11,1027.0,1040.0,1000.0,1025.0,0.0,14997,15100169.0
2015-03-10,1027.0,1050.0,1020.0,1027.0,0.0,6305,6458840.0
2015-03-09,1002.0,1045.0,1011.0,1027.0,0.0,2545,2610917.0
2015-03-04,990.0,1018.0,1000.0,1002.0,0.0,2535,2552154.0
2015-03-01,975.0,990.0,975.0,990.0,0.0,518,510980.0
2015-02-25,985.0,975.0,975.0,975.0,0.0,24,23400.0
2015-02-24,1005.0,1005.0,985.0,985.0,0.0,34,33690.0
2015-02-23,1010.0,1015.0,990.0,1005.0,0.0,1260,1264430.0
2015-02-22,1019.0,1020.0,1010.0,1010.0,0.0,604,613060.0
2015-02-18,1021.0,1035.0,1016.0,1019.0,0.0,2157,2199391.0
2015-02-16,1005.0,1035.0,1003.0,1021.0,0.0,5584,5676466.0
2015-02-15,983.0,1014.0,990.0,1005.0,0.0,19248,19336472.0
2015-02-12,960.0,1008.0,970.0,983.0,0.0,5447,5323745.0
2015-02-11,916.0,969.0,930.0,960.0,0.0,4267,4072068.0
2015-02-10,950.0,934.0,916.0,916.0,0.0,455,421497.0
2015-02-09,928.0,950.0,908.0,950.0,0.0,4219,3895173.0
2015-02-08,905.0,928.0,905.0,928.0,0.0,1781,1622968.0
2015-02-05,915.0,905.0,905.0,905.0,0.0,234,211770.0
2015-02-04,900.0,915.0,901.0,915.0,0.0,182,165362.0
2015-02-03,900.0,900.0,900.0,900.0,0.0,46,41400.0
2015-02-02,905.0,900.0,900.0,900.0,0.0,12,10800.0
2015-02-01,912.0,910.0,905.0,905.0,0.0,745,674905.0
2015-01-29,900.0,930.0,910.0,912.0,0.0,1932,1761793.0
2015-01-27,910.0,918.0,900.0,900.0,0.0,196,177120.0
2015-01-26,910.0,910.0,910.0,910.0,0.0,462,420420.0
2015-01-25,905.0,910.0,907.0,910.0,0.0,290,263330.0
2015-01-22,905.0,905.0,905.0,905.0,0.0,17,15385.0
2015-01-20,911.0,920.0,905.0,905.0,0.0,904,825084.0
2015-01-19,903.0,969.0,910.0,911.0,0.0,2074,1959535.0
2015-01-18,920.0,938.0,903.0,903.0,0.0,5117,4753705.0
2015-01-14,938.0,950.0,920.0,920.0,0.0,1724,1603097.0
2015-01-13,910.0,938.0,901.0,938.0,0.0,4339,3946901.0
2015-01-12,856.0,937.0,839.0,910.0,0.0,5088,4609165.0
2015-01-11,898.0,895.0,856.0,856.0,0.0,2753,2384969.0
2015-01-06,881.0,898.0,898.0,898.0,0.0,60,53880.0
2015-01-05,887.0,881.0,870.0,881.0,0.0,295,257950.0
2015-01-04,828.0,887.0,844.0,887.0,0.0,1140,990582.0
2014-12-31,840.0,828.0,827.0,828.0,0.0,194,160572.0
2014-12-28,825.0,840.0,840.0,840.0,0.0,100,84000.0
2014-12-24,825.0,835.0,825.0,825.0,0.0,2126,1762230.0
2014-12-23,820.0,825.0,808.0,825.0,0.0,917,754496.0
2014-12-22,835.0,830.0,820.0,820.0,0.0,125,103196.0
2014-12-21,843.0,840.0,825.0,835.0,0.0,722,604160.0
2014-12-18,860.0,843.0,843.0,843.0,0.0,34,28662.0
2014-12-16,870.0,870.0,853.0,860.0,0.0,446,385327.0
2014-12-15,900.0,883.0,870.0,870.0,0.0,301,263183.0
2014-12-14,857.0,900.0,874.0,900.0,0.0,116,103428.0
2014-12-11,841.0,857.0,857.0,857.0,0.0,15,12855.0
2014-12-10,796.0,859.0,811.0,841.0,0.0,310,260700.0
2014-12-09,808.0,800.0,796.0,796.0,0.0,510,406000.0
2014-12-08,825.0,809.0,793.0,808.0,0.0,553,443203.0
2014-12-04,826.0,825.0,825.0,825.0,0.0,202,166650.0
2014-12-02,842.0,835.0,826.0,826.0,0.0,1320,1092210.0
2014-11-30,850.0,842.0,842.0,842.0,0.0,58,48836.0
2014-11-25,868.0,855.0,850.0,850.0,0.0,637,543655.0
2014-11-24,875.0,895.0,868.0,868.0,0.0,820,724020.0
2014-11-23,855.0,900.0,872.0,875.0,0.0,830,729860.0
2014-11-20,838.0,871.0,854.0,855.0,0.0,280,241550.0
2014-11-19,806.0,838.0,822.0,838.0,0.0,60,49480.0
2014-11-18,810.0,837.0,779.0,806.0,0.0,1468,1164453.0
2014-11-17,875.0,858.0,810.0,810.0,0.0,972,818635.0
2014-11-13,890.0,880.0,875.0,875.0,0.0,335,294040.0
2014-11-12,905.0,900.0,887.0,890.0,0.0,645,573950.0
2014-11-10,901.0,905.0,905.0,905.0,0.0,101,91405.0
2014-11-09,900.0,901.0,890.0,901.0,0.0,310,278900.0
2014-11-06,907.0,900.0,900.0,900.0,0.0,34,30600.0
2014-11-05,890.0,907.0,900.0,907.0,0.0,126,113560.0
2014-11-04,903.0,901.0,890.0,890.0,0.0,128,114184.0
2014-11-03,895.0,910.0,890.0,903.0,0.0,1653,1479214.0
2014-11-02,950.0,931.0,895.0,895.0,0.0,148,133756.0
2014-10-30,965.0,950.0,950.0,950.0,0.0,17,16150.0
2014-10-28,971.0,981.0,965.0,965.0,0.0,544,525290.0
2014-10-27,960.0,980.0,960.0,971.0,0.0,3380,3277139.0
2014-10-26,940.0,977.0,945.0,960.0,0.0,479,464657.0
2014-10-22,930.0,948.0,930.0,940.0,0.0,1761,1653974.0
2014-10-16,906.0,930.0,903.0,930.0,0.0,2200,2028700.0
2014-10-15,873.0,910.0,890.0,906.0,0.0,1350,1210608.0
2014-10-14,856.0,873.0,873.0,873.0,0.0,24,20952.0
2014-10-13,840.0,856.0,856.0,856.0,0.0,437,374072.0
2014-10-12,833.0,840.0,840.0,840.0,0.0,100,84000.0
2014-10-09,853.0,850.0,833.0,833.0,0.0,238,201052.0
2014-09-30,805.0,853.0,821.0,853.0,0.0,30,25110.0
2014-09-29,790.0,805.0,805.0,805.0,0.0,100,80500.0
2014-09-24,790.0,800.0,786.0,790.0,0.0,1188,941343.0
2014-09-23,810.0,821.0,790.0,790.0,0.0,902,720085.0
2014-09-22,820.0,820.0,810.0,810.0,0.0,664,542396.0
2014-09-21,749.0,821.0,760.0,820.0,0.0,2492,1962048.0
2014-09-18,735.0,749.0,749.0,749.0,0.0,30,22470.0
2014-09-15,750.0,740.0,730.0,735.0,0.0,1294,951360.0
2014-09-14,761.0,750.0,750.0,750.0,0.0,349,261750.0
2014-09-10,761.0,763.0,761.0,761.0,0.0,375,285910.0
2014-09-09,768.0,761.0,753.0,761.0,0.0,316,239582.0
2014-09-07,798.0,783.0,768.0,768.0,0.0,200,155100.0
2014-09-04,830.0,814.0,798.0,798.0,0.0,248,198672.0
2014-09-03,830.0,830.0,830.0,830.0,0.0,22,18260.0
2014-09-01,850.0,840.0,830.0,830.0,0.0,91,75930.0
2014-08-31,863.0,860.0,850.0,850.0,0.0,1333,1143070.0
2014-08-28,880.0,897.0,863.0,863.0,0.0,341,301661.0
2014-08-27,860.0,880.0,877.0,880.0,0.0,584,512720.0
2014-08-26,873.0,880.0,860.0,860.0,0.0,241,209995.0
2014-08-25,890.0,880.0,873.0,873.0,0.0,208,182060.0
2014-08-24,870.0,890.0,880.0,890.0,0.0,489,431522.0
2014-08-21,887.0,870.0,855.0,870.0,0.0,840,728705.0
2014-08-20,885.0,902.0,887.0,887.0,0.0,409,366308.0
2014-08-19,838.0,895.0,854.0,885.0,0.0,1869,1658264.0
2014-08-14,855.0,838.0,838.0,838.0,0.0,34,28492.0
2014-08-13,845.0,855.0,850.0,855.0,0.0,175,148955.0
2014-08-12,856.0,860.0,845.0,845.0,0.0,1656,1400640.0
2014-08-07,887.0,870.0,840.0,856.0,0.0,638,547711.0
2014-08-06,905.0,887.0,887.0,887.0,0.0,17,15079.0
2014-08-05,917.0,912.0,905.0,905.0,0.0,405,368421.0
2014-08-04,935.0,917.0,917.0,917.0,0.0,300,275100.0
2014-07-31,925.0,935.0,911.0,935.0,0.0,459,427647.0
2014-07-30,925.0,935.0,920.0,925.0,0.0,712,659250.0
2014-07-28,940.0,940.0,925.0,925.0,0.0,94,87460.0
2014-07-27,950.0,950.0,940.0,940.0,0.0,340,322416.0
2014-07-24,956.0,950.0,948.0,950.0,0.0,890,844048.0
2014-07-23,955.0,956.0,956.0,956.0,0.0,34,32504.0
2014-07-22,999.0,980.0,955.0,955.0,0.0,1795,1743989.0
2014-07-21,990.0,999.0,990.0,999.0,0.0,316,313722.0
2014-07-20,995.0,990.0,970.0,990.0,0.0,2585,2512437.0
2014-07-17,925.0,995.0,915.0,995.0,0.0,1373,1293109.0
2014-07-16,911.0,929.0,924.0,925.0,0.0,2572,2378917.0
2014-07-15,939.0,925.0,907.0,911.0,0.0,1520,1393691.0
2014-07-14,950.0,939.0,931.0,939.0,0.0,85,79543.0
2014-07-13,971.0,960.0,945.0,950.0,0.0,1624,1550420.0
2014-07-10,990.0,980.0,971.0,971.0,0.0,975,951225.0
2014-07-09,985.0,1000.0,980.0,990.0,0.0,654,646740.0
2014-07-08,985.0,1002.0,980.0,985.0,0.0,8544,8422539.0
2014-07-07,931.0,985.0,930.0,985.0,0.0,356,341630.0
2014-07-06,905.0,950.0,915.0,931.0,0.0,5877,5461098.0
2014-07-03,880.0,915.0,896.0,905.0,0.0,6835,6184370.0
2014-07-02,909.0,920.0,880.0,880.0,0.0,6927,6147539.0
2014-07-01,855.0,909.0,855.0,909.0,0.0,1489,1315730.0
2014-06-30,860.0,855.0,855.0,855.0,0.0,17,14535.0
2014-06-29,850.0,860.0,851.0,860.0,0.0,2366,2031214.0
2014-06-26,865.0,850.0,850.0,850.0,0.0,24,20400.0
2014-06-25,855.0,870.0,860.0,865.0,0.0,1014,877049.0
2014-06-24,870.0,865.0,851.0,855.0,0.0,2060,1760010.0
2014-06-23,870.0,885.0,868.0,870.0,0.0,816,711260.0
2014-06-19,875.0,870.0,868.0,870.0,0.0,1681,1462272.0
2014-06-18,869.0,899.0,875.0,875.0,0.0,1894,1667828.0
2014-06-17,867.0,870.0,843.0,869.0,0.0,6815,5813062.0
2014-06-16,865.0,867.0,850.0,867.0,0.0,2836,2425684.0
2014-06-15,865.0,882.0,850.0,865.0,0.0,558,479770.0
2014-06-12,865.0,875.0,865.0,865.0,0.0,1690,1470122.0
2014-06-11,852.0,875.0,860.0,865.0,0.0,2058,1776719.0
2014-06-10,835.0,852.0,835.0,852.0,0.0,1558,1303575.0
2014-06-09,824.0,840.0,830.0,835.0,0.0,1188,994107.0
2014-06-08,799.0,824.0,800.0,824.0,0.0,1306,1073856.0
2014-06-05,870.0,853.0,799.0,799.0,0.0,430,353692.0
2014-06-04,887.0,870.0,870.0,870.0,0.0,248,215760.0
2014-06-03,870.0,887.0,853.0,887.0,0.0,1748,1517914.0
2014-06-02,852.0,918.0,869.0,870.0,0.0,13172,11702679.0
2014-06-01,775.0,852.0,790.0,852.0,0.0,25444,21164272.0
2014-05-28,755.0,780.0,760.0,775.0,0.0,8986,6861509.0
2014-05-27,767.0,765.0,755.0,755.0,0.0,2569,1952711.0
2014-05-26,755.0,775.0,746.0,767.0,0.0,7940,6022168.0
2014-05-25,748.0,770.0,745.0,755.0,0.0,5248,3962193.0
2014-05-22,708.0,748.0,705.0,748.0,0.0,10685,7656494.0
2014-05-21,715.0,710.0,700.0,708.0,0.0,2273,1604128.0
2014-05-20,701.0,715.0,705.0,715.0,0.0,560,399800.0
2014-05-19,712.0,715.0,701.0,701.0,0.0,534,374810.0
2014-05-18,704.0,714.0,700.0,712.0,0.0,713,506799.0
2014-05-15,740.0,730.0,696.0,704.0,0.0,3366,2385730.0
2014-05-13,705.0,740.0,715.0,740.0,0.0,1639,1186747.0
2014-05-12,691.0,705.0,700.0,705.0,0.0,254,178514.0
2014-05-11,719.0,719.0,691.0,691.0,0.0,339,237771.0
2014-05-08,700.0,719.0,699.0,719.0,0.0,1382,966795.0
2014-05-07,701.0,700.0,687.0,700.0,0.0,816,565542.0
2014-05-06,720.0,720.0,701.0,701.0,0.0,1089,776462.0
2014-05-05,720.0,771.0,720.0,720.0,0.0,2758,2046295.0
2014-05-04,741.0,727.0,715.0,720.0,0.0,906,649883.0
2014-04-30,729.0,756.0,730.0,741.0,0.0,996,737887.0
2014-04-29,724.0,752.0,710.0,729.0,0.0,1361,995182.0
2014-04-28,680.0,748.0,685.0,724.0,0.0,8860,6400822.0
2014-04-27,625.0,680.0,630.0,680.0,0.0,4036,2592160.0
2014-04-23,593.0,630.0,604.0,625.0,0.0,873,540485.0
2014-04-22,600.0,600.0,593.0,593.0,0.0,1790,1063702.0
2014-04-21,600.0,612.0,600.0,600.0,0.0,2013,1210114.0
2014-04-20,589.0,600.0,600.0,600.0,0.0,101,60600.0
2014-04-17,575.0,589.0,575.0,589.0,0.0,287,166338.0
2014-04-16,575.0,575.0,568.0,575.0,0.0,230,131978.0
2014-04-15,594.0,583.0,575.0,575.0,0.0,291,168911.0
2014-04-13,608.0,607.0,594.0,594.0,0.0,205,123944.0
2014-04-10,598.0,609.0,600.0,608.0,0.0,2310,1398037.0
2014-04-09,573.0,598.0,576.0,598.0,0.0,149,88067.0
2014-04-07,605.0,593.0,573.0,573.0,0.0,75,43621.0
2014-04-06,595.0,605.0,600.0,605.0,0.0,388,232870.0
2014-04-03,583.0,600.0,590.0,595.0,0.0,809,481176.0
2014-04-02,607.0,605.0,583.0,583.0,0.0,1349,810328.0
2014-04-01,585.0,607.0,596.0,607.0,0.0,510,304070.0
2014-03-31,590.0,585.0,585.0,585.0,0.0,24,14040.0
2014-03-25,588.0,600.0,590.0,590.0,0.0,834,497845.0
2014-03-24,600.0,599.0,588.0,588.0,0.0,54,31862.0
2014-03-23,622.0,610.0,600.0,600.0,0.0,54,32740.0
2014-03-20,610.0,622.0,622.0,622.0,0.0,10,6220.0
2014-03-19,605.0,610.0,610.0,610.0,0.0,34,20740.0
2014-03-13,570.0,605.0,570.0,605.0,0.0,776,464110.0
2014-03-12,570.0,570.0,570.0,570.0,0.0,48,27360.0
2014-03-11,584.0,585.0,563.0,570.0,0.0,736,416706.0
2014-03-10,595.0,584.0,584.0,584.0,0.0,72,42048.0
2014-03-09,604.0,610.0,595.0,595.0,0.0,501,299910.0
2014-03-06,614.0,604.0,600.0,604.0,0.0,336,202400.0
2014-03-05,583.0,626.0,580.0,614.0,0.0,7288,4329392.0
2014-03-04,589.0,585.0,560.0,583.0,0.0,3217,1842321.0
2014-03-03,590.0,602.0,589.0,589.0,0.0,1441,857809.0
2014-02-26,601.0,612.0,590.0,590.0,0.0,702,421491.0
2014-02-25,660.0,647.0,600.0,601.0,0.0,3480,2122526.0
2014-02-24,692.0,743.0,660.0,660.0,0.0,5221,3749703.0
2014-02-23,634.0,697.0,646.0,692.0,0.0,13194,9138718.0
2014-02-20,577.0,634.0,588.0,634.0,0.0,7233,4566521.0
2014-02-18,525.0,577.0,535.0,577.0,0.0,6297,3566443.0
2014-02-17,478.0,525.0,487.0,525.0,0.0,9966,5114842.0
2014-02-16,435.0,478.0,440.0,478.0,0.0,1990,924044.0
2014-02-13,412.0,435.0,412.0,435.0,0.0,3788,1598026.0
2014-02-12,424.0,420.0,412.0,412.0,0.0,818,339460.0
2014-02-11,400.0,424.0,392.0,424.0,0.0,3750,1520647.0
2014-02-10,404.0,400.0,400.0,400.0,0.0,1000,400000.0
2014-02-09,400.0,410.0,403.0,404.0,0.0,3188,1294540.0
2014-02-06,402.0,409.0,400.0,400.0,0.0,2252,911889.0
2014-02-04,390.0,408.0,395.0,407.0,0.0,8165,3282858.0
2014-02-03,371.0,390.0,364.0,390.0,0.0,5431,2027229.0
2014-02-02,385.0,385.0,371.0,371.0,0.0,1472,553214.0
2014-01-29,360.0,390.0,360.0,385.0,0.0,5832,2208348.0
2014-01-28,345.0,362.0,351.0,360.0,0.0,3354,1201966.0
2014-01-27,340.0,346.0,340.0,345.0,0.0,2128,729628.0
2014-01-26,340.0,351.0,340.0,340.0,0.0,3105,1061644.0
2014-01-23,340.0,340.0,334.0,340.0,0.0,1773,602364.0
2014-01-22,340.0,346.0,340.0,340.0,0.0,578,196880.0
2014-01-21,345.0,351.0,339.0,340.0,0.0,1663,571460.0
2014-01-20,324.0,348.0,330.0,345.0,0.0,2414,824832.0
2014-01-19,301.0,324.0,300.0,324.0,0.0,1645,518676.0
2014-01-16,306.0,312.0,301.0,301.0,0.0,1817,554740.0
2014-01-14,301.0,306.0,296.0,306.0,0.0,808,245420.0
2014-01-13,304.0,305.0,300.0,301.0,0.0,2513,757164.0
2014-01-12,300.0,304.0,304.0,304.0,0.0,494,150176.0
2014-01-08,285.0,300.0,285.0,300.0,0.0,1701,499785.0
2014-01-07,294.0,299.0,285.0,285.0,0.0,2143,627879.0
2014-01-06,300.0,300.0,294.0,294.0,0.0,756,225734.0
2014-01-05,295.0,300.0,300.0,300.0,0.0,440,132000.0
2014-01-02,301.0,307.0,295.0,295.0,0.0,220,66526.0
2014-01-01,300.0,307.0,300.0,301.0,0.0,9080,2756129.0
2013-12-31,306.0,310.0,300.0,300.0,0.0,1612,492710.0
2013-12-29,306.0,306.0,300.0,306.0,0.0,1287,390838.0
2013-12-26,285.0,306.0,290.0,306.0,0.0,1177,351622.0
2013-12-24,272.0,285.0,275.0,285.0,0.0,3875,1077305.0
2013-12-23,267.0,272.0,267.0,272.0,0.0,5014,1357518.0
2013-12-22,267.0,270.0,262.0,267.0,0.0,2244,598389.0
2013-12-19,257.0,267.0,262.0,267.0,0.0,1138,300796.0
2013-12-15,248.0,257.0,252.0,257.0,0.0,1034,264568.0
2013-12-12,242.0,248.0,245.0,248.0,0.0,1433,352221.0
2013-12-11,250.0,249.0,237.0,242.0,0.0,3745,905560.0
2013-12-10,270.0,265.0,250.0,250.0,0.0,646,164010.0
2013-12-09,290.0,290.0,270.0,270.0,0.0,1705,480335.0
2013-12-08,283.0,306.0,287.0,290.0,0.0,13254,3910934.0
2013-12-05,258.0,283.0,263.0,283.0,0.0,12495,3476554.0
2013-12-04,235.0,258.0,239.0,258.0,0.0,767,197346.0
2013-12-03,214.0,235.0,218.0,235.0,0.0,71,16235.0
2013-12-02,195.0,214.0,198.0,214.0,0.0,94,19676.0
2013-12-01,178.0,195.0,181.0,195.0,0.0,2152,393030.0
2013-11-28,162.0,178.0,165.0,178.0,0.0,1040,181280.0
2013-11-27,148.0,162.0,155.0,162.0,0.0,190,30402.0
2013-11-26,146.0,148.0,148.0,148.0,0.0,20,2960.0
2013-11-24,142.0,146.0,144.0,146.0,0.0,78,11328.0
2013-11-14,140.0,142.0,140.0,142.0,0.0,2537,360180.0
2013-11-13,136.0,140.0,138.0,140.0,0.0,1500,209000.0
2013-11-11,137.0,136.0,136.0,136.0,0.0,100,13600.0
2013-10-03,135.0,137.0,137.0,137.0,0.0,101,13837.0
2013-10-01,133.0,135.0,131.0,135.0,0.0,968,129144.0
2013-09-30,135.0,133.0,133.0,133.0,0.0,500,66500.0
2013-09-29,142.0,140.0,135.0,135.0,0.0,622,85213.0
2013-09-26,144.0,142.0,142.0,142.0,0.0,20,2840.0
2013-09-25,160.0,157.0,144.0,144.0,0.0,1108,161523.0
2013-09-23,161.0,160.0,158.0,160.0,0.0,1460,232566.0
2013-09-22,172.0,169.0,161.0,161.0,0.0,1269,208129.0
2013-09-19,160.0,172.0,163.0,172.0,0.0,796,133024.0
2013-09-17,162.0,162.0,160.0,160.0,0.0,845,135452.0
2013-09-16,160.0,162.0,160.0,162.0,0.0,650,104696.0
2013-09-15,160.0,160.0,160.0,160.0,0.0,940,150400.0
2013-09-12,163.0,160.0,160.0,160.0,0.0,824,131840.0
2013-09-11,164.0,163.0,161.0,163.0,0.0,908,146936.0
2013-09-10,164.0,164.0,161.0,164.0,0.0,1500,242800.0
2013-09-09,167.0,164.0,164.0,164.0,0.0,34,5576.0
2013-09-08,170.0,167.0,167.0,167.0,0.0,364,60788.0
2013-09-05,173.0,176.0,170.0,170.0,0.0,2136,366876.0
2013-09-04,170.0,173.0,167.0,173.0,0.0,1434,244038.0
2013-09-03,173.0,176.0,167.0,170.0,0.0,1883,320685.0
2013-09-02,170.0,176.0,173.0,173.0,0.0,350,61000.0
2013-09-01,185.0,183.0,167.0,170.0,0.0,7793,1347511.0
2013-08-29,201.0,198.0,185.0,185.0,0.0,2720,524406.0
2013-08-27,205.0,225.0,201.0,201.0,0.0,10745,2283397.0
2013-08-26,187.0,205.0,190.0,205.0,0.0,6344,1299980.0
2013-08-25,170.0,187.0,170.0,187.0,0.0,11610,2155065.0
2013-08-20,170.0,178.0,165.0,170.0,0.0,7395,1265666.0
2013-08-19,159.0,170.0,144.0,170.0,0.0,3482,529151.0
2013-08-18,170.0,173.0,159.0,159.0,0.0,838,141012.0
2013-08-15,179.0,176.0,170.0,170.0,0.0,150,26160.0
2013-08-14,188.0,185.0,179.0,179.0,0.0,30,5460.0
2013-08-12,197.0,194.0,188.0,188.0,0.0,30,5730.0
2013-08-11,201.0,197.0,197.0,197.0,0.0,10,1970.0
2013-08-08,205.0,201.0,201.0,201.0,0.0,50,10050.0
2013-08-01,217.0,213.0,205.0,205.0,0.0,30,6270.0
2013-07-31,241.0,237.0,217.0,217.0,0.0,80,17960.0
2013-07-30,265.0,260.0,241.0,241.0,0.0,50,12510.0
2012-11-04,270.0,265.0,265.0,265.0,0.0,101,26765.0
2012-07-16,275.0,270.0,270.0,270.0,0.0,34,9180.0
2012-03-18,285.0,280.0,275.0,275.0,0.0,790,217420.0
2011-10-20,290.0,285.0,285.0,285.0,0.0,1680,478800.0
2011-09-12,295.0,290.0,290.0,290.0,0.0,12,3480.0
2011-07-28,295.0,295.0,295.0,295.0,0.0,34,10030.0
2011-07-13,295.0,295.0,295.0,295.0,0.0,12,3540.0
2011-05-26,295.0,295.0,295.0,295.0,0.0,12,3540.0
