open,high,low,close,percent_change,turnover,date
334.43,334.43,334.43,334.43,-0.14,0.0,2011-03-20
329.85,329.85,329.85,329.85,-0.43,0.0,2011-03-25
329.7,329.7,329.7,329.7,-0.05,0.0,2011-03-27
325.81,325.81,325.81,325.81,-0.75,0.0,2011-03-28
325.27,325.27,325.27,325.27,-0.16,0.0,2011-03-29
322.56,322.56,322.56,322.56,-0.71,0.0,2011-03-30
323.19,323.19,323.19,323.19,0.19,0.0,2011-03-31
322.26,322.26,322.26,322.26,-0.39,0.0,2011-04-04
319.99,319.99,319.99,319.99,-0.71,0.0,2011-04-05
318.47,318.47,318.47,318.47,-0.47,0.0,2011-04-06
317.46,317.46,317.46,317.46,-0.32,0.0,2011-04-07
315.6,315.6,315.6,315.6,-0.65,0.0,2011-04-10
314.38,314.38,314.38,314.38,-0.39,0.0,2011-04-11
315.78,315.78,315.78,315.78,0.44,0.0,2011-04-13
314.58,314.58,314.58,314.58,-0.38,0.0,2011-04-17
313.41,313.41,313.41,313.41,-0.37,0.0,2011-04-18
312.1,312.1,312.1,312.1,-0.42,0.0,2011-04-19
311.7,311.7,311.7,311.7,-0.13,0.0,2011-04-20
310.66,310.66,310.66,310.66,-0.33,0.0,2011-04-21
309.74,309.74,309.74,309.74,-0.28,0.0,2011-04-25
309.75,309.75,309.75,309.75,0.0,0.0,2011-04-26
308.46,308.46,308.46,308.46,-0.42,0.0,2011-04-27
306.68,306.68,306.68,306.68,-0.63,0.0,2011-04-28
305.52,305.52,305.52,305.52,-0.38,0.0,2011-05-02
303.49,303.49,303.49,303.49,-0.8,0.0,2011-05-03
302.05,302.05,302.05,302.05,-0.47,0.0,2011-05-04
302.14,302.14,302.14,302.14,0.03,0.0,2011-05-05
302.16,302.16,302.16,302.16,0.01,0.0,2011-05-08
300.85,300.85,300.85,300.85,-0.43,0.0,2011-05-09
299.84,299.84,299.84,299.84,-0.34,0.0,2011-05-10
300.79,300.79,300.79,300.79,0.32,0.0,2011-05-11
301.16,301.16,301.16,301.16,0.15,0.0,2011-05-12
301.87,301.87,301.87,301.87,0.24,0.0,2011-05-15
301.11,301.11,301.11,301.11,-0.25,0.0,2011-05-16
298.5,298.5,298.5,298.5,-0.87,0.0,2011-05-18
298.86,298.86,298.86,298.86,0.1,0.0,2011-05-19
298.74,298.74,298.74,298.74,-0.04,0.0,2011-05-22
298.2,298.2,298.2,298.2,-0.18,0.0,2011-05-23
298.27,298.27,298.27,298.27,0.05,0.0,2011-05-24
297.92,297.92,297.92,297.92,-0.12,0.0,2011-05-25
299.21,299.21,299.21,299.21,0.43,0.0,2011-05-26
299.05,299.05,299.05,299.05,-0.06,0.0,2011-05-30
298.73,298.73,298.73,298.73,-0.11,0.0,2011-05-31
297.22,297.22,297.22,297.22,-0.5,0.0,2011-06-01
296.19,296.19,296.19,296.19,-0.35,0.0,2011-06-02
294.33,294.33,294.33,294.33,-0.63,0.0,2011-06-05
293.5,293.5,293.5,293.5,-0.26,0.0,2011-06-06
291.89,291.89,291.89,291.89,-0.55,0.0,2011-06-07
286.64,286.64,286.64,286.64,-1.8,0.0,2011-06-08
284.21,284.21,284.21,284.21,-0.85,0.0,2011-06-09
282.95,282.95,282.95,282.95,-0.44,0.0,2011-06-12
281.47,281.47,281.47,281.47,-0.52,0.0,2011-06-13
279.15,279.15,279.15,279.15,-0.82,0.0,2011-06-14
277.61,277.61,277.61,277.61,-0.55,0.0,2011-06-15
277.68,277.68,277.68,277.68,0.04,0.0,2011-06-16
285.17,285.17,285.17,285.17,1.96,0.0,2011-06-20
290.0,290.0,290.0,290.0,1.7,0.0,2011-06-21
296.84,296.84,296.84,296.84,2.29,0.0,2011-06-23
296.45,296.45,296.45,296.45,-0.13,0.0,2011-06-26
295.97,295.97,295.97,295.97,-0.16,0.0,2011-06-27
293.28,293.28,293.28,293.28,-0.91,0.0,2011-06-29
291.16,291.16,291.16,291.16,-0.72,0.0,2011-06-30
288.82,288.82,288.82,288.82,-0.8,0.0,2011-07-03
286.01,286.01,286.01,286.01,-0.97,0.0,2011-07-04
286.65,286.65,286.65,286.65,0.22,0.0,2011-07-05
286.39,286.39,286.39,286.39,-0.09,0.0,2011-07-06
284.86,284.86,284.86,284.86,-0.53,0.0,2011-07-07
286.26,286.26,286.26,286.26,0.49,0.0,2011-07-10
286.43,286.43,286.43,286.43,0.06,0.0,2011-07-11
286.61,286.61,286.61,286.61,0.06,0.0,2011-07-12
289.31,289.31,289.31,289.31,0.94,0.0,2011-07-13
294.15,294.15,294.15,294.15,1.67,0.0,2011-07-14
298.04,298.04,298.04,298.04,2.64,0.0,2011-07-17
297.05,297.05,297.05,297.05,-0.33,0.0,2011-07-18
297.93,297.93,297.93,297.93,0.3,0.0,2011-07-19
301.29,301.29,301.29,301.29,1.13,0.0,2011-07-20
299.41,299.41,299.41,299.41,-0.63,0.0,2011-07-21
296.4,296.4,296.4,296.4,-1.0,0.0,2011-07-24
293.64,293.64,293.64,293.64,-0.93,0.0,2011-07-25
293.66,293.66,293.66,293.66,0.01,0.0,2011-07-26
294.83,294.83,294.83,294.83,0.4,0.0,2011-07-27
295.2,295.2,295.2,295.2,0.12,0.0,2011-07-28
294.15,294.15,294.15,294.15,-0.29,0.0,2011-07-31
292.74,292.74,292.74,292.74,-0.48,0.0,2011-08-01
293.49,293.49,293.49,293.49,0.26,0.0,2011-08-02
293.31,293.31,293.31,293.31,-0.06,0.0,2011-08-03
294.25,294.25,294.25,294.25,0.32,0.0,2011-08-04
292.63,292.63,292.63,292.63,-0.55,0.0,2011-08-07
292.26,292.26,292.26,292.26,-0.14,0.0,2011-08-08
291.09,291.09,291.09,291.09,-0.56,0.0,2011-08-09
290.49,290.49,290.49,290.49,-0.21,0.0,2011-08-10
290.06,290.06,290.06,290.06,-0.15,0.0,2011-08-11
289.35,289.35,289.35,289.35,-0.25,0.0,2011-08-15
288.22,288.22,288.22,288.22,-0.39,0.0,2011-08-16
287.82,287.82,287.82,287.82,-0.14,0.0,2011-08-17
288.38,288.38,288.38,288.38,0.2,0.0,2011-08-18
285.92,285.92,285.92,285.92,-0.79,0.0,2011-08-22
286.04,286.04,286.04,286.04,0.04,0.0,2011-08-23
286.75,286.75,286.75,286.75,0.82,0.0,2011-08-24
286.63,286.63,286.63,286.63,-0.04,0.0,2011-08-25
284.85,284.85,284.85,284.85,-0.62,0.0,2011-08-28
284.68,284.68,284.68,284.68,-0.06,0.0,2011-08-29
285.71,285.71,285.71,285.71,0.46,0.0,2011-08-30
286.01,286.01,286.01,286.01,0.1,0.0,2011-09-01
284.98,284.98,284.98,284.98,-0.36,0.0,2011-09-04
282.72,282.72,282.72,282.72,-0.79,0.0,2011-09-05
282.42,282.42,282.42,282.42,-0.11,0.0,2011-09-06
283.81,283.81,283.81,283.81,0.49,0.0,2011-09-07
282.84,282.84,282.84,282.84,-0.34,0.0,2011-09-08
282.13,282.13,282.13,282.13,-0.25,0.0,2011-09-12
280.61,280.61,280.61,280.61,-0.54,0.0,2011-09-13
278.21,278.21,278.21,278.21,-0.85,0.0,2011-09-14
277.8,277.8,277.8,277.8,-0.14,0.0,2011-09-15
276.33,276.33,276.33,276.33,-0.53,0.0,2011-09-18
275.53,275.53,275.53,275.53,-0.29,0.0,2011-09-19
279.92,279.92,279.92,279.92,1.59,0.0,2011-09-20
280.22,280.22,280.22,280.22,0.11,0.0,2011-09-21
281.91,281.91,281.91,281.91,0.6,0.0,2011-09-22
281.98,281.98,281.98,281.98,0.02,0.0,2011-09-25
281.99,281.99,281.99,281.99,0.0,0.0,2011-09-26
281.08,281.08,281.08,281.08,-0.32,0.0,2011-09-27
281.79,281.79,281.79,281.79,0.25,0.0,2011-09-29
280.84,280.84,280.84,280.84,-0.34,0.0,2011-10-02
280.7,280.7,280.7,280.7,-0.05,0.0,2011-10-09
280.24,280.24,280.24,280.24,-0.16,0.0,2011-10-10
280.59,280.59,280.59,280.59,0.13,0.0,2011-10-12
279.29,279.29,279.29,279.29,-0.46,0.0,2011-10-13
278.87,278.87,278.87,278.87,-0.15,0.0,2011-10-16
278.5,278.5,278.5,278.5,-0.13,0.0,2011-10-17
278.92,278.92,278.92,278.92,0.15,0.0,2011-10-18
278.49,278.49,278.49,278.49,-0.15,0.0,2011-10-19
278.55,278.55,278.55,278.55,0.02,0.0,2011-10-20
278.31,278.31,278.31,278.31,-0.08,0.0,2011-10-23
278.45,278.45,278.45,278.45,0.05,0.0,2011-10-24
278.9,278.9,278.9,278.9,0.16,0.0,2011-10-25
278.26,278.26,278.26,278.26,-0.23,0.0,2011-10-30
278.13,278.13,278.13,278.13,-0.05,0.0,2011-10-31
282.1,282.1,282.1,282.1,1.43,0.0,2011-11-02
282.73,282.73,282.73,282.73,0.21,0.0,2011-11-03
282.54,282.54,282.54,282.54,-0.07,0.0,2011-11-06
281.34,281.34,281.34,281.34,-0.42,0.0,2011-11-08
280.04,280.04,280.04,280.04,-0.46,0.0,2011-11-09
279.67,279.67,279.67,279.67,-0.13,0.0,2011-11-10
278.79,278.79,278.79,278.79,-0.31,0.0,2011-11-13
277.72,277.72,277.72,277.72,-0.38,0.0,2011-11-14
277.45,277.45,277.45,277.45,-0.1,0.0,2011-11-15
276.93,276.93,276.93,276.93,-0.19,0.0,2011-11-16
277.45,277.45,277.45,277.45,0.19,0.0,2011-11-17
276.5,276.5,276.5,276.5,-0.34,0.0,2011-11-20
277.51,277.51,277.51,277.51,0.37,0.0,2011-11-21
277.16,277.16,277.16,277.16,-0.12,0.0,2011-11-22
275.08,275.08,275.08,275.08,-0.75,0.0,2011-11-23
274.33,274.33,274.33,274.33,-0.27,0.0,2011-11-24
274.11,274.11,274.11,274.11,-0.08,0.0,2011-11-27
273.64,273.64,273.64,273.64,-0.17,0.0,2011-11-28
271.35,271.35,271.35,271.35,-0.54,0.0,2011-12-01
270.71,270.71,270.71,270.71,-0.24,0.0,2011-12-04
270.29,270.29,270.29,270.29,-0.16,0.0,2011-12-05
270.28,270.28,270.28,270.28,0.0,0.0,2011-12-06
269.61,269.61,269.61,269.61,-0.25,0.0,2011-12-07
269.25,269.25,269.25,269.25,-0.15,0.0,2011-12-08
268.63,268.63,268.63,268.63,-0.23,0.0,2011-12-11
267.87,267.87,267.87,267.87,-0.28,0.0,2011-12-12
265.09,265.09,265.09,265.09,-1.04,0.0,2011-12-13
264.69,264.69,264.69,264.69,-0.15,0.0,2011-12-14
264.1,264.1,264.1,264.1,-0.22,0.0,2011-12-15
263.7,263.7,263.7,263.7,-0.15,0.0,2011-12-18
263.16,263.16,263.16,263.16,-0.21,0.0,2011-12-19
262.89,262.89,262.89,262.89,-0.1,0.0,2011-12-20
262.73,262.73,262.73,262.73,-0.06,0.0,2011-12-21
262.36,262.36,262.36,262.36,-0.14,0.0,2011-12-22
262.44,262.44,262.44,262.44,0.03,0.0,2011-12-26
262.66,262.66,262.66,262.66,0.08,0.0,2011-12-27
262.33,262.33,262.33,262.33,-0.13,0.0,2011-12-28
262.09,262.09,262.09,262.09,-0.09,0.0,2011-12-29
262.23,262.23,262.23,262.23,0.05,0.0,2012-01-01
263.87,263.87,263.87,263.87,0.62,0.0,2012-01-02
263.38,263.38,263.38,263.38,-0.19,0.0,2012-01-03
261.69,261.69,261.69,261.69,-0.64,0.0,2012-01-04
261.05,261.05,261.05,261.05,-0.23,0.0,2012-01-05
260.9,260.9,260.9,260.9,-0.06,0.0,2012-01-08
260.44,260.44,260.44,260.44,-0.18,0.0,2012-01-09
258.23,258.23,258.23,258.23,-0.85,0.0,2012-01-10
256.48,256.48,256.48,256.48,-0.68,0.0,2012-01-11
255.64,255.64,255.64,255.64,-0.33,0.0,2012-01-12
256.2,256.2,256.2,256.2,0.01,0.0,2012-01-17
256.04,256.04,256.04,256.04,-0.06,0.0,2012-01-18
255.78,255.78,255.78,255.78,-0.1,0.0,2012-01-19
255.8,255.8,255.8,255.8,0.01,0.0,2012-01-22
255.26,255.26,255.26,255.26,-0.21,0.0,2012-01-23
254.91,254.91,254.91,254.91,-0.14,0.0,2012-01-25
254.92,254.92,254.92,254.92,0.01,0.0,2012-01-26
254.62,254.62,254.62,254.62,-0.12,0.0,2012-01-29
253.49,253.49,253.49,253.49,-0.44,0.0,2012-01-31
253.89,253.89,253.89,253.89,0.16,0.0,2012-02-01
253.54,253.54,253.54,253.54,-0.14,0.0,2012-02-02
252.18,252.18,252.18,252.18,-0.53,0.0,2012-02-05
251.92,251.92,251.92,251.92,-0.08,0.0,2012-02-06
252.21,252.21,252.21,252.21,0.12,0.0,2012-02-07
250.81,250.81,250.81,250.81,-0.55,0.0,2012-02-08
249.64,249.64,249.64,249.64,-0.47,0.0,2012-02-09
249.03,249.03,249.03,249.03,-0.24,0.0,2012-02-12
248.32,248.32,248.32,248.32,-0.28,0.0,2012-02-13
247.58,247.58,247.58,247.58,-0.3,0.0,2012-02-14
246.6,246.6,246.6,246.6,-0.39,0.0,2012-02-15
246.54,246.54,246.54,246.54,-0.03,0.0,2012-02-16
246.13,246.13,246.13,246.13,-0.17,0.0,2012-02-21
245.64,245.64,245.64,245.64,-0.2,0.0,2012-02-23
295.55,295.55,295.55,295.55,-0.2,0.0,2012-02-26
293.69,293.69,293.69,293.69,-0.53,0.0,2012-02-27
293.82,293.82,293.82,293.82,0.04,0.0,2012-02-28
293.98,293.98,293.98,293.98,0.06,0.0,2012-02-29
294.05,294.05,294.05,294.05,0.02,0.0,2012-03-01
294.61,294.61,294.61,294.61,0.19,0.0,2012-03-04
295.21,295.21,295.21,295.21,0.2,0.0,2012-03-05
294.2,294.2,294.2,294.2,-0.34,0.0,2012-03-06
293.57,293.57,293.57,293.57,-0.22,0.0,2012-03-11
292.51,292.51,292.51,292.51,-0.36,0.0,2012-03-12
293.25,293.25,293.25,293.25,0.25,0.0,2012-03-13
293.03,293.03,293.03,293.03,-0.08,0.0,2012-03-14
234.86,234.86,234.86,234.86,-19.82,0.0,2012-03-15
237.75,237.75,237.75,237.75,1.23,0.0,2012-03-18
237.82,237.82,237.82,237.82,0.03,0.0,2012-03-19
237.58,237.58,237.58,237.58,-0.11,0.0,2012-03-20
236.15,236.15,236.15,236.15,-0.61,0.0,2012-03-21
235.66,235.66,235.66,235.66,-0.21,0.0,2012-03-25
235.15,235.15,235.15,235.15,-0.21,0.0,2012-03-26
234.39,234.39,234.39,234.39,-0.32,0.0,2012-03-27
235.3,235.3,235.3,235.3,0.39,0.0,2012-03-28
233.65,233.65,233.65,233.65,-0.7,0.0,2012-03-29
233.17,233.17,233.17,233.17,-0.2,0.0,2012-04-01
232.72,232.72,232.72,232.72,-0.19,0.0,2012-04-02
231.97,231.97,231.97,231.97,-0.32,0.0,2012-04-03
230.97,230.97,230.97,230.97,-0.43,0.0,2012-04-04
231.15,231.15,231.15,231.15,0.08,0.0,2012-04-05
231.67,231.67,231.67,231.67,0.22,0.0,2012-04-08
232.03,232.03,232.03,232.03,0.15,0.0,2012-04-09
231.61,231.61,231.61,231.61,-0.18,0.0,2012-04-10
232.5,232.5,232.5,232.5,0.38,0.0,2012-04-11
236.06,236.06,236.06,236.06,1.53,0.0,2012-04-12
240.26,240.26,240.26,240.26,1.78,0.0,2012-04-15
242.44,242.44,242.44,242.44,0.91,0.0,2012-04-16
244.3,244.3,244.3,244.3,0.77,0.0,2012-04-17
246.29,246.29,246.29,246.29,0.81,0.0,2012-04-18
249.07,249.07,249.07,249.07,1.06,0.0,2012-04-19
253.59,253.59,253.59,253.59,1.81,0.0,2012-04-22
257.13,257.13,257.13,257.13,1.39,0.0,2012-04-24
262.62,262.62,262.62,262.62,2.14,0.0,2012-04-25
268.42,268.42,268.42,268.42,2.21,0.0,2012-04-26
272.78,272.78,272.78,272.78,1.62,0.0,2012-04-29
272.12,272.12,272.12,272.12,-0.24,0.0,2012-04-30
270.9,270.9,270.9,270.9,-0.45,0.0,2012-05-02
273.19,273.19,273.19,273.19,0.84,0.0,2012-05-03
275.89,275.89,275.89,275.89,0.99,0.0,2012-05-07
278.59,278.59,278.59,278.59,0.97,0.0,2012-05-08
276.92,276.92,276.92,276.92,-0.59,0.0,2012-05-09
275.44,275.44,275.44,275.44,-0.53,0.0,2012-05-10
272.9,272.9,272.9,272.9,-0.92,0.0,2012-05-13
270.82,270.82,270.82,270.82,-0.76,0.0,2012-05-14
273.55,273.55,273.55,273.55,1.01,0.0,2012-05-15
276.27,276.27,276.27,276.27,0.99,0.0,2012-05-16
277.91,277.91,277.91,277.91,0.59,0.0,2012-05-17
274.4,274.4,274.4,274.4,-1.26,0.0,2012-05-20
275.28,275.28,275.28,275.28,0.32,0.0,2012-05-21
273.41,273.41,273.41,273.41,-0.66,0.0,2012-05-22
272.38,272.38,272.38,272.38,-0.37,0.0,2012-05-23
270.54,270.54,270.54,270.54,-0.64,0.0,2012-05-24
272.78,272.78,272.78,272.78,0.83,0.0,2012-05-27
269.26,269.26,269.26,269.26,-1.29,0.0,2012-05-29
267.46,267.46,267.46,267.46,-0.67,0.0,2012-05-30
264.88,264.88,264.88,264.88,-0.97,0.0,2012-05-31
264.37,264.37,264.37,264.37,-0.19,0.0,2012-06-03
262.45,262.45,262.45,262.45,-0.72,0.0,2012-06-04
258.69,258.69,258.69,258.69,-1.43,0.0,2012-06-05
255.33,255.33,255.33,255.33,-1.3,0.0,2012-06-06
254.09,254.09,254.09,254.09,-0.48,0.0,2012-06-07
251.61,251.61,251.61,251.61,-0.98,0.0,2012-06-10
251.55,251.55,251.55,251.55,-0.03,0.0,2012-06-11
250.34,250.34,250.34,250.34,-0.48,0.0,2012-06-12
249.44,249.44,249.44,249.44,-0.36,0.0,2012-06-13
248.16,248.16,248.16,248.16,-0.51,0.0,2012-06-14
246.94,246.94,246.94,246.94,-0.49,0.0,2012-06-17
247.1,247.1,247.1,247.1,0.06,0.0,2012-06-18
245.16,245.16,245.16,245.16,-0.78,0.0,2012-06-19
245.25,245.25,245.25,245.25,0.04,0.0,2012-06-20
245.53,245.53,245.53,245.53,0.11,0.0,2012-06-21
246.52,246.52,246.52,246.52,0.4,0.0,2012-06-25
245.87,245.87,245.87,245.87,-0.26,0.0,2012-06-26
246.89,246.89,246.89,246.89,0.42,0.0,2012-06-27
247.65,247.65,247.65,247.65,0.31,0.0,2012-06-28
247.76,247.76,247.76,247.76,0.04,0.0,2012-07-01
246.58,246.58,246.58,246.58,-0.48,0.0,2012-07-02
246.18,246.18,246.18,246.18,-0.16,0.0,2012-07-03
245.87,245.87,245.87,245.87,-0.13,0.0,2012-07-04
246.44,246.44,246.44,246.44,0.23,0.0,2012-07-05
244.72,244.72,244.72,244.72,-0.7,0.0,2012-07-08
244.52,244.52,244.52,244.52,-0.08,0.0,2012-07-09
245.53,245.53,245.53,245.53,0.41,0.0,2012-07-10
244.03,244.03,244.03,244.03,-0.61,0.0,2012-07-11
245.52,245.52,245.52,245.52,0.61,0.0,2012-07-12
245.43,245.43,245.43,245.43,-0.04,0.0,2012-07-15
244.18,244.18,244.18,244.18,-0.51,0.0,2012-07-16
245.55,245.55,245.55,245.55,0.56,0.0,2012-07-17
248.16,248.16,248.16,248.16,1.06,0.0,2012-07-18
250.73,250.73,250.73,250.73,1.03,0.0,2012-07-19
251.44,251.44,251.44,251.44,0.28,0.0,2012-07-22
253.01,253.01,253.01,253.01,0.63,0.0,2012-07-23
252.13,252.13,252.13,252.13,-0.35,0.0,2012-07-24
253.67,253.67,253.67,253.67,0.61,0.0,2012-07-25
252.8,252.8,252.8,252.8,-0.34,0.0,2012-07-26
251.11,251.11,251.11,251.11,-0.67,0.0,2012-07-29
251.0,251.0,251.0,251.0,-0.04,0.0,2012-07-30
250.58,250.58,250.58,250.58,-0.16,0.0,2012-07-31
251.0,251.0,251.0,251.0,0.17,0.0,2012-08-01
251.05,251.05,251.05,251.05,0.02,0.0,2012-08-05
250.72,250.72,250.72,250.72,-0.13,0.0,2012-08-06
250.33,250.33,250.33,250.33,-0.15,0.0,2012-08-07
249.91,249.91,249.91,249.91,-0.17,0.0,2012-08-08
248.22,248.22,248.22,248.22,-0.68,0.0,2012-08-12
246.55,246.55,246.55,246.55,-0.67,0.0,2012-08-13
247.3,247.3,247.3,247.3,0.31,0.0,2012-08-14
246.04,246.04,246.04,246.04,-0.51,0.0,2012-08-15
246.58,246.58,246.58,246.58,0.21,0.0,2012-08-16
246.11,246.11,246.11,246.11,-0.19,0.0,2012-08-19
245.99,245.99,245.99,245.99,-0.05,0.0,2012-08-21
246.18,246.18,246.18,246.18,-0.04,0.0,2012-08-22
246.49,246.49,246.49,246.49,0.13,0.0,2012-08-23
245.54,245.54,245.54,245.54,-0.38,0.0,2012-08-26
245.45,245.45,245.45,245.45,-0.04,0.0,2012-08-27
244.96,244.96,244.96,244.96,-0.2,0.0,2012-08-28
246.08,246.08,246.08,246.08,0.45,0.0,2012-08-29
245.76,245.76,245.76,245.76,-0.13,0.0,2012-08-30
248.93,248.93,248.93,248.93,1.29,0.0,2012-09-02
249.51,249.51,249.51,249.51,0.23,0.0,2012-09-03
248.52,248.52,248.52,248.52,-0.39,0.0,2012-09-04
247.6,247.6,247.6,247.6,-0.37,0.0,2012-09-05
246.53,246.53,246.53,246.53,-43.0,0.0,2012-09-06
245.16,245.16,245.16,245.16,-0.56,0.0,2012-09-09
245.19,245.19,245.19,245.19,0.01,0.0,2012-09-10
245.59,245.59,245.59,245.59,0.16,0.0,2012-09-11
245.59,245.59,245.59,245.59,0.01,0.0,2012-09-12
246.75,246.75,246.75,246.75,0.49,0.0,2012-09-13
249.15,249.15,249.15,249.15,0.98,0.0,2012-09-16
249.52,249.52,249.52,249.52,0.15,0.0,2012-09-17
251.4,251.4,251.4,251.4,0.75,0.0,2012-09-18
249.89,249.89,249.89,249.89,-0.6,0.0,2012-09-19
250.38,250.38,250.38,250.38,0.16,0.0,2012-09-20
249.88,249.88,249.88,249.88,-0.2,0.0,2012-09-23
248.4,248.4,248.4,248.4,-0.56,0.0,2012-09-24
248.32,248.32,248.32,248.32,0.01,0.0,2012-09-25
247.86,247.86,247.86,247.86,-0.19,0.0,2012-09-26
246.67,246.67,246.67,246.67,-0.43,0.0,2012-09-30
243.54,243.54,243.54,243.54,-1.27,0.0,2012-10-01
242.41,242.41,242.41,242.41,-0.46,0.0,2012-10-02
241.04,241.04,241.04,241.04,-0.57,0.0,2012-10-03
241.2,241.2,241.2,241.2,0.06,0.0,2012-10-04
239.5,239.5,239.5,239.5,-0.7,0.0,2012-10-07
240.59,240.59,240.59,240.59,0.46,0.0,2012-10-08
240.18,240.18,240.18,240.18,-0.17,0.0,2012-10-09
240.76,240.76,240.76,240.76,0.22,0.0,2012-10-10
240.8,240.8,240.8,240.8,0.02,0.0,2012-10-11
240.9,240.9,240.9,240.9,0.04,0.0,2012-10-14
242.88,242.88,242.88,242.88,0.83,0.0,2012-10-15
243.69,243.69,243.69,243.69,0.33,0.0,2012-10-17
243.08,243.08,243.08,243.08,-0.24,0.0,2012-10-18
244.34,244.34,244.34,244.34,0.51,0.0,2012-10-30
246.78,246.78,246.78,246.78,1.0,0.0,2012-10-31
245.69,245.69,245.69,245.69,-0.43,0.0,2012-11-01
246.58,246.58,246.58,246.58,0.36,0.0,2012-11-04
249.98,249.98,249.98,249.98,1.22,0.0,2012-11-05
251.64,251.64,251.64,251.64,0.66,0.0,2012-11-06
253.38,253.38,253.38,253.38,0.67,0.0,2012-11-07
255.63,255.63,255.63,255.63,0.89,0.0,2012-11-08
252.69,252.69,252.69,252.69,-1.15,0.0,2012-11-11
252.08,252.08,252.08,252.08,-0.25,0.0,2012-11-12
255.59,255.59,255.59,255.59,1.39,0.0,2012-11-18
255.75,255.75,255.75,255.75,0.06,0.0,2012-11-20
253.44,253.44,253.44,253.44,-0.9,0.0,2012-11-21
253.13,253.13,253.13,253.13,0.01,0.0,2012-11-22
251.89,251.89,251.89,251.89,-0.49,0.0,2012-11-25
250.55,250.55,250.55,250.55,-0.53,0.0,2012-11-26
251.58,251.58,251.58,251.58,0.41,0.0,2012-11-27
250.45,250.45,250.45,250.45,-0.45,0.0,2012-11-28
250.26,250.26,250.26,250.26,-0.22,0.0,2012-11-29
249.19,249.19,249.19,249.19,-0.56,0.0,2012-12-02
247.95,247.95,247.95,247.95,-0.5,0.0,2012-12-03
248.92,248.92,248.92,248.92,0.39,0.0,2012-12-04
249.86,249.86,249.86,249.86,0.37,0.0,2012-12-05
249.47,249.47,249.47,249.47,-0.15,0.0,2012-12-06
248.51,248.51,248.51,248.51,-0.3,0.0,2012-12-09
247.77,247.77,247.77,247.77,-0.29,0.0,2012-12-10
247.64,247.64,247.64,247.64,-0.05,0.0,2012-12-11
248.03,248.03,248.03,248.03,0.16,0.0,2012-12-12
248.1,248.1,248.1,248.1,0.03,0.0,2012-12-13
248.15,248.15,248.15,248.15,0.07,0.0,2012-12-16
250.01,250.01,250.01,250.01,0.44,0.0,2012-12-17
252.65,252.65,252.65,252.65,1.06,0.0,2012-12-18
258.09,258.09,258.09,258.09,2.09,0.0,2012-12-19
258.15,258.15,258.15,258.15,0.02,0.0,2012-12-20
264.22,264.22,264.22,264.22,2.35,0.0,2012-12-23
263.29,263.29,263.29,263.29,-0.36,0.0,2012-12-24
263.35,263.35,263.35,263.35,0.02,0.0,2012-12-26
262.23,262.23,262.23,262.23,-0.42,0.0,2012-12-27
261.26,261.26,261.26,261.26,-0.37,0.0,2012-12-31
259.48,259.48,259.48,259.48,-0.68,0.0,2013-01-01
257.9,257.9,257.9,257.9,-0.61,0.0,2013-01-02
256.63,256.63,256.63,256.63,-0.62,0.0,2013-01-03
256.4,256.4,256.4,256.4,-0.09,0.0,2013-01-06
256.09,256.09,256.09,256.09,-0.12,0.0,2013-01-07
255.56,255.56,255.56,255.56,-0.21,0.0,2013-01-08
255.49,255.49,255.49,255.49,-0.03,0.0,2013-01-09
254.83,254.83,254.83,254.83,-0.26,0.0,2013-01-10
255.43,255.43,255.43,255.43,0.24,0.0,2013-01-13
255.13,255.13,255.13,255.13,-0.21,0.0,2013-01-15
254.23,254.23,254.23,254.23,-0.4,0.0,2013-01-16
253.16,253.16,253.16,253.16,-0.39,0.0,2013-01-17
250.75,250.75,250.75,250.75,-1.03,0.0,2013-01-20
252.72,252.72,252.72,252.72,0.79,0.0,2013-01-21
253.79,253.79,253.79,253.79,0.42,0.0,2013-01-22
253.23,253.23,253.23,253.23,-0.22,0.0,2013-01-23
250.64,250.64,250.64,250.64,-1.02,0.0,2013-01-24
249.2,249.2,249.2,249.2,-0.57,0.0,2013-01-27
248.47,248.47,248.47,248.47,-0.29,0.0,2013-01-28
246.24,246.24,246.24,246.24,-0.91,0.0,2013-01-30
245.94,245.94,245.94,245.94,-0.12,0.0,2013-01-31
247.44,247.44,247.44,247.44,0.61,0.0,2013-02-03
247.88,247.88,247.88,247.88,0.13,0.0,2013-02-04
248.3,248.3,248.3,248.3,0.17,0.0,2013-02-05
247.39,247.39,247.39,247.39,-0.37,0.0,2013-02-06
246.9,246.9,246.9,246.9,-0.2,0.0,2013-02-07
247.17,247.17,247.17,247.17,0.12,0.0,2013-02-10
248.51,248.51,248.51,248.51,0.54,0.0,2013-02-12
247.89,247.89,247.89,247.89,-0.25,0.0,2013-02-13
248.7,248.7,248.7,248.7,0.33,0.0,2013-02-14
249.95,249.95,249.95,249.95,0.52,0.0,2013-02-17
251.33,251.33,251.33,251.33,0.55,0.0,2013-02-19
249.68,249.68,249.68,249.68,-0.66,0.0,2013-02-20
247.76,247.76,247.76,247.76,-0.77,0.0,2013-02-21
246.76,246.76,246.76,246.76,-0.4,0.0,2013-02-24
247.96,247.96,247.96,247.96,0.49,0.0,2013-02-25
248.33,248.33,248.33,248.33,0.15,0.0,2013-02-26
248.82,248.82,248.82,248.82,0.2,0.0,2013-02-27
249.03,249.03,249.03,249.03,0.08,0.0,2013-02-28
249.46,249.46,249.46,249.46,0.17,0.0,2013-03-03
250.04,250.04,250.04,250.04,0.23,0.0,2013-03-04
250.11,250.11,250.11,250.11,0.03,0.0,2013-03-05
250.95,250.95,250.95,250.95,0.33,0.0,2013-03-06
252.43,252.43,252.43,252.43,0.36,0.0,2013-03-07
253.01,253.01,253.01,253.01,0.23,0.0,2013-03-11
254.31,254.31,254.31,254.31,0.51,0.0,2013-03-13
255.79,255.79,255.79,255.79,0.58,0.0,2013-03-14
255.53,255.53,255.53,255.53,-0.17,0.0,2013-03-17
253.54,253.54,253.54,253.54,-0.78,0.0,2013-03-18
252.78,252.78,252.78,252.78,-0.3,0.0,2013-03-19
252.55,252.55,252.55,252.55,-0.09,0.0,2013-03-20
252.76,252.76,252.76,252.76,0.04,0.0,2013-03-21
250.58,250.58,250.58,250.58,-0.86,0.0,2013-03-24
250.97,250.97,250.97,250.97,0.15,0.0,2013-03-25
249.95,249.95,249.95,249.95,-0.41,0.0,2013-03-27
249.74,249.74,249.74,249.74,-0.08,0.0,2013-03-28
248.4,248.4,248.4,248.4,-0.54,0.0,2013-03-31
247.07,247.07,247.07,247.07,-0.54,0.0,2013-04-01
248.28,248.28,248.28,248.28,0.49,0.0,2013-04-02
248.81,248.81,248.81,248.81,0.21,0.0,2013-04-03
247.93,247.93,247.93,247.93,-0.35,0.0,2013-04-04
248.18,248.18,248.18,248.18,0.11,0.0,2013-04-07
248.17,248.17,248.17,248.17,-0.01,0.0,2013-04-08
248.78,248.78,248.78,248.78,0.25,0.0,2013-04-09
250.41,250.41,250.41,250.41,0.66,0.0,2013-04-11
250.55,250.55,250.55,250.55,0.06,0.0,2013-04-15
248.78,248.78,248.78,248.78,-0.71,0.0,2013-04-16
249.28,249.28,249.28,249.28,0.2,0.0,2013-04-17
249.62,249.62,249.62,249.62,0.14,0.0,2013-04-18
249.35,249.35,249.35,249.35,-0.11,0.0,2013-04-21
248.21,248.21,248.21,248.21,-0.46,0.0,2013-04-22
248.29,248.29,248.29,248.29,0.03,0.0,2013-04-23
248.13,248.13,248.13,248.13,-0.07,0.0,2013-04-25
246.97,246.97,246.97,246.97,-0.51,0.0,2013-04-28
246.97,246.97,246.97,246.97,-0.01,0.0,2013-04-29
246.56,246.56,246.56,246.56,-0.17,0.0,2013-04-30
245.23,245.23,245.23,245.23,-0.53,0.0,2013-05-02
244.1,244.1,244.1,244.1,-0.46,0.0,2013-05-05
242.9,242.9,242.9,242.9,-0.49,0.0,2013-05-06
243.41,243.41,243.41,243.41,0.2,0.0,2013-05-07
243.71,243.71,243.71,243.71,0.12,0.0,2013-05-08
245.01,245.01,245.01,245.01,0.54,0.0,2013-05-09
243.75,243.75,243.75,243.75,-0.51,0.0,2013-05-12
245.04,245.04,245.04,245.04,0.53,0.0,2013-05-13
245.45,245.45,245.45,245.45,0.18,0.0,2013-05-14
246.12,246.12,246.12,246.12,0.27,0.0,2013-05-15
247.12,247.12,247.12,247.12,0.4,0.0,2013-05-16
248.34,248.34,248.34,248.34,0.07,0.0,2013-05-19
251.75,251.75,251.75,251.75,1.38,0.0,2013-05-20
251.53,251.53,251.53,251.53,-0.08,0.0,2013-05-21
251.26,251.26,251.26,251.26,-0.11,0.0,2013-05-22
251.54,251.54,251.54,251.54,0.12,0.0,2013-05-23
251.83,251.83,251.83,251.83,0.11,0.0,2013-05-26
252.57,252.57,252.57,252.57,0.29,0.0,2013-05-27
254.22,254.22,254.22,254.22,0.65,0.0,2013-05-28
254.88,254.88,254.88,254.88,0.25,0.0,2013-05-30
254.88,254.88,254.88,254.88,0.25,0.0,2013-05-31
253.6,253.6,253.6,253.6,-0.5,0.0,2013-06-02
254.65,254.65,254.65,254.65,0.38,0.0,2013-06-03
253.97,253.97,253.97,253.97,-0.27,0.0,2013-06-04
254.69,254.69,254.69,254.69,0.28,0.0,2013-06-05
254.57,254.57,254.57,254.57,-0.05,0.0,2013-06-06
253.74,253.74,253.74,253.74,-0.33,0.0,2013-06-09
253.34,253.34,253.34,253.34,-0.15,0.0,2013-06-10
254.23,254.23,254.23,254.23,0.35,0.0,2013-06-11
254.14,254.14,254.14,254.14,-0.04,0.0,2013-06-12
253.83,253.83,253.83,253.83,-0.12,0.0,2013-06-13
254.42,254.42,254.42,254.42,0.23,0.0,2013-06-16
253.49,253.49,253.49,253.49,-0.37,0.0,2013-06-17
252.24,252.24,252.24,252.24,-0.49,0.0,2013-06-18
252.32,252.32,252.32,252.32,0.03,0.0,2013-06-19
251.85,251.85,251.85,251.85,-0.19,0.0,2013-06-20
251.13,251.13,251.13,251.13,-0.28,0.0,2013-06-23
250.76,250.76,250.76,250.76,-0.15,0.0,2013-06-24
251.13,251.13,251.13,251.13,0.15,0.0,2013-06-25
250.83,250.83,250.83,250.83,-0.12,0.0,2013-06-26
250.56,250.56,250.56,250.56,-0.1,0.0,2013-06-27
250.07,250.07,250.07,250.07,-0.2,0.0,2013-06-30
249.55,249.55,249.55,249.55,-0.21,0.0,2013-07-01
249.85,249.85,249.85,249.85,0.12,0.0,2013-07-02
250.54,250.54,250.54,250.54,0.28,0.0,2013-07-03
251.56,251.56,251.56,251.56,0.36,0.0,2013-07-04
253.25,253.25,253.25,253.25,0.67,0.0,2013-07-07
254.17,254.17,254.17,254.17,0.36,0.0,2013-07-08
255.54,255.54,255.54,255.54,0.51,0.0,2013-07-09
256.66,256.66,256.66,256.66,0.44,0.0,2013-07-10
256.74,256.74,256.74,256.74,0.03,0.0,2013-07-11
256.94,256.94,256.94,256.94,0.07,0.0,2013-07-14
257.85,257.85,257.85,257.85,0.35,0.0,2013-07-15
257.71,257.71,257.71,257.71,-0.06,0.0,2013-07-16
258.6,258.6,258.6,258.6,0.35,0.0,2013-07-17
260.24,260.24,260.24,260.24,0.63,0.0,2013-07-18
262.94,262.94,262.94,262.94,1.04,0.0,2013-07-21
262.83,262.83,262.83,262.83,-0.04,0.0,2013-07-22
261.52,261.52,261.52,261.52,-0.52,0.0,2013-07-23
261.15,261.15,261.15,261.15,-0.14,0.0,2013-07-24
260.99,260.99,260.99,260.99,-0.06,0.0,2013-07-25
262.47,262.47,262.47,262.47,0.57,0.0,2013-07-28
263.46,263.46,263.46,263.46,0.38,0.0,2013-07-29
263.21,263.21,263.21,263.21,-0.1,0.0,2013-07-30
264.4,264.4,264.4,264.4,0.45,0.0,2013-07-31
264.32,264.32,264.32,264.32,-0.03,0.0,2013-08-01
264.45,264.45,264.45,264.45,0.05,0.0,2013-08-04
263.09,263.09,263.09,263.09,-0.51,0.0,2013-08-05
263.62,263.62,263.62,263.62,0.2,0.0,2013-08-06
264.01,264.01,264.01,264.01,0.14,0.0,2013-08-07
265.34,265.34,265.34,265.34,0.5,0.0,2013-08-08
267.29,267.29,267.29,267.29,0.74,0.0,2013-08-11
269.65,269.65,269.65,269.65,0.88,0.0,2013-08-12
272.52,272.52,272.52,272.52,1.07,0.0,2013-08-13
273.98,273.98,273.98,273.98,0.53,0.0,2013-08-14
274.24,274.24,274.24,274.24,0.09,0.0,2013-08-15
273.62,273.62,273.62,273.62,-0.23,0.0,2013-08-18
275.83,275.83,275.83,275.83,0.81,0.0,2013-08-19
280.15,280.15,280.15,280.15,1.57,0.0,2013-08-20
279.89,279.89,279.89,279.89,-0.09,0.0,2013-08-25
279.72,279.72,279.72,279.72,-0.06,0.0,2013-08-26
281.61,281.61,281.61,281.61,0.67,0.0,2013-08-27
281.82,281.82,281.82,281.82,0.07,0.0,2013-08-29
280.93,280.93,280.93,280.93,-0.32,0.0,2013-09-01
279.33,279.33,279.33,279.33,-0.57,0.0,2013-09-02
277.41,277.41,277.41,277.41,-0.69,0.0,2013-09-03
275.63,275.63,275.63,275.63,-0.64,0.0,2013-09-04
277.55,277.55,277.55,277.55,0.69,0.0,2013-09-05
277.8,277.8,277.8,277.8,0.09,0.0,2013-09-08
281.16,281.16,281.16,281.16,1.2,0.0,2013-09-09
283.34,283.34,283.34,283.34,0.77,0.0,2013-09-10
282.58,282.58,282.58,282.58,-0.26,0.0,2013-09-11
281.85,281.85,281.85,281.85,-0.26,0.0,2013-09-12
280.98,280.98,280.98,280.98,-0.31,0.0,2013-09-15
279.93,279.93,279.93,279.93,-0.37,0.0,2013-09-16
277.87,277.87,277.87,277.87,-0.74,0.0,2013-09-17
277.46,277.46,277.46,277.46,-0.14,0.0,2013-09-19
277.39,277.39,277.39,277.39,-0.03,0.0,2013-09-22
276.24,276.24,276.24,276.24,-0.41,0.0,2013-09-23
276.44,276.44,276.44,276.44,0.07,0.0,2013-09-24
277.0,277.0,277.0,277.0,0.2,0.0,2013-09-25
277.64,277.64,277.64,277.64,0.23,0.0,2013-09-26
277.37,277.37,277.37,277.37,-0.1,0.0,2013-09-29
276.83,276.83,276.83,276.83,-0.19,0.0,2013-09-30
277.38,277.38,277.38,277.38,0.2,0.0,2013-10-01
277.01,277.01,277.01,277.01,-0.13,0.0,2013-10-02
277.97,277.97,277.97,277.97,0.34,0.0,2013-10-03
278.35,278.35,278.35,278.35,0.13,0.0,2013-10-06
279.43,279.43,279.43,279.43,0.39,0.0,2013-10-07
278.87,278.87,278.87,278.87,-0.2,0.0,2013-10-08
279.0,279.0,279.0,279.0,0.05,0.0,2013-10-09
279.05,279.05,279.05,279.05,0.02,0.0,2013-10-10
278.54,278.54,278.54,278.54,-0.18,0.0,2013-10-17
302.39,302.39,302.39,302.39,8.56,0.0,2013-10-20
304.09,304.09,304.09,304.09,0.56,0.0,2013-10-21
303.63,303.63,303.63,303.63,-0.15,0.0,2013-10-22
303.82,303.82,303.82,303.82,0.06,0.0,2013-10-23
303.83,303.83,303.83,303.83,0.0,0.0,2013-10-24
303.69,303.69,303.69,303.69,-0.05,0.0,2013-10-27
305.21,305.21,305.21,305.21,0.5,0.0,2013-10-28
305.53,305.53,305.53,305.53,0.11,0.0,2013-10-29
306.56,306.56,306.56,306.56,0.33,0.0,2013-10-30
306.47,306.47,306.47,306.47,-0.03,0.0,2013-10-31
306.6,306.6,306.6,306.6,0.04,0.0,2013-11-06
308.46,308.46,308.46,308.46,0.61,0.0,2013-11-07
307.56,307.56,307.56,307.56,-0.29,0.0,2013-11-10
310.87,310.87,310.87,310.87,1.08,0.0,2013-11-11
315.85,315.85,315.85,315.85,1.6,0.0,2013-11-12
321.04,321.04,321.04,321.04,1.64,0.0,2013-11-13
322.07,322.07,322.07,322.07,0.3,0.0,2013-11-14
324.93,324.93,324.93,324.93,0.91,0.0,2013-11-21
333.29,333.29,333.29,333.29,2.57,0.0,2013-11-24
338.43,338.43,338.43,338.43,1.54,0.0,2013-11-25
342.52,342.52,342.52,342.52,1.21,0.0,2013-11-26
343.77,343.77,343.77,343.77,0.37,0.0,2013-11-27
346.09,346.09,346.09,346.09,0.67,0.0,2013-11-28
352.12,352.12,352.12,352.12,1.74,0.0,2013-12-01
364.66,364.66,364.66,364.66,3.56,0.0,2013-12-02
383.61,383.61,383.61,383.61,5.2,0.0,2013-12-03
398.57,398.57,398.57,398.57,3.9,0.0,2013-12-04
409.31,409.31,409.31,409.31,2.69,0.0,2013-12-05
406.38,406.38,406.38,406.38,-0.72,0.0,2013-12-08
401.67,401.67,401.67,401.67,-1.15,0.0,2013-12-09
396.91,396.91,396.91,396.91,-1.18,0.0,2013-12-10
399.53,399.53,399.53,399.53,0.66,0.0,2013-12-11
404.11,404.11,404.11,404.11,1.14,0.0,2013-12-12
409.79,409.79,409.79,409.79,1.41,0.0,2013-12-15
423.4,423.4,423.4,423.4,3.08,0.0,2013-12-16
430.23,430.23,430.23,430.23,1.61,0.0,2013-12-18
428.84,428.84,428.84,428.84,-0.39,0.0,2013-12-19
436.82,436.82,436.82,436.82,1.86,0.0,2013-12-22
432.79,432.79,432.79,432.79,-0.92,0.0,2013-12-23
432.57,432.57,432.57,432.57,-0.05,0.0,2013-12-24
437.41,437.41,437.41,437.41,1.11,0.0,2013-12-26
436.94,436.94,436.94,436.94,-0.11,0.0,2013-12-29
435.9,435.9,435.9,435.9,-0.23,0.0,2013-12-31
429.92,429.92,429.92,429.92,-1.37,0.0,2014-01-01
429.34,429.34,429.34,429.34,-0.13,0.0,2014-01-02
428.46,428.46,428.46,428.46,-0.2,0.0,2014-01-05
430.4,430.4,430.4,430.4,0.45,0.0,2014-01-06
433.82,433.82,433.82,433.82,0.79,0.0,2014-01-07
438.24,438.24,438.24,438.24,1.02,0.0,2014-01-08
441.18,441.18,441.18,441.18,0.67,0.0,2014-01-09
445.65,445.65,445.65,445.65,1.01,0.0,2014-01-12
452.43,452.43,452.43,452.43,1.52,0.0,2014-01-13
459.48,459.48,459.48,459.48,1.55,0.0,2014-01-14
464.24,464.24,464.24,464.24,1.03,0.0,2014-01-16
465.68,465.68,465.68,465.68,0.31,0.0,2014-01-19
468.61,468.61,468.61,468.61,0.62,0.0,2014-01-20
472.56,472.56,472.56,472.56,0.84,0.0,2014-01-21
475.42,475.42,475.42,475.42,0.6,0.0,2014-01-22
480.96,480.96,480.96,480.96,1.16,0.0,2014-01-23
481.59,481.59,481.59,481.59,0.13,0.0,2014-01-26
483.03,483.03,483.03,483.03,0.29,0.0,2014-01-27
483.54,483.54,483.54,483.54,0.1,0.0,2014-01-28
484.37,484.37,484.37,484.37,0.17,0.0,2014-01-29
480.46,480.46,480.46,480.46,-0.81,0.0,2014-02-02
481.27,481.27,481.27,481.27,0.17,0.0,2014-02-03
495.29,495.29,495.29,495.29,1.82,0.0,2014-02-05
500.99,500.99,500.99,500.99,1.15,0.0,2014-02-06
501.33,501.33,501.33,501.33,0.07,0.0,2014-02-09
507.51,507.51,507.51,507.51,1.23,0.0,2014-02-10
502.0,502.0,502.0,502.0,-1.09,0.0,2014-02-11
501.59,501.59,501.59,501.59,-0.08,0.0,2014-02-12
508.04,508.04,508.04,508.04,1.29,0.0,2014-02-13
511.98,511.98,511.98,511.98,0.77,0.0,2014-02-16
512.4,512.4,512.4,512.4,0.08,0.0,2014-02-17
519.95,519.95,519.95,519.95,1.47,0.0,2014-02-18
527.08,527.08,527.08,527.08,1.37,0.0,2014-02-20
531.23,531.23,531.23,531.23,0.79,0.0,2014-02-23
532.58,532.58,532.58,532.58,0.25,0.0,2014-02-24
534.7,534.7,534.7,534.7,0.4,0.0,2014-02-25
528.84,528.84,528.84,528.84,-1.09,0.0,2014-02-26
518.74,518.74,518.74,518.74,-1.91,0.0,2014-03-03
510.58,510.58,510.58,510.58,-1.57,0.0,2014-03-04
516.05,516.05,516.05,516.05,1.07,0.0,2014-03-05
511.15,511.15,511.15,511.15,-0.95,0.0,2014-03-06
507.96,507.96,507.96,507.96,-0.66,0.0,2014-03-09
505.31,505.31,505.31,505.31,-0.52,0.0,2014-03-10
500.87,500.87,500.87,500.87,-0.88,0.0,2014-03-11
494.92,494.92,494.92,494.92,-1.18,0.0,2014-03-12
495.47,495.47,495.47,495.47,0.11,0.0,2014-03-13
489.54,489.54,489.54,489.54,-1.2,0.0,2014-03-17
481.41,481.41,481.41,481.41,-1.66,0.0,2014-03-18
482.81,482.81,482.81,482.81,0.29,0.0,2014-03-19
484.1,484.1,484.1,484.1,0.27,0.0,2014-03-20
484.19,484.19,484.19,484.19,0.02,0.0,2014-03-23
489.37,489.37,489.37,489.37,1.07,0.0,2014-03-24
489.99,489.99,489.99,489.99,0.13,0.0,2014-03-25
490.69,490.69,490.69,490.69,0.14,0.0,2014-03-26
490.64,490.64,490.64,490.64,-0.01,0.0,2014-03-27
493.83,493.83,493.83,493.83,0.65,0.0,2014-03-31
497.71,497.71,497.71,497.71,0.78,0.0,2014-04-01
502.91,502.91,502.91,502.91,1.04,0.0,2014-04-02
502.82,502.82,502.82,502.82,-0.02,0.0,2014-04-03
501.82,501.82,501.82,501.82,-0.2,0.0,2014-04-06
504.25,504.25,504.25,504.25,0.48,0.0,2014-04-07
509.09,509.09,509.09,509.09,0.96,0.0,2014-04-09
516.28,516.28,516.28,516.28,1.41,0.0,2014-04-10
518.98,518.98,518.98,518.98,0.52,0.0,2014-04-13
521.56,521.56,521.56,521.56,0.5,0.0,2014-04-15
519.83,519.83,519.83,519.83,-0.33,0.0,2014-04-16
521.99,521.99,521.99,521.99,0.42,0.0,2014-04-17
519.55,519.55,519.55,519.55,-0.47,0.0,2014-04-20
520.09,520.09,520.09,520.09,0.11,0.0,2014-04-21
520.55,520.55,520.55,520.55,0.09,0.0,2014-04-22
521.88,521.88,521.88,521.88,0.26,0.0,2014-04-23
524.13,524.13,524.13,524.13,0.43,0.0,2014-04-27
524.4,524.4,524.4,524.4,0.17,0.0,2014-04-28
527.12,527.12,527.12,527.12,0.52,0.0,2014-04-29
529.25,529.25,529.25,529.25,0.4,0.0,2014-04-30
542.03,542.03,542.03,542.03,2.41,0.0,2014-05-04
552.44,552.44,552.44,552.44,1.92,0.0,2014-05-05
556.04,556.04,556.04,556.04,0.65,0.0,2014-05-06
555.77,555.77,555.77,555.77,-0.04,0.0,2014-05-07
549.79,549.79,549.79,549.79,-1.08,0.0,2014-05-08
544.99,544.99,544.99,544.99,-0.87,0.0,2014-05-11
548.26,548.26,548.26,548.26,0.6,0.0,2014-05-12
548.3,548.3,548.3,548.3,0.01,0.0,2014-05-13
549.9,549.9,549.9,549.9,0.29,0.0,2014-05-15
546.5,546.5,546.5,546.5,-0.62,0.0,2014-05-18
549.65,549.65,549.65,549.65,0.57,0.0,2014-05-19
560.88,560.88,560.88,560.88,2.04,0.0,2014-05-20
563.53,563.53,563.53,563.53,0.47,0.0,2014-05-21
568.42,568.42,568.42,568.42,0.87,0.0,2014-05-22
573.31,573.31,573.31,573.31,0.86,0.0,2014-05-25
571.23,571.23,571.23,571.23,-0.36,0.0,2014-05-26
571.05,571.05,571.05,571.05,-0.03,0.0,2014-05-27
572.44,572.44,572.44,572.44,0.24,0.0,2014-05-28
569.82,569.82,569.82,569.82,-0.46,0.0,2014-06-01
574.23,574.23,574.23,574.23,0.76,0.0,2014-06-02
577.33,577.33,577.33,577.33,0.53,0.0,2014-06-03
569.49,569.49,569.49,569.49,-1.36,0.0,2014-06-04
568.73,568.73,568.73,568.73,-0.13,0.0,2014-06-05
572.23,572.23,572.23,572.23,0.64,0.0,2014-06-08
568.92,568.92,568.92,568.92,-0.58,0.0,2014-06-09
571.71,571.71,571.71,571.71,0.58,0.0,2014-06-10
573.07,573.07,573.07,573.07,0.23,0.0,2014-06-11
573.59,573.59,573.59,573.59,0.09,0.0,2014-06-12
578.77,578.77,578.77,578.77,1.02,0.0,2014-06-15
587.5,587.5,587.5,587.5,1.5,0.0,2014-06-16
585.7,585.7,585.7,585.7,-0.3,0.0,2014-06-17
585.04,585.04,585.04,585.04,-0.11,0.0,2014-06-18
583.96,583.96,583.96,583.96,-0.18,0.0,2014-06-19
584.42,584.42,584.42,584.42,0.08,0.0,2014-06-23
585.58,585.58,585.58,585.58,0.2,0.0,2014-06-24
589.27,589.27,589.27,589.27,0.97,0.0,2014-06-25
597.11,597.11,597.11,597.11,1.33,0.0,2014-06-26
604.32,604.32,604.32,604.32,1.21,0.0,2014-06-29
605.85,605.85,605.85,605.85,0.25,0.0,2014-06-30
617.88,617.88,617.88,617.88,1.79,0.0,2014-07-01
626.57,626.57,626.57,626.57,1.4,0.0,2014-07-02
624.69,624.69,624.69,624.69,-0.3,0.0,2014-07-03
632.28,632.28,632.28,632.28,1.22,0.0,2014-07-06
643.02,643.02,643.02,643.02,1.69,0.0,2014-07-07
662.73,662.73,662.73,662.73,3.06,0.0,2014-07-08
665.09,665.09,665.09,665.09,0.36,0.0,2014-07-09
669.89,669.89,669.89,669.89,0.72,0.0,2014-07-10
678.5,678.5,678.5,678.5,0.99,0.0,2014-07-13
673.12,673.12,673.12,673.12,-0.79,0.0,2014-07-14
671.73,671.73,671.73,671.73,-0.21,0.0,2014-07-15
683.42,683.42,683.42,683.42,1.74,0.0,2014-07-16
695.47,695.47,695.47,695.47,1.76,0.0,2014-07-17
726.25,726.25,726.25,726.25,4.43,0.0,2014-07-20
754.78,754.78,754.78,754.78,3.93,0.0,2014-07-21
760.29,760.29,760.29,760.29,0.73,0.0,2014-07-22
766.99,766.99,766.99,766.99,0.88,0.0,2014-07-23
773.62,773.62,773.62,773.62,0.86,0.0,2014-07-24
782.5,782.5,782.5,782.5,1.15,0.0,2014-07-27
783.3,783.3,783.3,783.3,0.1,0.0,2014-07-28
778.41,778.41,778.41,778.41,-0.62,0.0,2014-07-30
776.7,776.7,776.7,776.7,-0.22,0.0,2014-07-31
766.03,766.03,766.03,766.03,-1.37,0.0,2014-08-03
752.16,752.16,752.16,752.16,-1.81,0.0,2014-08-04
758.93,758.93,758.93,758.93,0.9,0.0,2014-08-05
766.51,766.51,766.51,766.51,1.0,0.0,2014-08-06
765.43,765.43,765.43,765.43,-0.14,0.0,2014-08-07
753.14,753.14,753.14,753.14,-1.61,0.0,2014-08-12
751.33,751.33,751.33,751.33,-0.24,0.0,2014-08-13
749.43,749.43,749.43,749.43,-0.25,0.0,2014-08-14
730.81,730.81,730.81,730.81,-2.48,0.0,2014-08-18
727.85,727.85,727.85,727.85,-0.4,0.0,2014-08-19
712.08,712.08,712.08,712.08,-2.16,0.0,2014-08-20
712.06,712.06,712.06,712.06,0.0,0.0,2014-08-21
707.63,707.63,707.63,707.63,-0.62,0.0,2014-08-24
685.23,685.23,685.23,685.23,-3.17,0.0,2014-08-25
683.67,683.67,683.67,683.67,-0.23,0.0,2014-08-26
701.66,701.66,701.66,701.66,2.63,0.0,2014-08-27
710.43,710.43,710.43,710.43,1.25,0.0,2014-08-28
697.19,697.19,697.19,697.19,-1.86,0.0,2014-08-31
686.81,686.81,686.81,686.81,-1.49,0.0,2014-09-01
683.7,683.7,683.7,683.7,-0.45,0.0,2014-09-03
668.58,668.58,668.58,668.58,-2.21,0.0,2014-09-04
651.99,651.99,651.99,651.99,-2.48,0.0,2014-09-07
670.47,670.47,670.47,670.47,2.83,0.0,2014-09-09
669.53,669.53,669.53,669.53,0.14,0.0,2014-09-10
670.45,670.45,670.45,670.45,0.14,0.0,2014-09-11
670.75,670.75,670.75,670.75,0.04,0.0,2014-09-14
679.79,679.79,679.79,679.79,1.35,0.0,2014-09-15
689.74,689.74,689.74,689.74,1.46,0.0,2014-09-16
689.96,689.96,689.96,689.96,0.03,0.0,2014-09-17
678.94,678.94,678.94,678.94,-1.6,0.0,2014-09-18
666.91,666.91,666.91,666.91,-1.77,0.0,2014-09-21
660.4,660.4,660.4,660.4,-0.98,0.0,2014-09-22
667.99,667.99,667.99,667.99,1.15,0.0,2014-09-23
670.41,670.41,670.41,670.41,0.36,0.0,2014-09-24
674.92,674.92,674.92,674.92,0.67,0.0,2014-09-28
682.72,682.72,682.72,682.72,1.16,0.0,2014-09-29
688.09,688.09,688.09,688.09,0.79,0.0,2014-09-30
684.21,684.21,684.21,684.21,-0.56,0.0,2014-10-08
681.65,681.65,681.65,681.65,-0.37,0.0,2014-10-09
677.93,677.93,677.93,677.93,-0.55,0.0,2014-10-12
676.36,676.36,676.36,676.36,-0.23,0.0,2014-10-13
677.02,677.02,677.02,677.02,0.1,0.0,2014-10-14
684.02,684.02,684.02,684.02,1.03,0.0,2014-10-15
684.54,684.54,684.54,684.54,0.08,0.0,2014-10-16
685.58,685.58,685.58,685.58,0.15,0.0,2014-10-19
685.57,685.57,685.57,685.57,0.0,0.0,2014-10-20
686.35,686.35,686.35,686.35,0.11,0.0,2014-10-21
687.57,687.57,687.57,687.57,0.18,0.0,2014-10-22
686.06,686.06,686.06,686.06,0.22,0.0,2014-10-26
685.41,685.41,685.41,685.41,-0.09,0.0,2014-10-27
686.04,686.04,686.04,686.04,0.09,0.0,2014-10-28
687.87,687.87,687.87,687.87,0.27,0.0,2014-10-30
685.26,685.26,685.26,685.26,-0.38,0.0,2014-11-02
678.08,678.08,678.08,678.08,-1.05,0.0,2014-11-03
672.12,672.12,672.12,672.12,-0.88,0.0,2014-11-04
679.61,679.61,679.61,679.61,1.11,0.0,2014-11-05
679.03,679.03,679.03,679.03,-0.09,0.0,2014-11-06
675.15,675.15,675.15,675.15,-0.57,0.0,2014-11-09
665.78,665.78,665.78,665.78,-1.39,0.0,2014-11-10
670.12,670.12,670.12,670.12,0.65,0.0,2014-11-11
669.41,669.41,669.41,669.41,-0.11,0.0,2014-11-12
666.5,666.5,666.5,666.5,-0.43,0.0,2014-11-13
664.2,664.2,664.2,664.2,-0.35,0.0,2014-11-16
654.02,654.02,654.02,654.02,-1.53,0.0,2014-11-17
648.25,648.25,648.25,648.25,-0.88,0.0,2014-11-18
654.03,654.03,654.03,654.03,0.89,0.0,2014-11-19
656.84,656.84,656.84,656.84,0.43,0.0,2014-11-20
663.28,663.28,663.28,663.28,0.98,0.0,2014-11-23
661.3,661.3,661.3,661.3,-0.3,0.0,2014-11-24
659.52,659.52,659.52,659.52,-0.27,0.0,2014-11-25
656.43,656.43,656.43,656.43,-0.47,0.0,2014-11-30
654.04,654.04,654.04,654.04,-0.36,0.0,2014-12-01
650.42,650.42,650.42,650.42,-0.55,0.0,2014-12-02
652.97,652.97,652.97,652.97,0.39,0.0,2014-12-03
653.32,653.32,653.32,653.32,0.05,0.0,2014-12-04
649.52,649.52,649.52,649.52,-0.58,0.0,2014-12-07
645.96,645.96,645.96,645.96,-0.55,0.0,2014-12-08
642.95,642.95,642.95,642.95,-0.38,0.0,2014-12-09
645.37,645.37,645.37,645.37,0.4,0.0,2014-12-10
649.61,649.61,649.61,649.61,0.66,0.0,2014-12-11
668.34,668.34,668.34,668.34,2.88,0.0,2014-12-14
668.17,668.17,668.17,668.17,-0.03,0.0,2014-12-15
665.93,665.93,665.93,665.93,-0.39,0.0,2014-12-16
667.39,667.39,667.39,667.39,0.22,0.0,2014-12-17
670.13,670.13,670.13,670.13,0.41,0.0,2014-12-18
667.86,667.86,667.86,667.86,-0.34,0.0,2014-12-21
667.17,667.17,667.17,667.17,-0.1,0.0,2014-12-22
662.59,662.59,662.59,662.59,-0.69,0.0,2014-12-23
667.11,667.11,667.11,667.11,0.68,0.0,2014-12-24
678.57,678.57,678.57,678.57,1.72,0.0,2014-12-28
681.08,681.08,681.08,681.08,0.37,0.0,2014-12-29
684.88,684.88,684.88,684.88,0.56,0.0,2014-12-31
688.05,688.05,688.05,688.05,0.46,0.0,2015-01-01
699.5,699.5,699.5,699.5,1.66,0.0,2015-01-04
702.84,702.84,702.84,702.84,0.48,0.0,2015-01-05
705.14,705.14,705.14,705.14,0.33,0.0,2015-01-06
713.61,713.61,713.61,713.61,1.2,0.0,2015-01-07
721.08,721.08,721.08,721.08,1.05,0.0,2015-01-08
721.43,721.43,721.43,721.43,0.05,0.0,2015-01-11
722.65,722.65,722.65,722.65,0.17,0.0,2015-01-12
726.02,726.02,726.02,726.02,0.47,0.0,2015-01-13
734.07,734.07,734.07,734.07,1.11,0.0,2015-01-14
740.52,740.52,740.52,740.52,0.88,0.0,2015-01-18
755.65,755.65,755.65,755.65,2.04,0.0,2015-01-19
755.87,755.87,755.87,755.87,0.03,0.0,2015-01-20
754.7,754.7,754.7,754.7,-0.15,0.0,2015-01-22
763.42,763.42,763.42,763.42,1.16,0.0,2015-01-25
768.39,768.39,768.39,768.39,0.65,0.0,2015-01-26
775.88,775.88,775.88,775.88,0.97,0.0,2015-01-27
787.71,787.71,787.71,787.71,1.52,0.0,2015-01-28
786.22,786.22,786.22,786.22,-0.19,0.0,2015-01-29
792.85,792.85,792.85,792.85,0.84,0.0,2015-02-01
798.46,798.46,798.46,798.46,0.71,0.0,2015-02-02
795.64,795.64,795.64,795.64,-0.35,0.0,2015-02-03
801.41,801.41,801.41,801.41,0.73,0.0,2015-02-04
801.1,801.1,801.1,801.1,-0.04,0.0,2015-02-05
798.01,798.01,798.01,798.01,-0.39,0.0,2015-02-08
804.45,804.45,804.45,804.45,0.81,0.0,2015-02-09
804.06,804.06,804.06,804.06,-0.05,0.0,2015-02-10
807.76,807.76,807.76,807.76,0.46,0.0,2015-02-11
818.15,818.15,818.15,818.15,1.29,0.0,2015-02-12
829.98,829.98,829.98,829.98,1.45,0.0,2015-02-15
832.81,832.81,832.81,832.81,0.34,0.0,2015-02-16
825.44,825.44,825.44,825.44,-0.88,0.0,2015-02-18
810.44,810.44,810.44,810.44,-1.82,0.0,2015-02-22
814.15,814.15,814.15,814.15,0.46,0.0,2015-02-23
808.58,808.58,808.58,808.58,-0.68,0.0,2015-02-24
811.06,811.06,811.06,811.06,0.31,0.0,2015-02-25
820.26,820.26,820.26,820.26,1.13,0.0,2015-02-26
820.18,820.18,820.18,820.18,-0.01,0.0,2015-03-01
829.38,829.38,829.38,829.38,1.12,0.0,2015-03-02
828.2,828.2,828.2,828.2,-0.14,0.0,2015-03-03
825.65,825.65,825.65,825.65,-0.31,0.0,2015-03-04
829.96,829.96,829.96,829.96,0.52,0.0,2015-03-09
829.14,829.14,829.14,829.14,-0.1,0.0,2015-03-10
828.33,828.33,828.33,828.33,-0.1,0.0,2015-03-11
829.89,829.89,829.89,829.89,0.19,0.0,2015-03-12
824.44,824.44,824.44,824.44,-0.66,0.0,2015-03-15
811.58,811.58,811.58,811.58,-1.56,0.0,2015-03-16
814.64,814.64,814.64,814.64,0.38,0.0,2015-03-17
814.75,814.75,814.75,814.75,0.01,0.0,2015-03-18
815.93,815.93,815.93,815.93,0.14,0.0,2015-03-19
809.47,809.47,809.47,809.47,-0.79,0.0,2015-03-22
804.9,804.9,804.9,804.9,-0.56,0.0,2015-03-23
801.76,801.76,801.76,801.76,-0.39,0.0,2015-03-24
799.59,799.59,799.59,799.59,-0.27,0.0,2015-03-25
797.1,797.1,797.1,797.1,-0.31,0.0,2015-03-26
795.05,795.05,795.05,795.05,-0.26,0.0,2015-03-29
790.73,790.73,790.73,790.73,-0.54,0.0,2015-03-30
801.94,801.94,801.94,801.94,1.42,0.0,2015-03-31
793.22,793.22,793.22,793.22,-1.09,0.0,2015-04-01
792.89,792.89,792.89,792.89,-0.04,0.0,2015-04-02
789.71,789.71,789.71,789.71,-0.4,0.0,2015-04-05
788.29,788.29,788.29,788.29,-0.18,0.0,2015-04-06
786.43,786.43,786.43,786.43,-0.24,0.0,2015-04-07
792.49,792.49,792.49,792.49,0.77,0.0,2015-04-08
799.64,799.64,799.64,799.64,0.9,0.0,2015-04-09
800.79,800.79,800.79,800.79,0.14,0.0,2015-04-12
798.01,798.01,798.01,798.01,-0.35,0.0,2015-04-13
795.07,795.07,795.07,795.07,-0.37,0.0,2015-04-15
793.62,793.62,793.62,793.62,-0.18,0.0,2015-04-16
791.66,791.66,791.66,791.66,-0.25,0.0,2015-04-19
792.8,792.8,792.8,792.8,0.14,0.0,2015-04-20
795.97,795.97,795.97,795.97,0.4,0.0,2015-04-21
792.47,792.47,792.47,792.47,-0.44,0.0,2015-04-22
789.07,789.07,789.07,789.07,-0.43,0.0,2015-04-23
786.37,786.37,786.37,786.37,-0.34,0.0,2015-05-24
777.86,777.86,777.86,777.86,-1.08,0.0,2015-05-25
767.95,767.95,767.95,767.95,-1.27,0.0,2015-05-26
757.41,757.41,757.41,757.41,-1.37,0.0,2015-05-27
749.98,749.98,749.98,749.98,-0.98,0.0,2015-05-28
747.84,747.84,747.84,747.84,-0.29,0.0,2015-05-31
748.99,748.99,748.99,748.99,0.15,0.0,2015-06-01
751.59,751.59,751.59,751.59,0.35,0.0,2015-06-02
762.89,762.89,762.89,762.89,1.3,0.0,2015-06-03
764.75,764.75,764.75,764.75,0.24,0.0,2015-06-04
767.42,767.42,767.42,767.42,0.35,0.0,2015-06-07
783.54,783.54,783.54,783.54,2.1,0.0,2015-06-08
794.1,794.1,794.1,794.1,1.35,0.0,2015-06-09
787.35,787.35,787.35,787.35,-0.85,0.0,2015-06-10
777.68,777.68,777.68,777.68,-1.23,0.0,2015-06-11
772.82,772.82,772.82,772.82,-0.62,0.0,2015-06-14
775.13,775.13,775.13,775.13,0.3,0.0,2015-06-15
772.89,772.89,772.89,772.89,-0.29,0.0,2015-06-16
769.01,769.01,769.01,769.01,-0.5,0.0,2015-06-17
768.33,768.33,768.33,768.33,-0.09,0.0,2015-06-18
764.89,764.89,764.89,764.89,-0.45,0.0,2015-06-21
764.91,764.91,764.91,764.91,0.0,0.0,2015-06-22
765.33,765.33,765.33,765.33,0.05,0.0,2015-06-23
766.07,766.07,766.07,766.07,0.1,0.0,2015-06-24
766.65,766.65,766.65,766.65,0.08,0.0,2015-06-25
766.85,766.85,766.85,766.85,0.03,0.0,2015-06-28
771.64,771.64,771.64,771.64,0.62,0.0,2015-06-29
771.63,771.63,771.63,771.63,0.0,0.0,2015-06-30
770.42,770.42,770.42,770.42,-0.16,0.0,2015-07-01
770.03,770.03,770.03,770.03,-0.05,0.0,2015-07-02
766.27,766.27,766.27,766.27,-0.49,0.0,2015-07-05
766.53,766.53,766.53,766.53,0.03,0.0,2015-07-06
770.73,770.73,770.73,770.73,0.55,0.0,2015-07-07
776.03,776.03,776.03,776.03,0.69,0.0,2015-07-08
782.95,782.95,782.95,782.95,0.89,0.0,2015-07-09
792.99,792.99,792.99,792.99,1.28,0.0,2015-07-12
791.67,791.67,791.67,791.67,-0.17,0.0,2015-07-13
792.37,792.37,792.37,792.37,0.09,0.0,2015-07-14
804.65,804.65,804.65,804.65,1.55,0.0,2015-07-15
809.04,809.04,809.04,809.04,0.55,0.0,2015-07-16
837.83,837.83,837.83,837.83,3.56,0.0,2015-07-22
863.72,863.72,863.72,863.72,3.09,0.0,2015-07-23
893.54,893.54,893.54,893.54,3.45,0.0,2015-07-26
884.19,884.19,884.19,884.19,-1.05,0.0,2015-07-27
858.33,858.33,858.33,858.33,-2.92,0.0,2015-07-28
847.79,847.79,847.79,847.79,-1.23,0.0,2015-07-29
849.9,849.9,849.9,849.9,0.25,0.0,2015-07-30
848.53,848.53,848.53,848.53,-0.16,0.0,2015-08-02
848.34,848.34,848.34,848.34,-0.02,0.0,2015-08-03
849.87,849.87,849.87,849.87,0.18,0.0,2015-08-04
844.02,844.02,844.02,844.02,-0.69,0.0,2015-08-05
853.98,853.98,853.98,853.98,0.18,0.0,2015-08-06
855.37,855.37,855.37,855.37,0.16,0.0,2015-08-09
865.92,865.92,865.92,865.92,1.23,0.0,2015-08-10
860.75,860.75,860.75,860.75,-0.6,0.0,2015-08-11
853.76,853.76,853.76,853.76,-0.81,0.0,2015-08-12
856.83,856.83,856.83,856.83,0.36,0.0,2015-08-13
847.27,847.27,847.27,847.27,-1.12,0.0,2015-08-16
856.75,856.75,856.75,856.75,1.12,0.0,2015-08-17
863.43,863.43,863.43,863.43,0.78,0.0,2015-08-18
871.9,871.9,871.9,871.9,0.98,0.0,2015-08-19
882.32,882.32,882.32,882.32,1.2,0.0,2015-08-20
879.32,879.32,879.32,879.32,-0.34,0.0,2015-08-23
904.56,904.56,904.56,904.56,2.87,0.0,2015-08-24
908.05,908.05,908.05,908.05,0.39,0.0,2015-08-25
910.06,910.06,910.06,910.06,0.22,0.0,2015-08-26
919.81,919.81,919.81,919.81,1.07,0.0,2015-08-27
935.18,935.18,935.18,935.18,1.67,0.0,2015-08-31
942.7,942.7,942.7,942.7,0.59,0.0,2015-09-01
931.32,931.32,931.32,931.32,-11.21,0.0,2015-09-02
930.49,930.49,930.49,930.49,-0.09,0.0,2015-09-03
931.02,931.02,931.02,931.02,0.06,0.0,2015-09-06
930.53,930.53,930.53,930.53,0.05,0.0,2015-09-07
933.78,933.78,933.78,933.78,0.35,0.0,2015-09-08
937.6,937.6,937.6,937.6,0.41,0.0,2015-09-09
938.58,938.58,938.58,938.58,0.1,0.0,2015-09-10
941.74,941.74,941.74,941.74,0.34,0.0,2015-09-13
942.06,942.06,942.06,942.06,0.03,0.0,2015-09-14
957.96,957.96,957.96,957.96,1.69,0.0,2015-09-15
962.82,962.82,962.82,962.82,0.51,0.0,2015-09-16
964.65,964.65,964.65,964.65,0.19,0.0,2015-09-17
944.58,944.58,944.58,944.58,-2.08,0.0,2015-09-22
953.61,953.61,953.61,953.61,0.96,0.0,2015-09-23
952.05,952.05,952.05,952.05,-0.16,0.0,2015-09-24
945.57,945.57,945.57,945.57,-0.68,0.0,2015-09-28
950.58,950.58,950.58,950.58,0.53,0.0,2015-09-29
960.38,960.38,960.38,960.38,1.03,0.0,2015-09-30
956.9,956.9,956.9,956.9,-0.36,0.0,2015-10-01
961.39,961.39,961.39,961.39,0.47,0.0,2015-10-04
963.68,963.68,963.68,963.68,0.24,0.0,2015-10-05
961.94,961.94,961.94,961.94,-0.18,0.0,2015-10-06
955.19,955.19,955.19,955.19,-0.7,0.0,2015-10-07
963.25,963.25,963.25,963.25,0.84,0.0,2015-10-08
949.68,949.68,949.68,949.68,-1.41,0.0,2015-10-11
942.86,942.86,942.86,942.86,-0.72,0.0,2015-10-14
940.9,940.9,940.9,940.9,-0.21,0.0,2015-10-15
935.79,935.79,935.79,935.79,-0.54,0.0,2015-10-18
946.68,946.68,946.68,946.68,1.16,0.0,2015-10-19
947.59,947.59,947.59,947.59,0.09,0.0,2015-10-25
930.84,930.84,930.84,930.84,-1.77,0.0,2015-10-27
920.31,920.31,920.31,920.31,-1.13,0.0,2015-10-28
922.41,922.41,922.41,922.41,0.23,0.0,2015-10-29
917.04,917.04,917.04,917.04,-0.58,0.0,2015-11-01
915.39,915.39,915.39,915.39,-0.18,0.0,2015-11-02
911.69,911.69,911.69,911.69,-0.4,0.0,2015-11-03
914.72,914.72,914.72,914.72,0.33,0.0,2015-11-04
918.76,918.76,918.76,918.76,0.44,0.0,2015-11-05
913.57,913.57,913.57,913.57,-0.56,0.0,2015-11-08
927.04,927.04,927.04,927.04,1.47,0.0,2015-11-09
933.92,933.92,933.92,933.92,0.74,0.0,2015-11-10
926.31,926.31,926.31,926.31,-0.81,0.0,2015-11-15
925.77,925.77,925.77,925.77,-0.06,0.0,2015-11-16
930.16,930.16,930.16,930.16,0.47,0.0,2015-11-18
927.96,927.96,927.96,927.96,-0.24,0.0,2015-11-19
913.68,913.68,913.68,913.68,-1.54,0.0,2015-11-22
911.59,911.59,911.59,911.59,-0.23,0.0,2015-11-23
911.74,911.74,911.74,911.74,0.02,0.0,2015-11-24
902.04,902.04,902.04,902.04,-1.06,0.0,2015-11-25
894.69,894.69,894.69,894.69,-0.81,0.0,2015-11-26
879.96,879.96,879.96,879.96,-1.65,0.0,2015-11-29
885.01,885.01,885.01,885.01,0.57,0.0,2015-11-30
907.88,907.88,907.88,907.88,2.58,0.0,2015-12-01
909.88,909.88,909.88,909.88,0.22,0.0,2015-12-02
927.67,927.67,927.67,927.67,1.96,0.0,2015-12-03
947.98,947.98,947.98,947.98,2.19,0.0,2015-12-06
955.6,955.6,955.6,955.6,0.8,0.0,2015-12-07
968.86,968.86,968.86,968.86,1.39,0.0,2015-12-08
998.56,998.56,998.56,998.56,3.07,0.0,2015-12-09
999.58,999.58,999.58,999.58,0.1,0.0,2015-12-10
1005.73,1005.73,1005.73,1005.73,0.62,0.0,2015-12-13
1006.58,1006.58,1006.58,1006.58,0.08,0.0,2015-12-14
1006.6,1006.6,1006.6,1006.6,0.0,0.0,2015-12-15
1012.12,1012.12,1012.12,1012.12,0.55,0.0,2015-12-16
1019.15,1019.15,1019.15,1019.15,0.69,0.0,2015-12-17
1029.41,1029.41,1029.41,1029.41,1.01,0.0,2015-12-20
1028.93,1028.93,1028.93,1028.93,-0.06,0.0,2015-12-21
1035.39,1035.39,1035.39,1035.39,0.63,0.0,2015-12-22
1041.31,1041.31,1041.31,1041.31,0.57,0.0,2015-12-23
1047.61,1047.61,1047.61,1047.61,0.61,0.0,2015-12-24
1055.74,1055.74,1055.74,1055.74,0.78,0.0,2015-12-27
1051.05,1051.05,1051.05,1051.05,-0.44,0.0,2015-12-28
1067.01,1067.01,1067.01,1067.01,1.52,0.0,2015-12-29
1083.87,1083.87,1083.87,1083.87,1.58,0.0,2015-12-31
1109.78,1109.78,1109.78,1109.78,2.39,0.0,2016-01-03
1106.15,1106.15,1106.15,1106.15,-0.33,0.0,2016-01-04
1098.39,1098.39,1098.39,1098.39,-0.7,0.0,2016-01-05
1094.59,1094.59,1094.59,1094.59,-0.35,0.0,2016-01-06
1105.03,1105.03,1105.03,1105.03,0.6,0.0,2016-01-07
1104.3,1104.3,1104.3,1104.3,-0.07,0.0,2016-01-10
1112.17,1112.17,1112.17,1112.17,0.71,0.0,2016-01-11
1125.12,1125.12,1125.12,1125.12,1.16,0.0,2016-01-12
1132.33,1132.33,1132.33,1132.33,0.64,0.0,2016-01-13
1140.18,1140.18,1140.18,1140.18,0.69,0.0,2016-01-14
1158.13,1158.13,1158.13,1158.13,1.57,0.0,2016-01-17
1167.82,1167.82,1167.82,1167.82,0.84,0.0,2016-01-18
1171.54,1171.54,1171.54,1171.54,0.32,0.0,2016-01-19
1175.42,1175.42,1175.42,1175.42,0.33,0.0,2016-01-20
1178.52,1178.52,1178.52,1178.52,0.26,0.0,2016-01-21
1203.21,1203.21,1203.21,1203.21,2.1,0.0,2016-01-24
1201.04,1201.04,1201.04,1201.04,-0.18,0.0,2016-01-25
1203.63,1203.63,1203.63,1203.63,0.22,0.0,2016-01-26
1208.08,1208.08,1208.08,1208.08,0.37,0.0,2016-01-27
1210.25,1210.25,1210.25,1210.25,0.18,0.0,2016-01-28
1217.06,1217.06,1217.06,1217.06,0.56,0.0,2016-01-31
1236.65,1236.65,1236.65,1236.65,1.61,0.0,2016-02-01
1241.66,1241.66,1241.66,1241.66,0.41,0.0,2016-02-02
1270.35,1270.35,1270.35,1270.35,2.31,0.0,2016-02-03
1294.06,1294.06,1294.06,1294.06,1.87,0.0,2016-02-04
1294.54,1294.54,1294.54,1294.54,0.04,0.0,2016-02-07
1279.71,1279.71,1279.71,1279.71,-1.15,0.0,2016-02-08
1261.6,1261.6,1261.6,1261.6,-1.42,0.0,2016-02-11
1249.99,1249.99,1249.99,1249.99,-0.92,0.0,2016-02-14
1245.05,1245.05,1245.05,1245.05,-0.4,0.0,2016-02-15
1250.74,1250.74,1250.74,1250.74,0.46,0.0,2016-02-16
1257.48,1257.48,1257.48,1257.48,0.54,0.0,2016-02-17
1257.55,1257.55,1257.55,1257.55,0.01,0.0,2016-02-18
1260.85,1260.85,1260.85,1260.85,0.26,0.0,2016-02-21
1269.56,1269.56,1269.56,1269.56,0.69,0.0,2016-02-22
1264.6,1264.6,1264.6,1264.6,-0.39,0.0,2016-02-23
1263.97,1263.97,1263.97,1263.97,-0.05,0.0,2016-02-24
1267.64,1267.64,1267.64,1267.64,0.29,0.0,2016-02-25
1268.41,1268.41,1268.41,1268.41,0.06,0.0,2016-02-28
1289.09,1289.09,1289.09,1289.09,1.63,0.0,2016-02-29
1308.34,1308.34,1308.34,1308.34,1.49,0.0,2016-03-01
1325.83,1325.83,1325.83,1325.83,1.34,0.0,2016-03-02
1338.2,1338.2,1338.2,1338.2,0.93,0.0,2016-03-03
1352.4,1352.4,1352.4,1352.4,1.06,0.0,2016-03-06
1385.12,1385.12,1385.12,1385.12,2.42,0.0,2016-03-10
1374.89,1374.89,1374.89,1374.89,-0.74,0.0,2016-03-13
1364.83,1364.83,1364.83,1364.83,0.73,0.0,2016-03-14
1360.83,1360.83,1360.83,1360.83,-0.29,0.0,2016-03-15
1354.55,1354.55,1354.55,1354.55,-0.46,0.0,2016-03-16
1357.24,1357.24,1357.24,1357.24,0.2,0.0,2016-03-17
1361.77,1361.77,1361.77,1361.77,0.33,0.0,2016-03-20
1364.16,1364.16,1364.16,1364.16,0.18,0.0,2016-03-21
1360.87,1360.87,1360.87,1360.87,-0.24,0.0,2016-03-23
1360.88,1360.88,1360.88,1360.88,0.0,0.0,2016-03-24
1355.63,1355.63,1355.63,1355.63,-0.39,0.0,2016-03-27
1364.31,1364.31,1364.31,1364.31,0.64,0.0,2016-03-28
1368.97,1368.97,1368.97,1368.97,0.34,0.0,2016-03-29
1366.51,1366.51,1366.51,1366.51,0.16,0.0,2016-03-30
1354.31,1354.31,1354.31,1354.31,-0.89,0.0,2016-03-31
1340.49,1340.49,1340.49,1340.49,-1.02,0.0,2016-04-03
1358.46,1358.46,1358.46,1358.46,1.34,0.0,2016-04-04
1364.98,1364.98,1364.98,1364.98,0.48,0.0,2016-04-05
1364.63,1364.63,1364.63,1364.63,-0.03,0.0,2016-04-06
1363.05,1363.05,1363.05,1363.05,-0.12,0.0,2016-04-10
1361.94,1361.94,1361.94,1361.94,-0.08,0.0,2016-04-11
1363.57,1363.57,1363.57,1363.57,0.12,0.0,2016-04-12
1387.52,1387.52,1387.52,1387.52,1.76,0.0,2016-04-14
1394.7,1394.7,1394.7,1394.7,0.52,0.0,2016-04-17
1415.64,1415.64,1415.64,1415.64,1.5,0.0,2016-04-18
1412.54,1412.54,1412.54,1412.54,-0.22,0.0,2016-04-19
1415.47,1415.47,1415.47,1415.47,0.21,0.0,2016-04-20
1409.73,1409.73,1409.73,1409.73,-0.41,0.0,2016-04-21
1413.75,1413.75,1413.75,1413.75,0.29,0.0,2016-04-24
1436.34,1436.34,1436.34,1436.34,1.6,0.0,2016-04-25
1438.48,1438.48,1438.48,1438.48,0.15,0.0,2016-04-26
1457.37,1457.37,1457.37,1457.37,1.31,0.0,2016-04-27
1465.36,1465.36,1465.36,1465.36,0.55,0.0,2016-04-28
1460.55,1460.55,1460.55,1460.55,-0.33,0.0,2016-05-02
1453.32,1453.32,1453.32,1453.32,-0.5,0.0,2016-05-03
1450.49,1450.49,1450.49,1450.49,-0.19,0.0,2016-05-04
1445.98,1445.98,1445.98,1445.98,-0.31,0.0,2016-05-05
1450.78,1450.78,1450.78,1450.78,0.33,0.0,2016-05-08
1458.94,1458.94,1458.94,1458.94,0.56,0.0,2016-05-09
1456.24,1456.24,1456.24,1456.24,-0.19,0.0,2016-05-10
1461.85,1461.85,1461.85,1461.85,0.39,0.0,2016-05-11
1456.66,1456.66,1456.66,1456.66,-0.36,0.0,2016-05-12
1453.04,1453.04,1453.04,1453.04,-0.25,0.0,2016-05-15
1454.68,1454.68,1454.68,1454.68,0.11,0.0,2016-05-16
1468.26,1468.26,1468.26,1468.26,0.93,0.0,2016-05-17
1470.53,1470.53,1470.53,1470.53,0.15,0.0,2016-05-18
1477.35,1477.35,1477.35,1477.35,0.46,0.0,2016-05-19
1481.53,1481.53,1481.53,1481.53,0.28,0.0,2016-05-22
1493.91,1493.91,1493.91,1493.91,0.84,0.0,2016-05-23
1536.46,1536.46,1536.46,1536.46,2.85,0.0,2016-05-24
1537.2,1537.2,1537.2,1537.2,0.05,0.0,2016-05-25
1540.97,1540.97,1540.97,1540.97,0.25,0.0,2016-05-26
1531.89,1531.89,1531.89,1531.89,-0.59,82426304.0,2016-05-29
1520.05,1520.05,1520.05,1520.05,-0.77,106711000.0,2016-05-30
1522.03,1522.03,1522.03,1522.03,0.13,133734000.0,2016-05-31
1520.22,1520.22,1520.22,1520.22,-0.12,125108000.0,2016-06-01
1513.41,1513.41,1513.41,1513.41,-0.45,149666000.0,2016-06-02
1471.2,1471.2,1471.2,1471.2,-2.79,103868000.0,2016-06-05
1471.2,1497.25,1471.2,1496.76,1.74,115795000.0,2016-06-06
1496.76,1512.46,1496.86,1507.63,0.73,98700600.0,2016-06-07
1507.63,1521.96,1507.31,1518.46,0.72,99556496.0,2016-06-08
1530.49,1530.49,1530.49,1530.49,0.79,151935008.0,2016-06-09
1530.49,1554.0,1531.64,1552.76,1.46,193250000.0,2016-06-12
1594.06,1594.06,1594.06,1594.06,2.66,436903008.0,2016-06-13
1608.52,1608.52,1608.52,1608.52,0.91,510092992.0,2016-06-14
1613.28,1613.28,1613.28,1613.28,0.3,233768000.0,2016-06-15
1642.44,1642.44,1642.44,1642.44,1.81,309032000.0,2016-06-16
1642.44,1658.87,1626.99,1637.51,-0.3,269928992.0,2016-06-19
1637.51,1642.93,1619.79,1630.46,-0.43,173643008.0,2016-06-20
1631.67,1631.67,1631.67,1631.67,0.07,162346000.0,2016-06-21
1631.67,1647.7,1630.39,1644.94,0.81,164098000.0,2016-06-22
1657.91,1657.91,1657.91,1657.91,0.79,198336000.0,2016-06-23
1657.91,1666.89,1658.06,1666.89,0.54,164904000.0,2016-06-26
1666.89,1688.73,1663.01,1688.16,1.28,186992000.0,2016-06-27
1688.16,1704.75,1687.74,1693.85,0.34,198320000.0,2016-06-28
1693.85,1712.32,1693.96,1709.86,0.95,335664000.0,2016-06-29
1709.86,1748.03,1709.86,1747.25,2.19,401878016.0,2016-06-30
1747.25,1814.14,1747.0,1814.14,3.83,705803008.0,2016-07-03
1747.25,1836.02,1814.03,1817.1,0.16,585836032.0,2016-07-04
1817.1,1817.57,1789.86,1800.46,-0.92,381236992.0,2016-07-05
1800.46,1810.39,1794.14,1794.71,-0.32,286233984.0,2016-07-06
1808.12,1808.12,1808.12,1808.12,0.75,375944992.0,2016-07-10
1808.12,1811.49,1777.95,1782.35,-1.43,188699008.0,2016-07-11
1782.35,1782.71,1725.87,1755.1,-1.53,222592992.0,2016-07-12
1755.1,1755.45,1719.21,1743.77,-0.65,160516000.0,2016-07-13
1743.77,1786.26,1743.89,1772.75,1.66,463004000.0,2016-07-14
1772.75,1771.99,1737.13,1740.77,-1.8,203706000.0,2016-07-17
1740.77,1747.91,1718.34,1737.94,-0.16,365984000.0,2016-07-18
1737.94,1762.38,1737.73,1753.71,0.91,285784000.0,2016-07-19
1753.71,1760.08,1738.17,1747.43,-0.36,298953984.0,2016-07-20
1747.43,1771.13,1744.48,1769.3,1.25,278888992.0,2016-07-21
1851.15,1851.15,1851.15,1851.15,4.63,327772000.0,2016-07-25
1851.15,1925.14,1850.43,1925.05,3.99,0.0,2016-07-26
1925.05,1973.84,1924.87,1958.23,1.72,364084992.0,2016-07-27
1958.23,1972.13,1941.87,1953.55,-0.24,381212000.0,2016-07-28
1953.55,1972.83,1949.85,1953.16,-0.02,329415008.0,2016-07-31
1953.16,1953.65,1913.0,1920.73,-1.66,213906000.0,2016-08-01
1920.73,1920.95,1894.86,1896.75,-1.25,164692000.0,2016-08-02
1896.75,1903.66,1873.2,1885.74,-0.58,186588000.0,2016-08-03
1833.52,1833.52,1833.52,1833.52,-2.77,177836992.0,2016-08-04
1833.52,1887.73,1834.68,1837.49,0.22,204210000.0,2016-08-07
1837.49,1837.68,1767.88,1767.88,-3.79,90112096.0,2016-08-08
1811.98,1811.98,1811.98,1811.98,2.49,10855600.0,2016-08-09
1811.98,1853.65,1812.71,1844.07,1.77,294976992.0,2016-08-10
1844.07,1864.68,1837.4,1847.26,0.17,249063008.0,2016-08-11
1847.26,1847.97,1803.01,1803.76,-2.35,237671008.0,2016-08-14
1765.77,1765.77,1765.77,1765.77,-2.11,209280992.0,2016-08-15
1765.77,1786.52,1756.47,1782.35,0.94,143288000.0,2016-08-16
1782.35,1819.55,1781.17,1808.59,1.47,136288000.0,2016-08-17
1794.77,1794.77,1794.77,1794.77,-0.76,76004400.0,2016-08-21
1794.77,1796.47,1753.43,1754.14,-2.26,99101696.0,2016-08-22
1754.14,1774.18,1744.3,1757.73,0.2,118695000.0,2016-08-23
1757.73,1797.71,1756.02,1795.9,2.17,139382000.0,2016-08-24
1795.9,1806.74,1791.14,1806.58,0.59,119551000.0,2016-08-28
1806.58,1824.05,1803.58,1823.97,0.96,107513000.0,2016-08-29
1842.54,1842.54,1842.54,1842.54,1.02,167887008.0,2016-08-30
1842.54,1862.26,1841.39,1859.75,0.93,145878000.0,2016-08-31
1859.75,1882.42,1859.75,1882.21,1.21,268796000.0,2016-09-01
1882.21,1892.17,1881.3,1890.27,0.43,228354000.0,2016-09-04
1890.27,1909.49,1889.93,1901.69,0.6,238670000.0,2016-09-05
1901.69,1925.59,1885.53,1898.14,-0.19,276231008.0,2016-09-06
1898.14,1906.05,1889.62,1892.7,-0.29,190528000.0,2016-09-07
1892.7,1897.22,1886.52,1894.35,0.09,222626000.0,2016-09-08
1894.35,1903.82,1893.68,1895.26,0.05,226656000.0,2016-09-11
1895.26,1904.35,1895.58,1902.93,0.4,219932992.0,2016-09-12
1894.41,1894.41,1894.41,1894.41,-0.45,284304000.0,2016-09-14
1894.41,1907.44,1890.03,1897.97,0.19,216376992.0,2016-09-18
1897.97,1904.25,1874.84,1878.17,-1.04,189463008.0,2016-09-20
1878.17,1881.23,1857.36,1878.8,0.03,161758000.0,2016-09-21
1878.17,1880.5,1869.31,1869.35,-0.5,128908000.0,2016-09-22
1869.35,1869.04,1810.26,1813.58,-2.98,140146000.0,2016-09-25
1831.78,1831.78,1831.78,1831.78,1.0,109334000.0,2016-09-26
1829.39,1829.39,1829.39,1829.39,-0.13,84468496.0,2016-09-27
1830.05,1835.6,1818.07,1823.09,-0.34,92274400.0,2016-09-28
1823.82,1825.51,1801.65,1804.11,-1.04,133570000.0,2016-09-29
1804.92,1811.56,1799.87,1803.34,-0.04,95231200.0,2016-10-02
1804.22,1816.62,1804.22,1814.28,0.61,101743000.0,2016-10-03
1814.28,1823.38,1809.9,1822.01,0.43,85766800.0,2016-10-04
1826.84,1826.84,1826.84,1826.84,0.27,54617600.0,2016-10-05
1826.84,1849.86,1826.98,1849.86,1.26,71967504.0,2016-10-06
1826.84,1849.69,1835.92,1840.18,-0.52,61429800.0,2016-10-16
1840.18,1841.59,1835.4,1836.44,-0.2,86932800.0,2016-10-17
1832.69,1832.69,1832.69,1832.69,-0.2,62926200.0,2016-10-18
1832.69,1834.7,1825.48,1828.25,-0.24,63544500.0,2016-10-19
1828.25,1841.23,1828.45,1834.38,0.34,67773104.0,2016-10-20
1834.38,1845.11,1830.69,1843.11,0.48,113859000.0,2016-10-23
1843.11,1846.01,1834.2,1836.72,-0.35,89035800.0,2016-10-24
1836.72,1837.91,1815.69,1819.29,-0.95,82234800.0,2016-10-25
1819.29,1822.13,1803.58,1812.9,-0.35,73157104.0,2016-10-26
1812.9,1832.1,1814.57,1831.07,1.0,142696992.0,2016-10-27
1831.07,1859.56,1831.56,1857.18,1.43,127459000.0,2016-11-03
1857.18,1865.67,1855.11,1857.1,0.0,124235000.0,2016-11-07
1857.1,1861.12,1838.6,1838.7,-0.99,197920992.0,2016-11-08
1838.7,1838.7,1801.95,1802.8,-1.95,126251000.0,2016-11-09
1802.8,1807.37,1788.39,1792.92,-0.55,135700000.0,2016-11-10
1792.92,1802.99,1790.31,1793.93,0.06,67298600.0,2016-11-13
1793.93,1795.98,1786.72,1788.65,-0.29,73460400.0,2016-11-14
1788.65,1794.23,1786.72,1790.56,0.11,76593600.0,2016-11-15
1790.56,1792.56,1773.43,1776.87,-0.76,123433000.0,2016-11-16
1776.87,1779.05,1734.62,1735.27,-2.34,115580000.0,2016-11-17
1735.27,1735.43,1666.29,1681.44,-3.1,147096992.0,2016-11-20
1681.44,1681.52,1648.72,1667.8,-0.81,113759000.0,2016-11-21
1667.8,1667.07,1642.74,1643.17,-1.48,111322000.0,2016-11-22
1643.17,1643.86,1599.04,1601.37,-2.54,118205000.0,2016-11-23
1601.37,1621.06,1575.98,1582.44,-1.18,90866304.0,2016-11-24
1582.44,1582.44,1516.52,1516.67,-4.16,88927000.0,2016-11-27
1516.67,1542.06,1455.18,1541.24,1.62,96341104.0,2016-11-28
1541.24,1583.25,1521.65,1583.25,2.73,113386000.0,2016-11-29
1583.25,1641.43,1584.53,1641.13,3.66,135860992.0,2016-11-30
1641.13,1674.99,1631.16,1650.42,0.57,149800992.0,2016-12-01
1650.42,1651.13,1624.71,1625.12,-1.53,83242704.0,2016-12-04
1625.12,1627.7,1590.45,1591.18,-2.09,58293400.0,2016-12-05
1591.18,1593.75,1579.17,1593.47,0.14,6866000.0,2016-12-06
1593.47,1599.77,1586.13,1592.71,-0.05,95386400.0,2016-12-07
1592.71,1593.85,1583.09,1587.48,-0.33,86846600.0,2016-12-08
1587.48,1588.11,1562.86,1563.5,-1.51,54168700.0,2016-12-11
1563.5,1562.87,1542.51,1550.87,-0.81,47464800.0,2016-12-12
1550.87,1554.44,1544.24,1552.11,0.08,69375696.0,2016-12-14
1552.11,1574.87,1548.15,1572.12,1.29,52945900.0,2016-12-15
1572.12,1572.53,1563.97,1570.31,-0.12,66429500.0,2016-12-18
1570.31,1571.53,1560.57,1563.26,-0.45,49824000.0,2016-12-19
1563.26,1563.33,1546.91,1548.38,-0.95,68812800.0,2016-12-20
1548.38,1548.59,1534.97,1538.6,-0.63,68968200.0,2016-12-21
1538.6,1550.55,1534.64,1544.44,0.38,70643800.0,2016-12-22
1544.44,1546.86,1511.11,1511.25,-2.15,71403000.0,2016-12-26
1511.25,1512.72,1488.05,1489.42,-1.44,69442704.0,2016-12-27
1489.42,1504.45,1486.88,1501.67,0.82,72096704.0,2016-12-28
1501.67,1530.29,1501.67,1522.0,1.35,38923600.0,2016-12-29
1522.0,1551.43,1521.79,1545.21,1.52,58668500.0,2017-01-01
1545.21,1559.38,1544.03,1558.75,0.88,50925300.0,2017-01-02
1558.75,1559.99,1534.45,1534.45,-1.56,35505200.0,2017-01-03
1534.45,1537.64,1528.26,1534.94,0.03,30636500.0,2017-01-04
1534.94,1543.12,1528.33,1530.11,-0.31,32469800.0,2017-01-05
1530.11,1530.38,1518.73,1519.19,-0.71,31649600.0,2017-01-08
1519.19,1523.67,1513.99,1517.72,-0.1,40013500.0,2017-01-09
1517.72,1528.21,1515.78,1527.93,0.67,58884400.0,2017-01-10
1527.93,1533.13,1518.41,1518.86,-0.59,32280600.0,2017-01-11
1518.86,1521.1,1516.28,1518.93,0.0,21831500.0,2017-01-12
1518.93,1520.5,1511.81,1511.97,-0.46,16322900.0,2017-01-15
1511.97,1514.26,1505.67,1505.67,-0.42,36951200.0,2017-01-16
1505.67,1508.57,1500.7,1508.52,0.19,46828300.0,2017-01-17
1508.52,1514.58,1505.44,1514.58,0.4,40238100.0,2017-01-18
1514.58,1520.5,1512.72,1515.31,0.05,33483000.0,2017-01-19
1515.31,1520.05,1509.81,1512.91,-0.16,31840000.0,2017-01-22
1512.91,1514.34,1500.71,1506.28,-0.44,38233900.0,2017-01-23
1506.28,1507.97,1485.5,1486.13,-1.34,40810600.0,2017-01-24
1486.13,1488.25,1455.0,1456.87,-1.97,52334500.0,2017-01-25
1456.87,1457.16,1428.65,1438.56,-1.26,60442200.0,2017-01-26
1438.56,1439.8,1388.42,1389.57,-3.41,57460600.0,2017-01-30
1389.57,1404.37,1383.91,1392.89,0.24,36073600.0,2017-01-31
1392.89,1451.62,1392.89,1449.39,4.06,55041100.0,2017-02-01
1449.39,1461.47,1443.96,1450.41,0.07,74128800.0,2017-02-02
1450.41,1455.22,1441.87,1446.39,-0.28,59303700.0,2017-02-05
1446.39,1446.59,1432.03,1432.26,-0.98,42186700.0,2017-02-06
1432.26,1432.82,1424.75,1429.0,-0.23,29748000.0,2017-02-07
1429.0,1430.1,1405.55,1408.36,-1.44,37439300.0,2017-02-08
1408.36,1409.83,1388.48,1388.98,-1.38,51668300.0,2017-02-09
1388.98,1389.1,1357.74,1357.96,-2.23,62391600.0,2017-02-12
1357.96,1362.16,1321.64,1361.75,0.28,45135100.0,2017-02-13
1361.75,1370.71,1354.87,1364.13,0.17,38624400.0,2017-02-14
1364.13,1407.4,1364.2,1407.4,3.17,43710800.0,2017-02-15
1407.4,1432.45,1405.04,1431.46,1.71,56897000.0,2017-02-16
1431.46,1461.15,1422.71,1461.15,2.07,68274400.0,2017-02-19
1461.15,1479.81,1450.36,1450.36,-0.74,110120000.0,2017-02-20
1450.36,1470.44,1445.39,1453.14,0.19,76823296.0,2017-02-21
1453.14,1457.54,1439.2,1452.79,-0.02,41432800.0,2017-02-22
1452.79,1455.72,1446.62,1447.4,-0.37,31261100.0,2017-02-23
1447.4,1448.5,1436.81,1439.41,-0.55,26873200.0,2017-02-26
1439.41,1439.41,1427.24,1429.56,-0.68,117431000.0,2017-02-28
1429.56,1445.31,1429.64,1444.87,1.07,38558700.0,2017-03-01
1444.87,1455.85,1444.87,1455.11,0.71,41820900.0,2017-03-02
1455.11,1481.6,1455.11,1480.09,1.72,52894000.0,2017-03-05
1480.09,1492.77,1477.38,1481.57,0.1,53176000.0,2017-03-06
1481.57,1481.73,1465.33,1466.75,-1.0,40465900.0,2017-03-07
1466.75,1477.0,1465.28,1469.14,0.16,41630400.0,2017-03-09
1469.14,1475.93,1467.29,1475.47,0.43,24745900.0,2017-03-13
1475.47,1486.61,1470.4,1473.98,-0.1,34865900.0,2017-03-14
1473.98,1475.67,1464.91,1474.86,0.06,21487300.0,2017-03-15
1474.86,1477.56,1468.07,1473.13,-0.12,29256700.0,2017-03-16
1473.13,1490.59,1473.29,1490.31,1.17,43468000.0,2017-03-19
1490.31,1529.77,1490.31,1529.65,2.64,91245200.0,2017-03-20
1529.65,1607.54,1521.67,1605.99,4.99,12924200.0,2017-03-21
1605.99,1678.03,1605.99,1646.37,2.51,251771008.0,2017-03-22
1646.37,1662.44,1634.28,1655.32,0.54,161832000.0,2017-03-23
1655.32,1726.57,1655.99,1716.29,3.68,230782000.0,2017-03-26
1716.29,1800.17,1716.39,1799.26,4.83,191167008.0,2017-03-28
1799.26,1832.63,1781.91,1782.53,-0.93,261847008.0,2017-03-29
1782.28,1795.9,1761.73,1776.47,-0.33,176080000.0,2017-03-30
1776.47,1864.76,1773.65,1864.76,4.97,156446000.0,2017-04-02
1864.76,1929.08,1840.05,1850.68,-0.76,303076000.0,2017-04-03
1850.68,1861.83,1828.07,1846.96,-0.2,211084992.0,2017-04-04
1846.96,1854.04,1826.3,1831.58,-0.83,181068000.0,2017-04-06
1831.58,1839.19,1813.43,1837.9,0.35,203507008.0,2017-04-09
1837.9,1899.53,1834.23,1889.82,2.82,364892992.0,2017-04-10
1889.82,1947.03,1890.06,1946.58,3.0,480135008.0,2017-04-11
1946.58,2016.42,1946.52,1965.94,0.99,432827008.0,2017-04-12
1965.94,1982.71,1943.53,1966.63,0.04,282568000.0,2017-04-13
1966.63,1975.24,1915.4,1916.7,-2.54,244539008.0,2017-04-16
1916.7,1916.78,1860.33,1877.83,-2.03,236560000.0,2017-04-18
1877.83,1947.4,1878.34,1947.4,3.7,192659008.0,2017-04-19
1947.4,1969.88,1935.15,1939.27,-0.42,273849984.0,2017-04-20
1939.27,1983.18,1939.93,1969.46,1.56,246724000.0,2017-04-23
1969.46,1972.55,1952.48,1955.16,-0.73,159468000.0,2017-04-24
1955.16,1970.91,1951.35,1955.62,0.02,172067008.0,2017-04-25
1955.62,1976.23,1956.32,1972.93,0.88,216142000.0,2017-04-26
1972.93,1991.66,1964.35,1978.98,0.31,193338000.0,2017-04-27
1978.98,1979.51,1957.63,1963.61,-0.78,112854000.0,2017-04-30
1963.61,1980.04,1954.04,1980.04,0.84,203548000.0,2017-05-02
1980.04,2000.92,1973.8,1975.1,-0.25,172016000.0,2017-05-03
1975.1,1978.34,1960.02,1962.66,-0.63,119055000.0,2017-05-04
1962.66,1965.65,1937.24,1940.22,-1.14,116199000.0,2017-05-07
1940.22,1964.76,1938.72,1951.92,0.6,88944200.0,2017-05-08
1951.92,1977.06,1951.92,1976.98,1.28,82718704.0,2017-05-09
1976.98,1982.66,1975.92,1978.9,0.1,126846000.0,2017-05-11
1978.9,1987.41,1976.86,1978.22,-0.03,113961000.0,2017-05-15
1978.22,1978.22,1963.4,1963.71,-0.73,72048704.0,2017-05-16
1963.71,1969.8,1961.53,1962.5,-0.06,79474704.0,2017-05-17
1962.5,1976.07,1959.55,1975.98,0.69,98620200.0,2017-05-18
1975.98,1979.44,1959.06,1960.75,-0.77,104725000.0,2017-05-21
1960.75,1966.48,1952.87,1955.08,-0.29,64955400.0,2017-05-22
1955.08,1977.32,1954.3,1966.03,0.56,176403008.0,2017-05-23
1966.03,1970.86,1951.09,1970.26,0.22,115273000.0,2017-05-24
1970.26,1971.33,1950.52,1952.86,-0.88,112577000.0,2017-05-28
1952.86,1953.46,1934.4,1936.64,-0.83,135140992.0,2017-05-30
1936.64,1957.54,1925.62,1957.54,1.08,104509000.0,2017-05-31
1957.54,1961.1,1945.91,1947.59,-0.51,98564096.0,2017-06-01
1947.59,1948.18,1932.95,1939.9,-0.4,58413200.0,2017-06-04
1939.9,1954.86,1940.67,1950.8,0.56,78143400.0,2017-06-05
1950.8,1986.36,1950.8,1986.18,1.81,164652992.0,2017-06-06
1986.18,1995.53,1967.91,1967.91,-0.92,143264992.0,2017-06-07
1967.91,1972.63,1964.73,1967.04,-0.04,87251296.0,2017-06-08
1967.04,1971.79,1946.91,1946.94,-1.02,93914096.0,2017-06-11
1946.94,1949.96,1930.43,1933.96,-0.67,126476000.0,2017-06-12
1933.96,1938.24,1926.63,1936.03,0.11,78466096.0,2017-06-13
1936.03,1937.23,1926.09,1932.97,-0.16,65831800.0,2017-06-14
1932.97,1962.23,1925.95,1944.42,0.59,116120000.0,2017-06-15
1944.42,1944.51,1932.8,1933.49,-0.56,46861000.0,2017-06-18
1933.49,1933.55,1910.89,1912.18,-1.1,63298400.0,2017-06-19
1912.18,1917.4,1891.75,1903.2,-0.47,95998704.0,2017-06-20
1903.2,1913.21,1898.22,1906.36,0.17,56369100.0,2017-06-21
1906.36,1922.01,1906.53,1917.72,0.6,66167700.0,2017-06-22
1917.72,1927.77,1917.27,1922.15,0.23,103265000.0,2017-06-25
1922.15,1925.82,1915.83,1922.74,0.03,79822400.0,2017-06-27
1922.74,1929.78,1919.48,1927.74,0.26,52333100.0,2017-06-28
1927.74,1926.6,1895.95,1897.53,-1.57,65828600.0,2017-07-02
1897.53,1915.76,1897.53,1904.21,0.35,62580500.0,2017-07-03
1904.21,1909.8,1899.5,1900.2,-0.21,42867800.0,2017-07-04
1900.2,1914.28,1894.77,1914.28,0.74,59537000.0,2017-07-05
1914.28,1954.91,1914.86,1953.73,2.06,182370000.0,2017-07-06
1953.73,1976.12,1917.05,1942.11,-0.6,181083008.0,2017-07-09
1942.11,1947.61,1928.59,1930.57,-0.59,80115600.0,2017-07-10
1930.57,1949.24,1923.79,1944.05,0.7,86561200.0,2017-07-11
1944.05,1957.71,1944.05,1951.34,0.37,90573600.0,2017-07-12
1951.34,1955.78,1939.2,1945.37,-0.31,197455008.0,2017-07-13
1945.37,1948.48,1939.81,1944.93,-0.02,112687000.0,2017-07-16
1944.93,1975.25,1943.78,1974.5,1.52,166204992.0,2017-07-17
1974.5,2001.6,1973.1,1999.7,1.28,284751008.0,2017-07-18
1999.7,2014.35,1993.9,1994.99,-0.24,225184000.0,2017-07-19
1994.99,1997.06,1987.2,1991.1,-0.19,172920992.0,2017-07-20
1991.1,1996.37,1988.92,1992.66,0.08,150324992.0,2017-07-23
1992.66,1994.13,1983.63,1985.62,-0.35,113297000.0,2017-07-24
1985.62,1998.58,1985.15,1992.1,0.33,123716000.0,2017-07-25
1992.1,2009.51,1990.98,2006.51,0.72,189463008.0,2017-07-26
2006.51,2055.81,2006.37,2029.4,1.14,309487008.0,2017-07-27
2029.4,2039.7,2018.92,2039.7,0.51,245522000.0,2017-07-30
2039.7,2050.18,2034.29,2044.74,0.25,237124000.0,2017-07-31
2044.74,2089.39,2045.82,2089.33,2.18,440367008.0,2017-08-01
2089.33,2111.72,2081.54,2101.38,0.58,460198016.0,2017-08-02
2101.38,2107.13,2082.54,2087.71,-0.65,425867008.0,2017-08-03
2087.71,2095.16,2076.42,2084.58,-0.15,278980992.0,2017-08-06
2084.58,2098.08,2075.91,2088.69,0.2,226947008.0,2017-08-07
2088.69,2093.75,2075.21,2075.97,-0.61,238328000.0,2017-08-09
2075.97,2083.43,2058.54,2063.61,-0.6,11746700.0,2017-08-10
2063.61,2072.98,2041.5,2045.1,-0.9,153671008.0,2017-08-13
2045.1,2049.95,2022.74,2031.36,-0.67,199554000.0,2017-08-15
2031.36,2050.84,2028.75,2034.56,0.16,189884992.0,2017-08-16
2034.56,2037.76,2022.95,2029.51,-0.25,174399008.0,2017-08-17
2029.51,2031.02,2013.49,2014.66,-0.73,203004000.0,2017-08-20
2014.66,2014.66,2003.79,2004.88,-0.49,104711000.0,2017-08-21
2004.88,2027.42,2001.91,2007.68,0.14,117530000.0,2017-08-22
2007.68,2011.87,2000.3,2002.26,-0.27,129786000.0,2017-08-23
2002.26,2016.34,2000.56,2016.34,0.7,121233000.0,2017-08-24
2016.34,2031.13,2016.5,2028.46,0.6,179720000.0,2017-08-27
2028.46,2040.28,2023.18,2035.31,0.34,353342016.0,2017-08-28
2035.31,2048.08,2022.08,2031.55,-0.19,323968992.0,2017-08-30
2031.55,2034.56,2006.51,2006.89,-1.21,253342000.0,2017-08-31
2006.89,2016.54,1970.29,1970.72,-1.8,267199008.0,2017-09-04
1970.72,2006.22,1970.72,1991.41,1.05,214492000.0,2017-09-06
1991.41,2005.66,1984.28,1985.91,-0.28,231864000.0,2017-09-07
1985.91,1995.31,1933.44,1936.31,-2.5,291256000.0,2017-09-10
1936.31,1952.28,1926.29,1947.39,0.57,202316000.0,2017-09-11
1947.39,1949.03,1912.74,1917.57,-1.53,119746000.0,2017-09-12
1917.57,1928.93,1884.16,1893.52,-1.25,141428000.0,2017-09-13
1893.52,1920.67,1884.89,1917.43,1.26,186791008.0,2017-09-14
1917.43,1932.13,1910.86,1926.31,0.46,148496992.0,2017-09-17
1926.31,1936.66,1922.02,1924.69,-0.08,127954000.0,2017-09-18
1924.69,1929.85,1906.79,1917.85,-0.36,92400496.0,2017-09-20
1917.85,1920.79,1909.9,1912.15,-0.3,58219000.0,2017-09-24
1912.15,1920.62,1910.3,1919.54,0.39,65243400.0,2017-09-25
1919.54,1931.4,1919.65,1931.15,0.61,70834896.0,2017-09-26
1931.15,1932.92,1925.65,1931.8,0.03,15117000.0,2017-10-03
1931.8,1933.03,1908.32,1909.0,-1.18,52968400.0,2017-10-04
1909.0,1907.72,1842.23,1855.92,-2.78,94480800.0,2017-10-08
1855.92,1857.85,1833.3,1843.29,-0.68,58691100.0,2017-10-09
1843.29,1855.2,1839.07,1844.14,0.05,47665200.0,2017-10-10
1844.14,1851.64,1840.44,1844.67,0.03,46367000.0,2017-10-11
1844.67,1849.52,1837.46,1839.25,-0.29,50474500.0,2017-10-12
1839.25,1852.6,1839.42,1852.18,0.7,210100000.0,2017-10-15
1852.18,1909.54,1852.0,1909.54,3.1,80937904.0,2017-10-16
1909.54,1920.2,1895.69,1900.44,-0.48,72248496.0,2017-10-17
1900.44,1914.89,1886.35,1914.89,0.76,51565800.0,2017-10-18
1914.89,1924.43,1913.07,1917.34,0.13,58031600.0,2017-10-22
1917.34,1922.04,1900.12,1906.61,-0.56,69210496.0,2017-10-23
1906.61,1907.73,1890.64,1894.97,-0.61,45347700.0,2017-10-24
1894.97,1895.48,1882.22,1883.03,-0.63,57699500.0,2017-10-25
1883.03,1884.1,1864.49,1866.03,-0.9,56251000.0,2017-10-29
1866.03,1866.3,1850.93,1853.2,-0.69,96826896.0,2017-10-30
1853.2,1853.4,1841.42,1845.45,-0.42,55914100.0,2017-10-31
1845.45,1845.79,1825.0,1832.04,-0.73,19925700.0,2017-11-01
1832.04,1832.04,1820.46,1825.27,-0.37,20165100.0,2017-11-02
1825.27,1823.03,1780.7,1794.36,-1.69,30349800.0,2017-11-05
1794.36,1806.57,1777.59,1782.47,-0.66,36660400.0,2017-11-06
1782.47,1794.79,1771.23,1776.11,-0.36,26276700.0,2017-11-07
1776.11,1776.11,1742.83,1754.6,-1.21,22425100.0,2017-11-08
1754.6,1764.74,1732.34,1742.64,-0.68,19602000.0,2017-11-09
1742.64,1766.25,1736.09,1766.25,1.36,23307200.0,2017-11-12
1766.25,1775.8,1756.02,1763.95,-0.13,25604900.0,2017-11-13
1763.95,1794.2,1759.8,1791.9,1.58,36271000.0,2017-11-14
1791.9,1792.33,1774.47,1776.56,-0.86,30647800.0,2017-11-15
1776.56,1776.56,1749.98,1749.98,-1.5,20371500.0,2017-11-16
1749.98,1753.45,1729.7,1732.32,-1.01,22151000.0,2017-11-19
1732.32,1734.8,1719.59,1727.05,-0.3,27495900.0,2017-11-20
1727.05,1739.04,1720.75,1723.82,-0.19,19121400.0,2017-11-21
1727.05,1737.37,1723.72,1730.6,0.39,24098000.0,2017-11-22
1730.6,1752.8,1730.83,1752.8,1.28,28568800.0,2017-11-23
1752.8,1776.12,1750.77,1771.77,1.08,26343000.0,2017-11-26
1771.77,1782.55,1759.03,1766.8,-0.28,28254600.0,2017-11-27
1766.8,1769.54,1757.66,1769.54,0.16,24042700.0,2017-11-28
1769.54,1797.63,1768.42,1782.76,0.75,36728800.0,2017-11-29
1782.76,1787.3,1758.5,1775.09,-0.43,26007900.0,2017-11-30
1775.09,1782.39,1755.29,1760.37,-0.83,18088900.0,2017-12-04
1760.37,1763.26,1749.24,1757.51,-0.16,21286600.0,2017-12-05
1757.51,1782.62,1753.94,1781.46,1.36,32386500.0,2017-12-06
1781.46,1801.55,1769.01,1775.99,-0.31,21817800.0,2017-12-10
1775.99,1777.14,1756.61,1766.89,-0.51,18868500.0,2017-12-11
1766.89,1767.67,1740.21,1744.08,-1.29,36993800.0,2017-12-12
1744.08,1752.59,1729.12,1749.81,0.33,16983400.0,2017-12-13
1749.81,1751.59,1733.64,1748.23,-0.09,13049200.0,2017-12-14
1748.23,1748.23,1729.61,1729.61,-1.06,14515400.0,2017-12-17
1729.61,1733.52,1716.21,1717.4,-0.71,20895500.0,2017-12-18
1717.4,1723.41,1707.29,1710.13,-0.42,18692500.0,2017-12-19
1710.13,1713.1,1695.99,1703.23,-0.4,19020200.0,2017-12-20
1703.23,1705.71,1679.82,1683.88,-1.14,42589400.0,2017-12-21
1683.88,1683.88,1664.88,1670.46,-0.8,22010700.0,2017-12-24
1670.46,1675.54,1629.28,1633.55,-2.21,25574700.0,2017-12-26
1633.55,1633.97,1607.42,1608.86,-1.51,24040300.0,2017-12-27
1608.86,1609.28,1585.01,1596.39,-0.77,37427200.0,2017-12-28
1596.39,1594.62,1572.12,1579.62,-1.05,18416200.0,2017-12-31
1579.62,1624.62,1581.39,1624.62,2.85,20885900.0,2018-01-01
1624.62,1642.42,1611.68,1620.56,-0.25,20257400.0,2018-01-02
1620.56,1622.52,1601.35,1603.4,-1.06,15875800.0,2018-01-03
1603.4,1604.51,1594.31,1595.99,-0.46,15385300.0,2018-01-04
1595.99,1606.02,1591.95,1605.31,0.58,15296300.0,2018-01-07
1605.31,1611.93,1598.49,1611.93,0.41,9168480.0,2018-01-08
1611.93,1629.89,1612.33,1626.3,0.89,11558800.0,2018-01-09
1626.3,1626.3,1608.64,1614.82,-0.71,15370000.0,2018-01-10
1614.82,1614.82,1591.55,1594.03,-1.29,14078500.0,2018-01-14
1594.03,1594.03,1572.24,1578.05,-1.0,21328500.0,2018-01-16
1578.05,1578.03,1563.93,1570.85,-0.46,14493600.0,2018-01-17
1570.85,1577.29,1563.09,1565.75,-0.32,0.0,2018-01-21
1565.75,1569.98,1559.34,1565.23,-0.03,13068400.0,2018-01-22
1565.23,1572.59,1558.7,1561.78,-0.22,10666300.0,2018-01-23
1561.78,1570.78,1553.66,1569.6,0.5,17471500.0,2018-01-24
1569.6,1577.69,1563.71,1566.54,-0.19,19330200.0,2018-01-25
1566.54,1581.55,1566.14,1571.3,0.3,20547100.0,2018-01-28
1571.3,1577.4,1560.61,1565.59,-0.36,14780600.0,2018-01-29
1565.59,1578.45,1560.46,1575.76,0.65,12583100.0,2018-01-31
1575.76,1591.92,1575.11,1584.08,0.53,13943100.0,2018-02-01
1584.08,1592.62,1583.32,1588.73,0.29,16954600.0,2018-02-04
1584.08,1589.73,1574.54,1574.54,-0.89,14258800.0,2018-02-05
1574.54,1577.23,1570.5,1570.61,-0.25,11191700.0,2018-02-06
1570.61,1572.24,1561.51,1564.04,-0.42,11263800.0,2018-02-07
1564.04,1573.13,1560.77,1572.31,0.53,16612500.0,2018-02-08
1572.31,1572.31,1561.44,1563.85,-0.54,12945700.0,2018-02-11
1563.85,1572.33,1559.38,1570.61,0.43,10837400.0,2018-02-12
1570.61,1573.33,1560.29,1573.33,0.17,14018100.0,2018-02-14
1573.33,1628.83,1575.1,1628.83,3.53,35801400.0,2018-02-15
1628.83,1647.92,1604.8,1607.25,-1.32,43500900.0,2018-02-18
1607.25,1617.0,1586.66,1588.97,-1.14,25477200.0,2018-02-20
1588.97,1588.97,1575.55,1576.45,-0.79,44352300.0,2018-02-21
1576.45,1596.78,1570.54,1579.54,0.2,51048000.0,2018-02-22
1579.54,1583.6,1566.46,1569.04,-0.66,12604800.0,2018-02-25
1569.04,1571.94,1557.54,1557.54,-0.73,16921500.0,2018-02-26
1557.54,1576.91,1550.4,1557.17,-0.02,28399100.0,2018-02-27
1557.17,1557.27,1530.65,1538.71,-1.19,25327600.0,2018-02-28
1538.71,1538.71,1482.82,1497.26,-2.69,22475100.0,2018-03-04
1497.26,1510.44,1481.75,1485.86,-0.76,19734600.0,2018-03-05
1485.86,1506.33,1466.04,1505.83,1.34,22881200.0,2018-03-06
1505.83,1527.21,1505.83,1525.74,1.32,29263300.0,2018-03-07
1525.74,1529.09,1499.57,1500.1,-1.68,16707900.0,2018-03-11
1500.1,1509.04,1487.56,1499.05,-0.07,12273100.0,2018-03-12
1499.05,1500.5,1490.29,1500.5,0.1,10188400.0,2018-03-13
1500.5,1507.53,1494.69,1504.78,0.29,8129110.0,2018-03-14
1504.78,1514.85,1500.55,1507.05,0.15,9833070.0,2018-03-15
1507.05,1514.73,1493.28,1495.13,-0.79,9873790.0,2018-03-18
1495.13,1500.23,1486.34,1486.34,-0.59,17761600.0,2018-03-19
1486.34,1486.34,1462.68,1471.11,-1.02,15795000.0,2018-03-20
1471.11,1469.36,1450.5,1457.25,-0.94,15744100.0,2018-03-21
1457.25,1465.86,1432.21,1446.46,-0.74,21529200.0,2018-03-22
1446.46,1445.96,1391.43,1395.19,-3.54,22005100.0,2018-03-26
1395.19,1440.32,1374.95,1436.89,2.99,19878300.0,2018-03-27
1436.89,1446.67,1425.22,1438.05,0.08,18754100.0,2018-03-28
1438.05,1458.5,1436.1,1458.5,1.42,17874500.0,2018-03-29
1438.05,1459.92,1420.51,1422.4,-2.48,17371400.0,2018-04-01
1422.4,1427.59,1415.23,1418.76,-0.26,14266500.0,2018-04-02
1418.76,1430.72,1418.17,1429.94,0.79,11760800.0,2018-04-03
1429.94,1471.91,1431.25,1468.97,2.73,21980900.0,2018-04-04
1468.97,1501.7,1460.53,1500.78,2.17,33662900.0,2018-04-05
1500.78,1548.59,1487.48,1525.66,1.66,59986600.0,2018-04-08
1525.66,1540.47,1507.02,1507.02,-1.22,29220400.0,2018-04-09
1507.02,1510.09,1488.06,1489.38,-1.17,14032100.0,2018-04-10
1489.38,1494.32,1477.47,1480.77,-0.58,39829900.0,2018-04-11
1480.77,1498.62,1480.09,1492.18,0.77,37694600.0,2018-04-12
1492.18,1495.17,1479.28,1493.54,0.09,13470000.0,2018-04-15
1493.54,1515.06,1490.27,1510.29,1.12,18947400.0,2018-04-16
1510.29,1553.29,1511.77,1545.8,2.35,36054300.0,2018-04-17
1545.8,1639.02,1537.21,1611.14,4.23,58835500.0,2018-04-18
1611.14,1638.21,1601.42,1627.71,1.03,75578496.0,2018-04-19
1627.71,1692.98,1628.97,1689.37,3.79,73839904.0,2018-04-22
1689.37,1714.2,1631.14,1657.83,-1.87,70708304.0,2018-04-23
1657.83,1657.83,1623.63,1630.04,-1.68,32044300.0,2018-04-24
1630.04,1633.39,1612.84,1613.39,-1.02,24244500.0,2018-04-25
1613.39,1618.07,1577.43,1578.64,-2.15,28751000.0,2018-04-26
1578.64,1590.34,1566.57,1583.07,0.28,19355000.0,2018-04-29
1583.07,1591.07,1557.13,1591.07,0.51,16637100.0,2018-05-02
1591.07,1612.95,1591.47,1594.56,0.22,35538500.0,2018-05-03
1594.56,1594.75,1574.67,1581.13,-0.84,24262400.0,2018-05-06
1581.13,1582.6,1563.36,1566.67,-0.91,15885300.0,2018-05-07
1566.67,1585.53,1561.33,1584.84,1.16,17795000.0,2018-05-08
1584.84,1588.66,1574.85,1576.77,-0.51,14799500.0,2018-05-09
1576.77,1582.74,1568.37,1571.1,-0.36,15334400.0,2018-05-10
1571.1,1571.58,1544.19,1544.19,-1.71,19246700.0,2018-05-14
1544.19,1546.65,1533.23,1533.23,-0.71,10588300.0,2018-05-15
1533.23,1543.03,1531.05,1542.51,0.61,7317990.0,2018-05-16
1542.51,1558.99,1542.51,1545.22,0.18,14267900.0,2018-05-17
1545.22,1556.25,1538.74,1546.25,0.07,16483600.0,2018-05-20
1546.25,1547.12,1532.77,1539.95,-0.41,20283700.0,2018-05-21
1539.95,1544.13,1530.85,1532.75,-0.47,11636800.0,2018-05-22
1532.75,1532.75,1523.16,1527.17,-0.36,12512900.0,2018-05-23
1527.17,1530.16,1512.64,1512.64,-0.95,16484100.0,2018-05-24
1512.64,1511.07,1498.31,1499.53,-0.87,17424900.0,2018-05-27
1499.53,1548.67,1490.28,1547.81,3.22,28959100.0,2018-05-28
1547.81,1552.27,1529.44,1533.6,-0.92,16761900.0,2018-05-29
1533.6,1543.54,1526.31,1526.31,-0.48,14050900.0,2018-05-30
1533.6,1527.38,1512.44,1513.84,-0.82,10440000.0,2018-05-31
1513.84,1510.59,1483.01,1483.01,-2.04,20340200.0,2018-06-03
1483.01,1489.37,1470.33,1477.21,-0.39,10366700.0,2018-06-04
1477.21,1503.46,1478.47,1493.45,1.1,7712260.0,2018-06-06
1493.45,1495.95,1469.0,1469.0,-1.64,31197400.0,2018-06-07
1469.0,1469.62,1445.6,1446.76,-1.51,19273900.0,2018-06-10
1446.76,1458.57,1433.78,1443.93,-0.2,20349600.0,2018-06-11
1443.93,1452.14,1436.27,1443.46,-0.03,10180300.0,2018-06-12
1443.46,1451.73,1435.11,1450.3,0.47,8204220.0,2018-06-13
1443.46,1465.46,1450.15,1454.98,0.32,11933100.0,2018-06-14
1454.98,1457.05,1441.99,1441.99,-0.89,8067310.0,2018-06-17
1441.99,1441.71,1429.29,1440.72,-0.09,8041530.0,2018-06-18
1440.72,1440.17,1423.68,1426.24,-1.01,5562080.0,2018-06-19
1426.24,1429.48,1418.04,1419.06,-0.5,46840000.0,2018-06-20
1419.06,1428.48,1415.15,1418.07,-0.07,9184930.0,2018-06-21
1418.07,1437.72,1415.05,1420.35,0.16,19906700.0,2018-06-24
1420.35,1425.4,1407.23,1410.06,-0.72,10313300.0,2018-06-25
1410.06,1411.62,1395.19,1395.34,-1.04,10327700.0,2018-06-26
1395.34,1411.67,1394.78,1407.28,0.86,5646270.0,2018-06-27
1407.28,1413.2,1402.77,1403.85,-0.24,13660100.0,2018-06-28
1403.85,1403.85,1383.7,1383.71,-1.43,14352600.0,2018-07-01
1383.71,1397.54,1372.56,1387.46,0.27,17593800.0,2018-07-02
1387.46,1393.88,1379.88,1387.3,-0.01,10070100.0,2018-07-03
1387.3,1407.32,1380.76,1401.18,1.0,8678210.0,2018-07-04
1401.18,1439.46,1401.14,1438.46,2.66,27948000.0,2018-07-05
1438.46,1451.88,1432.99,1436.18,-0.16,24757800.0,2018-07-08
1436.18,1439.15,1413.59,1418.12,-1.26,18592400.0,2018-07-09
1418.12,1432.91,1413.45,1417.65,-0.03,12926700.0,2018-07-10
1417.65,1436.33,1417.65,1420.69,0.21,11892600.0,2018-07-11
1420.69,1422.18,1401.36,1401.86,-1.33,19981300.0,2018-07-12
1401.86,1410.48,1400.91,1409.57,0.55,10041900.0,2018-07-15
1409.57,1434.61,1408.42,1434.16,1.74,2323320.0,2018-07-16
1434.16,1436.11,1420.7,1426.06,-0.56,8290630.0,2018-07-17
1426.06,1426.06,1413.46,1416.34,-0.68,12726000.0,2018-07-18
1416.34,1416.34,1404.89,1409.26,-0.5,9374400.0,2018-07-19
1409.26,1412.05,1395.22,1395.84,-0.95,11394800.0,2018-07-22
1395.84,1411.97,1392.85,1411.72,1.14,6725870.0,2018-07-23
1411.72,1432.81,1407.75,1414.57,0.2,16694100.0,2018-07-24
1414.57,1418.59,1405.1,1410.29,-0.3,8211660.0,2018-07-25
1410.29,1416.23,1407.09,1408.31,-0.14,16143400.0,2018-07-26
1408.31,1418.33,1407.57,1415.08,0.48,13359700.0,2018-07-29
1415.08,1418.61,1412.96,1415.3,0.02,17900800.0,2018-07-30
1415.3,1422.52,1413.83,1418.41,0.22,18592500.0,2018-07-31
1418.41,1427.04,1414.52,1421.88,0.24,22068200.0,2018-08-01
1421.88,1424.96,1413.61,1413.61,-0.58,13115300.0,2018-08-02
1413.61,1424.78,1412.72,1424.78,0.79,19807100.0,2018-08-05
1424.78,1428.2,1417.16,1419.8,-0.35,11339300.0,2018-08-06
1419.8,1420.08,1415.82,1418.49,-0.09,11487700.0,2018-08-07
1418.49,1421.59,1416.26,1418.48,0.0,12353500.0,2018-08-08
1418.48,1425.42,1413.25,1417.17,-0.09,13833800.0,2018-08-09
1417.17,1417.72,1403.45,1403.95,-0.93,19861700.0,2018-08-12
1403.95,1420.85,1402.88,1420.17,1.16,10612700.0,2018-08-13
1420.17,1435.27,1415.92,1435.05,1.05,21011500.0,2018-08-14
1435.05,1473.36,1433.55,1471.86,2.57,22332000.0,2018-08-15
1471.86,1477.55,1461.08,1469.33,-0.17,34689900.0,2018-08-16
1469.33,1469.42,1446.22,1448.51,-1.42,42744800.0,2018-08-19
1448.51,1448.94,1434.95,1435.39,-0.91,14847100.0,2018-08-20
1435.39,1435.68,1426.33,1432.21,-0.22,9469720.0,2018-08-21
1432.21,1436.63,1430.03,1431.75,-0.03,5064040.0,2018-08-22
1431.75,1432.93,1425.34,1431.93,0.01,11888900.0,2018-08-23
1431.93,1434.83,1420.43,1420.43,-0.8,10970300.0,2018-08-26
1420.43,1429.1,1416.95,1429.1,0.61,16880700.0,2018-08-28
1429.1,1429.76,1419.54,1421.13,-0.56,11418900.0,2018-08-29
1421.13,1431.25,1417.73,1429.04,0.56,10866500.0,2018-08-30
1429.04,1442.56,1426.43,1442.56,0.95,14713100.0,2018-09-02
1442.56,1471.6,1443.65,1455.28,0.88,22821100.0,2018-09-03
1455.28,1468.61,1450.9,1461.64,0.44,31095500.0,2018-09-04
1461.64,1500.92,1459.97,1492.43,2.11,49133700.0,2018-09-05
1492.43,1504.97,1475.68,1477.34,-1.01,44261700.0,2018-09-06
1477.34,1479.15,1460.4,1462.02,-1.04,23565700.0,2018-09-09
1462.02,1463.99,1451.41,1451.74,-0.7,15399700.0,2018-09-10
1451.74,1471.73,1451.74,1467.38,1.08,32416700.0,2018-09-11
1467.38,1482.56,1462.13,1482.22,1.01,34749800.0,2018-09-12
1482.22,1506.53,1481.09,1493.49,0.76,50886700.0,2018-09-13
1493.49,1531.0,1494.81,1514.38,1.4,50272400.0,2018-09-16
1514.38,1519.06,1506.75,1509.23,-0.34,36361600.0,2018-09-17
1509.23,1521.12,1507.77,1510.94,0.11,33835500.0,2018-09-18
1510.94,1528.17,1506.4,1515.63,0.31,40115500.0,2018-09-20
1515.63,1519.01,1508.14,1517.06,0.09,41451300.0,2018-09-23
1517.06,1558.14,1516.62,1554.88,2.49,70567104.0,2018-09-25
1554.88,1558.44,1535.17,1548.18,-0.43,51921000.0,2018-09-26
1548.18,1548.37,1534.89,1544.33,-0.25,48043200.0,2018-09-27
1544.33,1544.65,1516.36,1521.97,-1.45,29142700.0,2018-09-30
1521.97,1520.86,1490.44,1492.24,-1.95,26414300.0,2018-10-01
1492.24,1501.22,1484.83,1491.8,-0.03,21142100.0,2018-10-02
1491.8,1492.16,1478.85,1480.28,-0.77,21943100.0,2018-10-03
1480.28,1479.94,1469.82,1476.2,-0.28,16574900.0,2018-10-04
1476.2,1476.3,1454.98,1454.98,-1.44,29341400.0,2018-10-07
1454.98,1467.15,1452.33,1466.85,0.82,18360100.0,2018-10-08
1466.85,1472.07,1462.18,1465.47,-0.09,14845900.0,2018-10-09
1465.47,1468.1,1460.31,1461.67,-0.26,8397720.0,2018-10-10
1461.67,1473.96,1456.68,1473.55,0.81,7158360.0,2018-10-11
1473.55,1491.7,1473.55,1491.7,1.23,11506500.0,2018-10-14
1491.7,1496.23,1486.38,1486.49,-0.35,13126500.0,2018-10-15
1486.49,1494.17,1484.99,1490.34,0.26,2557680.0,2018-10-21
1490.34,1498.75,1483.6,1497.48,0.48,8193630.0,2018-10-22
1497.48,1499.65,1487.67,1490.06,-0.5,11762800.0,2018-10-23
1490.06,1496.47,1488.24,1494.88,0.32,9032910.0,2018-10-24
1494.88,1495.33,1486.01,1491.26,-0.24,10290900.0,2018-10-25
1491.26,1491.83,1475.82,1481.09,-0.68,12694000.0,2018-10-28
1481.09,1481.09,1466.66,1468.93,-0.82,11346600.0,2018-10-29
1468.93,1479.14,1467.54,1479.14,0.69,11837200.0,2018-10-30
1479.14,1481.68,1467.67,1474.53,-0.31,16283300.0,2018-10-31
1474.53,1479.98,1473.55,1477.1,0.17,8573420.0,2018-11-01
1477.1,1476.67,1465.02,1469.93,-0.49,16419200.0,2018-11-04
1469.93,1487.62,1466.53,1483.52,0.92,17765200.0,2018-11-05
1481.62,1481.62,1481.62,1481.62,0.13,6991610.0,2018-11-06
1480.25,1480.42,1472.71,1475.58,-0.41,19573800.0,2018-11-11
1475.59,1475.59,1465.95,1468.15,-0.5,24559000.0,2018-11-12
1467.6,1484.88,1466.86,1480.74,0.86,30725300.0,2018-11-13
1479.63,1485.42,1473.81,1480.74,0.86,26340600.0,2018-11-14
1485.64,1486.14,1478.12,1481.08,0.02,39853200.0,2018-11-15
1482.19,1482.19,1471.57,1473.02,-0.54,31483900.0,2018-11-18
1477.13,1477.13,1464.91,1467.8,-0.35,41613100.0,2018-11-19
1467.59,1470.96,1462.0,1461.44,-0.44,35472500.0,2018-11-20
1459.49,1471.61,1459.49,1468.45,0.48,28484800.0,2018-11-21
1468.94,1469.59,1460.82,1466.17,-0.16,32511600.0,2018-11-22
1468.72,1473.28,1459.51,1459.68,-0.44,49131000.0,2018-11-25
1458.96,1462.16,1453.62,1453.17,-0.45,60441100.0,2018-11-26
1453.43,1461.64,1451.12,1457.55,0.3,50593900.0,2018-11-27
1456.0,1480.0,1457.55,1456.24,-0.09,38596500.0,2018-11-28
1454.95,1457.32,1443.94,1445.12,-0.76,65056900.0,2018-11-29
1445.63,1445.63,1432.7,1433.47,-0.81,63083000.0,2018-12-02
1433.67,1443.05,1431.5,1438.17,0.33,67993504.0,2018-12-03
1437.9,1440.19,1432.71,1440.19,0.14,26949900.0,2018-12-04
1440.33,1440.74,1406.55,1407.52,-4.33,52655200.0,2018-12-05
1406.53,1423.17,1398.78,1410.83,0.24,44927600.0,2018-12-06
1411.96,1421.83,1410.57,1422.92,0.86,39409400.0,2018-12-09
1421.1,1438.14,1421.1,1437.72,1.04,52739400.0,2018-12-10
1437.83,1437.83,1430.05,1435.79,-0.13,31609200.0,2018-12-11
1436.3,1440.28,1433.22,1433.22,-0.18,21846300.0,2018-12-12
1432.22,1446.7,1429.76,1442.08,0.62,52005400.0,2018-12-13
1443.4,1459.43,1443.4,1452.3,0.71,100719000.0,2018-12-16
1454.6,1461.53,1446.46,1460.59,0.57,83673504.0,2018-12-17
1460.8,1461.29,1439.43,1439.88,-1.42,70358096.0,2018-12-18
1440.54,1456.27,1439.95,1454.96,1.05,61094800.0,2018-12-19
1453.96,1472.91,1453.96,1467.84,0.89,67739104.0,2018-12-20
1469.03,1500.13,1469.03,1496.48,1.95,2374410.0,2018-12-23
1497.58,1504.23,1478.53,1478.98,-1.17,110581000.0,2018-12-24
1479.97,1483.71,1467.94,1470.17,-0.6,47177700.0,2018-12-25
1470.85,1491.27,1468.57,1490.54,1.39,95455000.0,2018-12-26
1491.06,1508.15,1477.91,1484.74,-0.39,178575008.0,2018-12-27
1488.9,1490.47,1473.98,1478.63,-0.41,70685200.0,2018-12-30
1478.74,1484.53,1464.11,1464.34,-0.97,78167904.0,2018-12-31
1469.89,1471.43,1458.66,1464.19,-0.01,50817800.0,2019-01-01
1464.19,1465.62,1459.3,1461.08,-0.21,51524500.0,2019-01-02
1461.57,1465.18,1451.56,1454.9,-0.42,49374400.0,2019-01-03
1458.55,1458.55,1438.75,1440.58,-0.98,63766600.0,2019-01-06
1441.61,1453.45,1441.41,1448.22,0.53,34613900.0,2019-01-07
1448.32,1450.52,1442.99,1449.83,0.11,56494400.0,2019-01-08
1448.32,1449.83,1460.13,1458.15,0.57,36425700.0,2019-01-09
1458.15,1461.01,1451.55,1451.55,-0.45,32091300.0,2019-01-10
1451.64,1451.64,1444.23,1447.04,-0.31,34475000.0,2019-01-13
1447.04,1453.1,1442.7,1451.6,0.32,49655200.0,2019-01-14
1454.37,1468.36,1450.16,1468.36,1.15,73782096.0,2019-01-15
1468.36,1473.13,1453.12,1466.94,-0.1,83174096.0,2019-01-16
1465.44,1466.44,1454.76,1466.23,-0.05,57492600.0,2019-01-17
1465.32,1465.32,1453.47,1455.06,-0.76,28284600.0,2019-01-20
1453.48,1453.48,1447.85,1447.85,-0.5,44144100.0,2019-01-21
1443.58,1453.07,1443.58,1450.38,0.17,46564700.0,2019-01-22
1452.21,1460.17,1449.78,1457.24,0.47,45306800.0,2019-01-23
1457.68,1461.1,1456.16,1459.43,0.15,59531400.0,2019-01-24
1457.74,1459.11,1447.64,1447.64,-0.81,39175400.0,2019-01-27
1449.87,1458.01,1448.84,1458.01,0.72,44872700.0,2019-01-28
1457.6,1459.56,1451.86,1454.94,-0.21,59620300.0,2019-01-29
1455.28,1456.16,1447.87,1447.87,-0.49,29485800.0,2019-01-30
1448.2,1453.97,1447.64,1453.14,0.36,56724700.0,2019-01-31
1451.08,1452.66,1442.67,1444.44,-0.6,62136500.0,2019-02-03
1442.55,1447.56,1434.44,1434.44,-0.69,65694700.0,2019-02-04
1434.37,1442.87,1432.25,1439.74,0.37,44193700.0,2019-02-05
1438.61,1442.93,1433.59,1437.36,-0.17,46473200.0,2019-02-06
1436.59,1439.03,1433.93,1436.93,-0.03,35387900.0,2019-02-07
1436.04,1436.61,1422.28,1422.28,-1.02,35265300.0,2019-02-10
1421.19,1435.99,1419.03,1435.99,0.96,30913200.0,2019-02-11
1436.44,1436.44,1427.77,1427.85,-0.57,28959300.0,2019-02-12
1429.35,1433.74,1421.57,1421.57,-0.44,39290900.0,2019-02-13
1421.11,1422.2,1415.21,1417.03,-0.32,33747100.0,2019-02-14
1417.48,1420.72,1413.68,1420.72,0.26,30940600.0,2019-02-17
1420.19,1422.78,1406.54,1409.47,-0.79,38886100.0,2019-02-18
1408.34,1427.25,1407.47,1427.25,1.26,37176500.0,2019-02-19
1432.07,1432.27,1417.21,1417.21,-0.94,7990682.0,2019-02-20
1415.91,1417.24,1409.94,1417.24,0.0,8064050.0,2019-02-21
1415.59,1415.59,1406.51,1411.98,-0.37,29398900.0,2019-02-24
1410.69,1414.24,1403.9,1414.24,0.16,29949800.0,2019-02-25
1413.24,1414.61,1405.72,1409.52,-0.33,28541300.0,2019-02-26
1409.91,1417.67,1407.07,1407.73,-0.13,44061200.0,2019-02-27
1407.41,1410.66,1403.27,1403.27,-0.32,35207200.0,2019-03-03
1401.98,1408.16,1400.96,1404.41,0.08,32112600.0,2019-03-05
1407.44,1415.23,1405.18,1415.23,0.77,34358000.0,2019-03-06
1415.34,1433.14,1414.19,1433.14,1.27,51639900.0,2019-03-07
1430.67,1433.67,1419.56,1433.67,0.04,14451400.0,2019-03-10
1433.22,1443.85,1428.78,1443.85,0.71,47765800.0,2019-03-11
1446.05,1462.6,1444.26,1462.6,1.3,69318096.0,2019-03-12
1459.19,1459.19,1444.98,1444.98,-1.2,50168300.0,2019-03-13
1445.09,1467.52,1438.49,1467.52,1.56,21064130.0,2019-03-14
1464.73,1471.85,1462.85,1463.28,-0.29,51850700.0,2019-03-17
1461.55,1468.09,1456.84,1457.09,-0.42,62041000.0,2019-03-18
1457.69,1457.69,1444.71,1447.11,-0.68,15884900.0,2019-03-19
1447.52,1449.97,1441.67,1449.97,0.2,40631200.0,2019-03-21
1450.47,1450.47,1437.82,1437.95,-0.83,31973500.0,2019-03-24
1437.45,1448.2,1436.67,1448.2,0.71,44081900.0,2019-03-25
1445.22,1451.74,1439.89,1448.22,0.0,36941700.0,2019-03-26
1448.54,1455.22,1442.92,1454.68,0.45,12106800.0,2019-03-27
1454.68,1456.61,1448.54,1451.58,-0.21,33626400.0,2019-03-28
1451.13,1456.34,1447.01,1449.39,-0.15,36194200.0,2019-03-31
1449.65,1458.92,1448.13,1456.63,0.44,65244900.0,2019-04-01
1461.34,1470.44,1457.16,1460.28,0.25,55387300.0,2019-04-02
1458.58,1471.83,1456.96,1466.38,0.42,54236400.0,2019-04-03
1465.35,1470.99,1459.55,1461.8,-0.31,47649200.0,2019-04-04
1462.09,1476.79,1458.13,1476.79,1.03,56629200.0,2019-04-07
1477.78,1489.01,1475.28,1478.62,0.12,110441000.0,2019-04-08
1479.61,1484.35,1470.7,1475.27,-0.23,94699000.0,2019-04-09
1475.48,1478.41,1465.32,1478.41,0.21,45676500.0,2019-04-10
1478.62,1485.55,1476.3,1479.7,0.09,64872400.0,2019-04-11
1478.57,1483.83,1472.78,1483.83,0.28,59706100.0,2019-04-15
1486.87,1503.85,1483.97,1503.85,1.35,120571000.0,2019-04-16
1507.15,1516.8,1500.63,1507.94,0.27,98600200.0,2019-04-17
1506.9,1517.17,1503.16,1508.66,0.05,114206000.0,2019-04-18
1511.69,1525.62,1509.36,1525.62,1.12,126464000.0,2019-04-21
1533.11,1540.35,1505.95,1512.64,-0.85,104377000.0,2019-04-22
1512.84,1525.3,1505.8,1513.22,0.04,123162000.0,2019-04-23
1503.29,1543.63,1503.29,1539.68,1.75,142970000.0,2019-04-24
1541.84,1584.29,1541.84,1584.97,2.94,295369984.0,2019-04-25
1587.14,1609.05,1577.92,1591.08,0.39,316281984.0,2019-04-28
1592.29,1594.45,1566.41,1576.71,-0.9,189346000.0,2019-04-29
1578.91,1586.98,1561.34,1573.98,-0.17,116890000.0,2019-04-30
1572.3,1572.3,1557.75,1563.66,-0.66,97134896.0,2019-05-02
1562.04,1566.46,1542.17,1546.22,-1.12,96342600.0,2019-05-05
1545.23,1562.07,1539.47,1562.07,1.03,99676896.0,2019-05-06
1564.23,1569.82,1558.76,1564.1,0.13,101115000.0,2019-05-07
1565.9,1570.17,1555.21,1556.68,-0.47,78155296.0,2019-05-08
1555.81,1559.59,1549.01,1549.01,-0.49,85802096.0,2019-05-09
1547.47,1548.68,1538.19,1541.16,-0.51,63351400.0,2019-05-12
1542.06,1553.09,1537.66,1553.09,0.77,77468800.0,2019-05-13
1559.13,1572.46,1559.13,1564.69,0.75,196744992.0,2019-05-14
1566.23,1591.25,1566.23,1590.68,1.66,243788992.0,2019-05-15
1592.27,1619.56,1592.27,1611.93,1.34,199032992.0,2019-05-16
1621.68,1627.11,1603.64,1620.75,0.55,165442000.0,2019-05-19
1620.05,1627.03,1599.62,1600.4,-1.26,122369000.0,2019-05-20
1602.0,1606.36,1598.21,1602.85,0.15,83010000.0,2019-05-21
1604.38,1613.87,1604.38,1608.88,0.38,112074000.0,2019-05-22
1611.0,1611.0,1593.7,1599.68,-0.57,106765000.0,2019-05-23
1599.25,1600.52,1582.93,1585.03,-0.92,106536000.0,2019-05-26
1586.63,1591.94,1576.36,1586.84,0.11,77136096.0,2019-05-27
1587.35,1604.6,1585.1,1604.6,1.12,86381400.0,2019-05-28
1603.89,1617.27,1603.89,1612.19,0.47,118941000.0,2019-05-29
1616.98,1646.32,1607.75,1607.75,-0.28,182207008.0,2019-05-30
1610.34,1619.17,1605.73,1606.47,-0.08,96719400.0,2019-06-02
1607.37,1611.1,1592.0,1592.89,-0.85,111983000.0,2019-06-03
1593.33,1599.09,1589.69,1595.38,0.16,117829000.0,2019-06-04
1597.44,1606.2,1596.52,1598.84,0.22,113554000.0,2019-06-06
1606.34,1609.05,1598.41,1603.31,0.28,98231200.0,2019-06-10
1605.3,1615.02,1603.48,1606.49,0.2,88745696.0,2019-06-11
1601.38,1603.36,1594.05,1601.85,-0.29,64919600.0,2019-06-12
1602.04,1603.23,1593.9,1598.77,-0.19,88693800.0,2019-06-13
1598.45,1598.45,1584.2,1587.81,-0.69,111236000.0,2019-06-16
1587.2,1593.02,1578.99,1585.06,-0.17,79237104.0,2019-06-17
1579.76,1592.98,1579.2,1586.52,0.09,73677600.0,2019-06-18
1586.62,1593.37,1585.4,1591.94,0.34,58718400.0,2019-06-19
1592.84,1596.95,1583.65,1596.95,0.31,61717500.0,2019-06-20
1607.77,1607.77,1594.27,1598.46,0.09,80981296.0,2019-06-23
1598.89,1599.8,1592.06,1595.91,-0.16,98197696.0,2019-06-24
1595.71,1599.69,1593.62,1595.39,-0.03,67118600.0,2019-06-25
1595.19,1598.09,1589.86,1594.45,-0.06,56591800.0,2019-06-26
1595.5,1599.9,1591.55,1591.78,-0.17,61517600.0,2019-06-27
1591.22,1591.22,1579.05,1579.09,-0.8,49318700.0,2019-06-30
1577.15,1582.32,1574.23,1578.77,-0.02,51092300.0,2019-07-01
1581.65,1590.78,1575.88,1590.78,0.76,54236500.0,2019-07-02
1589.06,1606.14,1584.69,1605.17,0.9,79422496.0,2019-07-03
1605.91,1611.92,1592.32,1600.36,-0.3,78623200.0,2019-07-04
1593.73,1604.69,1592.68,1603.51,0.2,95980600.0,2019-07-07
1604.53,1604.53,1593.87,1596.8,-0.42,74312600.0,2019-07-08
1592.58,1603.33,1591.68,1601.61,0.3,62576600.0,2019-07-09
1601.38,1603.24,1596.86,1598.85,-0.17,69956704.0,2019-07-10
1599.29,1600.38,1591.81,1595.33,-0.22,70452600.0,2019-07-11
1594.03,1604.18,1594.03,1604.18,0.55,36335900.0,2019-07-14
1604.71,1607.88,1599.11,1607.88,0.23,49298600.0,2019-07-15
1638.9,1638.9,1612.14,1613.87,0.37,56548700.0,2019-07-16
1613.32,1641.22,1612.02,1641.22,1.69,85316200.0,2019-07-17
1643.46,1647.45,1633.88,1636.86,-0.27,61842900.0,2019-07-18
1638.67,1638.67,1621.81,1627.6,-0.57,56420300.0,2019-07-21
1629.33,1632.87,1623.59,1629.3,0.1,70287904.0,2019-07-22
1630.16,1635.2,1627.09,1633.47,0.26,103249000.0,2019-07-23
1634.69,1642.59,1630.2,1641.97,0.52,96316896.0,2019-07-24
1640.29,1640.29,1622.93,1623.2,-1.14,136848000.0,2019-07-25
1624.46,1624.46,1603.93,1607.71,-0.95,123223000.0,2019-07-28
1610.12,1618.54,1608.93,1611.49,0.24,85661800.0,2019-07-29
1613.32,1623.32,1609.82,1618.81,0.45,68111400.0,2019-07-30
1620.55,1623.68,1613.57,1617.97,-0.05,111000000.0,2019-07-31
1619.02,1625.68,1614.17,1616.9,-0.07,213219008.0,2019-08-01
1617.34,1622.93,1609.67,1613.2,-0.23,181371008.0,2019-08-04
1610.32,1617.38,1607.72,1609.76,-0.21,142435008.0,2019-08-05
1609.76,1609.76,1602.27,1604.55,-0.32,165370000.0,2019-08-06
1603.47,1606.27,1598.27,1603.22,-0.08,90681800.0,2019-08-07
1605.38,1605.38,1592.36,1595.07,-0.51,63709600.0,2019-08-08
1595.37,1595.37,1588.27,1590.78,-0.27,44893500.0,2019-08-11
1592.46,1600.94,1588.34,1596.0,0.33,49297100.0,2019-08-12
1597.52,1605.64,1588.75,1588.75,-0.45,63526300.0,2019-08-13
1589.21,1594.43,1582.91,1588.23,-0.03,40240500.0,2019-08-14
1589.91,1598.59,1589.59,1592.73,0.28,77880496.0,2019-08-15
1592.85,1599.13,1583.49,1587.3,-0.34,68279504.0,2019-08-18
1586.25,1606.89,1586.25,1600.72,0.85,83214200.0,2019-08-19
1602.81,1603.82,1589.8,1593.68,-0.44,47196300.0,2019-08-20
1595.49,1601.53,1588.58,1594.13,0.03,46766100.0,2019-08-21
1595.8,1603.21,1586.72,1588.97,-0.32,62638900.0,2019-08-22
1590.18,1590.63,1579.27,1586.76,-0.14,59435200.0,2019-08-25
1586.26,1586.26,1575.84,1582.68,-0.26,59625600.0,2019-08-26
1582.16,1593.0,1582.16,1587.22,0.29,49080100.0,2019-08-27
1585.41,1588.28,1578.26,1581.0,-0.39,45155000.0,2019-08-28
1581.56,1589.6,1581.56,1583.9,0.18,49064900.0,2019-08-29
1582.69,1584.7,1575.18,1580.58,-0.21,49354300.0,2019-09-01
1580.39,1580.39,1562.68,1567.68,-0.82,91779500.0,2019-09-02
1565.51,1589.27,1555.01,1589.27,1.38,97207200.0,2019-09-03
1587.6,1598.19,1581.41,1592.43,0.2,76982200.0,2019-09-04
1592.94,1596.41,1585.12,1589.08,-0.21,62060900.0,2019-09-05
1589.08,1592.04,1573.26,1573.26,-1.0,48736200.0,2019-09-08
1573.26,1577.52,1564.92,1570.22,-0.19,42862300.0,2019-09-09
1570.22,1574.48,1564.5,1572.28,0.13,44894000.0,2019-09-10
1572.28,1573.47,1564.85,1567.5,-0.3,85208600.0,2019-09-11
1567.5,1567.5,1558.66,1564.81,-0.17,65658500.0,2019-09-12
1564.81,1565.2,1546.39,1549.51,-0.98,63856600.0,2019-09-15
1549.51,1549.71,1539.32,1541.75,-0.5,82400800.0,2019-09-16
1540.31,1573.48,1538.8,1568.52,1.74,67862300.0,2019-09-17
1565.05,1579.24,1565.05,1576.13,0.49,69732500.0,2019-09-18
1578.78,1580.59,1567.0,1567.0,-0.58,74504400.0,2019-09-19
1567.0,1569.22,1547.83,1548.81,-1.16,39376600.0,2019-09-22
1548.81,1554.25,1546.58,1551.48,0.17,37107500.0,2019-09-23
1551.48,1551.48,1541.5,1546.7,-0.31,59477500.0,2019-09-24
1546.7,1547.37,1540.55,1543.41,-0.21,33901900.0,2019-09-25
1543.41,1543.61,1536.44,1538.71,-0.3,49035300.0,2019-09-26
1538.71,1543.58,1536.81,1540.17,0.09,55111600.0,2019-09-29
1540.17,1550.06,1537.47,1550.06,0.64,28427700.0,2019-09-30
1550.06,1556.18,1550.06,1553.9,0.25,23311700.0,2019-10-01
1553.59,1555.01,1546.64,1547.56,-0.41,22271900.0,2019-10-02
1547.76,1561.08,1547.23,1560.6,0.84,25270600.0,2019-10-03
1560.6,1562.71,1558.42,1562.71,0.14,7183750.0,2019-10-10
1562.71,1563.27,1551.28,1551.28,-0.73,26757900.0,2019-10-14
1551.28,1559.48,1550.27,1559.48,0.53,38416400.0,2019-10-15
1559.48,1569.86,1554.92,1566.92,0.48,37147500.0,2019-10-16
1566.92,1566.92,1556.47,1556.79,-0.65,31820800.0,2019-10-17
1556.79,1556.79,1551.76,1554.13,-0.17,19780400.0,2019-10-20
1554.62,1564.06,1547.19,1547.92,-0.4,33029200.0,2019-10-21
1547.92,1552.52,1546.26,1549.53,0.1,28920400.0,2019-10-22
1549.53,1558.68,1548.93,1557.17,0.49,27020000.0,2019-10-23
1557.17,1565.61,1553.86,1562.97,0.37,35100200.0,2019-10-24
1563.51,1570.55,1559.71,1564.94,0.13,30305000.0,2019-10-31
1564.94,1569.77,1559.35,1563.36,-0.1,28932400.0,2019-11-03
1562.35,1564.07,1556.85,1562.54,-0.05,40714700.0,2019-11-04
1562.54,1565.44,1560.57,1562.02,-0.03,62352200.0,2019-11-05
1562.02,1562.96,1553.37,1555.07,-0.44,37179900.0,2019-11-06
1559.57,1550.55,1555.66,1550.55,-0.29,36468700.0,2019-11-07
1550.55,1550.58,1543.09,1548.4,6.31,50035000.0,2019-11-10
1550.36,1561.83,1544.03,1561.71,0.86,63862900.0,2019-11-11
1561.71,1561.71,1548.53,1548.53,-0.84,40290700.0,2019-11-12
1547.46,1548.64,1541.7,1545.81,-0.18,33872700.0,2019-11-13
1545.81,1552.12,1544.45,1544.45,-0.09,32806300.0,2019-11-14
1548.77,1549.95,1542.07,1543.25,-0.08,43133900.0,2019-11-17
1541.69,1549.17,1540.94,1543.32,0.0,44003900.0,2019-11-18
1543.32,1549.42,1542.86,1545.33,0.13,34335900.0,2019-11-19
1545.33,1553.15,1541.19,1542.95,-0.15,39231100.0,2019-11-20
1542.95,1544.54,1531.74,1535.61,-0.48,48308800.0,2019-11-21
1535.61,1536.78,1524.87,1525.22,-0.68,67005800.0,2019-11-24
1525.22,1527.09,1519.33,1524.01,-0.08,46308600.0,2019-11-25
1524.01,1524.63,1515.71,1523.53,-0.03,37068600.0,2019-11-26
1521.59,1537.53,1519.14,1537.53,0.89,42925700.0,2019-11-27
1537.53,1538.04,1528.58,1529.82,-0.5,56363300.0,2019-11-28
1530.03,1530.03,1517.0,1520.9,-0.58,41241100.0,2019-12-01
1520.35,1522.71,1512.88,1517.07,-0.25,56606800.0,2019-12-02
1517.28,1525.0,1512.44,1516.75,-0.02,58940300.0,2019-12-03
1516.75,1528.88,1515.64,1527.3,0.7,69568000.0,2019-12-04
1529.25,1540.32,1527.48,1533.84,0.43,83094000.0,2019-12-05
1533.84,1539.43,1527.93,1539.43,0.36,72452700.0,2019-12-08
1539.43,1570.59,1539.43,1567.58,1.83,157916000.0,2019-12-09
1567.58,1582.85,1564.97,1569.5,0.12,139932000.0,2019-12-10
1578.69,1589.92,1574.62,1586.29,1.07,196804000.0,2019-12-11
1586.29,1592.84,1578.72,1589.01,0.04,171100000.0,2019-12-12
1589.01,1606.32,1584.55,1584.55,-0.28,138057000.0,2019-12-15
1584.55,1588.97,1571.56,1574.43,-0.64,94948500.0,2019-12-16
1574.64,1579.46,1568.54,1579.46,0.32,63901300.0,2019-12-17
1579.25,1585.0,1573.56,1581.51,0.13,69746900.0,2019-12-18
1581.51,1581.51,1572.58,1573.81,-0.49,56988700.0,2019-12-19
1573.81,1582.17,1569.01,1577.3,0.22,56311700.0,2019-12-22
1577.3,1593.74,1577.3,1593.74,1.04,91705000.0,2019-12-23
1595.37,1597.79,1581.46,1584.74,-0.56,98754700.0,2019-12-24
1584.74,1593.69,1584.54,1585.94,0.08,69901900.0,2019-12-25
1589.77,1591.55,1584.5,1588.23,0.14,116367000.0,2019-12-26
1588.23,1591.1,1577.61,1581.75,-0.41,61961400.0,2019-12-29
1581.75,1582.4,1573.54,1580.4,-0.09,68980600.0,2019-12-30
1582.02,1589.24,1579.7,1585.28,0.31,73184800.0,2019-12-31
1585.28,1591.76,1582.94,1591.76,0.41,66098200.0,2020-01-01
1588.77,1594.89,1587.22,1590.57,-0.07,100371000.0,2020-01-02
1589.49,1611.66,1586.06,1609.93,1.22,213473000.0,2020-01-05
1609.93,1627.9,1609.93,1623.1,0.82,231786000.0,2020-01-06
1623.1,1649.28,1621.14,1649.28,1.61,275658000.0,2020-01-07
1649.28,1654.19,1628.73,1640.66,-0.52,274585000.0,2020-01-08
1640.66,1647.44,1636.53,1647.44,0.41,262343000.0,2020-01-09
1647.44,1690.77,1647.44,1690.77,2.63,375244000.0,2020-01-12
1690.77,1733.7,1686.53,1703.3,0.74,393110000.0,2020-01-13
1703.3,1714.74,1690.45,1704.0,0.04,221603000.0,2020-01-14
1704.0,1737.74,1704.0,1739.42,2.08,206076000.0,2020-01-15
1739.42,1778.62,1739.42,1781.26,2.41,346797000.0,2020-01-16
1783.83,1847.79,1783.83,1847.79,3.73,375346000.0,2020-01-19
1847.83,1854.95,1780.22,1794.92,-2.86,333309000.0,2020-01-20
1794.92,1802.24,1768.52,1784.64,-0.57,191771000.0,2020-01-21
1786.68,1787.32,1764.33,1766.93,-0.99,126785000.0,2020-01-22
1766.93,1773.86,1746.09,1747.65,-1.09,224076000.0,2020-01-23
1747.65,1749.91,1724.34,1726.34,-1.22,238664000.0,2020-01-26
1726.34,1770.15,1723.62,1770.15,2.54,243345000.0,2020-01-27
1770.15,1784.44,1762.59,1770.26,0.01,325212000.0,2020-01-28
1770.26,1770.26,1754.91,1765.03,-0.3,451453000.0,2020-01-29
1765.03,1781.46,1763.68,1781.46,0.93,434116000.0,2020-01-30
1785.06,1814.22,1791.82,1809.78,0.93,511714000.0,2020-02-02
1809.78,1840.36,1807.61,1840.36,1.69,415665000.0,2020-02-03
1840.36,1886.46,1825.91,1845.37,0.27,387498000.0,2020-02-04
1848.77,1851.7,1832.49,1843.14,-0.12,201316000.0,2020-02-05
1834.32,1855.53,1826.71,1831.21,-0.65,258854000.0,2020-02-06
1828.49,1831.19,1807.73,1812.07,-1.05,196581000.0,2020-02-09
1812.07,1823.7,1805.0,1818.03,0.33,205757000.0,2020-02-10
1818.03,1840.52,1814.88,1836.67,1.03,383315000.0,2020-02-11
1831.22,1846.28,1824.19,1828.29,-0.46,460340000.0,2020-02-12
1840.99,1840.99,1818.18,1819.67,-0.47,461898000.0,2020-02-13
1819.67,1828.07,1818.75,1824.22,0.25,344619000.0,2020-02-16
1824.22,1857.68,1824.22,1851.52,1.5,514131000.0,2020-02-17
1851.52,1877.93,1851.52,1866.07,0.78,445098000.0,2020-02-18
1868.82,1879.17,1853.5,1871.59,0.29,494759000.0,2020-02-19
1871.59,1881.63,1867.95,1881.63,0.54,804198000.0,2020-02-20
1881.63,1974.89,1881.63,1966.22,4.5,889270000.0,2020-02-23
1966.22,1995.94,1946.67,1949.9,-0.83,687495000.0,2020-02-24
1949.9,1996.72,1919.92,1994.39,2.28,569727000.0,2020-02-25
1988.86,2044.67,1988.86,2025.05,1.54,757279000.0,2020-02-26
2023.01,2059.82,1995.55,2063.7,1.72,815970000.0,2020-02-27
2064.61,2097.34,2025.36,2025.36,-1.86,875744000.0,2020-03-01
2025.36,2025.36,1934.06,1934.06,-4.51,388738000.0,2020-03-02
1934.06,1978.58,1876.03,1954.01,1.03,794487000.0,2020-03-03
1954.01,1954.01,1875.29,1881.87,-3.69,563858000.0,2020-03-04
1881.87,1919.3,1852.04,1903.14,1.13,482963000.0,2020-03-05
1892.76,1893.77,1811.81,1811.81,-4.8,186940000.0,2020-03-10
1811.81,1886.25,1811.81,1886.25,4.11,418222000.0,2020-03-11
1886.25,1886.25,1828.46,1839.65,-2.47,463296000.0,2020-03-12
1814.71,1816.92,1773.64,1776.79,-3.42,435878000.0,2020-03-15
1776.79,1806.48,1751.24,1785.04,0.46,297597000.0,2020-03-16
1785.61,1785.61,1727.02,1732.36,-2.95,301007000.0,2020-03-17
1732.36,1741.24,1691.08,1720.65,-0.68,221064000.0,2020-03-18
1720.65,1740.91,1687.04,1717.38,-0.19,323998000.0,2020-03-19
1717.38,1722.31,1704.55,1711.01,-0.91,24156800.0,2020-03-22
1709.42,1709.42,1695.65,1695.65,-0.9,5756360.0,2020-05-12
1695.65,1695.65,1687.73,1687.73,-0.47,390588.0,2020-05-13
1687.74,1687.74,1621.76,1624.68,-3.74,42059200.0,2020-06-29
1624.68,1691.79,1624.68,1690.33,4.04,45469000.0,2020-06-30
1690.33,1747.39,1690.33,1747.39,3.38,39208100.0,2020-07-01
1749.89,1762.33,1671.04,1671.04,-4.37,50557200.0,2020-07-02
1671.04,1676.25,1651.37,1659.93,-0.66,140383000.0,2020-07-05
1659.93,1681.48,1652.57,1674.08,0.85,130721000.0,2020-07-06
1674.08,1717.91,1673.1,1708.89,2.08,221727000.0,2020-07-07
1708.89,1714.52,1687.95,1701.89,-0.41,165211000.0,2020-07-08
1701.89,1709.21,1690.83,1707.13,0.31,179301000.0,2020-07-09
1707.82,1720.91,1699.59,1703.12,-0.23,232520000.0,2020-07-12
1703.12,1723.45,1697.43,1706.2,0.18,240446000.0,2020-07-13
1706.2,1712.29,1699.72,1704.51,-0.1,275838000.0,2020-07-14
1704.51,1716.42,1704.51,1711.43,0.41,231508000.0,2020-07-15
1711.43,1775.81,1711.43,1771.48,3.51,217893000.0,2020-07-16
1780.47,1834.61,1780.47,1834.61,3.56,7534320.0,2020-07-19
1895.8,1941.39,1841.76,1851.54,0.91,489031000.0,2020-07-20
1876.91,1876.91,1833.73,1838.51,-0.7,277638000.0,2020-07-21
1855.11,1858.15,1830.54,1834.69,-0.21,198613000.0,2020-07-22
1831.77,1835.32,1814.88,1831.03,0.2,182975000.0,2020-07-23
1833.48,1846.47,1829.07,1835.76,0.26,253706000.0,2020-07-26
1835.76,1853.74,1835.76,1839.94,0.23,309136000.0,2020-07-27
1832.77,1843.14,1826.49,1827.65,-0.73,205206000.0,2020-07-28
1827.65,1827.65,1801.8,1806.1,-1.18,363963000.0,2020-07-29
1814.98,1814.98,1790.53,1807.03,0.05,217425000.0,2020-07-30
1815.9,1815.9,1749.32,1752.62,-3.01,282733000.0,2020-08-02
1752.62,1775.19,1730.85,1756.85,0.36,155599000.0,2020-08-03
1744.11,1745.39,1710.72,1738.6,0.6,146582000.0,2020-08-06
1745.04,1746.27,1715.61,1746.27,0.44,131515000.0,2020-08-09
1746.27,1801.68,1746.27,1801.68,3.17,213331000.0,2020-08-10
1801.95,1810.07,1783.02,1792.27,-0.52,161397000.0,2020-08-11
1791.82,1798.71,1771.91,1781.43,-0.6,120662000.0,2020-08-12
1781.43,1782.16,1763.1,1765.54,-0.89,152900000.0,2020-08-13
1765.54,1765.54,1720.08,1733.31,-1.83,168555000.0,2020-08-16
1733.31,1743.65,1728.62,1743.26,0.57,114157000.0,2020-08-17
1743.26,1745.42,1735.42,1741.73,-0.09,106639000.0,2020-08-18
1741.73,1741.73,1713.46,1723.42,-1.05,111509000.0,2020-08-19
1716.93,1746.14,1716.93,1727.64,0.25,55535700.0,2020-08-20
1727.64,1738.2,1721.52,1735.58,0.46,103878000.0,2020-08-23
1735.58,1758.6,1734.77,1752.73,0.99,282136000.0,2020-08-24
1752.73,1776.18,1751.38,1755.5,0.16,228397000.0,2020-08-25
1757.09,1780.54,1749.61,1780.54,1.43,370874000.0,2020-08-26
1780.54,1791.55,1753.41,1758.66,-1.23,235490000.0,2020-08-27
1768.1,1768.1,1740.02,1758.21,-0.03,142341000.0,2020-08-30
1758.21,1769.53,1756.69,1759.7,0.09,359174000.0,2020-08-31
1780.22,1791.81,1768.59,1786.15,1.5,393300000.0,2020-09-02
1786.15,1792.16,1770.4,1781.44,-0.26,257000000.0,2020-09-03
1845.64,1845.64,1753.65,1760.64,-1.17,304701000.0,2020-09-06
1754.01,1766.43,1744.79,1744.79,-0.9,248006000.0,2020-09-07
1744.79,1758.23,1737.77,1751.83,0.4,148904000.0,2020-09-08
1759.56,1759.56,1741.73,1746.35,-0.31,384617000.0,2020-09-09
1746.35,1776.71,1746.35,1762.05,0.9,315997000.0,2020-09-10
1786.78,1786.96,1753.74,1763.41,0.08,356813000.0,2020-09-13
1778.97,1790.26,1770.27,1784.39,1.19,343547000.0,2020-09-14
1786.78,1803.61,1766.66,1769.83,-0.82,214136000.0,2020-09-15
1779.39,1779.39,1761.45,1771.91,0.12,205794000.0,2020-09-16
1764.27,1863.61,1764.27,1837.96,3.73,515198000.0,2020-09-17
1887.74,1913.0,1861.81,1863.84,1.41,290369000.0,2020-09-20
1863.84,1873.76,1835.91,1852.34,-0.62,352538000.0,2020-09-21
1884.84,1884.84,1805.47,1812.03,-2.18,355998000.0,2020-09-22
1811.18,1833.98,1797.17,1833.98,1.26,192516000.0,2020-09-23
1854.64,1864.43,1824.02,1832.31,-0.09,193878000.0,2020-09-24
1822.48,1854.78,1820.72,1845.31,0.71,201499000.0,2020-09-27
1840.87,1863.87,1837.01,1847.54,0.12,180250000.0,2020-09-28
1848.72,1850.15,1837.3,1846.87,-0.04,194978000.0,2020-09-29
1848.45,1897.34,1835.04,1881.41,1.87,274048000.0,2020-09-30
1887.8,1946.89,1887.8,1946.89,3.48,357943000.0,2020-10-01
1961.73,1984.17,1956.19,1970.38,1.21,341178000.0,2020-10-04
1980.94,1996.27,1958.95,1994.87,1.24,387832000.0,2020-10-05
1987.55,2017.86,1984.0,2001.95,0.36,342563000.0,2020-10-06
2001.95,2084.32,1999.88,2079.94,3.9,458166000.0,2020-10-07
2087.32,2121.26,2055.46,2058.95,-1.01,401752000.0,2020-10-08
2071.4,2075.75,2030.34,2039.02,-1.01,348508000.0,2020-10-11
2065.1,2135.73,2014.45,2118.14,3.88,567330000.0,2020-10-12
2140.36,2167.28,2103.34,2109.58,-0.4,466552000.0,2020-10-13
2120.02,2126.84,2066.37,2067.67,-1.99,297530000.0,2020-10-14
2080.93,2100.52,2052.92,2056.57,-0.54,194297000.0,2020-10-15
2056.57,2060.45,2025.64,2027.38,-1.42,151798000.0,2020-10-18
2042.66,2057.81,2032.74,2057.81,1.5,129423000.0,2020-10-19
2061.61,2080.0,2059.42,2080.0,1.08,143860000.0,2020-10-20
2077.93,2097.21,2076.99,2090.03,0.48,164328000.0,2020-10-21
2102.03,2107.22,2090.46,2091.74,0.08,193729000.0,2020-10-22
2093.64,2152.71,2093.64,2152.71,2.91,278316000.0,2020-10-28
2160.49,2174.27,2127.69,2135.89,-0.78,445053000.0,2020-10-29
2135.89,2142.28,2117.48,2128.91,-0.33,430909000.0,2020-11-01
2122.51,2140.17,2116.39,2128.61,-0.01,631864000.0,2020-11-02
2128.61,2133.03,2111.79,2112.4,-0.76,495021000.0,2020-11-03
2112.4,2115.81,2096.88,2100.97,-0.54,263447000.0,2020-11-04
2100.97,2121.43,2087.09,2106.03,0.24,365413000.0,2020-11-05
2108.1,2114.34,2090.5,2099.27,-0.32,421400000.0,2020-11-08
2102.57,2115.21,2081.37,2084.01,-0.73,471373000.0,2020-11-09
2091.6,2108.71,2085.84,2092.08,0.39,582877000.0,2020-11-10
2100.21,2107.24,2088.75,2095.0,0.14,514830000.0,2020-11-11
2095.6,2111.35,2085.37,2090.53,-0.21,435932000.0,2020-11-12
2096.91,2102.45,2066.53,2069.93,-0.99,463386000.0,2020-11-18
2069.93,2107.48,2069.93,2098.92,1.4,698793000.0,2020-11-19
2105.29,2152.52,2091.45,2112.38,0.64,701979000.0,2020-11-22
2112.38,2130.95,2102.65,2110.58,-0.09,468354000.0,2020-11-23
2120.08,2128.04,2110.22,2123.44,0.61,525570000.0,2020-11-24
2131.66,2159.14,2131.66,2152.61,1.37,765766000.0,2020-11-25
2188.5,2204.04,2144.27,2144.27,-0.39,708676000.0,2020-11-26
2153.76,2318.1,2149.02,2318.1,8.11,1096660000.0,2020-11-29
2380.85,2405.54,2265.82,2269.97,-2.08,1022710000.0,2020-11-30
2306.65,2306.65,2206.35,2217.12,-2.33,705426000.0,2020-12-01
2217.12,2253.62,2209.9,2239.71,1.02,1249410000.0,2020-12-02
2248.57,2271.4,2203.56,2219.36,-0.91,1231860000.0,2020-12-03
2230.88,2236.24,2137.79,2143.1,-3.44,864073000.0,2020-12-06
2177.45,2186.35,2123.32,2186.35,2.02,866158000.0,2020-12-07
2207.6,2213.57,2146.62,2154.49,-1.46,945195000.0,2020-12-08
2168.08,2168.08,2114.87,2132.49,-1.02,610184000.0,2020-12-09
2123.71,2135.89,2112.78,2128.61,-0.18,404716000.0,2020-12-10
2167.67,2173.33,2135.99,2165.32,1.72,503051000.0,2020-12-13
2175.77,2221.84,2171.18,2221.84,2.61,1152940000.0,2020-12-14
2254.61,2254.61,2195.17,2197.7,-1.09,1202540000.0,2020-12-15
2220.03,2220.27,2187.62,2207.3,0.44,1254710000.0,2020-12-16
2210.49,2224.74,2182.81,2190.61,-0.76,1099750000.0,2020-12-17
2202.95,2202.95,2105.93,2105.93,-3.69,1271210000.0,2020-12-20
2094.01,2128.95,2027.38,2124.36,0.7,929389000.0,2020-12-21
2124.36,2191.98,2124.2,2190.52,3.11,733953000.0,2020-12-22
2196.22,2225.84,2162.88,2172.76,-0.81,624125000.0,2020-12-23
2172.76,2182.64,2148.31,2155.41,-0.8,511003000.0,2020-12-24
2176.41,2176.41,2130.48,2145.12,-0.48,479514000.0,2020-12-27
2145.12,2151.76,2127.55,2134.84,-0.48,404393000.0,2020-12-28
2158.47,2162.66,2106.7,2115.89,-0.89,463342000.0,2020-12-29
2094.98,2131.65,2094.98,2115.14,-0.04,500490000.0,2020-12-30
2115.14,2138.74,2105.96,2129.45,0.68,629991000.0,2020-12-31
2139.89,2175.54,2133.56,2175.54,2.16,670294000.0,2021-01-03
2197.64,2223.48,2172.33,2183.97,0.39,718619000.0,2021-01-04
2194.41,2197.12,2176.53,2186.9,0.13,392448000.0,2021-01-05
2179.61,2209.85,2179.61,2209.85,1.05,707119000.0,2021-01-06
2210.35,2230.43,2210.35,2219.84,0.45,921873000.0,2021-01-07
2230.35,2308.29,2229.7,2308.29,3.98,1018420000.0,2021-01-10
2328.84,2348.29,2317.34,2336.88,1.24,777711000.0,2021-01-11
2360.47,2361.37,2320.45,2356.27,0.83,799641000.0,2021-01-12
2369.29,2394.27,2368.31,2387.06,1.31,1091740000.0,2021-01-13
2394.56,2500.26,2394.56,2497.07,4.61,1219930000.0,2021-01-17
2538.87,2580.97,2536.43,2547.52,2.02,1259580000.0,2021-01-18
2560.81,2590.42,2491.29,2522.58,-0.98,1349370000.0,2021-01-19
2524.78,2544.14,2499.48,2524.59,0.08,939003000.0,2021-01-20
2580.6,2581.17,2550.12,2555.97,1.24,1360470000.0,2021-01-21
2576.44,2604.36,2570.64,2576.78,0.81,1558660000.0,2021-01-24
2597.6,2609.58,2542.97,2556.01,-0.81,1327320000.0,2021-01-25
2577.56,2577.56,2526.53,2526.53,-1.15,1142930000.0,2021-01-26
2555.36,2564.52,2514.39,2520.3,-0.25,1229740000.0,2021-01-27
2544.82,2544.82,2471.27,2477.06,-1.72,1820680000.0,2021-01-28
2479.64,2479.64,2425.6,2425.6,-2.08,1563180000.0,2021-01-31
2450.0,2487.32,2428.55,2478.92,2.2,1122360000.0,2021-02-01
2495.59,2524.18,2494.76,2507.29,1.14,1228040000.0,2021-02-02
2531.97,2541.33,2489.78,2495.68,-0.46,1403920000.0,2021-02-03
2506.21,2507.25,2476.08,2489.37,-0.25,1929000000.0,2021-02-04
2509.39,2509.39,2480.97,2489.21,-0.01,2458720000.0,2021-02-07
2504.17,2577.39,2496.5,2575.63,3.47,2616450000.0,2021-02-08
2597.19,2627.9,2570.79,2601.15,0.99,2176040000.0,2021-02-09
2613.82,2613.82,2569.18,2603.16,0.04,1384730000.0,2021-02-10
2621.33,2649.64,2599.63,2623.3,0.77,1949250000.0,2021-02-11
2647.12,2658.12,2586.92,2611.89,-0.41,1262100000.0,2021-02-14
2615.58,2669.3,2630.43,2661.8,1.91,3161380000.0,2021-02-15
2708.97,2712.13,2660.23,2668.27,0.24,2092820000.0,2021-02-16
2681.49,2686.51,2654.59,2671.83,0.13,1088140000.0,2021-02-17
2714.03,2733.98,2678.1,2733.98,2.33,1289400000.0,2021-02-18
2747.24,2783.81,2714.5,2763.3,1.07,1334150000.0,2021-02-21
2781.03,2787.65,2693.51,2698.45,-2.35,1362300000.0,2021-02-22
2727.98,2727.98,2600.57,2668.19,-1.12,1111150000.0,2021-02-23
2692.21,2733.85,2662.84,2686.89,0.7,793977000.0,2021-02-24
2694.73,2694.73,2631.3,2639.4,-1.77,838742000.0,2021-02-25
2639.4,2639.77,2561.53,2563.9,-2.86,1000400000.0,2021-02-28
2573.37,2610.11,2530.91,2601.15,1.45,785727000.0,2021-03-01
2601.15,2615.88,2527.1,2540.5,-2.33,879503000.0,2021-03-02
2523.3,2534.37,2474.81,2507.11,-1.29,980262000.0,2021-03-03
2508.42,2573.88,2518.34,2570.41,2.47,995528000.0,2021-03-04
2590.62,2604.04,2561.3,2564.85,-0.22,728903000.0,2021-03-07
2568.2,2570.27,2540.36,2542.85,-0.86,507599000.0,2021-03-09
2542.85,2556.31,2530.48,2532.01,-0.43,468472000.0,2021-03-10
2547.81,2551.14,2479.7,2494.17,-1.49,604479000.0,2021-03-14
2508.97,2514.17,2465.02,2483.17,-0.44,508933000.0,2021-03-15
2483.17,2505.85,2466.77,2480.82,-0.09,450076000.0,2021-03-16
2505.49,2507.63,2479.18,2507.63,1.08,411626000.0,2021-03-17
2513.94,2539.42,2509.81,2532.0,0.97,638185000.0,2021-03-18
2544.95,2584.99,2542.2,2578.87,1.8,1224490000.0,2021-03-21
2611.26,2632.4,2553.99,2557.93,-0.76,1234970000.0,2021-03-22
2557.93,2561.18,2539.25,2551.88,-0.24,860287000.0,2021-03-23
2556.74,2575.54,2556.37,2573.16,0.83,1267300000.0,2021-03-24
2573.16,2599.48,2549.08,2553.24,-0.77,1140890000.0,2021-03-25
2558.47,2572.96,2545.24,2552.75,-0.02,755736000.0,2021-03-29
2570.77,2574.44,2549.88,2560.55,0.31,1515560000.0,2021-03-30
2569.05,2603.47,2567.82,2603.47,1.68,1298540000.0,2021-03-31
2604.51,2677.61,2604.51,2656.35,2.03,1244710000.0,2021-04-01
2673.12,2691.12,2665.26,2677.84,0.84,1298220000.0,2021-04-04
2685.31,2708.97,2658.43,2664.42,-0.5,974505000.0,2021-04-05
2671.78,2694.39,2651.82,2694.39,1.12,927938000.0,2021-04-06
2701.45,2749.99,2698.35,2734.92,1.5,1717210000.0,2021-04-07
2747.71,2766.34,2733.67,2755.54,0.75,1439900000.0,2021-04-08
2775.31,2795.43,2769.01,2794.9,1.43,2281180000.0,2021-04-12
2813.89,2890.32,2809.03,2890.32,3.41,1829330000.0,2021-04-13
2938.48,2999.54,2937.33,2980.51,3.12,1638900000.0,2021-04-15
3005.37,3018.24,2926.6,2932.94,-1.62,1769100000.0,2021-04-18
2943.74,2950.0,2859.93,2876.14,-1.94,1256290000.0,2021-04-19
2894.24,2937.84,2868.02,2926.28,1.68,1230110000.0,2021-04-20
2955.35,2955.35,2850.7,2864.95,-2.1,1124870000.0,2021-04-21
2897.34,2908.54,2848.84,2903.12,1.33,1049920000.0,2021-04-22
2933.06,2933.06,2806.77,2816.78,-2.97,1269240000.0,2021-04-25
2816.78,2816.78,2723.21,2728.68,-3.13,1277710000.0,2021-04-26
2728.68,2822.45,2727.83,2822.45,3.44,1073640000.0,2021-04-27
2824.33,2854.53,2788.55,2798.34,-0.85,750032000.0,2021-04-28
2798.34,2826.54,2784.56,2825.64,0.98,667283000.0,2021-04-29
2826.28,2870.23,2815.13,2864.53,1.35,1261830000.0,2021-05-02
2864.53,2886.99,2819.33,2830.85,-1.18,1801270000.0,2021-05-03
2830.85,2838.05,2806.82,2819.61,-0.4,1630360000.0,2021-05-04
2837.19,2839.67,2803.76,2816.36,-0.12,1421830000.0,2021-05-05
2815.06,2824.88,2788.03,2801.21,-0.49,1165190000.0,2021-05-06
2828.18,2829.29,2775.47,2799.64,-0.05,1096630000.0,2021-05-09
2811.56,2824.51,2794.13,2817.71,0.65,746824000.0,2021-05-10
2817.71,2838.8,2815.65,2832.95,0.54,894762000.0,2021-05-11
2835.01,2851.22,2824.32,2836.76,0.13,698437000.0,2021-05-12
2844.04,2908.2,2842.29,2908.2,2.51,1036200000.0,2021-05-13
2933.75,3021.09,2933.75,3021.09,3.87,1707300000.0,2021-05-16
3056.41,3058.58,2999.95,3020.39,-0.02,1671810000.0,2021-05-17
3048.71,3120.85,3033.19,3120.85,3.33,1992410000.0,2021-05-18
3142.26,3156.28,3056.47,3068.87,-1.67,1947320000.0,2021-05-19
3071.89,3182.31,3062.78,3182.31,3.7,1484670000.0,2021-05-20
3158.17,3422.2,3100.93,3422.2,7.54,2624380000.0,2021-05-23
3507.24,3534.17,3338.91,3389.29,-0.96,2565940000.0,2021-05-24
3431.43,3435.11,3329.91,3335.81,-1.58,1662900000.0,2021-05-25
3290.61,3488.8,3254.19,3450.1,3.43,3127920000.0,2021-05-27
3485.67,3740.07,3485.67,3707.24,7.39,3145220000.0,2021-05-30
3789.69,3812.31,3640.35,3649.37,-1.54,2622390000.0,2021-05-31
3655.84,3741.51,3605.25,3670.78,0.59,1764320000.0,2021-06-01
3730.95,3909.85,3673.42,3904.3,6.13,2583990000.0,2021-06-02
3946.99,4187.96,3946.99,4050.32,3.74,4191400000.0,2021-06-03
4111.82,4147.29,4028.67,4146.63,2.38,3065660000.0,2021-06-06
4176.49,4407.42,4145.83,4407.42,6.27,3207020000.0,2021-06-07
4510.65,4821.96,4510.65,4805.71,9.04,3289180000.0,2021-06-08
4924.28,4924.28,4550.39,4593.83,-4.41,3197130000.0,2021-06-09
4599.16,4724.66,4503.91,4714.43,2.63,3123650000.0,2021-06-10
4733.94,5106.74,4735.71,5099.88,8.24,4191580000.0,2021-06-13
5233.59,5250.5,5043.48,5043.48,-1.11,3198640000.0,2021-06-14
5010.5,5010.5,4810.12,4821.04,-4.42,2917140000.0,2021-06-15
4752.51,4871.73,4501.32,4626.09,-4.04,3281730000.0,2021-06-16
4674.35,4770.76,4523.36,4721.12,2.04,1861920000.0,2021-06-17
4755.0,4785.76,4463.83,4559.05,-3.5,2000880000.0,2021-06-20
4631.67,4635.47,4354.79,4354.79,-4.6,2009550000.0,2021-06-21
4398.66,4606.12,4276.17,4606.12,5.77,1742300000.0,2021-06-22
4689.63,4689.63,4434.73,4445.45,-3.49,1069860000.0,2021-06-23
4438.84,4450.78,4357.88,4363.65,-1.64,1133100000.0,2021-06-24
4377.9,4394.75,4284.53,4304.23,-1.36,901928000.0,2021-06-27
4287.83,4357.61,4228.17,4235.3,-1.64,1100430000.0,2021-06-28
4222.33,4260.97,4057.58,4068.16,-3.95,1355060000.0,2021-06-29
4089.21,4223.81,3940.02,4205.12,3.37,1136900000.0,2021-06-30
4267.68,4412.21,4215.52,4360.32,3.63,1440480000.0,2021-07-01
4378.37,4427.55,4313.07,4314.86,-1.04,1015150000.0,2021-07-04
4273.05,4335.01,4206.62,4212.45,-2.37,688863000.0,2021-07-05
4256.54,4270.42,4192.17,4211.28,-0.04,698250000.0,2021-07-06
4213.57,4258.58,4195.37,4222.34,0.26,1214610000.0,2021-07-07
4221.28,4312.79,4202.04,4311.91,2.12,889548000.0,2021-07-08
4395.87,4669.41,4354.28,4669.41,8.29,2053470000.0,2021-07-11
4698.22,4767.21,4507.84,4571.45,-2.1,2833740000.0,2021-07-12
4607.96,4678.05,4537.38,4641.51,1.54,1237550000.0,2021-07-13
4674.93,4697.92,4583.0,4630.43,-0.24,975912000.0,2021-07-14
4630.43,4670.47,4616.77,4616.77,-0.3,1098570000.0,2021-07-15
4699.17,4847.47,4699.17,4847.47,5.05,2680540000.0,2021-07-18
4906.32,4947.78,4801.87,4829.17,-0.38,2314410000.0,2021-07-19
4825.5,4857.41,4768.11,4790.8,-0.79,1355940000.0,2021-07-20
4799.38,4831.88,4770.29,4775.65,-0.31,1898090000.0,2021-07-22
4780.36,4819.38,4761.04,4787.86,0.27,2145600000.0,2021-07-25
4798.86,4812.12,4744.09,4753.82,-0.72,2388890000.0,2021-07-26
4673.29,4806.11,4640.27,4789.55,0.75,2466580000.0,2021-07-27
4816.85,4902.86,4816.48,4837.92,1.01,1651910000.0,2021-07-28
4861.09,4948.9,4855.9,4891.31,1.1,1948010000.0,2021-07-29
4936.65,4987.26,4904.01,4910.72,0.39,2272780000.0,2021-08-01
4938.43,4952.7,4842.08,4850.02,-1.25,2490350000.0,2021-08-02
4858.58,4879.22,4833.69,4847.67,-0.05,464070009.0,2021-08-03
4907.33,4914.92,4844.47,4913.52,1.36,3244880000.0,2021-08-04
4956.43,5095.24,4921.17,5021.32,2.21,3629710000.0,2021-08-05
5093.75,5128.26,5057.59,5089.82,1.32,2485260000.0,2021-08-08
5107.58,5131.99,5027.68,5038.27,-1.04,1877560000.0,2021-08-09
5040.92,5469.66,5040.92,5445.43,8.07,4397080000.0,2021-08-10
5533.63,5615.24,5370.4,5404.37,-0.76,2989800000.0,2021-08-11
5421.72,5803.78,5416.07,5749.25,6.37,4853310000.0,2021-08-12
5474.58,5762.73,5411.97,5588.81,-2.79,5369960000.0,2021-08-15
5612.09,5759.85,5493.35,5663.78,1.34,3778930000.0,2021-08-16
5689.13,5995.24,5689.13,5957.87,5.17,4149820000.0,2021-08-17
6046.56,6425.27,5962.33,6288.35,5.55,5627520000.0,2021-08-18
6351.62,6423.21,6100.72,6130.44,-2.58,4225440000.0,2021-08-19
6131.66,6131.66,5871.74,5889.19,-3.98,3081450000.0,2021-08-24
5877.13,5894.23,5706.72,5723.6,-2.81,2474330000.0,2021-08-25
5734.27,6034.17,5713.17,5965.25,4.22,2682690000.0,2021-08-26
6002.4,6105.93,5858.99,5906.82,-0.89,2844550000.0,2021-08-29
5903.8,5903.8,5675.08,5700.96,-3.48,2859940000.0,2021-08-31
5714.82,5808.43,5629.91,5660.82,-0.7,1988590000.0,2021-09-01
5662.85,5722.48,5435.09,5472.14,-3.29,1934790000.0,2021-09-02
5468.94,5468.94,4977.01,5077.34,-7.21,2562980000.0,2021-09-05
5034.89,5576.89,4993.88,5576.89,9.92,2133940000.0,2021-09-06
5667.88,5667.88,5419.45,5505.05,-1.29,1661650000.0,2021-09-07
5510.55,5526.59,5339.66,5348.03,-2.87,1556590000.0,2021-09-08
5363.61,5441.6,5295.13,5335.29,-0.22,1109800000.0,2021-09-09
5361.17,5625.07,5357.1,5609.02,5.13,1906440000.0,2021-09-12
5700.38,5778.61,5586.22,5613.37,0.08,1786720000.0,2021-09-13
5623.73,5689.77,5508.18,5547.04,-1.19,1011910000.0,2021-09-14
5577.09,5589.31,5405.53,5430.13,-2.11,1140890000.0,2021-09-15
5406.88,5406.88,5163.65,5231.76,-3.63,1967420000.0,2021-09-16
5214.09,5214.09,4887.5,4899.38,-6.35,1941070000.0,2021-09-20
4900.52,5089.67,4690.23,4926.75,0.56,1534830000.0,2021-09-21
4971.23,5309.0,4971.23,5308.16,7.74,1576650000.0,2021-09-22
5376.62,5451.89,5187.44,5227.86,-1.52,1622780000.0,2021-09-23
5282.04,5358.83,5093.54,5097.21,-2.5,1245130000.0,2021-09-26
5106.49,5115.81,4879.62,4901.8,-3.81,1034710000.0,2021-09-27
4891.78,4982.18,4701.51,4747.39,-3.15,1098670000.0,2021-09-28
4745.8,4924.32,4631.48,4896.47,3.18,889883000.0,2021-09-29
4914.25,4957.35,4737.85,4740.73,-3.18,726807000.0,2021-09-30
4739.38,4773.6,4585.58,4600.91,-2.92,765370000.0,2021-10-03
4593.01,4663.1,4507.33,4522.42,-1.87,689319000.0,2021-10-04
4505.43,4686.88,4505.43,4663.33,3.12,757977000.0,2021-10-05
4653.11,4888.16,4653.11,4888.16,4.82,1288320000.0,2021-10-06
4915.93,4987.68,4798.06,4830.15,-1.19,1138280000.0,2021-10-10
4869.95,4869.95,4713.83,4792.76,-1.35,838542000.0,2021-10-11
4802.81,4863.13,4769.5,4858.3,1.37,309816000.0,2021-10-17
4863.46,4863.46,4658.77,4691.35,-3.44,691161000.0,2021-10-18
4685.17,4685.17,4417.05,4510.46,-4.14,796579000.0,2021-10-19
4583.75,4709.2,4583.75,4650.97,3.14,585657000.0,2021-10-20
4657.67,4692.24,4551.5,4556.53,-2.03,771826000.0,2021-10-21
4565.24,4623.45,4512.49,4623.45,1.59,532137000.0,2021-10-24
4622.53,4935.01,4622.53,4935.01,6.51,1102620000.0,2021-10-25
4951.08,5150.68,4951.08,5120.84,3.77,1699030000.0,2021-10-26
5125.01,5213.12,5002.78,5119.42,-0.03,599261570.0,2021-10-27
5141.59,5171.48,5047.42,5169.99,0.99,439172622.0,2021-10-28
5218.33,5508.01,5218.33,5508.01,6.54,1012627477.8,2021-10-31
5554.03,5646.63,5438.75,5465.52,-1.29,1341068552.1,2021-11-01
5495.1,5705.46,5406.75,5656.85,3.5,1528236427.3,2021-11-02
5676.72,5727.43,5578.37,5665.65,0.16,1006080530.7,2021-11-03
5671.74,5735.04,5578.85,5595.6,-1.24,967976512.5,2021-11-08
5665.26,5665.26,5343.85,5387.01,-5.23,890379984.8,2021-11-09
5383.65,5383.65,5189.3,5192.73,-3.61,1060273077.8,2021-11-11
5180.38,5362.56,5168.18,5357.6,3.17,812739524.8,2021-11-14
5355.02,5527.0,5337.6,5498.64,2.64,1130226300.4,2021-11-15
5514.67,5610.31,5463.29,5610.31,2.02,938494549.0,2021-11-16
5605.29,5652.79,5534.51,5534.51,-1.35,1272346958.5,2021-11-17
5527.8,5582.83,5419.09,5422.9,-2.02,1111041208.0,2021-11-18
5424.35,5507.37,5408.17,5416.01,-0.13,844508214.8,2021-11-21
5436.58,5478.9,5365.07,5381.02,-0.65,702071655.9,2021-11-22
5379.97,5388.71,5217.16,5261.05,-2.23,542186941.9,2021-11-23
5250.12,5346.76,5146.6,5301.73,0.77,452697038.5,2021-11-24
5320.6,5342.69,5209.92,5230.87,-1.34,514737431.1,2021-11-25
5219.6,5219.6,4952.5,4963.61,-5.11,819869747.4,2021-11-28
4992.62,5094.1,4866.06,4896.17,-1.36,1023544218.78,2021-11-29
4913.5,4987.19,4859.98,4937.04,0.83,471443060.9,2021-11-30
4952.59,5009.01,4928.23,4944.97,0.16,335034454.7,2021-12-01
4956.69,4957.92,4740.17,4755.97,-3.82,419680914.2,2021-12-02
4770.26,4770.26,4552.96,4552.96,-4.27,450058908.7,2021-12-05
4564.42,4710.08,4374.42,4710.08,3.45,566617065.0,2021-12-06
4726.57,4843.01,4557.18,4569.14,-2.99,426819692.7,2021-12-07
4570.12,4597.14,4403.6,4417.92,-3.31,301432028.9,2021-12-08
4418.55,4458.88,4340.01,4396.0,-0.5,333936131.6,2021-12-09
4395.51,4402.89,4114.22,4114.22,-6.41,350749841.2,2021-12-12
4093.53,4122.98,3868.02,3900.17,-5.15,450027234.6,2021-12-13
3903.84,4258.85,3903.84,4258.85,9.2,184788760.0,2021-12-14
4328.35,4500.11,4178.61,4299.32,0.95,623231731.1,2021-12-15
4290.5,4301.33,4134.25,4141.82,-3.66,234604695.7,2021-12-16
4166.46,4178.15,4038.73,4049.41,-2.23,162701833.5,2021-12-20
4063.95,4203.1,4063.95,4187.29,3.41,163914167.9,2021-12-21
4209.02,4417.92,4209.02,4417.92,5.51,390397815.5,2021-12-22
4467.56,4480.62,4340.73,4368.82,-1.11,396649589.5,2021-12-23
4378.35,4465.13,4377.98,4420.4,1.18,342680458.3,2021-12-26
4430.46,4463.03,4235.54,4246.94,-3.92,453873561.7,2021-12-27
4263.03,4296.07,4159.06,4254.98,0.11,223484111.4,2021-12-28
4252.81,4297.91,4207.36,4225.08,-0.7,127700585.9,2021-12-29
4241.31,4369.62,4217.52,4369.62,3.42,271029528.1,2022-01-02
4385.37,4504.18,4360.67,4442.91,1.68,331947776.4,2022-01-03
4446.21,4690.55,4400.8,4675.31,5.23,530061578.5,2022-01-04
4676.38,4754.88,4561.51,4595.45,-1.71,431649260.1,2022-01-05
4599.13,4695.35,4557.79,4684.22,1.93,374026932.8,2022-01-06
4696.84,4946.85,4696.84,4941.31,5.49,650571124.4,2022-01-09
4955.66,5060.76,4899.26,4978.9,0.76,623009710.4,2022-01-10
4978.9,5204.4,4954.8,5150.15,3.44,664474668.3,2022-01-11
5151.62,5238.98,5001.97,5027.6,-2.38,747979385.6,2022-01-12
5032.55,5181.7,4996.47,5175.25,2.94,512050155.4,2022-01-13
5218.28,5396.17,5218.28,5318.67,2.77,806629206.9,2022-01-16
5332.54,5374.49,5244.78,5300.82,-0.44,484021057.1,2022-01-17
5308.74,5320.22,5120.6,5170.24,-2.47,596401771.9,2022-01-18
5190.86,5216.69,5059.42,5107.09,-1.22,540731830.2,2022-01-19
5129.28,5278.74,5085.04,5278.74,3.36,502854487.7,2022-01-20
5335.71,5359.67,5168.42,5205.32,-1.39,617663408.1,2022-01-23
5223.38,5223.38,4943.01,4971.05,-4.5,810242537.3,2022-01-24
4999.43,5076.36,4898.97,4955.45,-0.31,467703908.6,2022-01-25
4944.07,4975.79,4828.94,4871.83,-1.69,416976626.9,2022-01-26
4871.4,4932.37,4848.86,4850.73,-0.43,248067502.2,2022-01-27
4920.22,5168.95,4920.22,5168.95,6.56,609563998.6,2022-01-30
5214.63,5214.63,5057.07,5058.8,-2.13,344705641.0,2022-01-31
5050.44,5163.97,5028.65,5140.19,1.61,420036248.4,2022-02-01
5172.29,5234.61,5082.02,5085.9,-1.06,555522585.8,2022-02-03
5077.14,5078.19,4986.0,4986.0,-1.96,297417559.9,2022-02-06
4986.0,5056.05,4962.59,5012.15,0.52,208977895.8,2022-02-07
5067.27,5178.94,4943.35,4959.91,-1.02,349556009.5,2022-02-08
4956.77,4969.64,4894.06,4913.64,-0.93,183666020.2,2022-02-09
4912.43,4965.82,4871.52,4884.74,-0.59,195677050.0,2022-02-10
4846.87,4846.87,4677.07,4678.08,-4.23,395627427.8,2022-02-13
4658.98,4786.12,4656.54,4694.54,0.35,215776256.8,2022-02-14
4694.54,4822.3,4689.35,4821.89,2.71,222459703.5,2022-02-15
4825.34,4854.54,4712.37,4733.77,-1.84,165520331.6,2022-02-16
4746.66,4767.63,4705.34,4713.48,-0.43,119609666.3,2022-02-17
4681.29,4681.29,4573.52,4622.32,-1.93,228665057.2,2022-02-20
4625.24,4681.51,4624.81,4645.14,0.49,129526599.5,2022-02-21
4656.58,4756.18,4656.58,4715.19,1.51,180209535.8,2022-02-22
4712.4,4761.11,4671.77,4675.44,-0.87,121531222.0,2022-02-23
4694.5,4694.5,4542.98,4559.73,-2.47,236039725.8,2022-02-24
4566.09,4606.14,4498.06,4534.76,-0.55,158442964.8,2022-02-27
4574.36,4653.92,4449.4,4460.85,-1.63,176478079.9,2022-02-28
4474.82,4485.95,4308.47,4308.47,-3.42,222688407.3,2022-03-02
4319.07,4410.57,4296.21,4361.78,1.24,194166026.6,2022-03-06
4375.74,4415.53,4336.7,4340.37,-0.49,138490050.3,2022-03-07
4340.37,4373.4,4239.45,4239.45,-2.33,152268764.6,2022-03-09
4239.45,4442.36,4211.93,4442.36,4.79,191270976.7,2022-03-10
4471.39,4674.81,4471.39,4652.92,4.74,378498690.9,2022-03-13
4667.86,4706.49,4590.42,4665.37,0.27,131994760.4,2022-03-14
4668.06,4692.78,4592.68,4652.46,-0.28,313949442.5,2022-03-15
4663.43,4680.13,4584.64,4592.81,-1.28,266721386.5,2022-03-16
4606.7,4645.22,4519.09,4539.3,-1.17,176563131.7,2022-03-20
4551.32,4681.33,4519.41,4673.26,2.95,223600633.0,2022-03-21
4676.0,4776.58,4676.0,4730.0,1.21,350449532.0,2022-03-22
4730.0,4732.47,4651.91,4677.42,-1.11,168036654.0,2022-03-23
4680.74,4685.96,4586.59,4588.93,-1.89,174082962.8,2022-03-24
4589.65,4619.2,4437.93,4445.95,-3.12,213202364.1,2022-03-27
4445.95,4490.6,4364.72,4370.86,-1.69,191267339.2,2022-03-28
4370.86,4443.0,4329.39,4344.51,-0.6,111410133.7,2022-03-29
4353.92,4488.85,4329.28,4488.85,3.32,184540031.6,2022-03-30
4490.04,4530.86,4376.61,4384.97,-2.31,124105139.7,2022-03-31
4384.97,4392.1,4311.68,4329.12,-1.27,95299637.0,2022-04-03
4344.09,4387.02,4302.08,4304.54,-0.57,99417065.5,2022-04-04
4319.51,4328.15,4174.38,4220.55,-1.95,193168533.8,2022-04-05
4219.94,4255.89,4147.12,4171.48,-1.16,140535199.0,2022-04-06
4170.89,4274.31,4170.02,4242.26,1.7,145334793.9,2022-04-07
4262.28,4365.37,4169.96,4178.09,-1.51,148059275.7,2022-04-11
4180.76,4181.9,4085.59,4106.51,-1.71,114118166.8,2022-04-12
4106.51,4184.73,4064.84,4169.16,1.53,110202086.8,2022-04-13
4186.33,4205.77,4093.14,4103.16,-1.58,97295254.0,2022-04-17
4102.16,4108.18,4020.26,4034.06,-1.68,148873479.3,2022-04-18
4042.7,4120.37,3972.72,4066.95,0.82,120111597.5,2022-04-19
4076.89,4117.49,3960.85,3960.85,-2.61,89292281.4,2022-04-20
3974.89,4031.8,3884.37,3995.97,0.89,111326527.4,2022-04-21
4013.07,4305.85,4004.52,4258.35,6.57,194917295.3,2022-04-24
4267.1,4321.12,4167.2,4171.98,-2.04,171026919.6,2022-04-25
4174.58,4227.22,4102.19,4129.96,-1.01,78076583.6,2022-04-26
4129.96,4213.38,4095.87,4204.97,1.82,112257083.9,2022-04-27
4204.97,4242.81,4129.28,4129.53,-1.79,125640667.1,2022-04-28
4129.53,4129.53,3994.37,4002.2,-3.08,110182228.0,2022-05-02
4016.55,4023.84,3902.28,3914.57,-2.19,108023112.8,2022-05-04
3914.57,3929.1,3808.42,3826.84,-2.26,146807172.9,2022-05-05
3826.84,3941.73,3762.38,3935.47,2.84,99919433.5,2022-05-08
3949.35,4011.99,3899.03,3914.55,-0.53,117627400.1,2022-05-09
3914.55,4032.2,3912.4,4018.15,2.65,92252173.0,2022-05-10
4018.15,4172.19,4018.15,4168.89,3.75,176011442.9,2022-05-11
4171.49,4217.59,4072.23,4079.87,-2.14,160854752.8,2022-05-12
4079.87,4079.87,3908.27,3916.19,-4.01,88405556.4,2022-05-17
3916.19,4000.3,3842.95,3971.73,1.42,81935606.2,2022-05-18
3983.11,3998.0,3886.95,3888.73,-2.09,84716645.3,2022-05-19
3891.18,3935.94,3852.26,3855.71,-0.85,70989161.7,2022-05-20
3869.75,3881.85,3770.41,3779.79,-1.97,89101851.5,2022-05-23
3779.79,3873.3,3769.81,3833.1,1.41,65938387.4,2022-05-24
3862.53,3913.29,3843.2,3858.28,0.66,95755837.3,2022-05-25
3871.81,3902.81,3828.59,3850.89,-0.19,51649061.4,2022-05-26
3863.58,3878.3,3797.66,3813.12,-0.97,69274793.1,2022-05-27
3827.16,3827.16,3710.6,3715.61,-2.56,126151817.7,2022-05-30
3715.61,3743.78,3649.22,3661.35,-1.46,107936224.3,2022-05-31
3667.91,3725.77,3663.55,3682.64,0.58,60715970.2,2022-06-01
3687.02,3731.22,3653.41,3663.45,-0.52,51378856.2,2022-06-02
3676.64,3682.68,3585.54,3606.77,-1.55,113564749.9,2022-06-03
3614.11,3669.9,3581.2,3618.7,0.33,86182655.5,2022-06-06
3619.28,3634.18,3518.05,3529.77,-2.46,95450283.6,2022-06-07
3523.58,3691.55,3516.29,3646.15,3.3,116944876.5,2022-06-08
3646.15,3706.11,3564.13,3572.61,-2.02,121714906.6,2022-06-09
3572.61,3583.46,3520.54,3533.49,-1.09,51636870.6,2022-06-10
3533.49,3557.94,3503.51,3516.76,-0.47,36123054.9,2022-06-13
3516.76,3518.96,3421.35,3439.95,-2.18,73745808.9,2022-06-14
3439.95,3454.83,3339.2,3386.29,-1.56,97471255.1,2022-06-15
3386.29,3480.09,3358.34,3409.08,0.67,69097828.1,2022-06-16
3409.08,3433.69,3376.59,3394.87,-0.42,30470357.9,2022-06-17
3394.87,3394.87,3270.75,3270.75,-3.66,77396853.4,2022-06-19
3270.75,3270.75,3125.85,3135.67,-4.13,140562886.7,2022-06-20
3136.51,3287.96,3119.17,3251.44,3.69,83037159.7,2022-06-21
3251.44,3251.44,3152.73,3161.94,-2.75,56997289.7,2022-06-22
3159.83,3159.83,3007.18,3039.47,-3.79,84083308.9,2022-06-23
3039.47,3131.27,2938.08,3096.5,1.88,77429922.1,2022-06-24
3096.03,3354.92,3096.03,3353.64,8.3,169956211.8,2022-06-26
3360.9,3410.21,3236.09,3236.09,-3.51,175570196.0,2022-06-27
3236.09,3236.09,3170.23,3192.26,-1.35,61982246.7,2022-06-28
3192.26,3342.78,3184.7,3333.65,4.43,102215089.3,2022-06-29
3332.59,3550.31,3331.22,3538.09,6.13,227525595.0,2022-06-30
3538.74,3574.1,3463.91,3488.75,-1.39,124761131.2,2022-07-01
3488.75,3612.94,3449.0,3607.18,3.39,163335422.5,2022-07-03
3614.91,3775.07,3503.74,3554.22,-1.47,373053930.3,2022-07-04
3554.78,3644.03,3440.37,3453.28,-2.84,224833480.5,2022-07-05
3453.28,3537.86,3364.16,3526.03,2.11,141469181.6,2022-07-06
3532.51,3604.4,3458.85,3479.82,-1.31,123817047.9,2022-07-07
3472.83,3478.77,3381.37,3385.04,-2.72,76732402.5,2022-07-08
3378.29,3378.29,3227.3,3234.26,-4.45,200835973.7,2022-07-11
3234.26,3329.75,3197.81,3260.61,0.81,118550530.7,2022-07-12
3261.66,3464.28,3261.66,3464.28,6.25,550662230.6,2022-07-13
3464.28,3537.13,3425.17,3497.35,0.95,143836820.7,2022-07-14
3497.91,3518.56,3431.41,3502.59,0.15,117493010.4,2022-07-15
3502.59,3548.99,3477.79,3501.13,-0.04,93313379.7,2022-07-17
3501.13,3552.22,3467.67,3533.16,0.91,71836168.6,2022-07-18
3532.74,3621.89,3532.09,3574.74,1.18,167382396.7,2022-07-19
3578.02,3623.13,3527.61,3580.09,0.15,125752890.1,2022-07-20
3579.42,3587.75,3530.2,3545.18,-0.98,93327439.2,2022-07-21
3545.18,3545.18,3464.6,3473.83,-2.01,81328371.2,2022-07-22
3502.42,3654.52,3491.81,3652.14,5.1,230630059.5,2022-07-24
3652.14,3883.19,3652.14,3865.52,5.84,390290093.7,2022-07-25
3866.13,3905.25,3742.05,3751.11,-2.96,308416944.5,2022-07-26
3757.74,3815.54,3671.42,3807.12,1.49,269206351.0,2022-07-27
3807.12,4006.11,3805.76,3892.54,2.24,534757314.9,2022-07-28
3892.54,4084.65,3859.04,4072.12,4.61,448046535.5,2022-07-29
4075.76,4174.98,4071.48,4105.23,0.78,478633288.1,2022-07-31
4105.73,4105.73,4014.06,4045.81,-1.45,368017863.4,2022-08-01
4055.93,4067.5,3955.92,4023.46,-0.55,291981940.9,2022-08-02
4024.99,4103.32,3997.91,3999.86,-0.59,296835666.4,2022-08-03
3999.4,4018.32,3899.36,3899.36,-2.51,341735492.5,2022-08-04
3921.2,3927.12,3806.25,3812.65,-2.22,240223428.6,2022-08-05
3811.88,3901.44,3811.25,3865.09,1.38,222491509.2,2022-08-07
3865.78,3927.99,3798.32,3813.06,-1.35,219637147.1,2022-08-08
3813.75,3822.68,3686.34,3690.37,-3.22,240579145.4,2022-08-09
3699.99,3726.89,3629.95,3682.76,-0.21,182412874.2,2022-08-10
3683.44,3737.97,3624.25,3625.44,-1.56,123454129.6,2022-08-11
3625.44,3676.46,3572.17,3577.96,-1.31,122667746.7,2022-08-14
3577.96,3768.79,3566.87,3768.79,5.33,209580145.9,2022-08-15
3768.79,3838.27,3667.75,3667.75,-2.68,271585801.2,2022-08-16
3675.39,3740.13,3667.65,3693.49,0.61,123429026.1,2022-08-17
3700.57,3825.92,3693.31,3810.49,3.17,200728730.1,2022-08-18
3810.49,3873.22,3775.29,3775.29,-0.92,174595844.3,2022-08-21
3775.29,3791.71,3717.41,3751.25,-0.64,107191526.4,2022-08-22
3751.92,3767.34,3720.01,3736.49,-0.39,77640942.6,2022-08-23
3737.15,3792.99,3731.03,3745.19,0.23,102592163.2,2022-08-24
3740.62,3783.31,3685.41,3687.39,-1.54,121340858.8,2022-08-25
3687.39,3687.39,3626.09,3639.7,-1.29,111321969.0,2022-08-26
3639.7,3649.4,3542.43,3545.59,-2.59,165212820.1,2022-08-28
3545.59,3585.3,3521.46,3573.71,0.79,88697261.8,2022-08-29
3573.71,3623.43,3569.64,3579.94,0.17,83603322.4,2022-08-30
3579.94,3596.67,3507.15,3513.97,-1.84,81113319.3,2022-08-31
3512.74,3563.41,3455.67,3519.32,0.21,96860033.5,2022-09-01
3519.32,3566.41,3490.62,3509.68,-0.27,42908600.0,2022-09-02
3509.68,3581.72,3509.68,3564.92,1.57,68423843.4,2022-09-04
3564.92,3602.02,3547.98,3554.09,-0.3,54385653.6,2022-09-05
3554.67,3554.67,3483.97,3489.2,-1.83,68149290.6,2022-09-06
3489.82,3489.82,3445.72,3451.97,-1.07,53499919.6,2022-09-07
3451.97,3510.55,3428.04,3489.09,1.08,68647134.3,2022-09-08
3488.5,3508.27,3434.36,3437.31,-1.53,53246402.8,2022-09-11
3436.74,3453.2,3407.24,3423.03,-0.42,56334317.9,2022-09-12
3423.03,3518.75,3422.32,3483.06,1.75,61646450.6,2022-09-13
3483.06,3662.31,3483.06,3643.95,4.62,161328979.4,2022-09-14
3650.13,3662.89,3465.41,3474.57,-4.65,188035396.2,2022-09-15
3469.0,3472.37,3356.88,3430.56,-1.27,105799416.3,2022-09-16
3430.01,3445.2,3332.75,3338.99,-2.67,97501050.2,2022-09-18
3338.45,3342.75,3222.73,3232.23,-3.2,117454642.7,2022-09-20
3232.4,3321.91,3231.57,3277.15,1.38,68671155.2,2022-09-21
3277.15,3315.11,3247.12,3249.81,-0.83,51747958.5,2022-09-22
3249.81,3249.81,3197.91,3200.5,-1.52,57856155.4,2022-09-25
3202.47,3298.63,3202.47,3252.36,1.62,54786195.2,2022-09-27
3256.49,3305.94,3256.49,3270.48,0.56,37603527.7,2022-09-28
3270.48,3330.22,3269.43,3309.31,1.19,50086152.5,2022-09-29
3309.31,3466.63,3309.31,3458.33,4.5,76482695.1,2022-10-09
3459.38,3485.89,3354.52,3366.65,-2.65,93855183.2,2022-10-10
3366.65,3379.1,3302.24,3323.45,-1.28,53011659.8,2022-10-11
3323.45,3426.8,3298.77,3392.84,2.09,75177647.7,2022-10-12
3392.84,3437.74,3392.84,3426.86,1.0,70727634.8,2022-10-13
3430.59,3440.5,3349.7,3366.16,-1.77,101066269.7,2022-10-16
3366.95,3388.18,3328.78,3338.68,-0.82,35727923.8,2022-10-17
3338.68,3349.29,3280.22,3293.62,-1.35,55373419.6,2022-10-19
3293.62,3329.59,3260.56,3301.7,0.25,52942716.4,2022-10-20
3301.7,3336.93,3301.7,3335.36,1.02,40360991.2,2022-10-23
3327.01,3334.31,3292.18,3322.29,-0.39,68900482.9,2022-10-31
3322.29,3458.49,3314.81,3453.53,3.95,118189576.9,2022-11-01
3453.53,3528.58,3416.24,3487.2,0.97,172359872.0,2022-11-02
3487.2,3513.28,3432.54,3445.6,-1.19,85558311.2,2022-11-03
3452.1,3541.67,3445.32,3536.65,2.64,112069877.8,2022-11-06
3536.65,3583.85,3484.29,3497.11,-1.12,179892908.6,2022-11-07
3503.71,3516.82,3466.9,3489.82,-0.21,108612118.2,2022-11-08
3489.82,3496.68,3372.2,3378.85,-3.18,126640389.4,2022-11-09
3391.51,3411.29,3327.85,3330.75,-1.42,117297563.2,2022-11-10
3330.75,3384.86,3319.12,3326.91,-0.12,60733779.7,2022-11-13
3326.91,3400.02,3322.57,3400.02,2.2,69745698.5,2022-11-14
3400.02,3438.01,3352.14,3355.05,-1.32,69050678.6,2022-11-15
3355.05,3421.86,3355.05,3397.64,1.27,59010625.5,2022-11-16
3397.64,3483.09,3397.64,3462.55,1.91,126118687.5,2022-11-17
3468.91,3515.7,3401.14,3468.91,-1.44,77162531.9,2022-11-22
3412.6,3416.01,3376.82,3412.37,-0.01,57365900.4,2022-11-23
3423.35,3457.25,3397.17,3450.27,1.11,147858223.9,2022-11-24
3453.36,3514.33,3450.88,3514.33,1.86,138875587.3,2022-11-27
3508.15,3537.79,3458.1,3465.99,-1.38,145836097.4,2022-11-28
3465.99,3495.47,3440.95,3494.13,0.81,70329516.0,2022-11-29
3501.79,3509.12,3462.7,3475.28,-0.54,54644081.5,2022-11-30
3475.28,3508.59,3459.53,3484.86,0.28,100077332.1,2022-12-01
3484.86,3513.42,3466.32,3483.25,-0.05,89761490.8,2022-12-04
3483.25,3497.12,3422.18,3430.04,-1.53,88526293.9,2022-12-05
3430.04,3430.62,3391.34,3406.18,-0.7,58056836.8,2022-12-06
3406.18,3418.4,3375.38,3375.38,-0.9,57474496.3,2022-12-07
3375.38,3375.38,3322.12,3327.47,-1.42,59011000.7,2022-12-11
3328.18,3390.49,3324.9,3390.49,1.89,69192121.2,2022-12-12
3390.49,3397.93,3361.45,3380.89,-0.28,33519802.1,2022-12-13
3381.63,3402.18,3363.35,3369.47,-0.37,29053882.8,2022-12-14
3369.29,3369.29,3334.23,3343.57,-0.76,53092068.7,2022-12-15
3346.65,3346.65,3263.74,3274.71,-2.06,77963685.1,2022-12-18
3274.71,3313.53,3268.53,3289.99,0.47,36871764.3,2022-12-19
3289.99,3326.85,3283.71,3298.29,0.25,66088141.7,2022-12-20
3298.29,3317.75,3266.0,3280.46,-0.54,57270352.3,2022-12-21
3280.46,3286.58,3252.35,3263.37,-0.52,67497722.2,2022-12-22
3270.67,3415.42,3270.67,3415.42,4.66,174083935.8,2022-12-26
3444.99,3554.12,3440.21,3515.81,2.94,254316485.8,2022-12-27
3515.81,3537.81,3445.45,3481.86,-0.97,125955137.6,2022-12-28
3471.81,3599.58,3451.61,3599.58,3.35,172967263.9,2022-12-29
3599.58,3712.02,3552.83,3597.46,-0.06,322720836.1,2023-01-01
3597.46,3678.57,3563.89,3660.23,1.74,167316397.0,2023-01-02
3666.38,3715.77,3629.95,3640.69,-0.53,188652642.7,2023-01-03
3655.21,3801.96,3655.21,3801.96,4.43,227175785.8,2023-01-04
3854.35,3877.78,3749.1,3805.52,0.09,315294573.0,2023-01-05
3798.29,3896.45,3750.06,3824.74,0.51,384562525.6,2023-01-08
3824.74,3948.09,3805.55,3948.09,3.22,406878418.2,2023-01-09
3948.09,4134.4,3903.11,3906.29,-1.06,648852046.1,2023-01-10
3920.94,4056.8,3811.32,3814.5,-2.35,443276755.1,2023-01-12
3826.9,3939.23,3798.75,3915.86,2.66,239014407.6,2023-01-17
3915.86,4038.88,3898.44,3934.03,0.46,412757248.4,2023-01-18
3942.84,3985.44,3911.74,3930.15,-0.14,199470178.0,2023-01-19
3921.92,3941.45,3832.9,3838.49,-2.33,278908708.9,2023-01-23
3838.49,3851.02,3758.79,3843.09,0.12,167511786.1,2023-01-24
3843.09,3937.38,3841.5,3871.33,0.73,195927581.5,2023-01-25
3877.03,3921.16,3833.44,3849.9,-0.55,110527353.1,2023-01-26
3855.6,3865.51,3788.21,3788.55,-1.59,135153312.5,2023-01-29
3793.2,3797.32,3689.16,3693.12,-2.52,194235351.3,2023-01-30
3693.12,3748.78,3658.18,3681.89,-0.3,140356112.2,2023-01-31
3681.89,3728.21,3672.88,3727.68,1.24,102384475.5,2023-02-01
3727.68,3758.57,3650.77,3662.66,-1.74,99334700.7,2023-02-02
3662.66,3716.09,3648.91,3674.4,0.32,91095793.7,2023-02-05
3676.41,3685.14,3649.03,3673.57,-0.08,58473066.1,2023-02-06
3673.57,3859.59,3672.07,3859.59,5.06,197583250.1,2023-02-07
3866.48,3947.12,3824.7,3836.96,-0.59,226391396.9,2023-02-08
3836.96,3893.1,3813.88,3893.1,1.46,136306421.0,2023-02-09
3875.46,3878.74,3745.65,3751.51,-3.64,184915202.0,2023-02-12
3751.51,3762.91,3706.48,3714.67,-0.98,84451786.8,2023-02-14
3714.67,3754.03,3680.14,3694.61,-0.54,93929850.8,2023-02-15
3694.61,3713.07,3643.6,3648.55,-1.25,101985626.7,2023-02-16
3648.55,3658.85,3600.33,3609.69,-1.07,67667595.1,2023-02-20
3609.69,3717.22,3609.69,3690.22,2.23,75480108.6,2023-02-22
3691.38,3694.96,3615.75,3637.13,-1.44,96642228.5,2023-02-23
3638.24,3667.33,3524.9,3667.33,0.83,119764668.6,2023-02-26
3668.47,3712.83,3576.55,3655.38,-0.33,101312518.3,2023-02-27
3655.38,3676.4,3626.38,3637.68,-0.48,47806769.3,2023-02-28
3637.68,3641.81,3582.39,3586.23,-1.41,38423257.1,2023-03-01
3586.23,3587.12,3542.79,3556.02,-0.84,53496349.8,2023-03-02
3556.02,3573.82,3493.08,3506.62,-1.39,71622637.0,2023-03-05
3506.62,3585.87,3506.62,3547.44,1.16,52379584.2,2023-03-07
3552.82,3652.86,3552.82,3652.86,2.97,80235411.2,2023-03-09
3652.86,3704.08,3590.94,3606.73,-1.26,66542849.3,2023-03-12
3605.99,3610.41,3555.85,3569.5,-1.03,40472222.0,2023-03-13
3570.22,3602.99,3547.34,3582.38,0.36,65565494.9,2023-03-14
3582.38,3612.73,3530.1,3555.02,-0.76,60383259.9,2023-03-15
3555.02,3563.75,3506.99,3540.64,-0.4,55664325.5,2023-03-16
3550.49,3555.91,3521.02,3524.82,-0.45,41071839.0,2023-03-19
3524.82,3587.76,3524.73,3587.76,1.79,41358221.9,2023-03-20
3587.76,3603.22,3538.64,3541.9,-1.28,38387089.8,2023-03-22
3536.31,3545.53,3496.15,3529.96,-0.34,53853819.9,2023-03-23
3529.96,3530.53,3475.04,3476.54,-1.51,75259986.8,2023-03-26
3476.54,3556.5,3459.4,3553.4,2.21,78727809.1,2023-03-27
3556.8,3587.38,3525.43,3542.26,-0.31,69357090.1,2023-03-28
3542.26,3542.26,3513.12,3529.39,-0.36,30681276.4,2023-03-29
3516.74,3560.69,3505.72,3513.76,-0.44,45488860.9,2023-03-30
3516.33,3555.21,3466.41,3475.02,-1.17,62782414.9,2023-04-02
3475.02,3480.53,3425.85,3440.65,-0.99,47470640.2,2023-04-03
3440.65,3469.4,3421.9,3451.44,0.31,44797087.7,2023-04-04
3451.44,3464.57,3415.67,3455.32,0.11,45218242.2,2023-04-05
3455.32,3464.2,3407.77,3413.19,-1.22,65542088.6,2023-04-06
3413.19,3413.19,3336.75,3351.67,-1.8,65403946.9,2023-04-09
3357.76,3399.6,3356.51,3369.82,0.54,49099413.8,2023-04-10
3369.82,3448.99,3369.82,3448.99,2.35,53678378.0,2023-04-11
3448.99,3649.03,3448.99,3646.79,5.74,112405445.5,2023-04-12
3647.03,3677.24,3548.77,3556.32,-2.48,91639503.4,2023-04-13
3556.32,3573.28,3522.62,3541.77,-0.41,35169089.3,2023-04-16
3541.77,3556.0,3468.98,3475.19,-1.88,35953259.9,2023-04-17
3475.19,3499.0,3436.44,3462.93,-0.35,37175466.8,2023-04-18
3462.93,3512.27,3462.07,3507.04,1.27,37111238.8,2023-04-19
3500.02,3519.77,3459.49,3459.72,-1.35,50873866.8,2023-04-20
3459.72,3459.89,3418.05,3423.74,-1.04,44435231.2,2023-04-23
3423.74,3452.8,3415.79,3448.28,0.72,38654336.5,2023-04-24
3448.28,3505.33,3436.1,3505.33,1.65,44793087.3,2023-04-25
3506.37,3520.67,3461.74,3469.4,-1.02,39528007.4,2023-04-26
3471.34,3477.89,3446.86,3463.7,-0.16,31822917.0,2023-04-27
3463.7,3475.76,3416.16,3421.03,-1.23,35834581.2,2023-04-30
3421.03,3453.4,3408.57,3422.63,0.05,28840795.5,2023-05-02
3422.63,3441.47,3398.07,3414.62,-0.23,27748180.8,2023-05-03
3414.62,3456.08,3396.4,3436.99,0.66,29233496.2,2023-05-04
3436.99,3436.99,3393.03,3402.74,-1.0,22838308.8,2023-05-07
3402.74,3408.99,3358.42,3389.03,-0.4,32251491.5,2023-05-08
3389.03,3437.41,3377.62,3417.43,0.84,34323280.5,2023-05-09
3417.43,3439.08,3397.22,3408.52,-0.26,29843802.5,2023-05-10
3408.52,3419.04,3382.81,3391.88,-0.49,19249075.6,2023-05-11
3391.88,3407.89,3340.22,3353.26,-1.14,54942733.9,2023-05-14
3353.26,3377.12,3324.99,3363.81,0.31,31743319.2,2023-05-15
3363.81,3380.65,3345.97,3365.38,0.05,24822011.7,2023-05-16
3365.38,3442.77,3365.38,3419.86,1.63,48384853.2,2023-05-17
3439.75,3531.83,3416.39,3507.18,2.55,81050267.4,2023-05-18
3507.09,3561.31,3485.79,3499.21,-0.22,73802314.9,2023-05-21
3498.63,3526.33,3447.93,3509.87,0.3,49412044.0,2023-05-22
3509.87,3598.93,3509.87,3592.72,2.36,98931672.2,2023-05-23
3600.48,3619.75,3560.17,3593.02,0.01,66642937.6,2023-05-24
3593.02,3619.42,3506.74,3519.54,-2.05,108844654.1,2023-05-28
3520.43,3520.43,3427.74,3440.16,-2.28,75330231.3,2023-05-30
3426.73,3461.66,3358.8,3369.99,-2.04,84761116.9,2023-05-31
3369.99,3418.39,3334.23,3388.59,0.55,67720311.5,2023-06-01
3388.59,3527.57,3388.59,3505.96,3.47,48715845.3,2023-06-04
3506.98,3544.89,3449.99,3455.01,-1.45,68008209.0,2023-06-05
3455.01,3501.14,3447.92,3482.49,0.8,38260156.1,2023-06-06
3496.09,3551.03,3489.88,3522.27,1.14,115146192.0,2023-06-07
3522.27,3566.22,3492.46,3554.26,0.91,99075009.4,2023-06-08
3554.26,3728.14,3554.26,3719.8,4.66,312562292.4,2023-06-11
3729.43,3767.17,3671.28,3701.18,-0.5,205146588.7,2023-06-12
3709.32,3791.81,3670.99,3759.32,1.57,179983192.9,2023-06-13
3759.88,3810.76,3676.1,3723.68,-0.92,251696629.5,2023-06-14
3732.06,3738.63,3677.54,3711.06,-0.34,118513020.2,2023-06-15
3711.06,3778.46,3709.72,3761.17,1.35,168225558.9,2023-06-18
3761.17,3912.23,3759.14,3892.54,3.49,373878284.5,2023-06-19
3899.39,4022.59,3818.86,3833.42,-1.52,444389852.9,2023-06-20
3833.42,3881.7,3765.74,3781.36,-1.36,166389264.3,2023-06-21
3781.36,3830.13,3731.22,3758.05,-0.62,129797542.4,2023-06-22
3758.05,3968.03,3758.05,3932.74,4.65,331679109.3,2023-06-25
3940.03,4016.51,3911.0,3957.69,0.63,320956080.5,2023-06-26
3958.74,4020.61,3952.22,4011.61,1.36,327472375.0,2023-06-27
4011.61,4056.15,3910.72,3914.26,-2.43,244365181.5,2023-06-28
3914.26,3920.28,3777.94,3778.04,-3.48,225435920.5,2023-07-02
3778.04,3841.33,3730.42,3745.13,-0.87,189176260.0,2023-07-03
3745.13,3809.62,3738.69,3776.19,0.83,99260451.6,2023-07-04
3772.66,3803.02,3707.38,3712.9,-1.68,126947094.3,2023-07-05
3712.9,3770.53,3683.76,3720.96,0.22,107791655.0,2023-07-06
3720.96,3799.88,3720.96,3780.3,1.59,132534136.6,2023-07-09
3780.3,3836.53,3769.19,3777.51,-0.07,157609296.6,2023-07-10
3777.51,3943.93,3777.51,3906.62,3.42,345190695.8,2023-07-11
3906.62,3982.31,3906.62,3937.49,0.79,196861258.6,2023-07-12
3937.49,3983.78,3871.34,3874.21,-1.61,191856272.3,2023-07-13
3874.21,3915.12,3839.07,3895.17,0.54,118450984.6,2023-07-16
3897.99,4056.5,3862.88,4056.5,4.14,322281906.3,2023-07-17
4062.32,4100.91,4015.24,4020.9,-0.88,314142112.2,2023-07-18
4020.9,4080.5,3996.36,4070.05,1.22,346195515.8,2023-07-19
4062.41,4102.69,4052.37,4081.01,0.26,334257919.7,2023-07-20
4081.02,4276.38,4080.85,4276.38,4.78,634396350.6,2023-07-23
4284.12,4284.12,4115.21,4126.46,-3.51,487675182.2,2023-07-24
4141.6,4147.24,4021.65,4040.32,-2.08,293537217.1,2023-07-25
4041.18,4098.3,4014.95,4021.65,-0.46,222195269.8,2023-07-26
4027.31,4081.58,3966.67,3974.6,-1.17,236391298.3,2023-07-27
3974.6,4023.15,3879.19,3915.44,-1.48,182607479.2,2023-07-30
3915.44,3979.28,3910.83,3933.56,0.46,161945060.1,2023-07-31
3935.62,3982.82,3834.0,3857.31,-1.93,179765341.7,2023-08-01
3857.31,3896.64,3828.35,3896.64,1.01,119223603.3,2023-08-02
3901.92,3945.8,3880.16,3888.62,-0.2,148478901.5,2023-08-03
3890.8,3911.85,3777.64,3791.1,-2.5,164266287.8,2023-08-06
3791.1,3864.67,3763.06,3844.66,1.41,129550004.5,2023-08-07
3839.6,3855.9,3765.8,3777.98,-1.73,122102360.7,2023-08-08
3777.98,3872.83,3741.89,3872.83,2.51,125003723.5,2023-08-09
3873.83,3910.99,3839.48,3861.71,-0.28,131336234.8,2023-08-10
3861.71,3911.05,3847.42,3883.01,0.55,153266363.5,2023-08-13
3883.01,3916.66,3875.67,3884.15,0.02,132607405.4,2023-08-14
3884.15,3914.75,3805.76,3810.97,-1.88,138636773.2,2023-08-15
3818.49,3825.89,3773.32,3791.86,-0.5,111360383.3,2023-08-16
3791.86,3848.13,3786.88,3805.12,0.34,96928972.0,2023-08-17
3806.21,3819.6,3763.64,3769.52,-0.93,121525413.4,2023-08-20
3769.52,3807.04,3743.17,3755.9,-0.36,79306248.8,2023-08-21
3755.9,3799.0,3742.18,3799.0,1.14,65209985.0,2023-08-22
3799.0,3853.95,3793.25,3842.56,1.14,93270974.4,2023-08-23
3843.37,3864.75,3752.52,3756.54,-2.23,107835561.5,2023-08-24
3756.54,3765.97,3721.57,3732.51,-0.63,76804054.2,2023-08-27
3732.51,3768.12,3721.12,3758.81,0.7,52324952.7,2023-08-28
3758.81,3763.53,3730.42,3737.63,-0.56,35695050.2,2023-08-29
3731.17,3755.36,3720.93,3735.75,-0.05,62308303.1,2023-08-30
3735.75,3735.75,3670.16,3677.56,-1.55,64366894.5,2023-09-03
3677.56,3718.34,3645.94,3693.82,0.44,67426418.3,2023-09-04
3693.82,3703.28,3674.86,3689.71,-0.11,31875502.1,2023-09-05
3689.71,3693.61,3638.98,3645.45,-1.19,61460049.5,2023-09-07
3645.45,3677.51,3645.45,3668.33,0.62,43315880.0,2023-09-10
3668.33,3761.92,3668.33,3754.46,2.34,72547562.4,2023-09-11
3754.46,3768.57,3695.32,3700.37,-1.44,47361496.5,2023-09-12
3702.63,3809.57,3702.63,3807.06,2.88,92826635.5,2023-09-13
3798.22,3798.24,3697.75,3708.1,-2.59,58160655.3,2023-09-17
3708.86,3742.23,3687.23,3722.72,0.39,34290116.5,2023-09-18
3724.99,3777.93,3703.07,3777.93,1.48,52015168.1,2023-09-19
3777.93,3937.53,3777.93,3920.67,3.77,266345814.4,2023-09-21
3924.12,3925.25,3844.56,3856.58,-1.63,114070327.1,2023-09-24
3857.67,3878.94,3828.61,3852.52,-0.1,102110668.1,2023-09-25
3853.31,3913.06,3853.31,3872.36,0.51,94085068.7,2023-09-26
3872.36,3881.34,3796.85,3818.77,-1.38,116644457.6,2023-09-27
3818.77,3818.77,3755.4,3765.73,-1.38,83155884.1,2023-10-01
3765.73,3828.84,3732.69,3815.83,1.33,73788556.8,2023-10-02
3810.32,3821.22,3750.99,3768.92,-1.22,62207307.8,2023-10-03
3768.92,3821.03,3757.65,3791.47,0.59,61647277.0,2023-10-04
3791.47,3805.71,3759.63,3762.88,-0.75,54820766.9,2023-10-05
3763.93,3763.93,3684.22,3691.5,-1.89,107761182.3,2023-10-08
3691.5,3719.11,3658.52,3672.54,-0.51,74977034.0,2023-10-09
3672.54,3676.81,3626.2,3635.14,-1.01,94966653.4,2023-10-10
3635.14,3672.41,3628.2,3644.45,0.25,66320130.3,2023-10-11
3644.45,3652.31,3591.21,3599.29,-1.23,106092656.9,2023-10-12
3599.29,3605.06,3552.59,3564.59,-0.96,45065428.8,2023-10-16
3563.86,3635.37,3563.86,3574.11,0.26,49368978.2,2023-10-17
3574.11,3672.29,3574.11,3672.29,2.74,53402054.9,2023-10-18
3672.29,3692.09,3641.66,3663.02,-0.25,51150358.9,2023-10-19
3663.02,3671.48,3592.21,3607.54,-1.51,33678462.4,2023-10-29
3607.54,3642.57,3574.95,3634.58,0.74,29267706.3,2023-10-30
3634.58,3643.98,3590.96,3603.56,-0.85,26970621.2,2023-10-31
3603.56,3629.19,3580.46,3589.75,-0.38,28637906.3,2023-11-01
3589.75,3593.35,3554.14,3576.85,-0.35,38418186.9,2023-11-02
3570.16,3570.16,3506.01,3518.16,-1.64,44815919.7,2023-11-05
3518.16,3568.39,3516.47,3560.95,1.21,36740332.7,2023-11-06
3560.95,3596.83,3560.95,3576.5,0.43,42839923.9,2023-11-07
3581.28,3600.7,3549.35,3562.74,-0.38,29873150.1,2023-11-08
3562.75,3569.78,3537.53,3547.23,-0.43,34365568.0,2023-11-09
3542.06,3625.77,3542.06,3592.13,1.26,59301851.9,2023-11-20
3592.13,3613.82,3521.2,3560.39,-0.88,52638645.8,2023-11-21
3559.84,3580.43,3527.92,3566.15,0.17,36528542.9,2023-11-22
3566.15,3630.59,3560.52,3628.73,1.75,61268003.7,2023-11-23
3628.73,3724.4,3627.04,3724.4,2.63,119082801.7,2023-11-26
3726.15,3766.79,3692.54,3716.69,-0.2,89440221.5,2023-11-27
3716.69,3732.28,3681.38,3697.21,-0.52,58865104.5,2023-11-28
3697.21,3720.49,3641.61,3650.51,-1.26,44510679.5,2023-11-29
3666.72,3667.55,3607.59,3628.71,-0.59,50288165.5,2023-11-30
3628.71,3639.51,3586.94,3611.93,-0.46,39102367.9,2023-12-03
3611.93,3643.92,3604.26,3612.95,0.02,40264312.0,2023-12-04
3612.95,3646.69,3584.42,3597.94,-0.41,41656467.0,2023-12-05
3597.94,3624.37,3581.27,3601.15,0.08,34531023.2,2023-12-06
3601.15,3647.24,3582.33,3621.43,0.56,54947311.9,2023-12-07
3634.25,3838.23,3634.25,3860.14,6.59,18897474.9,2023-12-10
3906.86,3906.86,3754.11,3779.45,-2.09,198568146.5,2023-12-11
3778.58,3852.56,3759.22,3845.33,1.74,209091700.8,2023-12-12
3855.31,3949.21,3842.68,3889.56,1.15,255515198.4,2023-12-13
3889.99,3950.88,3855.17,3941.68,1.33,220340899.9,2023-12-14
3941.7,4046.22,3865.06,4046.22,2.65,232379513.1,2023-12-17
4063.3,4165.6,4062.78,4119.35,1.8,507864570.6,2023-12-18
4116.97,4176.82,4040.9,4176.82,1.39,293890901.6,2023-12-19
4159.37,4201.52,4125.74,4182.99,0.14,447788187.0,2023-12-20
4194.83,4197.18,4032.84,4047.82,-3.23,347485436.7,2023-12-21
4058.37,4078.26,3982.71,3991.56,-1.38,248866968.8,2023-12-24
3983.3,4033.96,3949.05,3979.27,-0.3,236139949.7,2023-12-27
3975.86,4011.76,3944.92,3946.5,-0.73,162385822.0,2023-12-28
3953.43,4031.83,3944.49,3950.7,0.1,198231066.0,2024-01-01
3954.81,3977.03,3882.72,3897.15,-1.35,133320347.0,2024-01-02
3914.17,3944.09,3894.66,3943.94,1.12,114971007.1,2024-01-03
3957.82,3973.99,3911.46,3911.46,-0.82,140789261.8,2024-01-04
3901.22,3940.23,3855.77,3865.17,-1.18,146308197.6,2024-01-07
3865.17,3957.18,3860.55,3953.3,2.28,134003772.5,2024-01-08
3952.4,4201.57,3952.4,4159.36,5.21,455643869.6,2024-01-09
4180.41,4240.54,4129.01,4139.73,-0.47,405706217.3,2024-01-10
4139.73,4151.32,4083.96,4101.29,-0.92,140063384.6,2024-01-11
4114.73,4182.05,4114.73,4152.28,1.24,199384436.7,2024-01-14
4161.02,4289.47,4161.02,4261.85,2.63,393840571.7,2024-01-16
4287.99,4426.6,4253.77,4270.25,0.19,793525476.1,2024-01-17
4286.96,4289.86,4220.36,4242.18,-0.65,360206251.2,2024-01-18
4237.73,4241.44,4126.95,4131.29,-2.61,348736023.4,2024-01-21
4131.29,4156.81,4038.62,4067.57,-1.54,192239926.0,2024-01-22
4077.41,4128.78,4040.71,4070.49,0.07,127812100.9,2024-01-23
4058.76,4135.91,4029.3,4029.87,-0.99,145988971.3,2024-01-24
4028.96,4064.1,3995.92,4035.83,0.14,109482227.0,2024-01-25
4028.18,4096.45,4025.65,4085.18,1.22,116469976.7,2024-01-28
4096.39,4119.57,4080.83,4088.09,0.07,138331118.8,2024-01-29
4088.09,4124.48,4088.09,4100.88,0.31,116860883.4,2024-01-30
4101.93,4138.03,4009.24,4021.58,-1.93,137210534.9,2024-01-31
4022.61,4022.61,3964.29,3968.96,-1.3,122771685.9,2024-02-01
3959.57,4004.76,3938.7,3995.22,0.66,98592480.6,2024-02-04
4045.02,4045.02,3999.76,4021.21,0.65,73199258.4,2024-02-05
4021.21,4066.36,4014.52,4055.98,0.86,96408777.4,2024-02-06
4067.84,4091.42,4058.83,4068.24,0.3,106541512.3,2024-02-07
4068.24,4122.77,4039.29,4094.24,0.63,172212290.0,2024-02-08
4095.15,4152.35,4090.92,4098.01,0.09,172876521.0,2024-02-11
4098.01,4122.61,4082.02,4121.16,0.56,108537617.1,2024-02-12
4121.69,4121.69,4015.39,4021.9,-2.4,168979660.1,2024-02-13
4021.9,4215.0,4007.06,4117.98,2.38,318180261.8,2024-02-14
4117.98,4117.98,4047.15,4060.06,-1.4,125576154.3,2024-02-15
4084.53,4084.53,3982.44,3990.74,-1.7,123200235.5,2024-02-18
3979.32,4024.25,3979.06,4000.78,0.25,111880658.9,2024-02-20
4000.78,4046.31,3964.78,3976.33,-0.61,85009549.3,2024-02-21
3976.33,4006.0,3927.77,3941.58,-0.87,118071490.9,2024-02-22
3941.58,3962.32,3889.65,3899.59,-1.06,119333079.8,2024-02-25
3899.59,3931.98,3880.91,3921.03,0.54,68558353.8,2024-02-26
3921.03,3951.67,3896.25,3926.57,0.14,65838956.4,2024-02-27
3926.57,3940.99,3878.5,3882.84,-1.11,74341911.1,2024-02-28
3882.84,3898.38,3809.49,3818.91,-1.64,97313285.1,2024-02-29
3819.52,3847.0,3776.52,3801.69,-0.46,73574251.1,2024-03-03
3857.59,4045.02,3857.59,4045.64,6.41,15354915.3,2024-03-04
4080.43,4080.43,3885.36,3897.85,-3.65,147384194.7,2024-03-05
3897.85,3964.37,3863.64,3903.03,0.13,133637253.0,2024-03-06
3905.38,3988.48,3905.38,3932.67,0.75,70566967.9,2024-03-07
3932.67,4018.11,3930.46,3975.42,1.08,89986417.3,2024-03-10
3962.45,4070.35,3962.45,4061.62,2.17,132053241.9,2024-03-12
4085.28,4130.42,4056.49,4076.23,0.35,165618502.0,2024-03-13
4075.21,4107.04,4004.1,4021.53,-1.34,184252679.8,2024-03-14
4021.04,4135.23,4018.47,4054.69,0.82,290871011.2,2024-03-17
4055.17,4126.02,4053.95,4107.5,1.3,312165459.4,2024-03-18
4108.91,4153.17,4070.71,4077.17,-0.73,238104816.3,2024-03-19
4078.28,4105.62,4043.11,4062.83,-0.35,221019861.8,2024-03-20
4052.72,4081.32,4031.49,4044.59,-0.44,206989834.6,2024-03-21
4066.06,4029.3,3981.13,3984.0,-1.49,123494704.6,2024-03-25
3972.03,4040.26,3969.81,4004.5,0.51,127265655.0,2024-03-26
4002.46,4031.19,3951.84,3954.22,-1.2,99764328.1,2024-03-27
3954.22,3970.32,3917.19,3960.74,0.16,115539715.4,2024-03-28
3951.73,3974.56,3911.93,3917.17,-1.09,109936098.0,2024-03-31
3915.93,3928.65,3898.96,3914.31,-0.07,79537495.0,2024-04-01
3915.63,3931.86,3890.43,3907.79,-0.16,94498622.9,2024-04-02
3917.31,3924.12,3872.34,3882.79,-0.63,90983637.9,2024-04-03
3882.79,3907.87,3857.49,3861.52,-0.54,93229676.0,2024-04-04
3861.52,3988.9,3861.52,3983.61,3.16,166779225.3,2024-04-07
3985.43,4038.72,3985.43,4010.66,0.67,235817237.5,2024-04-09
4020.21,4034.83,3940.64,3960.51,-1.25,140252178.8,2024-04-10
3960.51,3987.26,3930.01,3944.03,-0.41,113152170.8,2024-04-14
3944.03,3987.53,3910.75,3921.95,-0.55,106442572.6,2024-04-15
3920.59,3949.5,3901.06,3914.17,-0.19,140410567.4,2024-04-16
3915.27,3915.7,3847.89,3856.94,-1.46,77221139.1,2024-04-18
3859.35,3902.27,3831.65,3898.62,1.08,101555930.3,2024-04-21
3898.62,3913.37,3841.92,3861.23,-0.95,74941979.3,2024-04-22
3860.09,3898.08,3842.64,3855.91,-0.13,93996530.8,2024-04-24
3855.81,3899.54,3843.22,3848.45,-0.19,127612625.9,2024-04-25
3850.09,3945.68,3849.27,3934.31,2.23,181261969.8,2024-04-28
3935.5,4028.69,3935.5,3999.8,1.66,367363915.0,2024-04-29
4006.1,4286.94,4006.1,4196.11,4.9,1040574375.4,2024-04-30
4207.1,4284.92,4103.34,4110.51,-2.03,417902377.3,2024-05-02
4112.27,4130.25,3993.88,4001.35,-2.65,384266006.0,2024-05-05
4000.2,4055.23,3973.88,4010.68,0.23,235164065.1,2024-05-06
4011.82,4064.87,3995.36,4023.49,0.31,172967029.8,2024-05-07
4023.49,4051.35,3992.76,4016.58,-0.17,119744300.3,2024-05-08
4025.75,4082.72,4005.39,4048.69,0.79,251649491.7,2024-05-09
4056.95,4158.6,4046.1,4091.12,1.04,397992332.2,2024-05-12
4088.42,4146.13,4081.85,4102.56,0.3,361693740.8,2024-05-13
4108.08,4161.77,4100.7,4161.77,1.44,358146030.8,2024-05-14
4176.47,4211.83,4109.0,4121.78,-0.96,336032343.5,2024-05-15
4139.06,4144.82,4070.29,4077.29,-1.07,292082961.3,2024-05-16
4151.0,4152.04,4075.57,4143.66,1.62,326961943.3,2024-05-19
4138.35,4212.32,4130.63,4162.52,0.42,414328695.3,2024-05-20
4162.52,4188.94,4142.13,4150.28,-0.29,201247135.7,2024-05-21
4142.01,4215.41,4133.03,4164.0,0.33,262885630.4,2024-05-22
4147.1,4180.88,4115.36,4115.36,-1.16,245454778.5,2024-05-26
4140.57,4162.35,4112.56,4141.29,0.63,194151072.8,2024-05-27
4184.97,4185.46,4079.12,4094.91,-1.11,236519723.5,2024-05-29
4107.26,4107.26,4046.4,4054.8,-0.97,249773301.2,2024-05-30
4081.04,4086.83,4055.3,4063.93,0.22,157244428.3,2024-06-02
4079.08,4100.72,4046.9,4051.44,-0.3,165752534.6,2024-06-03
4066.25,4097.98,4055.47,4074.63,0.57,180091188.7,2024-06-04
4067.87,4082.33,4054.14,4062.02,-0.3,155930195.4,2024-06-05
4061.78,4068.62,4031.94,4037.55,-0.6,146188467.3,2024-06-06
4036.84,4051.81,4012.3,4013.4,-0.59,193238846.4,2024-06-09
4013.4,4048.39,4011.49,4028.07,0.36,153526700.6,2024-06-10
4040.45,4091.01,4033.82,4085.37,1.42,203290541.5,2024-06-11
4086.73,4132.67,4081.14,4089.94,0.11,162978740.4,2024-06-12
4114.76,4238.53,4061.65,4143.69,1.31,571834978.9,2024-06-13
4145.61,4172.43,4089.37,4093.78,-1.2,215985592.9,2024-06-16
4089.9,4096.92,4045.24,4057.83,-0.87,150236695.2,2024-06-18
4057.83,4074.46,4036.39,4052.61,-0.12,124135973.4,2024-06-19
4050.79,4066.97,4017.99,4017.99,-0.85,150696755.1,2024-06-20
4017.99,4038.48,4002.6,4013.92,-0.1,164754803.3,2024-06-23
4020.44,4076.93,4020.44,4076.93,1.56,277840134.5,2024-06-24
4076.95,4141.5,4076.95,4090.02,0.32,257220627.7,2024-06-25
4092.03,4099.59,4040.46,4047.61,-1.03,165399242.0,2024-06-26
4042.6,4052.79,4008.55,4029.99,-0.43,163408621.52,2024-06-27
4013.57,4029.77,3988.56,3997.45,-0.8,143745392.1,2024-06-30
4001.43,4050.01,3992.7,4050.01,1.31,141718578.9,2024-07-01
4120.67,4264.01,4095.06,4131.6,2.01,304520775.8,2024-07-02
4132.87,4242.69,4074.82,4242.69,2.71,593844053.4,2024-07-03
4260.63,4429.37,4260.63,4388.4,3.43,1245338473.2,2024-07-04
4401.44,4424.02,4366.53,4377.56,-0.24,580590388.7,2024-07-07
4384.79,4390.85,4309.77,4361.62,-0.36,441414821.9,2024-07-08
4358.24,4514.17,4358.24,4470.62,2.49,755029773.5,2024-07-09
4474.66,4498.19,4429.36,4457.41,-0.29,407278613.3,2024-07-10
4465.87,4521.9,4445.37,4465.33,0.17,513321919.1,2024-07-11
4527.66,4623.36,4493.14,4519.18,1.2,495543513.3,2024-07-14
4578.74,4585.54,4431.6,4433.5,-1.89,494486453.8,2024-07-15
4433.92,4653.31,4429.48,4653.31,4.94,678070266.2,2024-07-16
4686.86,4850.56,4629.41,4843.79,4.09,998796446.1,2024-07-17
4855.4,5021.76,4829.12,4907.31,1.31,1218560489.0,2024-07-18
4922.69,5018.07,4836.66,4976.87,1.41,1110732718.1,2024-07-21
4980.39,5016.2,4868.78,4945.28,-0.63,872427174.4,2024-07-22
4956.46,5098.46,4901.28,5091.76,2.96,989116691.4,2024-07-23
5104.59,5221.75,5010.74,5062.83,-0.56,1256406074.9,2024-07-24
5074.06,5105.03,5008.61,5045.79,-0.35,886404995.3,2024-07-25
5125.14,5303.39,5062.02,5291.71,4.87,1158834665.4,2024-07-28
5344.47,5365.15,5140.7,5149.09,-2.69,1096997962.5,2024-07-29
5160.2,5277.16,5060.38,5273.15,2.4,1047832343.7,2024-07-30
5282.86,5516.92,5266.6,5443.89,3.21,1786969218.4,2024-07-31
5412.45,5524.14,5378.48,5400.61,-0.79,1524971647.8,2024-08-01
5432.49,5441.3,5293.8,5392.14,-0.15,1167082112.2,2024-08-05
5405.05,5425.31,5080.41,5098.44,-5.44,1289958410.2,2024-08-06
5090.08,5335.19,5055.12,5328.39,4.51,953325778.3,2024-08-07
5345.18,5421.27,5273.39,5292.32,-0.67,1104405328.7,2024-08-08
5307.81,5431.38,5302.5,5429.25,2.58,1204690145.2,2024-08-11
5457.43,5638.51,5436.99,5595.86,3.06,1723307627.34,2024-08-12
5632.85,5686.75,5499.16,5519.64,-1.36,1121173726.4,2024-08-13
5517.8,5722.31,5475.62,5689.61,3.07,1385693863.3,2024-08-14
5720.77,5843.73,5707.34,5762.85,1.28,1726497923.4,2024-08-15
5781.02,5808.89,5562.13,5632.97,-2.25,1488785798.9,2024-08-18
5650.14,5683.77,5553.69,5673.54,0.72,1054023334.3,2024-08-21
5658.88,6108.51,5646.44,5930.17,4.52,3446026547.5,2024-08-22
5964.26,6044.64,5766.78,5784.99,-2.44,2316736338.1,2024-08-25
5822.95,5822.95,5505.66,5542.69,-4.18,1568759796.7,2024-08-27
5538.7,5702.53,5470.04,5498.34,-0.8,965884468.9,2024-08-28
5495.99,5544.77,5396.59,5436.27,-1.12,892685839.8,2024-08-29
5431.74,5502.51,5289.49,5335.28,-1.85,739524101.6,2024-09-01
5342.53,5604.2,5309.14,5601.87,4.99,902835275.4,2024-09-02
5614.19,5757.35,5489.66,5675.95,1.32,1610110193.5,2024-09-03
5684.9,5852.68,5524.01,5545.62,-2.29,1677398828.5,2024-09-04
5516.58,5605.74,5424.99,5538.25,-0.13,791232428.7,2024-09-05
5540.16,5589.9,5422.46,5423.54,-2.07,822501684.4,2024-09-08
5419.25,5471.06,5295.04,5321.84,-1.87,808426963.3,2024-09-09
5295.17,5421.36,5247.04,5284.6,-0.69,622604039.2,2024-09-10
5288.97,5327.25,5199.38,5230.25,-1.02,474821291.9,2024-09-11
5216.0,5374.62,5215.15,5371.47,2.7,471968226.5,2024-09-12
5394.6,5450.34,5199.37,5236.55,-2.51,601105881.5,2024-09-15
5239.85,5262.33,5060.93,5093.95,-2.72,473762963.4,2024-09-16
5089.64,5171.17,5014.37,5087.53,-0.12,372349137.6,2024-09-18
5140.7,5234.64,5062.91,5121.28,0.66,248765244.1,2024-09-22
5117.38,5137.01,4929.29,4995.22,-2.46,346570017.9,2024-09-23
4986.89,5044.55,4816.55,4843.53,-3.03,300007083.8,2024-09-24
4880.78,4976.9,4783.87,4976.9,2.75,248274906.4,2024-09-25
4976.9,5033.87,4899.6,4918.58,-1.17,238771827.9,2024-09-26
4918.61,4964.82,4832.75,4874.5,-0.89,234910385.6,2024-09-29
4878.49,4968.87,4878.49,4968.87,1.93,171473336.0,2024-09-30
4965.16,5241.21,4964.74,5241.21,5.48,504423764.9,2024-10-01
5271.09,5278.17,5117.76,5168.87,-1.38,455168528.5,2024-10-02
5173.5,5285.36,5114.68,5284.23,2.22,255107626.5,2024-10-06
5288.29,5394.14,5288.29,5347.16,1.19,382828465.1,2024-10-07
5351.35,5362.83,5255.14,5284.42,-1.17,237276044.6,2024-10-08
5289.47,5297.64,5224.31,5264.13,-0.38,144029402.3,2024-10-09
5268.13,5352.78,5253.03,5346.63,1.56,129164021.9,2024-10-15
5351.3,5462.3,5348.34,5445.56,1.85,252922893.8,2024-10-16
5461.75,5504.62,5388.66,5410.55,-0.64,291542383.0,2024-10-17
5383.4,5405.95,5262.94,5283.6,-2.34,355455885.4,2024-10-20
5288.19,5311.13,5177.89,5189.23,-1.78,386875531.5,2024-10-21
5185.39,5266.22,5174.95,5254.1,1.25,185790041.7,2024-10-22
5250.3,5290.51,5193.73,5219.58,-0.65,199685650.1,2024-10-23
5218.93,5230.35,5140.47,5177.88,-0.79,212061377.9,2024-10-24
5186.13,5201.63,5140.26,5151.08,-0.51,152077736.6,2024-10-27
5154.82,5239.98,5148.57,5232.09,1.57,324783443.7,2024-10-28
5206.97,5357.82,5206.97,5353.79,2.32,396573712.5,2024-10-29
5352.69,5393.07,5293.03,5330.3,-0.43,374895157.0,2024-10-30
5330.3,5365.49,5273.51,5304.27,-0.48,202201397.6,2024-11-05
5304.27,5386.15,5279.28,5343.24,0.73,388148517.5,2024-11-06
5344.3,5496.02,5338.85,5488.43,2.71,542839875.2,2024-11-10
5488.43,5582.24,5444.4,5482.5,-0.1,576238119.7,2024-11-11
5478.35,5556.37,5440.42,5465.36,-0.31,496089982.1,2024-11-12
5491.53,5555.74,5437.34,5542.98,1.42,862449622.5,2024-11-13
5545.08,5673.14,5543.2,5610.47,1.21,817326373.9,2024-11-14
5627.42,5710.55,5619.69,5645.29,0.62,786272606.0,2024-11-17
5649.84,5670.68,5490.87,5515.7,-2.29,728164839.6,2024-11-19
5518.3,5706.73,5460.3,5702.24,3.38,982836860.3,2024-11-20
5706.62,5765.55,5594.54,5618.19,-1.47,878083202.0,2024-11-21
5619.02,5641.15,5500.33,5526.19,-1.63,544305331.5,2024-11-24
5524.79,5629.31,5507.48,5593.16,1.21,547409544.3,2024-11-25
5642.11,5642.11,5580.45,5621.07,0.49,619699182.3,2024-11-26
5623.15,5825.35,5618.07,5800.01,3.18,1237703466.8,2024-11-27
5803.33,6065.96,5782.31,5861.12,1.05,1763862446.5,2024-11-28
5846.63,6136.15,5732.29,6126.27,4.52,2171371408.42,2024-12-01
6132.57,6301.21,6008.01,6020.45,-1.72,1906784598.5,2024-12-02
6019.46,6102.38,5924.44,5997.63,-0.37,874032410.7,2024-12-03
6050.18,6051.03,5860.89,5881.18,-1.94,753562224.1,2024-12-04
5869.46,5920.41,5793.36,5817.21,-1.08,795180717.8,2024-12-05
5808.33,5935.79,5731.11,5756.19,-1.04,903087757.6,2024-12-08
5740.61,5831.65,5699.02,5716.68,-0.68,500405028.9,2024-12-09
5721.39,5780.18,5667.82,5686.67,-0.52,366337332.02,2024-12-10
5688.11,5779.43,5675.64,5779.43,1.63,437236134.2,2024-12-11
5774.61,5821.56,5650.4,5689.56,-1.55,516135987.0,2024-12-12
5690.92,5693.04,5548.9,5573.73,-2.03,560336776.6,2024-12-16
5564.63,5576.5,5496.34,5537.17,-0.65,456223889.1,2024-12-17
5537.08,5574.06,5496.87,5528.15,-0.16,414484151.5,2024-12-18
5528.15,5543.6,5418.25,5458.59,-1.25,503855782.4,2024-12-19
5458.4,5462.03,5317.69,5346.33,-2.05,315283954.08,2024-12-22
5342.44,5410.15,5324.05,5407.9,1.15,344082991.4,2024-12-23
5423.99,5583.58,5403.84,5503.08,1.75,514045409.4,2024-12-24
5488.89,5488.89,5338.33,5366.11,-2.48,520446335.0,2024-12-26
5356.92,5359.43,5215.96,5223.76,-2.65,472884094.5,2024-12-29
5207.02,5213.06,5010.16,5078.65,-2.77,415414101.4,2024-12-31
5085.68,5193.24,5083.5,5164.35,1.68,316692378.3,2025-01-01
5148.04,5308.87,5141.55,5288.58,2.4,487828232.5,2025-01-02
5303.24,5365.62,5281.63,5289.77,0.02,385273941.1,2025-01-05
5300.29,5421.71,5288.5,5420.23,2.46,407335117.8,2025-01-06
5428.85,5512.58,5423.32,5463.99,0.8,557222138.1,2025-01-07
5484.32,5612.83,5479.36,5602.57,2.53,695980891.9,2025-01-08
5618.98,5639.31,5477.19,5488.09,-2.04,910386541.8,2025-01-09
5492.4,5516.5,5357.08,5399.98,-1.6,484347629.3,2025-01-12
5391.13,5419.63,5337.41,5368.58,-0.58,557212315.2,2025-01-13
5383.58,5486.01,5380.68,5426.72,1.08,526235302.2,2025-01-15
5455.93,5477.92,5351.03,5378.55,-0.88,532884017.3,2025-01-16
5384.94,5392.26,5318.64,5389.56,0.2,477196706.8,2025-01-19
5374.98,5404.54,5321.63,5357.1,-0.6,435317315.0,2025-01-20
5363.08,5380.04,5320.41,5367.78,0.19,607338939.1,2025-01-21
5353.42,5526.54,5333.56,5515.08,2.74,817611342.5,2025-01-22
5549.87,5594.61,5490.7,5560.96,0.83,1023867359.0,2025-01-23
5556.59,5612.47,5509.55,5594.21,0.59,1140008585.0,2025-01-26
5589.82,5634.74,5540.95,5634.74,0.72,1044766487.4,2025-01-27
5622.23,5865.2,5603.25,5864.52,4.07,1376817710.4,2025-01-28
5852.25,6049.27,5800.17,6049.27,3.15,1521226900.8,2025-02-02
6024.79,6069.86,5916.83,6025.5,-0.39,1372430795.2,2025-02-03
6004.17,6004.17,5847.17,5868.63,-2.6,602981018.7,2025-02-04
5850.64,5850.64,5766.23,5814.99,-0.91,694455806.8,2025-02-05
5808.73,5818.08,5699.28,5725.44,-1.53,807144328.2,2025-02-06
5712.61,5768.37,5637.46,5647.76,-1.35,647669556.0,2025-02-09
5645.97,5709.39,5603.22,5635.84,-0.21,641673735.6,2025-02-10
5633.79,5769.93,5630.86,5769.93,2.37,808356768.7,2025-02-11
5778.97,5890.07,5773.72,5847.2,1.33,1021027216.0,2025-02-12
5839.71,5879.83,5764.39,5791.45,-0.95,790443362.3,2025-02-13
5792.89,5799.05,5715.78,5796.56,0.08,733037793.4,2025-02-16
5799.62,5820.57,5754.72,5816.06,0.33,777760910.2,2025-02-17
5802.64,5808.59,5690.0,5714.33,-1.74,808278872.9,2025-02-18
5720.22,5722.64,5644.78,5684.31,-0.52,550328421.7,2025-02-20
5656.54,5683.45,5540.68,5656.91,-0.48,585612683.5,2025-02-23
5635.91,5738.55,5635.72,5651.48,-0.09,736882019.62,2025-02-24
5636.72,5709.88,5609.27,5644.24,-0.12,551656948.2,2025-02-25
5680.77,5769.71,5666.17,5731.07,1.53,741809768.1,2025-02-27
5743.07,5956.13,5739.59,5953.95,3.88,1252435490.2,2025-03-02
5967.74,6023.04,5861.9,5903.88,-0.84,912151312.0,2025-03-03
5864.85,5982.0,5852.89,5880.72,-0.39,1252273586.3,2025-03-04
5872.03,5885.83,5754.97,5803.46,-1.31,845727974.4,2025-03-05
5799.57,5917.2,5781.51,5911.61,1.86,1016370462.8,2025-03-06
5913.75,5913.75,5780.14,5810.44,-1.71,720865812.6,2025-03-09
5805.34,5859.84,5747.8,5767.73,-0.73,613901229.22,2025-03-10
5762.0,5995.97,5745.64,5879.31,1.93,1508553338.8,2025-03-11
5882.31,5992.02,5839.82,5859.82,-0.33,994715944.1,2025-03-12
5849.23,5850.52,5692.55,5727.9,-2.25,935829328.2,2025-03-16
5722.91,5752.7,5648.07,5674.93,-0.92,628910514.8,2025-03-17
5743.48,5751.42,5632.87,5650.6,-0.42,445893155.2,2025-03-18
5632.63,5691.94,5614.38,5643.19,-0.13,676595198.6,2025-03-19
5648.71,5685.86,5602.55,5632.82,-0.18,578011899.2,2025-03-20
5637.93,5646.63,5486.13,5502.95,-2.3,848425632.4,2025-03-23
5486.08,5584.82,5436.22,5542.49,0.71,475197056.5,2025-03-24
5537.75,5537.75,5357.48,5376.37,-2.99,608628718.1,2025-03-25
5368.48,5464.25,5335.9,5440.43,1.19,347544570.2,2025-03-26
5434.05,5506.3,5401.05,5500.75,1.1,626882496.1,2025-03-27
5494.19,5614.62,5466.05,5546.24,0.82,552795471.6,2025-03-30
5541.1,5570.07,5482.8,5493.41,-0.95,470113007.2,2025-04-01
5490.74,5550.79,5476.82,5510.09,0.3,403877231.5,2025-04-02
5491.8,5568.24,5475.01,5500.5,-0.17,426823231.3,2025-04-03
5497.78,5528.83,5426.56,5439.03,-1.11,393060783.8,2025-04-07
5432.88,5445.12,5376.71,5430.24,-0.16,473896315.8,2025-04-08
5419.32,5489.72,5402.12,5446.44,0.29,234794808.6,2025-04-09
5428.72,5464.29,5423.45,5448.4,0.03,490047332.6,2025-04-10
5432.41,5460.31,5397.76,5406.01,-0.77,594866818.2,2025-04-13
5412.62,5567.42,5402.86,5539.26,2.46,575251758.3,2025-04-15
5535.76,5611.59,5531.99,5601.15,1.11,596114291.9,2025-04-16
5611.88,5695.34,5605.08,5677.32,1.35,657552345.0,2025-04-17
5686.9,5690.19,5577.2,5631.95,-0.79,682236263.7,2025-04-20
5610.05,5660.9,5565.57,5656.61,0.43,687826416.0,2025-04-21
5644.71,5663.49,5555.82,5565.47,-1.61,373175446.6,2025-04-22
5548.74,5548.74,5442.99,5448.76,-2.09,541082005.0,2025-04-23
5433.3,5472.32,5396.11,5407.29,-0.76,446691999.0,2025-04-24
5400.65,5448.41,5364.03,5405.8,-0.02,545640930.3,2025-04-27
5387.95,5423.14,5358.83,5390.54,-0.28,467671819.8,2025-04-28
5380.72,5383.75,5311.01,5341.88,-0.9,470525544.9,2025-04-29
5335.66,5357.75,5272.65,5285.23,-1.06,360064377.9,2025-04-30
5285.23,5322.31,5257.33,5288.46,0.06,472554959.8,2025-05-04
5273.1,5290.23,5225.67,5248.1,-0.76,385401268.2,2025-05-05
5224.33,5265.44,5190.58,5221.37,-0.5,354013267.7,2025-05-06
5215.48,5372.17,5159.1,5346.88,2.4,381266393.4,2025-05-07
5335.77,5356.41,5286.75,5316.65,-0.56,317313729.8,2025-05-08
5314.44,5407.03,5296.67,5376.04,1.11,541645378.9,2025-05-11
5382.48,5512.72,5377.24,5423.39,0.88,769098005.3,2025-05-13
5427.46,5581.0,5400.68,5488.44,1.19,946385156.1,2025-05-14
5486.01,5489.77,5349.16,5371.57,-2.12,564454533.5,2025-05-15
5371.57,5380.59,5242.89,5252.24,-2.22,567382804.3,2025-05-18
5248.44,5365.2,5243.96,5351.34,1.88,433824286.1,2025-05-19
5347.22,5524.66,5343.91,5509.22,2.95,551228312.1,2025-05-20
5594.52,5765.29,5511.41,5517.41,0.14,965557282.4,2025-05-21
5523.58,5591.98,5490.35,5504.36,-0.23,647930574.7,2025-05-22
5493.74,5512.15,5396.42,5423.49,-1.46,411797191.3,2025-05-25
5497.93,5582.61,5403.25,5408.77,-0.27,442107377.4,2025-05-26
5410.03,5520.23,5379.16,5498.66,1.66,629689417.3,2025-05-27
5497.96,5584.73,5497.96,5569.95,1.29,581158136.5,2025-05-28
5598.61,5636.89,5529.26,5586.59,0.29,582484620.65,2025-06-02
5579.36,5585.39,5484.54,5522.47,-1.14,448765797.2,2025-06-03
5524.59,5532.44,5470.33,5482.94,-0.71,375068508.8,2025-06-04
5486.18,5535.23,5460.32,5467.21,-0.28,604622408.6,2025-06-05
5460.09,5491.49,5429.4,5463.73,-0.06,565884301.7,2025-06-08
5456.1,5493.8,5425.07,5473.3,0.17,539697555.0,2025-06-09
5476.71,5539.08,5476.71,5512.63,0.71,361034374.3,2025-06-10
5496.47,5543.94,5457.03,5469.12,-0.78,491709778.3,2025-06-11
5469.12,5488.33,5413.48,5414.37,-1.0,409450896.2,2025-06-12
5412.88,5461.82,5405.36,5440.88,0.48,350019285.2,2025-06-15
5427.2,5491.65,5402.15,5456.75,0.29,425846198.4,2025-06-16
5444.6,5471.17,5401.44,5445.48,-0.2,231505501.1,2025-06-17
5437.84,5437.84,5368.77,5377.19,-1.25,388089504.2,2025-06-18
5374.34,5386.43,5307.38,5316.93,-1.12,401864873.2,2025-06-19
5308.4,5354.95,5257.84,5270.04,-0.88,409732439.9,2025-06-22
5276.04,5333.32,5237.45,5264.85,-0.09,225439083.3,2025-06-23
5264.85,5316.94,5237.91,5242.6,-0.42,260307176.7,2025-06-24
5250.29,5263.48,5228.59,5243.93,0.02,172112470.5,2025-06-25
5243.93,5308.6,5243.86,5296.82,1.0,381140598.6,2025-06-26
5304.13,5390.94,5304.13,5382.21,1.61,458959627.0,2025-06-29
5434.83,5439.75,5375.17,5421.0,0.72,594401519.1,2025-06-30
5426.65,5496.35,5405.77,5486.66,1.21,561249401.8,2025-07-01
5501.55,5613.95,5476.2,5613.61,2.31,917328102.6,2025-07-02
5636.87,5749.85,5594.58,5681.29,1.2,1061814883.5,2025-07-03
5685.49,5694.04,5582.39,5593.87,-1.53,591888255.7,2025-07-06
5603.02,5613.52,5504.48,5548.13,-0.81,722558968.5,2025-07-07
5548.69,5594.56,5485.95,5571.25,0.41,369808347.4,2025-07-08
5568.14,5592.15,5538.69,5590.65,0.34,391176681.4,2025-07-09
5584.12,5693.41,5567.69,5653.27,1.12,852744133.0,2025-07-10
5753.85,5841.76,5697.48,5736.66,1.47,848356460.2,2025-07-13
5740.79,5747.41,5625.9,5651.24,-1.48,578488543.4,2025-07-14
5644.16,5744.64,5629.78,5720.68,1.22,531339046.9,2025-07-15
5717.63,5946.39,5711.79,5941.99,3.86,1582536659.6,2025-07-16
5948.67,6113.88,5927.59,6057.87,1.95,1342539272.0,2025-07-17
6071.89,6171.03,6004.34,6052.67,-0.08,1901623319.9,2025-07-20
6055.7,6295.96,6006.86,6138.79,1.42,2478890570.2,2025-07-21
6142.53,6367.8,6082.9,6277.61,2.26,1909125992.2,2025-07-22
6308.12,6308.12,6118.66,6219.85,-0.92,1387601081.7,2025-07-23
6226.74,6314.13,6130.01,6286.02,1.06,1855392218.15,2025-07-24
6268.2,6441.08,6241.21,6363.66,1.23,2512097279.9,2025-07-27
6377.31,6597.01,6324.16,6557.35,3.04,2987304494.95,2025-07-28
6600.37,6660.41,6482.96,6533.55,-0.36,1483709858.3,2025-07-29
6528.87,6547.46,6297.59,6319.82,-3.27,1408538677.2,2025-07-30
6331.27,6416.88,6270.09,6290.05,-0.47,1703803726.8,2025-07-31
6312.66,6312.68,6172.07,6185.22,-1.66,1205291219.3,2025-08-03
6163.93,6299.07,6099.24,6181.26,-0.06,981881990.7,2025-08-04
6177.65,6228.79,6014.76,6023.3,-2.55,743562389.3,2025-08-05
6026.33,6084.92,5981.08,5986.51,-0.61,601698010.6,2025-08-06
5981.7,6072.51,5968.24,6011.91,0.42,612429804.2,2025-08-07
6005.04,6050.18,5856.26,5873.02,-2.31,768049313.0,2025-08-11
5876.73,5891.68,5804.72,5828.38,-0.76,652943934.9,2025-08-12
5821.03,5913.82,5817.58,5849.14,0.35,440343012.1,2025-08-13
5865.38,5916.89,5843.97,5858.92,0.16,511428355.7,2025-08-14
5865.35,5946.34,5817.34,5828.59,-0.51,654922106.5,2025-08-17
5814.42,5886.93,5804.0,5846.93,0.31,437773914.3,2025-08-18
5833.73,5924.72,5831.54,5859.17,0.2,483392833.8,2025-08-19
5849.51,5895.42,5803.65,5814.57,-0.76,353841675.4,2025-08-20
5826.38,5845.72,5768.75,5776.22,-0.65,400848195.7,2025-08-21
5774.16,5811.98,5672.8,5678.37,-1.69,443832749.4,2025-08-24
5680.63,5744.02,5653.75,5732.33,0.95,299455947.8,2025-08-25
5736.85,5807.85,5736.85,5787.77,0.96,244115529.0,2025-08-26
5787.93,5998.57,5784.91,5985.05,3.4,713280884.8,2025-08-27
5978.09,6015.0,5832.16,5842.3,-2.38,714285569.8,2025-08-28
5843.36,5843.36,5740.84,5749.12,-1.59,374883333.2,2025-08-31
5763.69,5799.3,5730.21,5779.49,0.52,322507310.5,2025-09-01
5813.67,5823.86,5746.45,5756.74,-0.39,323055413.6,2025-09-02
5776.29,5787.34,5698.78,5707.51,-0.85,278900150.8,2025-09-03
5705.37,5741.24,5642.76,5685.27,-0.38,308941076.9,2025-09-04
5702.05,5732.49,5661.45,5680.36,-0.08,236955948.5,2025-09-07
5688.8,5700.69,5577.32,5601.74,-1.38,403545391.3,2025-09-08
5520.76,5521.37,5269.52,5314.06,-5.13,60855435.6,2025-09-18
5295.87,5650.98,5290.83,5636.7,6.07,708981084.2,2025-09-21
5648.74,5830.56,5645.31,5803.22,2.95,557164140.8,2025-09-23
5810.97,5850.89,5706.12,5737.29,-1.13,433749977.2,2025-09-24
5733.07,5758.59,5673.06,5712.03,-0.44,298238223.0,2025-09-25
5713.05,5743.81,5701.61,5740.1,0.49,187816022.9,2025-09-28
5739.46,5747.69,5577.84,5603.35,-2.38,296252141.0,2025-10-07
5618.68,5618.68,5424.31,5475.46,-2.28,458191281.2,2025-10-08
5541.72,5766.8,5505.33,5534.73,1.08,514402271.6,2025-10-09
5532.64,5535.02,5311.59,5372.26,-2.93,565874638.0,2025-10-12
5373.22,5448.2,5306.63,5448.2,1.41,358078100.0,2025-10-13
5439.07,5463.01,5350.42,5393.48,-1.0,195558476.7,2025-10-14
5390.14,5397.19,5304.96,5331.92,-1.14,212421403.6,2025-10-15
5336.1,5354.78,5252.14,5270.31,-1.15,421120328.7,2025-10-16
5253.84,5298.0,5213.3,5258.87,-0.21,142250258.9,2025-10-19
5236.41,5248.26,5164.85,5243.41,-0.29,164457795.7,2025-10-26
5241.35,5491.46,5231.06,5478.05,4.47,320042611.8,2025-10-28
5473.88,5563.09,5406.74,5427.81,-0.91,378609848.9,2025-10-29
5425.69,5506.36,5382.96,5494.68,1.23,274506310.8,2025-10-30
5492.52,5582.93,5474.97,5544.31,0.9,391758525.6,2025-11-02
5549.86,5623.81,5515.55,5550.94,0.11,381839047.6,2025-11-03
5536.38,5556.49,5456.06,5469.34,-1.47,203659075.9,2025-11-04
5455.28,5483.51,5420.09,5472.64,0.06,210699050.0,2025-11-05
5477.35,5496.87,5406.54,5442.87,-0.54,221779997.8,2025-11-06
5457.46,5473.75,5332.16,5344.26,-1.81,267744488.3,2025-11-09
5332.74,5367.43,5280.83,5310.47,-0.63,144310471.8,2025-11-10
5296.56,5313.43,5244.42,5285.28,-0.47,183425144.2,2025-11-11
5280.23,5303.4,5247.54,5269.03,-0.3,130886611.3,2025-11-12
5248.78,5299.1,5225.12,5264.35,-0.08,155036333.9,2025-11-13
5256.84,5266.71,5220.71,5236.74,-0.52,91460005.1,2025-11-16
5229.46,5336.55,5213.82,5315.63,1.5,276491517.8,2025-11-17
5308.23,5415.83,5299.84,5382.36,1.25,303952088.2,2025-11-18
5374.84,5406.82,5303.3,5323.5,-1.09,209849004.2,2025-11-19
5304.87,5323.68,5259.32,5318.72,-0.08,412094335.2,2025-11-20
5318.36,5417.57,5301.5,5417.0,1.84,329156507.3,2025-11-23
5401.01,5485.71,5398.09,5483.05,1.21,329426585.4,2025-11-24
5480.23,5482.76,5433.22,5469.65,-0.24,216098726.1,2025-11-25
5455.41,5495.34,5433.23,5476.76,0.12,261886517.8,2025-11-26
5462.7,5491.09,5456.22,5486.13,0.17,304455188.2,2025-11-27
5475.68,5510.78,5418.33,5425.91,-1.09,289119266.0,2025-11-30
5413.32,5449.33,5404.54,5440.3,0.26,298181887.7,2025-12-01
5419.58,5483.11,5411.3,5450.02,0.17,300148713.7,2025-12-02
5439.55,5459.35,5392.44,5413.62,-0.66,229956591.8,2025-12-03
5395.31,5427.09,5347.46,5362.84,-0.93,233979849.1,2025-12-07
5355.2,5390.76,5335.45,5356.52,-0.11,253315208.1,2025-12-08
5357.65,5392.13,5338.62,5373.18,0.31,238990891.3,2025-12-09
5350.15,5389.3,5339.21,5357.23,-0.29,163525764.6,2025-12-10
5348.54,5371.49,5328.33,5346.66,-0.19,140920731.7,2025-12-11
5331.11,5356.2,5304.65,5328.07,-0.34,158691977.3,2025-12-14
5319.2,5357.73,5295.86,5345.99,0.33,198487155.3,2025-12-15
5338.35,5429.91,5326.49,5429.91,1.56,271998934.0,2025-12-16
5427.94,5499.47,5411.35,5468.56,0.71,299371405.8,2025-12-17
5443.15,5475.68,5423.87,5461.51,-0.12,345522396.5,2025-12-18
5443.95,5446.37,5359.74,5383.91,-1.42,393918558.3,2025-12-21
5370.94,5375.8,5325.36,5363.69,-0.37,243712831.7,2025-12-22
5353.79,5366.33,5329.12,5354.74,-0.16,167376264.8,2025-12-23
5349.94,5363.52,5301.94,5308.77,-0.85,206995496.5,2025-12-24
5294.71,5430.33,5294.71,5430.33,2.28,224930825.6,2025-12-28
5445.33,5497.53,5438.91,5466.97,0.67,431271155.5,2025-12-29
5457.32,5527.88,5439.37,5491.68,0.45,318620011.4,2025-12-31
5486.53,5499.28,5438.85,5465.73,-0.47,243453473.5,2026-01-01
5456.89,5456.89,5405.84,5421.57,-0.8,238545993.2,2026-01-04
5405.51,5574.43,5404.69,5567.95,2.7,434067791.1,2026-01-05
5564.25,5632.95,5554.58,5612.37,0.79,453715531.1,2026-01-06
5608.43,5621.1,5540.24,5564.95,-0.84,281998486.1,2026-01-07
5564.95,5575.07,5523.61,5575.07,0.18,237745821.4,2026-01-08
5580.62,5608.42,5550.24,5576.54,0.02,377684665.2,2026-01-12
5572.55,5611.6,5561.67,5576.95,0.0,350506094.3,2026-01-13
5555.52,5618.54,5549.91,5577.85,0.01,447126132.1,2026-01-14
5572.93,5747.37,5559.04,5747.37,3.03,702418771.3,2026-01-18
5750.49,5879.47,5738.21,5831.09,1.45,799584461.3,2026-01-20
5816.35,5870.14,5744.08,5796.46,-0.59,521698234.4,2026-01-21
5778.12,5896.46,5739.67,5884.12,1.51,566929072.7,2026-01-22
5867.67,5987.5,5840.97,5983.21,1.68,895156615.6,2026-01-25
5985.69,6001.57,5894.63,5979.42,-0.06,1241181674.0,2026-01-26
5981.87,6050.2,5841.42,5919.44,-1.0,1194924299.7,2026-01-27
5934.18,5942.68,5846.09,5928.59,0.15,664911524.3,2026-01-28
5913.16,5921.63,5792.92,5796.25,-2.23,962818962.4,2026-01-29
5791.74,5791.74,5709.73,5752.7,-0.75,576775956.8,2026-02-01
5746.91,5807.89,5732.4,5794.56,0.72,530996607.9,2026-02-02
5798.9,5811.3,5724.68,5758.83,-0.61,602557256.4,2026-02-03
5760.22,5802.58,5712.35,5764.9,0.1,392701742.8,2026-02-04
5750.53,5825.48,5709.89,5818.69,0.93,471124637.4,2026-02-05
5808.12,5841.37,5747.2,5764.6,-0.92,356994298.2,2026-02-08
5739.82,5786.62,5665.88,5685.52,-1.37,600240046.6,2026-02-09
5681.44,5714.53,5606.69,5619.84,-1.15,387392042.0,2026-02-10
5629.06,5717.27,5613.37,5629.97,0.18,270353164.3,2026-02-11
5634.72,5737.2,5619.15,5696.77,1.18,493178260.3,2026-02-12
5688.27,5722.01,5655.51,5670.1,-0.46,204659257.9,2026-02-16
5669.82,5682.53,5589.42,5602.74,-1.18,307732070.4,2026-02-17
5598.12,5598.12,5517.55,5523.64,-1.41,240232085.1,2026-02-22
5527.5,5573.88,5504.38,5573.88,0.9,331816018.9,2026-02-23
5569.05,5641.02,5559.1,5636.17,1.11,120616645.0,2026-02-24
5635.25,5684.29,5624.13,5648.16,0.21,193484099.7,2026-02-25
5669.37,5678.76,5630.64,5655.54,0.13,199999074.8,2026-02-26
5669.48,5710.41,5604.92,5699.34,0.77,203121071.7,2026-03-01
5697.5,5801.37,5674.13,5790.39,1.59,226515643.8,2026-03-03
5874.59,6133.13,5874.59,6133.13,5.91,52555453.0,2026-03-09
6188.85,6191.65,5961.17,6061.57,-1.16,887925724.0,2026-03-10
6078.16,6110.35,5948.87,5963.83,-1.61,493867168.1,2026-03-11
5963.25,6050.51,5916.97,6040.19,1.28,493560905.7,2026-03-12
6066.22,6102.77,6031.21,6085.48,0.74,526053094.6,2026-03-15
6104.13,6122.66,6013.31,6034.01,-0.84,465695923.8,2026-03-16
6034.66,6078.7,6020.61,6072.71,0.64,455957353.7,2026-03-17
6076.08,6341.42,6063.53,6312.93,3.95,1231982918.5,2026-03-19
6344.05,6468.83,6344.03,6468.7,2.46,1468468288.5,2026-03-22
6466.01,6470.38,6341.48,6436.33,-0.5,1116155145.5,2026-03-23
6436.33,6527.36,6405.35,6525.43,1.38,1021358494.8,2026-03-24
6526.7,6533.58,6363.37,6373.53,-2.32,1003174182.3,2026-03-25
6343.65,6391.86,6282.36,6369.68,-0.06,819866151.0,2026-03-26
6360.45,6360.45,6175.57,6186.91,-2.86,830485362.4,2026-03-29
6181.84,6231.21,6060.7,6109.69,-1.24,821561784.9,2026-03-30
6087.07,6189.69,5993.89,6165.15,0.9,686715924.8,2026-03-31
6172.34,6172.34,5927.47,5968.73,-3.18,517749417.7,2026-04-01
5968.1,6043.96,5859.38,5997.67,0.48,474484597.3,2026-04-02
5992.09,5992.09,5724.01,5738.12,-4.32,588123574.7,2026-04-05
5734.79,5974.53,5690.58,5946.5,3.63,525932220.8,2026-04-06
5942.42,5989.11,5871.29,5909.18,-0.62,289078500.9,2026-04-07
5908.88,6027.51,5905.17,6026.71,1.98,313748028.3,2026-04-08
6023.73,6089.07,5968.31,6074.02,0.78,487221738.5,2026-04-09
6082.9,6083.99,5974.92,6033.17,-0.67,406248770.1,2026-04-10
6040.51,6051.61,5993.04,5999.85,-0.55,307687563.7,2026-04-13
5999.85,6094.61,5993.37,6091.7,1.53,415016746.8,2026-04-15
6088.38,6088.38,6001.47,6020.95,-1.16,478089321.7,2026-04-16
6023.2,6038.8,5950.45,5998.07,-0.38,341755355.5,2026-04-17
6035.39,6035.79,5957.06,5988.41,-0.16,263344572.2,2026-04-20
5962.36,6035.17,5943.14,5988.35,0.0,427146071.4,2026-04-21
5985.8,6020.73,5900.44,5971.63,-0.27,541470886.6,2026-04-22
5955.99,6001.92,5911.4,5966.55,-0.08,287511680.6,2026-04-23
5983.37,5983.37,5888.4,5980.07,0.22,287511680.6,2026-04-24
5967.16,6054.31,5934.12,6048.34,1.14,442211369.6,2026-04-27
6004.42,6111.16,5972.59,5974.06,-1.22,639308777.5,2026-04-28
5996.1,6021.22,5895.13,5982.43,0.14,551748396.3,2026-04-29
5965.0,5975.76,5856.13,5953.49,-0.48,377029569.0,2026-04-30
5951.06,5951.06,5805.85,5825.92,-2.14,294907919.4,2026-05-04
5840.2,5856.83,5740.07,5823.02,-0.04,200905683.4,2026-05-05
5823.02,5846.42,5776.39,5792.8,-0.51,250501970.5,2026-05-06
5792.8,5809.86,5760.99,5809.86,0.29,121764481.1,2026-05-07
5826.92,5865.74,5791.59,5864.09,0.93,120161686.0,2026-05-08
5865.92,5949.82,5865.77,5944.1,1.36,180329480.5,2026-05-11
5935.15,5965.7,5850.72,5862.14,-1.37,200426550.6,2026-05-12
5862.14,5866.11,5804.97,5850.75,-0.19,122094465.1,2026-05-13
5850.75,5857.44,5794.46,5819.4,-0.53,124019093.7,2026-05-14
5836.6,5858.44,5804.19,5816.89,-0.04,146474617.2,2026-05-15
5795.94,5849.18,5791.38,5818.87,0.03,162273836.1,2026-05-18
5796.5,5864.23,5786.05,5864.23,0.77,199101928.8,2026-05-19
5863.67,5961.39,5837.93,5890.28,0.44,321622962.8,2026-05-20
5847.47,5916.38,5847.47,5871.92,-0.31,183195088.1,2026-05-21
5898.18,5910.43,5848.0,5895.2,0.39,214666081.5,2026-05-22
5865.79,5954.24,5861.14,5936.44,0.69,205706113.3,2026-05-25
5970.33,6003.58,5883.88,5907.44,-0.48,221071741.0,2026-05-26
5940.4,5940.4,5867.18,5915.63,0.13,242882642.2,2026-05-27
5916.43,5968.89,5840.55,5867.31,-0.81,149460892.8,2026-06-01
5872.96,5914.14,5837.41,5902.23,0.59,188226759.7,2026-06-02
5938.01,5958.81,5889.25,5941.52,0.66,276873662.8,2026-06-03
5945.01,5950.81,5901.07,5915.14,-0.44,282634554.0,2026-06-04
5920.63,5951.29,5895.79,5905.4,-0.16,213534410.6,2026-06-05
5893.65,5901.62,5834.98,5847.31,-0.98,205075550.3,2026-06-08
5856.61,5856.61,5754.03,5843.53,-0.06,311275981.8,2026-06-09
5833.2,5867.98,5796.85,5855.97,0.21,374641091.5,2026-06-10
5861.73,5861.73,5798.64,5826.01,-0.51,264037339.8,2026-06-11
5844.09,5867.53,5784.25,5818.32,-0.13,222675474.9,2026-06-12
5807.12,5815.52,5769.39,5786.48,-0.54,168859748.8,2026-06-15
5804.6,5810.73,5740.92,5762.13,-0.42,223574621.0,2026-06-16
5731.12,5787.05,5707.39,5762.59,0.0,121470403.7,2026-06-17
5749.42,5772.57,5722.61,5730.13,-0.56,100836627.9,2026-06-18
5727.76,5749.82,5705.03,5722.61,-0.13,130518316.0,2026-06-19
5714.84,5747.3,5703.46,5718.59,-0.07,131360669.3,2026-06-22
5697.21,5714.75,5674.3,5693.68,-0.43,157236624.4,2026-06-23
5696.97,5711.41,5604.16,5661.12,-0.57,262008837.9,2026-06-24
5653.28,5670.69,5621.21,5652.55,-0.15,259376963.6,2026-06-25
5642.44,5663.25,5612.04,5636.85,-0.27,241232374.7,2026-06-26
5632.58,5646.0,5575.77,5592.14,-0.79,120420592.3,2026-06-29
5579.64,5609.97,5549.4,5591.27,-0.01,164473118.5,2026-06-30
5581.33,5705.39,5550.63,5655.9,1.15,222772297.3,2026-07-01
5672.94,5698.66,5608.02,5649.54,-0.11,121340190.7,2026-07-02
5670.3,5677.27,5630.39,5649.83,0.0,122058905.4,2026-07-03
5609.16,5662.42,5574.5,5632.62,-0.3,148026529.2,2026-07-06
5567.7,5696.43,5544.7,5689.36,1.0,270103013.7,2026-07-07
5677.25,5677.25,5570.31,5606.14,-1.46,139671771.1,2026-07-08
5594.97,5594.97,5521.63,5543.87,-1.11,181277186.2,2026-07-09
5536.8,5624.16,5504.21,5522.03,-0.39,228800603.7,2026-07-10
5524.47,5561.56,5460.82,5475.84,-0.83,244799223.7,2026-07-13
5443.72,5518.18,5429.73,5492.16,0.29,285693647.2,2026-07-14
5503.12,5570.78,5486.5,5567.73,1.37,214561712.4,2026-07-15
5622.25,5622.25,5501.62,5572.23,0.08,259806756.1,2026-07-16
5569.14,5694.15,5545.03,5694.15,2.18,296991852.1,2026-07-17
5689.33,5778.86,5662.26,5778.86,1.48,500572441.8,2026-07-20
5782.51,5805.96,5710.5,5755.69,-0.4,410322393.1,2026-07-21
5726.63,5757.86,5707.85,5741.82,-0.24,307200611.0,2026-07-22
5718.5,5786.78,5694.67,5784.67,0.74,311269726.3,2026-07-23
5759.12,5847.66,5750.97,5840.76,0.96,508298135.3,2026-07-24
5775.05,5850.08,5712.95,5733.96,-1.82,368679000.1,2026-07-27
5696.36,5740.67,5677.44,5722.99,-0.19,246670617.9,2026-07-28
5727.32,5734.09,5688.92,5713.21,-0.17,361841036.9,2026-07-29
5718.21,5718.21,5631.54,5648.79,-1.12,313934293.3,2026-07-30
5635.85,5687.85,5607.5,5676.15,0.48,297018509.7,2026-07-31
5674.05,5715.6,5651.64,5689.48,0.23,428270408.0,2026-08-03
5681.96,5681.96,5633.1,5660.79,-0.5,292447458.7,2026-08-04
5666.32,5675.69,5618.56,5632.33,-0.5,264377630.3,2026-08-05
5622.32,5639.58,5593.31,5610.56,-0.38,316082963.4,2026-08-06
5613.49,5616.44,5577.71,5598.39,-0.21,162331012.6,2026-08-07
5596.78,5624.02,5573.46,5591.18,-0.12,305062449.2,2026-08-10
5580.21,5613.34,5567.66,5585.4,-0.1,200823475.5,2026-08-11
5565.36,5597.85,5540.69,5572.73,-0.22,165776981.9,2026-08-12
5577.21,5602.51,5549.06,5602.35,0.53,133293437.3,2026-08-13
5589.95,5610.24,5565.92,5583.79,-0.33,152013946.7,2026-08-14
5579.57,5589.52,5538.62,5567.07,-0.29,203674094.8,2026-08-17
5565.86,5573.59,5521.33,5533.91,-0.59,235674851.3,2026-08-18
5525.48,5543.21,5502.67,5532.51,-0.02,132917324.8,2026-08-19
5526.38,5531.84,5492.27,5511.85,-0.37,177800252.6,2026-08-20
5504.24,5517.92,5466.52,5481.67,-0.54,155765568.7,2026-08-21
5479.22,5506.57,5442.1,5455.56,-0.47,213271790.9,2026-08-24
5475.27,5480.21,5429.39,5460.40,0.08,158255901.90,2026-08-25
5461.01,5461.01,5384.72,5414.46,-0.84,260047959.50,2026-08-26
5411.71,5447.83,5327.81,5438.37,0.44,119566326.10,2026-08-27
