date,open,high,low,ltp,percent_change,qty,turnover
2023-05-09,374.0,379.0,367.6,367.6,-1.16,987,367924.0
2023-05-08,372.1,374.9,365.0,371.9,-1.59,4856,1793062.3
2023-05-07,376.0,378.0,373.0,377.9,-0.5,1719,646353.3
2023-05-04,370.1,380.4,370.0,379.8,1.82,5488,2066270.6
2023-05-03,373.0,377.0,372.4,373.0,-1.82,3533,1318861.0
2023-05-02,373.1,380.0,372.0,379.9,0.26,5935,2227490.5
2023-04-30,375.1,378.9,375.1,378.9,-0.94,2662,1000780.9
2023-04-27,377.3,382.5,375.0,382.5,0.13,3690,1391984.8
2023-04-26,394.9,395.9,382.0,382.0,-2.05,3250,1254706.7
2023-04-25,390.9,390.9,385.0,390.0,0.96,567,219735.0
2023-04-24,382.1,392.0,382.1,386.3,-0.9,1320,507979.0
2023-04-23,383.1,389.8,381.0,389.8,-0.05,1746,668685.8
2023-04-20,390.0,395.0,390.0,390.0,-1.52,88,34370.0
2023-04-19,389.0,396.0,389.0,396.0,1.56,1459,571092.6
2023-04-18,388.0,399.7,380.0,389.9,-1.29,2353,914487.9
2023-04-17,393.0,395.0,390.0,395.0,-1.25,1208,473100.6
2023-04-16,400.0,402.7,395.0,400.0,0.25,1089,433482.0
2023-04-13,402.0,413.9,398.0,399.0,-2.16,3243,1304910.0
2023-04-12,393.7,407.8,393.0,407.8,5.65,9075,3618462.5
2023-04-11,381.0,386.0,373.4,386.0,1.31,1720,650628.1
2023-04-10,380.0,382.0,375.0,381.0,0.82,3011,1138534.5
2023-04-09,380.1,381.1,375.2,377.9,-1.84,2773,1046302.6
2023-04-06,386.0,390.0,380.1,385.0,-1.28,5166,1975505.4
2023-04-05,390.0,390.0,385.3,390.0,-0.48,3397,1319313.5
2023-04-04,381.0,392.0,381.0,391.9,1.01,3415,1322283.5
2023-04-03,386.2,393.0,380.3,388.0,-1.52,1151,442074.3
2023-04-02,400.0,403.9,389.0,394.0,-1.25,11646,4623821.8
2023-03-30,406.0,406.9,395.0,399.0,0.0,14390,5759569.8
2023-03-29,395.0,409.0,393.0,399.0,0.58,5838,2329037.6
2023-03-28,394.1,403.0,388.2,396.7,0.69,5718,2263132.0
2023-03-27,385.0,395.0,379.1,394.0,2.07,8852,3381835.0
2023-03-26,380.0,393.4,380.0,386.0,-0.28,526,203031.0
2023-03-23,390.0,395.0,384.1,387.1,-0.79,5266,2053368.2
2023-03-22,403.0,404.0,390.2,390.2,-2.45,2769,1090808.0
2023-03-20,400.0,400.0,395.0,400.0,0.25,8151,3229208.0
2023-03-19,402.0,402.0,395.0,399.0,-0.42,3302,1309272.7
2023-03-16,405.0,415.0,400.2,414.0,2.25,12183,4943144.6
2023-03-15,405.0,408.0,400.2,404.9,0.47,7110,2862138.4
2023-03-14,402.1,408.0,400.0,403.0,-1.23,4333,1747336.0
2023-03-13,406.1,409.0,401.0,408.0,-0.27,6501,2622034.2
2023-03-12,421.0,421.0,409.1,409.1,-2.83,3827,1578999.2
2023-03-09,410.0,425.3,404.0,421.0,4.21,13302,5523790.0
2023-03-07,411.9,411.9,396.9,404.0,0.0,2161,872285.0
2023-03-05,405.0,406.0,398.1,404.0,-0.49,8024,3216955.6
2023-03-02,410.0,410.0,403.1,406.0,-1.22,6516,2645366.7
2023-03-01,414.6,422.8,411.0,411.0,-2.84,6101,2519193.0
2023-02-28,421.4,424.0,414.1,423.0,-1.63,9417,3950147.5
2023-02-27,435.0,435.0,409.0,430.0,0.0,28884,12084954.3
2023-02-26,418.4,434.5,407.0,430.0,0.73,21121,8758942.4
2023-02-23,431.0,431.0,418.0,426.9,-2.53,17536,7384321.0
2023-02-22,425.1,438.0,418.0,438.0,4.53,10035,4301384.2
2023-02-20,421.7,427.7,416.0,419.0,-2.1,10320,4319160.8
2023-02-16,432.0,445.0,418.0,428.0,-2.73,16434,6973837.7
2023-02-15,456.0,456.0,433.8,440.0,-2.0,12676,5560457.0
2023-02-14,446.0,458.0,442.0,449.0,-1.32,7995,3581006.3
2023-02-12,463.5,466.0,449.0,455.0,-3.79,23913,10899011.5
2023-02-09,465.0,479.0,461.1,472.9,0.19,22756,10610600.8
2023-02-08,484.0,489.0,472.0,472.0,-2.28,45319,21726442.4
2023-02-07,441.3,483.0,441.3,483.0,8.54,24975,11612889.6
2023-02-06,455.9,455.9,440.1,445.0,-0.45,9251,4086493.5
2023-02-05,456.4,456.4,438.4,447.0,-0.11,17811,7946910.5
2023-02-02,457.0,457.0,439.3,447.5,-0.33,15894,7065676.0
2023-02-01,450.0,459.0,449.0,449.0,-0.22,11439,5192939.0
2023-01-31,465.0,465.0,450.0,450.0,-1.32,17399,7918683.0
2023-01-30,484.8,485.0,455.0,456.0,-5.0,23117,10691790.0
2023-01-29,480.0,485.0,472.0,480.0,0.21,33920,16249141.3
2023-01-26,484.9,489.0,475.6,479.0,-0.19,19750,9514638.5
2023-01-25,478.0,484.9,467.3,479.9,2.13,15521,7399316.5
2023-01-24,470.0,474.0,445.0,469.9,0.19,30158,13811771.1
2023-01-23,474.1,487.4,469.0,469.0,-1.88,15041,7193770.6
2023-01-19,477.0,486.5,474.6,478.0,-0.62,16396,7881636.9
2023-01-18,488.0,498.0,473.1,481.0,-1.62,39805,19188353.3
2023-01-17,474.0,492.0,466.0,488.9,2.93,35913,17262719.8
2023-01-12,491.6,496.9,470.0,475.0,-1.45,91108,43980379.2
2023-01-10,510.0,520.0,481.0,482.0,-4.93,45366,22636372.5
2023-01-09,495.0,510.0,486.0,507.0,3.68,75428,37891479.0
2023-01-08,479.0,499.0,456.1,489.0,3.38,117018,56146514.1
2023-01-05,478.3,478.3,451.0,473.0,0.85,29731,13792816.3
2023-01-04,443.9,474.0,433.0,469.0,6.59,34588,15450329.7
2023-01-03,439.6,463.0,433.0,440.0,2.09,45829,20290418.3
2023-01-02,398.8,433.0,394.5,431.0,5.92,30039,12685003.1
2023-01-01,409.0,421.2,401.0,406.9,0.59,30730,12618343.4
2022-12-29,379.0,406.0,373.9,404.5,6.03,17432,6903013.4
2022-12-28,367.0,394.0,367.0,381.5,2.01,12476,4728355.8
2022-12-27,360.0,384.0,360.0,374.0,5.95,22878,8491891.1
2022-12-26,347.6,359.1,347.0,353.0,3.22,14361,5042677.4
2022-12-22,336.1,342.0,336.1,342.0,0.59,1201,407979.7
2022-12-21,340.1,342.0,340.0,340.0,-1.45,540,183700.0
2022-12-20,348.0,348.0,345.0,345.0,-1.99,3295,1139350.0
2022-12-19,336.0,353.9,336.0,352.0,2.92,1282,448247.8
2022-12-18,344.0,344.0,335.0,342.0,0.53,1732,585216.7
2022-12-15,341.0,341.0,340.1,340.2,-1.96,1721,586190.3
2022-12-14,340.2,347.0,340.2,347.0,1.58,133,45715.2
2022-12-13,340.0,346.8,340.0,341.6,-0.5,159,54337.6
2022-12-12,340.0,343.3,339.0,343.3,1.99,4641,1577503.0
2022-12-11,340.0,340.0,336.6,336.6,-2.43,4795,1622092.7
2022-12-07,352.0,352.0,345.0,345.0,-0.86,1201,415402.7
2022-12-06,347.0,354.0,347.0,348.0,-1.69,2330,814300.0
2022-12-05,356.1,360.0,353.0,354.0,-1.67,4545,1613905.5
2022-12-04,363.0,363.0,356.1,360.0,0.03,3462,1244130.5
2022-12-01,358.9,360.0,353.0,359.9,0.67,3601,1295351.0
2022-11-30,353.0,357.5,350.0,357.5,-0.67,3048,1070133.6
2022-11-29,356.0,360.0,354.0,359.9,0.81,2310,827178.0
2022-11-28,360.0,363.0,352.1,357.0,-1.35,3182,1134529.6
2022-11-27,346.0,361.9,346.0,361.9,4.57,4355,1557114.4
2022-11-24,346.0,355.0,346.0,346.1,-1.4,3660,1274180.0
2022-11-23,358.0,358.0,349.0,351.0,-1.96,2184,766669.0
2022-11-22,357.0,359.9,352.9,358.0,-0.31,728,258703.5
2022-11-17,359.9,364.0,354.0,359.1,1.44,3137,1130169.5
2022-11-16,345.0,355.0,345.0,354.0,0.57,3880,1362268.3
2022-11-15,355.0,357.9,348.1,352.0,-0.28,3622,1274687.2
2022-11-14,354.0,354.0,347.0,353.0,1.18,502,176566.0
2022-11-13,345.0,358.0,338.1,348.9,-0.6,2005,689521.0
2022-11-10,358.0,358.0,344.0,351.0,-1.96,2413,837678.6
2022-11-09,373.0,373.0,348.0,358.0,-3.24,5654,1998415.0
2022-11-08,362.0,370.0,362.0,370.0,0.27,4796,1765197.0
2022-11-07,364.0,377.0,363.0,369.0,-0.27,12908,4766792.2
2022-11-06,359.0,373.0,359.0,370.0,3.06,8539,3107292.1
2022-11-03,358.0,364.0,356.0,359.0,-0.28,1228,439408.5
2022-11-02,362.0,370.0,356.0,360.0,-1.07,8358,3022919.0
2022-11-01,349.9,363.9,349.9,363.9,4.75,4598,1639100.7
2022-10-31,344.0,347.5,338.0,347.4,0.99,1912,651671.2
2022-10-23,340.0,344.0,339.0,344.0,1.5,411,140840.0
2022-10-20,339.0,339.0,333.0,338.9,-0.03,2071,694900.3
2022-10-19,339.1,342.0,337.0,339.0,-1.74,1145,388069.0
2022-10-17,339.0,345.0,338.2,345.0,0.88,2265,767279.0
2022-10-16,346.0,353.0,342.0,342.0,-2.01,1849,638517.0
2022-10-13,354.7,356.9,344.5,349.0,-0.29,3973,1378568.5
2022-10-12,341.0,355.9,337.6,350.0,1.74,1977,685084.6
2022-10-11,340.0,344.0,335.1,344.0,1.12,5008,1684304.3
2022-10-10,348.0,356.0,340.2,340.2,-3.6,3589,1237731.1
2022-10-09,347.0,352.9,343.5,352.9,1.7,1555,540641.5
2022-09-29,343.0,349.8,339.0,347.0,2.97,1386,473910.0
2022-09-28,340.0,341.9,337.0,337.0,-0.3,833,283013.7
2022-09-27,330.0,341.0,330.0,338.0,0.84,2359,793447.0
2022-09-25,342.0,342.0,335.2,335.2,-0.83,2632,888319.7
2022-09-22,346.0,346.0,337.5,338.0,-2.31,2355,801457.3
2022-09-21,343.7,352.0,340.0,346.0,2.67,1790,615204.0
2022-09-20,348.0,348.8,335.0,337.0,-1.46,4621,1559608.7
2022-09-18,347.1,354.0,342.0,342.0,-2.87,3717,1286703.0
2022-09-16,347.5,359.0,347.0,352.1,-0.59,3371,1184045.0
2022-09-15,371.1,371.1,352.1,354.2,-5.01,19610,7013383.8
2022-09-14,367.0,378.0,367.0,372.9,3.58,5056,1879643.9
2022-09-13,361.0,365.0,354.1,360.0,1.41,4319,1552672.0
2022-09-12,356.0,357.0,352.0,355.0,-0.11,2207,781256.2
2022-09-11,361.2,361.2,355.4,355.4,-2.63,3088,1108547.0
2022-09-08,357.0,373.0,357.0,365.0,0.83,3686,1346628.3
2022-09-07,371.8,371.8,358.0,362.0,-0.82,1737,627947.4
2022-09-06,382.0,382.0,364.9,365.0,-3.21,4832,1783277.9
2022-09-05,380.0,387.6,376.1,377.1,-0.74,7226,2765013.5
2022-09-04,370.0,389.9,367.0,379.9,4.08,13278,4975124.3
2022-09-02,378.0,380.0,360.0,365.0,-2.14,12600,4570210.2
2022-09-01,360.0,384.0,357.0,373.0,3.04,7857,2904308.3
2022-08-31,366.0,367.0,358.0,362.0,-0.82,3798,1372855.7
2022-08-30,362.0,372.0,362.0,365.0,0.83,6295,2306606.0
2022-08-29,356.4,367.8,356.4,362.0,-0.28,7200,2601745.2
2022-08-28,380.0,380.0,363.0,363.0,-4.47,7988,2929654.0
2022-08-26,377.1,384.3,377.1,380.0,-0.6,2790,1056912.8
2022-08-25,387.0,397.0,382.2,382.3,-2.72,7249,2795128.0
2022-08-24,397.0,397.0,386.2,393.0,0.77,1678,657796.1
2022-08-23,392.2,394.0,387.0,390.0,-0.54,7181,2792008.1
2022-08-22,394.0,398.0,391.1,392.1,-1.73,3706,1457769.2
2022-08-21,403.0,406.5,397.0,399.0,0.0,5548,2233913.7
2022-08-18,401.0,401.0,393.1,399.0,1.01,3287,1312470.4
2022-08-17,386.2,401.0,386.2,395.0,0.25,5368,2110355.2
2022-08-16,408.0,412.0,394.0,394.0,-3.9,10528,4216952.4
2022-08-15,385.0,410.0,381.3,410.0,6.72,12142,4826586.6
2022-08-14,396.0,400.0,384.2,384.2,-3.95,3616,1401861.8
2022-08-11,394.1,401.7,384.0,400.0,1.55,8297,3233307.3
2022-08-10,387.1,399.0,387.0,393.9,-0.03,11034,4327133.8
2022-08-09,401.0,408.0,392.1,394.0,-3.43,15241,6071334.0
2022-08-08,407.1,420.0,399.2,408.0,-0.73,28792,11797817.3
2022-08-07,405.0,412.0,401.0,411.0,1.99,12529,5111144.5
2022-08-05,420.0,422.0,399.1,403.0,-2.89,11116,4511420.0
2022-08-04,425.0,427.0,412.6,415.0,-4.13,20786,8726624.8
2022-08-03,417.5,449.4,417.5,432.9,1.62,21987,9454431.9
2022-08-02,433.0,437.0,416.0,426.0,-1.64,25486,10815583.2
2022-08-01,437.5,456.0,428.0,433.1,0.96,59333,26247834.3
2022-07-31,395.0,429.0,392.0,429.0,10.0,50428,21267111.3
2022-07-29,400.7,400.7,388.0,390.0,-0.74,12719,4993805.0
2022-07-28,387.0,399.9,384.0,392.9,1.52,36808,14497181.7
2022-07-27,366.0,387.0,361.1,387.0,3.7,14423,5341173.3
2022-07-26,380.0,390.0,372.0,373.2,-1.53,31387,11848059.7
2022-07-25,365.0,379.0,360.3,379.0,4.41,31212,11524694.8
2022-07-24,355.0,364.9,351.0,363.0,4.28,6415,2296796.0
2022-07-22,347.2,358.0,347.2,348.1,-1.67,5073,1773254.8
2022-07-21,360.9,362.0,351.3,354.0,-0.25,10948,3894743.8
2022-07-20,350.1,360.0,348.0,354.9,-0.31,8207,2896233.8
2022-07-19,357.0,363.0,351.0,356.0,1.14,15449,5475001.3
2022-07-18,351.0,358.0,343.0,352.0,2.03,8164,2837742.2
2022-07-17,353.0,354.0,342.2,345.0,-0.86,5300,1830956.2
2022-07-15,341.3,349.0,340.0,348.0,2.05,2900,998764.0
2022-07-14,351.9,361.0,341.0,341.0,-5.01,17624,6116185.6
2022-07-13,342.2,359.5,342.0,359.0,3.16,12999,4535762.3
2022-07-12,348.0,354.0,336.2,348.0,1.99,12377,4238471.7
2022-07-11,360.0,360.0,341.2,341.2,-5.22,13323,4600966.7
2022-07-08,371.0,371.0,353.0,360.0,-1.1,2655,947039.2
2022-07-07,377.0,384.5,359.7,364.0,-1.62,17450,6444601.3
2022-07-06,362.8,371.0,358.0,370.0,0.0,8949,3262794.9
2022-07-05,379.0,379.0,364.3,370.0,-1.15,19080,7097667.2
2022-07-04,369.0,390.0,363.0,374.3,3.23,46047,17485105.7
2022-07-03,368.0,375.0,355.0,362.6,-1.47,41651,15155852.9
2022-07-01,383.4,383.4,360.0,368.0,-2.1,18760,6885947.5
2022-06-30,363.9,377.0,358.0,375.9,5.32,18270,6752655.5
2022-06-29,348.8,356.9,345.1,356.9,3.75,17479,6124243.1
2022-06-28,340.2,344.0,337.5,344.0,0.0,5463,1852000.5
2022-06-27,360.1,364.0,344.0,344.0,-6.24,14463,5114331.9
2022-06-26,355.0,375.0,350.0,366.9,4.83,4527,1642233.9
2022-06-24,332.9,350.0,332.0,350.0,3.06,2670,899856.2
2022-06-23,346.0,346.0,328.3,339.6,-1.57,8649,2893177.4
2022-06-22,348.0,348.0,341.2,345.0,-2.82,2163,742660.5
2022-06-21,340.0,360.0,340.0,355.0,3.2,3277,1147390.6
2022-06-20,344.0,350.5,331.2,344.0,-1.88,7169,2428861.5
2022-06-19,356.0,357.0,349.0,350.6,-3.44,7661,2698392.2
2022-06-17,368.0,368.0,363.0,363.1,-1.33,1527,556817.1
2022-06-16,352.5,369.9,352.5,368.0,2.82,3568,1289330.0
2022-06-15,357.7,361.0,350.6,357.9,-1.92,7063,2505308.6
2022-06-14,366.6,367.0,359.0,364.9,-1.38,10072,3646957.0
2022-06-13,385.0,385.0,367.0,370.0,-2.12,3835,1414832.1
2022-06-10,379.5,394.0,372.0,378.0,-2.38,2790,1053002.0
2022-06-09,390.0,406.0,387.2,387.2,-2.66,8568,3398411.4
2022-06-08,373.1,401.0,366.1,397.8,4.68,6085,2362281.1
2022-06-07,383.3,384.8,377.0,380.0,-2.81,4240,1610185.0
2022-06-06,389.0,396.0,383.1,391.0,0.26,3995,1545261.8
2022-06-03,395.0,395.0,378.0,390.0,-1.52,6487,2496680.0
2022-06-02,405.0,405.0,385.0,396.0,-0.45,8897,3452469.9
2022-06-01,406.0,408.8,390.9,397.8,-0.25,8330,3294055.5
2022-05-31,400.3,411.9,394.0,398.8,-1.77,7201,2865269.2
2022-05-30,412.0,414.0,401.0,406.0,-3.33,6214,2508123.5
2022-05-27,425.0,425.0,416.5,420.0,-1.18,2331,976402.0
2022-05-26,427.0,429.0,414.5,425.0,0.5,4001,1686240.1
2022-05-25,415.0,431.0,415.0,422.9,0.93,13133,5566615.0
2022-05-24,418.5,429.0,416.0,419.0,-1.87,9652,4068677.5
2022-05-23,426.3,434.8,410.0,427.0,-1.84,15532,6503415.5
2022-05-20,436.1,450.0,420.0,435.0,-2.23,12759,5507654.0
2022-05-19,448.1,456.0,431.5,444.9,-2.65,17086,7486810.5
2022-05-18,472.5,472.5,438.0,457.0,-4.39,20060,9072444.5
2022-05-17,514.5,521.9,472.5,478.0,-8.95,17094,8228648.8
2022-05-12,537.5,537.5,510.0,525.0,-0.38,6970,3645731.0
2022-05-11,518.0,527.0,509.2,527.0,1.74,12700,6546499.2
2022-05-10,520.0,520.0,505.0,518.0,0.58,3615,1856614.4
2022-05-09,516.0,526.0,507.0,515.0,-0.19,4233,2168830.4
2022-05-08,515.0,520.0,507.0,516.0,0.19,1850,943828.0
2022-05-05,517.5,534.0,502.0,515.0,-2.46,3306,1693062.6
2022-05-04,529.0,529.0,511.6,528.0,-2.04,3494,1818418.0
2022-05-02,529.1,539.0,528.3,539.0,0.0,875,463741.5
2022-04-28,540.0,550.0,533.0,539.0,-0.39,7152,3846949.2
2022-04-27,540.0,550.9,537.1,541.1,-1.26,4776,2596496.7
2022-04-26,567.0,567.0,540.9,548.0,-2.66,2574,1411471.6
2022-04-25,560.0,578.9,549.0,563.0,-1.31,3583,1991755.4
2022-04-24,539.0,575.0,526.0,570.5,7.89,11771,6563389.5
2022-04-21,538.0,538.0,509.0,528.8,0.15,8641,4482498.1
2022-04-20,545.8,555.0,528.0,528.0,-3.67,6908,3738926.8
2022-04-19,555.0,574.5,545.0,548.1,-2.99,13701,7678162.0
2022-04-18,587.0,593.0,560.0,565.0,-5.04,5631,3193315.0
2022-04-17,589.0,598.0,566.1,595.0,0.93,8274,4839894.8
2022-04-13,575.2,590.0,575.0,589.5,0.6,3606,2093932.4
2022-04-12,588.1,590.0,577.2,586.0,-2.17,3012,1759966.5
2022-04-11,617.0,617.0,585.0,599.0,-0.99,15133,9025438.0
2022-04-07,597.5,618.0,595.0,605.0,0.36,5250,3188863.3
2022-04-06,645.0,650.5,625.0,645.0,1.1,18151,11526870.2
2022-04-05,638.0,642.0,626.0,638.0,-1.69,10620,6725999.3
2022-04-04,665.0,665.0,649.0,649.0,-1.67,4005,2627977.2
2022-04-03,679.0,679.0,657.0,660.0,-2.78,3580,2374324.0
2022-03-31,689.9,690.0,665.0,678.9,-0.16,5203,3512532.7
2022-03-30,677.0,684.9,664.0,680.0,2.41,9757,6583617.4
2022-03-29,678.0,682.0,660.0,664.0,-0.15,8908,5970131.0
2022-03-28,700.0,700.0,663.0,665.0,-4.32,19195,12920886.8
2022-03-27,710.9,732.0,681.0,695.0,-0.29,77512,55288534.0
2022-03-24,681.0,706.4,668.0,697.0,1.6,36254,25045715.0
2022-03-23,686.0,690.0,675.0,686.0,0.0,6842,4640246.6
2022-03-22,700.0,700.0,680.0,686.0,-0.58,13106,8984972.0
2022-03-21,700.0,702.9,670.0,690.0,-0.93,14017,9561968.1
2022-03-20,701.0,707.0,680.0,696.5,-2.45,18110,12589625.7
2022-03-16,684.0,719.1,671.1,714.0,2.31,32935,23093736.6
2022-03-15,679.0,700.0,660.0,697.9,2.48,20078,13701680.0
2022-03-14,680.0,681.0,661.5,681.0,0.89,8478,5704639.0
2022-03-13,634.0,675.0,620.0,675.0,8.17,52492,33948566.6
2022-03-10,593.2,636.0,593.0,624.0,4.0,6954,4303899.7
2022-03-09,608.0,611.0,592.0,600.0,-3.19,18925,11368690.0
2022-03-07,628.5,628.5,600.9,619.8,-0.59,56195,34039448.8
2022-03-06,649.0,650.0,621.0,623.5,-4.05,14872,9396274.9
2022-03-02,657.0,665.0,640.0,649.8,-3.0,17421,11258378.4
2022-02-28,679.0,679.0,653.3,669.9,-2.19,20942,13899513.7
2022-02-27,680.0,688.0,675.0,684.9,-0.74,13654,9310386.9
2022-02-24,700.7,704.0,688.0,690.0,-3.48,8834,6113269.4
2022-02-23,713.0,715.0,702.0,714.9,-1.39,5416,3819394.0
2022-02-22,707.0,740.0,707.0,725.0,2.62,6296,4519779.2
2022-02-21,710.0,715.0,706.5,706.5,-0.91,3146,2228212.5
2022-02-20,705.6,720.0,699.0,713.0,-0.97,15285,10835226.7
2022-02-17,716.1,732.0,716.1,720.0,-1.1,7285,5264400.0
2022-02-16,740.0,743.0,728.0,728.0,-2.02,3602,2647383.0
2022-02-15,701.2,744.0,701.2,743.0,4.32,8947,6504253.8
2022-02-14,696.0,731.0,695.8,712.2,0.31,12902,9240815.8
2022-02-13,736.1,736.1,710.0,710.0,-5.46,22165,15892890.6
2022-02-10,765.0,768.0,751.0,751.0,-1.44,20318,15392543.3
2022-02-09,789.0,789.0,750.0,762.0,-2.16,10645,8064694.8
2022-02-08,759.0,785.0,755.0,778.8,0.61,94627,73302621.8
2022-02-07,760.0,780.7,755.0,774.1,2.8,58369,44984246.4
2022-02-06,758.0,764.7,733.1,753.0,-0.13,13195,9950213.6
2022-02-03,766.0,774.9,754.0,754.0,-1.95,20917,15973903.0
2022-02-01,771.0,771.0,741.0,769.0,1.36,24188,18294519.3
2022-01-31,777.0,777.0,750.0,758.7,-1.34,8807,6670193.5
2022-01-30,751.7,774.0,751.7,769.0,4.34,25356,19414296.2
2022-01-27,753.0,755.0,730.0,737.0,-1.07,16871,12504130.7
2022-01-26,759.0,759.0,730.0,745.0,-0.4,17400,12832131.2
2022-01-25,750.0,765.0,735.0,748.0,0.54,32976,24713286.9
2022-01-24,770.0,770.0,735.0,744.0,-4.62,37524,28242099.1
2022-01-23,781.0,797.0,765.0,780.0,-0.26,20558,16024727.4
2022-01-20,779.0,788.0,767.1,782.0,2.22,21674,16829020.4
2022-01-19,783.0,791.0,765.0,765.0,-1.3,25277,19661532.6
2022-01-18,804.0,804.0,775.0,775.1,-1.89,62157,48449140.9
2022-01-17,799.7,812.0,777.0,790.0,0.25,65436,51828162.7
2022-01-16,759.9,801.0,752.0,788.0,5.77,122730,96646488.6
2022-01-13,695.0,745.0,695.0,745.0,5.08,31522,23034105.3
2022-01-12,749.0,753.0,706.0,709.0,-4.7,35817,26150033.2
2022-01-11,719.9,761.9,706.0,744.0,5.38,54736,40611878.3
2022-01-10,703.0,706.0,689.0,706.0,2.33,32490,22673052.3
2022-01-09,682.0,702.0,675.0,689.9,3.12,42266,29164258.3
2022-01-06,650.0,669.0,650.0,669.0,1.83,3607,2386452.8
2022-01-05,677.0,678.0,650.0,657.0,-2.95,13439,8888746.8
2022-01-04,668.0,680.0,667.0,677.0,-0.44,18171,12260804.0
2022-01-03,682.9,690.0,663.0,680.0,1.48,41712,28330607.4
2022-01-02,660.0,679.0,644.0,670.1,2.46,16238,10902905.0
2021-12-29,647.0,662.0,645.0,654.0,2.19,19429,12704561.0
2021-12-28,628.0,643.6,616.0,640.0,0.0,8006,5053420.0
2021-12-27,690.0,703.0,629.0,640.0,-5.4,31072,20810573.1
2021-12-26,626.0,676.5,623.2,676.5,10.0,41294,27267018.5
2021-12-23,600.0,621.0,588.0,615.0,3.54,19170,11657190.4
2021-12-22,580.0,596.0,576.0,594.0,4.39,15514,9114194.1
2021-12-21,565.0,572.0,553.0,569.0,2.71,10116,5708328.0
2021-12-20,560.0,560.0,548.9,554.0,-0.18,9027,5011756.0
2021-12-16,565.0,572.0,553.0,555.0,-3.48,10020,5593641.7
2021-12-15,594.6,608.0,562.0,575.0,-1.37,8318,4884829.9
2021-12-14,553.0,583.0,553.0,583.0,7.37,7582,4257430.5
2021-12-13,571.4,572.0,543.0,543.0,-6.86,11685,6465934.5
2021-12-12,594.0,595.0,583.0,583.0,-3.48,7107,4159422.0
2021-12-09,593.0,612.0,590.0,604.0,0.0,9935,5959141.8
2021-12-08,605.0,625.0,601.0,604.0,-1.47,6980,4238189.7
2021-12-07,645.6,657.0,613.0,613.0,-3.16,8521,5391653.8
2021-12-06,624.0,635.0,611.0,633.0,0.32,8867,5524256.5
2021-12-05,645.0,646.0,621.5,631.0,-3.66,6883,4345039.5
2021-12-02,679.0,679.0,645.0,655.0,-1.96,6518,4258670.1
2021-12-01,678.0,690.0,664.5,668.1,-2.75,4079,2753406.5
2021-11-30,666.0,690.0,653.0,687.0,1.1,7617,5050344.5
2021-11-29,690.0,690.0,669.0,679.5,-0.51,5597,3779818.2
2021-11-28,683.0,685.1,672.0,683.0,-1.73,4315,2921999.5
2021-11-25,690.0,703.0,690.0,695.0,-1.26,11610,8106617.8
2021-11-24,690.0,706.0,690.0,703.9,-0.01,8983,6280564.5
2021-11-23,717.0,717.0,700.0,704.0,-2.63,8784,6209448.0
2021-11-22,715.0,734.0,715.0,723.0,2.55,24355,17599969.4
2021-11-21,715.0,715.0,692.2,705.0,-0.07,7204,5061912.3
2021-11-18,726.0,726.0,704.0,705.5,-2.56,13125,9378612.0
2021-11-17,737.0,737.0,715.0,724.0,0.14,17489,12698943.0
2021-11-16,700.0,729.0,700.0,723.0,2.41,8655,6194952.9
2021-11-15,698.0,717.0,691.2,706.0,2.32,8236,5799100.6
2021-11-14,675.0,699.9,662.0,690.0,0.73,7278,4991211.6
2021-11-11,701.0,713.0,682.0,685.0,-4.2,14590,10157717.5
2021-11-09,735.0,736.0,706.0,715.0,-4.67,10552,7568630.8
2021-11-08,765.0,779.0,735.0,750.0,0.0,5088,3827003.9
2021-11-03,760.0,761.0,749.7,750.0,-1.96,11014,8319727.7
2021-11-02,735.1,780.3,729.9,765.0,3.36,11240,8462532.0
2021-11-01,750.1,772.0,740.1,740.1,-1.32,17293,12983172.5
2021-10-31,712.2,760.0,712.1,750.0,4.17,10751,7937662.6
2021-10-28,709.0,725.0,708.0,720.0,0.28,6669,4775810.0
2021-10-27,707.0,745.0,692.0,718.0,1.73,11006,7906504.1
2021-10-26,678.0,705.8,678.0,705.8,5.98,19562,13508471.9
2021-10-25,630.0,676.0,630.0,666.0,4.39,8500,5636514.7
2021-10-24,643.0,643.0,626.2,638.0,1.14,5809,3673241.4
2021-10-21,641.0,643.0,630.1,630.8,-2.32,9951,6318097.3
2021-10-20,632.5,655.0,620.2,645.8,4.14,10443,6657293.8
2021-10-19,633.0,657.0,620.1,620.1,-3.86,9785,6134663.3
2021-10-18,682.0,682.0,643.0,645.0,-7.19,9865,6454160.5
2021-10-17,678.0,696.0,659.1,695.0,3.75,6054,4153232.5
2021-10-11,674.0,684.9,660.0,669.9,-0.31,5682,3818549.2
2021-10-10,684.9,720.0,672.0,672.0,-0.44,14628,10060756.3
2021-10-06,632.0,683.3,632.0,675.0,4.98,11412,7643291.7
2021-10-05,634.0,652.0,634.0,643.0,2.06,3311,2123907.0
2021-10-04,625.0,649.0,616.1,630.0,0.78,20355,12862874.8
2021-10-03,638.0,638.0,622.0,625.1,-2.63,8226,5204032.4
2021-09-30,670.0,670.0,636.0,642.0,-2.87,7210,4640794.7
2021-09-29,637.0,670.0,616.0,661.0,5.76,12533,8016645.8
2021-09-28,650.0,663.0,618.0,625.0,-3.85,16056,10201212.0
2021-09-27,675.0,675.0,650.0,650.0,-1.96,11957,7795732.1
2021-09-26,691.0,691.0,660.0,663.0,-3.91,17436,11682764.6
2021-09-23,711.0,711.0,684.0,690.0,-1.12,13725,9556208.9
2021-09-22,684.0,710.1,678.0,697.8,3.99,16999,11813036.1
2021-09-21,660.0,712.0,650.0,671.0,-0.3,14615,9868040.8
2021-09-20,715.0,715.0,673.0,673.0,-5.48,31586,21685851.4
2021-09-16,725.0,725.0,701.0,712.0,-3.65,40950,29152612.2
2021-09-15,760.0,760.0,730.0,739.0,-1.99,14533,10687738.5
2021-09-14,755.0,760.0,740.0,754.0,0.52,9949,7438437.1
2021-09-13,750.0,765.1,749.0,750.1,1.36,30465,23024248.7
2021-09-12,749.0,758.0,735.0,740.0,0.68,17750,13206803.4
2021-09-09,745.0,745.0,722.0,735.0,0.55,19525,14231729.3
2021-09-08,740.0,748.9,729.0,731.0,-3.18,13019,9570731.5
2021-09-07,785.0,785.0,741.0,755.0,-3.45,22893,17270331.3
2021-09-06,717.4,785.0,715.0,782.0,9.37,39510,29339153.2
2021-09-05,762.0,777.0,706.0,715.0,-6.17,41522,30615388.8
2021-09-02,790.0,790.5,755.1,762.0,-1.68,40216,30865431.5
2021-09-01,800.0,807.8,775.0,775.0,-1.65,39673,31168072.1
2021-08-31,820.0,820.0,778.0,788.0,-2.11,45978,36369582.2
2021-08-29,821.0,826.0,802.0,805.0,-1.59,41588,33783087.1
2021-08-26,844.0,845.0,816.0,818.0,-1.56,61569,50618211.2
2021-08-25,869.0,869.0,825.0,831.0,-4.37,26871,22776019.0
2021-08-24,890.0,905.7,868.0,869.0,-1.14,59865,52861015.7
2021-08-19,845.0,908.0,840.0,879.0,4.89,120048,105633805.4
2021-08-18,820.0,856.0,815.0,838.0,2.76,38699,32228881.0
2021-08-17,829.0,835.0,815.5,815.5,-1.04,31876,26321189.0
2021-08-16,830.0,840.0,814.0,824.1,-0.48,34082,28297242.3
2021-08-15,840.0,862.0,813.4,828.1,-3.26,69799,58514238.9
2021-08-12,860.0,884.0,856.0,856.0,0.12,50513,43996093.1
2021-08-11,855.0,883.0,848.0,855.0,0.0,54063,46627578.9
2021-08-10,845.0,879.0,829.0,855.0,1.79,36045,31033586.9
2021-08-09,845.0,845.0,834.0,840.0,0.12,27706,23262980.9
2021-08-08,860.0,860.0,838.0,839.0,-2.67,78560,66270348.2
2021-08-05,874.0,884.0,862.0,862.0,-1.15,56622,49568961.7
2021-08-04,895.0,895.0,872.0,872.0,-1.47,20210,17763376.6
2021-08-03,885.9,892.0,854.0,885.0,1.6,24196,21288014.5
2021-08-02,896.5,913.9,863.4,871.1,-0.9,32780,28637353.2
2021-08-01,880.0,888.0,875.0,879.0,-1.68,21471,18894916.0
2021-07-29,910.0,920.0,880.0,894.0,-1.76,29351,26293381.6
2021-07-28,860.0,910.9,860.0,910.0,4.96,62077,55443563.8
2021-07-27,874.0,874.0,853.0,867.0,0.58,29292,25222648.0
2021-07-26,865.0,870.0,851.0,862.0,-0.23,11566,9980558.3
2021-07-25,852.0,865.0,843.2,864.0,0.7,16088,13734913.2
2021-07-22,837.0,877.9,837.0,858.0,1.66,20544,17622460.7
2021-07-20,856.0,856.0,841.0,844.0,-1.06,14119,11930669.5
2021-07-19,855.0,869.0,838.0,853.0,1.43,34619,29511759.0
2021-07-18,810.0,858.8,810.0,841.0,3.83,20093,16870309.8
2021-07-15,809.0,820.0,808.0,810.0,0.0,13327,10832816.0
2021-07-14,811.0,813.0,800.0,810.0,-0.12,10454,8426431.0
2021-07-13,800.0,820.0,797.0,811.0,-0.25,10431,8451580.0
2021-07-12,825.0,834.0,790.0,813.0,-0.73,21959,17670436.0
2021-07-11,820.0,825.0,804.0,819.0,1.87,28232,22912046.0
2021-07-08,787.0,808.0,780.0,804.0,1.26,10693,8481984.0
2021-07-07,800.0,805.0,787.0,794.0,-0.5,7114,5652179.0
2021-07-06,803.0,810.0,793.0,798.0,-0.62,14009,11177555.0
2021-07-05,805.0,815.0,802.0,803.0,-0.74,15961,12851122.0
2021-07-04,822.0,822.0,801.0,809.0,-0.61,13643,11034982.0
2021-07-01,827.0,827.0,811.0,814.0,0.25,18313,14959117.0
2021-06-30,806.0,819.0,800.0,812.0,0.25,16932,13672969.0
2021-06-29,835.0,835.0,810.0,810.0,-2.06,14907,12229640.0
2021-06-28,828.0,844.0,820.0,827.0,-0.12,10773,8928493.0
2021-06-27,845.0,845.0,822.0,828.0,-0.24,18884,15671953.0
2021-06-24,827.0,856.0,826.0,830.0,-1.19,28624,23946460.0
2021-06-23,864.0,864.0,830.0,840.0,-2.78,36223,30510115.0
2021-06-22,841.0,868.0,840.0,864.0,3.23,29442,25142462.0
2021-06-21,893.0,893.0,833.0,837.0,-4.34,42857,36473245.0
2021-06-20,925.0,930.0,870.0,875.0,-4.68,80577,71560365.0
2021-06-17,920.0,936.0,891.0,918.0,0.33,74666,67754723.0
2021-06-16,980.0,980.0,897.0,915.0,-4.89,71902,66235368.0
2021-06-15,974.0,979.0,931.0,962.0,3.66,218807,209534893.0
2021-06-14,894.0,928.0,879.0,928.0,4.5,136916,123595126.0
2021-06-13,870.0,897.0,854.0,888.0,2.07,70705,61247316.0
2021-06-10,885.0,903.0,864.0,870.0,-0.57,89663,79102512.0
2021-06-09,875.0,918.0,865.0,875.0,0.92,91364,80822223.0
2021-06-08,820.0,880.0,814.0,867.0,6.12,84651,71665693.0
2021-06-07,813.0,830.0,813.0,817.0,0.25,22830,18704689.0
2021-06-06,823.0,823.0,810.0,815.0,0.25,39558,32160860.0
2021-06-03,828.0,828.0,812.0,813.0,-0.73,26733,21876403.0
2021-06-02,812.0,822.0,804.0,819.0,-0.12,48801,39870434.0
2021-06-01,825.0,840.0,809.0,820.0,-0.61,22836,18671105.0
2021-05-31,840.0,860.0,818.0,825.0,-1.55,53013,44667630.0
2021-05-30,835.0,850.0,829.0,838.0,2.2,50109,42005258.0
2021-05-27,820.0,827.0,810.0,820.0,-0.12,26708,21964737.0
2021-05-25,828.0,832.0,811.0,821.0,0.98,46313,38212797.0
2021-05-24,820.0,824.0,809.0,813.0,-0.37,25894,21064377.0
2021-05-23,797.0,828.0,797.0,816.0,0.49,24818,20189818.0
2021-05-20,823.0,829.0,811.0,812.0,-1.46,16353,13360497.0
2021-05-19,876.0,876.0,823.0,824.0,-1.32,35831,29850843.0
2021-05-18,871.0,871.0,821.0,835.0,0.6,41533,34671590.0
2021-05-17,850.0,866.0,825.0,830.0,-1.07,43398,36264309.0
2021-05-16,789.0,845.0,789.0,839.0,7.56,65375,53693386.0
2021-05-13,793.0,793.0,773.0,780.0,0.0,14678,11445383.0
2021-05-12,796.0,797.0,775.0,780.0,-0.26,19580,15286354.0
2021-05-11,724.0,797.0,724.0,782.0,2.62,22521,17725718.0
2021-05-10,770.0,777.0,762.0,762.0,-0.65,17227,13277992.0
2021-05-09,770.0,776.0,758.0,767.0,-0.65,19141,14724916.0
2021-05-06,785.0,785.0,763.0,772.0,-1.15,16208,12495178.0
2021-05-05,785.0,789.0,780.0,781.0,0.0,14442,11316517.0
2021-05-04,785.0,797.0,780.0,781.0,-1.51,14802,11674324.0
2021-05-03,802.0,810.0,789.0,793.0,0.13,23909,19080328.0
2021-05-02,780.0,816.0,780.0,792.0,2.72,39919,31825942.0
2021-04-29,830.0,841.0,825.0,833.0,0.97,35133,29272790.0
2021-04-28,849.0,849.0,815.0,825.0,-0.96,10094,8379045.0
2021-04-27,790.0,836.0,790.0,833.0,4.39,24966,20386690.0
2021-04-26,825.0,831.0,797.0,798.0,-3.27,38070,30824032.0
2021-04-25,905.0,905.0,817.0,825.0,-4.29,47173,39436980.0
2021-04-22,830.0,865.0,827.0,862.0,3.61,21851,18495887.0
2021-04-21,866.0,866.0,830.0,832.0,-2.12,28632,24160804.0
2021-04-20,855.0,877.0,844.0,850.0,-0.58,19787,16923998.0
2021-04-19,861.0,890.0,853.0,855.0,-1.5,21408,18464661.0
2021-04-18,889.0,889.0,868.0,868.0,-1.92,22099,19298344.0
2021-04-15,890.0,892.0,885.0,885.0,-0.9,11639,10330992.0
2021-04-13,856.0,925.0,856.0,893.0,-0.78,20838,18628802.0
2021-04-12,882.0,915.0,880.0,900.0,2.51,41685,37302217.0
2021-04-08,890.0,899.0,870.0,878.0,-0.9,33629,29685228.0
2021-04-07,900.0,920.0,876.0,886.0,-2.32,50449,45173558.0
2021-04-06,935.0,935.0,904.0,907.0,-2.99,72779,66608895.0
2021-04-05,965.0,994.0,900.0,935.0,-1.58,109148,102785168.0
2021-04-04,896.0,965.0,889.0,950.0,8.2,248358,233298216.0
2021-04-01,933.0,933.0,865.0,878.0,-1.24,129220,115423398.0
2021-03-31,831.0,896.0,822.0,889.0,9.08,143380,125063003.0
2021-03-30,787.0,825.0,787.0,815.0,4.09,48939,39554796.0
2021-03-29,790.0,790.0,780.0,783.0,0.38,12625,9897833.0
2021-03-25,780.0,806.0,775.0,780.0,0.52,32366,25467790.0
2021-03-24,774.0,785.0,769.0,776.0,1.04,10289,7975398.0
2021-03-23,760.0,780.0,760.0,768.0,0.0,9289,7181106.0
2021-03-22,810.0,815.0,765.0,768.0,-4.71,23318,18337550.0
2021-03-21,765.0,809.0,761.0,806.0,6.47,22129,17480073.0
2021-03-18,750.0,770.0,746.0,757.0,0.93,18744,14292551.0
2021-03-17,735.0,750.0,726.0,750.0,2.6,10414,7704128.0
2021-03-16,711.0,739.0,711.0,731.0,1.25,25545,18502960.0
2021-03-15,755.0,765.0,715.0,722.0,-4.37,34463,25384580.0
2021-03-14,742.0,780.0,740.0,755.0,-3.33,24787,18772032.0
2021-03-10,786.0,800.0,777.0,781.0,-0.64,15208,11897671.0
2021-03-09,804.0,804.0,786.0,786.0,-2.24,8819,6990649.0
2021-03-07,822.0,828.0,799.0,804.0,-1.35,30386,24612664.0
2021-03-04,795.0,826.0,784.0,815.0,4.49,58032,46724691.0
2021-03-03,790.0,800.0,766.0,780.0,-0.51,31068,24193850.0
2021-03-02,861.0,861.0,775.0,784.0,-4.39,44153,34822313.0
2021-03-01,790.0,840.0,786.0,820.0,3.27,31070,25450292.0
2021-02-28,815.0,828.0,792.0,794.0,-4.22,35864,28863264.0
2021-02-25,847.0,860.0,826.0,829.0,-2.13,23015,19314546.0
2021-02-24,844.0,870.0,812.0,847.0,2.29,85578,72862811.0
2021-02-23,830.0,830.0,801.0,828.0,-1.66,37752,30891231.0
2021-02-22,861.0,865.0,825.0,842.0,-1.75,40426,33813253.0
2021-02-21,870.0,875.0,844.0,857.0,-2.61,80273,68428361.0
2021-02-18,860.0,886.0,843.0,880.0,3.53,106842,92698658.0
2021-02-17,801.0,860.0,801.0,850.0,4.04,93103,78003857.0
2021-02-16,872.0,872.0,809.0,817.0,-1.68,32619,26789906.0
2021-02-15,818.0,854.0,815.0,831.0,3.62,72119,59907244.0
2021-02-14,862.0,869.0,800.0,802.0,-2.31,43164,35045558.0
2021-02-11,827.0,850.0,802.0,821.0,-2.26,54950,45138392.0
2021-02-10,840.0,854.0,825.0,840.0,-0.94,35283,29718116.0
2021-02-09,910.0,910.0,826.0,848.0,-2.19,75609,63633848.0
2021-02-08,941.0,941.0,855.0,867.0,-3.34,126594,110872595.0
2021-02-07,840.0,900.0,832.0,897.0,8.73,66800,57418105.0
2021-02-04,780.0,828.0,770.0,825.0,4.96,132553,107485475.0
2021-02-03,842.0,842.0,780.0,786.0,-2.0,83398,66790193.0
2021-02-02,740.0,804.0,738.0,802.0,9.71,125823,98157596.0
2021-02-01,734.0,745.0,717.0,731.0,1.53,57440,42114007.0
2021-01-31,750.0,750.0,708.0,720.0,-3.23,84825,61652565.0
2021-01-28,710.0,768.0,696.0,744.0,5.83,171567,127209548.0
2021-01-27,671.0,710.0,667.0,703.0,3.53,70902,49230466.0
2021-01-26,682.0,689.0,669.0,679.0,-1.45,57792,39131773.0
2021-01-25,726.0,726.0,683.0,689.0,-3.5,72527,50549699.0
2021-01-24,721.0,721.0,690.0,714.0,3.93,94132,66780268.0
2021-01-21,661.0,703.0,651.0,687.0,5.69,85448,57433430.0
2021-01-20,648.0,657.0,636.0,650.0,0.31,67852,44118850.0
2021-01-19,667.0,668.0,639.0,648.0,-1.07,54208,35109546.0
2021-01-18,660.0,667.0,634.0,655.0,1.08,62173,40833647.0
2021-01-17,669.0,669.0,639.0,648.0,-1.52,48677,31557420.0
2021-01-13,637.0,663.0,637.0,658.0,3.62,70388,46048169.0
2021-01-12,632.0,635.0,618.0,635.0,1.76,68260,42844042.0
2021-01-11,628.0,640.0,621.0,624.0,0.97,41134,25798779.0
2021-01-10,616.0,638.0,615.0,618.0,2.32,68470,42726074.0
2021-01-07,589.0,618.0,580.0,604.0,4.32,143521,86467798.0
2021-01-06,580.0,581.0,566.0,579.0,1.58,60765,35005385.0
2021-01-05,571.0,573.0,559.0,570.0,1.79,22651,12865367.0
2021-01-04,578.0,582.0,558.0,560.0,-1.58,17395,9878310.0
2021-01-03,560.0,570.0,554.0,569.0,3.27,31423,17658604.0
2020-12-31,553.0,560.0,547.0,551.0,-0.36,26144,14461947.0
2020-12-30,550.0,554.0,546.0,553.0,0.55,8293,4557884.0
2020-12-29,576.0,576.0,550.0,550.0,0.18,14449,8020659.0
2020-12-28,550.0,558.0,542.0,549.0,0.18,16209,8928368.0
2020-12-27,557.0,559.0,545.0,548.0,-0.72,17755,9784956.0
2020-12-24,546.0,568.0,546.0,552.0,-0.9,11665,6463277.0
2020-12-23,569.0,594.0,555.0,557.0,-0.71,47252,26896315.0
2020-12-22,550.0,563.0,535.0,561.0,3.89,41161,22498834.0
2020-12-21,528.0,550.0,507.0,540.0,0.37,22139,11818583.0
2020-12-20,555.0,576.0,537.0,538.0,-4.1,32754,17963254.0
2020-12-17,571.0,571.0,559.0,561.0,0.18,37569,21118312.0
2020-12-16,570.0,574.0,560.0,560.0,-1.75,33842,19101468.0
2020-12-15,600.0,600.0,567.0,570.0,-1.38,35416,20470821.0
2020-12-14,572.0,583.0,566.0,578.0,1.05,41984,24148083.0
2020-12-13,562.0,574.0,544.0,572.0,3.62,23707,13343907.0
2020-12-10,545.0,558.0,543.0,552.0,0.91,14893,8206145.0
2020-12-09,574.0,574.0,541.0,547.0,-3.01,43308,23717314.0
2020-12-08,580.0,580.0,559.0,564.0,-1.05,25991,14732655.0
2020-12-07,555.0,577.0,540.0,570.0,3.64,39041,21817052.0
2020-12-06,603.0,603.0,550.0,550.0,-4.35,37534,21145654.0
2020-12-03,600.0,610.0,572.0,575.0,-2.71,38892,22696234.0
2020-12-02,577.0,599.0,572.0,591.0,4.23,66572,39084230.0
2020-12-01,566.0,592.0,564.0,567.0,-1.05,39344,22516799.0
2020-11-30,570.0,589.0,565.0,573.0,0.88,50169,28901191.0
2020-11-29,570.0,570.0,559.0,568.0,-0.35,39285,22139024.0
2020-11-26,595.0,605.0,567.0,570.0,-3.23,47873,28042023.0
2020-11-25,575.0,600.0,575.0,589.0,2.61,70690,41513981.0
2020-11-24,571.0,584.0,560.0,574.0,2.14,58698,33678168.0
2020-11-23,563.0,574.0,552.0,562.0,-2.09,19628,11069307.0
2020-11-22,603.0,604.0,558.0,574.0,-3.2,50982,29290685.0
2020-11-19,571.0,597.0,565.0,593.0,4.96,87342,50575399.0
2020-11-18,535.0,565.0,526.0,565.0,5.81,72476,39637392.0
2020-11-12,540.0,548.0,530.0,534.0,-1.11,38417,20597835.0
2020-11-11,535.0,544.0,533.0,540.0,2.86,48474,26087093.0
2020-11-10,518.0,529.0,517.0,525.0,1.55,44782,23383740.0
2020-11-09,519.0,519.0,509.0,517.0,-0.39,65411,33540459.0
2020-11-08,508.0,519.0,508.0,519.0,0.19,21762,11211779.0
2020-11-05,524.0,527.0,511.0,518.0,-1.89,30240,15697798.0
2020-11-04,536.0,536.0,520.0,528.0,-0.38,15365,8054583.0
2020-11-03,520.0,535.0,520.0,530.0,0.95,16642,8771672.0
2020-11-02,515.0,528.0,515.0,525.0,0.57,17108,8969289.0
2020-11-01,535.0,535.0,521.0,522.0,-1.51,10934,5756574.0
2020-10-29,515.0,536.0,515.0,530.0,0.95,12658,6701218.0
2020-10-28,522.0,535.0,512.0,525.0,0.57,15341,7987823.0
2020-10-22,531.0,531.0,510.0,522.0,-0.95,16496,8534453.0
2020-10-21,533.0,535.0,523.0,527.0,0.57,7095,3735464.0
2020-10-20,526.0,530.0,524.0,524.0,-0.19,2113,1110661.0
2020-10-19,529.0,530.0,523.0,525.0,0.19,1654,867346.0
2020-10-18,507.0,528.0,506.0,524.0,1.55,1741,898869.0
2020-10-15,531.0,531.0,516.0,516.0,-0.96,2884,1499657.0
2020-10-14,520.0,529.0,519.0,521.0,-0.76,2964,1554294.0
2020-10-13,530.0,531.0,525.0,525.0,-0.19,5767,3046050.0
2020-10-12,534.0,534.0,522.0,526.0,0.19,6584,3479515.0
2020-10-11,530.0,540.0,525.0,525.0,-0.94,4500,2383700.0
2020-10-08,529.0,548.0,529.0,530.0,-1.49,14334,7716947.0
2020-10-07,533.0,538.0,533.0,538.0,-0.37,7172,3841285.0
2020-10-06,531.0,540.0,531.0,540.0,0.75,5147,2760507.0
2020-10-05,554.0,554.0,534.0,536.0,-1.65,6828,3671155.0
2020-10-04,558.0,560.0,543.0,545.0,-0.55,7588,4161259.0
2020-10-01,530.0,550.0,525.0,548.0,4.18,16551,8995274.0
2020-09-30,529.0,529.0,514.0,526.0,-0.75,12003,6260745.0
2020-09-29,535.0,535.0,525.0,530.0,-1.3,9281,4904167.0
2020-09-28,533.0,545.0,533.0,537.0,-0.92,12077,6493728.0
2020-09-27,546.0,546.0,540.0,542.0,-0.73,6259,3386696.0
2020-09-24,577.0,577.0,544.0,546.0,-0.73,3273,1787316.0
2020-09-23,570.0,570.0,536.0,550.0,1.29,14257,7758716.0
2020-09-22,563.0,563.0,540.0,543.0,-1.81,22525,12282389.0
2020-09-21,569.0,569.0,549.0,553.0,-0.9,16260,9048981.0
2020-09-20,567.0,570.0,558.0,558.0,-2.45,8302,4683440.0
2020-09-17,590.0,590.0,569.0,572.0,0.7,16700,9552650.0
2020-09-16,560.0,574.0,550.0,568.0,0.71,26132,14782455.0
2020-09-15,560.0,568.0,554.0,564.0,-0.18,19696,11043910.0
2020-09-14,577.0,588.0,560.0,565.0,-2.08,38852,22136913.0
2020-09-13,550.0,581.0,532.0,577.0,5.87,54624,30893758.0
2020-09-10,543.0,561.0,535.0,545.0,2.25,11401,6197736.0
2020-09-09,534.0,544.0,520.0,533.0,1.72,11255,5943314.0
2020-09-08,531.0,532.0,522.0,524.0,-1.5,6328,3325977.0
2020-09-07,531.0,544.0,527.0,532.0,-1.3,9729,5182576.0
2020-09-06,555.0,556.0,539.0,539.0,-1.1,11260,6134151.0
2020-09-03,528.0,546.0,528.0,545.0,3.42,16290,8775472.0
2020-09-02,559.0,585.0,527.0,527.0,-4.01,27620,15274973.0
2020-08-31,520.0,565.0,520.0,549.0,6.81,32641,17902857.0
2020-08-30,509.0,514.0,502.0,514.0,0.98,7142,3629626.0
2020-08-27,515.0,519.0,503.0,509.0,-0.59,11144,5706643.0
2020-08-26,490.0,530.0,490.0,512.0,4.7,20281,10260533.0
2020-08-25,498.0,498.0,483.0,489.0,-0.2,11945,5836946.0
2020-08-24,490.0,499.0,487.0,490.0,1.87,14703,7236087.0
2020-08-23,472.0,481.0,459.0,481.0,3.66,12386,5841963.0
2020-08-20,455.0,465.0,455.0,464.0,1.75,2811,1295749.0
2020-08-19,465.0,466.0,456.0,456.0,-3.8,4102,1884606.0
2020-08-18,483.0,483.0,469.0,474.0,0.0,2612,1230556.0
2020-08-17,466.0,474.0,458.0,474.0,1.94,5567,2615604.0
2020-08-16,471.0,473.0,463.0,465.0,-0.43,4332,2031322.0
2020-08-13,488.0,495.0,464.0,467.0,-2.51,4355,2062048.0
2020-08-12,473.0,495.0,473.0,479.0,-0.21,7019,3400509.0
2020-08-11,496.0,504.0,479.0,480.0,-1.44,6415,3117341.0
2020-08-10,454.0,487.0,454.0,487.0,7.27,11896,5657631.0
2020-08-09,434.0,454.0,425.0,454.0,4.61,3305,1454555.0
2020-08-06,431.0,439.0,431.0,434.0,-0.91,594,257368.0
2020-08-05,445.0,448.0,437.0,438.0,-0.68,916,402278.0
2020-08-03,447.0,455.0,440.0,441.0,0.23,923,410585.0
2020-08-02,452.0,461.0,440.0,440.0,-4.56,3765,1689600.0
2020-07-30,477.0,477.0,461.0,461.0,-1.91,3200,1493341.0
2020-07-29,477.0,479.0,470.0,470.0,-3.09,3016,1430318.0
2020-07-28,480.0,486.0,475.0,485.0,0.41,1763,851972.0
2020-07-27,501.0,501.0,483.0,483.0,-1.83,4420,2169850.0
2020-07-26,476.0,494.0,470.0,492.0,3.36,6564,3197729.0
2020-07-23,463.0,479.0,462.0,476.0,1.28,2080,989408.0
2020-07-22,473.0,474.0,470.0,470.0,-1.47,2354,1111682.0
2020-07-21,481.0,486.0,471.0,477.0,-2.65,5455,2602266.0
2020-07-20,512.0,530.0,482.0,490.0,-2.39,8635,4284496.0
2020-07-16,502.0,508.0,500.0,502.0,1.83,1852,931759.0
2020-07-15,499.0,509.0,492.0,493.0,-1.4,1305,647385.0
2020-07-14,496.0,500.0,492.0,500.0,-0.99,1800,892170.0
2020-07-13,514.0,514.0,495.0,505.0,0.2,3294,1662101.0
2020-07-12,487.0,514.0,487.0,504.0,5.22,2475,1237432.0
2020-07-09,455.0,479.0,455.0,479.0,3.9,2370,1120660.0
2020-07-08,444.0,484.0,440.0,461.0,2.22,3567,1638902.0
2020-07-07,418.0,451.0,418.0,451.0,10.0,2000,895465.0
2020-07-06,384.0,410.0,380.0,410.0,5.13,1788,697139.0
2020-07-05,421.0,421.0,390.0,390.0,-2.99,4215,1676555.0
2020-07-02,426.0,426.0,402.0,402.0,-3.83,1461,615526.0
2020-07-01,418.0,418.0,418.0,418.0,1.95,200,83600.0
2020-06-30,403.0,410.0,395.0,410.0,3.54,535,214870.0
2020-06-29,404.0,404.0,404.0,396.0,0.0,10,3960.0
2020-03-22,397.0,428.0,397.0,404.0,3.59,330,134970.0
2020-03-19,390.0,397.0,373.0,390.0,1.04,2819,1093641.0
2020-03-18,400.0,400.0,386.0,386.0,-2.53,2705,1060730.0
2020-03-17,420.0,420.0,395.0,396.0,-5.94,2330,943975.0
2020-03-16,422.0,433.0,420.0,421.0,-0.71,3309,1414024.0
2020-03-15,446.0,446.0,424.0,424.0,-6.81,5838,2528883.0
2020-03-12,488.0,488.0,454.0,455.0,-6.76,10234,4748664.0
2020-03-11,445.0,488.0,434.0,488.0,7.96,7571,3467604.0
2020-03-10,470.0,470.0,452.0,452.0,-4.44,275,126060.0
2020-03-05,469.0,487.0,469.0,473.0,-1.05,6270,2982315.0
2020-03-04,535.0,535.0,475.0,478.0,-8.95,5112,2494185.0
2020-03-03,505.0,534.0,490.0,525.0,1.94,6902,3544039.0
2020-03-02,535.0,535.0,515.0,515.0,-3.74,3720,1940170.0
2020-03-01,568.0,579.0,531.0,535.0,-4.12,8544,4681046.0
2020-02-27,583.0,601.0,558.0,558.0,-4.29,14961,8711686.0
2020-02-26,575.0,607.0,575.0,583.0,3.19,15293,9081369.0
2020-02-25,535.0,570.0,530.0,565.0,6.6,12701,6940637.0
2020-02-24,570.0,576.0,530.0,530.0,-6.19,10808,5912947.0
2020-02-23,565.0,588.0,555.0,565.0,0.71,13362,7611991.0
2020-02-20,530.0,569.0,529.0,561.0,7.88,13958,7586995.0
2020-02-19,532.0,532.0,517.0,520.0,-0.95,8833,4596323.0
2020-02-18,527.0,535.0,517.0,525.0,-2.05,10252,5365195.0
2020-02-17,550.0,562.0,535.0,536.0,-0.92,13666,7413212.0
2020-02-16,516.0,545.0,509.0,541.0,5.25,12090,6324070.0
2020-02-13,521.0,522.0,511.0,514.0,0.59,12583,6506068.0
2020-02-12,518.0,518.0,509.0,511.0,0.39,12889,6603576.0
2020-02-11,498.0,510.0,498.0,509.0,4.09,14124,7142550.0
2020-02-10,476.0,503.0,476.0,489.0,4.6,18119,8847268.0
2020-02-09,730.0,730.0,686.0,688.0,-5.75,38556,26969856.0
2020-02-06,763.0,763.0,722.0,730.0,-2.54,23988,17598124.0
2020-02-05,742.0,765.0,741.0,749.0,1.22,13913,10397306.0
2020-02-04,720.0,755.0,706.0,740.0,4.82,40512,29842336.0
2020-02-03,676.0,710.0,673.0,706.0,4.44,11824,8160277.0
2020-02-02,693.0,693.0,670.0,676.0,-0.59,17287,11774462.0
2020-01-30,661.0,705.0,661.0,680.0,1.49,19356,13225789.0
2020-01-29,670.0,680.0,665.0,670.0,0.75,10939,7330849.0
2020-01-28,651.0,672.0,642.0,665.0,4.07,21943,14446055.0
2020-01-27,620.0,646.0,620.0,639.0,2.57,4937,3131861.0
2020-01-26,633.0,657.0,623.0,623.0,-3.41,4413,2790428.0
2020-01-23,665.0,678.0,645.0,645.0,-3.01,3311,2175089.0
2020-01-22,661.0,680.0,651.0,665.0,-0.75,8467,5628335.0
2020-01-21,659.0,680.0,648.0,670.0,3.55,15877,10532868.0
2020-01-20,643.0,680.0,619.0,647.0,2.54,28071,18414276.0
2020-01-19,585.0,631.0,585.0,631.0,9.93,24680,15473352.0
2020-01-16,558.0,575.0,547.0,574.0,4.36,5915,3290057.0
2020-01-15,555.0,569.0,539.0,550.0,0.36,6623,3635944.0
2020-01-14,540.0,560.0,530.0,548.0,-0.72,9733,5363404.0
2020-01-13,536.0,574.0,521.0,552.0,4.94,15639,8546891.0
2020-01-12,488.0,526.0,488.0,526.0,9.81,10579,5471666.0
2020-01-09,450.0,483.0,450.0,479.0,6.44,7137,3317932.0
2020-01-08,469.0,469.0,445.0,450.0,-2.17,3525,1600670.0
2020-01-07,447.0,463.0,440.0,460.0,4.78,7047,3185684.0
2020-01-06,448.0,448.0,432.0,439.0,-1.13,3012,1322997.0
2020-01-05,446.0,446.0,435.0,444.0,1.37,1103,483875.0
2020-01-02,432.0,438.0,432.0,438.0,-0.23,718,310454.0
2020-01-01,444.0,444.0,432.0,439.0,0.46,391,170294.0
2019-12-31,433.0,438.0,427.0,437.0,2.82,1842,800316.0
2019-12-30,427.0,428.0,419.0,425.0,-2.3,2187,928713.0
2019-12-29,435.0,435.0,435.0,435.0,1.87,15,6525.0
2019-12-26,426.0,427.0,421.0,427.0,0.23,2216,940091.0
2019-12-25,423.0,430.0,421.0,426.0,2.16,6034,2564204.0
2019-12-24,431.0,431.0,417.0,417.0,-1.65,2218,931739.0
2019-12-23,418.0,425.0,410.0,424.0,3.41,1985,828088.0
2019-12-22,413.0,413.0,410.0,410.0,-0.24,295,121345.0
2019-12-19,403.0,414.0,403.0,411.0,0.49,1401,573500.0
2019-12-18,415.0,416.0,409.0,409.0,-2.62,2994,1235949.0
2019-12-17,410.0,420.0,410.0,420.0,2.44,4078,1695379.0
2019-12-16,434.0,434.0,406.0,410.0,-4.65,7779,3193584.0
2019-12-15,440.0,447.0,419.0,430.0,-2.27,5767,2495241.0
2019-12-12,418.0,451.0,402.0,440.0,7.32,12552,5421020.0
2019-12-11,395.0,419.0,394.0,410.0,5.4,2180,865940.0
2019-12-10,391.0,401.0,388.0,389.0,1.3,1289,506865.0
2019-12-09,377.0,408.0,377.0,384.0,2.13,4905,1913215.0
2019-12-08,370.0,376.0,363.0,376.0,1.62,1430,523960.0
2019-12-05,367.0,373.0,358.0,370.0,2.78,3035,1119330.0
2019-12-04,355.0,370.0,354.0,360.0,1.69,1380,496850.0
2019-12-03,351.0,354.0,350.0,354.0,0.0,1278,447818.0
2019-12-02,356.0,356.0,349.0,354.0,-1.67,1140,402630.0
2019-12-01,362.0,362.0,359.0,360.0,1.41,1040,373940.0
2019-11-28,361.0,365.0,355.0,355.0,-1.39,2600,934025.0
2019-11-27,365.0,365.0,360.0,360.0,-1.91,800,289100.0
2019-11-26,362.0,367.0,360.0,367.0,0.0,786,284552.0
2019-11-25,367.0,374.0,367.0,367.0,1.94,55,20255.0
2019-11-24,374.0,380.0,360.0,360.0,-5.26,2262,833265.0
2019-11-21,389.0,393.0,380.0,380.0,-3.55,717,274191.0
2019-11-20,401.0,401.0,390.0,394.0,-1.75,4368,1731240.0
2019-11-19,405.0,409.0,398.0,401.0,-2.91,1074,431120.0
2019-11-18,414.0,414.0,407.0,413.0,-2.13,350,144150.0
2019-11-14,422.0,422.0,422.0,422.0,1.93,10,4220.0
2019-11-13,418.0,418.0,407.0,414.0,-1.43,1493,613259.0
2019-11-12,422.0,422.0,420.0,420.0,-2.33,99,41620.0
2019-11-11,430.0,430.0,430.0,430.0,0.47,10,4300.0
2019-11-10,435.0,435.0,420.0,428.0,-2.51,130,54900.0
2019-11-07,440.0,440.0,439.0,439.0,0.0,40,17580.0
2019-11-06,421.0,439.0,420.0,439.0,2.81,1110,468010.0
2019-11-05,432.0,435.0,427.0,427.0,-1.16,450,193970.0
2019-11-04,432.0,432.0,432.0,432.0,-1.82,200,86400.0
2019-11-03,440.0,440.0,440.0,440.0,1.85,10,4400.0
2019-10-31,435.0,435.0,432.0,432.0,-1.82,150,65160.0
2019-10-24,441.0,441.0,433.0,440.0,-2.22,801,348995.0
2019-10-23,450.0,450.0,450.0,450.0,1.81,20,9000.0
2019-10-22,450.0,450.0,436.0,442.0,-3.28,850,373380.0
2019-10-20,466.0,466.0,457.0,457.0,-0.22,330,151080.0
2019-10-17,455.0,458.0,455.0,458.0,-1.29,246,111990.0
2019-10-16,464.0,464.0,464.0,464.0,1.98,14,6496.0
2019-10-10,455.0,455.0,455.0,455.0,1.11,20,9100.0
2019-10-03,440.0,450.0,440.0,450.0,0.45,175,77830.0
2019-10-02,448.0,448.0,448.0,448.0,1.82,20,8960.0
2019-10-01,446.0,446.0,440.0,440.0,0.0,964,424244.0
2019-09-30,438.0,444.0,432.0,440.0,2.33,468,203336.0
2019-09-29,420.0,430.0,414.0,430.0,1.9,235,97885.0
2019-09-26,425.0,430.0,416.0,422.0,-2.31,729,306283.0
2019-09-25,440.0,440.0,432.0,432.0,-2.04,130,56400.0
2019-09-24,445.0,445.0,441.0,441.0,-1.78,20,8860.0
2019-09-23,450.0,450.0,437.0,449.0,-0.22,215,94969.0
2019-09-22,450.0,450.0,450.0,450.0,-0.44,11,4950.0
2019-09-19,447.0,452.0,447.0,452.0,1.12,200,89900.0
2019-09-18,432.0,447.0,432.0,447.0,3.47,880,381690.0
2019-09-17,420.0,440.0,412.0,432.0,0.93,2142,906885.0
2019-09-16,430.0,430.0,420.0,428.0,-1.83,203,86714.0
2019-09-15,436.0,436.0,436.0,436.0,-1.8,85,37060.0
2019-09-12,440.0,444.0,437.0,444.0,0.68,200,87870.0
2019-09-11,459.0,459.0,441.0,441.0,-2.0,499,220969.0
2019-09-10,455.0,455.0,450.0,450.0,-0.22,150,68000.0
2019-09-09,452.0,452.0,451.0,451.0,1.12,115,51880.0
2019-09-08,441.0,446.0,430.0,446.0,-0.89,722,312266.0
2019-09-05,455.0,455.0,438.0,450.0,-1.1,196,87250.0
2019-09-04,451.0,455.0,451.0,455.0,-1.09,483,218985.0
2019-09-03,451.0,460.0,433.0,460.0,0.0,1414,619741.0
2019-09-02,460.0,460.0,460.0,460.0,1.55,11,5060.0
2019-09-01,453.0,453.0,453.0,453.0,1.8,11,4983.0
2019-08-29,448.0,456.0,443.0,445.0,-2.63,795,354205.0
2019-08-28,457.0,457.0,457.0,457.0,0.88,16,7312.0
2019-08-27,454.0,455.0,453.0,453.0,-1.95,648,294044.0
2019-08-26,462.0,462.0,462.0,462.0,1.54,20,9240.0
2019-08-25,458.0,458.0,449.0,455.0,-1.09,1438,651217.0
2019-08-22,475.0,475.0,451.0,460.0,-2.13,775,359250.0
2019-08-21,469.0,470.0,469.0,470.0,-0.84,378,177362.0
2019-08-20,471.0,474.0,462.0,474.0,-1.25,3339,1547025.0
2019-08-19,478.0,480.0,468.0,480.0,-1.03,2278,1078480.0
2019-08-18,490.0,490.0,483.0,485.0,-3.0,310,150350.0
2019-08-15,500.0,501.0,500.0,500.0,-1.77,480,240120.0
2019-08-14,505.0,509.0,500.0,509.0,1.39,700,351967.0
2019-08-13,515.0,515.0,502.0,502.0,-3.46,895,453215.0
2019-08-12,520.0,520.0,514.0,520.0,-0.95,886,456735.0
2019-08-11,525.0,525.0,525.0,525.0,-0.38,100,52500.0
2019-08-08,517.0,527.0,517.0,527.0,0.19,350,183730.0
2019-08-07,536.0,536.0,526.0,526.0,0.0,110,57960.0
2019-08-06,540.0,540.0,526.0,526.0,-0.75,160,84780.0
2019-08-05,549.0,549.0,530.0,530.0,-1.85,276,148490.0
2019-08-04,541.0,541.0,535.0,540.0,1.69,70,37740.0
2019-08-01,545.0,545.0,531.0,531.0,-1.3,1196,640736.0
2019-07-31,535.0,544.0,535.0,538.0,0.56,788,424314.0
2019-07-30,547.0,547.0,535.0,535.0,-2.01,898,482300.0
2019-07-28,532.0,546.0,532.0,546.0,0.74,976,521804.0
2019-07-25,551.0,551.0,542.0,542.0,-3.04,1440,791240.0
2019-07-24,550.0,559.0,550.0,559.0,1.45,625,344750.0
2019-07-23,551.0,551.0,551.0,551.0,-1.61,100,55100.0
2019-07-22,550.0,560.0,545.0,560.0,3.7,105,57825.0
2019-07-21,544.0,544.0,534.0,540.0,-2.7,425,227750.0
2019-07-18,555.0,555.0,554.0,555.0,0.91,546,302944.0
2019-07-17,557.0,557.0,550.0,550.0,-0.9,632,349512.0
2019-07-16,545.0,555.0,545.0,555.0,2.78,330,181050.0
2019-07-15,537.0,540.0,537.0,540.0,1.89,929,500995.0
2019-07-14,535.0,535.0,527.0,530.0,-1.12,4030,2142778.0
2019-07-11,540.0,554.0,536.0,536.0,-0.56,1935,1049960.0
2019-07-10,546.0,546.0,539.0,539.0,-2.0,250,135930.0
2019-07-09,545.0,550.0,543.0,550.0,-0.72,1000,543830.0
2019-07-08,556.0,556.0,554.0,554.0,-1.95,590,327190.0
2019-07-07,566.0,575.0,565.0,565.0,1.8,696,395170.0
2019-07-04,599.0,599.0,555.0,555.0,-5.61,1900,1061510.0
2019-07-03,565.0,588.0,565.0,588.0,5.95,1440,816160.0
2019-07-02,535.0,555.0,535.0,555.0,4.13,960,521315.0
2019-07-01,533.0,544.0,530.0,533.0,-1.84,4532,2432220.0
2019-06-30,570.0,570.0,543.0,543.0,-3.55,1355,746660.0
2019-06-27,574.0,574.0,563.0,563.0,-1.05,705,397425.0
2019-06-26,571.0,578.0,569.0,569.0,-0.18,1635,938295.0
2019-06-25,556.0,575.0,556.0,570.0,1.06,1545,864455.0
2019-06-24,575.0,575.0,564.0,564.0,-1.91,470,266100.0
2019-06-23,586.0,586.0,575.0,575.0,-1.88,288,166810.0
2019-06-20,592.0,592.0,581.0,586.0,0.86,430,250660.0
2019-06-19,590.0,590.0,581.0,581.0,0.17,1032,604419.0
2019-06-18,592.0,604.0,580.0,580.0,-0.17,1185,696390.0
2019-06-17,595.0,597.0,580.0,581.0,-3.17,2391,1408073.0
2019-06-16,592.0,600.0,590.0,600.0,1.52,515,304210.0
2019-06-13,615.0,615.0,591.0,591.0,-4.68,6154,3687171.0
2019-06-12,650.0,650.0,610.0,620.0,-3.13,3671,2275413.0
2019-06-11,650.0,650.0,634.0,640.0,-0.62,3668,2343995.0
2019-06-10,675.0,675.0,641.0,644.0,-4.45,2540,1642130.0
2019-06-06,689.0,689.0,674.0,674.0,-0.88,838,567710.0
2019-06-04,667.0,680.0,664.0,680.0,0.44,2215,1475890.0
2019-06-03,680.0,681.0,677.0,677.0,-1.88,1875,1273545.0
2019-06-02,710.0,715.0,690.0,690.0,-1.15,751,520271.0
2019-05-30,710.0,710.0,685.0,698.0,-0.29,2663,1849768.0
2019-05-29,700.0,700.0,698.0,700.0,0.0,1319,921831.0
2019-05-28,696.0,700.0,695.0,700.0,-1.27,610,425200.0
2019-05-27,705.0,712.0,704.0,709.0,2.01,750,529660.0
2019-05-26,695.0,698.0,695.0,695.0,-1.28,1873,1303158.0
2019-05-23,715.0,715.0,702.0,704.0,-0.14,1363,962305.0
2019-05-22,710.0,719.0,702.0,705.0,-0.7,2694,1909800.0
2019-05-21,710.0,713.0,704.0,710.0,-0.42,2758,1952679.0
2019-05-20,725.0,725.0,705.0,713.0,-3.52,1651,1172367.0
2019-05-19,719.0,739.0,715.0,739.0,2.78,1850,1331675.0
2019-05-16,720.0,728.0,717.0,719.0,-1.64,2056,1478300.0
2019-05-15,741.0,741.0,726.0,731.0,-1.22,528,387583.0
2019-05-14,760.0,762.0,740.0,740.0,-0.8,3202,2409830.0
2019-05-13,760.0,760.0,741.0,746.0,-0.93,3668,2745973.0
2019-05-12,739.0,769.0,738.0,753.0,3.86,10135,7662524.0
2019-05-09,730.0,744.0,717.0,725.0,0.69,3509,2559601.0
2019-05-08,710.0,724.0,710.0,720.0,0.7,478,343264.0
2019-05-07,721.0,721.0,715.0,715.0,-1.24,2080,1493550.0
2019-05-06,715.0,727.0,715.0,724.0,-0.14,816,590615.0
2019-05-05,736.0,736.0,717.0,725.0,0.42,2266,1630152.0
2019-05-02,738.0,745.0,720.0,722.0,-0.28,3120,2269110.0
2019-04-30,735.0,735.0,721.0,724.0,-3.21,2053,1490387.0
2019-04-29,770.0,774.0,732.0,748.0,-3.98,10336,7763125.0
2019-04-28,735.0,784.0,735.0,779.0,7.6,17994,13812933.0
2019-04-25,725.0,730.0,716.0,724.0,1.83,2270,1645582.0
2019-04-24,739.0,739.0,711.0,711.0,-2.2,1530,1107630.0
2019-04-23,738.0,760.0,720.0,727.0,0.41,3258,2393172.0
2019-04-22,728.0,745.0,715.0,724.0,0.98,9407,6839753.0
2019-04-21,708.0,717.0,707.0,717.0,1.99,2548,1813358.0
2019-04-18,729.0,734.0,703.0,703.0,-1.82,3608,2599757.0
2019-04-17,705.0,716.0,700.0,716.0,2.87,2875,2031025.0
2019-04-16,701.0,710.0,696.0,696.0,-0.57,3900,2757610.0
2019-04-15,690.0,700.0,690.0,700.0,0.72,925,640500.0
2019-04-11,696.0,700.0,695.0,695.0,-0.71,2010,1398975.0
2019-04-10,696.0,700.0,696.0,700.0,0.0,270,188800.0
2019-04-09,739.0,739.0,690.0,700.0,-3.45,2994,2156196.0
2019-04-08,695.0,725.0,695.0,725.0,5.07,7235,5088951.0
2019-04-07,690.0,690.0,680.0,690.0,0.73,955,653180.0
2019-04-04,671.0,685.0,671.0,685.0,0.44,1490,1010034.0
2019-04-03,672.0,683.0,672.0,682.0,1.49,2240,1505512.0
2019-04-02,675.0,675.0,672.0,672.0,0.3,900,605000.0
2019-04-01,679.0,679.0,670.0,670.0,-1.33,543,364770.0
2019-03-31,666.0,679.0,666.0,679.0,1.19,1946,1304680.0
2019-03-28,660.0,674.0,660.0,671.0,-0.45,2177,1459430.0
2019-03-26,665.0,674.0,665.0,674.0,0.6,138,92250.0
2019-03-25,668.0,674.0,665.0,670.0,0.15,1325,887660.0
2019-03-24,672.0,675.0,663.0,669.0,-0.45,6444,4319066.0
2019-03-21,682.0,682.0,672.0,672.0,-1.47,1902,1285156.0
2019-03-19,682.0,682.0,682.0,682.0,-1.87,10,6820.0
2019-03-18,705.0,705.0,695.0,695.0,-1.0,310,216150.0
2019-03-17,689.0,705.0,689.0,702.0,-0.14,447,314064.0
2019-03-14,690.0,703.0,690.0,703.0,0.29,1760,1236550.0
2019-03-13,725.0,729.0,701.0,701.0,-1.96,2636,1873876.0
2019-03-12,700.0,741.0,700.0,715.0,0.28,760,544950.0
2019-03-11,704.0,719.0,690.0,713.0,-0.7,5222,3719709.0
2019-03-10,685.0,718.0,685.0,718.0,3.46,879,607725.0
2019-03-07,676.0,694.0,676.0,694.0,0.87,2042,1408119.0
2019-03-06,665.0,688.0,665.0,688.0,1.47,70,47040.0
2019-03-05,666.0,691.0,666.0,678.0,0.0,650,440740.0
2019-03-03,678.0,678.0,678.0,678.0,1.95,20,13560.0
2019-02-27,670.0,670.0,665.0,665.0,-1.48,2411,1607715.0
2019-02-26,675.0,675.0,675.0,675.0,-1.75,400,270000.0
2019-02-25,661.0,687.0,661.0,687.0,5.86,426,286604.0
2019-02-24,665.0,665.0,649.0,649.0,-3.13,820,538100.0
2019-02-21,661.0,675.0,661.0,670.0,0.15,967,648896.0
2019-02-20,681.0,681.0,669.0,669.0,-3.6,534,358006.0
2019-02-19,675.0,694.0,675.0,694.0,2.66,1760,1199780.0
2019-02-18,651.0,676.0,647.0,676.0,2.42,1110,724970.0
2019-02-17,670.0,670.0,660.0,660.0,-1.79,580,383580.0
2019-02-14,673.0,674.0,665.0,672.0,-1.9,381,255582.0
2019-02-13,674.0,698.0,672.0,685.0,0.0,740,500240.0
2019-02-12,675.0,685.0,674.0,685.0,0.88,310,209300.0
2019-02-11,685.0,685.0,679.0,679.0,-0.59,907,617730.0
2019-02-10,709.0,709.0,683.0,683.0,-2.71,1199,825409.0
2019-02-07,682.0,703.0,680.0,702.0,2.33,2150,1473000.0
2019-02-06,681.0,697.0,681.0,686.0,-0.87,1261,865791.0
2019-02-05,692.0,692.0,692.0,692.0,-0.86,500,346000.0
2019-02-04,697.0,698.0,690.0,698.0,0.14,5012,3488195.0
2019-02-03,689.0,702.0,689.0,697.0,-0.85,1755,1221130.0
2019-01-31,710.0,710.0,702.0,703.0,-0.99,1596,1123097.0
2019-01-30,707.0,710.0,706.0,710.0,-0.7,345,244220.0
2019-01-29,715.0,716.0,709.0,715.0,-0.42,8798,6288833.0
2019-01-28,705.0,718.0,702.0,718.0,1.7,1508,1070170.0
2019-01-27,705.0,706.0,704.0,706.0,-1.67,913,643852.0
2019-01-24,704.0,724.0,704.0,718.0,0.14,6877,4887779.0
2019-01-23,709.0,717.0,708.0,717.0,2.28,4723,3356252.0
2019-01-22,708.0,709.0,700.0,701.0,0.72,1696,1189936.0
2019-01-21,721.0,721.0,696.0,696.0,-1.56,875,615200.0
2019-01-20,702.0,707.0,701.0,707.0,-0.56,506,355930.0
2019-01-17,736.0,736.0,711.0,711.0,-1.52,942,677524.0
2019-01-16,735.0,750.0,714.0,722.0,-1.5,3226,2366157.0
2019-01-15,703.0,733.0,703.0,733.0,6.23,5944,4295443.0
2019-01-14,696.0,705.0,690.0,690.0,-1.29,3127,2177475.0
2019-01-13,701.0,701.0,699.0,699.0,-1.96,700,489550.0
2019-01-10,712.0,713.0,712.0,713.0,0.85,110,78420.0
2019-01-09,712.0,712.0,706.0,707.0,1.14,310,220560.0
2019-01-08,702.0,705.0,699.0,699.0,-1.83,6487,4543207.0
2019-01-07,685.0,712.0,685.0,712.0,2.01,4406,3095288.0
2019-01-06,692.0,705.0,692.0,698.0,-1.13,2912,2031043.0
2019-01-03,711.0,711.0,701.0,706.0,-2.62,1583,1117588.0
2019-01-02,690.0,725.0,690.0,725.0,3.57,781,544230.0
2019-01-01,693.0,719.0,686.0,700.0,-1.41,3889,2732079.0
2018-12-31,710.0,720.0,705.0,710.0,-1.25,5190,3688820.0
2018-12-30,744.0,744.0,716.0,719.0,-1.51,3983,2887095.0
2018-12-27,745.0,756.0,723.0,730.0,-1.62,11750,8711928.0
2018-12-26,667.0,742.0,667.0,742.0,9.93,10219,7192680.0
2018-12-25,680.0,683.0,665.0,675.0,-0.74,2193,1472040.0
2018-12-24,692.0,714.0,664.0,680.0,0.15,10741,7380656.0
2018-12-23,630.0,679.0,630.0,679.0,9.87,7041,4617586.0
2018-12-20,619.0,631.0,618.0,618.0,1.81,4330,2698697.0
2018-12-19,605.0,629.0,605.0,607.0,-0.49,1188,723280.0
2018-12-18,630.0,642.0,607.0,610.0,-4.69,9493,5906762.0
2018-12-17,613.0,640.0,613.0,640.0,2.4,3576,2253961.0
2018-12-16,615.0,625.0,613.0,625.0,3.31,2484,1534404.0
2018-12-13,605.0,624.0,605.0,605.0,1.85,555,338730.0
2018-12-12,594.0,594.0,594.0,594.0,-1.98,10,5940.0
2018-12-11,615.0,615.0,606.0,606.0,-3.04,1104,674494.0
2018-12-10,630.0,630.0,618.0,625.0,1.13,1480,917600.0
2018-12-09,618.0,618.0,606.0,618.0,1.98,151,91898.0
2018-12-06,599.0,610.0,588.0,606.0,3.06,1841,1101193.0
2018-12-05,610.0,610.0,566.0,588.0,-4.7,1360,803710.0
2018-12-04,616.0,617.0,614.0,617.0,1.98,421,258885.0
2018-12-03,610.0,618.0,595.0,605.0,-0.17,12763,7675145.0
2018-12-02,630.0,642.0,606.0,606.0,-1.94,1129,697398.0
2018-11-29,630.0,630.0,618.0,618.0,-1.9,808,499764.0
2018-11-28,630.0,630.0,624.0,630.0,-1.87,2372,1483548.0
2018-11-27,629.0,668.0,627.0,642.0,0.47,1815,1174805.0
2018-11-26,646.0,646.0,639.0,639.0,-1.99,2841,1818819.0
2018-11-25,665.0,666.0,652.0,652.0,-3.41,264,174271.0
2018-11-22,675.0,675.0,675.0,675.0,0.0,716,483300.0
2018-11-21,675.0,675.0,675.0,675.0,0.45,50,33750.0
2018-11-20,675.0,685.0,659.0,672.0,-1.9,697,468974.0
2018-11-19,686.0,696.0,685.0,685.0,-1.58,960,658560.0
2018-11-18,702.0,705.0,692.0,692.0,-3.08,690,483330.0
2018-11-15,715.0,715.0,714.0,714.0,-1.92,1220,871280.0
2018-11-14,715.0,729.0,701.0,728.0,-0.14,433,309585.0
2018-11-13,715.0,729.0,701.0,729.0,3.99,1199,843737.0
2018-11-12,710.0,715.0,701.0,701.0,-1.96,94,66344.0
2018-11-11,721.0,734.0,715.0,715.0,-0.83,631,460290.0
2018-11-06,713.0,733.0,720.0,721.0,1.12,220,158810.0
2018-11-05,713.0,713.0,713.0,713.0,-0.97,802,571840.0
2018-11-04,720.0,720.0,720.0,720.0,0.0,140,100800.0
2018-11-01,720.0,720.0,720.0,720.0,0.56,549,395280.0
2018-10-31,730.0,730.0,716.0,716.0,-1.11,516,373656.0
2018-10-30,720.0,724.0,720.0,724.0,1.97,275,198180.0
2018-10-29,710.0,715.0,708.0,710.0,0.57,1160,823830.0
2018-10-28,733.0,733.0,706.0,706.0,-3.02,1230,898235.0
2018-10-25,729.0,742.0,728.0,728.0,1.82,1227,907636.0
2018-10-23,740.0,740.0,715.0,715.0,-3.38,1028,738725.0
2018-10-22,734.0,740.0,734.0,740.0,2.78,377,276778.0
2018-10-21,730.0,730.0,720.0,720.0,-1.37,704,508380.0
2018-10-15,733.0,740.0,730.0,730.0,1.39,435,318490.0
2018-10-14,721.0,722.0,720.0,720.0,-1.37,870,627170.0
2018-10-11,704.0,730.0,702.0,730.0,1.96,805,584345.0
2018-10-10,713.0,722.0,713.0,716.0,-1.24,952,680765.0
2018-10-09,733.0,733.0,725.0,725.0,-1.23,1225,889925.0
2018-10-08,730.0,736.0,725.0,734.0,2.23,1062,774060.0
2018-10-07,735.0,749.0,718.0,718.0,-1.64,1809,1318832.0
2018-10-04,749.0,749.0,725.0,730.0,-0.68,1946,1427280.0
2018-10-03,740.0,745.0,735.0,735.0,-1.34,2834,2087780.0
2018-10-02,750.0,760.0,740.0,745.0,-0.13,4312,3218021.0
2018-10-01,761.0,762.0,746.0,746.0,-3.74,861,648273.0
2018-09-30,778.0,778.0,762.0,775.0,-2.15,1875,1436525.0
2018-09-27,781.0,792.0,777.0,792.0,-0.5,549,427919.0
2018-09-26,800.0,808.0,783.0,796.0,-0.25,1890,1507072.0
2018-09-25,770.0,800.0,770.0,798.0,1.4,4994,3925567.0
2018-09-23,790.0,790.0,784.0,784.0,-2.0,280,219830.0
2018-09-20,799.0,805.0,785.0,800.0,-1.84,1621,1280938.0
2018-09-18,800.0,825.0,800.0,815.0,1.88,5764,4660689.0
2018-09-17,765.0,813.0,755.0,800.0,3.36,13168,10309356.0
2018-09-16,780.0,795.0,745.0,774.0,1.18,1565,1201728.0
2018-09-13,775.0,775.0,747.0,765.0,0.53,651,488650.0
2018-09-12,730.0,761.0,730.0,761.0,3.82,2572,1912628.0
2018-09-11,739.0,744.0,730.0,733.0,1.1,618,455960.0
2018-09-10,731.0,731.0,721.0,725.0,-2.68,790,572310.0
2018-09-09,775.0,775.0,745.0,745.0,-2.36,131,99425.0
2018-09-06,770.0,778.0,763.0,763.0,-1.68,4996,3839296.0
2018-09-05,759.0,790.0,759.0,776.0,3.74,4967,3836911.0
2018-09-03,734.0,763.0,733.0,748.0,3.03,1557,1155430.0
2018-09-02,715.0,730.0,715.0,726.0,0.14,1220,883200.0
2018-08-30,705.0,731.0,705.0,725.0,3.13,179,128176.0
2018-08-29,710.0,710.0,703.0,703.0,-0.99,639,451791.0
2018-08-28,710.0,710.0,710.0,710.0,0.42,300,213000.0
2018-08-26,712.0,712.0,700.0,707.0,-2.21,1899,1332680.0
2018-08-23,723.0,723.0,723.0,723.0,1.97,10,7230.0
2018-08-22,712.0,714.0,708.0,709.0,0.14,3756,2668084.0
2018-08-21,701.0,714.0,701.0,708.0,0.43,944,663918.0
2018-08-20,715.0,715.0,705.0,705.0,-2.89,662,469250.0
2018-08-19,730.0,730.0,726.0,726.0,-1.89,850,617350.0
2018-08-16,735.0,758.0,735.0,740.0,-1.33,2854,2137817.0
2018-08-15,712.0,750.0,712.0,750.0,4.17,2041,1500236.0
2018-08-14,724.0,724.0,704.0,720.0,1.41,3464,2467316.0
2018-08-13,700.0,715.0,692.0,710.0,0.85,5693,3988350.0
2018-08-12,730.0,730.0,704.0,704.0,-3.56,6360,4607198.0
2018-08-09,730.0,730.0,727.0,730.0,0.0,1696,1236790.0
2018-08-08,726.0,730.0,726.0,730.0,0.41,710,517660.0
2018-08-07,727.0,727.0,727.0,727.0,-0.82,160,116320.0
2018-08-05,745.0,745.0,730.0,733.0,0.27,3765,2759645.0
2018-08-02,735.0,741.0,730.0,731.0,-1.35,2741,2011482.0
2018-08-01,746.0,746.0,741.0,741.0,0.0,150,111230.0
2018-07-31,755.0,755.0,741.0,741.0,-1.85,38,28388.0
2018-07-30,757.0,757.0,750.0,755.0,1.62,779,587403.0
2018-07-29,758.0,758.0,743.0,743.0,-0.13,29,21832.0
2018-07-26,750.0,755.0,744.0,744.0,-2.62,949,710605.0
2018-07-25,764.0,779.0,764.0,764.0,-0.26,550,420950.0
2018-07-24,751.0,780.0,751.0,766.0,2.13,1240,953000.0
2018-07-23,735.0,755.0,735.0,750.0,0.0,2851,2135459.0
2018-07-22,760.0,760.0,738.0,750.0,-2.09,750,560990.0
2018-07-19,763.0,773.0,763.0,766.0,-1.16,1529,1168127.0
2018-07-18,771.0,775.0,767.0,775.0,-1.4,2669,2064935.0
2018-07-17,795.0,795.0,786.0,786.0,0.77,550,436350.0
2018-07-16,790.0,798.0,780.0,780.0,-0.64,3753,2942655.0
2018-07-15,785.0,785.0,775.0,785.0,1.95,1179,923246.0
2018-07-12,775.0,780.0,770.0,770.0,-2.53,1957,1514815.0
2018-07-11,779.0,820.0,779.0,790.0,0.0,1850,1464030.0
2018-07-10,802.0,817.0,785.0,790.0,0.38,1882,1482702.0
2018-07-09,793.0,799.0,785.0,787.0,-2.72,1372,1085237.0
2018-07-08,830.0,833.0,800.0,809.0,-0.74,6288,5124633.0
2018-07-05,789.0,815.0,783.0,815.0,5.3,3377,2690139.0
2018-07-04,760.0,780.0,760.0,774.0,1.84,1211,929290.0
2018-07-03,760.0,762.0,760.0,760.0,-0.26,2609,1983440.0
2018-07-02,735.0,762.0,733.0,762.0,2.28,845,632725.0
2018-07-01,755.0,755.0,740.0,745.0,-3.12,577,431483.0
2018-06-28,782.0,782.0,769.0,769.0,-0.13,499,385100.0
2018-06-27,752.0,780.0,752.0,770.0,0.65,521,400762.0
2018-06-26,782.0,782.0,765.0,765.0,-2.3,924,715948.0
2018-06-25,780.0,790.0,780.0,783.0,-0.38,1025,805860.0
2018-06-24,787.0,802.0,786.0,786.0,1.81,105,82740.0
2018-06-21,780.0,794.0,772.0,772.0,-1.03,2488,1944418.0
2018-06-20,775.0,780.0,775.0,780.0,-0.26,217,168275.0
2018-06-19,790.0,790.0,782.0,782.0,-1.01,2393,1882305.0
2018-06-18,782.0,810.0,782.0,790.0,-0.63,2917,2312665.0
2018-06-17,803.0,803.0,795.0,795.0,-1.85,1415,1129755.0
2018-06-14,815.0,828.0,810.0,810.0,0.12,1115,907625.0
2018-06-13,811.0,826.0,809.0,809.0,-1.94,1300,1055940.0
2018-06-12,801.0,825.0,800.0,825.0,1.85,3583,2909192.0
2018-06-11,804.0,825.0,785.0,810.0,2.53,3042,2452078.0
2018-06-10,808.0,812.0,790.0,790.0,-3.42,7798,6234098.0
2018-06-07,840.0,859.0,818.0,818.0,-2.04,7563,6234541.0
2018-06-06,851.0,868.0,835.0,835.0,0.0,9325,7887908.0
2018-06-04,840.0,852.0,810.0,835.0,1.34,5633,4661150.0
2018-06-03,840.0,873.0,824.0,824.0,-3.51,8210,6961050.0
2018-05-31,882.0,886.0,854.0,854.0,-2.29,3637,3140866.0
2018-05-30,871.0,904.0,863.0,874.0,-0.91,13831,12331568.0
2018-05-29,836.0,900.0,820.0,882.0,3.52,17569,15358720.0
2018-05-28,820.0,875.0,820.0,852.0,4.41,7483,6309540.0
2018-05-27,816.0,819.0,801.0,816.0,-1.92,1420,1160620.0
2018-05-24,820.0,852.0,820.0,832.0,0.48,4896,4094140.0
2018-05-23,828.0,844.0,828.0,828.0,-1.9,3067,2569302.0
2018-05-22,845.0,850.0,844.0,844.0,-1.86,1050,889800.0
2018-05-21,832.0,860.0,832.0,860.0,2.14,6637,5622871.0
2018-05-20,855.0,873.0,840.0,842.0,0.24,5195,4405999.0
2018-05-17,832.0,848.0,829.0,840.0,0.96,812,680194.0
2018-05-16,831.0,847.0,831.0,832.0,-1.77,2133,1781401.0
2018-05-15,818.0,847.0,818.0,847.0,1.56,130,108690.0
2018-05-14,844.0,854.0,830.0,834.0,-3.14,3009,2535076.0
2018-05-10,860.0,865.0,843.0,861.0,-0.92,2540,2171010.0
2018-05-09,853.0,875.0,824.0,869.0,-0.11,3762,3251696.0
2018-05-08,830.0,870.0,830.0,870.0,3.82,3729,3169566.0
2018-05-07,825.0,850.0,825.0,838.0,-0.36,5752,4835789.0
2018-05-06,834.0,858.0,834.0,841.0,-0.71,2387,2018179.0
2018-05-03,871.0,875.0,826.0,847.0,-0.94,12678,10889410.0
2018-05-02,826.0,856.0,801.0,855.0,5.56,6174,5140329.0
2018-04-29,816.0,846.0,800.0,810.0,-2.41,6635,5420198.0
2018-04-26,887.0,887.0,827.0,830.0,-4.6,7445,6308979.0
2018-04-25,862.0,895.0,862.0,870.0,-0.91,3328,2928752.0
2018-04-24,860.0,903.0,836.0,878.0,0.92,12816,11280088.0
2018-04-23,881.0,909.0,835.0,870.0,-1.14,11801,10370341.0
2018-04-22,825.0,880.0,815.0,880.0,8.11,7311,6197179.0
2018-04-19,799.0,830.0,790.0,814.0,-0.12,6228,5065788.0
2018-04-18,861.0,879.0,811.0,815.0,-3.78,9070,7657444.0
2018-04-17,785.0,847.0,775.0,847.0,10.0,16584,13654240.0
2018-04-16,714.0,770.0,709.0,770.0,10.0,11109,8321958.0
2018-04-15,693.0,700.0,675.0,700.0,2.94,4731,3250287.0
2018-04-12,676.0,685.0,667.0,680.0,2.56,8093,5459186.0
2018-04-11,650.0,663.0,650.0,663.0,3.27,320,210860.0
2018-04-10,654.0,681.0,640.0,642.0,-1.98,3095,2032454.0
2018-04-09,663.0,689.0,652.0,655.0,0.77,8005,5349282.0
2018-04-08,626.0,660.0,625.0,650.0,5.86,7021,4491030.0
2018-04-05,613.0,631.0,596.0,614.0,2.16,1348,828868.0
2018-04-04,580.0,602.0,580.0,601.0,4.52,1950,1147870.0
2018-04-03,570.0,575.0,570.0,575.0,0.88,152,87000.0
2018-04-02,581.0,581.0,570.0,570.0,0.0,149,86030.0
2018-04-01,600.0,600.0,570.0,570.0,-3.39,682,399528.0
2018-03-29,565.0,590.0,560.0,590.0,3.51,2637,1507072.0
2018-03-28,590.0,594.0,565.0,570.0,-2.56,2827,1643318.0
2018-03-27,568.0,605.0,561.0,585.0,1.04,2996,1742024.0
2018-03-26,593.0,593.0,545.0,579.0,-4.3,1290,730974.0
2018-03-22,592.0,633.0,588.0,605.0,0.33,2053,1242315.0
2018-03-21,632.0,632.0,603.0,603.0,-4.74,880,545780.0
2018-03-20,642.0,642.0,632.0,633.0,-3.36,260,164770.0
2018-03-19,660.0,660.0,648.0,655.0,-0.76,1429,935238.0
2018-03-18,670.0,670.0,657.0,660.0,0.0,735,484887.0
2018-03-15,651.0,660.0,651.0,660.0,0.76,1635,1078215.0
2018-03-14,653.0,655.0,645.0,655.0,0.0,1311,857160.0
2018-03-13,655.0,655.0,655.0,655.0,-1.5,100,65500.0
2018-03-12,648.0,670.0,635.0,665.0,0.76,2303,1512775.0
2018-03-11,686.0,686.0,660.0,660.0,-5.58,420,282890.0
2018-03-07,698.0,701.0,685.0,699.0,2.04,2097,1461293.0
2018-03-06,660.0,698.0,635.0,685.0,2.24,1284,865682.0
2018-03-05,686.0,686.0,660.0,670.0,-4.29,984,658713.0
2018-03-04,712.0,712.0,700.0,700.0,-1.69,1250,889400.0
2018-02-28,725.0,734.0,711.0,712.0,-3.13,994,711227.0
2018-02-27,749.0,755.0,735.0,735.0,0.0,1850,1381600.0
2018-02-26,750.0,750.0,735.0,735.0,-2.0,270,198650.0
2018-02-25,760.0,760.0,750.0,750.0,-1.32,800,600550.0
2018-02-22,762.0,762.0,760.0,760.0,-0.78,20,15220.0
2018-02-21,766.0,766.0,766.0,766.0,-1.92,50,38300.0
2018-02-20,805.0,805.0,781.0,781.0,-1.14,1070,844542.0
2018-02-18,805.0,815.0,790.0,790.0,0.0,2995,2396815.0
2018-02-15,763.0,801.0,760.0,790.0,0.0,4081,3174534.0
2018-02-14,740.0,763.0,750.0,763.0,0.0,371,280804.0
2018-02-12,750.0,740.0,735.0,740.0,0.0,112,82792.0
2018-02-11,765.0,795.0,750.0,750.0,0.0,251,190230.0
2018-02-08,740.0,765.0,720.0,765.0,0.0,1295,947280.0
2018-02-07,757.0,754.0,740.0,740.0,0.0,1052,788958.0
2018-02-06,761.0,762.0,755.0,757.0,0.0,360,273438.0
2018-02-05,770.0,769.0,760.0,761.0,0.0,42,32027.0
2018-02-04,770.0,775.0,770.0,770.0,0.0,2635,2029710.0
2018-02-01,775.0,772.0,770.0,770.0,0.0,380,292860.0
2018-01-31,753.0,775.0,750.0,775.0,0.0,512,386390.0
2018-01-29,764.0,753.0,753.0,753.0,0.0,12,9036.0
2018-01-28,777.0,780.0,764.0,764.0,0.0,550,422680.0
2018-01-25,775.0,778.0,766.0,777.0,0.0,242,187615.0
2018-01-24,775.0,775.0,775.0,775.0,0.0,100,77500.0
2018-01-23,790.0,790.0,775.0,775.0,0.0,40,31300.0
2018-01-22,805.0,800.0,790.0,790.0,0.0,450,357100.0
2018-01-21,800.0,816.0,805.0,805.0,0.0,240,194850.0
2018-01-17,775.0,805.0,790.0,800.0,0.0,400,319750.0
2018-01-16,817.0,801.0,775.0,775.0,0.0,735,577175.0
2018-01-10,840.0,833.0,814.0,817.0,0.0,840,690200.0
2018-01-09,825.0,840.0,825.0,840.0,0.0,635,527065.0
2018-01-08,810.0,826.0,805.0,825.0,0.0,830,673060.0
2018-01-07,795.0,810.0,795.0,810.0,0.0,786,628460.0
2018-01-04,805.0,795.0,795.0,795.0,0.0,10,7950.0
2018-01-03,826.0,820.0,805.0,805.0,0.0,140,114200.0
2018-01-02,829.0,845.0,825.0,826.0,0.0,785,651075.0
2018-01-01,794.0,829.0,800.0,829.0,0.0,1837,1481652.0
2017-12-31,800.0,800.0,787.0,794.0,0.0,1447,1147677.0
2017-12-28,798.0,800.0,790.0,800.0,0.0,1390,1103600.0
2017-12-27,829.0,829.0,798.0,798.0,0.0,910,728655.0
2017-12-26,845.0,830.0,829.0,829.0,0.0,100,82950.0
2017-12-21,860.0,855.0,843.0,845.0,0.0,680,574950.0
2017-12-19,860.0,877.0,855.0,860.0,0.0,420,361670.0
2017-12-18,870.0,887.0,860.0,860.0,0.0,1310,1140570.0
2017-12-17,890.0,890.0,870.0,870.0,0.0,2235,1953705.0
2017-12-14,898.0,893.0,881.0,890.0,0.0,1380,1223623.0
2017-12-13,881.0,898.0,877.0,898.0,0.0,381,338580.0
2017-12-12,925.0,912.0,881.0,881.0,0.0,791,711022.0
2017-12-10,935.0,935.0,925.0,925.0,0.0,400,371850.0
2017-12-06,935.0,955.0,926.0,935.0,0.0,690,647270.0
2017-12-05,945.0,945.0,931.0,935.0,0.0,1014,953962.0
2017-12-04,968.0,949.0,935.0,945.0,0.0,1706,1605220.0
2017-11-30,1174.0,1195.0,1165.0,1185.0,0.0,7721,9087281.0
2017-11-29,1160.0,1206.0,1170.0,1174.0,0.0,3800,4501059.0
2017-11-28,1175.0,1185.0,1156.0,1160.0,0.0,1145,1333580.0
2017-11-27,1170.0,1175.0,1169.0,1175.0,0.0,838,982040.0
2017-11-26,1147.0,1170.0,1165.0,1170.0,0.0,638,745330.0
2017-11-23,1170.0,1173.0,1147.0,1147.0,0.0,938,1086156.0
2017-11-22,1180.0,1185.0,1170.0,1170.0,0.0,1260,1480290.0
2017-11-21,1150.0,1180.0,1160.0,1180.0,0.0,1714,2010798.0
2017-11-20,1150.0,1150.0,1128.0,1150.0,0.0,2675,3069404.0
2017-11-19,1190.0,1168.0,1145.0,1150.0,0.0,1415,1628665.0
2017-11-16,1185.0,1190.0,1162.0,1190.0,0.0,3538,4134110.0
2017-11-15,1170.0,1190.0,1170.0,1185.0,0.0,2094,2461280.0
2017-11-14,1138.0,1175.0,1140.0,1170.0,0.0,4145,4839290.0
2017-11-13,1095.0,1138.0,1116.0,1138.0,0.0,1998,2255438.0
2017-11-12,1074.0,1095.0,1056.0,1095.0,0.0,731,785720.0
2017-11-09,1090.0,1122.0,1069.0,1074.0,0.0,2492,2692356.0
2017-11-08,1108.0,1090.0,1075.0,1090.0,0.0,266,289164.0
2017-11-07,1100.0,1130.0,1108.0,1108.0,0.0,96,106728.0
2017-11-06,1123.0,1150.0,1100.0,1100.0,0.0,1979,2207537.0
2017-11-05,1190.0,1167.0,1123.0,1123.0,0.0,920,1049300.0
2017-11-02,1395.0,1430.0,1400.0,1428.0,0.0,6339,8939969.0
2017-11-01,1450.0,1450.0,1395.0,1395.0,0.0,2670,3801862.0
2017-10-31,1462.0,1461.0,1450.0,1450.0,0.0,1830,2662880.0
2017-10-30,1465.0,1470.0,1460.0,1462.0,0.0,335,490300.0
2017-10-29,1485.0,1483.0,1460.0,1465.0,0.0,2800,4109466.0
2017-10-25,1475.0,1495.0,1455.0,1485.0,0.0,5040,7439985.0
2017-10-24,1480.0,1490.0,1460.0,1475.0,0.0,2292,3360874.0
2017-10-23,1485.0,1500.0,1470.0,1480.0,0.0,620,915960.0
2017-10-22,1498.0,1500.0,1479.0,1485.0,0.0,1282,1910398.0
2017-10-18,1450.0,1498.0,1421.0,1498.0,0.0,1367,1983735.0
2017-10-17,1475.0,1500.0,1450.0,1450.0,0.0,655,963850.0
2017-10-16,1420.0,1475.0,1447.0,1475.0,0.0,797,1167320.0
2017-10-15,1430.0,1420.0,1420.0,1420.0,0.0,550,781000.0
2017-10-12,1445.0,1437.0,1430.0,1430.0,0.0,895,1282510.0
2017-10-11,1395.0,1450.0,1422.0,1445.0,0.0,1636,2352435.0
2017-10-10,1410.0,1410.0,1395.0,1395.0,0.0,2086,2921970.0
2017-10-09,1401.0,1410.0,1390.0,1410.0,0.0,1071,1504673.0
2017-10-08,1474.0,1450.0,1385.0,1401.0,0.0,3520,4939750.0
2017-10-04,1448.0,1474.0,1426.0,1474.0,0.0,3172,4559748.0
2017-10-03,1443.0,1448.0,1420.0,1448.0,0.0,210,298480.0
2017-09-26,1445.0,1445.0,1425.0,1443.0,0.0,1790,2574280.0
2017-09-25,1431.0,1450.0,1430.0,1445.0,0.0,1493,2142092.0
2017-09-24,1423.0,1445.0,1430.0,1431.0,0.0,1641,2356365.0
2017-09-20,1425.0,1424.0,1396.0,1423.0,0.0,622,877292.0
2017-09-18,1435.0,1425.0,1407.0,1425.0,0.0,1341,1892420.0
2017-09-17,1429.0,1439.0,1406.0,1435.0,0.0,1991,2840271.0
2017-09-14,1376.0,1429.0,1385.0,1429.0,0.0,1204,1695246.0
2017-09-13,1380.0,1425.0,1376.0,1376.0,0.0,4728,6568262.0
2017-09-12,1405.0,1405.0,1380.0,1380.0,0.0,4042,5611494.0
2017-09-11,1386.0,1441.0,1400.0,1405.0,0.0,1989,2813565.0
2017-09-10,1440.0,1421.0,1386.0,1386.0,0.0,1623,2276380.0
2017-09-07,1470.0,1470.0,1440.0,1440.0,0.0,2264,3276025.0
2017-09-06,1480.0,1470.0,1450.0,1470.0,0.0,1192,1738942.0
2017-09-04,1513.0,1510.0,1480.0,1480.0,0.0,1019,1519793.0
2017-08-31,1513.0,1543.0,1500.0,1513.0,0.0,1365,2066565.0
2017-08-30,1542.0,1540.0,1513.0,1513.0,0.0,5067,7768265.0
2017-08-28,1558.0,1543.0,1542.0,1542.0,0.0,370,570740.0
2017-08-27,1565.0,1565.0,1550.0,1558.0,0.0,3133,4871980.0
2017-08-24,1550.0,1570.0,1530.0,1565.0,0.0,1898,2960270.0
2017-08-23,1560.0,1560.0,1545.0,1550.0,0.0,946,1467166.0
2017-08-22,1535.0,1570.0,1540.0,1560.0,0.0,766,1195090.0
2017-08-21,1537.0,1550.0,1531.0,1535.0,0.0,2099,3223485.0
2017-08-20,1559.0,1540.0,1536.0,1537.0,0.0,1100,1690500.0
2017-08-17,1564.0,1564.0,1547.0,1559.0,0.0,2561,3981193.0
2017-08-16,1530.0,1570.0,1550.0,1564.0,0.0,2477,3859716.0
2017-08-15,1560.0,1570.0,1530.0,1530.0,0.0,2948,4578002.0
2017-08-13,1575.0,1573.0,1550.0,1560.0,0.0,4246,6590779.0
2017-08-10,1572.0,1579.0,1570.0,1575.0,0.0,8648,13586032.0
2017-08-09,1565.0,1596.0,1570.0,1572.0,0.0,3562,5607761.0
2017-08-07,1585.0,1600.0,1560.0,1565.0,0.0,2932,4606100.0
2017-08-06,1600.0,1615.0,1585.0,1585.0,0.0,978,1565065.0
2017-08-03,1612.0,1614.0,1598.0,1600.0,0.0,2522,4042276.0
2017-08-02,1621.0,1621.0,1610.0,1612.0,0.0,3904,6303437.0
2017-08-01,1624.0,1640.0,1618.0,1621.0,0.0,3320,5388194.0
2017-07-31,1618.0,1628.0,1610.0,1624.0,0.0,7531,12178855.0
2017-07-30,1647.0,1667.0,1618.0,1618.0,0.0,7789,12693485.0
2017-07-27,1660.0,1723.0,1626.0,1647.0,0.0,15430,25568040.0
2017-07-26,1585.0,1660.0,1600.0,1660.0,0.0,28185,45947848.0
2017-07-25,1550.0,1591.0,1550.0,1585.0,0.0,7173,11292311.0
2017-07-24,1570.0,1598.0,1540.0,1550.0,0.0,13375,21067524.0
2017-07-23,1521.0,1576.0,1527.0,1570.0,0.0,18150,28177060.0
2017-07-20,1504.0,1535.0,1500.0,1521.0,0.0,11187,16948216.0
2017-07-19,1465.0,1560.0,1469.0,1504.0,0.0,9024,13559154.0
2017-07-18,1440.0,1509.0,1460.0,1465.0,0.0,2553,3774239.0
2017-07-17,1425.0,1440.0,1420.0,1440.0,0.0,1523,2174844.0
2017-07-16,1410.0,1425.0,1410.0,1425.0,0.0,213,301675.0
2017-07-13,1420.0,1420.0,1400.0,1410.0,0.0,953,1346240.0
2017-07-12,1404.0,1420.0,1391.0,1420.0,0.0,340,479920.0
2017-07-11,1418.0,1430.0,1404.0,1404.0,0.0,2163,3069267.0
2017-07-10,1405.0,1418.0,1392.0,1418.0,0.0,934,1318414.0
2017-07-09,1445.0,1425.0,1385.0,1405.0,0.0,3205,4526632.0
2017-07-06,1385.0,1445.0,1383.0,1445.0,0.0,1907,2679376.0
2017-07-05,1367.0,1394.0,1370.0,1385.0,0.0,1252,1729590.0
2017-07-04,1375.0,1375.0,1366.0,1367.0,0.0,541,740357.0
2017-07-03,1380.0,1420.0,1371.0,1375.0,0.0,2083,2893358.0
2017-07-02,1410.0,1400.0,1371.0,1380.0,0.0,2399,3309112.0
2017-06-28,1420.0,1429.0,1405.0,1410.0,0.0,1966,2786710.0
2017-06-27,1420.0,1420.0,1415.0,1420.0,0.0,530,752100.0
2017-06-25,1420.0,1448.0,1420.0,1420.0,0.0,507,723899.0
2017-06-22,1425.0,1450.0,1417.0,1420.0,0.0,1658,2384487.0
2017-06-21,1421.0,1430.0,1421.0,1425.0,0.0,700,998900.0
2017-06-20,1430.0,1435.0,1405.0,1421.0,0.0,890,1264600.0
2017-06-19,1455.0,1466.0,1426.0,1430.0,0.0,2044,2948808.0
2017-06-18,1470.0,1470.0,1455.0,1455.0,0.0,1400,2043300.0
2017-06-15,1455.0,1500.0,1425.0,1470.0,0.0,1030,1495880.0
2017-06-14,1426.0,1460.0,1425.0,1455.0,0.0,2019,2907886.0
2017-06-13,1420.0,1448.0,1415.0,1426.0,0.0,952,1358246.0
2017-06-12,1423.0,1435.0,1406.0,1420.0,0.0,1509,2154513.0
2017-06-11,1475.0,1450.0,1423.0,1423.0,0.0,986,1416928.0
2017-06-08,1459.0,1499.0,1475.0,1475.0,0.0,1305,1941840.0
2017-06-07,1505.0,1535.0,1450.0,1459.0,0.0,3490,5197875.0
2017-06-06,1477.0,1505.0,1485.0,1505.0,0.0,2753,4117424.0
2017-06-05,1442.0,1477.0,1465.0,1477.0,0.0,2574,3783608.0
2017-06-04,1481.0,1487.0,1436.0,1442.0,0.0,3710,5347690.0
2017-06-01,1500.0,1530.0,1475.0,1481.0,0.0,2246,3349555.0
2017-05-31,1450.0,1500.0,1429.0,1500.0,0.0,2900,4298090.0
2017-05-30,1482.0,1460.0,1433.0,1450.0,0.0,1928,2800006.0
2017-05-28,1505.0,1486.0,1480.0,1482.0,0.0,500,740900.0
2017-05-24,1480.0,1509.0,1480.0,1505.0,0.0,1387,2087760.0
2017-05-23,1489.0,1518.0,1480.0,1480.0,0.0,1460,2194650.0
2017-05-22,1486.0,1489.0,1457.0,1489.0,0.0,615,905050.0
2017-05-21,1510.0,1515.0,1486.0,1486.0,0.0,2350,3543730.0
2017-05-18,1525.0,1516.0,1487.0,1510.0,0.0,3649,5493987.0
2017-05-17,1500.0,1545.0,1495.0,1525.0,0.0,6080,9194311.0
2017-05-16,1502.0,1502.0,1480.0,1500.0,0.0,2290,3422275.0
2017-05-15,1430.0,1515.0,1457.0,1502.0,0.0,5449,8119157.0
2017-05-11,1411.0,1435.0,1411.0,1430.0,0.0,825,1177765.0
2017-05-09,1421.0,1445.0,1411.0,1411.0,0.0,2040,2893827.0
2017-05-08,1415.0,1435.0,1400.0,1421.0,0.0,1618,2297364.0
2017-05-07,1450.0,1459.0,1415.0,1415.0,0.0,650,930000.0
2017-05-04,1450.0,1455.0,1415.0,1450.0,0.0,1336,1921870.0
2017-05-03,1450.0,1465.0,1450.0,1450.0,0.0,565,823275.0
2017-05-02,1434.0,1479.0,1406.0,1450.0,0.0,1621,2337804.0
2017-04-30,1460.0,1460.0,1425.0,1434.0,0.0,1728,2496421.0
2017-04-27,1457.0,1485.0,1430.0,1460.0,0.0,2615,3808650.0
2017-04-26,1490.0,1519.0,1455.0,1457.0,0.0,2725,4020650.0
2017-04-25,1480.0,1508.0,1470.0,1490.0,0.0,1965,2919984.0
2017-04-24,1516.0,1524.0,1465.0,1480.0,0.0,3670,5483950.0
2017-04-23,1499.0,1588.0,1495.0,1516.0,0.0,6505,9933850.0
2017-04-20,1500.0,1584.0,1478.0,1499.0,0.0,7793,11826670.0
2017-04-19,1399.0,1500.0,1390.0,1500.0,0.0,5566,8026778.0
2017-04-18,1425.0,1450.0,1340.0,1399.0,0.0,10288,14351763.0
2017-04-16,1520.0,1520.0,1422.0,1425.0,0.0,6307,9263760.0
2017-04-13,1510.0,1560.0,1452.0,1520.0,0.0,7076,10770714.0
2017-04-12,1526.0,1600.0,1510.0,1510.0,0.0,10398,16322620.0
2017-04-11,1515.0,1575.0,1500.0,1526.0,0.0,9085,13924913.0
2017-04-10,1414.0,1540.0,1441.0,1515.0,0.0,10744,16095509.0
2017-04-09,1336.0,1417.0,1362.0,1414.0,0.0,12458,17372208.0
2017-04-06,1330.0,1350.0,1320.0,1336.0,0.0,3314,4431445.0
2017-04-04,1344.0,1377.0,1295.0,1330.0,0.0,12437,16556264.0
2017-04-03,1222.0,1344.0,1246.0,1344.0,0.0,13616,18177068.0
2017-04-02,1111.0,1222.0,1133.0,1222.0,0.0,50,58890.0
2017-03-30,1108.0,1150.0,1065.0,1111.0,0.0,7324,8251076.0
2017-03-29,1100.0,1182.0,1100.0,1108.0,0.0,16985,19276070.0
2017-03-28,1000.0,1100.0,1020.0,1100.0,0.0,4463,4805796.0
2017-03-26,965.0,1020.0,965.0,1000.0,0.0,7732,7696794.0
2017-03-23,965.0,980.0,945.0,965.0,0.0,6325,6086025.0
2017-03-22,965.0,1010.0,965.0,965.0,0.0,10737,10603717.0
2017-03-21,951.0,990.0,930.0,965.0,0.0,15539,15080144.0
2017-03-20,865.0,951.0,870.0,951.0,0.0,20160,18763264.0
2017-03-19,818.0,867.0,821.0,865.0,0.0,5605,4752880.0
2017-03-16,810.0,818.0,803.0,818.0,0.0,1047,847411.0
2017-03-15,800.0,816.0,798.0,810.0,0.0,1690,1367700.0
2017-03-14,806.0,822.0,800.0,800.0,0.0,1630,1306770.0
2017-03-13,810.0,842.0,790.0,806.0,0.0,3132,2519992.0
2017-03-09,806.0,820.0,810.0,810.0,0.0,1520,1235260.0
2017-03-07,801.0,812.0,780.0,806.0,0.0,4965,3930434.0
2017-03-06,817.0,848.0,801.0,801.0,0.0,2590,2122010.0
2017-03-05,792.0,859.0,800.0,817.0,0.0,7048,5815516.0
2017-03-02,770.0,792.0,755.0,792.0,0.0,6610,5061533.0
2017-03-01,744.0,786.0,740.0,770.0,0.0,5275,3978850.0
2017-02-28,770.0,770.0,726.0,744.0,0.0,5140,3813470.0
2017-02-26,806.0,790.0,760.0,770.0,0.0,2350,1806130.0
2017-02-23,800.0,823.0,789.0,806.0,0.0,1975,1582980.0
2017-02-22,830.0,846.0,798.0,800.0,0.0,4336,3576526.0
2017-02-21,830.0,870.0,800.0,830.0,0.0,7382,6170230.0
2017-02-20,852.0,903.0,826.0,830.0,0.0,13390,11618950.0
2017-02-19,842.0,878.0,798.0,852.0,0.0,9347,7945070.0
2017-02-16,800.0,844.0,800.0,842.0,0.0,5117,4186173.0
2017-02-15,744.0,800.0,753.0,800.0,0.0,2918,2251406.0
2017-02-14,717.0,744.0,690.0,744.0,0.0,1947,1382555.0
2017-02-13,783.0,861.0,715.0,860.0,0.0,2824,2181791.0
2017-02-12,868.0,851.0,782.0,783.0,0.0,2603,2084880.0
2017-02-09,950.0,932.0,868.0,868.0,0.0,2650,2427480.0
2017-02-08,970.0,974.0,936.0,950.0,0.0,989,944149.0
2017-02-07,1000.0,999.0,970.0,970.0,0.0,1794,1753270.0
2017-02-06,1020.0,1020.0,1000.0,1000.0,0.0,150,150400.0
2017-02-05,1034.0,1050.0,1020.0,1020.0,0.0,900,933300.0
2017-02-02,1036.0,1077.0,997.0,1034.0,0.0,5037,5278205.0
2017-02-01,945.0,1039.0,963.0,1036.0,0.0,1805,1834840.0
2017-01-31,972.0,1000.0,945.0,945.0,0.0,1962,1890045.0
2017-01-30,1080.0,1059.0,972.0,972.0,0.0,1970,1929260.0
2017-01-26,1081.0,1080.0,1020.0,1080.0,0.0,2332,2437114.0
2017-01-25,1105.0,1100.0,1047.0,1081.0,0.0,4462,4794160.0
2017-01-24,1156.0,1148.0,1105.0,1105.0,0.0,367,415215.0
2017-01-23,1135.0,1156.0,1113.0,1156.0,0.0,1710,1907130.0
2017-01-22,1143.0,1145.0,1132.0,1135.0,0.0,216,245010.0
2017-01-19,1164.0,1150.0,1143.0,1143.0,0.0,1229,1409089.0
2017-01-18,1145.0,1164.0,1164.0,1164.0,0.0,10,11640.0
2017-01-17,1140.0,1145.0,1120.0,1145.0,0.0,2675,3037550.0
2017-01-16,1185.0,1162.0,1140.0,1140.0,0.0,160,182670.0
2017-01-15,1174.0,1185.0,1185.0,1185.0,0.0,10,11850.0
2017-01-12,1160.0,1206.0,1151.0,1174.0,0.0,1510,1756910.0
2017-01-11,1191.0,1175.0,1150.0,1160.0,0.0,1686,1955665.0
2017-01-10,1150.0,1191.0,1150.0,1191.0,0.0,2973,3463813.0
2017-01-09,1130.0,1150.0,1130.0,1150.0,0.0,500,572800.0
2017-01-08,1140.0,1142.0,1120.0,1130.0,0.0,1818,2053644.0
2017-01-05,1182.0,1182.0,1140.0,1140.0,0.0,1480,1710660.0
2017-01-04,1140.0,1185.0,1108.0,1182.0,0.0,3849,4410830.0
2017-01-03,1209.0,1214.0,1140.0,1140.0,0.0,4412,5129510.0
2017-01-02,1173.0,1209.0,1165.0,1209.0,0.0,3932,4683405.0
2017-01-01,1149.0,1190.0,1150.0,1173.0,0.0,5498,6375731.0
2016-12-29,1070.0,1177.0,1091.0,1149.0,0.0,4141,4678829.0
2016-12-28,1105.0,1122.0,1070.0,1070.0,0.0,2375,2601070.0
2016-12-27,1200.0,1220.0,1100.0,1105.0,0.0,1921,2153320.0
2016-12-26,1226.0,1202.0,1177.0,1200.0,0.0,370,441856.0
2016-12-22,1240.0,1250.0,1226.0,1226.0,0.0,1221,1502899.0
2016-12-21,1274.0,1250.0,1226.0,1240.0,0.0,945,1168200.0
2016-12-20,1305.0,1300.0,1274.0,1274.0,0.0,360,461300.0
2016-12-19,1316.0,1314.0,1288.0,1305.0,0.0,800,1039700.0
2016-12-18,1276.0,1316.0,1299.0,1316.0,0.0,2949,3848790.0
2016-12-15,1270.0,1295.0,1276.0,1276.0,0.0,1191,1531354.0
2016-12-14,1280.0,1305.0,1270.0,1270.0,0.0,743,952090.0
2016-12-12,1274.0,1280.0,1215.0,1280.0,0.0,2128,2638810.0
2016-12-11,1300.0,1313.0,1274.0,1274.0,0.0,680,874420.0
2016-12-08,1290.0,1310.0,1300.0,1300.0,0.0,2090,2724850.0
2016-12-07,1280.0,1300.0,1290.0,1290.0,0.0,1100,1420000.0
2016-12-06,1261.0,1337.0,1266.0,1280.0,0.0,2640,3395660.0
2016-12-05,1300.0,1280.0,1250.0,1261.0,0.0,710,902700.0
2016-12-04,1350.0,1348.0,1297.0,1300.0,0.0,865,1141570.0
2016-12-01,1400.0,1435.0,1350.0,1350.0,0.0,2618,3615050.0
2016-11-30,1341.0,1425.0,1367.0,1400.0,0.0,4450,6253020.0
2016-11-29,1290.0,1341.0,1250.0,1341.0,0.0,4001,5179415.0
2016-11-28,1173.0,1290.0,1100.0,1290.0,0.0,3019,3470054.0
2016-11-27,1295.0,1275.0,1173.0,1173.0,0.0,3192,3962425.0
2016-11-24,1329.0,1360.0,1275.0,1295.0,0.0,5482,7105067.0
2016-11-23,1380.0,1380.0,1278.0,1329.0,0.0,2099,2774793.0
2016-11-22,1410.0,1414.0,1368.0,1380.0,0.0,5584,7750870.0
2016-11-21,1410.0,1480.0,1353.0,1410.0,0.0,4568,6406366.0
2016-11-20,1460.0,1473.0,1372.0,1410.0,0.0,7228,10182096.0
2016-11-17,1541.0,1511.0,1460.0,1460.0,0.0,2149,3163866.0
2016-11-16,1540.0,1541.0,1541.0,1541.0,0.0,50,77050.0
2016-11-15,1535.0,1550.0,1520.0,1540.0,0.0,1280,1967540.0
2016-11-14,1549.0,1540.0,1522.0,1535.0,0.0,795,1216143.0
2016-11-13,1532.0,1549.0,1495.0,1549.0,0.0,885,1340212.0
2016-11-10,1535.0,1550.0,1525.0,1532.0,0.0,1102,1692844.0
2016-11-09,1580.0,1551.0,1525.0,1535.0,0.0,3174,4881997.0
2016-11-08,1605.0,1585.0,1580.0,1580.0,0.0,900,1423400.0
2016-11-07,1629.0,1625.0,1600.0,1605.0,0.0,1873,3003355.0
2016-11-03,1620.0,1652.0,1629.0,1629.0,0.0,650,1065400.0
2016-10-27,1635.0,1652.0,1620.0,1620.0,0.0,3151,5140585.0
2016-10-26,1630.0,1640.0,1610.0,1635.0,0.0,1564,2533819.0
2016-10-25,1638.0,1650.0,1619.0,1630.0,0.0,2187,3566745.0
2016-10-24,1644.0,1650.0,1600.0,1638.0,0.0,6289,10270048.0
2016-10-23,1629.0,1659.0,1628.0,1644.0,0.0,1744,2854282.0
2016-10-20,1601.0,1633.0,1625.0,1629.0,0.0,523,852480.0
2016-10-19,1610.0,1642.0,1601.0,1601.0,0.0,1362,2200632.0
2016-10-18,1628.0,1660.0,1605.0,1610.0,0.0,935,1504817.0
2016-10-17,1610.0,1628.0,1580.0,1628.0,0.0,1844,2969080.0
2016-10-16,1630.0,1635.0,1610.0,1610.0,0.0,2249,3631278.0
2016-10-06,1630.0,1650.0,1630.0,1630.0,0.0,1623,2660805.0
2016-10-05,1635.0,1650.0,1625.0,1630.0,0.0,2387,3900158.0
2016-10-04,1624.0,1689.0,1606.0,1635.0,0.0,4800,7928369.0
2016-10-03,1590.0,1650.0,1570.0,1624.0,0.0,1901,3071780.0
2016-10-02,1590.0,1600.0,1556.0,1590.0,0.0,1950,3078720.0
2016-09-29,1549.0,1590.0,1550.0,1590.0,0.0,498,780457.0
2016-09-28,1575.0,1550.0,1544.0,1549.0,0.0,894,1383846.0
2016-09-27,1550.0,1575.0,1575.0,1575.0,0.0,100,157500.0
2016-09-26,1538.0,1570.0,1550.0,1550.0,0.0,520,812360.0
2016-09-25,1597.0,1568.0,1538.0,1538.0,0.0,6062,9399162.0
2016-09-22,1600.0,1600.0,1575.0,1597.0,0.0,3670,5847846.0
2016-09-21,1644.0,1640.0,1600.0,1600.0,0.0,2287,3682717.0
2016-09-20,1665.0,1665.0,1620.0,1644.0,0.0,2370,3879061.0
2016-09-18,1685.0,1700.0,1660.0,1665.0,0.0,6943,11630351.0
2016-09-14,1690.0,1723.0,1680.0,1685.0,0.0,9458,16028422.0
2016-09-12,1660.0,1690.0,1645.0,1690.0,0.0,7718,12864305.0
2016-09-11,1649.0,1714.0,1650.0,1660.0,0.0,7468,12453828.0
2016-09-08,1649.0,1670.0,1628.0,1649.0,0.0,7831,12844901.0
2016-09-07,1575.0,1707.0,1605.0,1649.0,0.0,10457,17116032.0
2016-09-06,1590.0,1621.0,1575.0,1575.0,0.0,3078,4930390.0
2016-09-05,1580.0,1590.0,1580.0,1590.0,0.0,1994,3158660.0
2016-09-04,1580.0,1580.0,1570.0,1580.0,0.0,1920,3020300.0
2016-09-03,1580.0,1580.0,1570.0,1580.0,0.0,1920,3020300.0
2016-09-01,1592.0,1590.0,1575.0,1580.0,0.0,3278,5179560.0
2016-08-31,1530.0,1605.0,1530.0,1592.0,0.0,5655,8964600.0
2016-08-30,1580.0,1585.0,1525.0,1530.0,0.0,2170,3361765.0
2016-08-29,1615.0,1645.0,1559.0,1580.0,0.0,7389,11894460.0
2016-08-28,1534.0,1652.0,1531.0,1615.0,0.0,22419,35846288.0
2016-08-24,1395.0,1534.0,1422.0,1534.0,0.0,13928,21182066.0
2016-08-23,1421.0,1460.0,1380.0,1395.0,0.0,1849,2602650.0
2016-08-22,1450.0,1450.0,1421.0,1421.0,0.0,500,716300.0
2016-08-21,1480.0,1509.0,1450.0,1450.0,0.0,900,1331500.0
2016-08-17,1425.0,1480.0,1450.0,1480.0,0.0,4005,5836700.0
2016-08-16,1380.0,1443.0,1380.0,1425.0,0.0,2318,3251578.0
2016-08-15,1421.0,1400.0,1355.0,1380.0,0.0,4501,6215570.0
2016-08-14,1490.0,1461.0,1421.0,1421.0,0.0,880,1272560.0
2016-08-11,1500.0,1510.0,1480.0,1490.0,0.0,3401,5096730.0
2016-08-10,1519.0,1549.0,1495.0,1500.0,0.0,4433,6750177.0
2016-08-09,1490.0,1519.0,1519.0,1519.0,0.0,10,15190.0
2016-08-08,1530.0,1520.0,1490.0,1490.0,0.0,320,480400.0
2016-08-07,1531.0,1570.0,1530.0,1530.0,0.0,1210,1873310.0
2016-08-04,1575.0,1565.0,1531.0,1531.0,0.0,1863,2872377.0
2016-08-03,1590.0,1585.0,1546.0,1575.0,0.0,5693,8878080.0
2016-08-02,1640.0,1615.0,1585.0,1590.0,0.0,1520,2437100.0
2016-08-01,1680.0,1650.0,1620.0,1640.0,0.0,1813,2976911.0
2016-07-31,1650.0,1683.0,1631.0,1680.0,0.0,7931,13200890.0
2016-07-28,1665.0,1680.0,1610.0,1650.0,0.0,2073,3395390.0
2016-07-27,1659.0,1700.0,1620.0,1665.0,0.0,8990,14877250.0
2016-07-26,1630.0,1662.0,1625.0,1659.0,0.0,7512,12350884.0
2016-07-25,1581.0,1644.0,1601.0,1630.0,0.0,6697,10914184.0
2016-07-21,1535.0,1596.0,1565.0,1581.0,0.0,6865,10803090.0
2016-07-20,1530.0,1550.0,1535.0,1535.0,0.0,3000,4631100.0
2016-07-19,1562.0,1625.0,1505.0,1530.0,0.0,9172,14254940.0
2016-07-18,1420.0,1562.0,1400.0,1562.0,0.0,5688,8464536.0
2016-07-17,1440.0,1468.0,1392.0,1420.0,0.0,4402,6245600.0
2016-07-14,1460.0,1518.0,1440.0,1440.0,0.0,2096,3072490.0
2016-07-13,1530.0,1500.0,1425.0,1460.0,0.0,5070,7291500.0
2016-07-12,1490.0,1530.0,1420.0,1530.0,0.0,5763,8460603.0
2016-07-11,1510.0,1510.0,1490.0,1490.0,0.0,1218,1830428.0
2016-07-10,1530.0,1638.0,1510.0,1510.0,0.0,7429,11631470.0
2016-07-06,1552.0,1552.0,1520.0,1530.0,0.0,1120,1715095.0
2016-07-05,1560.0,1580.0,1541.0,1552.0,0.0,6672,10362926.0
2016-07-04,1548.0,1578.0,1541.0,1560.0,0.0,2443,3797562.0
2016-07-03,1600.0,1640.0,1548.0,1548.0,0.0,1722,2758516.0
2016-06-30,1645.0,1650.0,1581.0,1600.0,0.0,9297,14944661.0
2016-06-29,1582.0,1651.0,1600.0,1645.0,0.0,6285,10178619.0
2016-06-28,1550.0,1610.0,1528.0,1582.0,0.0,13855,22028556.0
2016-06-27,1570.0,1595.0,1539.0,1550.0,0.0,4850,7569300.0
2016-06-26,1620.0,1600.0,1550.0,1570.0,0.0,7849,12332318.0
2016-06-23,1670.0,1750.0,1620.0,1620.0,0.0,7251,12133005.0
2016-06-22,1575.0,1679.0,1581.0,1670.0,0.0,7190,11513670.0
2016-06-21,1550.0,1600.0,1535.0,1575.0,0.0,5661,8957468.0
2016-06-20,1614.0,1620.0,1515.0,1550.0,0.0,9543,14899020.0
2016-06-19,1740.0,1740.0,1607.0,1614.0,0.0,13896,23041144.0
2016-06-16,1589.0,1747.0,1610.0,1740.0,0.0,17459,29500436.0
2016-06-15,1445.0,1589.0,1465.0,1589.0,0.0,22397,33767024.0
2016-06-14,1370.0,1445.0,1397.0,1445.0,0.0,14041,19842348.0
2016-06-13,1400.0,1428.0,1358.0,1370.0,0.0,15677,21815132.0
2016-06-12,1415.0,1470.0,1387.0,1400.0,0.0,12761,18267898.0
2016-06-09,1314.0,1440.0,1339.0,1415.0,0.0,36126,50470876.0
2016-06-08,1195.0,1314.0,1215.0,1314.0,0.0,9734,12493215.0
2016-06-07,1155.0,1195.0,1154.0,1195.0,0.0,5854,6929490.0
2016-06-06,1146.0,1190.0,1149.0,1155.0,0.0,2660,3080514.0
2016-06-05,1160.0,1170.0,1130.0,1146.0,0.0,7821,8963959.0
2016-06-02,1150.0,1160.0,1115.0,1160.0,0.0,8918,10247275.0
2016-06-01,1147.0,1160.0,1125.0,1150.0,0.0,2207,2517030.0
2016-05-31,1162.0,1185.0,1120.0,1147.0,0.0,2983,3403000.0
2016-05-30,1280.0,1295.0,1261.0,1278.0,0.0,15657,19962904.0
2016-05-29,1223.0,1296.0,1247.0,1280.0,0.0,22641,28824836.0
2016-05-26,1198.0,1230.0,1152.0,1223.0,0.0,22542,26930376.0
2016-05-25,1223.0,1225.0,1170.0,1198.0,0.0,13905,16698972.0
2016-05-24,1200.0,1258.0,1200.0,1223.0,0.0,21738,26565078.0
2016-05-23,1100.0,1200.0,1100.0,1200.0,0.0,49969,58124280.0
2016-05-22,1000.0,1100.0,1019.0,1100.0,0.0,30081,32045684.0
2016-05-19,969.0,1020.0,980.0,1000.0,0.0,19633,19610996.0
2016-05-18,915.0,988.0,915.0,969.0,0.0,19207,18001192.0
2016-05-17,912.0,919.0,907.0,915.0,0.0,1352,1236564.0
2016-05-16,928.0,923.0,910.0,912.0,0.0,5751,5255744.0
2016-05-15,929.0,949.0,926.0,928.0,0.0,8487,7943661.0
2016-05-12,882.0,945.0,899.0,929.0,0.0,16208,15119582.0
2016-05-11,900.0,910.0,882.0,882.0,0.0,3460,3089130.0
2016-05-10,850.0,920.0,867.0,900.0,0.0,12765,11403420.0
2016-05-09,840.0,856.0,838.0,850.0,0.0,7205,6101935.0
2016-05-08,850.0,852.0,840.0,840.0,0.0,3163,2671263.0
2016-05-05,840.0,860.0,825.0,850.0,0.0,2040,1704960.0
2016-05-04,840.0,840.0,836.0,840.0,0.0,1200,1007200.0
2016-05-03,828.0,840.0,825.0,840.0,0.0,5989,4982328.0
2016-05-02,840.0,834.0,828.0,828.0,0.0,1277,1061436.0
2016-04-28,824.0,840.0,839.0,840.0,0.0,110,92390.0
2016-04-26,832.0,840.0,824.0,824.0,0.0,1159,962828.0
2016-04-25,860.0,843.0,820.0,832.0,0.0,2840,2364064.0
2016-04-24,865.0,865.0,860.0,860.0,0.0,900,777000.0
2016-04-21,880.0,865.0,865.0,865.0,0.0,300,259500.0
2016-04-20,915.0,915.0,880.0,880.0,0.0,1810,1644700.0
2016-04-19,881.0,915.0,874.0,915.0,0.0,4123,3632721.0
2016-04-18,873.0,897.0,863.0,881.0,0.0,4593,4044306.0
2016-04-17,827.0,873.0,827.0,873.0,0.0,1985,1683085.0
2016-04-14,811.0,827.0,827.0,827.0,0.0,10,8270.0
2016-04-12,800.0,814.0,809.0,811.0,0.0,1166,945454.0
2016-04-11,815.0,800.0,795.0,800.0,0.0,500,399400.0
2016-04-10,835.0,830.0,815.0,815.0,0.0,1382,1135640.0
2016-04-06,840.0,845.0,810.0,835.0,0.0,7270,5998024.0
2016-04-05,849.0,851.0,836.0,840.0,0.0,1235,1043900.0
2016-04-04,834.0,855.0,840.0,849.0,0.0,1825,1549625.0
2016-04-03,850.0,840.0,834.0,834.0,0.0,945,789930.0
2016-03-31,873.0,860.0,850.0,850.0,0.0,1050,894500.0
2016-03-30,856.0,873.0,873.0,873.0,0.0,10,8730.0
2016-03-29,904.0,886.0,856.0,856.0,0.0,162,139662.0
2016-03-28,873.0,904.0,830.0,904.0,0.0,5315,4548570.0
2016-03-27,957.0,938.0,862.0,873.0,0.0,15889,13846096.0
2016-03-24,989.0,982.0,950.0,957.0,0.0,4829,4621623.0
2016-03-23,1015.0,1001.0,975.0,989.0,0.0,4359,4304353.0
2016-03-21,1045.0,1065.0,1010.0,1015.0,0.0,10107,10448342.0
2016-03-20,984.0,1058.0,976.0,1045.0,0.0,26504,27078696.0
2016-03-17,980.0,999.0,930.0,984.0,0.0,15278,14634662.0
2016-03-16,972.0,1050.0,976.0,980.0,0.0,46491,46173212.0
2016-03-15,884.0,972.0,878.0,972.0,0.0,60341,56132024.0
2016-03-14,912.0,930.0,884.0,884.0,0.0,18316,16459192.0
2016-03-13,934.0,945.0,894.0,912.0,0.0,14043,12950760.0
2016-03-10,850.0,935.0,850.0,934.0,0.0,29284,25928458.0
2016-03-06,785.0,850.0,800.0,850.0,0.0,17608,14559761.0
2016-03-03,770.0,790.0,770.0,785.0,0.0,7341,5745572.0
2016-03-02,749.0,780.0,763.0,770.0,0.0,4142,3223034.0
2016-03-01,746.0,749.0,735.0,749.0,0.0,2660,1968344.0
2016-02-29,745.0,748.0,732.0,746.0,0.0,11085,8218657.0
2016-02-28,769.0,775.0,745.0,745.0,0.0,1897,1438164.0
2016-02-25,770.0,769.0,755.0,769.0,0.0,513,389395.0
2016-02-24,770.0,779.0,764.0,770.0,0.0,1650,1272900.0
2016-02-23,770.0,770.0,755.0,770.0,0.0,4161,3165839.0
2016-02-22,780.0,780.0,770.0,770.0,0.0,1478,1140998.0
2016-02-21,784.0,784.0,776.0,780.0,0.0,3278,2554629.0
2016-02-18,785.0,785.0,770.0,784.0,0.0,10717,8364750.0
2016-02-17,774.0,785.0,775.0,785.0,0.0,8329,6494677.0
2016-02-16,750.0,785.0,750.0,774.0,0.0,6262,4817250.0
2016-02-15,750.0,758.0,727.0,750.0,0.0,8232,6084989.0
2016-02-14,770.0,785.0,750.0,750.0,0.0,3957,3040835.0
2016-02-11,775.0,790.0,770.0,770.0,0.0,5891,4590172.0
2016-02-08,765.0,800.0,749.0,775.0,0.0,8281,6375090.0
2016-02-07,730.0,765.0,716.0,765.0,0.0,18649,13682199.0
2016-02-04,702.0,750.0,700.0,730.0,0.0,21809,15622170.0
2016-02-03,693.0,702.0,685.0,702.0,0.0,4592,3198485.0
2016-02-02,695.0,708.0,693.0,693.0,0.0,1092,764048.0
2016-02-01,690.0,695.0,695.0,695.0,0.0,540,375300.0
2016-01-31,685.0,690.0,680.0,690.0,0.0,2800,1924700.0
2016-01-28,690.0,685.0,677.0,685.0,0.0,3120,2137040.0
2016-01-27,690.0,690.0,677.0,690.0,0.0,1000,685600.0
2016-01-26,702.0,699.0,688.0,690.0,0.0,6011,4144139.0
2016-01-25,715.0,710.0,702.0,702.0,0.0,1200,843690.0
2016-01-24,700.0,715.0,687.0,715.0,0.0,13614,9530556.0
2016-01-21,671.0,713.0,670.0,700.0,0.0,18396,12612860.0
2016-01-20,680.0,684.0,670.0,671.0,0.0,6887,4624664.0
2016-01-19,685.0,680.0,675.0,680.0,0.0,10390,7050980.0
2016-01-18,690.0,699.0,685.0,685.0,0.0,5008,3456369.0
2016-01-17,670.0,693.0,670.0,690.0,0.0,8464,5790452.0
2016-01-14,659.0,670.0,661.0,670.0,0.0,2955,1968334.0
2016-01-13,645.0,659.0,650.0,659.0,0.0,3592,2339280.0
2016-01-12,657.0,650.0,640.0,645.0,0.0,6653,4294033.0
2016-01-11,660.0,660.0,650.0,657.0,0.0,6315,4116270.0
2016-01-10,670.0,675.0,657.0,660.0,0.0,7312,4869356.0
2016-01-07,658.0,690.0,662.0,670.0,0.0,18812,12763982.0
2016-01-06,654.0,670.0,646.0,658.0,0.0,12531,8250330.0
2016-01-05,698.0,690.0,647.0,654.0,0.0,20235,13561785.0
2016-01-04,655.0,720.0,630.0,698.0,0.0,31521,21716588.0
2016-01-03,596.0,655.0,607.0,655.0,0.0,27056,17701022.0
2015-12-31,542.0,596.0,552.0,596.0,0.0,26974,15992870.0
2015-12-29,507.0,545.0,497.0,542.0,0.0,5107,2708492.0
2015-12-28,498.0,507.0,507.0,507.0,0.0,50,25350.0
2015-12-27,501.0,510.0,496.0,498.0,0.0,3197,1599530.0
2015-12-24,465.0,511.0,474.0,501.0,0.0,8760,4407594.0
2015-12-23,435.0,469.0,443.0,465.0,0.0,3135,1419613.0
2015-12-22,429.0,435.0,430.0,435.0,0.0,370,159600.0
2015-12-20,420.0,436.0,425.0,429.0,0.0,2790,1192050.0
2015-12-17,425.0,420.0,420.0,420.0,0.0,300,126000.0
2015-12-16,435.0,440.0,422.0,425.0,0.0,7204,3088812.0
2015-12-15,416.0,440.0,420.0,435.0,0.0,4237,1819803.0
2015-12-14,400.0,416.0,405.0,416.0,0.0,972,400433.0
2015-12-10,390.0,400.0,397.0,400.0,0.0,1013,404370.0
2015-12-09,373.0,395.0,373.0,390.0,0.0,1872,723740.0
2015-12-08,380.0,374.0,371.0,373.0,0.0,1014,377882.0
2015-12-07,390.0,383.0,380.0,380.0,0.0,600,228300.0
2015-12-03,383.0,390.0,390.0,390.0,0.0,10,3900.0
2015-12-02,369.0,397.0,376.0,383.0,0.0,150,57660.0
2015-12-01,349.0,369.0,355.0,369.0,0.0,71,25415.0
2015-11-30,346.0,349.0,349.0,349.0,0.0,264,92136.0
2015-11-26,360.0,355.0,346.0,346.0,0.0,457,160269.0
2015-11-24,369.0,362.0,355.0,360.0,0.0,1651,591460.0
2015-11-23,390.0,383.0,355.0,369.0,0.0,191,69835.0
2015-11-18,389.0,395.0,390.0,390.0,0.0,310,121450.0
2015-11-15,396.0,389.0,389.0,389.0,0.0,200,77800.0
2015-11-05,440.0,432.0,396.0,396.0,0.0,3141,1252560.0
2015-11-04,475.0,466.0,440.0,440.0,0.0,12704,5590270.0
2015-10-25,484.0,475.0,475.0,475.0,0.0,10,4750.0
2015-10-18,494.0,485.0,484.0,484.0,0.0,610,295250.0
2015-10-11,504.0,494.0,494.0,494.0,0.0,30,14820.0
2015-09-15,495.0,504.0,504.0,504.0,0.0,100,50400.0
2015-09-13,499.0,495.0,495.0,495.0,0.0,10,4950.0
2015-09-09,490.0,499.0,495.0,499.0,0.0,100,49580.0
2015-09-08,495.0,490.0,490.0,490.0,0.0,10,4900.0
2015-09-07,490.0,495.0,495.0,495.0,0.0,200,99000.0
2015-09-01,512.0,503.0,490.0,490.0,0.0,770,385650.0
2015-08-31,480.0,512.0,489.0,512.0,0.0,3382,1693926.0
2015-08-27,484.0,494.0,480.0,480.0,0.0,4114,2000894.0
2015-08-25,461.0,484.0,461.0,484.0,0.0,6616,3115790.0
2015-08-24,477.0,476.0,461.0,461.0,0.0,720,339100.0
2015-08-20,477.0,510.0,477.0,477.0,0.0,3575,1754465.0
2015-08-19,434.0,477.0,442.0,477.0,0.0,2274,1075258.0
2015-08-18,395.0,434.0,402.0,434.0,0.0,2105,898930.0
2015-08-17,367.0,395.0,374.0,395.0,0.0,80,30340.0
2015-08-16,355.0,367.0,360.0,367.0,0.0,22,7997.0
2015-08-05,362.0,355.0,355.0,355.0,0.0,555,197025.0
2015-07-05,353.0,367.0,360.0,362.0,0.0,620,223540.0
2015-07-02,403.0,404.0,388.0,404.0,0.0,1497,589142.0
2015-07-01,397.0,412.0,403.0,403.0,0.0,1800,732650.0
2015-06-30,396.0,419.0,387.0,397.0,0.0,4712,1902512.0
2015-06-29,360.0,396.0,367.0,396.0,0.0,1037,393932.0
2015-06-24,353.0,360.0,360.0,360.0,0.0,12,4320.0
2015-06-23,360.0,353.0,353.0,353.0,0.0,1040,367120.0
2015-06-18,400.0,392.0,360.0,360.0,0.0,616,224566.0
2015-04-23,408.0,400.0,400.0,400.0,0.0,1190,476000.0
2015-04-22,423.0,415.0,408.0,408.0,0.0,769,313843.0
2015-04-20,412.0,423.0,415.0,423.0,0.0,263,110875.0
2015-04-19,420.0,412.0,412.0,412.0,0.0,200,82400.0
2015-04-16,426.0,421.0,420.0,420.0,0.0,316,132936.0
2015-04-15,444.0,436.0,426.0,426.0,0.0,687,294358.0
2015-03-18,440.0,444.0,444.0,444.0,0.0,200,88800.0
2015-03-17,448.0,440.0,440.0,440.0,0.0,500,220000.0
2015-03-16,440.0,448.0,448.0,448.0,0.0,50,22400.0
2015-03-15,439.0,440.0,440.0,440.0,0.0,200,88000.0
2015-03-12,433.0,444.0,436.0,439.0,0.0,6382,2804641.0
2015-03-11,448.0,440.0,433.0,433.0,0.0,264,116062.0
2015-03-04,448.0,448.0,440.0,448.0,0.0,2045,904160.0
2015-03-01,440.0,448.0,448.0,448.0,0.0,400,179200.0
2015-02-24,448.0,440.0,440.0,440.0,0.0,50,22000.0
2015-02-18,445.0,460.0,448.0,448.0,0.0,1556,703980.0
2015-02-16,448.0,455.0,445.0,445.0,0.0,8281,3705431.0
2015-02-15,450.0,448.0,441.0,448.0,0.0,1510,667420.0
2015-02-12,450.0,450.0,436.0,450.0,0.0,3415,1517800.0
2015-02-11,421.0,453.0,429.0,450.0,0.0,640,287940.0
2015-02-10,413.0,421.0,421.0,421.0,0.0,10,4210.0
2015-02-09,421.0,413.0,405.0,413.0,0.0,2544,1037712.0
2015-02-08,442.0,434.0,420.0,421.0,0.0,2137,902229.0
2015-01-29,450.0,442.0,442.0,442.0,0.0,30,13260.0
2015-01-22,451.0,450.0,450.0,450.0,0.0,48,21600.0
2015-01-20,459.0,451.0,451.0,451.0,0.0,16,7216.0
2015-01-19,459.0,468.0,459.0,459.0,0.0,354,162972.0
2015-01-18,459.0,468.0,459.0,459.0,0.0,233,107397.0
2015-01-14,431.0,459.0,439.0,459.0,0.0,2864,1287784.0
2015-01-13,436.0,431.0,431.0,431.0,0.0,30,12930.0
2015-01-11,434.0,440.0,436.0,436.0,0.0,1266,553024.0
2015-01-08,435.0,435.0,428.0,434.0,0.0,3700,1600800.0
2015-01-07,462.0,453.0,434.0,435.0,0.0,1706,742336.0
2015-01-06,421.0,462.0,429.0,462.0,0.0,205,89907.0
2015-01-04,398.0,421.0,405.0,421.0,0.0,560,231120.0
2014-12-29,402.0,398.0,398.0,398.0,0.0,1200,477600.0
2014-12-28,402.0,410.0,397.0,402.0,0.0,7733,3128066.0
2014-12-24,401.0,409.0,402.0,402.0,0.0,2500,1012500.0
2014-12-23,409.0,405.0,401.0,401.0,0.0,2676,1075458.0
2014-12-22,407.0,415.0,409.0,409.0,0.0,329,135239.0
2014-12-21,415.0,407.0,407.0,407.0,0.0,847,344729.0
2014-12-17,425.0,418.0,415.0,415.0,0.0,600,249300.0
2014-12-16,443.0,435.0,425.0,425.0,0.0,766,328824.0
2014-12-14,452.0,443.0,443.0,443.0,0.0,190,84170.0
2014-12-04,446.0,452.0,452.0,452.0,0.0,19,8588.0
2014-12-03,440.0,446.0,446.0,446.0,0.0,56,24976.0
2014-11-25,448.0,440.0,440.0,440.0,0.0,74,32560.0
2014-11-24,452.0,448.0,448.0,448.0,0.0,295,132160.0
2014-11-23,432.0,452.0,440.0,452.0,0.0,489,219792.0
2014-11-20,424.0,440.0,432.0,432.0,0.0,1150,499150.0
2014-11-18,430.0,430.0,410.0,424.0,0.0,3906,1634786.0
2014-11-16,442.0,435.0,430.0,430.0,0.0,600,259300.0
2014-11-13,436.0,444.0,435.0,442.0,0.0,768,335716.0
2014-11-12,445.0,453.0,436.0,436.0,0.0,928,412248.0
2014-11-11,455.0,454.0,445.0,445.0,0.0,1412,631822.0
2014-11-10,447.0,455.0,455.0,455.0,0.0,50,22750.0
2014-11-09,437.0,456.0,440.0,447.0,0.0,923,412023.0
2014-11-06,465.0,459.0,437.0,437.0,0.0,9121,4050475.0
2014-11-05,444.0,465.0,450.0,465.0,0.0,2881,1300406.0
2014-11-04,443.0,444.0,443.0,444.0,0.0,604,268106.0
2014-11-03,461.0,453.0,443.0,443.0,0.0,450,202600.0
2014-11-02,468.0,461.0,461.0,461.0,0.0,80,36880.0
2014-10-30,469.0,477.0,468.0,468.0,0.0,280,131310.0
2014-10-28,461.0,469.0,453.0,469.0,0.0,895,414585.0
2014-10-27,485.0,477.0,460.0,461.0,0.0,2990,1401070.0
2014-10-26,468.0,486.0,475.0,485.0,0.0,4758,2295400.0
2014-10-22,443.0,468.0,449.0,468.0,0.0,3530,1593485.0
2014-10-21,435.0,443.0,427.0,443.0,0.0,1176,504840.0
2014-10-20,445.0,449.0,435.0,435.0,0.0,1550,690350.0
2014-10-19,445.0,445.0,437.0,445.0,0.0,225,99125.0
2014-10-16,435.0,454.0,427.0,445.0,0.0,6945,3034088.0
2014-10-15,445.0,445.0,422.0,435.0,0.0,16379,7059120.0
2014-10-09,445.0,445.0,437.0,445.0,0.0,1020,449080.0
2014-09-30,440.0,454.0,445.0,445.0,0.0,1983,887551.0
2014-09-29,442.0,462.0,440.0,440.0,0.0,2105,941205.0
2014-09-28,454.0,450.0,441.0,442.0,0.0,1050,465800.0
2014-09-24,481.0,472.0,454.0,454.0,0.0,131,61112.0
2014-09-23,472.0,481.0,463.0,481.0,0.0,100,47110.0
2014-09-15,463.0,472.0,472.0,472.0,0.0,30,14160.0
2014-09-11,454.0,463.0,463.0,463.0,0.0,30,13890.0
2014-09-09,438.0,454.0,430.0,454.0,0.0,210,92500.0
2014-09-03,438.0,438.0,430.0,438.0,0.0,290,125020.0
2014-09-01,446.0,438.0,438.0,438.0,0.0,110,48180.0
2014-08-31,449.0,446.0,446.0,446.0,0.0,787,351002.0
2014-08-28,476.0,467.0,449.0,449.0,0.0,2447,1109416.0
2014-08-27,485.0,480.0,476.0,476.0,0.0,1500,717600.0
2014-08-26,490.0,485.0,481.0,485.0,0.0,600,289000.0
2014-08-20,500.0,490.0,490.0,490.0,0.0,200,98000.0
2014-08-19,510.0,500.0,500.0,500.0,0.0,300,150000.0
2014-08-14,515.0,510.0,510.0,510.0,0.0,200,102000.0
2014-08-13,525.0,515.0,515.0,515.0,0.0,50,25750.0
2014-08-04,535.0,530.0,525.0,525.0,0.0,345,181350.0
2014-08-03,535.0,535.0,535.0,535.0,0.0,70,37450.0
2014-07-31,545.0,535.0,535.0,535.0,0.0,200,107000.0
2014-07-27,552.0,545.0,545.0,545.0,0.0,90,49050.0
2014-07-24,561.0,552.0,552.0,552.0,0.0,100,55200.0
2014-07-23,572.0,561.0,561.0,561.0,0.0,15,8415.0
2014-07-21,565.0,572.0,565.0,572.0,0.0,1057,600460.0
2014-07-20,575.0,565.0,564.0,565.0,0.0,665,375685.0
2014-07-14,570.0,581.0,575.0,575.0,0.0,2002,1154750.0
2014-07-13,560.0,571.0,560.0,570.0,0.0,2675,1512950.0
2014-07-10,554.0,565.0,554.0,560.0,0.0,374,208620.0
2014-07-09,565.0,554.0,554.0,554.0,0.0,250,138500.0
2014-07-08,549.0,569.0,555.0,565.0,0.0,2624,1474817.0
2014-07-07,545.0,574.0,549.0,549.0,0.0,5255,2950920.0
2014-07-06,546.0,556.0,545.0,545.0,0.0,4675,2574500.0
2014-07-03,545.0,566.0,546.0,546.0,0.0,2200,1217900.0
2014-07-02,528.0,558.0,520.0,545.0,0.0,9675,5246249.0
2014-07-01,480.0,528.0,480.0,528.0,0.0,3310,1607980.0
2014-06-26,489.0,480.0,480.0,480.0,0.0,500,240000.0
2014-06-25,480.0,489.0,489.0,489.0,0.0,100,48900.0
2014-06-23,471.0,480.0,480.0,480.0,0.0,50,24000.0
2014-06-19,432.0,474.0,430.0,471.0,0.0,12867,5926606.0
2014-06-09,440.0,432.0,432.0,432.0,0.0,500,216000.0
2014-06-05,440.0,440.0,440.0,440.0,0.0,50,22000.0
2014-06-03,430.0,440.0,435.0,440.0,0.0,1000,438000.0
2014-05-28,446.0,438.0,430.0,430.0,0.0,475,205050.0
2014-05-26,455.0,447.0,446.0,446.0,0.0,1550,691850.0
2014-05-22,451.0,455.0,455.0,455.0,0.0,250,113750.0
2014-05-21,424.0,451.0,431.0,451.0,0.0,4175,1815775.0
2014-05-20,432.0,424.0,424.0,424.0,0.0,140,59360.0
2014-05-18,440.0,432.0,432.0,432.0,0.0,500,216000.0
2014-05-13,492.0,501.0,475.0,475.0,0.0,1905,925570.0
2014-05-12,483.0,515.0,492.0,492.0,0.0,2460,1232520.0
2014-05-11,504.0,510.0,483.0,483.0,0.0,3833,1905986.0
2014-05-08,520.0,511.0,490.0,504.0,0.0,2812,1397355.0
2014-05-07,499.0,535.0,508.0,520.0,0.0,2755,1440410.0
2014-05-06,501.0,499.0,482.0,499.0,0.0,1470,718940.0
2014-05-05,532.0,585.0,500.0,501.0,0.0,16663,9247849.0
2014-05-04,484.0,532.0,493.0,532.0,0.0,9135,4853070.0
2014-04-30,440.0,484.0,448.0,484.0,0.0,13583,6510072.0
2014-04-29,400.0,440.0,408.0,440.0,0.0,6696,2890505.0
2014-04-28,405.0,405.0,397.0,400.0,0.0,5350,2142960.0
2014-04-27,398.0,405.0,405.0,405.0,0.0,500,202500.0
2014-04-23,409.0,405.0,398.0,398.0,0.0,1050,422725.0
2014-04-22,402.0,409.0,409.0,409.0,0.0,20,8180.0
2014-04-20,402.0,404.0,402.0,402.0,0.0,840,338680.0
2014-04-17,395.0,402.0,402.0,402.0,0.0,80,32160.0
2014-04-16,396.0,402.0,394.0,395.0,0.0,423,167779.0
2014-04-15,397.0,398.0,391.0,396.0,0.0,2175,863570.0
2014-04-13,380.0,409.0,380.0,397.0,0.0,4150,1632190.0
2014-04-10,407.0,400.0,380.0,380.0,0.0,2312,890595.0
2014-04-09,405.0,410.0,402.0,407.0,0.0,800,324500.0
2014-04-07,400.0,405.0,397.0,405.0,0.0,1070,431630.0
2014-04-06,385.0,405.0,392.0,400.0,0.0,4080,1629295.0
2014-04-03,385.0,385.0,385.0,385.0,0.0,112,43120.0
2014-04-02,381.0,385.0,373.0,385.0,0.0,1357,509510.0
2014-04-01,370.0,381.0,365.0,381.0,0.0,2990,1123665.0
2014-03-31,370.0,372.0,363.0,370.0,0.0,4760,1749680.0
2014-03-26,362.0,393.0,364.0,370.0,0.0,5585,2087080.0
2014-03-25,342.0,362.0,345.0,362.0,0.0,1772,635624.0
2014-03-24,345.0,342.0,342.0,342.0,0.0,950,324900.0
2014-03-23,350.0,345.0,343.0,345.0,0.0,400,137360.0
2014-03-20,350.0,355.0,345.0,350.0,0.0,2587,901685.0
2014-03-19,354.0,350.0,350.0,350.0,0.0,125,43750.0
2014-03-17,375.0,368.0,354.0,354.0,0.0,357,127278.0
2014-03-13,403.0,395.0,375.0,375.0,0.0,1105,426875.0
2014-03-12,411.0,403.0,403.0,403.0,0.0,20,8060.0
2014-03-09,419.0,411.0,411.0,411.0,0.0,500,205500.0
2014-03-06,442.0,444.0,419.0,419.0,0.0,2430,1061250.0
2014-03-05,402.0,442.0,403.0,442.0,0.0,3099,1298843.0
2014-03-04,414.0,410.0,402.0,402.0,0.0,35,14150.0
2014-03-03,438.0,440.0,414.0,414.0,0.0,1525,648350.0
2014-02-25,452.0,443.0,430.0,438.0,0.0,875,380175.0
2014-02-24,465.0,500.0,452.0,452.0,0.0,5162,2471242.0
2014-02-23,423.0,465.0,431.0,465.0,0.0,16382,7587143.0
2014-02-20,385.0,423.0,366.0,423.0,0.0,7035,2897005.0
2014-02-18,350.0,385.0,357.0,385.0,0.0,17672,6743470.0
2014-02-17,356.0,355.0,349.0,350.0,0.0,867,306358.0
2014-02-16,354.0,363.0,353.0,356.0,0.0,3240,1157020.0
2014-02-13,375.0,369.0,348.0,354.0,0.0,3552,1253500.0
2014-02-12,361.0,375.0,368.0,375.0,0.0,100,37150.0
2014-02-10,348.0,361.0,354.0,361.0,0.0,1300,460900.0
2014-02-09,342.0,348.0,348.0,348.0,0.0,100,34800.0
2014-02-06,331.0,342.0,330.0,342.0,0.0,265,87810.0
2014-02-04,370.0,363.0,343.0,343.0,0.0,3500,1242600.0
2014-02-03,349.0,383.0,355.0,370.0,0.0,1785,674055.0
2014-02-02,318.0,349.0,324.0,349.0,0.0,2012,693188.0
2014-01-29,290.0,318.0,295.0,318.0,0.0,900,271600.0
2014-01-13,285.0,290.0,290.0,290.0,0.0,10,2900.0
2014-01-09,270.0,290.0,275.0,285.0,0.0,2800,792500.0
2014-01-07,273.0,270.0,268.0,270.0,0.0,90,24170.0
2014-01-06,275.0,273.0,273.0,273.0,0.0,1000,273000.0
2014-01-05,270.0,275.0,275.0,275.0,0.0,1500,412500.0
2014-01-01,275.0,272.0,270.0,270.0,0.0,425,115175.0
2013-12-31,275.0,275.0,275.0,275.0,0.0,62,17050.0
2013-12-29,456.0,279.0,275.0,275.0,0.0,550,152350.0
2013-12-26,465.0,456.0,456.0,456.0,0.0,100,45600.0
2013-12-23,465.0,465.0,465.0,465.0,0.0,120,55800.0
2013-12-22,428.0,465.0,435.0,465.0,0.0,1904,859760.0
2013-12-19,406.0,428.0,414.0,428.0,0.0,2526,1069443.0
2013-12-18,392.0,406.0,399.0,406.0,0.0,1000,399700.0
2013-12-16,385.0,392.0,392.0,392.0,0.0,250,98000.0
2013-12-15,350.0,385.0,357.0,385.0,0.0,735,272955.0
2013-12-12,357.0,350.0,350.0,350.0,0.0,737,257950.0
2013-12-11,350.0,357.0,350.0,357.0,0.0,592,209244.0
2013-12-10,367.0,370.0,350.0,350.0,0.0,2472,875435.0
2013-12-09,334.0,367.0,340.0,367.0,0.0,1657,594132.0
2013-12-08,304.0,334.0,310.0,334.0,0.0,3090,1021440.0
2013-12-05,279.0,304.0,284.0,304.0,0.0,2250,664850.0
2013-12-04,259.0,279.0,264.0,279.0,0.0,40,10860.0
2013-12-03,236.0,259.0,247.0,259.0,0.0,40,10130.0
2013-12-02,216.0,236.0,220.0,236.0,0.0,50,11400.0
2013-12-01,212.0,216.0,216.0,216.0,0.0,20,4320.0
2013-11-26,208.0,212.0,212.0,212.0,0.0,20,4240.0
2013-11-25,204.0,208.0,208.0,208.0,0.0,10,2080.0
2013-11-21,200.0,204.0,204.0,204.0,0.0,1025,209100.0
2013-11-12,201.0,200.0,200.0,200.0,0.0,18000,3600000.0
2013-11-11,203.0,201.0,201.0,201.0,0.0,1900,381900.0
2013-10-31,207.0,203.0,203.0,203.0,0.0,3507,711921.0
2013-10-30,211.0,207.0,207.0,207.0,0.0,125,25875.0
2013-10-28,215.0,211.0,211.0,211.0,0.0,100,21100.0
2013-10-24,221.0,217.0,215.0,215.0,0.0,252,54484.0
2013-10-23,221.0,221.0,218.0,221.0,0.0,250,54875.0
2013-10-22,218.0,225.0,221.0,221.0,0.0,1045,231545.0
2013-10-20,225.0,222.0,218.0,218.0,0.0,87,19114.0
2013-10-17,229.0,225.0,225.0,225.0,0.0,37,8325.0
2013-10-09,233.0,229.0,229.0,229.0,0.0,107,24503.0
2013-10-08,241.0,237.0,233.0,233.0,0.0,575,135675.0
2013-10-07,241.0,241.0,241.0,241.0,0.0,1512,364392.0
2013-10-06,245.0,241.0,241.0,241.0,0.0,1720,414520.0
2013-10-02,248.0,245.0,245.0,245.0,0.0,1645,403025.0
2013-10-01,255.0,250.0,248.0,248.0,0.0,1512,375000.0
2013-09-22,260.0,255.0,255.0,255.0,0.0,200,51000.0
2013-09-12,255.0,260.0,260.0,260.0,0.0,12,3120.0
2013-09-10,260.0,255.0,255.0,255.0,0.0,10100,2575500.0
2013-09-03,265.0,260.0,260.0,260.0,0.0,10,2600.0
2013-09-02,270.0,265.0,265.0,265.0,0.0,250,66250.0
2013-09-01,252.0,270.0,257.0,270.0,0.0,11025,2929892.0
2013-08-29,273.0,273.0,250.0,252.0,0.0,2992,790690.0
2013-08-27,281.0,286.0,273.0,273.0,0.0,550,154550.0
2013-08-26,261.0,287.0,266.0,281.0,0.0,4565,1308360.0
2013-08-25,238.0,261.0,242.0,261.0,0.0,5060,1307050.0
2013-08-20,217.0,238.0,221.0,238.0,0.0,2350,542470.0
2013-08-19,202.0,217.0,206.0,217.0,0.0,1475,313680.0
2013-08-18,184.0,202.0,187.0,202.0,0.0,1975,391675.0
2013-08-15,187.0,190.0,184.0,184.0,0.0,1247,231779.0
2013-08-14,181.0,187.0,184.0,187.0,0.0,300,55450.0
2013-08-13,167.0,181.0,170.0,181.0,0.0,650,114900.0
2013-08-12,170.0,167.0,167.0,167.0,0.0,75,12525.0
2013-08-11,173.0,170.0,170.0,170.0,0.0,40,6800.0
2013-08-08,176.0,176.0,173.0,173.0,0.0,515,89455.0
2013-08-07,170.0,176.0,173.0,176.0,0.0,567,98841.0
2013-08-06,172.0,172.0,167.0,170.0,0.0,1420,240650.0
2013-08-05,178.0,175.0,172.0,172.0,0.0,100,17350.0
2013-08-04,180.0,178.0,177.0,178.0,0.0,500,88700.0
2013-08-01,185.0,182.0,179.0,180.0,0.0,2695,485340.0
2013-07-31,188.0,188.0,185.0,185.0,0.0,2270,420310.0
2013-07-30,187.0,193.0,187.0,188.0,0.0,1915,362080.0
2013-07-29,170.0,187.0,173.0,187.0,0.0,1830,334300.0
2013-07-28,164.0,170.0,167.0,170.0,0.0,100,16880.0
2013-07-25,157.0,164.0,160.0,164.0,0.0,760,123860.0
2013-07-24,154.0,157.0,157.0,157.0,0.0,500,78500.0
2013-07-23,160.0,157.0,154.0,154.0,0.0,480,74400.0
2013-07-03,158.0,160.0,160.0,160.0,0.0,430,68800.0
2013-07-01,172.0,169.0,155.0,158.0,0.0,41460,6427040.0
2013-06-17,169.0,172.0,172.0,172.0,0.0,20,3440.0
2013-06-13,163.0,169.0,166.0,169.0,0.0,40,6700.0
2013-06-12,157.0,163.0,154.0,163.0,0.0,1372,217316.0
2013-06-05,154.0,157.0,157.0,157.0,0.0,500,78500.0
2013-06-04,151.0,154.0,154.0,154.0,0.0,5000,770000.0
2013-06-03,147.0,151.0,149.0,151.0,0.0,40,6000.0
2013-05-28,145.0,147.0,147.0,147.0,0.0,1000,147000.0
2013-05-21,150.0,147.0,143.0,145.0,0.0,1210,176310.0
2013-04-25,184.0,153.0,149.0,150.0,0.0,20550,3082660.0
2013-03-21,182.0,187.0,183.0,184.0,0.0,3660,676200.0
2013-03-20,185.0,188.0,182.0,182.0,0.0,1200,221100.0
2013-03-19,179.0,189.0,182.0,185.0,0.0,7770,1440440.0
2013-03-18,194.0,197.0,179.0,179.0,0.0,1820,338420.0
2013-03-17,187.0,200.0,190.0,194.0,0.0,7410,1435860.0
2013-03-14,178.0,193.0,181.0,187.0,0.0,11270,2081600.0
2013-03-13,172.0,178.0,172.0,178.0,0.0,1570,272340.0
2013-03-07,169.0,172.0,166.0,172.0,0.0,240,40560.0
2013-02-24,166.0,169.0,169.0,169.0,0.0,100,16900.0
2013-02-20,160.0,166.0,163.0,166.0,0.0,30,4950.0
2013-02-07,160.0,160.0,160.0,160.0,0.0,100,16000.0
2013-02-05,157.0,160.0,160.0,160.0,0.0,230,36800.0
2013-01-31,160.0,157.0,157.0,157.0,0.0,200,31400.0
2013-01-24,164.0,160.0,160.0,160.0,0.0,7700,1232000.0
2013-01-23,169.0,172.0,164.0,164.0,0.0,420,70140.0
2013-01-22,169.0,169.0,166.0,169.0,0.0,470,79190.0
2013-01-21,168.0,170.0,167.0,169.0,0.0,300,50360.0
2013-01-20,164.0,168.0,165.0,168.0,0.0,500,82800.0
2013-01-15,170.0,170.0,164.0,164.0,0.0,600,100200.0
2013-01-13,168.0,171.0,168.0,170.0,0.0,900,153100.0
2013-01-10,160.0,170.0,163.0,168.0,0.0,730,121140.0
2013-01-09,159.0,162.0,160.0,160.0,0.0,400,64200.0
2013-01-07,162.0,159.0,159.0,159.0,0.0,100,15900.0
2013-01-06,168.0,165.0,162.0,162.0,0.0,160,26220.0
2013-01-03,168.0,169.0,165.0,168.0,0.0,1250,207240.0
2013-01-02,184.0,190.0,168.0,168.0,0.0,2160,392960.0
2013-01-01,175.0,192.0,178.0,184.0,0.0,7410,1391580.0
2012-11-26,178.0,175.0,175.0,175.0,0.0,500,87500.0
2012-11-06,174.0,178.0,175.0,178.0,0.0,40,7060.0
2012-11-01,159.0,174.0,162.0,174.0,0.0,160,27360.0
2012-10-14,150.0,159.0,153.0,159.0,0.0,110,17130.0
2012-10-11,150.0,150.0,150.0,150.0,0.0,200,30000.0
2012-10-10,151.0,150.0,150.0,150.0,0.0,250,37500.0
2012-10-09,149.0,151.0,151.0,151.0,0.0,40,6040.0
2012-10-08,152.0,149.0,149.0,149.0,0.0,1000,149000.0
2012-10-03,155.0,152.0,152.0,152.0,0.0,330,50160.0
2012-09-18,158.0,155.0,155.0,155.0,0.0,10,1550.0
2012-09-09,160.0,158.0,150.0,158.0,0.0,14540,2211920.0
2012-09-06,172.0,169.0,160.0,160.0,0.0,3840,628440.0
2012-09-03,175.0,172.0,172.0,172.0,0.0,20,3440.0
2012-08-30,184.0,181.0,175.0,175.0,0.0,6090,1098750.0
2012-08-28,187.0,184.0,184.0,184.0,0.0,1000,184000.0
2012-08-23,190.0,187.0,187.0,187.0,0.0,1500,280500.0
2012-03-27,190.0,190.0,190.0,190.0,0.0,50,9500.0
2012-02-07,193.0,190.0,190.0,190.0,0.0,40,7600.0
