open,high,low,close,percent_change,turnover,date
1845.45,1846.12,1827.97,1832.52,-0.7,40494600.0,2017-11-01
1832.52,1832.71,1813.99,1818.26,-0.78,44623800.0,2017-11-02
1818.26,1822.12,1781.66,1787.67,-1.68,73344496.0,2017-11-05
1787.67,1805.88,1775.88,1776.45,-0.63,59516100.0,2017-11-06
1776.45,1790.65,1758.34,1758.78,-0.99,51459200.0,2017-11-07
1758.78,1759.61,1727.16,1737.2,-1.23,55760000.0,2017-11-08
1737.2,1758.57,1718.27,1738.5,0.07,79774304.0,2017-11-09
1738.5,1743.17,1716.67,1739.78,0.07,40810600.0,2017-11-12
1739.78,1750.87,1728.51,1750.77,0.63,51062200.0,2017-11-13
1750.77,1817.77,1750.14,1809.62,3.36,72696704.0,2017-11-14
1809.62,1821.54,1789.14,1791.48,-1.0,85170704.0,2017-11-15
1791.48,1791.25,1771.25,1777.7,-0.77,45789700.0,2017-11-16
1777.7,1777.7,1745.25,1752.83,-1.4,34177500.0,2017-11-19
1752.83,1754.09,1740.61,1742.07,-0.61,32349900.0,2017-11-20
1742.07,1753.76,1736.49,1745.36,0.19,32723400.0,2017-11-21
1742.07,1758.8,1743.73,1751.96,0.38,0.0,2017-11-22
1751.96,1777.97,1751.78,1776.35,1.39,65635300.0,2017-11-23
1776.35,1806.13,1776.35,1804.87,1.61,66891500.0,2017-11-26
1804.87,1816.72,1798.92,1802.08,-0.15,88553504.0,2017-11-27
1802.08,1815.95,1798.23,1815.95,0.77,114906000.0,2017-11-28
1815.95,1875.75,1814.25,1857.57,2.29,136644000.0,2017-11-29
1857.57,1864.76,1840.57,1863.64,0.33,94417504.0,2017-11-30
1863.64,1877.13,1842.18,1843.58,-1.08,75419696.0,2017-12-04
1843.58,1853.3,1835.26,1850.19,0.36,35471100.0,2017-12-05
1850.19,1874.77,1849.52,1874.77,1.33,77257696.0,2017-12-06
1874.77,1901.53,1853.58,1854.43,-1.09,73264704.0,2017-12-10
1854.43,1856.72,1845.42,1848.96,-0.3,41989000.0,2017-12-11
1848.96,1849.36,1826.15,1828.33,-1.12,51899600.0,2017-12-12
1828.33,1842.91,1820.31,1842.89,0.8,31193700.0,2017-12-13
1842.89,1845.48,1837.18,1845.48,0.14,72623400.0,2017-12-14
1845.48,1847.12,1831.19,1833.02,-0.68,105989000.0,2017-12-17
1833.02,1841.97,1828.8,1830.98,-0.11,74447000.0,2017-12-18
1833.02,1833.22,1809.58,1810.75,-1.1,51964800.0,2017-12-19
1810.75,1812.19,1797.11,1803.13,-0.42,42607500.0,2017-12-20
1803.13,1807.23,1781.32,1782.08,-1.17,42849900.0,2017-12-21
1782.08,1797.89,1778.12,1778.73,-0.19,68418200.0,2017-12-24
1778.73,1778.26,1744.54,1746.06,-1.84,55520800.0,2017-12-26
1746.06,1746.01,1716.7,1722.34,-1.36,50564500.0,2017-12-27
1722.34,1742.45,1708.84,1719.25,-0.18,53549600.0,2017-12-28
1719.25,1720.55,1675.59,1681.73,-2.18,65363900.0,2017-12-31
1681.73,1751.2,1681.17,1751.2,4.13,41084200.0,2018-01-01
1751.2,1766.17,1731.83,1742.94,-0.47,74621200.0,2018-01-02
1742.94,1745.02,1712.3,1716.26,-1.53,50646500.0,2018-01-03
1716.26,1725.29,1705.97,1724.54,0.48,41762000.0,2018-01-04
1724.54,1752.43,1722.61,1745.14,1.19,28624900.0,2018-01-07
1745.14,1753.72,1740.12,1747.99,0.16,49410300.0,2018-01-08
1747.99,1769.35,1747.76,1765.94,1.03,41413000.0,2018-01-09
1765.94,1765.94,1739.49,1741.97,-1.36,47036800.0,2018-01-10
1741.97,1744.33,1711.62,1715.67,-1.51,51281900.0,2018-01-14
1715.67,1719.43,1693.47,1697.97,-1.03,33859400.0,2018-01-16
1697.97,1706.46,1687.28,1701.98,0.24,29166200.0,2018-01-17
1701.98,1702.87,1688.34,1689.81,-0.72,50106400.0,2018-01-21
1689.81,1689.81,1675.35,1676.52,-0.79,56288400.0,2018-01-22
1676.52,1677.79,1664.61,1667.31,-0.55,35202900.0,2018-01-23
1667.31,1671.99,1660.15,1664.69,-0.16,22640700.0,2018-01-24
1664.69,1687.12,1664.69,1687.12,1.35,35981200.0,2018-01-25
1687.12,1691.34,1679.62,1681.67,-0.32,26356400.0,2018-01-28
1681.67,1685.49,1671.51,1678.09,-0.21,21591600.0,2018-01-29
1678.09,1686.13,1672.98,1686.13,0.48,22153700.0,2018-01-31
1686.13,1700.87,1686.22,1698.54,0.74,32898200.0,2018-02-01
1686.13,1701.92,1691.76,1695.11,-0.2,26822600.0,2018-02-04
1686.13,1702.24,1677.14,1677.73,-1.02,32972000.0,2018-02-05
1677.73,1677.93,1668.48,1670.18,-0.45,27868200.0,2018-02-06
1670.18,1675.48,1654.27,1654.27,-0.95,30539500.0,2018-02-07
1654.27,1666.45,1644.84,1661.72,0.45,37521700.0,2018-02-08
1661.72,1665.28,1646.25,1648.98,-0.77,34326800.0,2018-02-11
1648.98,1649.34,1639.38,1642.28,-0.41,26399700.0,2018-02-12
1642.28,1662.83,1635.73,1662.83,1.25,28238100.0,2018-02-14
1662.83,1726.66,1663.67,1725.74,3.78,85308304.0,2018-02-15
1725.74,1742.15,1693.8,1695.42,-1.76,60040900.0,2018-02-18
1695.42,1700.25,1654.72,1657.91,-2.21,32974600.0,2018-02-20
1657.91,1658.58,1647.98,1654.01,-0.24,16511800.0,2018-02-21
1654.01,1657.67,1647.45,1649.53,-0.27,35663800.0,2018-02-22
1649.53,1651.4,1634.96,1636.63,-0.78,25906900.0,2018-02-25
1636.63,1637.19,1604.04,1606.47,-1.84,45226400.0,2018-02-26
1606.47,1632.55,1604.43,1607.45,0.06,44854900.0,2018-02-27
1607.45,1608.4,1577.7,1584.92,-1.4,47032100.0,2018-02-28
1584.92,1583.71,1503.27,1525.91,-3.72,48250400.0,2018-03-04
1525.91,1536.44,1475.8,1482.15,-2.87,44295900.0,2018-03-05
1482.15,1517.75,1448.68,1501.16,1.28,47574300.0,2018-03-06
1501.16,1532.82,1501.01,1526.8,1.71,45392900.0,2018-03-07
1526.8,1527.0,1479.87,1481.28,-2.98,33481700.0,2018-03-11
1481.28,1485.68,1460.43,1461.98,-1.3,25558100.0,2018-03-12
1461.98,1461.93,1452.37,1457.69,-0.29,19315000.0,2018-03-13
1457.69,1466.26,1456.45,1466.26,0.59,17719100.0,2018-03-14
1466.26,1469.29,1460.31,1468.75,0.17,22813600.0,2018-03-15
1468.75,1472.48,1457.61,1457.83,-0.74,32090000.0,2018-03-18
1457.83,1458.46,1444.37,1447.48,-0.71,16028900.0,2018-03-19
1447.48,1447.94,1417.09,1427.12,-1.41,30738500.0,2018-03-20
1427.12,1427.12,1372.71,1378.6,-3.4,44011400.0,2018-03-21
1378.6,1393.39,1334.32,1359.35,-1.4,39202500.0,2018-03-22
1359.35,1360.07,1280.43,1283.83,-5.56,20928600.0,2018-03-26
1283.83,1350.84,1225.35,1349.33,5.1,41354300.0,2018-03-27
1349.33,1360.79,1315.31,1320.24,-2.16,50190300.0,2018-03-28
1320.24,1341.05,1314.29,1340.23,1.51,39146200.0,2018-03-29
1320.24,1340.71,1312.15,1313.99,-1.96,23986300.0,2018-04-01
1313.99,1317.08,1306.66,1308.73,-0.4,13937100.0,2018-04-02
1308.73,1316.2,1304.33,1310.87,0.16,25640600.0,2018-04-03
1310.87,1373.93,1311.16,1373.93,4.81,38888200.0,2018-04-04
1373.93,1411.29,1368.42,1409.38,2.58,79202000.0,2018-04-05
1409.38,1516.69,1408.89,1495.04,6.08,131452000.0,2018-04-08
1495.04,1539.03,1483.28,1488.87,-0.41,127840000.0,2018-04-09
1488.87,1506.35,1459.43,1462.41,-1.78,45124500.0,2018-04-10
1462.41,1468.86,1439.35,1467.13,0.32,36334700.0,2018-04-11
1467.13,1497.27,1467.38,1477.84,0.73,61401600.0,2018-04-12
1477.84,1489.67,1457.69,1489.58,0.79,37872900.0,2018-04-15
1489.58,1568.82,1488.62,1561.69,4.84,85755800.0,2018-04-16
1561.69,1683.38,1561.97,1681.8,7.69,206182000.0,2018-04-17
1681.8,1722.6,1664.09,1687.19,0.32,157236992.0,2018-04-18
1687.19,1708.83,1672.75,1701.45,0.85,140780000.0,2018-04-19
1701.45,1803.63,1701.45,1801.68,5.89,162464000.0,2018-04-22
1801.68,1847.8,1738.62,1770.9,-1.71,281878016.0,2018-04-23
1770.9,1778.42,1731.91,1760.39,-0.59,133471000.0,2018-04-24
1760.39,1762.09,1737.83,1742.07,-1.04,118081000.0,2018-04-25
1742.07,1750.0,1689.26,1698.81,-2.48,102864000.0,2018-04-26
1698.81,1722.58,1676.76,1694.74,-0.24,58939500.0,2018-04-29
1694.74,1743.23,1670.63,1741.1,2.74,81861000.0,2018-05-02
1741.1,1776.09,1741.14,1757.65,0.95,179791008.0,2018-05-03
1757.65,1762.66,1747.44,1750.11,-0.43,67793296.0,2018-05-06
1750.11,1750.11,1722.48,1728.21,-1.25,64604800.0,2018-05-07
1728.21,1765.72,1720.68,1763.97,2.07,71183000.0,2018-05-08
1763.97,1769.99,1749.05,1757.34,-0.38,86030200.0,2018-05-09
1757.34,1761.59,1741.63,1742.93,-0.82,72387104.0,2018-05-10
1742.93,1744.05,1718.9,1720.34,-1.3,66450400.0,2018-05-14
1720.34,1725.88,1713.85,1714.72,-0.33,33014600.0,2018-05-15
1714.72,1737.56,1713.66,1737.56,1.33,54801100.0,2018-05-16
1737.56,1750.69,1730.17,1733.54,-0.23,78628400.0,2018-05-17
1733.54,1760.25,1733.41,1741.44,0.46,75822896.0,2018-05-20
1741.44,1778.13,1732.38,1777.26,2.06,85067200.0,2018-05-21
1777.73,1783.01,1760.39,1783.01,0.32,107175000.0,2018-05-22
1783.01,1790.8,1765.53,1788.58,0.31,99888704.0,2018-05-23
1788.58,1794.8,1749.28,1754.6,-1.9,138648000.0,2018-05-24
1754.6,1755.99,1723.64,1726.68,-1.59,74831696.0,2018-05-27
1726.68,1786.1,1712.46,1785.74,3.42,92266800.0,2018-05-28
1785.74,1794.3,1766.41,1770.26,-0.87,74134496.0,2018-05-29
1770.26,1804.13,1759.25,1774.64,0.25,134175000.0,2018-05-30
1770.26,1775.34,1752.94,1757.07,-0.99,83678600.0,2018-05-31
1757.07,1756.5,1701.96,1702.0,-3.13,126404000.0,2018-06-03
1702.0,1713.73,1659.69,1670.87,-1.83,95833504.0,2018-06-04
1670.87,1733.3,1672.12,1705.85,2.09,46112500.0,2018-06-06
1705.85,1709.22,1664.84,1670.31,-2.08,70058600.0,2018-06-07
1670.31,1672.24,1625.39,1626.35,-2.63,67240304.0,2018-06-10
1626.35,1657.84,1613.17,1649.24,1.41,72090800.0,2018-06-11
1649.24,1654.65,1624.75,1648.08,-0.07,53088900.0,2018-06-12
1648.08,1656.17,1635.02,1653.33,0.32,43900600.0,2018-06-13
1648.08,1667.38,1648.59,1666.7,0.81,55247000.0,2018-06-14
1666.7,1673.77,1642.34,1645.94,-1.25,60265100.0,2018-06-17
1645.94,1655.69,1630.78,1654.64,0.53,47697000.0,2018-06-18
1654.64,1659.67,1638.52,1640.35,-0.86,29085800.0,2018-06-19
1640.35,1641.83,1626.96,1630.24,-0.62,49016500.0,2018-06-20
1630.24,1640.92,1618.31,1623.69,-0.4,36002700.0,2018-06-21
1623.69,1637.84,1621.08,1621.29,-0.15,31354500.0,2018-06-24
1621.29,1621.44,1607.12,1607.54,-0.85,38050500.0,2018-06-25
1621.29,1607.75,1573.71,1575.37,-2.0,36917000.0,2018-06-26
1575.37,1598.27,1559.48,1579.81,0.28,21273200.0,2018-06-27
1579.81,1586.52,1575.05,1579.32,-0.03,19564300.0,2018-06-28
1579.32,1579.16,1552.7,1553.58,-1.63,28871000.0,2018-07-01
1553.58,1569.81,1538.81,1548.34,-0.34,25782600.0,2018-07-02
1548.34,1553.59,1532.37,1538.8,-0.62,23620800.0,2018-07-03
1538.8,1558.22,1534.96,1551.56,0.83,44701300.0,2018-07-04
1551.56,1638.17,1551.55,1637.46,5.54,92284896.0,2018-07-05
1637.46,1660.31,1615.87,1617.94,-1.19,137116000.0,2018-07-08
1617.94,1617.46,1590.99,1596.05,-1.35,40898900.0,2018-07-09
1596.05,1615.91,1591.6,1595.52,-0.03,51273500.0,2018-07-10
1595.52,1671.79,1597.6,1623.97,1.78,109227000.0,2018-07-11
1623.97,1638.49,1576.9,1587.91,-2.22,79021800.0,2018-07-12
1623.97,1598.33,1585.19,1594.46,0.41,29116000.0,2018-07-15
1594.46,1607.28,1586.06,1607.08,0.79,14160900.0,2018-07-16
1607.08,1610.02,1593.66,1593.76,-0.83,21251800.0,2018-07-17
1593.76,1592.1,1577.79,1577.84,-1.0,23726700.0,2018-07-18
1577.84,1578.54,1561.59,1561.61,-1.03,26633700.0,2018-07-19
1561.61,1562.48,1527.6,1528.68,-2.11,44335100.0,2018-07-22
1528.68,1564.76,1528.51,1564.13,2.32,27916100.0,2018-07-23
1564.13,1597.25,1561.72,1563.43,-0.05,41208300.0,2018-07-24
1564.13,1568.05,1550.47,1556.66,-0.43,24086900.0,2018-07-25
1556.66,1558.73,1539.74,1541.5,-0.97,30764700.0,2018-07-26
1541.5,1549.91,1535.97,1540.0,-0.1,21470200.0,2018-07-29
1540.0,1546.73,1537.94,1539.95,0.0,18840200.0,2018-07-30
1539.95,1542.21,1529.97,1534.34,-0.36,22958400.0,2018-07-31
1534.34,1541.72,1529.94,1541.72,0.48,20559600.0,2018-08-01
1541.72,1542.11,1530.42,1531.0,-0.7,23665500.0,2018-08-02
1531.0,1536.85,1527.27,1531.21,0.01,26014000.0,2018-08-05
1531.21,1538.65,1530.74,1537.57,0.42,32577400.0,2018-08-06
1537.57,1541.02,1525.03,1526.76,-0.7,50036900.0,2018-08-07
1526.76,1528.07,1519.68,1525.35,-0.09,30229700.0,2018-08-08
1525.35,1526.92,1506.97,1508.88,-1.08,37017100.0,2018-08-09
1508.88,1509.56,1476.87,1477.35,-2.09,27417200.0,2018-08-12
1477.35,1495.17,1474.75,1492.37,1.02,16778600.0,2018-08-13
1492.37,1507.97,1488.07,1507.97,1.05,28249000.0,2018-08-14
1507.97,1544.07,1499.35,1543.25,2.34,51521100.0,2018-08-15
1543.25,1546.63,1525.41,1529.47,-0.89,51628500.0,2018-08-16
1529.47,1533.66,1504.04,1506.04,-1.53,72032800.0,2018-08-19
1506.04,1509.16,1492.98,1494.35,-0.78,25862200.0,2018-08-20
1506.04,1494.54,1482.8,1484.02,-0.69,23385700.0,2018-08-21
1484.02,1485.64,1480.12,1483.64,-0.03,11220000.0,2018-08-22
1483.64,1487.25,1475.07,1479.23,-0.3,22245400.0,2018-08-23
1479.23,1482.45,1465.84,1466.61,-0.85,21009000.0,2018-08-26
1466.61,1470.52,1459.28,1469.53,0.2,15142500.0,2018-08-28
1469.53,1470.19,1457.72,1459.9,-0.66,22440700.0,2018-08-29
1459.9,1482.73,1460.09,1473.93,0.96,19162800.0,2018-08-30
1473.93,1484.29,1472.56,1484.07,0.69,21982900.0,2018-09-02
1484.07,1499.33,1467.07,1487.37,0.22,42609200.0,2018-09-03
1487.37,1491.94,1483.77,1487.14,-0.02,23374800.0,2018-09-04
1487.14,1539.55,1487.28,1529.23,2.83,68978096.0,2018-09-05
1487.14,1542.79,1511.67,1514.15,-0.99,64815300.0,2018-09-06
1514.15,1514.34,1488.81,1489.22,-1.65,26617600.0,2018-09-09
1489.22,1502.53,1481.63,1502.53,0.89,30110900.0,2018-09-10
1502.53,1531.63,1503.04,1514.33,0.79,52991000.0,2018-09-11
1514.33,1530.21,1510.65,1530.21,1.05,41257800.0,2018-09-12
1530.21,1542.05,1525.41,1529.52,-0.05,44878200.0,2018-09-13
1529.52,1556.4,1532.41,1537.83,0.54,80127104.0,2018-09-16
1529.52,1549.76,1536.96,1543.46,0.37,46220700.0,2018-09-17
1543.46,1557.65,1544.38,1552.91,0.61,29512400.0,2018-09-18
1552.91,1555.95,1545.44,1547.85,-0.33,48001400.0,2018-09-20
1552.91,1552.78,1536.29,1538.93,-0.58,49021900.0,2018-09-23
1538.93,1554.01,1540.12,1549.37,0.68,54696200.0,2018-09-25
1549.48,1555.2,1539.02,1548.44,-0.07,62434100.0,2018-09-26
1548.44,1547.83,1536.15,1538.98,-0.61,38304300.0,2018-09-27
1538.98,1544.69,1522.51,1523.28,-1.02,35799000.0,2018-09-30
1523.28,1525.01,1502.38,1504.56,-1.23,43062300.0,2018-10-01
1504.56,1512.23,1502.12,1507.64,0.2,32023900.0,2018-10-02
1507.64,1509.58,1493.28,1497.89,-0.65,26662900.0,2018-10-03
1497.89,1501.12,1483.47,1486.69,-0.75,36407000.0,2018-10-04
1486.69,1486.55,1466.54,1467.83,-1.27,27934700.0,2018-10-07
1467.83,1476.96,1466.87,1476.85,0.61,25327400.0,2018-10-08
1476.85,1486.38,1467.81,1469.23,-0.52,61634600.0,2018-10-09
1469.23,1469.18,1461.58,1463.3,-0.4,21221900.0,2018-10-10
1463.3,1472.9,1460.48,1472.9,0.66,19370400.0,2018-10-11
1472.9,1486.13,1474.3,1484.04,0.76,21392100.0,2018-10-14
1484.04,1488.76,1482.86,1482.94,-0.07,23957500.0,2018-10-15
1482.94,1483.61,1478.49,1478.55,-0.3,5209920.0,2018-10-21
1478.55,1480.04,1476.1,1480.04,0.1,9758730.0,2018-10-22
1480.04,1480.2,1469.81,1471.45,-0.58,15277900.0,2018-10-23
1471.45,1476.71,1468.77,1472.92,0.1,16865700.0,2018-10-24
1472.92,1477.12,1466.31,1466.47,-0.44,27061900.0,2018-10-25
1466.47,1466.95,1449.61,1451.74,-1.0,17998400.0,2018-10-28
1451.74,1451.74,1440.6,1442.34,-0.65,25005300.0,2018-10-29
1442.34,1450.54,1437.53,1441.34,-0.07,18156100.0,2018-10-30
1441.34,1441.38,1431.09,1433.98,-0.51,19317500.0,2018-10-31
1433.98,1437.59,1430.55,1435.79,0.13,18802800.0,2018-11-01
1435.79,1437.59,1426.61,1427.13,-0.6,11912200.0,2018-11-04
1427.13,1445.11,1423.01,1445.11,1.26,23004500.0,2018-11-05
1450.0,1450.0,1450.0,1450.0,0.34,2685660.0,2018-11-06
1450.41,1453.98,1446.6,1446.92,-0.21,7354690.0,2018-11-11
1444.48,1444.48,1422.72,1426.51,-1.41,12817100.0,2018-11-12
1426.41,1440.14,1424.36,1438.59,0.85,16427300.0,2018-11-13
1439.13,1439.76,1432.09,1438.59,0.85,11579800.0,2018-11-14
1437.05,1440.11,1423.28,1423.95,-1.02,19156800.0,2018-11-15
1425.86,1425.86,1414.87,1414.96,-0.63,16960000.0,2018-11-18
1415.0,1419.26,1404.13,1407.47,-0.53,21138700.0,2018-11-19
1406.91,1409.08,1400.58,1400.16,-0.52,22025900.0,2018-11-20
1399.52,1400.01,1394.81,1399.37,-0.06,18934900.0,2018-11-21
1399.48,1399.48,1391.06,1392.25,-0.51,24293000.0,2018-11-22
1394.37,1395.17,1369.81,1369.88,-1.61,21793900.0,2018-11-25
1369.51,1369.51,1354.67,1351.69,-1.33,39208500.0,2018-11-26
1350.98,1362.53,1349.06,1347.52,-0.31,29822300.0,2018-11-27
1347.52,1350.29,1334.61,1334.8,-0.94,20876400.0,2018-11-28
1334.82,1335.05,1309.74,1310.57,-1.82,30100500.0,2018-11-29
1311.49,1312.34,1280.42,1281.75,-2.2,35195000.0,2018-12-02
1281.93,1302.32,1273.72,1273.78,-0.65,27030500.0,2018-12-03
1274.26,1283.87,1271.75,1281.37,0.6,16706300.0,2018-12-04
1280.63,1280.63,1250.71,1252.27,-2.39,18788900.0,2018-12-05
1252.91,1262.46,1244.71,1252.78,0.04,20731200.0,2018-12-06
1252.25,1253.49,1246.42,1257.75,0.4,26120700.0,2018-12-09
1258.46,1281.6,1257.94,1275.82,1.44,39535900.0,2018-12-10
1274.19,1275.08,1264.91,1265.58,-0.8,19627700.0,2018-12-11
1265.68,1267.05,1256.02,1257.12,-0.67,15846100.0,2018-12-12
1258.05,1275.67,1253.85,1268.73,0.92,38933900.0,2018-12-13
1269.0,1306.24,1269.0,1306.24,2.96,76609200.0,2018-12-16
1309.41,1346.46,1306.89,1346.46,3.08,72448304.0,2018-12-17
1346.85,1355.95,1323.1,1327.96,-1.37,50477300.0,2018-12-18
1328.2,1331.08,1318.95,1321.65,-0.48,24831700.0,2018-12-19
1325.95,1336.78,1317.0,1322.77,0.08,34321100.0,2018-12-20
1325.36,1386.55,1322.79,1386.55,4.82,82163904.0,2018-12-23
1387.38,1406.47,1376.85,1380.66,-0.42,64231400.0,2018-12-24
1380.3,1382.12,1358.87,1366.82,-1.0,22010400.0,2018-12-25
1366.08,1417.03,1365.97,1417.03,3.67,61963900.0,2018-12-26
1419.65,1450.38,1405.52,1414.28,-0.19,114525000.0,2018-12-27
1412.48,1431.48,1407.78,1409.67,-0.33,46365700.0,2018-12-30
1410.79,1410.79,1387.6,1388.14,-1.53,56089000.0,2018-12-31
1386.33,1392.66,1378.59,1389.16,0.07,27514600.0,2019-01-01
1389.16,1395.29,1387.08,1394.49,0.47,44582000.0,2019-01-02
1394.82,1404.45,1391.62,1395.71,0.09,29678200.0,2019-01-03
1392.99,1392.99,1372.43,1372.87,-1.64,40105600.0,2019-01-06
1374.23,1387.56,1374.23,1384.4,0.84,22371400.0,2019-01-07
1383.53,1389.89,1381.42,1389.82,0.39,41104000.0,2019-01-08
1383.53,1389.82,1397.26,1392.26,0.18,21477300.0,2019-01-09
1392.26,1398.32,1391.1,1397.96,0.41,24144800.0,2019-01-10
1398.26,1398.31,1384.5,1385.26,-0.91,18910900.0,2019-01-13
1385.26,1400.32,1385.4,1400.32,1.09,32473100.0,2019-01-14
1407.7,1453.87,1407.7,1453.87,3.82,59715900.0,2019-01-15
1453.87,1463.57,1436.38,1438.19,-1.08,59672500.0,2019-01-16
1440.01,1447.45,1436.41,1447.45,0.64,40738200.0,2019-01-17
1444.72,1445.13,1435.07,1436.86,-0.73,24828200.0,2019-01-20
1437.33,1437.33,1415.92,1415.92,-1.46,28968500.0,2019-01-21
1416.55,1430.08,1415.97,1430.08,1.0,31089400.0,2019-01-22
1430.09,1443.07,1429.77,1443.07,0.91,21635700.0,2019-01-23
1442.94,1443.34,1434.86,1440.81,-0.16,38801100.0,2019-01-24
1441.16,1441.16,1425.09,1425.81,-1.04,25774800.0,2019-01-27
1428.84,1445.72,1428.72,1445.72,1.4,30553100.0,2019-01-28
1448.29,1448.29,1431.37,1439.6,-0.42,53333900.0,2019-01-29
1439.71,1444.91,1438.98,1444.91,0.37,22805000.0,2019-01-30
1445.15,1453.09,1444.01,1445.41,0.03,40043300.0,2019-01-31
1449.37,1452.92,1440.26,1442.61,-0.19,47495900.0,2019-02-03
1445.54,1447.0,1428.06,1428.8,-0.96,39459900.0,2019-02-04
1427.82,1436.97,1427.82,1435.53,0.47,31447000.0,2019-02-05
1436.67,1436.89,1422.08,1424.7,-0.75,33502800.0,2019-02-06
1424.72,1425.6,1423.15,1425.5,0.06,43181500.0,2019-02-07
1428.61,1429.33,1407.85,1409.78,-1.1,27194000.0,2019-02-10
1409.11,1420.24,1407.11,1420.24,0.74,18829800.0,2019-02-11
1420.22,1422.94,1413.53,1415.96,-0.3,15283300.0,2019-02-12
1415.97,1416.14,1399.66,1404.06,-0.84,24970300.0,2019-02-13
1403.78,1403.78,1385.79,1388.72,-1.09,22618000.0,2019-02-14
1391.13,1394.41,1384.5,1387.06,-0.12,14081700.0,2019-02-17
1388.13,1388.13,1376.63,1380.32,-0.49,16540000.0,2019-02-18
1381.05,1420.03,1379.61,1420.03,2.88,26512400.0,2019-02-19
1423.39,1424.34,1400.36,1402.27,-1.36,17887900.0,2019-02-20
1403.22,1406.11,1400.75,1399.69,-0.18,39447100.0,2019-02-21
1397.28,1399.41,1378.97,1378.97,-1.48,28726100.0,2019-02-24
1378.78,1389.52,1369.41,1389.48,0.76,19575600.0,2019-02-25
1392.46,1392.46,1373.93,1375.15,-1.03,17652500.0,2019-02-26
1375.45,1385.7,1372.78,1372.78,-0.17,23123000.0,2019-02-27
1373.19,1375.24,1365.23,1365.23,-0.55,18921000.0,2019-03-03
1365.38,1375.73,1363.66,1370.51,0.39,19645300.0,2019-03-05
1370.56,1390.01,1369.71,1390.01,1.42,22656100.0,2019-03-06
1390.38,1412.12,1389.16,1412.12,1.59,32972400.0,2019-03-07
1412.97,1412.97,1403.2,1410.54,-0.11,5028250.0,2019-03-10
1410.55,1424.77,1408.44,1424.77,1.01,27415600.0,2019-03-11
1427.93,1438.04,1422.47,1434.7,0.7,37658500.0,2019-03-12
1431.59,1432.89,1413.09,1413.09,-1.51,22403400.0,2019-03-13
1413.46,1420.94,1409.07,1415.2,0.15,12812700.0,2019-03-14
1414.81,1423.36,1414.66,1414.66,-0.04,18955600.0,2019-03-17
1414.21,1418.57,1403.98,1403.98,-0.75,28111500.0,2019-03-18
1404.91,1405.48,1395.03,1396.54,-0.53,9727400.0,2019-03-19
1398.47,1399.77,1382.05,1386.83,-0.7,23586600.0,2019-03-21
1385.77,1386.59,1374.07,1377.52,-0.67,28844400.0,2019-03-24
1376.25,1383.39,1372.61,1383.39,0.43,31654900.0,2019-03-25
1383.15,1383.31,1373.87,1377.91,-0.4,22142100.0,2019-03-26
1374.29,1382.53,1374.21,1383.04,0.37,7802680.0,2019-03-27
1382.0,1385.39,1376.55,1385.39,0.17,21977100.0,2019-03-28
1385.46,1385.71,1375.95,1376.92,-0.61,18518200.0,2019-03-31
1378.81,1383.25,1374.86,1381.15,0.17,25370300.0,2019-04-01
1382.49,1388.6,1380.11,1383.49,0.17,21710500.0,2019-04-02
1383.48,1386.63,1381.1,1381.1,-0.17,18739000.0,2019-04-03
1381.07,1381.07,1371.39,1372.33,-0.64,15462600.0,2019-04-04
1372.43,1372.68,1366.78,1371.38,-0.07,18537400.0,2019-04-07
1371.5,1411.2,1368.08,1407.89,2.66,45519000.0,2019-04-08
1407.86,1413.61,1391.57,1392.78,-1.07,44560100.0,2019-04-09
1392.67,1395.13,1373.48,1395.13,0.17,21981800.0,2019-04-10
1393.05,1399.24,1391.57,1395.16,0.0,46149300.0,2019-04-11
1393.62,1437.6,1392.51,1437.6,3.04,48241500.0,2019-04-15
1437.51,1474.01,1437.51,1473.41,2.49,94149000.0,2019-04-16
1475.24,1483.5,1454.48,1459.39,-0.95,56481500.0,2019-04-17
1456.9,1482.8,1451.84,1471.38,0.82,68674496.0,2019-04-18
1474.54,1500.89,1474.54,1498.29,1.83,78665296.0,2019-04-21
1498.88,1506.14,1475.85,1477.31,-1.4,54047800.0,2019-04-22
1477.15,1480.42,1465.4,1472.36,-0.34,78224896.0,2019-04-23
1470.0,1479.61,1466.64,1478.37,0.41,48670900.0,2019-04-24
1478.69,1495.41,1478.04,1488.75,0.7,109210000.0,2019-04-25
1488.06,1579.83,1488.06,1579.83,6.12,185424000.0,2019-04-28
1589.33,1595.63,1558.48,1574.21,-0.36,106573000.0,2019-04-29
1581.29,1585.15,1556.2,1556.2,-1.14,66408100.0,2019-04-30
1556.1,1556.1,1542.93,1549.29,-0.44,60882600.0,2019-05-02
1549.92,1553.01,1523.42,1523.42,-1.67,50660900.0,2019-05-05
1523.6,1533.59,1517.98,1533.59,0.67,42758400.0,2019-05-06
1533.98,1546.22,1531.19,1537.72,0.27,44326100.0,2019-05-07
1541.25,1544.32,1531.79,1532.76,-0.32,29017800.0,2019-05-08
1532.14,1533.67,1522.71,1524.58,-0.53,29251700.0,2019-05-09
1524.53,1527.12,1517.5,1522.98,-0.1,25105500.0,2019-05-12
1523.1,1524.95,1513.71,1521.52,-0.1,30473900.0,2019-05-13
1518.39,1535.77,1518.21,1531.02,0.62,51523600.0,2019-05-14
1531.26,1547.09,1528.46,1531.15,0.01,66188000.0,2019-05-15
1531.78,1533.04,1516.98,1525.92,-0.34,40133300.0,2019-05-16
1522.9,1523.23,1514.0,1517.42,-0.56,44272800.0,2019-05-19
1517.79,1523.37,1500.61,1500.61,-1.11,31765500.0,2019-05-20
1500.87,1509.41,1494.09,1497.55,-0.2,27244800.0,2019-05-21
1498.57,1514.19,1498.57,1504.76,0.48,29386800.0,2019-05-22
1504.63,1508.62,1495.59,1506.46,0.11,32739600.0,2019-05-23
1506.56,1507.98,1497.68,1501.31,-0.34,33879800.0,2019-05-26
1501.93,1510.54,1497.95,1502.11,0.05,30906300.0,2019-05-27
1502.64,1503.31,1495.69,1501.43,-0.05,30157100.0,2019-05-28
1501.59,1512.9,1501.44,1508.88,0.5,45379400.0,2019-05-29
1520.65,1540.72,1506.86,1507.1,-0.12,61336600.0,2019-05-30
1509.33,1510.07,1486.6,1489.02,-1.2,23243300.0,2019-06-02
1488.89,1490.01,1471.87,1476.5,-0.84,29158900.0,2019-06-03
1476.01,1482.13,1460.19,1464.11,-0.84,37299700.0,2019-06-04
1466.89,1466.89,1458.31,1459.04,-0.35,25896400.0,2019-06-06
1458.63,1462.05,1447.2,1447.56,-0.79,29474100.0,2019-06-10
1443.61,1451.14,1442.78,1451.14,0.25,26133600.0,2019-06-11
1454.01,1454.01,1434.74,1443.57,-0.52,30015200.0,2019-06-12
1446.18,1446.18,1434.16,1440.72,-0.2,28560500.0,2019-06-13
1444.25,1445.07,1410.11,1411.23,-2.05,58654700.0,2019-06-16
1411.08,1411.58,1396.19,1408.04,-0.23,27110600.0,2019-06-17
1408.14,1412.93,1403.18,1412.89,0.34,38384000.0,2019-06-18
1413.09,1416.56,1408.26,1411.24,-0.12,31294100.0,2019-06-19
1414.41,1431.23,1411.42,1424.92,0.97,18974400.0,2019-06-20
1422.25,1422.42,1409.21,1409.87,-1.06,57192200.0,2019-06-23
1410.64,1427.25,1409.32,1427.25,1.23,62558700.0,2019-06-24
1429.74,1435.89,1426.8,1429.77,0.18,28856500.0,2019-06-25
1430.37,1433.23,1425.23,1425.91,-0.27,30176400.0,2019-06-26
1425.19,1430.19,1421.28,1424.28,-0.11,36536200.0,2019-06-27
1424.87,1424.87,1408.26,1408.89,-1.08,29374900.0,2019-06-30
1408.46,1409.42,1401.75,1406.53,-0.17,27864000.0,2019-07-01
1408.5,1422.06,1405.62,1422.06,1.1,28170600.0,2019-07-02
1425.7,1448.08,1419.67,1448.08,1.83,35781400.0,2019-07-03
1450.7,1455.5,1441.45,1441.66,-0.44,38261600.0,2019-07-04
1442.17,1443.45,1431.7,1433.18,-0.59,29050800.0,2019-07-07
1434.9,1434.9,1424.79,1426.68,-0.45,31474100.0,2019-07-08
1425.03,1429.28,1422.93,1426.27,-0.03,22150700.0,2019-07-09
1427.37,1430.19,1424.01,1429.79,0.25,36185100.0,2019-07-10
1430.43,1430.43,1421.06,1424.26,-0.39,47127300.0,2019-07-11
1423.6,1427.82,1421.38,1424.11,-0.01,21853400.0,2019-07-14
1424.04,1432.61,1423.89,1428.81,0.33,21470300.0,2019-07-15
1448.95,1454.52,1433.19,1434.32,0.39,38103400.0,2019-07-16
1435.87,1460.3,1433.76,1460.3,1.81,32715000.0,2019-07-17
1460.41,1470.81,1458.64,1460.48,0.01,22779200.0,2019-07-18
1462.35,1464.06,1454.68,1460.38,-0.01,29844800.0,2019-07-21
1460.85,1469.39,1458.41,1467.85,0.51,29894800.0,2019-07-22
1468.1,1495.85,1467.41,1495.85,1.91,38043500.0,2019-07-23
1496.05,1511.43,1494.33,1510.83,1.0,57381000.0,2019-07-24
1510.65,1510.65,1485.76,1491.15,-1.3,68340096.0,2019-07-25
1490.18,1490.18,1460.33,1463.45,-1.86,60275700.0,2019-07-28
1463.55,1488.03,1463.41,1486.85,1.6,58547400.0,2019-07-29
1487.21,1502.61,1487.21,1501.57,0.99,64188800.0,2019-07-30
1503.69,1554.01,1500.74,1554.01,3.49,112584000.0,2019-07-31
1555.44,1591.48,1534.79,1569.65,1.01,212731008.0,2019-08-01
1570.73,1595.57,1565.02,1569.88,0.01,142604000.0,2019-08-04
1570.8,1581.75,1540.3,1542.85,-1.72,132336000.0,2019-08-05
1543.53,1546.57,1513.72,1521.76,-1.37,54179400.0,2019-08-06
1522.18,1547.51,1509.27,1544.31,1.48,57002800.0,2019-08-07
1544.42,1545.26,1522.01,1523.99,-1.32,29475800.0,2019-08-08
1524.56,1526.46,1509.53,1517.39,-0.43,29977500.0,2019-08-11
1517.21,1523.98,1516.21,1522.44,0.33,31488900.0,2019-08-12
1521.87,1531.47,1518.87,1521.02,-0.09,41167200.0,2019-08-13
1521.59,1525.07,1513.66,1521.16,0.01,23710500.0,2019-08-14
1520.99,1521.19,1513.11,1517.15,-0.26,24292800.0,2019-08-15
1517.35,1517.61,1507.39,1508.57,-0.57,29932500.0,2019-08-18
1509.05,1539.57,1505.07,1530.08,1.43,40240500.0,2019-08-19
1529.6,1529.6,1514.57,1516.96,-0.86,26438100.0,2019-08-20
1517.64,1517.66,1508.27,1515.72,-0.08,31491200.0,2019-08-21
1515.8,1525.13,1515.8,1516.89,0.08,31774300.0,2019-08-22
1516.64,1517.73,1504.51,1512.69,-0.28,36067100.0,2019-08-25
1513.7,1516.91,1507.34,1511.88,-0.05,31815300.0,2019-08-26
1512.88,1527.38,1512.77,1521.83,0.66,31081000.0,2019-08-27
1522.56,1526.38,1512.58,1512.58,-0.61,28658400.0,2019-08-28
1514.79,1514.92,1503.43,1510.74,-0.12,35063200.0,2019-08-29
1514.45,1514.45,1495.42,1497.7,-0.86,29505700.0,2019-09-01
1500.54,1500.77,1470.73,1472.72,-1.67,74329900.0,2019-09-02
1472.51,1506.15,1459.94,1506.15,2.27,58991500.0,2019-09-03
1508.96,1513.33,1494.81,1508.96,0.19,41287500.0,2019-09-04
1509.54,1510.84,1499.23,1505.59,-0.22,41028600.0,2019-09-05
1505.59,1505.7,1493.24,1498.09,-0.5,29364100.0,2019-09-08
1498.43,1498.62,1482.13,1484.33,-0.92,31097200.0,2019-09-09
1484.33,1493.37,1478.91,1480.21,-0.28,28788600.0,2019-09-10
1480.21,1482.63,1471.9,1474.4,-0.39,58319000.0,2019-09-11
1474.4,1476.22,1465.55,1467.98,-0.44,36730200.0,2019-09-12
1467.93,1472.61,1447.83,1448.52,-1.33,31989600.0,2019-09-15
1450.41,1451.32,1430.02,1437.29,-0.78,47665000.0,2019-09-16
1437.29,1472.49,1437.29,1467.49,2.1,32330600.0,2019-09-17
1467.49,1496.65,1467.49,1496.65,1.99,35437000.0,2019-09-18
1500.28,1509.14,1486.42,1487.44,-0.62,46536800.0,2019-09-19
1487.44,1489.6,1453.1,1457.12,-2.04,26181600.0,2019-09-22
1457.12,1465.21,1451.65,1460.91,0.26,15317000.0,2019-09-23
1461.21,1461.21,1451.24,1453.05,-0.54,19724800.0,2019-09-24
1453.06,1455.24,1450.55,1453.85,0.06,9717890.0,2019-09-25
1453.6,1455.9,1449.05,1449.12,-0.33,26676800.0,2019-09-26
1449.03,1451.3,1443.06,1443.06,-0.42,16233400.0,2019-09-29
1442.95,1453.06,1441.31,1453.06,0.69,13350300.0,2019-09-30
1453.65,1468.33,1452.87,1464.35,0.78,10511500.0,2019-10-01
1464.39,1468.52,1459.52,1461.96,-0.16,14165500.0,2019-10-02
1463.69,1477.33,1463.69,1476.2,0.97,17039700.0,2019-10-03
1476.2,1478.53,1472.94,1473.79,-0.16,1862110.0,2019-10-10
1473.71,1473.75,1456.47,1459.94,-0.94,12639200.0,2019-10-14
1459.83,1465.27,1458.52,1465.27,0.37,9107480.0,2019-10-15
1466.17,1466.17,1455.66,1457.35,-0.54,25628300.0,2019-10-16
1457.35,1460.14,1455.28,1459.52,0.15,16986400.0,2019-10-17
1462.22,1463.32,1456.97,1456.97,-0.17,11052400.0,2019-10-20
1456.93,1457.72,1454.59,1457.49,0.04,11338100.0,2019-10-21
1457.63,1460.38,1454.2,1458.9,0.1,15092000.0,2019-10-22
1460.14,1467.78,1458.7,1467.78,0.61,20667300.0,2019-10-23
1467.87,1475.07,1467.87,1474.16,0.43,22296500.0,2019-10-24
1473.85,1477.0,1468.78,1469.0,-0.35,13804600.0,2019-10-31
1468.87,1474.11,1464.01,1465.99,-0.2,15440800.0,2019-11-03
1466.01,1473.55,1465.98,1471.59,0.38,18443100.0,2019-11-04
1472.85,1476.62,1472.13,1475.24,0.25,35408700.0,2019-11-05
1475.34,1479.71,1474.15,1479.71,0.3,22212300.0,2019-11-06
1479.71,1479.89,1474.34,1479.29,-0.03,21290500.0,2019-11-07
1479.88,1487.06,1479.88,1483.56,0.29,34933700.0,2019-11-10
1483.82,1516.07,1483.82,1514.31,2.07,56275300.0,2019-11-11
1514.69,1515.42,1502.06,1503.32,-0.73,36452700.0,2019-11-12
1499.24,1502.99,1490.79,1492.74,-0.7,23677400.0,2019-11-14
1492.98,1494.05,1485.73,1488.98,-0.25,27807800.0,2019-11-17
1489.07,1490.17,1486.59,1489.51,0.04,14298900.0,2019-11-18
1489.61,1491.12,1486.68,1488.64,-0.06,21053200.0,2019-11-19
1488.75,1502.06,1485.2,1485.2,-0.23,24032100.0,2019-11-20
1485.32,1486.65,1471.07,1473.67,-0.78,39249700.0,2019-11-21
1473.67,1481.06,1463.6,1467.33,-0.43,43999200.0,2019-11-24
1467.43,1472.85,1462.78,1471.12,0.26,35925200.0,2019-11-25
1470.95,1474.59,1467.93,1469.13,-0.14,22512200.0,2019-11-26
1469.13,1484.06,1468.02,1484.06,0.88,31154200.0,2019-11-27
1483.8,1485.42,1480.22,1480.83,-0.22,35838300.0,2019-11-28
1480.83,1484.59,1471.72,1474.01,-0.46,29729000.0,2019-12-01
1474.29,1476.5,1468.97,1472.96,-0.07,43399100.0,2019-12-02
1473.39,1490.33,1473.39,1487.6,0.99,49629700.0,2019-12-03
1488.13,1527.01,1487.43,1520.64,2.22,68730100.0,2019-12-04
1520.64,1546.2,1519.96,1545.19,1.61,78318000.0,2019-12-05
1545.01,1562.28,1537.45,1562.28,1.11,52584000.0,2019-12-08
1562.76,1623.85,1562.57,1612.71,3.23,152764000.0,2019-12-09
1613.75,1628.04,1598.08,1614.59,0.12,104012000.0,2019-12-10
1622.01,1694.48,1622.01,1671.67,3.54,163934000.0,2019-12-11
1675.83,1699.11,1659.86,1663.45,-0.49,155852000.0,2019-12-12
1664.13,1664.67,1627.17,1627.17,-2.18,100636000.0,2019-12-15
1627.07,1632.72,1612.6,1613.13,-0.86,78080900.0,2019-12-16
1614.13,1628.73,1612.63,1623.01,0.61,57610300.0,2019-12-17
1622.22,1626.8,1609.22,1614.83,-0.5,50463800.0,2019-12-18
1616.28,1617.44,1603.1,1609.76,-0.31,48674300.0,2019-12-19
1609.46,1615.17,1606.02,1611.21,0.09,26802200.0,2019-12-22
1610.61,1641.95,1609.36,1641.95,1.91,64683800.0,2019-12-23
1642.06,1646.89,1626.15,1631.04,-0.66,56887600.0,2019-12-24
1636.93,1641.49,1620.06,1625.06,-0.37,38242700.0,2019-12-25
1625.3,1627.84,1622.16,1624.33,-0.04,55838000.0,2019-12-26
1624.71,1628.3,1612.9,1615.51,-0.54,38332000.0,2019-12-29
1615.2,1620.66,1613.25,1619.26,0.23,52460000.0,2019-12-30
1619.58,1638.23,1619.5,1638.23,1.17,54119700.0,2019-12-31
1638.23,1664.25,1634.36,1663.92,1.57,62227700.0,2020-01-01
1671.46,1686.25,1671.46,1679.48,0.94,102421000.0,2020-01-02
1679.55,1735.83,1678.9,1719.72,2.4,194252000.0,2020-01-05
1725.07,1757.29,1725.07,1756.05,2.11,188183000.0,2020-01-06
1756.2,1788.95,1756.2,1788.95,1.87,215028000.0,2020-01-07
1790.17,1817.02,1776.98,1803.41,0.81,246388000.0,2020-01-08
1803.52,1869.61,1801.99,1866.41,3.49,279112000.0,2020-01-09
1867.88,1988.61,1867.88,1988.61,6.55,362595000.0,2020-01-12
1992.44,2042.47,1968.8,1974.72,-0.7,328704000.0,2020-01-13
1974.32,1986.56,1939.89,1966.0,-0.44,207741000.0,2020-01-14
1964.93,1996.04,1964.93,1993.2,1.38,159115000.0,2020-01-15
1994.18,2076.3,1994.18,2069.38,3.82,292468000.0,2020-01-16
2071.6,2123.22,2071.6,2101.44,1.55,289986000.0,2020-01-19
2101.44,2109.91,2018.58,2043.56,-2.75,223986000.0,2020-01-20
2044.81,2054.54,2009.39,2041.17,-0.12,150333000.0,2020-01-21
2040.59,2040.89,2012.63,2030.81,-0.51,108389000.0,2020-01-22
2030.81,2048.65,2006.32,2015.82,-0.74,216064000.0,2020-01-23
2016.8,2022.99,1986.6,1989.01,-1.33,204883000.0,2020-01-26
1992.24,2055.44,1990.84,2055.44,3.34,222187000.0,2020-01-27
2056.64,2116.52,2056.64,2098.01,2.07,322231000.0,2020-01-28
2098.74,2188.96,2098.74,2188.96,4.34,524523000.0,2020-01-29
2189.01,2236.42,2189.01,2207.57,0.85,484556000.0,2020-01-30
2209.01,2243.15,2201.96,2229.7,0.85,454087000.0,2020-02-02
2234.27,2243.07,2205.54,2221.95,-0.35,298851000.0,2020-02-03
2223.59,2227.68,2189.22,2199.07,-1.03,223303000.0,2020-02-04
2201.61,2214.06,2189.35,2205.09,0.27,171243000.0,2020-02-05
2204.38,2216.98,2173.61,2187.63,-0.79,184255000.0,2020-02-06
2187.04,2191.12,2159.86,2166.94,-0.95,166541000.0,2020-02-09
2165.86,2206.25,2159.18,2196.73,1.37,165644000.0,2020-02-10
2198.3,2270.07,2198.3,2266.95,3.2,355611000.0,2020-02-11
2267.89,2326.84,2267.89,2322.58,2.45,425067000.0,2020-02-12
2323.31,2375.35,2323.31,2352.12,1.27,484993000.0,2020-02-13
2352.71,2409.93,2352.64,2409.93,2.46,321687000.0,2020-02-16
2410.35,2448.56,2410.35,2419.6,0.4,438989000.0,2020-02-17
2420.9,2428.49,2378.51,2406.5,-0.54,299031000.0,2020-02-18
2407.95,2508.93,2396.99,2510.89,4.16,467424000.0,2020-02-19
2515.86,2670.21,2515.86,2670.21,6.35,780311000.0,2020-02-20
2691.15,2786.31,2691.15,2725.1,2.06,669187000.0,2020-02-23
2727.05,2755.53,2686.9,2693.06,-1.18,497479000.0,2020-02-24
2693.9,2766.71,2638.72,2776.5,3.1,449372000.0,2020-02-25
2779.55,2838.63,2779.55,2803.65,0.98,529903000.0,2020-02-26
2802.66,2802.66,2738.13,2747.3,-2.1,509217000.0,2020-02-27
2754.32,2762.72,2652.16,2657.04,-3.29,586911000.0,2020-03-01
2658.61,2658.61,2521.4,2521.4,-5.1,241798000.0,2020-03-02
2512.27,2512.27,2339.88,2405.27,-4.61,596388000.0,2020-03-03
2402.2,2402.2,2246.36,2257.02,-6.16,384894000.0,2020-03-04
2252.24,2394.21,2189.27,2305.05,2.13,325268000.0,2020-03-05
2305.05,2305.05,2202.09,2202.09,-4.47,109248000.0,2020-03-10
2207.13,2319.37,2204.32,2319.37,5.33,269437000.0,2020-03-11
2321.09,2330.38,2221.53,2229.74,-3.86,338522000.0,2020-03-12
2206.03,2206.36,2123.35,2136.32,-4.19,306064000.0,2020-03-15
2134.78,2186.73,2100.17,2159.54,1.09,221684000.0,2020-03-16
2160.02,2164.82,2052.66,2065.87,-4.34,181060000.0,2020-03-17
2066.56,2111.33,1991.97,2047.65,-0.88,141312000.0,2020-03-18
2048.93,2085.13,1992.75,2068.24,1.01,215696000.0,2020-03-19
2063.91,2074.33,2046.55,2050.3,-0.87,16127900.0,2020-03-22
2045.96,2045.96,2032.25,2032.25,-0.88,5073400.0,2020-05-12
2028.15,2028.15,2008.29,2008.29,-1.18,278118.0,2020-05-13
2007.38,2007.38,1963.98,1968.92,-1.96,30671500.0,2020-06-29
1971.06,2046.62,1967.94,2046.62,3.95,37361300.0,2020-06-30
2056.58,2147.85,2056.58,2147.85,4.95,23698100.0,2020-07-01
2147.85,2168.74,2076.59,2076.59,-3.32,25504000.0,2020-07-02
2076.23,2106.68,2065.11,2086.42,0.47,87779300.0,2020-07-05
2086.42,2170.53,2066.9,2170.53,4.03,97950700.0,2020-07-06
2175.92,2274.97,2175.92,2247.09,3.53,186976000.0,2020-07-07
2247.39,2264.12,2216.87,2236.96,-0.45,131787000.0,2020-07-08
2237.03,2251.91,2215.4,2249.85,0.43,160229000.0,2020-07-09
2268.98,2332.49,2266.41,2332.49,3.82,207551000.0,2020-07-12
2333.08,2383.84,2333.08,2383.84,2.2,218402000.0,2020-07-13
2387.01,2448.78,2387.01,2448.78,2.72,267667000.0,2020-07-14
2456.92,2475.3,2430.76,2438.99,-0.4,198505000.0,2020-07-15
2445.69,2458.5,2437.69,2445.46,0.27,145754000.0,2020-07-16
2458.21,2537.85,2458.21,2537.85,3.78,7776150.0,2020-07-19
2611.47,2630.97,2446.95,2450.46,-3.57,242962000.0,2020-07-20
2459.75,2479.66,2437.43,2443.44,-0.29,185619000.0,2020-07-21
2453.24,2471.54,2420.85,2428.34,-0.62,293341000.0,2020-07-22
2434.28,2456.15,2408.18,2456.78,1.14,205974000.0,2020-07-23
2460.42,2487.57,2457.03,2486.2,1.12,234740000.0,2020-07-26
2485.99,2526.61,2482.89,2498.66,0.5,315345000.0,2020-07-27
2496.71,2505.16,2477.96,2488.67,-0.4,215340000.0,2020-07-28
2489.26,2489.26,2431.16,2432.99,-2.24,359225000.0,2020-07-29
2434.36,2448.0,2407.78,2448.0,0.62,204824000.0,2020-07-30
2449.19,2450.06,2366.89,2373.23,-3.05,244141000.0,2020-08-02
2373.66,2394.08,2358.11,2388.96,0.66,135468000.0,2020-08-03
2351.96,2357.03,2326.15,2347.75,-0.07,157926000.0,2020-08-06
2351.04,2362.53,2313.26,2362.33,0.62,135730000.0,2020-08-09
2365.53,2433.89,2364.13,2433.89,3.03,201950000.0,2020-08-10
2433.89,2439.08,2403.3,2412.32,-0.89,151794000.0,2020-08-11
2411.67,2415.68,2396.32,2405.58,-0.28,113177000.0,2020-08-12
2404.42,2404.9,2370.2,2377.61,-1.16,153979000.0,2020-08-13
2387.6,2387.6,2340.44,2348.39,-1.23,125271000.0,2020-08-16
2348.8,2356.02,2328.27,2356.02,0.32,94913800.0,2020-08-17
2358.21,2375.72,2356.99,2373.44,0.74,79357000.0,2020-08-18
2376.09,2376.09,2342.35,2343.55,-1.26,119901000.0,2020-08-19
2342.84,2365.24,2342.27,2355.56,0.51,49549900.0,2020-08-20
2355.94,2379.17,2351.66,2379.17,1.0,99356500.0,2020-08-23
2380.17,2434.9,2380.17,2434.9,2.34,259396000.0,2020-08-24
2445.54,2457.73,2427.37,2454.98,0.82,210682000.0,2020-08-25
2458.61,2509.21,2458.61,2496.12,1.68,326233000.0,2020-08-26
2506.57,2510.85,2467.35,2472.62,-0.94,200618000.0,2020-08-27
2473.79,2474.98,2460.43,2474.98,0.1,113593000.0,2020-08-30
2483.73,2494.6,2476.31,2483.56,0.35,322736000.0,2020-08-31
2511.29,2517.32,2495.56,2500.84,0.7,302321000.0,2020-09-02
2500.23,2514.5,2480.51,2508.3,0.3,222231000.0,2020-09-03
2545.35,2545.35,2488.36,2498.03,-0.41,257538000.0,2020-09-06
2501.9,2506.95,2484.05,2499.18,0.05,259329000.0,2020-09-07
2499.18,2527.7,2489.74,2518.34,0.77,177765000.0,2020-09-08
2534.62,2580.99,2529.15,2573.77,2.2,417017000.0,2020-09-09
2583.67,2630.79,2583.5,2607.51,1.31,305948000.0,2020-09-10
2617.65,2632.41,2605.26,2615.71,0.31,319457000.0,2020-09-13
2619.79,2626.11,2591.74,2592.51,-0.89,303241000.0,2020-09-14
2595.35,2597.29,2576.03,2588.38,-0.15,182606000.0,2020-09-15
2591.65,2594.92,2580.88,2593.25,0.19,177443000.0,2020-09-16
2599.55,2616.69,2586.5,2605.46,0.47,354555000.0,2020-09-17
2616.54,2630.14,2589.4,2591.65,-0.53,126991000.0,2020-09-20
2596.98,2603.53,2578.04,2584.27,-0.28,266953000.0,2020-09-21
2585.07,2587.2,2553.49,2561.03,-0.9,262188000.0,2020-09-22
2564.51,2571.25,2545.92,2571.25,0.4,139483000.0,2020-09-23
2569.89,2583.86,2567.05,2570.73,-0.02,150095000.0,2020-09-24
2573.39,2574.45,2563.33,2564.11,-0.26,120065000.0,2020-09-27
2565.51,2565.51,2551.25,2556.49,-0.3,123710000.0,2020-09-28
2556.55,2557.05,2539.57,2542.91,-0.53,143385000.0,2020-09-29
2540.13,2541.94,2525.43,2536.04,-0.27,106061000.0,2020-09-30
2535.08,2558.99,2532.62,2556.86,0.82,119309000.0,2020-10-01
2556.73,2563.94,2556.07,2560.89,0.16,109936000.0,2020-10-04
2561.07,2562.74,2546.19,2550.08,-0.42,123382000.0,2020-10-05
2555.79,2560.46,2535.06,2540.79,-0.36,113788000.0,2020-10-06
2540.31,2545.94,2527.23,2540.59,-0.01,134620000.0,2020-10-07
2540.51,2547.15,2531.14,2541.44,0.03,130683000.0,2020-10-08
2541.66,2543.83,2518.92,2532.51,-0.35,121494000.0,2020-10-11
2540.36,2541.08,2525.13,2536.44,0.16,115929000.0,2020-10-12
2535.4,2537.56,2522.49,2522.81,-0.54,92179400.0,2020-10-13
2521.65,2523.91,2510.13,2517.49,-0.21,80920500.0,2020-10-14
2510.58,2536.45,2507.53,2515.89,-0.06,74038300.0,2020-10-15
2515.73,2515.89,2498.4,2504.66,-0.45,57083800.0,2020-10-18
2505.23,2520.67,2504.25,2515.3,0.42,51316000.0,2020-10-19
2516.56,2531.74,2515.13,2531.74,0.65,65327000.0,2020-10-20
2532.58,2536.99,2531.44,2535.15,0.13,64384100.0,2020-10-21
2538.27,2539.1,2532.44,2535.96,0.03,74568500.0,2020-10-22
2535.74,2561.15,2535.38,2561.15,0.99,86322500.0,2020-10-28
2562.61,2578.1,2561.74,2573.88,0.5,175112000.0,2020-10-29
2575.21,2603.29,2568.34,2603.29,1.14,193264000.0,2020-11-01
2602.91,2666.7,2602.91,2665.59,2.39,502662000.0,2020-11-02
2666.93,2708.0,2663.2,2672.42,0.26,412460000.0,2020-11-03
2676.45,2682.53,2662.01,2668.75,-0.14,187323000.0,2020-11-04
2670.56,2673.89,2651.85,2655.41,-0.5,204883000.0,2020-11-05
2657.47,2666.27,2647.07,2666.27,0.41,264559000.0,2020-11-08
2670.02,2707.06,2668.46,2697.89,1.19,390153000.0,2020-11-09
2707.34,2713.87,2695.42,2702.78,0.18,309517000.0,2020-11-10
2699.04,2709.92,2686.26,2709.92,0.26,382570000.0,2020-11-11
2716.04,2717.26,2696.29,2708.2,-0.06,310296000.0,2020-11-12
2710.51,2722.8,2699.06,2722.8,0.54,274460000.0,2020-11-18
2724.3,2769.18,2724.3,2769.18,1.7,539092000.0,2020-11-19
2775.76,2813.14,2732.85,2764.3,-0.18,470363000.0,2020-11-22
2766.55,2773.62,2738.67,2743.38,-0.76,254043000.0,2020-11-23
2740.93,2769.25,2735.54,2768.98,0.93,349671000.0,2020-11-24
2770.76,2878.59,2770.76,2875.84,3.86,545598000.0,2020-11-25
2889.34,2929.05,2856.33,2859.19,-0.58,433296000.0,2020-11-26
2866.69,2886.94,2850.45,2886.94,0.97,429070000.0,2020-11-29
2887.75,2924.54,2887.75,2924.54,1.3,553032000.0,2020-11-30
2929.02,2951.29,2910.12,2925.97,0.05,485245000.0,2020-12-01
2936.47,3158.54,2936.41,3158.54,7.95,1056940000.0,2020-12-02
3213.4,3324.15,3155.42,3188.61,0.95,1044790000.0,2020-12-03
3182.7,3182.7,2962.87,2964.43,-7.03,609496000.0,2020-12-06
2959.14,3091.98,2959.14,3091.98,4.3,628364000.0,2020-12-07
3105.42,3160.81,3065.93,3088.27,-0.12,736252000.0,2020-12-08
3092.92,3101.17,3003.5,3018.46,-2.26,427798000.0,2020-12-09
3017.44,3042.71,2986.34,3019.25,0.03,295928000.0,2020-12-10
3023.62,3075.54,3023.62,3075.54,1.86,340318000.0,2020-12-13
3078.34,3214.83,3078.34,3211.75,4.43,785593000.0,2020-12-14
3225.39,3288.26,3225.39,3271.34,1.86,1045280000.0,2020-12-15
3276.49,3372.48,3249.22,3347.91,2.34,1168210000.0,2020-12-16
3352.55,3432.56,3320.35,3357.19,0.28,961410000.0,2020-12-17
3143.76,3218.12,3015.47,3186.93,1.1,742248000.0,2020-12-21
3206.48,3293.98,3206.48,3293.98,3.36,550183000.0,2020-12-22
3305.44,3359.01,3259.46,3263.05,-0.94,432840000.0,2020-12-23
3265.27,3267.73,3211.78,3225.11,-1.16,378560000.0,2020-12-24
3218.58,3230.55,3171.74,3183.26,-1.3,362373000.0,2020-12-27
3182.49,3205.38,3161.79,3189.2,0.19,321801000.0,2020-12-28
3195.4,3226.76,3194.7,3200.57,0.36,379593000.0,2020-12-29
3217.88,3285.65,3210.51,3285.65,2.66,438654000.0,2020-12-30
3312.33,3337.81,3280.71,3285.83,0.01,499587000.0,2020-12-31
3316.11,3363.61,3310.35,3363.43,2.36,471535000.0,2021-01-03
3372.39,3397.73,3344.91,3358.7,-0.14,491685000.0,2021-01-04
3351.04,3364.79,3342.91,3352.76,-0.18,268494000.0,2021-01-05
3335.13,3409.06,3335.13,3409.06,1.68,491268000.0,2021-01-06
3427.58,3469.08,3419.4,3455.59,1.37,693832000.0,2021-01-07
3456.51,3481.54,3452.58,3477.4,0.63,607004000.0,2021-01-10
3478.6,3485.31,3443.3,3468.16,-0.27,400356000.0,2021-01-11
3484.48,3521.35,3462.22,3521.35,1.53,566864000.0,2021-01-12
3533.64,3617.84,3528.27,3617.84,2.74,917927000.0,2021-01-13
3630.09,3733.4,3630.09,3733.4,3.19,835889000.0,2021-01-17
3739.86,3833.5,3738.39,3833.5,2.68,967759000.0,2021-01-18
3847.53,3874.87,3765.64,3825.09,-0.29,998397000.0,2021-01-19
3827.04,3854.28,3805.34,3854.28,0.76,654564000.0,2021-01-20
3858.91,4012.94,3858.06,4008.45,4.0,1107060000.0,2021-01-21
4041.72,4121.41,4041.72,4110.98,2.56,1249160000.0,2021-01-24
4134.77,4149.24,4025.27,4061.38,-1.21,1093360000.0,2021-01-25
4063.9,4063.9,3996.42,4001.66,-1.47,900678000.0,2021-01-26
3997.45,4069.17,3978.83,4069.17,1.69,1108910000.0,2021-01-27
4080.38,4237.84,4080.38,4156.41,2.14,1652850000.0,2021-01-28
4174.82,4174.82,4012.9,4035.18,-2.92,1428080000.0,2021-01-31
4046.57,4095.72,3990.2,4007.37,-0.69,1045430000.0,2021-02-01
4042.0,4158.99,4042.0,4158.99,3.8,1068560000.0,2021-02-02
4197.05,4236.23,4127.63,4160.0,0.02,1205590000.0,2021-02-03
4168.16,4309.18,4144.88,4306.37,3.52,1849100000.0,2021-02-04
4374.99,4640.62,4374.99,4640.62,7.76,2537610000.0,2021-02-07
4790.97,4856.37,4548.6,4609.2,-0.68,2336710000.0,2021-02-08
4622.51,4624.35,4459.52,4480.95,-2.78,1824260000.0,2021-02-09
4508.5,4508.5,4432.87,4441.64,-1.0,1171090000.0,2021-02-10
4455.24,4491.81,4311.5,4313.59,-2.88,1587510000.0,2021-02-11
4337.28,4337.28,4208.08,4234.78,-1.83,1028970000.0,2021-02-14
4252.64,4609.54,4422.35,4605.08,8.74,2887790000.0,2021-02-15
4724.13,4750.5,4548.58,4580.27,-0.54,1705680000.0,2021-02-16
4611.43,4616.7,4511.52,4534.63,-1.0,817935000.0,2021-02-17
4535.5,4549.47,4481.31,4506.62,-0.62,776054000.0,2021-02-18
4521.24,4533.92,4441.67,4461.16,-1.01,856242000.0,2021-02-21
4468.22,4469.58,4394.92,4404.21,-1.28,955738000.0,2021-02-22
4414.17,4414.17,4277.35,4397.89,-0.14,850702000.0,2021-02-23
4456.93,4492.65,4405.67,4420.04,0.5,572073000.0,2021-02-24
4425.42,4430.02,4346.12,4359.56,-1.37,675710000.0,2021-02-25
4361.9,4361.9,4216.62,4218.27,-3.24,795080000.0,2021-02-28
4218.48,4311.96,4150.5,4299.76,1.93,593749000.0,2021-03-01
4299.85,4316.25,4164.4,4187.68,-2.61,682812000.0,2021-03-02
4187.89,4196.16,4084.15,4131.25,-1.35,776562000.0,2021-03-03
4132.88,4340.31,4135.02,4340.31,5.06,838540000.0,2021-03-04
4352.32,4361.64,4284.22,4288.52,-1.19,574808000.0,2021-03-07
4288.35,4298.77,4225.71,4241.06,-1.11,411608000.0,2021-03-09
4276.0,4276.0,4196.3,4201.06,-0.94,389332000.0,2021-03-10
4213.09,4213.09,4096.58,4110.38,-2.16,507283000.0,2021-03-14
4105.82,4138.39,4060.73,4085.15,-0.61,393770000.0,2021-03-15
4086.44,4151.56,4081.25,4112.51,0.67,376592000.0,2021-03-16
4144.04,4226.38,4117.07,4226.38,2.77,346580000.0,2021-03-17
4230.22,4328.51,4230.22,4328.51,2.42,537035000.0,2021-03-18
4337.71,4587.69,4337.71,4575.11,5.7,1177310000.0,2021-03-21
4615.5,4618.4,4478.63,4482.33,-2.03,1188560000.0,2021-03-22
4488.07,4555.43,4452.93,4551.33,1.54,823123000.0,2021-03-23
4588.45,4673.8,4577.28,4673.8,2.69,1210910000.0,2021-03-24
4705.67,4712.36,4618.53,4626.26,-1.02,1059350000.0,2021-03-25
4632.14,4698.4,4625.42,4670.76,0.96,765261000.0,2021-03-29
4679.89,4823.87,4679.89,4820.44,3.2,1550190000.0,2021-03-30
4879.44,4907.0,4847.4,4848.04,0.58,1172620000.0,2021-03-31
4878.92,4894.76,4838.53,4850.72,0.06,951417000.0,2021-04-01
4899.09,4915.58,4863.62,4873.73,0.47,1110850000.0,2021-04-04
4900.98,4928.54,4876.06,4908.35,0.71,805315000.0,2021-04-05
4925.07,4973.07,4924.84,4972.55,1.31,713724000.0,2021-04-06
4997.2,5112.58,4997.2,5079.99,2.16,1388780000.0,2021-04-07
5102.12,5186.12,5099.35,5186.12,2.09,1274420000.0,2021-04-08
5239.71,5424.82,5239.71,5374.68,3.64,2008210000.0,2021-04-12
5436.7,5455.98,5344.9,5360.29,-0.27,1260290000.0,2021-04-13
5409.24,5413.29,5361.46,5366.43,0.11,1321200000.0,2021-04-15
5375.47,5384.02,5312.85,5316.11,-0.94,1380020000.0,2021-04-18
5329.18,5342.25,5250.35,5253.41,-1.18,1060090000.0,2021-04-19
5272.68,5306.39,5227.12,5259.6,0.12,943387000.0,2021-04-20
5289.58,5296.78,5190.75,5203.41,-1.07,934652000.0,2021-04-21
5233.91,5265.5,5152.81,5256.6,1.02,942639000.0,2021-04-22
5280.94,5280.94,5077.6,5095.08,-3.06,1082210000.0,2021-04-25
5105.63,5134.06,4973.21,4982.74,-2.2,1135520000.0,2021-04-26
5005.22,5220.61,5005.22,5220.59,4.77,967336000.0,2021-04-27
5287.55,5273.92,5152.06,5174.17,-0.89,622951000.0,2021-04-28
5182.76,5219.47,5173.63,5218.52,0.86,520723000.0,2021-04-29
5240.68,5323.25,5210.3,5323.25,2.0,1143290000.0,2021-05-02
5340.89,5421.13,5340.89,5392.23,1.3,1737550000.0,2021-05-03
5399.37,5537.51,5386.41,5529.88,2.56,1884560000.0,2021-05-04
5608.59,5608.59,5518.71,5525.98,-0.07,1670440000.0,2021-05-05
5553.36,5553.36,5436.8,5462.5,-1.16,1244500000.0,2021-05-06
5469.24,5469.24,5361.83,5365.44,-1.78,1251160000.0,2021-05-09
5361.22,5422.37,5330.87,5416.32,0.94,836094000.0,2021-05-10
5446.89,5490.49,5428.81,5481.41,1.2,907558000.0,2021-05-11
5498.13,5502.13,5445.52,5463.61,-0.32,667559000.0,2021-05-12
5467.22,5482.62,5461.97,5469.0,0.1,788051000.0,2021-05-13
5514.12,5572.23,5484.69,5572.23,1.89,1141200000.0,2021-05-16
5588.53,5639.19,5580.07,5587.53,0.27,1169390000.0,2021-05-17
5615.32,5672.94,5590.07,5672.94,1.53,1549400000.0,2021-05-18
5699.37,5744.54,5637.47,5664.34,-0.15,1576540000.0,2021-05-19
5702.07,5702.07,5637.68,5650.51,-0.23,985580000.0,2021-05-20
5646.57,5648.01,5568.89,5629.81,-0.37,1150430000.0,2021-05-23
5665.09,5678.06,5603.71,5624.43,-0.1,1241180000.0,2021-05-24
5644.77,5673.97,5608.65,5626.74,0.04,1013320000.0,2021-05-25
5366.75,5492.11,5345.55,5435.05,-3.41,2481380000.0,2021-05-27
5448.37,5475.55,5354.39,5360.65,-1.37,1249270000.0,2021-05-30
5366.59,5417.38,5350.66,5350.66,-0.19,982261000.0,2021-05-31
5344.96,5391.26,5307.42,5332.42,-0.33,654940000.0,2021-06-01
5605.63,5407.5,5605.63,5407.5,1.3,1038990000.0,2021-06-02
5323.02,5512.05,5408.79,5447.85,0.75,1588120000.0,2021-06-03
5501.32,5503.05,5442.12,5452.13,0.08,910669000.0,2021-06-06
5495.94,5495.94,5409.13,5429.7,-0.41,798307000.0,2021-06-07
5460.02,5460.02,5387.96,5405.48,-0.45,828474000.0,2021-06-08
5425.49,5441.64,5384.24,5386.8,-0.34,711508000.0,2021-06-09
5450.34,5450.34,5358.56,5394.15,0.14,938699000.0,2021-06-10
5393.51,5414.82,5360.6,5376.46,-0.33,1037820000.0,2021-06-13
5404.08,5404.08,5347.05,5350.9,-0.48,786394000.0,2021-06-14
5362.91,5362.91,5305.5,5311.76,-0.73,793271000.0,2021-06-15
5275.7,5626.89,5275.7,5451.49,2.63,1802210000.0,2021-06-16
5473.02,5521.36,5378.87,5388.04,-1.19,573348000.0,2021-06-17
5378.39,5394.58,5245.87,5271.43,-2.18,768243000.0,2021-06-20
5253.41,5292.31,5165.69,5166.43,-1.99,698388000.0,2021-06-21
5168.56,5239.96,5142.97,5231.15,1.26,561216000.0,2021-06-22
5262.33,5262.33,5130.87,5130.87,-1.92,391563000.0,2021-06-23
5111.41,5130.25,5068.08,5074.86,-0.97,467937000.0,2021-06-24
5074.86,5103.69,5064.84,5079.76,0.1,313614000.0,2021-06-27
5066.71,5244.72,5066.3,5191.16,2.19,659981000.0,2021-06-28
5246.27,5341.23,5195.52,5217.56,0.51,712830000.0,2021-06-29
5242.53,5246.1,5131.97,5169.96,-0.91,301300000.0,2021-06-30
5207.82,5213.09,5162.15,5172.19,0.04,474873000.0,2021-07-01
5208.51,5208.51,5140.31,5146.16,-0.5,387431000.0,2021-07-04
5159.22,5183.27,5108.64,5111.99,-0.66,317048000.0,2021-07-05
5121.33,5127.13,5097.81,5114.29,0.03,434948000.0,2021-07-06
5072.05,5169.09,5070.65,5133.47,0.38,951211000.0,2021-07-07
5115.35,5201.76,5115.35,5201.76,1.33,468974000.0,2021-07-08
5218.46,5335.11,5218.46,5335.11,2.57,971795000.0,2021-07-11
5328.24,5393.74,5245.61,5262.59,-1.36,1400840000.0,2021-07-12
5293.35,5320.24,5263.94,5296.44,0.64,602340000.0,2021-07-13
5306.19,5306.61,5268.96,5276.76,-0.37,605577000.0,2021-07-14
5285.96,5322.6,5285.96,5322.6,0.87,607187000.0,2021-07-15
5338.32,5514.78,5338.32,5514.78,3.59,1068710000.0,2021-07-18
5518.31,5598.49,5493.97,5510.36,-0.08,1007720000.0,2021-07-19
5512.48,5512.65,5471.14,5483.26,-0.49,558449000.0,2021-07-20
5484.4,5495.95,5462.04,5470.53,-0.23,571512000.0,2021-07-22
5472.88,5556.76,5472.88,5556.76,1.58,957517000.0,2021-07-25
5555.27,5672.8,5555.27,5655.57,1.77,1426040000.0,2021-07-26
5544.97,5544.97,5452.71,5538.88,-2.06,1630080000.0,2021-07-27
5540.38,5595.23,5540.38,5576.12,0.67,771037000.0,2021-07-28
5589.06,5610.45,5556.71,5571.15,-0.09,719613000.0,2021-07-29
5585.81,5646.46,5585.81,5635.78,1.17,1246030000.0,2021-08-01
5672.33,5761.04,5665.29,5761.04,2.22,1995890000.0,2021-08-02
5813.81,6003.51,5813.81,5982.62,3.85,3227769887.0,2021-08-03
6053.83,6053.83,5840.7,5856.63,-2.11,2530280000.0,2021-08-04
5848.31,5866.94,5783.51,5822.41,-0.59,1847620000.0,2021-08-05
5843.26,5843.26,5725.95,5744.31,-1.27,1251040000.0,2021-08-08
5752.86,5760.53,5679.35,5688.23,-0.97,1089760000.0,2021-08-09
5689.1,5795.89,5682.27,5759.22,1.29,919050000.0,2021-08-10
5760.31,5801.05,5758.34,5767.2,0.14,971410000.0,2021-08-11
5769.95,5781.33,5749.97,5761.34,-0.1,966360000.0,2021-08-12
5761.22,5940.01,5760.01,5876.46,2.0,1987540000.0,2021-08-15
5895.78,5950.75,5893.83,5933.42,0.97,1788100000.0,2021-08-16
5941.31,5986.77,5925.45,5938.91,0.09,1624990000.0,2021-08-17
5948.92,5967.74,5901.94,5940.3,0.03,1381570000.0,2021-08-18
5941.13,6021.94,5940.32,5991.01,0.85,1326660000.0,2021-08-19
5992.59,6033.09,5933.71,5948.4,-0.53,967997000.0,2021-08-24
5965.67,5984.85,5888.61,5891.3,-0.96,906902000.0,2021-08-25
5910.12,5951.22,5910.12,5927.53,0.64,924736000.0,2021-08-26
5942.49,5942.49,5797.49,5813.49,-1.94,1683950000.0,2021-08-29
5811.18,5811.18,5629.17,5649.68,-2.82,1346000000.0,2021-08-31
5651.27,5702.49,5610.35,5643.74,-0.11,948633000.0,2021-09-01
5650.29,5721.99,5583.04,5620.27,-0.42,931474000.0,2021-09-02
5615.74,5615.74,5361.55,5457.31,-2.9,1005650000.0,2021-09-05
5457.2,5698.2,5418.26,5698.2,4.42,825376000.0,2021-09-06
5712.69,5712.69,5530.7,5551.43,-2.58,636207000.0,2021-09-07
5560.6,5569.38,5467.23,5483.82,-1.22,793040000.0,2021-09-08
5487.98,5532.32,5450.29,5466.51,-0.33,514922000.0,2021-09-09
5469.1,5578.75,5468.71,5578.75,2.08,794470000.0,2021-09-12
5585.91,5617.06,5536.53,5547.27,-0.56,666715000.0,2021-09-13
5549.03,5562.51,5494.34,5518.65,-0.52,498970000.0,2021-09-14
5519.6,5520.07,5452.03,5466.45,-0.95,434237000.0,2021-09-15
5473.22,5473.22,5279.11,5294.69,-3.14,839761000.0,2021-09-16
5309.03,5315.37,5124.62,5132.98,-3.07,983298000.0,2021-09-20
5132.8,5212.83,4994.06,5147.47,0.28,658489000.0,2021-09-21
5155.69,5328.97,5155.69,5318.2,3.32,688048000.0,2021-09-22
5327.67,5379.1,5257.96,5274.82,-0.88,568456000.0,2021-09-23
5277.41,5287.5,5148.3,5155.75,-2.29,389793000.0,2021-09-26
5164.39,5164.39,5020.3,5023.85,-2.57,465978000.0,2021-09-27
5019.62,5052.94,4883.39,4912.58,-2.23,560812000.0,2021-09-28
4911.82,5000.03,4869.24,5000.03,1.79,414569000.0,2021-09-29
5002.33,5051.48,4953.36,4962.57,-0.76,407525000.0,2021-09-30
4965.6,4967.56,4876.55,4893.19,-1.4,404496000.0,2021-10-03
4901.49,4992.5,4842.14,4965.19,1.47,458374000.0,2021-10-04
4959.29,5104.7,4955.24,5101.68,2.75,585007000.0,2021-10-05
5117.89,5404.75,5117.89,5397.97,5.8,1249550000.0,2021-10-06
5440.73,5574.19,5346.03,5352.09,-0.85,1154990000.0,2021-10-10
5359.9,5359.9,5222.62,5282.55,-1.26,633751000.0,2021-10-11
5284.54,5341.53,5243.9,5299.75,0.33,193094000.0,2021-10-17
5309.62,5309.62,5100.52,5114.76,-3.49,430063000.0,2021-10-18
5109.57,5109.72,4900.56,4980.41,-2.65,505406000.0,2021-10-19
5006.62,5125.78,5006.62,5086.99,1.99,381699000.0,2021-10-20
5089.89,5108.92,5014.76,5072.15,-0.29,377719000.0,2021-10-21
5068.58,5127.13,5056.0,5127.13,1.06,354911000.0,2021-10-24
5126.61,5249.39,5123.41,5249.39,2.36,589750000.0,2021-10-25
5257.34,5342.42,5257.34,5317.7,1.3,701935000.0,2021-10-26
5323.41,5422.01,5297.47,5376.3,1.1,831753429.0,2021-10-27
5385.09,5506.72,5367.64,5506.72,2.43,1059927363.2,2021-10-28
5510.82,5648.77,5506.93,5648.77,2.6,945869401.4,2021-10-31
5657.8,5701.58,5526.8,5557.45,-1.62,998607362.3,2021-11-01
5565.76,5568.48,5492.49,5558.24,0.01,603739685.4,2021-11-02
5566.2,5611.17,5547.26,5576.18,0.31,547560514.6,2021-11-03
5577.03,5594.89,5509.99,5520.3,-0.99,445703936.7,2021-11-08
5539.29,5542.52,5326.57,5362.99,-2.85,662084516.8,2021-11-09
5363.2,5363.2,5240.48,5248.82,-2.13,399795611.7,2021-11-11
5258.34,5278.56,5229.63,5253.11,0.08,346204589.2,2021-11-14
5266.52,5317.82,5266.52,5316.48,1.21,472735773.9,2021-11-15
5334.23,5406.04,5320.03,5406.04,1.68,443344414.7,2021-11-16
5409.22,5463.83,5408.52,5414.71,0.16,544453726.8,2021-11-17
5431.21,5450.24,5380.42,5406.44,-0.15,745498149.2,2021-11-18
5424.9,5426.88,5377.08,5389.01,-0.32,385021460.8,2021-11-21
5391.03,5408.66,5368.51,5374.44,-0.27,355541217.2,2021-11-22
5374.98,5374.98,5294.26,5318.4,-1.04,78998219.8,2021-11-23
5321.42,5321.42,5236.67,5321.35,0.06,410296181.1,2021-11-24
5331.15,5332.85,5264.39,5269.94,-0.97,406443546.8,2021-11-25
5271.45,5292.04,5122.22,5130.54,-2.65,637153545.8,2021-11-28
5127.12,5172.55,5077.25,5089.71,-0.8,338762429.3,2021-11-29
5093.88,5120.8,5049.57,5078.75,-0.22,289073185.7,2021-11-30
5085.38,5115.73,5068.95,5072.15,-0.12,335892334.8,2021-12-01
5074.68,5089.98,4983.66,4990.22,-1.62,445390683.3,2021-12-02
4992.56,4992.56,4836.76,4858.65,-2.64,382665571.1,2021-12-05
4860.67,4924.07,4721.35,4924.07,1.35,411242797.9,2021-12-06
4930.83,5000.74,4849.83,4851.51,-1.47,278429576.7,2021-12-07
4857.89,4862.47,4714.86,4725.89,-2.59,296312714.55,2021-12-08
4728.02,4729.97,4671.25,4700.87,-0.53,275532881.1,2021-12-09
4700.64,4709.0,4520.16,4525.09,-3.74,306363457.7,2021-12-12
4523.53,4523.53,4306.86,4337.7,-4.14,397448586.6,2021-12-13
4338.97,4623.27,4338.97,4623.27,6.58,161615314.0,2021-12-14
4652.34,4773.79,4550.07,4605.48,-0.38,403457125.9,2021-12-15
4605.48,4605.73,4523.1,4524.43,-1.76,160175498.9,2021-12-16
4543.47,4548.67,4486.25,4530.77,0.14,242272483.2,2021-12-20
4538.66,4624.17,4538.5,4621.49,2.0,248278360.7,2021-12-21
4630.61,4804.35,4630.61,4804.35,3.96,375156835.0,2021-12-22
4814.24,4877.21,4780.31,4851.65,0.98,410318652.0,2021-12-23
4859.9,5024.32,4859.9,5024.32,3.56,496938537.9,2021-12-26
5028.36,5076.89,4889.88,4905.57,-2.37,564183536.1,2021-12-27
4918.02,4918.02,4836.41,4880.44,-0.54,233500216.1,2021-12-28
4883.5,4903.19,4872.14,4892.25,0.24,245949673.0,2021-12-29
4897.89,5034.19,4897.89,5033.13,2.88,360665508.2,2022-01-02
5050.61,5207.54,5050.61,5178.28,2.88,575795410.9,2022-01-03
5185.94,5276.88,5128.24,5269.78,1.77,532382530.7,2022-01-04
5275.1,5308.01,5149.07,5159.12,-2.1,370841474.6,2022-01-05
5163.79,5211.98,5127.73,5211.98,1.03,334578017.8,2022-01-06
5211.98,5309.76,5211.98,5282.43,1.35,512472950.0,2022-01-09
5286.62,5326.23,5270.01,5294.76,0.23,537945098.7,2022-01-10
5302.28,5548.29,5302.28,5501.52,3.9,839417965.5,2022-01-11
5503.29,5586.24,5414.9,5439.96,-1.12,685102092.5,2022-01-12
5446.19,5614.3,5433.36,5614.3,3.2,780305604.9,2022-01-13
5621.59,5766.02,5621.59,5724.74,1.97,819896784.6,2022-01-16
5729.35,5767.32,5666.1,5718.21,-0.11,584748691.1,2022-01-17
5721.73,5735.13,5597.65,5628.64,-1.57,544102165.5,2022-01-18
5640.98,5659.13,5537.18,5551.78,-1.37,452935378.9,2022-01-19
5555.18,5611.96,5526.22,5611.96,1.08,374860904.1,2022-01-20
5615.97,5672.41,5573.32,5601.01,-0.2,444627159.0,2022-01-23
5614.69,5614.69,5378.47,5417.25,-3.28,576984942.8,2022-01-24
5430.58,5483.81,5357.56,5402.02,-0.28,452618419.5,2022-01-25
5406.83,5409.82,5307.2,5338.9,-1.17,340689879.1,2022-01-26
5338.9,5392.04,5337.08,5344.2,0.1,269947377.4,2022-01-27
5363.81,5521.96,5363.81,5517.66,3.25,421242807.5,2022-01-30
5529.0,5578.06,5529.0,5547.83,0.55,550760506.5,2022-01-31
5555.23,5608.05,5555.23,5597.49,0.9,659015390.2,2022-02-01
5597.98,5663.11,5539.61,5543.16,-0.97,520012271.6,2022-02-03
5543.55,5543.55,5454.73,5460.89,-1.48,373144150.6,2022-02-06
5460.89,5482.22,5436.04,5456.5,-0.08,219372409.5,2022-02-07
5483.98,5562.39,5402.15,5421.12,-0.65,409755299.4,2022-02-08
5437.75,5437.75,5351.35,5371.46,-0.92,267569400.5,2022-02-09
5369.26,5384.3,5330.02,5334.21,-0.69,240770049.6,2022-02-10
5332.66,5332.66,5142.15,5147.86,-3.49,445728238.6,2022-02-13
5149.58,5192.69,5146.36,5161.26,0.26,240998764.0,2022-02-14
5162.66,5307.01,5161.74,5307.01,2.82,294859302.6,2022-02-15
5315.26,5323.3,5250.46,5266.27,-0.77,253316359.1,2022-02-16
5270.18,5285.17,5251.9,5261.81,-0.08,351771551.7,2022-02-17
5247.07,5265.0,5180.62,5195.56,-1.26,792349995.1,2022-02-20
5209.04,5227.37,5179.51,5207.83,0.24,407913997.3,2022-02-21
5215.37,5260.15,5214.52,5223.64,0.3,284374002.1,2022-02-22
5234.15,5241.49,5192.04,5197.51,-0.5,182614923.3,2022-02-23
5197.82,5197.82,5083.11,5087.71,-2.11,406540559.4,2022-02-24
5087.83,5099.18,5049.95,5056.65,-0.61,210781320.5,2022-02-27
5059.56,5096.59,4990.31,4994.3,-1.23,222859050.3,2022-02-28
4995.85,4997.75,4880.96,4887.48,-2.14,259831503.1,2022-03-02
4887.56,4920.12,4871.12,4884.31,-0.06,203252293.1,2022-03-06
4880.89,4921.93,4875.55,4879.74,-0.09,181525113.0,2022-03-07
4881.04,4910.81,4827.26,4836.09,-0.89,212643076.3,2022-03-09
4836.02,4933.5,4828.09,4933.5,2.01,199810528.3,2022-03-10
4938.43,5097.28,4938.43,5097.28,3.32,312015784.7,2022-03-13
5097.27,5123.72,5074.76,5115.58,0.36,75292955.0,2022-03-14
5115.85,5128.28,5060.93,5076.09,-0.77,191380608.2,2022-03-15
5076.09,5087.15,5052.57,5066.83,-0.18,147081599.6,2022-03-16
5075.4,5087.65,5040.64,5061.42,-0.11,239629724.4,2022-03-20
5069.54,5094.8,5047.1,5094.8,0.66,187352281.7,2022-03-21
5101.95,5137.42,5101.95,5121.19,0.52,198144086.8,2022-03-22
5121.19,5148.0,5085.73,5100.44,-0.41,200072578.2,2022-03-23
5103.6,5112.48,5073.77,5079.95,-0.4,446779709.7,2022-03-24
5088.33,5131.02,5038.68,5040.24,-0.78,167568820.1,2022-03-27
5058.57,5077.02,4989.11,4999.77,-0.8,333542497.7,2022-03-28
5004.21,5014.03,4955.28,4965.23,-0.69,147695734.0,2022-03-29
4971.72,5036.25,4947.8,5036.25,1.43,154257661.0,2022-03-30
5040.06,5072.57,4988.4,4990.7,-0.9,127687277.2,2022-03-31
4990.43,4998.76,4919.08,4922.52,-1.37,125465407.0,2022-04-03
4930.83,4952.5,4899.64,4900.4,-0.45,143455873.0,2022-04-04
4900.71,4907.11,4813.12,4832.07,-1.39,205861892.2,2022-04-05
4833.14,4834.68,4771.83,4778.27,-1.11,254682642.9,2022-04-06
4778.27,4863.63,4775.3,4842.04,1.33,205164423.1,2022-04-07
4843.95,4919.66,4786.38,4790.44,-1.07,187126197.7,2022-04-11
4790.16,4798.73,4722.27,4739.07,-1.07,147031145.1,2022-04-12
4734.69,4840.58,4713.62,4840.58,2.14,131400111.1,2022-04-13
4850.01,4876.22,4782.39,4795.84,-0.92,142789859.0,2022-04-17
4797.79,4810.83,4732.75,4759.62,-0.76,120546100.3,2022-04-18
4759.62,4808.6,4723.01,4792.81,0.7,114478847.7,2022-04-19
4795.57,4801.91,4706.25,4719.3,-1.53,247500546.5,2022-04-20
4718.22,4735.16,4637.94,4726.06,0.14,255498944.0,2022-04-21
4727.31,4921.79,4721.64,4905.48,3.8,225377537.8,2022-04-24
4909.26,4947.59,4828.62,4828.62,-1.57,205817293.4,2022-04-25
4829.88,4866.65,4788.55,4815.03,-0.28,129810601.8,2022-04-26
4815.45,4816.59,4767.11,4811.47,-0.07,98807717.4,2022-04-27
4812.68,4836.89,4763.9,4773.45,-0.79,130773995.5,2022-04-28
4772.59,4772.59,4691.54,4704.37,-1.45,137620022.7,2022-05-02
4705.63,4719.13,4644.81,4650.79,-1.14,125223267.8,2022-05-04
4650.79,4650.79,4557.47,4577.41,-1.58,153145302.7,2022-05-05
4578.07,4582.22,4502.26,4577.38,0.0,133089003.2,2022-05-08
4579.61,4674.88,4579.61,4638.13,1.33,132820393.5,2022-05-09
4640.27,4727.82,4636.6,4724.63,1.86,128454910.0,2022-05-10
4729.22,4878.51,4729.22,4878.51,3.26,191025915.1,2022-05-11
4881.69,4894.34,4802.81,4803.94,-1.53,178836756.6,2022-05-12
4803.94,4803.94,4653.51,4660.66,-2.98,216918624.5,2022-05-17
4659.51,4666.09,4596.51,4661.23,0.01,161706911.9,2022-05-18
4661.63,4676.7,4610.51,4609.52,-1.11,111375003.8,2022-05-19
4610.51,4627.4,4583.48,4596.27,-0.31,85588935.2,2022-05-20
4596.27,4600.5,4492.94,4511.48,-1.84,177764080.5,2022-05-23
4512.71,4565.87,4492.96,4537.18,0.57,134900162.6,2022-05-24
4546.18,4578.3,4536.88,4566.2,0.64,99689970.9,2022-05-25
4573.96,4593.97,4539.28,4570.49,0.09,102305527.7,2022-05-26
4571.98,4590.34,4543.07,4549.74,-0.45,96119670.0,2022-05-27
4550.96,4576.91,4476.45,4478.16,-1.57,120183059.2,2022-05-30
4477.31,4477.31,4395.66,4403.44,-1.67,149461188.8,2022-05-31
4403.44,4453.06,4375.88,4390.14,-0.3,99575373.9,2022-06-01
4391.26,4425.19,4358.49,4360.72,-0.67,107370248.8,2022-06-02
4359.34,4364.11,4275.06,4297.91,-1.44,138445825.3,2022-06-03
4297.8,4341.17,4281.64,4320.51,0.53,112535311.5,2022-06-06
4320.51,4328.85,4242.68,4250.77,-1.61,120120598.6,2022-06-07
4250.77,4427.99,4249.34,4405.57,3.16,149636725.0,2022-06-08
4412.73,4495.03,4361.09,4372.93,-0.74,140352683.6,2022-06-09
4372.93,4378.85,4323.46,4348.16,-0.57,67351408.2,2022-06-10
4352.25,4354.24,4308.26,4320.14,-0.64,128435296.4,2022-06-13
4320.47,4320.47,4235.42,4242.94,-1.79,140846857.7,2022-06-14
4245.01,4250.93,4144.94,4176.14,-1.57,141485171.4,2022-06-15
4176.29,4241.34,4168.5,4215.29,0.94,90930091.42,2022-06-16
4217.95,4237.79,4193.6,4213.48,-0.04,44147587.0,2022-06-17
4213.48,4213.62,4130.83,4148.46,-1.54,98370701.8,2022-06-19
4147.55,4147.98,4021.74,4037.93,-2.66,158027673.4,2022-06-20
4043.34,4144.91,4031.03,4129.8,2.28,126434011.2,2022-06-21
4128.44,4130.82,4074.75,4083.93,-1.11,84398197.9,2022-06-22
4083.29,4083.29,3956.1,3981.78,-2.5,131206613.6,2022-06-23
3986.4,4035.57,3902.55,4013.55,0.8,124505235.1,2022-06-24
4015.4,4244.58,4015.19,4244.58,5.76,221242141.6,2022-06-26
4249.48,4296.44,4171.18,4177.36,-1.58,179783665.4,2022-06-27
4183.12,4184.5,4106.99,4138.57,-0.93,84543375.8,2022-06-28
4145.06,4253.12,4138.81,4253.89,2.79,151159883.9,2022-06-29
4258.09,4464.19,4258.09,4458.31,4.81,316767651.2,2022-06-30
4474.74,4513.34,4437.21,4487.79,0.66,194325171.1,2022-07-01
4487.79,4626.95,4477.23,4626.95,3.1,302712459.0,2022-07-03
4631.91,4753.25,4523.36,4565.7,-1.32,552354777.8,2022-07-04
4555.14,4587.05,4425.63,4452.67,-2.48,318317598.8,2022-07-05
4461.91,4475.82,4362.9,4463.3,0.24,191282400.6,2022-07-06
4476.7,4538.64,4413.39,4425.94,-0.84,182395756.1,2022-07-07
4432.58,4436.19,4351.73,4360.4,-1.48,122071177.35,2022-07-08
4359.11,4362.28,4168.48,4172.86,-4.3,271603615.3,2022-07-11
4174.53,4235.56,4154.29,4188.95,0.39,172844286.9,2022-07-12
4190.6,4327.62,4190.6,4327.62,3.31,180894343.1,2022-07-13
4329.42,4399.83,4309.32,4383.14,1.28,240027437.3,2022-07-14
4383.14,4451.79,4337.82,4451.79,1.57,176262166.3,2022-07-15
4454.77,4461.92,4402.45,4434.61,-0.39,180424170.6,2022-07-17
4436.3,4466.76,4393.96,4464.89,0.68,170261715.5,2022-07-18
4468.8,4583.15,4468.8,4548.38,1.83,349708633.8,2022-07-19
4548.68,4581.12,4518.47,4556.37,0.18,229421426.5,2022-07-20
4558.29,4571.56,4524.39,4534.39,-0.48,218236133.3,2022-07-21
4536.36,4542.97,4456.77,4485.53,-1.08,177186604.9,2022-07-22
4491.68,4660.7,4491.68,4660.7,3.91,417633781.9,2022-07-24
4664.55,4854.33,4664.55,4846.68,3.99,617165158.2,2022-07-25
4851.59,4872.76,4722.03,4736.19,-2.28,499798323.7,2022-07-26
4742.32,4843.92,4672.94,4843.92,2.27,512889994.5,2022-07-27
4854.59,5018.52,4854.59,4914.65,1.46,760333967.1,2022-07-28
4918.7,4944.58,4883.35,4934.8,0.41,243806024.4,2022-07-29
4939.91,4989.06,4939.91,4989.06,1.1,505316682.7,2022-07-31
4985.44,5009.69,4924.09,4930.38,-1.18,514536178.9,2022-08-01
4936.92,4986.1,4869.21,4972.04,0.84,565448994.2,2022-08-02
4975.06,5027.46,4965.48,4979.29,0.15,489192093.6,2022-08-03
4989.96,4990.01,4894.94,4898.68,-1.62,506650433.7,2022-08-04
4901.99,4901.99,4770.59,4782.51,-2.37,352835701.6,2022-08-05
4789.98,4833.77,4777.6,4810.39,0.58,439372841.4,2022-08-07
4819.16,4880.18,4788.59,4792.91,-0.36,443378953.9,2022-08-08
4795.1,4806.31,4661.52,4667.29,-2.62,364471737.5,2022-08-09
4666.74,4686.7,4608.06,4651.78,-0.33,266651326.3,2022-08-10
4655.45,4700.01,4617.17,4617.83,-0.73,322103188.58,2022-08-11
4617.91,4647.01,4566.58,4567.33,-1.09,297667757.9,2022-08-14
4567.69,4703.36,4563.74,4703.36,2.98,343003902.9,2022-08-15
4709.16,4754.77,4636.13,4643.65,-1.27,349053298.8,2022-08-16
4643.3,4673.39,4634.24,4646.74,0.07,155667378.3,2022-08-17
4650.37,4716.64,4650.37,4708.3,1.32,236655972.7,2022-08-18
4707.95,4762.57,4690.62,4700.6,-0.16,325193333.4,2022-08-21
4701.18,4705.76,4664.49,4685.26,-0.33,226272217.4,2022-08-22
4685.56,4702.18,4659.49,4673.72,-0.25,151154102.6,2022-08-23
4674.08,4710.74,4667.76,4683.23,0.2,180930923.8,2022-08-24
4691.45,4707.4,4647.85,4656.16,-0.58,303403337.0,2022-08-25
4660.54,4663.05,4606.11,4614.74,-0.89,107208627.6,2022-08-26
4614.74,4628.79,4504.52,4511.11,-2.25,230681586.3,2022-08-28
4511.45,4527.45,4484.97,4507.12,-0.09,158157800.6,2022-08-29
4507.46,4567.38,4499.04,4511.39,0.09,120416252.0,2022-08-30
4512.81,4519.79,4436.98,4446.27,-1.47,142216350.6,2022-08-31
4441.17,4470.83,4399.47,4447.95,0.04,178201256.1,2022-09-01
4447.38,4476.55,4440.72,4448.42,0.01,58498841.0,2022-09-02
4449.14,4492.53,4449.14,4470.02,0.49,122845177.1,2022-09-04
4470.9,4499.99,4464.83,4473.02,0.06,109406707.5,2022-09-05
4484.55,4485.86,4412.26,4420.6,-1.17,107764995.6,2022-09-06
4421.37,4426.56,4371.94,4388.28,-0.73,110436837.0,2022-09-07
4389.14,4416.59,4351.67,4386.73,-0.04,99336604.9,2022-09-08
4387.66,4411.03,4345.36,4350.11,-0.83,84087197.8,2022-09-11
4350.96,4357.35,4315.31,4319.85,-0.7,121925962.4,2022-09-12
4320.54,4389.17,4320.54,4373.43,1.24,115585234.1,2022-09-13
4375.47,4484.99,4375.47,4479.26,2.43,165056674.2,2022-09-14
4483.16,4508.34,4335.16,4339.67,-3.12,193239123.1,2022-09-15
4339.67,4339.67,4235.54,4295.81,-1.01,101779182.1,2022-09-16
4296.61,4298.45,4215.54,4218.37,-1.8,138547234.3,2022-09-18
4219.18,4221.12,4100.68,4114.06,-2.47,152077200.4,2022-09-20
4114.83,4177.79,4114.83,4142.41,0.69,91178624.7,2022-09-21
4143.17,4151.61,4097.48,4099.12,-1.05,86363360.3,2022-09-22
4099.42,4099.42,4043.79,4047.89,-1.25,112316080.5,2022-09-25
4048.12,4118.57,4048.12,4084.25,0.9,100474309.0,2022-09-27
4085.01,4129.49,4085.01,4123.45,0.96,49396968.6,2022-09-28
4125.0,4191.83,4124.14,4191.83,1.65,90531549.0,2022-09-29
4193.38,4304.19,4193.38,4304.19,2.68,74224748.8,2022-10-09
4305.5,4327.19,4228.01,4230.35,-1.72,101860653.4,2022-10-10
4230.95,4239.04,4187.77,4212.67,-0.42,63965497.8,2022-10-11
4212.96,4250.9,4194.13,4231.24,0.44,93340343.7,2022-10-12
4231.54,4253.44,4221.87,4234.95,0.09,75106973.2,2022-10-13
4235.23,4245.12,4196.53,4199.52,-0.84,76567249.6,2022-10-16
4200.3,4207.36,4191.44,4193.5,-0.14,63101234.9,2022-10-17
4194.18,4209.38,4152.51,4161.59,-0.76,76265502.5,2022-10-19
4163.42,4168.82,4129.59,4161.52,0.0,95120415.4,2022-10-20
4161.52,4191.03,4158.8,4191.03,0.71,48149454.0,2022-10-23
4193.01,4205.11,4184.16,4205.11,0.34,70886070.3,2022-10-31
4205.8,4297.08,4204.4,4297.08,2.19,125570131.2,2022-11-01
4297.35,4347.6,4278.51,4333.97,0.86,140145933.3,2022-11-02
4333.61,4340.19,4278.43,4286.74,-1.09,78768112.8,2022-11-03
4297.17,4484.81,4297.17,4482.94,4.58,388234426.8,2022-11-06
4508.81,4532.96,4456.26,4461.42,-0.48,530348929.7,2022-11-07
4461.73,4479.48,4425.05,4433.5,-0.63,161737085.3,2022-11-08
4436.0,4436.0,4307.39,4314.04,-2.69,203341810.2,2022-11-09
4316.5,4341.23,4255.01,4263.47,-1.17,151756870.2,2022-11-10
4258.77,4258.77,4199.2,4209.64,-1.26,162855506.1,2022-11-13
4209.92,4233.66,4179.52,4233.66,0.57,114315029.4,2022-11-14
4235.47,4261.09,4201.85,4208.38,-0.6,127107935.1,2022-11-15
4207.86,4236.7,4207.86,4225.4,0.4,115281340.0,2022-11-16
4220.46,4267.57,4213.68,4263.79,0.91,260629881.2,2022-11-17
4263.03,4280.82,4231.48,4244.35,-0.46,104797207.13,2022-11-22
4244.58,4257.74,4214.04,4226.75,-0.41,97646219.7,2022-11-23
4231.05,4260.36,4231.05,4254.13,0.65,107825567.5,2022-11-24
4257.53,4384.99,4257.53,4384.99,3.07,257252006.9,2022-11-27
4391.94,4416.86,4361.85,4369.87,-0.34,181198138.7,2022-11-28
4370.1,4395.16,4329.75,4395.16,0.58,130900490.5,2022-11-29
4389.76,4397.85,4364.31,4395.44,0.01,152270553.1,2022-11-30
4399.39,4429.96,4380.17,4406.15,0.24,177363645.4,2022-12-01
4408.93,4456.05,4408.33,4422.5,0.37,308251922.8,2022-12-04
4424.55,4429.71,4356.73,4363.93,-1.32,156250114.8,2022-12-05
4367.28,4384.64,4346.18,4376.33,0.28,147580331.1,2022-12-06
4387.31,4392.17,4358.1,4366.46,-0.23,135483034.9,2022-12-07
4369.16,4370.96,4303.17,4311.12,-1.27,148755682.6,2022-12-11
4313.09,4342.88,4297.95,4342.77,0.73,150037867.5,2022-12-12
4342.94,4385.13,4338.82,4349.22,0.15,123339664.6,2022-12-13
4350.58,4358.15,4333.67,4342.13,-0.16,87354855.9,2022-12-14
4344.49,4345.61,4298.17,4305.45,-0.85,173770876.4,2022-12-15
4305.45,4305.45,4234.69,4249.19,-1.31,138058990.4,2022-12-18
4249.4,4249.4,4215.09,4235.45,-0.32,145727476.5,2022-12-19
4235.89,4276.89,4229.94,4265.68,0.71,148367871.2,2022-12-20
4263.79,4282.56,4244.15,4252.12,-0.32,137018238.2,2022-12-21
4251.81,4265.07,4222.66,4244.74,-0.17,152447628.2,2022-12-22
4246.04,4363.55,4246.04,4363.55,2.8,263731268.06,2022-12-26
4367.64,4440.56,4367.64,4419.1,1.27,346655855.4,2022-12-27
4419.1,4423.55,4360.25,4372.62,-1.05,177637919.9,2022-12-28
4375.28,4486.67,4369.94,4486.34,2.6,309189944.7,2022-12-29
4496.11,4569.19,4475.74,4515.16,0.63,365731825.2,2023-01-01
4515.16,4569.07,4501.17,4564.07,1.08,286828390.3,2023-01-02
4567.23,4700.3,4561.5,4675.41,2.44,536432175.4,2023-01-03
4678.46,4940.57,4678.46,4940.57,5.67,579909382.0,2023-01-04
4959.92,5044.48,4915.79,5005.01,1.3,734868530.3,2023-01-05
5021.18,5049.17,4946.87,4994.02,-0.22,674344700.6,2023-01-08
4996.1,5022.17,4973.33,5002.79,0.18,548137282.8,2023-01-09
5003.93,5053.1,4889.32,4902.44,-2.01,730519621.7,2023-01-10
4920.76,4983.91,4802.56,4809.12,-1.9,636609456.0,2023-01-12
4812.58,4865.52,4811.34,4865.52,1.17,372647500.6,2023-01-17
4880.73,4939.31,4848.34,4864.57,-0.02,407601585.4,2023-01-18
4871.05,4876.76,4817.52,4828.58,-0.74,273900328.9,2023-01-19
4827.48,4855.32,4778.65,4786.33,-0.87,306823523.0,2023-01-23
4788.85,4791.32,4727.09,4790.53,0.09,282357731.9,2023-01-24
4794.45,4868.72,4794.45,4838.46,1.0,390226485.6,2023-01-25
4846.19,4875.2,4811.5,4822.74,-0.32,220546363.8,2023-01-26
4821.61,4828.24,4776.97,4780.86,-0.87,300542640.4,2023-01-29
4775.97,4777.2,4681.36,4695.43,-1.79,313200093.9,2023-01-30
4693.01,4693.01,4630.65,4641.39,-1.15,211200147.6,2023-01-31
4642.05,4649.5,4611.96,4625.91,-0.33,135574510.2,2023-02-01
4625.16,4652.22,4577.32,4583.72,-0.91,168424650.5,2023-02-02
4583.26,4617.15,4563.26,4568.05,-0.34,188022599.8,2023-02-05
4565.84,4581.3,4543.85,4575.29,0.16,132421435.9,2023-02-06
4576.39,4722.18,4576.39,4722.18,3.21,251563009.9,2023-02-07
4721.26,4805.61,4683.74,4704.31,-0.38,276968087.4,2023-02-08
4705.08,4726.47,4673.23,4720.83,0.35,142834999.2,2023-02-09
4727.18,4727.18,4609.18,4618.11,-2.18,257198606.4,2023-02-12
4630.37,4630.37,4559.1,4571.18,-1.02,180587140.7,2023-02-14
4571.5,4583.4,4527.39,4540.71,-0.67,170741850.0,2023-02-15
4537.29,4554.15,4483.17,4484.35,-1.24,191775069.0,2023-02-16
4476.89,4480.38,4374.23,4379.29,-2.34,243188229.5,2023-02-20
4376.03,4393.31,4311.69,4319.04,-1.38,261731808.7,2023-02-22
4288.21,4288.21,3893.86,3907.02,-9.54,733116964.1,2023-02-23
3868.86,4027.13,3666.06,4015.46,2.78,561995729.8,2023-02-26
4015.96,4057.54,3915.53,3976.09,-0.98,266484210.5,2023-02-27
3977.11,3986.47,3932.79,3944.97,-0.78,152389348.9,2023-02-28
3945.28,3948.44,3838.8,3840.3,-2.65,208721615.7,2023-03-01
3831.08,3832.46,3731.86,3739.04,-2.64,189615474.6,2023-03-02
3739.34,3755.14,3646.74,3650.14,-2.38,198409080.6,2023-03-05
3646.13,3699.79,3638.16,3668.49,0.5,171446649.5,2023-03-07
3675.48,3778.22,3675.48,3778.22,2.99,145897760.1,2023-03-09
3793.65,3816.55,3728.72,3748.3,-0.79,143329703.7,2023-03-12
3749.41,3750.42,3670.4,3687.46,-1.62,120841375.7,2023-03-13
3688.68,3701.41,3654.68,3673.01,-0.39,102983014.6,2023-03-14
3674.41,3679.54,3582.05,3604.66,-1.86,109022992.9,2023-03-15
3604.96,3614.79,3559.2,3572.15,-0.9,95772885.5,2023-03-16
3571.72,3582.93,3526.82,3534.47,-1.05,105620566.5,2023-03-19
3534.99,3563.46,3529.86,3549.47,0.42,95807832.7,2023-03-20
3551.06,3576.0,3531.23,3537.73,-0.33,112163203.6,2023-03-22
3539.37,3540.63,3471.55,3478.57,-1.67,125727176.5,2023-03-23
3480.86,3482.93,3324.33,3344.65,-3.85,188421510.9,2023-03-26
3339.62,3339.62,3229.64,3327.63,-0.51,204982420.1,2023-03-27
3325.86,3468.98,3325.86,3443.53,3.48,189523667.5,2023-03-28
3445.14,3462.62,3402.34,3452.72,0.27,95379795.6,2023-03-29
3450.25,3463.87,3408.89,3420.26,-0.94,99144277.0,2023-03-30
3425.34,3458.12,3373.07,3384.42,-1.05,91243322.7,2023-04-02
3384.42,3393.26,3321.11,3345.43,-1.15,77779594.5,2023-04-03
3345.43,3371.31,3314.24,3353.07,0.23,61434851.1,2023-04-04
3352.68,3383.12,3335.82,3382.12,0.87,61805090.8,2023-04-05
3382.12,3401.98,3356.73,3368.98,-0.39,91228246.6,2023-04-06
3368.27,3377.49,3314.8,3324.62,-1.32,73287081.6,2023-04-09
3324.62,3347.72,3308.5,3331.31,0.2,64763138.4,2023-04-10
3331.31,3381.06,3328.7,3381.06,1.49,50281460.5,2023-04-11
3381.06,3553.73,3381.06,3553.73,5.11,137779977.1,2023-04-12
3560.77,3583.46,3501.56,3521.61,-0.9,117373243.6,2023-04-13
3521.44,3526.38,3479.99,3498.31,-0.66,86167436.3,2023-04-16
3500.53,3506.2,3428.13,3439.8,-1.67,64868268.7,2023-04-17
3441.24,3445.39,3408.37,3419.79,-0.6,76154266.9,2023-04-18
3419.49,3451.96,3418.03,3451.96,0.94,58226920.6,2023-04-19
3453.8,3473.45,3408.08,3412.66,-1.14,58101325.0,2023-04-20
3412.66,3420.08,3366.18,3383.57,-0.85,53568234.1,2023-04-23
3383.57,3393.07,3365.64,3387.53,0.12,43558147.4,2023-04-24
3388.21,3404.31,3373.89,3403.32,0.47,48475686.3,2023-04-25
3403.31,3421.51,3369.43,3382.36,-0.62,57570671.9,2023-04-26
3383.74,3387.94,3354.58,3362.45,-0.59,42281897.7,2023-04-27
3362.45,3363.5,3324.46,3331.01,-0.93,55839379.6,2023-04-30
3331.01,3334.03,3304.08,3310.41,-0.62,43068757.52,2023-05-02
3310.41,3320.72,3283.48,3289.01,-0.65,43543655.8,2023-05-03
3289.01,3310.51,3267.64,3310.4,0.65,49556616.2,2023-05-04
3310.4,3317.0,3264.03,3269.24,-1.24,41950460.2,2023-05-07
3265.4,3268.21,3225.99,3242.44,-0.82,49930789.3,2023-05-08
3242.44,3278.38,3231.83,3253.42,0.34,41974234.5,2023-05-09
3257.05,3277.17,3237.18,3254.35,0.03,42934491.7,2023-05-10
3251.2,3254.69,3223.22,3235.72,-0.57,55655494.3,2023-05-11
3235.19,3239.78,3209.01,3219.3,-0.51,69823474.1,2023-05-14
3219.3,3230.1,3207.88,3230.1,0.34,61072493.3,2023-05-15
3230.1,3262.27,3216.93,3256.33,0.81,61430719.8,2023-05-16
3255.92,3298.81,3248.15,3287.58,0.96,69761653.0,2023-05-17
3287.96,3362.13,3287.96,3361.11,2.24,95007441.6,2023-05-18
3363.59,3417.81,3363.59,3380.69,0.58,110041567.9,2023-05-21
3385.11,3415.3,3356.75,3398.44,0.53,69188794.4,2023-05-22
3398.44,3535.56,3398.44,3535.56,4.03,162267707.1,2023-05-23
3536.94,3618.07,3515.74,3612.67,2.18,201474399.0,2023-05-24
3613.32,3665.55,3577.45,3579.89,-0.91,211020319.7,2023-05-28
3584.72,3584.72,3452.43,3457.52,-3.42,178577739.7,2023-05-30
3456.21,3471.49,3374.57,3394.5,-1.82,129912054.9,2023-05-31
3394.83,3432.58,3359.35,3418.9,0.72,122651793.4,2023-06-01
3418.9,3511.4,3418.9,3507.83,2.6,105752718.5,2023-06-04
3508.28,3547.5,3480.91,3489.19,-0.53,117507799.4,2023-06-05
3488.95,3525.03,3478.84,3521.65,0.93,120954985.8,2023-06-06
3522.45,3581.2,3522.45,3564.7,1.22,172709629.2,2023-06-07
3569.03,3569.03,3533.71,3565.77,0.03,152036532.2,2023-06-08
3565.77,3648.56,3564.67,3648.56,2.32,217425137.5,2023-06-11
3649.99,3682.71,3633.43,3663.5,0.41,191558812.3,2023-06-12
3665.42,3777.83,3643.8,3760.2,2.64,329585309.4,2023-06-13
3760.29,3863.77,3760.29,3825.12,1.73,363649070.3,2023-06-14
3824.85,3852.04,3765.41,3803.36,-0.57,185944488.5,2023-06-15
3806.37,3906.88,3804.73,3906.88,2.72,275974097.9,2023-06-18
3907.17,3915.83,3854.85,3877.75,-0.75,224762937.9,2023-06-19
3878.75,3894.77,3793.22,3793.83,-2.16,241523726.5,2023-06-20
3793.83,3808.92,3730.69,3753.45,-1.06,177011683.9,2023-06-21
3753.7,3782.59,3715.39,3728.51,-0.66,168349769.8,2023-06-22
3728.76,3796.75,3726.88,3796.75,1.83,282202045.2,2023-06-25
3796.75,3948.36,3796.75,3948.24,3.99,417774840.9,2023-06-26
3956.58,4302.05,3956.58,4302.05,8.96,1034829661.9,2023-06-27
4335.09,4383.07,4169.72,4173.31,-2.99,596737338.7,2023-06-28
4172.94,4175.68,3968.13,3975.06,-4.75,448605591.3,2023-07-02
3976.68,4037.18,3916.99,3923.52,-1.3,317025718.4,2023-07-03
3923.52,3990.67,3899.17,3953.73,0.77,218221123.1,2023-07-04
3955.1,3966.28,3858.27,3867.74,-2.18,349858113.7,2023-07-05
3872.12,3885.97,3814.85,3859.85,-0.2,181939805.9,2023-07-06
3861.02,3909.93,3860.19,3900.39,1.05,190904700.6,2023-07-09
3902.98,3994.11,3901.7,3944.23,1.12,263453866.4,2023-07-10
3944.23,3947.94,3920.84,3938.7,-0.14,156331711.0,2023-07-11
3938.7,4012.45,3938.7,4012.45,1.87,237026519.7,2023-07-12
4019.88,4074.57,3994.35,4010.47,-0.05,263685132.2,2023-07-13
4010.47,4049.56,3974.87,4049.56,0.97,151932048.7,2023-07-16
4051.49,4110.86,4005.13,4110.86,1.51,225563322.5,2023-07-17
4114.14,4155.71,4100.01,4128.73,0.43,474893375.5,2023-07-18
4129.39,4136.45,4089.46,4107.89,-0.5,249060840.9,2023-07-19
4104.74,4109.4,4058.63,4082.59,-0.61,184591619.3,2023-07-20
4082.14,4146.56,4077.73,4132.25,1.21,266136832.4,2023-07-23
4133.46,4139.3,4073.78,4090.82,-1.0,222962595.2,2023-07-24
4093.05,4095.86,4032.65,4054.32,-0.89,188979292.0,2023-07-25
4055.39,4067.32,4014.02,4023.33,-0.76,157456600.2,2023-07-26
4023.14,4029.42,3948.93,3963.39,-1.48,158800748.1,2023-07-27
3964.18,3971.51,3881.08,3898.04,-1.64,128124139.2,2023-07-30
3900.6,3922.2,3881.62,3893.93,-0.1,133575871.8,2023-07-31
3893.93,3907.95,3833.78,3839.84,-1.38,120627923.0,2023-08-01
3839.84,3841.95,3795.79,3828.77,-0.28,66810542.8,2023-08-02
3829.02,3848.92,3816.59,3841.43,0.33,79773504.9,2023-08-03
3840.01,3845.62,3760.49,3779.6,-1.6,118801701.0,2023-08-06
3788.64,3814.33,3758.96,3790.62,0.29,111800984.7,2023-08-07
3787.71,3797.42,3714.85,3729.63,-1.6,102900683.7,2023-08-08
3730.89,3781.86,3678.15,3781.86,1.4,101338114.3,2023-08-09
3779.11,3789.55,3748.11,3776.07,-0.15,104377409.1,2023-08-10
3775.76,3781.49,3741.72,3762.51,-0.35,84527854.5,2023-08-13
3770.85,3803.88,3756.2,3776.76,0.37,152327189.6,2023-08-14
3779.3,3779.73,3720.85,3736.59,-1.06,158189837.5,2023-08-15
3726.51,3726.51,3660.63,3691.41,-1.2,117985332.9,2023-08-16
3695.41,3703.79,3675.2,3701.9,0.28,113213587.2,2023-08-17
3701.44,3715.34,3665.06,3669.66,-0.87,165805858.8,2023-08-20
3669.66,3671.26,3637.01,3654.02,-0.42,81273270.0,2023-08-21
3653.57,3670.53,3626.77,3670.53,0.45,70371076.8,2023-08-22
3671.42,3732.34,3665.09,3732.34,1.68,112386674.1,2023-08-23
3732.63,3737.77,3661.12,3676.02,-1.5,114411236.2,2023-08-24
3676.02,3680.39,3623.91,3635.48,-1.1,95489822.0,2023-08-27
3638.57,3651.94,3619.28,3635.23,0.0,67765751.4,2023-08-28
3636.19,3643.38,3619.76,3634.63,-0.01,51271670.6,2023-08-29
3626.13,3640.75,3602.35,3619.08,-0.42,80192790.3,2023-08-30
3619.08,3620.48,3549.0,3555.18,-1.76,74059087.0,2023-09-03
3555.18,3576.79,3524.66,3573.82,0.52,68718723.5,2023-09-04
3567.22,3578.09,3536.05,3566.31,-0.21,52753660.2,2023-09-05
3565.7,3567.88,3503.28,3516.8,-1.38,69637793.3,2023-09-07
3513.8,3545.66,3502.38,3545.66,0.82,62268054.2,2023-09-10
3542.88,3605.06,3533.4,3605.06,1.67,84921454.7,2023-09-11
3601.74,3612.2,3546.12,3554.5,-1.4,73543017.3,2023-09-12
3555.59,3623.52,3544.0,3623.52,1.94,80926983.9,2023-09-13
3624.85,3625.6,3543.17,3556.48,-1.85,95230516.8,2023-09-17
3558.19,3574.05,3538.24,3563.59,0.19,42156118.9,2023-09-18
3563.15,3583.11,3540.54,3582.1,0.51,65780480.2,2023-09-19
3580.29,3678.66,3579.82,3664.43,2.29,170110085.0,2023-09-21
3664.17,3725.43,3656.19,3700.8,0.99,230964158.7,2023-09-24
3702.44,3703.26,3651.11,3677.87,-0.61,121311479.9,2023-09-25
3672.53,3721.0,3669.39,3721.0,1.17,159948639.9,2023-09-26
3717.53,3719.8,3664.94,3691.99,-0.77,146938097.4,2023-09-27
3687.4,3687.56,3611.81,3636.06,-1.51,114261293.7,2023-10-01
3636.23,3654.56,3601.7,3654.56,0.5,78571916.8,2023-10-02
3646.97,3646.97,3601.14,3623.15,-0.85,96842541.5,2023-10-03
3620.7,3649.9,3616.3,3641.11,0.49,76430697.1,2023-10-04
3638.2,3640.15,3606.89,3623.63,-0.48,91378294.8,2023-10-05
3622.45,3625.27,3551.05,3565.09,-1.61,113983269.13,2023-10-08
3564.51,3566.61,3525.48,3536.86,-0.79,108227609.4,2023-10-09
3538.86,3538.86,3491.45,3511.77,-0.7,60638883.5,2023-10-10
3511.77,3528.63,3495.55,3528.63,0.48,68393064.6,2023-10-11
3526.58,3526.58,3471.19,3501.1,-0.78,95870030.4,2023-10-12
3500.29,3502.05,3433.93,3445.74,-1.58,69475581.2,2023-10-16
3444.8,3500.58,3444.8,3473.81,0.81,65770089.9,2023-10-17
3472.99,3552.35,3472.99,3552.35,2.26,67809800.3,2023-10-18
3550.22,3554.32,3517.14,3538.66,-0.38,62821227.0,2023-10-19
3538.74,3538.74,3468.62,3504.55,-0.96,64240856.2,2023-10-29
3504.55,3508.22,3450.24,3507.53,0.08,50775860.5,2023-10-30
3507.73,3508.71,3454.29,3478.42,-0.84,51736895.4,2023-10-31
3479.23,3489.71,3438.45,3453.94,-0.7,43171309.4,2023-11-01
3453.43,3465.6,3413.46,3428.48,-0.73,63795951.9,2023-11-02
3429.02,3429.02,3369.46,3394.32,-0.99,76113562.6,2023-11-05
3392.25,3408.96,3375.06,3403.34,0.26,57179788.6,2023-11-06
3403.34,3431.85,3397.92,3424.4,0.61,45715610.3,2023-11-07
3422.21,3434.45,3415.66,3432.82,0.24,34966559.8,2023-11-08
3432.4,3423.47,3389.91,3404.09,-0.83,50935706.2,2023-11-09
3401.57,3409.04,3322.87,3355.6,-1.42,88237878.5,2023-11-20
3355.6,3355.6,3250.77,3258.43,-2.89,94142836.2,2023-11-21
3255.39,3286.11,3228.85,3282.12,0.72,57131896.3,2023-11-22
3282.12,3282.27,3247.97,3272.67,-0.28,53725703.1,2023-11-23
3272.03,3339.99,3271.51,3339.99,2.05,92070707.0,2023-11-26
3336.75,3357.42,3303.16,3312.48,-0.82,57092433.2,2023-11-27
3313.43,3320.16,3279.79,3294.81,-0.58,69244280.1,2023-11-28
3294.81,3307.95,3272.43,3286.32,-0.25,52113907.7,2023-11-29
3283.18,3298.06,3235.8,3264.92,-0.65,73248549.8,2023-11-30
3263.89,3271.36,3221.32,3267.11,0.06,74904307.5,2023-12-03
3263.89,3268.46,3236.53,3265.83,-0.03,57753510.1,2023-12-04
3264.42,3266.12,3221.6,3237.35,-0.91,47969315.9,2023-12-05
3237.89,3254.18,3205.17,3254.18,0.51,54989794.1,2023-12-06
3254.28,3265.76,3229.14,3256.94,0.08,73805487.2,2023-12-07
3256.46,3431.33,3256.46,3441.11,5.65,11832315.9,2023-12-10
3477.63,3487.68,3395.39,3456.57,0.44,253672870.3,2023-12-11
3453.57,3510.2,3426.84,3510.2,1.55,228140865.7,2023-12-12
3524.52,3558.67,3479.45,3539.33,0.82,185896873.5,2023-12-13
3534.52,3534.52,3487.36,3522.28,-0.48,154727533.41,2023-12-14
3522.83,3566.83,3484.7,3562.57,1.14,179066579.3,2023-12-17
3565.62,3759.59,3565.62,3759.59,5.53,471540159.4,2023-12-18
3775.77,3818.32,3725.67,3818.32,1.56,229436882.58,2023-12-19
3837.25,3872.77,3808.23,3854.03,0.93,295002570.1,2023-12-20
3859.85,3867.21,3751.28,3775.89,-2.02,285978640.5,2023-12-21
3777.45,3781.57,3712.66,3723.5,-1.38,279443578.6,2023-12-24
3723.17,3745.25,3661.81,3678.48,-1.2,209763248.5,2023-12-27
3678.48,3692.94,3639.05,3670.31,-0.22,195772292.6,2023-12-28
3674.29,3711.96,3656.48,3664.6,-0.15,168092892.4,2024-01-01
3665.37,3680.15,3604.85,3616.9,-1.3,198770978.3,2024-01-02
3621.95,3637.83,3598.96,3637.83,0.57,109491868.6,2024-01-03
3630.97,3669.16,3618.24,3626.74,-0.3,147430229.0,2024-01-04
3625.97,3647.19,3583.96,3610.41,-0.45,192109106.0,2024-01-07
3611.23,3653.0,3603.38,3653.0,1.17,203900095.4,2024-01-08
3648.88,3704.3,3646.44,3693.83,1.11,178855861.35,2024-01-09
3697.04,3788.79,3697.04,3731.53,1.02,282717500.4,2024-01-10
3731.76,3765.5,3714.34,3762.54,0.83,178885730.0,2024-01-11
3762.55,3838.19,3750.51,3836.31,1.96,275682108.4,2024-01-14
3838.03,3952.4,3836.07,3952.4,3.02,367701234.0,2024-01-16
3951.53,4049.94,3939.89,3963.81,0.28,536013480.6,2024-01-17
3963.87,3964.14,3873.86,3923.11,-1.02,279286781.4,2024-01-18
3918.59,3923.68,3852.99,3867.13,-1.42,286331124.9,2024-01-21
3864.41,3864.41,3774.64,3790.71,-1.97,217092297.0,2024-01-22
3786.62,3817.31,3757.37,3786.77,-0.13,139367444.0,2024-01-23
3782.93,3816.72,3766.35,3782.78,-0.1,147305323.4,2024-01-24
3781.88,3787.7,3735.77,3764.38,-0.48,119476278.7,2024-01-25
3762.36,3785.37,3737.04,3785.37,0.55,145647915.9,2024-01-28
3782.53,3803.53,3765.41,3783.18,-0.05,122602777.8,2024-01-29
3781.68,3811.58,3756.08,3771.56,-0.3,140555047.0,2024-01-30
3776.6,3787.99,3710.55,3731.19,-1.07,116868000.7,2024-01-31
3731.19,3741.52,3660.69,3676.25,-1.47,99888791.2,2024-02-01
3681.01,3687.53,3638.1,3668.96,-0.19,135583779.2,2024-02-04
3668.88,3691.62,3666.52,3686.93,0.48,123302582.3,2024-02-05
3683.17,3717.66,3676.06,3717.66,0.83,111504885.6,2024-02-06
3715.03,3719.21,3705.66,3717.47,0.0,91923994.6,2024-02-07
3715.87,3738.71,3690.96,3738.71,0.55,109428187.5,2024-02-08
3741.38,3752.91,3716.01,3722.67,-0.42,152005536.9,2024-02-11
3716.97,3734.69,3702.98,3734.69,0.32,104628858.0,2024-02-12
3738.72,3738.75,3669.47,3676.77,-1.55,127884531.8,2024-02-13
3676.51,3691.77,3668.95,3689.35,0.34,90459587.1,2024-02-14
3688.57,3707.25,3656.55,3671.96,-0.47,102064066.5,2024-02-15
3674.14,3674.57,3611.19,3633.02,-1.06,100666630.8,2024-02-18
3633.44,3633.77,3590.09,3605.81,-0.74,109986079.5,2024-02-20
3606.14,3623.95,3585.87,3596.11,-0.26,105436431.0,2024-02-21
3596.77,3600.23,3563.85,3577.36,-0.52,149014555.0,2024-02-22
3577.86,3578.27,3517.03,3529.09,-1.34,135408349.2,2024-02-25
3528.8,3536.35,3495.42,3526.97,-0.06,77265165.7,2024-02-26
3526.44,3540.89,3504.85,3539.85,0.36,110529895.0,2024-02-27
3538.83,3557.12,3513.11,3534.35,-0.15,68975379.7,2024-02-28
3534.35,3538.6,3479.5,3488.8,-1.28,113882306.8,2024-02-29
3488.83,3495.79,3431.8,3471.39,-0.51,92277040.4,2024-03-03
3469.05,3578.69,3469.05,3578.69,3.09,6693085.32,2024-03-04
3611.32,3611.32,3516.32,3533.14,-1.27,148899946.2,2024-03-05
3532.19,3576.24,3514.04,3558.17,0.7,141165963.9,2024-03-06
3561.73,3594.17,3558.36,3587.21,0.81,137805898.5,2024-03-07
3585.72,3746.49,3583.85,3738.35,4.21,347338901.8,2024-03-10
3750.07,3927.42,3750.07,3927.42,5.05,524053234.0,2024-03-12
3937.68,3984.26,3913.87,3944.93,0.44,378470187.8,2024-03-13
3946.33,3947.47,3837.05,3862.42,-2.09,340382913.3,2024-03-14
3861.05,3904.48,3843.83,3860.9,-0.03,343119153.6,2024-03-17
3857.03,3885.59,3836.95,3885.16,0.62,267962666.7,2024-03-18
3884.75,3987.62,3882.76,3964.21,2.03,481397565.7,2024-03-19
3966.53,4132.62,3966.53,4063.91,2.51,1011319214.1,2024-03-20
4062.04,4082.07,3987.69,4010.25,-1.32,395888091.7,2024-03-21
4017.33,3969.33,3909.46,3919.62,-2.25,355755058.8,2024-03-25
3919.04,3965.85,3918.29,3936.26,0.42,260650564.2,2024-03-26
3940.91,3954.71,3882.34,3908.93,-0.69,289096768.3,2024-03-27
3915.15,3920.78,3875.83,3890.09,-0.48,215633970.8,2024-03-28
3888.7,3891.03,3833.37,3843.17,-1.2,229207469.0,2024-03-31
3843.03,3844.43,3813.83,3837.77,-0.14,218681639.6,2024-04-01
3836.81,3931.21,3836.81,3910.34,1.89,354543879.9,2024-04-02
3907.76,3982.01,3904.91,3974.9,1.65,446547847.7,2024-04-03
3972.86,4112.8,3967.53,4069.86,2.38,760154409.0,2024-04-04
4073.05,4129.59,4073.05,4098.24,0.69,604126431.9,2024-04-07
4099.62,4125.69,4037.65,4051.49,-1.14,487923847.8,2024-04-09
4051.4,4061.45,3973.51,4004.77,-1.15,382972131.3,2024-04-10
4002.57,4093.52,3982.43,4081.36,1.91,440168941.8,2024-04-14
4073.94,4133.19,4044.34,4060.87,-0.5,464309977.5,2024-04-15
4052.06,4052.06,3997.93,4013.39,-1.16,204624524.0,2024-04-16
4012.16,4012.16,3931.65,3944.19,-1.72,204624524.0,2024-04-18
3941.35,3975.95,3901.86,3975.95,0.8,209835234.7,2024-04-21
3969.81,3988.91,3923.04,3937.23,-0.97,225131979.3,2024-04-22
3933.54,3959.58,3924.84,3935.16,-0.05,186652140.7,2024-04-24
3932.89,3948.23,3903.61,3920.79,-0.36,168438374.2,2024-04-25
3919.4,3981.9,3917.87,3975.71,1.4,235708476.8,2024-04-28
3970.01,3989.21,3958.01,3975.51,0.0,204954183.5,2024-04-29
3973.68,4041.02,3959.36,4031.62,1.41,347906958.9,2024-04-30
4027.6,4221.46,4026.24,4170.76,3.45,862644123.6,2024-05-02
4182.06,4292.23,4164.57,4177.61,0.16,954502035.0,2024-05-05
4175.19,4175.96,4089.78,4101.59,-1.81,447353392.3,2024-05-06
4103.52,4213.66,4092.23,4201.57,2.43,645186081.6,2024-05-07
4205.5,4318.66,4205.46,4317.72,2.76,930850986.6,2024-05-08
4321.68,4340.09,4256.04,4278.77,-0.9,729108008.3,2024-05-09
4275.44,4275.58,4199.01,4220.96,-1.35,619671412.5,2024-05-12
4232.02,4251.15,4207.17,4251.15,0.71,547311778.2,2024-05-13
4256.48,4402.96,4256.13,4397.5,3.44,1176240739.3,2024-05-14
4407.05,4463.49,4358.96,4369.37,-0.63,894881783.4,2024-05-15
4366.18,4565.85,4363.75,4536.97,3.8,1453171861.5,2024-05-16
4579.77,4601.06,4504.83,4598.95,1.36,1135981458.0,2024-05-19
4603.67,4675.06,4547.71,4568.81,-0.65,1158784723.5,2024-05-20
4563.24,4644.2,4535.01,4636.41,1.47,909277087.1,2024-05-21
4639.14,4667.21,4562.43,4585.34,-1.1,1064350200.2,2024-05-22
4608.98,4615.12,4481.45,4503.65,-1.78,841257134.7,2024-05-26
4511.94,4542.42,4488.12,4523.06,0.43,561225266.1,2024-05-27
4536.67,4551.42,4420.36,4445.3,-1.71,605804343.9,2024-05-29
4448.41,4448.41,4354.07,4357.91,-1.96,595265107.8,2024-05-30
4354.94,4384.08,4347.44,4380.72,0.52,497770259.9,2024-06-02
4376.95,4524.71,4365.84,4487.52,2.43,676369775.7,2024-06-03
4491.07,4592.86,4489.62,4553.95,1.48,1013031684.3,2024-06-04
4552.01,4625.28,4547.87,4614.03,1.31,1018430344.6,2024-06-05
4606.66,4703.72,4606.66,4656.35,0.91,1277107103.0,2024-06-06
4666.42,4686.28,4594.71,4605.21,-1.09,1153838959.5,2024-06-09
4602.08,4636.16,4589.59,4633.78,0.62,831107047.1,2024-06-10
4647.09,4688.44,4626.67,4682.75,1.05,784845149.2,2024-06-11
4680.26,4748.4,4677.28,4724.03,0.88,968022085.6,2024-06-12
4728.33,4758.39,4688.87,4705.66,-0.38,1055415582.1,2024-06-13
4704.43,4714.49,4602.24,4625.09,-1.71,817475857.5,2024-06-16
4621.47,4623.24,4577.08,4595.28,-0.64,697302784.9,2024-06-18
4589.03,4631.66,4578.85,4602.16,0.14,608522352.4,2024-06-19
4602.21,4607.11,4554.98,4572.09,-0.65,562854964.4,2024-06-20
4569.68,4570.86,4502.65,4515.53,-1.23,511038161.3,2024-06-23
4508.0,4594.12,4496.63,4577.29,1.36,940646420.7,2024-06-24
4578.37,4600.61,4572.87,4593.1,0.34,691684739.8,2024-06-25
4589.86,4619.72,4555.84,4570.74,-0.48,731034789.1,2024-06-26
4575.19,4575.19,4517.57,4526.9,-0.95,436107574.8,2024-06-27
4522.72,4526.46,4457.15,4464.52,-1.37,514343918.0,2024-06-30
4464.98,4487.66,4448.62,4478.91,0.32,355758954.5,2024-07-01
4514.04,4695.98,4514.04,4544.16,1.45,444035350.1,2024-07-02
4545.26,4553.2,4499.87,4537.65,-0.14,488273782.1,2024-07-03
4537.53,4571.79,4530.83,4547.23,0.21,458465785.2,2024-07-04
4550.97,4613.83,4550.97,4613.68,1.46,632207584.6,2024-07-07
4624.68,4656.52,4607.37,4656.52,0.92,655217866.7,2024-07-08
4653.98,4805.02,4646.48,4799.21,3.06,1194827432.6,2024-07-09
4814.83,4922.42,4814.83,4873.15,1.54,1247261995.7,2024-07-10
4897.7,4915.22,4824.09,4847.24,-0.53,867620294.8,2024-07-11
4899.41,5004.88,4858.91,4887.38,0.82,731908583.4,2024-07-14
4907.58,4939.18,4801.27,4818.4,-1.41,700052767.6,2024-07-15
4816.78,4930.02,4803.63,4929.71,2.3,665651091.0,2024-07-16
4928.89,5020.55,4921.96,5020.55,1.84,929697152.4,2024-07-17
5035.7,5231.2,5032.49,5159.95,2.77,1738055875.3,2024-07-18
5171.82,5251.82,5137.24,5243.24,1.61,1355046347.3,2024-07-21
5248.09,5275.12,5147.72,5215.15,-0.53,1077754437.4,2024-07-22
5222.64,5288.19,5192.73,5287.91,1.39,1157270277.7,2024-07-23
5293.63,5330.19,5171.08,5216.46,-1.35,1235149227.4,2024-07-24
5223.45,5571.54,5220.74,5571.54,6.83,2549109194.5,2024-07-25
5632.61,5756.89,5402.64,5561.07,-0.18,1574457608.1,2024-07-28
5575.34,5575.76,5339.65,5354.68,-3.71,1699042636.1,2024-07-29
5379.06,5433.33,5255.5,5407.39,0.98,1177262064.7,2024-07-30
5408.08,5464.74,5408.08,5441.78,0.63,1396472157.43,2024-07-31
5444.1,5508.03,5380.29,5396.83,-0.82,1311389399.7,2024-08-01
5379.94,5396.18,5310.71,5355.82,-0.75,1070377060.0,2024-08-05
5355.95,5374.83,5131.28,5150.64,-3.83,1364663704.7,2024-08-06
5139.38,5262.51,5137.94,5262.51,2.17,969784548.7,2024-08-07
5269.47,5316.96,5210.82,5239.06,-0.44,894831645.5,2024-08-08
5254.24,5469.85,5254.24,5469.42,4.39,1759005498.3,2024-08-11
5510.86,5661.04,5503.09,5528.69,1.08,1503267204.2,2024-08-12
5541.58,5596.97,5427.66,5466.08,-1.13,1105684770.8,2024-08-13
5448.33,5469.86,5344.64,5427.5,-0.7,1214074690.2,2024-08-14
5450.64,5495.1,5407.53,5419.98,-0.13,1409471864.8,2024-08-15
5438.27,5541.6,5373.67,5402.9,-0.31,1535731069.2,2024-08-18
5414.67,5487.43,5356.66,5373.38,-0.54,1076178477.9,2024-08-21
5372.11,5408.86,5345.45,5372.21,-0.02,980814541.4,2024-08-22
5374.77,5609.3,5282.7,5430.62,1.08,1873277599.4,2024-08-25
5444.87,5488.75,5242.47,5269.42,-2.96,1184700329.7,2024-08-27
5282.95,5351.27,5178.67,5212.35,-1.08,753987957.0,2024-08-28
5212.35,5224.47,5071.14,5107.24,-2.01,795422827.2,2024-08-29
5105.48,5152.91,4996.1,5011.15,-1.88,771099475.9,2024-09-01
5013.4,5178.28,4996.78,5178.28,3.33,708277919.4,2024-09-02
5174.27,5247.92,5149.15,5197.14,0.36,647690667.1,2024-09-03
5202.01,5298.74,5104.07,5125.99,-1.38,1152374255.7,2024-09-04
5114.79,5292.6,5061.33,5212.4,1.68,1098661353.6,2024-09-05
5215.67,5394.44,5215.67,5275.5,1.21,1505820328.0,2024-09-08
5269.48,5285.17,5124.4,5152.56,-2.33,784440719.6,2024-09-09
5152.03,5196.5,5065.46,5105.53,-0.91,504971066.7,2024-09-10
5101.29,5154.49,5057.98,5077.86,-0.54,699993295.3,2024-09-11
5082.12,5158.69,5070.03,5158.59,1.58,674072051.3,2024-09-12
5158.98,5222.09,5040.13,5061.28,-1.88,736137783.9,2024-09-15
5065.92,5070.8,4904.29,4938.15,-2.43,586320351.0,2024-09-16
4936.81,4943.83,4862.36,4885.11,-1.07,429159167.1,2024-09-18
4884.42,4984.34,4843.49,4875.97,-0.18,322427170.8,2024-09-22
4872.41,4881.04,4727.33,4751.08,-2.56,450314243.5,2024-09-23
4746.82,4775.59,4611.65,4638.0,-2.38,437502092.1,2024-09-24
4633.38,4708.64,4587.57,4707.54,1.49,360851466.4,2024-09-25
4700.41,4734.57,4617.64,4645.47,-1.31,309290797.7,2024-09-26
4649.72,4668.1,4597.73,4637.1,-0.18,242584658.7,2024-09-29
4634.53,4724.9,4621.63,4723.16,1.85,277810221.0,2024-09-30
4722.87,4911.4,4714.11,4911.4,3.98,548054228.5,2024-10-01
4909.93,4940.98,4821.15,4856.3,-1.12,405669311.2,2024-10-02
4859.84,4934.69,4838.14,4934.36,1.47,231329029.2,2024-10-06
4944.77,5020.82,4942.29,5008.92,1.51,368301196.0,2024-10-07
5006.38,5010.57,4930.89,4962.91,-0.91,259781744.5,2024-10-08
4957.86,4976.99,4917.79,4971.77,0.17,216068150.4,2024-10-09
4970.28,5008.89,4961.29,5007.82,0.72,139057190.8,2024-10-15
5005.36,5082.37,4998.74,5082.37,1.48,257423365.2,2024-10-16
5079.87,5114.31,5063.39,5072.62,-0.19,369089317.7,2024-10-17
5068.96,5071.58,4971.16,4995.15,-1.52,374904102.74,2024-10-20
4994.92,4999.23,4872.79,4900.65,-1.89,309864128.5,2024-10-21
4899.4,4937.08,4875.16,4933.24,0.66,207066275.28,2024-10-22
4934.41,4939.05,4895.8,4917.07,-0.32,207883793.2,2024-10-23
4922.9,4926.8,4855.32,4876.78,-0.81,272172621.8,2024-10-24
4881.02,4889.27,4815.17,4840.94,-0.73,274336528.9,2024-10-27
4841.81,4902.69,4838.98,4902.09,1.26,256098739.9,2024-10-28
4901.32,4976.51,4900.32,4976.08,1.5,288385524.8,2024-10-29
4974.33,4989.31,4945.06,4968.75,-0.14,282690667.3,2024-10-30
4968.75,4990.71,4938.87,4965.24,-0.07,196410510.5,2024-11-05
4969.43,4975.85,4941.67,4960.41,-0.09,251224795.8,2024-11-06
4960.37,5036.72,4947.06,5036.72,1.51,456172354.3,2024-11-10
5035.12,5235.7,5035.12,5198.19,3.2,977065007.9,2024-11-11
5195.26,5254.65,5142.1,5162.96,-0.67,652433404.7,2024-11-12
5168.83,5173.34,5115.54,5143.81,-0.37,502880848.4,2024-11-13
5140.32,5189.55,5131.68,5183.66,0.77,911920786.7,2024-11-14
5191.78,5276.21,5186.92,5250.02,1.28,1289778261.1,2024-11-17
5263.59,5265.37,5141.35,5170.97,-1.5,1166103619.4,2024-11-19
5171.95,5182.51,5127.36,5175.06,0.07,456924027.6,2024-11-20
5170.38,5214.92,5119.42,5139.58,-0.68,1006514930.4,2024-11-21
5149.91,5165.26,5080.64,5091.09,-0.94,535856673.38,2024-11-24
5090.06,5112.24,5073.51,5101.06,0.19,425494332.2,2024-11-25
5096.88,5145.3,5091.48,5144.53,0.85,485681575.3,2024-11-26
5142.91,5192.21,5137.41,5194.41,0.96,825235756.3,2024-11-27
5192.8,5201.43,5149.51,5161.85,-0.62,687752383.5,2024-11-28
5151.52,5151.52,5089.59,5113.95,-0.92,480472891.3,2024-12-01
5122.37,5148.4,5099.87,5121.79,0.15,610487655.7,2024-12-02
5121.94,5140.83,5084.97,5105.06,-0.32,457691771.2,2024-12-03
5123.03,5134.18,5086.77,5111.28,0.12,572613551.1,2024-12-04
5110.55,5115.29,5030.5,5052.92,-1.14,563968894.0,2024-12-05
5048.58,5057.24,4941.88,4976.74,-1.5,462934395.4,2024-12-08
4979.64,4994.31,4909.31,4946.35,-0.61,352030120.9,2024-12-09
4948.88,4976.63,4916.92,4953.16,0.13,380869961.6,2024-12-10
4953.45,4975.59,4924.81,4974.34,0.42,259253477.0,2024-12-11
4980.49,5020.67,4921.46,4939.98,-0.69,510687245.5,2024-12-12
4947.2,4947.2,4829.37,4847.68,-1.86,310137130.1,2024-12-16
4853.9,4881.0,4814.37,4874.95,0.56,299783182.1,2024-12-17
4884.24,4922.78,4859.04,4879.34,0.09,444107477.7,2024-12-18
4884.77,4891.0,4815.25,4844.5,-0.71,457049208.0,2024-12-19
4842.38,4863.93,4783.2,4825.16,-0.39,389095838.0,2024-12-22
4821.56,4864.75,4803.6,4864.36,0.81,413225895.6,2024-12-23
4865.87,4930.84,4854.52,4910.82,0.95,448304764.7,2024-12-24
4912.02,4928.86,4893.14,4922.47,0.14,638903288.7,2024-12-26
4921.89,5033.01,4909.42,4977.97,1.12,798979106.3,2024-12-29
4973.45,4977.62,4850.47,4907.72,-1.41,502058375.7,2024-12-31
4906.58,4915.03,4866.76,4899.76,-0.16,362167519.8,2025-01-01
4882.79,4909.37,4849.38,4889.33,-0.21,401168975.3,2025-01-02
4881.32,4882.29,4836.53,4882.01,-0.14,409377854.4,2025-01-05
4875.64,4920.89,4870.29,4918.87,0.75,542463580.3,2025-01-06
4911.96,4945.8,4889.65,4940.64,0.44,378962555.5,2025-01-07
4954.02,5047.93,4954.02,5019.34,1.59,511447981.8,2025-01-08
5009.78,5013.09,4947.93,4956.17,-1.25,333850142.3,2025-01-09
4956.93,4966.46,4892.29,4912.98,-0.87,264638634.7,2025-01-12
4901.7,4924.56,4864.84,4891.02,-0.44,371539248.6,2025-01-13
4886.34,4905.04,4852.23,4865.4,-0.52,293318861.5,2025-01-15
4859.38,4884.92,4817.14,4838.26,-0.55,327371155.8,2025-01-16
4842.0,4855.5,4822.73,4852.05,0.28,362385064.8,2025-01-19
4850.77,4892.02,4841.92,4849.92,-0.04,400040316.2,2025-01-20
4852.91,4863.2,4821.59,4851.51,0.03,295442899.0,2025-01-21
4853.94,4908.99,4835.9,4903.58,1.07,366618694.1,2025-01-22
4919.92,4920.92,4883.12,4903.0,-0.01,457756818.2,2025-01-23
4902.1,4959.58,4901.43,4939.82,0.75,681906410.2,2025-01-26
4936.14,4965.39,4923.07,4941.93,0.04,581401705.3,2025-01-27
4926.07,4965.82,4923.32,4965.81,0.48,588430159.9,2025-01-28
4965.55,5210.38,4961.1,5210.32,4.92,1179698640.0,2025-02-02
5209.6,5296.83,5190.45,5215.9,0.1,977320319.6,2025-02-03
5226.26,5240.84,5143.76,5182.11,-0.64,756785113.6,2025-02-04
5174.45,5191.64,5128.19,5168.35,-0.26,633926121.3,2025-02-05
5164.76,5169.42,5123.25,5137.42,-0.59,646707270.4,2025-02-06
5128.56,5156.44,5110.26,5150.5,0.25,717128646.9,2025-02-09
5151.09,5187.76,5114.12,5136.24,-0.27,513097458.4,2025-02-10
5134.0,5161.27,5121.49,5133.92,-0.04,525749049.0,2025-02-11
5129.93,5162.55,5120.62,5128.21,-0.11,586665041.4,2025-02-12
5125.47,5147.27,5114.1,5137.45,0.18,611495599.2,2025-02-13
5138.14,5233.19,5138.14,5233.19,1.86,1043064779.2,2025-02-16
5234.46,5384.96,5232.92,5361.91,2.45,1417477414.0,2025-02-17
5362.54,5386.68,5295.12,5319.09,-0.79,1068102780.3,2025-02-18
5323.44,5338.74,5279.45,5302.9,-0.3,751491127.7,2025-02-20
5281.47,5286.12,5190.53,5267.81,-0.66,942667028.9,2025-02-23
5265.69,5293.09,5212.88,5234.54,-0.63,749139408.2,2025-02-24
5238.68,5242.85,5205.23,5226.22,-0.15,571991414.3,2025-02-25
5271.99,5369.36,5258.82,5273.97,0.91,598843505.9,2025-02-27
5266.73,5345.66,5266.73,5345.66,1.35,805188173.0,2025-03-02
5350.31,5391.12,5275.63,5302.04,-0.81,766517520.3,2025-03-03
5301.77,5306.67,5206.47,5226.97,-1.41,921039293.5,2025-03-04
5226.45,5236.62,5170.99,5200.74,-0.5,682501931.1,2025-03-05
5194.67,5215.44,5177.1,5203.46,0.05,786821467.0,2025-03-06
5201.03,5201.15,5100.65,5120.96,-1.58,557282855.6,2025-03-09
5116.76,5148.79,5064.87,5088.45,-0.63,556667765.5,2025-03-10
5088.19,5088.19,5011.68,5043.0,-0.89,383127649.1,2025-03-11
5042.09,5049.55,5014.21,5028.91,-0.27,257270572.4,2025-03-12
5020.8,5031.15,4953.16,4984.63,-0.88,331594052.1,2025-03-16
4972.53,5019.92,4953.9,4983.74,-0.01,418123580.4,2025-03-17
4967.78,5000.69,4952.72,4968.21,-0.31,275593942.1,2025-03-18
4965.99,4972.04,4913.75,4944.05,-0.48,369118852.2,2025-03-19
4947.94,4958.78,4905.47,4911.2,-0.66,257497074.6,2025-03-20
4902.28,4908.33,4790.86,4794.95,-2.36,401076218.7,2025-03-23
4792.69,4839.3,4751.4,4833.0,0.79,286897398.3,2025-03-24
4829.98,4829.98,4705.76,4712.53,-2.49,336392404.5,2025-03-25
4714.37,4784.67,4702.62,4773.9,1.3,260521538.6,2025-03-26
4773.45,4888.18,4761.69,4880.3,2.22,399858762.5,2025-03-27
4879.37,4940.18,4860.02,4910.9,0.62,406927866.4,2025-03-30
4916.79,4921.4,4825.82,4856.45,-1.1,277004115.3,2025-04-01
4845.45,4879.79,4832.94,4865.19,0.17,247057888.8,2025-04-02
4865.43,4885.29,4841.9,4846.89,-0.37,326518789.6,2025-04-03
4847.62,4847.7,4786.8,4796.54,-1.03,252916119.2,2025-04-07
4793.21,4805.35,4741.0,4792.51,-0.08,243412478.0,2025-04-08
4790.61,4838.42,4786.47,4803.18,0.22,219209420.0,2025-04-09
4802.51,4826.4,4794.19,4821.53,0.38,296924806.3,2025-04-10
4821.94,4821.94,4785.69,4808.58,-0.26,240884298.2,2025-04-13
4808.44,4853.36,4798.62,4837.81,0.6,234558433.4,2025-04-15
4837.32,4856.34,4821.42,4834.87,-0.06,266588173.3,2025-04-16
4837.86,4884.74,4825.72,4865.64,0.63,346083987.8,2025-04-17
4858.63,4879.8,4831.07,4839.0,-0.54,308022403.1,2025-04-20
4838.37,4844.07,4806.03,4833.46,-0.11,240186093.6,2025-04-21
4831.34,4847.29,4809.96,4817.38,-0.33,224432364.0,2025-04-22
4821.73,4825.07,4765.57,4766.86,-1.04,213491153.9,2025-04-23
4767.64,4775.93,4729.87,4744.73,-0.46,256556164.5,2025-04-24
4745.38,4751.13,4694.25,4700.07,-0.94,318502326.8,2025-04-27
4703.93,4705.11,4657.86,4664.28,-0.76,285905343.5,2025-04-28
4664.34,4673.53,4626.68,4627.85,-0.78,218025651.4,2025-04-29
4626.13,4655.75,4612.48,4629.8,0.04,265804925.9,2025-04-30
4634.49,4642.71,4611.21,4617.89,-0.25,254551053.7,2025-05-04
4619.6,4655.57,4606.18,4623.12,0.11,234947575.7,2025-05-05
4624.48,4647.31,4603.94,4608.92,-0.3,221716738.9,2025-05-06
4614.08,4724.87,4597.94,4712.34,2.24,248704635.8,2025-05-07
4711.48,4739.51,4677.31,4705.99,-0.13,264848233.6,2025-05-08
4710.75,4724.16,4678.28,4694.94,-0.23,307340153.1,2025-05-11
4693.6,4707.9,4641.03,4662.12,-0.69,285039589.5,2025-05-13
4664.98,4667.45,4643.55,4649.61,-0.26,220148721.4,2025-05-14
4650.44,4658.59,4631.51,4646.81,0.06,253702145.9,2025-05-15
4646.71,4739.4,4645.57,4703.79,1.22,393212701.5,2025-05-18
4701.22,4738.57,4689.9,4710.31,0.13,313303828.7,2025-05-19
4717.2,4777.78,4670.23,4763.6,1.13,206101337.7,2025-05-20
4802.39,4897.78,4738.05,4738.92,-0.51,363102179.3,2025-05-21
4741.51,4874.37,4740.86,4861.42,2.58,669801109.7,2025-05-22
4876.02,4988.95,4871.93,4974.42,2.32,891333586.1,2025-05-25
5014.05,5052.06,4883.36,4899.57,-1.5,588587787.0,2025-05-26
4904.13,4904.13,4841.13,4843.85,-1.13,356082388.5,2025-05-27
4850.56,4850.62,4793.75,4831.23,-0.26,274928890.2,2025-05-28
4845.27,4879.99,4813.08,4825.04,-0.12,263061582.3,2025-06-02
4827.18,4789.36,4749.54,4763.69,-1.27,314249915.5,2025-06-03
4769.37,4771.61,4717.3,4724.18,-0.82,180449763.7,2025-06-04
4722.34,4755.67,4696.94,4705.11,-0.4,222166318.9,2025-06-05
4705.03,4705.83,4655.26,4671.76,-0.7,271005688.5,2025-06-08
4677.58,4701.85,4664.68,4694.42,0.48,171606739.6,2025-06-09
4693.79,4729.8,4691.43,4723.09,0.61,220968806.0,2025-06-10
4720.84,4733.72,4686.36,4703.71,-0.41,206529109.6,2025-06-11
4701.62,4702.12,4675.77,4682.67,-0.44,246736845.5,2025-06-12
4688.04,4696.01,4663.79,4667.88,-0.31,217782222.4,2025-06-15
4669.29,4717.59,4660.72,4695.73,0.59,249064230.4,2025-06-16
4695.18,4791.27,4695.18,4747.5,1.1,425619849.9,2025-06-17
4751.26,4773.7,4709.25,4721.85,-0.54,324350206.4,2025-06-18
4722.78,4723.39,4671.25,4671.74,-1.06,248602069.5,2025-06-19
4672.38,4674.55,4613.08,4617.58,-1.15,273639322.8,2025-06-22
4615.9,4623.25,4596.66,4618.45,0.01,173856771.9,2025-06-23
4622.2,4663.68,4615.98,4627.42,0.19,197739433.2,2025-06-24
4627.65,4637.08,4604.51,4617.49,-0.21,143621879.0,2025-06-25
4617.49,4633.8,4612.87,4623.9,0.13,214298543.2,2025-06-26
4626.24,4718.09,4626.18,4697.2,1.58,304822208.7,2025-06-29
4694.12,4747.65,4690.86,4740.48,0.92,289210411.8,2025-06-30
4742.43,4854.75,4741.08,4845.73,2.22,495450661.3,2025-07-01
4849.51,4891.42,4845.28,4873.04,0.56,586319816.9,2025-07-02
4877.38,4881.91,4830.83,4862.27,-0.22,395334338.6,2025-07-03
4868.23,4883.96,4845.38,4858.86,-0.06,492180520.2,2025-07-06
4857.22,4873.35,4815.34,4824.5,-0.7,432111790.5,2025-07-07
4830.07,4838.91,4795.21,4828.27,0.07,284642524.9,2025-07-08
4828.93,4874.89,4814.13,4869.48,0.85,418717076.5,2025-07-09
4875.94,4954.85,4869.91,4940.68,1.46,566511500.6,2025-07-10
5008.91,5132.79,5008.89,5113.91,3.5,1266422127.7,2025-07-13
5117.97,5125.8,5043.74,5050.49,-1.23,702119227.1,2025-07-14
5049.42,5129.51,5047.15,5115.32,1.28,652558696.1,2025-07-15
5106.48,5220.07,5104.37,5210.29,1.85,1300710589.9,2025-07-16
5203.86,5350.48,5202.7,5341.03,2.5,1158485288.0,2025-07-17
5360.14,5429.89,5304.0,5339.45,-0.02,2094434897.0,2025-07-20
5344.72,5493.22,5298.13,5442.55,1.93,2024127381.5,2025-07-21
5450.79,5691.42,5450.24,5664.1,4.07,2339441881.2,2025-07-22
5681.06,5685.68,5554.46,5623.18,-0.72,1907048468.7,2025-07-23
5623.11,5640.93,5557.74,5610.06,-0.23,1796807923.7,2025-07-24
5603.9,5714.51,5585.42,5610.44,0.0,2302917384.2,2025-07-27
5614.26,5616.01,5496.96,5594.18,-0.28,1516038736.6,2025-07-28
5602.32,5745.54,5602.32,5688.96,1.69,2056997801.4,2025-07-29
5692.37,5693.2,5478.48,5502.25,-3.28,1591570739.0,2025-07-30
5526.5,5554.06,5457.5,5474.4,-0.5,1244319186.0,2025-07-31
5476.63,5476.88,5301.49,5307.27,-3.05,1126270743.4,2025-08-03
5305.54,5381.34,5258.5,5340.4,0.62,802095714.5,2025-08-04
5340.17,5446.14,5313.81,5367.23,0.5,1106742325.7,2025-08-05
5368.52,5474.75,5330.75,5443.09,1.41,1078810183.1,2025-08-06
5445.82,5500.36,5445.82,5463.04,0.36,1094709469.5,2025-08-07
5455.96,5478.06,5323.36,5334.19,-2.35,1198097399.6,2025-08-11
5331.18,5331.18,5248.16,5254.54,-1.49,745570394.1,2025-08-12
5256.91,5308.01,5235.18,5242.64,-0.22,539368344.0,2025-08-13
5239.8,5277.83,5218.86,5236.37,-0.12,533877516.0,2025-08-14
5236.51,5252.92,5161.18,5167.27,-1.31,639704986.3,2025-08-17
5170.24,5194.52,5144.61,5172.47,0.1,494376439.4,2025-08-18
5168.18,5220.5,5167.94,5179.08,0.12,395349500.7,2025-08-19
5175.28,5189.62,5153.3,5158.01,-0.4,424094417.5,2025-08-20
5154.34,5170.37,5129.39,5146.92,-0.21,399001093.7,2025-08-21
5141.83,5188.31,5123.78,5138.95,-0.15,412461494.4,2025-08-24
5188.67,5275.94,5173.6,5216.07,1.5,1038848645.6,2025-08-25
5223.87,5229.79,5177.41,5190.94,-0.48,512998515.9,2025-08-26
5189.41,5256.1,5184.9,5247.9,1.09,609972223.9,2025-08-27
5239.13,5246.24,5172.88,5173.96,-1.4,649653010.3,2025-08-28
5170.51,5174.41,5086.59,5102.39,-1.38,537181668.99,2025-08-31
5093.72,5116.64,5073.29,5116.31,0.27,434361569.7,2025-09-01
5111.22,5117.65,5055.89,5066.65,-0.97,453635994.2,2025-09-02
5059.38,5075.5,5029.7,5031.5,-0.69,414018960.7,2025-09-03
5025.04,5039.4,4989.3,5023.48,-0.15,415348541.5,2025-09-04
5012.34,5035.75,4999.45,5014.05,-0.18,263786874.9,2025-09-07
5015.63,5020.69,4924.13,4957.06,-1.13,364559431.3,2025-09-08
4905.39,4905.39,4750.19,4754.32,-4.08,23549528.0,2025-09-18
4732.05,4949.99,4715.57,4929.81,3.69,543050176.8,2025-09-21
4936.72,5061.44,4929.63,5055.35,2.54,369864409.1,2025-09-23
5051.85,5060.39,4971.76,5012.4,-0.84,261272436.1,2025-09-24
5007.96,5010.31,4979.37,5007.63,-0.09,207598407.7,2025-09-25
5007.7,5046.93,5003.11,5037.65,0.59,197180527.1,2025-09-28
5032.52,5034.08,4894.04,4943.38,-1.87,305187371.5,2025-10-07
4948.99,4957.84,4800.38,4849.68,-1.89,349435908.2,2025-10-08
4864.9,5032.24,4863.16,4895.96,0.95,332436341.5,2025-10-09
4891.02,4891.02,4723.84,4754.57,-2.88,381871895.4,2025-10-12
4753.82,4787.15,4705.74,4784.78,0.63,303838521.7,2025-10-13
4780.39,4789.72,4719.82,4746.71,-0.79,290783776.6,2025-10-14
4745.22,4767.43,4682.08,4719.84,-0.56,250202330.0,2025-10-15
4719.1,4727.12,4643.89,4685.17,-0.73,317149953.9,2025-10-16
4694.2,4709.4,4669.12,4707.4,0.47,111866523.1,2025-10-19
4702.81,4704.14,4646.73,4696.25,-0.23,166946883.7,2025-10-26
4693.85,4818.34,4683.1,4818.34,2.59,313141785.4,2025-10-28
4813.74,4870.49,4779.61,4824.88,0.13,418351446.4,2025-10-29
4830.44,4903.3,4791.99,4902.23,1.6,471788040.3,2025-10-30
4913.13,4982.15,4893.18,4970.11,1.38,461101814.1,2025-11-02
4962.45,4977.95,4908.91,4938.5,-0.63,411208490.7,2025-11-03
4941.2,4955.87,4863.42,4901.03,-0.75,357102181.2,2025-11-04
4891.76,4918.19,4845.15,4912.16,0.22,381399487.1,2025-11-05
4910.42,4922.15,4876.24,4905.58,-0.13,455840779.7,2025-11-06
4912.22,4912.88,4825.66,4842.72,-1.28,254291278.2,2025-11-09
4847.4,4857.37,4796.26,4838.84,-0.08,335743316.4,2025-11-10
4836.01,4866.93,4800.88,4836.35,-0.05,169463653.1,2025-11-11
4839.56,4845.6,4793.76,4802.59,-0.69,268874304.2,2025-11-12
4793.86,4819.07,4777.38,4803.04,0.0,194768563.7,2025-11-13
4802.3,4803.8,4769.18,4784.57,-0.38,191751255.4,2025-11-16
4780.3,4809.47,4774.77,4801.11,0.34,189340657.4,2025-11-17
4799.75,4845.65,4799.75,4823.98,0.47,237753044.6,2025-11-18
4827.23,4851.56,4798.59,4820.79,-0.06,206169039.3,2025-11-19
4816.14,4835.12,4790.32,4834.02,0.27,350685964.2,2025-11-20
4823.73,4922.81,4823.73,4922.81,1.83,405267936.8,2025-11-23
4926.91,5018.08,4923.77,5018.08,1.93,509634341.5,2025-11-24
5015.94,5021.51,4970.1,5020.56,0.04,374178085.5,2025-11-25
5017.08,5058.01,4990.75,5056.28,0.71,674085147.5,2025-11-26
5056.13,5056.13,5016.5,5038.17,-0.35,468342218.8,2025-11-27
5032.04,5041.18,4956.92,4972.36,-1.3,491116979.9,2025-11-30
4970.11,5013.39,4964.91,5002.82,0.61,430466302.1,2025-12-01
4991.3,5029.31,4981.73,4999.48,-0.06,263244594.5,2025-12-02
4994.19,5018.07,4959.47,4975.17,-0.48,409799183.0,2025-12-03
4970.61,4970.61,4908.91,4923.12,-1.04,437456475.1,2025-12-07
4918.65,4928.72,4883.8,4908.46,-0.29,328499042.9,2025-12-08
4906.76,4931.96,4891.66,4905.08,-0.06,208449300.0,2025-12-09
4898.04,4907.07,4875.65,4890.43,-0.29,200894809.2,2025-12-10
4887.27,4895.18,4875.16,4895.01,0.09,234589893.8,2025-12-11
4891.33,4907.73,4860.75,4882.33,-0.25,295963638.3,2025-12-14
4879.69,4887.4,4860.64,4878.29,-0.08,237714864.2,2025-12-15
4880.89,4920.59,4871.23,4920.59,0.86,276903901.8,2025-12-16
4914.15,4946.87,4909.17,4924.47,0.07,285477196.3,2025-12-17
4925.82,4931.93,4882.24,4900.31,-0.49,304168789.0,2025-12-18
4897.05,4903.18,4829.49,4867.35,-0.67,443495165.6,2025-12-21
4863.27,4864.81,4816.18,4844.99,-0.45,291657324.7,2025-12-22
4840.14,4857.51,4814.93,4853.4,0.17,275394198.8,2025-12-23
4843.66,4856.3,4829.03,4845.58,-0.16,281340655.9,2025-12-24
4845.52,4912.91,4845.52,4912.91,1.38,374930285.1,2025-12-28
4910.66,4951.48,4887.57,4908.72,-0.08,387474247.3,2025-12-29
4906.86,4938.83,4901.53,4924.62,0.32,320763514.4,2025-12-31
4924.1,4935.64,4874.92,4904.59,-0.4,297706341.8,2026-01-01
4899.28,4905.08,4874.41,4888.78,-0.32,321177750.8,2026-01-04
4888.72,4914.75,4876.93,4914.75,0.53,359605911.5,2026-01-05
4908.21,4956.98,4907.56,4955.95,0.83,313820892.0,2026-01-06
4950.48,4956.43,4918.79,4935.83,-0.4,351420173.7,2026-01-07
4927.9,4934.76,4904.56,4933.63,-0.04,263672736.1,2026-01-08
4931.08,4950.18,4891.19,4900.85,-0.66,285011658.7,2026-01-12
4897.05,4916.31,4875.0,4890.92,-0.2,227715633.7,2026-01-13
4883.9,4900.72,4869.46,4888.18,-0.05,235865703.27,2026-01-14
4894.8,4961.09,4894.8,4952.24,1.31,358175986.2,2026-01-18
4960.22,5039.02,4956.41,5028.84,1.54,455916553.9,2026-01-20
5028.47,5047.23,4999.61,5016.07,-0.25,343812503.7,2026-01-21
5015.72,5034.43,4976.13,5034.43,0.36,387896596.9,2026-01-22
5034.42,5120.01,5034.42,5115.54,1.61,503710291.7,2026-01-25
5123.97,5133.26,5063.34,5089.99,-0.49,573552865.2,2026-01-26
5079.41,5097.46,4998.15,5016.85,-1.43,487282310.1,2026-01-27
5011.41,5024.12,4979.97,5010.31,-0.13,330755694.2,2026-01-28
5007.78,5014.21,4967.06,4980.04,-0.6,410802959.0,2026-01-29
4985.75,4989.25,4934.18,4951.64,-0.57,283151094.2,2026-02-01
4950.13,4964.56,4919.7,4943.54,-0.16,276963961.7,2026-02-02
4941.81,4954.9,4902.25,4922.64,-0.42,272470495.0,2026-02-03
4913.29,4953.01,4898.46,4907.5,-0.3,212635277.3,2026-02-04
4913.02,4940.97,4909.87,4937.05,0.6,299766075.1,2026-02-05
4936.12,4971.19,4916.2,4926.4,-0.21,330165666.5,2026-02-08
4930.03,4943.37,4874.06,4896.34,-0.61,307480414.2,2026-02-09
4889.75,4901.19,4857.28,4872.16,-0.49,213411818.7,2026-02-10
4889.62,4930.78,4856.97,4868.83,-0.06,210374488.5,2026-02-11
4868.38,4884.4,4855.41,4868.13,-0.01,275030563.6,2026-02-12
4863.96,4884.98,4839.54,4856.71,-0.23,238187251.9,2026-02-16
4855.36,4858.67,4822.82,4832.27,-0.5,275916823.6,2026-02-17
4832.48,4849.01,4791.58,4809.0,-0.48,264825741.4,2026-02-22
4810.31,4817.98,4793.46,4805.62,-0.07,160158992.8,2026-02-23
4803.52,4843.6,4791.02,4843.6,0.79,166401963.05,2026-02-24
4840.91,4851.42,4824.87,4850.94,0.15,164304200.7,2026-02-25
4850.75,4854.03,4831.54,4837.01,-0.28,162631431.9,2026-02-26
4832.95,4871.21,4791.96,4855.8,0.38,217312317.83,2026-03-01
4859.09,4936.48,4856.65,4936.48,1.66,239585889.6,2026-03-03
4992.19,5137.58,4992.18,5137.58,4.07,15144198.5,2026-03-09
5217.38,5221.55,5069.88,5128.17,-0.18,829555397.6,2026-03-10
5129.22,5130.57,5034.4,5043.56,-1.64,351816530.3,2026-03-11
5041.78,5079.63,5024.45,5057.41,0.27,377881438.3,2026-03-12
5059.26,5077.84,5038.33,5065.24,0.15,362223250.4,2026-03-15
5065.26,5072.38,5007.98,5027.07,-0.75,331601135.9,2026-03-16
5026.02,5031.0,4990.77,5013.53,-0.26,235624964.6,2026-03-17
5011.35,5079.96,5004.83,5076.16,1.24,570084486.7,2026-03-19
5085.39,5300.4,5084.19,5289.94,4.21,1576408594.0,2026-03-22
5304.84,5335.63,5244.83,5312.77,0.43,986928864.3,2026-03-23
5312.77,5309.09,5246.78,5288.4,-0.45,560873760.5,2026-03-24
5285.25,5285.42,5183.8,5201.37,-1.64,670732529.79,2026-03-25
5197.28,5212.82,5158.93,5211.85,0.2,466261072.0,2026-03-26
5220.52,5225.72,5083.56,5101.45,-2.11,728348214.8,2026-03-29
5099.3,5112.68,5020.94,5035.09,-1.3,569594333.7,2026-03-30
5036.81,5069.09,4972.55,5061.1,0.51,437504737.6,2026-03-31
5056.47,5065.37,4931.4,4960.13,-1.99,494977567.5,2026-04-01
4957.44,4985.02,4890.68,4945.43,-0.29,354837594.8,2026-04-02
4952.04,4952.04,4763.33,4775.56,-3.43,556419428.4,2026-04-05
4769.68,4913.22,4753.35,4891.63,2.43,403357633.0,2026-04-06
4890.33,4939.39,4857.64,4881.91,-0.19,276873186.8,2026-04-07
4879.33,4946.13,4877.6,4944.55,1.28,300293393.5,2026-04-08
4940.45,5006.85,4934.96,5003.96,1.2,275692533.6,2026-04-09
5001.78,5019.14,4948.23,4966.96,-0.73,264521328.7,2026-04-10
4964.08,4971.36,4924.3,4945.92,-0.42,221114712.3,2026-04-13
4935.2,4997.29,4935.2,4977.73,0.64,286681740.7,2026-04-15
4974.69,4986.64,4907.69,4942.11,-0.71,236864568.2,2026-04-16
4935.45,4947.88,4870.54,4925.53,-0.33,233624984.3,2026-04-17
4918.96,4930.33,4883.63,4901.0,-0.49,161054267.2,2026-04-20
4916.03,4918.78,4859.3,4876.58,-0.49,169269361.1,2026-04-21
4910.63,4916.04,4807.08,4868.93,-0.15,227833453.8,2026-04-22
4868.23,4906.71,4823.78,4842.76,-0.53,158045177.0,2026-04-23
4849.67,4870.96,4804.59,4825.55,-0.35,158045177.0,2026-04-24
4820.48,4849.34,4808.76,4839.84,0.29,157489833.6,2026-04-27
4818.01,4865.54,4804.85,4818.11,-0.44,158706316.4,2026-04-28
4817.48,4825.21,4772.12,4791.73,-0.54,180137252.4,2026-04-29
4773.91,4779.77,4749.6,4775.31,-0.34,151553611.3,2026-04-30
4768.72,4783.13,4730.03,4775.46,0.0,136500013.6,2026-05-04
4774.82,4774.82,4727.31,4765.08,-0.21,184498527.2,2026-05-05
4755.01,4795.84,4744.63,4787.98,0.48,160571860.2,2026-05-06
4763.0,4805.13,4745.86,4805.13,0.35,205119299.2,2026-05-07
4782.82,4813.29,4777.72,4813.29,0.16,191651542.6,2026-05-08
4816.05,4895.72,4816.05,4895.4,1.7,211357205.2,2026-05-11
4886.17,4892.65,4807.47,4821.39,-1.51,248640955.5,2026-05-12
4822.29,4822.29,4775.21,4795.94,-0.52,134075167.4,2026-05-13
4793.12,4815.41,4759.47,4784.1,-0.24,111727621.3,2026-05-14
4770.79,4796.78,4759.0,4777.13,-0.14,148979336.5,2026-05-15
4779.79,4784.65,4749.06,4765.48,-0.24,104298153.2,2026-05-18
4752.1,4780.25,4747.9,4771.63,0.12,118035809.7,2026-05-19
4765.03,4801.54,4756.69,4801.54,0.62,116219342.8,2026-05-20
4807.52,4811.14,4756.98,4779.93,-0.45,197882406.7,2026-05-21
4798.47,4798.96,4755.56,4789.45,0.19,123421419.4,2026-05-22
4815.54,4837.13,4789.77,4837.13,0.99,184317324.6,2026-05-25
4835.91,4856.6,4803.83,4809.88,-0.56,124010803.8,2026-05-26
4830.18,4839.92,4793.34,4824.54,0.3,131858056.7,2026-05-27
4843.21,4848.06,4760.46,4780.91,-0.9,127908648.2,2026-06-01
4782.81,4800.3,4763.25,4800.3,0.4,138573666.5,2026-06-02
4801.54,4825.28,4786.69,4822.34,0.45,132037747.1,2026-06-03
4824.68,4828.65,4797.88,4813.35,-0.18,118324114.11,2026-06-04
4807.11,4817.01,4776.7,4805.17,-0.16,132298649.6,2026-06-05
4790.38,4795.77,4759.45,4779.71,-0.52,135783729.6,2026-06-08
4778.16,4778.16,4735.48,4770.69,-0.18,154569029.2,2026-06-09
4774.41,4791.11,4753.12,4770.25,0.0,124025341.8,2026-06-10
4783.98,4795.83,4738.75,4756.43,-0.28,125254173.7,2026-06-11
4762.4,4762.4,4725.24,4737.89,-0.38,122376709.5,2026-06-12
4744.89,4770.57,4721.01,4735.28,-0.05,114468600.6,2026-06-15
4744.78,4744.91,4717.66,4729.85,-0.11,121281864.5,2026-06-16
4713.03,4745.31,4713.03,4727.86,-0.04,94322702.9,2026-06-17
4717.38,4730.62,4704.1,4729.99,0.04,93593062.8,2026-06-18
4742.86,4743.31,4705.31,4731.37,0.02,163517706.2,2026-06-19
4721.53,4754.68,4712.31,4751.25,0.42,346867683.5,2026-06-22
4746.23,4746.99,4703.69,4718.2,-0.69,143999457.9,2026-06-23
4696.91,4719.17,4659.59,4700.11,-0.38,180713049.8,2026-06-24
4708.28,4713.07,4659.25,4692.67,-0.15,125119764.8,2026-06-25
4699.51,4701.12,4651.7,4666.19,-0.56,127640760.4,2026-06-26
4659.81,4671.4,4621.92,4638.5,-0.59,115208554.6,2026-06-29
4632.25,4650.16,4590.46,4612.21,-0.56,184219323.4,2026-06-30
4602.26,4663.47,4596.92,4663.43,1.11,181151123.5,2026-07-01
4653.46,4666.23,4607.63,4666.23,0.05,206232313.1,2026-07-02
4668.45,4679.91,4646.76,4673.62,0.15,174885652.4,2026-07-03
4682.61,4685.92,4625.46,4631.83,-0.89,118928597.89,2026-07-06
4633.34,4654.68,4611.51,4643.58,0.25,157561956.6,2026-07-07
4638.78,4641.44,4573.71,4605.88,-0.81,122437456.0,2026-07-08
4599.12,4603.6,4541.77,4573.78,-0.69,170105349.4,2026-07-09
4567.06,4603.42,4546.38,4579.86,0.13,122545047.4,2026-07-10
4589.52,4592.61,4519.53,4539.86,-0.87,147520186.6,2026-07-13
4539.27,4547.07,4481.33,4543.43,0.07,235332810.3,2026-07-14
4552.32,4596.69,4539.53,4556.05,0.27,104120867.0,2026-07-15
4563.97,4617.97,4532.25,4612.21,1.23,172557049.2,2026-07-16
4603.22,4695.72,4602.28,4695.63,1.8,160833620.6,2026-07-17
4687.93,4716.58,4682.24,4713.32,0.37,156203711.0,2026-07-20
4722.73,4742.68,4678.77,4712.15,-0.02,176933662.2,2026-07-21
4711.56,4718.82,4656.87,4692.29,-0.42,139261864.0,2026-07-22
4681.54,4698.69,4648.45,4698.69,0.13,135319748.6,2026-07-23
4669.25,4717.33,4659.47,4715.96,0.36,172005201.0,2026-07-24
4706.26,4712.91,4642.76,4655.75,-1.27,154487369.2,2026-07-27
4640.59,4663.02,4627.2,4649.51,-0.13,99000388.2,2026-07-28
4648.5,4662.3,4604.63,4621.23,-0.6,109131023.6,2026-07-29
4615.2,4629.21,4582.65,4599.37,-0.47,110730698.0,2026-07-30
4590.05,4610.52,4563.6,4610.43,0.24,109150494.8,2026-07-31
4601.64,4638.95,4601.64,4624.57,0.3,178139820.3,2026-08-03
4617.07,4626.49,4575.32,4590.92,-0.72,106424049.18,2026-08-04
4593.54,4598.68,4561.95,4575.94,-0.32,109092923.1,2026-08-05
4580.61,4583.97,4552.97,4562.05,-0.3,98396215.7,2026-08-06
4557.63,4572.73,4544.88,4562.77,0.01,150852363.2,2026-08-07
4561.89,4571.78,4529.78,4571.78,0.19,227847294.3,2026-08-10
4576.16,4579.43,4540.14,4555.18,-0.36,295490646.6,2026-08-11
4551.09,4577.93,4530.3,4553.27,-0.04,130484759.4,2026-08-12
4548.84,4570.09,4541.26,4563.32,0.22,137340255.1,2026-08-13
4560.99,4576.8,4545.91,4576.54,0.28,144962450.1,2026-08-14
4563.66,4585.46,4534.94,4546.08,-0.66,184722744.6,2026-08-17
4552.38,4562.89,4508.59,4529.07,-0.37,183619599.4,2026-08-18
4513.25,4533.49,4505.6,4514.1,-0.33,150635720.3,2026-08-19
4510.92,4513.09,4485.78,4511.5,-0.05,117157796.5,2026-08-20
4503.79,4517.67,4478.37,4489.82,-0.48,157275144.5,2026-08-21
4479.65,4489.02,4442.83,4465.59,-0.53,165403008.9,2026-08-24
4454.72,4470.4,4435.18,4453.33,-0.27,163815169.0,2026-08-25
4447.33,4464.42,4393.17,4412.62,-0.91,152445301.5,2026-08-26
4409.92,4418.02,4367.66,4418.02,0.12,102444807.3,2026-08-27
4411.68,4412.38,4342.63,4368.48,-1.12,107238682.20,2026-08-31
