open,high,low,close,percent_change,turnover,date
6105.59,6214.0,6083.01,6102.94,0.44,29232500.0,2018-01-01
6199.45,6243.03,6120.55,6125.34,-1.2,17945200.0,2018-07-17
6125.34,6152.67,6044.83,6057.69,-1.1,22292000.0,2018-07-18
6057.69,6080.65,6007.91,6014.14,-0.72,10738100.0,2018-07-19
6014.14,6014.14,5928.55,5943.86,-1.17,11557500.0,2018-07-22
5943.86,6004.85,5932.42,5998.72,0.92,9386720.0,2018-07-23
5998.72,6113.7,5998.72,6019.33,0.34,12392500.0,2018-07-24
5998.72,6027.27,5977.18,5991.26,-0.47,8889700.0,2018-07-25
5991.26,5991.26,5931.97,5942.18,-0.82,16015900.0,2018-07-26
5942.18,6003.94,5942.18,5994.85,0.89,13861800.0,2018-07-29
5994.85,5995.22,5957.79,5974.34,-0.34,9139680.0,2018-07-30
5974.34,5988.08,5925.94,5946.73,-0.46,11022800.0,2018-07-31
5946.73,5978.35,5938.69,5975.57,0.48,18292400.0,2018-08-01
5975.57,5979.98,5944.31,5949.51,-0.44,21869700.0,2018-08-02
5949.51,5980.02,5938.07,5953.15,0.06,6305470.0,2018-08-05
5953.15,5999.06,5920.53,5936.42,-0.28,11295500.0,2018-08-06
5936.42,5952.45,5892.71,5896.59,-0.67,13504300.0,2018-08-07
5896.59,5911.67,5867.24,5874.23,-0.38,10895400.0,2018-08-08
5874.23,5880.49,5761.36,5771.4,-1.75,32264700.0,2018-08-09
5771.4,5806.14,5559.18,5578.03,-3.35,56106200.0,2018-08-12
5578.03,5699.83,5495.62,5688.88,1.99,19875400.0,2018-08-13
5688.88,5714.6,5644.97,5701.89,0.23,17908600.0,2018-08-14
5701.89,5834.25,5686.8,5831.71,2.28,21230900.0,2018-08-15
5831.71,5882.06,5779.91,5801.84,-0.51,23963400.0,2018-08-16
5801.84,5823.85,5716.26,5736.98,-1.12,15601600.0,2018-08-19
5736.98,5725.54,5646.71,5661.78,-1.31,17331900.0,2018-08-20
5736.98,5681.04,5633.97,5661.27,-0.01,8623810.0,2018-08-21
5661.27,5661.27,5593.19,5604.67,-1.0,10402800.0,2018-08-22
5604.67,5604.83,5566.03,5566.03,-0.69,20766500.0,2018-08-23
5566.03,5586.68,5533.98,5564.15,-0.03,9449080.0,2018-08-26
5564.15,5579.95,5522.23,5533.12,-0.56,23195700.0,2018-08-28
5533.12,5542.27,5493.61,5494.94,-0.69,19386700.0,2018-08-29
5494.94,5527.7,5476.63,5521.15,0.48,21388400.0,2018-08-30
5521.15,5539.19,5494.8,5520.07,-0.02,36113800.0,2018-09-02
5520.07,5682.87,5508.33,5592.55,1.31,123288000.0,2018-09-03
5592.55,5629.26,5553.21,5592.01,-0.01,38702500.0,2018-09-04
5592.01,5734.22,5598.88,5687.2,1.7,42622700.0,2018-09-05
5592.01,5725.61,5607.65,5648.38,-0.68,36593600.0,2018-09-06
5648.38,5648.38,5566.39,5580.96,-1.19,16396400.0,2018-09-09
5580.96,5598.59,5558.0,5560.78,-0.36,11813700.0,2018-09-10
5560.78,5611.85,5560.78,5579.41,0.34,17048800.0,2018-09-11
5579.41,5613.7,5561.63,5583.39,0.07,8160810.0,2018-09-12
5583.39,5619.35,5568.77,5572.21,-0.2,22476800.0,2018-09-13
5572.21,5694.84,5572.21,5620.71,0.87,25784900.0,2018-09-16
5572.21,5807.0,5612.69,5740.44,2.13,30367900.0,2018-09-17
5740.44,5802.22,5713.99,5760.05,0.34,42091500.0,2018-09-18
5760.05,5765.13,5680.24,5680.24,-1.39,16899700.0,2018-09-20
5760.05,5680.24,5630.58,5656.77,-0.41,19198600.0,2018-09-23
5656.77,5706.77,5662.85,5694.13,0.66,25449200.0,2018-09-25
5694.13,5748.59,5697.85,5724.61,0.54,40761000.0,2018-09-26
5724.61,5740.63,5684.38,5695.54,-0.51,26429300.0,2018-09-27
5695.54,5734.39,5668.15,5676.53,-0.33,19893300.0,2018-09-30
5676.53,5691.95,5597.97,5597.97,-1.38,21224800.0,2018-10-01
5597.97,5644.78,5594.83,5612.59,0.26,25625400.0,2018-10-02
5612.59,5612.59,5568.45,5575.14,-0.67,26595400.0,2018-10-03
5575.14,5600.6,5545.74,5575.69,0.01,27647500.0,2018-10-04
5575.69,5587.14,5514.91,5521.4,-0.97,28480400.0,2018-10-07
5521.4,5556.82,5492.87,5516.69,-0.09,20615000.0,2018-10-08
5516.69,5547.72,5498.06,5498.06,-0.34,18413800.0,2018-10-09
5498.06,5501.82,5475.17,5496.88,-0.02,9722790.0,2018-10-10
5496.88,5522.77,5460.57,5504.65,0.14,18015300.0,2018-10-11
5504.65,5567.83,5508.98,5562.14,1.04,5752780.0,2018-10-14
5562.14,5583.1,5532.46,5564.78,0.05,6743700.0,2018-10-15
5564.78,5599.48,5564.78,5599.48,0.62,1591960.0,2018-10-21
5599.48,5602.25,5559.87,5580.72,-0.34,7393980.0,2018-10-22
5580.72,5581.19,5544.22,5549.09,-0.57,10411300.0,2018-10-23
5549.09,5590.91,5544.69,5575.46,0.48,11630900.0,2018-10-24
5575.46,5575.7,5553.17,5563.07,-0.22,10893600.0,2018-10-25
5563.07,5563.07,5503.78,5521.47,-0.75,13668500.0,2018-10-28
5521.47,5525.71,5493.27,5509.5,-0.22,17183100.0,2018-10-29
5509.5,5551.24,5503.28,5533.17,0.43,31016100.0,2018-10-30
5533.17,5548.29,5495.05,5532.93,0.0,14786200.0,2018-10-31
5532.93,5555.44,5507.33,5546.25,0.24,28494600.0,2018-11-01
5546.25,5539.3,5447.28,5458.73,-1.58,55830800.0,2018-11-04
5458.73,5528.07,5439.28,5508.35,0.91,13672500.0,2018-11-05
5468.33,5468.33,5468.33,5468.33,0.73,717531.0,2018-11-06
5483.5,5489.08,5423.32,5439.22,-0.53,2513590.0,2018-11-11
5436.43,5436.43,5345.22,5348.69,-1.66,7552020.0,2018-11-12
5350.98,5435.92,5334.16,5432.82,1.57,11711900.0,2018-11-13
5433.52,5433.93,5376.96,5432.82,1.57,8055210.0,2018-11-14
5427.13,5463.58,5415.35,5421.83,-0.2,8727530.0,2018-11-15
5422.42,5422.42,5371.32,5372.84,-0.9,12050100.0,2018-11-18
5361.39,5386.12,5340.07,5342.38,-0.57,10363200.0,2018-11-19
5342.97,5354.1,5303.84,5318.52,-0.45,7804790.0,2018-11-20
5311.65,5350.78,5296.94,5350.69,0.6,15150400.0,2018-11-21
5343.83,5355.27,5316.24,5315.27,-0.66,8012190.0,2018-11-22
5314.04,5315.15,5270.87,5272.95,-0.8,11067700.0,2018-11-25
5273.32,5273.32,5203.61,5204.92,-1.29,24981400.0,2018-11-26
5205.08,5243.93,5191.96,5202.57,-0.05,17839100.0,2018-11-27
5202.58,5210.64,5179.82,5189.12,-0.26,19844500.0,2018-11-28
5188.93,5189.29,5128.71,5141.36,-0.92,33202800.0,2018-11-29
5112.75,5119.04,5014.84,5029.96,-2.17,49605700.0,2018-12-02
5013.94,5102.86,4997.51,5043.54,0.27,25356700.0,2018-12-03
5036.64,5080.26,5033.71,5063.54,0.4,22795800.0,2018-12-04
5062.62,5062.62,4967.53,4967.53,-1.9,29128400.0,2018-12-05
4928.62,5015.82,4923.9,5011.6,0.89,17595200.0,2018-12-06
5025.34,5025.34,4992.23,5018.24,0.13,16414000.0,2018-12-09
5004.51,5119.66,5004.51,5116.94,1.97,25123300.0,2018-12-10
5084.89,5124.98,5084.89,5091.21,-0.5,23554800.0,2018-12-11
5086.63,5114.85,5077.13,5114.85,0.46,17917700.0,2018-12-12
5107.42,5161.17,5091.3,5145.13,0.59,14835600.0,2018-12-13
5141.2,5287.22,5141.2,5278.5,2.59,20695400.0,2018-12-16
5281.28,5484.34,5281.28,5474.46,3.71,25810800.0,2018-12-17
5476.31,5540.74,5391.4,5424.52,-0.91,38687400.0,2018-12-18
5417.98,5445.92,5325.13,5387.97,-0.67,49107000.0,2018-12-19
5401.06,5434.85,5379.79,5407.48,0.36,26530700.0,2018-12-20
5450.97,5676.21,5450.97,5654.81,4.57,60441500.0,2018-12-23
5667.19,5818.65,5586.59,5723.09,1.21,112870000.0,2018-12-24
5716.6,5716.6,5648.16,5693.73,-0.51,28020700.0,2018-12-25
5705.17,6142.68,5705.17,6137.23,7.79,109709000.0,2018-12-26
6153.78,6456.18,6153.78,6307.64,2.78,287345984.0,2018-12-27
6288.35,6393.17,6242.02,6255.32,-0.83,86814400.0,2018-12-30
6258.08,6263.59,6076.07,6076.07,-2.87,80225000.0,2018-12-31
6105.59,6214.0,6083.01,6102.94,0.44,29232500.0,2019-01-01
6102.94,6110.8,6034.55,6034.55,-1.12,30455900.0,2019-01-02
6042.92,6133.27,6006.29,6102.6,1.13,34126800.0,2019-01-03
6050.5,6111.77,6000.46,6008.49,-1.54,25095800.0,2019-01-06
6056.56,6101.18,6030.2,6101.18,1.54,29533500.0,2019-01-07
6110.48,6128.25,6080.52,6089.26,-0.2,22839700.0,2019-01-08
6110.48,6089.26,6125.1,6098.99,0.16,22604200.0,2019-01-09
6098.99,6115.27,6077.08,6104.95,0.1,23268000.0,2019-01-10
6111.5,6117.97,6058.88,6093.77,-0.18,28524200.0,2019-01-13
6093.77,6098.8,6062.12,6096.96,0.05,13474600.0,2019-01-14
6102.47,6298.65,6080.02,6294.04,3.23,50079600.0,2019-01-15
6294.04,6345.89,6199.06,6221.0,-1.16,41878100.0,2019-01-16
6226.89,6226.89,6160.35,6175.74,-0.73,17279200.0,2019-01-17
6164.29,6169.07,6138.4,6138.4,-0.6,8432100.0,2019-01-20
6113.74,6113.74,6068.71,6080.02,-0.95,25475500.0,2019-01-21
6077.83,6141.64,6070.32,6141.64,1.01,11884500.0,2019-01-22
6147.91,6152.82,6068.32,6114.32,-0.44,16025700.0,2019-01-23
6117.8,6136.11,6104.1,6104.1,-0.17,13507000.0,2019-01-24
6099.53,6099.53,6021.45,6028.1,-1.25,32752500.0,2019-01-27
6033.24,6082.98,6001.2,6054.03,0.43,11666100.0,2019-01-28
6077.65,6091.05,6019.5,6037.28,-0.28,11813100.0,2019-01-29
6032.04,6050.67,5997.26,6031.88,-0.09,13875500.0,2019-01-30
6033.19,6039.76,6009.98,6020.77,-0.18,14932500.0,2019-01-31
6050.52,6055.1,5974.36,5983.24,-0.62,16793900.0,2019-02-03
5997.14,5997.73,5905.74,5918.26,-1.09,25205800.0,2019-02-04
5887.52,5932.38,5887.52,5923.0,0.08,13364200.0,2019-02-05
5920.71,5922.49,5873.95,5876.05,-0.79,14428500.0,2019-02-06
5866.51,5872.4,5826.59,5832.48,-0.74,14771800.0,2019-02-07
5802.86,5814.31,5654.26,5672.22,-2.75,19209900.0,2019-02-10
5682.78,5787.84,5671.33,5696.64,0.43,24277300.0,2019-02-11
5673.75,5761.45,5673.75,5707.03,0.18,12906500.0,2019-02-12
5715.4,5737.11,5611.29,5611.29,-1.68,21278800.0,2019-02-13
5633.52,5635.81,5550.5,5581.94,-0.52,21280600.0,2019-02-14
5604.83,5622.68,5526.98,5528.19,-0.96,15325000.0,2019-02-17
5524.17,5544.77,5485.44,5509.11,-0.35,14671300.0,2019-02-18
5512.38,5760.83,5512.38,5760.83,4.57,18752500.0,2019-02-19
5796.67,5804.86,5582.28,5593.01,-2.91,16776100.0,2019-02-20
5589.6,5597.72,5550.27,5594.78,0.03,9913880.0,2019-02-21
5598.06,5636.98,5520.27,5533.79,-1.09,19337700.0,2019-02-24
5512.24,5594.89,5512.24,5593.81,1.08,20327800.0,2019-02-25
5635.25,5637.54,5530.1,5562.56,-0.56,14631100.0,2019-02-26
5583.41,5634.25,5563.62,5583.09,0.37,15297600.0,2019-02-27
5696.19,5741.98,5630.16,5636.16,0.95,45349100.0,2019-03-03
5661.67,5683.35,5629.64,5648.3,0.22,49615700.0,2019-03-05
5641.94,5748.74,5636.28,5744.44,1.7,26929500.0,2019-03-06
5789.77,5916.22,5773.14,5903.76,2.77,41857700.0,2019-03-07
5917.43,5940.91,5820.39,5938.64,0.59,19049100.0,2019-03-10
5948.59,5981.36,5918.13,5950.65,0.2,50202500.0,2019-03-11
6004.79,6039.08,5969.46,6027.81,1.3,49642000.0,2019-03-12
5987.63,6041.84,5954.31,5954.31,-1.22,49516500.0,2019-03-13
5945.47,5981.17,5881.3,5959.67,0.09,40213300.0,2019-03-14
6019.52,6066.34,5986.79,6005.52,0.77,41149400.0,2019-03-17
5987.33,6021.14,5928.99,5928.99,-1.27,26264100.0,2019-03-18
5944.13,5980.81,5896.62,5908.76,-0.34,22838000.0,2019-03-19
5914.98,5927.93,5840.62,5847.0,-1.05,40896200.0,2019-03-21
5841.17,5862.75,5790.63,5803.86,-0.74,15638200.0,2019-03-24
5802.83,5855.57,5776.32,5854.16,0.87,17001700.0,2019-03-25
5871.23,5871.23,5825.93,5854.74,0.01,20675400.0,2019-03-26
5884.21,5893.99,5853.46,5893.99,0.67,8730130.0,2019-03-27
5891.92,5921.13,5875.06,5920.97,0.46,16415300.0,2019-03-28
5923.23,5941.37,5861.15,5872.57,-0.82,15232400.0,2019-03-31
5866.87,5898.29,5860.07,5870.24,0.04,16557800.0,2019-04-01
5908.47,5911.07,5883.08,5909.1,0.66,21036000.0,2019-04-02
5902.3,5949.92,5888.56,5905.28,-0.06,27789400.0,2019-04-03
5898.47,5923.48,5859.54,5885.19,-0.34,13325500.0,2019-04-04
5899.84,5909.27,5853.33,5885.31,0.0,14243400.0,2019-04-07
5883.76,6129.08,5883.76,6052.82,2.85,45701700.0,2019-04-08
6080.8,6117.08,5946.65,5969.8,-1.37,28617500.0,2019-04-09
5986.86,6019.85,5940.06,5982.39,0.21,22391500.0,2019-04-10
6003.98,6045.66,5957.04,5991.53,0.15,15747900.0,2019-04-11
6006.94,6016.48,5960.15,5980.28,-0.19,11630500.0,2019-04-15
5995.69,6060.47,5991.16,6060.47,1.34,29881600.0,2019-04-16
6095.15,6158.2,6049.85,6098.65,0.63,42106600.0,2019-04-17
6092.21,6143.15,6057.16,6073.65,-0.41,17990400.0,2019-04-18
6097.54,6127.65,6090.7,6095.89,0.37,20561000.0,2019-04-21
6145.78,6326.31,6113.73,6250.19,2.53,64239200.0,2019-04-22
6254.27,6285.7,6180.19,6227.97,-0.36,31510300.0,2019-04-23
6256.07,6283.28,6219.08,6239.43,0.18,22025600.0,2019-04-24
6247.71,6363.82,6247.71,6329.34,1.44,54373100.0,2019-04-25
6415.51,6958.73,6415.51,6958.73,9.94,142724992.0,2019-04-28
7158.26,7242.33,6959.4,7089.45,1.88,258904992.0,2019-04-29
7100.79,7153.43,6887.63,6887.63,-2.85,202110000.0,2019-04-30
6939.21,6940.75,6763.79,6868.95,-0.27,53083100.0,2019-05-02
6867.11,6867.11,6741.93,6741.93,-1.85,42592100.0,2019-05-05
6761.77,6817.63,6662.6,6817.63,1.12,41724800.0,2019-05-06
6837.79,6930.14,6799.39,6818.7,0.02,23906300.0,2019-05-07
6827.0,6835.16,6764.53,6818.53,0.0,25038100.0,2019-05-08
6801.52,6841.37,6764.65,6764.65,-0.79,28109800.0,2019-05-09
6771.07,6812.62,6719.69,6754.61,-0.15,47249300.0,2019-05-12
6756.36,6814.39,6728.53,6741.56,-0.19,35607800.0,2019-05-13
6741.68,6845.25,6741.68,6784.63,0.64,46902700.0,2019-05-14
6788.13,6821.24,6765.33,6766.79,-0.26,39547600.0,2019-05-15
6761.12,6787.63,6744.15,6754.39,-0.18,33052100.0,2019-05-16
6759.91,6796.2,6680.86,6694.66,-0.88,32321800.0,2019-05-19
6692.91,6692.91,6591.36,6609.22,-1.28,30211000.0,2019-05-20
6608.18,6651.22,6585.09,6651.22,0.64,33495300.0,2019-05-21
6642.72,6724.22,6642.72,6694.81,0.66,33809000.0,2019-05-22
6701.23,6715.98,6636.95,6650.28,-0.67,32190400.0,2019-05-23
6658.58,6660.91,6589.28,6612.27,-0.57,25800500.0,2019-05-26
6610.73,6614.07,6568.96,6583.65,-0.43,24033500.0,2019-05-27
6546.8,6621.44,6546.8,6580.37,-0.05,31964800.0,2019-05-28
6609.66,6609.66,6510.67,6520.13,-0.92,37668100.0,2019-05-29
6665.3,6861.28,6529.67,6529.67,0.15,57110900.0,2019-05-30
6552.02,6596.95,6464.74,6470.3,-0.91,20645300.0,2019-06-02
6502.71,6559.68,6401.02,6415.57,-0.85,20943400.0,2019-06-03
6441.78,6442.52,6331.53,6389.62,-0.4,27933800.0,2019-06-04
6348.52,6353.7,6291.83,6304.38,-1.33,17240200.0,2019-06-06
6327.3,6426.81,6241.95,6241.95,-0.99,29863000.0,2019-06-10
6241.47,6308.04,6229.36,6240.85,-0.02,22858500.0,2019-06-11
6248.11,6248.11,6195.72,6213.51,-0.44,20204500.0,2019-06-12
6238.17,6238.17,6190.1,6198.79,-0.24,16830900.0,2019-06-13
6181.79,6191.82,6159.89,6163.34,-0.57,15582800.0,2019-06-16
6177.72,6181.59,6107.15,6144.5,-0.31,18329100.0,2019-06-17
6147.33,6165.43,6094.08,6094.08,-0.82,12265800.0,2019-06-18
6111.09,6121.09,6084.43,6108.32,0.23,15694200.0,2019-06-19
6119.66,6138.36,6094.03,6111.9,0.06,13611300.0,2019-06-20
6106.38,6106.38,6023.5,6038.02,-1.21,20805500.0,2019-06-23
6032.79,6048.78,6018.28,6037.62,-0.01,12133300.0,2019-06-24
6031.95,6058.65,6026.28,6037.92,0.0,9444050.0,2019-06-25
6034.05,6034.05,5995.31,6026.74,-0.19,13222100.0,2019-06-26
6021.07,6039.5,5998.73,6004.0,-0.38,15235600.0,2019-06-27
6005.55,6049.6,5924.74,5945.71,-0.97,10301200.0,2019-06-30
5932.2,5951.55,5895.02,5951.55,0.1,12853200.0,2019-07-01
5960.2,6036.09,5941.58,6036.09,1.42,16187500.0,2019-07-02
6030.86,6165.66,6023.03,6131.02,1.57,19842900.0,2019-07-03
6127.63,6134.82,6077.05,6077.05,-0.88,16201200.0,2019-07-04
6091.22,6091.22,6023.85,6026.81,-0.83,9612150.0,2019-07-07
6023.13,6023.13,5962.73,5962.73,-1.06,10955400.0,2019-07-08
5987.39,6022.74,5966.57,5986.84,0.4,27670900.0,2019-07-09
5964.17,6036.46,5963.32,5988.29,0.02,23752200.0,2019-07-10
5996.77,6005.65,5950.94,5963.89,-0.41,27886600.0,2019-07-11
5988.56,6025.62,5964.69,5996.41,0.55,22780400.0,2019-07-14
5993.58,6022.34,5979.05,6016.96,0.34,30062400.0,2019-07-15
6231.37,6231.37,5970.27,6018.68,0.03,21512500.0,2019-07-16
6022.37,6075.56,6022.37,6068.37,0.83,36241400.0,2019-07-17
6063.19,6097.61,6040.71,6040.71,-0.46,37349700.0,2019-07-18
6054.88,6056.19,5977.34,6003.37,-0.62,23864300.0,2019-07-21
6004.14,6012.72,5978.99,5996.97,-0.11,40376200.0,2019-07-22
5999.05,6032.12,5960.68,6002.16,0.09,30699100.0,2019-07-23
6009.42,6026.45,5981.65,6010.37,0.14,50127300.0,2019-07-24
6024.75,6024.75,5939.67,5956.83,-0.89,20381100.0,2019-07-25
5950.94,5950.94,5842.82,5849.94,-1.79,20669700.0,2019-07-28
5852.78,5886.95,5831.94,5834.15,-0.27,24231600.0,2019-07-29
5851.15,5876.85,5826.94,5826.94,-0.12,18300100.0,2019-07-30
5821.27,5875.45,5808.96,5873.44,0.8,9842230.0,2019-07-31
5876.27,5899.55,5866.72,5894.31,0.36,13577700.0,2019-08-01
5901.68,5906.81,5844.36,5871.24,-0.39,15493200.0,2019-08-04
5873.86,5885.75,5846.42,5849.41,-0.37,23041400.0,2019-08-05
5856.77,5862.0,5830.84,5843.3,-0.1,15515300.0,2019-08-06
5800.78,5881.89,5800.78,5869.33,0.45,23470100.0,2019-08-07
5871.26,5882.99,5828.46,5842.77,-0.45,12706900.0,2019-08-08
5846.04,5846.04,5796.05,5805.11,-0.64,22336100.0,2019-08-11
5810.34,5824.72,5791.69,5824.72,0.34,22116600.0,2019-08-12
5820.8,5865.71,5777.87,5805.33,-0.33,20324200.0,2019-08-13
5811.42,5811.42,5752.04,5783.27,-0.38,10656600.0,2019-08-14
5794.52,5803.71,5767.0,5802.69,0.34,13415200.0,2019-08-15
5796.52,5819.19,5715.28,5715.28,-1.51,13716000.0,2019-08-18
5720.9,5761.92,5683.26,5759.6,0.78,11467000.0,2019-08-19
5765.22,5769.54,5690.29,5703.44,-0.98,9513030.0,2019-08-20
5700.63,5707.9,5670.26,5696.66,-0.12,6790480.0,2019-08-21
5682.6,5751.72,5676.97,5702.96,0.11,6081730.0,2019-08-22
5710.26,5710.26,5619.83,5651.89,-0.9,26615900.0,2019-08-25
5652.37,5652.37,5531.93,5583.85,-1.2,17482200.0,2019-08-26
5589.37,5630.14,5568.09,5599.15,0.27,10522200.0,2019-08-27
5630.08,5630.08,5522.23,5542.03,-1.02,10762500.0,2019-08-28
5542.94,5542.94,5476.89,5491.79,-0.91,21782300.0,2019-08-29
5480.54,5489.32,5323.65,5348.3,-2.61,30188400.0,2019-09-01
5331.43,5341.13,5238.87,5252.62,-1.79,36945600.0,2019-09-02
5247.47,5398.12,5149.46,5398.12,2.77,35329100.0,2019-09-03
5419.13,5433.21,5324.77,5406.5,0.16,27575000.0,2019-09-04
5402.09,5407.61,5351.03,5388.43,-0.33,24625700.0,2019-09-05
5395.74,5395.74,5259.87,5302.99,-1.59,21770000.0,2019-09-08
5308.61,5323.73,5208.54,5238.39,-1.22,17952700.0,2019-09-09
5241.75,5242.85,5169.9,5212.18,-0.5,19311900.0,2019-09-10
5217.8,5232.41,5144.43,5180.71,-0.6,19599800.0,2019-09-11
5177.06,5177.06,5101.37,5146.85,-0.65,17140000.0,2019-09-12
5160.91,5160.91,5038.42,5080.77,-1.28,25242200.0,2019-09-15
5069.52,5069.52,4934.25,4949.15,-2.59,26162900.0,2019-09-16
4951.97,5058.2,4951.97,5052.09,2.08,40874500.0,2019-09-17
5082.39,5260.47,5061.0,5232.68,3.57,36214700.0,2019-09-18
5223.99,5294.36,5094.46,5118.39,-2.18,29353100.0,2019-09-19
5104.33,5119.35,4970.84,5037.51,-1.58,15727600.0,2019-09-22
5040.33,5125.21,5026.27,5054.11,0.33,10809800.0,2019-09-23
5058.22,5058.22,4982.13,4989.24,-1.28,10727300.0,2019-09-24
4985.88,4989.72,4963.35,4986.16,-0.06,9471700.0,2019-09-25
4991.31,5015.59,4965.69,4992.43,0.13,11325600.0,2019-09-26
5006.28,5006.28,4943.93,4969.89,-0.45,22590700.0,2019-09-29
4969.89,5041.75,4959.13,5041.75,1.45,10631500.0,2019-09-30
5041.75,5081.12,5019.43,5058.36,0.33,11515500.0,2019-10-01
5072.21,5072.21,4994.64,5004.36,-1.07,12934200.0,2019-10-02
5009.87,5053.87,5000.64,5053.87,0.99,9720510.0,2019-10-03
5053.87,5074.37,4995.43,5008.74,-0.89,2208710.0,2019-10-10
5012.85,5032.2,4965.27,4971.64,-0.74,16307400.0,2019-10-14
4976.26,5002.8,4957.85,5002.8,0.63,12992000.0,2019-10-15
5007.94,5007.94,4965.07,4991.99,-0.22,17615800.0,2019-10-16
4991.99,5007.59,4984.98,5005.06,0.26,8921030.0,2019-10-17
5007.87,5010.0,4971.25,4981.69,-0.47,11005400.0,2019-10-20
4987.31,5051.86,4973.46,5004.19,0.45,9734200.0,2019-10-21
4973.26,5030.84,4973.26,5023.25,0.38,8049950.0,2019-10-22
5022.22,5090.34,4983.44,5071.53,0.96,11390100.0,2019-10-23
5077.68,5158.94,5075.52,5093.04,0.42,12513000.0,2019-10-24
5087.9,5113.21,5049.14,5064.58,-0.56,6842720.0,2019-10-31
5064.58,5073.02,5031.52,5038.51,-0.51,10617300.0,2019-11-03
5024.45,5041.54,4978.48,5041.54,0.06,8161320.0,2019-11-04
5041.54,5043.87,5016.15,5026.57,-0.3,5222260.0,2019-11-05
5028.98,5053.67,5020.67,5047.95,0.43,6053040.0,2019-11-06
5045.14,5046.1,4992.0,5007.84,-0.79,9745820.0,2019-11-07
4968.47,4991.93,4956.61,4968.47,-0.79,7343360.0,2019-11-10
4971.28,5061.75,4967.78,5047.49,1.59,7137780.0,2019-11-11
5039.05,5066.82,5023.73,5042.24,-0.1,10574200.0,2019-11-12
5087.23,5087.23,4980.53,5001.6,-0.81,7444380.0,2019-11-13
4998.79,5015.19,4964.43,5015.19,0.27,12027500.0,2019-11-14
5003.94,5009.71,4967.86,5002.03,-0.26,8781480.0,2019-11-17
5002.03,5031.3,4981.92,5031.3,0.59,8967090.0,2019-11-18
5031.3,5031.3,4982.68,5006.2,-0.5,5423050.0,2019-11-19
5002.08,5094.55,4945.92,4975.83,-0.61,21226000.0,2019-11-20
4975.83,4993.73,4913.96,4955.24,-0.41,11554100.0,2019-11-21
4946.8,4955.24,4853.38,4907.16,-0.97,14639300.0,2019-11-24
4884.66,4886.23,4814.83,4883.0,-0.49,7811700.0,2019-11-25
4885.05,4885.39,4857.06,4874.53,-0.17,12570400.0,2019-11-26
4874.53,4940.95,4863.29,4934.72,1.06,6985240.0,2019-11-27
4934.72,4976.97,4925.05,4952.84,0.37,13285600.0,2019-11-28
4952.84,5096.76,4909.53,5082.2,2.61,19867000.0,2019-12-01
5104.7,5104.7,4989.84,5018.19,-1.26,16862100.0,2019-12-02
5024.36,5140.27,5022.64,5081.98,1.27,20086400.0,2019-12-03
5081.98,5333.26,5081.98,5224.89,2.81,41825300.0,2019-12-04
5210.82,5398.63,5210.82,5378.1,2.93,62261400.0,2019-12-05
5369.66,5390.85,5238.24,5366.45,-0.22,26374100.0,2019-12-08
5378.31,5473.35,5366.52,5427.43,1.14,41131500.0,2019-12-09
5427.43,5489.53,5353.91,5436.57,0.17,30278800.0,2019-12-10
5460.37,5543.13,5396.11,5515.86,1.46,28685900.0,2019-12-11
5520.27,5855.03,5510.67,5794.55,4.91,107756000.0,2019-12-12
5794.55,5808.42,5642.63,5642.63,-2.62,70602800.0,2019-12-15
5649.82,5657.01,5493.42,5506.1,-2.42,37654000.0,2019-12-16
5551.09,5583.7,5475.17,5552.68,0.85,32536500.0,2019-12-17
5600.49,5615.07,5486.28,5530.31,-0.4,22785300.0,2019-12-18
5524.69,5590.8,5457.18,5488.31,-0.76,32411300.0,2019-12-19
5485.0,5493.44,5443.04,5444.54,-0.8,27115100.0,2019-12-22
5450.05,5665.75,5430.48,5615.42,3.14,42926800.0,2019-12-23
5620.94,5640.07,5555.75,5575.08,-0.72,43502000.0,2019-12-24
5577.9,5729.73,5573.4,5644.78,1.25,57701800.0,2019-12-25
5644.78,5702.54,5611.04,5661.34,0.29,49294200.0,2019-12-26
5675.4,5774.42,5675.4,5742.05,1.43,68369900.0,2019-12-29
5638.0,6011.42,5638.0,5998.58,4.47,180245000.0,2019-12-30
6015.12,6071.91,5918.8,5993.78,-0.08,114639000.0,2019-12-31
6010.32,6025.31,5911.42,5911.42,-1.37,49713200.0,2020-01-01
5890.76,5900.86,5844.14,5862.58,-0.83,50458200.0,2020-01-02
5865.66,6003.87,5865.66,5946.26,1.43,63193400.0,2020-01-05
5988.44,6016.92,5948.17,5958.39,0.2,49217400.0,2020-01-06
5927.46,6010.01,5919.24,5959.44,0.02,54200000.0,2020-01-07
5963.55,6015.64,5940.77,5948.33,-0.19,46633300.0,2020-01-08
5959.58,5995.72,5939.48,5967.44,0.32,37997700.0,2020-01-09
6009.63,6376.71,6009.63,6376.71,6.86,151597000.0,2020-01-12
6383.33,6563.23,6350.84,6428.78,0.82,165982000.0,2020-01-13
6454.09,6464.06,6306.83,6377.12,-0.8,78567200.0,2020-01-14
6370.5,6462.79,6368.97,6458.18,1.27,67775400.0,2020-01-15
6481.16,6694.22,6481.16,6700.76,3.76,126616000.0,2020-01-16
6750.39,7159.83,6750.39,7104.01,6.02,235094000.0,2020-01-19
7111.72,7193.25,6829.71,6949.35,-2.18,279708000.0,2020-01-20
6955.12,7143.5,6817.23,7010.82,0.88,228142000.0,2020-01-21
7017.07,7272.97,6972.28,7173.56,2.32,294346000.0,2020-01-22
7183.85,7408.34,7143.74,7214.45,0.57,369201000.0,2020-01-23
7215.55,7229.61,7075.72,7089.45,-1.73,195420000.0,2020-01-26
7052.9,7263.49,7029.73,7263.49,2.45,201397000.0,2020-01-27
7294.41,7478.54,7294.41,7422.77,2.19,281422000.0,2020-01-28
7413.95,7498.29,7370.76,7389.9,-0.44,146237000.0,2020-01-29
7416.64,7674.33,7405.61,7558.53,2.28,462297000.0,2020-01-30
7578.38,7681.52,7515.9,7557.44,2.28,307464000.0,2020-02-02
7567.71,7582.73,7472.64,7514.64,-0.57,141113000.0,2020-02-03
7512.43,7590.88,7414.7,7438.02,-1.02,177112000.0,2020-02-04
7451.95,7506.96,7421.07,7476.28,0.51,158115000.0,2020-02-05
7496.69,7574.08,7465.9,7500.16,0.32,190580000.0,2020-02-06
7513.19,7519.64,7380.48,7424.3,-1.01,109639000.0,2020-02-09
7429.58,7504.77,7376.21,7422.81,-0.02,76749900.0,2020-02-10
7442.66,7579.96,7442.66,7476.07,0.72,121565000.0,2020-02-11
7488.25,7574.09,7488.25,7534.46,0.78,140513000.0,2020-02-12
7541.66,7672.33,7541.66,7637.19,1.36,234500000.0,2020-02-13
7638.63,8035.88,7638.63,8035.88,5.22,359741000.0,2020-02-16
8058.38,8363.04,8058.38,8153.6,1.46,340621000.0,2020-02-17
8164.63,8217.81,7991.53,8107.67,-0.57,228707000.0,2020-02-18
8166.24,8182.69,8038.02,8088.25,-0.24,115787000.0,2020-02-19
8090.46,8525.1,8090.46,8473.64,4.76,338308000.0,2020-02-20
8473.64,8795.76,8466.96,8666.0,2.27,359729000.0,2020-02-23
8702.51,8785.64,8623.34,8661.26,-0.05,281255000.0,2020-02-24
8551.59,9392.4,8551.59,9334.76,7.78,448689000.0,2020-02-25
9402.25,9938.8,9402.25,9905.94,6.12,667014000.0,2020-02-26
9945.86,9993.55,9485.12,9741.31,-1.97,725718000.0,2020-02-27
9771.08,9771.08,9266.69,9266.69,-4.87,604745000.0,2020-03-01
9295.36,9295.36,8568.98,8576.39,-7.45,325760000.0,2020-03-02
8444.62,8987.56,8183.91,8765.69,2.21,702160000.0,2020-03-03
8825.62,8880.2,8265.53,8308.73,-5.21,532465000.0,2020-03-04
8361.55,8541.47,8183.27,8386.57,0.94,543933000.0,2020-03-05
8415.07,8415.07,7623.65,7623.65,-9.1,139404000.0,2020-03-10
7833.99,8134.63,7649.33,8134.63,6.7,374497000.0,2020-03-11
8221.33,8274.99,7818.97,7897.32,-2.92,345744000.0,2020-03-12
7809.09,7809.09,7275.44,7275.44,-7.87,316615000.0,2020-03-15
7227.84,7450.53,7101.11,7324.22,0.67,262629000.0,2020-03-16
7346.59,7375.63,6872.07,6897.74,-5.82,161261000.0,2020-03-17
6907.95,7053.22,6584.21,6760.68,-1.99,168915000.0,2020-03-18
6631.96,7032.49,6531.27,6901.18,2.08,213141000.0,2020-03-19
6842.47,7000.08,6660.27,6797.2,-1.51,38830700.0,2020-03-22
6730.65,6730.65,6639.42,6639.42,-2.32,561150.0,2020-05-12
6630.22,6630.22,6509.45,6509.45,-1.96,93660.0,2020-05-13
6495.34,6912.36,5994.09,6747.07,3.65,44659900.0,2020-06-29
6800.19,7382.04,6800.19,7382.04,9.41,45775800.0,2020-06-30
7530.7,7930.57,7530.7,7930.57,7.43,82213400.0,2020-07-01
8016.55,8071.2,7321.96,7321.96,-7.67,84757600.0,2020-07-02
7282.81,7746.6,7282.81,7534.52,2.9,151629000.0,2020-07-05
7501.86,7801.01,7471.29,7800.95,3.54,148594000.0,2020-07-06
7812.2,8115.9,7812.2,7999.33,2.54,173066000.0,2020-07-07
8046.86,8122.21,7855.29,7939.04,-0.75,117985000.0,2020-07-08
7936.25,8054.09,7862.2,8007.37,0.86,150818000.0,2020-07-09
8066.16,8236.82,8066.16,8204.62,2.46,219996000.0,2020-07-12
8204.62,8310.28,8130.14,8150.17,-0.66,145348000.0,2020-07-13
8197.7,8197.7,8101.73,8130.74,-0.24,100293000.0,2020-07-14
8143.01,8215.67,8085.19,8087.33,-0.53,99836300.0,2020-07-15
8146.05,8218.48,8134.86,8218.48,1.62,72166100.0,2020-07-16
8381.31,8767.14,8381.31,8767.14,6.68,2544600.0,2020-07-19
9217.8,9223.35,8493.03,8578.49,-2.2,272481000.0,2020-07-20
8601.41,8663.27,8467.74,8469.37,-1.27,167266000.0,2020-07-21
8489.76,8589.97,8391.41,8397.77,-0.85,155237000.0,2020-07-22
8341.85,8549.63,8341.85,8552.44,1.84,158731000.0,2020-07-23
8739.77,8902.0,8642.53,8891.24,3.96,389937000.0,2020-07-26
9013.3,9041.26,8757.66,8802.47,-1.0,287915000.0,2020-07-27
8802.47,8867.45,8721.58,8751.96,-0.57,166466000.0,2020-07-28
8715.14,8754.35,8554.91,8561.14,-2.18,203752000.0,2020-07-29
8608.67,8675.78,8462.21,8616.63,0.65,156386000.0,2020-07-30
8616.63,8616.63,8338.3,8332.83,-3.29,247703000.0,2020-08-02
8268.53,8469.86,8264.64,8391.58,0.7,116594000.0,2020-08-03
8256.9,8283.54,8154.48,8279.74,0.62,133179000.0,2020-08-06
8352.43,8409.29,8179.78,8409.29,1.56,120746000.0,2020-08-09
8420.48,8640.89,8405.82,8632.45,2.65,218016000.0,2020-08-10
8654.37,8708.5,8518.45,8609.31,-0.27,160066000.0,2020-08-11
8631.45,8666.46,8549.75,8616.08,0.08,112475000.0,2020-08-12
8803.41,8803.41,8499.91,8516.57,-1.16,138612000.0,2020-08-13
8513.77,8513.77,8385.57,8439.69,-0.9,129568000.0,2020-08-16
8439.69,8555.28,8419.38,8545.93,1.26,90203000.0,2020-08-17
8596.46,8624.44,8542.34,8599.99,0.63,148416000.0,2020-08-18
8480.05,8533.71,8423.9,8463.4,-1.59,100188000.0,2020-08-19
8472.07,8540.54,8472.07,8520.22,0.67,25347000.0,2020-08-20
8528.99,8711.72,8485.6,8694.06,2.04,154693000.0,2020-08-23
8719.28,8859.46,8709.41,8856.93,1.87,292906000.0,2020-08-24
8929.41,9043.32,8805.65,9008.66,1.71,341794000.0,2020-08-25
9021.3,9110.74,8990.69,8990.69,-0.2,458887000.0,2020-08-26
8990.69,9102.12,8948.0,9001.74,0.12,270680000.0,2020-08-27
9001.74,9048.06,8885.73,9048.06,0.51,208169000.0,2020-08-30
9049.16,9378.34,9029.18,9308.39,2.88,629281000.0,2020-08-31
9415.97,9471.07,9209.99,9219.71,-0.95,712468000.0,2020-09-02
9255.78,9329.34,9113.94,9235.03,0.17,303892000.0,2020-09-03
9438.7,9438.7,9144.25,9208.69,-0.29,263166000.0,2020-09-06
9225.88,9253.0,9076.69,9116.15,-1.01,216755000.0,2020-09-07
9057.43,9205.42,9057.43,9164.74,0.53,176573000.0,2020-09-08
9201.35,9372.11,9176.87,9331.52,1.82,341538000.0,2020-09-09
9364.99,9599.62,9357.47,9536.04,2.19,389190000.0,2020-09-10
9548.33,9819.92,9548.33,9819.92,2.98,546945000.0,2020-09-13
9938.98,9976.09,9731.68,9740.6,-0.81,424446000.0,2020-09-14
9765.18,9816.36,9690.59,9757.93,0.18,223887000.0,2020-09-15
9785.59,9854.94,9772.52,9830.07,0.74,252409000.0,2020-09-16
9860.81,9956.32,9846.39,9879.95,0.51,325421000.0,2020-09-17
10160.1,10160.09,9823.69,9823.69,-0.57,332609000.0,2020-09-20
9823.69,9873.52,9728.87,9755.85,-0.69,292382000.0,2020-09-21
9750.73,9801.59,9599.64,9646.38,-1.12,271890000.0,2020-09-22
9562.62,9741.05,9562.62,9741.05,0.98,168689000.0,2020-09-23
9709.29,9761.0,9678.9,9696.95,-0.45,143885000.0,2020-09-24
9692.74,9762.43,9608.86,9613.36,-0.86,159629000.0,2020-09-27
9613.36,9616.89,9546.5,9560.45,-0.55,125028000.0,2020-09-28
9587.01,9587.01,9501.47,9517.5,-0.45,133374000.0,2020-09-29
9515.45,9526.25,9439.35,9481.8,-0.38,149664000.0,2020-09-30
9475.65,9656.68,9475.65,9639.13,1.66,212058000.0,2020-10-01
9702.82,9754.56,9668.33,9684.16,0.47,186990000.0,2020-10-04
9689.28,9698.92,9602.82,9602.82,-0.84,140187000.0,2020-10-05
9607.94,9629.74,9566.05,9577.02,-0.27,119067000.0,2020-10-06
9518.78,9654.34,9518.78,9594.69,0.18,148146000.0,2020-10-07
9804.35,9804.35,9554.45,9570.53,-0.25,152134000.0,2020-10-08
9565.4,9687.5,9548.48,9559.81,-0.11,178580000.0,2020-10-11
9594.67,9594.67,9501.95,9531.44,-0.3,126609000.0,2020-10-12
9541.52,9556.43,9479.53,9492.5,-0.41,92425300.0,2020-10-13
9476.28,9537.04,9454.32,9459.0,-0.35,115500000.0,2020-10-14
9621.48,9668.62,9436.4,9442.2,-0.18,122405000.0,2020-10-15
9454.49,9454.49,9391.58,9423.21,-0.2,68615800.0,2020-10-18
9421.16,9508.08,9418.09,9473.81,0.54,66685600.0,2020-10-19
9487.54,9551.92,9472.93,9551.92,0.82,72198000.0,2020-10-20
9551.92,9616.66,9551.92,9609.86,0.61,87930300.0,2020-10-21
9609.86,9639.36,9565.22,9599.77,-0.11,105665000.0,2020-10-22
9544.12,9710.44,9539.0,9710.44,1.15,97151900.0,2020-10-28
9927.62,9927.62,9692.3,9719.31,0.09,99591500.0,2020-10-29
9753.92,9766.7,9700.59,9711.85,-0.08,91600200.0,2020-11-01
9711.85,9764.59,9687.32,9702.45,-0.1,123184000.0,2020-11-02
9694.54,9737.6,9677.56,9716.45,0.14,162480000.0,2020-11-03
9717.48,9739.58,9676.76,9703.78,-0.13,149284000.0,2020-11-04
9726.21,9726.21,9683.72,9705.13,0.01,173620000.0,2020-11-05
9811.14,9811.14,9686.55,9792.06,0.9,227020000.0,2020-11-08
9807.06,9899.61,9774.87,9774.87,-0.18,303377000.0,2020-11-09
9808.43,10326.14,9798.29,10251.22,4.87,810607000.0,2020-11-10
10264.89,10387.3,10190.71,10258.26,0.07,475602000.0,2020-11-11
10323.74,10380.05,10218.8,10229.34,-0.28,377819000.0,2020-11-12
10304.08,10761.89,10304.08,10750.71,5.1,626722000.0,2020-11-18
10763.14,11224.26,10763.14,11126.86,3.5,825134000.0,2020-11-19
11103.32,11319.33,10703.62,10848.05,-2.51,768329000.0,2020-11-22
11065.22,11065.22,10622.31,10665.65,-1.68,435644000.0,2020-11-23
10665.65,10957.57,10593.26,10914.17,2.33,580564000.0,2020-11-24
10921.34,11158.15,10921.34,11104.6,1.74,551094000.0,2020-11-25
11119.79,11188.14,10919.02,10970.28,-1.21,635290000.0,2020-11-26
11041.13,11218.01,10962.53,11216.03,2.24,765851000.0,2020-11-29
11229.79,12039.38,11212.76,12039.38,7.34,1005410000.0,2020-11-30
12071.14,12438.39,11977.72,12256.22,1.8,900598000.0,2020-12-01
12290.02,12919.37,12290.02,12864.95,4.97,1070060000.0,2020-12-02
13009.32,13143.47,12509.97,12606.69,-2.01,928063000.0,2020-12-03
12385.13,12438.36,11565.88,11565.88,-8.26,964639000.0,2020-12-06
11529.6,12264.69,11529.6,12264.69,6.04,874417000.0,2020-12-07
12344.46,12485.04,11954.32,12144.03,-0.98,681674000.0,2020-12-08
12175.79,12261.32,11834.31,11873.57,-2.23,485696000.0,2020-12-09
11875.53,12187.81,11745.14,12079.86,1.74,600695000.0,2020-12-10
12196.05,12636.62,12121.58,12608.3,4.37,946978000.0,2020-12-13
12782.57,13658.63,12782.57,13641.42,8.19,1692840000.0,2020-12-14
14072.64,14182.07,13543.44,13693.21,0.38,1115220000.0,2020-12-15
13732.11,13772.33,13435.81,13532.36,-1.17,587668000.0,2020-12-16
13626.73,13626.73,13163.33,13258.09,-2.03,1099830000.0,2020-12-17
13271.5,13271.5,12547.4,12547.4,-5.05,1609660000.0,2020-12-20
12469.69,12863.34,12247.04,12791.03,1.61,1097290000.0,2020-12-21
12938.33,13764.13,12938.33,13741.98,7.43,1302510000.0,2020-12-22
14265.8,14750.27,14086.51,14136.05,2.87,2324040000.0,2020-12-23
14508.65,14508.65,13609.9,13704.18,-3.06,992557000.0,2020-12-24
13757.8,13757.8,13180.95,13184.7,-3.79,1004070000.0,2020-12-27
13212.56,13334.27,12985.31,13215.39,0.22,550434000.0,2020-12-28
13246.97,13356.9,13125.86,13145.38,-0.53,419663000.0,2020-12-29
13188.35,13301.15,13134.59,13298.82,1.17,486907000.0,2020-12-30
13485.0,13568.36,13317.59,13471.54,1.3,696696000.0,2020-12-31
13554.27,14073.36,13548.0,14022.48,4.09,861427000.0,2021-01-03
14288.55,14378.92,13786.25,13946.09,-0.54,748519000.0,2021-01-04
13952.85,14014.19,13808.24,13899.42,-0.33,457955000.0,2021-01-05
14179.58,14179.58,13875.35,13924.25,0.18,406395000.0,2021-01-06
13904.82,14073.16,13904.82,13963.11,0.28,543393000.0,2021-01-07
13996.79,14116.54,13925.69,13945.95,-0.12,388551000.0,2021-01-10
13989.01,14114.62,13989.01,14107.23,1.16,472273000.0,2021-01-11
13665.49,14483.23,13665.49,14483.23,2.67,651993000.0,2021-01-12
14509.72,14774.8,14508.23,14653.01,1.17,564156000.0,2021-01-13
14674.15,14912.42,14674.15,14875.03,1.51,494741000.0,2021-01-17
15039.88,15130.31,14908.88,15074.5,1.34,721310000.0,2021-01-18
15454.51,15699.37,15183.47,15610.17,3.55,1262950000.0,2021-01-19
16009.7,16339.54,15832.34,16339.54,4.67,931638000.0,2021-01-20
16522.18,16903.39,16405.6,16782.97,2.71,1165790000.0,2021-01-21
16941.06,17139.75,16863.37,16948.65,0.99,1500480000.0,2021-01-24
17031.69,17185.71,16803.85,16860.07,-0.52,1257360000.0,2021-01-25
16985.02,17101.19,16779.48,16818.98,-0.24,1892450000.0,2021-01-26
17257.66,17870.15,17235.65,17870.15,6.25,1562830000.0,2021-01-27
18344.55,18484.33,17740.56,17827.69,-0.24,1399800000.0,2021-01-28
17887.37,17887.37,17367.31,17367.31,-2.58,1503250000.0,2021-01-31
17576.84,17844.46,17479.51,17741.57,2.18,1052610000.0,2021-02-01
18232.09,18335.8,17941.62,18335.8,3.35,1189970000.0,2021-02-02
18520.33,18758.81,18064.57,18138.74,-1.07,1183910000.0,2021-02-03
18375.93,18375.93,17862.82,18077.88,-0.38,793632000.0,2021-02-04
18107.19,18649.98,18098.46,18649.98,3.16,1212180000.0,2021-02-07
18705.66,19303.34,18705.66,18861.35,1.13,1145140000.0,2021-02-08
18915.47,19026.26,18511.99,18587.32,-1.45,737114000.0,2021-02-09
18746.79,18746.79,18484.01,18512.93,-0.62,560374000.0,2021-02-10
18878.18,18878.18,18248.09,18298.53,-1.16,712989000.0,2021-02-11
18327.52,18531.86,17977.74,18061.88,-1.27,561821000.0,2021-02-14
18517.1,18789.83,18313.71,18759.79,3.86,1004570000.0,2021-02-15
18902.89,18982.6,18579.75,18705.68,-0.29,855609000.0,2021-02-16
19057.01,19057.01,18515.9,18560.84,-0.77,534760000.0,2021-02-17
18509.06,18577.9,18344.11,18451.12,-0.59,649895000.0,2021-02-18
18647.33,18759.41,18060.08,18089.65,-1.96,537939000.0,2021-02-21
18105.19,18160.19,17693.14,17738.32,-1.94,765376000.0,2021-02-22
17686.94,17718.12,17114.01,17718.12,-0.11,748761000.0,2021-02-23
17720.14,18310.45,17720.14,17899.0,1.02,530464000.0,2021-02-24
17985.97,18019.41,17531.11,17599.22,-1.67,403049000.0,2021-02-25
17607.13,17607.13,16974.42,16974.42,-3.55,729117000.0,2021-02-28
16974.42,17440.32,16683.71,17333.59,2.12,553976000.0,2021-03-01
17333.59,17430.27,16609.1,16813.92,-3.0,751343000.0,2021-03-02
16779.14,16813.93,16214.39,16361.39,-2.69,836048000.0,2021-03-03
16361.4,16937.97,16436.02,16933.35,3.5,490979000.0,2021-03-04
16966.83,17078.52,16598.82,16627.03,-1.81,309353000.0,2021-03-07
16745.45,16754.11,16360.47,16425.47,-1.21,265604000.0,2021-03-09
16463.73,16501.51,16211.1,16296.64,-0.78,256025000.0,2021-03-10
16291.81,16335.15,15772.28,15842.75,-2.79,450805000.0,2021-03-14
15808.93,16055.29,15607.64,15721.69,-0.76,300118000.0,2021-03-15
16062.58,16062.58,15542.32,15951.98,1.46,351824000.0,2021-03-16
16024.37,16324.55,15929.38,16324.55,2.34,346151000.0,2021-03-17
16093.93,16740.02,16093.93,16740.02,2.55,322429000.0,2021-03-18
16785.24,17482.79,16785.24,17482.79,4.44,624760000.0,2021-03-21
17844.96,17878.73,17125.63,17166.83,-1.81,486925000.0,2021-03-22
17184.22,17212.05,16944.78,17068.05,-0.58,329828000.0,2021-03-23
17127.31,17291.61,17062.95,17209.27,0.83,304421000.0,2021-03-24
16983.5,17395.15,16968.75,17039.47,-0.99,420125000.0,2021-03-25
16946.09,17101.7,16911.81,17008.82,-0.18,176107000.0,2021-03-29
17042.3,17217.69,17020.94,17194.9,1.09,324997000.0,2021-03-30
17358.52,17493.34,17335.68,17362.85,0.98,313795000.0,2021-03-31
17638.8,17638.8,17268.13,17306.2,-0.33,401461000.0,2021-04-01
17448.83,17528.24,17306.48,17461.01,0.89,493698000.0,2021-04-04
17580.37,17667.08,17327.04,17422.05,-0.22,386633000.0,2021-04-05
17743.3,17743.3,17202.49,17230.63,-1.1,385542000.0,2021-04-06
17237.73,17269.04,16966.39,17123.94,-0.62,342699000.0,2021-04-07
17595.92,17595.92,17108.11,17215.92,0.54,291801000.0,2021-04-08
17258.54,17445.44,17120.39,17413.71,1.15,339793000.0,2021-04-12
17412.77,17549.65,17336.07,17362.43,-0.29,273383000.0,2021-04-13
17444.27,17512.7,17398.44,17408.11,0.26,337433000.0,2021-04-15
17081.28,17533.35,17078.94,17296.49,-0.64,302946000.0,2021-04-18
17667.96,17682.11,17077.1,17166.72,-0.75,271887000.0,2021-04-19
17261.77,17359.43,17089.36,17220.7,0.31,277344000.0,2021-04-20
17259.1,17418.43,16992.02,17075.63,-0.84,337806000.0,2021-04-21
17161.95,17309.62,16953.29,17189.69,0.67,385028000.0,2021-04-22
17187.4,17249.89,16708.6,16729.65,-2.68,756333000.0,2021-04-25
16736.97,16798.03,16262.37,16370.47,-2.15,485748000.0,2021-04-26
16668.9,16930.71,16352.55,16930.71,3.41,378261000.0,2021-04-27
16913.92,17040.34,16572.57,16781.6,-0.88,199290000.0,2021-04-28
16756.36,16945.4,16662.76,16924.48,0.85,212829000.0,2021-04-29
16924.48,17556.66,16907.19,17556.66,3.74,477862000.0,2021-05-02
17679.3,17842.39,17335.5,17469.44,-0.52,418579000.0,2021-05-03
17184.12,17522.61,17184.12,17405.2,-0.37,193554000.0,2021-05-04
17704.11,17704.11,17305.1,17349.96,-0.32,231043000.0,2021-05-05
17368.46,17372.7,17104.98,17110.64,-1.38,339877000.0,2021-05-06
17113.47,17113.47,16946.1,16963.95,-0.86,209317000.0,2021-05-09
16963.95,17147.25,16864.66,17101.77,0.81,166106000.0,2021-05-10
17103.34,17386.92,17084.01,17368.95,1.56,238436000.0,2021-05-11
17660.75,17660.75,17223.69,17302.09,-0.38,179618000.0,2021-05-12
17335.82,17387.45,17261.57,17387.21,0.49,313920000.0,2021-05-13
17391.36,17928.07,17391.36,17915.99,3.04,766321000.0,2021-05-16
17967.57,18229.17,17965.77,18036.27,0.66,800779000.0,2021-05-17
18085.73,18296.24,17962.43,18240.4,1.13,866140000.0,2021-05-18
18440.24,18606.16,18088.54,18213.51,-0.15,1034810000.0,2021-05-19
18649.94,18649.94,18113.72,18134.65,-0.43,585975000.0,2021-05-20
17960.3,18326.07,17723.39,18196.28,0.34,897379000.0,2021-05-23
18317.97,18408.98,18056.49,18140.68,-0.31,800094000.0,2021-05-24
18090.92,18810.27,18074.91,18574.13,2.38,1691330000.0,2021-05-25
18173.74,18554.81,18173.74,18437.77,-0.73,998303000.0,2021-05-27
18418.76,18750.93,18418.76,18533.78,0.52,1378450000.0,2021-05-30
18419.89,18691.23,18148.95,18176.88,-1.93,897573000.0,2021-05-31
18305.68,18305.68,17911.51,18000.21,-0.97,663869000.0,2021-06-01
18141.78,18458.33,17981.89,18401.51,2.08,815485000.0,2021-06-02
18429.14,18664.75,18372.03,18406.63,0.03,945420000.0,2021-06-03
18481.84,18481.84,18277.85,18281.23,-0.68,633672000.0,2021-06-06
18279.26,18405.31,18279.26,18297.27,0.09,571106000.0,2021-06-07
18185.28,18995.77,18185.28,18965.84,3.65,1215130000.0,2021-06-08
19400.88,19465.78,18858.46,18994.96,0.15,1137020000.0,2021-06-09
18984.34,19228.96,18693.55,18723.73,-1.44,730124000.0,2021-06-10
18720.19,18946.3,18576.45,18576.45,-0.79,682122000.0,2021-06-13
18699.01,18700.05,18571.44,18657.66,0.44,678366000.0,2021-06-14
18816.94,18816.94,18587.51,18647.18,-0.06,687617000.0,2021-06-15
18350.09,18532.05,18168.05,18241.35,-2.18,739092000.0,2021-06-16
18241.35,18414.54,18173.32,18256.4,0.08,522880000.0,2021-06-17
18265.04,18283.79,17808.34,17945.45,-1.7,588690000.0,2021-06-20
18004.83,18082.78,17464.72,17494.34,-2.51,606107000.0,2021-06-21
17528.84,17882.2,17398.12,17882.2,2.22,431270000.0,2021-06-22
17901.64,17926.0,17404.1,17494.78,-2.17,332577000.0,2021-06-23
17831.64,17864.07,17221.89,17323.96,-0.82,369595000.0,2021-06-24
17501.24,17501.24,17177.5,17311.0,-0.07,265272000.0,2021-06-27
17315.67,17516.01,17293.58,17338.38,0.08,237099000.0,2021-06-28
17338.38,17405.99,17115.1,17172.4,-0.96,276077000.0,2021-06-29
17136.04,17171.81,16842.84,17059.92,-0.66,292933000.0,2021-06-30
17063.18,17280.19,17018.32,17135.75,0.44,236009000.0,2021-07-01
17184.07,17223.22,17026.95,17090.76,-0.26,174295000.0,2021-07-04
17146.58,17146.58,16931.72,16954.54,-0.8,207419000.0,2021-07-05
17194.31,17194.31,16897.19,16958.95,0.03,195056000.0,2021-07-06
16992.82,17054.84,16851.34,16883.86,-0.44,149940000.0,2021-07-07
16876.99,16972.02,16784.5,16925.88,0.25,222336000.0,2021-07-08
17075.32,17442.85,17061.41,17414.11,2.88,244512000.0,2021-07-11
17454.11,17636.98,17077.17,17159.45,-1.46,275229000.0,2021-07-12
17254.41,17254.41,17040.3,17093.26,-0.39,323220000.0,2021-07-13
17214.02,17218.44,16966.44,17060.64,-0.19,282742000.0,2021-07-14
17091.06,17187.89,16994.44,17017.53,-0.25,332927000.0,2021-07-15
17153.02,17665.98,17129.11,17665.98,3.81,359698000.0,2021-07-18
17814.61,17913.43,17603.25,17720.8,0.3,374913000.0,2021-07-19
17732.05,17745.52,17558.09,17597.18,-0.72,175123000.0,2021-07-20
17766.36,17766.36,17515.11,17558.39,-0.22,324492000.0,2021-07-22
17552.5,17604.53,17501.29,17589.25,0.18,399208000.0,2021-07-25
17607.87,17708.23,17577.35,17661.77,0.39,370518000.0,2021-07-26
17720.4,17921.85,17564.97,17921.85,1.47,450354000.0,2021-07-27
17923.82,18359.39,17888.5,18351.57,2.41,755745000.0,2021-07-28
18355.41,18579.91,18232.65,18272.92,-0.47,585087000.0,2021-07-29
18381.6,18381.6,18044.57,18062.54,-1.15,413532000.0,2021-08-01
18101.25,18101.25,17913.05,17969.79,-0.5,338463000.0,2021-08-02
17985.95,18089.08,17959.49,18089.08,0.66,411669305.0,2021-08-03
18153.54,18195.09,18054.25,18084.89,-0.02,565053000.0,2021-08-04
18105.71,18169.88,18018.73,18031.72,-0.29,418766000.0,2021-08-05
18027.09,18042.63,17876.23,17924.28,-0.56,433981000.0,2021-08-08
17918.26,18016.15,17863.6,17962.14,0.27,373119000.0,2021-08-09
17948.37,18172.28,17939.38,18172.28,1.18,439498000.0,2021-08-10
18175.45,18331.22,18138.48,18182.33,0.06,409674000.0,2021-08-11
18201.59,18296.72,18161.33,18213.37,0.17,536785000.0,2021-08-12
18024.58,18196.19,17836.25,18019.05,-1.05,596795000.0,2021-08-15
18017.57,18050.72,17808.98,17848.16,-0.96,644696000.0,2021-08-16
17848.16,17848.16,17557.06,17596.39,-1.41,671773000.0,2021-08-17
17754.64,17754.64,17527.54,17745.8,0.86,830871000.0,2021-08-18
17821.67,18691.27,17821.67,18222.01,2.64,1309720000.0,2021-08-19
18432.41,18460.3,18056.18,18070.41,-0.79,677125000.0,2021-08-24
18076.68,18108.1,17648.66,17721.94,-1.96,440276000.0,2021-08-25
17730.51,17796.56,17553.66,17577.94,-0.87,471786000.0,2021-08-26
17719.21,17719.21,17217.08,17273.74,-1.73,452268000.0,2021-08-29
17198.83,17198.83,16798.32,16823.64,-2.59,519202000.0,2021-08-31
16813.03,17100.71,16701.16,16898.23,0.44,411168000.0,2021-09-01
16890.49,16890.49,16483.06,16548.47,-2.02,406445000.0,2021-09-02
16523.22,16534.69,15796.79,16029.76,-3.09,522062000.0,2021-09-05
16030.13,16848.15,15984.38,16848.15,5.1,461267000.0,2021-09-06
16846.13,16846.13,16418.53,16545.35,-1.8,293072000.0,2021-09-07
16513.3,16534.32,16117.46,16124.15,-2.55,318273000.0,2021-09-08
16111.81,16388.76,16061.77,16182.49,0.37,287590000.0,2021-09-09
16190.04,16480.21,16172.33,16480.21,1.84,290920000.0,2021-09-12
16482.11,16727.55,16460.35,16566.05,0.52,270800000.0,2021-09-13
16578.5,16645.44,16346.26,16421.37,-0.87,200195000.0,2021-09-14
16449.25,16451.56,16167.91,16246.07,-1.07,378226000.0,2021-09-15
16222.25,16222.25,15651.05,15793.47,-2.79,424933000.0,2021-09-16
15832.71,15845.16,14987.38,14993.41,-5.07,465030000.0,2021-09-20
14982.21,15432.03,14517.91,15193.05,1.33,416927000.0,2021-09-21
15199.66,15744.8,15199.66,15744.8,3.63,324502000.0,2021-09-22
15747.3,16008.08,15513.64,15693.71,-0.32,290365000.0,2021-09-23
15707.71,15741.6,15219.83,15315.88,-2.37,278811000.0,2021-09-26
15311.16,15375.14,14803.7,14885.03,-2.85,280095000.0,2021-09-27
14847.89,14930.96,14331.01,14453.13,-2.9,269127000.0,2021-09-28
14462.87,14704.36,14263.45,14668.51,1.49,206589000.0,2021-09-29
14686.25,14805.72,14467.09,14567.29,-0.69,160142000.0,2021-09-30
14568.36,14568.36,14241.31,14296.22,-1.87,160247000.0,2021-10-03
14274.4,14401.52,14089.89,14301.83,0.04,160968000.0,2021-10-04
14291.83,14657.91,14256.97,14609.49,2.15,159787000.0,2021-10-05
14612.26,14876.82,14610.28,14866.73,1.76,193772000.0,2021-10-06
14962.18,15171.44,14874.35,14940.59,0.5,173373000.0,2021-10-10
14939.14,14967.87,14711.97,14931.34,-0.27,144548000.0,2021-10-11
14909.79,15043.97,14795.31,15043.97,0.75,63027800.0,2021-10-17
15026.99,15026.99,14605.21,14685.96,-2.38,141928000.0,2021-10-18
14647.89,14647.89,14092.79,14262.83,-2.92,167902000.0,2021-10-19
14257.17,14605.96,14257.17,14452.52,1.33,111616000.0,2021-10-20
14485.74,14524.7,14231.38,14347.28,-0.73,101687000.0,2021-10-21
14353.66,14453.33,14308.7,14414.59,0.47,94770400.0,2021-10-24
14527.64,14951.6,14463.51,14951.6,3.73,152594000.0,2021-10-25
14955.75,15451.59,14955.75,15451.59,3.34,277713000.0,2021-10-26
15451.59,15998.5,15207.7,15769.33,2.06,381103422.3,2021-10-27
15769.33,15818.78,15522.53,15681.65,-0.56,219465795.0,2021-10-28
15680.32,15912.95,15570.05,15912.44,1.47,300032591.5,2021-10-31
15906.4,16055.13,15667.29,15796.69,-0.73,244368072.6,2021-11-01
15764.41,15991.41,15509.95,15957.49,1.02,261700575.6,2021-11-02
15963.53,16104.56,15828.56,15907.53,-0.29,214128704.3,2021-11-03
15910.46,16040.71,15742.96,15810.41,-0.63,183646625.1,2021-11-08
15810.41,15831.28,15307.42,15430.58,-2.4,235519306.8,2021-11-09
15430.49,15430.49,15021.29,15114.18,-2.05,187041605.7,2021-11-11
15114.19,15127.77,14878.92,15046.02,-0.45,183699278.0,2021-11-14
14929.47,15238.49,14929.47,15159.26,0.75,205323258.0,2021-11-15
15108.02,15432.59,14984.29,15429.87,1.77,351127565.3,2021-11-16
15489.11,15679.43,15337.59,15345.15,-0.55,566290471.4,2021-11-17
15401.25,15409.19,15089.48,15117.08,-1.49,237250608.7,2021-11-18
15140.79,15140.79,14923.19,14976.58,-0.93,202655668.4,2021-11-21
14976.58,15057.75,14917.65,14969.51,-0.05,182158044.8,2021-11-22
14969.51,14969.51,14632.82,14779.98,-1.27,179410259.0,2021-11-23
14736.16,14791.92,14513.47,14720.21,-0.39,162021485.3,2021-11-24
14698.63,14756.1,14553.57,14696.95,-0.16,211274971.6,2021-11-25
14696.95,14711.17,14062.8,14158.91,-3.66,313864143.6,2021-11-28
14158.91,14309.12,13948.63,14041.87,-0.83,163818449.3,2021-11-29
14041.87,14193.22,13873.91,13972.22,-0.5,145527397.1,2021-11-30
13972.22,14087.05,13930.5,13967.69,-0.03,115420630.0,2021-12-01
13970.74,13976.63,13688.66,13736.86,-1.65,146269220.6,2021-12-02
13736.86,13736.86,13323.1,13364.76,-2.71,163720095.3,2021-12-05
13364.76,13572.74,12964.29,13487.97,0.92,179149204.0,2021-12-06
13487.06,13885.2,13323.03,13417.07,-0.55,135558383.9,2021-12-07
13416.97,13416.97,13076.29,13122.63,-2.19,101893121.4,2021-12-08
13215.35,13215.35,12893.71,13088.19,-0.26,128082789.2,2021-12-09
13088.2,13147.57,12580.58,12580.58,-3.88,181806045.8,2021-12-12
12487.86,12487.86,12042.78,12155.25,-3.38,189535719.8,2021-12-13
12155.25,12821.17,12154.24,12816.94,5.44,80955305.0,2021-12-14
12856.37,13258.39,12599.74,12772.97,-0.34,175771515.3,2021-12-15
12772.97,12772.97,12482.93,12509.75,-2.06,92771253.0,2021-12-16
12520.91,12540.88,12328.11,12403.74,-0.85,90893206.2,2021-12-20
12432.42,12617.35,12412.76,12610.32,1.67,84664703.1,2021-12-21
12614.15,13121.11,12614.15,13113.09,3.99,176313832.8,2021-12-22
13117.5,13386.94,12924.58,13315.57,1.54,222510260.2,2021-12-23
13446.91,14617.88,13446.91,14617.88,9.78,613645590.0,2021-12-26
14840.54,15281.98,14214.49,14322.08,-1.99,673189086.4,2021-12-27
14379.19,14379.19,13917.59,14282.83,-0.27,214346231.6,2021-12-28
14250.15,14350.67,14068.67,14210.87,-0.5,137514806.6,2021-12-29
14339.34,14562.09,14105.49,14555.16,2.42,229031084.0,2022-01-02
14582.3,14776.67,14549.66,14649.03,0.64,298264057.9,2022-01-03
14749.03,14809.55,14477.25,14809.55,1.1,239563819.3,2022-01-04
14907.59,14975.5,14628.95,14752.59,-0.38,261073511.7,2022-01-05
14728.2,14867.13,14644.3,14867.13,0.78,187566672.5,2022-01-06
14897.29,15191.88,14897.29,15162.24,1.99,344205604.1,2022-01-09
15184.15,15402.86,15042.45,15380.44,1.44,514655944.6,2022-01-10
15401.43,16076.97,15306.58,15978.16,3.89,666009270.1,2022-01-11
16062.48,16323.35,15734.57,15789.18,-1.19,511675307.9,2022-01-12
15933.07,16150.31,15778.74,16139.74,2.21,418102306.6,2022-01-13
16250.85,16656.44,16250.85,16529.25,2.41,608499719.2,2022-01-16
16614.84,16687.31,16362.72,16613.41,0.49,532231724.3,2022-01-17
16613.42,16654.62,16323.66,16415.26,-1.19,502606311.5,2022-01-18
16428.28,16522.61,16142.04,16189.39,-1.38,475457772.4,2022-01-19
16170.54,16654.94,16068.2,16654.94,2.86,583030262.1,2022-01-20
16792.29,17018.11,16792.29,16884.9,1.38,873024251.4,2022-01-23
16892.19,16909.92,16208.9,16315.11,-3.37,905657370.4,2022-01-24
16357.59,16659.55,16128.73,16387.27,0.44,814897528.8,2022-01-25
16557.07,16578.62,15958.56,16109.62,-1.69,423618005.7,2022-01-26
16251.29,16321.46,16090.67,16108.3,-0.01,397355355.3,2022-01-27
16319.83,16736.32,16319.83,16656.36,3.4,494621529.8,2022-01-30
16548.62,16852.9,16430.49,16435.04,-1.33,317333807.4,2022-01-31
16435.04,16509.57,16284.81,16419.43,-0.1,347717324.3,2022-02-01
16428.42,16632.81,16181.8,16246.69,-1.05,549533612.3,2022-02-03
16162.98,16162.98,15670.03,15682.16,-3.57,663933937.9,2022-02-06
15709.24,15827.49,15505.2,15807.12,0.8,546846339.6,2022-02-07
15923.82,16163.75,15581.55,15638.58,-1.07,369667808.7,2022-02-08
15645.84,15658.14,15368.79,15489.32,-0.97,291489642.1,2022-02-09
15489.32,15560.21,15286.92,15475.95,-0.09,319924089.3,2022-02-10
15348.75,15348.75,14785.39,14869.53,-3.91,408513504.4,2022-02-13
14849.0,15116.86,14771.71,14922.02,0.35,232228545.6,2022-02-14
14922.02,15109.05,14863.23,15109.05,1.25,203161961.1,2022-02-15
15109.05,15259.78,14955.18,15129.71,0.14,175012807.4,2022-02-16
15129.71,15130.82,14987.38,15075.1,-0.36,144267728.7,2022-02-17
14943.78,14958.03,14663.24,14707.99,-2.44,220077894.9,2022-02-20
14707.99,14821.51,14644.68,14727.18,0.13,238858119.2,2022-02-21
14727.18,14869.63,14694.22,14734.26,0.05,140716195.0,2022-02-22
14734.26,14803.83,14588.36,14653.01,-0.55,116609506.1,2022-02-23
14672.62,14672.62,14162.8,14236.05,-2.86,270492549.5,2022-02-24
14151.86,14312.72,14051.18,14120.15,-0.81,207008050.3,2022-02-27
14120.15,14259.71,13753.11,13824.66,-2.09,264232213.1,2022-02-28
13824.66,13881.43,13279.09,13371.1,-3.28,302080046.3,2022-03-02
13371.1,13447.4,13149.0,13207.93,-1.22,243892789.5,2022-03-06
13207.93,13339.51,12993.75,13057.62,-1.14,188184536.6,2022-03-07
13057.62,13132.05,12795.79,12918.59,-1.06,141127835.0,2022-03-09
12939.93,13291.38,12810.71,13291.38,2.89,193275747.8,2022-03-10
13382.76,14213.54,13382.76,14213.54,6.94,489637032.5,2022-03-13
14357.33,14467.8,14065.1,14367.12,1.08,233453810.9,2022-03-14
14367.99,14606.65,14217.3,14473.63,0.72,377121302.1,2022-03-15
14473.63,14594.63,14372.58,14416.55,-0.39,281643845.1,2022-03-16
14427.23,14557.62,14174.69,14219.46,-1.37,312747768.8,2022-03-20
14296.04,14391.81,14155.1,14391.81,1.21,191859481.2,2022-03-21
14395.4,14745.2,14395.4,14660.69,1.87,200660107.8,2022-03-22
14643.81,14660.93,14448.7,14534.38,-0.86,184975584.7,2022-03-23
14574.59,15019.76,14464.98,14904.42,2.55,592673480.8,2022-03-24
15181.57,15674.55,14777.95,14805.81,-0.66,1259081156.9,2022-03-27
14817.1,14887.6,14415.26,14462.49,-2.32,345363243.6,2022-03-28
14462.49,14593.89,14144.37,14242.85,-1.52,196251391.1,2022-03-29
14281.6,14454.25,14070.87,14454.25,1.48,252744204.3,2022-03-30
14454.25,14539.54,14236.97,14277.96,-1.22,198897710.0,2022-03-31
14277.96,14289.25,14028.82,14060.97,-1.52,277868479.7,2022-04-03
14079.11,14191.25,13899.12,13943.52,-0.84,182772189.6,2022-04-04
13928.25,13948.17,13425.75,13511.23,-3.1,347403118.9,2022-04-05
13511.23,13628.0,13350.63,13440.51,-0.52,208402526.6,2022-04-06
13440.51,13798.02,13419.91,13702.87,1.95,207556953.3,2022-04-07
13712.77,14034.77,13226.14,13271.05,-3.15,362125644.8,2022-04-11
13312.0,13384.25,13028.2,13056.83,-1.61,142324646.0,2022-04-12
13044.15,13213.74,12948.83,13152.06,0.73,117011263.8,2022-04-13
13155.69,13302.25,12884.74,12951.2,-1.53,128022412.9,2022-04-17
12951.2,12979.87,12673.98,12687.24,-2.04,118992442.7,2022-04-18
12675.54,12871.22,12544.5,12784.9,0.77,113695456.3,2022-04-19
12784.9,12852.19,12518.88,12538.43,-1.93,100114618.8,2022-04-20
12538.43,12646.09,12346.14,12612.57,0.59,140868536.3,2022-04-21
12612.57,13101.27,12602.76,13035.94,3.36,203284738.4,2022-04-24
13035.94,13191.77,12808.76,12836.63,-1.53,139937120.3,2022-04-25
12836.63,12928.64,12671.54,12740.78,-0.75,66965131.7,2022-04-26
12810.81,12864.0,12597.49,12741.02,0.0,69101234.2,2022-04-27
12764.03,12829.47,12543.2,12595.36,-1.18,96066595.5,2022-04-28
12679.06,12749.64,12204.78,12253.1,-2.72,120301928.9,2022-05-02
12253.1,12293.82,11951.73,11966.28,-2.34,103037574.8,2022-05-04
12004.55,12024.37,11666.97,11744.39,-2.17,201561785.5,2022-05-05
11744.39,11782.97,11463.14,11782.97,0.33,128052469.1,2022-05-08
11782.97,11839.94,11666.48,11700.85,-0.7,130282537.5,2022-05-09
11700.85,11951.73,11700.81,11937.66,2.02,75675493.8,2022-05-10
11930.13,12154.83,11930.13,12154.83,1.82,125669044.9,2022-05-11
12154.83,12274.0,11857.62,11897.69,-2.12,298470211.2,2022-05-12
11897.69,11897.69,11293.91,11305.09,-4.98,172122549.5,2022-05-17
11305.09,11342.76,11068.57,11206.19,-0.87,145756376.0,2022-05-18
11206.19,11289.77,11008.31,11033.9,-1.54,89635986.9,2022-05-19
11033.9,11113.35,10851.4,10911.14,-1.11,83925056.6,2022-05-20
10911.14,10987.88,10556.89,10625.26,-2.62,135916665.4,2022-05-23
10623.35,10798.6,10558.56,10702.0,0.72,69021221.2,2022-05-24
10765.66,10915.33,10735.15,10768.51,0.62,74760238.5,2022-05-25
10768.51,10897.38,10733.73,10858.39,0.83,74398220.9,2022-05-26
10858.39,11004.79,10723.31,10779.57,-0.73,76225469.2,2022-05-27
10733.36,10945.93,10435.84,10472.88,-2.85,106896764.0,2022-05-30
10472.88,10472.88,10155.29,10401.05,-0.69,113300681.9,2022-05-31
10401.05,10401.05,10118.62,10245.19,-1.5,94425138.5,2022-06-01
10245.19,10271.39,10055.2,10098.58,-1.43,83542464.0,2022-06-02
10091.53,10101.61,9848.01,9861.92,-2.34,83260168.2,2022-06-03
9861.92,9948.81,9656.73,9663.6,-2.01,187025680.4,2022-06-06
9663.6,9725.46,9542.97,9576.43,-0.9,88439571.5,2022-06-07
9576.43,10013.94,9558.37,9869.56,3.06,112243375.8,2022-06-08
9869.56,10075.96,9804.68,9848.26,-0.22,126324900.4,2022-06-09
9904.1,9904.1,9654.14,9779.32,-0.7,69502844.2,2022-06-10
9750.67,9761.36,9598.93,9641.2,-1.41,87363493.8,2022-06-13
9641.2,9684.68,9396.17,9454.31,-1.94,94891028.6,2022-06-14
9454.31,9482.51,9134.51,9264.74,-2.01,122346728.8,2022-06-15
9264.62,9363.31,9197.3,9269.7,0.05,63855612.4,2022-06-16
9269.7,9328.4,9214.95,9266.77,-0.03,32335687.6,2022-06-17
9266.77,9281.06,9114.23,9144.09,-1.32,56412467.6,2022-06-19
9144.09,9144.09,8878.21,8909.46,-2.57,121366435.6,2022-06-20
8909.46,9185.3,8854.15,9112.65,2.28,117992191.3,2022-06-21
9112.65,9137.92,8917.72,8980.43,-1.45,78554161.8,2022-06-22
8980.43,9011.68,8688.3,8837.05,-1.6,95927935.1,2022-06-23
8837.05,9105.56,8623.48,8968.5,1.49,85516878.7,2022-06-24
8968.5,9355.32,8968.5,9338.75,4.13,185326885.1,2022-06-26
9330.95,9581.31,9244.56,9452.7,1.22,196319724.2,2022-06-27
9452.7,9673.51,9280.26,9549.6,1.03,180126796.3,2022-06-28
9575.73,9700.87,9500.09,9673.46,1.3,129152250.9,2022-06-29
9673.46,10021.18,9641.59,9969.52,3.06,200003523.1,2022-06-30
9969.52,10065.1,9833.65,9935.66,-0.34,123736198.7,2022-07-01
9935.66,10120.25,9875.49,10106.25,1.72,112239805.6,2022-07-03
10128.21,10475.16,10065.22,10164.93,0.58,315825741.3,2022-07-04
10186.89,10220.38,9925.84,9949.01,-2.12,161493763.1,2022-07-05
10004.24,10225.06,9884.64,10215.33,2.68,230464399.0,2022-07-06
10289.01,10460.56,10059.19,10100.16,-1.13,159375072.2,2022-07-07
10158.98,10220.04,9874.85,9907.09,-1.91,88010656.8,2022-07-08
9907.09,9927.29,9405.84,9456.87,-4.54,222650033.1,2022-07-11
9456.87,9602.4,9383.27,9468.0,0.12,116774781.5,2022-07-12
9468.0,9646.7,9468.0,9638.34,1.8,116100863.2,2022-07-13
9638.34,9749.45,9564.11,9650.12,0.12,144043272.4,2022-07-14
9650.12,9707.46,9586.61,9688.19,0.39,46899247.8,2022-07-15
9688.19,9741.65,9630.91,9703.39,0.16,44461988.0,2022-07-17
9703.39,9820.45,9630.83,9820.45,1.21,122209840.5,2022-07-18
9806.98,9939.92,9773.4,9900.67,0.82,89882647.5,2022-07-19
9900.67,9938.88,9798.13,9872.45,-0.29,60542452.5,2022-07-20
9872.07,9925.94,9721.73,9721.73,-1.52,84171612.7,2022-07-21
9721.73,9769.65,9600.29,9612.06,-1.13,71829822.3,2022-07-22
9612.06,9827.26,9612.06,9819.83,2.16,70274060.8,2022-07-24
9819.83,10034.34,9819.83,10034.34,2.15,141680188.4,2022-07-25
10052.95,10077.46,9885.66,9900.63,-1.33,169393209.1,2022-07-26
9900.63,9970.76,9844.31,9935.42,0.35,94451106.5,2022-07-27
9935.42,10111.05,9887.14,9950.53,0.15,170860876.2,2022-07-28
10007.12,10033.94,9915.09,9958.43,0.08,55866977.1,2022-07-29
9926.52,10341.25,9926.52,10339.41,4.16,345334702.1,2022-07-31
10438.48,10531.01,10291.52,10333.62,-0.19,213441882.2,2022-08-01
10392.81,10392.81,10200.79,10270.99,-0.61,99660977.0,2022-08-02
10270.99,10320.61,10190.81,10197.27,-0.72,124780919.5,2022-08-03
10197.27,10197.27,10017.24,10029.44,-1.65,128235541.2,2022-08-04
10029.44,10050.53,9909.4,9909.45,-1.2,86971294.6,2022-08-05
9920.97,10008.31,9859.28,9904.9,-0.05,152266793.5,2022-08-07
9904.9,9970.62,9788.53,9802.98,-1.03,81927099.9,2022-08-08
9802.98,9849.52,9680.47,9680.47,-1.25,84290645.1,2022-08-09
9680.47,9732.91,9629.79,9670.75,-0.1,49409711.5,2022-08-10
9670.75,9728.67,9602.93,9602.93,-0.7,46760249.7,2022-08-11
9550.06,9550.06,9342.18,9369.24,-2.43,145934476.3,2022-08-14
9335.79,9516.52,9224.98,9516.52,1.57,167277082.1,2022-08-15
9541.15,9621.92,9390.15,9429.93,-0.91,85725359.8,2022-08-16
9442.37,9448.98,9382.41,9397.05,-0.48,36704167.3,2022-08-17
9397.05,9462.82,9361.82,9449.35,0.56,55601203.6,2022-08-18
9449.35,9556.75,9389.71,9412.33,-0.39,63963076.9,2022-08-21
9412.33,9461.47,9389.77,9409.38,-0.03,51355137.7,2022-08-22
9409.38,9444.11,9375.25,9417.96,0.09,50570921.7,2022-08-23
9417.96,9487.4,9417.96,9465.75,0.51,75031126.3,2022-08-24
9465.75,9509.75,9396.34,9407.19,-0.62,46227804.0,2022-08-25
9407.19,9542.27,9340.75,9441.3,0.36,72155285.6,2022-08-26
9441.3,9494.85,9304.31,9326.42,-1.22,79586708.9,2022-08-28
9326.42,9420.76,9268.77,9369.55,0.46,45796926.0,2022-08-29
9369.55,9471.05,9355.77,9367.19,-0.03,90585226.2,2022-08-30
9367.19,9432.15,9226.77,9226.77,-1.47,50054424.6,2022-08-31
9226.77,9354.32,9191.68,9281.57,0.59,61143541.1,2022-09-01
9281.57,9349.64,9249.33,9275.9,-0.06,16571002.9,2022-09-02
9275.9,9374.27,9255.06,9322.08,0.5,29925407.0,2022-09-04
9355.78,9378.64,9255.09,9319.44,-0.05,38142049.9,2022-09-05
9319.44,9324.39,9164.99,9233.8,-0.92,72021519.7,2022-09-06
9233.8,9245.32,9156.32,9197.55,-0.39,31864904.8,2022-09-07
9197.55,9223.22,9145.2,9172.74,-0.27,48798846.7,2022-09-08
9172.74,9205.26,9100.48,9133.05,-0.43,38790917.7,2022-09-11
9133.05,9177.05,9032.16,9080.5,-0.58,35870176.3,2022-09-12
9080.5,9183.18,9080.5,9176.72,1.06,40584716.9,2022-09-13
9176.72,9328.16,9176.72,9309.92,1.45,50051054.3,2022-09-14
9322.82,9322.82,9090.13,9132.79,-1.9,59860871.0,2022-09-15
9132.79,9132.79,9003.53,9110.53,-0.24,46564778.2,2022-09-16
9110.53,9110.53,8874.86,8888.7,-2.43,81271853.3,2022-09-18
8901.07,8916.72,8701.65,8731.09,-1.77,52797491.4,2022-09-20
8774.65,8814.77,8699.68,8766.64,0.41,25947763.9,2022-09-21
8766.64,8776.34,8704.87,8724.85,-0.48,27565016.1,2022-09-22
8724.85,8731.27,8641.55,8648.48,-0.73,27247993.9,2022-09-25
8648.48,8774.37,8648.48,8698.79,0.58,14873103.2,2022-09-27
8698.79,8796.53,8657.93,8719.87,0.24,26235675.7,2022-09-28
8719.87,8771.92,8696.38,8714.26,-0.06,27993082.6,2022-09-29
8714.26,8901.34,8714.26,8901.34,2.15,24453711.2,2022-10-09
8901.34,8944.18,8774.0,8829.79,-0.8,32418056.0,2022-10-10
8829.79,8829.79,8656.25,8706.04,-1.4,46250306.6,2022-10-11
8706.04,8799.81,8692.27,8755.99,0.57,27062214.5,2022-10-12
8755.99,8816.55,8691.25,8771.22,0.17,46392493.9,2022-10-13
8771.22,8808.82,8680.86,8694.99,-0.87,20502546.3,2022-10-16
8694.99,8732.29,8653.81,8668.86,-0.3,26536859.6,2022-10-17
8668.86,8691.65,8612.51,8649.87,-0.22,27022230.5,2022-10-19
8649.87,8691.09,8589.52,8644.11,-0.07,22573864.2,2022-10-20
8644.11,8686.92,8639.96,8683.16,0.45,21370358.9,2022-10-23
8683.16,8712.94,8679.64,8708.57,0.29,17345611.4,2022-10-31
8708.57,8922.46,8708.57,8883.44,1.99,47593409.4,2022-11-01
8883.44,9014.34,8832.89,8938.58,0.62,31888694.3,2022-11-02
8938.58,8974.73,8894.19,8939.98,0.02,37893885.7,2022-11-03
8939.98,9139.03,8872.67,9035.07,1.06,46226570.4,2022-11-06
9035.07,9186.17,8981.89,9081.17,0.51,61166782.9,2022-11-07
9081.17,9204.6,9037.12,9174.77,1.03,54654444.6,2022-11-08
9174.9,9189.85,8951.72,8974.83,-2.18,76044699.7,2022-11-09
8974.83,9070.93,8821.06,8905.06,-0.78,43999126.9,2022-11-10
8905.06,8967.17,8810.77,8834.32,-0.79,32626719.3,2022-11-13
8834.32,8964.22,8814.74,8951.34,1.32,45660185.4,2022-11-14
8994.89,9023.7,8932.98,8939.57,-0.13,74905921.9,2022-11-15
8939.57,9020.3,8939.57,9020.3,0.9,50231991.0,2022-11-16
9020.3,9135.4,9020.3,9077.04,0.63,85407967.6,2022-11-17
9077.04,9172.76,9030.93,9079.4,0.03,49166151.0,2022-11-22
9079.4,9107.57,9015.05,9055.38,-0.26,54860186.2,2022-11-23
9055.38,9101.15,8999.72,9082.24,0.3,32376895.7,2022-11-24
9112.32,9181.63,9046.15,9181.63,1.09,54771166.4,2022-11-27
9181.63,9269.55,9105.79,9116.91,-0.7,39705520.4,2022-11-28
9116.91,9203.6,9027.56,9147.8,0.34,44420622.4,2022-11-29
9134.75,9183.28,9086.56,9130.27,-0.19,27099840.6,2022-11-30
9117.47,9274.76,9101.1,9246.84,1.28,59115757.5,2022-12-01
9246.84,9437.73,9232.96,9430.2,1.98,118185607.2,2022-12-04
9466.18,9466.18,9268.6,9294.28,-1.44,81312807.6,2022-12-05
9286.84,9362.18,9219.09,9294.95,0.01,40794370.7,2022-12-06
9294.95,9328.34,9208.53,9211.31,-0.9,27732075.7,2022-12-07
9204.79,9216.95,9102.22,9132.87,-0.85,47622645.2,2022-12-11
9132.87,9227.55,9084.56,9203.72,0.78,37785185.6,2022-12-12
9190.79,9193.06,9129.28,9193.06,-0.12,16550785.7,2022-12-13
9193.06,9216.8,9125.51,9166.92,-0.28,28238748.7,2022-12-14
9173.3,9173.3,9064.75,9064.75,-1.11,41087225.9,2022-12-15
9064.75,9083.95,8991.43,9024.39,-0.45,26834130.6,2022-12-18
9024.39,9120.06,8995.31,9052.98,0.32,33364249.6,2022-12-19
9052.98,9175.34,9031.02,9136.83,0.93,44797023.9,2022-12-20
9138.03,9181.95,9069.54,9100.2,-0.41,30473809.8,2022-12-21
9099.91,9106.87,9034.65,9062.66,-0.41,20748361.7,2022-12-22
9062.56,9324.82,9062.56,9318.71,2.83,96609855.0,2022-12-26
9318.71,9788.4,9318.71,9690.92,3.99,192249332.4,2022-12-27
9728.15,9796.73,9569.82,9696.16,0.05,90651849.2,2022-12-28
9696.16,10089.87,9642.15,10081.74,3.98,145357543.7,2022-12-29
10116.64,10481.78,10116.64,10381.89,2.99,299963948.9,2023-01-01
10387.22,10459.34,10255.23,10436.13,0.52,154044511.7,2023-01-02
10436.13,10478.7,10280.41,10314.52,-1.17,151118264.4,2023-01-03
10350.98,10469.23,10272.31,10458.61,1.4,177380374.5,2023-01-04
10466.9,10620.97,10392.31,10593.37,1.29,264813756.6,2023-01-05
10640.46,11224.24,10640.46,11062.36,4.43,398925912.8,2023-01-08
11053.76,11285.07,11031.04,11244.81,1.65,255172460.8,2023-01-09
11264.33,11470.04,10909.81,11001.72,-2.16,290329101.2,2023-01-10
11064.82,11166.87,10677.13,10692.16,-2.81,289991226.7,2023-01-12
10692.16,10892.19,10596.83,10844.76,1.43,181632088.3,2023-01-17
10841.93,11057.55,10691.65,10729.42,-1.06,186614347.3,2023-01-18
10745.81,10813.82,10660.42,10713.1,-0.3,167672669.2,2023-01-19
10713.1,10812.79,10625.91,10625.91,-0.81,98715002.4,2023-01-23
10625.91,10639.92,10497.02,10627.48,0.01,112088571.8,2023-01-24
10627.48,10965.9,10627.48,10893.65,2.5,150000207.4,2023-01-25
10893.65,11150.81,10893.65,11025.11,1.21,148742810.2,2023-01-26
11063.28,11144.42,10991.61,11063.08,0.34,155370449.4,2023-01-29
11081.59,11207.44,10900.81,10941.44,-1.1,315741225.4,2023-01-30
10976.8,11043.25,10790.02,10809.06,-1.21,331372202.8,2023-01-31
10809.06,10897.84,10747.24,10897.84,0.82,151488509.4,2023-02-01
10897.84,10912.28,10634.81,10661.69,-2.17,139830415.0,2023-02-02
10716.76,10816.15,10572.25,10608.78,-0.5,168145210.4,2023-02-05
10608.78,10653.15,10474.57,10525.8,-0.78,126312158.5,2023-02-06
10525.8,10993.06,10518.9,10993.06,4.44,230497028.2,2023-02-07
11023.42,11177.47,10887.87,10931.56,-0.56,227797805.8,2023-02-08
10941.24,11016.43,10826.68,11016.43,0.78,128749088.7,2023-02-09
10995.47,10995.47,10629.06,10659.3,-3.24,180972128.7,2023-02-12
10659.3,10704.48,10550.35,10573.92,-0.8,111777526.4,2023-02-14
10566.22,10667.34,10431.83,10457.53,-1.1,111899410.9,2023-02-15
10457.53,10488.98,10299.22,10313.44,-1.38,105341674.5,2023-02-16
10313.44,10313.44,10199.69,10226.78,-0.84,98715236.3,2023-02-20
10226.78,10445.23,10193.54,10423.14,1.92,99894852.3,2023-02-22
10423.14,10423.14,10165.03,10204.44,-2.1,126363276.2,2023-02-23
10152.36,10210.47,9907.81,10190.48,-0.14,138142102.0,2023-02-26
10190.48,10286.98,9984.17,10181.51,-0.09,112975103.4,2023-02-27
10216.03,10265.41,10091.97,10159.23,-0.22,66295884.6,2023-02-28
10159.23,10212.74,9996.71,10002.42,-1.54,66970785.7,2023-03-01
10002.42,10002.42,9841.51,9876.35,-1.26,79485745.9,2023-03-02
9869.05,9925.63,9642.06,9703.01,-1.76,106323100.3,2023-03-05
9703.01,9834.23,9683.67,9747.28,0.46,52938619.8,2023-03-07
9747.28,10065.44,9747.28,10061.12,3.22,68621884.1,2023-03-09
10061.12,10152.05,9871.56,9921.79,-1.38,100814707.6,2023-03-12
9921.79,9921.79,9719.29,9756.78,-1.66,69268536.3,2023-03-13
9756.78,9829.03,9680.42,9763.66,0.07,79821592.6,2023-03-14
9763.66,9806.13,9598.6,9694.2,-0.71,116353647.6,2023-03-15
9665.23,9742.76,9564.8,9649.51,-0.36,80002474.3,2023-03-16
9672.6,9706.76,9560.69,9588.42,-0.63,85977982.2,2023-03-19
9588.42,9729.33,9569.95,9682.73,0.98,75055373.6,2023-03-20
9749.9,9794.63,9511.97,9555.34,-1.32,140452141.6,2023-03-22
9555.34,9555.34,9417.61,9463.46,-0.96,49782073.4,2023-03-23
9468.49,9522.79,9367.78,9385.47,-0.88,67296291.1,2023-03-26
9385.47,9581.05,9335.23,9579.92,2.07,73518235.6,2023-03-27
9579.92,9691.36,9579.39,9609.51,0.31,85572857.2,2023-03-28
9609.51,9643.81,9511.74,9558.66,-0.53,57443230.2,2023-03-29
9558.66,9670.74,9518.94,9524.08,-0.36,63979305.2,2023-03-30
9553.57,9682.27,9428.45,9489.21,-0.39,73338105.4,2023-04-02
9489.21,9514.25,9357.93,9441.17,-0.51,60962263.5,2023-04-03
9441.17,9477.97,9322.26,9360.48,-0.85,47062870.4,2023-04-04
9368.96,9427.2,9295.7,9389.82,0.31,56046140.0,2023-04-05
9398.31,9499.75,9340.62,9371.2,-0.2,63605817.5,2023-04-06
9371.2,9371.2,9167.76,9191.26,-1.92,63708839.0,2023-04-09
9191.26,9301.92,9144.12,9207.43,0.18,53515191.5,2023-04-10
9179.21,9334.28,9179.21,9293.53,0.94,47886672.6,2023-04-11
9286.69,9736.79,9286.69,9736.79,4.77,94826981.3,2023-04-12
9796.3,9886.39,9603.8,9643.18,-0.96,102012701.5,2023-04-13
9643.18,9707.78,9557.25,9651.91,0.09,70448293.1,2023-04-16
9651.91,9663.48,9476.49,9502.01,-1.55,44359207.8,2023-04-17
9502.01,9545.41,9415.9,9490.72,-0.12,27901182.2,2023-04-18
9490.72,9607.49,9471.75,9553.62,0.66,40022028.1,2023-04-19
9561.11,9604.45,9464.46,9476.65,-0.81,57739362.5,2023-04-20
9476.65,9476.65,9344.81,9357.91,-1.25,37298519.9,2023-04-23
9357.91,9463.53,9297.88,9440.0,0.88,40659922.9,2023-04-24
9440.0,9506.02,9403.75,9497.3,0.61,37926892.1,2023-04-25
9497.3,9545.63,9405.06,9440.48,-0.6,31031818.4,2023-04-26
9440.48,9458.55,9334.79,9427.36,-0.14,35464757.9,2023-04-27
9425.28,9431.07,9326.57,9338.11,-0.92,32828775.5,2023-04-30
9338.11,9376.46,9279.97,9342.03,0.04,26931957.7,2023-05-02
9342.03,9342.03,9238.25,9282.35,-0.64,28159577.8,2023-05-03
9282.35,9430.72,9239.06,9332.52,0.54,32376092.0,2023-05-04
9332.52,9348.51,9250.51,9292.47,-0.43,38864793.7,2023-05-07
9292.47,9292.47,9136.52,9170.99,-1.31,48800673.7,2023-05-08
9170.99,9283.13,9170.99,9246.0,0.82,27010816.4,2023-05-09
9249.74,9294.33,9178.48,9236.8,-0.1,28109396.1,2023-05-10
9236.8,9258.61,9170.28,9238.52,0.02,25815324.6,2023-05-11
9238.52,9276.5,9148.63,9198.22,-0.44,28315316.0,2023-05-14
9198.22,9209.89,9118.9,9189.75,-0.09,31505108.8,2023-05-15
9189.75,9231.07,9155.84,9203.56,0.15,30631207.9,2023-05-16
9203.56,9313.82,9203.56,9296.93,1.01,40400541.1,2023-05-17
9296.93,9501.51,9296.93,9491.37,2.09,62025342.4,2023-05-18
9506.3,9641.51,9466.69,9528.91,0.4,105371983.4,2023-05-21
9528.91,9658.14,9434.45,9617.23,0.93,104430739.4,2023-05-22
9617.23,9993.56,9617.23,9982.57,3.8,178553651.2,2023-05-23
10009.05,10107.18,9906.35,10102.78,1.2,150202474.0,2023-05-24
10102.78,10168.02,9908.96,9912.15,-1.89,151491567.5,2023-05-28
9912.15,9912.15,9537.45,9565.17,-3.5,172309069.5,2023-05-30
9499.45,9644.03,9310.06,9336.35,-2.39,123416640.8,2023-05-31
9336.35,9490.63,9244.13,9422.0,0.92,89605901.9,2023-06-01
9422.0,9798.39,9422.0,9764.05,3.63,102413441.5,2023-06-04
9764.05,9808.47,9590.65,9639.91,-1.27,129744899.4,2023-06-05
9639.91,9816.04,9545.55,9796.85,1.63,125635019.4,2023-06-06
9796.85,9909.12,9758.51,9792.89,-0.04,154013719.2,2023-06-07
9778.7,10032.38,9735.67,9938.66,1.49,171430374.3,2023-06-08
9938.66,10166.34,9932.84,10126.56,1.89,238118065.1,2023-06-11
10157.83,10253.12,10038.44,10134.22,0.08,185273296.0,2023-06-12
10152.12,10507.97,10072.73,10410.82,2.73,323790315.2,2023-06-13
10398.91,10780.2,10368.76,10573.2,1.58,424546143.3,2023-06-14
10600.65,10889.37,10542.16,10881.6,2.92,408133745.8,2023-06-15
10907.66,11584.99,10907.66,11575.74,6.38,565749046.7,2023-06-18
11651.14,11765.96,11272.92,11381.94,-1.67,503925062.7,2023-06-19
11387.7,11473.78,11048.48,11068.61,-2.75,372869011.9,2023-06-20
11068.61,11255.68,11011.7,11080.57,0.11,307709339.0,2023-06-21
11102.86,11507.95,11102.86,11439.79,3.24,381335259.6,2023-06-22
11544.45,12331.35,11544.45,12331.35,7.79,900388725.1,2023-06-25
12399.64,12688.29,12271.08,12321.63,-0.08,520901979.1,2023-06-26
12323.64,12600.74,12323.64,12416.31,0.77,336573321.0,2023-06-27
12452.19,12879.71,12429.08,12721.22,2.46,1451800074.9,2023-06-28
12761.86,12990.43,12561.7,12569.92,-1.19,1027353495.5,2023-07-02
12569.92,12644.13,12289.28,12339.74,-1.83,590951227.3,2023-07-03
12400.29,12535.35,12189.8,12370.24,0.25,325469054.6,2023-07-04
12349.42,12422.86,11940.25,11960.48,-3.31,418073761.3,2023-07-05
11985.37,12131.38,11849.45,11971.42,0.09,349602424.2,2023-07-06
12034.85,12288.19,12034.85,12186.54,1.8,423992512.4,2023-07-09
12243.11,12395.52,12094.24,12176.82,-0.08,486751675.8,2023-07-10
12233.39,12240.44,12050.11,12094.51,-0.68,292570721.0,2023-07-11
12094.51,12216.65,12094.51,12133.48,0.32,307487944.0,2023-07-12
12133.48,12274.36,11998.13,11998.13,-1.12,355559349.0,2023-07-13
11998.13,12113.5,11954.08,11991.15,-0.06,314334612.4,2023-07-16
12028.13,12274.01,11939.25,12274.01,2.36,241631375.2,2023-07-17
12319.7,12466.24,12272.31,12292.85,0.15,442582468.8,2023-07-18
12244.14,12397.33,12148.87,12244.09,-0.4,291173407.3,2023-07-19
12206.75,12295.48,12090.97,12122.02,-0.99,244199011.3,2023-07-20
12122.02,12349.0,12112.52,12247.54,1.03,273236393.7,2023-07-23
12237.29,12290.86,12073.6,12104.43,-1.17,299307444.2,2023-07-24
12104.43,12133.5,11915.28,11927.98,-1.45,206541189.3,2023-07-25
11927.98,12015.84,11860.11,11899.98,-0.23,179995933.4,2023-07-26
11910.59,11974.57,11675.14,11677.33,-1.87,244644262.6,2023-07-27
11677.33,11764.42,11436.27,11489.15,-1.61,242876122.0,2023-07-30
11489.15,11663.44,11432.82,11491.63,0.02,163663246.0,2023-07-31
11476.03,11626.03,11227.47,11269.1,-1.93,155884345.1,2023-08-01
11269.1,11319.49,11099.45,11311.91,0.37,133533101.6,2023-08-02
11331.96,11476.46,11318.1,11375.39,0.56,128298333.4,2023-08-03
11375.39,11426.08,11043.51,11137.42,-2.09,149757061.4,2023-08-06
11156.75,11356.65,11083.98,11197.57,0.54,545192338.6,2023-08-07
11197.57,11240.43,10944.16,11001.55,-1.75,295508889.3,2023-08-08
11033.26,11397.55,10871.13,11348.3,3.15,317867616.4,2023-08-09
11352.8,11429.59,11198.91,11338.6,-0.08,215147983.1,2023-08-10
11338.6,11445.97,11263.6,11396.74,0.51,258803389.6,2023-08-13
11390.78,11520.32,11348.52,11391.03,-0.05,254367679.1,2023-08-14
11380.5,11397.2,11186.75,11186.75,-1.79,171961855.9,2023-08-15
11185.08,11199.1,11019.16,11090.6,-0.85,152907573.5,2023-08-16
11084.92,11227.69,11079.16,11175.11,0.81,209331425.8,2023-08-17
11158.23,11210.15,11010.1,11040.2,-1.2,164468930.6,2023-08-20
11040.2,11139.26,10905.94,10955.96,-0.76,154278129.6,2023-08-21
10939.29,11050.46,10912.81,11006.02,0.45,106687264.0,2023-08-22
11013.16,11314.77,10995.36,11282.31,2.51,211145537.8,2023-08-23
11283.81,11322.71,11015.36,11039.91,-2.14,194164854.0,2023-08-24
11043.4,11049.83,10906.59,10935.29,-0.94,209969751.5,2023-08-27
10935.29,11029.12,10896.04,10959.6,0.22,109529504.0,2023-08-28
11004.46,11009.42,10901.92,10909.59,-0.45,92242178.0,2023-08-29
10909.59,10956.26,10861.02,10900.26,-0.08,102207422.1,2023-08-30
10874.96,10936.27,10675.51,10681.25,-2.0,134275044.2,2023-09-03
10679.09,10802.53,10602.26,10737.18,0.52,137615420.7,2023-09-04
10737.18,10768.51,10656.29,10668.9,-0.63,80187596.1,2023-09-05
10668.9,10701.28,10494.34,10518.37,-1.41,109088443.7,2023-09-07
10545.77,10630.72,10470.42,10555.88,0.35,96134039.6,2023-09-10
10552.88,10956.71,10503.04,10860.45,2.88,117829866.2,2023-09-11
10843.11,10892.51,10701.88,10752.16,-0.99,133244482.1,2023-09-12
10753.16,11025.61,10719.82,11025.61,2.54,130778767.7,2023-09-13
11024.36,11026.02,10695.77,10697.81,-2.97,141151551.5,2023-09-17
10705.55,10766.34,10599.58,10732.03,0.31,152668902.8,2023-09-18
10732.03,10804.88,10678.81,10771.93,0.37,185901108.1,2023-09-19
10774.25,11024.68,10774.25,10952.0,1.67,368626961.4,2023-09-21
10952.0,10982.97,10772.51,10791.71,-1.46,301444907.8,2023-09-24
10795.79,10844.43,10690.16,10712.45,-0.73,239370669.6,2023-09-25
10719.35,10878.93,10719.35,10847.23,1.25,248991908.0,2023-09-26
10843.27,10894.48,10725.1,10758.32,-0.81,228230070.4,2023-09-27
10753.47,10753.47,10525.12,10546.41,-1.96,241138261.8,2023-10-01
10537.94,10589.9,10451.74,10556.75,0.09,301836634.6,2023-10-02
10555.36,10555.36,10450.99,10469.47,-0.82,188088105.7,2023-10-03
10447.92,10618.59,10447.92,10521.96,0.5,203977842.7,2023-10-04
10521.96,10526.72,10450.99,10459.88,-0.58,179805281.4,2023-10-05
10450.2,10456.73,10205.23,10221.3,-2.28,289207499.6,2023-10-08
10195.78,10215.22,10068.89,10118.71,-1.0,167596606.9,2023-10-09
10102.27,10143.59,9977.1,10010.69,-1.06,142590837.2,2023-10-10
10020.57,10117.66,9972.16,10053.34,0.42,143500401.2,2023-10-11
10090.61,10090.61,9892.84,9911.97,-1.4,175984210.4,2023-10-12
9884.2,9892.27,9671.56,9704.06,-2.09,185869791.3,2023-10-16
9695.3,9908.64,9695.3,9792.36,0.9,106535810.6,2023-10-17
9770.96,10053.06,9770.96,10013.97,2.26,129903467.0,2023-10-18
10013.97,10079.53,9912.15,9979.01,-0.34,108729588.3,2023-10-19
9979.01,9979.01,9749.18,9781.89,-1.97,91592789.7,2023-10-29
9781.19,9808.83,9689.83,9794.73,0.13,98555817.9,2023-10-30
9808.83,9808.83,9666.94,9665.49,-1.46,79302881.5,2023-10-31
9660.44,9751.06,9614.04,9628.02,-0.4,85291268.9,2023-11-01
9617.46,9680.89,9555.3,9590.22,-0.39,94079589.9,2023-11-02
9590.22,9590.22,9425.11,9524.87,-0.68,81151567.3,2023-11-05
9524.87,9666.08,9498.91,9638.48,1.19,75263907.2,2023-11-06
9638.22,9762.34,9622.12,9751.64,1.17,104769021.9,2023-11-07
9759.96,9859.92,9675.49,9801.96,0.51,108575004.9,2023-11-08
9790.87,9871.45,9690.91,9700.18,-1.03,91217230.3,2023-11-09
9699.26,9902.69,9699.26,9794.45,0.97,123781494.4,2023-11-20
9835.08,9841.84,9641.82,9674.48,-1.22,96274258.3,2023-11-21
9680.04,9791.05,9580.63,9789.1,1.12,102482604.9,2023-11-22
9789.1,10154.64,9700.66,10119.76,3.37,236939288.2,2023-11-23
10142.0,10570.78,10060.62,10569.63,4.44,380865181.8,2023-11-26
10629.92,10666.58,10415.75,10475.51,-0.89,324619272.2,2023-11-27
10475.51,10559.27,10352.05,10468.27,-0.06,214300222.8,2023-11-28
10468.27,10561.0,10279.84,10309.01,-1.52,162365199.2,2023-11-29
10270.37,10297.89,10159.33,10208.44,-0.97,166077960.5,2023-11-30
10245.42,10245.42,10080.39,10182.66,-0.25,130354353.1,2023-12-03
10184.05,10342.41,10147.51,10281.51,0.97,232250069.2,2023-12-04
10324.21,10448.43,10275.07,10298.87,0.16,280300463.4,2023-12-05
10298.87,10424.17,10250.32,10424.17,1.21,313906063.7,2023-12-06
10398.19,10533.99,10314.52,10433.02,0.08,372659026.2,2023-12-07
10527.34,10997.77,10527.34,10986.37,5.3,11832315.9,2023-12-10
11153.14,11153.14,10774.35,10906.62,-0.72,847881365.6,2023-12-11
10932.9,11312.88,10859.54,11239.08,3.05,774925540.8,2023-12-12
11333.8,11333.95,11034.88,11109.97,-1.14,530460886.2,2023-12-13
11152.44,11161.03,10998.05,11094.93,-0.13,443193809.1,2023-12-14
10975.86,11128.91,10714.12,11119.58,0.22,661871013.1,2023-12-17
11161.15,11315.54,11100.62,11225.37,0.95,597604497.0,2023-12-18
11257.29,11587.57,11096.25,11575.92,3.12,822476224.4,2023-12-19
11560.83,11931.66,11560.83,11807.46,2.0,897481171.6,2023-12-20
11842.01,11861.0,11430.93,11478.4,-2.78,659905733.0,2023-12-21
11496.84,11728.22,11332.31,11538.57,0.52,932970587.2,2023-12-24
11579.55,11662.47,11369.26,11412.08,-1.09,721711808.5,2023-12-27
11454.24,11492.17,11299.84,11369.98,-0.36,604541539.7,2023-12-28
11371.05,11521.83,11184.75,11189.43,-1.58,565544144.0,2024-01-01
11181.8,11181.8,10807.55,10850.13,-2.99,595027585.8,2024-01-02
10850.13,10933.21,10734.56,10932.02,0.75,564118235.5,2024-01-03
10977.41,11034.07,10749.12,10794.94,-1.25,576145659.3,2024-01-04
10752.47,10752.47,10533.55,10535.25,-2.4,455624878.3,2024-01-07
10580.99,10927.35,10580.99,10927.35,3.72,417486868.7,2024-01-08
10973.06,11210.45,10971.16,11028.42,0.92,542083164.9,2024-01-09
11106.05,11222.73,10955.54,11000.38,-0.25,573041853.1,2024-01-10
11015.51,11054.13,10860.58,10885.61,-1.04,313296817.2,2024-01-11
10945.05,10986.62,10882.21,10932.32,0.42,283004969.8,2024-01-14
10947.01,11143.08,10947.01,11127.33,1.78,434011119.2,2024-01-16
11167.5,11277.08,10978.85,10994.37,-1.19,545207799.3,2024-01-17
10990.16,10992.45,10879.81,10936.54,-0.52,382690038.0,2024-01-18
10951.91,11017.66,10829.46,10855.88,-0.73,391698813.3,2024-01-21
10820.53,10959.17,10740.83,10774.83,-0.74,551596166.4,2024-01-22
10736.41,10830.92,10661.67,10703.15,-0.66,278071636.2,2024-01-23
10690.22,10824.56,10654.19,10665.09,-0.35,241860235.5,2024-01-24
10665.09,10724.32,10590.36,10619.19,-0.43,299027287.2,2024-01-25
10646.74,10725.39,10618.59,10673.14,0.5,371228890.2,2024-01-28
10701.64,10809.48,10696.98,10750.7,0.72,294318653.2,2024-01-29
10742.1,10851.09,10728.32,10787.61,0.34,338409078.6,2024-01-30
10799.44,10837.87,10613.25,10640.19,-1.36,263745628.4,2024-01-31
10627.62,10640.89,10494.25,10504.18,-1.27,240016190.9,2024-02-01
10504.18,10541.08,10421.66,10446.71,-0.54,283921985.5,2024-02-04
10446.04,10552.44,10444.07,10466.27,0.18,141043018.3,2024-02-05
10455.58,10558.19,10454.15,10545.41,0.75,134788622.0,2024-02-06
10555.29,10757.06,10555.29,10682.01,1.29,270278075.1,2024-02-07
10692.87,10727.04,10654.62,10675.18,-0.11,193839643.0,2024-02-08
10687.59,10736.58,10610.13,10644.67,-0.28,228838335.1,2024-02-11
10618.68,10710.35,10592.47,10682.83,0.35,157118059.0,2024-02-12
10680.16,10680.16,10425.17,10495.09,-1.75,223759480.8,2024-02-13
10496.7,10540.5,10440.64,10466.36,-0.27,131730804.1,2024-02-14
10466.55,10504.62,10371.54,10394.58,-0.68,147290068.5,2024-02-15
10381.52,10397.05,10230.65,10255.1,-1.34,199856732.8,2024-02-18
10255.1,10307.35,10194.03,10212.57,-0.41,150858448.6,2024-02-20
10212.57,10276.61,10156.74,10183.01,-0.28,123884165.9,2024-02-21
10183.01,10235.62,10031.7,10073.65,-1.07,172635602.3,2024-02-22
10095.74,10215.14,10004.72,10019.89,-0.53,406378357.2,2024-02-25
10032.31,10105.3,9936.27,10051.62,0.31,166222783.7,2024-02-26
10041.37,10126.57,9962.79,10043.6,-0.07,125527136.9,2024-02-27
10043.6,10091.15,9984.48,9992.31,-0.51,143389328.9,2024-02-28
9984.03,9997.87,9830.35,9860.33,-1.32,159618802.4,2024-02-29
9845.94,9858.07,9711.54,9768.45,-0.93,174476399.0,2024-03-03
9862.44,10386.41,9862.44,10386.41,6.32,22808208.0,2024-03-04
10537.54,10537.54,9992.0,10023.28,-3.49,250242192.6,2024-03-05
10013.39,10123.48,9886.9,10020.68,-0.02,167233210.0,2024-03-06
10001.67,10140.41,10001.67,10058.16,0.37,137539808.6,2024-03-07
10058.16,10312.19,10058.16,10243.92,1.84,239409779.6,2024-03-10
10276.96,10839.63,10276.96,10814.28,5.54,630645118.3,2024-03-12
10867.18,10981.55,10728.93,10824.87,0.09,397801895.7,2024-03-13
10829.51,10837.7,10519.73,10537.87,-2.65,332914936.3,2024-03-14
10530.04,10639.53,10465.03,10517.16,-0.19,235317249.3,2024-03-17
10517.16,10570.37,10449.62,10523.25,0.05,163116350.9,2024-03-18
10524.38,10655.89,10513.68,10530.35,0.06,245642811.0,2024-03-19
10564.29,10606.47,10443.05,10477.15,-0.5,178599087.5,2024-03-20
10478.95,10543.11,10386.69,10390.98,-0.82,142220382.4,2024-03-21
10390.99,10362.05,10248.93,10290.73,-0.96,127437490.4,2024-03-25
10324.32,10363.76,10237.97,10271.52,-0.18,124463726.6,2024-03-26
10260.67,10302.54,10161.18,10190.05,-0.79,127691996.9,2024-03-27
10191.94,10233.06,10118.75,10219.36,0.28,113364694.9,2024-03-28
10201.33,10240.91,10107.23,10117.3,-0.99,129229973.6,2024-03-31
10120.04,10155.72,10070.32,10101.38,-0.15,117534428.4,2024-04-01
10108.56,10164.72,10082.75,10128.35,0.19,149401616.9,2024-04-02
10202.04,10269.34,10164.04,10179.96,0.5,373750974.1,2024-04-03
10182.69,10202.05,10144.47,10163.01,-0.16,183616873.6,2024-04-04
10157.59,10308.27,10138.36,10308.27,1.42,286817613.1,2024-04-07
10354.59,10461.76,10337.27,10359.1,0.49,363228825.3,2024-04-09
10362.98,10394.36,10202.89,10228.92,-1.25,240925160.3,2024-04-10
10229.71,10248.72,10129.32,10157.07,-0.7,202648640.8,2024-04-14
10145.55,10191.34,10104.98,10122.8,-0.33,190485710.5,2024-04-15
10128.28,10128.28,10053.21,10067.68,-0.54,184725833.5,2024-04-16
10069.35,10069.35,9995.27,10015.69,-0.51,193281612.7,2024-04-18
10000.39,10078.44,9894.25,10056.9,0.41,156811589.8,2024-04-21
10056.9,10091.43,9931.41,9976.92,-0.79,149793809.2,2024-04-22
9974.13,9999.67,9920.92,9936.3,-0.4,107231438.4,2024-04-24
9959.26,10011.65,9926.36,9980.13,0.44,155077637.6,2024-04-25
10035.62,10082.41,9976.24,10052.43,0.72,157888156.6,2024-04-28
10064.29,10093.62,10001.55,10027.18,-0.25,155140424.8,2024-04-29
10026.61,10207.98,9986.17,10123.6,0.96,219392577.4,2024-04-30
10232.96,10259.28,10069.55,10082.2,-0.4,478860057.7,2024-05-02
10078.46,10090.3,9895.09,9908.33,-1.72,262787874.2,2024-05-05
9961.97,10032.36,9817.82,9862.27,-0.46,501921374.0,2024-05-06
9874.77,9919.61,9813.66,9832.05,-0.3,93897594.7,2024-05-07
9846.48,9860.89,9705.42,9794.44,-0.38,142968720.1,2024-05-08
9801.2,9806.01,9750.86,9750.86,-0.44,123646252.4,2024-05-09
9787.47,9958.1,9778.46,9872.95,1.25,192497267.4,2024-05-12
9890.86,10001.01,9880.75,9923.39,0.51,128625771.8,2024-05-13
9923.39,10066.07,9915.53,10065.24,1.42,126939003.9,2024-05-14
10078.57,10183.0,10011.03,10046.06,-0.19,205036895.4,2024-05-15
10049.07,10049.07,9931.02,9996.29,-0.44,116203091.5,2024-05-16
10169.13,10485.71,10052.39,10434.94,4.38,575401407.7,2024-05-19
10464.9,10611.53,10382.22,10426.57,-0.08,352683669.7,2024-05-20
10441.52,10483.77,10310.02,10445.75,0.18,265702011.2,2024-05-21
10432.13,10514.71,10355.46,10384.04,-0.59,270780755.7,2024-05-22
10391.99,10437.21,10290.86,10300.59,-0.8,314693742.1,2024-05-26
10284.17,10402.46,10246.54,10342.35,0.4,182822313.4,2024-05-27
10436.51,10504.16,10171.87,10207.71,-1.3,206160506.9,2024-05-29
10197.32,10225.4,10080.02,10092.13,-1.13,125878645.3,2024-05-30
10086.84,10207.87,10072.13,10170.74,0.77,170227051.5,2024-06-02
10170.74,10222.45,10130.86,10149.97,-0.2,120702880.9,2024-06-03
10149.97,10232.53,10107.99,10198.34,0.47,125160233.9,2024-06-04
10184.82,10232.62,10123.4,10142.86,-0.54,97641264.8,2024-06-05
10142.86,10186.42,10087.39,10117.92,-0.24,110774355.6,2024-06-06
10171.7,10171.7,10010.07,10048.25,-0.68,133260662.4,2024-06-09
10101.49,10112.67,10003.97,10023.45,-0.24,136136811.8,2024-06-10
10043.2,10264.57,10039.78,10264.57,2.4,173392570.8,2024-06-11
10263.03,10372.16,10261.25,10282.68,0.17,208409099.1,2024-06-12
10314.75,10314.75,10204.27,10229.86,-0.51,149616939.7,2024-06-13
10239.54,10293.15,10181.05,10192.77,-0.36,204672780.0,2024-06-16
10240.58,10260.94,10085.15,10092.18,-0.98,142085933.1,2024-06-18
10077.84,10121.47,10029.8,10078.9,-0.13,104157132.3,2024-06-19
10131.6,10145.12,9979.09,9996.89,-0.81,126854932.6,2024-06-20
9983.76,9986.68,9912.72,9942.59,-0.54,147798081.2,2024-06-23
9928.53,10013.4,9895.37,9923.81,-0.18,117784953.5,2024-06-24
9895.48,9988.58,9895.48,9978.87,0.55,109606052.6,2024-06-25
9964.67,10006.39,9900.63,9917.33,-0.61,99760275.3,2024-06-26
9912.91,9939.41,9800.51,9818.31,-0.99,135121278.4,2024-06-27
9791.92,9822.8,9757.82,9773.22,-0.45,134193985.8,2024-06-30
9773.22,9829.67,9734.9,9825.5,0.53,103782297.2,2024-07-01
9967.29,10380.19,9967.29,10038.87,2.17,192036769.1,2024-07-02
10051.35,10059.15,9925.95,10013.25,-0.25,116212846.7,2024-07-03
10000.19,10235.3,9994.93,10210.89,1.97,319436579.3,2024-07-04
10210.89,10416.36,10210.89,10366.92,1.52,367500635.3,2024-07-07
10416.67,10454.36,10281.37,10301.81,-0.62,267603638.2,2024-07-08
10288.3,10352.57,10254.21,10329.35,0.26,226792145.3,2024-07-09
10330.15,10442.68,10330.15,10409.03,0.77,254178188.7,2024-07-10
10462.85,10728.71,10447.52,10727.73,3.06,473839117.8,2024-07-11
10936.96,11227.61,10816.94,10948.59,2.05,451136968.6,2024-07-14
11065.11,11065.11,10745.3,10767.6,-1.65,497777504.4,2024-07-15
10767.6,11086.45,10708.45,11086.45,2.96,401708022.9,2024-07-16
11140.31,11347.17,11107.11,11328.71,2.18,586390550.6,2024-07-17
11356.12,11640.63,11276.4,11475.03,1.29,924956985.2,2024-07-18
11496.45,11711.89,11393.25,11649.72,1.52,767249580.7,2024-07-21
11667.58,11751.35,11444.29,11651.35,0.01,694720510.5,2024-07-22
11639.74,12191.45,11579.49,12170.34,4.45,911401343.3,2024-07-23
12195.02,12439.44,11938.51,12132.21,-0.31,1052742228.1,2024-07-24
12151.05,12305.71,11981.68,12218.57,0.71,869652679.3,2024-07-25
12382.38,12845.77,12292.87,12748.81,4.24,930733356.1,2024-07-28
12885.63,12900.84,12480.45,12495.31,-1.97,1003734903.9,2024-07-29
12494.81,12666.75,12244.39,12568.03,0.58,804293307.3,2024-07-30
12632.66,12970.54,12595.0,12832.74,2.1,1125461294.8,2024-07-31
12865.2,13657.67,12781.75,13307.47,3.69,1311389399.7,2024-08-01
13353.67,13778.52,13319.37,13737.76,3.23,1436947262.9,2024-08-05
13761.25,13847.04,12829.61,12867.61,-6.33,1599118118.8,2024-08-06
12890.71,13378.6,12735.41,13378.6,3.97,1120709834.3,2024-08-07
13459.52,13695.75,13260.95,13338.29,-0.3,1110807829.7,2024-08-08
13323.13,13948.53,13323.13,13943.33,4.53,1584126614.0,2024-08-11
14016.46,14840.34,14016.46,14759.15,5.85,2390151008.9,2024-08-12
14982.68,15197.06,14709.14,14838.88,0.54,1786676853.1,2024-08-13
14989.98,14990.15,14537.77,14822.93,-0.1,1344309295.5,2024-08-14
14869.62,14920.92,14654.43,14714.58,-0.73,1655961285.88,2024-08-15
14809.1,14986.42,14633.49,14716.25,0.01,1947854482.0,2024-08-18
14806.39,15020.29,14658.21,14687.82,-0.19,1104753398.4,2024-08-21
14748.37,14874.78,14623.94,14730.05,0.28,1069748823.9,2024-08-22
14810.68,14883.62,14316.63,14360.64,-2.5,1171335186.9,2024-08-25
14338.83,14359.6,13772.49,13836.13,-3.65,1344981825.6,2024-08-27
13875.73,14204.1,13677.32,13774.84,-0.44,950211271.9,2024-08-28
13773.99,13884.83,13384.53,13486.03,-2.09,883794244.0,2024-08-29
13442.79,13649.39,13242.92,13291.34,-1.44,762259939.9,2024-09-01
13342.99,13914.48,13238.52,13914.48,4.69,826561685.9,2024-09-02
13963.44,14363.8,13934.72,14232.79,2.28,1181376856.0,2024-09-03
14400.1,14403.39,13655.9,13698.88,-3.71,951080941.3,2024-09-04
13716.12,13778.45,13435.27,13596.61,-0.74,500118020.6,2024-09-05
13596.61,13669.15,13362.79,13403.17,-1.42,414854927.7,2024-09-08
13419.52,13420.83,13028.89,13069.27,-2.49,566632873.1,2024-09-09
13096.81,13287.14,12910.13,12969.09,-0.76,386795690.7,2024-09-10
12964.9,13091.81,12716.04,12728.72,-1.85,333944200.5,2024-09-11
12753.36,13197.16,12687.04,13169.99,3.46,408263853.9,2024-09-12
13249.46,13348.37,12790.48,12808.79,-2.74,518031971.0,2024-09-15
12878.16,12922.68,12512.35,12563.83,-1.91,561752939.0,2024-09-16
12661.95,12725.19,12410.69,12524.17,-0.31,341594158.7,2024-09-18
12601.07,12893.55,12488.72,12554.92,0.24,314423345.0,2024-09-22
12659.2,12659.2,12230.96,12258.66,-2.35,350261664.3,2024-09-23
12244.69,12407.31,12077.09,12108.38,-1.22,476704345.7,2024-09-24
12108.38,12382.75,11983.71,12339.8,1.91,308986723.8,2024-09-25
12362.67,12473.46,12208.88,12224.58,-0.93,303450545.1,2024-09-26
12281.19,12281.19,11981.81,12185.58,-0.31,202274205.8,2024-09-29
12237.59,12417.05,12114.09,12402.78,1.78,204367870.4,2024-09-30
12402.78,12936.21,12402.78,12914.57,4.12,394854305.9,2024-10-01
12938.61,13120.46,12741.84,12861.92,-0.4,290380514.4,2024-10-02
12842.74,13056.41,12764.58,13034.67,1.34,238798183.4,2024-10-06
13034.67,13336.89,13033.01,13179.54,1.11,299961285.8,2024-10-07
13179.54,13231.45,12985.49,13037.74,-1.07,184550931.2,2024-10-08
13037.74,13073.59,12884.1,13035.95,-0.01,118882139.3,2024-10-09
13035.95,13183.63,12988.3,13166.34,1.0,100702659.8,2024-10-15
13238.4,13448.51,13228.26,13403.96,1.8,301690379.8,2024-10-16
13463.36,13548.84,13343.35,13370.81,-0.24,276350063.7,2024-10-17
13294.78,13326.61,13025.09,13041.61,-2.46,359887581.1,2024-10-20
13055.34,13076.9,12723.26,12774.6,-2.15,328164194.5,2024-10-21
12749.65,12969.07,12671.3,12837.89,0.49,230662277.6,2024-10-22
12795.95,12941.31,12715.68,12745.58,-0.71,241003677.3,2024-10-23
12732.05,12812.46,12618.6,12679.06,-0.52,295697279.4,2024-10-24
12715.48,12891.13,12712.33,12825.78,1.15,143447221.3,2024-10-27
12911.38,13096.2,12911.38,13062.43,1.84,314789442.4,2024-10-28
13104.57,13305.49,13048.21,13298.49,1.8,295476673.8,2024-10-29
13257.01,13317.15,13139.97,13167.47,-0.98,204273788.1,2024-10-30
13167.47,13307.65,13122.92,13219.77,0.39,157067895.6,2024-11-05
13266.43,13339.78,13116.15,13201.46,-0.13,201889509.6,2024-11-06
13279.04,13497.15,13193.79,13487.52,2.16,438470913.7,2024-11-10
13512.5,13819.56,13508.52,13712.16,1.66,640930055.0,2024-11-11
13712.16,13879.91,13614.97,13650.57,-0.44,307870228.4,2024-11-12
13698.24,13719.01,13444.52,13487.94,-1.19,242198832.8,2024-11-13
13487.94,13591.32,13433.14,13483.15,-0.03,258758254.2,2024-11-14
13573.91,13691.28,13496.79,13512.77,0.21,375471662.2,2024-11-17
13499.1,13567.37,13240.56,13250.13,-1.94,386266150.9,2024-11-19
13295.89,13310.89,13165.98,13225.5,-0.18,205917731.9,2024-11-20
13209.07,13311.85,13011.32,13044.34,-1.36,248343061.7,2024-11-21
13060.15,13135.89,12940.94,12971.71,-0.55,240469948.4,2024-11-24
12971.71,13111.65,12916.66,13001.92,0.23,137078063.4,2024-11-25
13108.18,13207.2,13045.23,13134.59,1.02,219063545.0,2024-11-26
13138.12,13504.38,13134.49,13504.38,2.81,335871875.4,2024-11-27
13471.38,13682.91,13263.02,13567.88,0.47,269148506.5,2024-11-28
13628.88,13723.89,13238.3,13383.73,-1.35,479739830.5,2024-12-01
13403.17,13652.77,13392.4,13639.5,1.91,386222179.2,2024-12-02
13597.21,13864.61,13458.99,13853.7,1.52,383845202.8,2024-12-03
13911.34,13911.34,13575.18,13645.83,-1.5,496263659.7,2024-12-04
13632.19,13806.77,13324.68,13755.35,0.8,536813885.9,2024-12-05
13763.52,13763.52,13262.2,13332.31,-3.07,298470292.4,2024-12-08
13286.01,13322.87,13054.33,13109.52,-1.67,307980858.3,2024-12-09
13083.73,13161.96,12953.15,12977.91,-1.0,271453905.9,2024-12-10
13018.56,13124.16,12923.26,13116.84,1.07,168107655.2,2024-12-11
13116.84,13173.88,12932.91,12936.42,-1.37,205360323.9,2024-12-12
12943.01,12972.39,12680.77,12700.72,-1.82,247747157.9,2024-12-16
12738.89,12749.94,12607.9,12681.1,-0.15,150736297.2,2024-12-17
12681.1,12755.21,12591.47,12639.11,-0.33,220024978.6,2024-12-18
12639.11,12683.89,12477.38,12506.48,-1.04,228926205.4,2024-12-19
12458.63,12613.56,12377.27,12404.84,-0.81,155807556.2,2024-12-22
12404.84,12512.64,12382.61,12496.3,0.73,146824050.5,2024-12-23
12515.21,12672.43,12490.93,12531.91,0.28,161687080.71,2024-12-24
12531.74,12541.33,12437.98,12493.73,-0.3,136300393.9,2024-12-26
12493.73,12519.35,12408.94,12444.33,-0.39,156885005.1,2024-12-29
12429.08,12462.21,12275.38,12363.1,-0.65,165892289.0,2024-12-31
12363.1,12451.19,12319.09,12354.85,-0.06,95377860.9,2025-01-01
12354.85,12460.47,12343.92,12400.94,0.37,129409743.5,2025-01-02
12400.94,12495.88,12400.94,12435.12,0.27,142289893.2,2025-01-05
12435.12,12720.24,12382.21,12720.24,2.29,205056285.58,2025-01-06
12720.24,12819.53,12630.23,12806.16,0.67,249639521.1,2025-01-07
12936.58,12974.38,12798.22,12867.38,0.47,333000496.2,2025-01-08
12886.36,12913.68,12654.28,12720.4,-1.14,221959060.2,2025-01-09
12752.79,12962.35,12679.25,12704.75,-0.12,174032190.28,2025-01-12
12748.88,12748.88,12557.25,12640.48,-0.5,226187164.1,2025-01-13
12624.57,12753.27,12604.84,12650.71,0.08,182249630.5,2025-01-15
12692.97,12719.59,12516.77,12573.12,-0.61,141995817.6,2025-01-16
12596.81,12704.96,12567.85,12688.36,0.91,262626025.7,2025-01-19
12692.9,12783.42,12677.8,12693.72,0.04,202777375.3,2025-01-20
12677.47,12872.95,12624.61,12833.4,1.1,253500179.4,2025-01-21
12878.08,13112.82,12826.26,13076.66,1.89,541680106.75,2025-01-22
13104.81,13187.19,13041.2,13074.3,-0.01,458742689.1,2025-01-23
13076.78,13173.39,12978.83,12992.23,-0.62,384403509.7,2025-01-26
13018.6,13041.53,12829.97,12848.62,-1.1,301516482.9,2025-01-27
12917.69,12920.73,12784.42,12859.78,0.08,297444502.7,2025-01-28
12883.21,13181.21,12871.23,13172.44,2.43,457336775.3,2025-02-02
13140.66,13427.84,13140.66,13261.74,0.67,636322092.24,2025-02-03
13293.69,13359.99,13207.29,13229.21,-0.24,517369935.9,2025-02-04
13284.66,13323.64,13162.27,13189.49,-0.3,439053663.3,2025-02-05
13229.46,13287.09,13134.16,13168.84,-0.15,512972625.03,2025-02-06
13179.09,13299.95,13049.2,13068.67,-0.76,320849128.0,2025-02-09
13030.08,13100.55,12937.44,12987.65,-0.61,259438803.9,2025-02-10
12987.65,13087.34,12946.09,12976.1,-0.08,237585583.0,2025-02-11
13008.92,13158.93,12992.03,13038.65,0.48,322495471.3,2025-02-12
13043.24,13124.51,12992.91,13019.45,-0.14,355827715.7,2025-02-13
12991.77,13143.42,12978.3,13070.3,0.39,362860087.8,2025-02-16
13116.94,13206.3,13069.69,13186.85,0.89,385972383.8,2025-02-17
13214.38,13468.3,13195.54,13416.89,1.74,566238221.1,2025-02-18
13423.51,13827.66,13392.67,13742.27,2.42,884545166.3,2025-02-20
13680.58,14008.59,13435.11,13860.58,0.86,1417395270.5,2025-02-23
13904.71,13981.23,13700.27,13732.97,-0.92,748824274.9,2025-02-24
13727.42,14002.88,13718.68,13844.34,0.81,734963572.65,2025-02-25
13880.12,13977.09,13812.59,13957.01,0.81,622134252.7,2025-02-27
13965.82,14579.73,13963.53,14558.66,4.31,1100406337.3,2025-03-02
14597.51,14967.73,14597.51,14671.87,0.77,1344374540.5,2025-03-03
14680.2,14903.77,14549.17,14570.29,-0.69,876391995.6,2025-03-04
14629.77,14664.07,14302.33,14353.86,-1.48,790747579.4,2025-03-05
14342.55,14443.35,14204.31,14238.42,-0.8,951172351.8,2025-03-06
14337.29,14360.64,13987.21,13989.72,-1.74,1099724217.0,2025-03-09
14012.8,14115.75,13870.18,13931.38,-0.41,747016275.7,2025-03-10
13962.03,13987.75,13717.54,13748.94,-1.3,929256274.5,2025-03-11
13779.85,13875.98,13702.7,13838.27,0.64,695352415.56,2025-03-12
13839.33,13912.0,13631.33,13691.39,-1.06,599362448.3,2025-03-16
13684.17,13762.91,13557.13,13620.42,-0.51,489793577.7,2025-03-17
13656.05,13691.81,13489.92,13525.08,-0.7,463904370.0,2025-03-18
13525.08,13584.46,13275.99,13324.3,-1.48,477434618.2,2025-03-19
13323.8,13367.9,13245.48,13318.45,-0.04,365581065.9,2025-03-20
13307.45,13324.6,13044.07,13055.14,-1.97,418283055.28,2025-03-23
12994.35,13276.51,12908.97,13246.37,1.46,388642179.7,2025-03-24
13255.79,13255.79,12930.65,12953.75,-2.2,354377012.2,2025-03-25
12954.94,13245.49,12935.38,13221.65,2.06,437569412.0,2025-03-26
13181.23,13470.04,13181.23,13448.38,1.71,394527350.7,2025-03-27
13413.79,13699.13,13370.98,13562.71,0.85,604861066.74,2025-03-30
13532.11,13604.02,13418.66,13476.38,-0.63,451088289.1,2025-04-01
13629.13,13648.47,13449.14,13511.13,0.25,330018140.3,2025-04-02
13541.66,13603.28,13387.59,13420.92,-0.66,503624900.0,2025-04-03
13369.83,13492.22,13288.83,13308.95,-0.83,412627454.0,2025-04-07
13290.19,13312.12,13144.96,13285.59,-0.17,349584076.1,2025-04-08
13371.01,13439.44,13305.88,13315.22,0.22,256493969.2,2025-04-09
13282.93,13398.25,13259.74,13271.93,-0.32,377314283.9,2025-04-10
13286.75,13334.43,13176.12,13190.3,-0.61,352769111.8,2025-04-13
13210.27,13364.02,13183.95,13297.48,0.81,370775475.6,2025-04-15
13325.78,13334.27,13258.25,13304.69,0.05,354735800.5,2025-04-16
13322.94,13489.32,13292.3,13416.76,0.84,531171092.4,2025-04-17
13387.23,13473.82,13282.91,13299.27,-0.87,307199400.4,2025-04-20
13300.54,13327.69,13225.07,13277.11,-0.16,318490134.7,2025-04-21
13288.33,13365.45,13221.14,13244.57,-0.24,242351753.1,2025-04-22
13247.73,13274.25,13158.88,13183.65,-0.45,300088490.9,2025-04-23
13258.27,13261.7,13118.99,13140.65,-0.32,255419722.0,2025-04-24
13140.65,13215.01,13083.01,13124.92,-0.11,422654366.0,2025-04-27
13130.19,13206.09,13094.63,13106.57,-0.13,259576394.2,2025-04-28
13117.07,13182.19,13019.15,13035.63,-0.54,220675959.95,2025-04-29
13049.72,13094.92,13016.63,13025.6,-0.07,248915318.0,2025-04-30
13052.73,13150.4,12980.2,12988.9,-0.28,272407485.0,2025-05-04
12977.77,13104.96,12921.89,12973.76,-0.11,267127467.9,2025-05-05
12973.76,13094.39,12973.76,12990.71,0.13,212492701.5,2025-05-06
13005.94,13339.35,12999.61,13308.73,2.44,325732964.3,2025-05-07
13308.68,13415.47,13296.02,13310.43,0.01,337255449.1,2025-05-08
13319.92,13472.36,13297.85,13325.5,0.11,436342964.5,2025-05-11
13333.34,13507.84,13325.17,13452.89,0.95,453926742.9,2025-05-13
13482.69,13426.53,13331.33,13336.05,-0.86,889403284.2,2025-05-14
13357.79,13363.95,13257.5,13280.28,-0.41,494262280.9,2025-05-15
13240.58,13288.57,13159.76,13190.55,-0.67,426036905.8,2025-05-18
13190.55,13290.11,13183.51,13245.35,0.41,445799241.5,2025-05-19
13241.49,13445.57,13131.1,13421.49,1.32,505442839.0,2025-05-20
13657.0,13917.56,13392.42,13400.14,-0.15,449749602.0,2025-05-21
13440.24,13464.51,13323.64,13379.88,-0.15,451471161.6,2025-05-22
13380.51,13473.83,13282.95,13334.51,-0.33,354248567.4,2025-05-25
13526.77,13622.37,13275.88,13307.07,-0.2,360275535.1,2025-05-26
13269.66,13276.96,13201.98,13234.12,-0.54,257051107.3,2025-05-27
13234.12,13257.73,13147.41,13201.56,-0.24,442779970.3,2025-05-28
13276.29,13354.94,13219.99,13232.8,0.23,371646710.2,2025-06-02
13259.52,13261.71,13123.29,13133.92,-0.74,224359962.7,2025-06-03
13183.52,13184.48,13033.89,13070.43,-0.48,226831656.8,2025-06-04
13060.94,13093.74,12973.78,12997.07,-0.56,231598870.9,2025-06-05
12996.88,13023.34,12852.33,12896.59,-0.77,292408939.4,2025-06-08
12895.84,12940.36,12838.27,12883.96,-0.09,254457520.9,2025-06-09
12906.11,13041.43,12860.35,13023.53,1.08,333166620.55,2025-06-10
13002.49,13067.58,12908.65,12912.97,-0.84,171960976.0,2025-06-11
12913.04,12948.97,12839.96,12847.02,-0.51,234543390.1,2025-06-12
12873.02,12874.24,12767.0,12776.43,-0.54,206794263.7,2025-06-15
12785.88,12891.98,12733.77,12792.01,0.12,227961658.9,2025-06-16
12792.01,12850.84,12717.38,12730.7,-0.47,176714743.2,2025-06-17
12730.7,12789.18,12691.3,12749.27,0.14,205143124.4,2025-06-18
12748.55,12785.0,12668.15,12696.72,-0.41,239916870.6,2025-06-19
12698.56,12698.56,12545.65,12561.49,-1.06,280242244.5,2025-06-22
12594.52,12625.67,12476.16,12511.86,-0.39,148782003.6,2025-06-23
12511.86,12620.26,12483.59,12496.5,-0.12,164737237.7,2025-06-24
12504.46,12559.46,12483.86,12504.51,0.06,164806100.3,2025-06-25
12533.2,12602.56,12449.2,12461.55,-0.34,223472281.3,2025-06-26
12461.55,12588.35,12432.81,12564.59,0.82,177957146.4,2025-06-29
12589.99,12705.26,12569.88,12668.87,0.82,172254028.8,2025-06-30
12668.87,12826.1,12625.37,12811.64,1.12,185143389.2,2025-07-01
12843.01,13227.09,12813.0,13174.32,2.83,374703972.7,2025-07-02
13190.47,13631.5,13136.53,13520.2,2.62,733193426.7,2025-07-03
13507.89,13574.57,13327.85,13343.48,-1.3,773448553.5,2025-07-06
13355.18,13368.25,13183.47,13218.9,-0.93,802282868.4,2025-07-07
13220.86,13253.45,13102.18,13218.19,0.0,609351184.3,2025-07-08
13219.41,13284.05,13201.91,13251.12,0.24,532454864.6,2025-07-09
13257.94,13392.04,13229.95,13276.77,0.19,300471800.0,2025-07-10
13477.55,13584.5,13267.5,13280.34,0.02,339697467.4,2025-07-13
13297.73,13325.65,13093.69,13098.8,-1.36,244607880.0,2025-07-14
13098.9,13216.64,13066.38,13188.81,0.68,232814908.8,2025-07-15
13172.86,13383.82,13172.86,13276.35,0.66,496588654.4,2025-07-16
13289.91,13758.35,13289.91,13693.63,3.14,595558782.6,2025-07-17
13738.32,14151.0,13681.64,13885.84,1.4,970657684.7,2025-07-20
13947.47,13973.67,13714.99,13889.21,0.02,495142233.2,2025-07-21
13915.03,14510.24,13895.08,14495.86,4.36,1045873435.5,2025-07-22
14550.14,14631.1,14229.36,14422.97,-0.5,768894811.9,2025-07-23
14422.43,14467.95,14311.45,14388.61,-0.23,677913241.5,2025-07-24
14420.12,14522.96,14152.39,14193.38,-1.35,875101737.2,2025-07-27
14179.32,14195.73,13911.6,14111.13,-0.57,716626046.9,2025-07-28
14137.88,14396.73,14137.88,14223.74,0.79,652820407.0,2025-07-29
14204.35,14355.61,13940.09,13972.79,-1.76,472663910.1,2025-07-30
14005.39,14045.88,13754.32,13791.76,-1.29,474261781.7,2025-07-31
13797.05,13812.45,13490.49,13493.81,-2.16,480722425.2,2025-08-03
13477.41,13669.78,13417.24,13561.72,0.5,303312420.8,2025-08-04
13561.72,13654.37,13355.24,13362.06,-1.47,273919386.5,2025-08-05
13420.47,13442.73,13291.05,13300.75,-0.45,253347696.7,2025-08-06
13329.72,13458.93,13304.82,13402.68,0.76,234337784.0,2025-08-07
13402.65,13527.37,13257.93,13294.7,-0.8,299601844.4,2025-08-11
13279.99,13279.99,13142.68,13153.43,-1.06,195932963.6,2025-08-12
13129.42,13206.48,13070.03,13078.83,-0.56,205171711.7,2025-08-13
13078.83,13118.62,13048.94,13072.27,-0.05,157329109.3,2025-08-14
13072.29,13192.02,12967.96,12978.58,-0.71,266759181.5,2025-08-17
12974.42,13060.9,12964.05,13021.25,0.32,172240021.5,2025-08-18
13021.25,13165.23,13013.27,13054.6,0.25,171502817.7,2025-08-19
13054.71,13090.05,12978.95,13012.44,-0.32,168051792.2,2025-08-20
12970.66,13034.72,12937.22,12969.81,-0.32,156389846.2,2025-08-21
12907.0,13085.76,12866.81,12912.71,-0.44,204049199.8,2025-08-24
12912.71,13003.22,12872.81,12985.06,0.56,121043823.3,2025-08-25
12985.06,13018.25,12941.65,12993.1,0.06,102848721.9,2025-08-26
13016.33,13314.55,12946.9,13281.52,2.21,323684478.0,2025-08-27
13271.15,13290.67,13045.68,13061.56,-1.65,225630682.1,2025-08-28
13074.71,13074.71,12913.46,12930.07,-1.0,181065095.5,2025-08-31
13074.38,13095.41,12888.29,12930.66,0.0,126793060.0,2025-09-01
12997.19,12997.19,12879.16,12891.6,-0.3,118695842.8,2025-09-02
12877.5,12914.02,12813.03,12819.01,-0.56,105515903.9,2025-09-03
12831.78,12905.41,12724.9,12768.44,-0.39,136061691.5,2025-09-04
12747.64,12826.3,12683.3,12716.79,-0.4,102418711.8,2025-09-07
12719.04,12755.6,12567.75,12604.13,-0.88,125149602.3,2025-09-08
12368.03,12368.03,11763.65,11763.82,-6.66,22516227.0,2025-09-18
11681.65,12487.49,11631.44,12430.49,5.66,561823225.9,2025-09-21
12452.84,12763.98,12394.3,12717.98,2.31,182070479.0,2025-09-23
12717.98,12765.53,12576.57,12651.66,-0.52,120283797.5,2025-09-24
12641.99,12654.89,12506.14,12648.23,-0.02,83375595.5,2025-09-25
12663.38,12749.76,12613.85,12749.76,0.8,95849391.4,2025-09-28
12734.86,12744.02,12463.58,12512.44,-1.86,116851433.1,2025-10-07
12512.44,12512.44,12178.13,12306.28,-1.64,156684424.5,2025-10-08
12447.26,12996.28,12402.21,12466.99,1.3,162339646.4,2025-10-09
12466.99,12475.14,12119.44,12147.96,-2.55,209552519.4,2025-10-12
12263.92,12381.78,11974.84,12381.78,1.92,196086660.6,2025-10-13
12399.92,12405.73,12222.25,12260.34,-0.98,196119613.5,2025-10-14
12260.34,12266.18,12110.19,12167.36,-0.75,161396619.2,2025-10-15
12167.36,12261.23,12015.66,12066.3,-0.83,112552328.8,2025-10-16
12066.3,12151.53,11977.72,12106.93,0.33,73184515.6,2025-10-19
12106.93,12196.19,11979.72,12196.19,0.73,80393308.1,2025-10-26
12189.96,12655.8,12166.36,12629.82,3.55,219947597.5,2025-10-28
12629.82,12770.79,12483.24,12548.56,-0.64,224813559.3,2025-10-29
12548.56,12811.55,12439.89,12775.16,1.8,270879191.1,2025-10-30
12807.51,13332.03,12747.46,13332.03,4.35,644017316.4,2025-11-02
13332.27,13406.29,13099.38,13191.21,-1.05,378505195.2,2025-11-03
13191.21,13234.27,12956.37,13000.07,-1.44,230730936.4,2025-11-04
13000.07,13056.1,12829.29,13052.59,0.4,210906205.6,2025-11-05
13069.63,13112.27,12927.71,12977.33,-0.57,263539642.9,2025-11-06
12992.73,12992.73,12764.9,12802.38,-1.34,332905474.2,2025-11-09
12814.64,12877.3,12684.18,12768.65,-0.26,198844028.1,2025-11-10
12763.03,12870.05,12681.37,12842.68,0.57,126542091.2,2025-11-11
12836.81,12886.89,12657.2,12714.27,-0.99,194329240.6,2025-11-12
12682.46,12787.06,12600.09,12689.39,-0.19,166295380.7,2025-11-13
12689.39,12723.7,12613.18,12675.76,-0.1,146978702.1,2025-11-16
12676.27,12760.99,12629.21,12757.41,0.64,176383178.1,2025-11-17
12757.41,12929.65,12749.42,12816.54,0.46,211354393.4,2025-11-18
12813.83,12861.49,12695.48,12747.65,-0.53,167124887.5,2025-11-19
12738.73,12763.24,12664.27,12729.38,-0.14,142108219.64,2025-11-20
12720.47,13060.39,12716.29,13054.93,2.55,413142855.0,2025-11-23
13091.51,13732.22,13071.91,13699.92,4.94,1338242672.4,2025-11-24
13760.68,13783.63,13489.85,13658.59,-0.3,633599987.1,2025-11-25
13747.93,13748.74,13505.59,13613.7,-0.32,574039488.8,2025-11-26
13630.83,13680.0,13529.46,13633.41,0.14,649388933.9,2025-11-27
13641.5,13818.69,13434.09,13468.67,-1.2,794958512.2,2025-11-30
13437.87,13523.17,13337.72,13398.71,-0.51,379103031.3,2025-12-01
13383.03,13469.04,13277.31,13322.01,-0.57,239056466.2,2025-12-02
13305.51,13385.28,13150.91,13164.05,-1.18,296619557.3,2025-12-03
13164.05,13317.03,13035.07,13085.1,-0.59,301662991.2,2025-12-07
13110.48,13201.69,13011.77,13150.59,0.5,271305231.4,2025-12-08
13193.8,13291.59,13091.66,13258.94,0.82,256649619.5,2025-12-09
13275.94,13370.07,13203.4,13230.44,-0.21,285671958.0,2025-12-10
13257.22,13297.68,13184.93,13255.41,0.18,275490816.6,2025-12-11
13277.74,13291.38,13127.26,13139.75,-0.87,255470569.5,2025-12-14
13171.18,13190.9,13096.95,13180.32,0.3,207332296.5,2025-12-15
13186.38,13278.78,13172.39,13272.4,0.69,257170339.0,2025-12-16
13281.22,13427.16,13274.63,13360.21,0.66,352979027.4,2025-12-17
13371.68,13398.78,13249.68,13270.69,-0.67,426809962.4,2025-12-18
13310.42,13310.42,13056.94,13068.95,-1.52,533935990.75,2025-12-21
13020.87,13040.93,12916.59,12936.56,-1.01,352338041.2,2025-12-22
12930.41,12969.25,12778.66,12834.4,-0.78,265748581.0,2025-12-23
12865.98,12919.84,12792.38,12824.59,-0.07,199803707.3,2025-12-24
12836.92,13082.44,12799.35,13071.76,1.92,360432533.0,2025-12-28
13104.21,13115.89,12939.17,12959.61,-0.85,245275733.1,2025-12-29
12984.11,13071.38,12984.11,13028.85,0.53,281920095.7,2025-12-31
13034.23,13053.09,12888.46,12927.06,-0.78,230169120.8,2026-01-01
12911.87,12925.3,12792.48,12813.11,-0.88,185068121.4,2026-01-04
12813.11,12887.07,12777.79,12876.94,0.49,254182758.5,2026-01-05
12876.94,12993.85,12876.15,12882.53,0.04,182781553.9,2026-01-06
12898.27,12931.01,12814.79,12872.53,-0.07,157520946.8,2026-01-07
12826.32,12915.3,12772.0,12915.3,0.33,175595044.4,2026-01-08
12915.3,12965.66,12850.94,12891.01,-0.18,211164220.8,2026-01-12
12912.75,12953.48,12849.82,12868.9,-0.17,180335322.7,2026-01-13
12868.9,12942.88,12834.55,12867.38,-0.01,201785646.3,2026-01-14
12860.15,13040.47,12858.33,13029.39,1.25,261220355.7,2026-01-18
13052.3,13310.16,13052.3,13272.53,1.86,443441666.6,2026-01-20
13256.12,13344.0,13173.8,13224.64,-0.36,282024184.7,2026-01-21
13239.5,13246.52,13133.57,13228.57,0.02,254587059.6,2026-01-22
13236.66,13503.63,13201.35,13497.25,2.03,506125157.5,2026-01-25
13502.61,13556.98,13345.6,13425.38,-0.53,523853363.2,2026-01-26
13403.63,13459.81,13099.1,13175.72,-1.85,420112912.6,2026-01-27
13182.8,13228.5,13037.13,13163.77,-0.09,325600544.5,2026-01-28
13176.8,13189.19,13060.43,13079.68,-0.63,340195328.7,2026-01-29
13086.77,13108.06,12954.38,13011.38,-0.52,237496192.9,2026-02-01
12944.05,13104.79,12916.16,12965.17,-0.35,250603162.5,2026-02-02
12955.64,13037.41,12891.19,12915.59,-0.38,192175617.5,2026-02-03
12791.1,13021.46,12787.66,12898.39,-0.13,184999526.0,2026-02-04
12920.05,13045.02,12857.44,13042.24,1.11,280675914.9,2026-02-05
13034.18,13117.09,12935.06,12949.09,-0.71,265546905.2,2026-02-08
12949.09,12958.64,12796.24,12823.67,-0.96,250360838.0,2026-02-09
12815.28,12852.22,12712.47,12725.23,-0.76,233838531.1,2026-02-10
12865.8,12913.9,12664.78,12695.91,-0.23,295034128.9,2026-02-11
12704.18,12763.36,12645.36,12759.14,0.49,208457571.1,2026-02-12
12776.21,12786.1,12670.55,12701.08,-0.45,151075356.5,2026-02-16
12700.76,12712.61,12525.64,12601.61,-0.78,260034665.8,2026-02-17
12616.84,12616.84,12466.08,12509.01,-0.73,167586588.2,2026-02-22
12524.24,12548.16,12453.02,12518.07,0.07,128044570.8,2026-02-23
12539.59,12607.91,12449.14,12606.93,0.7,126239096.3,2026-02-24
12600.09,12858.48,12574.16,12832.74,1.79,208608825.8,2026-02-25
12917.48,12917.48,12737.97,12837.31,0.03,103168772.4,2026-02-26
12821.47,12914.08,12622.18,12914.08,0.59,173815478.8,2026-03-01
13042.15,13050.12,12823.92,13050.12,1.05,187462445.4,2026-03-03
13265.79,13660.71,13265.78,13660.44,4.67,19852830.3,2026-03-09
13834.27,13859.97,13372.96,13730.91,0.51,902042982.0,2026-03-10
13851.92,13854.6,13428.17,13458.63,-1.98,322332556.2,2026-03-11
13458.63,13531.51,13365.42,13508.36,0.36,280795899.0,2026-03-12
13540.61,13559.92,13387.79,13446.03,-0.46,298988768.8,2026-03-15
13521.85,13535.04,13255.71,13318.34,-0.94,248418430.0,2026-03-16
13333.65,13333.65,13200.66,13275.78,-0.31,193735700.4,2026-03-17
13296.92,13653.56,13289.5,13643.08,2.76,617684011.8,2026-03-19
13672.76,13986.45,13656.21,13916.15,2.0,927919434.9,2026-03-22
13971.28,13998.19,13738.2,13850.53,-0.47,480639532.0,2026-03-23
13850.53,13877.2,13701.22,13798.66,-0.37,371949868.3,2026-03-24
13842.92,13842.92,13546.23,13605.93,-1.39,437785971.1,2026-03-25
13605.93,13628.2,13478.95,13600.3,-0.04,297984372.8,2026-03-26
13675.51,13675.51,13288.04,13299.8,-2.2,423108228.0,2026-03-29
13361.83,13361.83,13103.62,13113.53,-1.4,307294606.9,2026-03-30
13097.32,13208.49,12955.46,13181.83,0.52,249284152.0,2026-03-31
13161.15,13188.48,12821.96,12914.31,-2.02,330418052.9,2026-04-01
12899.17,12991.37,12697.67,12889.7,-0.19,221196314.1,2026-04-02
12859.09,12866.24,12418.51,12425.98,-3.59,430632243.0,2026-04-05
12412.89,12796.24,12393.36,12756.62,2.66,255145182.5,2026-04-06
12756.62,12857.45,12653.01,12698.52,-0.45,161374628.7,2026-04-07
12768.84,12869.43,12687.57,12865.81,1.31,180000953.0,2026-04-08
12858.48,13002.92,12788.34,12993.36,0.99,189868181.2,2026-04-09
12988.47,13027.36,12840.88,12899.98,-0.71,176868039.1,2026-04-10
12930.26,12936.73,12820.42,12840.53,-0.46,117952003.4,2026-04-13
12838.36,12971.51,12812.58,12900.62,0.46,160023556.5,2026-04-15
12895.86,12895.86,12758.63,12783.6,-0.9,173704906.6,2026-04-16
12780.18,12799.83,12655.51,12773.56,-0.07,140914192.0,2026-04-17
12869.72,12879.01,12642.71,12693.38,-0.62,74314498.0,2026-04-20
12973.53,12973.53,12621.69,12663.86,-0.23,77418024.9,2026-04-21
12580.36,12725.98,12496.27,12631.88,-0.25,166033595.9,2026-04-22
12643.09,12645.85,12510.37,12577.35,-0.43,91632381.2,2026-04-23
12587.39,12587.39,12430.88,12543.62,-0.26,91632381.2,2026-04-24
12526.12,12634.74,12498.65,12560.48,0.13,117738937.3,2026-04-27
12549.97,12589.17,12487.65,12539.73,-0.16,107072118.3,2026-04-28
12531.49,12559.32,12403.45,12434.07,-0.84,106432144.0,2026-04-29
12434.07,12437.53,12311.08,12401.21,-0.26,106127059.3,2026-04-30
12401.21,12433.95,12293.16,12339.88,-0.49,96685594.7,2026-05-04
12329.13,12367.65,12232.51,12353.08,0.1,87714259.5,2026-05-05
12382.46,12385.44,12268.41,12313.32,-0.32,88537187.0,2026-05-06
12326.42,12380.14,12267.24,12350.88,0.3,64004521.2,2026-05-07
12358.9,12461.29,12356.61,12430.11,0.64,109622519.2,2026-05-08
12429.75,12560.82,12429.75,12553.38,0.99,89231601.7,2026-05-11
12563.0,12627.29,12452.62,12484.89,-0.54,95051774.9,2026-05-12
12498.76,12498.76,12353.35,12421.76,-0.5,74926934.4,2026-05-13
12407.1,12423.52,12345.33,12423.49,0.01,58657984.4,2026-05-14
12477.02,12481.1,12351.86,12402.93,-0.16,87798595.8,2026-05-15
12402.93,12452.74,12356.62,12393.49,-0.07,67354711.5,2026-05-18
12398.24,12428.44,12352.44,12365.5,-0.22,63180271.4,2026-05-19
12365.5,12486.5,12352.21,12486.5,0.97,79702141.49,2026-05-20
12604.78,12611.89,12403.98,12473.07,-0.1,78349202.7,2026-05-21
12479.42,12516.36,12417.33,12516.34,0.34,81961518.5,2026-05-22
12512.75,12616.17,12448.64,12597.67,0.64,125993029.9,2026-05-25
12595.99,12606.66,12502.18,12529.95,-0.53,159037156.6,2026-05-26
12527.5,12616.09,12491.04,12616.09,0.68,121160026.6,2026-05-27
12573.81,12666.32,12496.48,12515.85,-0.79,113596011.1,2026-06-01
12561.47,12593.57,12463.88,12550.87,0.27,122002021.4,2026-06-02
12550.87,12917.3,12524.47,12768.27,1.73,313056772.0,2026-06-03
12783.91,12794.6,12667.98,12708.37,-0.46,125276760.0,2026-06-04
12665.77,12718.98,12612.73,12652.03,-0.44,135208567.1,2026-06-05
12619.96,12643.66,12494.75,12583.34,-0.54,129313170.0,2026-06-08
12700.69,12700.69,12426.57,12536.01,-0.37,134632222.6,2026-06-09
12527.36,12559.84,12456.62,12495.25,-0.32,95345278.2,2026-06-10
12510.01,12602.16,12420.94,12467.78,-0.2,96548681.2,2026-06-11
12459.76,12489.28,12404.03,12443.41,-0.19,75046012.0,2026-06-12
12530.75,12562.67,12380.95,12411.88,-0.25,90184071.9,2026-06-15
12599.57,12601.97,12351.6,12386.93,-0.2,66839884.7,2026-06-16
12490.59,12518.01,12336.16,12378.07,-0.07,94464525.2,2026-06-17
12393.51,12393.51,12308.67,12359.72,-0.14,72041721.8,2026-06-18
12551.11,12612.65,12317.61,12400.72,0.33,88033650.2,2026-06-19
12370.11,12403.61,12323.03,12344.51,-0.45,78948004.8,2026-06-22
12316.97,12325.11,12222.64,12239.39,-0.85,95667751.0,2026-06-23
12233.01,12269.55,12092.7,12181.89,-0.46,144907940.6,2026-06-24
12173.09,12208.51,12074.34,12154.76,-0.22,90251758.0,2026-06-25
12154.76,12171.86,12107.01,12147.5,-0.05,80485623.4,2026-06-26
12140.44,12161.45,12016.3,12063.84,-0.68,85193403.7,2026-06-29
12048.69,12059.75,11964.47,11996.07,-0.56,83850214.3,2026-06-30
11973.1,12234.54,11947.19,12174.72,1.48,53803007.5,2026-07-01
12361.09,12383.95,12012.56,12194.86,0.16,82942627.3,2026-07-02
12345.28,12420.36,12076.32,12108.14,-0.71,88324470.9,2026-07-03
12123.24,12188.74,11992.18,12024.59,-0.69,78605123.0,2026-07-06
11985.96,12107.62,11985.96,12107.62,0.69,98457233.2,2026-07-07
12088.27,12121.05,11945.26,12007.05,-0.83,76828245.9,2026-07-08
11997.64,12002.28,11911.18,11933.69,-0.61,86391587.9,2026-07-09
11927.32,12025.95,11884.27,11923.74,-0.08,137335314.6,2026-07-10
11917.68,11997.6,11780.94,11795.45,-1.07,136824600.1,2026-07-13
11973.72,11973.72,11718.65,11839.77,0.37,83011581.3,2026-07-14
11831.25,12012.32,11784.96,11907.64,0.57,80665055.2,2026-07-15
12161.37,12181.34,11841.81,11938.24,0.25,128046542.2,2026-07-16
11908.85,12266.37,11846.41,12266.37,2.74,92950830.6,2026-07-17
12311.13,12401.51,12169.31,12369.66,0.84,121946734.4,2026-07-20
12474.95,12502.36,12225.06,12354.95,-0.11,128593760.0,2026-07-21
12271.63,12343.25,12195.89,12274.93,-0.64,78199271.1,2026-07-22
12451.25,12467.87,12144.1,12303.08,0.22,90429781.8,2026-07-23
12310.17,12365.56,12274.17,12319.59,0.13,137742784.4,2026-07-24
12334.59,12352.84,12153.45,12164.76,-1.25,133949499.6,2026-07-27
12154.36,12173.9,12071.02,12093.88,-0.58,69393914.1,2026-07-28
12175.32,12198.48,12046.58,12069.98,-0.19,62019126.8,2026-07-29
12024.45,12128.78,11976.51,12018.4,-0.42,67602887.0,2026-07-30
12032.96,12067.67,11947.75,12042.14,0.19,100503837.8,2026-07-31
12015.15,12112.52,11970.9,12053.94,0.09,100190383.6,2026-08-03
12053.76,12062.99,11935.34,11955.01,-0.82,93423292.6,2026-08-04
11954.84,11959.8,11902.13,11946.28,-0.07,66326579.9,2026-08-05
11924.13,11953.6,11846.76,11865.57,-0.67,85955444.5,2026-08-06
11880.16,11880.16,11792.2,11828.29,-0.31,71424933.3,2026-08-07
11822.15,11843.15,11721.26,11754.32,-0.62,94360755.50,2026-08-10
11768.59,11830.57,11718.04,11765.84,0.09,96859583.30,2026-08-11
