date,open,high,low,ltp,percent_change,qty,turnover
2023-03-12,529.9,529.9,488.0,509.9,-4.15,86177,43425284.8
2023-03-09,507.9,532.0,495.0,532.0,6.61,22010,11182447.6
2023-03-07,490.0,504.9,490.0,499.0,1.84,10378,5144822.9
2023-03-05,490.1,499.9,481.2,490.0,-1.39,6254,3037642.7
2023-03-02,488.0,498.0,488.0,496.9,0.38,14385,7052871.4
2023-03-01,490.2,503.8,490.2,495.0,0.2,14406,7174463.3
2023-02-28,500.0,504.0,494.0,494.0,-1.98,11055,5521491.4
2023-02-27,505.0,509.0,489.0,504.0,-1.18,9951,4928302.1
2023-02-26,492.6,512.0,482.2,510.0,1.59,13077,6491588.0
2023-02-23,508.0,510.0,500.0,502.0,-3.14,14949,7517507.9
2023-02-22,511.9,521.0,500.1,518.3,3.04,5626,2870767.3
2023-02-20,510.0,510.0,498.0,503.0,-1.57,10540,5299577.1
2023-02-16,521.0,522.0,509.1,511.0,-1.92,9799,5025326.3
2023-02-15,521.2,527.0,516.0,521.0,-0.57,8857,4617345.7
2023-02-14,522.0,527.5,517.1,524.0,-0.57,21061,11021999.8
2023-02-12,531.0,536.0,521.0,527.0,-0.91,23015,12141751.7
2023-02-09,555.0,570.0,553.0,569.0,2.52,51077,28731888.3
2023-02-08,555.7,563.9,550.0,555.0,0.73,39958,22230606.7
2023-02-07,541.0,551.0,535.0,551.0,3.53,26908,14655711.7
2023-02-06,528.1,534.0,525.7,532.2,0.42,17114,9076679.3
2023-02-05,541.0,544.0,530.0,530.0,-1.65,28881,15453604.3
2023-02-02,555.8,555.9,532.2,538.9,-1.3,26249,14126038.3
2023-02-01,550.0,562.0,530.0,546.0,1.13,81074,43996110.3
2023-01-31,518.5,559.2,518.5,539.9,6.2,262970,143703046.1
2023-01-30,471.4,508.4,471.4,508.4,10.0,2099,1066206.8
2023-01-29,428.6,462.2,428.6,462.2,10.0,907,418314.4
2023-01-26,389.6,420.2,389.6,420.2,10.0,689,288694.4
2022-07-13,380.0,387.6,372.4,382.0,1.06,8056,3057684.2
2022-07-12,374.0,383.5,370.1,378.0,1.07,4102,1540097.0
2022-07-11,383.0,383.0,365.6,374.0,-4.05,11322,4215128.8
2022-07-08,385.2,389.8,375.0,389.8,-0.79,8009,3046775.2
2022-07-07,404.9,415.0,386.0,392.9,-1.03,15789,6290034.9
2022-07-06,400.9,402.0,390.0,397.0,-2.93,21944,8668238.5
2022-07-05,418.0,420.0,401.1,409.0,-2.39,7931,3239421.7
2022-07-04,404.0,433.5,400.0,419.0,4.02,45389,18993537.5
2022-07-03,399.9,404.0,390.1,402.8,0.73,16852,6702737.2
2022-07-01,395.0,408.8,387.1,399.9,-0.77,33773,13301731.8
2022-06-30,385.1,409.9,385.0,403.0,3.07,17157,6898323.7
2022-06-29,373.7,396.9,373.7,391.0,3.92,9344,3620217.3
2022-06-28,400.1,413.0,400.0,412.0,0.98,32802,13367719.2
2022-06-27,414.7,429.9,402.5,408.0,-3.55,9847,4090924.6
2022-06-26,410.0,425.0,395.0,423.0,4.96,17524,7251588.8
2022-06-24,402.0,409.9,375.0,403.0,1.0,12573,4981786.6
2022-06-23,405.7,412.9,392.0,399.0,-1.68,9632,3824074.3
2022-06-22,406.0,416.0,395.0,405.8,-1.72,9239,3743973.8
2022-06-21,404.0,413.0,395.0,412.9,4.06,3850,1550479.3
2022-06-20,395.1,402.8,390.1,396.8,-1.56,9715,3826326.4
2022-06-19,410.7,417.0,403.0,403.1,-3.79,3366,1365887.5
2022-06-17,410.0,423.9,402.0,419.0,3.46,2990,1210782.0
2022-06-16,412.6,429.0,405.0,405.0,-3.8,4053,1670086.6
2022-06-15,427.0,427.0,402.0,421.0,-1.41,17240,7058906.0
2022-06-14,436.2,436.2,427.0,427.0,-4.04,2690,1155652.5
2022-06-13,435.0,445.0,430.0,445.0,1.37,5151,2233343.3
2022-06-10,444.1,449.9,436.2,439.0,-3.09,6154,2701812.5
2022-06-09,452.8,471.0,444.0,453.0,-1.95,13587,6202507.5
2022-06-08,446.0,464.0,433.0,462.0,5.24,12914,5813502.0
2022-06-07,445.0,451.9,429.0,439.0,-3.3,4417,1912677.3
2022-06-06,463.0,463.0,439.0,454.0,-0.15,5805,2603304.5
2022-06-03,454.7,458.0,438.0,454.7,-1.98,5474,2458079.0
2022-06-02,442.1,463.9,435.5,463.9,4.01,10404,4603100.2
2022-06-01,469.9,470.0,444.0,446.0,-3.67,10417,4679802.1
2022-05-31,476.0,485.0,456.0,463.0,-4.52,6313,2967620.8
2022-05-30,493.0,493.0,476.0,484.9,-3.6,4342,2094865.0
2022-05-27,509.9,509.9,490.0,503.0,-0.4,7327,3635958.2
2022-05-26,507.7,509.0,498.0,505.0,-2.51,4135,2069341.1
2022-05-25,506.0,518.0,488.0,518.0,4.23,7554,3803092.3
2022-05-24,517.0,517.0,477.2,497.0,-5.39,11211,5580320.6
2022-05-23,497.0,525.3,484.1,525.3,4.02,17947,8820622.4
2022-05-20,534.0,534.0,503.0,505.0,-3.81,12142,6178356.5
2022-05-19,554.0,554.0,520.0,525.0,-7.08,15881,8398924.0
2022-05-18,554.0,565.0,535.0,565.0,1.91,10657,5806591.7
2022-05-17,603.7,603.7,554.4,554.4,-10.0,31521,17838084.7
2022-05-12,637.0,637.0,608.2,616.0,-2.99,4742,2908417.3
2022-05-11,629.9,636.0,607.0,635.0,1.76,5787,3613488.4
2022-05-10,590.0,624.0,590.0,624.0,3.83,5684,3456065.3
2022-05-09,595.0,610.0,591.0,601.0,0.17,3956,2360535.0
2022-05-08,590.0,600.0,575.4,600.0,0.5,10614,6182524.0
2022-05-05,620.0,620.0,597.0,597.0,-3.08,7154,4314358.8
2022-05-04,627.0,632.0,615.3,616.0,-1.75,5753,3567041.9
2022-05-02,643.0,643.0,625.1,627.0,-4.42,3775,2387963.9
2022-04-28,664.9,666.0,647.0,656.0,0.17,3504,2278426.1
2022-04-27,651.1,657.0,649.0,654.9,-0.77,3669,2392608.2
2022-04-26,672.0,672.0,649.0,660.0,-0.09,4964,3264912.0
2022-04-25,683.0,683.0,660.6,660.6,-3.28,6414,4285936.0
2022-04-24,655.0,693.5,647.0,683.0,5.58,7895,5297687.2
2022-04-21,632.0,655.8,632.0,646.9,0.61,5725,3649992.0
2022-04-20,668.0,668.0,643.0,643.0,-3.31,9174,5995169.1
2022-04-19,678.0,682.9,655.0,665.0,-1.95,5578,3716981.3
2022-04-18,696.8,696.8,678.0,678.2,-4.61,9063,6196438.2
2022-04-17,694.0,711.0,667.0,711.0,1.86,10616,7225223.8
2022-04-13,690.0,703.8,678.2,698.0,0.72,4177,2866531.9
2022-04-12,700.0,706.0,687.0,693.0,-2.38,6031,4180934.4
2022-04-11,737.0,737.0,705.0,709.9,-1.95,6907,4902569.1
2022-04-07,710.0,724.0,706.1,724.0,1.69,6506,4668304.0
2022-04-06,710.0,720.0,701.0,712.0,-0.97,8381,5922939.0
2022-04-05,726.0,734.0,707.5,719.0,-2.31,41151,29427866.3
2022-04-04,727.0,740.0,718.0,736.0,1.78,22731,16540183.5
2022-04-03,721.0,729.0,720.0,723.1,0.29,9031,6527818.3
2022-03-31,749.0,750.0,721.0,721.0,-2.7,8647,6302691.8
2022-03-30,715.0,741.0,715.0,741.0,2.92,8919,6518213.9
2022-03-29,733.0,735.0,715.7,720.0,-1.37,8425,6127868.4
2022-03-28,740.0,748.0,727.0,730.0,-2.01,21406,15772838.2
2022-03-27,768.0,800.1,745.0,745.0,-1.06,77126,59772312.0
2022-03-24,731.0,761.0,730.0,753.0,2.45,26211,19664635.1
2022-03-23,730.0,755.0,726.3,735.0,-0.68,7838,5785336.3
2022-03-22,742.0,742.0,735.0,740.0,0.68,12630,9333967.6
2022-03-21,735.0,738.0,726.0,735.0,1.51,7270,5326736.3
2022-03-20,730.0,738.0,724.0,724.1,-0.81,14286,10445667.2
2022-03-16,729.0,739.5,721.0,730.0,1.39,28423,20832018.6
2022-03-15,727.0,731.0,718.0,720.0,0.42,11662,8451195.8
2022-03-14,716.0,726.9,707.3,717.0,-0.55,5527,3968876.0
2022-03-13,686.0,721.0,679.2,721.0,5.1,26507,18785858.9
2022-03-10,640.0,686.0,639.2,686.0,5.54,12388,8238974.4
2022-03-09,662.0,663.0,650.0,650.0,-1.69,12353,8091384.0
2022-03-07,684.0,684.0,661.1,661.2,-1.9,7360,4899331.2
2022-03-06,680.0,680.0,659.2,674.0,-0.88,5447,3649480.2
2022-03-02,679.2,685.0,673.2,680.0,-1.73,11608,7852780.1
2022-02-28,712.0,713.0,688.0,692.0,-3.62,12391,8642352.2
2022-02-27,708.1,722.0,706.2,718.0,-0.28,9446,6727023.9
2022-02-24,719.4,730.0,696.0,720.0,-1.91,38911,27542657.3
2022-02-23,736.0,748.8,729.0,734.0,-0.94,4851,3565652.7
2022-02-22,734.0,741.0,725.0,741.0,2.63,25205,18372426.9
2022-02-21,723.0,738.0,710.0,722.0,0.11,7406,5366714.8
2022-02-20,734.0,740.0,721.2,721.2,-3.32,8438,6136077.1
2022-02-17,755.0,755.0,742.1,746.0,-0.13,3798,2836961.7
2022-02-16,745.0,764.0,744.0,747.0,-1.56,9755,7361966.8
2022-02-15,744.0,758.8,735.0,758.8,3.79,12364,9176263.0
2022-02-14,735.0,748.9,730.0,731.1,0.15,14517,10705680.1
2022-02-13,756.0,756.0,725.0,730.0,-4.74,21393,15628196.0
2022-02-10,775.0,790.5,766.3,766.3,-0.74,24227,18745445.3
2022-02-09,779.0,781.0,769.0,772.0,-1.15,7907,6097513.0
2022-02-08,795.9,805.0,775.0,781.0,0.06,46295,36457556.5
2022-02-07,770.0,790.6,767.1,780.5,1.89,17467,13621916.7
2022-02-06,775.0,782.0,765.4,766.0,-1.54,13317,10307264.9
2022-02-03,807.0,807.0,778.0,778.0,-2.75,29500,23208822.0
2022-02-01,776.0,802.0,776.0,800.0,1.14,19898,15754767.5
2022-01-31,823.0,823.0,789.0,791.0,-2.22,21905,17388799.1
2022-01-30,787.0,812.9,775.0,809.0,4.79,45319,36287443.8
2022-01-27,775.0,790.0,771.0,772.0,-1.4,25389,19779131.6
2022-01-26,780.0,784.0,762.0,783.0,-0.63,33314,25674883.7
2022-01-25,773.0,803.0,772.0,788.0,0.13,33768,26681966.0
2022-01-24,803.0,807.0,765.0,787.0,-3.67,120917,94635515.0
2022-01-23,820.0,826.0,802.0,817.0,0.86,41181,33516043.4
2022-01-20,795.0,811.9,780.0,810.0,2.77,36780,29388543.5
2022-01-19,804.0,815.0,783.0,788.2,-0.61,44621,35762166.4
2022-01-18,800.0,812.0,792.0,793.0,-1.25,70467,56303946.8
2022-01-17,784.3,812.0,784.3,803.0,0.5,84293,67477966.4
2022-01-16,804.0,816.0,792.0,799.0,1.27,64300,51595652.6
2022-01-13,735.0,801.0,735.0,789.0,5.62,69241,53169664.7
2022-01-12,766.0,790.0,745.0,747.0,-1.45,75085,57380632.3
2022-01-11,733.0,770.0,713.0,758.0,4.86,57627,43310181.0
2022-01-10,730.0,743.9,710.0,722.9,0.96,31671,22741015.7
2022-01-09,691.0,720.0,690.0,716.0,3.77,61532,43513574.9
2022-01-06,670.0,695.0,670.0,690.0,1.17,7601,5201453.9
2022-01-05,709.0,710.0,675.0,682.0,-2.43,27457,18874429.4
2022-01-04,700.0,700.0,685.0,699.0,1.16,13630,9455805.8
2022-01-03,717.0,717.0,685.0,691.0,-2.12,28734,20098338.6
2022-01-02,692.9,706.5,679.0,706.0,3.82,28433,19852980.9
2021-12-29,670.0,683.0,650.0,680.0,1.49,20411,13799383.4
2021-12-28,666.0,670.0,635.0,670.0,0.6,17030,11128555.5
2021-12-27,718.0,732.3,656.6,666.0,-5.4,62113,42210388.9
2021-12-26,652.0,704.0,645.0,704.0,10.0,57747,40051093.2
2021-12-23,640.0,658.0,619.0,640.0,1.91,18702,12013594.8
2021-12-22,610.0,631.3,600.0,628.0,4.84,23523,14586528.0
2021-12-21,595.0,605.0,590.0,599.0,1.87,5841,3491414.8
2021-12-20,604.0,604.0,570.0,588.0,-1.01,6302,3681012.7
2021-12-16,611.0,611.0,584.0,594.0,-1.0,7402,4351545.6
2021-12-15,616.0,628.0,588.0,600.0,-0.83,13851,8423521.2
2021-12-14,583.0,606.0,583.0,605.0,5.77,7928,4728246.5
2021-12-13,600.0,615.0,566.5,572.0,-5.45,24626,14304810.5
2021-12-12,634.0,634.0,605.0,605.0,-5.01,13245,8127823.5
2021-12-09,621.0,641.0,621.0,636.9,1.1,6154,3886918.0
2021-12-08,650.0,655.0,630.0,630.0,-2.02,9589,6136199.6
2021-12-07,677.2,690.0,643.0,643.0,-3.16,8678,5730126.8
2021-12-06,650.0,682.0,636.0,664.0,0.61,13072,8501427.7
2021-12-05,662.0,675.0,645.0,660.0,-2.0,15917,10451078.7
2021-12-02,684.0,697.0,670.0,673.5,-3.37,10644,7225383.5
2021-12-01,703.0,710.0,685.1,697.0,0.0,6701,4692017.7
2021-11-30,700.0,709.8,685.0,697.0,-0.14,5397,3742386.3
2021-11-29,696.0,737.0,691.0,698.0,0.29,9199,6449477.7
2021-11-28,728.9,728.9,695.8,696.0,-4.51,23107,16314340.9
2021-11-25,755.0,755.0,726.0,728.9,-1.63,7092,5198488.0
2021-11-24,731.0,746.9,730.0,741.0,0.0,8238,6056459.4
2021-11-23,748.0,769.9,735.0,741.0,-2.88,18822,14058133.2
2021-11-22,773.0,783.0,755.0,763.0,0.26,31586,24216987.0
2021-11-21,756.0,780.0,752.7,761.0,-1.04,25766,19520284.8
2021-11-18,799.0,800.0,754.5,769.0,-2.53,20230,15578604.8
2021-11-17,765.0,803.0,754.0,789.0,4.64,66470,51749248.1
2021-11-16,720.0,758.5,720.0,754.0,3.3,22295,16621276.6
2021-11-15,730.0,740.0,721.0,729.9,1.8,14543,10620503.5
2021-11-14,690.0,720.0,683.0,717.0,3.17,11877,8358471.7
2021-11-11,697.0,710.0,686.0,695.0,-2.25,12400,8669645.2
2021-11-09,731.0,745.6,708.0,711.0,-4.56,14708,10573499.9
2021-11-08,765.0,769.0,735.0,745.0,-0.67,13856,10365385.8
2021-11-03,765.0,770.0,746.9,750.0,-1.57,12572,9515278.4
2021-11-02,740.0,785.5,740.0,762.0,1.03,20796,15755339.1
2021-11-01,780.0,783.0,740.0,754.2,-2.05,29276,22407814.4
2021-10-31,734.0,771.0,715.0,770.0,6.94,36230,26935953.2
2021-10-28,720.0,739.0,710.5,720.0,-0.69,18162,13140627.5
2021-10-27,683.0,753.0,675.0,725.0,5.84,43726,31268531.6
2021-10-26,662.0,695.0,657.0,685.0,3.79,14571,9995169.8
2021-10-25,651.0,664.0,638.0,660.0,3.13,18570,12221814.3
2021-10-24,619.5,641.9,619.5,640.0,1.27,5510,3487963.5
2021-10-21,645.0,645.0,631.0,632.0,-1.39,11262,7151455.8
2021-10-20,627.4,647.7,627.4,640.9,4.19,14375,9137465.5
2021-10-19,630.0,633.0,605.8,615.1,-3.89,17320,10670920.5
2021-10-18,669.0,675.0,630.2,640.0,-6.14,14799,9608163.7
2021-10-17,662.0,702.7,652.1,681.9,3.01,5285,3546159.0
2021-10-11,663.0,665.0,640.0,662.0,-0.45,20723,13492977.4
2021-10-10,684.0,695.0,660.0,665.0,-1.04,10331,6940508.0
2021-10-06,654.0,702.0,650.0,672.0,4.67,15407,10265221.1
2021-10-05,642.6,655.7,633.0,642.0,1.9,10048,6503731.3
2021-10-04,636.0,674.0,625.0,630.0,-0.94,15638,9927410.3
2021-10-03,634.0,663.0,634.0,636.0,-1.55,9960,6450876.2
2021-09-30,667.0,667.0,636.1,646.0,-1.22,18782,12178702.6
2021-09-29,640.0,680.0,623.0,654.0,3.32,21487,13930551.8
2021-09-28,642.0,668.0,630.0,633.0,-3.36,21178,13589685.9
2021-09-27,683.0,683.0,650.0,655.0,-4.1,29781,19663734.0
2021-09-26,701.0,719.0,682.0,683.0,-4.48,14124,9786401.3
2021-09-23,736.0,744.0,713.0,715.0,-2.59,16275,11819950.5
2021-09-22,714.0,735.0,714.0,734.0,4.86,29179,21131280.0
2021-09-21,683.1,724.0,675.0,700.0,0.43,25534,17897872.8
2021-09-20,745.0,745.0,695.0,697.0,-5.44,30352,21530651.7
2021-09-16,780.0,795.0,735.0,737.1,-5.5,42725,31848758.5
2021-09-15,775.0,780.0,752.2,780.0,0.0,31087,23684656.3
2021-09-14,780.0,790.5,775.0,780.0,-1.52,19538,15290551.3
2021-09-13,791.0,811.5,780.0,792.0,2.06,20940,16686035.2
2021-09-12,760.0,785.4,760.0,776.0,0.78,16116,12520232.3
2021-09-09,783.0,790.0,765.0,770.0,0.0,13549,10448952.5
2021-09-08,790.0,790.0,765.0,770.0,-2.53,26919,20785644.3
2021-09-07,815.0,816.0,785.0,790.0,-3.19,29995,23904742.5
2021-09-06,777.2,819.0,766.0,816.0,4.99,42317,33562148.7
2021-09-05,785.0,794.0,730.0,777.2,-1.87,75094,57401479.0
2021-09-02,835.0,836.0,791.0,792.0,-3.41,47764,38546849.5
2021-09-01,835.0,845.0,814.0,820.0,0.0,37554,31026422.6
2021-08-31,838.0,845.0,818.0,820.0,-2.15,48996,40615989.0
2021-08-29,875.0,876.0,838.0,838.0,-3.24,52454,44907214.1
2021-08-26,880.0,895.0,863.0,866.1,-1.58,62887,55295061.3
2021-08-25,917.0,918.0,875.0,880.0,-4.24,74878,67123468.8
2021-08-24,934.0,975.0,919.0,919.0,-1.61,135987,127479741.4
2021-08-19,890.0,971.0,885.0,934.0,5.78,296221,277835211.3
2021-08-18,881.0,888.0,869.0,883.0,1.61,89848,78921869.3
2021-08-17,896.0,896.0,863.0,869.0,-1.59,80114,70302155.0
2021-08-16,900.0,904.0,875.0,883.0,-0.45,65942,58403595.1
2021-08-15,896.7,928.0,870.0,887.0,-3.06,135763,121699969.3
2021-08-12,891.4,925.0,885.0,915.0,4.69,347728,316281857.0
2021-08-11,862.0,886.0,862.0,874.0,1.29,125229,109617133.8
2021-08-10,848.0,875.0,842.0,862.9,3.34,85299,73226029.1
2021-08-09,833.0,849.0,825.0,835.0,0.12,37989,31705323.7
2021-08-08,833.0,844.0,828.0,834.0,-1.3,70689,58869293.5
2021-08-05,840.0,854.0,835.0,845.0,0.2,51560,43550995.5
2021-08-04,859.0,860.0,842.0,843.3,-1.37,42887,36467616.0
2021-08-03,841.0,867.0,837.0,855.0,1.42,45412,38854347.9
2021-08-02,835.0,845.0,835.0,843.0,0.14,35887,30114374.2
2021-08-01,852.0,867.0,839.0,841.8,-1.43,59774,50814962.0
2021-07-29,886.0,886.0,853.0,854.0,-1.73,114714,99769723.8
2021-07-28,818.0,872.0,816.0,869.0,7.05,188938,159710396.5
2021-07-27,810.0,822.0,800.0,811.8,0.22,33654,27267579.7
2021-07-26,829.0,830.0,800.0,810.0,-1.22,52257,42187755.4
2021-07-25,825.0,825.0,809.0,820.0,-0.36,30095,24494508.0
2021-07-22,817.0,829.0,813.2,823.0,0.73,33686,27648525.9
2021-07-20,835.0,835.0,815.0,817.0,-2.16,11036,9037579.9
2021-07-19,813.0,840.0,811.0,835.0,3.73,44459,36672079.0
2021-07-18,790.0,807.0,785.0,805.0,3.21,39526,31752947.5
2021-07-15,775.0,830.0,775.0,780.0,1.3,19049,14998454.0
2021-07-14,786.0,786.0,767.0,770.0,-1.28,9345,7215774.0
2021-07-13,783.0,794.0,780.0,780.0,-0.38,3907,3064040.0
2021-07-12,820.0,820.0,772.0,783.0,-2.13,16595,13050260.0
2021-07-11,790.0,800.0,780.0,800.0,2.17,19586,15467615.0
2021-07-08,768.0,784.0,768.0,783.0,1.42,13241,10279510.0
2021-07-07,783.0,783.0,760.0,772.0,0.0,14749,11324585.0
2021-07-06,770.0,777.0,768.0,772.0,-0.26,12417,9570143.0
2021-07-05,772.0,781.0,770.0,774.0,0.39,25230,19543329.0
2021-07-04,773.0,794.0,770.0,771.0,-1.41,15989,12417914.0
2021-07-01,799.0,804.0,777.0,782.0,-0.64,25547,20224060.0
2021-06-30,730.0,790.0,730.0,787.0,2.47,30920,23917652.0
2021-06-29,775.0,799.0,765.0,768.0,-2.04,35782,27828161.0
2021-06-28,796.0,808.0,784.0,784.0,-1.13,22838,18168744.0
2021-06-27,818.0,818.0,789.0,793.0,-1.25,38885,30820266.0
2021-06-24,805.0,812.0,795.0,803.0,-1.59,33861,27202548.0
2021-06-23,832.0,835.0,799.0,816.0,-1.09,62782,51123908.0
2021-06-22,833.0,851.0,801.0,825.0,0.98,83047,68340310.0
2021-06-21,840.0,858.0,816.0,817.0,-3.2,63555,52652088.0
2021-06-20,874.0,890.0,834.0,844.0,-1.63,118402,101143338.0
2021-06-17,893.0,893.0,845.0,858.0,0.82,70809,60664323.0
2021-06-16,860.0,889.0,845.0,851.0,-3.08,74083,63610546.0
2021-06-15,890.0,910.0,864.0,878.0,0.69,215877,191117442.0
2021-06-14,838.0,880.0,826.0,872.0,4.06,143269,123088540.0
2021-06-13,890.0,890.0,830.0,838.0,-1.87,98693,82786867.0
2021-06-10,870.0,887.0,845.0,854.0,-0.7,126440,109204072.0
2021-06-09,860.0,889.0,850.0,860.0,2.38,250892,216869946.0
2021-06-08,819.0,847.0,787.0,840.0,7.69,145055,118954488.0
2021-06-07,798.0,798.0,778.0,780.0,-0.38,51047,40031183.0
2021-06-06,781.0,800.0,777.0,783.0,0.26,51003,40001733.0
2021-06-03,800.0,800.0,781.0,781.0,-1.39,29538,23296809.0
2021-06-02,790.0,800.0,783.0,792.0,0.38,21109,16682666.0
2021-06-01,809.0,809.0,778.0,789.0,-1.5,27097,21396218.0
2021-05-31,824.0,826.0,800.0,801.0,-1.48,46627,37749461.0
2021-05-30,806.0,829.0,791.0,813.0,2.78,72514,58586952.0
2021-05-27,835.0,835.0,820.0,831.0,-0.48,95183,79015347.0
2021-05-25,825.0,839.0,811.0,835.0,1.46,84165,70077143.0
2021-05-24,826.0,833.0,819.0,823.0,-0.12,48215,39707410.0
2021-05-23,827.0,829.0,802.0,824.0,-0.36,62295,51121514.0
2021-05-20,850.0,850.0,821.0,827.0,-0.24,29780,24605898.0
2021-05-19,876.0,876.0,820.0,829.0,-0.72,87603,73467694.0
2021-05-18,850.0,850.0,830.0,835.0,0.6,47294,39534434.0
2021-05-17,820.0,852.0,818.0,830.0,1.22,102719,85104985.0
2021-05-16,799.0,824.0,785.0,820.0,4.59,71436,58061161.0
2021-05-13,788.0,788.0,773.0,784.0,1.42,19310,15002356.0
2021-05-12,798.0,798.0,773.0,773.0,-1.4,17298,13457327.0
2021-05-11,790.0,792.0,780.0,784.0,0.51,18001,14174102.0
2021-05-10,735.0,790.0,735.0,780.0,0.91,17199,13409245.0
2021-05-09,765.0,784.0,764.0,773.0,-0.77,14382,11167967.0
2021-05-06,784.0,796.0,779.0,779.0,-1.39,18808,14733727.0
2021-05-05,791.0,803.0,787.0,790.0,-0.13,22555,17918036.0
2021-05-04,790.0,801.0,786.0,791.0,0.13,18657,14793326.0
2021-05-03,805.0,823.0,790.0,790.0,-1.5,24986,20018538.0
2021-05-02,770.0,805.0,764.0,802.0,3.48,47085,37438161.0
2021-04-29,740.0,784.0,740.0,775.0,1.97,13731,10529348.0
2021-04-28,741.0,784.0,741.0,760.0,-2.56,15403,11814653.0
2021-04-27,744.0,780.0,721.0,780.0,6.85,29302,21912063.0
2021-04-26,740.0,768.0,728.0,730.0,-3.18,35281,26267433.0
2021-04-25,779.0,780.0,750.0,754.0,-3.58,31031,23566545.0
2021-04-22,771.0,791.0,765.0,782.0,0.39,25291,19777063.0
2021-04-21,796.0,796.0,779.0,779.0,-1.89,29938,23466988.0
2021-04-20,781.0,800.0,781.0,794.0,0.89,14683,11640743.0
2021-04-19,803.0,814.0,787.0,787.0,-2.24,31295,24922305.0
2021-04-18,820.0,826.0,804.0,805.0,-3.59,67344,54741727.0
2021-04-15,847.0,848.0,825.0,835.0,0.36,49676,41581901.0
2021-04-13,850.0,854.0,830.0,832.0,-0.72,42939,36067908.0
2021-04-12,827.0,856.0,818.0,838.0,1.58,49412,41332570.0
2021-04-08,835.0,835.0,817.0,825.0,0.36,32869,27044785.0
2021-04-07,835.0,841.0,820.0,822.0,-1.56,43191,35689896.0
2021-04-06,850.0,862.0,831.0,835.0,-2.91,55548,46820533.0
2021-04-05,929.0,929.0,858.0,860.0,-2.82,113163,98184001.0
2021-04-04,852.0,893.0,826.0,885.0,8.99,230921,199480011.0
2021-04-01,865.0,865.0,808.0,812.0,-1.46,79932,65633226.0
2021-03-31,825.0,846.0,810.0,824.0,1.35,90373,74730184.0
2021-03-30,775.0,816.0,775.0,813.0,6.0,145632,116005309.0
2021-03-29,788.0,788.0,760.0,767.0,-0.78,19018,14567136.0
2021-03-25,778.0,789.0,766.0,773.0,1.18,63812,49497839.0
2021-03-24,747.0,774.0,747.0,764.0,1.46,63460,47982052.0
2021-03-23,759.0,759.0,740.0,753.0,0.8,14089,10558459.0
2021-03-22,760.0,775.0,741.0,747.0,-2.23,43403,32700441.0
2021-03-21,744.0,765.0,726.0,764.0,4.66,32064,24087414.0
2021-03-18,700.0,740.0,700.0,730.0,0.97,21654,15816189.0
2021-03-17,727.0,727.0,699.0,723.0,1.12,14058,10034450.0
2021-03-16,710.0,719.0,703.0,715.0,1.42,26291,18665964.0
2021-03-15,701.0,739.0,700.0,705.0,-0.98,41845,29760083.0
2021-03-14,746.0,746.0,707.0,712.0,-2.73,28148,20218263.0
2021-03-10,734.0,741.0,729.0,732.0,-0.54,16483,12119849.0
2021-03-09,747.0,747.0,732.0,736.0,-1.21,26175,19239850.0
2021-03-07,764.0,765.0,735.0,745.0,-1.59,16490,12331275.0
2021-03-04,748.0,769.0,740.0,757.0,3.13,42276,31837573.0
2021-03-03,727.0,746.0,717.0,734.0,-0.54,39983,29052485.0
2021-03-02,775.0,775.0,737.0,738.0,-2.89,71845,53734884.0
2021-03-01,751.0,775.0,736.0,760.0,1.6,39487,29961143.0
2021-02-28,766.0,798.0,748.0,748.0,-2.35,58895,44554613.0
2021-02-25,790.0,796.0,757.0,766.0,-2.17,44000,33789334.0
2021-02-24,792.0,807.0,780.0,783.0,0.77,55935,44100762.0
2021-02-23,772.0,785.0,759.0,777.0,-1.27,58953,45347099.0
2021-02-22,849.0,849.0,785.0,787.0,-2.72,51905,40983320.0
2021-02-21,800.0,811.0,795.0,809.0,0.37,47044,37776028.0
2021-02-18,812.0,815.0,801.0,806.0,-1.1,56368,45588168.0
2021-02-17,830.0,830.0,803.0,815.0,0.0,79245,64274962.0
2021-02-16,825.0,840.0,809.0,815.0,-0.37,111006,91486363.0
2021-02-15,786.0,825.0,786.0,818.0,6.1,79093,64188908.0
2021-02-14,800.0,808.0,766.0,771.0,-1.15,76924,60064699.0
2021-02-11,800.0,809.0,770.0,780.0,-1.89,64781,50829350.0
2021-02-10,790.0,805.0,789.0,795.0,-1.24,51327,40931643.0
2021-02-09,820.0,830.0,793.0,805.0,-1.59,88978,71477292.0
2021-02-08,863.0,863.0,814.0,818.0,-2.39,82194,67958465.0
2021-02-07,800.0,850.0,788.0,838.0,6.75,126985,103009741.0
2021-02-04,780.0,798.0,760.0,785.0,0.51,100458,78770268.0
2021-02-03,820.0,828.0,770.0,781.0,-2.5,133246,106166823.0
2021-02-02,746.0,801.0,740.0,801.0,9.28,158234,123484139.0
2021-02-01,740.0,757.0,730.0,733.0,0.27,92030,67827370.0
2021-01-31,750.0,752.0,725.0,731.0,-3.18,111635,82150616.0
2021-01-28,756.0,773.0,722.0,755.0,4.86,162174,122179497.0
2021-01-27,695.0,725.0,683.0,720.0,4.35,111239,78932740.0
2021-01-26,706.0,712.0,687.0,690.0,-2.4,50057,34820171.0
2021-01-25,730.0,739.0,701.0,707.0,-1.81,89664,64094322.0
2021-01-24,715.0,735.0,709.0,720.0,3.0,111530,79842206.0
2021-01-21,669.0,700.0,665.0,699.0,3.86,129211,88816083.0
2021-01-20,690.0,690.0,665.0,673.0,-0.74,51986,34872452.0
2021-01-19,690.0,700.0,666.0,678.0,-0.29,61735,42026470.0
2021-01-18,675.0,683.0,662.0,680.0,2.41,109352,73953391.0
2021-01-17,675.0,684.0,650.0,664.0,0.15,80717,53665033.0
2021-01-13,665.0,678.0,661.0,663.0,1.22,146378,98190204.0
2021-01-12,630.0,659.0,624.0,655.0,4.97,155261,100334149.0
2021-01-11,612.0,629.0,612.0,624.0,1.96,87695,54592252.0
2021-01-10,617.0,631.0,610.0,612.0,-0.81,48725,30251514.0
2021-01-07,632.0,632.0,610.0,617.0,2.49,171103,105642384.0
2021-01-06,584.0,602.0,583.0,602.0,3.26,57882,34391741.0
2021-01-05,591.0,591.0,578.0,583.0,0.52,24538,14294910.0
2021-01-04,580.0,600.0,579.0,580.0,0.52,17128,10005447.0
2021-01-03,583.0,583.0,570.0,577.0,0.87,38922,22454579.0
2020-12-31,602.0,602.0,570.0,572.0,-0.35,15886,9142348.0
2020-12-30,577.0,577.0,569.0,574.0,-0.69,18106,10357941.0
2020-12-29,569.0,585.0,569.0,578.0,0.35,20268,11700715.0
2020-12-28,597.0,597.0,567.0,576.0,1.23,19317,11178377.0
2020-12-27,580.0,581.0,568.0,569.0,-3.23,21853,12497708.0
2020-12-24,591.0,591.0,576.0,588.0,-0.51,24419,14181778.0
2020-12-23,608.0,612.0,589.0,591.0,-1.01,18150,10872715.0
2020-12-22,590.0,599.0,579.0,597.0,2.93,26537,15596201.0
2020-12-21,570.0,589.0,530.0,580.0,1.05,35179,19864795.0
2020-12-20,590.0,600.0,560.0,574.0,-4.49,40028,23358559.0
2020-12-17,600.0,613.0,593.0,601.0,-0.66,42717,25663491.0
2020-12-16,613.0,613.0,601.0,605.0,-1.31,25711,15563741.0
2020-12-15,620.0,623.0,606.0,613.0,-0.81,34892,21522262.0
2020-12-14,617.0,620.0,603.0,618.0,2.15,30265,18525883.0
2020-12-13,590.0,605.0,590.0,605.0,0.83,16900,10114382.0
2020-12-10,590.0,615.0,590.0,600.0,1.35,29900,17994324.0
2020-12-09,620.0,620.0,592.0,592.0,-3.11,41934,25094043.0
2020-12-08,625.0,630.0,602.0,611.0,-2.08,28255,17298790.0
2020-12-07,600.0,624.0,588.0,624.0,5.76,54352,32867929.0
2020-12-06,607.0,620.0,590.0,590.0,-4.68,70417,42487536.0
2020-12-03,650.0,651.0,616.0,619.0,-3.28,77464,48914156.0
2020-12-02,631.0,643.0,615.0,640.0,3.39,65555,41673943.0
2020-12-01,634.0,637.0,615.0,619.0,-1.12,88271,55186035.0
2020-11-30,620.0,641.0,612.0,626.0,2.29,79751,49957887.0
2020-11-29,615.0,616.0,595.0,612.0,0.16,84357,51093471.0
2020-11-26,640.0,645.0,605.0,611.0,-2.71,80547,50174302.0
2020-11-25,609.0,636.0,603.0,628.0,4.32,116556,72469119.0
2020-11-24,590.0,607.0,560.0,602.0,7.12,132313,78254745.0
2020-11-23,565.0,572.0,559.0,562.0,-1.4,46544,26220355.0
2020-11-22,590.0,591.0,565.0,570.0,-4.2,54664,31462980.0
2020-11-19,590.0,600.0,560.0,595.0,5.87,108719,63616664.0
2020-11-18,539.0,565.0,539.0,562.0,2.37,28241,15783462.0
2020-11-12,560.0,561.0,548.0,549.0,-1.79,35949,19808825.0
2020-11-11,540.0,567.0,540.0,559.0,3.9,67097,37452619.0
2020-11-10,515.0,538.0,515.0,538.0,4.06,16482,8714155.0
2020-11-09,519.0,526.0,516.0,517.0,-0.77,15364,7999988.0
2020-11-08,533.0,543.0,514.0,521.0,-0.38,10588,5528525.0
2020-11-05,527.0,527.0,519.0,523.0,-0.76,4947,2579281.0
2020-11-04,522.0,527.0,518.0,527.0,-0.38,10571,5520214.0
2020-11-03,527.0,529.0,525.0,529.0,0.38,9304,4902821.0
2020-11-02,538.0,538.0,523.0,527.0,-0.19,13831,7311080.0
2020-11-01,530.0,530.0,525.0,528.0,0.0,9919,5228360.0
2020-10-29,528.0,538.0,525.0,528.0,-0.19,13896,7404617.0
2020-10-28,520.0,529.0,520.0,529.0,0.95,9527,4982900.0
2020-10-22,529.0,529.0,519.0,524.0,0.77,5150,2683458.0
2020-10-21,525.0,525.0,519.0,520.0,0.97,2116,1101842.0
2020-10-20,514.0,520.0,514.0,515.0,0.19,1791,925526.0
2020-10-19,520.0,520.0,512.0,514.0,0.78,4487,2307641.0
2020-10-18,507.0,516.0,506.0,510.0,-0.78,4741,2424218.0
2020-10-15,520.0,530.0,512.0,514.0,0.78,15803,8124239.0
2020-10-14,505.0,520.0,505.0,510.0,0.0,9291,4776338.0
2020-10-13,529.0,529.0,510.0,510.0,-1.92,17549,9063810.0
2020-10-12,518.0,527.0,517.0,520.0,-0.38,13808,7220090.0
2020-10-11,517.0,527.0,517.0,522.0,-0.76,15895,8332218.0
2020-10-08,535.0,537.0,526.0,526.0,-2.23,19742,10465639.0
2020-10-07,548.0,548.0,532.0,538.0,0.0,13078,7006726.0
2020-10-06,532.0,539.0,532.0,538.0,-0.37,8091,4335766.0
2020-10-05,574.0,574.0,535.0,540.0,-1.28,13296,7187166.0
2020-10-04,577.0,577.0,546.0,547.0,-0.55,17838,9850407.0
2020-10-01,527.0,550.0,526.0,550.0,4.36,18061,9763834.0
2020-09-30,533.0,533.0,518.0,527.0,-0.57,10503,5504612.0
2020-09-29,561.0,561.0,526.0,530.0,-0.93,15138,8031138.0
2020-09-28,540.0,541.0,534.0,535.0,-0.93,9350,5018855.0
2020-09-27,539.0,545.0,537.0,540.0,-1.1,7122,3843257.0
2020-09-24,546.0,546.0,540.0,546.0,0.0,13191,7153858.0
2020-09-23,544.0,554.0,538.0,546.0,0.37,14279,7747603.0
2020-09-22,550.0,552.0,539.0,544.0,-1.09,39202,21394141.0
2020-09-21,555.0,557.0,547.0,550.0,-0.9,24250,13364806.0
2020-09-20,560.0,570.0,555.0,555.0,-1.42,26064,14503027.0
2020-09-17,560.0,590.0,557.0,563.0,0.54,42585,24050352.0
2020-09-16,545.0,561.0,543.0,560.0,1.45,26253,14583088.0
2020-09-15,542.0,562.0,540.0,552.0,0.18,30531,16795068.0
2020-09-14,575.0,576.0,548.0,551.0,-2.48,46890,26136178.0
2020-09-13,548.0,570.0,540.0,565.0,5.02,63749,35488087.0
2020-09-10,550.0,550.0,523.0,538.0,2.67,33494,17927296.0
2020-09-09,520.0,529.0,514.0,524.0,1.16,21630,11286061.0
2020-09-08,537.0,537.0,501.0,518.0,1.17,11610,5973907.0
2020-09-07,522.0,522.0,505.0,512.0,0.0,21772,11189755.0
2020-09-06,532.0,534.0,511.0,512.0,-2.29,35361,18460152.0
2020-09-03,517.0,530.0,501.0,524.0,1.35,33098,17182756.0
2020-09-02,561.0,561.0,511.0,517.0,-3.36,61690,32928832.0
2020-08-31,520.0,546.0,507.0,535.0,4.9,60322,32104433.0
2020-08-30,490.0,512.0,487.0,510.0,3.24,32086,16069505.0
2020-08-27,501.0,501.0,481.0,494.0,-0.2,30156,14853846.0
2020-08-26,485.0,504.0,485.0,495.0,0.81,48841,24378145.0
2020-08-25,514.0,514.0,477.0,491.0,0.2,31932,15646717.0
2020-08-24,501.0,501.0,482.0,490.0,2.51,35783,17533438.0
2020-08-23,463.0,484.0,459.0,478.0,4.6,34542,16302886.0
2020-08-20,467.0,467.0,457.0,457.0,-0.65,8120,3730114.0
2020-08-19,465.0,468.0,460.0,460.0,-2.75,9497,4410158.0
2020-08-18,472.0,474.0,463.0,473.0,1.94,21368,10020412.0
2020-08-17,459.0,467.0,447.0,464.0,3.11,10737,4932090.0
2020-08-16,444.0,457.0,436.0,450.0,-0.66,15242,6856937.0
2020-08-13,461.0,465.0,453.0,453.0,-3.41,6850,3142128.0
2020-08-12,460.0,480.0,459.0,469.0,0.86,9416,4397766.0
2020-08-11,479.0,479.0,453.0,465.0,-1.06,10019,4703335.0
2020-08-10,451.0,472.0,444.0,470.0,6.09,19587,8951091.0
2020-08-09,431.0,443.0,431.0,443.0,0.91,6956,3042489.0
2020-08-06,438.0,439.0,425.0,439.0,0.23,13879,5990889.0
2020-08-05,443.0,444.0,430.0,438.0,-2.88,13292,5813901.0
2020-08-03,432.0,452.0,432.0,451.0,2.5,8274,3667532.0
2020-08-02,455.0,462.0,440.0,440.0,-4.76,16249,7260840.0
2020-07-30,472.0,473.0,456.0,462.0,-0.43,12681,5885416.0
2020-07-29,461.0,465.0,454.0,464.0,-1.28,12092,5565489.0
2020-07-28,489.0,489.0,470.0,470.0,-2.29,12584,5976640.0
2020-07-27,494.0,498.0,474.0,481.0,-2.24,17548,8563822.0
2020-07-26,483.0,499.0,480.0,492.0,3.8,26227,12905408.0
2020-07-23,460.0,475.0,451.0,474.0,3.49,22774,10687481.0
2020-07-22,452.0,469.0,452.0,458.0,1.33,16181,7483404.0
2020-07-21,475.0,480.0,376.0,452.0,-4.44,13745,6082716.0
2020-07-20,492.0,517.0,465.0,473.0,0.64,19976,9650997.0
2020-07-19,470.0,470.0,470.0,470.0,1.95,10,4700.0
2020-07-16,453.0,462.0,453.0,461.0,1.77,6942,3192631.0
2020-07-15,464.0,464.0,453.0,453.0,-0.44,6388,2906194.0
2020-07-14,455.0,460.0,446.0,455.0,0.0,5797,2615714.0
2020-07-13,460.0,460.0,450.0,455.0,0.22,7780,3524503.0
2020-07-12,470.0,480.0,454.0,454.0,-1.73,12655,5885863.0
2020-07-09,455.0,470.0,445.0,462.0,2.21,9343,4287879.0
2020-07-08,445.0,471.0,429.0,452.0,1.57,11409,5132494.0
2020-07-07,413.0,445.0,413.0,445.0,9.88,23560,10317466.0
2020-07-06,371.0,405.0,370.0,405.0,7.43,7545,2964589.0
2020-07-05,379.0,395.0,366.0,377.0,-0.79,11908,4505256.0
2020-07-02,408.0,410.0,375.0,380.0,-5.0,2529,1011847.0
2020-07-01,390.0,412.0,390.0,400.0,2.56,2281,924267.0
2020-06-30,365.0,390.0,365.0,390.0,7.73,1018,386674.0
2020-06-29,340.0,340.0,317.0,362.0,-3.47,7532,2495873.0
2020-05-13,378.0,378.0,374.0,374.0,-2.86,20,7520.0
2020-05-12,389.0,389.0,385.0,385.0,-2.78,20,7740.0
2020-03-22,395.0,410.0,395.0,396.0,-1.0,990,393970.0
2020-03-19,388.0,420.0,388.0,400.0,1.52,8617,3480289.0
2020-03-18,405.0,426.0,378.0,394.0,-2.72,11190,4388892.0
2020-03-17,429.0,430.0,394.0,405.0,-7.32,21951,8903632.0
2020-03-16,423.0,458.0,423.0,437.0,1.63,14642,6406381.0
2020-03-15,455.0,455.0,426.0,430.0,-7.33,16371,7059669.0
2020-03-12,496.0,497.0,460.0,464.0,-5.11,13255,6273932.0
2020-03-11,466.0,490.0,450.0,489.0,7.0,12774,6012556.0
2020-03-10,472.0,475.0,457.0,457.0,-4.79,6332,2933625.0
2020-03-05,490.0,516.0,475.0,480.0,-3.42,23925,11780319.0
2020-03-04,525.0,553.0,492.0,497.0,-6.75,25007,12763717.0
2020-03-03,551.0,551.0,500.0,533.0,1.52,25081,13337426.0
2020-03-02,577.0,577.0,525.0,525.0,-4.55,18413,9970794.0
2020-03-01,595.0,595.0,548.0,550.0,-3.0,21810,12243639.0
2020-02-27,579.0,590.0,560.0,567.0,-3.9,36264,20828332.0
2020-02-26,587.0,604.0,570.0,590.0,2.43,38831,22920896.0
2020-02-25,557.0,576.0,541.0,576.0,5.3,38501,21585068.0
2020-02-24,570.0,570.0,547.0,547.0,-2.67,27005,14925873.0
2020-02-23,578.0,588.0,550.0,562.0,-1.06,45434,25682700.0
2020-02-20,539.0,568.0,534.0,568.0,6.57,44164,24297268.0
2020-02-19,525.0,540.0,522.0,533.0,1.91,19702,10430293.0
2020-02-18,530.0,538.0,518.0,523.0,-2.97,21959,11555306.0
2020-02-17,552.0,554.0,535.0,539.0,-0.92,50191,27342320.0
2020-02-16,532.0,545.0,525.0,544.0,4.02,40275,21554700.0
2020-02-13,543.0,543.0,523.0,523.0,-1.88,31424,16763477.0
2020-02-12,513.0,544.0,507.0,533.0,5.96,69271,36264320.0
2020-02-11,497.0,516.0,490.0,503.0,3.07,32737,16457022.0
2020-02-10,486.0,490.0,474.0,488.0,2.09,10902,5271013.0
2020-02-09,495.0,495.0,476.0,478.0,-2.65,16155,7795953.0
2020-02-06,500.0,500.0,488.0,491.0,-2.58,14333,7071925.0
2020-02-05,508.0,508.0,502.0,504.0,0.6,17081,8618355.0
2020-02-04,498.0,517.0,485.0,501.0,2.24,54249,27334692.0
2020-02-03,475.0,500.0,470.0,490.0,3.38,36991,17944012.0
2020-02-02,480.0,488.0,470.0,474.0,-1.25,22452,10745240.0
2020-01-30,443.0,487.0,443.0,480.0,6.19,69332,32650084.0
2020-01-29,448.0,458.0,440.0,452.0,1.8,20932,9445518.0
2020-01-28,441.0,449.0,434.0,444.0,2.54,19098,8486298.0
2020-01-27,419.0,434.0,419.0,433.0,4.09,14470,6206739.0
2020-01-26,424.0,432.0,415.0,416.0,-3.7,12555,5294533.0
2020-01-23,445.0,452.0,430.0,432.0,-1.37,16028,7030824.0
2020-01-22,446.0,454.0,430.0,438.0,-0.45,8828,3904412.0
2020-01-21,426.0,457.0,418.0,440.0,4.76,26011,11191738.0
2020-01-20,450.0,458.0,420.0,420.0,-6.67,32552,14345512.0
2020-01-19,425.0,453.0,415.0,450.0,7.66,45156,19893120.0
2020-01-16,399.0,419.0,395.0,418.0,6.63,32347,13199765.0
2020-01-15,391.0,397.0,384.0,392.0,1.29,9924,3865695.0
2020-01-14,394.0,402.0,376.0,387.0,-2.03,14797,5759859.0
2020-01-13,404.0,407.0,380.0,395.0,1.28,37605,14788486.0
2020-01-12,360.0,390.0,360.0,390.0,9.86,34958,13304549.0
2020-01-09,340.0,356.0,340.0,355.0,4.41,16801,5903911.0
2020-01-08,340.0,350.0,340.0,340.0,-1.73,9519,3269681.0
2020-01-07,336.0,346.0,336.0,346.0,2.98,17363,5946386.0
2020-01-06,340.0,341.0,336.0,336.0,-1.18,4371,1473235.0
2020-01-05,330.0,340.0,328.0,340.0,3.34,3705,1237529.0
2020-01-02,331.0,332.0,328.0,329.0,-1.79,2469,814868.0
2020-01-01,333.0,335.0,333.0,335.0,-0.59,960,320460.0
2019-12-31,340.0,340.0,334.0,337.0,0.0,2293,771452.0
2019-12-30,330.0,339.0,330.0,337.0,2.12,3882,1300349.0
2019-12-29,331.0,331.0,330.0,330.0,-1.2,1466,484418.0
2019-12-26,330.0,334.0,328.0,334.0,0.3,1848,610210.0
2019-12-25,337.0,341.0,333.0,333.0,0.3,4171,1400717.0
2019-12-24,348.0,348.0,332.0,332.0,-2.92,4610,1549586.0
2019-12-23,325.0,342.0,323.0,342.0,4.27,6299,2123198.0
2019-12-22,333.0,333.0,328.0,328.0,-1.8,650,215000.0
2019-12-19,330.0,336.0,329.0,334.0,0.3,5466,1813066.0
2019-12-18,336.0,336.0,327.0,333.0,-1.77,3370,1120140.0
2019-12-17,335.0,340.0,330.0,339.0,3.04,1381,465120.0
2019-12-16,333.0,347.0,329.0,329.0,-2.66,8588,2867736.0
2019-12-15,360.0,362.0,331.0,338.0,-6.11,20003,6970867.0
2019-12-12,336.0,360.0,332.0,360.0,9.09,41894,14502203.0
2019-12-11,320.0,336.0,320.0,330.0,1.85,6100,2003698.0
2019-12-10,325.0,331.0,316.0,324.0,0.93,5334,1736423.0
2019-12-09,319.0,326.0,318.0,321.0,2.56,6298,2034055.0
2019-12-08,308.0,313.0,307.0,313.0,0.0,570,176490.0
2019-12-05,325.0,327.0,312.0,313.0,-2.49,7444,2373202.0
2019-12-04,295.0,321.0,295.0,321.0,7.72,3129,933793.0
2019-12-03,295.0,298.0,295.0,298.0,1.36,66,19500.0
2019-12-02,295.0,300.0,294.0,294.0,-2.0,2400,707935.0
2019-12-01,293.0,300.0,290.0,300.0,1.69,2962,861240.0
2019-11-28,300.0,304.0,295.0,295.0,-3.28,5835,1732293.0
2019-11-27,304.0,305.0,304.0,305.0,1.67,1017,309668.0
2019-11-26,303.0,303.0,300.0,300.0,-2.28,1848,556971.0
2019-11-25,306.0,307.0,305.0,307.0,-0.65,995,304542.0
2019-11-24,313.0,313.0,309.0,309.0,-3.13,6354,1971526.0
2019-11-21,312.0,325.0,312.0,319.0,1.27,26823,8693925.0
2019-11-20,321.0,321.0,315.0,315.0,0.0,3799,1198359.0
2019-11-19,316.0,316.0,315.0,315.0,0.0,1270,400850.0
2019-11-18,315.0,316.0,315.0,315.0,0.0,5034,1586810.0
2019-11-17,315.0,316.0,315.0,315.0,-0.63,4106,1293590.0
2019-11-14,315.0,320.0,315.0,317.0,0.32,4280,1350000.0
2019-11-13,316.0,317.0,315.0,316.0,-0.94,1634,515960.0
2019-11-12,317.0,319.0,316.0,319.0,-1.24,1306,413096.0
2019-11-11,318.0,323.0,315.0,323.0,1.57,2710,859258.0
2019-11-10,315.0,318.0,315.0,318.0,0.95,1409,445410.0
2019-11-07,316.0,316.0,315.0,315.0,0.0,1281,403705.0
2019-11-06,318.0,320.0,315.0,315.0,-0.32,5097,1606155.0
2019-11-05,316.0,320.0,316.0,316.0,0.0,591,187436.0
2019-11-04,315.0,318.0,315.0,316.0,0.0,3852,1214444.0
2019-11-03,314.0,317.0,314.0,316.0,0.64,2077,655882.0
2019-10-31,316.0,322.0,314.0,314.0,-1.26,4068,1282276.0
2019-10-24,314.0,342.0,312.0,318.0,2.25,8045,2592604.0
2019-10-23,308.0,311.0,308.0,311.0,-0.96,337,104246.0
2019-10-22,314.0,314.0,314.0,314.0,1.95,40,12560.0
2019-10-21,309.0,309.0,304.0,308.0,-2.22,940,288330.0
2019-10-20,316.0,316.0,311.0,315.0,-0.63,787,246537.0
2019-10-17,315.0,317.0,312.0,317.0,0.63,2515,791009.0
2019-10-16,310.0,315.0,310.0,315.0,0.32,1261,395210.0
2019-10-15,311.0,314.0,311.0,314.0,-12.78,994,309396.0
2019-10-10,358.0,360.0,358.0,360.0,1.41,199,71602.0
2019-10-03,352.0,362.0,350.0,355.0,2.6,2950,1046290.0
2019-10-02,346.0,346.0,346.0,346.0,0.29,360,124560.0
2019-10-01,345.0,349.0,337.0,345.0,0.58,1386,478256.0
2019-09-30,345.0,345.0,343.0,343.0,0.0,1608,554366.0
2019-09-29,342.0,345.0,342.0,343.0,-1.15,917,314604.0
2019-09-26,350.0,353.0,347.0,347.0,-0.86,2457,856310.0
2019-09-25,358.0,358.0,350.0,350.0,-2.51,1136,401430.0
2019-09-24,368.0,368.0,356.0,359.0,-1.1,3034,1099864.0
2019-09-23,361.0,374.0,360.0,363.0,2.54,1286,473754.0
2019-09-22,362.0,362.0,354.0,354.0,-4.32,78,27707.0
2019-09-19,376.0,376.0,368.0,370.0,-1.33,795,295830.0
2019-09-18,363.0,375.0,358.0,375.0,5.34,7077,2603586.0
2019-09-17,357.0,371.0,356.0,356.0,1.71,2160,777150.0
2019-09-16,363.0,363.0,349.0,350.0,-5.41,3593,1270500.0
2019-09-15,370.0,370.0,370.0,370.0,-0.27,10,3700.0
2019-09-12,367.0,371.0,367.0,371.0,0.0,2874,1059919.0
2019-09-11,378.0,378.0,368.0,371.0,-0.27,220,81390.0
2019-09-10,368.0,375.0,367.0,372.0,1.36,1940,719776.0
2019-09-09,369.0,369.0,360.0,367.0,-0.81,3571,1296997.0
2019-09-08,378.0,378.0,370.0,370.0,-3.39,4096,1535776.0
2019-09-05,385.0,385.0,383.0,383.0,-1.54,237,90995.0
2019-09-04,390.0,400.0,384.0,389.0,-1.52,4851,1901537.0
2019-09-03,370.0,395.0,368.0,395.0,6.76,2635,985520.0
2019-09-02,373.0,373.0,368.0,370.0,-1.33,3109,1150905.0
2019-09-01,383.0,383.0,375.0,375.0,-3.6,1950,740045.0
2019-08-29,388.0,389.0,382.0,389.0,0.0,1587,608264.0
2019-08-28,390.0,390.0,389.0,389.0,-1.02,1589,619081.0
2019-08-27,395.0,395.0,388.0,393.0,0.0,735,288730.0
2019-08-26,385.0,393.0,383.0,393.0,1.29,3834,1481037.0
2019-08-25,393.0,393.0,388.0,388.0,-3.0,3942,1538907.0
2019-08-22,396.0,400.0,393.0,400.0,-0.25,2162,851266.0
2019-08-21,396.0,401.0,394.0,401.0,0.0,2488,986481.0
2019-08-20,399.0,401.0,395.0,401.0,-1.47,3195,1272905.0
2019-08-19,403.0,410.0,400.0,407.0,0.0,3725,1513900.0
2019-08-18,415.0,415.0,405.0,407.0,-1.93,989,403856.0
2019-08-15,417.0,423.0,407.0,415.0,0.0,864,355211.0
2019-08-14,415.0,415.0,415.0,415.0,0.0,675,280125.0
2019-08-13,410.0,415.0,409.0,415.0,0.73,3479,1428277.0
2019-08-12,413.0,418.0,411.0,412.0,-0.24,705,290171.0
2019-08-11,414.0,416.0,413.0,413.0,-0.96,1138,471233.0
2019-08-08,417.0,422.0,417.0,417.0,-0.71,2560,1075328.0
2019-08-07,418.0,420.0,418.0,420.0,0.48,212,89014.0
2019-08-06,428.0,428.0,418.0,418.0,-1.18,857,360238.0
2019-08-05,425.0,425.0,423.0,423.0,-0.94,3854,1634515.0
2019-08-04,428.0,428.0,426.0,427.0,-0.7,3260,1392575.0
2019-08-01,438.0,440.0,430.0,430.0,0.0,4041,1756428.0
2019-07-31,430.0,434.0,430.0,430.0,0.94,486,209144.0
2019-07-30,425.0,427.0,424.0,426.0,-0.23,1693,720374.0
2019-07-29,428.0,429.0,426.0,427.0,0.0,1968,842012.0
2019-07-28,428.0,430.0,426.0,427.0,-1.39,2822,1207419.0
2019-07-25,437.0,437.0,430.0,433.0,-2.7,3542,1536632.0
2019-07-24,435.0,448.0,433.0,445.0,2.06,4037,1775679.0
2019-07-23,436.0,436.0,436.0,436.0,0.0,15,6540.0
2019-07-22,431.0,436.0,431.0,436.0,1.4,2458,1064803.0
2019-07-21,436.0,437.0,430.0,430.0,-1.83,2939,1267226.0
2019-07-18,438.0,446.0,438.0,438.0,0.0,6534,2864872.0
2019-07-17,435.0,442.0,435.0,438.0,1.86,1143,501836.0
2019-07-16,430.0,430.0,430.0,430.0,0.23,1563,672090.0
2019-07-15,430.0,432.0,429.0,429.0,-0.23,1448,622624.0
2019-07-14,430.0,438.0,430.0,430.0,-1.15,2555,1102060.0
2019-07-11,445.0,446.0,435.0,435.0,-0.68,2470,1082258.0
2019-07-10,440.0,440.0,438.0,438.0,0.69,441,193912.0
2019-07-09,446.0,446.0,435.0,435.0,-1.14,2624,1149536.0
2019-07-08,449.0,449.0,440.0,440.0,-0.45,3215,1420780.0
2019-07-07,437.0,454.0,437.0,442.0,0.45,659,293325.0
2019-07-04,460.0,460.0,440.0,440.0,-2.44,7046,3154521.0
2019-07-03,442.0,456.0,441.0,451.0,0.89,11764,5282922.0
2019-07-02,426.0,447.0,426.0,447.0,4.93,3416,1484788.0
2019-07-01,422.0,433.0,422.0,426.0,0.71,4505,1941825.0
2019-06-30,427.0,427.0,423.0,423.0,-0.94,3313,1410576.0
2019-06-27,426.0,434.0,426.0,427.0,-0.7,4995,2146750.0
2019-06-26,425.0,440.0,425.0,430.0,-0.46,1036,446780.0
2019-06-25,436.0,443.0,432.0,432.0,-1.37,12569,5471200.0
2019-06-24,444.0,444.0,431.0,438.0,0.46,2842,1235746.0
2019-06-23,442.0,442.0,436.0,436.0,-1.8,2708,1187347.0
2019-06-20,444.0,448.0,441.0,444.0,-0.22,4272,1896443.0
2019-06-19,444.0,445.0,443.0,445.0,0.0,1372,609473.0
2019-06-18,445.0,450.0,445.0,445.0,-1.11,1941,865945.0
2019-06-17,441.0,450.0,440.0,450.0,0.67,2015,900040.0
2019-06-16,453.0,453.0,442.0,447.0,-3.04,3473,1549562.0
2019-06-13,455.0,468.0,454.0,461.0,0.44,991,457392.0
2019-06-12,462.0,464.0,456.0,459.0,-1.92,3476,1596404.0
2019-06-11,472.0,475.0,468.0,468.0,-1.06,2195,1033455.0
2019-06-10,475.0,477.0,473.0,473.0,-1.66,2795,1327095.0
2019-06-06,490.0,495.0,481.0,481.0,-1.84,4289,2095524.0
2019-06-04,499.0,499.0,477.0,490.0,0.0,3993,1929433.0
2019-06-03,492.0,492.0,490.0,490.0,-1.01,2923,1434678.0
2019-06-02,501.0,501.0,495.0,495.0,-0.4,2107,1045245.0
2019-05-30,506.0,535.0,497.0,497.0,0.0,3538,1796009.0
2019-05-29,505.0,505.0,496.0,497.0,-1.58,1881,938126.0
2019-05-28,500.0,505.0,492.0,505.0,1.0,2030,1004265.0
2019-05-27,502.0,503.0,500.0,500.0,0.0,2327,1166707.0
2019-05-26,500.0,508.0,500.0,500.0,-0.2,4160,2086939.0
2019-05-23,500.0,508.0,500.0,501.0,-1.38,4461,2251426.0
2019-05-22,500.0,514.0,500.0,508.0,0.59,1358,693498.0
2019-05-21,508.0,512.0,502.0,505.0,0.4,2769,1396328.0
2019-05-20,500.0,508.0,495.0,503.0,-0.4,10004,5018097.0
2019-05-19,504.0,509.0,503.0,505.0,-0.2,4443,2247880.0
2019-05-16,511.0,512.0,506.0,506.0,-1.17,5675,2888640.0
2019-05-15,520.0,520.0,511.0,512.0,-1.54,3323,1704361.0
2019-05-14,510.0,520.0,509.0,520.0,0.19,13816,7061445.0
2019-05-13,518.0,522.0,512.0,519.0,-0.19,3704,1911474.0
2019-05-12,520.0,524.0,515.0,520.0,-1.33,2259,1174164.0
2019-05-09,524.0,527.0,513.0,527.0,1.35,4542,2358145.0
2019-05-08,525.0,530.0,517.0,520.0,-0.38,3256,1698630.0
2019-05-07,533.0,533.0,517.0,522.0,-0.19,943,491456.0
2019-05-06,509.0,523.0,509.0,523.0,1.75,1818,941685.0
2019-05-05,520.0,520.0,514.0,514.0,-1.15,5473,2824243.0
2019-05-02,513.0,530.0,513.0,520.0,-0.19,7518,3917377.0
2019-04-30,547.0,547.0,515.0,521.0,-3.16,13367,7000152.0
2019-04-29,555.0,558.0,530.0,538.0,-3.06,25501,13907826.0
2019-04-28,537.0,568.0,532.0,555.0,5.31,51892,28514942.0
2019-04-25,520.0,530.0,519.0,527.0,2.13,16212,8497837.0
2019-04-24,524.0,524.0,512.0,516.0,0.39,10658,5492568.0
2019-04-23,516.0,525.0,512.0,514.0,-0.96,13826,7128642.0
2019-04-22,512.0,530.0,507.0,519.0,3.39,22601,11737889.0
2019-04-21,520.0,526.0,501.0,502.0,-2.52,25535,12964165.0
2019-04-18,519.0,525.0,512.0,515.0,-0.77,7723,4003613.0
2019-04-17,520.0,528.0,512.0,519.0,1.76,8863,4604199.0
2019-04-16,510.0,516.0,500.0,510.0,0.39,15689,8005928.0
2019-04-15,511.0,511.0,505.0,508.0,0.0,2607,1323591.0
2019-04-11,510.0,512.0,508.0,508.0,-1.36,3646,1856708.0
2019-04-10,510.0,516.0,509.0,515.0,0.0,1376,705213.0
2019-04-09,529.0,531.0,512.0,515.0,-0.96,9569,5023703.0
2019-04-08,503.0,539.0,500.0,520.0,2.97,13311,6948814.0
2019-04-07,504.0,509.0,503.0,505.0,-0.59,9492,4784180.0
2019-04-04,512.0,512.0,498.0,508.0,1.2,5228,2640904.0
2019-04-03,505.0,510.0,502.0,502.0,-0.2,14291,7208278.0
2019-04-02,510.0,510.0,503.0,503.0,-0.2,3610,1827790.0
2019-04-01,500.0,507.0,500.0,504.0,0.6,4589,2312870.0
2019-03-31,502.0,504.0,500.0,501.0,-1.38,2399,1203484.0
2019-03-28,500.0,508.0,499.0,508.0,0.0,1702,856275.0
2019-03-27,504.0,508.0,504.0,508.0,-0.39,1103,557874.0
2019-03-26,500.0,512.0,500.0,510.0,0.59,4278,2177217.0
2019-03-25,506.0,510.0,506.0,507.0,0.2,3717,1888451.0
2019-03-24,505.0,515.0,505.0,506.0,-0.78,2791,1422032.0
2019-03-21,505.0,510.0,500.0,510.0,0.79,8726,4383550.0
2019-03-19,507.0,507.0,505.0,506.0,-0.78,1338,677628.0
2019-03-18,514.0,516.0,510.0,510.0,-1.16,3222,1645533.0
2019-03-17,518.0,525.0,516.0,516.0,0.0,3373,1749835.0
2019-03-14,511.0,520.0,510.0,516.0,-0.19,3216,1648903.0
2019-03-13,530.0,530.0,517.0,517.0,-0.58,4297,2255619.0
2019-03-12,522.0,529.0,515.0,520.0,-0.19,6321,3296087.0
2019-03-11,517.0,522.0,510.0,521.0,1.36,6933,3586594.0
2019-03-10,513.0,514.0,503.0,514.0,0.0,899,459570.0
2019-03-07,509.0,516.0,505.0,514.0,1.78,4864,2475142.0
2019-03-06,495.0,506.0,495.0,505.0,1.0,3821,1923240.0
2019-03-05,496.0,505.0,495.0,500.0,0.0,1616,804902.0
2019-03-03,502.0,505.0,498.0,500.0,-0.4,3282,1643497.0
2019-02-27,500.0,513.0,477.0,502.0,-0.59,7220,3514390.0
2019-02-26,505.0,510.0,501.0,505.0,-1.94,1006,510632.0
2019-02-25,500.0,515.0,500.0,515.0,1.98,2375,1207257.0
2019-02-24,500.0,505.0,498.0,505.0,0.0,1004,502475.0
2019-02-21,509.0,510.0,504.0,505.0,0.4,1388,703305.0
2019-02-20,510.0,510.0,503.0,503.0,-3.27,2103,1066500.0
2019-02-19,508.0,520.0,500.0,520.0,3.17,7918,4037619.0
2019-02-18,500.0,504.0,500.0,504.0,-0.2,692,346240.0
2019-02-17,511.0,521.0,501.0,505.0,-0.39,2420,1222600.0
2019-02-14,500.0,507.0,491.0,507.0,-0.39,3066,1522889.0
2019-02-13,518.0,518.0,501.0,509.0,-1.36,4169,2102474.0
2019-02-12,511.0,516.0,510.0,516.0,0.0,2850,1455902.0
2019-02-11,502.0,525.0,502.0,516.0,1.78,3339,1712448.0
2019-02-10,518.0,520.0,507.0,507.0,-3.61,2495,1277255.0
2019-02-07,517.0,526.0,517.0,526.0,0.38,2028,1055915.0
2019-02-06,525.0,525.0,514.0,524.0,-0.76,2015,1050010.0
2019-02-05,521.0,531.0,521.0,528.0,0.0,2947,1547535.0
2019-02-04,530.0,530.0,521.0,528.0,-0.19,2102,1105141.0
2019-02-03,531.0,531.0,522.0,529.0,-0.94,5081,2671615.0
2019-01-31,536.0,536.0,531.0,534.0,-0.19,5264,2804670.0
2019-01-30,533.0,539.0,532.0,535.0,-0.93,1275,680575.0
2019-01-29,535.0,540.0,531.0,540.0,-0.92,2961,1578779.0
2019-01-28,534.0,545.0,534.0,545.0,3.02,2064,1108618.0
2019-01-27,532.0,535.0,528.0,529.0,-2.22,3907,2074646.0
2019-01-24,540.0,541.0,534.0,541.0,-1.1,3910,2102256.0
2019-01-23,546.0,547.0,540.0,547.0,0.74,1078,586882.0
2019-01-22,540.0,546.0,531.0,543.0,1.31,1272,683257.0
2019-01-21,538.0,540.0,536.0,536.0,-2.01,4840,2604060.0
2019-01-20,539.0,547.0,539.0,547.0,-0.18,202,109278.0
2019-01-17,550.0,555.0,548.0,548.0,-0.72,679,373302.0
2019-01-16,569.0,569.0,549.0,552.0,-2.3,10085,5591201.0
2019-01-15,548.0,565.0,548.0,565.0,4.82,12211,6768007.0
2019-01-14,540.0,540.0,532.0,539.0,0.19,2604,1394786.0
2019-01-13,535.0,538.0,530.0,538.0,-0.74,3940,2103000.0
2019-01-10,545.0,545.0,539.0,542.0,-0.18,4830,2611050.0
2019-01-09,544.0,545.0,538.0,543.0,0.74,3242,1754547.0
2019-01-08,540.0,542.0,539.0,539.0,-0.55,1384,748060.0
2019-01-07,543.0,545.0,540.0,542.0,1.31,11307,6141412.0
2019-01-06,540.0,540.0,532.0,535.0,-0.74,9245,4940753.0
2019-01-03,545.0,546.0,533.0,539.0,-0.55,7854,4242470.0
2019-01-02,540.0,545.0,536.0,542.0,-0.37,4670,2523133.0
2019-01-01,540.0,548.0,535.0,544.0,0.74,5889,3185746.0
2018-12-31,555.0,560.0,530.0,540.0,-3.4,18090,9835920.0
2018-12-30,575.0,575.0,550.0,559.0,-1.06,11710,6591133.0
2018-12-27,575.0,586.0,551.0,565.0,0.18,28132,16091909.0
2018-12-26,502.0,565.0,492.0,564.0,6.82,32795,18059552.0
2018-12-25,509.0,538.0,499.0,528.0,-1.31,3589,1896468.0
2018-12-24,538.0,558.0,527.0,535.0,1.33,30014,16296137.0
2018-12-23,489.0,528.0,489.0,528.0,10.0,23704,12068793.0
2018-12-20,472.0,485.0,465.0,480.0,2.56,7834,3689501.0
2018-12-19,465.0,497.0,456.0,468.0,-1.27,4332,2057253.0
2018-12-18,490.0,490.0,460.0,474.0,-3.27,7976,3787101.0
2018-12-17,465.0,490.0,465.0,490.0,6.99,2750,1303202.0
2018-12-16,448.0,458.0,440.0,458.0,4.09,4046,1823113.0
2018-12-13,435.0,450.0,435.0,440.0,1.15,4118,1814624.0
2018-12-12,441.0,441.0,435.0,435.0,-0.23,1847,806212.0
2018-12-11,440.0,441.0,436.0,436.0,-1.36,2470,1083065.0
2018-12-10,437.0,450.0,437.0,442.0,2.08,5472,2410122.0
2018-12-09,426.0,433.0,425.0,433.0,1.17,2877,1233317.0
2018-12-06,415.0,430.0,410.0,428.0,1.9,6651,2772155.0
2018-12-05,442.0,442.0,418.0,420.0,-4.76,7095,2995503.0
2018-12-04,435.0,453.0,427.0,441.0,1.61,946,415212.0
2018-12-03,430.0,446.0,428.0,434.0,0.23,8056,3508303.0
2018-12-02,470.0,470.0,433.0,433.0,-7.48,5792,2599658.0
2018-11-29,477.0,479.0,468.0,468.0,-2.5,2857,1352243.0
2018-11-28,481.0,485.0,480.0,480.0,-0.83,1820,876170.0
2018-11-27,490.0,493.0,484.0,484.0,0.21,1707,831198.0
2018-11-26,490.0,493.0,481.0,483.0,-2.62,4632,2257078.0
2018-11-25,490.0,496.0,490.0,496.0,0.0,224,109904.0
2018-11-22,506.0,506.0,496.0,496.0,-1.78,1440,720820.0
2018-11-21,497.0,505.0,497.0,505.0,1.61,1345,675136.0
2018-11-20,491.0,498.0,490.0,497.0,0.0,3708,1837363.0
2018-11-19,501.0,510.0,495.0,497.0,-2.55,2598,1292584.0
2018-11-18,510.0,510.0,510.0,510.0,-0.78,341,173910.0
2018-11-15,515.0,516.0,512.0,514.0,-0.19,4739,2439913.0
2018-11-14,510.0,522.0,510.0,515.0,0.98,2841,1463631.0
2018-11-13,512.0,514.0,502.0,510.0,1.59,1641,840210.0
2018-11-12,502.0,502.0,500.0,502.0,0.4,410,205820.0
2018-11-11,507.0,507.0,500.0,500.0,-1.38,225,112500.0
2018-11-06,510.0,515.0,500.0,507.0,-0.59,327,167240.0
2018-11-05,509.0,515.0,507.0,510.0,2.0,2447,1246346.0
2018-11-04,497.0,506.0,497.0,500.0,-1.19,1141,572432.0
2018-11-01,505.0,510.0,505.0,506.0,0.2,1290,655334.0
2018-10-31,510.0,511.0,505.0,505.0,-1.17,2917,1478584.0
2018-10-30,507.0,515.0,507.0,511.0,0.99,1256,643665.0
2018-10-29,515.0,516.0,506.0,506.0,-1.94,2714,1386373.0
2018-10-28,514.0,520.0,514.0,516.0,-1.34,1784,921154.0
2018-10-25,525.0,525.0,523.0,523.0,-1.88,1537,805261.0
2018-10-24,520.0,534.0,519.0,533.0,2.5,5203,2707001.0
2018-10-23,520.0,520.0,520.0,520.0,0.0,660,343200.0
2018-10-22,530.0,520.0,518.0,520.0,-0.76,392,203740.0
2018-10-21,520.0,524.0,518.0,524.0,0.77,131,68130.0
2018-10-15,519.0,530.0,519.0,520.0,0.39,1296,676596.0
2018-10-14,525.0,525.0,518.0,518.0,-0.58,347,181075.0
2018-10-11,518.0,522.0,518.0,521.0,0.58,500,260750.0
2018-10-10,523.0,523.0,518.0,518.0,-0.19,1317,684272.0
2018-10-09,518.0,535.0,517.0,519.0,0.39,4667,2447308.0
2018-10-08,517.0,525.0,517.0,517.0,-0.58,958,496815.0
2018-10-07,521.0,525.0,520.0,520.0,-0.95,3757,1955585.0
2018-10-04,525.0,533.0,520.0,525.0,-0.19,2451,1285520.0
2018-10-03,522.0,534.0,522.0,526.0,-0.94,3270,1730129.0
2018-10-02,535.0,540.0,530.0,531.0,0.19,2171,1159818.0
2018-10-01,536.0,537.0,530.0,530.0,-1.85,1256,670362.0
2018-09-30,544.0,544.0,540.0,540.0,-2.7,1443,779264.0
2018-09-27,551.0,560.0,551.0,555.0,-0.89,3284,1814858.0
2018-09-26,557.0,566.0,552.0,560.0,0.0,6163,3439084.0
2018-09-25,552.0,560.0,550.0,560.0,2.4,8050,4467784.0
2018-09-23,543.0,555.0,540.0,542.0,-1.63,5745,3131939.0
2018-09-20,560.0,569.0,551.0,551.0,-3.16,10808,6041603.0
2018-09-18,565.0,570.0,554.0,569.0,2.52,16843,9519378.0
2018-09-17,540.0,564.0,530.0,555.0,3.35,20178,11105557.0
2018-09-16,540.0,550.0,533.0,537.0,1.32,6994,3780107.0
2018-09-13,521.0,530.0,520.0,530.0,1.92,2718,1431196.0
2018-09-12,520.0,527.0,520.0,520.0,-0.95,4130,2153120.0
2018-09-11,515.0,526.0,515.0,525.0,2.34,2567,1339095.0
2018-09-10,525.0,525.0,512.0,513.0,-0.97,4849,2495568.0
2018-09-09,530.0,530.0,518.0,518.0,-3.0,1542,800923.0
2018-09-06,545.0,548.0,526.0,534.0,-1.11,9333,5018778.0
2018-09-05,533.0,561.0,530.0,540.0,2.66,11226,6034145.0
2018-09-04,526.0,530.0,516.0,526.0,0.19,5530,2904737.0
2018-09-03,515.0,535.0,515.0,525.0,2.54,5220,2735415.0
2018-09-02,512.0,518.0,510.0,512.0,0.39,1689,866071.0
2018-08-30,509.0,515.0,506.0,510.0,0.39,1236,631124.0
2018-08-29,509.0,511.0,506.0,508.0,-1.17,514,261171.0
2018-08-28,516.0,516.0,510.0,514.0,0.39,600,307190.0
2018-08-26,506.0,512.0,506.0,512.0,0.39,3773,1909778.0
2018-08-23,515.0,515.0,506.0,510.0,0.99,2732,1389650.0
2018-08-22,512.0,519.0,505.0,505.0,-2.88,5540,2828585.0
2018-08-21,513.0,520.0,511.0,520.0,1.36,2494,1279351.0
2018-08-20,527.0,527.0,510.0,513.0,-0.97,1582,813544.0
2018-08-19,525.0,526.0,518.0,518.0,-2.45,2194,1146457.0
2018-08-16,540.0,548.0,530.0,531.0,-0.38,8405,4523678.0
2018-08-15,515.0,536.0,515.0,533.0,3.5,4974,2613172.0
2018-08-14,510.0,515.0,510.0,515.0,0.98,1092,560228.0
2018-08-13,505.0,514.0,495.0,510.0,2.0,2960,1492765.0
2018-08-12,502.0,505.0,497.0,500.0,-0.99,2504,1254520.0
2018-08-09,511.0,518.0,505.0,505.0,-1.94,2950,1504926.0
2018-08-08,510.0,520.0,510.0,515.0,0.39,601,309800.0
2018-08-07,510.0,513.0,508.0,513.0,-0.19,290,148420.0
2018-08-06,515.0,515.0,510.0,514.0,-0.39,1930,988239.0
2018-08-05,520.0,522.0,516.0,516.0,-0.77,977,506992.0
2018-08-02,521.0,529.0,520.0,520.0,-1.89,8989,4739342.0
2018-08-01,530.0,530.0,529.0,530.0,0.95,828,438497.0
2018-07-31,527.0,527.0,525.0,525.0,-0.38,1071,563851.0
2018-07-30,530.0,535.0,527.0,527.0,-0.38,3516,1861705.0
2018-07-29,537.0,537.0,529.0,529.0,-0.19,564,300256.0
2018-07-26,535.0,535.0,527.0,530.0,-0.75,3045,1611183.0
2018-07-25,537.0,540.0,532.0,534.0,-2.38,1163,622731.0
2018-07-24,545.0,561.0,540.0,547.0,1.3,2961,1641911.0
2018-07-23,530.0,540.0,527.0,540.0,3.05,1438,768787.0
2018-07-22,530.0,530.0,522.0,524.0,-1.87,2362,1241324.0
2018-07-19,540.0,546.0,534.0,534.0,-0.37,2452,1316000.0
2018-07-18,549.0,549.0,536.0,536.0,-4.29,1130,612090.0
2018-07-17,550.0,560.0,550.0,560.0,1.82,412,229364.0
2018-07-16,540.0,550.0,535.0,550.0,1.85,2640,1428068.0
2018-07-15,545.0,546.0,534.0,540.0,0.75,1718,925219.0
2018-07-12,536.0,541.0,533.0,536.0,-1.29,3993,2143469.0
2018-07-11,560.0,565.0,543.0,543.0,-1.27,5174,2876635.0
2018-07-10,550.0,561.0,550.0,550.0,1.66,1277,703937.0
2018-07-09,544.0,566.0,540.0,541.0,-2.52,5605,3087352.0
2018-07-08,579.0,580.0,550.0,555.0,-2.29,7814,4431897.0
2018-07-05,540.0,569.0,539.0,568.0,6.17,12170,6757349.0
2018-07-04,525.0,545.0,525.0,535.0,1.9,3492,1859454.0
2018-07-03,520.0,525.0,512.0,525.0,1.94,924,480252.0
2018-07-02,510.0,525.0,510.0,515.0,-0.96,1797,930243.0
2018-07-01,535.0,535.0,520.0,520.0,-2.8,1918,1006706.0
2018-06-28,546.0,546.0,535.0,535.0,-0.19,742,400819.0
2018-06-27,529.0,547.0,529.0,536.0,-0.56,3021,1620796.0
2018-06-26,545.0,548.0,538.0,539.0,-2.36,2863,1552166.0
2018-06-25,552.0,554.0,550.0,552.0,-0.9,544,300400.0
2018-06-24,558.0,564.0,557.0,557.0,-0.18,797,447236.0
2018-06-21,555.0,564.0,553.0,558.0,0.54,2677,1499784.0
2018-06-20,552.0,560.0,552.0,555.0,-0.36,504,280942.0
2018-06-19,570.0,570.0,555.0,557.0,-2.28,3158,1767551.0
2018-06-18,548.0,570.0,547.0,570.0,2.52,4730,2618446.0
2018-06-17,561.0,561.0,554.0,556.0,-0.89,1093,607346.0
2018-06-14,573.0,575.0,556.0,561.0,-0.18,6522,3671285.0
2018-06-13,574.0,574.0,561.0,562.0,-0.88,785,443130.0
2018-06-12,572.0,574.0,565.0,567.0,-0.87,1346,766448.0
2018-06-11,560.0,572.0,549.0,572.0,2.14,7830,4415540.0
2018-06-10,571.0,571.0,556.0,560.0,-3.78,4520,2545040.0
2018-06-07,587.0,590.0,570.0,582.0,-0.85,5750,3299688.0
2018-06-06,582.0,604.0,582.0,587.0,2.8,2604,1544354.0
2018-06-04,576.0,606.0,562.0,571.0,-2.73,9723,5597347.0
2018-06-03,594.0,609.0,587.0,587.0,-3.14,5393,3190773.0
2018-05-31,615.0,615.0,603.0,606.0,-1.3,5391,3264624.0
2018-05-30,615.0,632.0,610.0,614.0,0.0,8557,5307853.0
2018-05-29,613.0,624.0,605.0,614.0,0.33,6435,3941473.0
2018-05-28,589.0,613.0,588.0,612.0,4.62,5296,3190124.0
2018-05-27,590.0,590.0,575.0,585.0,-1.85,11065,6446912.0
2018-05-24,590.0,608.0,590.0,596.0,-0.17,1602,963497.0
2018-05-23,600.0,605.0,597.0,597.0,-0.67,1826,1097450.0
2018-05-22,600.0,605.0,600.0,601.0,-1.64,1676,1010310.0
2018-05-21,609.0,612.0,600.0,611.0,0.33,2843,1725855.0
2018-05-20,622.0,629.0,609.0,609.0,-0.16,5735,3503020.0
2018-05-17,610.0,611.0,607.0,610.0,0.0,1652,1007124.0
2018-05-16,620.0,620.0,606.0,610.0,-0.97,5318,3257262.0
2018-05-15,602.0,616.0,601.0,616.0,1.99,1051,636547.0
2018-05-14,603.0,608.0,600.0,604.0,-1.79,4977,3001244.0
2018-05-10,608.0,619.0,608.0,615.0,-0.81,2511,1537174.0
2018-05-09,620.0,633.0,615.0,620.0,-1.59,4337,2711690.0
2018-05-08,608.0,630.0,608.0,630.0,3.45,2029,1249717.0
2018-05-07,600.0,612.0,595.0,609.0,-0.49,7124,4311279.0
2018-05-06,620.0,620.0,608.0,612.0,-2.86,5333,3265305.0
2018-05-03,621.0,635.0,613.0,630.0,1.61,20351,12729343.0
2018-05-02,595.0,620.0,594.0,620.0,2.82,4852,2924566.0
2018-04-29,595.0,610.0,584.0,603.0,-0.33,8477,5079341.0
2018-04-26,625.0,627.0,599.0,605.0,-1.63,9568,5824756.0
2018-04-25,615.0,630.0,613.0,615.0,-1.6,7865,4865126.0
2018-04-24,627.0,637.0,618.0,625.0,-0.79,13305,8337201.0
2018-04-23,649.0,658.0,626.0,630.0,-2.33,31550,20267004.0
2018-04-22,641.0,648.0,624.0,645.0,2.54,15816,10090225.0
2018-04-19,635.0,635.0,607.0,629.0,0.0,15708,9819105.0
2018-04-18,654.0,665.0,621.0,629.0,-2.02,32034,20521444.0
2018-04-17,595.0,642.0,590.0,642.0,9.93,38574,23697274.0
2018-04-16,551.0,589.0,550.0,584.0,4.85,20340,11764331.0
2018-04-15,550.0,557.0,530.0,557.0,3.15,7771,4214509.0
2018-04-12,528.0,550.0,528.0,540.0,1.5,11400,6193530.0
2018-04-11,540.0,540.0,515.0,532.0,0.19,6034,3180852.0
2018-04-10,535.0,559.0,524.0,531.0,-2.39,10305,5584185.0
2018-04-09,558.0,580.0,543.0,544.0,-0.73,20965,11721192.0
2018-04-08,520.0,550.0,500.0,548.0,7.45,31829,16895652.0
2018-04-05,490.0,510.0,478.0,510.0,6.03,17699,8757789.0
2018-04-04,456.0,483.0,456.0,481.0,6.42,4542,2135443.0
2018-04-03,459.0,462.0,450.0,452.0,0.44,1637,747141.0
2018-04-02,468.0,468.0,450.0,450.0,-2.6,6885,3130510.0
2018-04-01,467.0,475.0,458.0,462.0,-2.94,2502,1164468.0
2018-03-29,465.0,490.0,465.0,476.0,1.28,4128,1991237.0
2018-03-28,475.0,485.0,450.0,470.0,0.64,10112,4767990.0
2018-03-27,440.0,485.0,412.0,467.0,5.18,8271,3707880.0
2018-03-26,463.0,463.0,437.0,444.0,-5.93,8477,3786225.0
2018-03-22,477.0,500.0,468.0,472.0,-2.88,5686,2728246.0
2018-03-21,500.0,501.0,485.0,486.0,-4.71,4689,2308546.0
2018-03-20,497.0,510.0,497.0,510.0,0.59,2076,1039429.0
2018-03-19,505.0,512.0,505.0,507.0,-0.2,1880,955742.0
2018-03-18,518.0,518.0,508.0,508.0,-2.12,4641,2380203.0
2018-03-15,525.0,532.0,519.0,519.0,-1.14,1697,888873.0
2018-03-14,523.0,529.0,521.0,525.0,0.0,2224,1167600.0
2018-03-13,511.0,525.0,511.0,525.0,0.77,2628,1356648.0
2018-03-12,505.0,538.0,505.0,521.0,1.16,2770,1429965.0
2018-03-11,530.0,530.0,513.0,515.0,-4.45,6822,3531924.0
2018-03-07,532.0,539.0,523.0,539.0,2.67,6607,3507580.0
2018-03-06,515.0,534.0,492.0,525.0,0.96,16505,8475677.0
2018-03-05,540.0,540.0,501.0,520.0,-1.89,9902,5127946.0
2018-03-04,545.0,545.0,515.0,530.0,-4.68,5838,3112299.0
2018-02-28,560.0,560.0,548.0,556.0,-1.77,5818,3219707.0
2018-02-27,556.0,570.0,554.0,566.0,0.18,4802,2695815.0
2018-02-26,566.0,567.0,550.0,565.0,-0.18,7527,4214384.0
2018-02-25,561.0,570.0,560.0,566.0,-0.7,2715,1527710.0
2018-02-22,562.0,580.0,560.0,570.0,0.88,5926,3377104.0
2018-02-21,570.0,572.0,555.0,565.0,-2.59,13540,7604165.0
2018-02-20,610.0,610.0,580.0,580.0,-4.45,2920,1731840.0
2018-02-18,606.0,615.0,593.0,607.0,0.83,12821,7768595.0
2018-02-15,575.0,610.0,574.0,602.0,0.0,7631,4514565.0
2018-02-14,555.0,575.0,560.0,575.0,0.0,580,330400.0
2018-02-12,576.0,570.0,555.0,555.0,0.0,3832,2146110.0
2018-02-11,565.0,576.0,557.0,576.0,0.0,1199,672262.0
2018-02-08,560.0,570.0,565.0,565.0,0.0,609,344562.0
2018-02-07,572.0,565.0,556.0,560.0,0.0,2789,1562625.0
2018-02-06,584.0,585.0,572.0,572.0,0.0,1602,920674.0
2018-02-05,594.0,594.0,580.0,584.0,0.0,2174,1264832.0
2018-02-04,590.0,595.0,587.0,594.0,0.0,1042,616240.0
2018-02-01,590.0,595.0,585.0,590.0,0.0,2292,1354332.0
2018-01-31,584.0,590.0,582.0,590.0,0.0,1180,689640.0
2018-01-29,585.0,588.0,581.0,584.0,0.0,1565,911244.0
2018-01-28,579.0,590.0,580.0,585.0,0.0,4515,2639682.0
2018-01-25,565.0,579.0,565.0,579.0,0.0,3713,2128298.0
2018-01-24,559.0,565.0,553.0,565.0,0.0,3250,1812830.0
2018-01-23,581.0,575.0,555.0,559.0,0.0,4883,2744930.0
2018-01-22,587.0,585.0,581.0,581.0,0.0,1531,892501.0
2018-01-21,591.0,588.0,584.0,587.0,0.0,900,526980.0
2018-01-17,591.0,592.0,585.0,591.0,0.0,1554,917303.0
2018-01-16,599.0,597.0,591.0,591.0,0.0,1410,836065.0
2018-01-14,600.0,602.0,596.0,599.0,0.0,3922,2348882.0
2018-01-10,605.0,607.0,600.0,600.0,0.0,2960,1782891.0
2018-01-09,608.0,615.0,605.0,605.0,0.0,4092,2488265.0
2018-01-08,610.0,610.0,600.0,608.0,0.0,1850,1117700.0
2018-01-07,604.0,615.0,599.0,610.0,0.0,3608,2185297.0
2018-01-04,600.0,605.0,600.0,604.0,0.0,5095,3064662.0
2018-01-03,611.0,612.0,599.0,600.0,0.0,3545,2143334.0
2018-01-02,628.0,630.0,609.0,611.0,0.0,10988,6833623.0
2018-01-01,605.0,628.0,595.0,628.0,0.0,11180,6817744.0
2017-12-31,599.0,613.0,580.0,605.0,0.0,3955,2369807.0
2017-12-28,597.0,609.0,587.0,599.0,0.0,6338,3785948.0
2017-12-27,610.0,611.0,587.0,597.0,0.0,6772,4057631.0
2017-12-26,635.0,630.0,610.0,610.0,0.0,7770,4757848.0
2017-12-24,625.0,642.0,630.0,635.0,0.0,5900,3751665.0
2017-12-21,625.0,626.0,615.0,625.0,0.0,3500,2169850.0
2017-12-20,635.0,630.0,622.0,625.0,0.0,5897,3682929.0
2017-12-19,650.0,642.0,626.0,635.0,0.0,5081,3216919.0
2017-12-18,664.0,660.0,650.0,650.0,0.0,4834,3171269.0
2017-12-17,683.0,695.0,656.0,664.0,0.0,3526,2349697.0
2017-12-14,779.0,788.0,760.0,770.0,0.0,13991,10764000.0
2017-12-13,782.0,779.0,767.0,779.0,0.0,4342,3366976.0
2017-12-12,781.0,782.0,766.0,782.0,0.0,6410,4937530.0
2017-12-11,798.0,798.0,781.0,781.0,0.0,6660,5240424.0
2017-12-10,798.0,829.0,791.0,798.0,0.0,10481,8390604.0
2017-12-06,795.0,803.0,791.0,798.0,0.0,5231,4161751.0
2017-12-05,798.0,795.0,783.0,795.0,0.0,5833,4592635.0
2017-12-04,800.0,815.0,793.0,798.0,0.0,3345,2668176.0
2017-11-30,809.0,815.0,786.0,800.0,0.0,12901,10330815.0
2017-11-29,781.0,816.0,787.0,809.0,0.0,28817,23178148.0
2017-11-28,792.0,790.0,775.0,781.0,0.0,16751,13031015.0
2017-11-27,788.0,799.0,778.0,792.0,0.0,7270,5749602.0
2017-11-26,775.0,814.0,761.0,788.0,0.0,8743,6916048.0
2017-11-23,770.0,780.0,768.0,775.0,0.0,4954,3827698.0
2017-11-22,762.0,770.0,758.0,770.0,0.0,2004,1535738.0
2017-11-21,760.0,774.0,756.0,762.0,0.0,7870,6003230.0
2017-11-20,770.0,775.0,760.0,760.0,0.0,3905,2988562.0
2017-11-19,787.0,800.0,764.0,770.0,0.0,7881,6071112.0
2017-11-16,810.0,807.0,787.0,787.0,0.0,5563,4412595.0
2017-11-15,838.0,840.0,805.0,810.0,0.0,5968,4867413.0
2017-11-14,825.0,845.0,800.0,838.0,0.0,8516,7006507.0
2017-11-13,804.0,825.0,794.0,825.0,0.0,5900,4735163.0
2017-11-12,782.0,804.0,773.0,804.0,0.0,3784,2953635.0
2017-11-09,784.0,793.0,755.0,782.0,0.0,8027,6194328.0
2017-11-08,800.0,800.0,769.0,784.0,0.0,2665,2096788.0
2017-11-07,800.0,820.0,800.0,800.0,0.0,8346,6723857.0
2017-11-06,806.0,825.0,796.0,800.0,0.0,6578,5310208.0
2017-11-05,823.0,823.0,801.0,806.0,0.0,6930,5628469.0
2017-11-02,831.0,840.0,823.0,823.0,0.0,3132,2602787.0
2017-11-01,847.0,842.0,831.0,831.0,0.0,4025,3357378.0
2017-10-31,854.0,849.0,840.0,847.0,0.0,4921,4145639.0
2017-10-30,857.0,867.0,848.0,854.0,0.0,9511,8117482.0
2017-10-29,860.0,870.0,843.0,857.0,0.0,7391,6332651.0
2017-10-25,865.0,870.0,859.0,860.0,0.0,9625,8285966.0
2017-10-24,875.0,875.0,860.0,865.0,0.0,4969,4318261.0
2017-10-23,876.0,890.0,870.0,875.0,0.0,4149,3637884.0
2017-10-22,886.0,907.0,876.0,876.0,0.0,4282,3808455.0
2017-10-18,880.0,905.0,870.0,886.0,0.0,5995,5334752.0
2017-10-17,895.0,905.0,880.0,880.0,0.0,7877,7043655.0
2017-10-16,850.0,895.0,859.0,895.0,0.0,7986,6948717.0
2017-10-15,870.0,887.0,845.0,850.0,0.0,8550,7309340.0
2017-10-12,880.0,880.0,865.0,870.0,0.0,3089,2682595.0
2017-10-11,885.0,885.0,868.0,880.0,0.0,1695,1482189.0
2017-10-10,895.0,893.0,885.0,885.0,0.0,1950,1736231.0
2017-10-09,885.0,895.0,865.0,895.0,0.0,2079,1814491.0
2017-10-08,930.0,912.0,883.0,885.0,0.0,1879,1670719.0
2017-10-04,935.0,930.0,923.0,930.0,0.0,1408,1305316.0
2017-09-26,915.0,935.0,910.0,935.0,0.0,872,803715.0
2017-09-25,910.0,915.0,910.0,915.0,0.0,1307,1193684.0
2017-09-24,926.0,920.0,910.0,910.0,0.0,1647,1506657.0
2017-09-20,940.0,942.0,926.0,926.0,0.0,1050,975935.0
2017-09-18,935.0,940.0,921.0,940.0,0.0,2226,2070610.0
2017-09-17,935.0,953.0,934.0,935.0,0.0,4832,4550256.0
2017-09-14,891.0,939.0,899.0,935.0,0.0,2382,2176435.0
2017-09-13,900.0,916.0,891.0,891.0,0.0,4034,3656986.0
2017-09-12,920.0,925.0,900.0,900.0,0.0,4940,4505790.0
2017-09-11,926.0,944.0,920.0,920.0,0.0,2408,2233365.0
2017-09-10,950.0,940.0,926.0,926.0,0.0,3198,2982459.0
2017-09-07,980.0,975.0,946.0,950.0,0.0,4063,3871684.0
2017-09-06,951.0,989.0,965.0,980.0,0.0,3596,3515272.0
2017-09-04,957.0,969.0,940.0,951.0,0.0,5076,4834064.0
2017-08-31,970.0,980.0,946.0,957.0,0.0,6467,6202270.0
2017-08-30,994.0,985.0,970.0,970.0,0.0,4905,4797906.0
2017-08-28,1000.0,1000.0,990.0,994.0,0.0,2236,2228594.0
2017-08-27,1010.0,1030.0,995.0,1000.0,0.0,3677,3685133.0
2017-08-24,999.0,1010.0,1000.0,1010.0,0.0,3522,3528480.0
2017-08-23,1010.0,1006.0,998.0,999.0,0.0,1787,1790650.0
2017-08-22,999.0,1018.0,994.0,1010.0,0.0,9705,9728273.0
2017-08-21,999.0,1017.0,995.0,999.0,0.0,5346,5355052.0
2017-08-20,1001.0,1018.0,990.0,999.0,0.0,4983,4975063.0
2017-08-17,1010.0,1010.0,1001.0,1001.0,0.0,3604,3625778.0
2017-08-16,1000.0,1025.0,1000.0,1010.0,0.0,5316,5386693.0
2017-08-15,1015.0,1010.0,999.0,1000.0,0.0,5480,5491735.0
2017-08-13,1018.0,1015.0,1006.0,1015.0,0.0,7990,8075660.0
2017-08-10,1016.0,1030.0,997.0,1018.0,0.0,5718,5776433.0
2017-08-09,1010.0,1020.0,1001.0,1016.0,0.0,4655,4726934.0
2017-08-07,1010.0,1010.0,1000.0,1010.0,0.0,9317,9346382.0
2017-08-06,1020.0,1034.0,1009.0,1010.0,0.0,3645,3697563.0
2017-08-03,1031.0,1040.0,1020.0,1020.0,0.0,6856,7027673.0
2017-08-02,1038.0,1035.0,1026.0,1031.0,0.0,6237,6422077.0
2017-08-01,1045.0,1049.0,1030.0,1038.0,0.0,6466,6701845.0
2017-07-31,1044.0,1065.0,1045.0,1045.0,0.0,7787,8216287.0
2017-07-30,1064.0,1060.0,1020.0,1044.0,0.0,7409,7759663.0
2017-07-27,1085.0,1100.0,1060.0,1064.0,0.0,17402,18835324.0
2017-07-26,1060.0,1088.0,1055.0,1085.0,0.0,18077,19441400.0
2017-07-25,1061.0,1080.0,1050.0,1060.0,0.0,9694,10263523.0
2017-07-24,1073.0,1100.0,1050.0,1061.0,0.0,27726,29878948.0
2017-07-23,1002.0,1097.0,1006.0,1073.0,0.0,24412,25585192.0
2017-07-20,1000.0,1015.0,992.0,1002.0,0.0,11531,11551699.0
2017-07-19,957.0,1030.0,960.0,1000.0,0.0,18060,17811424.0
2017-07-18,930.0,966.0,940.0,957.0,0.0,6639,6325112.0
2017-07-17,926.0,939.0,926.0,930.0,0.0,1846,1721220.0
2017-07-16,930.0,945.0,926.0,926.0,0.0,1682,1572136.0
2017-07-13,940.0,950.0,930.0,930.0,0.0,1958,1833475.0
2017-07-12,935.0,948.0,930.0,940.0,0.0,1126,1057687.0
2017-07-11,932.0,942.0,925.0,935.0,0.0,1454,1357953.0
2017-07-10,925.0,947.0,930.0,932.0,0.0,2530,2367540.0
2017-07-09,952.0,975.0,912.0,925.0,0.0,8786,8334521.0
2017-07-06,925.0,954.0,934.0,952.0,0.0,4714,4444106.0
2017-07-05,938.0,940.0,920.0,925.0,0.0,1686,1571777.0
2017-07-04,931.0,950.0,936.0,938.0,0.0,2314,2175911.0
2017-07-03,940.0,945.0,930.0,931.0,0.0,7542,7033289.0
2017-07-02,970.0,960.0,925.0,940.0,0.0,3449,3228160.0
2017-06-28,983.0,980.0,950.0,970.0,0.0,7706,7420839.0
2017-06-27,930.0,1020.0,948.0,983.0,0.0,46803,46145532.0
2017-06-25,1760.0,1785.0,1750.0,1759.0,0.0,29299,51590096.0
2017-06-22,1765.0,1780.0,1758.0,1760.0,0.0,13977,24702844.0
2017-06-21,1777.0,1783.0,1765.0,1765.0,0.0,11310,20076476.0
2017-06-20,1765.0,1794.0,1756.0,1777.0,0.0,9023,16015722.0
2017-06-19,1790.0,1810.0,1760.0,1765.0,0.0,10084,17917858.0
2017-06-18,1765.0,1819.0,1785.0,1790.0,0.0,9629,17306508.0
2017-06-15,1768.0,1800.0,1765.0,1765.0,0.0,1136,2015620.0
2017-06-14,1761.0,1783.0,1765.0,1768.0,0.0,3783,6704227.0
2017-06-13,1752.0,1775.0,1730.0,1761.0,0.0,1488,2614829.0
2017-06-12,1766.0,1785.0,1735.0,1752.0,0.0,4396,7768222.0
2017-06-11,1796.0,1780.0,1762.0,1766.0,0.0,5941,10521816.0
2017-06-08,1799.0,1799.0,1782.0,1796.0,0.0,1648,2949730.0
2017-06-07,1818.0,1830.0,1795.0,1799.0,0.0,4578,8292413.0
2017-06-06,1792.0,1827.0,1792.0,1818.0,0.0,7873,14255026.0
2017-06-05,1782.0,1800.0,1773.0,1792.0,0.0,3084,5535207.0
2017-06-04,1799.0,1790.0,1765.0,1782.0,0.0,5168,9192451.0
2017-06-01,1794.0,1820.0,1780.0,1799.0,0.0,6224,11169453.0
2017-05-31,1780.0,1800.0,1746.0,1794.0,0.0,8616,15216562.0
2017-05-30,1795.0,1810.0,1770.0,1780.0,0.0,2919,5221232.0
2017-05-28,1808.0,1810.0,1750.0,1795.0,0.0,8718,15553405.0
2017-05-24,1807.0,1819.0,1795.0,1808.0,0.0,4404,7943395.0
2017-05-23,1787.0,1818.0,1798.0,1807.0,0.0,5639,10174206.0
2017-05-22,1794.0,1790.0,1780.0,1787.0,0.0,2109,3763404.0
2017-05-21,1801.0,1810.0,1794.0,1794.0,0.0,4111,7400002.0
2017-05-18,1800.0,1810.0,1795.0,1801.0,0.0,6261,11272628.0
2017-05-17,1799.0,1800.0,1790.0,1800.0,0.0,4327,7777825.0
2017-05-16,1800.0,1805.0,1785.0,1799.0,0.0,2776,4991638.0
2017-05-15,1790.0,1820.0,1800.0,1800.0,0.0,5558,10030498.0
2017-05-11,1784.0,1799.0,1788.0,1790.0,0.0,2720,4878015.0
2017-05-09,1765.0,1784.0,1775.0,1784.0,0.0,2520,4486042.0
2017-05-08,1762.0,1800.0,1765.0,1765.0,0.0,8146,14475116.0
2017-05-07,1790.0,1780.0,1762.0,1762.0,0.0,4923,8718200.0
2017-05-04,1792.0,1800.0,1780.0,1790.0,0.0,5401,9649660.0
2017-05-03,1790.0,1825.0,1780.0,1792.0,0.0,5999,10774381.0
2017-05-02,1784.0,1819.0,1754.0,1790.0,0.0,10225,18287742.0
2017-04-30,1806.0,1825.0,1775.0,1784.0,0.0,8354,14986960.0
2017-04-27,1805.0,1815.0,1770.0,1806.0,0.0,15079,27045920.0
2017-04-26,1825.0,1820.0,1800.0,1805.0,0.0,6641,11981816.0
2017-04-25,1827.0,1846.0,1791.0,1825.0,0.0,9065,16489828.0
2017-04-24,1850.0,1860.0,1800.0,1827.0,0.0,6161,11275683.0
2017-04-23,1810.0,1899.0,1820.0,1850.0,0.0,16951,31283820.0
2017-04-20,1801.0,1870.0,1789.0,1810.0,0.0,16316,29698748.0
2017-04-19,1757.0,1801.0,1750.0,1801.0,0.0,17927,32067126.0
2017-04-18,1760.0,1820.0,1700.0,1757.0,0.0,25318,44244720.0
2017-04-16,1810.0,1855.0,1760.0,1760.0,0.0,18206,32515058.0
2017-04-13,1775.0,1848.0,1740.0,1810.0,0.0,17636,31719352.0
2017-04-12,1820.0,1900.0,1775.0,1775.0,0.0,23932,44387688.0
2017-04-11,1808.0,1845.0,1808.0,1820.0,0.0,17008,30996136.0
2017-04-10,1781.0,1820.0,1784.0,1808.0,0.0,25435,45861016.0
2017-04-09,1815.0,1830.0,1780.0,1781.0,0.0,12074,21729664.0
2017-04-06,1824.0,1840.0,1771.0,1815.0,0.0,22240,40262504.0
2017-04-04,1801.0,1900.0,1750.0,1824.0,0.0,32130,58483724.0
2017-04-03,1766.0,1942.0,1754.0,1801.0,0.0,68506,127123928.0
2017-04-02,1606.0,1766.0,1638.0,1766.0,0.0,1113,1962398.0
2017-03-30,1585.0,1650.0,1525.0,1606.0,0.0,23716,37949760.0
2017-03-29,1645.0,1680.0,1569.0,1585.0,0.0,25024,40717920.0
2017-03-28,1515.0,1666.0,1533.0,1645.0,0.0,15624,25109616.0
2017-03-26,1459.0,1540.0,1459.0,1515.0,0.0,22009,33127328.0
2017-03-23,1448.0,1460.0,1402.0,1459.0,0.0,12014,17319500.0
2017-03-22,1472.0,1500.0,1420.0,1448.0,0.0,15227,22409344.0
2017-03-21,1440.0,1497.0,1400.0,1472.0,0.0,27892,40694576.0
2017-03-20,1312.0,1443.0,1330.0,1440.0,0.0,30828,43442472.0
2017-03-19,1243.0,1330.0,1265.0,1312.0,0.0,19121,24673296.0
2017-03-16,1235.0,1251.0,1235.0,1243.0,0.0,2930,3652442.0
2017-03-15,1215.0,1242.0,1200.0,1235.0,0.0,2338,2875948.0
2017-03-14,1230.0,1244.0,1211.0,1215.0,0.0,6188,7581530.0
2017-03-13,1220.0,1250.0,1230.0,1230.0,0.0,2811,3475730.0
2017-03-09,1207.0,1233.0,1200.0,1220.0,0.0,2635,3220160.0
2017-03-07,1234.0,1240.0,1186.0,1207.0,0.0,8188,9894354.0
2017-03-06,1228.0,1267.0,1220.0,1234.0,0.0,8525,10544603.0
2017-03-05,1192.0,1270.0,1192.0,1228.0,0.0,9580,11770845.0
2017-03-02,1155.0,1192.0,1155.0,1192.0,0.0,8967,10540030.0
2017-03-01,1112.0,1186.0,1123.0,1155.0,0.0,3242,3758453.0
2017-02-28,1143.0,1130.0,1099.0,1112.0,0.0,5773,6402542.0
2017-02-26,1175.0,1175.0,1141.0,1143.0,0.0,1530,1764010.0
2017-02-23,1176.0,1200.0,1165.0,1175.0,0.0,3030,3584650.0
2017-02-22,1201.0,1242.0,1141.0,1176.0,0.0,5268,6283730.0
2017-02-21,1220.0,1268.0,1182.0,1201.0,0.0,10543,12796460.0
2017-02-20,1200.0,1295.0,1180.0,1220.0,0.0,14982,18491870.0
2017-02-19,1155.0,1240.0,1093.0,1200.0,0.0,9826,11611983.0
2017-02-16,1062.0,1155.0,1045.0,1155.0,0.0,7814,8649586.0
2017-02-15,966.0,1062.0,971.0,1062.0,0.0,5969,6057084.0
2017-02-14,1000.0,1007.0,950.0,966.0,0.0,3752,3678982.0
2017-02-13,920.0,1012.0,851.0,1000.0,0.0,6808,6137362.0
2017-02-12,995.0,976.0,920.0,920.0,0.0,5544,5201513.0
2017-02-09,1036.0,1020.0,995.0,995.0,0.0,5018,5025587.0
2017-02-08,1056.0,1055.0,1035.0,1036.0,0.0,1186,1229670.0
2017-02-07,1070.0,1070.0,1049.0,1056.0,0.0,1290,1365490.0
2017-02-06,1094.0,1097.0,1070.0,1070.0,0.0,1640,1768190.0
2017-02-05,1130.0,1120.0,1080.0,1094.0,0.0,2591,2852198.0
2017-02-02,1150.0,1196.0,1110.0,1130.0,0.0,3837,4409940.0
2017-02-01,1070.0,1150.0,1080.0,1150.0,0.0,5131,5739033.0
2017-01-31,1071.0,1111.0,1010.0,1070.0,0.0,10721,11252730.0
2017-01-30,1190.0,1170.0,1071.0,1071.0,0.0,9577,10423406.0
2017-01-26,1220.0,1237.0,1180.0,1190.0,0.0,4470,5351324.0
2017-01-25,1262.0,1250.0,1190.0,1220.0,0.0,6841,8337667.0
2017-01-24,1300.0,1290.0,1261.0,1262.0,0.0,1547,1968964.0
2017-01-23,1300.0,1306.0,1300.0,1300.0,0.0,1008,1313099.0
2017-01-22,1325.0,1335.0,1295.0,1300.0,0.0,1840,2426740.0
2017-01-19,1309.0,1335.0,1309.0,1325.0,0.0,2722,3582743.0
2017-01-18,1285.0,1325.0,1245.0,1309.0,0.0,1341,1742137.0
2017-01-17,1278.0,1328.0,1285.0,1285.0,0.0,1588,2062280.0
2017-01-16,1307.0,1290.0,1276.0,1278.0,0.0,2364,3033456.0
2017-01-15,1315.0,1341.0,1300.0,1307.0,0.0,820,1074780.0
2017-01-12,1310.0,1330.0,1309.0,1315.0,0.0,2410,3176477.0
2017-01-11,1310.0,1335.0,1305.0,1310.0,0.0,2419,3175294.0
2017-01-10,1280.0,1340.0,1299.0,1310.0,0.0,6684,8783409.0
2017-01-09,1274.0,1299.0,1255.0,1280.0,0.0,6025,7717300.0
2017-01-08,1265.0,1280.0,1250.0,1274.0,0.0,813,1034875.0
2017-01-05,1273.0,1280.0,1252.0,1265.0,0.0,1264,1596624.0
2017-01-04,1270.0,1295.0,1225.0,1273.0,0.0,4360,5549390.0
2017-01-03,1288.0,1300.0,1265.0,1270.0,0.0,2224,2845003.0
2017-01-02,1280.0,1300.0,1270.0,1288.0,0.0,7119,9162180.0
2017-01-01,1255.0,1300.0,1273.0,1280.0,0.0,6499,8381945.0
2016-12-29,1210.0,1285.0,1201.0,1255.0,0.0,9205,11491910.0
2016-12-28,1186.0,1215.0,1184.0,1210.0,0.0,4110,4944825.0
2016-12-27,1231.0,1240.0,1167.0,1186.0,0.0,5090,6097703.0
2016-12-26,1276.0,1256.0,1231.0,1231.0,0.0,5354,6635958.0
2016-12-22,1292.0,1315.0,1276.0,1276.0,0.0,1727,2237139.0
2016-12-21,1320.0,1326.0,1274.0,1292.0,0.0,4652,6042942.0
2016-12-20,1350.0,1348.0,1320.0,1320.0,0.0,3657,4876044.0
2016-12-19,1360.0,1360.0,1344.0,1350.0,0.0,11497,15532184.0
2016-12-18,1334.0,1360.0,1323.0,1360.0,0.0,9249,12463107.0
2016-12-15,1310.0,1350.0,1310.0,1334.0,0.0,3511,4679846.0
2016-12-14,1261.0,1310.0,1261.0,1310.0,0.0,2196,2830026.0
2016-12-12,1299.0,1285.0,1249.0,1261.0,0.0,3953,5011805.0
2016-12-11,1305.0,1305.0,1282.0,1299.0,0.0,4796,6192050.0
2016-12-08,1330.0,1325.0,1300.0,1305.0,0.0,3132,4110343.0
2016-12-07,1322.0,1330.0,1300.0,1330.0,0.0,1230,1620650.0
2016-12-06,1324.0,1399.0,1275.0,1322.0,0.0,5311,7042134.0
2016-12-05,1350.0,1325.0,1305.0,1324.0,0.0,1992,2618353.0
2016-12-04,1400.0,1400.0,1350.0,1350.0,0.0,6030,8267890.0
2016-12-01,1401.0,1457.0,1370.0,1400.0,0.0,14007,19811020.0
2016-11-30,1354.0,1455.0,1373.0,1401.0,0.0,16423,23107900.0
2016-11-29,1500.0,1600.0,1393.0,1600.0,0.0,28808,43836424.0
2016-11-28,1432.0,1550.0,1289.0,1500.0,0.0,26986,37931892.0
2016-11-27,1591.0,1570.0,1432.0,1432.0,0.0,18972,28141612.0
2016-11-24,1550.0,1662.0,1500.0,1591.0,0.0,16222,25415476.0
2016-11-23,1617.0,1659.0,1520.0,1550.0,0.0,26913,42488788.0
2016-11-22,1640.0,1650.0,1610.0,1617.0,0.0,11199,18155326.0
2016-11-21,1620.0,1683.0,1590.0,1640.0,0.0,11145,18017588.0
2016-11-20,1722.0,1688.0,1581.0,1620.0,0.0,21643,35480256.0
2016-11-17,1759.0,1742.0,1675.0,1722.0,0.0,14489,24794772.0
2016-11-16,1760.0,1780.0,1751.0,1759.0,0.0,9991,17624340.0
2016-11-15,1760.0,1800.0,1760.0,1760.0,0.0,11756,20811476.0
2016-11-14,1750.0,1770.0,1745.0,1760.0,0.0,3790,6641528.0
2016-11-13,1708.0,1770.0,1720.0,1750.0,0.0,6000,10459370.0
2016-11-10,1740.0,1750.0,1696.0,1708.0,0.0,10594,18201828.0
2016-11-09,1785.0,1799.0,1730.0,1740.0,0.0,15403,26976676.0
2016-11-08,1800.0,1808.0,1778.0,1785.0,0.0,10029,17948490.0
2016-11-07,1824.0,1840.0,1788.0,1800.0,0.0,14342,26226656.0
2016-11-03,1844.0,1881.0,1800.0,1824.0,0.0,20781,38049072.0
2016-10-27,1858.0,1875.0,1844.0,1844.0,0.0,7085,13158458.0
2016-10-26,1870.0,1870.0,1822.0,1858.0,0.0,9784,18035574.0
2016-10-25,1880.0,1900.0,1830.0,1870.0,0.0,10616,19733008.0
2016-10-24,1825.0,1888.0,1831.0,1880.0,0.0,36420,67652960.0
2016-10-23,1785.0,1825.0,1788.0,1825.0,0.0,28162,50924940.0
2016-10-20,1772.0,1790.0,1765.0,1785.0,0.0,9719,17312380.0
2016-10-19,1771.0,1775.0,1761.0,1772.0,0.0,3341,5909567.0
2016-10-18,1760.0,1780.0,1760.0,1771.0,0.0,9296,16455148.0
2016-10-17,1752.0,1790.0,1725.0,1760.0,0.0,8074,14201032.0
2016-10-16,1767.0,1760.0,1720.0,1752.0,0.0,9804,17163686.0
2016-10-06,1770.0,1790.0,1765.0,1767.0,0.0,17718,31507294.0
2016-10-05,1756.0,1780.0,1740.0,1770.0,0.0,12605,22123712.0
2016-10-04,1731.0,1770.0,1725.0,1756.0,0.0,16043,28062028.0
2016-10-03,1682.0,1750.0,1700.0,1731.0,0.0,12818,22190192.0
2016-10-02,1671.0,1700.0,1671.0,1682.0,0.0,8306,14047315.0
2016-09-29,1670.0,1700.0,1668.0,1671.0,0.0,5697,9569525.0
2016-09-28,1680.0,1680.0,1657.0,1670.0,0.0,3478,5818224.0
2016-09-27,1700.0,1725.0,1680.0,1680.0,0.0,4200,7112596.0
2016-09-26,1646.0,1710.0,1650.0,1700.0,0.0,13643,23057380.0
2016-09-25,1697.0,1675.0,1640.0,1646.0,0.0,11986,19846180.0
2016-09-22,1720.0,1714.0,1686.0,1697.0,0.0,9056,15411922.0
2016-09-21,1710.0,1735.0,1676.0,1720.0,0.0,13400,22828440.0
2016-09-20,1760.0,1760.0,1705.0,1710.0,0.0,16492,28461836.0
2016-09-18,1814.0,1800.0,1760.0,1760.0,0.0,14296,25473336.0
2016-09-14,1810.0,1840.0,1810.0,1814.0,0.0,16920,30775736.0
2016-09-12,1810.0,1810.0,1780.0,1810.0,0.0,25521,45809356.0
2016-09-11,1801.0,1836.0,1781.0,1810.0,0.0,23564,42429752.0
2016-09-08,1792.0,1827.0,1764.0,1801.0,0.0,74973,134720080.0
2016-09-07,1679.0,1841.0,1685.0,1792.0,0.0,68601,119604224.0
2016-09-06,1650.0,1704.0,1656.0,1679.0,0.0,25891,43757504.0
2016-09-05,1648.0,1675.0,1641.0,1650.0,0.0,10423,17231880.0
2016-09-04,1643.0,1655.0,1635.0,1648.0,0.0,12189,20074868.0
2016-09-03,1643.0,1655.0,1635.0,1648.0,0.0,12189,20074868.0
2016-09-01,1633.0,1670.0,1622.0,1643.0,0.0,21709,35576488.0
2016-08-31,1590.0,1655.0,1609.0,1633.0,0.0,52026,85048928.0
2016-08-30,1647.0,1660.0,1571.0,1590.0,0.0,37879,61480304.0
2016-08-29,1669.0,1719.0,1640.0,1647.0,0.0,55630,92900768.0
2016-08-28,1573.0,1685.0,1604.0,1669.0,0.0,85231,140086560.0
2016-08-24,1430.0,1573.0,1458.0,1573.0,0.0,69024,105721744.0
2016-08-23,1453.0,1480.0,1415.0,1430.0,0.0,8200,11783893.0
2016-08-22,1495.0,1476.0,1437.0,1453.0,0.0,11842,17197448.0
2016-08-21,1510.0,1545.0,1456.0,1495.0,0.0,13450,20059664.0
2016-08-17,1455.0,1515.0,1460.0,1510.0,0.0,34710,52181768.0
2016-08-16,1345.0,1456.0,1371.0,1455.0,0.0,38277,54073120.0
2016-08-15,1346.0,1426.0,1296.0,1345.0,0.0,22944,30533818.0
2016-08-14,1405.0,1400.0,1310.0,1346.0,0.0,3619,4887506.0
2016-08-11,1419.0,1410.0,1390.0,1405.0,0.0,1582,2215080.0
2016-08-10,1430.0,1458.0,1377.0,1419.0,0.0,7879,11242277.0
2016-08-09,1340.0,1448.0,1366.0,1430.0,0.0,1720,2467190.0
2016-08-08,1400.0,1380.0,1340.0,1340.0,0.0,5094,6943474.0
2016-08-07,1448.0,1505.0,1400.0,1400.0,0.0,9447,13658464.0
2016-08-04,1469.0,1488.0,1402.0,1448.0,0.0,13345,19162700.0
2016-08-03,1500.0,1490.0,1450.0,1469.0,0.0,4713,6947346.0
2016-08-02,1529.0,1520.0,1500.0,1500.0,0.0,10003,15056113.0
2016-08-01,1542.0,1555.0,1501.0,1529.0,0.0,11497,17494158.0
2016-07-31,1580.0,1600.0,1542.0,1542.0,0.0,7359,11535546.0
2016-07-28,1590.0,1590.0,1575.0,1580.0,0.0,2905,4589223.0
2016-07-27,1575.0,1632.0,1570.0,1590.0,0.0,10566,16755324.0
2016-07-26,1566.0,1610.0,1550.0,1575.0,0.0,9601,15120547.0
2016-07-25,1555.0,1590.0,1521.0,1566.0,0.0,12083,18920824.0
2016-07-21,1526.0,1586.0,1525.0,1555.0,0.0,9914,15473561.0
2016-07-20,1569.0,1555.0,1516.0,1526.0,0.0,8718,13385980.0
2016-07-19,1567.0,1695.0,1540.0,1569.0,0.0,23956,38104224.0
2016-07-18,1425.0,1567.0,1405.0,1567.0,0.0,29837,45684376.0
2016-07-17,1450.0,1460.0,1400.0,1425.0,0.0,8477,12104786.0
2016-07-14,1420.0,1458.0,1395.0,1450.0,0.0,23713,34143588.0
2016-07-13,1440.0,1484.0,1390.0,1420.0,0.0,16866,24220268.0
2016-07-12,1489.0,1518.0,1400.0,1440.0,0.0,14757,21685664.0
2016-07-11,1500.0,1530.0,1480.0,1489.0,0.0,31199,46474472.0
2016-07-10,1536.0,1612.0,1500.0,1500.0,0.0,21094,33107484.0
2016-07-06,1600.0,1625.0,1536.0,1536.0,0.0,19675,31043500.0
2016-07-05,1611.0,1639.0,1580.0,1600.0,0.0,26065,41897004.0
2016-07-04,1650.0,1661.0,1607.0,1611.0,0.0,26113,42527560.0
2016-07-03,1680.0,1700.0,1570.0,1650.0,0.0,27676,44841776.0
2016-06-30,1699.0,1715.0,1600.0,1680.0,0.0,27238,44656328.0
2016-06-29,1665.0,1750.0,1660.0,1699.0,0.0,23870,40667980.0
2016-06-28,1631.0,1696.0,1600.0,1665.0,0.0,50732,83600008.0
2016-06-27,1694.0,1686.0,1600.0,1631.0,0.0,24655,40605792.0
2016-06-26,1620.0,1705.0,1550.0,1694.0,0.0,69184,112272264.0
2016-06-23,1595.0,1749.0,1595.0,1620.0,0.0,50719,86253120.0
2016-06-22,1450.0,1595.0,1450.0,1595.0,0.0,131853,197723392.0
2016-06-21,1400.0,1474.0,1395.0,1450.0,0.0,28555,41184612.0
2016-06-20,1435.0,1489.0,1386.0,1400.0,0.0,43246,61203960.0
2016-06-19,1528.0,1554.0,1435.0,1435.0,0.0,35379,53105420.0
2016-06-16,1485.0,1590.0,1470.0,1528.0,0.0,58816,89790640.0
2016-06-15,1385.0,1500.0,1371.0,1485.0,0.0,39740,56048104.0
2016-06-14,1355.0,1400.0,1360.0,1385.0,0.0,18997,26294160.0
2016-06-13,1360.0,1375.0,1329.0,1355.0,0.0,23621,32046922.0
2016-06-12,1392.0,1495.0,1325.0,1360.0,0.0,25427,36343196.0
2016-06-09,1266.0,1392.0,1290.0,1392.0,0.0,45727,62005480.0
2016-06-08,1183.0,1280.0,1205.0,1266.0,0.0,35282,44286344.0
2016-06-07,1132.0,1183.0,1150.0,1183.0,0.0,22464,26068220.0
2016-06-06,1115.0,1159.0,1130.0,1132.0,0.0,10253,11659102.0
2016-06-05,1165.0,1164.0,1115.0,1115.0,0.0,17332,19687080.0
2016-06-02,1165.0,1185.0,1115.0,1165.0,0.0,17500,20276240.0
2016-06-01,1160.0,1183.0,1102.0,1165.0,0.0,20879,23753240.0
2016-05-31,1235.0,1245.0,1157.0,1160.0,0.0,15961,19057220.0
2016-05-30,1155.0,1250.0,1177.0,1235.0,0.0,29283,35256336.0
2016-05-29,1050.0,1155.0,1071.0,1155.0,0.0,30886,34541464.0
2016-05-26,1000.0,1055.0,971.0,1050.0,0.0,27779,27802038.0
2016-05-25,1000.0,1030.0,975.0,1000.0,0.0,31164,31263270.0
2016-05-24,1000.0,1030.0,990.0,1000.0,0.0,33087,33448346.0
2016-05-23,1006.0,1040.0,986.0,1000.0,0.0,27519,27846252.0
2016-05-22,915.0,1006.0,920.0,1006.0,0.0,38188,37302884.0
2016-05-19,880.0,945.0,890.0,915.0,0.0,25453,23334358.0
2016-05-18,855.0,880.0,864.0,880.0,0.0,13903,12075223.0
2016-05-17,870.0,873.0,850.0,855.0,0.0,9432,8055268.0
2016-05-16,870.0,876.0,857.0,870.0,0.0,8574,7464379.0
2016-05-15,846.0,893.0,848.0,870.0,0.0,38120,32904594.0
2016-05-12,840.0,871.0,846.0,846.0,0.0,37442,31986912.0
2016-05-11,821.0,885.0,822.0,840.0,0.0,34317,29099392.0
2016-05-10,752.0,821.0,767.0,821.0,0.0,42234,33470106.0
2016-05-09,749.0,752.0,740.0,752.0,0.0,2697,2016230.0
2016-05-08,740.0,749.0,749.0,749.0,0.0,160,119840.0
2016-05-05,750.0,750.0,737.0,740.0,0.0,7973,5895744.0
2016-05-04,750.0,760.0,750.0,750.0,0.0,4621,3471870.0
2016-05-03,740.0,753.0,740.0,750.0,0.0,4357,3258719.0
2016-05-02,730.0,740.0,733.0,740.0,0.0,1155,854623.0
2016-04-28,740.0,730.0,728.0,730.0,0.0,2198,1602040.0
2016-04-27,731.0,745.0,717.0,740.0,0.0,234,171454.0
2016-04-26,730.0,744.0,729.0,731.0,0.0,2590,1895520.0
2016-04-25,750.0,740.0,730.0,730.0,0.0,138,101120.0
2016-04-24,750.0,750.0,750.0,750.0,0.0,1200,900000.0
2016-04-21,770.0,755.0,745.0,750.0,0.0,6424,4821500.0
2016-04-20,775.0,770.0,760.0,770.0,0.0,1518,1160570.0
2016-04-19,767.0,775.0,752.0,775.0,0.0,3895,2989630.0
2016-04-18,765.0,785.0,765.0,767.0,0.0,6524,5043445.0
2016-04-17,755.0,785.0,747.0,765.0,0.0,6419,4894900.0
2016-04-14,744.0,755.0,749.0,755.0,0.0,2115,1588235.0
2016-04-12,730.0,744.0,716.0,744.0,0.0,1139,828666.0
2016-04-11,735.0,740.0,730.0,730.0,0.0,2144,1575540.0
2016-04-10,740.0,740.0,735.0,735.0,0.0,1674,1235808.0
2016-04-06,740.0,754.0,738.0,740.0,0.0,19994,14855560.0
2016-04-05,750.0,760.0,740.0,740.0,0.0,33945,25346856.0
2016-04-04,740.0,763.0,711.0,750.0,0.0,8247,6123235.0
2016-04-03,730.0,750.0,716.0,740.0,0.0,12826,9427271.0
2016-03-31,751.0,750.0,726.0,730.0,0.0,28540,20980790.0
2016-03-30,761.0,754.0,740.0,751.0,0.0,4635,3468114.0
2016-03-29,750.0,790.0,730.0,761.0,0.0,17993,13653281.0
2016-03-28,735.0,755.0,722.0,750.0,0.0,3472,2577210.0
2016-03-27,745.0,735.0,717.0,735.0,0.0,4331,3139126.0
2016-03-24,790.0,775.0,745.0,745.0,0.0,7020,5328140.0
2016-03-23,800.0,805.0,790.0,790.0,0.0,6470,5179872.0
2016-03-21,830.0,830.0,800.0,800.0,0.0,4282,3482475.0
2016-03-20,826.0,842.0,820.0,830.0,0.0,13024,10799822.0
2016-03-17,848.0,845.0,816.0,826.0,0.0,12398,10261489.0
2016-03-16,817.0,887.0,833.0,848.0,0.0,25169,21384808.0
2016-03-15,743.0,817.0,729.0,817.0,0.0,47379,37485480.0
2016-03-14,781.0,766.0,743.0,743.0,0.0,12614,9454293.0
2016-03-13,781.0,811.0,740.0,781.0,0.0,25443,19503448.0
2016-03-10,710.0,781.0,724.0,781.0,0.0,24410,18129552.0
2016-03-06,655.0,710.0,660.0,710.0,0.0,20498,14326331.0
2016-03-03,656.0,682.0,645.0,655.0,0.0,4189,2724074.0
2016-03-02,650.0,660.0,641.0,656.0,0.0,3265,2120771.0
2016-03-01,641.0,650.0,629.0,650.0,0.0,1244,791172.0
2016-02-29,642.0,654.0,641.0,641.0,0.0,60,38590.0
2016-02-28,637.0,655.0,642.0,642.0,0.0,194,126163.0
2016-02-25,650.0,637.0,637.0,637.0,0.0,93,59241.0
2016-02-23,634.0,650.0,635.0,650.0,0.0,1788,1140656.0
2016-02-22,655.0,650.0,634.0,634.0,0.0,2300,1475700.0
2016-02-21,668.0,668.0,655.0,655.0,0.0,1678,1106352.0
2016-02-18,668.0,681.0,668.0,668.0,0.0,550,368050.0
2016-02-17,660.0,675.0,660.0,668.0,0.0,11183,7465401.0
2016-02-16,655.0,660.0,653.0,660.0,0.0,3871,2551812.0
2016-02-15,663.0,655.0,635.0,655.0,0.0,5214,3378957.0
2016-02-14,650.0,693.0,650.0,663.0,0.0,12260,8135812.0
2016-02-11,680.0,738.0,680.0,738.0,0.0,40644,28784572.0
2016-02-08,660.0,680.0,650.0,680.0,0.0,14429,9547115.0
2016-02-07,640.0,660.0,635.0,660.0,0.0,5016,3262238.0
2016-02-04,594.0,640.0,600.0,640.0,0.0,8417,5260469.0
2016-02-03,585.0,595.0,580.0,594.0,0.0,2556,1508398.0
2016-02-02,585.0,596.0,580.0,585.0,0.0,568,333133.0
2016-02-01,572.0,594.0,583.0,585.0,0.0,1011,594181.0
2016-01-31,582.0,572.0,572.0,572.0,0.0,127,72644.0
2016-01-28,592.0,582.0,581.0,582.0,0.0,2961,1723290.0
2016-01-27,592.0,592.0,581.0,592.0,0.0,179,105540.0
2016-01-26,600.0,612.0,592.0,592.0,0.0,903,543730.0
2016-01-25,610.0,620.0,596.0,600.0,0.0,1350,817550.0
2016-01-24,585.0,610.0,590.0,610.0,0.0,11149,6695851.0
2016-01-21,570.0,595.0,570.0,585.0,0.0,11375,6564503.0
2016-01-20,567.0,578.0,570.0,570.0,0.0,2441,1399534.0
2016-01-19,575.0,570.0,564.0,567.0,0.0,5804,3290360.0
2016-01-18,596.0,607.0,565.0,575.0,0.0,2848,1646484.0
2016-01-17,565.0,596.0,570.0,596.0,0.0,2059,1183325.0
2016-01-14,575.0,568.0,565.0,565.0,0.0,669,378385.0
2016-01-13,570.0,575.0,569.0,575.0,0.0,977,557734.0
2016-01-12,560.0,570.0,549.0,570.0,0.0,3902,2199910.0
2016-01-11,574.0,563.0,560.0,560.0,0.0,75,42126.0
2016-01-10,591.0,599.0,574.0,574.0,0.0,2915,1701006.0
2016-01-07,550.0,591.0,560.0,591.0,0.0,8187,4748122.0
2016-01-06,569.0,560.0,545.0,550.0,0.0,4658,2566865.0
2016-01-05,610.0,600.0,569.0,569.0,0.0,3806,2240636.0
2016-01-04,610.0,670.0,575.0,610.0,0.0,7968,4860101.0
2016-01-03,555.0,610.0,566.0,610.0,0.0,6685,4052935.0
2015-12-31,525.0,560.0,535.0,555.0,0.0,7489,4100578.0
2015-12-29,500.0,525.0,507.0,525.0,0.0,4032,2090255.0
2015-12-28,505.0,505.0,495.0,500.0,0.0,3195,1590235.0
2015-12-27,520.0,535.0,500.0,505.0,0.0,5401,2799637.0
2015-12-24,473.0,520.0,474.0,520.0,0.0,21374,10672318.0
2015-12-23,440.0,473.0,448.0,473.0,0.0,10085,4630270.0
2015-12-22,432.0,440.0,431.0,440.0,0.0,1099,480873.0
2015-12-21,435.0,432.0,432.0,432.0,0.0,22,9504.0
2015-12-20,427.0,435.0,430.0,435.0,0.0,593,255395.0
2015-12-17,419.0,427.0,422.0,427.0,0.0,428,182156.0
2015-12-16,442.0,450.0,419.0,419.0,0.0,4020,1766043.0
2015-12-15,416.0,457.0,424.0,442.0,0.0,9198,4169896.0
2015-12-14,412.0,418.0,415.0,416.0,0.0,245,102289.0
2015-12-13,408.0,416.0,408.0,412.0,0.0,1857,765310.0
2015-12-09,400.0,408.0,392.0,408.0,0.0,811,322763.0
2015-12-08,374.0,400.0,381.0,400.0,0.0,779,306975.0
2015-12-07,360.0,381.0,367.0,374.0,0.0,1415,528944.0
2015-12-06,360.0,360.0,360.0,360.0,0.0,1020,367200.0
2015-12-01,363.0,370.0,360.0,360.0,0.0,673,243499.0
2015-11-30,359.0,363.0,363.0,363.0,0.0,12713,4614819.0
2015-11-26,370.0,365.0,359.0,359.0,0.0,347,125355.0
2015-11-23,377.0,370.0,370.0,370.0,0.0,50,18500.0
2015-11-19,385.0,384.0,377.0,377.0,0.0,60,22690.0
2015-11-18,365.0,385.0,372.0,385.0,0.0,136,51930.0
2015-11-05,358.0,365.0,365.0,365.0,0.0,139,50735.0
2015-11-04,365.0,358.0,358.0,358.0,0.0,47,16826.0
2015-11-03,361.0,365.0,365.0,365.0,0.0,399,145635.0
2015-11-02,360.0,367.0,360.0,361.0,0.0,531,191575.0
2015-10-28,365.0,360.0,360.0,360.0,0.0,200,72000.0
2015-10-27,378.0,375.0,365.0,365.0,0.0,810,297200.0
2015-10-15,390.0,383.0,370.0,378.0,0.0,392,146124.0
2015-10-14,395.0,390.0,390.0,390.0,0.0,200,78000.0
2015-10-08,393.0,408.0,392.0,395.0,0.0,620,244640.0
2015-10-06,409.0,401.0,393.0,393.0,0.0,88,34680.0
2015-10-05,409.0,424.0,409.0,409.0,0.0,432,177840.0
2015-10-04,396.0,409.0,380.0,409.0,0.0,898,344350.0
2015-10-01,405.0,402.0,395.0,396.0,0.0,634,251593.0
2015-09-30,398.0,405.0,400.0,405.0,0.0,433,173642.0
2015-09-29,418.0,410.0,398.0,398.0,0.0,2087,852847.0
2015-09-17,426.0,420.0,418.0,418.0,0.0,400,167700.0
2015-09-16,418.0,426.0,426.0,426.0,0.0,500,213000.0
2015-09-15,410.0,418.0,418.0,418.0,0.0,224,93632.0
2015-09-14,410.0,410.0,410.0,410.0,0.0,264,108240.0
2015-09-10,407.0,415.0,410.0,410.0,0.0,278,114120.0
2015-09-09,412.0,412.0,407.0,407.0,0.0,2118,868937.0
2015-09-07,420.0,419.0,412.0,412.0,0.0,494,204851.0
2015-09-06,420.0,420.0,420.0,420.0,0.0,750,315000.0
2015-09-03,444.0,440.0,420.0,420.0,0.0,404,174720.0
2015-09-02,452.0,445.0,440.0,444.0,0.0,21459,9492891.0
2015-09-01,470.0,479.0,452.0,452.0,0.0,1422,662280.0
2015-08-31,475.0,480.0,470.0,470.0,0.0,1000,474400.0
2015-08-27,440.0,475.0,440.0,475.0,0.0,4589,2073078.0
2015-08-26,439.0,440.0,440.0,440.0,0.0,230,101200.0
2015-08-25,439.0,439.0,431.0,439.0,0.0,390,170290.0
2015-08-24,437.0,445.0,439.0,439.0,0.0,100,44200.0
2015-08-23,398.0,437.0,405.0,437.0,0.0,1548,674226.0
2015-08-19,362.0,398.0,369.0,398.0,0.0,660,261190.0
2015-08-18,331.0,362.0,337.0,362.0,0.0,555,190895.0
2015-08-17,325.0,331.0,331.0,331.0,0.0,200,66200.0
2015-08-16,323.0,325.0,325.0,325.0,0.0,400,130000.0
2015-08-13,317.0,323.0,323.0,323.0,0.0,10,3230.0
2015-08-09,312.0,318.0,317.0,317.0,0.0,184,58428.0
2015-08-06,319.0,327.0,310.0,312.0,0.0,2187,691239.0
2015-08-05,308.0,325.0,302.0,319.0,0.0,2325,726781.0
2015-08-04,323.0,329.0,307.0,308.0,0.0,233,73856.0
2015-08-03,329.0,323.0,323.0,323.0,0.0,92,29716.0
2015-07-30,335.0,340.0,329.0,329.0,0.0,457,154464.0
2015-07-29,330.0,335.0,324.0,335.0,0.0,327,107853.0
2015-07-28,355.0,348.0,330.0,330.0,0.0,165,55464.0
2015-07-27,349.0,355.0,355.0,355.0,0.0,238,84490.0
2015-07-26,343.0,349.0,349.0,349.0,0.0,139,48511.0
2015-07-23,338.0,343.0,332.0,343.0,0.0,650,216876.0
2015-07-16,320.0,338.0,326.0,338.0,0.0,30,9960.0
2015-07-14,321.0,322.0,316.0,320.0,0.0,518,164746.0
2015-07-13,327.0,324.0,321.0,321.0,0.0,92,29658.0
2015-07-12,331.0,327.0,325.0,327.0,0.0,876,285002.0
2015-07-09,325.0,331.0,319.0,331.0,0.0,535,174188.0
2015-07-08,332.0,335.0,325.0,325.0,0.0,486,159005.0
2015-07-07,337.0,332.0,332.0,332.0,0.0,174,57768.0
2015-07-06,349.0,350.0,337.0,337.0,0.0,250,86160.0
2015-07-02,363.0,370.0,349.0,349.0,0.0,706,251924.0
2015-07-01,376.0,383.0,363.0,363.0,0.0,884,327152.0
2015-06-30,360.0,376.0,362.0,376.0,0.0,474,173578.0
2015-06-29,329.0,361.0,334.0,360.0,0.0,4483,1570340.0
2015-06-28,345.0,343.0,329.0,329.0,0.0,1456,487382.0
2015-06-25,328.0,352.0,334.0,345.0,0.0,477,160838.0
2015-06-24,311.0,328.0,314.0,328.0,0.0,1499,481645.0
2015-06-23,283.0,311.0,280.0,311.0,0.0,2436,731700.0
2015-06-22,280.0,285.0,283.0,283.0,0.0,257,73113.0
2015-06-18,289.0,294.0,280.0,280.0,0.0,434,125800.0
2015-06-17,284.0,289.0,289.0,289.0,0.0,10,2890.0
2015-06-16,280.0,284.0,284.0,284.0,0.0,924,262416.0
2015-06-15,275.0,285.0,280.0,280.0,0.0,480,134850.0
2015-06-14,290.0,285.0,275.0,275.0,0.0,381,106149.0
2015-06-11,290.0,300.0,290.0,290.0,0.0,2237,658293.0
2015-06-10,295.0,290.0,285.0,290.0,0.0,69,19940.0
2015-06-09,291.0,313.0,295.0,295.0,0.0,1234,376500.0
2015-06-07,270.0,291.0,266.0,291.0,0.0,1817,516147.0
2015-06-04,265.0,270.0,270.0,270.0,0.0,42,11340.0
2015-06-03,290.0,285.0,265.0,265.0,0.0,883,237590.0
2015-06-02,298.0,295.0,290.0,290.0,0.0,134,39360.0
2015-06-01,310.0,304.0,298.0,298.0,0.0,40,12040.0
2015-05-27,322.0,316.0,310.0,310.0,0.0,38,11900.0
2015-05-26,334.0,328.0,322.0,322.0,0.0,40,13000.0
2015-05-25,346.0,340.0,334.0,334.0,0.0,30,10140.0
2015-04-22,353.0,346.0,346.0,346.0,0.0,26,8996.0
2015-04-21,360.0,353.0,353.0,353.0,0.0,52,18356.0
2015-04-20,353.0,360.0,360.0,360.0,0.0,60,21600.0
2015-04-19,360.0,353.0,353.0,353.0,0.0,77,27181.0
2015-04-13,360.0,360.0,360.0,360.0,0.0,75,27000.0
2015-04-12,371.0,364.0,360.0,360.0,0.0,172,62520.0
2015-04-09,373.0,371.0,371.0,371.0,0.0,153,56763.0
2015-04-07,380.0,373.0,373.0,373.0,0.0,26,9698.0
2015-04-05,367.0,380.0,374.0,380.0,0.0,132,49896.0
2015-03-31,360.0,367.0,360.0,367.0,0.0,143,51727.0
2015-03-30,365.0,360.0,360.0,360.0,0.0,16,5760.0
2015-03-29,375.0,370.0,365.0,365.0,0.0,395,144714.0
2015-03-26,374.0,375.0,375.0,375.0,0.0,241,90375.0
2015-03-23,372.0,374.0,372.0,374.0,0.0,113,42088.0
2015-03-22,365.0,372.0,370.0,372.0,0.0,264,97811.0
2015-03-18,377.0,370.0,365.0,365.0,0.0,954,348260.0
2015-03-17,385.0,384.0,377.0,377.0,0.0,110,41668.0
2015-03-10,384.0,385.0,378.0,385.0,0.0,72,27370.0
2015-03-09,390.0,384.0,384.0,384.0,0.0,154,59136.0
2015-03-04,389.0,390.0,390.0,390.0,0.0,90,35100.0
2015-03-03,395.0,389.0,389.0,389.0,0.0,220,85580.0
2015-03-02,403.0,395.0,395.0,395.0,0.0,10,3950.0
2015-03-01,396.0,403.0,401.0,403.0,0.0,150,60430.0
2015-02-26,376.0,396.0,382.0,396.0,0.0,120,46680.0
2015-02-23,406.0,376.0,376.0,376.0,0.0,10,3760.0
2015-02-22,412.0,420.0,406.0,406.0,0.0,6214,2567659.0
2015-02-18,419.0,427.0,412.0,412.0,0.0,1464,613908.0
2015-02-16,420.0,420.0,412.0,419.0,0.0,2095,875837.0
2015-02-15,422.0,430.0,415.0,420.0,0.0,14236,5979436.0
2015-02-12,408.0,422.0,415.0,422.0,0.0,718,299856.0
2015-02-10,415.0,414.0,401.0,408.0,0.0,979,401170.0
2015-02-09,412.0,415.0,415.0,415.0,0.0,1506,624990.0
2015-02-08,410.0,414.0,402.0,412.0,0.0,617,253398.0
2015-02-05,410.0,410.0,404.0,410.0,0.0,374,152680.0
2015-02-04,407.0,414.0,408.0,410.0,0.0,581,238818.0
2015-02-03,415.0,407.0,407.0,407.0,0.0,150,61050.0
2015-02-02,415.0,415.0,412.0,415.0,0.0,290,120050.0
2015-02-01,421.0,416.0,415.0,415.0,0.0,154,63976.0
2015-01-29,420.0,428.0,421.0,421.0,0.0,568,242241.0
2015-01-28,422.0,422.0,420.0,420.0,0.0,542,228418.0
2015-01-27,431.0,438.0,422.0,422.0,0.0,1188,510384.0
2015-01-26,425.0,433.0,430.0,431.0,0.0,1530,659988.0
2015-01-25,421.0,425.0,425.0,425.0,0.0,90,38250.0
2015-01-22,437.0,429.0,420.0,421.0,0.0,10593,4501417.0
2015-01-20,432.0,444.0,430.0,437.0,0.0,143,62406.0
2015-01-19,420.0,440.0,428.0,432.0,0.0,906,391520.0
2015-01-18,420.0,428.0,420.0,420.0,0.0,429,181922.0
2015-01-14,421.0,427.0,419.0,420.0,0.0,2070,873488.0
2015-01-13,433.0,428.0,404.0,421.0,0.0,4435,1846797.0
2015-01-12,441.0,441.0,425.0,433.0,0.0,186,80272.0
2015-01-11,441.0,441.0,433.0,441.0,0.0,26,11362.0
2015-01-08,425.0,441.0,401.0,441.0,0.0,912,381477.0
2015-01-07,417.0,425.0,417.0,425.0,0.0,46,19358.0
2015-01-06,403.0,417.0,395.0,417.0,0.0,682,277420.0
2015-01-05,407.0,415.0,400.0,403.0,0.0,2159,879268.0
2015-01-04,412.0,410.0,395.0,407.0,0.0,2899,1171248.0
2015-01-01,426.0,430.0,405.0,412.0,0.0,2000,828720.0
2014-12-31,429.0,429.0,418.0,426.0,0.0,2663,1114236.0
2014-12-29,419.0,429.0,419.0,429.0,0.0,962,406401.0
2014-12-28,433.0,425.0,419.0,419.0,0.0,390,164088.0
2014-12-22,441.0,433.0,433.0,433.0,0.0,46,19918.0
2014-12-21,433.0,441.0,441.0,441.0,0.0,250,110250.0
2014-12-18,418.0,433.0,420.0,433.0,0.0,992,420631.0
2014-12-17,419.0,434.0,418.0,418.0,0.0,187,79516.0
2014-12-16,435.0,427.0,419.0,419.0,0.0,199,83733.0
2014-12-15,408.0,435.0,397.0,435.0,0.0,2363,970638.0
2014-12-14,393.0,408.0,400.0,408.0,0.0,24,9696.0
2014-12-11,390.0,393.0,386.0,393.0,0.0,642,251312.0
2014-12-10,394.0,409.0,387.0,390.0,0.0,966,376872.0
2014-12-09,390.0,394.0,381.0,394.0,0.0,1507,585768.0
2014-12-08,395.0,397.0,390.0,390.0,0.0,2784,1087030.0
2014-12-07,391.0,395.0,390.0,395.0,0.0,63,24635.0
2014-12-04,397.0,393.0,391.0,391.0,0.0,451,176556.0
2014-12-03,395.0,409.0,396.0,397.0,0.0,519,207634.0
2014-12-02,400.0,397.0,390.0,395.0,0.0,1506,592166.0
2014-12-01,408.0,416.0,400.0,400.0,0.0,762,308412.0
2014-11-30,417.0,417.0,407.0,408.0,0.0,2610,1074211.0
2014-11-25,421.0,425.0,417.0,417.0,0.0,536,225148.0
2014-11-24,412.0,428.0,418.0,421.0,0.0,3417,1438636.0
2014-11-23,420.0,447.0,412.0,412.0,0.0,5585,2391449.0
2014-11-20,423.0,421.0,415.0,420.0,0.0,590,247452.0
2014-11-19,415.0,423.0,408.0,423.0,0.0,892,369211.0
2014-11-18,412.0,415.0,408.0,415.0,0.0,1202,496236.0
2014-11-17,425.0,417.0,410.0,412.0,0.0,3589,1475199.0
2014-11-16,447.0,445.0,420.0,425.0,0.0,2091,898710.0
2014-11-13,448.0,447.0,420.0,447.0,0.0,6027,2577576.0
2014-11-12,455.0,448.0,438.0,448.0,0.0,537,238175.0
2014-11-11,440.0,455.0,410.0,455.0,0.0,3709,1574265.0
2014-11-10,425.0,440.0,410.0,440.0,0.0,4366,1852656.0
2014-11-09,435.0,443.0,420.0,425.0,0.0,6366,2777310.0
2014-11-06,451.0,450.0,435.0,435.0,0.0,1060,468300.0
2014-11-05,428.0,451.0,418.0,451.0,0.0,1486,649062.0
2014-11-04,440.0,439.0,423.0,428.0,0.0,3735,1600431.0
2014-11-03,452.0,448.0,430.0,440.0,0.0,1850,808311.0
2014-11-02,460.0,452.0,436.0,452.0,0.0,274,122364.0
2014-10-30,460.0,469.0,455.0,460.0,0.0,435,199413.0
2014-10-28,465.0,468.0,460.0,460.0,0.0,1094,504823.0
2014-10-27,460.0,480.0,460.0,465.0,0.0,2922,1378373.0
2014-10-26,450.0,469.0,454.0,460.0,0.0,1570,722047.0
2014-10-22,422.0,450.0,430.0,450.0,0.0,1676,736118.0
2014-10-21,419.0,422.0,417.0,422.0,0.0,39,16393.0
2014-10-20,433.0,425.0,418.0,419.0,0.0,733,309617.0
2014-10-19,432.0,433.0,410.0,433.0,0.0,2716,1140772.0
2014-10-16,437.0,443.0,429.0,432.0,0.0,1595,689282.0
2014-10-15,430.0,440.0,419.0,437.0,0.0,3266,1404622.0
2014-10-14,421.0,430.0,405.0,430.0,0.0,828,347050.0
2014-10-13,400.0,421.0,408.0,421.0,0.0,1626,667179.0
2014-10-12,400.0,400.0,393.0,400.0,0.0,2272,905765.0
2014-10-09,400.0,402.0,395.0,400.0,0.0,2786,1109594.0
2014-10-08,432.0,425.0,400.0,400.0,0.0,1446,583587.0
2014-09-30,425.0,432.0,417.0,432.0,0.0,1490,636126.0
2014-09-29,402.0,433.0,410.0,425.0,0.0,557,236580.0
2014-09-28,385.0,402.0,390.0,402.0,0.0,197,77210.0
2014-09-24,364.0,385.0,371.0,385.0,0.0,1574,592410.0
2014-09-22,364.0,364.0,357.0,364.0,0.0,320,116144.0
2014-09-18,370.0,365.0,358.0,364.0,0.0,3319,1202294.0
2014-09-17,375.0,370.0,370.0,370.0,0.0,31,11470.0
2014-09-16,376.0,380.0,375.0,375.0,0.0,315,118835.0
2014-09-15,390.0,383.0,376.0,376.0,0.0,132,50094.0
2014-09-11,396.0,390.0,380.0,390.0,0.0,3058,1183025.0
2014-09-10,400.0,398.0,393.0,396.0,0.0,473,186676.0
2014-09-09,395.0,400.0,394.0,400.0,0.0,483,191280.0
2014-09-04,406.0,398.0,395.0,395.0,0.0,413,163735.0
2014-09-03,406.0,414.0,405.0,406.0,0.0,977,398656.0
2014-09-01,413.0,406.0,397.0,406.0,0.0,1255,505637.0
2014-08-31,405.0,421.0,413.0,413.0,0.0,1894,786222.0
2014-08-28,425.0,420.0,405.0,405.0,0.0,5332,2175955.0
2014-08-27,425.0,425.0,417.0,425.0,0.0,797,334045.0
2014-08-24,430.0,430.0,425.0,425.0,0.0,363,155900.0
2014-08-21,438.0,430.0,430.0,430.0,0.0,92,39560.0
2014-08-20,453.0,445.0,437.0,438.0,0.0,634,277974.0
2014-08-19,440.0,454.0,445.0,453.0,0.0,1109,495597.0
2014-08-18,437.0,453.0,440.0,440.0,0.0,388,172665.0
2014-08-14,437.0,446.0,437.0,437.0,0.0,480,213314.0
2014-08-13,445.0,448.0,437.0,437.0,0.0,1396,615723.0
2014-08-12,454.0,445.0,445.0,445.0,0.0,179,79655.0
2014-08-07,450.0,454.0,454.0,454.0,0.0,75,34050.0
2014-08-06,460.0,458.0,450.0,450.0,0.0,683,311521.0
2014-08-05,462.0,460.0,453.0,460.0,0.0,334,153290.0
2014-08-04,480.0,471.0,462.0,462.0,0.0,114,53158.0
2014-08-03,486.0,495.0,480.0,480.0,0.0,388,189606.0
2014-07-31,460.0,486.0,461.0,486.0,0.0,806,385682.0
2014-07-30,475.0,479.0,460.0,460.0,0.0,657,308954.0
2014-07-28,479.0,475.0,475.0,475.0,0.0,770,365750.0
2014-07-27,480.0,479.0,471.0,479.0,0.0,220,104876.0
2014-07-24,475.0,480.0,475.0,480.0,0.0,375,179780.0
2014-07-23,500.0,490.0,475.0,475.0,0.0,1989,951980.0
2014-07-21,495.0,513.0,500.0,500.0,0.0,2010,1011430.0
2014-07-20,482.0,500.0,486.0,495.0,0.0,3574,1762133.0
2014-07-17,490.0,490.0,482.0,482.0,0.0,1637,792333.0
2014-07-16,480.0,499.0,471.0,490.0,0.0,4855,2325499.0
2014-07-15,486.0,480.0,462.0,480.0,0.0,771,362591.0
2014-07-14,500.0,495.0,486.0,486.0,0.0,980,481390.0
2014-07-13,505.0,500.0,500.0,500.0,0.0,392,196000.0
2014-07-10,518.0,511.0,505.0,505.0,0.0,940,477257.0
2014-07-09,520.0,521.0,510.0,518.0,0.0,565,292699.0
2014-07-08,520.0,530.0,510.0,520.0,0.0,6007,3115304.0
2014-07-07,509.0,529.0,510.0,520.0,0.0,8094,4216046.0
2014-07-06,491.0,510.0,491.0,509.0,0.0,8201,4145315.0
2014-07-03,500.0,518.0,491.0,491.0,0.0,8560,4324545.0
2014-07-02,470.0,506.0,479.0,500.0,0.0,14909,7425515.0
2014-07-01,440.0,470.0,445.0,470.0,0.0,11813,5408434.0
2014-06-30,432.0,445.0,430.0,440.0,0.0,8619,3779087.0
2014-06-29,433.0,440.0,431.0,432.0,0.0,1863,812962.0
2014-06-26,427.0,439.0,419.0,433.0,0.0,3845,1662776.0
2014-06-25,403.0,427.0,402.0,427.0,0.0,3011,1243917.0
2014-06-24,416.0,412.0,396.0,403.0,0.0,2676,1073635.0
2014-06-23,424.0,416.0,408.0,416.0,0.0,2555,1051583.0
2014-06-19,410.0,427.0,418.0,424.0,0.0,2783,1171312.0
2014-06-18,429.0,425.0,403.0,410.0,0.0,2278,955190.0
2014-06-17,410.0,430.0,409.0,429.0,0.0,3479,1459552.0
2014-06-16,380.0,410.0,373.0,410.0,0.0,11070,4396432.0
2014-06-15,380.0,394.0,374.0,380.0,0.0,2124,820926.0
2014-06-12,385.0,387.0,380.0,380.0,0.0,660,252569.0
2014-06-11,392.0,399.0,385.0,385.0,0.0,1307,515802.0
2014-06-10,385.0,392.0,380.0,392.0,0.0,620,239365.0
2014-06-09,385.0,385.0,382.0,385.0,0.0,482,185438.0
2014-06-08,395.0,390.0,383.0,385.0,0.0,1533,593043.0
2014-06-05,381.0,395.0,380.0,395.0,0.0,4092,1596645.0
2014-06-04,381.0,381.0,374.0,381.0,0.0,2193,828760.0
2014-06-03,375.0,381.0,381.0,381.0,0.0,100,38100.0
2014-06-02,390.0,390.0,375.0,375.0,0.0,4034,1527475.0
2014-06-01,408.0,400.0,383.0,390.0,0.0,3928,1538700.0
2014-05-28,432.0,424.0,405.0,408.0,0.0,1587,651457.0
2014-05-25,440.0,432.0,432.0,432.0,0.0,17,7344.0
2014-05-20,440.0,448.0,440.0,440.0,0.0,30,13360.0
2014-05-19,432.0,440.0,424.0,440.0,0.0,494,209824.0
2014-05-18,432.0,440.0,432.0,432.0,0.0,124,53760.0
2014-05-15,408.0,432.0,408.0,432.0,0.0,335,138832.0
2014-05-13,423.0,415.0,400.0,408.0,0.0,2349,948054.0
2014-05-12,465.0,456.0,423.0,423.0,0.0,854,373892.0
2014-05-11,472.0,490.0,463.0,465.0,0.0,596,279982.0
2014-05-07,481.0,472.0,472.0,472.0,0.0,18,8496.0
2014-05-05,473.0,520.0,472.0,481.0,0.0,19179,9787459.0
2014-05-04,430.0,473.0,438.0,473.0,0.0,7087,3318508.0
2014-04-30,398.0,437.0,405.0,430.0,0.0,7654,3298024.0
2014-04-29,362.0,398.0,355.0,398.0,0.0,5501,2086578.0
2014-04-28,354.0,380.0,355.0,362.0,0.0,3138,1142196.0
2014-04-27,357.0,359.0,354.0,354.0,0.0,474,168206.0
2014-04-23,346.0,357.0,338.0,357.0,0.0,3863,1327265.0
2014-04-22,339.0,346.0,335.0,346.0,0.0,712,241732.0
2014-04-21,336.0,339.0,339.0,339.0,0.0,628,212892.0
2014-04-20,330.0,336.0,330.0,336.0,0.0,9330,3079470.0
2014-04-17,341.0,335.0,330.0,330.0,0.0,206,68260.0
2014-04-16,350.0,346.0,340.0,341.0,0.0,909,312254.0
2014-04-15,345.0,352.0,345.0,350.0,0.0,1644,575676.0
2014-04-13,334.0,345.0,330.0,345.0,0.0,539,179586.0
2014-04-10,336.0,342.0,334.0,334.0,0.0,2410,816656.0
2014-04-09,343.0,340.0,325.0,336.0,0.0,2104,702812.0
2014-04-07,350.0,343.0,343.0,343.0,0.0,150,51450.0
2014-04-06,350.0,357.0,350.0,350.0,0.0,52,18270.0
2014-04-03,350.0,350.0,344.0,350.0,0.0,630,218700.0
2014-04-02,345.0,350.0,350.0,350.0,0.0,49,17150.0
2014-04-01,333.0,345.0,339.0,345.0,0.0,60,20400.0
2014-03-26,367.0,371.0,346.0,354.0,0.0,4801,1713897.0
2014-03-25,348.0,367.0,348.0,367.0,0.0,3268,1172858.0
2014-03-24,370.0,370.0,348.0,348.0,0.0,1160,423046.0
2014-03-23,410.0,402.0,369.0,370.0,0.0,1192,460955.0
2014-03-20,422.0,429.0,410.0,410.0,0.0,322,135108.0
2014-03-19,430.0,422.0,422.0,422.0,0.0,14,5908.0
2014-03-17,438.0,430.0,414.0,430.0,0.0,70,29732.0
2014-03-13,446.0,438.0,438.0,438.0,0.0,96,42048.0
2014-03-06,455.0,446.0,446.0,446.0,0.0,24,10704.0
2014-02-26,463.0,455.0,454.0,455.0,0.0,510,231550.0
2014-02-25,455.0,463.0,454.0,463.0,0.0,64,29416.0
2014-02-24,455.0,464.0,455.0,455.0,0.0,400,184700.0
2014-02-23,434.0,460.0,425.0,455.0,0.0,1636,724060.0
2014-02-20,395.0,434.0,402.0,434.0,0.0,971,414126.0
2014-02-18,373.0,410.0,370.0,395.0,0.0,3796,1501486.0
2014-02-17,387.0,380.0,373.0,373.0,0.0,52,19480.0
2014-02-13,366.0,387.0,373.0,387.0,0.0,64,24292.0
2014-02-12,380.0,373.0,366.0,366.0,0.0,100,36740.0
2014-02-11,385.0,380.0,380.0,380.0,0.0,12,4560.0
2014-02-10,350.0,385.0,357.0,385.0,0.0,120,44380.0
2014-02-09,356.0,350.0,350.0,350.0,0.0,200,70000.0
2014-02-04,376.0,375.0,363.0,363.0,0.0,447,165611.0
2014-02-03,358.0,376.0,365.0,376.0,0.0,370,135670.0
2014-02-02,357.0,365.0,351.0,358.0,0.0,926,333236.0
2014-01-29,332.0,357.0,338.0,357.0,0.0,80,27780.0
2014-01-28,314.0,332.0,318.0,332.0,0.0,342,110140.0
2014-01-27,312.0,319.0,313.0,314.0,0.0,206,64948.0
2014-01-26,295.0,312.0,300.0,312.0,0.0,1200,369100.0
2014-01-23,285.0,295.0,290.0,295.0,0.0,22,6440.0
2014-01-22,265.0,285.0,270.0,285.0,0.0,1133,319120.0
2014-01-21,250.0,265.0,255.0,265.0,0.0,104,26948.0
2014-01-20,352.0,250.0,250.0,250.0,0.0,12,3000.0
2014-01-14,350.0,352.0,342.0,352.0,0.0,2966,1032034.0
2014-01-13,350.0,356.0,346.0,350.0,0.0,7765,2735527.0
2014-01-12,371.0,365.0,348.0,350.0,0.0,4070,1434415.0
2014-01-09,379.0,378.0,361.0,371.0,0.0,3540,1299194.0
2014-01-08,360.0,379.0,355.0,379.0,0.0,658,241258.0
2014-01-07,375.0,382.0,360.0,360.0,0.0,2237,827698.0
2014-01-06,373.0,375.0,370.0,375.0,0.0,652,241450.0
2014-01-05,380.0,373.0,366.0,373.0,0.0,1448,538676.0
2014-01-02,393.0,393.0,380.0,380.0,0.0,680,260997.0
2014-01-01,395.0,409.0,393.0,393.0,0.0,2644,1051846.0
2013-12-31,378.0,397.0,372.0,395.0,0.0,1697,658231.0
2013-12-29,388.0,390.0,378.0,378.0,0.0,1763,678514.0
2013-12-26,367.0,395.0,374.0,388.0,0.0,2283,876512.0
2013-12-24,348.0,367.0,347.0,367.0,0.0,556,196240.0
2013-12-23,328.0,360.0,334.0,348.0,0.0,3535,1231838.0
2013-12-22,322.0,329.0,328.0,328.0,0.0,176,57845.0
2013-12-19,316.0,322.0,308.0,322.0,0.0,3206,1010460.0
2013-12-16,304.0,316.0,310.0,316.0,0.0,148,46552.0
2013-12-15,315.0,309.0,303.0,304.0,0.0,927,281805.0
2013-12-12,316.0,317.0,304.0,315.0,0.0,7177,2210320.0
2013-12-11,339.0,333.0,316.0,316.0,0.0,3725,1200311.0
2013-12-10,355.0,348.0,339.0,339.0,0.0,498,170052.0
2013-12-09,369.0,362.0,355.0,355.0,0.0,97,34862.0
2013-12-08,383.0,377.0,369.0,369.0,0.0,722,270510.0
2013-12-05,413.0,425.0,383.0,383.0,0.0,2109,862235.0
2013-12-04,376.0,413.0,383.0,413.0,0.0,1066,431558.0
2013-12-03,342.0,376.0,348.0,376.0,0.0,1615,605765.0
2013-12-02,311.0,342.0,317.0,342.0,0.0,2197,739615.0
2013-12-01,283.0,311.0,288.0,311.0,0.0,2961,882882.0
2013-11-28,258.0,283.0,260.0,283.0,0.0,9979,2767067.0
2013-11-27,240.0,264.0,244.0,258.0,0.0,8784,2219335.0
2013-11-26,227.0,249.0,231.0,240.0,0.0,3209,784971.0
2013-11-24,221.0,229.0,225.0,227.0,0.0,908,204364.0
2013-11-21,217.0,221.0,221.0,221.0,0.0,303,66963.0
2013-11-12,213.0,217.0,217.0,217.0,0.0,44,9548.0
2013-10-28,209.0,225.0,205.0,225.0,0.0,526,114854.0
2013-10-27,205.0,209.0,209.0,209.0,0.0,325,67925.0
2013-10-24,209.0,205.0,205.0,205.0,0.0,12,2460.0
2013-10-23,210.0,213.0,200.0,209.0,0.0,2557,534904.0
2013-10-22,212.0,210.0,210.0,210.0,0.0,43,9030.0
2013-10-21,214.0,212.0,212.0,212.0,0.0,310,65720.0
2013-10-20,222.0,218.0,214.0,214.0,0.0,36,7752.0
2013-10-17,226.0,222.0,222.0,222.0,0.0,48,10656.0
2013-10-10,217.0,230.0,220.0,226.0,0.0,679,151124.0
2013-10-08,204.0,217.0,204.0,217.0,0.0,1407,292695.0
2013-10-07,200.0,204.0,204.0,204.0,0.0,1870,381480.0
2013-10-06,203.0,200.0,196.0,200.0,0.0,132,26244.0
2013-10-03,206.0,203.0,203.0,203.0,0.0,608,123424.0
2013-10-02,206.0,206.0,202.0,206.0,0.0,470,95540.0
2013-10-01,214.0,210.0,200.0,206.0,0.0,2971,599902.0
2013-09-29,214.0,218.0,214.0,214.0,0.0,1203,261454.0
2013-09-26,195.0,214.0,198.0,214.0,0.0,1507,310481.0
2013-09-25,196.0,195.0,193.0,195.0,0.0,4520,881250.0
2013-09-24,208.0,208.0,196.0,196.0,0.0,248,51152.0
2013-09-23,208.0,210.0,208.0,208.0,0.0,1167,243338.0
2013-09-22,210.0,210.0,208.0,208.0,0.0,204,42792.0
2013-09-19,204.0,210.0,202.0,210.0,0.0,2516,525310.0
2013-09-17,191.0,204.0,194.0,204.0,0.0,44,8742.0
2013-09-15,194.0,193.0,190.0,191.0,0.0,730,140416.0
2013-09-12,196.0,196.0,194.0,194.0,0.0,97,18964.0
2013-09-11,200.0,204.0,196.0,196.0,0.0,153,30992.0
2013-09-10,208.0,204.0,200.0,200.0,0.0,216,43776.0
2013-09-09,205.0,208.0,208.0,208.0,0.0,20,4160.0
2013-09-05,192.0,205.0,189.0,205.0,0.0,456,88824.0
2013-09-04,200.0,196.0,191.0,192.0,0.0,1165,225824.0
2013-09-03,211.0,208.0,200.0,200.0,0.0,1742,348952.0
2013-09-02,219.0,215.0,211.0,211.0,0.0,73,15599.0
2013-09-01,222.0,231.0,219.0,219.0,0.0,426,95256.0
2013-08-29,234.0,230.0,218.0,222.0,0.0,2464,549632.0
2013-08-27,225.0,237.0,221.0,234.0,0.0,5381,1245252.0
2013-08-26,249.0,250.0,225.0,225.0,0.0,2009,455156.0
2013-08-25,238.0,255.0,242.0,249.0,0.0,5988,1483517.0
2013-08-20,217.0,238.0,207.0,238.0,0.0,9032,2056425.0
2013-08-19,198.0,217.0,200.0,217.0,0.0,9873,2037742.0
2013-08-18,180.0,198.0,180.0,198.0,0.0,2201,428303.0
2013-08-15,164.0,180.0,167.0,180.0,0.0,9186,1646765.0
2013-08-14,150.0,165.0,153.0,164.0,0.0,3511,574450.0
2013-08-13,137.0,150.0,139.0,150.0,0.0,930,133050.0
2013-08-12,140.0,140.0,137.0,137.0,0.0,695,95900.0
2013-08-11,142.0,140.0,140.0,140.0,0.0,200,28000.0
2013-08-07,145.0,143.0,141.0,142.0,0.0,366,52077.0
2013-08-06,148.0,146.0,145.0,145.0,0.0,791,114896.0
2013-08-05,152.0,152.0,148.0,148.0,0.0,85,12767.0
2013-08-04,155.0,152.0,152.0,152.0,0.0,23,3496.0
2013-08-01,161.0,162.0,155.0,155.0,0.0,1230,191989.0
2013-07-31,160.0,176.0,160.0,161.0,0.0,4587,768625.0
2013-07-30,146.0,160.0,148.0,160.0,0.0,1076,170430.0
2013-07-29,133.0,146.0,135.0,146.0,0.0,1886,274440.0
2013-07-28,127.0,133.0,129.0,133.0,0.0,60,7860.0
2013-07-24,129.0,127.0,127.0,127.0,0.0,500,63500.0
2013-07-23,125.0,129.0,127.0,129.0,0.0,30,3850.0
2013-07-18,122.0,125.0,121.0,125.0,0.0,400,49400.0
2013-07-17,120.0,122.0,122.0,122.0,0.0,100,12200.0
2013-07-15,120.0,120.0,120.0,120.0,0.0,22,2640.0
2013-07-14,120.0,120.0,120.0,120.0,0.0,66,7920.0
2013-07-08,121.0,124.0,120.0,120.0,0.0,1554,187643.0
2013-07-04,125.0,123.0,121.0,121.0,0.0,122,14806.0
2013-07-03,125.0,127.0,125.0,125.0,0.0,721,90696.0
2013-07-02,123.0,125.0,125.0,125.0,0.0,200,25000.0
2013-07-01,126.0,128.0,123.0,123.0,0.0,281,35307.0
2013-06-30,126.0,126.0,124.0,126.0,0.0,1310,162460.0
2013-06-27,124.0,126.0,126.0,126.0,0.0,22,2772.0
2013-06-26,120.0,124.0,122.0,124.0,0.0,328,40444.0
2013-06-24,122.0,120.0,120.0,120.0,0.0,45,5400.0
2013-06-23,118.0,122.0,120.0,122.0,0.0,288,34960.0
2013-06-19,119.0,118.0,118.0,118.0,0.0,100,11800.0
2013-06-18,119.0,119.0,117.0,119.0,0.0,315,37445.0
2013-06-13,123.0,121.0,119.0,119.0,0.0,1101,131319.0
2013-06-12,125.0,123.0,123.0,123.0,0.0,130,15990.0
2013-06-11,128.0,126.0,125.0,125.0,0.0,242,30450.0
2013-06-10,130.0,128.0,128.0,128.0,0.0,79,10112.0
2013-06-06,134.0,132.0,130.0,130.0,0.0,100,13020.0
2013-06-05,130.0,136.0,132.0,134.0,0.0,264,35396.0
2013-06-04,132.0,130.0,128.0,130.0,0.0,1731,223030.0
2013-06-03,128.0,140.0,130.0,132.0,0.0,1950,264380.0
2013-06-02,117.0,128.0,119.0,128.0,0.0,460,58630.0
2013-05-30,115.0,117.0,117.0,117.0,0.0,100,11700.0
2013-05-28,105.0,115.0,107.0,115.0,0.0,2636,299480.0
2013-05-26,103.0,105.0,105.0,105.0,0.0,10,1050.0
2013-05-23,105.0,103.0,103.0,103.0,0.0,20,2060.0
2013-05-22,100.0,105.0,101.0,105.0,0.0,152,15436.0
2013-05-21,102.0,100.0,100.0,100.0,0.0,22,2200.0
2013-05-19,102.0,102.0,100.0,102.0,0.0,1190,120360.0
2013-04-23,102.0,104.0,102.0,102.0,0.0,421,43504.0
2013-04-21,100.0,102.0,102.0,102.0,0.0,106,10812.0
2013-04-18,110.0,108.0,100.0,100.0,0.0,1530,155350.0
2013-04-16,112.0,110.0,110.0,110.0,0.0,20,2200.0
2013-04-11,112.0,112.0,110.0,112.0,0.0,100,11020.0
2013-04-09,116.0,114.0,112.0,112.0,0.0,280,31720.0
2013-04-08,120.0,118.0,116.0,116.0,0.0,122,14352.0
2013-04-07,124.0,123.0,120.0,120.0,0.0,370,44985.0
2013-04-03,128.0,126.0,124.0,124.0,0.0,191,23886.0
2013-03-25,130.0,128.0,128.0,128.0,0.0,160,20480.0
2013-03-20,132.0,130.0,130.0,130.0,0.0,20,2600.0
2013-03-19,130.0,132.0,132.0,132.0,0.0,10,1320.0
2013-03-14,119.0,130.0,121.0,130.0,0.0,800,101240.0
2013-03-13,109.0,119.0,111.0,119.0,0.0,750,86750.0
2013-03-11,107.0,109.0,109.0,109.0,0.0,120,13080.0
2013-03-05,115.0,107.0,107.0,107.0,0.0,120,12840.0
2013-02-25,115.0,115.0,115.0,115.0,0.0,200,23000.0
2013-02-24,116.0,115.0,115.0,115.0,0.0,120,13800.0
2013-02-21,118.0,116.0,116.0,116.0,0.0,100,11600.0
2013-02-20,120.0,118.0,118.0,118.0,0.0,60,7080.0
2013-02-14,116.0,122.0,114.0,120.0,0.0,566,65054.0
2013-02-13,113.0,116.0,113.0,116.0,0.0,220,25090.0
2013-02-12,110.0,113.0,112.0,113.0,0.0,210,23620.0
2013-02-10,101.0,110.0,100.0,110.0,0.0,1394,146914.0
2013-01-31,100.0,101.0,101.0,101.0,0.0,180,18180.0
2013-01-28,102.0,100.0,100.0,100.0,0.0,20,2000.0
2013-01-27,106.0,104.0,102.0,102.0,0.0,1172,119848.0
2013-01-24,107.0,106.0,106.0,106.0,0.0,20,2120.0
2013-01-22,106.0,107.0,106.0,107.0,0.0,120,12740.0
2013-01-21,104.0,106.0,106.0,106.0,0.0,11,1166.0
2013-01-15,100.0,104.0,102.0,104.0,0.0,600,62200.0
2013-01-13,101.0,100.0,100.0,100.0,0.0,570,57000.0
2013-01-10,106.0,105.0,101.0,101.0,0.0,430,43590.0
2013-01-07,104.0,106.0,106.0,106.0,0.0,300,31800.0
2013-01-06,102.0,104.0,104.0,104.0,0.0,30,3120.0
2013-01-03,100.0,102.0,102.0,102.0,0.0,500,51000.0
2013-01-02,103.0,101.0,99.0,100.0,0.0,1500,150300.0
2012-12-31,103.0,103.0,101.0,103.0,0.0,320,32360.0
2012-12-27,104.0,103.0,103.0,103.0,0.0,100,10300.0
2012-12-24,112.0,110.0,104.0,104.0,0.0,1400,149000.0
2012-12-23,118.0,116.0,112.0,112.0,0.0,866,98424.0
2012-12-16,120.0,118.0,118.0,118.0,0.0,320,37760.0
2012-12-13,121.0,120.0,119.0,120.0,0.0,410,48950.0
2012-12-12,120.0,122.0,120.0,121.0,0.0,570,68740.0
2012-12-09,122.0,120.0,120.0,120.0,0.0,20,2400.0
2012-12-04,122.0,122.0,120.0,122.0,0.0,236,28392.0
2012-12-03,126.0,124.0,122.0,122.0,0.0,500,61500.0
2012-12-02,132.0,134.0,126.0,126.0,0.0,560,72080.0
2012-11-27,134.0,132.0,132.0,132.0,0.0,150,19800.0
2012-11-25,132.0,134.0,133.0,134.0,0.0,240,32130.0
2012-11-22,132.0,132.0,132.0,132.0,0.0,180,23760.0
2012-11-20,132.0,134.0,132.0,132.0,0.0,320,42340.0
2012-11-18,130.0,134.0,132.0,132.0,0.0,80,10620.0
2012-11-12,130.0,131.0,130.0,130.0,0.0,510,66420.0
2012-11-08,129.0,130.0,130.0,130.0,0.0,100,13000.0
2012-11-07,128.0,130.0,128.0,129.0,0.0,860,111280.0
2012-11-06,130.0,132.0,128.0,128.0,0.0,1102,141696.0
2012-11-05,126.0,130.0,128.0,130.0,0.0,400,51600.0
2012-10-31,128.0,128.0,126.0,126.0,0.0,220,28120.0
2012-10-17,128.0,128.0,126.0,128.0,0.0,650,82200.0
2012-10-14,126.0,128.0,128.0,128.0,0.0,44,5632.0
2012-10-11,129.0,128.0,126.0,126.0,0.0,1590,200830.0
2012-10-10,133.0,131.0,129.0,129.0,0.0,230,29730.0
2012-10-09,130.0,143.0,132.0,133.0,0.0,4890,679350.0
2012-10-08,119.0,130.0,121.0,130.0,0.0,320,40940.0
2012-10-07,109.0,119.0,111.0,119.0,0.0,160,18660.0
2012-10-04,106.0,109.0,108.0,109.0,0.0,620,67560.0
2012-10-02,112.0,110.0,106.0,106.0,0.0,79261,8481438.0
2012-10-01,114.0,112.0,112.0,112.0,0.0,100,11200.0
2012-10-01,114.0,112.0,112.0,112.0,0.0,100,11200.0
2012-09-26,118.0,116.0,114.0,114.0,0.0,210,24160.0
2012-09-25,120.0,118.0,118.0,118.0,0.0,50,5900.0
2012-09-20,122.0,120.0,120.0,120.0,0.0,60,7200.0
2012-09-19,120.0,122.0,120.0,122.0,0.0,420,50700.0
2012-09-18,118.0,120.0,118.0,120.0,0.0,860,101900.0
2012-09-17,116.0,118.0,115.0,118.0,0.0,970,112460.0
2012-09-16,119.0,117.0,116.0,116.0,0.0,450,52520.0
2012-09-13,118.0,119.0,119.0,119.0,0.0,440,52360.0
2012-09-12,116.0,118.0,114.0,118.0,0.0,78643,8967222.0
2012-09-11,114.0,116.0,116.0,116.0,0.0,100,11600.0
2012-09-09,114.0,114.0,112.0,114.0,0.0,130,14700.0
2012-09-06,114.0,114.0,112.0,114.0,0.0,80,9000.0
2012-09-05,116.0,127.0,114.0,114.0,0.0,880,106490.0
2012-09-04,106.0,116.0,108.0,116.0,0.0,50,5600.0
2012-09-03,97.0,106.0,98.0,106.0,0.0,60,6090.0
2012-09-02,89.0,97.0,90.0,97.0,0.0,80,7480.0
2012-08-30,87.0,89.0,88.0,89.0,0.0,90,8000.0
2012-08-29,85.0,87.0,86.0,87.0,0.0,30,2600.0
2012-08-21,84.0,85.0,85.0,85.0,0.0,200,17000.0
2012-08-13,82.0,84.0,83.0,84.0,0.0,300,25080.0
2012-08-08,81.0,82.0,82.0,82.0,0.0,40,3280.0
2012-08-07,80.0,81.0,81.0,81.0,0.0,220,17820.0
2012-08-06,83.0,80.0,80.0,80.0,0.0,400,32000.0
2012-08-05,84.0,83.0,83.0,83.0,0.0,440,36520.0
2012-07-26,85.0,84.0,84.0,84.0,0.0,100,8400.0
2012-07-25,85.0,85.0,85.0,85.0,0.0,100,8500.0
2012-07-22,82.0,85.0,83.0,85.0,0.0,400,33600.0
2012-07-16,84.0,84.0,82.0,82.0,0.0,1230,101800.0
2012-07-15,85.0,84.0,84.0,84.0,0.0,10,840.0
2012-07-11,84.0,85.0,85.0,85.0,0.0,300,25500.0
2012-06-27,85.0,84.0,84.0,84.0,0.0,100,8400.0
2012-06-10,96.0,85.0,85.0,85.0,0.0,80,6800.0
2012-06-07,96.0,96.0,96.0,96.0,0.0,300,28800.0
2012-05-31,97.0,96.0,95.0,96.0,0.0,1150,110320.0
2012-05-29,98.0,97.0,97.0,97.0,0.0,90,8730.0
2012-05-27,98.0,98.0,97.0,98.0,0.0,300,29360.0
2012-05-21,100.0,98.0,98.0,98.0,0.0,30,2940.0
2012-05-10,99.0,100.0,100.0,100.0,0.0,20,2000.0
2012-05-09,95.0,99.0,99.0,99.0,0.0,10,990.0
2012-05-07,91.0,95.0,95.0,95.0,0.0,10,950.0
2012-05-03,87.0,91.0,91.0,91.0,0.0,10,910.0
2012-05-02,83.0,87.0,87.0,87.0,0.0,10,870.0
2012-04-30,78.0,83.0,81.0,83.0,0.0,50,4110.0
2012-04-26,75.0,78.0,78.0,78.0,0.0,10,780.0
2012-04-25,74.0,75.0,75.0,75.0,0.0,10,750.0
2012-04-24,73.0,74.0,74.0,74.0,0.0,160,11840.0
2012-04-10,74.0,73.0,73.0,73.0,0.0,470,34310.0
2012-04-08,72.0,74.0,73.0,74.0,0.0,1230,90510.0
2012-04-05,80.0,80.0,72.0,72.0,0.0,2060,152520.0
2012-04-04,80.0,80.0,79.0,80.0,0.0,320,25580.0
2012-04-03,80.0,80.0,80.0,80.0,0.0,590,47200.0
2012-04-02,80.0,80.0,80.0,80.0,0.0,420,33600.0
2012-04-01,79.0,80.0,78.0,80.0,0.0,760,60730.0
2012-03-29,80.0,80.0,79.0,79.0,0.0,640,51160.0
2012-03-28,80.0,80.0,80.0,80.0,0.0,400,32000.0
2012-03-27,80.0,80.0,80.0,80.0,0.0,360,28800.0
2012-03-26,83.0,82.0,77.0,80.0,0.0,730,58110.0
2012-03-25,85.0,85.0,81.0,83.0,0.0,700,59170.0
2012-03-21,85.0,85.0,85.0,85.0,0.0,650,55250.0
2012-03-20,84.0,85.0,84.0,85.0,0.0,640,54360.0
2012-03-19,85.0,85.0,84.0,84.0,0.0,700,59480.0
2012-03-18,85.0,85.0,85.0,85.0,0.0,750,63750.0
2012-03-15,86.0,85.0,85.0,85.0,0.0,940,79900.0
2012-03-14,88.0,87.0,86.0,86.0,0.0,630,54640.0
2012-03-13,87.0,88.0,86.0,88.0,0.0,900,79130.0
2012-03-12,87.0,88.0,87.0,87.0,0.0,920,80910.0
2012-03-11,88.0,88.0,87.0,87.0,0.0,770,67740.0
2012-03-06,88.0,88.0,88.0,88.0,0.0,750,66000.0
2012-03-05,88.0,88.0,88.0,88.0,0.0,900,79200.0
2012-03-04,88.0,88.0,88.0,88.0,0.0,900,79200.0
2012-03-01,88.0,88.0,88.0,88.0,0.0,860,75680.0
2012-02-29,88.0,88.0,88.0,88.0,0.0,980,86240.0
2012-02-28,87.0,88.0,88.0,88.0,0.0,1170,102960.0
2012-02-27,88.0,88.0,87.0,87.0,0.0,1570,138100.0
2012-02-26,87.0,88.0,88.0,88.0,0.0,750,66000.0
2012-02-23,88.0,88.0,87.0,87.0,0.0,780,68520.0
2012-02-21,89.0,89.0,87.0,88.0,0.0,910,80770.0
2012-02-16,89.0,89.0,89.0,89.0,0.0,810,72090.0
2012-02-15,88.0,89.0,89.0,89.0,0.0,1070,95230.0
2012-02-14,86.0,88.0,87.0,88.0,0.0,940,82520.0
2012-02-13,92.0,91.0,84.0,86.0,0.0,2110,184240.0
2012-02-12,95.0,96.0,92.0,92.0,0.0,880,82100.0
2012-02-09,95.0,95.0,95.0,95.0,0.0,940,89300.0
2012-02-08,94.0,95.0,95.0,95.0,0.0,700,66500.0
2012-02-07,95.0,95.0,94.0,94.0,0.0,690,65510.0
2012-02-06,96.0,96.0,95.0,95.0,0.0,720,68410.0
2012-02-05,96.0,96.0,95.0,96.0,0.0,760,72210.0
2012-02-02,97.0,96.0,96.0,96.0,0.0,710,68160.0
2012-02-01,100.0,98.0,97.0,97.0,0.0,510,49480.0
2012-01-31,105.0,103.0,100.0,100.0,0.0,510,51110.0
2012-01-29,106.0,107.0,105.0,105.0,0.0,620,66300.0
2012-01-26,104.0,106.0,106.0,106.0,0.0,480,50880.0
2012-01-25,95.0,104.0,96.0,104.0,0.0,1180,115940.0
2012-01-23,94.0,95.0,95.0,95.0,0.0,430,40850.0
2012-01-22,93.0,94.0,94.0,94.0,0.0,700,65800.0
2012-01-19,92.0,93.0,93.0,93.0,0.0,380,35340.0
2012-01-16,92.0,92.0,92.0,92.0,0.0,70,6440.0
2012-01-10,93.0,92.0,92.0,92.0,0.0,20,1840.0
2012-01-09,93.0,94.0,92.0,92.0,0.0,80,7430.0
2012-01-05,94.0,93.0,93.0,93.0,0.0,40,3720.0
2012-01-03,95.0,94.0,94.0,94.0,0.0,40,3760.0
2011-12-21,93.0,95.0,94.0,95.0,0.0,30,2830.0
2011-12-19,94.0,93.0,93.0,93.0,0.0,260,24180.0
2011-12-18,94.0,95.0,94.0,94.0,0.0,790,74760.0
2011-12-15,95.0,94.0,94.0,94.0,0.0,160,15040.0
2011-12-12,95.0,95.0,95.0,95.0,0.0,120,11400.0
2011-12-11,98.0,97.0,94.0,95.0,0.0,470,44950.0
2011-12-08,98.0,98.0,97.0,98.0,0.0,410,40170.0
2011-12-06,99.0,99.0,98.0,98.0,0.0,220,21580.0
2011-12-04,99.0,99.0,98.0,99.0,0.0,200,19700.0
2011-12-01,98.0,99.0,99.0,99.0,0.0,40,3960.0
2011-11-14,100.0,99.0,99.0,99.0,0.0,40,3960.0
2011-11-13,102.0,100.0,100.0,100.0,0.0,80,8000.0
2011-11-06,104.0,102.0,102.0,102.0,0.0,30,3060.0
2011-10-31,102.0,104.0,104.0,104.0,0.0,60,6240.0
2011-10-25,100.0,102.0,102.0,102.0,0.0,60,6120.0
2011-09-29,105.0,103.0,100.0,100.0,0.0,4610,473770.0
2011-09-25,103.0,105.0,105.0,105.0,0.0,150,15750.0
2011-09-20,105.0,107.0,103.0,103.0,0.0,830,87270.0
2011-09-19,110.0,108.0,104.0,105.0,0.0,600,62880.0
2011-09-18,112.0,110.0,110.0,110.0,0.0,210,23100.0
2011-09-15,114.0,112.0,112.0,112.0,0.0,20,2240.0
2011-09-14,118.0,116.0,114.0,114.0,0.0,60,6880.0
2011-09-13,119.0,118.0,117.0,118.0,0.0,70,8250.0
2011-09-12,121.0,119.0,119.0,119.0,0.0,10,1190.0
2011-09-05,120.0,121.0,121.0,121.0,0.0,80,9680.0
2011-09-04,128.0,126.0,120.0,120.0,0.0,350,43280.0
2011-08-16,128.0,128.0,128.0,128.0,0.0,10,1280.0
2011-08-11,128.0,128.0,128.0,128.0,0.0,40,5120.0
2011-08-09,130.0,128.0,128.0,128.0,0.0,20,2560.0
2011-08-08,132.0,130.0,130.0,130.0,0.0,40,5200.0
2011-08-04,128.0,132.0,130.0,132.0,0.0,80,10520.0
2011-08-03,130.0,128.0,128.0,128.0,0.0,40,5120.0
2011-07-19,130.0,130.0,130.0,130.0,0.0,60,7800.0
2011-07-18,128.0,130.0,130.0,130.0,0.0,70,9100.0
2011-07-17,128.0,128.0,128.0,128.0,0.0,30,3840.0
2011-07-03,130.0,128.0,128.0,128.0,0.0,30,3840.0
2011-06-30,132.0,130.0,130.0,130.0,0.0,40,5200.0
2011-06-13,132.0,132.0,132.0,132.0,0.0,280,36960.0
2011-06-08,134.0,132.0,132.0,132.0,0.0,50,6600.0
2011-06-07,134.0,134.0,134.0,134.0,0.0,110,14740.0
2011-06-06,136.0,134.0,134.0,134.0,0.0,40,5360.0
2011-06-05,135.0,136.0,136.0,136.0,0.0,120,16320.0
2011-06-01,135.0,135.0,135.0,135.0,0.0,140,18900.0
2011-05-18,133.0,135.0,135.0,135.0,0.0,50,6750.0
2011-05-15,133.0,133.0,133.0,133.0,0.0,210,27930.0
2011-05-10,133.0,133.0,133.0,133.0,0.0,470,62510.0
2011-05-05,135.0,133.0,133.0,133.0,0.0,110,14630.0
2011-05-03,137.0,135.0,135.0,135.0,0.0,80,10800.0
2011-04-27,137.0,137.0,137.0,137.0,0.0,20,2740.0
2011-04-21,135.0,137.0,135.0,137.0,0.0,140,19100.0
2011-04-19,135.0,135.0,135.0,135.0,0.0,200,27000.0
2011-04-13,135.0,135.0,135.0,135.0,0.0,60,8100.0
2011-04-11,137.0,135.0,135.0,135.0,0.0,10,1350.0
2011-04-10,135.0,137.0,135.0,137.0,0.0,280,38120.0
2011-04-07,133.0,135.0,135.0,135.0,0.0,60,8100.0
2011-04-06,132.0,134.0,133.0,133.0,0.0,1050,139670.0
2011-04-04,132.0,132.0,132.0,132.0,0.0,260,34320.0
2011-03-27,132.0,132.0,132.0,132.0,0.0,20,2640.0
2011-03-25,131.0,132.0,132.0,132.0,0.0,60,7920.0
2011-03-20,133.0,131.0,131.0,131.0,0.0,260,34060.0
