date,open,high,low,ltp,percent_change,qty,turnover
2023-07-13,170.0,175.0,170.0,173.1,2.97,44618,7714872.3
2023-07-12,173.0,173.0,168.1,168.1,-1.41,52888,8976671.8
2023-07-11,172.0,172.0,167.7,170.5,-0.58,75841,12828577.7
2023-07-10,170.0,173.0,170.0,171.5,0.88,27052,4643047.0
2023-07-09,170.0,174.9,168.2,170.0,1.19,32658,5556045.7
2023-07-06,172.0,175.0,167.7,168.0,-2.33,66268,11218451.5
2023-07-05,172.0,173.6,170.4,172.0,-1.04,34022,5825598.0
2023-07-04,175.0,175.0,171.0,173.8,-0.11,40888,7020433.9
2023-07-03,172.0,175.9,171.2,174.0,0.0,35236,6083153.0
2023-07-02,181.0,181.0,172.6,174.0,-3.33,44584,7776525.5
2023-06-28,179.0,189.0,178.2,180.0,1.47,63403,11488363.8
2023-06-27,171.1,183.1,171.1,177.4,2.9,93479,16623039.2
2023-06-26,173.0,175.0,171.9,172.4,-0.58,29384,5073949.0
2023-06-25,170.0,173.4,170.0,173.4,0.81,30359,5216749.3
2023-06-22,173.0,174.5,171.0,172.0,-0.52,37112,6389962.7
2023-06-21,175.0,176.0,172.0,172.9,-1.31,39595,6867893.8
2023-06-20,175.1,177.9,175.0,175.2,-0.45,19015,3340653.1
2023-06-19,176.2,178.5,176.0,176.0,-0.79,23120,4096111.2
2023-06-18,178.0,178.9,176.2,177.4,-0.34,33211,5887263.8
2023-06-15,180.0,180.0,178.0,178.0,0.0,11653,2082210.2
2023-06-14,179.0,183.0,175.5,178.0,0.0,56231,10129437.1
2023-06-13,176.0,179.0,175.0,178.0,0.0,58852,10384935.8
2023-06-12,177.0,179.0,175.6,178.0,1.6,21070,3729625.8
2023-06-11,177.7,179.0,174.6,175.2,0.34,14180,2496162.9
2023-06-08,179.0,179.0,174.0,174.6,-1.91,64974,11364615.2
2023-06-07,178.5,179.0,175.6,178.0,0.79,28317,5012621.3
2023-06-06,177.9,178.0,174.9,176.6,-0.73,13768,2427440.4
2023-06-05,180.0,181.0,176.5,177.9,-0.06,12828,2282481.7
2023-06-04,173.8,182.2,173.8,178.0,1.42,49586,8898212.0
2023-06-01,175.0,180.8,174.0,175.5,-0.28,43327,7656423.2
2023-05-31,178.0,180.9,175.0,176.0,-1.95,38554,6857583.1
2023-05-30,180.0,180.0,176.0,179.5,-1.43,15539,2761840.9
2023-05-28,181.3,184.6,180.1,182.1,-0.76,35023,6380984.1
2023-05-24,184.0,184.0,180.4,183.5,-0.22,20912,3799442.8
2023-05-23,181.0,183.9,180.0,183.9,1.6,63326,11470556.6
2023-05-22,180.0,181.0,179.2,181.0,0.06,10111,1822126.2
2023-05-21,182.0,183.9,180.4,180.9,0.33,22394,4056193.1
2023-05-18,178.3,182.8,178.3,180.3,0.11,12931,2330356.0
2023-05-17,179.0,180.1,177.0,180.1,1.29,13159,2353352.6
2023-05-16,175.0,180.0,175.0,177.8,0.45,6183,1098513.3
2023-05-15,175.5,178.0,175.4,177.0,0.17,5085,899483.6
2023-05-14,179.0,179.0,176.4,176.7,-0.34,11322,2006681.1
2023-05-11,176.0,179.0,176.0,177.3,-0.95,13701,2437360.8
2023-05-10,183.9,183.9,178.1,179.0,-1.38,8109,1456139.1
2023-05-09,182.0,182.0,176.6,181.5,1.68,13632,2443869.2
2023-05-08,175.4,181.5,175.4,178.5,1.25,9053,1609609.6
2023-05-07,178.1,180.3,175.9,176.3,-1.62,31240,5546754.1
2023-05-04,183.0,183.0,178.0,179.2,-0.99,21904,3924483.3
2023-05-03,181.0,183.5,180.0,181.0,-0.39,17117,3096230.2
2023-05-02,180.0,181.7,178.1,181.7,0.94,16038,2872962.4
2023-04-30,181.5,183.0,179.0,180.0,-0.61,21406,3860874.2
2023-04-27,180.5,183.7,180.1,181.1,-1.04,8704,1584564.0
2023-04-26,180.5,184.7,180.5,183.0,0.0,12726,2329223.0
2023-04-25,181.1,184.1,180.5,183.0,1.1,10017,1823703.6
2023-04-24,179.0,182.8,178.0,181.0,0.44,12666,2285409.5
2023-04-23,182.0,183.0,180.1,180.2,-1.53,18066,3267926.5
2023-04-20,186.0,186.0,182.0,183.0,-0.27,18835,3457260.1
2023-04-19,185.0,186.0,183.1,183.5,-0.81,11480,2111676.3
2023-04-18,184.0,187.2,181.4,185.0,0.0,14948,2734775.4
2023-04-17,186.0,186.8,182.4,185.0,-1.6,13805,2543544.7
2023-04-16,190.0,190.0,185.0,188.0,-1.0,6279,1175282.3
2023-04-13,194.0,195.9,188.1,189.9,-3.06,20730,3962148.5
2023-04-12,185.0,199.6,184.0,195.9,7.34,53653,10248967.5
2023-04-11,179.1,183.0,174.1,182.5,3.69,33069,5981372.7
2023-04-10,174.0,178.0,174.0,176.0,0.23,18918,3324692.1
2023-04-09,177.0,177.0,174.2,175.6,-0.79,7024,1230167.4
2023-04-06,175.4,177.0,175.4,177.0,0.57,10857,1911699.0
2023-04-05,173.6,177.5,173.6,176.0,1.09,18435,3233439.4
2023-04-04,176.0,176.0,174.1,174.1,-0.85,14545,2550141.8
2023-04-03,180.0,180.0,175.5,175.6,-1.35,12649,2227304.2
2023-04-02,180.0,180.5,177.0,178.0,0.0,10037,1788992.0
2023-03-30,181.5,181.5,177.9,178.0,-0.61,12017,2143454.4
2023-03-29,178.4,180.9,178.0,179.1,-1.27,13782,2464247.2
2023-03-28,179.6,182.6,179.6,181.4,2.43,17803,3219840.9
2023-03-27,178.0,180.5,176.7,177.1,-1.67,19097,3397830.8
2023-03-26,180.2,183.6,178.0,180.1,-0.5,24440,4374649.0
2023-03-23,179.0,187.2,177.1,181.0,1.12,14349,2582919.1
2023-03-22,181.5,184.0,178.2,179.0,-2.13,24192,4359627.2
2023-03-20,183.0,184.6,181.0,182.9,-0.05,7956,1447910.6
2023-03-19,181.0,183.9,181.0,183.0,0.0,5588,1019142.8
2023-03-16,182.9,183.5,180.0,183.0,0.05,16527,3002508.4
2023-03-15,182.0,183.8,181.2,182.9,0.55,10534,1917735.3
2023-03-14,181.1,186.5,181.1,181.9,-0.6,19622,3582704.0
2023-03-13,183.2,183.5,181.0,183.0,-0.54,20381,3709282.7
2023-03-12,188.0,188.0,183.1,184.0,-1.08,17157,3166422.7
2023-03-09,183.0,186.0,182.0,186.0,1.97,14534,2676390.2
2023-03-07,181.0,184.6,181.0,182.4,-0.33,10128,1849275.6
2023-03-05,184.0,184.0,182.0,183.0,-0.54,12689,2322779.4
2023-03-02,187.5,188.7,183.8,184.0,-1.6,19642,3626941.2
2023-03-01,186.0,190.0,185.6,187.0,0.0,17201,3219528.2
2023-02-28,184.1,190.0,184.1,187.0,0.27,8267,1560365.1
2023-02-27,184.0,189.9,184.0,186.5,-0.37,31901,5948016.8
2023-02-26,187.4,189.0,185.0,187.2,-1.47,10945,2040646.3
2023-02-23,188.2,190.0,188.0,190.0,0.0,70432,13361110.6
2023-02-22,186.1,192.0,186.1,190.0,0.11,9449,1791226.0
2023-02-20,187.7,190.0,186.5,189.8,1.23,21821,4105962.7
2023-02-16,188.5,190.0,187.2,187.5,-0.42,18060,3402397.9
2023-02-15,188.3,191.5,188.0,188.3,-1.15,22241,4205013.1
2023-02-14,190.1,193.0,190.0,190.5,-1.3,39141,7460249.2
2023-02-12,195.0,196.8,193.0,193.0,-1.78,11366,2207301.9
2023-02-09,196.1,199.5,195.6,196.5,0.26,15433,3036853.4
2023-02-08,200.0,202.9,196.0,196.0,-1.51,18364,3648362.0
2023-02-07,195.0,199.7,194.2,199.0,2.58,27802,5496499.3
2023-02-06,192.8,194.5,190.1,194.0,2.11,20798,4007844.3
2023-02-05,190.0,196.0,189.1,190.0,0.74,37796,7296926.7
2023-02-02,191.7,192.0,188.6,188.6,-0.84,31860,6075132.4
2023-02-01,194.3,194.3,190.2,190.2,-0.68,25870,4951253.3
2023-01-31,193.0,195.0,190.6,191.5,-0.78,27756,5327523.1
2023-01-30,196.5,196.5,192.7,193.0,-2.03,35591,6911214.7
2023-01-29,197.5,200.0,195.0,197.0,-0.25,15774,3116963.9
2023-01-26,201.0,201.0,197.5,197.5,-1.25,16425,3267244.5
2023-01-25,200.0,202.0,198.3,200.0,0.4,28815,5777051.4
2023-01-24,201.0,201.0,198.1,199.2,-0.9,20294,4056185.6
2023-01-23,203.0,204.0,200.1,201.0,0.45,30777,6227397.7
2023-01-19,201.0,203.6,198.0,200.1,0.05,49083,9862580.1
2023-01-18,206.9,206.9,199.0,200.0,-1.48,42656,8576729.4
2023-01-17,206.0,206.0,198.0,203.0,0.0,35238,7148288.6
2023-01-12,210.1,211.0,201.9,203.0,-1.93,54493,11162954.7
2023-01-10,204.9,216.8,202.0,207.0,2.48,168739,35341651.0
2023-01-09,197.0,202.0,195.1,202.0,2.54,116540,23128373.2
2023-01-08,199.1,200.8,197.0,197.0,-1.05,45611,9067869.8
2023-01-05,200.0,202.0,198.0,199.1,-0.95,31921,6358498.5
2023-01-04,198.5,201.0,195.2,201.0,1.11,57779,11442801.1
2023-01-03,200.0,200.0,197.0,198.8,0.35,33191,6589050.5
2023-01-02,199.0,202.0,194.1,198.1,0.05,37996,7597040.5
2023-01-01,194.0,201.0,193.2,198.0,2.06,61488,12126830.6
2022-12-29,187.5,199.8,187.5,194.0,2.65,41132,8001938.2
2022-12-28,190.0,192.5,186.3,189.0,-1.56,45256,8610188.4
2022-12-27,185.0,196.8,185.0,192.0,4.63,44838,8489050.5
2022-12-26,183.6,183.6,179.2,183.5,1.38,39525,7175249.5
2022-12-22,179.0,181.5,178.2,181.0,0.39,25209,4539384.8
2022-12-21,179.0,182.4,177.1,180.3,0.56,13258,2391780.6
2022-12-20,183.0,184.5,179.3,179.3,-0.88,20001,3619316.1
2022-12-19,181.0,183.4,179.0,180.9,0.0,20978,3784438.0
2022-12-18,182.0,184.0,180.0,180.9,-1.63,14709,2656751.9
2022-12-15,183.0,185.0,182.3,183.9,0.33,17799,3266454.7
2022-12-14,185.0,186.0,183.0,183.3,-1.45,4370,802180.6
2022-12-13,183.0,186.0,183.0,186.0,0.81,12567,2313986.5
2022-12-12,184.5,187.0,182.0,184.5,-1.34,31694,5813290.8
2022-12-11,190.0,190.0,187.0,187.0,-1.58,17593,3303417.1
2022-12-07,191.2,191.2,190.0,190.0,-0.63,15611,2974439.9
2022-12-06,191.2,193.4,191.2,191.2,-0.42,5742,1100158.8
2022-12-05,195.0,195.9,191.3,192.0,-1.29,10271,1974762.2
2022-12-04,193.0,196.8,192.2,194.5,-0.26,9175,1787559.3
2022-12-01,193.0,195.0,191.8,195.0,0.26,8596,1657212.7
2022-11-30,195.0,195.0,192.1,194.5,0.67,3645,705800.9
2022-11-29,196.0,198.0,193.2,193.2,-2.18,12447,2422845.4
2022-11-28,195.3,197.5,195.3,197.5,0.3,8658,1698556.3
2022-11-27,195.0,198.0,194.1,196.9,-0.2,28503,5577011.2
2022-11-24,195.0,198.9,195.0,197.3,0.15,5657,1114005.8
2022-11-23,194.1,198.0,194.1,197.0,-0.25,3029,595328.0
2022-11-22,200.0,200.0,196.1,197.5,-0.75,2929,579898.7
2022-11-17,197.0,199.0,193.1,199.0,1.84,20029,3915329.1
2022-11-16,195.0,196.0,194.2,195.4,0.21,8135,1590776.5
2022-11-15,195.2,198.0,195.0,195.0,-0.1,13310,2605335.2
2022-11-14,194.2,198.0,194.2,195.2,-0.41,2357,461002.7
2022-11-13,196.5,197.9,194.0,196.0,-0.25,9244,1799553.8
2022-11-10,196.7,200.0,196.1,196.5,-0.76,20543,4078046.0
2022-11-09,202.0,202.0,198.0,198.0,-1.98,17378,3444937.5
2022-11-08,200.0,202.0,199.5,202.0,0.5,15969,3211089.2
2022-11-07,203.1,203.9,200.0,201.0,-0.99,24144,4864009.5
2022-11-06,203.0,207.0,199.1,203.0,1.5,20536,4158065.3
2022-11-03,202.5,204.0,199.0,200.0,-2.25,18226,3655051.2
2022-11-02,205.0,205.8,202.6,204.6,0.54,23788,4852789.4
2022-11-01,200.0,206.0,199.0,203.5,2.26,32542,6615296.6
2022-10-31,200.0,200.0,193.0,199.0,-2.45,31094,6152499.4
2022-10-23,200.3,204.0,199.0,204.0,1.14,8906,1789239.0
2022-10-20,200.0,201.7,199.3,201.7,0.85,12068,2416104.1
2022-10-19,203.0,203.0,198.2,200.0,-1.96,12762,2549083.6
2022-10-17,202.0,206.0,200.0,204.0,0.84,16593,3367822.1
2022-10-16,196.0,202.3,195.4,202.3,2.43,15062,2989352.1
2022-10-13,198.0,198.8,195.0,197.5,1.28,17403,3438920.5
2022-10-12,198.9,198.9,193.1,195.0,-0.51,14117,2740495.2
2022-10-11,195.0,197.0,193.2,196.0,0.0,10299,2014030.5
2022-10-10,201.0,201.0,195.0,196.0,-2.05,12998,2565721.3
2022-10-09,198.0,202.0,194.0,200.1,2.25,15336,3016720.7
2022-09-29,193.0,195.7,192.0,195.7,1.4,16352,3164312.5
2022-09-28,195.0,195.0,190.0,193.0,0.47,15838,3026476.7
2022-09-27,191.0,193.0,190.0,192.1,0.58,12235,2349877.9
2022-09-25,193.0,193.0,189.4,191.0,-1.04,23370,4448975.6
2022-09-22,194.0,194.5,191.0,193.0,-0.52,9885,1908968.8
2022-09-21,194.0,195.0,191.0,194.0,0.47,21163,4073180.0
2022-09-20,198.0,198.0,192.0,193.1,-1.73,37085,7176384.6
2022-09-18,195.1,197.0,194.0,196.5,-0.3,18783,3664643.5
2022-09-16,198.0,198.0,196.0,197.1,-0.71,6715,1320677.6
2022-09-15,203.0,204.0,198.0,198.5,-3.59,30066,6016797.5
2022-09-14,205.9,206.7,204.0,205.9,0.93,20062,4117580.3
2022-09-13,200.9,205.0,197.3,204.0,0.99,39735,7939672.2
2022-09-12,202.0,202.0,200.9,202.0,-0.49,7090,1426806.1
2022-09-11,201.4,205.0,201.4,203.0,-0.1,12440,2516665.1
2022-09-08,203.0,204.0,202.5,203.2,-0.73,10879,2210020.7
2022-09-07,206.0,206.0,203.0,204.7,-0.1,11421,2328752.9
2022-09-06,208.0,208.0,204.0,204.9,-1.01,16817,3443365.6
2022-09-05,206.7,207.0,206.0,207.0,0.0,18012,3713390.5
2022-09-04,210.7,210.7,205.1,207.0,-0.96,23429,4837292.4
2022-09-02,211.0,211.0,205.8,209.0,-0.71,31792,6602207.0
2022-09-01,209.0,213.0,208.0,210.5,0.72,35247,7412553.1
2022-08-31,207.0,210.0,207.0,209.0,0.77,45163,9414979.2
2022-08-30,209.8,209.8,206.5,207.4,-0.53,14940,3093199.1
2022-08-29,205.0,208.5,204.0,208.5,2.41,33153,6820958.2
2022-08-28,205.0,207.0,203.6,203.6,-1.12,39672,8125847.4
2022-08-26,208.0,208.0,205.7,205.9,-1.48,18926,3901914.3
2022-08-25,209.0,209.9,208.1,209.0,-0.1,29138,6088336.8
2022-08-24,210.0,210.0,208.1,209.2,0.34,29351,6133800.6
2022-08-23,207.0,210.0,207.0,208.5,0.39,26183,5463214.6
2022-08-22,206.1,209.0,206.0,207.7,-0.14,29526,6100028.9
2022-08-21,207.0,211.0,206.0,208.0,0.24,15738,3274859.8
2022-08-18,207.2,209.0,207.0,207.5,-0.24,29877,6201213.1
2022-08-17,209.0,210.0,207.0,208.0,-0.48,18202,3782346.9
2022-08-16,210.0,211.0,206.7,209.0,0.19,26926,5611823.5
2022-08-15,206.0,209.0,205.0,208.6,1.26,21400,4432451.6
2022-08-14,207.0,210.0,206.0,206.0,-0.48,38481,7965890.5
2022-08-11,207.0,210.0,206.0,207.0,-1.05,19601,4059087.3
2022-08-10,209.0,210.8,206.0,209.2,0.1,48857,10207380.5
2022-08-09,210.0,210.2,206.1,209.0,-0.48,17128,3558739.2
2022-08-08,210.0,211.9,208.3,210.0,0.24,32095,6724605.1
2022-08-07,209.0,213.0,208.5,209.5,-0.19,37731,7940937.9
2022-08-05,212.1,212.1,209.9,209.9,-1.92,31780,6694347.0
2022-08-04,216.1,217.0,213.0,214.0,-1.61,25941,5557169.6
2022-08-03,224.0,226.0,217.0,217.5,-2.07,123420,27251653.6
2022-08-02,222.0,223.0,219.0,222.1,-0.4,31011,6851056.5
2022-08-01,224.0,226.5,219.1,223.0,0.31,105063,23488448.0
2022-07-31,214.0,222.3,212.5,222.3,5.51,90619,19604427.3
2022-07-29,210.0,211.0,208.1,210.7,0.33,21074,4417458.7
2022-07-28,211.0,214.0,209.8,210.0,-0.24,70471,14939632.3
2022-07-27,213.0,215.0,208.0,210.5,-1.17,46386,9738310.5
2022-07-26,218.7,218.7,211.5,213.0,-2.74,153676,32800605.7
2022-07-25,215.0,219.0,214.0,219.0,2.82,117489,25381516.0
2022-07-24,207.9,216.0,207.5,213.0,4.46,171701,36206743.9
2022-07-22,204.0,207.5,203.0,203.9,-1.97,75073,15456518.1
2022-07-21,203.0,211.0,203.0,208.0,0.63,71429,14859777.8
2022-07-20,203.0,207.0,203.0,206.7,0.44,11103,2288528.5
2022-07-19,207.0,209.9,205.7,205.8,-0.58,20703,4294975.8
2022-07-18,207.0,207.0,203.5,207.0,0.05,16122,3314891.1
2022-07-17,207.0,209.0,199.4,206.9,-0.05,25786,5287915.1
2022-07-15,201.0,207.0,200.0,207.0,2.99,57403,11729849.2
2022-07-14,200.1,203.0,196.4,201.0,2.45,138870,27455951.0
2022-07-13,195.0,198.1,192.0,196.2,1.13,33463,6515362.1
2022-07-12,198.0,198.0,191.0,194.0,-1.02,39791,7696335.5
2022-07-11,196.1,198.0,194.0,196.0,-1.21,22473,4382608.1
2022-07-08,199.5,203.4,198.0,198.4,-0.55,22690,4548480.3
2022-07-07,204.0,204.0,199.0,199.5,-1.58,25159,5039152.6
2022-07-06,200.1,202.7,198.4,202.7,1.35,18335,3667844.9
2022-07-05,203.0,206.0,198.5,200.0,-0.99,33951,6823432.9
2022-07-04,207.0,209.0,201.0,202.0,-0.49,57882,11841999.9
2022-07-03,208.0,208.0,200.0,203.0,-0.98,40464,8193761.1
2022-07-01,207.0,208.0,199.0,205.0,-0.97,59978,12099909.2
2022-06-30,201.0,210.0,200.7,207.0,1.97,42165,8712354.4
2022-06-29,203.0,205.0,201.0,203.0,0.0,18152,3675812.2
2022-06-28,203.0,205.0,201.0,203.0,0.0,5708,1156060.2
2022-06-27,209.1,209.1,201.3,203.0,-0.98,31553,6425636.7
2022-06-26,204.0,207.0,202.7,205.0,2.5,37089,7607041.4
2022-06-24,201.0,203.0,195.4,200.0,1.01,11131,2221955.4
2022-06-23,200.0,204.0,198.0,198.0,-2.46,39322,7827408.1
2022-06-22,204.0,206.0,201.0,203.0,-2.17,45001,9129378.1
2022-06-21,204.0,207.5,203.0,207.5,3.23,11746,2403837.5
2022-06-20,206.0,209.0,200.0,201.0,-2.43,51596,10383280.6
2022-06-19,210.0,210.1,206.0,206.0,-1.95,21849,4548156.3
2022-06-17,208.1,212.0,208.1,210.1,0.86,49505,10400752.3
2022-06-16,204.0,217.0,204.0,208.3,0.53,11409,2404997.0
2022-06-15,212.3,212.3,202.8,207.2,-0.48,21746,4473577.1
2022-06-14,211.0,212.8,207.8,208.2,-1.33,12461,2612058.4
2022-06-13,216.2,216.2,209.0,211.0,-0.47,5894,1244593.3
2022-06-10,219.3,219.3,210.0,212.0,-1.4,8710,1840423.5
2022-06-09,222.3,222.3,214.0,215.0,-1.38,15047,3260015.7
2022-06-08,210.1,218.7,210.0,218.0,3.76,12439,2664169.0
2022-06-07,218.0,219.9,208.8,210.1,-4.5,81323,17159929.7
2022-06-06,223.9,224.0,216.0,220.0,-0.9,6177,1361047.6
2022-06-03,232.0,232.0,222.0,222.0,-2.42,11952,2678565.0
2022-06-02,230.1,230.6,227.0,227.5,-1.09,8340,1897929.8
2022-06-01,225.0,230.0,225.0,230.0,0.44,6956,1584975.8
2022-05-31,226.0,232.4,226.0,229.0,0.0,17097,3886887.0
2022-05-30,237.6,237.6,228.0,229.0,-1.72,25715,5900524.9
2022-05-27,236.0,236.0,229.0,233.0,-0.85,14546,3362850.7
2022-05-26,235.6,235.6,229.3,235.0,1.73,9452,2195929.3
2022-05-25,233.5,233.5,229.0,231.0,0.87,16702,3850476.7
2022-05-24,228.0,230.0,226.0,229.0,1.55,11635,2652731.8
2022-05-23,232.0,232.0,225.5,225.5,-2.59,16942,3827558.0
2022-05-20,227.5,232.8,227.5,231.5,-0.22,16528,3825651.5
2022-05-19,235.0,235.0,230.1,232.0,-0.73,6525,1508020.0
2022-05-18,235.0,235.0,228.1,233.7,-0.13,7362,1700465.7
2022-05-17,238.6,243.0,230.0,234.0,-1.93,9223,2146989.4
2022-05-12,242.0,242.0,237.0,238.6,-0.54,12253,2928075.7
2022-05-11,241.0,241.0,237.0,239.9,0.84,17617,4211489.3
2022-05-10,235.0,238.0,234.0,237.9,2.5,31991,7552016.7
2022-05-09,232.0,234.0,230.1,232.1,0.91,10820,2514905.3
2022-05-08,227.1,230.0,226.0,230.0,0.44,13262,3016549.9
2022-05-05,230.1,234.0,227.0,229.0,-1.72,37315,8580681.5
2022-05-04,230.1,235.0,230.0,233.0,0.22,10866,2529864.9
2022-05-02,239.9,239.9,232.5,232.5,-1.65,19247,4507737.6
2022-04-28,235.1,239.0,235.1,236.4,-1.09,12598,2984830.1
2022-04-27,235.0,240.7,231.1,239.0,-0.29,7071,1663040.2
2022-04-26,238.0,240.0,234.0,239.7,0.71,9418,2221376.4
2022-04-25,240.0,242.0,237.0,238.0,-0.83,5984,1431815.0
2022-04-24,235.0,245.0,233.1,240.0,3.0,15442,3696249.9
2022-04-21,232.0,236.6,231.0,233.0,-1.44,14267,3322994.0
2022-04-20,242.7,242.7,236.4,236.4,-0.67,27474,6583001.4
2022-04-19,236.0,240.0,232.1,238.0,-0.42,14181,3352587.7
2022-04-18,241.1,242.9,235.5,239.0,-2.05,12137,2892513.5
2022-04-17,255.7,255.7,242.9,244.0,-2.67,14287,3519785.8
2022-04-13,242.0,250.7,236.0,250.7,4.02,24962,6007733.7
2022-04-12,238.0,241.0,237.0,241.0,0.21,14174,3377327.5
2022-04-11,248.0,251.0,240.3,240.5,-1.84,22861,5613969.7
2022-04-07,241.0,245.0,240.0,245.0,1.49,17690,4305768.3
2022-04-06,242.0,246.0,239.0,241.4,-1.87,11223,2711248.9
2022-04-05,253.9,253.9,242.0,246.0,-1.2,26395,6451465.1
2022-04-04,255.9,255.9,246.2,249.0,-0.76,11373,2808611.9
2022-04-03,250.0,254.0,248.0,250.9,-0.04,14570,3639710.2
2022-03-31,255.0,255.0,250.2,251.0,-0.4,16248,4106952.7
2022-03-30,250.0,254.0,249.5,252.0,0.04,15902,3999381.5
2022-03-29,255.0,255.0,249.0,251.9,-0.79,12244,3070659.0
2022-03-28,251.0,255.3,250.3,253.9,-0.43,25563,6462780.2
2022-03-27,258.0,259.1,254.0,255.0,-1.2,36223,9245843.3
2022-03-24,262.6,264.4,258.1,258.1,-1.71,25763,6718384.3
2022-03-23,265.0,266.9,262.3,262.6,-1.61,12655,3341430.6
2022-03-22,262.0,272.0,260.1,266.9,1.87,45853,12207162.0
2022-03-21,262.0,263.0,257.0,262.0,0.89,14569,3789003.2
2022-03-20,253.4,262.5,253.4,259.7,0.46,16043,4155122.0
2022-03-16,261.0,263.0,257.0,258.5,-0.96,31888,8227891.6
2022-03-15,263.5,263.5,258.3,261.0,-0.95,37082,9613482.5
2022-03-14,263.9,264.0,260.0,263.5,0.96,9902,2580199.6
2022-03-13,256.0,262.5,254.0,261.0,3.16,29375,7606375.0
2022-03-10,246.6,254.0,245.1,253.0,2.02,26571,6629895.6
2022-03-09,252.0,252.0,248.0,248.0,-1.59,26043,6498228.8
2022-03-07,253.0,255.0,250.0,252.0,0.4,14129,3560686.3
2022-03-06,255.0,255.0,250.3,251.0,-0.59,15105,3808686.3
2022-03-02,257.1,257.1,250.2,252.5,-1.71,41583,10487735.9
2022-02-28,263.0,263.0,255.0,256.9,-1.19,22972,5896506.2
2022-02-27,258.0,262.0,258.0,260.0,0.35,29096,7581800.9
2022-02-24,265.0,265.0,258.0,259.1,-2.96,39372,10239366.0
2022-02-23,272.7,272.7,266.3,267.0,-1.11,19831,5329323.7
2022-02-22,266.0,274.0,263.1,270.0,1.73,44680,11939511.1
2022-02-21,267.0,270.0,260.0,265.4,0.19,41952,11010253.2
2022-02-20,269.0,269.0,261.4,264.9,-1.89,29935,7915437.7
2022-02-17,271.0,275.0,270.0,270.0,-0.92,14685,3973711.1
2022-02-16,274.0,276.8,269.0,272.5,-0.69,13318,3630836.4
2022-02-15,269.0,274.4,267.2,274.4,1.25,27675,7487728.1
2022-02-14,272.0,275.0,266.0,271.0,-0.33,25942,6989760.3
2022-02-13,274.0,275.0,268.0,271.9,-2.26,54846,14874951.5
2022-02-10,283.9,284.0,278.0,278.2,-0.64,18591,5195034.23
2022-02-09,280.5,283.0,278.4,280.0,-0.74,13629,3813182.2
2022-02-08,287.0,294.0,281.2,282.1,-0.67,28077,7977202.3
2022-02-07,285.0,285.0,280.3,284.0,0.0,29409,8326355.6
2022-02-06,288.9,288.9,281.1,284.0,-1.11,22615,6396917.4
2022-02-03,290.0,295.0,287.2,287.2,-0.93,42612,12396188.8
2022-02-01,285.0,290.0,284.0,289.9,1.72,28681,8210815.7
2022-01-31,285.0,290.0,284.2,285.0,-1.35,24193,6918568.5
2022-01-30,286.7,297.0,286.0,288.9,2.77,45005,12977818.5
2022-01-27,280.2,289.0,280.2,281.1,-0.99,39875,11297241.4
2022-01-26,285.0,289.0,283.3,283.9,-1.25,37769,10757842.7
2022-01-25,296.7,296.7,285.0,287.5,-1.17,33100,9564334.6
2022-01-24,309.0,309.0,290.0,290.9,-3.99,118457,34670693.8
2022-01-23,310.0,310.0,300.0,303.0,-0.98,116654,35412435.4
2022-01-20,307.0,310.0,303.2,306.0,-0.97,46054,14069997.8
2022-01-19,315.1,315.1,306.3,309.0,0.0,58413,18043401.3
2022-01-18,309.0,319.0,300.6,309.0,0.98,171346,53382919.0
2022-01-17,303.0,308.0,300.3,306.0,2.0,59197,18012524.2
2022-01-16,300.1,305.0,298.9,300.0,0.0,92493,27864254.9
2022-01-13,288.5,306.0,288.5,300.0,1.94,41879,12575088.7
2022-01-12,297.0,303.0,294.0,294.3,-2.19,46528,13855598.2
2022-01-11,300.0,303.0,295.0,300.9,-0.03,31100,9315907.8
2022-01-10,307.0,307.0,296.0,301.0,-1.28,44904,13473684.5
2022-01-09,299.9,307.0,295.0,304.9,3.36,74422,22411898.0
2022-01-06,292.0,296.0,287.0,295.0,1.72,35954,10527288.6
2022-01-05,297.0,297.0,285.2,290.0,-2.36,53827,15700484.1
2022-01-04,280.0,297.1,280.0,297.0,4.5,67962,19813023.8
2022-01-03,276.0,287.0,275.0,284.2,1.97,70852,19976874.1
2022-01-02,277.4,278.7,270.0,278.7,2.46,26768,7360787.3
2021-12-29,269.0,272.0,265.0,272.0,1.12,17665,4759258.8
2021-12-28,263.1,270.0,263.0,269.0,0.37,18129,4816899.9
2021-12-27,277.0,277.0,266.0,268.0,-2.55,44689,12148167.5
2021-12-26,272.0,278.5,272.0,275.0,1.1,35820,9851547.9
2021-12-23,279.4,279.4,268.1,272.0,-0.73,47171,12772918.5
2021-12-22,272.2,276.0,266.8,274.0,2.66,58272,15814401.9
2021-12-21,260.0,267.0,257.5,266.9,4.22,29266,7695336.1
2021-12-20,259.1,260.0,250.0,256.1,0.79,35371,9024355.3
2021-12-16,272.0,275.0,268.2,271.0,1.08,105750,28658811.0
2021-12-15,279.0,279.0,268.0,268.1,-2.15,30981,8415273.0
2021-12-14,272.0,276.9,267.0,274.0,2.58,11765,3200781.6
2021-12-13,270.0,273.2,265.0,267.1,-2.52,74621,19962149.9
2021-12-12,283.0,283.0,272.0,274.0,-2.32,83851,23064087.8
2021-12-09,275.0,285.9,274.4,280.5,0.18,94109,26255091.6
2021-12-08,287.8,287.8,275.5,280.0,-0.96,40424,11259750.7
2021-12-07,285.0,288.7,282.7,282.7,-1.15,29756,8494200.2
2021-12-06,280.0,287.9,274.4,286.0,0.39,61508,17231434.4
2021-12-05,286.6,289.0,281.0,284.9,-2.1,84214,23975003.7
2021-12-02,286.7,292.1,286.7,291.0,0.0,42061,12182248.8
2021-12-01,295.0,297.0,289.5,291.0,-0.68,79180,23279249.8
2021-11-30,286.0,295.0,286.0,293.0,0.65,51807,15071922.4
2021-11-29,297.0,297.5,291.0,291.1,-1.62,42751,12593864.4
2021-11-28,290.0,301.7,289.0,295.9,0.31,69286,20533360.1
2021-11-25,299.0,301.0,290.7,295.0,0.34,52551,15638046.2
2021-11-24,291.0,300.0,286.2,294.0,1.03,57165,16722142.3
2021-11-23,288.1,293.0,288.0,291.0,1.04,89647,26062208.5
2021-11-22,291.0,293.0,287.1,288.0,0.03,34054,9870258.0
2021-11-21,292.0,292.0,287.7,287.9,-1.4,27857,8060410.7
2021-11-18,290.0,295.0,289.1,292.0,-1.02,33589,9779920.6
2021-11-17,301.0,301.0,291.1,295.0,-0.67,62154,18340819.6
2021-11-16,292.0,297.8,287.0,297.0,2.98,57615,16921431.7
2021-11-15,286.0,291.9,286.0,288.4,0.14,38929,11267725.2
2021-11-14,287.1,290.0,278.0,288.0,0.31,39691,11390800.7
2021-11-11,290.1,295.0,287.0,287.1,-2.01,129095,37294838.3
2021-11-09,304.8,305.0,292.0,293.0,-5.79,215064,63924751.1
2021-11-08,315.0,315.0,309.9,311.0,-1.58,36503,11388332.0
2021-11-03,316.0,318.8,313.0,316.0,-1.0,53872,16976827.4
2021-11-02,307.7,319.2,307.7,319.2,1.69,51231,16014479.3
2021-11-01,318.2,318.2,310.0,313.9,0.61,75638,23675598.2
2021-10-31,311.0,316.0,311.0,312.0,-0.64,78491,24587559.8
2021-10-28,314.0,317.9,310.0,314.0,-0.32,79417,24838343.7
2021-10-27,320.0,321.0,309.0,315.0,-1.53,111297,35286171.5
2021-10-26,313.0,322.0,310.0,319.9,3.53,99611,31570867.3
2021-10-25,300.0,309.0,297.0,309.0,3.34,62668,19094275.1
2021-10-24,295.0,301.0,295.0,299.0,0.17,84900,25360326.1
2021-10-21,305.0,306.0,298.0,298.5,-1.49,25914,7784069.9
2021-10-20,301.9,311.0,300.1,303.0,2.36,62449,18983921.0
2021-10-19,299.0,303.0,290.0,296.0,-2.63,58886,17382547.4
2021-10-18,307.0,310.0,301.0,304.0,-2.56,47461,14435290.8
2021-10-17,315.0,315.0,308.5,312.0,0.0,24557,7629076.5
2021-10-11,313.0,314.5,306.1,312.0,-0.32,36248,11199669.5
2021-10-10,323.0,323.0,310.3,313.0,-1.26,53243,16683404.8
2021-10-06,320.8,320.8,311.1,317.0,0.63,55036,17352624.3
2021-10-05,307.0,317.0,307.0,315.0,1.29,31240,9819550.5
2021-10-04,303.0,312.9,302.0,311.0,1.3,51847,15956195.3
2021-10-03,323.3,323.3,305.5,307.0,-3.15,56453,17563560.9
2021-09-30,330.0,330.0,315.0,317.0,-2.43,50157,16134423.9
2021-09-29,326.0,327.9,316.5,324.9,0.9,90691,29270160.9
2021-09-28,330.0,334.9,320.1,322.0,-2.51,113951,37011071.6
2021-09-27,338.0,339.0,328.4,330.3,-3.7,101050,33632351.3
2021-09-26,349.8,358.0,338.4,343.0,0.0,149330,51471451.1
2021-09-23,343.2,360.0,337.0,343.0,1.93,236985,82235753.9
2021-09-22,325.0,340.0,321.0,336.5,5.49,78447,25911037.1
2021-09-21,320.0,326.0,312.0,319.0,0.63,89512,28502070.4
2021-09-20,328.0,328.0,316.0,317.0,-3.97,87332,28056671.4
2021-09-16,340.0,340.0,329.0,330.1,-2.97,100938,33463422.5
2021-09-15,345.0,345.0,340.0,340.2,-1.1,41878,14281982.0
2021-09-14,346.0,351.9,342.0,344.0,-0.72,55925,19384447.7
2021-09-13,346.0,353.0,341.0,346.5,1.46,93084,32311962.0
2021-09-12,337.0,344.7,336.0,341.5,1.28,86223,29260324.5
2021-09-09,340.0,343.0,336.0,337.2,0.06,54649,18499485.0
2021-09-08,349.0,349.9,336.2,337.0,-2.85,61810,20938738.2
2021-09-07,359.0,359.0,345.0,346.9,-2.58,49681,17304058.0
2021-09-06,344.0,358.0,339.0,356.1,4.43,94157,32942364.0
2021-09-05,358.0,358.0,331.3,341.0,-3.13,111026,37853757.5
2021-09-02,357.0,358.0,350.0,352.0,-1.12,111510,39372364.1
2021-09-01,355.0,365.0,350.2,356.0,0.28,95812,34205051.5
2021-08-31,355.0,362.0,350.1,355.0,-1.36,128261,45412854.0
2021-08-29,363.0,367.0,355.8,359.9,-0.85,115611,41565555.6
2021-08-26,367.0,370.0,362.0,363.0,-0.17,92551,33679803.1
2021-08-25,370.0,375.0,362.7,363.6,-2.78,94460,34692890.6
2021-08-24,381.9,382.0,373.0,374.0,-0.35,97106,36445364.4
2021-08-19,383.0,388.9,375.2,375.3,-1.75,151996,57663715.1
2021-08-18,379.0,391.9,370.1,382.0,1.84,206338,78372996.3
2021-08-17,383.0,386.0,375.1,375.1,-2.06,140251,52937363.8
2021-08-16,387.0,388.5,378.3,383.0,-0.78,121637,46409508.5
2021-08-15,390.0,396.0,380.0,386.0,-1.03,189591,72945903.0
2021-08-12,390.0,395.0,385.0,390.0,1.27,180591,70564325.5
2021-08-11,392.0,397.0,384.0,385.1,-1.66,179313,69987114.2
2021-08-10,382.0,398.0,375.3,391.6,2.73,208977,81060122.0
2021-08-09,384.0,384.0,380.0,381.2,-0.73,118743,45259118.5
2021-08-08,388.0,389.0,382.2,384.0,0.0,111467,43001614.9
2021-08-05,390.0,390.0,378.0,384.0,0.13,206959,79304792.1
2021-08-04,387.0,388.1,383.0,383.5,-0.26,93944,36169882.7
2021-08-03,390.0,390.0,380.0,384.5,-0.39,82584,31632741.7
2021-08-02,390.0,391.0,384.0,386.0,-0.77,95782,37100735.7
2021-08-01,388.1,391.0,385.0,389.0,0.23,120447,46753329.7
2021-07-29,393.0,394.5,387.0,388.1,-1.02,98368,38347493.0
2021-07-28,395.0,399.0,390.0,392.1,-0.73,114726,45015215.9
2021-07-27,390.0,400.0,380.0,395.0,0.25,298622,116884746.5
2021-07-26,418.2,418.2,393.0,394.0,-3.9,520728,207561656.2
2021-07-25,396.7,410.0,393.0,410.0,5.4,558543,225862997.2
2021-07-22,378.0,390.0,375.0,389.0,3.46,348172,133906569.3
2021-07-20,384.9,384.9,374.0,376.0,-0.79,156737,58938520.0
2021-07-19,385.0,393.0,378.0,379.0,-0.26,231305,89185609.3
2021-07-18,368.0,383.0,366.0,380.0,4.68,283480,106465187.3
2021-07-15,360.0,367.0,356.0,363.0,0.55,142538,51500512.0
2021-07-14,365.0,366.0,360.0,361.0,-1.1,59916,21641030.0
2021-07-13,361.0,368.0,358.0,365.0,1.11,270508,97280773.0
2021-07-12,374.0,374.0,361.0,361.0,-2.17,116347,42473989.0
2021-07-11,358.0,370.0,358.0,369.0,3.07,101885,37208676.0
2021-07-08,354.0,360.0,354.0,358.0,0.56,57125,20455091.0
2021-07-07,375.0,375.0,354.0,356.0,-0.56,53190,18966032.0
2021-07-06,373.0,373.0,354.0,358.0,0.56,90289,32202003.0
2021-07-05,356.0,360.0,353.0,356.0,-0.84,85658,30584350.0
2021-07-04,366.0,366.0,358.0,359.0,-0.83,97416,35089907.0
2021-07-01,360.0,365.0,359.0,362.0,0.84,84366,30575475.0
2021-06-30,357.0,360.0,351.0,359.0,-0.28,81873,29050778.0
2021-06-29,369.0,372.0,358.0,360.0,-1.64,77930,28263737.0
2021-06-28,367.0,374.0,365.0,366.0,0.27,100861,37127193.0
2021-06-27,359.0,375.0,352.0,365.0,2.24,189899,69086444.0
2021-06-24,360.0,361.0,353.0,357.0,-0.56,106033,37850329.0
2021-06-23,368.0,375.0,358.0,359.0,-2.71,151777,55206150.0
2021-06-22,360.0,369.0,355.0,369.0,3.07,205530,74758240.0
2021-06-21,374.0,374.0,355.0,358.0,-2.45,230934,83430739.0
2021-06-20,375.0,380.0,363.0,367.0,-3.93,309130,114300932.0
2021-06-17,404.0,404.0,375.0,382.0,-0.78,327370,124148702.0
2021-06-16,391.0,396.0,378.0,385.0,-1.53,267190,103729627.0
2021-06-15,400.0,406.0,388.0,391.0,-1.01,441344,175320745.0
2021-06-14,380.0,398.0,373.0,395.0,5.9,786500,306634840.0
2021-06-13,362.0,376.0,358.0,373.0,3.04,315677,114625123.0
2021-06-10,369.0,372.0,357.0,362.0,-1.63,205582,74305557.0
2021-06-09,380.0,382.0,366.0,368.0,-1.34,186579,69759539.0
2021-06-08,345.0,381.0,345.0,373.0,3.9,463906,171676460.0
2021-06-07,380.0,380.0,354.0,359.0,-2.71,416133,150067892.0
2021-06-06,360.0,378.0,355.0,369.0,6.34,495061,181610739.0
2021-06-03,346.0,352.0,331.0,347.0,5.15,537886,184988598.0
2021-06-02,343.0,343.0,326.0,330.0,0.92,142165,46659158.0
2021-06-01,336.0,336.0,325.0,327.0,-0.91,97365,31970089.0
2021-05-31,340.0,346.0,330.0,330.0,-2.08,198341,66894326.0
2021-05-30,346.0,346.0,324.0,337.0,2.12,193996,65100533.0
2021-05-27,328.0,335.0,319.0,330.0,-0.6,135046,44360725.0
2021-05-25,325.0,343.0,325.0,332.0,-1.78,151139,50417155.0
2021-05-24,345.0,346.0,330.0,338.0,-0.29,249876,84466806.0
2021-05-23,334.0,340.0,321.0,339.0,1.8,309306,103226457.0
2021-05-20,332.0,334.0,325.0,333.0,3.42,296455,97913186.0
2021-05-19,319.0,327.0,317.0,322.0,0.94,217501,69978956.0
2021-05-18,318.0,319.0,314.0,319.0,0.63,95345,30154946.0
2021-05-17,318.0,322.0,315.0,317.0,0.32,62291,19727709.0
2021-05-16,311.0,318.0,309.0,316.0,2.27,173986,54469120.0
2021-05-13,310.0,310.0,307.0,309.0,0.32,55090,16990215.0
2021-05-12,316.0,316.0,307.0,308.0,-0.65,48937,15065832.0
2021-05-11,312.0,315.0,308.0,310.0,0.0,70367,21829114.0
2021-05-10,297.0,314.0,297.0,310.0,-0.64,41106,12754891.0
2021-05-09,319.0,319.0,299.0,312.0,2.63,247066,77115311.0
2021-05-06,300.0,306.0,297.0,304.0,1.33,101336,30673544.0
2021-05-05,301.0,302.0,299.0,300.0,-0.99,44980,13497354.0
2021-05-04,307.0,308.0,299.0,303.0,-0.33,37129,11173314.0
2021-05-03,310.0,310.0,300.0,304.0,-0.33,50689,15360663.0
2021-05-02,308.0,308.0,297.0,305.0,0.99,65797,20037492.0
2021-04-29,299.0,302.0,297.0,302.0,1.68,45475,13622198.0
2021-04-28,319.0,319.0,296.0,297.0,-2.3,77014,23096160.0
2021-04-27,293.0,307.0,291.0,304.0,2.7,80233,24242155.0
2021-04-26,300.0,306.0,296.0,296.0,-3.27,72139,21590279.0
2021-04-25,314.0,315.0,302.0,306.0,-2.24,99960,30616995.0
2021-04-22,312.0,317.0,307.0,313.0,0.32,64524,20123479.0
2021-04-21,319.0,319.0,310.0,312.0,-1.89,60368,18861963.0
2021-04-20,315.0,320.0,312.0,318.0,0.0,104141,32950936.0
2021-04-19,325.0,325.0,315.0,318.0,-2.15,69000,22014063.0
2021-04-18,340.0,340.0,324.0,325.0,-1.52,85846,28077274.0
2021-04-15,333.0,337.0,326.0,330.0,1.23,200978,66784441.0
2021-04-13,320.0,326.0,318.0,326.0,2.52,120076,38700441.0
2021-04-12,316.0,320.0,313.0,318.0,1.27,70604,22437917.0
2021-04-08,310.0,318.0,309.0,314.0,0.64,81613,25465980.0
2021-04-07,313.0,315.0,311.0,312.0,-0.64,44258,13862994.0
2021-04-06,311.0,315.0,310.0,314.0,0.0,41929,13105942.0
2021-04-05,316.0,320.0,313.0,314.0,-0.95,39487,12429300.0
2021-04-04,332.0,332.0,316.0,317.0,-0.31,56037,17814558.0
2021-04-01,320.0,322.0,313.0,318.0,0.32,85469,27102108.0
2021-03-31,310.0,317.0,310.0,317.0,2.26,63024,19753556.0
2021-03-30,308.0,310.0,306.0,310.0,0.65,41337,12719182.0
2021-03-29,308.0,310.0,304.0,308.0,-0.65,25122,7704957.0
2021-03-25,316.0,316.0,309.0,310.0,-1.9,75674,23678729.0
2021-03-24,310.0,317.0,310.0,316.0,2.93,69614,21813235.0
2021-03-23,325.0,325.0,306.0,307.0,-0.97,53670,16554023.0
2021-03-22,329.0,329.0,308.0,310.0,-1.27,71488,22261571.0
2021-03-21,327.0,327.0,308.0,314.0,0.64,67384,21004624.0
2021-03-18,320.0,320.0,302.0,312.0,2.3,51277,15921136.0
2021-03-17,317.0,317.0,297.0,305.0,0.99,45549,13828116.0
2021-03-16,312.0,312.0,295.0,302.0,1.34,39944,11928177.0
2021-03-15,284.0,312.0,284.0,298.0,0.68,42501,12629451.0
2021-03-14,294.0,309.0,294.0,296.0,-2.63,54735,16288890.0
2021-03-10,299.0,307.0,299.0,304.0,0.0,43359,13138951.0
2021-03-09,305.0,310.0,303.0,304.0,-1.3,45537,13870454.0
2021-03-07,313.0,318.0,307.0,308.0,-3.14,52394,16283049.0
2021-03-04,294.0,320.0,294.0,318.0,6.35,90028,27816679.0
2021-03-03,301.0,304.0,290.0,299.0,-0.66,84315,24947439.0
2021-03-02,315.0,315.0,298.0,301.0,-2.59,284128,85797573.0
2021-03-01,320.0,320.0,300.0,309.0,1.31,101081,31086513.0
2021-02-28,310.0,310.0,304.0,305.0,-3.17,163837,50131586.0
2021-02-25,312.0,331.0,312.0,315.0,-2.78,148035,47018473.0
2021-02-24,326.0,332.0,316.0,324.0,0.62,124403,40337408.0
2021-02-23,319.0,324.0,305.0,322.0,-0.62,145101,45610612.0
2021-02-22,354.0,354.0,321.0,324.0,-4.14,204470,66841248.0
2021-02-21,352.0,355.0,335.0,338.0,-3.15,202736,69147888.0
2021-02-18,340.0,367.0,340.0,349.0,-0.85,380283,134860754.0
2021-02-17,315.0,353.0,315.0,352.0,7.32,410606,140982960.0
2021-02-16,325.0,337.0,320.0,328.0,1.55,198657,66127684.0
2021-02-15,325.0,326.0,316.0,323.0,1.25,132946,42643601.0
2021-02-14,328.0,328.0,317.0,319.0,-2.45,149473,47972761.0
2021-02-11,326.0,334.0,320.0,327.0,0.93,370334,122095195.0
2021-02-10,311.0,327.0,302.0,324.0,4.18,391448,125696437.0
2021-02-09,321.0,325.0,308.0,311.0,-3.12,136652,42900945.0
2021-02-08,297.0,323.0,294.0,321.0,8.45,369897,113908114.0
2021-02-07,294.0,300.0,291.0,296.0,2.07,158989,47088040.0
2021-02-04,303.0,303.0,285.0,290.0,0.35,64129,18503579.0
2021-02-03,289.0,300.0,287.0,289.0,0.0,178268,52220972.0
2021-02-02,284.0,291.0,282.0,289.0,2.85,185690,53116072.0
2021-02-01,276.0,281.0,275.0,281.0,1.81,149974,41618552.0
2021-01-31,285.0,285.0,272.0,276.0,-3.16,128136,35349262.0
2021-01-28,296.0,296.0,283.0,285.0,-3.72,122892,35289518.0
2021-01-27,304.0,304.0,294.0,296.0,-2.63,201767,59791900.0
2021-01-26,300.0,309.0,295.0,304.0,1.33,510650,155806191.0
2021-01-25,289.0,304.0,285.0,300.0,5.63,293989,86149196.0
2021-01-24,280.0,287.0,275.0,284.0,1.79,213958,60431575.0
2021-01-21,280.0,282.0,276.0,279.0,-0.71,87261,24271971.0
2021-01-20,271.0,282.0,270.0,281.0,2.18,139102,38789624.0
2021-01-19,276.0,281.0,271.0,275.0,-0.36,72094,19854533.0
2021-01-18,275.0,280.0,274.0,276.0,2.22,111892,30811956.0
2021-01-17,273.0,273.0,266.0,270.0,0.0,336960,91051832.0
2021-01-13,275.0,275.0,269.0,270.0,-0.74,71471,19364833.0
2021-01-12,267.0,272.0,267.0,272.0,0.74,47140,12731108.0
2021-01-11,282.0,282.0,268.0,270.0,0.37,160855,43910572.0
2021-01-10,262.0,270.0,258.0,269.0,4.26,173893,46452126.0
2021-01-07,266.0,266.0,256.0,258.0,1.57,87750,22645942.0
2021-01-06,250.0,259.0,250.0,254.0,1.2,76180,19376524.0
2021-01-05,252.0,255.0,251.0,251.0,-1.57,31652,7998444.0
2021-01-04,261.0,262.0,254.0,255.0,-0.78,87852,22510876.0
2021-01-03,244.0,260.0,244.0,257.0,5.33,104320,26344031.0
2020-12-31,235.0,252.0,235.0,244.0,2.09,75393,18375211.0
2020-12-30,239.0,241.0,235.0,239.0,0.0,41928,10001893.0
2020-12-29,238.0,242.0,237.0,239.0,-0.42,35213,8406414.0
2020-12-28,238.0,241.0,236.0,240.0,0.0,30172,7219409.0
2020-12-27,240.0,242.0,239.0,240.0,0.0,39274,9445664.0
2020-12-24,241.0,249.0,239.0,240.0,-2.04,68602,16606338.0
2020-12-23,247.0,251.0,242.0,245.0,0.82,70405,17250820.0
2020-12-22,245.0,250.0,238.0,243.0,1.67,90032,21846385.0
2020-12-21,246.0,260.0,245.0,253.0,0.8,108330,27038808.0
2020-12-20,258.0,262.0,248.0,251.0,-4.2,61644,15685530.0
2020-12-17,262.0,268.0,258.0,262.0,0.0,130403,34370107.0
2020-12-16,275.0,275.0,258.0,262.0,0.0,69905,18225521.0
2020-12-15,276.0,276.0,259.0,262.0,-0.38,72474,18928469.0
2020-12-14,261.0,265.0,260.0,263.0,1.15,74625,19585087.0
2020-12-13,257.0,261.0,252.0,260.0,2.36,91619,23543564.0
2020-12-10,248.0,255.0,248.0,254.0,0.79,52539,13175215.0
2020-12-09,250.0,256.0,250.0,252.0,-1.18,55268,14013293.0
2020-12-08,273.0,273.0,252.0,255.0,-1.92,69095,17554092.0
2020-12-07,260.0,260.0,247.0,260.0,4.0,71324,18095049.0
2020-12-06,261.0,261.0,250.0,250.0,-4.21,124314,31456597.0
2020-12-03,270.0,270.0,260.0,261.0,-1.51,75633,19882410.0
2020-12-02,265.0,270.0,263.0,265.0,-1.12,89932,23913589.0
2020-12-01,280.0,280.0,263.0,268.0,-3.25,113964,30892733.0
2020-11-30,290.0,290.0,274.0,277.0,0.0,255869,71662051.0
2020-11-29,257.0,277.0,257.0,277.0,9.92,380013,102941480.0
2020-11-26,252.0,258.0,249.0,252.0,1.61,136856,34702836.0
2020-11-25,250.0,251.0,246.0,248.0,0.4,86069,21375605.0
2020-11-24,248.0,252.0,245.0,247.0,-0.8,100384,24843718.0
2020-11-23,252.0,256.0,249.0,249.0,-2.73,150990,38054161.0
2020-11-22,256.0,264.0,251.0,256.0,1.99,126039,32398542.0
2020-11-19,250.0,255.0,249.0,251.0,-0.79,75324,18970028.0
2020-11-18,254.0,255.0,248.0,253.0,-2.32,56401,14221971.0
2020-11-12,257.0,262.0,257.0,259.0,0.39,54420,14127065.0
2020-11-11,255.0,261.0,255.0,258.0,1.18,57996,14941193.0
2020-11-10,260.0,260.0,255.0,255.0,0.0,46608,11906662.0
2020-11-09,257.0,257.0,255.0,255.0,-1.16,42299,10832668.0
2020-11-08,258.0,260.0,255.0,258.0,0.0,48066,12313937.0
2020-11-05,260.0,260.0,257.0,258.0,-0.77,35120,9060315.0
2020-11-04,255.0,261.0,255.0,260.0,0.0,35016,9071620.0
2020-11-03,259.0,262.0,258.0,260.0,0.39,35486,9205545.0
2020-11-02,262.0,263.0,257.0,259.0,-0.38,33555,8715009.0
2020-11-01,269.0,269.0,260.0,260.0,-3.35,86907,22856512.0
2020-10-29,270.0,278.0,265.0,269.0,-0.37,174532,47234514.0
2020-10-28,256.0,270.0,253.0,270.0,7.57,225193,58561684.0
2020-10-22,252.0,252.0,248.0,251.0,1.21,51916,13005816.0
2020-10-21,244.0,248.0,243.0,248.0,2.48,17508,4303105.0
2020-10-20,241.0,243.0,240.0,242.0,0.83,23075,5563597.0
2020-10-19,240.0,242.0,240.0,240.0,0.0,9045,2174319.0
2020-10-18,242.0,244.0,239.0,240.0,-0.41,13757,3312535.0
2020-10-15,244.0,248.0,240.0,241.0,0.42,14914,3600893.0
2020-10-14,240.0,244.0,238.0,240.0,-0.83,26448,6364282.0
2020-10-13,245.0,245.0,242.0,242.0,-1.22,17280,4205764.0
2020-10-12,240.0,245.0,240.0,245.0,0.41,19894,4823929.0
2020-10-11,247.0,248.0,244.0,244.0,-1.21,26644,6534050.0
2020-10-08,250.0,251.0,247.0,247.0,-0.4,34073,8485040.0
2020-10-07,245.0,250.0,245.0,248.0,0.0,34898,8650994.0
2020-10-06,251.0,251.0,245.0,248.0,-1.2,41076,10142945.0
2020-10-05,251.0,257.0,250.0,251.0,-1.18,51437,12981373.0
2020-10-04,248.0,254.0,247.0,254.0,3.67,129315,32425520.0
2020-10-01,238.0,246.0,237.0,245.0,2.51,88944,21681075.0
2020-09-30,237.0,240.0,235.0,239.0,0.84,32864,7818057.0
2020-09-29,237.0,240.0,237.0,237.0,-1.25,31590,7517708.0
2020-09-28,241.0,245.0,240.0,240.0,-0.41,15513,3745110.0
2020-09-27,239.0,247.0,236.0,241.0,0.84,42111,10156931.0
2020-09-24,235.0,242.0,235.0,239.0,0.0,24807,5890559.0
2020-09-23,252.0,252.0,235.0,239.0,-0.42,68378,16160475.0
2020-09-22,259.0,259.0,239.0,240.0,-2.83,39602,9558919.0
2020-09-21,245.0,250.0,242.0,247.0,-0.4,82940,20563768.0
2020-09-20,250.0,250.0,237.0,248.0,3.33,82776,20299136.0
2020-09-17,244.0,244.0,229.0,240.0,3.0,76121,18175051.0
2020-09-16,232.0,236.0,232.0,233.0,-1.27,25682,6009272.0
2020-09-15,247.0,247.0,235.0,236.0,0.0,50091,11864339.0
2020-09-14,239.0,239.0,232.0,236.0,3.51,58380,13719273.0
2020-09-13,226.0,230.0,226.0,228.0,-0.44,44319,10101260.0
2020-09-10,230.0,233.0,226.0,229.0,0.0,13752,3133808.0
2020-09-09,233.0,233.0,224.0,229.0,-0.87,39761,9055680.0
2020-09-08,228.0,231.0,227.0,231.0,0.87,19110,4360657.0
2020-09-07,232.0,232.0,228.0,229.0,-1.29,17636,4043360.0
2020-09-06,236.0,240.0,232.0,232.0,0.0,44881,10542217.0
2020-09-03,232.0,235.0,232.0,232.0,-0.85,17952,4191751.0
2020-09-02,234.0,238.0,230.0,234.0,1.74,73674,17111529.0
2020-08-31,228.0,236.0,227.0,230.0,0.88,51660,11863451.0
2020-08-30,231.0,232.0,228.0,228.0,-2.15,21005,4816977.0
2020-08-27,238.0,238.0,230.0,233.0,-0.43,31752,7393155.0
2020-08-26,233.0,237.0,231.0,234.0,1.74,41731,9772035.0
2020-08-25,233.0,236.0,227.0,230.0,0.44,10410,2385974.0
2020-08-24,224.0,231.0,224.0,229.0,2.23,21168,4850371.0
2020-08-23,225.0,227.0,224.0,224.0,-0.44,16951,3816768.0
2020-08-20,223.0,229.0,223.0,225.0,0.9,4867,1092579.0
2020-08-19,224.0,226.0,223.0,223.0,-1.33,15024,3371490.0
2020-08-18,228.0,230.0,226.0,226.0,-0.88,14096,3208650.0
2020-08-17,226.0,228.0,223.0,228.0,1.33,11675,2634988.0
2020-08-16,229.0,231.0,224.0,225.0,-3.43,28417,6444584.0
2020-08-13,234.0,237.0,233.0,233.0,-2.1,10145,2370975.0
2020-08-12,233.0,238.0,233.0,238.0,0.42,26254,6202233.0
2020-08-11,242.0,242.0,236.0,237.0,-0.42,12391,2937557.0
2020-08-10,233.0,238.0,231.0,238.0,2.15,25150,5922647.0
2020-08-09,232.0,234.0,229.0,233.0,0.0,15949,3687826.0
2020-08-06,232.0,234.0,230.0,233.0,0.0,17585,4082885.0
2020-08-05,235.0,236.0,230.0,233.0,-1.69,24549,5723270.0
2020-08-03,233.0,244.0,233.0,237.0,0.85,16578,3963242.0
2020-08-02,240.0,243.0,235.0,235.0,-3.29,43458,10376668.0
2020-07-30,240.0,246.0,237.0,243.0,0.0,29600,7093741.0
2020-07-29,244.0,245.0,241.0,243.0,-0.82,23988,5808411.0
2020-07-28,245.0,254.0,243.0,245.0,0.0,28291,6962299.0
2020-07-27,250.0,252.0,243.0,245.0,-1.61,21246,5237104.0
2020-07-26,248.0,252.0,244.0,249.0,0.0,50824,12584630.0
2020-07-23,246.0,249.0,245.0,249.0,-0.4,26260,6472323.0
2020-07-22,258.0,260.0,250.0,250.0,-1.96,26690,6740486.0
2020-07-21,262.0,265.0,255.0,255.0,-2.3,44778,11378107.0
2020-07-20,255.0,276.0,250.0,261.0,3.98,110098,28975716.0
2020-07-19,243.0,251.0,243.0,251.0,5.02,40,9880.0
2020-07-16,235.0,241.0,227.0,239.0,2.14,22612,5323127.0
2020-07-15,228.0,235.0,227.0,234.0,3.08,34942,8019347.0
2020-07-14,225.0,229.0,223.0,227.0,0.44,10613,2397775.0
2020-07-13,227.0,230.0,224.0,226.0,-0.44,19398,4376256.0
2020-07-12,225.0,227.0,222.0,227.0,0.44,17973,4023546.0
2020-07-09,225.0,232.0,224.0,226.0,-1.31,11042,2488520.0
2020-07-08,224.0,232.0,221.0,229.0,0.44,10795,2441830.0
2020-07-07,224.0,232.0,220.0,228.0,3.64,11529,2614418.0
2020-07-06,209.0,220.0,209.0,220.0,3.29,17399,3749372.0
2020-07-05,223.0,225.0,211.0,213.0,-4.48,13907,3051534.0
2020-07-02,239.0,245.0,214.0,223.0,-5.11,8360,1859091.0
2020-07-01,224.0,236.0,224.0,235.0,6.82,2387,558722.0
2020-06-30,215.0,224.0,215.0,220.0,2.8,3799,833154.0
2020-06-29,217.0,217.0,201.0,214.0,-4.98,20904,4350141.0
2020-05-13,223.0,223.0,221.0,221.0,-2.64,70,15570.0
2020-05-12,229.0,229.0,227.0,227.0,-2.58,100,22800.0
2020-03-22,236.0,236.0,230.0,233.0,-2.92,4902,1144207.0
2020-03-19,230.0,243.0,228.0,240.0,2.56,131936,30848010.0
2020-03-18,232.0,239.0,230.0,234.0,0.0,53395,12475281.0
2020-03-17,236.0,238.0,233.0,234.0,-2.09,34248,8027250.0
2020-03-16,232.0,246.0,232.0,239.0,2.14,31397,7525311.0
2020-03-15,252.0,253.0,234.0,234.0,-8.24,72565,17654368.0
2020-03-12,266.0,266.0,252.0,255.0,-4.14,73521,18773756.0
2020-03-11,250.0,267.0,250.0,266.0,5.98,48760,12665282.0
2020-03-10,260.0,260.0,249.0,251.0,-4.2,52411,13251970.0
2020-03-05,256.0,267.0,256.0,262.0,0.77,88257,23112752.0
2020-03-04,275.0,278.0,255.0,260.0,-5.45,78368,20746756.0
2020-03-03,276.0,287.0,261.0,275.0,-0.36,125225,34466100.0
2020-03-02,295.0,295.0,275.0,276.0,-7.69,109073,31014024.0
2020-03-01,304.0,316.0,297.0,299.0,0.0,137793,41970544.0
2020-02-27,280.0,312.0,280.0,299.0,4.91,163041,48135868.0
2020-02-26,272.0,286.0,272.0,285.0,4.01,66433,18717554.0
2020-02-25,268.0,279.0,268.0,274.0,0.37,35101,9648447.0
2020-02-24,280.0,285.0,270.0,273.0,-0.73,115383,31781882.0
2020-02-23,260.0,281.0,258.0,275.0,7.0,94068,25241650.0
2020-02-20,254.0,259.0,254.0,257.0,0.78,20575,5282355.0
2020-02-19,256.0,258.0,252.0,255.0,-0.39,34505,8828780.0
2020-02-18,261.0,265.0,255.0,256.0,0.0,83458,21585648.0
2020-02-17,250.0,258.0,248.0,256.0,3.64,83125,21094848.0
2020-02-16,243.0,247.0,242.0,247.0,1.23,34649,8468962.0
2020-02-13,246.0,247.0,243.0,244.0,-1.21,17654,4329582.0
2020-02-12,248.0,249.0,244.0,247.0,-1.2,17821,4388922.0
2020-02-11,252.0,256.0,247.0,250.0,0.81,28517,7096235.0
2020-02-10,242.0,250.0,241.0,248.0,2.9,9422,2305951.0
2020-02-09,250.0,250.0,241.0,241.0,-2.43,23182,5697644.0
2020-02-06,252.0,252.0,244.0,247.0,-1.98,33763,8371856.0
2020-02-05,246.0,252.0,246.0,252.0,1.2,8374,2095200.0
2020-02-04,253.0,255.0,249.0,249.0,-1.97,25252,6365328.0
2020-02-03,262.0,262.0,253.0,254.0,-1.17,51359,13200968.0
2020-02-02,250.0,258.0,248.0,257.0,3.63,86546,21873628.0
2020-01-30,236.0,248.0,236.0,248.0,5.53,35032,8427169.0
2020-01-29,235.0,238.0,233.0,235.0,0.86,11726,2768237.0
2020-01-28,240.0,243.0,233.0,233.0,-1.27,20782,4901804.0
2020-01-27,232.0,237.0,231.0,236.0,1.72,4106,962697.0
2020-01-26,231.0,235.0,227.0,232.0,-1.28,17360,4037580.0
2020-01-23,241.0,241.0,235.0,235.0,-2.89,16391,3898213.0
2020-01-22,240.0,242.0,240.0,242.0,-0.82,5972,1438466.0
2020-01-21,237.0,245.0,237.0,244.0,1.24,17442,4221143.0
2020-01-20,251.0,251.0,239.0,241.0,-2.43,39589,9602486.0
2020-01-19,244.0,251.0,244.0,247.0,2.92,60525,15042344.0
2020-01-16,245.0,248.0,240.0,240.0,-0.83,62030,15229179.0
2020-01-15,236.0,245.0,236.0,242.0,2.54,28649,6863871.0
2020-01-14,240.0,240.0,236.0,236.0,-1.67,18111,4305593.0
2020-01-13,243.0,243.0,236.0,240.0,0.42,40333,9662423.0
2020-01-12,225.0,244.0,225.0,239.0,6.22,30856,7119632.0
2020-01-09,225.0,227.0,224.0,225.0,-0.88,8299,1872178.0
2020-01-08,232.0,234.0,227.0,227.0,-2.99,26538,6099967.0
2020-01-07,233.0,237.0,227.0,234.0,2.18,21792,5046690.0
2020-01-06,222.0,231.0,220.0,229.0,5.05,26307,5910957.0
2020-01-05,217.0,222.0,217.0,218.0,1.4,6433,1407152.0
2020-01-02,215.0,217.0,214.0,215.0,0.0,10599,2283691.0
2020-01-01,215.0,217.0,215.0,215.0,0.0,8708,1873435.0
2019-12-31,216.0,220.0,215.0,215.0,-0.46,10935,2355716.0
2019-12-30,216.0,216.0,215.0,216.0,0.47,6432,1387441.0
2019-12-29,217.0,217.0,215.0,215.0,-0.92,6809,1464806.0
2019-12-26,216.0,217.0,216.0,217.0,0.0,4924,1066473.0
2019-12-25,217.0,217.0,216.0,217.0,0.0,6322,1371443.0
2019-12-24,216.0,218.0,216.0,217.0,0.46,7418,1608245.0
2019-12-23,214.0,218.0,214.0,216.0,0.47,8173,1767307.0
2019-12-22,215.0,217.0,215.0,215.0,-0.46,1988,429381.0
2019-12-19,215.0,216.0,215.0,216.0,-0.46,4042,870318.0
2019-12-18,217.0,217.0,216.0,217.0,0.0,4471,968927.0
2019-12-17,217.0,219.0,216.0,217.0,0.0,5391,1169587.0
2019-12-16,224.0,224.0,217.0,217.0,-1.81,7869,1717243.0
2019-12-15,220.0,224.0,220.0,221.0,1.38,21382,4741048.0
2019-12-12,218.0,221.0,218.0,218.0,-0.46,8426,1849765.0
2019-12-11,218.0,220.0,217.0,219.0,0.46,14090,3073324.0
2019-12-10,222.0,224.0,217.0,218.0,-0.91,8303,1817606.0
2019-12-09,214.0,222.0,214.0,220.0,2.33,7904,1721705.0
2019-12-08,214.0,216.0,213.0,215.0,-0.46,7059,1507566.0
2019-12-05,214.0,216.0,214.0,216.0,0.93,5486,1179004.0
2019-12-04,213.0,214.0,213.0,214.0,0.47,10649,2273560.0
2019-12-03,212.0,213.0,212.0,213.0,0.0,3786,803232.0
2019-12-02,212.0,215.0,211.0,213.0,0.47,7963,1695669.0
2019-12-01,208.0,212.0,208.0,212.0,0.95,9732,2049999.0
2019-11-28,210.0,212.0,210.0,210.0,0.0,2481,524310.0
2019-11-27,209.0,210.0,208.0,210.0,0.96,3833,801274.0
2019-11-26,208.0,209.0,208.0,208.0,-0.48,6619,1377996.0
2019-11-25,206.0,209.0,206.0,209.0,0.97,3469,718272.0
2019-11-24,206.0,208.0,206.0,207.0,-0.96,6375,1316399.0
2019-11-21,210.0,210.0,209.0,209.0,-0.95,4368,914155.0
2019-11-20,213.0,214.0,211.0,211.0,-0.94,30738,6493975.0
2019-11-19,210.0,213.0,210.0,213.0,0.47,3563,755220.0
2019-11-18,215.0,215.0,212.0,212.0,0.47,1791,380561.0
2019-11-17,211.0,212.0,210.0,211.0,0.48,9373,1980435.0
2019-11-14,211.0,213.0,210.0,210.0,-0.94,6157,1304990.0
2019-11-13,212.0,213.0,211.0,212.0,0.0,6118,1296701.0
2019-11-12,212.0,213.0,211.0,212.0,0.0,8667,1838860.0
2019-11-11,208.0,213.0,207.0,212.0,2.42,8866,1854510.0
2019-11-10,208.0,210.0,206.0,207.0,1.47,10134,2102082.0
2019-11-07,207.0,207.0,204.0,204.0,-1.45,8960,1844264.0
2019-11-06,208.0,209.0,207.0,207.0,-0.48,9474,1965225.0
2019-11-05,210.0,212.0,208.0,208.0,-0.48,8243,1727563.0
2019-11-04,207.0,209.0,207.0,209.0,0.97,8480,1764627.0
2019-11-03,210.0,210.0,207.0,207.0,-2.82,11020,2297856.0
2019-10-31,214.0,214.0,212.0,213.0,0.0,6403,1363695.0
2019-10-24,214.0,214.0,213.0,213.0,0.0,7630,1630513.0
2019-10-23,211.0,213.0,211.0,213.0,0.0,3043,647672.0
2019-10-22,216.0,216.0,209.0,213.0,0.0,4180,878660.0
2019-10-21,211.0,217.0,208.0,213.0,0.95,5712,1200687.0
2019-10-20,213.0,213.0,209.0,211.0,-11.72,14948,3138321.0
2019-10-17,239.0,240.0,238.0,239.0,0.0,46062,11020438.0
2019-10-16,239.0,239.0,238.0,239.0,0.0,7555,1802352.0
2019-10-15,234.0,240.0,234.0,239.0,1.27,6332,1506389.0
2019-10-14,240.0,240.0,236.0,236.0,-1.67,5830,1382506.0
2019-10-10,237.0,241.0,237.0,240.0,2.13,5527,1316709.0
2019-10-03,232.0,237.0,232.0,235.0,0.86,5256,1240388.0
2019-10-02,234.0,236.0,233.0,233.0,-2.1,11102,2597340.0
2019-10-01,230.0,238.0,230.0,238.0,3.03,10906,2566741.0
2019-09-30,229.0,231.0,229.0,231.0,0.87,93265,21360264.0
2019-09-29,231.0,231.0,229.0,229.0,-0.87,9085,2087627.0
2019-09-26,230.0,232.0,229.0,231.0,-0.43,13865,3194881.0
2019-09-25,233.0,233.0,232.0,232.0,-0.43,13382,3113378.0
2019-09-24,233.0,234.0,232.0,233.0,-0.85,6018,1402527.0
2019-09-23,232.0,239.0,232.0,235.0,0.0,21068,4919221.0
2019-09-22,240.0,240.0,235.0,235.0,-2.89,10729,2539142.0
2019-09-19,245.0,247.0,240.0,242.0,-0.82,7323,1780147.0
2019-09-18,233.0,245.0,233.0,244.0,6.55,65746,15779638.0
2019-09-17,222.0,234.0,222.0,229.0,3.15,11279,2584289.0
2019-09-16,223.0,225.0,220.0,222.0,-0.89,10746,2391484.0
2019-09-15,229.0,229.0,224.0,224.0,-1.75,7268,1636405.0
2019-09-12,230.0,230.0,227.0,228.0,-0.87,4295,984170.0
2019-09-11,234.0,234.0,227.0,230.0,0.0,8749,1996365.0
2019-09-10,227.0,230.0,227.0,230.0,-0.43,3565,814638.0
2019-09-09,230.0,231.0,228.0,231.0,-0.43,13450,3083579.0
2019-09-08,236.0,236.0,232.0,232.0,-2.52,7186,1672161.0
2019-09-05,237.0,240.0,233.0,238.0,-0.83,8911,2103258.0
2019-09-04,233.0,241.0,230.0,240.0,1.69,8694,2047904.0
2019-09-03,226.0,236.0,223.0,236.0,2.61,15988,3661270.0
2019-09-02,230.0,230.0,226.0,230.0,0.0,13060,2982454.0
2019-09-01,234.0,234.0,230.0,230.0,0.0,7458,1715750.0
2019-08-29,230.0,235.0,227.0,230.0,0.44,7258,1670913.0
2019-08-28,231.0,232.0,229.0,229.0,-1.29,8799,2022241.0
2019-08-27,230.0,234.0,230.0,232.0,0.87,4036,937523.0
2019-08-26,229.0,231.0,228.0,230.0,-0.43,5236,1202785.0
2019-08-25,231.0,233.0,229.0,231.0,-1.7,10203,2352575.0
2019-08-22,232.0,235.0,232.0,235.0,1.29,5572,1304795.0
2019-08-21,232.0,234.0,232.0,232.0,0.0,3650,850016.0
2019-08-20,233.0,235.0,231.0,232.0,-2.11,3410,793229.0
2019-08-19,234.0,239.0,231.0,237.0,1.72,7999,1882652.0
2019-08-18,235.0,237.0,230.0,233.0,0.0,13554,3142771.0
2019-08-15,238.0,238.0,232.0,233.0,-1.69,12750,2979038.0
2019-08-14,242.0,242.0,235.0,237.0,-2.87,12848,3046938.0
2019-08-13,243.0,244.0,239.0,244.0,1.24,2805,673711.0
2019-08-12,240.0,245.0,239.0,241.0,0.0,11588,2787121.0
2019-08-11,239.0,242.0,239.0,241.0,-0.41,14010,3360442.0
2019-08-08,245.0,246.0,242.0,242.0,-1.22,3678,895427.0
2019-08-07,244.0,247.0,244.0,245.0,0.0,6565,1611069.0
2019-08-06,249.0,249.0,245.0,245.0,-1.61,13490,3327861.0
2019-08-05,247.0,249.0,247.0,249.0,0.4,1745,433185.0
2019-08-04,249.0,250.0,247.0,248.0,-0.4,12866,3189130.0
2019-08-01,252.0,252.0,249.0,249.0,-1.19,11423,2856238.0
2019-07-31,248.0,253.0,248.0,252.0,0.8,6066,1527515.0
2019-07-30,250.0,250.0,249.0,250.0,0.81,1812,452520.0
2019-07-29,250.0,251.0,248.0,248.0,0.4,7477,1861810.0
2019-07-28,255.0,255.0,247.0,247.0,-3.14,22445,5573779.0
2019-07-25,254.0,259.0,254.0,255.0,-1.16,4983,1274191.0
2019-07-24,256.0,260.0,256.0,258.0,0.0,5727,1477709.0
2019-07-23,258.0,258.0,254.0,258.0,1.18,12104,3102594.0
2019-07-22,255.0,256.0,254.0,255.0,-0.39,6616,1682901.0
2019-07-21,258.0,259.0,252.0,256.0,0.0,5183,1312944.0
2019-07-18,255.0,258.0,255.0,256.0,0.39,7303,1872190.0
2019-07-17,245.0,255.0,245.0,255.0,2.82,9924,2500468.0
2019-07-16,263.0,263.0,248.0,248.0,-1.2,14616,3632811.0
2019-07-15,249.0,251.0,248.0,251.0,0.8,4594,1146196.0
2019-07-14,250.0,252.0,248.0,249.0,0.0,9196,2300168.0
2019-07-11,252.0,252.0,249.0,249.0,-1.19,31436,7897567.0
2019-07-10,250.0,252.0,250.0,252.0,0.0,12701,3189976.0
2019-07-09,245.0,258.0,245.0,252.0,2.44,15566,3931583.0
2019-07-08,250.0,250.0,246.0,246.0,-1.2,15733,3890851.0
2019-07-07,252.0,252.0,249.0,249.0,-1.97,12122,3032925.0
2019-07-04,256.0,258.0,254.0,254.0,-0.78,9605,2447022.0
2019-07-03,251.0,257.0,251.0,256.0,1.59,10755,2734581.0
2019-07-02,246.0,252.0,246.0,252.0,2.44,7100,1763020.0
2019-07-01,248.0,249.0,245.0,246.0,-0.81,12202,3010865.0
2019-06-30,252.0,252.0,248.0,248.0,-1.59,12613,3144597.0
2019-06-27,252.0,255.0,251.0,252.0,0.0,8987,2268293.0
2019-06-26,250.0,252.0,250.0,252.0,0.0,2134,535542.0
2019-06-25,252.0,254.0,251.0,252.0,0.4,6666,1683126.0
2019-06-24,250.0,252.0,250.0,251.0,0.0,4121,1032793.0
2019-06-23,251.0,254.0,250.0,251.0,0.0,9630,2416137.0
2019-06-20,251.0,253.0,250.0,251.0,0.0,5844,1470854.0
2019-06-19,251.0,252.0,250.0,251.0,-0.79,11715,2940859.0
2019-06-18,250.0,254.0,250.0,253.0,0.4,8318,2097530.0
2019-06-17,254.0,254.0,250.0,252.0,0.8,10325,2604162.0
2019-06-16,252.0,255.0,250.0,250.0,-0.79,14885,3744463.0
2019-06-13,253.0,256.0,252.0,252.0,-0.79,10387,2635792.0
2019-06-12,256.0,256.0,253.0,254.0,0.0,3088,784081.0
2019-06-11,256.0,256.0,254.0,254.0,0.0,8195,2083007.0
2019-06-10,255.0,255.0,254.0,254.0,0.0,10550,2682173.0
2019-06-06,253.0,255.0,253.0,254.0,0.4,4723,1201019.0
2019-06-04,254.0,258.0,253.0,253.0,0.0,7045,1789721.0
2019-06-03,261.0,261.0,253.0,253.0,-1.56,16404,4187904.0
2019-06-02,256.0,261.0,256.0,257.0,-1.53,9144,2366338.0
2019-05-30,263.0,271.0,260.0,261.0,1.16,54518,14398201.0
2019-05-29,256.0,261.0,256.0,258.0,0.78,5944,1536535.0
2019-05-28,255.0,258.0,255.0,256.0,0.79,8158,2089734.0
2019-05-27,253.0,256.0,253.0,254.0,-1.17,20440,5201282.0
2019-05-26,260.0,261.0,256.0,257.0,-0.39,7119,1836101.0
2019-05-23,262.0,262.0,257.0,258.0,-0.77,12981,3369939.0
2019-05-22,261.0,261.0,258.0,260.0,0.39,12840,3332149.0
2019-05-21,260.0,262.0,257.0,259.0,-0.38,24203,6302140.0
2019-05-20,255.0,262.0,255.0,260.0,0.78,28735,7457287.0
2019-05-19,258.0,259.0,255.0,258.0,0.0,6877,1766902.0
2019-05-16,256.0,261.0,256.0,258.0,0.0,14328,3709620.0
2019-05-15,260.0,263.0,258.0,258.0,-0.39,50837,13253872.0
2019-05-14,256.0,262.0,256.0,259.0,1.57,22409,5820622.0
2019-05-13,254.0,257.0,252.0,255.0,1.19,11084,2810261.0
2019-05-12,253.0,256.0,249.0,252.0,-0.4,8784,2211613.0
2019-05-09,255.0,255.0,252.0,253.0,-1.17,12919,3274332.0
2019-05-08,255.0,260.0,254.0,256.0,-1.16,10344,2659122.0
2019-05-07,263.0,264.0,256.0,259.0,-0.38,22582,5883909.0
2019-05-06,250.0,260.0,250.0,260.0,3.59,28881,7346784.0
2019-05-05,258.0,258.0,251.0,251.0,-1.95,24022,6069304.0
2019-05-02,259.0,260.0,256.0,256.0,-2.29,18819,4845336.0
2019-04-30,262.0,268.0,259.0,262.0,1.55,27222,7115950.0
2019-04-29,261.0,265.0,257.0,258.0,-1.15,34987,9121229.0
2019-04-28,276.0,277.0,261.0,261.0,-4.04,25660,6791627.0
2019-04-25,267.0,276.0,261.0,272.0,3.42,79374,21307256.0
2019-04-24,252.0,264.0,251.0,263.0,3.95,34217,8834853.0
2019-04-23,250.0,253.0,248.0,253.0,0.4,26046,6506942.0
2019-04-22,264.0,264.0,250.0,252.0,-3.08,34554,8830356.0
2019-04-21,260.0,261.0,251.0,260.0,1.56,37441,9568018.0
2019-04-18,249.0,256.0,246.0,256.0,4.49,58630,14707391.0
2019-04-17,245.0,248.0,242.0,245.0,0.82,68334,16775123.0
2019-04-16,234.0,243.0,234.0,243.0,2.97,35849,8589310.0
2019-04-15,235.0,236.0,232.0,236.0,0.43,7394,1737259.0
2019-04-11,236.0,237.0,235.0,235.0,-0.42,14637,3452425.0
2019-04-10,239.0,240.0,231.0,236.0,0.0,28333,6732680.0
2019-04-09,242.0,242.0,231.0,236.0,-0.84,26224,6146372.0
2019-04-08,235.0,240.0,235.0,238.0,-0.42,96375,22911778.0
2019-04-07,229.0,240.0,226.0,239.0,4.37,48271,11252493.0
2019-04-04,229.0,231.0,227.0,229.0,0.0,13360,3046019.0
2019-04-03,225.0,231.0,224.0,229.0,0.0,57912,13289680.0
2019-04-02,225.0,230.0,225.0,229.0,1.78,53277,12131801.0
2019-04-01,219.0,227.0,218.0,225.0,3.69,26328,5836102.0
2019-03-31,217.0,219.0,215.0,217.0,0.46,17204,3738871.0
2019-03-28,216.0,218.0,215.0,216.0,0.0,19002,4103271.0
2019-03-27,216.0,217.0,215.0,216.0,0.0,7456,1607985.0
2019-03-26,217.0,217.0,216.0,216.0,-0.46,4636,1003785.0
2019-03-25,216.0,217.0,216.0,217.0,0.46,5061,1095453.0
2019-03-24,214.0,216.0,213.0,216.0,0.47,9430,2020052.0
2019-03-21,215.0,217.0,214.0,215.0,-0.46,15340,3309714.0
2019-03-19,218.0,219.0,216.0,216.0,-1.37,7727,1676868.0
2019-03-18,223.0,223.0,217.0,219.0,-1.79,12196,2676052.0
2019-03-17,220.0,223.0,217.0,223.0,0.45,27658,6060240.0
2019-03-14,217.0,223.0,217.0,222.0,0.91,13802,3038660.0
2019-03-13,222.0,227.0,217.0,220.0,-0.9,21346,4762231.0
2019-03-12,222.0,226.0,217.0,222.0,0.45,23492,5194586.0
2019-03-11,213.0,221.0,211.0,221.0,3.76,33514,7243132.0
2019-03-10,213.0,213.0,209.0,213.0,-0.47,5592,1178004.0
2019-03-07,207.0,214.0,206.0,214.0,2.39,19966,4176441.0
2019-03-06,210.0,210.0,206.0,209.0,1.46,4262,883863.0
2019-03-05,205.0,207.0,203.0,206.0,0.0,10901,2240851.0
2019-03-03,206.0,206.0,205.0,206.0,0.0,9145,1878431.0
2019-02-27,205.0,207.0,205.0,206.0,0.49,5191,1072110.0
2019-02-26,206.0,206.0,203.0,205.0,-0.49,3270,667294.0
2019-02-25,205.0,208.0,203.0,206.0,0.98,4252,867512.0
2019-02-24,206.0,206.0,203.0,204.0,-2.39,7388,1508755.0
2019-02-21,208.0,212.0,206.0,209.0,0.0,2409,502786.0
2019-02-20,207.0,209.0,204.0,209.0,-0.48,4644,954935.0
2019-02-19,207.0,210.0,204.0,210.0,2.44,28300,5810632.0
2019-02-18,208.0,208.0,204.0,205.0,-0.97,5919,1213991.0
2019-02-17,207.0,212.0,204.0,207.0,0.98,3913,805219.0
2019-02-14,206.0,210.0,205.0,205.0,-0.49,5208,1076996.0
2019-02-13,212.0,212.0,205.0,206.0,-0.96,17435,3599381.0
2019-02-12,211.0,211.0,205.0,208.0,-0.95,28746,5975007.0
2019-02-11,207.0,210.0,206.0,210.0,0.0,12252,2544662.0
2019-02-10,209.0,210.0,207.0,210.0,0.0,9414,1954886.0
2019-02-07,210.0,210.0,208.0,210.0,0.0,3075,642956.0
2019-02-06,208.0,210.0,208.0,210.0,0.48,4435,924715.0
2019-02-05,210.0,214.0,208.0,209.0,0.0,7016,1475991.0
2019-02-04,210.0,211.0,209.0,209.0,-0.95,6425,1345893.0
2019-02-03,213.0,213.0,209.0,211.0,-0.47,9312,1961774.0
2019-01-31,214.0,214.0,211.0,212.0,0.0,2661,563239.0
2019-01-30,211.0,216.0,211.0,212.0,0.95,5590,1188310.0
2019-01-29,210.0,211.0,209.0,210.0,-0.94,8299,1745013.0
2019-01-28,212.0,212.0,209.0,212.0,0.0,3172,670932.0
2019-01-27,217.0,218.0,210.0,212.0,-0.93,11274,2401175.0
2019-01-24,215.0,215.0,213.0,214.0,0.47,10897,2331888.0
2019-01-23,214.0,215.0,213.0,213.0,-0.47,7973,1701390.0
2019-01-22,212.0,215.0,211.0,214.0,0.0,2695,576303.0
2019-01-21,214.0,214.0,213.0,214.0,-0.47,8444,1801722.0
2019-01-20,215.0,215.0,214.0,215.0,0.0,1148,246521.0
2019-01-17,215.0,218.0,214.0,215.0,-0.46,1119,240672.0
2019-01-16,214.0,217.0,214.0,216.0,-0.46,4774,1030235.0
2019-01-15,215.0,217.0,215.0,217.0,0.93,8126,1752128.0
2019-01-14,216.0,216.0,214.0,215.0,0.0,5769,1242502.0
2019-01-13,219.0,219.0,214.0,215.0,-0.46,15652,3358746.0
2019-01-10,221.0,222.0,213.0,216.0,-0.92,19918,4275931.0
2019-01-09,216.0,218.0,215.0,218.0,0.93,10661,2295632.0
2019-01-08,214.0,216.0,213.0,216.0,0.47,5299,1135019.0
2019-01-07,215.0,217.0,214.0,215.0,0.0,8359,1795298.0
2019-01-06,214.0,215.0,211.0,215.0,0.0,22223,4733999.0
2019-01-03,215.0,216.0,214.0,215.0,0.47,5932,1277739.0
2019-01-02,217.0,217.0,214.0,214.0,-1.38,7134,1532332.0
2019-01-01,216.0,217.0,212.0,217.0,0.93,11664,2508081.0
2018-12-31,217.0,219.0,215.0,215.0,-0.92,1988,430177.0
2018-12-30,222.0,222.0,217.0,217.0,-3.13,3941,860321.0
2018-12-27,233.0,233.0,223.0,224.0,-5.49,12845,2897274.0
2018-12-26,227.0,237.0,226.0,237.0,4.41,40711,9467769.0
2018-12-25,226.0,227.0,222.0,227.0,-1.3,6714,1510706.0
2018-12-24,235.0,235.0,227.0,230.0,-0.86,14341,3296616.0
2018-12-23,224.0,233.0,224.0,232.0,5.45,25605,5831094.0
2018-12-20,220.0,222.0,219.0,220.0,0.0,5723,1259734.0
2018-12-19,220.0,222.0,217.0,220.0,0.0,3560,780308.0
2018-12-18,223.0,223.0,220.0,220.0,-2.65,10939,2420952.0
2018-12-17,222.0,226.0,220.0,226.0,1.35,5724,1282122.0
2018-12-16,224.0,228.0,222.0,223.0,0.45,9875,2222975.0
2018-12-13,218.0,222.0,218.0,222.0,1.83,1242,274396.0
2018-12-12,217.0,218.0,215.0,218.0,-0.91,2682,580353.0
2018-12-11,220.0,223.0,219.0,220.0,-0.45,4039,890576.0
2018-12-10,220.0,224.0,220.0,221.0,0.45,11647,2586169.0
2018-12-09,217.0,220.0,214.0,220.0,1.85,8339,1799938.0
2018-12-06,214.0,219.0,214.0,216.0,-0.46,7227,1560497.0
2018-12-05,223.0,223.0,214.0,217.0,-3.56,11328,2465530.0
2018-12-04,215.0,225.0,214.0,225.0,3.69,4566,1000392.0
2018-12-03,217.0,219.0,217.0,217.0,0.93,8596,1870628.0
2018-12-02,216.0,217.0,212.0,215.0,-2.27,26893,5758871.0
2018-11-29,221.0,222.0,219.0,220.0,-0.9,7304,1604057.0
2018-11-28,221.0,223.0,220.0,222.0,-0.45,3047,676423.0
2018-11-27,217.0,223.0,217.0,223.0,2.76,3131,692401.0
2018-11-26,216.0,224.0,216.0,217.0,-0.46,11223,2471732.0
2018-11-25,227.0,228.0,218.0,218.0,-3.96,11162,2498161.0
2018-11-22,227.0,228.0,227.0,227.0,-0.44,2080,473360.0
2018-11-21,225.0,229.0,225.0,228.0,0.44,2097,477673.0
2018-11-20,229.0,230.0,227.0,227.0,-1.3,2773,630490.0
2018-11-19,232.0,233.0,229.0,230.0,-0.86,4633,1068808.0
2018-11-18,235.0,235.0,229.0,232.0,-0.85,5487,1270040.0
2018-11-15,240.0,240.0,233.0,234.0,-1.27,3767,883753.0
2018-11-14,240.0,240.0,235.0,237.0,-0.42,6195,1470986.0
2018-11-13,234.0,240.0,234.0,238.0,1.28,3102,740235.0
2018-11-12,237.0,237.0,235.0,235.0,-0.84,3611,851118.0
2018-11-11,239.0,239.0,235.0,237.0,-0.42,2383,568469.0
2018-11-06,237.0,238.0,234.0,239.0,0.84,386,91614.0
2018-11-05,232.0,238.0,232.0,237.0,0.85,6505,1533575.0
2018-11-04,238.0,238.0,235.0,235.0,-2.49,9019,2126598.0
2018-11-01,239.0,241.0,237.0,241.0,0.42,5209,1241623.0
2018-10-31,240.0,241.0,239.0,240.0,0.0,6400,1535251.0
2018-10-30,236.0,244.0,236.0,240.0,0.84,4931,1181048.0
2018-10-29,237.0,240.0,237.0,238.0,-0.83,3873,924960.0
2018-10-28,245.0,245.0,240.0,240.0,-1.64,8481,2048876.0
2018-10-25,245.0,249.0,244.0,244.0,-1.21,10318,2544638.0
2018-10-24,247.0,248.0,243.0,247.0,0.0,4446,1092018.0
2018-10-23,250.0,250.0,244.0,247.0,-0.4,2152,527884.0
2018-10-22,245.0,248.0,245.0,248.0,-0.4,4017,991686.0
2018-10-21,249.0,250.0,249.0,249.0,1.63,429,107131.0
2018-10-15,247.0,250.0,244.0,245.0,-0.81,9714,2392763.0
2018-10-14,245.0,248.0,241.0,247.0,2.49,8698,2120261.0
2018-10-11,237.0,243.0,235.0,241.0,1.69,2702,643200.0
2018-10-10,236.0,240.0,236.0,237.0,-1.25,4693,1118384.0
2018-10-09,245.0,245.0,239.0,240.0,-0.83,6543,1575594.0
2018-10-08,235.0,242.0,235.0,242.0,2.11,6435,1538350.0
2018-10-07,237.0,239.0,235.0,237.0,-1.66,10394,2468484.0
2018-10-04,249.0,249.0,240.0,241.0,-2.03,20565,4954326.0
2018-10-03,245.0,248.0,243.0,246.0,-0.81,15549,3810552.0
2018-10-02,245.0,250.0,245.0,248.0,0.81,20809,5128833.0
2018-10-01,254.0,254.0,246.0,246.0,-3.15,35593,8868409.0
2018-09-30,250.0,255.0,250.0,254.0,-0.39,19793,5027920.0
2018-09-27,263.0,263.0,255.0,255.0,-2.67,29239,7539333.0
2018-09-26,264.0,270.0,258.0,262.0,-2.24,64702,17074544.0
2018-09-25,246.0,269.0,246.0,268.0,8.57,98064,25679414.0
2018-09-23,248.0,249.0,242.0,245.0,0.41,17697,4344357.0
2018-09-20,240.0,246.0,240.0,244.0,0.0,8105,1974554.0
2018-09-18,243.0,245.0,242.0,244.0,0.0,3091,752435.0
2018-09-17,246.0,249.0,241.0,244.0,-0.81,19113,4665130.0
2018-09-16,244.0,253.0,242.0,246.0,2.5,53257,13203268.0
2018-09-13,239.0,242.0,237.0,240.0,2.13,27060,6457817.0
2018-09-12,230.0,236.0,230.0,235.0,1.29,10531,2468217.0
2018-09-11,230.0,234.0,229.0,232.0,0.87,36237,8392024.0
2018-09-10,230.0,234.0,228.0,230.0,0.44,8867,2039069.0
2018-09-09,232.0,235.0,229.0,229.0,-2.55,7308,1695672.0
2018-09-06,242.0,242.0,233.0,235.0,-1.67,29308,6932463.0
2018-09-05,233.0,247.0,229.0,239.0,3.91,56115,13323351.0
2018-09-04,230.0,233.0,224.0,230.0,0.0,17448,4015990.0
2018-09-03,229.0,232.0,226.0,230.0,0.88,35986,8254714.0
2018-09-02,220.0,230.0,220.0,228.0,3.64,34574,7725793.0
2018-08-30,216.0,220.0,214.0,220.0,2.33,14300,3102661.0
2018-08-29,217.0,217.0,214.0,215.0,0.0,8346,1788616.0
2018-08-28,216.0,216.0,214.0,215.0,-0.46,4742,1019039.0
2018-08-26,216.0,219.0,215.0,216.0,0.0,743,161717.0
2018-08-23,216.0,217.0,214.0,216.0,-0.46,9006,1935852.0
2018-08-22,217.0,218.0,216.0,217.0,0.46,3099,672990.0
2018-08-21,218.0,218.0,216.0,216.0,-0.46,5571,1208919.0
2018-08-20,217.0,220.0,215.0,217.0,-1.36,18527,3992967.0
2018-08-19,225.0,226.0,220.0,220.0,-2.22,5311,1173767.0
2018-08-16,223.0,230.0,223.0,225.0,0.45,10431,2363796.0
2018-08-15,217.0,224.0,217.0,224.0,2.28,7495,1661016.0
2018-08-14,218.0,219.0,217.0,219.0,-0.45,2631,574347.0
2018-08-13,213.0,220.0,213.0,220.0,2.33,3115,676655.0
2018-08-12,215.0,216.0,214.0,215.0,-0.46,9292,2000893.0
2018-08-09,215.0,218.0,215.0,216.0,0.47,2869,620421.0
2018-08-08,219.0,219.0,215.0,215.0,-1.38,9041,1961885.0
2018-08-07,219.0,219.0,216.0,218.0,0.46,2217,481106.0
2018-08-06,217.0,218.0,216.0,217.0,0.0,2990,648832.0
2018-08-05,217.0,219.0,216.0,217.0,0.0,3107,675507.0
2018-08-02,217.0,220.0,217.0,217.0,-1.36,5625,1226103.0
2018-08-01,220.0,220.0,218.0,220.0,-0.9,2973,652120.0
2018-07-31,220.0,222.0,216.0,222.0,1.37,4529,985154.0
2018-07-30,219.0,222.0,218.0,219.0,0.46,3047,667002.0
2018-07-29,218.0,220.0,218.0,218.0,-0.46,4812,1053846.0
2018-07-26,217.0,220.0,217.0,219.0,0.0,8638,1882278.0
2018-07-25,220.0,221.0,218.0,219.0,-1.35,6468,1417625.0
2018-07-24,222.0,224.0,219.0,222.0,0.0,6565,1455753.0
2018-07-23,218.0,222.0,218.0,222.0,1.83,4533,998080.0
2018-07-22,222.0,222.0,218.0,218.0,-1.36,11430,2506133.0
2018-07-19,227.0,227.0,220.0,221.0,-1.34,7194,1594859.0
2018-07-18,222.0,225.0,219.0,224.0,0.45,10415,2290866.0
2018-07-17,227.0,227.0,221.0,223.0,-3.04,7237,1624006.0
2018-07-16,218.0,230.0,218.0,230.0,4.55,5141,1143769.0
2018-07-15,218.0,225.0,217.0,220.0,0.92,7292,1601475.0
2018-07-12,221.0,225.0,217.0,218.0,-1.36,10892,2386585.0
2018-07-11,228.0,230.0,221.0,221.0,-1.34,3793,851362.0
2018-07-10,223.0,224.0,220.0,224.0,1.82,8212,1821632.0
2018-07-09,224.0,224.0,218.0,220.0,-1.79,31969,7029601.0
2018-07-08,225.0,230.0,222.0,224.0,-0.88,9521,2161680.0
2018-07-05,222.0,229.0,221.0,226.0,1.8,18453,4183764.0
2018-07-04,220.0,226.0,219.0,222.0,0.91,5287,1169097.0
2018-07-03,216.0,224.0,216.0,220.0,0.0,6286,1382317.0
2018-07-02,217.0,221.0,217.0,220.0,0.92,3965,869262.0
2018-07-01,222.0,223.0,218.0,218.0,-2.24,3939,865953.0
2018-06-28,224.0,226.0,222.0,223.0,0.0,5274,1177342.0
2018-06-27,219.0,224.0,218.0,223.0,1.36,4509,999677.0
2018-06-26,219.0,222.0,218.0,220.0,-0.45,4844,1066754.0
2018-06-25,221.0,223.0,220.0,221.0,-1.78,2998,661445.0
2018-06-24,222.0,226.0,222.0,225.0,0.45,3054,684008.0
2018-06-21,219.0,226.0,218.0,224.0,2.75,1857,411751.0
2018-06-20,224.0,224.0,218.0,218.0,-1.36,10459,2298709.0
2018-06-19,220.0,225.0,220.0,221.0,-0.9,5516,1223787.0
2018-06-18,221.0,224.0,221.0,223.0,0.45,6057,1348558.0
2018-06-17,223.0,223.0,221.0,222.0,-1.33,4073,901742.0
2018-06-14,224.0,231.0,220.0,225.0,0.45,22382,4939270.0
2018-06-13,230.0,229.0,223.0,224.0,-0.88,25521,5740067.0
2018-06-12,221.0,229.0,221.0,226.0,0.44,13940,3089576.0
2018-06-11,224.0,233.0,223.0,225.0,-0.88,11675,2642255.0
2018-06-10,228.0,229.0,225.0,227.0,-0.44,6351,1441576.0
2018-06-07,234.0,234.0,227.0,228.0,-0.87,25374,5803405.0
2018-06-06,231.0,239.0,228.0,230.0,0.88,12344,2846308.0
2018-06-04,230.0,233.0,225.0,228.0,-2.56,24055,5491671.0
2018-06-03,236.0,236.0,230.0,234.0,-2.09,18145,4212841.0
2018-05-31,241.0,242.0,239.0,239.0,-0.83,2221,532901.0
2018-05-30,241.0,248.0,238.0,241.0,-1.63,5619,1368127.0
2018-05-29,243.0,245.0,238.0,245.0,-0.41,4944,1201224.0
2018-05-28,235.0,246.0,233.0,246.0,4.68,9318,2242797.0
2018-05-27,235.0,237.0,233.0,235.0,-1.67,5788,1360946.0
2018-05-24,240.0,244.0,239.0,239.0,-1.24,9410,2264236.0
2018-05-23,241.0,244.0,241.0,242.0,-0.82,5580,1352276.0
2018-05-22,242.0,245.0,241.0,244.0,-0.41,10338,2514867.0
2018-05-21,245.0,245.0,241.0,245.0,0.41,6761,1647625.0
2018-05-20,247.0,248.0,243.0,244.0,0.0,11329,2768145.0
2018-05-17,245.0,247.0,243.0,244.0,0.41,5053,1235272.0
2018-05-16,238.0,246.0,238.0,243.0,0.83,1959,475932.0
2018-05-15,242.0,242.0,241.0,241.0,-0.82,1992,480627.0
2018-05-14,245.0,246.0,243.0,243.0,-1.62,5631,1372836.0
2018-05-10,248.0,249.0,245.0,247.0,-0.4,5719,1417329.0
2018-05-09,250.0,252.0,245.0,248.0,-0.8,23374,5773009.0
2018-05-08,250.0,250.0,248.0,250.0,0.0,3871,967046.0
2018-05-07,247.0,251.0,247.0,250.0,-0.4,10215,2544904.0
2018-05-06,254.0,254.0,247.0,251.0,0.0,10959,2731301.0
2018-05-03,244.0,259.0,244.0,251.0,1.62,7670,1940084.0
2018-05-02,245.0,249.0,243.0,247.0,-1.2,9541,2343244.0
2018-04-29,250.0,252.0,248.0,250.0,-1.19,11046,2758968.0
2018-04-26,254.0,257.0,251.0,253.0,-1.17,6180,1564745.0
2018-04-25,260.0,260.0,255.0,256.0,-1.16,7874,1982482.0
2018-04-24,265.0,268.0,259.0,259.0,-3.0,13866,3645152.0
2018-04-23,281.0,281.0,263.0,270.0,-4.3,26881,7320013.0
2018-04-22,272.0,280.0,268.0,279.0,4.49,29493,8090952.0
2018-04-19,260.0,271.0,256.0,267.0,4.71,52173,13789802.0
2018-04-18,249.0,266.0,245.0,255.0,3.66,19620,4914858.0
2018-04-17,239.0,249.0,239.0,246.0,2.93,20346,5013305.0
2018-04-16,244.0,248.0,238.0,239.0,-0.42,16692,4029162.0
2018-04-15,243.0,243.0,237.0,240.0,-1.64,7720,1867558.0
2018-04-12,240.0,246.0,240.0,244.0,1.24,15421,3761806.0
2018-04-11,240.0,243.0,239.0,241.0,0.0,6501,1568695.0
2018-04-10,245.0,250.0,241.0,241.0,-3.6,6833,1681346.0
2018-04-09,259.0,259.0,242.0,250.0,-1.57,13562,3400717.0
2018-04-08,248.0,262.0,237.0,254.0,2.42,31543,7836156.0
2018-04-05,240.0,248.0,232.0,248.0,5.08,14515,3469065.0
2018-04-04,231.0,240.0,231.0,236.0,2.16,3350,788836.0
2018-04-03,233.0,234.0,230.0,231.0,0.0,7144,1653152.0
2018-04-02,233.0,234.0,229.0,231.0,-0.86,12797,2978802.0
2018-04-01,237.0,237.0,227.0,233.0,-1.27,7157,1666059.0
2018-03-29,230.0,239.0,227.0,236.0,2.61,13394,3124231.0
2018-03-28,235.0,236.0,228.0,230.0,-1.29,5982,1389003.0
2018-03-27,225.0,235.0,215.0,233.0,3.56,8735,1952499.0
2018-03-26,227.0,227.0,219.0,225.0,-2.6,10899,2435451.0
2018-03-22,228.0,235.0,225.0,231.0,0.0,8495,1944453.0
2018-03-21,242.0,242.0,231.0,231.0,-4.55,10072,2365322.0
2018-03-20,245.0,245.0,239.0,242.0,-1.63,8252,1984535.0
2018-03-19,241.0,246.0,240.0,246.0,1.65,6604,1597217.0
2018-03-18,243.0,247.0,241.0,242.0,-0.82,7011,1698374.0
2018-03-15,243.0,247.0,243.0,244.0,-0.41,5341,1306074.0
2018-03-14,248.0,248.0,243.0,245.0,-0.81,10772,2668012.0
2018-03-13,244.0,249.0,242.0,247.0,2.07,11284,2756375.0
2018-03-12,242.0,247.0,241.0,242.0,-0.82,20615,5040348.0
2018-03-11,250.0,250.0,241.0,244.0,-2.01,5865,1434495.0
2018-03-07,245.0,249.0,240.0,249.0,1.63,28942,7044418.0
2018-03-06,240.0,248.0,240.0,245.0,0.82,7574,1844106.0
2018-03-05,251.0,254.0,243.0,243.0,-1.62,6508,1597917.0
2018-03-04,250.0,250.0,241.0,247.0,-2.76,12708,3105962.0
2018-02-28,262.0,262.0,254.0,254.0,-1.55,5779,1479656.0
2018-02-27,252.0,261.0,252.0,258.0,0.78,8446,2186917.0
2018-02-26,256.0,256.0,255.0,256.0,-0.78,8276,2113471.0
2018-02-25,256.0,259.0,256.0,258.0,0.39,3227,832711.0
2018-02-22,261.0,261.0,256.0,257.0,-1.15,4285,1108019.0
2018-02-21,260.0,260.0,256.0,260.0,0.39,1651,425239.0
2018-02-20,268.0,268.0,258.0,259.0,-1.89,5147,1350994.0
2018-02-18,271.0,272.0,261.0,264.0,-1.12,13643,3631106.0
2018-02-15,257.0,267.0,259.0,267.0,0.0,14837,3898242.0
2018-02-14,256.0,259.0,254.0,257.0,0.0,9118,2335197.0
2018-02-12,257.0,257.0,254.0,256.0,0.0,2325,593039.0
2018-02-11,260.0,262.0,256.0,257.0,0.0,4018,1044021.0
2018-02-08,255.0,260.0,255.0,260.0,0.0,4532,1160665.0
2018-02-07,258.0,258.0,255.0,255.0,0.0,2056,525708.0
2018-02-06,260.0,260.0,258.0,258.0,0.0,4507,1167982.0
2018-02-05,260.0,261.0,258.0,260.0,0.0,5137,1336317.0
2018-02-04,260.0,265.0,260.0,260.0,0.0,12473,3257007.0
2018-02-01,262.0,265.0,260.0,260.0,0.0,5859,1532022.0
2018-01-31,260.0,262.0,256.0,262.0,0.0,3470,899264.0
2018-01-29,261.0,261.0,258.0,260.0,0.0,3540,919933.0
2018-01-28,262.0,265.0,260.0,261.0,0.0,5971,1561163.0
2018-01-25,261.0,263.0,259.0,262.0,0.0,5613,1467447.0
2018-01-24,262.0,263.0,259.0,261.0,0.0,4087,1064527.0
2018-01-23,262.0,265.0,260.0,262.0,0.0,3809,994871.0
2018-01-22,260.0,262.0,258.0,262.0,0.0,3432,895965.0
2018-01-21,262.0,262.0,260.0,260.0,0.0,1786,465927.0
2018-01-17,262.0,262.0,258.0,262.0,0.0,4108,1068818.0
2018-01-16,263.0,265.0,261.0,262.0,0.0,4003,1051867.0
2018-01-14,264.0,264.0,260.0,263.0,0.0,6673,1749663.0
2018-01-10,268.0,269.0,264.0,264.0,0.0,8157,2161930.0
2018-01-09,263.0,271.0,261.0,268.0,0.0,9460,2522414.0
2018-01-08,260.0,269.0,261.0,263.0,0.0,5635,1493274.0
2018-01-07,264.0,266.0,260.0,260.0,0.0,15574,4093117.0
2018-01-04,263.0,266.0,262.0,264.0,0.0,5152,1358972.0
2018-01-03,266.0,265.0,260.0,263.0,0.0,6170,1623497.0
2018-01-02,267.0,270.0,265.0,266.0,0.0,25306,6734136.0
2018-01-01,258.0,270.0,258.0,267.0,0.0,15837,4202005.0
2017-12-31,258.0,260.0,250.0,258.0,0.0,8744,2224786.0
2017-12-28,261.0,263.0,258.0,258.0,0.0,9645,2513523.0
2017-12-27,266.0,267.0,258.0,261.0,0.0,11116,2915137.0
2017-12-26,269.0,270.0,265.0,266.0,0.0,9796,2604036.0
2017-12-24,269.0,275.0,268.0,269.0,0.0,14018,3787373.0
2017-12-21,272.0,277.0,268.0,269.0,0.0,10120,2733111.0
2017-12-20,273.0,274.0,271.0,272.0,0.0,12678,3448912.0
2017-12-19,274.0,279.0,272.0,273.0,0.0,7464,2038863.0
2017-12-18,272.0,278.0,272.0,274.0,0.0,14671,4015076.0
2017-12-17,276.0,277.0,272.0,272.0,0.0,7628,2095400.0
2017-12-14,277.0,280.0,276.0,276.0,0.0,2962,821039.0
2017-12-13,275.0,277.0,271.0,277.0,0.0,8570,2343427.0
2017-12-12,276.0,276.0,273.0,275.0,0.0,5194,1422680.0
2017-12-11,274.0,276.0,270.0,276.0,0.0,7024,1908807.0
2017-12-10,279.0,289.0,274.0,274.0,0.0,14655,4076314.0
2017-12-06,279.0,284.0,278.0,279.0,0.0,6862,1919320.0
2017-12-05,280.0,280.0,277.0,279.0,0.0,7918,2201050.0
2017-12-04,283.0,284.0,272.0,280.0,0.0,11716,3229835.0
2017-11-30,282.0,284.0,278.0,283.0,0.0,8838,2478554.0
2017-11-29,276.0,286.0,276.0,282.0,0.0,14716,4140430.0
2017-11-28,276.0,278.0,275.0,276.0,0.0,7838,2168262.0
2017-11-27,276.0,285.0,276.0,276.0,0.0,19551,5465668.0
2017-11-26,274.0,280.0,275.0,276.0,0.0,10773,2991403.0
2017-11-23,270.0,275.0,271.0,274.0,0.0,9752,2663534.0
2017-11-22,268.0,275.0,267.0,270.0,0.0,11350,3059087.0
2017-11-21,269.0,271.0,266.0,268.0,0.0,13772,3688182.0
2017-11-20,267.0,270.0,267.0,269.0,0.0,5495,1476243.0
2017-11-19,273.0,273.0,266.0,267.0,0.0,11362,3047388.0
2017-11-16,280.0,278.0,273.0,273.0,0.0,12891,3533337.0
2017-11-15,281.0,284.0,277.0,280.0,0.0,15075,4221127.0
2017-11-14,277.0,285.0,275.0,281.0,0.0,32880,9219973.0
2017-11-13,270.0,277.0,265.0,277.0,0.0,18836,5148679.0
2017-11-12,269.0,274.0,265.0,270.0,0.0,16994,4575002.0
2017-11-09,269.0,273.0,266.0,269.0,0.0,20260,5448514.0
2017-11-08,270.0,273.0,264.0,269.0,0.0,15193,4064421.0
2017-11-07,273.0,281.0,270.0,270.0,0.0,25331,6938650.0
2017-11-06,275.0,278.0,270.0,273.0,0.0,38318,10481904.0
2017-11-05,290.0,290.0,271.0,275.0,0.0,62663,17228396.0
2017-11-02,294.0,292.0,285.0,290.0,0.0,15026,4344756.0
2017-11-01,291.0,294.0,286.0,294.0,0.0,9105,2626561.0
2017-10-31,292.0,293.0,287.0,291.0,0.0,8961,2595937.0
2017-10-30,292.0,293.0,283.0,292.0,0.0,9734,2806532.0
2017-10-29,342.0,351.0,335.0,336.0,0.0,52465,17793154.0
2017-10-25,347.0,348.0,342.0,342.0,0.0,27470,9452769.0
2017-10-24,350.0,352.0,342.0,347.0,0.0,25976,8956931.0
2017-10-23,354.0,353.0,347.0,350.0,0.0,31410,10974194.0
2017-10-22,344.0,357.0,350.0,354.0,0.0,25593,9058112.0
2017-10-18,331.0,344.0,330.0,344.0,0.0,16192,5460688.0
2017-10-17,348.0,350.0,327.0,331.0,0.0,31304,10474248.0
2017-10-16,324.0,348.0,325.0,348.0,0.0,15340,5141904.0
2017-10-15,316.0,324.0,315.0,324.0,0.0,15059,4799961.0
2017-10-12,317.0,317.0,315.0,316.0,0.0,9993,3156842.0
2017-10-11,320.0,320.0,314.0,317.0,0.0,10197,3227831.0
2017-10-10,315.0,321.0,313.0,320.0,0.0,13748,4356723.0
2017-10-09,318.0,318.0,313.0,315.0,0.0,7804,2458344.0
2017-10-08,317.0,318.0,309.0,318.0,0.0,21145,6620371.0
2017-10-04,320.0,324.0,317.0,317.0,0.0,8686,2781569.0
2017-10-03,320.0,324.0,320.0,320.0,0.0,5423,1745859.0
2017-09-26,322.0,333.0,318.0,320.0,0.0,20423,6591601.0
2017-09-25,331.0,333.0,322.0,322.0,0.0,15155,4945405.0
2017-09-24,337.0,336.0,326.0,331.0,0.0,16580,5472571.0
2017-09-20,338.0,340.0,330.0,337.0,0.0,9730,3243153.0
2017-09-18,350.0,357.0,338.0,338.0,0.0,13035,4506941.0
2017-09-17,342.0,350.0,324.0,350.0,0.0,22317,7676196.0
2017-09-14,328.0,342.0,330.0,342.0,0.0,12736,4262570.0
2017-09-13,326.0,330.0,321.0,328.0,0.0,6104,1993919.0
2017-09-12,322.0,326.0,315.0,326.0,0.0,4613,1472543.0
2017-09-11,318.0,325.0,314.0,322.0,0.0,12572,4007916.0
2017-09-10,332.0,326.0,315.0,318.0,0.0,18709,5992751.0
2017-09-07,335.0,338.0,329.0,332.0,0.0,5281,1751474.0
2017-09-06,337.0,342.0,330.0,335.0,0.0,9811,3276945.0
2017-09-04,337.0,339.0,331.0,337.0,0.0,11335,3784227.0
2017-08-31,346.0,342.0,333.0,337.0,0.0,23875,8036882.0
2017-08-30,355.0,356.0,340.0,346.0,0.0,14172,4886676.0
2017-08-28,364.0,365.0,353.0,355.0,0.0,7862,2803422.0
2017-08-27,357.0,365.0,355.0,364.0,0.0,8394,3033317.0
2017-08-24,358.0,361.0,353.0,357.0,0.0,3407,1215330.0
2017-08-23,365.0,366.0,358.0,358.0,0.0,4073,1468772.0
2017-08-22,358.0,366.0,355.0,365.0,0.0,8085,2926089.0
2017-08-21,360.0,367.0,355.0,358.0,0.0,3333,1197075.0
2017-08-20,367.0,377.0,353.0,360.0,0.0,32295,11493880.0
2017-08-17,368.0,370.0,364.0,367.0,0.0,6494,2375991.0
2017-08-16,372.0,378.0,365.0,368.0,0.0,10523,3870148.0
2017-08-15,369.0,375.0,360.0,372.0,0.0,7499,2750916.0
2017-08-13,375.0,376.0,368.0,369.0,0.0,6669,2471505.0
2017-08-10,382.0,383.0,371.0,375.0,0.0,14141,5310181.0
2017-08-09,388.0,389.0,376.0,382.0,0.0,9743,3719403.0
2017-08-07,390.0,392.0,384.0,388.0,0.0,7628,2957981.0
2017-08-06,391.0,390.0,385.0,390.0,0.0,5397,2095257.0
2017-08-03,393.0,391.0,385.0,391.0,0.0,9869,3836091.0
2017-08-02,391.0,395.0,385.0,393.0,0.0,10131,3947060.0
2017-08-01,381.0,395.0,384.0,391.0,0.0,12125,4710557.0
2017-07-31,377.0,390.0,380.0,381.0,0.0,15299,5911460.0
2017-07-30,384.0,385.0,377.0,377.0,0.0,18445,7015347.0
2017-07-27,387.0,388.0,376.0,384.0,0.0,12397,4743356.0
2017-07-26,390.0,397.0,386.0,387.0,0.0,5230,2041644.0
2017-07-25,390.0,392.0,380.0,390.0,0.0,11694,4546835.0
2017-07-24,392.0,390.0,384.0,390.0,0.0,4503,1745281.0
2017-07-23,397.0,400.0,392.0,392.0,0.0,9975,3940662.0
2017-07-20,400.0,402.0,395.0,397.0,0.0,10230,4086814.0
2017-07-19,402.0,408.0,399.0,400.0,0.0,13540,5460599.0
2017-07-18,393.0,403.0,392.0,402.0,0.0,21110,8397217.0
2017-07-17,391.0,396.0,385.0,393.0,0.0,3274,1286154.0
2017-07-16,396.0,400.0,386.0,391.0,0.0,6197,2427702.0
2017-07-13,397.0,396.0,389.0,396.0,0.0,5884,2312252.0
2017-07-12,400.0,399.0,392.0,397.0,0.0,8163,3227964.0
2017-07-11,397.0,400.0,385.0,400.0,0.0,50530,20084572.0
2017-07-10,399.0,402.0,392.0,397.0,0.0,46932,18544308.0
2017-07-09,390.0,404.0,380.0,399.0,0.0,22374,8778280.0
2017-07-06,380.0,395.0,385.0,390.0,0.0,13761,5355642.0
2017-07-05,368.0,380.0,363.0,380.0,0.0,11013,4110194.0
2017-07-04,369.0,370.0,363.0,368.0,0.0,8514,3135998.0
2017-07-03,375.0,375.0,368.0,369.0,0.0,5526,2044556.0
2017-07-02,375.0,378.0,370.0,375.0,0.0,6947,2585678.0
2017-06-28,377.0,384.0,375.0,375.0,0.0,13232,4987480.0
2017-06-27,377.0,380.0,370.0,377.0,0.0,28029,10484470.0
2017-06-25,377.0,380.0,375.0,377.0,0.0,28820,10839594.0
2017-06-22,376.0,379.0,372.0,377.0,0.0,14431,5423666.0
2017-06-21,372.0,377.0,366.0,376.0,0.0,10698,3966857.0
2017-06-20,369.0,386.0,363.0,372.0,0.0,10621,4000753.0
2017-06-19,380.0,380.0,369.0,369.0,0.0,18466,6864843.0
2017-06-18,385.0,387.0,378.0,380.0,0.0,8985,3426646.0
2017-06-15,386.0,400.0,375.0,385.0,0.0,10958,4164713.0
2017-06-14,389.0,388.0,384.0,386.0,0.0,5811,2239868.0
2017-06-13,387.0,395.0,382.0,389.0,0.0,10620,4108560.0
2017-06-12,385.0,394.0,379.0,387.0,0.0,4234,1640936.0
2017-06-11,398.0,398.0,385.0,385.0,0.0,10120,3958472.0
2017-06-08,396.0,399.0,390.0,398.0,0.0,11776,4645601.0
2017-06-07,408.0,418.0,392.0,396.0,0.0,117397,46338432.0
2017-06-06,391.0,410.0,395.0,408.0,0.0,16814,6760531.0
2017-06-05,385.0,400.0,387.0,391.0,0.0,24756,9715242.0
2017-06-04,395.0,398.0,385.0,385.0,0.0,24395,9543717.0
2017-06-01,402.0,403.0,395.0,395.0,0.0,6994,2783561.0
2017-05-31,395.0,407.0,395.0,402.0,0.0,8306,3305476.0
2017-05-30,400.0,405.0,393.0,395.0,0.0,9174,3627682.0
2017-05-28,408.0,407.0,396.0,400.0,0.0,11486,4634128.0
2017-05-24,403.0,410.0,395.0,408.0,0.0,22467,8957550.0
2017-05-23,401.0,409.0,400.0,403.0,0.0,11869,4776775.0
2017-05-22,408.0,405.0,401.0,401.0,0.0,7305,2937280.0
2017-05-21,419.0,424.0,408.0,408.0,0.0,12829,5294468.0
2017-05-18,422.0,430.0,418.0,419.0,0.0,21076,8891749.0
2017-05-17,423.0,432.0,415.0,422.0,0.0,7404,3139869.0
2017-05-16,432.0,430.0,419.0,423.0,0.0,22982,9718192.0
2017-05-15,430.0,440.0,431.0,432.0,0.0,11802,5118851.0
2017-05-11,530.0,539.0,525.0,529.0,0.0,141662,74995112.0
2017-05-09,535.0,541.0,525.0,530.0,0.0,42312,22478648.0
2017-05-08,528.0,537.0,527.0,535.0,0.0,31426,16695425.0
2017-05-07,541.0,547.0,527.0,528.0,0.0,42764,22892084.0
2017-05-04,550.0,550.0,539.0,541.0,0.0,26980,14684977.0
2017-05-03,549.0,568.0,544.0,550.0,0.0,27717,15192698.0
2017-05-02,550.0,554.0,540.0,549.0,0.0,16374,8925959.0
2017-04-30,550.0,560.0,541.0,550.0,0.0,41319,22694758.0
2017-04-27,542.0,552.0,534.0,550.0,0.0,27173,14762425.0
2017-04-26,550.0,550.0,540.0,542.0,0.0,41064,22267120.0
2017-04-25,549.0,555.0,544.0,550.0,0.0,18951,10426187.0
2017-04-24,562.0,565.0,549.0,549.0,0.0,27489,15249936.0
2017-04-23,557.0,596.0,555.0,562.0,0.0,55671,31677022.0
2017-04-20,560.0,576.0,555.0,557.0,0.0,55980,31570942.0
2017-04-19,540.0,560.0,540.0,560.0,0.0,45056,24958080.0
2017-04-18,550.0,550.0,530.0,540.0,0.0,62737,33803956.0
2017-04-16,570.0,592.0,550.0,550.0,0.0,43896,24858554.0
2017-04-13,580.0,580.0,561.0,570.0,0.0,56527,32300428.0
2017-04-12,581.0,603.0,570.0,580.0,0.0,85715,50118520.0
2017-04-11,576.0,605.0,580.0,581.0,0.0,89533,52277944.0
2017-04-10,573.0,576.0,568.0,576.0,0.0,31447,17987980.0
2017-04-09,567.0,578.0,555.0,573.0,0.0,56573,32043832.0
2017-04-06,559.0,581.0,550.0,567.0,0.0,110191,62047400.0
2017-04-04,522.0,570.0,520.0,559.0,0.0,85556,46553848.0
2017-04-03,548.0,591.0,522.0,522.0,0.0,51843,28946096.0
2017-04-02,499.0,548.0,508.0,548.0,0.0,25366,13291942.0
2017-03-30,500.0,503.0,475.0,499.0,0.0,27694,13617961.0
2017-03-29,505.0,539.0,495.0,500.0,0.0,24960,12783223.0
2017-03-28,479.0,510.0,487.0,505.0,0.0,23642,11807175.0
2017-03-26,468.0,490.0,468.0,479.0,0.0,37089,17672120.0
2017-03-23,439.0,468.0,445.0,468.0,0.0,59695,27401634.0
2017-03-22,446.0,463.0,439.0,439.0,0.0,17841,8026342.0
2017-03-21,430.0,446.0,416.0,446.0,0.0,14692,6340031.0
2017-03-20,408.0,430.0,408.0,430.0,0.0,7551,3155454.0
2017-03-19,406.0,412.0,398.0,408.0,0.0,7325,2995658.0
2017-03-16,408.0,416.0,402.0,406.0,0.0,2864,1160079.0
2017-03-15,409.0,410.0,406.0,408.0,0.0,3230,1314203.0
2017-03-14,416.0,416.0,405.0,409.0,0.0,2985,1221696.0
2017-03-13,400.0,416.0,400.0,416.0,0.0,5137,2100032.0
2017-03-09,400.0,404.0,400.0,400.0,0.0,4051,1628749.0
2017-03-07,402.0,402.0,396.0,400.0,0.0,3467,1384847.0
2017-03-06,408.0,416.0,402.0,402.0,0.0,10956,4454969.0
2017-03-05,397.0,415.0,399.0,408.0,0.0,2409,982865.0
2017-03-02,399.0,401.0,397.0,397.0,0.0,4920,1959357.0
2017-03-01,400.0,400.0,392.0,399.0,0.0,2749,1091470.0
2017-02-28,400.0,400.0,395.0,400.0,0.0,3302,1312185.0
2017-02-26,410.0,411.0,400.0,400.0,0.0,7976,3211507.0
2017-02-23,419.0,419.0,405.0,410.0,0.0,13947,5703701.0
2017-02-22,416.0,428.0,412.0,419.0,0.0,2116,881509.0
2017-02-21,426.0,442.0,412.0,416.0,0.0,11034,4675295.0
2017-02-20,435.0,445.0,424.0,426.0,0.0,7815,3413364.0
2017-02-19,435.0,445.0,423.0,435.0,0.0,6359,2754602.0
2017-02-16,415.0,435.0,412.0,435.0,0.0,30083,12600374.0
2017-02-15,407.0,420.0,401.0,415.0,0.0,16286,6705029.0
2017-02-14,410.0,414.0,398.0,407.0,0.0,5611,2268764.0
2017-02-13,401.0,412.0,392.0,410.0,0.0,6648,2667638.0
2017-02-12,415.0,416.0,400.0,401.0,0.0,7745,3156438.0
2017-02-09,418.0,425.0,408.0,415.0,0.0,5252,2170347.0
2017-02-08,428.0,425.0,414.0,418.0,0.0,6033,2517564.0
2017-02-07,427.0,435.0,425.0,428.0,0.0,1676,718652.0
2017-02-06,430.0,433.0,419.0,427.0,0.0,8677,3706393.0
2017-02-05,450.0,452.0,430.0,430.0,0.0,10936,4742209.0
2017-02-02,460.0,468.0,450.0,450.0,0.0,2744,1261443.0
2017-02-01,438.0,460.0,427.0,460.0,0.0,3051,1362529.0
2017-01-31,424.0,438.0,416.0,438.0,0.0,5510,2335108.0
2017-01-30,447.0,447.0,421.0,424.0,0.0,7780,3323915.0
2017-01-26,454.0,460.0,435.0,447.0,0.0,8656,3875468.0
2017-01-25,469.0,474.0,447.0,454.0,0.0,4161,1900738.0
2017-01-24,483.0,492.0,469.0,469.0,0.0,7633,3654986.0
2017-01-23,489.0,505.0,482.0,483.0,0.0,18331,8841767.0
2017-01-22,483.0,489.0,480.0,489.0,0.0,822,396865.0
2017-01-19,490.0,490.0,483.0,483.0,0.0,2298,1117648.0
2017-01-18,489.0,493.0,490.0,490.0,0.0,1298,636470.0
2017-01-17,480.0,489.0,472.0,489.0,0.0,397,190836.0
2017-01-16,482.0,483.0,479.0,480.0,0.0,2784,1339579.0
2017-01-15,492.0,501.0,482.0,482.0,0.0,2724,1336661.0
2017-01-12,489.0,498.0,490.0,492.0,0.0,2395,1184333.0
2017-01-11,490.0,496.0,489.0,489.0,0.0,2093,1030939.0
2017-01-10,486.0,494.0,486.0,490.0,0.0,3870,1900126.0
2017-01-09,488.0,495.0,480.0,486.0,0.0,3717,1808864.0
2017-01-08,489.0,492.0,480.0,488.0,0.0,1845,897133.0
2017-01-05,489.0,492.0,480.0,489.0,0.0,7441,3614734.0
2017-01-04,485.0,491.0,480.0,489.0,0.0,6482,3131441.0
2017-01-03,495.0,499.0,482.0,485.0,0.0,3407,1677874.0
2017-01-02,490.0,498.0,484.0,495.0,0.0,5752,2814661.0
2017-01-01,486.0,500.0,489.0,490.0,0.0,5823,2866116.0
2016-12-29,480.0,494.0,476.0,486.0,0.0,11185,5380478.0
2016-12-28,475.0,486.0,475.0,480.0,0.0,5296,2536040.0
2016-12-27,486.0,493.0,463.0,475.0,0.0,11594,5507098.0
2016-12-26,492.0,493.0,483.0,486.0,0.0,5314,2595823.0
2016-12-22,490.0,494.0,488.0,492.0,0.0,4076,1998936.0
2016-12-21,493.0,495.0,485.0,490.0,0.0,6435,3155313.0
2016-12-20,502.0,497.0,492.0,493.0,0.0,3197,1578931.0
2016-12-19,501.0,506.0,498.0,502.0,0.0,7370,3704683.0
2016-12-18,507.0,505.0,495.0,501.0,0.0,17095,8545136.0
2016-12-15,504.0,510.0,505.0,507.0,0.0,2652,1344762.0
2016-12-14,495.0,510.0,486.0,504.0,0.0,8567,4218949.0
2016-12-12,501.0,500.0,487.0,495.0,0.0,5447,2675054.0
2016-12-11,505.0,510.0,496.0,501.0,0.0,3186,1592275.0
2016-12-08,505.0,510.0,500.0,505.0,0.0,6764,3410213.0
2016-12-07,496.0,505.0,496.0,505.0,0.0,4426,2216993.0
2016-12-06,500.0,510.0,495.0,496.0,0.0,19231,9580649.0
2016-12-05,514.0,514.0,495.0,500.0,0.0,6174,3108454.0
2016-12-04,520.0,525.0,510.0,514.0,0.0,5050,2606653.0
2016-12-01,525.0,540.0,510.0,520.0,0.0,13358,7027445.0
2016-11-30,502.0,538.0,505.0,525.0,0.0,15629,8109971.0
2016-11-29,483.0,507.0,467.0,502.0,0.0,19534,9625708.0
2016-11-28,460.0,505.0,442.0,483.0,0.0,18989,8887659.0
2016-11-27,475.0,475.0,451.0,460.0,0.0,10741,4985853.0
2016-11-24,479.0,497.0,455.0,475.0,0.0,18495,8847062.0
2016-11-23,492.0,495.0,476.0,479.0,0.0,12975,6244833.0
2016-11-22,496.0,504.0,487.0,492.0,0.0,33826,16820338.0
2016-11-21,488.0,511.0,480.0,496.0,0.0,13903,6777466.0
2016-11-20,510.0,515.0,485.0,488.0,0.0,18379,9065168.0
2016-11-17,539.0,531.0,510.0,510.0,0.0,8255,4310771.0
2016-11-16,540.0,540.0,535.0,539.0,0.0,3692,1983303.0
2016-11-15,540.0,550.0,535.0,540.0,0.0,8574,4645584.0
2016-11-14,552.0,558.0,539.0,540.0,0.0,10637,5849078.0
2016-11-13,552.0,560.0,549.0,552.0,0.0,9367,5157946.0
2016-11-10,550.0,565.0,543.0,552.0,0.0,12546,6910763.0
2016-11-09,571.0,581.0,539.0,550.0,0.0,8139,4533190.0
2016-11-08,585.0,585.0,571.0,571.0,0.0,5419,3129464.0
2016-11-07,598.0,603.0,580.0,585.0,0.0,3610,2116807.0
2016-11-03,605.0,601.0,598.0,598.0,0.0,3847,2308396.0
2016-10-27,606.0,615.0,604.0,605.0,0.0,2624,1593285.0
2016-10-26,614.0,614.0,600.0,606.0,0.0,5115,3091497.0
2016-10-25,626.0,626.0,614.0,614.0,0.0,4098,2543041.0
2016-10-24,625.0,626.0,604.0,626.0,0.0,9048,5583205.0
2016-10-23,628.0,640.0,620.0,625.0,0.0,8108,5064445.0
2016-10-20,623.0,629.0,623.0,628.0,0.0,4534,2837181.0
2016-10-19,630.0,630.0,623.0,623.0,0.0,5811,3638859.0
2016-10-18,628.0,630.0,613.0,630.0,0.0,6863,4242589.0
2016-10-17,639.0,634.0,620.0,628.0,0.0,6503,4076211.0
2016-10-16,648.0,640.0,630.0,639.0,0.0,1176,745658.0
2016-10-06,640.0,648.0,637.0,648.0,0.0,6651,4297282.0
2016-10-05,629.0,646.0,630.0,640.0,0.0,3509,2241199.0
2016-10-04,637.0,649.0,628.0,629.0,0.0,6719,4277228.0
2016-10-03,658.0,653.0,620.0,637.0,0.0,16119,10193560.0
2016-10-02,885.0,897.0,877.0,877.0,0.0,107169,94845560.0
2016-09-29,897.0,900.0,875.0,885.0,0.0,48850,43216060.0
2016-09-28,896.0,899.0,880.0,897.0,0.0,28795,25601024.0
2016-09-27,896.0,910.0,891.0,896.0,0.0,40113,36030460.0
2016-09-26,883.0,908.0,880.0,896.0,0.0,47059,41958652.0
2016-09-25,910.0,910.0,870.0,883.0,0.0,40977,36278576.0
2016-09-22,929.0,930.0,910.0,910.0,0.0,25375,23287256.0
2016-09-21,940.0,943.0,919.0,929.0,0.0,61769,57179744.0
2016-09-20,963.0,962.0,935.0,940.0,0.0,46048,43479536.0
2016-09-18,985.0,1024.0,956.0,963.0,0.0,163597,158823200.0
2016-09-14,988.0,988.0,960.0,985.0,0.0,70657,69074816.0
2016-09-12,952.0,988.0,952.0,988.0,0.0,69222,66868272.0
2016-09-11,958.0,962.0,946.0,952.0,0.0,44001,41901128.0
2016-09-08,945.0,960.0,940.0,958.0,0.0,106756,101520872.0
2016-09-07,950.0,960.0,918.0,945.0,0.0,75998,71763896.0
2016-09-06,940.0,973.0,926.0,950.0,0.0,157479,150632240.0
2016-09-05,905.0,945.0,908.0,940.0,0.0,98869,92326584.0
2016-09-04,878.0,911.0,880.0,905.0,0.0,50413,45319744.0
2016-09-03,878.0,911.0,880.0,905.0,0.0,50413,45319744.0
2016-09-01,869.0,886.0,870.0,878.0,0.0,48153,42303792.0
2016-08-31,856.0,873.0,851.0,869.0,0.0,21328,18393444.0
2016-08-30,830.0,865.0,825.0,856.0,0.0,45364,38757100.0
2016-08-29,810.0,832.0,810.0,830.0,0.0,18056,14856712.0
2016-08-28,795.0,815.0,790.0,810.0,0.0,10253,8247953.0
2016-08-24,780.0,795.0,776.0,795.0,0.0,10074,7891102.0
2016-08-23,780.0,790.0,764.0,780.0,0.0,14877,11498790.0
2016-08-22,794.0,790.0,775.0,780.0,0.0,6660,5200602.0
2016-08-21,809.0,809.0,793.0,794.0,0.0,6790,5419872.0
2016-08-17,808.0,819.0,800.0,809.0,0.0,17396,14117456.0
2016-08-16,791.0,810.0,776.0,808.0,0.0,16667,13257572.0
2016-08-15,792.0,820.0,765.0,791.0,0.0,28731,22622634.0
2016-08-14,826.0,821.0,792.0,792.0,0.0,24860,20063460.0
2016-08-11,832.0,835.0,818.0,826.0,0.0,18941,15652923.0
2016-08-10,830.0,862.0,790.0,832.0,0.0,66714,54837756.0
2016-08-09,770.0,832.0,785.0,830.0,0.0,9521,7866881.0
2016-08-08,812.0,810.0,760.0,770.0,0.0,21737,17139726.0
2016-08-07,815.0,842.0,810.0,812.0,0.0,43162,35665260.0
2016-08-04,836.0,835.0,807.0,815.0,0.0,36404,29815736.0
2016-08-03,831.0,849.0,802.0,836.0,0.0,21495,17774432.0
2016-08-02,855.0,858.0,831.0,831.0,0.0,28264,23876146.0
2016-08-01,855.0,865.0,831.0,855.0,0.0,34675,29486344.0
2016-07-31,870.0,870.0,850.0,855.0,0.0,58643,50179512.0
2016-07-28,880.0,892.0,855.0,870.0,0.0,30043,26288058.0
2016-07-27,897.0,900.0,870.0,880.0,0.0,39503,34914460.0
2016-07-26,890.0,925.0,881.0,897.0,0.0,55807,49903800.0
2016-07-25,843.0,900.0,840.0,890.0,0.0,61488,53165520.0
2016-07-21,840.0,854.0,810.0,843.0,0.0,49432,41064956.0
2016-07-20,838.0,868.0,829.0,840.0,0.0,49309,41610416.0
2016-07-19,798.0,843.0,770.0,838.0,0.0,59754,49115480.0
2016-07-18,795.0,820.0,790.0,798.0,0.0,29843,23944772.0
2016-07-17,748.0,800.0,761.0,795.0,0.0,58405,46028912.0
2016-07-14,725.0,748.0,730.0,748.0,0.0,16340,12091210.0
2016-07-13,730.0,730.0,702.0,725.0,0.0,20679,14852191.0
2016-07-12,734.0,745.0,715.0,730.0,0.0,24536,17874626.0
2016-07-11,738.0,748.0,724.0,734.0,0.0,23303,17254056.0
2016-07-10,722.0,747.0,722.0,738.0,0.0,31268,22938088.0
2016-07-06,710.0,722.0,708.0,722.0,0.0,29435,21167296.0
2016-07-05,711.0,724.0,686.0,710.0,0.0,25476,17895340.0
2016-07-04,715.0,720.0,701.0,711.0,0.0,19537,13841595.0
2016-07-03,720.0,721.0,704.0,715.0,0.0,13940,9931118.0
2016-06-30,718.0,730.0,710.0,720.0,0.0,27403,19601040.0
2016-06-29,715.0,722.0,710.0,718.0,0.0,32457,23170862.0
2016-06-28,729.0,740.0,710.0,715.0,0.0,57085,41310132.0
2016-06-27,683.0,729.0,682.0,729.0,0.0,65714,45945908.0
2016-06-26,665.0,685.0,665.0,683.0,0.0,34220,23071428.0
2016-06-23,660.0,678.0,652.0,665.0,0.0,15500,10239158.0
2016-06-22,659.0,682.0,653.0,660.0,0.0,46840,31258722.0
2016-06-21,643.0,660.0,635.0,659.0,0.0,27312,17627324.0
2016-06-20,639.0,650.0,635.0,643.0,0.0,11139,7153385.0
2016-06-19,645.0,658.0,623.0,639.0,0.0,16337,10540797.0
2016-06-16,645.0,656.0,642.0,645.0,0.0,25252,16322110.0
2016-06-15,650.0,652.0,638.0,645.0,0.0,16492,10685676.0
2016-06-14,644.0,654.0,645.0,650.0,0.0,24283,15775770.0
2016-06-13,640.0,660.0,636.0,644.0,0.0,20994,13562386.0
2016-06-12,645.0,650.0,637.0,640.0,0.0,30867,19856988.0
2016-06-09,648.0,650.0,640.0,645.0,0.0,21961,14119082.0
2016-06-08,643.0,652.0,640.0,648.0,0.0,31032,20094724.0
2016-06-07,625.0,646.0,631.0,643.0,0.0,35529,22706594.0
2016-06-06,607.0,625.0,606.0,625.0,0.0,23944,14668318.0
2016-06-05,630.0,621.0,604.0,607.0,0.0,45465,27761692.0
2016-06-02,617.0,635.0,611.0,630.0,0.0,62934,38953372.0
2016-06-01,612.0,620.0,611.0,617.0,0.0,66916,41138912.0
2016-05-31,617.0,620.0,605.0,612.0,0.0,27486,16872944.0
2016-05-30,620.0,626.0,617.0,617.0,0.0,19035,11821716.0
2016-05-29,625.0,639.0,614.0,620.0,0.0,52226,32552740.0
2016-05-26,630.0,635.0,603.0,625.0,0.0,65599,40858340.0
2016-05-25,663.0,663.0,630.0,630.0,0.0,56103,35764412.0
2016-05-24,630.0,663.0,632.0,663.0,0.0,24148,15570173.0
2016-05-23,615.0,637.0,607.0,630.0,0.0,20933,13039192.0
2016-05-22,594.0,615.0,594.0,615.0,0.0,21275,12812361.0
2016-05-19,594.0,600.0,580.0,594.0,0.0,11597,6912940.0
2016-05-18,590.0,600.0,588.0,594.0,0.0,13203,7835225.0
2016-05-17,592.0,600.0,587.0,590.0,0.0,13661,8054696.0
2016-05-16,582.0,592.0,579.0,592.0,0.0,6879,4021664.0
2016-05-15,585.0,586.0,582.0,582.0,0.0,3403,1985963.0
2016-05-12,585.0,591.0,583.0,585.0,0.0,3671,2153121.0
2016-05-11,590.0,586.0,575.0,585.0,0.0,8000,4662306.0
2016-05-10,600.0,601.0,586.0,590.0,0.0,13376,7924432.0
2016-05-09,591.0,610.0,590.0,600.0,0.0,22037,13195515.0
2016-05-08,576.0,596.0,580.0,591.0,0.0,20270,11984637.0
2016-05-05,572.0,577.0,564.0,576.0,0.0,18670,10681090.0
2016-05-04,575.0,580.0,568.0,572.0,0.0,19689,11284568.0
2016-05-03,580.0,581.0,569.0,575.0,0.0,12942,7456812.0
2016-05-02,585.0,587.0,580.0,580.0,0.0,6128,3566007.0
2016-04-28,589.0,590.0,580.0,585.0,0.0,6859,4014573.0
2016-04-27,589.0,598.0,570.0,589.0,0.0,16605,9726405.0
2016-04-26,590.0,600.0,585.0,589.0,0.0,9790,5787815.0
2016-04-25,580.0,591.0,570.0,590.0,0.0,34894,20261834.0
2016-04-24,584.0,590.0,577.0,580.0,0.0,21029,12277116.0
2016-04-21,592.0,590.0,582.0,584.0,0.0,33166,19422204.0
2016-04-20,565.0,595.0,570.0,592.0,0.0,36037,20988948.0
2016-04-19,558.0,569.0,558.0,565.0,0.0,16971,9579890.0
2016-04-18,570.0,571.0,558.0,558.0,0.0,12855,7295696.0
2016-04-17,568.0,577.0,560.0,570.0,0.0,5768,3274800.0
2016-04-14,550.0,568.0,543.0,568.0,0.0,13819,7690814.0
2016-04-12,542.0,552.0,540.0,550.0,0.0,16226,8862170.0
2016-04-11,545.0,550.0,534.0,542.0,0.0,13080,7065861.0
2016-04-10,530.0,545.0,526.0,545.0,0.0,25977,13989468.0
2016-04-06,524.0,535.0,525.0,530.0,0.0,38985,20705820.0
2016-04-05,503.0,526.0,510.0,524.0,0.0,47495,24665634.0
2016-04-04,492.0,506.0,490.0,503.0,0.0,22270,11146037.0
2016-04-03,485.0,492.0,479.0,492.0,0.0,12877,6252996.0
2016-03-31,485.0,490.0,482.0,485.0,0.0,14561,7074430.0
2016-03-30,493.0,490.0,484.0,485.0,0.0,8011,3908919.0
2016-03-29,495.0,500.0,477.0,493.0,0.0,18264,9035144.0
2016-03-28,499.0,500.0,490.0,495.0,0.0,21795,10826543.0
2016-03-27,495.0,500.0,489.0,499.0,0.0,13633,6750216.0
2016-03-24,487.0,500.0,487.0,495.0,0.0,37087,18351168.0
2016-03-23,475.0,487.0,468.0,487.0,0.0,37788,17915788.0
2016-03-21,479.0,480.0,472.0,475.0,0.0,5001,2384264.0
2016-03-20,464.0,480.0,464.0,479.0,0.0,13890,6575500.0
2016-03-17,465.0,470.0,464.0,464.0,0.0,8100,3778103.0
2016-03-16,456.0,465.0,448.0,465.0,0.0,7794,3591401.0
2016-03-15,464.0,464.0,456.0,456.0,0.0,7742,3555066.0
2016-03-14,460.0,464.0,452.0,464.0,0.0,5116,2345863.0
2016-03-13,461.0,460.0,450.0,460.0,0.0,7520,3432360.0
2016-03-10,465.0,465.0,460.0,461.0,0.0,8051,3713445.0
2016-03-06,462.0,465.0,450.0,465.0,0.0,15072,6863205.0
2016-03-03,460.0,464.0,455.0,462.0,0.0,5385,2476909.0
2016-03-02,461.0,462.0,455.0,460.0,0.0,9886,4538757.0
2016-03-01,451.0,464.0,442.0,461.0,0.0,13479,6153723.0
2016-02-29,463.0,458.0,451.0,451.0,0.0,6505,2949274.0
2016-02-28,464.0,464.0,455.0,463.0,0.0,6644,3058236.0
2016-02-25,462.0,468.0,442.0,464.0,0.0,7208,3275456.0
2016-02-24,470.0,468.0,452.0,462.0,0.0,4045,1860612.0
2016-02-23,480.0,480.0,468.0,470.0,0.0,7086,3354828.0
2016-02-22,484.0,489.0,475.0,480.0,0.0,32644,15716973.0
2016-02-21,477.0,500.0,477.0,484.0,0.0,89018,43200160.0
2016-02-18,440.0,480.0,440.0,477.0,0.0,145350,67167864.0
2016-02-17,437.0,441.0,434.0,440.0,0.0,24537,10776089.0
2016-02-16,438.0,441.0,436.0,437.0,0.0,5849,2562991.0
2016-02-15,427.0,438.0,417.0,438.0,0.0,13227,5544411.0
2016-02-14,431.0,439.0,426.0,427.0,0.0,9153,3938982.0
2016-02-11,435.0,438.0,426.0,431.0,0.0,5506,2389076.0
2016-02-08,435.0,438.0,428.0,435.0,0.0,22104,9518938.0
2016-02-07,435.0,442.0,426.0,435.0,0.0,7667,3332229.0
2016-02-04,439.0,444.0,431.0,435.0,0.0,7276,3180294.0
2016-02-03,440.0,445.0,436.0,439.0,0.0,2880,1262438.0
2016-02-02,438.0,446.0,435.0,440.0,0.0,21191,9306196.0
2016-02-01,435.0,438.0,430.0,438.0,0.0,17193,7425464.0
2016-01-31,429.0,436.0,424.0,435.0,0.0,9917,4276014.0
2016-01-28,430.0,434.0,429.0,429.0,0.0,10300,4427591.0
2016-01-27,427.0,435.0,427.0,430.0,0.0,31789,13686384.0
2016-01-26,439.0,436.0,427.0,427.0,0.0,7499,3227557.0
2016-01-25,441.0,456.0,439.0,439.0,0.0,16233,7242185.0
2016-01-24,430.0,443.0,433.0,441.0,0.0,30703,13381904.0
2016-01-21,427.0,430.0,420.0,430.0,0.0,25270,10821443.0
2016-01-20,424.0,431.0,421.0,427.0,0.0,14549,6214910.0
2016-01-19,404.0,426.0,398.0,424.0,0.0,21010,8741264.0
2016-01-18,400.0,404.0,396.0,404.0,0.0,27150,10876758.0
2016-01-17,389.0,407.0,382.0,400.0,0.0,8357,3326743.0
2016-01-14,374.0,389.0,371.0,389.0,0.0,3861,1456261.0
2016-01-13,380.0,385.0,374.0,374.0,0.0,775,292375.0
2016-01-12,360.0,384.0,361.0,380.0,0.0,4868,1849506.0
2016-01-10,371.0,375.0,358.0,360.0,0.0,47846,17153286.0
2016-01-07,410.0,418.0,410.0,412.0,0.0,11717,4862366.0
2016-01-06,406.0,410.0,400.0,410.0,0.0,3830,1555145.0
2016-01-05,415.0,415.0,406.0,406.0,0.0,4706,1923311.0
2016-01-04,412.0,415.0,408.0,415.0,0.0,2162,891160.0
2016-01-03,404.0,420.0,411.0,412.0,0.0,6420,2660951.0
2015-12-31,408.0,405.0,397.0,404.0,0.0,2519,1015759.0
2015-12-29,395.0,416.0,398.0,408.0,0.0,1910,771120.0
2015-12-28,403.0,400.0,395.0,395.0,0.0,2883,1144867.0
2015-12-27,408.0,403.0,400.0,403.0,0.0,3530,1419123.0
2015-12-24,399.0,408.0,397.0,408.0,0.0,9056,3644347.0
2015-12-23,400.0,402.0,395.0,399.0,0.0,5405,2159617.0
2015-12-22,390.0,400.0,390.0,400.0,0.0,2707,1078328.0
2015-12-21,385.0,392.0,380.0,390.0,0.0,4315,1670823.0
2015-12-20,390.0,389.0,385.0,385.0,0.0,2696,1041280.0
2015-12-17,395.0,395.0,390.0,390.0,0.0,3150,1236500.0
2015-12-16,395.0,395.0,390.0,395.0,0.0,1225,478803.0
2015-12-15,397.0,400.0,392.0,395.0,0.0,985,389079.0
2015-12-14,400.0,400.0,397.0,397.0,0.0,1247,497871.0
2015-12-13,400.0,409.0,395.0,400.0,0.0,18847,7554962.0
2015-12-10,399.0,400.0,392.0,400.0,0.0,2156,856899.0
2015-12-09,387.0,400.0,392.0,399.0,0.0,12046,4787893.0
2015-12-08,376.0,387.0,378.0,387.0,0.0,6494,2486291.0
2015-12-07,385.0,382.0,370.0,376.0,0.0,4204,1571362.0
2015-12-06,365.0,385.0,370.0,385.0,0.0,10208,3791127.0
2015-12-03,365.0,370.0,360.0,365.0,0.0,1122,407740.0
2015-12-02,365.0,365.0,350.0,365.0,0.0,4633,1652910.0
2015-12-01,343.0,367.0,349.0,365.0,0.0,1752,637134.0
2015-11-30,334.0,345.0,340.0,343.0,0.0,3608,1239770.0
2015-11-29,348.0,342.0,331.0,334.0,0.0,5810,1948442.0
2015-11-26,360.0,353.0,343.0,348.0,0.0,2682,931310.0
2015-11-25,370.0,370.0,360.0,360.0,0.0,1037,377090.0
2015-11-24,377.0,380.0,370.0,370.0,0.0,1090,408644.0
2015-11-23,363.0,377.0,356.0,377.0,0.0,1868,675000.0
2015-11-22,380.0,378.0,360.0,363.0,0.0,3804,1387328.0
2015-11-19,380.0,380.0,373.0,380.0,0.0,1257,472123.0
2015-11-18,378.0,393.0,375.0,380.0,0.0,2720,1041650.0
2015-11-16,382.0,380.0,375.0,378.0,0.0,1486,562916.0
2015-11-15,384.0,382.0,382.0,382.0,0.0,884,337688.0
2015-11-10,389.0,386.0,380.0,384.0,0.0,1257,482373.0
2015-11-09,372.0,389.0,379.0,389.0,0.0,1028,393634.0
2015-11-08,372.0,372.0,370.0,372.0,0.0,1064,393873.0
2015-11-05,382.0,380.0,370.0,372.0,0.0,3289,1228522.0
2015-11-04,370.0,382.0,364.0,382.0,0.0,494,185029.0
2015-11-03,382.0,378.0,365.0,370.0,0.0,2203,805976.0
2015-11-02,385.0,387.0,380.0,382.0,0.0,3665,1405558.0
2015-11-01,400.0,392.0,385.0,385.0,0.0,1850,720300.0
2015-10-29,409.0,410.0,395.0,400.0,0.0,3023,1222564.0
2015-10-28,403.0,409.0,390.0,409.0,0.0,1012,401216.0
2015-10-27,516.0,508.0,490.0,490.0,0.0,11266,5597658.0
2015-10-25,519.0,519.0,516.0,516.0,0.0,3620,1876554.0
2015-10-19,516.0,522.0,515.0,519.0,0.0,11227,5828978.0
2015-10-18,519.0,528.0,515.0,516.0,0.0,24132,12681242.0
2015-10-15,522.0,525.0,519.0,519.0,0.0,4301,2243068.0
2015-10-14,515.0,525.0,511.0,522.0,0.0,2860,1490255.0
2015-10-11,530.0,538.0,515.0,515.0,0.0,10378,5448461.0
2015-10-08,529.0,530.0,520.0,530.0,0.0,15956,8408496.0
2015-10-07,525.0,531.0,520.0,529.0,0.0,6169,3230503.0
2015-10-06,536.0,533.0,523.0,525.0,0.0,7303,3849509.0
2015-10-05,540.0,539.0,531.0,536.0,0.0,3485,1868069.0
2015-10-04,550.0,552.0,535.0,540.0,0.0,30310,16482325.0
2015-10-01,555.0,560.0,540.0,550.0,0.0,10707,5955958.0
2015-09-30,546.0,555.0,545.0,555.0,0.0,23477,12948408.0
2015-09-29,534.0,546.0,538.0,546.0,0.0,15348,8344212.0
2015-09-28,538.0,541.0,518.0,534.0,0.0,21401,11382891.0
2015-09-24,530.0,538.0,520.0,538.0,0.0,21177,11191461.0
2015-09-23,510.0,535.0,516.0,530.0,0.0,9102,4771096.0
2015-09-22,540.0,531.0,510.0,510.0,0.0,23755,12375781.0
2015-09-17,530.0,545.0,522.0,540.0,0.0,32702,17436898.0
2015-09-16,530.0,535.0,521.0,530.0,0.0,44281,23338886.0
2015-09-15,515.0,530.0,517.0,530.0,0.0,17158,8922572.0
2015-09-14,515.0,535.0,513.0,515.0,0.0,6493,3355153.0
2015-09-13,505.0,520.0,502.0,515.0,0.0,5870,3006153.0
2015-09-10,514.0,510.0,505.0,505.0,0.0,4138,2097573.0
2015-09-09,510.0,514.0,507.0,514.0,0.0,6157,3139385.0
2015-09-08,512.0,514.0,507.0,510.0,0.0,4978,2540079.0
2015-09-07,511.0,515.0,507.0,512.0,0.0,2964,1511453.0
2015-09-06,508.0,512.0,489.0,511.0,0.0,9527,4796688.0
2015-09-03,507.0,516.0,505.0,508.0,0.0,6396,3256539.0
2015-09-02,518.0,515.0,506.0,507.0,0.0,7127,3626170.0
2015-09-01,520.0,523.0,515.0,518.0,0.0,7779,4043595.0
2015-08-31,525.0,530.0,520.0,520.0,0.0,6968,3631631.0
2015-08-27,530.0,533.0,515.0,525.0,0.0,19832,10422523.0
2015-08-26,515.0,530.0,515.0,530.0,0.0,28679,14980602.0
2015-08-25,524.0,521.0,503.0,515.0,0.0,7680,3959502.0
2015-08-24,525.0,540.0,515.0,524.0,0.0,38078,19993032.0
2015-08-23,519.0,527.0,493.0,525.0,0.0,19115,9908438.0
2015-08-20,518.0,560.0,518.0,519.0,0.0,36747,19648280.0
2015-08-19,487.0,520.0,491.0,518.0,0.0,54891,27872776.0
2015-08-18,500.0,520.0,485.0,487.0,0.0,31324,15770890.0
2015-08-17,495.0,519.0,469.0,500.0,0.0,41815,20865740.0
2015-08-16,462.0,498.0,471.0,495.0,0.0,1941,950487.0
2015-08-13,455.0,463.0,456.0,462.0,0.0,4518,2075666.0
2015-08-12,452.0,455.0,442.0,455.0,0.0,5538,2486882.0
2015-08-11,455.0,455.0,450.0,452.0,0.0,3150,1423883.0
2015-08-10,455.0,464.0,451.0,455.0,0.0,8565,3884065.0
2015-08-09,469.0,487.0,443.0,455.0,0.0,14681,6789126.0
2015-08-06,462.0,470.0,463.0,469.0,0.0,2605,1214304.0
2015-08-05,456.0,465.0,450.0,462.0,0.0,5584,2555368.0
2015-08-04,461.0,461.0,452.0,456.0,0.0,7588,3469598.0
2015-08-03,455.0,463.0,442.0,461.0,0.0,5949,2677137.0
2015-08-02,455.0,455.0,450.0,455.0,0.0,4130,1867004.0
2015-07-30,454.0,470.0,447.0,455.0,0.0,4603,2098379.0
2015-07-29,455.0,454.0,446.0,454.0,0.0,2973,1339441.0
2015-07-28,466.0,470.0,450.0,455.0,0.0,9316,4291120.0
2015-07-27,517.0,527.0,466.0,466.0,0.0,10115,4932531.0
2015-07-26,470.0,517.0,479.0,517.0,0.0,8270,4272922.0
2015-07-23,431.0,470.0,439.0,470.0,0.0,14663,6706469.0
2015-07-22,410.0,436.0,411.0,431.0,0.0,7719,3289027.0
2015-07-16,413.0,413.0,405.0,410.0,0.0,1775,729559.0
2015-07-15,414.0,413.0,412.0,413.0,0.0,906,373572.0
2015-07-14,410.0,418.0,410.0,414.0,0.0,1836,760885.0
2015-07-13,415.0,414.0,410.0,410.0,0.0,2497,1028161.0
2015-07-12,411.0,415.0,395.0,415.0,0.0,7876,3233855.0
2015-07-09,412.0,412.0,410.0,411.0,0.0,831,341535.0
2015-07-08,418.0,413.0,410.0,412.0,0.0,1469,603053.0
2015-07-07,413.0,418.0,408.0,418.0,0.0,1756,719962.0
2015-07-06,407.0,415.0,407.0,413.0,0.0,2007,823105.0
2015-07-05,406.0,410.0,405.0,407.0,0.0,16304,6625271.0
2015-07-02,410.0,410.0,405.0,406.0,0.0,6807,2770655.0
2015-07-01,416.0,413.0,410.0,410.0,0.0,2810,1155290.0
2015-06-30,415.0,416.0,409.0,416.0,0.0,2959,1216815.0
2015-06-29,418.0,425.0,414.0,415.0,0.0,5685,2376760.0
2015-06-28,414.0,418.0,412.0,418.0,0.0,7130,2962828.0
2015-06-25,414.0,416.0,410.0,414.0,0.0,3813,1571828.0
2015-06-24,413.0,414.0,411.0,414.0,0.0,2518,1039484.0
2015-06-23,410.0,413.0,402.0,413.0,0.0,5653,2292386.0
2015-06-22,400.0,410.0,400.0,410.0,0.0,5906,2372606.0
2015-06-21,405.0,402.0,400.0,400.0,0.0,1945,778586.0
2015-06-18,410.0,410.0,402.0,405.0,0.0,2060,837350.0
2015-06-17,412.0,417.0,410.0,410.0,0.0,4243,1753574.0
2015-06-16,405.0,413.0,407.0,412.0,0.0,2549,1045639.0
2015-06-15,392.0,405.0,390.0,405.0,0.0,1372,542790.0
2015-06-14,407.0,400.0,392.0,392.0,0.0,873,344616.0
2015-06-11,415.0,422.0,407.0,407.0,0.0,1422,591629.0
2015-06-10,421.0,420.0,415.0,415.0,0.0,2706,1126536.0
2015-06-09,409.0,449.0,417.0,421.0,0.0,9897,4273518.0
2015-06-08,400.0,415.0,400.0,409.0,0.0,4179,1704673.0
2015-06-07,393.0,405.0,394.0,400.0,0.0,1067,428526.0
2015-06-04,409.0,410.0,390.0,393.0,0.0,1759,701113.0
2015-06-03,380.0,409.0,387.0,409.0,0.0,2043,825662.0
2015-06-02,388.0,385.0,380.0,380.0,0.0,1097,419805.0
2015-06-01,364.0,390.0,371.0,388.0,0.0,4679,1783924.0
2015-05-31,331.0,364.0,337.0,364.0,0.0,627,222880.0
2015-05-28,323.0,339.0,318.0,331.0,0.0,5340,1762123.0
2015-05-27,327.0,327.0,317.0,323.0,0.0,5300,1707312.0
2015-05-26,326.0,345.0,320.0,327.0,0.0,2754,915848.0
2015-05-25,362.0,355.0,326.0,326.0,0.0,349,114924.0
2015-05-24,402.0,394.0,362.0,362.0,0.0,470,171589.0
2015-04-23,401.0,411.0,396.0,402.0,0.0,4657,1870154.0
2015-04-22,416.0,421.0,401.0,401.0,0.0,16172,6668680.0
2015-04-21,412.0,419.0,409.0,416.0,0.0,9218,3823801.0
2015-04-20,405.0,415.0,407.0,412.0,0.0,8122,3355067.0
2015-04-19,405.0,410.0,402.0,405.0,0.0,4950,2002627.0
2015-04-16,395.0,408.0,392.0,405.0,0.0,6073,2427176.0
2015-04-15,400.0,395.0,388.0,395.0,0.0,3295,1288724.0
2015-04-13,400.0,400.0,391.0,400.0,0.0,1829,725967.0
2015-04-12,403.0,408.0,400.0,400.0,0.0,3904,1577990.0
2015-04-09,394.0,405.0,392.0,403.0,0.0,9710,3874737.0
2015-04-08,383.0,395.0,385.0,394.0,0.0,2491,975702.0
2015-04-07,373.0,383.0,373.0,383.0,0.0,489,183056.0
2015-04-06,377.0,377.0,372.0,373.0,0.0,2167,810444.0
2015-04-05,384.0,386.0,375.0,377.0,0.0,1326,501348.0
2015-04-02,384.0,391.0,384.0,384.0,0.0,7164,2772440.0
2015-04-01,388.0,391.0,384.0,384.0,0.0,2190,848112.0
2015-03-31,386.0,393.0,380.0,388.0,0.0,3329,1279150.0
2015-03-30,383.0,390.0,380.0,386.0,0.0,9026,3462546.0
2015-03-29,388.0,388.0,382.0,383.0,0.0,725,277658.0
2015-03-26,389.0,388.0,382.0,388.0,0.0,2154,831299.0
2015-03-25,394.0,394.0,385.0,389.0,0.0,2473,955715.0
2015-03-24,394.0,394.0,388.0,394.0,0.0,1300,507595.0
2015-03-23,400.0,395.0,390.0,394.0,0.0,6104,2386352.0
2015-03-22,407.0,407.0,396.0,400.0,0.0,3921,1569052.0
2015-03-19,400.0,407.0,398.0,407.0,0.0,12529,5062672.0
2015-03-18,400.0,406.0,396.0,400.0,0.0,6527,2616784.0
2015-03-17,400.0,406.0,400.0,400.0,0.0,12532,5017271.0
2015-03-16,405.0,413.0,400.0,400.0,0.0,1728,703141.0
2015-03-15,417.0,410.0,403.0,405.0,0.0,2079,848926.0
2015-03-12,415.0,417.0,411.0,417.0,0.0,2018,834986.0
2015-03-11,413.0,415.0,408.0,415.0,0.0,3071,1265452.0
2015-03-10,404.0,413.0,400.0,413.0,0.0,2544,1037363.0
2015-03-09,405.0,413.0,402.0,404.0,0.0,767,311020.0
2015-03-04,406.0,408.0,400.0,405.0,0.0,3172,1288138.0
2015-03-03,400.0,406.0,403.0,406.0,0.0,832,336970.0
2015-03-02,392.0,400.0,394.0,400.0,0.0,1677,668999.0
2015-03-01,398.0,393.0,390.0,392.0,0.0,1712,671380.0
2015-02-26,402.0,402.0,396.0,398.0,0.0,1445,577364.0
2015-02-25,399.0,402.0,391.0,402.0,0.0,1533,611207.0
2015-02-24,397.0,401.0,397.0,399.0,0.0,5848,2340096.0
2015-02-23,399.0,397.0,391.0,397.0,0.0,1616,638945.0
2015-02-22,406.0,406.0,391.0,399.0,0.0,2749,1083748.0
2015-02-18,400.0,419.0,405.0,406.0,0.0,1057,432318.0
2015-02-16,436.0,435.0,425.0,430.0,0.0,26450,11363275.0
2015-02-15,429.0,436.0,422.0,436.0,0.0,34901,15019095.0
2015-02-12,425.0,429.0,422.0,429.0,0.0,14800,6297392.0
2015-02-11,422.0,429.0,422.0,425.0,0.0,20374,8666603.0
2015-02-10,424.0,428.0,417.0,422.0,0.0,8220,3454631.0
2015-02-09,416.0,435.0,417.0,424.0,0.0,11438,4822313.0
2015-02-08,416.0,417.0,408.0,416.0,0.0,2862,1180054.0
2015-02-05,420.0,420.0,408.0,416.0,0.0,3722,1547235.0
2015-02-04,423.0,424.0,417.0,420.0,0.0,3956,1661500.0
2015-02-03,416.0,427.0,416.0,423.0,0.0,20880,8804711.0
2015-02-02,416.0,417.0,413.0,416.0,0.0,5224,2168686.0
2015-02-01,416.0,417.0,406.0,416.0,0.0,6488,2684204.0
2015-01-29,420.0,421.0,405.0,416.0,0.0,6624,2740351.0
2015-01-28,418.0,420.0,413.0,420.0,0.0,3424,1429772.0
2015-01-27,402.0,418.0,400.0,418.0,0.0,3743,1538982.0
2015-01-26,410.0,415.0,401.0,402.0,0.0,3444,1394865.0
2015-01-25,408.0,410.0,400.0,410.0,0.0,2839,1152490.0
2015-01-22,409.0,410.0,398.0,408.0,0.0,3087,1248743.0
2015-01-20,416.0,415.0,402.0,409.0,0.0,2968,1214951.0
2015-01-19,411.0,434.0,414.0,416.0,0.0,7844,3299501.0
2015-01-18,410.0,425.0,410.0,411.0,0.0,10244,4226632.0
2015-01-14,408.0,413.0,409.0,410.0,0.0,5505,2260913.0
2015-01-13,412.0,410.0,406.0,408.0,0.0,2903,1187405.0
2015-01-12,408.0,415.0,403.0,412.0,0.0,2959,1203083.0
2015-01-11,413.0,414.0,408.0,408.0,0.0,8117,3335057.0
2015-01-08,415.0,421.0,406.0,413.0,0.0,5723,2375027.0
2015-01-07,412.0,415.0,403.0,415.0,0.0,5783,2379370.0
2015-01-06,407.0,413.0,400.0,412.0,0.0,11653,4762971.0
2015-01-05,412.0,419.0,402.0,407.0,0.0,10197,4173477.0
2015-01-04,402.0,412.0,401.0,412.0,0.0,18479,7542213.0
2015-01-01,400.0,406.0,395.0,402.0,0.0,5381,2167365.0
2014-12-31,399.0,403.0,390.0,400.0,0.0,7949,3170226.0
2014-12-29,400.0,406.0,388.0,399.0,0.0,12586,4994637.0
2014-12-28,382.0,408.0,388.0,400.0,0.0,24452,9751699.0
2014-12-24,379.0,393.0,374.0,382.0,0.0,7588,2935915.0
2014-12-23,377.0,383.0,372.0,379.0,0.0,2836,1066616.0
2014-12-22,385.0,381.0,377.0,377.0,0.0,3845,1456571.0
2014-12-21,392.0,390.0,380.0,385.0,0.0,1537,589747.0
2014-12-18,395.0,397.0,384.0,392.0,0.0,7712,3019108.0
2014-12-17,393.0,399.0,381.0,395.0,0.0,3372,1321826.0
2014-12-16,405.0,400.0,390.0,393.0,0.0,7225,2865883.0
2014-12-15,410.0,415.0,392.0,405.0,0.0,4644,1876007.0
2014-12-14,390.0,415.0,388.0,410.0,0.0,10622,4292811.0
2014-12-11,362.0,390.0,365.0,390.0,0.0,2999,1112804.0
2014-12-10,365.0,377.0,362.0,362.0,0.0,3052,1120600.0
2014-12-09,361.0,366.0,359.0,365.0,0.0,1655,600615.0
2014-12-08,368.0,368.0,360.0,361.0,0.0,1706,616794.0
2014-12-07,358.0,368.0,355.0,368.0,0.0,2720,982106.0
2014-12-04,353.0,365.0,356.0,358.0,0.0,2096,755309.0
2014-12-03,354.0,380.0,352.0,353.0,0.0,3675,1315224.0
2014-12-02,350.0,354.0,346.0,354.0,0.0,2614,914662.0
2014-12-01,348.0,355.0,345.0,350.0,0.0,3389,1185296.0
2014-11-30,359.0,355.0,348.0,348.0,0.0,252,88794.0
2014-11-25,352.0,359.0,350.0,359.0,0.0,2869,1019078.0
2014-11-24,360.0,360.0,351.0,352.0,0.0,2331,830887.0
2014-11-23,353.0,375.0,354.0,360.0,0.0,4181,1513696.0
2014-11-20,346.0,363.0,342.0,353.0,0.0,1112,391977.0
2014-11-19,358.0,362.0,346.0,346.0,0.0,2072,726833.0
2014-11-18,337.0,358.0,319.0,358.0,0.0,5107,1686316.0
2014-11-17,352.0,356.0,336.0,337.0,0.0,4097,1414196.0
2014-11-16,368.0,372.0,351.0,352.0,0.0,1943,696434.0
2014-11-13,374.0,378.0,365.0,368.0,0.0,8451,3132791.0
2014-11-12,377.0,380.0,372.0,374.0,0.0,5257,1980591.0
2014-11-11,372.0,379.0,357.0,377.0,0.0,1927,713720.0
2014-11-10,375.0,379.0,368.0,372.0,0.0,3495,1292837.0
2014-11-09,377.0,377.0,370.0,375.0,0.0,3550,1327726.0
2014-11-06,380.0,382.0,369.0,377.0,0.0,3136,1171893.0
2014-11-05,372.0,385.0,366.0,380.0,0.0,2663,1011617.0
2014-11-04,372.0,377.0,365.0,372.0,0.0,8237,3043096.0
2014-11-03,381.0,387.0,372.0,372.0,0.0,1206,453642.0
2014-11-02,390.0,386.0,377.0,381.0,0.0,4188,1597196.0
2014-10-30,390.0,397.0,385.0,390.0,0.0,3684,1446133.0
2014-10-28,387.0,390.0,382.0,390.0,0.0,6206,2407440.0
2014-10-27,386.0,387.0,383.0,387.0,0.0,1307,501674.0
2014-10-26,385.0,386.0,386.0,386.0,0.0,202,77972.0
2014-10-22,390.0,390.0,376.0,385.0,0.0,2065,787535.0
2014-10-21,377.0,390.0,375.0,390.0,0.0,1195,454796.0
2014-10-20,387.0,387.0,377.0,377.0,0.0,4080,1559105.0
2014-10-19,390.0,388.0,380.0,387.0,0.0,654,250857.0
2014-10-16,390.0,393.0,379.0,390.0,0.0,3317,1280601.0
2014-10-15,381.0,390.0,372.0,390.0,0.0,4361,1653717.0
2014-10-14,380.0,382.0,370.0,381.0,0.0,3136,1174830.0
2014-10-13,375.0,380.0,370.0,380.0,0.0,2246,838022.0
2014-10-12,382.0,379.0,372.0,375.0,0.0,813,304381.0
2014-10-09,370.0,389.0,360.0,382.0,0.0,1063,394225.0
2014-10-08,381.0,374.0,367.0,370.0,0.0,413,152740.0
2014-09-30,384.0,397.0,380.0,381.0,0.0,3325,1285850.0
2014-09-29,375.0,386.0,375.0,384.0,0.0,24108,9105385.0
2014-09-28,375.0,381.0,373.0,375.0,0.0,18930,7107311.0
2014-09-24,370.0,378.0,363.0,375.0,0.0,6286,2348620.0
2014-09-23,361.0,375.0,351.0,370.0,0.0,3623,1328707.0
2014-09-22,358.0,361.0,348.0,361.0,0.0,2780,984304.0
2014-09-21,365.0,365.0,342.0,358.0,0.0,2288,800593.0
2014-09-18,372.0,365.0,355.0,365.0,0.0,2786,994200.0
2014-09-17,377.0,377.0,372.0,372.0,0.0,6918,2594857.0
2014-09-16,376.0,380.0,366.0,377.0,0.0,9296,3487742.0
2014-09-15,375.0,381.0,365.0,376.0,0.0,9714,3624148.0
2014-09-14,371.0,375.0,358.0,375.0,0.0,2959,1072743.0
2014-09-11,376.0,375.0,356.0,371.0,0.0,2580,942859.0
2014-09-10,392.0,406.0,376.0,376.0,0.0,2190,866555.0
2014-09-09,366.0,392.0,365.0,392.0,0.0,7289,2722442.0
2014-09-07,385.0,381.0,366.0,366.0,0.0,1407,521915.0
2014-09-04,402.0,394.0,380.0,385.0,0.0,4867,1859918.0
2014-09-03,408.0,409.0,391.0,402.0,0.0,6624,2620520.0
2014-09-01,400.0,408.0,378.0,408.0,0.0,16003,6138404.0
2014-08-31,401.0,400.0,392.0,400.0,0.0,10169,4011819.0
2014-08-28,425.0,423.0,393.0,401.0,0.0,30488,12108897.0
2014-08-27,390.0,429.0,397.0,425.0,0.0,8209,3444609.0
2014-08-26,407.0,419.0,390.0,390.0,0.0,6028,2417565.0
2014-08-25,421.0,425.0,393.0,407.0,0.0,6035,2438776.0
2014-08-24,421.0,430.0,414.0,421.0,0.0,5130,2167414.0
2014-08-21,421.0,433.0,391.0,421.0,0.0,10084,4135062.0
2014-08-20,430.0,433.0,420.0,421.0,0.0,5108,2161916.0
2014-08-19,438.0,448.0,427.0,430.0,0.0,9518,4163139.0
2014-08-18,465.0,464.0,431.0,438.0,0.0,3315,1486954.0
2014-08-14,465.0,465.0,460.0,465.0,0.0,2704,1254251.0
2014-08-13,468.0,475.0,465.0,465.0,0.0,6748,3163869.0
2014-08-12,475.0,480.0,468.0,468.0,0.0,3760,1777303.0
2014-08-07,479.0,475.0,456.0,475.0,0.0,2873,1341257.0
2014-08-06,485.0,490.0,475.0,479.0,0.0,7378,3545332.0
2014-08-05,480.0,499.0,471.0,485.0,0.0,13000,6299118.0
2014-08-04,476.0,480.0,474.0,480.0,0.0,4593,2196975.0
2014-08-03,487.0,486.0,476.0,476.0,0.0,4084,1971363.0
2014-07-31,492.0,495.0,482.0,487.0,0.0,5227,2549705.0
2014-07-30,490.0,500.0,485.0,492.0,0.0,5039,2476517.0
2014-07-28,506.0,506.0,490.0,490.0,0.0,5407,2693712.0
2014-07-27,503.0,506.0,500.0,506.0,0.0,2490,1253022.0
2014-07-24,500.0,505.0,495.0,503.0,0.0,7611,3794767.0
2014-07-23,499.0,508.0,495.0,500.0,0.0,13168,6617798.0
2014-07-22,510.0,500.0,486.0,499.0,0.0,13657,6727904.0
2014-07-21,511.0,520.0,501.0,510.0,0.0,17513,8963808.0
2014-07-20,508.0,520.0,499.0,511.0,0.0,14768,7502260.0
2014-07-17,510.0,512.0,505.0,508.0,0.0,6400,3262819.0
2014-07-16,508.0,515.0,500.0,510.0,0.0,5738,2922024.0
2014-07-15,510.0,508.0,500.0,508.0,0.0,5986,3012311.0
2014-07-14,503.0,510.0,495.0,510.0,0.0,6811,3408530.0
2014-07-13,508.0,538.0,500.0,503.0,0.0,12210,6255777.0
2014-07-10,500.0,508.0,483.0,508.0,0.0,25781,12876253.0
2014-07-09,503.0,500.0,485.0,500.0,0.0,6100,2990878.0
2014-07-08,458.0,503.0,447.0,503.0,0.0,31593,15238000.0
2014-07-07,434.0,458.0,435.0,458.0,0.0,6768,3017078.0
2014-07-06,428.0,435.0,428.0,434.0,0.0,5051,2176264.0
2014-07-03,445.0,453.0,428.0,428.0,0.0,22634,9870561.0
2014-07-02,433.0,448.0,432.0,445.0,0.0,7473,3311694.0
2014-07-01,435.0,439.0,430.0,433.0,0.0,1251,543365.0
2014-06-30,434.0,442.0,434.0,435.0,0.0,3554,1552639.0
2014-06-29,435.0,440.0,432.0,434.0,0.0,8899,3886058.0
2014-06-26,432.0,440.0,430.0,435.0,0.0,4367,1897197.0
2014-06-25,428.0,437.0,426.0,432.0,0.0,2285,984655.0
2014-06-24,418.0,430.0,415.0,428.0,0.0,3534,1488661.0
2014-06-23,430.0,423.0,415.0,418.0,0.0,864,361889.0
2014-06-19,432.0,435.0,428.0,430.0,0.0,1193,514191.0
2014-06-18,445.0,451.0,430.0,432.0,0.0,4147,1831404.0
2014-06-17,447.0,455.0,437.0,445.0,0.0,3150,1405031.0
2014-06-16,435.0,455.0,435.0,447.0,0.0,6424,2879013.0
2014-06-15,425.0,444.0,420.0,435.0,0.0,4825,2083953.0
2014-06-12,418.0,425.0,418.0,425.0,0.0,4963,2106752.0
2014-06-11,413.0,426.0,416.0,418.0,0.0,8965,3770056.0
2014-06-10,407.0,417.0,408.0,413.0,0.0,9649,3981981.0
2014-06-09,401.0,415.0,402.0,407.0,0.0,2970,1207297.0
2014-06-08,409.0,408.0,401.0,401.0,0.0,1458,591210.0
2014-06-05,403.0,413.0,406.0,409.0,0.0,2276,933460.0
2014-06-04,407.0,410.0,401.0,403.0,0.0,2262,918739.0
2014-06-03,400.0,413.0,392.0,407.0,0.0,3798,1551431.0
2014-06-02,394.0,405.0,393.0,400.0,0.0,4297,1709494.0
2014-06-01,395.0,402.0,394.0,394.0,0.0,3716,1476205.0
2014-05-28,390.0,400.0,393.0,395.0,0.0,616,243781.0
2014-05-27,395.0,398.0,390.0,390.0,0.0,1185,468625.0
2014-05-26,400.0,400.0,393.0,395.0,0.0,570,226042.0
2014-05-25,395.0,400.0,395.0,400.0,0.0,1292,514928.0
2014-05-22,395.0,398.0,392.0,395.0,0.0,2148,850307.0
2014-05-21,395.0,395.0,385.0,395.0,0.0,1073,420920.0
2014-05-20,395.0,397.0,390.0,395.0,0.0,644,252232.0
2014-05-19,390.0,395.0,382.0,395.0,0.0,1769,684547.0
2014-05-18,395.0,395.0,390.0,390.0,0.0,851,332850.0
2014-05-15,400.0,407.0,392.0,395.0,0.0,1993,793903.0
2014-05-13,400.0,403.0,395.0,400.0,0.0,2321,925760.0
2014-05-12,395.0,400.0,393.0,400.0,0.0,1152,457341.0
2014-05-11,394.0,401.0,393.0,395.0,0.0,970,386227.0
2014-05-08,415.0,407.0,393.0,394.0,0.0,1473,585504.0
2014-05-07,401.0,415.0,407.0,415.0,0.0,2693,1105212.0
2014-05-06,391.0,409.0,393.0,401.0,0.0,7344,2939274.0
2014-05-05,377.0,392.0,384.0,391.0,0.0,1025,395133.0
2014-05-04,380.0,395.0,375.0,377.0,0.0,3148,1200191.0
2014-04-30,379.0,385.0,374.0,380.0,0.0,2128,808792.0
2014-04-29,385.0,387.0,371.0,379.0,0.0,3315,1261800.0
2014-04-28,390.0,391.0,385.0,385.0,0.0,836,324098.0
2014-04-27,392.0,391.0,386.0,390.0,0.0,998,387743.0
2014-04-23,402.0,401.0,392.0,392.0,0.0,1939,765527.0
2014-04-22,396.0,402.0,395.0,402.0,0.0,1896,755723.0
2014-04-21,395.0,396.0,386.0,396.0,0.0,2032,794716.0
2014-04-20,401.0,400.0,390.0,395.0,0.0,1802,713680.0
2014-04-17,401.0,402.0,393.0,401.0,0.0,2164,861267.0
2014-04-16,407.0,405.0,400.0,401.0,0.0,2486,997630.0
2014-04-15,408.0,420.0,405.0,407.0,0.0,907,372316.0
2014-04-13,407.0,425.0,408.0,408.0,0.0,575,239604.0
2014-04-09,457.0,460.0,449.0,452.0,0.0,20986,9470553.0
2014-04-07,460.0,461.0,445.0,457.0,0.0,7461,3378403.0
2014-04-06,460.0,468.0,455.0,460.0,0.0,13237,6066970.0
2014-04-03,465.0,474.0,455.0,460.0,0.0,20011,9256088.0
2014-04-02,460.0,484.0,456.0,465.0,0.0,20392,9533803.0
2014-04-01,430.0,460.0,429.0,460.0,0.0,5433,2427229.0
2014-03-31,423.0,434.0,423.0,430.0,0.0,4415,1890159.0
2014-03-27,435.0,433.0,426.0,431.0,0.0,2484,1065476.0
2014-03-26,439.0,435.0,428.0,435.0,0.0,2660,1148338.0
2014-03-25,432.0,439.0,427.0,439.0,0.0,1571,679654.0
2014-03-24,427.0,437.0,426.0,432.0,0.0,2324,1005605.0
2014-03-23,434.0,430.0,423.0,427.0,0.0,3835,1634865.0
2014-03-20,427.0,438.0,425.0,434.0,0.0,4001,1730634.0
2014-03-19,421.0,436.0,413.0,427.0,0.0,6833,2939667.0
2014-03-18,424.0,423.0,414.0,421.0,0.0,6840,2854548.0
2014-03-17,440.0,432.0,417.0,424.0,0.0,3081,1312456.0
2014-03-13,432.0,442.0,424.0,440.0,0.0,4910,2151810.0
2014-03-12,435.0,438.0,430.0,432.0,0.0,3439,1484569.0
2014-03-11,448.0,444.0,434.0,435.0,0.0,5095,2221596.0
2014-03-10,454.0,450.0,445.0,448.0,0.0,2332,1043083.0
2014-03-09,461.0,461.0,445.0,454.0,0.0,4774,2152043.0
2014-03-06,462.0,463.0,449.0,461.0,0.0,10045,4571473.0
2014-03-05,452.0,462.0,446.0,462.0,0.0,7307,3339320.0
2014-03-04,462.0,460.0,441.0,452.0,0.0,15492,6993485.0
2014-03-03,465.0,464.0,454.0,462.0,0.0,13675,6276055.0
2014-02-26,476.0,483.0,459.0,465.0,0.0,6866,3220209.0
2014-02-25,462.0,476.0,450.0,476.0,0.0,8964,4139457.0
2014-02-24,465.0,482.0,461.0,462.0,0.0,14496,6787669.0
2014-02-23,460.0,468.0,450.0,465.0,0.0,9956,4582734.0
2014-02-20,454.0,463.0,455.0,460.0,0.0,3514,1614042.0
2014-02-18,445.0,460.0,445.0,454.0,0.0,8392,3794247.0
2014-02-17,450.0,450.0,443.0,445.0,0.0,4002,1787343.0
2014-02-16,451.0,450.0,441.0,450.0,0.0,4001,1791213.0
2014-02-13,460.0,460.0,451.0,451.0,0.0,6135,2796086.0
2014-02-12,453.0,460.0,441.0,460.0,0.0,9537,4293839.0
2014-02-11,440.0,457.0,435.0,453.0,0.0,14861,6672252.0
2014-02-10,437.0,460.0,440.0,440.0,0.0,13524,6052537.0
2014-02-09,449.0,442.0,430.0,437.0,0.0,4092,1787777.0
2014-02-06,441.0,449.0,436.0,449.0,0.0,6751,2980085.0
2014-02-04,431.0,435.0,416.0,430.0,0.0,2641,1130255.0
2014-02-03,427.0,431.0,420.0,431.0,0.0,6652,2829221.0
2014-02-02,438.0,435.0,419.0,427.0,0.0,2736,1166707.0
2014-01-29,441.0,442.0,433.0,438.0,0.0,6995,3063258.0
2014-01-28,438.0,449.0,425.0,441.0,0.0,11532,5107924.0
2014-01-27,441.0,441.0,430.0,438.0,0.0,2535,1102852.0
2014-01-26,444.0,445.0,431.0,441.0,0.0,7810,3427961.0
2014-01-23,450.0,451.0,440.0,444.0,0.0,3738,1665539.0
2014-01-22,450.0,451.0,433.0,450.0,0.0,10108,4460624.0
2014-01-21,452.0,455.0,441.0,450.0,0.0,5156,2317085.0
2014-01-20,460.0,463.0,450.0,452.0,0.0,9018,4124076.0
2014-01-19,460.0,460.0,450.0,460.0,0.0,9065,4102987.0
2014-01-16,445.0,465.0,445.0,460.0,0.0,23340,10635049.0
2014-01-14,450.0,453.0,443.0,445.0,0.0,13815,6185910.0
2014-01-13,448.0,455.0,449.0,450.0,0.0,22618,10212083.0
2014-01-12,437.0,454.0,437.0,448.0,0.0,16388,7325573.0
2014-01-09,421.0,446.0,429.0,437.0,0.0,42550,18614588.0
2014-01-08,430.0,438.0,420.0,421.0,0.0,8920,3861884.0
2014-01-07,399.0,433.0,388.0,430.0,0.0,14941,6166021.0
2014-01-06,391.0,399.0,386.0,399.0,0.0,8912,3502531.0
2014-01-05,400.0,399.0,379.0,391.0,0.0,6910,2705427.0
2014-01-02,388.0,410.0,369.0,400.0,0.0,6843,2619378.0
2014-01-01,400.0,392.0,378.0,388.0,0.0,4426,1695296.0
2013-12-31,406.0,406.0,400.0,400.0,0.0,9305,3747784.0
2013-12-29,413.0,410.0,400.0,406.0,0.0,20146,8209935.0
2013-12-26,410.0,435.0,402.0,413.0,0.0,8589,3560189.0
2013-12-24,399.0,420.0,375.0,409.0,0.0,14618,5803594.0
2013-12-23,420.0,436.0,398.0,399.0,0.0,12585,5090733.0
2013-12-22,455.0,455.0,422.0,438.0,0.0,15136,6507927.0
2013-12-19,446.0,460.0,402.0,455.0,0.0,33706,14817999.0
2013-12-18,422.0,454.0,428.0,446.0,0.0,7473,3236604.0
2013-12-16,384.0,422.0,390.0,422.0,0.0,4761,1941536.0
2013-12-15,371.0,396.0,361.0,384.0,0.0,14121,5247046.0
2013-12-12,362.0,375.0,365.0,371.0,0.0,9257,3426341.0
2013-12-11,355.0,371.0,350.0,362.0,0.0,8414,3049166.0
2013-12-10,358.0,357.0,345.0,355.0,0.0,9308,3257844.0
2013-12-09,362.0,364.0,355.0,360.0,0.0,3692,1319575.0
2013-12-08,362.0,369.0,340.0,362.0,0.0,16602,5910419.0
2013-12-05,360.0,396.0,358.0,362.0,0.0,17111,6535322.0
2013-12-04,330.0,363.0,326.0,360.0,0.0,20487,7143258.0
2013-12-03,317.0,343.0,320.0,330.0,0.0,4383,1452741.0
2013-12-02,302.0,325.0,296.0,317.0,0.0,9309,2906743.0
2013-12-01,296.0,307.0,289.0,302.0,0.0,11272,3413437.0
2013-11-28,294.0,299.0,292.0,296.0,0.0,12565,3713014.0
2013-11-27,293.0,298.0,285.0,294.0,0.0,15446,4451702.0
2013-11-26,293.0,303.0,293.0,293.0,0.0,25521,7564885.0
2013-11-25,287.0,295.0,285.0,293.0,0.0,26329,7620966.0
2013-11-24,261.0,287.0,266.0,287.0,0.0,4844,1383155.0
2013-11-14,269.0,268.0,260.0,261.0,0.0,14841,3897926.0
2013-11-13,263.0,272.0,264.0,269.0,0.0,17106,4597539.0
2013-11-12,250.0,270.0,251.0,263.0,0.0,28736,7548600.0
2013-11-11,237.0,250.0,233.0,250.0,0.0,12642,3051468.0
2013-11-10,230.0,238.0,230.0,237.0,0.0,3973,933686.0
2013-11-07,231.0,234.0,228.0,230.0,0.0,3208,741224.0
2013-11-06,226.0,231.0,228.0,231.0,0.0,750,172311.0
2013-10-31,228.0,228.0,225.0,226.0,0.0,4851,1093982.0
2013-10-30,226.0,230.0,225.0,228.0,0.0,4073,929442.0
2013-10-29,226.0,228.0,222.0,226.0,0.0,6908,1554679.0
2013-10-28,225.0,228.0,225.0,226.0,0.0,2644,598564.0
2013-10-27,240.0,238.0,222.0,225.0,0.0,1128,254987.0
2013-10-24,228.0,240.0,226.0,240.0,0.0,10661,2474196.0
2013-10-23,229.0,232.0,226.0,228.0,0.0,8362,1904454.0
2013-10-22,241.0,238.0,229.0,229.0,0.0,11700,2706248.0
2013-10-21,239.0,243.0,234.0,241.0,0.0,6369,1528488.0
2013-10-20,232.0,243.0,235.0,239.0,0.0,10527,2521713.0
2013-10-17,232.0,235.0,230.0,232.0,0.0,1776,412033.0
2013-10-10,230.0,232.0,228.0,232.0,0.0,458,105056.0
2013-10-09,228.0,233.0,227.0,230.0,0.0,748,171580.0
2013-10-08,230.0,234.0,228.0,228.0,0.0,789,181214.0
2013-10-07,230.0,230.0,226.0,230.0,0.0,1315,301244.0
2013-10-06,231.0,230.0,223.0,230.0,0.0,1424,323866.0
2013-10-03,223.0,231.0,221.0,231.0,0.0,2455,549470.0
2013-10-02,227.0,226.0,223.0,223.0,0.0,1027,230132.0
2013-10-01,223.0,227.0,222.0,227.0,0.0,1440,323225.0
2013-09-30,224.0,225.0,222.0,223.0,0.0,1415,316214.0
2013-09-29,222.0,224.0,220.0,224.0,0.0,1424,315355.0
2013-09-26,225.0,226.0,222.0,222.0,0.0,2334,521753.0
2013-09-25,228.0,229.0,225.0,225.0,0.0,1709,388345.0
2013-09-24,228.0,229.0,226.0,228.0,0.0,2526,574100.0
2013-09-23,227.0,230.0,223.0,228.0,0.0,3676,838590.0
2013-09-22,230.0,231.0,223.0,227.0,0.0,2313,524583.0
2013-09-19,230.0,231.0,226.0,230.0,0.0,4486,1023502.0
2013-09-17,230.0,230.0,227.0,230.0,0.0,4122,945736.0
2013-09-16,230.0,231.0,224.0,230.0,0.0,2616,598162.0
2013-09-15,229.0,230.0,225.0,230.0,0.0,3687,843883.0
2013-09-12,228.0,230.0,227.0,229.0,0.0,3518,803578.0
2013-09-11,230.0,231.0,226.0,228.0,0.0,5744,1308874.0
2013-09-10,240.0,236.0,226.0,230.0,0.0,2496,574134.0
2013-09-09,230.0,240.0,229.0,240.0,0.0,4015,929146.0
2013-09-08,235.0,238.0,228.0,230.0,0.0,2443,565215.0
2013-09-05,227.0,235.0,225.0,235.0,0.0,5262,1219066.0
2013-09-04,227.0,229.0,226.0,227.0,0.0,1893,429532.0
2013-09-03,234.0,230.0,226.0,227.0,0.0,5937,1353565.0
2013-09-02,230.0,234.0,228.0,234.0,0.0,2484,570987.0
2013-09-01,235.0,231.0,226.0,230.0,0.0,3701,848131.0
2013-08-29,233.0,235.0,230.0,235.0,0.0,7604,1774990.0
2013-08-27,232.0,235.0,230.0,233.0,0.0,4618,1070818.0
2013-08-26,231.0,232.0,229.0,232.0,0.0,4299,989947.0
2013-08-25,235.0,235.0,230.0,231.0,0.0,3516,813345.0
2013-08-20,235.0,239.0,230.0,235.0,0.0,3457,810530.0
2013-08-19,228.0,235.0,227.0,235.0,0.0,3677,852016.0
2013-08-18,223.0,232.0,222.0,228.0,0.0,2724,617728.0
2013-08-15,226.0,226.0,222.0,223.0,0.0,2287,513942.0
2013-08-14,225.0,227.0,223.0,226.0,0.0,1749,395302.0
2013-08-13,227.0,228.0,223.0,225.0,0.0,5022,1128085.0
2013-08-12,231.0,230.0,226.0,227.0,0.0,1763,401779.0
2013-08-11,232.0,232.0,228.0,231.0,0.0,10173,2353454.0
2013-08-08,233.0,233.0,228.0,232.0,0.0,4079,939433.0
2013-08-07,236.0,234.0,229.0,233.0,0.0,4775,1109193.0
2013-08-06,234.0,238.0,226.0,236.0,0.0,6657,1555861.0
2013-08-05,241.0,240.0,234.0,234.0,0.0,5445,1286684.0
2013-08-04,236.0,247.0,238.0,241.0,0.0,25977,6248983.0
2013-08-01,240.0,240.0,235.0,236.0,0.0,10952,2600955.0
2013-07-31,237.0,243.0,235.0,240.0,0.0,17803,4237537.0
2013-07-30,238.0,238.0,234.0,237.0,0.0,7232,1710088.0
2013-07-29,234.0,239.0,233.0,238.0,0.0,12983,3072629.0
2013-07-28,230.0,234.0,229.0,234.0,0.0,7209,1667808.0
2013-07-25,231.0,230.0,228.0,230.0,0.0,3738,856010.0
2013-07-24,233.0,237.0,229.0,231.0,0.0,5806,1351908.0
2013-07-23,232.0,233.0,226.0,233.0,0.0,4616,1064890.0
2013-07-22,235.0,235.0,225.0,232.0,0.0,4529,1040616.0
2013-07-21,227.0,240.0,226.0,235.0,0.0,11352,2658951.0
2013-07-18,231.0,227.0,220.0,227.0,0.0,1976,443053.0
2013-07-15,218.0,231.0,219.0,231.0,0.0,440,97267.0
2013-07-14,217.0,222.0,217.0,218.0,0.0,375,82648.0
2013-07-11,221.0,225.0,216.0,217.0,0.0,970,213318.0
2013-07-10,221.0,223.0,220.0,221.0,0.0,1132,250047.0
2013-07-09,218.0,223.0,214.0,221.0,0.0,1808,398181.0
2013-07-08,214.0,219.0,214.0,218.0,0.0,2180,473191.0
2013-07-07,216.0,216.0,214.0,214.0,0.0,3276,703594.0
2013-07-04,216.0,217.0,214.0,216.0,0.0,2347,505942.0
2013-07-03,216.0,216.0,214.0,216.0,0.0,881,189682.0
2013-07-02,215.0,218.0,214.0,216.0,0.0,2125,458302.0
2013-07-01,218.0,217.0,215.0,215.0,0.0,931,201118.0
2013-06-30,218.0,218.0,215.0,218.0,0.0,878,189442.0
2013-06-27,222.0,218.0,214.0,218.0,0.0,1682,364561.0
2013-06-26,217.0,225.0,217.0,222.0,0.0,2793,623176.0
2013-06-25,213.0,220.0,211.0,217.0,0.0,5297,1140097.0
2013-06-24,212.0,213.0,210.0,213.0,0.0,1401,297276.0
2013-06-23,211.0,212.0,207.0,212.0,0.0,4035,846749.0
2013-06-20,213.0,212.0,211.0,211.0,0.0,978,206571.0
2013-06-19,213.0,213.0,205.0,213.0,0.0,1267,267137.0
2013-06-18,215.0,219.0,213.0,213.0,0.0,1016,217503.0
2013-06-17,217.0,217.0,215.0,215.0,0.0,2082,449270.0
2013-06-16,217.0,220.0,215.0,217.0,0.0,2960,639233.0
2013-06-13,218.0,218.0,214.0,217.0,0.0,2577,556700.0
2013-06-12,217.0,218.0,216.0,218.0,0.0,3380,735467.0
2013-06-11,216.0,217.0,215.0,217.0,0.0,871,188756.0
2013-06-10,219.0,217.0,215.0,216.0,0.0,1596,345364.0
2013-06-09,219.0,219.0,216.0,219.0,0.0,1151,249993.0
2013-06-06,217.0,219.0,214.0,219.0,0.0,1434,311547.0
2013-06-05,217.0,218.0,216.0,217.0,0.0,967,210099.0
2013-06-04,216.0,217.0,213.0,217.0,0.0,2952,639695.0
2013-06-03,217.0,218.0,214.0,216.0,0.0,1984,428744.0
2013-06-02,218.0,219.0,213.0,217.0,0.0,4303,928763.0
2013-05-30,221.0,221.0,215.0,218.0,0.0,846,185594.0
2013-05-28,222.0,223.0,220.0,221.0,0.0,1992,440207.0
2013-05-27,220.0,223.0,216.0,222.0,0.0,5015,1103125.0
2013-05-26,218.0,220.0,216.0,220.0,0.0,5999,1306364.0
2013-05-23,220.0,219.0,215.0,218.0,0.0,6934,1501276.0
2013-05-22,220.0,220.0,218.0,220.0,0.0,1903,417506.0
2013-05-21,218.0,220.0,216.0,220.0,0.0,2817,615811.0
2013-05-20,219.0,220.0,215.0,218.0,0.0,5146,1121875.0
2013-05-19,222.0,219.0,215.0,219.0,0.0,3008,655366.0
2013-05-16,220.0,222.0,214.0,222.0,0.0,4839,1064813.0
2013-05-15,214.0,224.0,211.0,220.0,0.0,2861,628833.0
2013-05-14,212.0,218.0,210.0,214.0,0.0,3514,746074.0
2013-05-13,209.0,212.0,206.0,212.0,0.0,3727,786038.0
2013-05-12,210.0,212.0,207.0,209.0,0.0,1549,323827.0
2013-05-09,211.0,213.0,209.0,210.0,0.0,2254,474921.0
2013-05-08,218.0,218.0,210.0,211.0,0.0,4316,914993.0
2013-05-07,211.0,224.0,208.0,218.0,0.0,4285,924944.0
2013-05-06,207.0,214.0,200.0,211.0,0.0,5118,1054431.0
2013-05-05,217.0,213.0,207.0,207.0,0.0,4748,995567.0
2013-05-02,217.0,217.0,208.0,217.0,0.0,3352,708955.0
2013-04-30,216.0,217.0,213.0,217.0,0.0,1623,349248.0
2013-04-29,216.0,218.0,214.0,216.0,0.0,3664,792897.0
2013-04-28,219.0,217.0,215.0,216.0,0.0,4764,1025043.0
2013-04-25,220.0,222.0,216.0,219.0,0.0,2136,466397.0
2013-04-23,216.0,224.0,212.0,220.0,0.0,5361,1180176.0
2013-04-22,220.0,220.0,212.0,216.0,0.0,3442,740513.0
2013-04-21,228.0,227.0,217.0,220.0,0.0,6400,1409083.0
2013-04-18,230.0,230.0,225.0,228.0,0.0,2597,591661.0
2013-04-17,229.0,234.0,226.0,230.0,0.0,5934,1366458.0
2013-04-16,230.0,232.0,226.0,229.0,0.0,3771,867621.0
2013-04-15,233.0,237.0,230.0,230.0,0.0,4293,997379.0
2013-04-11,231.0,235.0,230.0,233.0,0.0,3966,923156.0
2013-04-09,226.0,232.0,224.0,231.0,0.0,4186,959114.0
2013-04-08,226.0,229.0,224.0,226.0,0.0,3881,880857.0
2013-04-07,224.0,227.0,219.0,226.0,0.0,2459,552844.0
2013-04-04,223.0,227.0,222.0,224.0,0.0,6370,1429900.0
2013-04-03,230.0,227.0,222.0,223.0,0.0,2438,547996.0
2013-04-02,219.0,233.0,222.0,230.0,0.0,9189,2086167.0
2013-04-01,214.0,219.0,210.0,219.0,0.0,13979,2966746.0
2013-03-31,223.0,220.0,214.0,214.0,0.0,4750,1029927.0
2013-03-28,222.0,226.0,219.0,223.0,0.0,3793,847715.0
2013-03-27,225.0,223.0,221.0,222.0,0.0,2446,543239.0
2013-03-25,221.0,226.0,220.0,225.0,0.0,3506,781005.0
2013-03-24,230.0,230.0,216.0,221.0,0.0,4423,975789.0
2013-03-21,231.0,233.0,226.0,230.0,0.0,3655,836173.0
2013-03-20,234.0,231.0,227.0,231.0,0.0,2859,656833.0
2013-03-19,231.0,240.0,230.0,234.0,0.0,4020,947211.0
2013-03-18,232.0,232.0,225.0,231.0,0.0,16207,3669229.0
2013-03-17,236.0,236.0,229.0,232.0,0.0,5555,1281412.0
2013-03-14,238.0,246.0,236.0,236.0,0.0,2889,689966.0
2013-03-13,234.0,241.0,233.0,238.0,0.0,6332,1509455.0
2013-03-11,236.0,234.0,229.0,234.0,0.0,2911,675655.0
2013-03-07,235.0,239.0,233.0,236.0,0.0,3080,727532.0
2013-03-06,231.0,240.0,231.0,235.0,0.0,4254,1005676.0
2013-03-05,236.0,232.0,226.0,231.0,0.0,2618,598567.0
2013-03-04,232.0,238.0,233.0,236.0,0.0,5302,1251284.0
2013-03-03,235.0,235.0,228.0,232.0,0.0,2414,563914.0
2013-02-28,235.0,238.0,232.0,235.0,0.0,1366,320280.0
2013-02-27,239.0,236.0,231.0,235.0,0.0,2468,577126.0
2013-02-26,235.0,244.0,231.0,239.0,0.0,2964,694348.0
2013-02-25,230.0,239.0,226.0,235.0,0.0,5898,1369145.0
2013-02-24,236.0,232.0,224.0,230.0,0.0,2101,480122.0
2013-02-21,226.0,239.0,221.0,236.0,0.0,5063,1169009.0
2013-02-20,234.0,232.0,218.0,226.0,0.0,4433,989562.0
2013-02-19,241.0,253.0,232.0,234.0,0.0,10719,2561670.0
2013-02-17,225.0,241.0,229.0,241.0,0.0,703,166691.0
2013-02-14,218.0,228.0,215.0,225.0,0.0,7071,1593527.0
2013-02-13,222.0,223.0,209.0,218.0,0.0,9739,2105367.0
2013-02-12,202.0,222.0,206.0,222.0,0.0,11370,2451218.0
2013-02-10,185.0,202.0,188.0,202.0,0.0,7260,1421014.0
2013-02-07,184.0,186.0,183.0,185.0,0.0,1325,244420.0
2013-02-06,184.0,185.0,181.0,184.0,0.0,1694,308880.0
2013-02-05,183.0,184.0,179.0,184.0,0.0,708,127913.0
2013-02-04,180.0,183.0,180.0,183.0,0.0,1475,266799.0
2013-02-03,180.0,188.0,179.0,180.0,0.0,2809,512140.0
2013-01-31,180.0,182.0,178.0,180.0,0.0,862,154382.0
2013-01-30,177.0,182.0,177.0,180.0,0.0,2640,471174.0
2013-01-28,180.0,179.0,175.0,177.0,0.0,2922,517720.0
2013-01-27,180.0,180.0,175.0,180.0,0.0,5900,1047985.0
2013-01-24,180.0,180.0,175.0,180.0,0.0,2154,382741.0
2013-01-23,183.0,181.0,179.0,180.0,0.0,1598,287150.0
2013-01-22,180.0,183.0,179.0,183.0,0.0,729,132101.0
2013-01-21,174.0,183.0,171.0,180.0,0.0,2246,398529.0
2013-01-20,185.0,182.0,174.0,174.0,0.0,612,108823.0
2013-01-17,188.0,187.0,182.0,185.0,0.0,4754,875146.0
2013-01-16,189.0,189.0,187.0,188.0,0.0,1078,203259.0
2013-01-15,190.0,193.0,187.0,189.0,0.0,1635,309563.0
2013-01-13,191.0,191.0,188.0,190.0,0.0,1558,295976.0
2013-01-10,188.0,191.0,188.0,191.0,0.0,2111,399370.0
2013-01-09,191.0,192.0,184.0,188.0,0.0,3656,685503.0
2013-01-08,189.0,191.0,187.0,191.0,0.0,188,35571.0
2013-01-07,192.0,192.0,188.0,189.0,0.0,3094,586463.0
2013-01-06,200.0,196.0,190.0,192.0,0.0,1213,233439.0
2013-01-03,198.0,201.0,197.0,200.0,0.0,3917,782100.0
2013-01-02,199.0,200.0,190.0,198.0,0.0,5375,1034311.0
2013-01-01,202.0,202.0,193.0,199.0,0.0,4727,924669.0
2012-12-31,211.0,207.0,196.0,202.0,0.0,2175,430656.0
2012-12-27,215.0,219.0,209.0,211.0,0.0,7029,1487895.0
2012-12-26,207.0,218.0,203.0,215.0,0.0,6525,1384963.0
2012-12-24,198.0,210.0,195.0,207.0,0.0,4981,1010004.0
2012-12-23,198.0,198.0,190.0,198.0,0.0,14659,2824554.0
2012-12-20,195.0,200.0,187.0,198.0,0.0,11655,2272048.0
2012-12-19,187.0,195.0,185.0,195.0,0.0,17738,3374363.0
2012-12-18,190.0,188.0,184.0,187.0,0.0,5820,1084018.0
2012-12-17,184.0,195.0,186.0,190.0,0.0,11415,2167141.0
2012-12-16,177.0,186.0,174.0,184.0,0.0,6109,1097831.0
2012-12-13,175.0,180.0,170.0,177.0,0.0,3834,677171.0
2012-12-12,171.0,175.0,171.0,175.0,0.0,2176,380071.0
2012-12-11,174.0,174.0,168.0,171.0,0.0,1682,288889.0
2012-12-10,172.0,174.0,167.0,174.0,0.0,2116,360126.0
2012-12-09,178.0,175.0,167.0,172.0,0.0,2279,386946.0
2012-12-06,179.0,178.0,173.0,178.0,0.0,5091,893711.0
2012-12-05,173.0,184.0,176.0,179.0,0.0,2225,395727.0
2012-12-04,167.0,179.0,170.0,173.0,0.0,5190,898111.0
2012-12-03,169.0,172.0,164.0,167.0,0.0,1817,307176.0
2012-12-02,174.0,176.0,167.0,169.0,0.0,5551,934089.0
2012-11-29,175.0,175.0,172.0,174.0,0.0,2743,478885.0
2012-11-28,176.0,177.0,174.0,175.0,0.0,1427,250177.0
2012-11-27,180.0,179.0,174.0,176.0,0.0,2512,442580.0
2012-11-26,176.0,182.0,170.0,180.0,0.0,2918,513473.0
2012-11-25,179.0,183.0,176.0,176.0,0.0,6183,1108302.0
2012-11-22,180.0,182.0,174.0,179.0,0.0,8316,1479002.0
2012-11-21,183.0,183.0,171.0,180.0,0.0,8484,1509080.0
2012-11-20,177.0,192.0,178.0,183.0,0.0,11282,2087293.0
2012-11-18,173.0,184.0,166.0,177.0,0.0,2263,394255.0
2012-11-12,168.0,173.0,160.0,173.0,0.0,3873,655023.0
2012-11-11,173.0,176.0,160.0,168.0,0.0,1800,302352.0
2012-11-08,175.0,182.0,170.0,173.0,0.0,6072,1060383.0
2012-11-07,165.0,175.0,162.0,175.0,0.0,9550,1631682.0
2012-11-06,163.0,169.0,158.0,165.0,0.0,4727,782927.0
2012-11-05,158.0,172.0,159.0,163.0,0.0,5440,896937.0
2012-11-04,160.0,160.0,155.0,158.0,0.0,3135,490863.0
2012-11-01,157.0,160.0,153.0,160.0,0.0,7678,1206106.0
2012-10-31,152.0,163.0,154.0,157.0,0.0,2894,456376.0
2012-10-30,153.0,156.0,151.0,152.0,0.0,993,153048.0
2012-10-18,148.0,153.0,148.0,153.0,0.0,6629,995005.0
2012-10-17,144.0,149.0,145.0,148.0,0.0,1054,154762.0
2012-10-15,142.0,144.0,141.0,144.0,0.0,1566,223576.0
2012-10-14,139.0,143.0,139.0,142.0,0.0,1424,201005.0
2012-10-11,141.0,143.0,139.0,139.0,0.0,810,113691.0
2012-10-10,139.0,141.0,138.0,141.0,0.0,3997,560222.0
2012-10-09,143.0,143.0,139.0,139.0,0.0,2703,379453.0
2012-10-08,145.0,145.0,141.0,143.0,0.0,1244,178424.0
2012-10-07,141.0,145.0,140.0,145.0,0.0,323,46003.0
2012-10-04,139.0,143.0,139.0,141.0,0.0,1267,178896.0
2012-10-03,140.0,140.0,138.0,139.0,0.0,919,127843.0
2012-10-02,140.0,141.0,139.0,140.0,0.0,517,72431.0
2012-10-01,140.0,141.0,140.0,140.0,0.0,1036,145615.0
2012-10-01,140.0,141.0,140.0,140.0,0.0,1036,145615.0
2012-09-30,142.0,141.0,136.0,140.0,0.0,2869,401358.0
2012-09-26,141.0,142.0,140.0,141.0,0.0,1136,160089.0
2012-09-25,142.0,142.0,140.0,141.0,0.0,784,110498.0
2012-09-24,144.0,144.0,142.0,142.0,0.0,2206,315706.0
2012-09-23,147.0,146.0,142.0,144.0,0.0,1936,279797.0
2012-09-20,151.0,148.0,146.0,147.0,0.0,1160,170682.0
2012-09-19,152.0,151.0,147.0,151.0,0.0,1242,184922.0
2012-09-18,149.0,154.0,149.0,152.0,0.0,1569,238064.0
2012-09-17,145.0,151.0,147.0,149.0,0.0,1192,176465.0
2012-09-16,145.0,146.0,145.0,145.0,0.0,1700,246588.0
2012-09-13,145.0,147.0,144.0,145.0,0.0,1085,157741.0
2012-09-12,145.0,146.0,143.0,145.0,0.0,1472,212848.0
2012-09-11,145.0,147.0,145.0,145.0,0.0,535,77852.0
2012-09-10,145.0,147.0,143.0,145.0,0.0,1623,235292.0
2012-09-09,143.0,147.0,143.0,145.0,0.0,1157,167706.0
2012-09-06,143.0,145.0,143.0,143.0,0.0,1021,146928.0
2012-09-05,147.0,145.0,141.0,143.0,0.0,2546,364277.0
2012-09-04,151.0,149.0,144.0,147.0,0.0,1190,174750.0
2012-09-03,150.0,151.0,146.0,151.0,0.0,1333,196901.0
2012-09-02,146.0,150.0,145.0,150.0,0.0,1173,173177.0
2012-08-30,147.0,147.0,144.0,146.0,0.0,3629,527646.0
2012-08-29,147.0,149.0,143.0,147.0,0.0,2046,299159.0
2012-08-28,143.0,149.0,145.0,147.0,0.0,1643,243095.0
2012-08-27,145.0,147.0,142.0,143.0,0.0,1878,270860.0
2012-08-26,141.0,145.0,143.0,145.0,0.0,52,7488.0
2012-08-23,141.0,143.0,139.0,141.0,0.0,4054,569373.0
2012-08-22,144.0,144.0,141.0,141.0,0.0,1745,248280.0
2012-08-21,145.0,144.0,141.0,144.0,0.0,2490,357145.0
2012-08-19,148.0,150.0,145.0,145.0,0.0,768,113785.0
2012-08-16,141.0,148.0,140.0,148.0,0.0,1407,200632.0
2012-08-15,144.0,143.0,140.0,141.0,0.0,1150,163129.0
2012-08-14,149.0,155.0,144.0,144.0,0.0,3366,502250.0
2012-08-13,151.0,150.0,148.0,149.0,0.0,1827,271814.0
2012-08-12,152.0,153.0,149.0,151.0,0.0,4759,714389.0
2012-08-08,153.0,154.0,150.0,152.0,0.0,3571,544631.0
2012-08-07,154.0,157.0,149.0,153.0,0.0,4520,691094.0
2012-08-06,150.0,154.0,149.0,154.0,0.0,2166,328173.0
2012-08-05,149.0,152.0,147.0,150.0,0.0,1521,228239.0
2012-08-01,153.0,152.0,148.0,149.0,0.0,2072,311763.0
2012-07-31,151.0,154.0,151.0,153.0,0.0,2779,424024.0
2012-07-30,151.0,155.0,149.0,151.0,0.0,4194,639200.0
2012-07-29,152.0,153.0,148.0,151.0,0.0,2003,301146.0
2012-07-26,157.0,158.0,150.0,152.0,0.0,1758,267796.0
2012-07-25,158.0,162.0,155.0,157.0,0.0,2035,319844.0
2012-07-24,162.0,164.0,151.0,158.0,0.0,2178,343448.0
2012-07-23,157.0,165.0,158.0,162.0,0.0,3709,598150.0
2012-07-22,153.0,164.0,151.0,157.0,0.0,2081,324911.0
2012-07-19,149.0,157.0,147.0,153.0,0.0,2283,347076.0
2012-07-18,149.0,149.0,145.0,149.0,0.0,4353,634668.0
2012-07-17,146.0,149.0,144.0,149.0,0.0,2199,319507.0
2012-07-16,145.0,149.0,145.0,146.0,0.0,1068,156144.0
2012-07-15,143.0,146.0,145.0,145.0,0.0,217,31529.0
2012-07-12,146.0,146.0,142.0,143.0,0.0,1901,274937.0
2012-07-11,147.0,150.0,145.0,146.0,0.0,954,139864.0
2012-07-10,146.0,148.0,144.0,147.0,0.0,2969,431986.0
2012-07-09,145.0,148.0,144.0,146.0,0.0,2305,336365.0
2012-07-08,145.0,146.0,143.0,145.0,0.0,1386,200260.0
2012-07-05,145.0,146.0,145.0,145.0,0.0,863,125732.0
2012-07-04,143.0,145.0,143.0,145.0,0.0,1688,243203.0
2012-07-03,143.0,144.0,140.0,143.0,0.0,920,130154.0
2012-07-02,142.0,143.0,139.0,143.0,0.0,2215,311712.0
2012-07-01,142.0,144.0,140.0,142.0,0.0,1679,236663.0
2012-06-28,144.0,148.0,140.0,142.0,0.0,986,142338.0
2012-06-27,139.0,144.0,137.0,144.0,0.0,2765,387902.0
2012-06-26,147.0,145.0,139.0,139.0,0.0,222,31476.0
2012-06-25,140.0,147.0,138.0,147.0,0.0,1487,209727.0
2012-06-21,138.0,141.0,138.0,140.0,0.0,823,115008.0
2012-06-20,138.0,140.0,136.0,138.0,0.0,1950,268568.0
2012-06-19,138.0,138.0,134.0,138.0,0.0,1016,137702.0
2012-06-18,138.0,139.0,134.0,138.0,0.0,1148,157695.0
2012-06-17,137.0,143.0,134.0,138.0,0.0,2938,401967.0
2012-06-14,140.0,142.0,136.0,137.0,0.0,913,125105.0
2012-06-13,140.0,140.0,136.0,140.0,0.0,4286,594909.0
2012-06-12,137.0,141.0,137.0,140.0,0.0,744,104079.0
2012-06-11,136.0,140.0,136.0,137.0,0.0,2180,300491.0
2012-06-10,137.0,137.0,135.0,136.0,0.0,928,126217.0
2012-06-07,138.0,145.0,136.0,137.0,0.0,3137,438899.0
2012-06-06,142.0,140.0,135.0,138.0,0.0,2129,291414.0
2012-06-05,149.0,150.0,139.0,142.0,0.0,4170,592506.0
2012-06-04,158.0,161.0,149.0,149.0,0.0,4150,631700.0
2012-06-03,171.0,168.0,154.0,158.0,0.0,5560,875386.0
2012-05-27,159.0,172.0,162.0,171.0,0.0,2682,448448.0
2012-05-24,150.0,162.0,150.0,159.0,0.0,3472,544490.0
2012-05-23,165.0,162.0,150.0,150.0,0.0,1599,243446.0
2012-05-22,173.0,170.0,163.0,165.0,0.0,5518,910603.0
2012-05-21,170.0,173.0,161.0,173.0,0.0,5609,944588.0
2012-05-20,170.0,173.0,158.0,170.0,0.0,4373,719681.0
2012-05-17,164.0,179.0,165.0,170.0,0.0,9322,1602535.0
2012-05-16,161.0,164.0,161.0,164.0,0.0,9363,1507536.0
2012-05-15,147.0,161.0,149.0,161.0,0.0,840,134421.0
2012-05-14,156.0,153.0,143.0,147.0,0.0,3742,550010.0
2012-05-13,169.0,166.0,153.0,156.0,0.0,3153,494834.0
2012-05-10,178.0,175.0,168.0,169.0,0.0,8239,1411684.0
2012-05-09,190.0,188.0,177.0,178.0,0.0,5114,927904.0
2012-05-08,198.0,207.0,190.0,190.0,0.0,7466,1483264.0
2012-05-07,182.0,198.0,185.0,198.0,0.0,2564,503816.0
2012-05-03,166.0,182.0,169.0,182.0,0.0,915,165465.0
2012-05-02,178.0,175.0,166.0,166.0,0.0,369,62649.0
2012-04-30,187.0,184.0,172.0,178.0,0.0,2937,520227.0
2012-04-29,203.0,203.0,183.0,187.0,0.0,7188,1380783.0
2012-04-26,199.0,205.0,181.0,203.0,0.0,18252,3593427.0
2012-04-25,181.0,199.0,184.0,199.0,0.0,295,57628.0
2012-04-24,165.0,181.0,162.0,181.0,0.0,2326,408655.0
2012-04-22,151.0,165.0,148.0,165.0,0.0,6434,1014110.0
2012-04-19,154.0,169.0,149.0,151.0,0.0,5237,820047.0
2012-04-18,165.0,165.0,153.0,154.0,0.0,8166,1299713.0
2012-04-17,160.0,166.0,163.0,165.0,0.0,2372,389711.0
2012-04-16,146.0,160.0,148.0,160.0,0.0,196,30060.0
2012-04-15,134.0,146.0,136.0,146.0,0.0,3256,468251.0
2012-04-12,125.0,137.0,125.0,134.0,0.0,3036,399288.0
2012-04-11,122.0,128.0,122.0,125.0,0.0,1618,202401.0
2012-04-10,123.0,126.0,120.0,122.0,0.0,1315,160917.0
2012-04-09,124.0,128.0,122.0,123.0,0.0,807,99454.0
2012-04-08,119.0,124.0,118.0,124.0,0.0,422,50740.0
2012-04-05,118.0,120.0,119.0,119.0,0.0,436,51963.0
2012-04-04,121.0,123.0,118.0,118.0,0.0,1367,162993.0
2012-04-03,118.0,122.0,120.0,121.0,0.0,1182,142161.0
2012-04-02,117.0,120.0,116.0,118.0,0.0,1159,135988.0
2012-04-01,118.0,117.0,115.0,117.0,0.0,1645,190384.0
2012-03-29,119.0,120.0,116.0,118.0,0.0,1639,191405.0
2012-03-28,115.0,121.0,115.0,119.0,0.0,1227,143601.0
2012-03-27,118.0,118.0,115.0,115.0,0.0,906,105186.0
2012-03-26,119.0,120.0,118.0,118.0,0.0,903,106872.0
2012-03-25,120.0,121.0,118.0,119.0,0.0,1311,157004.0
2012-03-21,118.0,120.0,119.0,120.0,0.0,561,67005.0
2012-03-20,118.0,120.0,118.0,118.0,0.0,419,49850.0
2012-03-19,120.0,122.0,118.0,118.0,0.0,1816,216031.0
2012-03-18,123.0,123.0,120.0,120.0,0.0,830,100359.0
2012-03-15,125.0,123.0,117.0,123.0,0.0,257,31155.0
2012-03-14,124.0,125.0,118.0,125.0,0.0,1028,125142.0
2012-03-13,123.0,127.0,121.0,124.0,0.0,778,96148.0
2012-03-12,124.0,125.0,123.0,123.0,0.0,848,104681.0
2012-03-11,125.0,125.0,123.0,124.0,0.0,1225,151220.0
2012-03-06,125.0,126.0,124.0,125.0,0.0,1677,209676.0
2012-03-05,124.0,125.0,123.0,125.0,0.0,1338,165629.0
2012-03-04,125.0,125.0,121.0,124.0,0.0,1927,236430.0
2012-03-01,122.0,127.0,124.0,125.0,0.0,1288,160478.0
2012-02-29,125.0,125.0,122.0,122.0,0.0,1203,149170.0
2012-02-28,122.0,125.0,120.0,125.0,0.0,4982,607704.0
2012-02-27,121.0,122.0,120.0,122.0,0.0,2873,348469.0
2012-02-26,120.0,124.0,120.0,121.0,0.0,1708,206624.0
2012-02-23,122.0,122.0,118.0,120.0,0.0,1804,215529.0
2012-02-21,121.0,122.0,120.0,122.0,0.0,447,54233.0
2012-02-16,123.0,125.0,121.0,121.0,0.0,952,116956.0
2012-02-15,124.0,125.0,123.0,123.0,0.0,548,67973.0
2012-02-14,125.0,126.0,123.0,124.0,0.0,1129,139714.0
2012-02-13,126.0,125.0,124.0,125.0,0.0,322,40088.0
2012-02-12,125.0,127.0,124.0,126.0,0.0,260,32550.0
2012-02-09,124.0,125.0,125.0,125.0,0.0,386,48250.0
2012-02-08,124.0,127.0,124.0,124.0,0.0,490,61005.0
2012-02-07,125.0,129.0,124.0,124.0,0.0,1004,126916.0
2012-02-06,125.0,129.0,124.0,125.0,0.0,1162,146110.0
2012-02-05,129.0,129.0,123.0,125.0,0.0,977,121947.0
2012-02-02,127.0,129.0,129.0,129.0,0.0,80,10320.0
2012-02-01,125.0,127.0,123.0,127.0,0.0,261,32796.0
2012-01-31,125.0,127.0,124.0,125.0,0.0,1382,172453.0
2012-01-29,127.0,130.0,124.0,125.0,0.0,835,105354.0
2012-01-26,127.0,130.0,125.0,127.0,0.0,735,93124.0
2012-01-25,129.0,129.0,125.0,127.0,0.0,367,46384.0
2012-01-23,128.0,129.0,127.0,129.0,0.0,161,20612.0
2012-01-22,129.0,132.0,127.0,128.0,0.0,600,77294.0
2012-01-19,128.0,129.0,125.0,129.0,0.0,300,38220.0
2012-01-18,128.0,130.0,126.0,128.0,0.0,516,65954.0
2012-01-17,126.0,128.0,125.0,128.0,0.0,1289,161672.0
2012-01-16,129.0,130.0,126.0,126.0,0.0,1961,248791.0
2012-01-12,127.0,129.0,125.0,129.0,0.0,370,47130.0
2012-01-11,129.0,131.0,126.0,127.0,0.0,1863,236891.0
2012-01-10,132.0,132.0,129.0,129.0,0.0,309,40264.0
2012-01-09,130.0,133.0,130.0,130.0,0.0,351,45964.0
2012-01-08,132.0,131.0,127.0,130.0,0.0,1360,175371.0
2012-01-05,131.0,132.0,130.0,132.0,0.0,670,87453.0
2012-01-04,134.0,135.0,128.0,131.0,0.0,779,101595.0
2012-01-03,136.0,140.0,134.0,134.0,0.0,436,60401.0
2012-01-02,129.0,141.0,129.0,136.0,0.0,2136,292517.0
2012-01-01,126.0,129.0,125.0,129.0,0.0,883,112231.0
2011-12-29,123.0,126.0,122.0,126.0,0.0,2036,252759.0
2011-12-28,125.0,125.0,123.0,123.0,0.0,1855,231438.0
2011-12-27,123.0,126.0,123.0,125.0,0.0,689,85915.0
2011-12-26,126.0,125.0,121.0,123.0,0.0,424,52185.0
2011-12-22,128.0,127.0,124.0,126.0,0.0,3856,481585.0
2011-12-21,132.0,130.0,126.0,128.0,0.0,416,53332.0
2011-12-19,132.0,134.0,132.0,132.0,0.0,303,40248.0
2011-12-18,130.0,132.0,129.0,132.0,0.0,1349,177590.0
2011-12-15,127.0,131.0,126.0,130.0,0.0,1168,149138.0
2011-12-14,127.0,128.0,126.0,127.0,0.0,1515,191640.0
2011-12-13,130.0,128.0,126.0,127.0,0.0,760,96460.0
2011-12-12,134.0,132.0,128.0,130.0,0.0,382,49601.0
2011-12-11,134.0,134.0,132.0,134.0,0.0,761,101377.0
2011-12-08,135.0,135.0,133.0,134.0,0.0,1960,261446.0
2011-12-07,136.0,140.0,135.0,135.0,0.0,336,45713.0
2011-12-06,135.0,136.0,134.0,136.0,0.0,339,45865.0
2011-12-05,136.0,135.0,134.0,135.0,0.0,600,80742.0
2011-12-04,134.0,136.0,135.0,136.0,0.0,282,38300.0
2011-12-01,134.0,134.0,132.0,134.0,0.0,289,38486.0
2011-11-28,137.0,139.0,132.0,132.0,0.0,561,77215.0
2011-11-27,138.0,138.0,136.0,137.0,0.0,1053,144210.0
2011-11-24,142.0,141.0,138.0,138.0,0.0,431,60059.0
2011-11-23,138.0,142.0,136.0,142.0,0.0,1959,270424.0
2011-11-22,140.0,138.0,138.0,138.0,0.0,94,12972.0
2011-11-21,138.0,144.0,137.0,140.0,0.0,10919,1499933.0
2011-11-20,138.0,142.0,137.0,138.0,0.0,1695,235867.0
2011-11-17,137.0,139.0,137.0,138.0,0.0,5903,810617.0
2011-11-16,136.0,137.0,134.0,137.0,0.0,770,103775.0
2011-11-15,137.0,138.0,135.0,136.0,0.0,657,89450.0
2011-11-14,138.0,138.0,137.0,137.0,0.0,265,36470.0
2011-11-13,138.0,138.0,136.0,138.0,0.0,2096,288878.0
2011-11-10,137.0,141.0,137.0,138.0,0.0,6118,847057.0
2011-11-09,142.0,142.0,137.0,137.0,0.0,1921,264503.0
2011-11-08,145.0,143.0,139.0,142.0,0.0,1193,167712.0
2011-11-06,144.0,150.0,143.0,145.0,0.0,1043,152274.0
2011-11-03,145.0,159.0,143.0,144.0,0.0,2496,373845.0
2011-11-02,143.0,145.0,145.0,145.0,0.0,20,2900.0
2011-10-31,139.0,143.0,137.0,143.0,0.0,938,129580.0
2011-10-30,138.0,139.0,137.0,139.0,0.0,102,14015.0
2011-10-25,140.0,140.0,137.0,138.0,0.0,888,122165.0
2011-10-24,142.0,140.0,136.0,140.0,0.0,496,68851.0
2011-10-23,140.0,142.0,135.0,142.0,0.0,4198,570100.0
2011-10-20,140.0,140.0,138.0,140.0,0.0,197,27416.0
2011-10-19,140.0,143.0,139.0,140.0,0.0,1477,207540.0
2011-10-18,144.0,145.0,140.0,140.0,0.0,2549,362822.0
2011-10-17,140.0,144.0,140.0,144.0,0.0,1508,214268.0
2011-10-16,141.0,140.0,137.0,140.0,0.0,1045,144504.0
2011-10-13,139.0,145.0,137.0,141.0,0.0,1039,148618.0
2011-10-12,143.0,145.0,139.0,139.0,0.0,160,22506.0
2011-10-10,142.0,143.0,141.0,143.0,0.0,108,15324.0
2011-10-02,138.0,142.0,140.0,142.0,0.0,272,38140.0
2011-09-29,140.0,138.0,136.0,138.0,0.0,150,20582.0
2011-09-27,143.0,141.0,138.0,140.0,0.0,1251,174363.0
2011-09-26,145.0,145.0,136.0,143.0,0.0,1252,177107.0
2011-09-25,148.0,150.0,145.0,145.0,0.0,669,98523.0
2011-09-22,140.0,148.0,138.0,148.0,0.0,889,127080.0
2011-09-21,138.0,140.0,137.0,140.0,0.0,403,56004.0
2011-09-20,135.0,138.0,135.0,138.0,0.0,239,32722.0
2011-09-19,134.0,135.0,132.0,135.0,0.0,320,42830.0
2011-09-18,137.0,136.0,134.0,134.0,0.0,262,35368.0
2011-09-15,135.0,137.0,133.0,137.0,0.0,841,113665.0
2011-09-14,135.0,138.0,130.0,135.0,0.0,1578,214008.0
2011-09-13,136.0,136.0,135.0,135.0,0.0,275,37327.0
2011-09-12,140.0,140.0,134.0,136.0,0.0,971,132811.0
2011-09-08,140.0,140.0,138.0,140.0,0.0,263,36634.0
2011-09-07,137.0,141.0,137.0,140.0,0.0,694,97105.0
2011-09-06,137.0,139.0,137.0,137.0,0.0,626,86619.0
2011-09-05,143.0,141.0,137.0,137.0,0.0,4577,630917.0
2011-09-04,146.0,144.0,143.0,143.0,0.0,250,35844.0
2011-09-01,141.0,146.0,139.0,146.0,0.0,1270,179717.0
2011-08-30,143.0,145.0,141.0,141.0,0.0,307,43841.0
2011-08-29,138.0,143.0,136.0,143.0,0.0,926,126869.0
2011-08-28,142.0,141.0,138.0,138.0,0.0,912,126124.0
2011-08-25,144.0,142.0,140.0,142.0,0.0,489,69100.0
2011-08-24,145.0,145.0,143.0,144.0,0.0,1205,173805.0
2011-08-23,147.0,147.0,144.0,145.0,0.0,521,75783.0
2011-08-22,147.0,147.0,147.0,147.0,0.0,144,21168.0
2011-08-18,145.0,147.0,143.0,147.0,0.0,717,104067.0
2011-08-17,146.0,148.0,145.0,145.0,0.0,579,84945.0
2011-08-16,140.0,146.0,140.0,146.0,0.0,1717,244579.0
2011-08-15,150.0,147.0,140.0,140.0,0.0,719,102485.0
2011-08-11,150.0,150.0,143.0,150.0,0.0,1047,152627.0
2011-08-10,143.0,150.0,144.0,150.0,0.0,802,118290.0
2011-08-09,143.0,143.0,139.0,143.0,0.0,1355,190756.0
2011-08-08,142.0,144.0,143.0,143.0,0.0,130,18642.0
2011-08-07,152.0,149.0,142.0,142.0,0.0,3882,556258.0
2011-08-04,150.0,154.0,150.0,152.0,0.0,1333,201461.0
2011-08-03,152.0,154.0,150.0,150.0,0.0,696,104945.0
2011-08-02,148.0,152.0,146.0,152.0,0.0,699,103246.0
2011-08-01,155.0,152.0,146.0,148.0,0.0,1320,196224.0
2011-07-31,156.0,155.0,150.0,155.0,0.0,931,142795.0
2011-07-28,156.0,161.0,155.0,156.0,0.0,1483,233005.0
2011-07-27,150.0,159.0,150.0,156.0,0.0,414,63940.0
2011-07-26,151.0,150.0,147.0,150.0,0.0,392,58546.0
2011-07-25,157.0,155.0,149.0,151.0,0.0,808,123657.0
2011-07-24,170.0,170.0,157.0,157.0,0.0,701,116163.0
2011-07-21,162.0,174.0,162.0,170.0,0.0,2279,381058.0
2011-07-20,162.0,163.0,158.0,162.0,0.0,2085,334779.0
2011-07-19,157.0,165.0,155.0,162.0,0.0,887,142629.0
2011-07-18,169.0,175.0,154.0,157.0,0.0,2874,487939.0
2011-07-17,163.0,169.0,166.0,169.0,0.0,50,8420.0
2011-07-14,160.0,168.0,163.0,163.0,0.0,1129,187382.0
2011-07-13,157.0,167.0,160.0,160.0,0.0,1401,230371.0
2011-07-12,153.0,162.0,152.0,157.0,0.0,1318,206896.0
2011-07-11,156.0,158.0,150.0,153.0,0.0,1222,190322.0
2011-07-10,156.0,156.0,147.0,156.0,0.0,2114,321384.0
2011-07-07,152.0,156.0,139.0,156.0,0.0,1282,186740.0
2011-07-06,139.0,152.0,139.0,152.0,0.0,1920,281137.0
2011-07-05,135.0,139.0,136.0,139.0,0.0,347,47433.0
2011-07-04,135.0,137.0,135.0,135.0,0.0,811,110030.0
2011-07-03,142.0,142.0,134.0,135.0,0.0,1055,143483.0
2011-06-30,135.0,144.0,136.0,142.0,0.0,6823,959414.0
2011-06-29,141.0,139.0,127.0,135.0,0.0,4078,525500.0
2011-06-27,156.0,153.0,141.0,141.0,0.0,325,47297.0
2011-06-26,167.0,183.0,156.0,156.0,0.0,2701,470258.0
2011-06-23,152.0,167.0,152.0,167.0,0.0,4237,700517.0
2011-06-21,139.0,152.0,145.0,152.0,0.0,1708,259366.0
2011-06-20,119.0,127.0,119.0,127.0,0.0,1447,173019.0
2011-06-19,119.0,127.0,119.0,127.0,0.0,1447,173019.0
2011-06-16,115.0,119.0,113.0,119.0,0.0,1282,148964.0
2011-06-15,116.0,115.0,112.0,115.0,0.0,1241,140686.0
2011-06-14,121.0,120.0,116.0,116.0,0.0,221,26052.0
2011-06-13,119.0,124.0,120.0,121.0,0.0,823,99834.0
2011-06-12,120.0,122.0,118.0,119.0,0.0,2492,297457.0
2011-06-09,118.0,122.0,116.0,120.0,0.0,1754,208898.0
2011-06-08,117.0,120.0,116.0,118.0,0.0,1818,214528.0
2011-06-07,121.0,119.0,114.0,117.0,0.0,908,105150.0
2011-06-06,128.0,126.0,121.0,121.0,0.0,632,78095.0
2011-06-05,123.0,128.0,123.0,128.0,0.0,1366,170475.0
2011-06-02,127.0,127.0,122.0,123.0,0.0,2671,329323.0
2011-06-01,132.0,130.0,127.0,127.0,0.0,1078,138685.0
2011-05-31,131.0,135.0,128.0,132.0,0.0,1532,201369.0
2011-05-30,133.0,137.0,131.0,131.0,0.0,1674,223608.0
2011-05-26,133.0,133.0,131.0,133.0,0.0,395,52405.0
2011-05-25,133.0,135.0,129.0,133.0,0.0,868,114890.0
2011-05-24,129.0,133.0,130.0,133.0,0.0,319,41963.0
2011-05-23,134.0,137.0,128.0,129.0,0.0,1146,150746.0
2011-05-22,135.0,134.0,131.0,134.0,0.0,1560,206504.0
2011-05-19,134.0,138.0,135.0,135.0,0.0,1228,167701.0
2011-05-18,135.0,134.0,131.0,134.0,0.0,1571,207017.0
2011-05-16,136.0,137.0,131.0,135.0,0.0,1952,262920.0
2011-05-15,133.0,136.0,131.0,136.0,0.0,1197,159880.0
2011-05-12,137.0,137.0,131.0,133.0,0.0,2574,344718.0
2011-05-11,140.0,142.0,137.0,137.0,0.0,686,95960.0
2011-05-10,134.0,140.0,135.0,140.0,0.0,1377,188944.0
2011-05-09,135.0,135.0,133.0,134.0,0.0,1417,188881.0
2011-05-08,133.0,135.0,132.0,135.0,0.0,870,116370.0
2011-05-05,128.0,137.0,128.0,133.0,0.0,1784,237674.0
2011-05-04,132.0,131.0,128.0,128.0,0.0,234,30177.0
2011-05-03,136.0,136.0,132.0,132.0,0.0,221,29835.0
2011-05-02,130.0,136.0,132.0,136.0,0.0,2112,282615.0
2011-04-28,132.0,131.0,130.0,130.0,0.0,780,101737.0
2011-04-27,128.0,132.0,130.0,132.0,0.0,352,46416.0
2011-04-26,134.0,132.0,128.0,128.0,0.0,39,5070.0
2011-04-25,134.0,136.0,134.0,134.0,0.0,36,4863.0
2011-04-21,148.0,146.0,134.0,134.0,0.0,1255,174187.0
2011-04-20,137.0,148.0,136.0,148.0,0.0,445,61790.0
2011-04-19,138.0,137.0,135.0,137.0,0.0,772,105221.0
2011-04-18,138.0,142.0,138.0,138.0,0.0,522,72588.0
2011-04-17,143.0,142.0,138.0,138.0,0.0,285,39938.0
2011-04-13,145.0,147.0,141.0,143.0,0.0,666,95086.0
2011-04-11,144.0,155.0,145.0,145.0,0.0,1410,208020.0
2011-04-10,150.0,147.0,144.0,144.0,0.0,561,81503.0
2011-04-07,161.0,154.0,147.0,150.0,0.0,672,99649.0
2011-03-31,158.0,165.0,156.0,161.0,0.0,7571,1209992.0
2011-03-30,155.0,162.0,150.0,158.0,0.0,8304,1285386.0
2011-03-29,158.0,158.0,151.0,155.0,0.0,2246,345805.0
2011-03-28,171.0,176.0,154.0,158.0,0.0,5607,906292.0
2011-03-27,184.0,184.0,167.0,171.0,0.0,2479,431820.0
2011-03-25,188.0,190.0,183.0,184.0,0.0,1046,193660.0
2011-03-24,198.0,195.0,188.0,188.0,0.0,460,87480.0
2011-03-20,197.0,207.0,195.0,199.0,0.0,665,132443.0
