date,open,high,low,ltp,percent_change,qty,turnover
2023-01-09,191.2,199.5,191.1,199.5,3.31,100347,19596640.5
2023-01-08,192.0,196.0,191.0,193.1,0.89,93532,18073006.2
2023-01-05,192.7,195.0,191.1,191.4,-0.57,79277,15269108.3
2023-01-04,191.0,194.0,189.7,192.5,1.32,57375,10986712.4
2023-01-03,192.0,193.0,189.0,190.0,-0.05,62724,11971161.6
2023-01-02,191.0,194.0,188.3,190.1,-0.16,52720,10060785.4
2023-01-01,193.0,195.9,189.2,190.4,0.21,58072,11171402.4
2022-12-29,188.0,191.0,185.2,190.0,2.1,39605,7487385.4
2022-12-28,189.7,189.7,185.0,186.1,-0.48,18317,3425903.0
2022-12-27,183.1,190.1,181.0,187.0,3.6,32390,6021149.8
2022-12-26,180.0,182.0,175.0,180.5,1.12,67290,12031434.1
2022-12-22,179.5,179.7,176.6,178.5,0.73,16036,2855450.3
2022-12-21,180.0,180.0,176.4,177.2,-1.01,9120,1623920.1
2022-12-20,176.1,180.0,176.1,179.0,-0.28,21079,3765441.7
2022-12-19,177.0,180.0,176.0,179.5,1.64,18712,3340198.5
2022-12-18,188.0,191.0,184.5,185.0,-2.63,161125,30445959.3
2022-12-15,187.0,191.0,187.0,190.0,0.0,46360,8796517.6
2022-12-14,188.4,190.8,186.0,190.0,-1.04,43171,8141213.9
2022-12-13,187.0,192.0,185.7,192.0,2.07,69034,13021621.4
2022-12-12,184.1,190.4,184.1,188.1,0.8,36524,6866602.4
2022-12-11,185.0,189.0,184.0,186.6,0.92,53190,9976800.1
2022-12-07,185.0,186.0,184.7,184.9,-0.91,16476,3051410.4
2022-12-06,187.0,189.0,185.8,186.6,-0.37,17497,3274972.2
2022-12-05,189.0,189.0,186.4,187.3,-0.37,23407,4394061.7
2022-12-04,188.1,190.0,187.0,188.0,-0.79,41525,7819697.0
2022-12-01,190.0,192.0,187.0,189.5,0.26,40268,7601149.2
2022-11-30,192.0,192.0,188.0,189.0,-1.2,20863,3937728.9
2022-11-29,191.0,192.0,188.0,191.3,0.16,32846,6237327.8
2022-11-28,196.8,207.9,190.5,191.0,-1.04,69420,13515929.8
2022-07-31,189.0,194.0,188.0,193.0,3.21,102673,19625278.0
2022-07-29,191.0,191.5,186.6,187.0,-0.53,18158,3412189.8
2022-07-28,189.0,192.0,187.2,188.0,-1.0,50498,9575256.0
2022-07-27,189.0,190.0,185.5,189.9,0.48,31001,5816350.4
2022-07-26,194.0,194.7,188.0,189.0,-2.73,47907,9105553.8
2022-07-25,190.0,196.0,190.0,194.3,3.35,62037,12009899.3
2022-07-24,187.0,188.6,184.0,188.0,1.13,37338,6956221.7
2022-07-22,187.0,187.0,184.0,185.9,-0.54,21727,4007159.9
2022-07-21,188.0,190.0,184.4,186.9,-0.32,27043,5051045.0
2022-07-20,189.9,189.9,186.0,187.5,-0.37,18456,3466459.4
2022-07-19,188.0,189.7,186.0,188.2,1.07,40654,7626041.9
2022-07-18,187.0,187.8,184.0,186.2,-0.11,17096,3181952.8
2022-07-17,186.5,186.5,183.2,186.4,1.86,32875,6086711.8
2022-07-15,183.0,184.9,182.0,183.0,-1.03,19441,3553569.6
2022-07-14,183.9,186.6,181.4,184.9,1.04,40737,7451714.9
2022-07-13,180.0,183.0,178.0,183.0,2.29,37952,6854447.0
2022-07-12,178.8,182.0,178.8,178.9,0.06,67436,12115824.8
2022-07-11,186.0,186.0,178.5,178.8,-3.87,72765,13142395.4
2022-07-08,190.7,190.7,185.0,186.0,-0.53,35479,6615479.3
2022-07-07,190.5,191.0,186.2,187.0,-1.48,57440,10762540.6
2022-07-06,191.0,195.0,186.2,189.8,1.33,71143,13474976.6
2022-07-05,194.8,194.8,187.1,187.3,-1.94,51684,9726003.2
2022-07-04,196.8,196.8,190.0,191.0,-1.04,75830,14593889.8
2022-07-03,192.9,193.0,188.0,193.0,1.58,49924,9505996.4
2022-07-01,196.0,196.0,188.4,190.0,-1.96,33555,6394697.4
2022-06-30,190.0,195.6,188.7,193.8,2.59,59873,11481880.0
2022-06-29,187.0,188.9,185.0,188.9,1.23,27136,5080261.7
2022-06-28,190.0,190.0,185.0,186.6,-0.74,13807,2577888.4
2022-06-27,192.0,192.8,188.0,188.0,-1.57,43777,8293782.0
2022-06-26,187.0,192.0,186.5,191.0,2.69,43858,8326746.9
2022-06-24,183.5,189.0,180.2,186.0,1.36,25842,4774675.4
2022-06-23,185.3,190.0,183.0,183.5,-2.91,45272,8360992.1
2022-06-22,190.8,194.0,189.0,189.0,-2.83,33424,6339148.5
2022-06-21,188.0,196.0,188.0,194.5,2.64,33565,6450961.3
2022-06-20,192.0,192.0,186.5,189.5,-0.99,47508,8947702.7
2022-06-19,193.0,193.9,190.1,191.4,-0.83,251267,48228049.2
2022-06-17,195.0,197.0,193.0,193.0,-0.36,331103,64794108.8
2022-06-16,190.0,197.9,190.0,193.7,0.89,44030,8547004.5
2022-06-15,195.0,195.0,189.0,192.0,-1.49,43271,8231269.6
2022-06-14,199.0,199.0,193.1,194.9,-1.17,70888,13796343.5
2022-06-13,201.0,201.0,196.5,197.2,-0.9,143128,28396932.4
2022-06-10,199.0,199.9,196.0,199.0,0.0,14022,2767226.7
2022-06-09,202.0,203.9,198.0,199.0,-1.0,36913,7392086.4
2022-06-08,197.0,204.0,197.0,201.0,2.08,39490,7931387.4
2022-06-07,199.1,202.0,195.2,196.9,-1.55,51402,10138283.8
2022-06-06,201.0,204.0,199.6,200.0,-1.23,54086,10862846.6
2022-06-03,204.0,205.0,199.0,202.5,-0.3,57051,11473541.0
2022-06-02,207.8,208.0,203.0,203.1,-1.84,28537,5835478.6
2022-06-01,206.0,207.0,203.0,206.9,0.93,16775,3431254.7
2022-05-31,210.0,210.0,204.5,205.0,-2.38,22119,4544836.8
2022-05-30,208.0,210.0,204.0,210.0,0.0,55115,11349204.6
2022-05-27,214.9,214.9,208.0,210.0,-1.64,35261,7416308.8
2022-05-26,205.0,214.0,203.1,213.5,3.29,40869,8545262.2
2022-05-25,206.0,208.0,203.0,206.7,1.67,19361,3980524.0
2022-05-24,201.0,208.0,200.0,203.3,0.59,15046,3073912.2
2022-05-23,207.0,207.0,202.0,202.1,-2.37,54675,11106158.6
2022-05-20,208.1,212.0,205.0,207.0,-0.48,55786,11524174.3
2022-05-19,210.0,211.0,207.6,208.0,-0.95,122680,25599474.1
2022-05-18,212.0,212.0,207.6,210.0,0.48,26791,5592389.5
2022-05-17,216.0,216.0,208.0,209.0,-3.24,31224,6570276.3
2022-05-12,220.0,220.8,215.0,216.0,-0.92,20542,4453289.8
2022-05-11,212.0,218.0,211.0,218.0,2.59,34253,7333762.3
2022-05-10,210.0,213.0,208.3,212.5,2.16,19532,4119200.4
2022-05-09,212.0,213.0,208.0,208.0,-0.48,19707,4142083.3
2022-05-08,207.1,209.0,204.1,209.0,0.97,31781,6568000.3
2022-05-05,211.0,212.0,206.0,207.0,-2.36,44853,9321488.0
2022-05-04,215.0,215.0,210.1,212.0,-0.93,25916,5484519.0
2022-05-02,220.3,220.3,213.0,214.0,-0.93,57800,12338180.4
2022-04-28,214.0,218.8,214.0,216.0,-0.64,33215,7181556.3
2022-04-27,215.0,218.0,212.1,217.4,1.02,17514,3767535.4
2022-04-26,214.1,220.0,214.1,215.2,-1.28,19732,4272682.7
2022-04-25,222.9,223.0,216.0,218.0,-1.8,45530,9942258.8
2022-04-24,215.0,222.0,214.0,222.0,3.74,48762,10708083.9
2022-04-21,215.0,217.0,212.0,214.0,-0.05,43082,9236934.5
2022-04-20,215.0,224.0,213.1,214.1,0.99,68722,14910086.3
2022-04-19,206.0,216.0,206.0,212.0,0.9,21523,4579897.5
2022-04-18,213.5,214.0,210.0,210.1,-1.82,26269,5547601.5
2022-04-17,215.0,218.0,213.0,214.0,-0.47,28256,6059134.1
2022-04-13,217.0,217.0,211.0,215.0,0.7,34165,7307745.3
2022-04-12,219.0,219.0,205.0,213.5,-0.74,63624,13514578.1
2022-04-11,225.0,231.0,213.7,215.1,-3.54,76382,16636704.9
2022-04-07,212.0,229.5,212.0,223.0,4.21,71362,15664438.1
2022-04-06,211.1,220.3,211.0,214.0,-0.33,42458,9109167.9
2022-04-05,218.1,219.9,213.8,214.7,-2.14,66206,14294083.8
2022-04-04,220.0,222.0,219.0,219.4,-0.68,31448,6923546.0
2022-04-03,218.4,226.4,218.4,220.9,-0.85,19683,4358336.4
2022-03-31,225.0,226.0,221.5,222.8,-0.98,19889,4428409.4
2022-03-30,220.0,226.0,220.0,225.0,1.4,22133,4932066.9
2022-03-29,224.0,226.0,220.0,221.9,-1.29,25000,5539295.4
2022-03-28,225.0,227.0,221.0,224.8,0.04,45751,10188406.9
2022-03-27,226.0,230.0,224.0,224.7,-1.88,50689,11419822.5
2022-03-24,230.0,231.0,228.0,229.0,-0.91,25778,5905773.6
2022-03-23,232.0,233.0,228.4,231.1,-0.39,28933,6672599.8
2022-03-22,229.0,233.5,229.0,232.0,0.26,32901,7628343.0
2022-03-21,228.0,232.0,228.0,231.4,1.71,27319,6275172.1
2022-03-20,230.0,230.0,227.3,227.5,-0.78,35028,8007295.1
2022-03-16,233.0,235.0,229.2,229.3,-0.74,35558,8200883.0
2022-03-15,235.0,235.0,229.0,231.0,-0.86,29816,6889882.8
2022-03-14,235.0,235.0,228.0,233.0,0.0,26867,6227795.3
2022-03-13,227.1,237.0,226.0,233.0,3.1,63813,14799541.0
2022-03-10,223.0,227.0,220.1,226.0,1.35,46814,10480463.4
2022-03-09,228.0,228.0,221.0,223.0,-1.24,42978,9582727.0
2022-03-07,225.0,226.0,223.0,225.8,0.44,31304,7032026.4
2022-03-06,225.0,226.4,222.0,224.8,1.26,27553,6185671.0
2022-03-02,222.0,225.0,222.0,222.0,-0.89,54476,12136023.2
2022-02-28,232.0,233.9,223.7,224.0,-2.4,60733,13764293.6
2022-02-27,231.9,232.0,227.0,229.5,-0.65,20289,4655063.5
2022-02-24,233.9,234.1,229.1,231.0,-2.12,67650,15643357.9
2022-02-23,233.0,239.7,233.0,236.0,-0.46,16935,4018739.4
2022-02-22,237.0,240.0,236.2,237.1,-0.21,35783,8507408.1
2022-02-21,235.0,240.9,233.0,237.6,2.41,60556,14356751.1
2022-02-20,233.2,236.0,230.4,232.0,-2.48,62385,14554235.6
2022-02-17,239.0,239.9,235.1,237.9,1.23,28052,6665026.5
2022-02-16,243.0,243.0,234.1,235.0,-2.25,71403,16873650.0
2022-02-15,240.0,241.0,238.0,240.4,0.59,20712,4962608.5
2022-02-14,238.0,242.0,238.0,239.0,-0.42,33387,8016843.4
2022-02-13,242.0,243.0,237.2,240.0,-2.56,64777,15488753.7
2022-02-10,247.0,250.0,246.0,246.3,-1.08,29486,7279323.2
2022-02-09,249.0,252.0,246.0,249.0,-0.44,49338,12238627.4
2022-02-08,256.0,261.0,250.0,250.1,-1.3,56666,14336380.8
2022-02-07,254.0,257.0,250.9,253.4,-0.24,46895,11842782.4
2022-02-06,256.0,257.0,251.4,254.0,-0.97,33208,8408039.7
2022-02-03,262.0,262.0,255.2,256.5,-0.66,83825,21618902.6
2022-02-01,253.0,260.0,253.0,258.2,0.86,55072,14120553.1
2022-01-31,263.0,263.0,255.1,256.0,-2.29,47955,12360067.7
2022-01-30,256.0,268.2,256.0,262.0,3.03,109935,28646650.0
2022-01-27,251.5,257.0,251.0,254.3,0.36,65079,16556743.8
2022-01-26,258.3,258.3,252.0,253.4,-1.9,60335,15330446.6
2022-01-25,257.0,263.8,256.0,258.3,-0.46,50222,13080813.5
2022-01-24,270.0,270.0,259.0,259.5,-3.17,158486,41345850.5
2022-01-23,280.0,280.0,266.5,268.0,-2.76,350433,94574085.4
2022-01-20,280.0,280.0,270.5,275.6,-0.14,182808,50193313.5
2022-01-19,265.5,279.0,265.0,276.0,2.79,434923,119057271.3
2022-01-18,271.0,274.0,264.0,268.5,0.19,182531,49320318.8
2022-01-17,270.0,274.0,263.1,268.0,0.0,182940,49156328.4
2022-01-16,258.6,270.0,258.6,268.0,5.68,309521,82050572.2
2022-01-13,250.1,256.0,250.0,253.6,0.24,75656,19213633.5
2022-01-12,260.0,260.0,252.0,253.0,-2.69,90994,23189152.0
2022-01-11,262.1,262.1,254.0,260.0,1.17,106630,27583636.5
2022-01-10,265.0,268.2,256.0,257.0,-2.28,217266,56837563.2
2022-01-09,253.0,263.0,253.0,263.0,5.2,209306,54318894.0
2022-01-06,234.1,252.4,234.1,250.0,5.49,147036,36203696.1
2022-01-05,247.9,247.9,236.0,237.0,-2.51,120181,28910381.1
2022-01-04,234.0,246.8,230.0,243.1,4.33,128346,30882462.3
2022-01-03,229.0,235.0,228.1,233.0,3.1,112504,26059900.5
2022-01-02,233.0,240.0,229.0,239.0,3.69,129711,30468529.8
2021-12-29,230.2,230.5,226.2,230.5,0.44,28086,6440555.1
2021-12-28,226.0,230.9,226.0,229.5,0.22,33192,7597950.0
2021-12-27,228.0,235.2,226.4,229.0,-0.52,83446,19273170.7
2021-12-26,229.0,232.5,225.0,230.2,1.5,107873,24780715.4
2021-12-23,226.8,230.0,223.0,226.8,0.67,65417,14786453.0
2021-12-22,225.0,227.0,220.6,225.3,1.53,58324,13077428.5
2021-12-21,220.0,222.0,216.1,221.9,1.79,90601,19886557.7
2021-12-20,224.0,224.0,216.1,218.0,-1.36,48822,10618675.9
2021-12-16,220.1,222.0,216.0,221.0,0.41,44029,9681320.8
2021-12-15,228.0,228.4,218.6,220.1,-1.74,43487,9676328.6
2021-12-14,219.0,225.9,219.0,224.0,3.23,32217,7154382.1
2021-12-13,215.0,224.0,212.0,217.0,-1.0,66970,14454358.1
2021-12-12,221.0,224.0,219.0,219.2,-2.36,46930,10321081.5
2021-12-09,221.0,226.7,218.6,224.5,0.67,70122,15636666.6
2021-12-08,226.0,226.0,220.5,223.0,-1.33,34466,7670106.9
2021-12-07,228.0,232.0,225.0,226.0,-0.44,34166,7815066.0
2021-12-06,223.0,228.0,219.0,227.0,1.48,49585,11083743.2
2021-12-05,231.0,231.0,223.0,223.7,-3.16,68245,15319183.6
2021-12-02,233.0,233.0,229.0,231.0,-0.43,70159,16158344.3
2021-12-01,230.0,234.0,229.0,232.0,0.43,56264,13019620.0
2021-11-30,235.0,235.0,230.0,231.0,-1.28,79474,18425963.1
2021-11-29,230.1,236.0,230.1,234.0,0.04,57574,13443812.4
2021-11-28,237.2,238.0,230.0,233.9,-3.35,95637,22337050.2
2021-11-25,233.0,247.0,230.0,242.0,3.86,243911,58175765.9
2021-11-24,235.0,235.0,230.2,233.0,-0.64,47240,10964030.5
2021-11-23,237.0,238.0,233.2,234.5,-1.01,45837,10785626.7
2021-11-22,230.0,240.3,230.0,236.9,1.67,33717,8003938.7
2021-11-21,237.0,237.0,232.6,233.0,-0.89,26546,6197089.3
2021-11-18,238.3,239.0,235.1,235.1,-1.34,30801,7266786.5
2021-11-17,238.0,241.0,235.0,238.3,0.55,69064,16538449.7
2021-11-16,231.0,237.0,228.2,237.0,2.6,57519,13477250.3
2021-11-15,232.0,236.0,225.0,231.0,0.87,42679,9837007.2
2021-11-14,232.5,233.0,228.0,229.0,-0.87,62646,14336906.9
2021-11-11,230.0,236.0,228.0,231.0,-0.65,68307,15787809.5
2021-11-09,238.3,240.0,232.0,232.5,-2.43,64419,15153530.4
2021-11-08,243.9,245.5,238.2,238.3,-1.81,32109,7708527.8
2021-11-03,244.7,244.7,239.2,242.7,-0.12,68844,16593330.3
2021-11-02,244.7,244.7,238.5,243.0,0.0,69856,16839194.6
2021-11-01,240.0,246.0,237.0,243.0,2.19,98190,23618308.9
2021-10-31,242.0,242.0,235.3,237.8,-0.08,43410,10297307.5
2021-10-28,235.3,241.0,235.3,238.0,-0.83,35679,8529232.0
2021-10-27,244.0,244.0,236.0,240.0,-1.03,51477,12359522.1
2021-10-26,239.0,244.0,235.0,242.5,2.75,52966,12747236.3
2021-10-25,232.0,236.0,228.3,236.0,3.46,41697,9705392.3
2021-10-24,230.0,230.0,224.6,228.1,-0.39,28476,6485139.9
2021-10-21,233.1,233.1,227.5,229.0,-1.29,53734,12369232.9
2021-10-20,229.0,238.0,229.0,232.0,1.35,39345,9106856.8
2021-10-19,230.3,232.0,224.1,228.9,-2.6,56005,12736811.2
2021-10-18,235.0,239.0,231.0,235.0,-1.67,57577,13441969.9
2021-10-17,239.0,241.0,236.6,239.0,0.21,23269,5556073.2
2021-10-11,244.8,244.8,236.0,238.5,-0.63,45501,10859687.6
2021-10-10,247.0,247.8,238.4,240.0,-1.84,49953,12099470.2
2021-10-06,246.9,247.0,241.0,244.5,0.62,37652,9193338.4
2021-10-05,241.0,248.0,238.0,243.0,2.1,54677,13184988.9
2021-10-04,238.0,243.0,235.1,238.0,-0.42,59778,14308644.4
2021-10-03,248.0,248.0,239.0,239.0,-1.77,115420,27833772.5
2021-09-30,250.0,260.0,243.0,243.3,-0.9,61336,15125571.0
2021-09-29,248.0,250.0,242.0,245.5,0.9,55884,13738509.2
2021-09-28,245.0,257.9,243.1,243.3,-1.7,84136,20703011.9
2021-09-27,256.0,256.0,245.0,247.5,-3.32,82540,20506207.5
2021-09-26,260.0,265.2,256.0,256.0,-1.54,167436,43204470.7
2021-09-23,260.2,266.0,254.0,260.0,1.92,143408,37575147.9
2021-09-22,247.0,256.8,247.0,255.1,4.98,75641,19093783.3
2021-09-21,240.0,252.0,235.0,243.0,0.83,92317,22383166.2
2021-09-20,253.0,253.0,241.0,241.0,-4.74,147866,36183241.8
2021-09-16,260.0,263.0,250.2,253.0,-2.69,146710,37363013.53
2021-09-15,266.0,266.0,260.0,260.0,-2.26,50907,13291401.3
2021-09-14,267.0,271.0,258.0,266.0,-0.34,145514,38147028.1
2021-09-13,265.0,270.3,264.0,266.9,0.34,90089,24063306.0
2021-09-12,260.0,270.0,260.0,266.0,1.84,89856,23686309.1
2021-09-09,261.0,264.0,258.8,261.2,0.08,52843,13783149.7
2021-09-08,265.5,268.0,256.8,261.0,-1.51,66506,17278112.7
2021-09-07,276.3,276.3,263.0,265.0,-2.18,73659,19655920.1
2021-09-06,258.0,270.9,257.0,270.9,5.0,135826,36026360.1
2021-09-05,266.0,266.0,254.0,258.0,-3.33,123265,31900491.7
2021-09-02,271.0,273.0,266.0,266.9,-1.15,84820,22753512.4
2021-09-01,267.0,274.0,263.0,270.0,1.12,82202,22236580.3
2021-08-31,270.0,273.0,264.1,267.0,-1.84,152265,40642438.5
2021-08-29,277.0,280.5,271.0,272.0,-1.98,149686,40997878.2
2021-08-26,279.0,283.0,272.0,277.5,-0.36,142800,39397192.9
2021-08-25,281.0,282.0,274.9,278.5,-1.24,155071,43156536.0
2021-08-24,288.0,289.0,280.1,282.0,-0.81,112402,31690255.0
2021-08-19,290.0,291.0,284.0,284.3,-1.56,178153,50986897.8
2021-08-18,285.0,291.0,280.3,288.8,0.8,232154,66397391.9
2021-08-17,289.0,290.0,284.1,286.5,0.53,241517,69065834.95
2021-08-16,285.0,290.0,284.2,285.0,-1.08,173454,49582429.0
2021-08-15,291.0,294.0,286.0,288.1,-1.0,152315,43986944.7
2021-08-12,291.0,296.0,288.0,291.0,-0.51,224377,65438358.7
2021-08-11,296.0,300.0,289.0,292.5,-0.51,158475,46283305.6
2021-08-10,286.0,298.0,284.0,294.0,2.8,269969,79028053.0
2021-08-09,290.0,292.5,285.0,286.0,-1.21,156382,44948238.2
2021-08-08,293.0,294.0,288.0,289.5,-1.19,178948,51801228.4
2021-08-05,292.0,294.9,291.0,293.0,0.34,146135,42733464.5
2021-08-04,296.8,296.8,290.0,292.0,0.34,160961,46938369.9
2021-08-03,291.5,295.0,289.2,291.0,-0.34,133911,39013072.4
2021-08-02,297.0,297.8,291.0,292.0,0.0,156781,45856801.75
2021-08-01,295.0,299.9,291.5,292.0,-0.31,156131,45830692.9
2021-07-29,294.0,295.0,290.0,292.9,-0.37,161451,47314921.0
2021-07-28,300.0,304.0,292.5,294.0,-0.68,214833,63542376.0
2021-07-27,293.5,299.0,288.2,296.0,-1.0,276919,81581582.7
2021-07-26,311.5,311.5,297.6,299.0,-2.1,342985,103389820.4
2021-07-25,300.0,306.0,296.3,305.4,3.18,672483,203053805.3
2021-07-22,294.0,300.0,291.0,296.0,0.68,274609,81146859.1
2021-07-20,298.0,298.0,292.1,294.0,-0.68,82992,24397586.6
2021-07-19,302.0,305.0,294.0,296.0,-1.0,296980,88395630.1
2021-07-18,293.0,300.0,290.0,299.0,2.75,441031,130761117.7
2021-07-15,279.0,294.0,279.0,291.0,1.75,162721,46827258.0
2021-07-14,273.0,293.0,273.0,286.0,-0.35,232249,66215584.0
2021-07-13,284.0,288.0,281.0,287.0,0.7,82862,23696004.0
2021-07-12,300.0,300.0,284.0,285.0,-1.72,162204,46649389.0
2021-07-11,287.0,290.0,284.0,290.0,2.11,211788,60813140.0
2021-07-08,281.0,284.0,277.0,284.0,1.07,102829,29002446.0
2021-07-07,284.0,284.0,280.0,281.0,0.0,81795,22972309.0
2021-07-06,283.0,285.0,278.0,281.0,-0.71,166795,46887175.0
2021-07-05,292.0,293.0,281.0,283.0,-2.75,177611,50600300.0
2021-07-04,300.0,300.0,289.0,291.0,-1.36,135064,39263292.0
2021-07-01,287.0,302.0,284.0,295.0,3.15,394555,115726368.0
2021-06-30,290.0,290.0,283.0,286.0,-1.38,185613,53018469.0
2021-06-29,301.0,303.0,288.0,290.0,-3.01,271634,79496594.0
2021-06-28,312.0,324.0,297.0,299.0,0.34,931690,286134999.0
2021-06-27,271.0,298.0,271.0,298.0,9.96,1293222,378375502.0
2021-06-24,273.0,274.0,267.0,271.0,-0.73,135509,36630407.0
2021-06-23,295.0,295.0,273.0,273.0,-2.85,134195,37184435.0
2021-06-22,272.0,282.0,266.0,281.0,4.46,222354,61368580.0
2021-06-21,294.0,294.0,269.0,269.0,-3.93,248496,67804425.0
2021-06-20,293.0,293.0,277.0,280.0,-2.78,167393,47133722.0
2021-06-17,290.0,292.0,286.0,288.0,-0.69,162807,46851378.0
2021-06-16,298.0,299.0,288.0,290.0,-2.03,266593,78105931.0
2021-06-15,300.0,304.0,295.0,296.0,0.0,508233,151565852.0
2021-06-14,291.0,300.0,285.0,296.0,4.23,534327,157303197.0
2021-06-13,285.0,288.0,280.0,284.0,0.35,353442,99662505.0
2021-06-10,300.0,300.0,279.0,283.0,-1.05,264981,74741195.0
2021-06-09,307.0,307.0,285.0,286.0,-2.39,299974,86787610.0
2021-06-08,300.0,300.0,283.0,293.0,1.74,378797,110329804.0
2021-06-07,299.0,300.0,281.0,288.0,-2.04,597790,171614046.0
2021-06-06,285.0,299.0,281.0,294.0,6.14,1199522,349651628.0
2021-06-03,267.0,282.0,267.0,277.0,3.75,760410,209721814.0
2021-06-02,273.0,273.0,260.0,267.0,2.69,222133,58736605.0
2021-06-01,265.0,270.0,259.0,260.0,-2.62,313952,82397928.0
2021-05-31,278.0,278.0,265.0,267.0,-2.2,407826,110316187.0
2021-05-30,270.0,279.0,265.0,273.0,1.49,406111,110030745.0
2021-05-27,263.0,278.0,259.0,269.0,0.75,244294,64986763.0
2021-05-25,274.0,275.0,264.0,267.0,-2.55,315342,84600040.0
2021-05-24,285.0,285.0,269.0,274.0,-0.36,546096,150807307.0
2021-05-23,268.0,275.0,255.0,275.0,2.61,355986,95897148.0
2021-05-20,260.0,273.0,260.0,268.0,3.08,636983,171075185.0
2021-05-19,258.0,270.0,255.0,260.0,2.77,731720,192728144.0
2021-05-18,254.0,260.0,251.0,253.0,0.4,148702,37608378.0
2021-05-17,255.0,256.0,250.0,252.0,0.8,214564,54116507.0
2021-05-16,246.0,251.0,244.0,250.0,2.04,202492,49987693.0
2021-05-13,247.0,247.0,244.0,245.0,-0.41,107489,26362809.0
2021-05-12,244.0,249.0,239.0,246.0,1.23,264905,64897372.0
2021-05-11,248.0,248.0,235.0,243.0,2.53,214587,51350212.0
2021-05-10,230.0,238.0,230.0,237.0,0.85,138482,32569238.0
2021-05-09,246.0,246.0,231.0,235.0,0.0,213088,50121548.0
2021-05-06,231.0,240.0,230.0,235.0,0.86,124891,29110404.0
2021-05-05,230.0,234.0,228.0,233.0,0.87,122046,28314878.0
2021-05-04,242.0,242.0,228.0,231.0,0.0,90056,20695068.0
2021-05-03,232.0,236.0,230.0,231.0,-1.28,200242,46388244.0
2021-05-02,233.0,236.0,231.0,234.0,0.43,126694,29566903.0
2021-04-29,230.0,234.0,227.0,233.0,0.87,97949,22642624.0
2021-04-28,237.0,237.0,229.0,231.0,-2.53,121795,28229036.0
2021-04-27,228.0,238.0,228.0,237.0,3.95,134830,31543159.0
2021-04-26,234.0,238.0,221.0,228.0,-4.2,162971,37498836.0
2021-04-25,245.0,245.0,235.0,238.0,-3.64,146416,34930497.0
2021-04-22,245.0,248.0,242.0,247.0,0.0,90060,22169293.0
2021-04-21,250.0,252.0,244.0,247.0,-1.2,124437,30714232.0
2021-04-20,251.0,253.0,246.0,250.0,0.4,86428,21555503.0
2021-04-19,253.0,257.0,248.0,249.0,-2.73,193697,48654409.0
2021-04-18,265.0,265.0,251.0,256.0,-1.54,235382,60464761.0
2021-04-15,260.0,266.0,255.0,260.0,1.17,310444,81053672.0
2021-04-13,250.0,257.0,249.0,257.0,2.8,185502,46870390.0
2021-04-12,254.0,255.0,250.0,250.0,-1.57,118046,29720735.0
2021-04-08,245.0,256.0,245.0,254.0,-0.78,236154,59882275.0
2021-04-07,251.0,260.0,247.0,256.0,1.99,187663,47594216.0
2021-04-06,250.0,251.0,246.0,251.0,0.4,96437,23949515.0
2021-04-05,238.0,255.0,238.0,250.0,0.0,124538,31142721.0
2021-04-04,250.0,255.0,247.0,250.0,0.81,165166,41213542.0
2021-04-01,249.0,253.0,246.0,248.0,0.4,135489,33801219.0
2021-03-31,245.0,250.0,244.0,247.0,0.82,119175,29535563.0
2021-03-30,242.0,247.0,242.0,245.0,0.0,53605,13149756.0
2021-03-29,243.0,246.0,242.0,245.0,-0.41,44121,10749526.0
2021-03-25,254.0,259.0,245.0,246.0,-1.99,105329,26088735.0
2021-03-24,250.0,253.0,245.0,251.0,2.03,113228,28355872.0
2021-03-23,244.0,249.0,243.0,246.0,0.0,73271,17954644.0
2021-03-22,255.0,257.0,246.0,246.0,-1.99,142266,35587772.0
2021-03-21,250.0,260.0,245.0,251.0,2.87,204950,51774733.0
2021-03-18,226.0,244.0,226.0,244.0,2.95,81201,19482804.0
2021-03-17,237.0,238.0,232.0,237.0,0.85,42951,10127570.0
2021-03-16,232.0,236.0,230.0,235.0,1.29,61631,14389340.0
2021-03-15,230.0,239.0,230.0,232.0,-0.85,97109,22642627.0
2021-03-14,240.0,244.0,234.0,234.0,-2.5,64800,15285655.0
2021-03-10,240.0,244.0,239.0,240.0,-0.83,53988,13010696.0
2021-03-09,245.0,245.0,241.0,242.0,-1.22,72621,17601452.0
2021-03-07,255.0,255.0,245.0,245.0,-2.0,69962,17294863.0
2021-03-04,246.0,252.0,242.0,250.0,3.31,157458,39004132.0
2021-03-03,242.0,246.0,238.0,242.0,-1.63,125755,30388348.0
2021-03-02,258.0,260.0,245.0,246.0,-3.91,124312,30922990.0
2021-03-01,262.0,262.0,247.0,256.0,2.4,160586,40777290.0
2021-02-28,256.0,260.0,249.0,250.0,-3.85,191612,48441337.0
2021-02-25,280.0,280.0,259.0,260.0,-2.62,167532,43823496.0
2021-02-24,270.0,280.0,265.0,267.0,-0.74,212495,58021058.0
2021-02-23,277.0,277.0,257.0,269.0,-1.82,211224,55791266.0
2021-02-22,298.0,298.0,272.0,274.0,-5.52,296521,82274264.0
2021-02-21,275.0,290.0,272.0,290.0,7.01,631698,176176599.0
2021-02-18,256.0,272.0,256.0,271.0,5.86,578017,153868846.0
2021-02-17,256.0,256.0,251.0,256.0,0.39,156810,39713376.0
2021-02-16,257.0,259.0,253.0,255.0,0.0,151215,38690106.0
2021-02-15,258.0,258.0,251.0,255.0,0.39,152417,38643038.0
2021-02-14,255.0,259.0,252.0,254.0,-1.17,135689,34529564.0
2021-02-11,255.0,261.0,252.0,257.0,2.39,260634,66760885.0
2021-02-10,266.0,266.0,249.0,251.0,-1.18,245551,61919117.0
2021-02-09,259.0,265.0,253.0,254.0,-0.78,229631,58796019.0
2021-02-08,258.0,261.0,253.0,256.0,0.0,301965,77000151.0
2021-02-07,261.0,261.0,252.0,256.0,0.0,465267,118482230.0
2021-02-04,256.0,262.0,252.0,256.0,-0.78,410093,104819556.0
2021-02-03,248.0,268.0,247.0,258.0,4.45,801132,206615289.0
2021-02-02,260.0,263.0,242.0,247.0,-2.37,535806,134264673.0
2021-02-01,231.0,253.0,231.0,253.0,10.0,1099677,269887040.0
2021-01-31,226.0,235.0,221.0,230.0,1.77,760495,174441444.0
2021-01-28,232.0,239.0,225.0,226.0,-4.24,416043,95205506.0
2021-01-27,222.0,242.0,219.0,236.0,6.31,375997,85342809.0
2021-01-26,224.0,226.0,220.0,222.0,-0.45,134442,29771338.0
2021-01-25,225.0,229.0,220.0,223.0,-0.45,157338,35088166.0
2021-01-24,218.0,225.0,218.0,224.0,3.23,383943,85229636.0
2021-01-21,229.0,229.0,216.0,217.0,-0.91,151057,32880461.0
2021-01-20,216.0,221.0,214.0,219.0,0.92,136076,29729287.0
2021-01-19,222.0,223.0,216.0,217.0,-0.91,115204,25134189.0
2021-01-18,219.0,222.0,217.0,219.0,0.92,244340,53628554.0
2021-01-17,221.0,225.0,216.0,217.0,-0.91,148257,32339041.0
2021-01-13,222.0,222.0,217.0,219.0,-0.45,168496,36803589.0
2021-01-12,224.0,228.0,217.0,220.0,0.0,137176,30088171.0
2021-01-11,224.0,229.0,218.0,220.0,-0.45,285138,63740961.0
2021-01-10,209.0,225.0,208.0,221.0,6.25,577718,125704960.0
2021-01-07,208.0,209.0,204.0,208.0,0.48,176670,36535406.0
2021-01-06,202.0,208.0,202.0,207.0,1.47,152034,31321313.0
2021-01-05,202.0,204.0,201.0,204.0,0.0,54944,11144874.0
2021-01-04,209.0,210.0,202.0,204.0,-1.45,143980,29731737.0
2021-01-03,205.0,208.0,201.0,207.0,2.99,178868,36646535.0
2020-12-31,200.0,204.0,199.0,201.0,1.01,161836,32518388.0
2020-12-30,203.0,209.0,202.0,209.0,2.45,231628,47530527.0
2020-12-29,202.0,205.0,202.0,204.0,0.0,84138,17079410.0
2020-12-28,205.0,206.0,203.0,204.0,-0.49,86143,17579885.0
2020-12-27,206.0,210.0,204.0,205.0,-0.49,121974,25126343.0
2020-12-24,206.0,208.0,204.0,206.0,0.0,93636,19310270.0
2020-12-23,210.0,216.0,205.0,206.0,0.0,157652,32798360.0
2020-12-22,198.0,214.0,198.0,206.0,4.04,206182,42447650.0
2020-12-21,195.0,205.0,192.0,198.0,0.0,119864,23479639.0
2020-12-20,203.0,204.0,198.0,198.0,-3.41,181504,36528282.0
2020-12-17,206.0,207.0,201.0,205.0,-0.49,157504,32341865.0
2020-12-16,215.0,215.0,202.0,206.0,0.49,153325,31404012.0
2020-12-15,210.0,210.0,204.0,205.0,-0.97,103940,21404567.0
2020-12-14,211.0,217.0,207.0,207.0,-1.43,301550,63357277.0
2020-12-13,205.0,213.0,202.0,210.0,3.45,135062,27873290.0
2020-12-10,199.0,203.0,198.0,203.0,1.0,79433,16003194.0
2020-12-09,206.0,209.0,200.0,201.0,-1.95,124609,25098809.0
2020-12-08,217.0,217.0,203.0,205.0,-0.97,150725,31068978.0
2020-12-07,200.0,209.0,198.0,207.0,2.48,157915,32335842.0
2020-12-06,207.0,213.0,201.0,202.0,-3.35,216043,44273707.0
2020-12-03,217.0,219.0,206.0,209.0,-1.88,177690,37340749.0
2020-12-02,205.0,218.0,205.0,213.0,-0.93,165825,35601681.0
2020-12-01,228.0,228.0,213.0,215.0,-2.27,274509,59487151.0
2020-11-30,231.0,242.0,211.0,220.0,0.0,746750,169284452.0
2020-11-29,203.0,220.0,203.0,220.0,10.0,685047,146178736.0
2020-11-26,205.0,209.0,197.0,200.0,-0.99,293150,59281574.0
2020-11-25,193.0,205.0,190.0,202.0,6.32,447582,88494481.0
2020-11-24,188.0,192.0,188.0,190.0,0.0,97390,18452284.0
2020-11-23,191.0,193.0,189.0,190.0,-0.52,97597,18531389.0
2020-11-22,192.0,195.0,190.0,191.0,0.0,101853,19640618.0
2020-11-19,191.0,192.0,188.0,191.0,1.6,100478,19043842.0
2020-11-18,191.0,191.0,186.0,188.0,-3.09,136592,25812798.0
2020-11-12,193.0,197.0,192.0,194.0,0.0,69748,13582006.0
2020-11-11,192.0,195.0,191.0,194.0,0.52,80100,15503727.0
2020-11-10,192.0,195.0,191.0,193.0,1.05,83155,15997283.0
2020-11-09,195.0,195.0,190.0,191.0,-1.55,108285,20769652.0
2020-11-08,196.0,196.0,191.0,194.0,0.52,81122,15612519.0
2020-11-05,196.0,197.0,192.0,193.0,-0.52,72698,14087935.0
2020-11-04,195.0,197.0,193.0,194.0,-1.02,61517,11957848.0
2020-11-03,196.0,198.0,195.0,196.0,0.0,47151,9221494.0
2020-11-02,198.0,200.0,195.0,196.0,-1.51,65051,12807011.0
2020-11-01,201.0,201.0,197.0,199.0,-1.0,97267,19387571.0
2020-10-29,207.0,208.0,197.0,201.0,-1.95,250640,50909855.0
2020-10-28,198.0,205.0,194.0,205.0,5.13,224390,44933015.0
2020-10-22,190.0,196.0,190.0,195.0,3.72,176218,34108144.0
2020-10-21,189.0,191.0,187.0,188.0,-0.53,38068,7194448.0
2020-10-20,186.0,190.0,185.0,189.0,1.07,22664,4266253.0
2020-10-19,185.0,188.0,184.0,187.0,0.54,23092,4296400.0
2020-10-18,189.0,190.0,185.0,186.0,-1.06,19359,3602185.0
2020-10-15,186.0,190.0,186.0,188.0,0.53,52749,9919123.0
2020-10-14,187.0,189.0,186.0,187.0,-0.53,38756,7259843.0
2020-10-13,198.0,198.0,187.0,188.0,-0.53,32453,6115495.0
2020-10-12,199.0,199.0,187.0,189.0,-0.53,56896,10716902.0
2020-10-11,189.0,192.0,189.0,190.0,-0.52,53360,10157726.0
2020-10-08,202.0,202.0,189.0,191.0,-1.04,137789,26422233.0
2020-10-07,188.0,197.0,188.0,193.0,1.58,87230,16717627.0
2020-10-06,187.0,194.0,187.0,190.0,0.0,73140,13865819.0
2020-10-05,193.0,193.0,189.0,190.0,0.0,57351,10934805.0
2020-10-04,191.0,192.0,189.0,190.0,1.06,92709,17649065.0
2020-10-01,187.0,192.0,186.0,188.0,0.53,111734,21168501.0
2020-09-30,187.0,189.0,184.0,187.0,0.0,30889,5774519.0
2020-09-29,187.0,190.0,186.0,187.0,-1.58,23970,4508222.0
2020-09-28,193.0,194.0,188.0,190.0,0.0,120328,22931493.0
2020-09-27,184.0,194.0,181.0,190.0,4.4,265380,50300800.0
2020-09-24,179.0,184.0,178.0,182.0,0.0,53832,9762025.0
2020-09-23,171.0,183.0,171.0,182.0,1.11,43291,7798661.0
2020-09-22,188.0,188.0,179.0,180.0,-4.26,102321,18656118.0
2020-09-21,193.0,193.0,185.0,188.0,-2.59,113927,21364471.0
2020-09-20,186.0,194.0,185.0,193.0,5.46,225161,43092442.0
2020-09-17,175.0,188.0,171.0,183.0,6.4,197064,35470479.0
2020-09-16,171.0,173.0,171.0,172.0,-0.58,31351,5376544.0
2020-09-15,174.0,176.0,172.0,173.0,0.0,38632,6711320.0
2020-09-14,170.0,175.0,170.0,173.0,0.58,58519,10123181.0
2020-09-13,171.0,173.0,169.0,172.0,0.0,60684,10363467.0
2020-09-10,171.0,175.0,171.0,172.0,0.0,37595,6504466.0
2020-09-09,170.0,173.0,170.0,172.0,-0.58,44463,7615460.0
2020-09-08,170.0,174.0,170.0,173.0,1.17,23829,4078927.0
2020-09-07,173.0,173.0,170.0,171.0,-1.16,33535,5753846.0
2020-09-06,177.0,183.0,173.0,173.0,-0.57,57996,10180111.0
2020-09-03,176.0,179.0,174.0,174.0,-1.14,42205,7405076.0
2020-09-02,174.0,177.0,173.0,176.0,1.15,88508,15529943.0
2020-08-31,172.0,176.0,172.0,174.0,0.0,37633,6563523.0
2020-08-30,171.0,175.0,171.0,174.0,0.0,13315,2303627.0
2020-08-27,175.0,178.0,172.0,174.0,-0.57,48105,8445673.0
2020-08-26,182.0,182.0,171.0,175.0,0.57,78620,13708007.0
2020-08-25,175.0,176.0,172.0,174.0,0.0,19619,3397059.0
2020-08-24,171.0,174.0,171.0,174.0,1.75,40938,7069336.0
2020-08-23,174.0,174.0,169.0,171.0,-0.58,34979,5961873.0
2020-08-20,172.0,173.0,170.0,172.0,0.58,10663,1833355.0
2020-08-19,173.0,173.0,170.0,171.0,-1.72,16168,2766525.0
2020-08-18,174.0,175.0,171.0,174.0,0.0,57031,9838359.0
2020-08-17,174.0,175.0,172.0,174.0,0.58,15758,2736401.0
2020-08-16,177.0,177.0,172.0,173.0,-1.14,33329,5803259.0
2020-08-13,175.0,179.0,173.0,175.0,-1.69,27623,4872661.0
2020-08-12,175.0,179.0,173.0,178.0,0.56,33087,5815617.0
2020-08-11,179.0,180.0,176.0,177.0,-1.12,29267,5196067.0
2020-08-10,179.0,180.0,175.0,179.0,1.13,53696,9550566.0
2020-08-09,172.0,178.0,170.0,177.0,1.72,36805,6437542.0
2020-08-06,178.0,178.0,171.0,174.0,-0.57,26992,4677863.0
2020-08-05,173.0,175.0,170.0,175.0,0.0,44144,7652413.0
2020-08-03,171.0,177.0,171.0,175.0,2.34,35385,6178527.0
2020-08-02,176.0,176.0,171.0,171.0,-3.93,87275,15158080.0
2020-07-30,176.0,179.0,175.0,178.0,0.56,17711,3133771.0
2020-07-29,179.0,181.0,177.0,177.0,-1.67,34042,6089174.0
2020-07-28,177.0,184.0,174.0,180.0,1.12,68961,12356479.0
2020-07-27,179.0,181.0,177.0,178.0,-0.56,38776,6953690.0
2020-07-26,180.0,185.0,175.0,179.0,1.13,43166,7720060.0
2020-07-23,178.0,179.0,175.0,177.0,-1.12,25701,4546903.0
2020-07-22,183.0,185.0,178.0,179.0,-2.19,33470,6012072.0
2020-07-21,192.0,192.0,181.0,183.0,0.0,45637,8415155.0
2020-07-20,198.0,207.0,183.0,183.0,-3.17,137509,26257222.0
2020-07-19,180.0,189.0,180.0,189.0,9.88,1958,369882.0
2020-07-16,168.0,172.0,167.0,172.0,4.24,36730,6235597.0
2020-07-15,165.0,168.0,164.0,165.0,0.0,29365,4878171.0
2020-07-14,163.0,165.0,163.0,165.0,1.85,13387,2194519.0
2020-07-13,161.0,164.0,160.0,162.0,0.0,13114,2123955.0
2020-07-12,165.0,166.0,160.0,162.0,-1.82,15413,2505274.0
2020-07-09,165.0,167.0,161.0,165.0,0.0,13707,2260362.0
2020-07-08,170.0,171.0,162.0,165.0,-1.79,28161,4670442.0
2020-07-07,164.0,169.0,164.0,168.0,3.07,27012,4497790.0
2020-07-06,158.0,166.0,158.0,163.0,1.88,24256,3957776.0
2020-07-05,158.0,163.0,155.0,160.0,0.0,26394,4213459.0
2020-07-02,171.0,171.0,158.0,160.0,-4.76,8081,1303711.0
2020-07-01,161.0,168.0,161.0,168.0,6.33,3535,580467.0
2020-06-30,146.0,158.0,146.0,158.0,8.97,2782,416460.0
2020-06-29,148.0,148.0,136.0,145.0,-1.99,29582,4213381.0
2020-05-13,152.0,152.0,151.0,151.0,-2.58,310,46960.0
2020-05-12,156.0,156.0,155.0,155.0,-2.52,550,85550.0
2020-03-22,165.0,168.0,159.0,159.0,-1.85,4416,709896.0
2020-03-19,154.0,163.0,150.0,162.0,3.18,51570,8179433.0
2020-03-18,157.0,161.0,154.0,157.0,-1.88,57380,9023713.0
2020-03-17,163.0,164.0,159.0,160.0,-3.03,56388,9049337.0
2020-03-16,164.0,170.0,164.0,165.0,0.0,33890,5643583.0
2020-03-15,174.0,174.0,165.0,165.0,-7.02,89737,15054535.0
2020-03-12,186.0,188.0,180.0,181.0,-2.16,166453,30319644.0
2020-03-11,175.0,185.0,175.0,185.0,6.32,83791,15145137.0
2020-03-10,183.0,183.0,174.0,174.0,-5.95,57989,10342581.0
2020-03-05,184.0,192.0,183.0,185.0,-0.54,79941,14888177.0
2020-03-04,190.0,193.0,185.0,186.0,-2.62,125271,23624808.0
2020-03-03,187.0,198.0,185.0,191.0,0.53,89843,17207420.0
2020-03-02,199.0,200.0,190.0,190.0,-4.52,88484,17259596.0
2020-03-01,202.0,210.0,198.0,199.0,-1.49,294565,59707904.0
2020-02-27,197.0,209.0,193.0,202.0,1.51,295268,59360196.0
2020-02-26,201.0,201.0,193.0,199.0,3.65,204678,40398160.0
2020-02-25,191.0,195.0,189.0,192.0,0.52,165087,31587588.0
2020-02-24,196.0,206.0,191.0,191.0,-1.04,152711,29756382.0
2020-02-23,186.0,198.0,186.0,193.0,4.89,164208,31424080.0
2020-02-20,185.0,188.0,182.0,184.0,0.0,53332,9794467.0
2020-02-19,186.0,187.0,184.0,184.0,-1.6,32638,6040770.0
2020-02-18,190.0,192.0,185.0,187.0,-0.53,51989,9775214.0
2020-02-17,189.0,191.0,186.0,188.0,1.08,55218,10371629.0
2020-02-16,183.0,186.0,182.0,186.0,1.64,40276,7390250.0
2020-02-13,187.0,187.0,182.0,183.0,-1.61,32386,5957321.0
2020-02-12,188.0,191.0,185.0,186.0,0.0,42787,7987809.0
2020-02-11,187.0,187.0,184.0,186.0,1.09,51024,9469532.0
2020-02-10,186.0,186.0,182.0,184.0,-1.08,21188,3887593.0
2020-02-09,187.0,187.0,182.0,186.0,-1.06,75323,13838836.0
2020-02-06,188.0,190.0,187.0,188.0,0.0,54078,10164460.0
2020-02-05,188.0,188.0,185.0,188.0,1.08,43941,8212280.0
2020-02-04,197.0,197.0,184.0,186.0,-1.06,27706,5185427.0
2020-02-03,190.0,193.0,188.0,188.0,-1.05,49290,9344120.0
2020-02-02,187.0,193.0,184.0,190.0,2.15,117686,22241524.0
2020-01-30,179.0,190.0,178.0,186.0,3.91,71563,13071025.0
2020-01-29,184.0,184.0,179.0,179.0,-1.1,26338,4729817.0
2020-01-28,181.0,182.0,179.0,181.0,0.0,28428,5131336.0
2020-01-27,177.0,183.0,177.0,181.0,1.69,41019,7413192.0
2020-01-26,183.0,183.0,178.0,178.0,-1.66,35957,6453356.0
2020-01-23,187.0,187.0,181.0,181.0,-1.63,48976,8954607.0
2020-01-22,186.0,186.0,181.0,184.0,0.0,41229,7593939.0
2020-01-21,189.0,189.0,183.0,184.0,-2.13,41026,7614635.0
2020-01-20,195.0,197.0,184.0,188.0,-2.08,94511,17751820.0
2020-01-19,188.0,194.0,188.0,192.0,2.13,126583,24245380.0
2020-01-16,185.0,191.0,184.0,188.0,2.17,142678,26727036.0
2020-01-15,180.0,185.0,178.0,184.0,3.37,76210,13811086.0
2020-01-14,178.0,181.0,177.0,178.0,0.0,64547,11539703.0
2020-01-13,178.0,182.0,175.0,178.0,1.71,144442,25852700.0
2020-01-12,169.0,176.0,168.0,175.0,2.94,52387,9008803.0
2020-01-09,167.0,170.0,167.0,170.0,0.59,13213,2229584.0
2020-01-08,171.0,172.0,168.0,169.0,-1.17,27876,4734951.0
2020-01-07,168.0,172.0,168.0,171.0,2.4,72613,12360625.0
2020-01-06,169.0,171.0,167.0,167.0,0.0,27292,4611830.0
2020-01-05,163.0,170.0,163.0,167.0,1.21,26318,4412003.0
2020-01-02,164.0,166.0,164.0,165.0,0.61,11025,1818874.0
2020-01-01,164.0,164.0,163.0,164.0,0.61,6216,1016418.0
2019-12-31,163.0,165.0,162.0,163.0,0.0,9398,1534138.0
2019-12-30,162.0,164.0,162.0,163.0,-0.61,17039,2772791.0
2019-12-29,167.0,167.0,163.0,164.0,0.0,8418,1381758.0
2019-12-26,163.0,166.0,163.0,164.0,0.0,6163,1009252.0
2019-12-25,166.0,166.0,163.0,164.0,-0.61,39554,6516039.0
2019-12-24,168.0,168.0,165.0,165.0,-1.2,12883,2142362.0
2019-12-23,165.0,167.0,164.0,167.0,1.21,10935,1808108.0
2019-12-22,163.0,166.0,161.0,165.0,0.61,21484,3481369.0
2019-12-19,165.0,165.0,164.0,164.0,-0.61,7251,1193372.0
2019-12-18,165.0,166.0,163.0,165.0,-0.6,17790,2922547.0
2019-12-17,163.0,168.0,163.0,166.0,0.0,16252,2698670.0
2019-12-16,171.0,171.0,166.0,166.0,-1.19,11093,1855328.0
2019-12-15,168.0,173.0,166.0,168.0,-1.18,28710,4856654.0
2019-12-12,166.0,171.0,166.0,170.0,1.8,36340,6123576.0
2019-12-11,164.0,169.0,164.0,167.0,1.21,22334,3725440.0
2019-12-10,166.0,166.0,163.0,165.0,1.23,32195,5295997.0
2019-12-09,165.0,165.0,162.0,163.0,0.62,13107,2147281.0
2019-12-08,162.0,163.0,161.0,162.0,0.0,14150,2286667.0
2019-12-05,161.0,163.0,161.0,162.0,0.0,20945,3407253.0
2019-12-04,162.0,163.0,160.0,162.0,-0.61,31294,5037629.0
2019-12-03,160.0,163.0,160.0,163.0,0.62,31969,5172009.0
2019-12-02,160.0,162.0,160.0,162.0,1.25,14152,2279306.0
2019-12-01,160.0,161.0,158.0,160.0,0.63,8208,1307247.0
2019-11-28,160.0,162.0,159.0,159.0,-0.63,7842,1250928.0
2019-11-27,159.0,161.0,158.0,160.0,1.27,11732,1872585.0
2019-11-26,160.0,160.0,157.0,158.0,-5.39,24766,3917232.0
2019-11-25,164.0,167.0,157.0,167.0,5.03,9303,1472392.0
2019-11-24,160.0,160.0,157.0,159.0,-0.63,11740,1860131.0
2019-11-21,162.0,163.0,159.0,160.0,-1.84,26093,4186501.0
2019-11-20,162.0,165.0,162.0,163.0,0.62,32752,5363049.0
2019-11-19,160.0,163.0,160.0,162.0,0.62,11570,1865609.0
2019-11-18,165.0,166.0,161.0,161.0,-0.62,11793,1906809.0
2019-11-17,158.0,163.0,158.0,162.0,4.52,53017,8558310.0
2019-11-14,155.0,156.0,154.0,155.0,0.0,7179,1112019.0
2019-11-13,155.0,158.0,154.0,155.0,0.0,6746,1042473.0
2019-11-12,154.0,156.0,154.0,155.0,0.0,13978,2158689.0
2019-11-11,155.0,157.0,154.0,155.0,0.65,9219,1429489.0
2019-11-10,156.0,156.0,154.0,154.0,-0.65,19084,2950788.0
2019-11-07,156.0,157.0,155.0,155.0,-1.27,15480,2420793.0
2019-11-06,157.0,157.0,156.0,157.0,-0.63,5411,848163.0
2019-11-05,158.0,159.0,156.0,158.0,0.0,9717,1531635.0
2019-11-04,153.0,158.0,153.0,158.0,1.94,6300,983549.0
2019-11-03,156.0,158.0,154.0,155.0,-1.9,6959,1079592.0
2019-10-31,154.0,159.0,154.0,158.0,0.64,18217,2849959.0
2019-10-24,153.0,157.0,153.0,157.0,1.29,9750,1526950.0
2019-10-23,153.0,156.0,152.0,155.0,1.97,13247,2041152.0
2019-10-22,153.0,154.0,152.0,152.0,-0.65,4614,702551.0
2019-10-21,154.0,154.0,152.0,153.0,-0.65,7053,1078217.0
2019-10-20,154.0,154.0,152.0,154.0,0.0,16631,2549317.0
2019-10-17,153.0,155.0,153.0,154.0,-0.65,4827,744376.0
2019-10-16,153.0,156.0,153.0,155.0,0.0,9421,1454371.0
2019-10-15,155.0,155.0,153.0,155.0,0.0,13305,2050651.0
2019-10-14,154.0,155.0,152.0,155.0,0.0,10728,1644178.0
2019-10-10,154.0,155.0,152.0,155.0,0.65,3380,516590.0
2019-10-03,155.0,155.0,153.0,154.0,0.0,6887,1064766.0
2019-10-02,155.0,156.0,153.0,154.0,-0.65,4426,683543.0
2019-10-01,153.0,157.0,153.0,155.0,1.31,3375,523792.0
2019-09-30,151.0,154.0,151.0,153.0,0.66,7678,1174556.0
2019-09-29,150.0,153.0,150.0,152.0,-0.65,12757,1931291.0
2019-09-26,153.0,163.0,151.0,153.0,0.0,9580,1479128.0
2019-09-25,153.0,154.0,151.0,153.0,0.0,27900,4251732.0
2019-09-24,152.0,154.0,152.0,153.0,-0.65,11558,1765074.0
2019-09-23,153.0,156.0,153.0,154.0,0.0,21755,3340743.0
2019-09-22,156.0,156.0,154.0,154.0,-2.53,10266,1586676.0
2019-09-19,158.0,160.0,157.0,158.0,-1.25,12095,1913267.0
2019-09-18,160.0,160.0,157.0,160.0,1.27,22156,3516324.0
2019-09-17,155.0,159.0,155.0,158.0,1.94,21562,3383190.0
2019-09-16,154.0,157.0,154.0,155.0,0.0,22840,3548752.0
2019-09-15,156.0,158.0,155.0,155.0,-1.9,33685,5286894.0
2019-09-12,156.0,158.0,156.0,158.0,0.0,12446,1961830.0
2019-09-11,158.0,159.0,157.0,158.0,0.0,9643,1524274.0
2019-09-10,159.0,159.0,157.0,158.0,-0.63,11606,1837114.0
2019-09-09,160.0,160.0,158.0,159.0,-0.63,18726,2961267.0
2019-09-08,158.0,160.0,158.0,160.0,0.0,8244,1304698.0
2019-09-05,160.0,162.0,158.0,160.0,0.0,38808,6199230.0
2019-09-04,160.0,162.0,157.0,160.0,0.63,14061,2252779.0
2019-09-03,156.0,159.0,156.0,159.0,0.63,36979,5819234.0
2019-09-02,158.0,158.0,157.0,158.0,-0.63,37877,5954257.0
2019-09-01,159.0,163.0,158.0,159.0,0.63,31469,5037970.0
2019-08-29,156.0,160.0,156.0,158.0,1.28,19983,3168082.0
2019-08-28,157.0,162.0,156.0,156.0,-1.89,14951,2345276.0
2019-08-27,155.0,159.0,155.0,159.0,1.92,11543,1815575.0
2019-08-26,155.0,158.0,155.0,156.0,-1.27,17255,2694131.0
2019-08-25,157.0,158.0,156.0,158.0,0.64,20198,3162987.0
2019-08-22,159.0,160.0,157.0,157.0,-1.88,14963,2373015.0
2019-08-21,158.0,161.0,158.0,160.0,0.0,13437,2135767.0
2019-08-20,159.0,160.0,157.0,160.0,-0.62,10355,1643480.0
2019-08-19,159.0,161.0,157.0,161.0,2.55,22646,3604155.0
2019-08-18,160.0,161.0,157.0,157.0,-3.09,24102,3836429.0
2019-08-15,163.0,164.0,160.0,162.0,-1.82,29439,4750728.0
2019-08-14,162.0,165.0,162.0,165.0,1.23,8821,1443293.0
2019-08-13,165.0,166.0,163.0,163.0,-1.21,19224,3157345.0
2019-08-12,165.0,167.0,164.0,165.0,0.0,6240,1030404.0
2019-08-11,165.0,166.0,164.0,165.0,-0.6,18096,2980899.0
2019-08-08,167.0,167.0,166.0,166.0,-0.6,6818,1133786.0
2019-08-07,167.0,169.0,164.0,167.0,0.6,15345,2559196.0
2019-08-06,167.0,168.0,165.0,166.0,-2.35,20065,3344964.0
2019-08-05,168.0,170.0,167.0,170.0,0.0,38540,6485048.0
2019-08-04,175.0,175.0,169.0,170.0,-1.16,15643,2678283.0
2019-08-01,170.0,173.0,170.0,172.0,1.18,10230,1750919.0
2019-07-31,173.0,175.0,169.0,170.0,0.0,22123,3791389.0
2019-07-30,172.0,174.0,170.0,170.0,-1.73,31381,5367676.0
2019-07-29,170.0,173.0,170.0,173.0,1.17,28545,4881090.0
2019-07-28,174.0,177.0,170.0,171.0,-1.72,23996,4117074.0
2019-07-25,175.0,178.0,174.0,174.0,-2.25,46180,8103554.0
2019-07-24,180.0,180.0,177.0,178.0,0.0,20737,3701060.0
2019-07-23,179.0,179.0,177.0,178.0,-0.56,12316,2189577.0
2019-07-22,179.0,180.0,178.0,179.0,0.0,17165,3070179.0
2019-07-21,179.0,180.0,177.0,179.0,0.0,18520,3297068.0
2019-07-18,181.0,181.0,178.0,179.0,0.0,20329,3646372.0
2019-07-17,177.0,180.0,177.0,179.0,1.13,13183,2356068.0
2019-07-16,185.0,185.0,175.0,177.0,0.0,29186,5166620.0
2019-07-15,177.0,178.0,176.0,177.0,0.57,17123,3036487.0
2019-07-14,176.0,179.0,176.0,176.0,-0.56,43504,7717340.0
2019-07-11,179.0,179.0,176.0,177.0,0.57,21166,3741224.0
2019-07-10,180.0,180.0,175.0,176.0,-1.12,48366,8531410.0
2019-07-09,181.0,181.0,176.0,178.0,-0.56,39560,7061424.0
2019-07-08,183.0,183.0,177.0,179.0,-1.65,97565,17507772.0
2019-07-07,181.0,185.0,180.0,182.0,2.25,180063,32607062.0
2019-07-04,183.0,183.0,175.0,178.0,-1.11,121245,21716432.0
2019-07-03,175.0,185.0,170.0,180.0,2.27,191108,34085128.0
2019-07-02,166.0,176.0,166.0,176.0,6.02,112260,19298732.0
2019-07-01,167.0,167.0,165.0,166.0,0.0,26238,4357128.0
2019-06-30,167.0,168.0,165.0,166.0,-0.6,21195,3517339.0
2019-06-27,168.0,169.0,166.0,167.0,0.0,19545,3265050.0
2019-06-26,168.0,168.0,166.0,167.0,0.0,23394,3900239.0
2019-06-25,169.0,171.0,167.0,167.0,-1.18,21343,3607498.0
2019-06-24,166.0,175.0,166.0,169.0,0.6,14498,2439577.0
2019-06-23,168.0,169.0,166.0,168.0,-1.75,21745,3645616.0
2019-06-20,166.0,171.0,165.0,171.0,3.64,43318,7311046.0
2019-06-19,166.0,166.0,164.0,165.0,-0.6,13675,2252386.0
2019-06-18,166.0,168.0,164.0,166.0,0.0,20002,3317397.0
2019-06-17,162.0,168.0,162.0,166.0,0.61,18509,3061527.0
2019-06-16,165.0,167.0,163.0,165.0,-1.79,34070,5588118.0
2019-06-13,166.0,170.0,164.0,168.0,0.6,25656,4255113.0
2019-06-12,166.0,167.0,164.0,167.0,0.6,19094,3156119.0
2019-06-11,165.0,168.0,165.0,166.0,0.61,19298,3202137.0
2019-06-10,165.0,168.0,164.0,165.0,-0.6,29256,4842288.0
2019-06-06,166.0,168.0,166.0,166.0,0.0,20627,3437600.0
2019-06-04,166.0,168.0,165.0,166.0,0.0,15657,2604633.0
2019-06-03,170.0,170.0,165.0,166.0,-1.19,43340,7198764.0
2019-06-02,170.0,170.0,168.0,168.0,-0.59,12487,2108464.0
2019-05-30,172.0,175.0,169.0,169.0,0.0,86935,14925783.0
2019-05-29,169.0,170.0,167.0,169.0,0.0,19489,3292582.0
2019-05-28,166.0,170.0,166.0,169.0,0.6,24441,4124661.0
2019-05-27,167.0,169.0,165.0,168.0,0.0,38896,6456375.0
2019-05-26,168.0,170.0,167.0,168.0,0.0,29756,5015862.0
2019-05-23,172.0,172.0,168.0,168.0,-0.59,34163,5779609.0
2019-05-22,172.0,172.0,168.0,169.0,0.0,32897,5555924.0
2019-05-21,169.0,170.0,168.0,169.0,0.6,25841,4358837.0
2019-05-20,169.0,174.0,168.0,168.0,0.0,58668,10001627.0
2019-05-19,169.0,174.0,168.0,168.0,-0.59,48404,8219226.0
2019-05-16,170.0,172.0,168.0,169.0,-0.59,51272,8702501.0
2019-05-15,171.0,173.0,170.0,170.0,-0.58,48777,8368853.0
2019-05-14,172.0,173.0,169.0,171.0,-1.16,46845,8003757.0
2019-05-13,172.0,177.0,169.0,173.0,-0.57,48101,8254750.0
2019-05-12,174.0,175.0,172.0,174.0,-1.14,23357,4058251.0
2019-05-09,177.0,177.0,174.0,176.0,-0.56,23024,4040160.0
2019-05-08,174.0,180.0,174.0,177.0,-1.12,29937,5329807.0
2019-05-07,174.0,180.0,174.0,179.0,1.7,96221,17101460.0
2019-05-06,171.0,176.0,168.0,176.0,3.53,29190,4997617.0
2019-05-05,181.0,181.0,170.0,170.0,-1.73,28112,4821591.0
2019-05-02,172.0,175.0,171.0,173.0,-0.57,28492,4936094.0
2019-04-30,175.0,179.0,173.0,174.0,-1.69,35433,6192907.0
2019-04-29,177.0,180.0,175.0,177.0,0.0,34955,6173417.0
2019-04-28,184.0,186.0,176.0,177.0,-2.21,80561,14424298.0
2019-04-25,182.0,185.0,179.0,181.0,1.12,104300,19005224.0
2019-04-24,170.0,182.0,170.0,179.0,5.29,88662,15602476.0
2019-04-23,169.0,172.0,168.0,170.0,-0.58,17326,2950616.0
2019-04-22,174.0,177.0,170.0,171.0,0.0,92719,16033121.0
2019-04-21,171.0,172.0,168.0,171.0,0.59,72354,12290926.0
2019-04-18,168.0,172.0,167.0,170.0,0.0,14137,2398938.0
2019-04-17,170.0,174.0,169.0,170.0,0.59,55278,9444929.0
2019-04-16,165.0,169.0,164.0,169.0,2.42,21030,3505653.0
2019-04-15,165.0,167.0,164.0,165.0,-1.0,5911,973447.0
2019-04-11,173.0,173.0,170.0,170.0,-1.16,46632,8006751.0
2019-04-10,170.0,172.0,169.0,172.0,2.38,63910,10911292.0
2019-04-09,173.0,173.0,168.0,168.0,-1.75,31015,5276510.0
2019-04-08,172.0,174.0,169.0,171.0,-0.58,60842,10449126.0
2019-04-07,168.0,172.0,165.0,172.0,2.99,37843,6403169.0
2019-04-04,167.0,170.0,165.0,167.0,-0.6,14560,2440219.0
2019-04-03,167.0,171.0,167.0,168.0,0.0,61260,10349701.0
2019-04-02,165.0,170.0,165.0,168.0,1.82,27836,4669646.0
2019-04-01,164.0,166.0,164.0,165.0,0.0,13397,2206425.0
2019-03-31,164.0,166.0,164.0,165.0,1.23,24196,3990789.0
2019-03-28,163.0,171.0,162.0,163.0,0.0,35746,5882504.0
2019-03-27,163.0,163.0,161.0,163.0,0.0,28176,4568826.0
2019-03-26,160.0,163.0,160.0,163.0,1.88,16299,2639382.0
2019-03-25,159.0,161.0,158.0,160.0,0.63,35382,5665186.0
2019-03-24,160.0,161.0,159.0,159.0,-0.63,21228,3387010.0
2019-03-21,164.0,164.0,160.0,160.0,-1.23,40969,6579225.0
2019-03-19,165.0,165.0,161.0,162.0,-1.22,19713,3193869.0
2019-03-18,167.0,167.0,161.0,164.0,-1.8,25176,4152609.0
2019-03-17,165.0,168.0,165.0,167.0,0.6,10724,1786452.0
2019-03-14,164.0,167.0,162.0,166.0,0.61,11669,1914453.0
2019-03-13,170.0,170.0,164.0,165.0,-2.37,11591,1931176.0
2019-03-12,168.0,169.0,164.0,169.0,2.42,42619,7132355.0
2019-03-11,163.0,166.0,163.0,165.0,1.85,27468,4514212.0
2019-03-10,162.0,162.0,160.0,162.0,-0.61,2913,469109.0
2019-03-07,160.0,163.0,160.0,163.0,1.88,18847,3036296.0
2019-03-06,162.0,162.0,157.0,160.0,0.63,11244,1785253.0
2019-03-05,157.0,160.0,157.0,159.0,0.0,5190,822452.0
2019-03-03,158.0,159.0,155.0,159.0,0.63,18199,2861367.0
2019-02-27,157.0,160.0,157.0,158.0,-0.63,11242,1785390.0
2019-02-26,158.0,160.0,156.0,159.0,0.0,8681,1372191.0
2019-02-25,156.0,160.0,156.0,159.0,0.0,6590,1036603.0
2019-02-24,157.0,161.0,156.0,159.0,0.63,9105,1435017.0
2019-02-21,157.0,161.0,157.0,158.0,-0.63,11019,1756215.0
2019-02-20,161.0,162.0,158.0,159.0,-0.63,6149,980192.0
2019-02-19,159.0,160.0,157.0,160.0,1.27,13718,2184476.0
2019-02-18,158.0,160.0,157.0,158.0,-0.63,13148,2076631.0
2019-02-17,159.0,160.0,157.0,159.0,-0.63,11941,1895495.0
2019-02-14,159.0,161.0,158.0,160.0,0.0,19257,3069830.0
2019-02-13,161.0,163.0,160.0,160.0,-0.62,11425,1834246.0
2019-02-12,162.0,164.0,160.0,161.0,-0.62,23956,3865124.0
2019-02-11,164.0,165.0,162.0,162.0,-0.61,13771,2255685.0
2019-02-10,169.0,169.0,162.0,163.0,-2.4,21105,3441932.0
2019-02-07,165.0,167.0,165.0,167.0,0.6,5834,970704.0
2019-02-06,166.0,168.0,166.0,166.0,-0.6,20366,3387831.0
2019-02-05,166.0,168.0,166.0,167.0,0.6,7275,1210867.0
2019-02-04,166.0,167.0,165.0,166.0,0.0,10665,1770831.0
2019-02-03,170.0,170.0,166.0,166.0,-1.78,20091,3358822.0
2019-01-31,168.0,169.0,168.0,169.0,0.0,6719,1131763.0
2019-01-30,170.0,170.0,169.0,169.0,0.0,5939,1004229.0
2019-01-29,169.0,170.0,168.0,169.0,0.0,6950,1176275.0
2019-01-28,171.0,171.0,169.0,169.0,-0.59,5677,964279.0
2019-01-27,170.0,171.0,168.0,170.0,-0.58,19711,3337348.0
2019-01-24,172.0,172.0,170.0,171.0,-0.58,21002,3596093.0
2019-01-23,170.0,173.0,170.0,172.0,1.18,10406,1782558.0
2019-01-22,169.0,172.0,169.0,170.0,-0.58,9703,1656468.0
2019-01-21,170.0,173.0,170.0,171.0,0.59,31141,5318189.0
2019-01-20,171.0,172.0,170.0,170.0,-0.58,10284,1760260.0
2019-01-17,171.0,172.0,169.0,171.0,-0.58,13916,2380899.0
2019-01-16,172.0,174.0,170.0,172.0,0.0,8077,1387355.0
2019-01-15,170.0,172.0,169.0,172.0,1.78,12924,2198798.0
2019-01-14,168.0,171.0,168.0,169.0,-0.59,12989,2197010.0
2019-01-13,170.0,171.0,170.0,170.0,-1.16,15116,2572406.0
2019-01-10,173.0,173.0,171.0,172.0,0.0,12154,2090005.0
2019-01-09,170.0,172.0,170.0,172.0,1.18,8209,1402897.0
2019-01-08,171.0,172.0,169.0,170.0,-0.58,9952,1694844.0
2019-01-07,170.0,172.0,169.0,171.0,0.59,22866,3897211.0
2019-01-06,170.0,171.0,169.0,170.0,0.0,14698,2500595.0
2019-01-03,172.0,172.0,168.0,170.0,-0.58,10245,1738482.0
2019-01-02,171.0,172.0,170.0,171.0,-0.58,15716,2682421.0
2019-01-01,172.0,173.0,169.0,172.0,0.0,12714,2170538.0
2018-12-31,172.0,172.0,171.0,172.0,-1.15,17717,3043529.0
2018-12-30,177.0,177.0,173.0,174.0,-1.69,13372,2345578.0
2018-12-27,182.0,182.0,176.0,177.0,-1.67,23014,4108698.0
2018-12-26,174.0,181.0,174.0,180.0,2.86,49727,8889675.0
2018-12-25,176.0,177.0,174.0,175.0,-0.57,10132,1779907.0
2018-12-24,181.0,182.0,176.0,176.0,-1.68,13940,2491035.0
2018-12-23,177.0,182.0,175.0,179.0,2.87,29395,5208467.0
2018-12-20,178.0,178.0,173.0,174.0,-0.57,20320,3546085.0
2018-12-19,175.0,176.0,173.0,175.0,-1.13,8628,1508350.0
2018-12-18,183.0,183.0,175.0,177.0,-2.21,13592,2416842.0
2018-12-17,177.0,182.0,177.0,181.0,2.26,15036,2690406.0
2018-12-16,176.0,179.0,175.0,177.0,1.14,16894,2988969.0
2018-12-13,172.0,176.0,172.0,175.0,1.16,11213,1956498.0
2018-12-12,171.0,173.0,171.0,173.0,0.0,3111,536211.0
2018-12-11,172.0,176.0,172.0,173.0,-0.57,17213,3000661.0
2018-12-10,171.0,177.0,171.0,174.0,1.75,22859,3984462.0
2018-12-09,172.0,172.0,169.0,171.0,0.59,9885,1684979.0
2018-12-06,170.0,172.0,165.0,170.0,0.0,17745,3011469.0
2018-12-05,171.0,173.0,169.0,170.0,-2.3,19805,3379393.0
2018-12-04,171.0,174.0,170.0,174.0,1.75,9764,1683493.0
2018-12-03,171.0,175.0,168.0,171.0,0.59,13363,2299642.0
2018-12-02,174.0,174.0,170.0,170.0,-2.3,20007,3424932.0
2018-11-29,177.0,179.0,174.0,174.0,-1.69,19505,3425722.0
2018-11-28,178.0,179.0,177.0,177.0,-0.56,3680,654442.0
2018-11-27,178.0,180.0,177.0,178.0,0.0,11074,1977431.0
2018-11-26,177.0,181.23,176.0,178.0,1.14,9388,1665945.0
2018-11-25,177.0,180.0,175.0,176.0,-1.68,11684,2064051.0
2018-11-22,181.0,182.0,178.0,179.0,-0.56,10196,1834288.0
2018-11-21,178.0,180.0,178.0,180.0,0.56,7926,1423779.0
2018-11-20,179.0,181.0,178.0,179.0,-0.56,11788,2112577.0
2018-11-19,180.0,181.0,180.0,180.0,-0.55,10178,1836679.0
2018-11-18,184.0,184.0,180.0,182.0,-1.09,19428,3525107.0
2018-11-15,186.0,187.0,182.0,184.0,-1.08,8567,1588170.0
2018-11-14,187.0,190.0,185.0,186.0,0.0,3843,719261.0
2018-11-13,180.0,186.0,179.0,186.0,1.64,10177,1865332.0
2018-11-12,186.0,187.0,181.0,182.0,-2.15,8833,1622220.0
2018-11-11,192.0,192.0,185.0,186.0,-3.13,736,136878.0
2018-11-06,185.0,192.0,181.0,192.0,3.78,4399,831347.0
2018-11-05,184.0,185.0,184.0,185.0,2.21,5647,1042209.0
2018-11-04,183.0,184.0,181.0,181.0,-2.16,11747,2139893.0
2018-11-01,184.0,187.0,184.0,185.0,0.0,18998,3523154.0
2018-10-31,186.0,188.0,184.0,185.0,-0.54,11481,2123142.0
2018-10-30,185.0,187.0,184.0,186.0,0.54,25691,4758867.0
2018-10-29,185.0,187.0,184.0,185.0,-1.6,29902,5514791.0
2018-10-28,189.0,190.0,187.0,188.0,-2.08,18184,3413560.0
2018-10-25,194.0,194.0,191.0,192.0,0.52,13254,2546308.0
2018-10-24,193.0,193.0,190.0,191.0,-1.04,10965,2091559.0
2018-10-23,193.0,193.0,190.0,193.0,0.0,7672,1469851.0
2018-10-22,195.0,195.0,191.0,193.0,-0.52,19545,3781044.0
2018-10-21,188.0,194.0,185.0,194.0,1.57,15012,2897922.0
2018-10-15,197.0,197.0,191.0,191.0,-3.05,20528,3967639.0
2018-10-14,191.0,197.0,187.0,197.0,4.79,15679,2997399.0
2018-10-11,186.0,192.0,185.0,188.0,1.62,10773,2026133.0
2018-10-10,184.0,186.0,183.0,185.0,-0.54,8376,1546655.0
2018-10-09,185.0,187.0,184.0,186.0,1.09,25411,4700746.0
2018-10-08,181.0,185.0,181.0,184.0,1.1,13843,2541049.0
2018-10-07,181.0,183.0,179.0,182.0,0.55,16222,2930876.0
2018-10-04,181.0,186.0,181.0,181.0,-0.55,24104,4404409.0
2018-10-03,185.0,188.0,182.0,182.0,-2.67,27516,5087378.0
2018-10-02,186.0,191.0,185.0,187.0,1.08,17859,3339368.0
2018-10-01,192.0,193.0,185.0,185.0,-3.65,24183,4561236.0
2018-09-30,194.0,197.0,189.0,192.0,-1.03,34288,6599723.0
2018-09-27,196.0,199.0,194.0,194.0,-2.51,33824,6606048.0
2018-09-26,198.0,203.0,196.0,199.0,-0.5,90792,18107354.0
2018-09-25,191.0,200.0,190.0,200.0,5.32,79856,15562387.0
2018-09-23,183.0,190.0,183.0,188.0,1.08,19513,3650666.0
2018-09-20,187.0,188.0,184.0,186.0,0.54,24318,4528171.0
2018-09-18,185.0,187.0,183.0,185.0,-0.54,19556,3624628.0
2018-09-17,188.0,193.0,186.0,186.0,-1.59,56892,10724827.0
2018-09-16,191.0,197.0,189.0,189.0,-0.53,81373,15692838.0
2018-09-13,181.0,190.0,181.0,190.0,6.74,36063,6626240.0
2018-09-12,179.0,181.0,176.0,178.0,-0.56,24753,4423573.0
2018-09-11,175.0,181.0,175.0,179.0,2.29,9841,1749061.0
2018-09-10,179.0,180.0,175.0,175.0,-1.69,9224,1630234.0
2018-09-09,180.0,182.0,178.0,178.0,-2.73,22929,4115180.0
2018-09-06,186.0,190.0,179.0,183.0,-2.66,77233,14268199.0
2018-09-05,178.0,189.0,174.0,188.0,6.21,55489,10075714.0
2018-09-04,174.0,178.0,173.0,177.0,2.31,27118,4765609.0
2018-09-03,171.0,175.0,170.0,173.0,1.76,29582,5121696.0
2018-09-02,168.0,172.0,168.0,170.0,0.59,13124,2236304.0
2018-08-30,170.0,170.0,168.0,169.0,0.6,9846,1663651.0
2018-08-29,166.0,170.0,166.0,168.0,0.0,13829,2327081.0
2018-08-28,166.0,170.0,166.0,168.0,0.0,10822,1823223.0
2018-08-26,169.0,169.0,167.0,168.0,0.6,14807,2479411.0
2018-08-23,165.0,168.0,165.0,167.0,0.0,7260,1211031.0
2018-08-22,165.0,168.0,165.0,167.0,0.0,4182,697731.0
2018-08-21,167.0,168.0,166.0,167.0,0.0,16477,2751068.0
2018-08-20,168.0,169.0,166.0,167.0,-0.6,11997,2005720.0
2018-08-19,173.0,173.0,168.0,168.0,-1.75,2346,397497.0
2018-08-16,173.0,175.0,170.0,171.0,0.59,22474,3888750.0
2018-08-15,167.0,173.0,166.0,170.0,2.41,16423,2772589.0
2018-08-14,166.0,168.0,165.0,166.0,0.61,5800,960777.0
2018-08-13,165.0,167.0,163.0,165.0,0.0,8088,1336217.0
2018-08-12,166.0,167.0,164.0,165.0,-1.2,11498,1898889.0
2018-08-09,168.0,169.0,167.0,167.0,-1.76,6079,1021538.0
2018-08-08,169.0,170.0,168.0,170.0,1.19,17627,2983231.0
2018-08-07,169.0,170.0,168.0,168.0,0.0,12233,2064521.0
2018-08-06,170.0,170.0,168.0,168.0,0.0,7047,1188016.0
2018-08-05,167.0,168.0,166.0,168.0,0.6,10910,1823772.0
2018-08-02,165.0,167.0,165.0,167.0,-0.6,4939,821529.0
2018-08-01,167.0,168.0,166.0,168.0,0.6,8037,1342450.0
2018-07-31,168.0,168.0,166.0,167.0,0.6,7744,1295039.0
2018-07-30,166.0,168.0,165.0,166.0,0.0,14151,2351470.0
2018-07-29,165.0,171.0,165.0,166.0,0.0,25946,4328946.0
2018-07-26,167.0,170.0,165.0,166.0,0.0,8780,1462666.0
2018-07-25,167.0,169.0,165.0,166.0,-2.35,9064,1508740.0
2018-07-24,167.0,170.0,165.0,170.0,1.8,34120,5741344.0
2018-07-23,166.0,167.0,164.0,167.0,0.6,15420,2552397.0
2018-07-22,166.0,166.0,163.0,166.0,0.0,23679,3901681.0
2018-07-19,166.0,167.0,165.0,166.0,-0.6,9646,1597935.0
2018-07-18,166.0,170.0,166.0,167.0,0.0,5414,905358.0
2018-07-17,169.0,169.0,167.0,167.0,-1.18,8247,1387288.0
2018-07-16,165.0,170.0,165.0,169.0,0.6,9629,1628061.0
2018-07-15,167.0,170.0,165.0,168.0,0.6,6217,1040103.0
2018-07-12,169.0,170.0,167.0,167.0,-1.76,20591,3478303.0
2018-07-11,169.0,173.0,169.0,170.0,0.59,10071,1724618.0
2018-07-10,167.0,176.0,165.0,169.0,1.81,16987,2904919.0
2018-07-09,171.0,172.0,166.0,166.0,-2.35,14078,2373614.0
2018-07-08,173.0,176.0,170.0,170.0,-1.73,12038,2085445.0
2018-07-05,165.0,174.0,164.0,173.0,4.85,17628,2979636.0
2018-07-04,163.0,169.0,161.0,165.0,0.61,15309,2539432.0
2018-07-03,162.0,164.0,161.0,164.0,1.86,11739,1908294.0
2018-07-02,163.0,164.0,160.0,161.0,-1.23,8886,1428631.0
2018-07-01,163.0,163.0,160.0,163.0,-0.61,25145,4059234.0
2018-06-28,163.0,166.0,163.0,164.0,0.61,7962,1313593.0
2018-06-27,162.0,168.0,162.0,163.0,0.0,11435,1871291.0
2018-06-26,163.0,165.0,162.0,163.0,-0.61,12629,2053625.0
2018-06-25,167.0,168.0,164.0,164.0,-1.2,32296,5322814.0
2018-06-24,165.0,168.0,165.0,166.0,-0.6,12574,2091089.0
2018-06-21,170.0,170.0,166.0,167.0,-1.76,5969,1000511.0
2018-06-20,166.0,170.0,166.0,170.0,1.8,6013,1011959.0
2018-06-19,169.0,170.0,166.0,167.0,-1.76,14387,2413277.0
2018-06-18,169.0,172.0,167.0,170.0,0.0,7231,1225128.0
2018-06-17,172.0,173.0,169.0,170.0,-0.58,8059,1373594.0
2018-06-14,170.0,175.0,170.0,171.0,1.18,5305,911023.0
2018-06-13,170.0,172.0,169.0,169.0,-0.59,8590,1458719.0
2018-06-12,168.0,171.0,168.0,170.0,0.0,12862,2185919.0
2018-06-11,169.0,174.0,167.0,170.0,0.59,17371,2955295.0
2018-06-10,173.0,173.0,167.0,169.0,-1.74,25408,4317794.0
2018-06-07,179.0,180.0,170.0,172.0,-3.91,29468,5089572.0
2018-06-06,176.0,184.0,176.0,179.0,3.47,5243,944255.0
2018-06-04,176.0,178.0,171.0,173.0,-2.26,23551,4070295.0
2018-06-03,180.0,183.0,175.0,177.0,-3.28,33846,6047731.0
2018-05-31,181.0,184.0,180.0,183.0,0.0,14835,2685090.0
2018-05-30,188.0,189.0,183.0,183.0,-1.08,13208,2452914.0
2018-05-29,188.0,188.0,184.0,185.0,-0.54,10772,1996055.0
2018-05-28,178.0,186.0,177.0,186.0,2.76,11350,2064803.0
2018-05-27,181.0,182.0,179.0,181.0,-0.55,24492,4429476.0
2018-05-24,185.0,186.0,182.0,182.0,-1.62,13122,2405992.0
2018-05-23,185.0,188.0,184.0,185.0,0.0,8900,1652739.0
2018-05-22,186.0,187.0,185.0,185.0,-1.07,7500,1391460.0
2018-05-21,186.0,188.0,184.0,187.0,0.54,17671,3285153.0
2018-05-20,190.0,193.0,186.0,186.0,-0.53,21772,4091408.0
2018-05-17,190.0,191.0,186.0,187.0,-0.53,9273,1746085.0
2018-05-16,189.0,190.0,187.0,188.0,0.0,3596,677141.0
2018-05-15,187.0,188.0,185.0,188.0,0.0,6077,1133051.0
2018-05-14,191.0,193.0,186.0,188.0,-2.08,46955,8845507.0
2018-05-10,191.0,194.0,190.0,192.0,-0.52,11154,2135848.0
2018-05-09,196.0,197.0,192.0,193.0,-0.52,14008,2705624.0
2018-05-08,193.0,194.0,191.0,194.0,2.11,16632,3192879.0
2018-05-07,191.0,193.0,190.0,190.0,-0.52,11539,2201769.0
2018-05-06,196.0,196.0,191.0,191.0,-2.05,18077,3474271.0
2018-05-03,196.0,198.0,193.0,195.0,0.0,28916,5625302.0
2018-05-02,195.0,196.0,191.0,195.0,0.0,18476,3568045.0
2018-04-29,196.0,197.0,193.0,195.0,-0.51,16351,3192588.0
2018-04-26,200.0,200.0,193.0,196.0,-1.51,46209,9088083.0
2018-04-25,199.0,204.0,196.0,199.0,0.51,52695,10499447.0
2018-04-24,196.0,202.0,192.0,198.0,2.59,139399,27637688.0
2018-04-23,201.0,205.0,191.0,193.0,-2.53,55863,11048113.0
2018-04-22,192.0,200.0,191.0,198.0,4.76,63676,12390776.0
2018-04-19,182.0,190.0,180.0,189.0,3.28,33870,6281094.0
2018-04-18,176.0,192.0,173.0,183.0,3.98,31845,5717071.0
2018-04-17,175.0,180.0,174.0,176.0,0.0,27395,4840815.0
2018-04-16,176.0,176.0,172.0,176.0,0.57,11926,2084930.0
2018-04-15,172.0,175.0,166.0,175.0,1.74,9922,1689975.0
2018-04-12,171.0,176.0,171.0,172.0,0.58,14256,2468112.0
2018-04-11,173.0,176.0,167.0,171.0,-1.16,8618,1477985.0
2018-04-10,175.0,179.0,173.0,173.0,-1.7,18431,3231720.0
2018-04-09,179.0,183.0,176.0,176.0,-0.56,38428,6846599.0
2018-04-08,175.0,180.0,175.0,177.0,1.72,30768,5475917.0
2018-04-05,174.0,176.0,172.0,174.0,0.58,21036,3658618.0
2018-04-04,171.0,174.0,170.0,173.0,1.76,18003,3106659.0
2018-04-03,168.0,171.0,168.0,170.0,1.19,6439,1092332.0
2018-04-02,168.0,169.0,166.0,168.0,0.6,10780,1803365.0
2018-04-01,170.0,173.0,166.0,167.0,-1.76,16422,2753525.0
2018-03-29,170.0,173.0,167.0,170.0,1.19,11959,2037092.0
2018-03-28,173.0,174.0,163.0,168.0,-3.45,30581,5219594.0
2018-03-27,165.0,175.0,155.0,174.0,6.75,48424,7784501.0
2018-03-26,166.0,166.0,156.0,163.0,-3.55,39454,6332098.0
2018-03-22,171.0,175.0,168.0,169.0,-0.59,34221,5802743.0
2018-03-21,170.0,172.0,167.0,170.0,-0.58,20050,3387309.0
2018-03-20,170.0,172.0,169.0,171.0,-0.58,13986,2380931.0
2018-03-19,178.0,178.0,172.0,172.0,-2.27,9295,1625667.0
2018-03-18,176.0,179.0,175.0,176.0,-0.56,18665,3292598.0
2018-03-15,174.0,179.0,173.0,177.0,0.57,22517,3979334.0
2018-03-14,175.0,177.0,173.0,176.0,0.0,7452,1306084.0
2018-03-13,172.0,176.0,170.0,176.0,2.33,14927,2570847.0
2018-03-12,175.0,177.0,172.0,172.0,-2.82,13018,2267446.0
2018-03-11,181.0,181.0,173.0,177.0,-1.67,14950,2620342.0
2018-03-07,175.0,182.0,175.0,180.0,2.86,32280,5756813.0
2018-03-06,172.0,175.0,169.0,175.0,1.16,36632,6294435.0
2018-03-05,178.0,180.0,172.0,173.0,-3.35,29268,5139206.0
2018-03-04,181.0,181.0,172.0,179.0,-2.72,19914,3506168.0
2018-02-28,187.0,187.0,180.0,184.0,-2.13,20574,3755990.0
2018-02-27,185.0,190.0,185.0,188.0,0.53,13100,2446631.0
2018-02-26,187.0,187.0,185.0,187.0,0.0,16820,3130683.0
2018-02-25,190.0,191.0,186.0,187.0,-3.11,23904,4483533.0
2018-02-22,200.0,205.0,200.0,203.0,1.5,166215,33557296.0
2018-02-21,200.0,201.0,197.0,200.0,0.0,56892,11343876.0
2018-02-20,205.0,206.0,199.0,200.0,-0.99,53786,10825043.0
2018-02-18,200.0,207.0,198.0,202.0,1.51,86731,17600896.0
2018-02-15,192.0,202.0,192.0,199.0,0.0,35071,6873286.0
2018-02-14,191.0,193.0,189.0,192.0,0.0,24739,4721392.0
2018-02-12,191.0,195.0,191.0,191.0,0.0,13773,2640693.0
2018-02-11,191.0,193.0,191.0,191.0,0.0,21237,4072104.0
2018-02-08,193.0,192.0,190.0,191.0,0.0,24134,4607120.0
2018-02-07,193.0,193.0,191.0,193.0,0.0,15882,3044139.0
2018-02-06,195.0,195.0,190.0,193.0,0.0,23887,4592607.0
2018-02-05,196.0,196.0,193.0,195.0,0.0,17540,3409284.0
2018-02-04,199.0,201.0,196.0,196.0,0.0,19836,3930606.0
2018-02-01,198.0,200.0,197.0,199.0,0.0,21031,4177773.0
2018-01-31,196.0,199.0,195.0,198.0,0.0,13783,2722107.0
2018-01-29,194.0,198.0,194.0,196.0,0.0,23872,4679610.0
2018-01-28,194.0,196.0,193.0,194.0,0.0,17172,3337959.0
2018-01-25,193.0,195.0,192.0,194.0,0.0,13043,2518937.0
2018-01-24,191.0,194.0,190.0,193.0,0.0,9933,1908718.0
2018-01-23,193.0,194.0,191.0,191.0,0.0,15842,3031637.0
2018-01-22,195.0,197.0,193.0,193.0,0.0,12568,2439149.0
2018-01-21,197.0,201.0,195.0,195.0,0.0,24296,4818307.0
2018-01-17,197.0,200.0,194.0,197.0,0.0,11870,2329854.0
2018-01-16,199.0,200.0,197.0,197.0,0.0,9822,1942665.0
2018-01-14,199.0,200.0,197.0,199.0,0.0,12212,2415781.0
2018-01-10,201.0,202.0,199.0,199.0,0.0,8899,1779497.0
2018-01-09,200.0,203.0,199.0,201.0,0.0,9485,1905833.0
2018-01-08,201.0,200.0,198.0,200.0,0.0,18975,3779775.0
2018-01-07,199.0,201.0,197.0,201.0,0.0,11871,2364305.0
2018-01-04,200.0,201.0,198.0,199.0,0.0,17133,3420127.0
2018-01-03,203.0,203.0,195.0,200.0,0.0,16446,3275264.0
2018-01-02,204.0,205.0,201.0,203.0,0.0,11636,2366071.0
2018-01-01,200.0,207.0,197.0,204.0,0.0,25129,5059693.0
2017-12-31,203.0,202.0,197.0,200.0,0.0,17338,3459474.0
2017-12-28,205.0,205.0,200.0,203.0,0.0,28388,5728501.0
2017-12-27,209.0,210.0,201.0,205.0,0.0,28954,5933321.0
2017-12-26,210.0,212.0,208.0,209.0,0.0,13961,2923704.0
2017-12-24,213.0,216.0,210.0,210.0,0.0,15181,3221533.0
2017-12-21,213.0,214.0,210.0,213.0,0.0,18875,3987730.0
2017-12-20,215.0,217.0,212.0,213.0,0.0,12624,2693222.0
2017-12-19,215.0,218.0,212.0,215.0,0.0,21229,4542282.0
2017-12-18,215.0,217.0,214.0,215.0,0.0,28723,6190767.0
2017-12-17,216.0,220.0,213.0,215.0,0.0,12701,2731481.0
2017-12-14,217.0,218.0,215.0,216.0,0.0,17630,3818462.0
2017-12-13,216.0,219.0,214.0,217.0,0.0,13317,2877205.0
2017-12-12,217.0,217.0,215.0,216.0,0.0,16243,3505941.0
2017-12-11,215.0,218.0,215.0,217.0,0.0,28021,6072121.0
2017-12-10,220.0,222.0,215.0,215.0,0.0,21353,4674175.0
2017-12-06,217.0,222.0,215.0,220.0,0.0,16368,3591619.0
2017-12-05,216.0,218.0,215.0,217.0,0.0,26048,5634421.0
2017-12-04,216.0,220.0,216.0,216.0,0.0,22505,4892275.0
2017-11-30,219.0,220.0,216.0,216.0,0.0,35361,7696080.0
2017-11-29,219.0,222.0,218.0,219.0,0.0,34784,7653570.0
2017-11-28,218.0,219.0,216.0,219.0,0.0,18135,3940112.0
2017-11-27,219.0,219.0,216.0,218.0,0.0,18072,3938682.0
2017-11-26,215.0,220.0,216.0,219.0,0.0,17332,3773277.0
2017-11-23,216.0,221.0,215.0,215.0,0.0,20511,4449686.0
2017-11-22,217.0,218.0,213.0,216.0,0.0,26424,5697866.0
2017-11-21,215.0,220.0,214.0,217.0,0.0,14940,3247289.0
2017-11-20,216.0,217.0,214.0,215.0,0.0,19943,4290929.0
2017-11-19,216.0,218.0,214.0,216.0,0.0,27172,5849910.0
2017-11-16,219.0,221.0,216.0,216.0,0.0,19169,4172273.0
2017-11-15,223.0,225.0,219.0,219.0,0.0,31906,7062060.0
2017-11-14,219.0,226.0,217.0,223.0,0.0,56878,12534277.0
2017-11-13,217.0,220.0,216.0,219.0,0.0,35302,7658310.0
2017-11-12,218.0,219.0,212.0,217.0,0.0,32892,7118418.0
2017-11-09,219.0,220.0,213.0,218.0,0.0,22392,4853170.0
2017-11-08,219.0,220.0,216.0,219.0,0.0,17456,3802959.0
2017-11-07,219.0,223.0,218.0,219.0,0.0,13451,2959074.0
2017-11-06,222.0,222.0,217.0,219.0,0.0,23855,5238243.0
2017-11-05,224.0,226.0,218.0,222.0,0.0,35339,7747045.0
2017-11-02,222.0,230.0,219.0,224.0,0.0,22585,5043811.0
2017-11-01,222.0,225.0,220.0,222.0,0.0,15277,3389131.0
2017-10-31,224.0,227.0,221.0,222.0,0.0,21305,4741869.0
2017-10-30,222.0,226.0,221.0,224.0,0.0,28421,6328112.0
2017-10-29,226.0,228.0,220.0,222.0,0.0,22643,5026921.0
2017-10-25,226.0,228.0,223.0,226.0,0.0,11026,2478645.0
2017-10-24,228.0,229.0,225.0,226.0,0.0,9305,2108312.0
2017-10-23,228.0,231.0,225.0,228.0,0.0,15990,3638103.0
2017-10-22,230.0,234.0,228.0,228.0,0.0,10179,2343299.0
2017-10-18,226.0,231.0,224.0,230.0,0.0,22709,5183311.0
2017-10-17,229.0,232.0,224.0,226.0,0.0,25133,5696125.0
2017-10-16,223.0,230.0,225.0,229.0,0.0,14419,3275808.0
2017-10-15,220.0,224.0,218.0,223.0,0.0,14671,3230153.0
2017-10-12,220.0,223.0,217.0,220.0,0.0,10682,2352956.0
2017-10-11,221.0,224.0,218.0,220.0,0.0,14337,3156850.0
2017-10-10,221.0,225.0,218.0,221.0,0.0,9421,2091703.0
2017-10-09,222.0,224.0,217.0,221.0,0.0,14569,3193941.0
2017-10-08,223.0,224.0,216.0,222.0,0.0,22508,4931080.0
2017-10-04,224.0,226.0,223.0,223.0,0.0,9430,2119332.0
2017-10-03,227.0,228.0,224.0,224.0,0.0,5430,1225603.0
2017-09-26,229.0,231.0,225.0,227.0,0.0,17968,4104174.0
2017-09-25,224.0,230.0,225.0,229.0,0.0,15642,3563282.0
2017-09-24,227.0,227.0,219.0,224.0,0.0,24297,5376932.0
2017-09-20,225.0,227.0,220.0,227.0,0.0,8806,1967427.0
2017-09-18,224.0,231.0,223.0,225.0,0.0,19404,4378793.0
2017-09-17,220.0,227.0,216.0,224.0,0.0,27181,6060300.0
2017-09-14,215.0,222.0,217.0,220.0,0.0,15934,3493876.0
2017-09-13,217.0,220.0,215.0,215.0,0.0,49155,10629261.0
2017-09-12,220.0,221.0,215.0,217.0,0.0,26821,5811483.0
2017-09-11,221.0,223.0,217.0,220.0,0.0,22251,4899779.0
2017-09-10,224.0,223.0,218.0,221.0,0.0,21674,4775815.0
2017-09-07,229.0,230.0,219.0,224.0,0.0,38774,8637948.0
2017-09-06,227.0,232.0,225.0,229.0,0.0,15786,3582331.0
2017-09-04,229.0,233.0,220.0,227.0,0.0,34272,7711518.0
2017-08-31,233.0,235.0,229.0,229.0,0.0,47074,10842238.0
2017-08-30,240.0,239.0,228.0,233.0,0.0,42969,9973611.0
2017-08-28,248.0,244.0,238.0,240.0,0.0,29205,7000064.0
2017-08-27,248.0,252.0,240.0,248.0,0.0,16743,4123697.0
2017-08-24,248.0,250.0,247.0,248.0,0.0,14776,3670281.0
2017-08-23,252.0,250.0,244.0,248.0,0.0,19900,4891478.0
2017-08-22,252.0,254.0,246.0,252.0,0.0,14678,3667922.0
2017-08-21,253.0,253.0,245.0,252.0,0.0,14620,3644152.0
2017-08-20,255.0,255.0,250.0,253.0,0.0,12875,3270657.0
2017-08-17,257.0,258.0,253.0,255.0,0.0,10645,2712864.0
2017-08-16,255.0,261.0,255.0,257.0,0.0,11950,3069136.0
2017-08-15,258.0,260.0,252.0,255.0,0.0,9720,2478527.0
2017-08-13,262.0,263.0,255.0,258.0,0.0,10887,2809925.0
2017-08-10,263.0,264.0,260.0,262.0,0.0,20797,5440403.0
2017-08-09,262.0,264.0,261.0,263.0,0.0,11836,3103011.0
2017-08-07,265.0,270.0,262.0,262.0,0.0,15387,4072648.0
2017-08-06,265.0,270.0,263.0,265.0,0.0,18533,4923769.0
2017-08-03,266.0,270.0,264.0,265.0,0.0,15480,4123980.0
2017-08-02,265.0,269.0,265.0,266.0,0.0,9592,2552790.0
2017-08-01,263.0,269.0,262.0,265.0,0.0,19982,5301488.0
2017-07-31,268.0,272.0,263.0,263.0,0.0,12566,3336570.0
2017-07-30,266.0,270.0,264.0,268.0,0.0,10921,2919737.0
2017-07-27,268.0,270.0,261.0,266.0,0.0,11831,3148885.0
2017-07-26,270.0,275.0,265.0,268.0,0.0,8552,2295507.0
2017-07-25,267.0,276.0,267.0,270.0,0.0,15107,4079370.0
2017-07-24,270.0,271.0,267.0,267.0,0.0,22452,6051992.0
2017-07-23,279.0,275.0,270.0,270.0,0.0,29258,7934513.0
2017-07-20,280.0,281.0,276.0,279.0,0.0,20463,5687717.0
2017-07-19,281.0,285.0,279.0,280.0,0.0,29680,8351435.0
2017-07-18,285.0,289.0,279.0,281.0,0.0,25630,7243183.0
2017-07-17,282.0,285.0,280.0,285.0,0.0,14944,4212217.0
2017-07-16,290.0,295.0,280.0,282.0,0.0,36054,10187227.0
2017-07-13,293.0,295.0,285.0,290.0,0.0,5052,1458110.0
2017-07-12,293.0,295.0,290.0,293.0,0.0,5330,1556703.0
2017-07-11,295.0,300.0,283.0,293.0,0.0,28677,8363574.0
2017-07-10,378.0,380.0,370.0,373.0,0.0,93602,35058544.0
2017-07-09,373.0,388.0,368.0,378.0,0.0,46920,17744384.0
2017-07-06,365.0,375.0,368.0,373.0,0.0,31529,11715677.0
2017-07-05,365.0,372.0,363.0,365.0,0.0,43103,15769395.0
2017-07-04,360.0,370.0,357.0,365.0,0.0,37167,13649048.0
2017-07-03,363.0,366.0,356.0,360.0,0.0,9395,3408302.0
2017-07-02,370.0,370.0,360.0,363.0,0.0,7993,2909974.0
2017-06-28,366.0,370.0,362.0,370.0,0.0,7509,2740908.0
2017-06-27,367.0,371.0,365.0,366.0,0.0,6600,2422119.0
2017-06-25,366.0,370.0,360.0,367.0,0.0,4322,1584042.0
2017-06-22,365.0,370.0,361.0,366.0,0.0,13202,4842540.0
2017-06-21,364.0,370.0,360.0,365.0,0.0,9024,3294661.0
2017-06-20,366.0,373.0,353.0,364.0,0.0,12516,4524530.0
2017-06-19,371.0,377.0,365.0,366.0,0.0,8204,3017710.0
2017-06-18,372.0,380.0,370.0,371.0,0.0,7692,2876853.0
2017-06-15,372.0,377.0,370.0,372.0,0.0,10388,3876998.0
2017-06-14,370.0,376.0,371.0,372.0,0.0,5887,2203051.0
2017-06-13,367.0,376.0,366.0,370.0,0.0,8273,3081996.0
2017-06-12,370.0,375.0,363.0,367.0,0.0,5473,2013957.0
2017-06-11,375.0,381.0,357.0,370.0,0.0,11901,4396679.0
2017-06-08,384.0,387.0,375.0,375.0,0.0,9464,3572225.0
2017-06-07,385.0,394.0,382.0,384.0,0.0,15231,5857803.0
2017-06-06,377.0,387.0,378.0,385.0,0.0,12230,4695286.0
2017-06-05,375.0,381.0,375.0,377.0,0.0,6447,2432769.0
2017-06-04,380.0,380.0,370.0,375.0,0.0,19291,7183280.0
2017-06-01,387.0,390.0,376.0,380.0,0.0,21543,8176081.0
2017-05-31,377.0,387.0,375.0,387.0,0.0,8836,3341378.0
2017-05-30,378.0,384.0,373.0,377.0,0.0,12786,4830538.0
2017-05-28,383.0,384.0,377.0,378.0,0.0,13082,4982833.0
2017-05-24,381.0,385.0,375.0,383.0,0.0,7969,3021925.0
2017-05-23,372.0,385.0,378.0,381.0,0.0,8177,3107713.0
2017-05-22,379.0,380.0,372.0,372.0,0.0,9359,3503781.0
2017-05-21,380.0,385.0,377.0,379.0,0.0,8508,3230983.0
2017-05-18,385.0,387.0,378.0,380.0,0.0,10502,4005664.0
2017-05-17,383.0,393.0,380.0,385.0,0.0,12878,4966206.0
2017-05-16,388.0,390.0,382.0,383.0,0.0,8899,3431877.0
2017-05-15,379.0,393.0,386.0,388.0,0.0,15412,5988040.0
2017-05-11,370.0,380.0,370.0,379.0,0.0,7919,2967017.0
2017-05-09,371.0,375.0,368.0,370.0,0.0,13616,5039119.0
2017-05-08,368.0,375.0,368.0,371.0,0.0,4990,1851740.0
2017-05-07,376.0,375.0,368.0,368.0,0.0,15960,5923765.0
2017-05-04,378.0,378.0,371.0,376.0,0.0,9563,3581161.0
2017-05-03,377.0,389.0,375.0,378.0,0.0,12028,4576769.0
2017-05-02,380.0,387.0,375.0,377.0,0.0,13814,5241572.0
2017-04-30,385.0,387.0,378.0,380.0,0.0,12168,4625371.0
2017-04-27,387.0,390.0,380.0,385.0,0.0,9270,3587428.0
2017-04-26,392.0,392.0,387.0,387.0,0.0,7700,2996756.0
2017-04-25,390.0,396.0,383.0,392.0,0.0,11609,4552327.0
2017-04-24,400.0,396.0,384.0,390.0,0.0,19760,7712206.0
2017-04-23,387.0,417.0,394.0,400.0,0.0,43116,17335800.0
2017-04-20,381.0,390.0,384.0,387.0,0.0,18654,7216765.0
2017-04-19,365.0,382.0,372.0,381.0,0.0,14714,5572524.0
2017-04-18,381.0,382.0,365.0,365.0,0.0,22916,8483671.0
2017-04-16,383.0,400.0,381.0,381.0,0.0,26743,10357875.0
2017-04-13,388.0,400.0,381.0,383.0,0.0,18577,7175887.0
2017-04-12,385.0,402.0,385.0,388.0,0.0,50460,19716460.0
2017-04-11,383.0,397.0,384.0,385.0,0.0,24158,9347568.0
2017-04-10,387.0,389.0,380.0,383.0,0.0,17118,6569123.0
2017-04-09,385.0,393.0,381.0,387.0,0.0,18250,7043523.0
2017-04-06,380.0,387.0,371.0,385.0,0.0,22725,8628582.0
2017-04-04,387.0,396.0,373.0,380.0,0.0,45490,17429548.0
2017-04-03,362.0,398.0,369.0,387.0,0.0,41367,16384891.0
2017-03-30,397.0,403.0,380.0,398.0,0.0,89786,35346788.0
2017-03-29,405.0,437.0,395.0,397.0,0.0,69928,28671748.0
2017-03-28,369.0,405.0,376.0,405.0,0.0,46569,18294054.0
2017-03-26,342.0,375.0,342.0,369.0,0.0,84659,30661448.0
2017-03-23,328.0,352.0,334.0,342.0,0.0,108461,37126476.0
2017-03-22,327.0,350.0,322.0,328.0,0.0,37078,12476525.0
2017-03-21,317.0,327.0,310.0,327.0,0.0,22377,7135163.0
2017-03-20,305.0,325.0,308.0,317.0,0.0,41159,12978028.0
2017-03-19,297.0,309.0,300.0,305.0,0.0,20771,6305070.0
2017-03-16,300.0,302.0,297.0,297.0,0.0,12554,3751010.0
2017-03-15,296.0,300.0,290.0,300.0,0.0,4440,1313636.0
2017-03-14,300.0,304.0,296.0,296.0,0.0,3638,1097125.0
2017-03-13,303.0,302.0,300.0,300.0,0.0,9097,2731134.0
2017-03-09,301.0,305.0,299.0,303.0,0.0,12252,3695618.0
2017-03-07,306.0,306.0,296.0,301.0,0.0,14891,4472790.0
2017-03-06,310.0,316.0,304.0,306.0,0.0,29809,9261267.0
2017-03-05,291.0,320.0,294.0,310.0,0.0,46610,14133897.0
2017-03-02,292.0,292.0,285.0,291.0,0.0,3516,1019248.0
2017-03-01,285.0,293.0,286.0,292.0,0.0,4937,1428491.0
2017-02-28,280.0,285.0,277.0,285.0,0.0,5893,1659175.0
2017-02-26,284.0,285.0,280.0,280.0,0.0,13152,3698008.0
2017-02-23,284.0,287.0,274.0,284.0,0.0,6784,1919340.0
2017-02-22,292.0,296.0,279.0,284.0,0.0,10772,3074568.0
2017-02-21,291.0,302.0,287.0,292.0,0.0,21176,6210628.0
2017-02-20,300.0,306.0,291.0,291.0,0.0,11423,3407383.0
2017-02-19,295.0,302.0,286.0,300.0,0.0,21720,6425981.0
2017-02-16,297.0,305.0,286.0,295.0,0.0,23287,6880162.0
2017-02-15,280.0,299.0,275.0,297.0,0.0,31337,9005753.0
2017-02-14,284.0,290.0,272.0,280.0,0.0,13470,3762090.0
2017-02-13,275.0,285.0,255.0,284.0,0.0,15241,4069414.0
2017-02-12,291.0,295.0,269.0,275.0,0.0,15634,4350531.0
2017-02-09,292.0,295.0,288.0,291.0,0.0,15872,4595736.0
2017-02-08,300.0,300.0,291.0,292.0,0.0,16093,4746297.0
2017-02-07,300.0,303.0,293.0,300.0,0.0,13192,3914050.0
2017-02-06,304.0,304.0,298.0,300.0,0.0,3708,1114245.0
2017-02-05,308.0,308.0,298.0,304.0,0.0,6087,1838078.0
2017-02-02,314.0,322.0,304.0,308.0,0.0,15782,4921551.0
2017-02-01,293.0,314.0,288.0,314.0,0.0,14411,4357690.0
2017-01-31,273.0,293.0,261.0,293.0,0.0,17986,4952529.0
2017-01-30,302.0,305.0,273.0,273.0,0.0,21487,6131869.0
2017-01-26,305.0,307.0,295.0,302.0,0.0,12278,3683066.0
2017-01-25,320.0,320.0,300.0,305.0,0.0,16963,5191776.0
2017-01-24,323.0,329.0,312.0,320.0,0.0,15486,4927698.0
2017-01-23,322.0,325.0,318.0,323.0,0.0,6818,2198014.0
2017-01-22,325.0,327.0,320.0,322.0,0.0,8571,2770814.0
2017-01-19,329.0,335.0,325.0,325.0,0.0,4483,1461908.0
2017-01-18,326.0,329.0,320.0,329.0,0.0,2671,866004.0
2017-01-17,328.0,328.0,320.0,326.0,0.0,4812,1565102.0
2017-01-16,334.0,331.0,325.0,328.0,0.0,3198,1046537.0
2017-01-15,334.0,336.0,328.0,334.0,0.0,8776,2917064.0
2017-01-12,332.0,335.0,330.0,334.0,0.0,3271,1086333.0
2017-01-11,333.0,338.0,330.0,332.0,0.0,3861,1283679.0
2017-01-10,332.0,335.0,329.0,333.0,0.0,3729,1244128.0
2017-01-09,327.0,338.0,328.0,332.0,0.0,4378,1447855.0
2017-01-08,335.0,331.0,325.0,327.0,0.0,7357,2412087.0
2017-01-05,336.0,340.0,330.0,335.0,0.0,9398,3140650.0
2017-01-04,338.0,338.0,330.0,336.0,0.0,7440,2474773.0
2017-01-03,346.0,347.0,335.0,338.0,0.0,7610,2592643.0
2017-01-02,340.0,358.0,334.0,346.0,0.0,15424,5319977.0
2017-01-01,330.0,340.0,332.0,340.0,0.0,10815,3645441.0
2016-12-29,325.0,341.0,325.0,330.0,0.0,15732,5179397.0
2016-12-28,322.0,334.0,315.0,325.0,0.0,8963,2896426.0
2016-12-27,327.0,330.0,315.0,322.0,0.0,9231,2976109.0
2016-12-26,336.0,335.0,324.0,327.0,0.0,18920,6202197.0
2016-12-22,340.0,340.0,329.0,336.0,0.0,9637,3222835.0
2016-12-21,342.0,344.0,333.0,340.0,0.0,8007,2704513.0
2016-12-20,353.0,353.0,338.0,342.0,0.0,19925,6861265.0
2016-12-19,355.0,355.0,350.0,353.0,0.0,13641,4813228.0
2016-12-18,365.0,364.0,352.0,355.0,0.0,11147,3967461.0
2016-12-15,365.0,367.0,360.0,365.0,0.0,8004,2904160.0
2016-12-14,363.0,370.0,357.0,365.0,0.0,5132,1856834.0
2016-12-12,370.0,371.0,356.0,363.0,0.0,10285,3720007.0
2016-12-11,375.0,375.0,364.0,370.0,0.0,4408,1629400.0
2016-12-08,376.0,377.0,371.0,375.0,0.0,7703,2883041.0
2016-12-07,378.0,380.0,372.0,376.0,0.0,4825,1813906.0
2016-12-06,380.0,388.0,373.0,378.0,0.0,3706,1405807.0
2016-12-05,385.0,391.0,370.0,380.0,0.0,8118,3057726.0
2016-12-04,390.0,395.0,378.0,385.0,0.0,5276,2050772.0
2016-12-01,400.0,408.0,383.0,390.0,0.0,8717,3450565.0
2016-11-30,380.0,400.0,383.0,400.0,0.0,23054,9098308.0
2016-11-29,367.0,382.0,346.0,380.0,0.0,14831,5408097.0
2016-11-28,347.0,367.0,314.0,367.0,0.0,8118,2698392.0
2016-11-27,365.0,360.0,345.0,347.0,0.0,7933,2763521.0
2016-11-24,360.0,388.0,362.0,365.0,0.0,12814,4748149.0
2016-11-23,374.0,381.0,359.0,360.0,0.0,23850,8723706.0
2016-11-22,389.0,385.0,374.0,374.0,0.0,11852,4485441.0
2016-11-21,393.0,405.0,382.0,389.0,0.0,15796,6133034.0
2016-11-20,408.0,401.0,385.0,393.0,0.0,16986,6685561.0
2016-11-17,421.0,419.0,406.0,408.0,0.0,11501,4721137.0
2016-11-16,421.0,421.0,410.0,421.0,0.0,10416,4309559.0
2016-11-15,422.0,430.0,418.0,421.0,0.0,9731,4119582.0
2016-11-14,425.0,427.0,417.0,422.0,0.0,7819,3283194.0
2016-11-13,429.0,434.0,409.0,425.0,0.0,5271,2233862.0
2016-11-10,434.0,439.0,421.0,429.0,0.0,25010,10697584.0
2016-11-09,441.0,448.0,425.0,434.0,0.0,9936,4273051.0
2016-11-08,448.0,448.0,436.0,441.0,0.0,11228,4951540.0
2016-11-07,455.0,456.0,447.0,448.0,0.0,11974,5383802.0
2016-11-03,460.0,455.0,442.0,455.0,0.0,2426,1087254.0
2016-10-27,451.0,462.0,453.0,460.0,0.0,9681,4433408.0
2016-10-26,459.0,458.0,446.0,451.0,0.0,9676,4378580.0
2016-10-25,459.0,459.0,445.0,459.0,0.0,10008,4520721.0
2016-10-24,457.0,460.0,450.0,459.0,0.0,11584,5285005.0
2016-10-23,465.0,471.0,457.0,457.0,0.0,10562,4873899.0
2016-10-20,463.0,468.0,460.0,465.0,0.0,5660,2622894.0
2016-10-19,455.0,465.0,453.0,463.0,0.0,9935,4555563.0
2016-10-18,461.0,465.0,452.0,456.0,0.0,15033,6871535.0
2016-10-17,455.0,469.0,448.0,461.0,0.0,14176,6494557.0
2016-10-16,470.0,470.0,455.0,455.0,0.0,6205,2832221.0
2016-10-06,470.0,475.0,463.0,470.0,0.0,27899,13097198.0
2016-10-05,464.0,474.0,454.0,470.0,0.0,11271,5227519.0
2016-10-04,448.0,464.0,455.0,464.0,0.0,13258,6099093.0
2016-10-03,445.0,464.0,442.0,448.0,0.0,11946,5379547.0
2016-10-02,450.0,449.0,440.0,445.0,0.0,8736,3880648.0
2016-09-29,450.0,457.0,443.0,450.0,0.0,12110,5445942.0
2016-09-28,453.0,459.0,445.0,450.0,0.0,12917,5782838.0
2016-09-27,455.0,463.0,450.0,453.0,0.0,11105,5046687.0
2016-09-26,436.0,462.0,436.0,455.0,0.0,15674,7078621.0
2016-09-25,455.0,450.0,433.0,436.0,0.0,21028,9254936.0
2016-09-22,460.0,462.0,450.0,455.0,0.0,7207,3275443.0
2016-09-21,466.0,465.0,449.0,460.0,0.0,13625,6212158.0
2016-09-20,470.0,470.0,462.0,466.0,0.0,29396,13628379.0
2016-09-18,480.0,476.0,465.0,470.0,0.0,17746,8319430.0
2016-09-14,467.0,488.0,461.0,480.0,0.0,32048,14966369.0
2016-09-12,470.0,479.0,460.0,467.0,0.0,14388,6707709.0
2016-09-11,485.0,495.0,470.0,470.0,0.0,18115,8637363.0
2016-09-08,487.0,489.0,470.0,485.0,0.0,19208,9155581.0
2016-09-07,500.0,512.0,482.0,487.0,0.0,70497,34930456.0
2016-09-06,484.0,532.0,490.0,500.0,0.0,186575,94335368.0
2016-09-05,440.0,484.0,432.0,484.0,0.0,50251,23246184.0
2016-09-04,443.0,449.0,436.0,440.0,0.0,23062,10158330.0
2016-09-03,443.0,449.0,436.0,440.0,0.0,23062,10158330.0
2016-09-01,440.0,443.0,436.0,443.0,0.0,10406,4573782.0
2016-08-31,445.0,442.0,432.0,440.0,0.0,5993,2617627.0
2016-08-30,424.0,445.0,430.0,445.0,0.0,26865,11786466.0
2016-08-29,420.0,436.0,412.0,424.0,0.0,13627,5688831.0
2016-08-28,418.0,425.0,414.0,420.0,0.0,15195,6359136.0
2016-08-24,408.0,420.0,405.0,418.0,0.0,10502,4342690.0
2016-08-23,413.0,417.0,405.0,408.0,0.0,13868,5666249.0
2016-08-22,423.0,424.0,403.0,413.0,0.0,9102,3759908.0
2016-08-21,423.0,430.0,416.0,423.0,0.0,11552,4859459.0
2016-08-17,428.0,436.0,421.0,423.0,0.0,13727,5867690.0
2016-08-16,417.0,440.0,417.0,428.0,0.0,13605,5807615.0
2016-08-15,438.0,445.0,415.0,417.0,0.0,16126,6839770.0
2016-08-14,447.0,450.0,427.0,438.0,0.0,14507,6358700.0
2016-08-11,449.0,457.0,442.0,447.0,0.0,23683,10601970.0
2016-08-10,437.0,462.0,435.0,449.0,0.0,38047,17021388.0
2016-08-09,413.0,453.0,421.0,437.0,0.0,10756,4776140.0
2016-08-08,445.0,440.0,413.0,413.0,0.0,8778,3734957.0
2016-08-07,446.0,475.0,439.0,445.0,0.0,31669,14459874.0
2016-08-04,470.0,470.0,446.0,446.0,0.0,19405,8781900.0
2016-08-03,474.0,478.0,460.0,470.0,0.0,18071,8416018.0
2016-08-02,465.0,493.0,455.0,474.0,0.0,47514,22268264.0
2016-08-01,584.0,596.0,568.0,575.0,0.0,109944,63469552.0
2016-07-31,595.0,600.0,574.0,584.0,0.0,85280,49571960.0
2016-07-28,601.0,602.0,575.0,595.0,0.0,72736,43273160.0
2016-07-27,599.0,615.0,600.0,601.0,0.0,111813,67942368.0
2016-07-26,562.0,599.0,573.0,599.0,0.0,146847,86344640.0
2016-07-25,515.0,566.0,515.0,562.0,0.0,111193,60980692.0
2016-07-21,500.0,520.0,497.0,515.0,0.0,46111,23400670.0
2016-07-20,505.0,520.0,496.0,500.0,0.0,51252,26118426.0
2016-07-19,492.0,510.0,495.0,505.0,0.0,80036,40132128.0
2016-07-18,484.0,500.0,489.0,492.0,0.0,60030,29662540.0
2016-07-17,461.0,497.0,461.0,484.0,0.0,46993,22737700.0
2016-07-14,460.0,477.0,459.0,461.0,0.0,14668,6815762.0
2016-07-13,462.0,465.0,446.0,460.0,0.0,19389,8797116.0
2016-07-12,469.0,478.0,450.0,462.0,0.0,21615,9950505.0
2016-07-11,479.0,478.0,465.0,469.0,0.0,28573,13402052.0
2016-07-10,470.0,480.0,468.0,479.0,0.0,27246,12926226.0
2016-07-06,475.0,475.0,466.0,470.0,0.0,21248,10016566.0
2016-07-05,471.0,475.0,462.0,475.0,0.0,19211,8985180.0
2016-07-04,466.0,477.0,463.0,471.0,0.0,18712,8807036.0
2016-07-03,466.0,475.0,466.0,466.0,0.0,29871,14020569.0
2016-06-30,482.0,482.0,465.0,466.0,0.0,36151,17089344.0
2016-06-29,475.0,502.0,470.0,482.0,0.0,42072,20196578.0
2016-06-28,474.0,501.0,460.0,475.0,0.0,103214,50141820.0
2016-06-27,431.0,474.0,430.0,474.0,0.0,82409,37447648.0
2016-06-26,423.0,434.0,419.0,431.0,0.0,34296,14642179.0
2016-06-23,421.0,425.0,418.0,423.0,0.0,20445,8638110.0
2016-06-22,418.0,437.0,410.0,421.0,0.0,33758,14306161.0
2016-06-21,416.0,426.0,415.0,418.0,0.0,14250,5940619.0
2016-06-20,417.0,418.0,411.0,416.0,0.0,19274,8007881.0
2016-06-19,416.0,424.0,409.0,417.0,0.0,15072,6325414.0
2016-06-16,420.0,425.0,415.0,416.0,0.0,20345,8515940.0
2016-06-15,423.0,427.0,419.0,420.0,0.0,18929,7994793.0
2016-06-14,421.0,428.0,419.0,423.0,0.0,47129,20020434.0
2016-06-13,428.0,431.0,415.0,421.0,0.0,16573,6986748.0
2016-06-12,412.0,434.0,411.0,428.0,0.0,44150,18801588.0
2016-06-09,424.0,425.0,409.0,412.0,0.0,24414,10140728.0
2016-06-08,410.0,425.0,409.0,424.0,0.0,34139,14277588.0
2016-06-07,406.0,416.0,408.0,410.0,0.0,28123,11556178.0
2016-06-06,398.0,410.0,405.0,406.0,0.0,15144,6176838.0
2016-06-05,411.0,414.0,395.0,398.0,0.0,30472,12253441.0
2016-06-02,412.0,413.0,402.0,411.0,0.0,13917,5675812.0
2016-06-01,416.0,415.0,407.0,412.0,0.0,19835,8149779.0
2016-05-31,412.0,416.0,411.0,416.0,0.0,23075,9530962.0
2016-05-30,413.0,417.0,405.0,412.0,0.0,24030,9923511.0
2016-05-29,417.0,425.0,406.0,413.0,0.0,22133,9178601.0
2016-05-26,415.0,422.0,402.0,417.0,0.0,33538,13900230.0
2016-05-25,429.0,430.0,413.0,415.0,0.0,35092,14696913.0
2016-05-24,427.0,445.0,421.0,429.0,0.0,21594,9326688.0
2016-05-23,426.0,429.0,423.0,427.0,0.0,33690,14335148.0
2016-05-22,420.0,433.0,422.0,426.0,0.0,93842,40133472.0
2016-05-19,399.0,425.0,400.0,420.0,0.0,132751,55630864.0
2016-05-18,390.0,401.0,390.0,399.0,0.0,42764,17033520.0
2016-05-17,381.0,396.0,382.0,390.0,0.0,41535,16295536.0
2016-05-16,381.0,385.0,378.0,381.0,0.0,13759,5234469.0
2016-05-15,382.0,389.0,376.0,381.0,0.0,12751,4845814.0
2016-05-12,383.0,386.0,376.0,382.0,0.0,12324,4704370.0
2016-05-11,381.0,383.0,379.0,383.0,0.0,14255,5436223.0
2016-05-10,385.0,385.0,380.0,381.0,0.0,11425,4371096.0
2016-05-09,380.0,385.0,378.0,385.0,0.0,13443,5136309.0
2016-05-08,379.0,381.0,376.0,380.0,0.0,12714,4819115.0
2016-05-05,380.0,381.0,370.0,379.0,0.0,16842,6345342.0
2016-05-04,384.0,382.0,376.0,380.0,0.0,18529,7022741.0
2016-05-03,387.0,390.0,380.0,384.0,0.0,16361,6257655.0
2016-05-02,391.0,395.0,384.0,387.0,0.0,16632,6464041.0
2016-04-28,390.0,392.0,387.0,391.0,0.0,21070,8217915.0
2016-04-27,390.0,394.0,382.0,390.0,0.0,13420,5242862.0
2016-04-26,396.0,400.0,390.0,390.0,0.0,27815,11010837.0
2016-04-25,394.0,399.0,390.0,396.0,0.0,38907,15315393.0
2016-04-24,396.0,399.0,390.0,394.0,0.0,14315,5613488.0
2016-04-21,393.0,396.0,389.0,396.0,0.0,23666,9268982.0
2016-04-20,390.0,394.0,387.0,393.0,0.0,23441,9149830.0
2016-04-19,381.0,392.0,382.0,390.0,0.0,49211,19019256.0
2016-04-18,378.0,383.0,377.0,381.0,0.0,38871,14808333.0
2016-04-17,374.0,384.0,374.0,378.0,0.0,17505,6601239.0
2016-04-14,368.0,379.0,363.0,374.0,0.0,23251,8613056.0
2016-04-12,370.0,372.0,365.0,368.0,0.0,35905,13198517.0
2016-04-11,371.0,372.0,367.0,370.0,0.0,7598,2810689.0
2016-04-10,375.0,374.0,371.0,371.0,0.0,8659,3223795.0
2016-04-06,372.0,379.0,372.0,375.0,0.0,10877,4065280.0
2016-04-05,371.0,374.0,371.0,372.0,0.0,13223,4922436.0
2016-04-04,372.0,375.0,370.0,371.0,0.0,11639,4332981.0
2016-04-03,376.0,375.0,370.0,372.0,0.0,8820,3271137.0
2016-03-31,375.0,377.0,373.0,376.0,0.0,18919,7074628.0
2016-03-30,378.0,379.0,370.0,375.0,0.0,35462,13306387.0
2016-03-29,379.0,380.0,373.0,378.0,0.0,14115,5324866.0
2016-03-28,378.0,380.0,372.0,379.0,0.0,33395,12553855.0
2016-03-27,375.0,384.0,370.0,378.0,0.0,39122,14628510.0
2016-03-24,378.0,380.0,374.0,375.0,0.0,10308,3882302.0
2016-03-23,380.0,380.0,375.0,378.0,0.0,10860,4104563.0
2016-03-21,380.0,394.0,375.0,380.0,0.0,12875,4934137.0
2016-03-20,370.0,382.0,374.0,380.0,0.0,8571,3245013.0
2016-03-17,368.0,372.0,365.0,370.0,0.0,10154,3758371.0
2016-03-16,362.0,381.0,365.0,368.0,0.0,16349,6068031.0
2016-03-15,367.0,368.0,361.0,362.0,0.0,8054,2942948.0
2016-03-14,369.0,369.0,364.0,367.0,0.0,10986,4024337.0
2016-03-13,366.0,375.0,357.0,369.0,0.0,22147,8138582.0
2016-03-10,370.0,367.0,363.0,366.0,0.0,5299,1930806.0
2016-03-06,370.0,371.0,365.0,370.0,0.0,9278,3415887.0
2016-03-03,372.0,375.0,366.0,370.0,0.0,7250,2690985.0
2016-03-02,368.0,377.0,368.0,372.0,0.0,7476,2781031.0
2016-03-01,377.0,375.0,365.0,368.0,0.0,13533,5007899.0
2016-02-29,388.0,390.0,374.0,377.0,0.0,18489,6990637.0
2016-02-28,364.0,395.0,367.0,388.0,0.0,65920,24963408.0
2016-02-25,358.0,364.0,358.0,364.0,0.0,34166,12322481.0
2016-02-24,354.0,361.0,350.0,358.0,0.0,16000,5716133.0
2016-02-23,350.0,359.0,353.0,354.0,0.0,20217,7196865.0
2016-02-22,346.0,352.0,346.0,350.0,0.0,26072,9116059.0
2016-02-21,344.0,356.0,346.0,346.0,0.0,26292,9233095.0
2016-02-18,341.0,347.0,341.0,344.0,0.0,10821,3718956.0
2016-02-17,341.0,345.0,335.0,341.0,0.0,2485,850651.0
2016-02-16,342.0,342.0,336.0,341.0,0.0,5215,1769617.0
2016-02-15,342.0,342.0,328.0,342.0,0.0,11340,3790968.0
2016-02-14,345.0,350.0,337.0,342.0,0.0,8367,2867079.0
2016-02-11,344.0,348.0,339.0,345.0,0.0,6621,2279057.0
2016-02-08,338.0,350.0,340.0,344.0,0.0,32412,11147199.0
2016-02-07,335.0,342.0,335.0,338.0,0.0,14873,5033634.0
2016-02-04,338.0,342.0,335.0,335.0,0.0,8744,2966344.0
2016-02-03,335.0,341.0,335.0,338.0,0.0,5755,1945231.0
2016-02-02,334.0,341.0,335.0,335.0,0.0,16005,5399331.0
2016-02-01,329.0,335.0,330.0,334.0,0.0,14957,4975910.0
2016-01-31,330.0,330.0,326.0,329.0,0.0,6316,2078552.0
2016-01-28,325.0,330.0,322.0,330.0,0.0,3874,1260991.0
2016-01-27,327.0,330.0,324.0,325.0,0.0,14757,4828758.0
2016-01-26,328.0,335.0,327.0,327.0,0.0,11840,3918032.0
2016-01-25,330.0,335.0,328.0,328.0,0.0,10058,3325983.0
2016-01-24,320.0,335.0,320.0,330.0,0.0,6885,2245924.0
2016-01-21,345.0,349.0,343.0,349.0,0.0,34138,11833175.0
2016-01-20,347.0,351.0,345.0,345.0,0.0,22862,7951660.0
2016-01-19,348.0,349.0,339.0,347.0,0.0,13391,4614577.0
2016-01-18,350.0,358.0,345.0,348.0,0.0,26956,9380157.0
2016-01-17,333.0,356.0,333.0,350.0,0.0,29528,10173180.0
2016-01-14,315.0,335.0,321.0,333.0,0.0,61759,20380304.0
2016-01-13,312.0,316.0,311.0,315.0,0.0,10141,3182181.0
2016-01-12,310.0,315.0,310.0,312.0,0.0,8002,2509634.0
2016-01-11,311.0,312.0,308.0,310.0,0.0,2897,899210.0
2016-01-10,311.0,312.0,302.0,311.0,0.0,8017,2482646.0
2016-01-07,311.0,312.0,310.0,311.0,0.0,6065,1886371.0
2016-01-06,306.0,312.0,304.0,311.0,0.0,4302,1326080.0
2016-01-05,314.0,315.0,305.0,306.0,0.0,5891,1810212.0
2016-01-04,314.0,316.0,308.0,314.0,0.0,7663,2395955.0
2016-01-03,312.0,318.0,313.0,314.0,0.0,9200,2898870.0
2015-12-31,309.0,315.0,310.0,312.0,0.0,3846,1205094.0
2015-12-29,306.0,312.0,305.0,309.0,0.0,4502,1393597.0
2015-12-28,303.0,309.0,302.0,306.0,0.0,4161,1269019.0
2015-12-27,296.0,307.0,301.0,303.0,0.0,8075,2457842.0
2015-12-24,290.0,297.0,290.0,296.0,0.0,5529,1622012.0
2015-12-23,303.0,304.0,290.0,290.0,0.0,7969,2377660.0
2015-12-22,297.0,305.0,297.0,303.0,0.0,6728,2034754.0
2015-12-21,293.0,297.0,291.0,297.0,0.0,2861,840509.0
2015-12-20,294.0,294.0,290.0,293.0,0.0,1398,408573.0
2015-12-17,289.0,294.0,284.0,294.0,0.0,1316,378125.0
2015-12-16,298.0,294.0,289.0,289.0,0.0,2262,658840.0
2015-12-15,299.0,300.0,295.0,298.0,0.0,1562,466998.0
2015-12-14,300.0,300.0,295.0,299.0,0.0,2005,597305.0
2015-12-13,302.0,302.0,298.0,300.0,0.0,1977,593034.0
2015-12-10,301.0,305.0,300.0,302.0,0.0,2951,892420.0
2015-12-09,300.0,306.0,300.0,301.0,0.0,2509,755154.0
2015-12-08,300.0,300.0,299.0,300.0,0.0,2648,794040.0
2015-12-07,300.0,307.0,296.0,300.0,0.0,3326,1001357.0
2015-12-06,295.0,306.0,298.0,300.0,0.0,8830,2647828.0
2015-12-03,292.0,300.0,290.0,295.0,0.0,4556,1349252.0
2015-12-02,294.0,293.0,289.0,292.0,0.0,1077,313878.0
2015-12-01,284.0,300.0,285.0,294.0,0.0,2488,729704.0
2015-11-30,285.0,295.0,280.0,284.0,0.0,6847,1975591.0
2015-11-29,283.0,285.0,275.0,285.0,0.0,4666,1295819.0
2015-11-26,290.0,286.0,279.0,283.0,0.0,7584,2142533.0
2015-11-25,290.0,295.0,290.0,290.0,0.0,5028,1462027.0
2015-11-24,294.0,290.0,285.0,290.0,0.0,1175,338656.0
2015-11-23,293.0,295.0,288.0,294.0,0.0,7687,2230745.0
2015-11-22,300.0,296.0,291.0,293.0,0.0,8069,2366923.0
2015-11-19,297.0,300.0,295.0,300.0,0.0,8459,2518094.0
2015-11-18,300.0,300.0,296.0,297.0,0.0,5509,1644026.0
2015-11-16,301.0,303.0,296.0,300.0,0.0,2713,808167.0
2015-11-15,301.0,306.0,300.0,301.0,0.0,2125,641081.0
2015-11-10,302.0,304.0,300.0,301.0,0.0,6290,1894266.0
2015-11-09,295.0,306.0,299.0,302.0,0.0,6949,2094873.0
2015-11-08,295.0,297.0,294.0,295.0,0.0,9597,2832295.0
2015-11-05,299.0,302.0,295.0,295.0,0.0,13730,4092250.0
2015-11-04,295.0,299.0,285.0,299.0,0.0,5606,1659453.0
2015-11-03,297.0,295.0,290.0,295.0,0.0,10435,3053491.0
2015-11-02,296.0,301.0,292.0,297.0,0.0,8565,2539516.0
2015-11-01,302.0,298.0,290.0,296.0,0.0,11004,3234627.0
2015-10-29,300.0,310.0,301.0,302.0,0.0,2886,878087.0
2015-10-28,302.0,304.0,290.0,300.0,0.0,12425,3720096.0
2015-10-27,315.0,315.0,300.0,302.0,0.0,12218,3773485.0
2015-10-25,310.0,315.0,305.0,315.0,0.0,640,197400.0
2015-10-19,314.0,315.0,308.0,310.0,0.0,2173,678777.0
2015-10-18,311.0,314.0,306.0,314.0,0.0,2211,681338.0
2015-10-15,315.0,315.0,310.0,311.0,0.0,4403,1373362.0
2015-10-14,316.0,315.0,310.0,315.0,0.0,2648,827513.0
2015-10-11,329.0,328.0,316.0,316.0,0.0,3921,1253866.0
2015-10-08,330.0,329.0,325.0,329.0,0.0,5112,1666623.0
2015-10-07,334.0,330.0,317.0,330.0,0.0,2623,846509.0
2015-10-06,395.0,399.0,391.0,393.0,0.0,63331,24944512.0
2015-10-05,397.0,398.0,385.0,395.0,0.0,12820,5052515.0
2015-10-04,397.0,403.0,395.0,397.0,0.0,24070,9592443.0
2015-10-01,401.0,403.0,396.0,397.0,0.0,22636,9031251.0
2015-09-30,398.0,410.0,400.0,401.0,0.0,42882,17292560.0
2015-09-29,397.0,398.0,385.0,398.0,0.0,15410,6051999.0
2015-09-28,396.0,397.0,368.0,397.0,0.0,15900,6180771.0
2015-09-24,398.0,402.0,391.0,396.0,0.0,17867,7103684.0
2015-09-23,386.0,398.0,386.0,398.0,0.0,14771,5813037.0
2015-09-22,400.0,408.0,385.0,386.0,0.0,22951,8943104.0
2015-09-17,402.0,403.0,379.0,400.0,0.0,11472,4538093.0
2015-09-16,401.0,410.0,398.0,402.0,0.0,19696,7939792.0
2015-09-15,392.0,401.0,390.0,401.0,0.0,23384,9253945.0
2015-09-14,390.0,397.0,390.0,392.0,0.0,6928,2717637.0
2015-09-13,388.0,395.0,384.0,390.0,0.0,14611,5712143.0
2015-09-10,387.0,388.0,380.0,388.0,0.0,16448,6291693.0
2015-09-09,387.0,390.0,385.0,387.0,0.0,8751,3388602.0
2015-09-08,385.0,396.0,380.0,387.0,0.0,15012,5847369.0
2015-09-07,382.0,390.0,383.0,385.0,0.0,13776,5323523.0
2015-09-06,381.0,385.0,370.0,382.0,0.0,7964,3033634.0
2015-09-03,384.0,388.0,381.0,381.0,0.0,30819,11835026.0
2015-09-02,390.0,390.0,380.0,384.0,0.0,10691,4124032.0
2015-09-01,390.0,393.0,388.0,390.0,0.0,14863,5807368.0
2015-08-31,385.0,393.0,385.0,390.0,0.0,17984,7008909.0
2015-08-27,390.0,392.0,385.0,385.0,0.0,9343,3625641.0
2015-08-26,390.0,390.0,387.0,390.0,0.0,12000,4669092.0
2015-08-25,392.0,390.0,371.0,390.0,0.0,15736,6040840.0
2015-08-24,390.0,395.0,386.0,392.0,0.0,27220,10636996.0
2015-08-23,394.0,396.0,380.0,390.0,0.0,33822,13160543.0
2015-08-20,389.0,412.0,389.0,394.0,0.0,40285,16122861.0
2015-08-19,376.0,390.0,378.0,389.0,0.0,43598,16700264.0
2015-08-18,363.0,391.0,353.0,376.0,0.0,82591,30928780.0
2015-08-17,330.0,363.0,336.0,363.0,0.0,42049,14728177.0
2015-08-16,330.0,340.0,322.0,330.0,0.0,52795,17503760.0
2015-08-13,320.0,330.0,304.0,330.0,0.0,17079,5477116.0
2015-08-12,325.0,326.0,308.0,320.0,0.0,19816,6339582.0
2015-08-11,333.0,335.0,321.0,325.0,0.0,19025,6196753.0
2015-08-10,334.0,335.0,329.0,333.0,0.0,25310,8379463.0
2015-08-09,335.0,349.0,329.0,334.0,0.0,15638,5233168.0
2015-08-06,333.0,339.0,327.0,335.0,0.0,9633,3185042.0
2015-08-05,336.0,340.0,330.0,333.0,0.0,5638,1876475.0
2015-08-04,338.0,338.0,331.0,336.0,0.0,16392,5464893.0
2015-08-03,339.0,343.0,329.0,338.0,0.0,8226,2772640.0
2015-08-02,338.0,341.0,334.0,339.0,0.0,4187,1410411.0
2015-07-30,340.0,351.0,334.0,338.0,0.0,10515,3557647.0
2015-07-29,340.0,341.0,333.0,340.0,0.0,12070,4055118.0
2015-07-28,342.0,354.0,327.0,340.0,0.0,12765,4360291.0
2015-07-27,379.0,393.0,342.0,342.0,0.0,43152,16014095.0
2015-07-26,345.0,379.0,351.0,379.0,0.0,11607,4397086.0
2015-07-23,323.0,352.0,329.0,345.0,0.0,29037,9753479.0
2015-07-22,319.0,328.0,322.0,323.0,0.0,10969,3564577.0
2015-07-16,317.0,321.0,318.0,319.0,0.0,9749,3122473.0
2015-07-15,321.0,322.0,315.0,317.0,0.0,7992,2549899.0
2015-07-14,317.0,324.0,315.0,321.0,0.0,6961,2222340.0
2015-07-13,314.0,317.0,312.0,317.0,0.0,5668,1782093.0
2015-07-12,315.0,314.0,311.0,314.0,0.0,4853,1513933.0
2015-07-09,321.0,319.0,311.0,315.0,0.0,9570,2987962.0
2015-07-08,313.0,321.0,312.0,321.0,0.0,15881,4984635.0
2015-07-07,311.0,318.0,309.0,313.0,0.0,10898,3396061.0
2015-07-06,310.0,315.0,309.0,311.0,0.0,4854,1513457.0
2015-07-05,310.0,316.0,310.0,310.0,0.0,9492,2955222.0
2015-07-02,315.0,318.0,310.0,310.0,0.0,13696,4268529.0
2015-07-01,317.0,326.0,315.0,315.0,0.0,6599,2091527.0
2015-06-30,318.0,319.0,314.0,317.0,0.0,9491,2997785.0
2015-06-29,316.0,321.0,315.0,318.0,0.0,16594,5261393.0
2015-06-28,311.0,318.0,312.0,316.0,0.0,11998,3779715.0
2015-06-25,313.0,316.0,307.0,311.0,0.0,6754,2115499.0
2015-06-24,313.0,315.0,313.0,313.0,0.0,3858,1210088.0
2015-06-23,315.0,317.0,310.0,313.0,0.0,6199,1932836.0
2015-06-22,305.0,315.0,303.0,315.0,0.0,5421,1687954.0
2015-06-21,314.0,311.0,303.0,305.0,0.0,15787,4836234.0
2015-06-18,315.0,319.0,313.0,314.0,0.0,6758,2133119.0
2015-06-17,315.0,316.0,310.0,315.0,0.0,5583,1743709.0
2015-06-16,317.0,318.0,314.0,315.0,0.0,12719,4006609.0
2015-06-15,315.0,324.0,313.0,317.0,0.0,6335,2006668.0
2015-06-14,319.0,319.0,310.0,315.0,0.0,8728,2720616.0
2015-06-11,321.0,321.0,309.0,319.0,0.0,11591,3643043.0
2015-06-10,323.0,328.0,315.0,321.0,0.0,12043,3872463.0
2015-06-09,321.0,343.0,316.0,323.0,0.0,47054,15418286.0
2015-06-08,312.0,326.0,315.0,321.0,0.0,29176,9303797.0
2015-06-07,303.0,314.0,303.0,312.0,0.0,28210,8676905.0
2015-06-04,301.0,307.0,295.0,303.0,0.0,19332,5830048.0
2015-06-03,291.0,310.0,292.0,301.0,0.0,14534,4352453.0
2015-06-02,288.0,294.0,283.0,291.0,0.0,19856,5703341.0
2015-06-01,277.0,291.0,280.0,288.0,0.0,15788,4510641.0
2015-05-31,268.0,285.0,273.0,277.0,0.0,12752,3598973.0
2015-05-28,252.0,277.0,250.0,268.0,0.0,17075,4460045.0
2015-05-27,260.0,261.0,252.0,252.0,0.0,9719,2495637.0
2015-05-26,277.0,285.0,258.0,260.0,0.0,12872,3468684.0
2015-05-25,307.0,301.0,277.0,277.0,0.0,100,28390.0
2015-05-24,313.0,307.0,307.0,307.0,0.0,50,15350.0
2015-04-23,310.0,316.0,307.0,313.0,0.0,10229,3173691.0
2015-04-22,315.0,310.0,307.0,310.0,0.0,6607,2043753.0
2015-04-21,308.0,315.0,310.0,315.0,0.0,10811,3388608.0
2015-04-20,310.0,315.0,307.0,308.0,0.0,4740,1462101.0
2015-04-19,312.0,316.0,309.0,310.0,0.0,2923,907513.0
2015-04-16,310.0,314.0,310.0,312.0,0.0,3691,1150326.0
2015-04-15,314.0,311.0,309.0,310.0,0.0,5064,1571737.0
2015-04-13,313.0,314.0,310.0,314.0,0.0,2319,723359.0
2015-04-12,313.0,315.0,313.0,313.0,0.0,6661,2086353.0
2015-04-09,311.0,315.0,309.0,313.0,0.0,4168,1300396.0
2015-04-08,318.0,320.0,310.0,311.0,0.0,1726,541500.0
2015-04-07,310.0,318.0,308.0,318.0,0.0,3282,1027597.0
2015-04-06,312.0,312.0,308.0,310.0,0.0,1912,593291.0
2015-04-05,310.0,316.0,305.0,312.0,0.0,3039,935668.0
2015-04-02,312.0,315.0,308.0,310.0,0.0,1464,454714.0
2015-04-01,307.0,312.0,303.0,312.0,0.0,8199,2499495.0
2015-03-31,307.0,315.0,301.0,307.0,0.0,9200,2854470.0
2015-03-30,307.0,307.0,302.0,307.0,0.0,5131,1567119.0
2015-03-29,306.0,307.0,301.0,307.0,0.0,3116,950692.0
2015-03-26,308.0,308.0,303.0,306.0,0.0,5529,1688306.0
2015-03-25,314.0,314.0,308.0,308.0,0.0,4594,1423123.0
2015-03-24,314.0,317.0,310.0,314.0,0.0,1156,363940.0
2015-03-23,318.0,316.0,312.0,314.0,0.0,9461,2964473.0
2015-03-22,319.0,324.0,317.0,318.0,0.0,9710,3106684.0
2015-03-19,315.0,320.0,316.0,319.0,0.0,12417,3952798.0
2015-03-18,318.0,320.0,315.0,315.0,0.0,9896,3148523.0
2015-03-17,320.0,322.0,317.0,318.0,0.0,10138,3239102.0
2015-03-16,319.0,320.0,317.0,320.0,0.0,2213,704037.0
2015-03-15,324.0,327.0,318.0,319.0,0.0,6479,2082818.0
2015-03-12,326.0,325.0,320.0,324.0,0.0,4865,1562827.0
2015-03-11,320.0,326.0,319.0,326.0,0.0,6070,1944519.0
2015-03-10,327.0,330.0,317.0,320.0,0.0,8886,2864537.0
2015-03-09,322.0,336.0,322.0,327.0,0.0,5990,1970287.0
2015-03-04,325.0,326.0,322.0,322.0,0.0,727,236527.0
2015-03-03,325.0,327.0,319.0,325.0,0.0,2025,655172.0
2015-03-02,330.0,325.0,317.0,325.0,0.0,1650,533900.0
2015-03-01,322.0,330.0,323.0,330.0,0.0,4209,1372064.0
2015-02-26,325.0,325.0,321.0,322.0,0.0,1753,568708.0
2015-02-25,325.0,326.0,322.0,325.0,0.0,2519,816653.0
2015-02-24,318.0,325.0,318.0,325.0,0.0,3884,1260883.0
2015-02-23,324.0,320.0,316.0,318.0,0.0,4757,1516420.0
2015-02-22,322.0,324.0,314.0,324.0,0.0,2851,904280.0
2015-02-18,322.0,325.0,322.0,322.0,0.0,2020,654132.0
2015-02-16,318.0,325.0,315.0,322.0,0.0,23422,7445711.0
2015-02-15,321.0,327.0,317.0,318.0,0.0,2763,887007.0
2015-02-12,328.0,328.0,321.0,321.0,0.0,108,34983.0
2015-02-11,323.0,328.0,318.0,328.0,0.0,803,257064.0
2015-02-10,338.0,345.0,332.0,342.0,0.0,83207,28157668.0
2015-02-09,340.0,346.0,338.0,338.0,0.0,61071,20715544.0
2015-02-08,338.0,343.0,336.0,340.0,0.0,47388,16075845.0
2015-02-05,346.0,350.0,338.0,338.0,0.0,44460,15187168.0
2015-02-04,344.0,350.0,338.0,346.0,0.0,65130,22635276.0
2015-02-03,349.0,362.0,342.0,344.0,0.0,82179,28619444.0
2015-02-02,339.0,350.0,327.0,349.0,0.0,62200,21181188.0
2015-02-01,323.0,339.0,325.0,339.0,0.0,37727,12438046.0
2015-01-29,328.0,334.0,319.0,323.0,0.0,37446,12136787.0
2015-01-28,320.0,332.0,320.0,328.0,0.0,30552,10004368.0
2015-01-27,312.0,321.0,306.0,320.0,0.0,46258,14696814.0
2015-01-26,326.0,325.0,307.0,312.0,0.0,26297,8253971.0
2015-01-25,305.0,326.0,300.0,326.0,0.0,36140,10991257.0
2015-01-22,305.0,309.0,296.0,305.0,0.0,17790,5359270.0
2015-01-20,313.0,314.0,300.0,305.0,0.0,21199,6488187.0
2015-01-19,299.0,322.0,303.0,313.0,0.0,19844,6103972.0
2015-01-18,290.0,300.0,290.0,299.0,0.0,24144,7165502.0
2015-01-14,289.0,292.0,286.0,290.0,0.0,17208,4985210.0
2015-01-13,283.0,289.0,280.0,289.0,0.0,11691,3319169.0
2015-01-12,288.0,289.0,281.0,283.0,0.0,12402,3540350.0
2015-01-11,285.0,292.0,285.0,288.0,0.0,14912,4299492.0
2015-01-08,288.0,291.0,285.0,285.0,0.0,9130,2637916.0
2015-01-07,287.0,292.0,283.0,288.0,0.0,6863,1969941.0
2015-01-06,289.0,290.0,278.0,287.0,0.0,6956,2001112.0
2015-01-05,290.0,292.0,283.0,289.0,0.0,15458,4460916.0
2015-01-04,282.0,290.0,280.0,290.0,0.0,13767,3926645.0
2015-01-01,281.0,283.0,277.0,282.0,0.0,12928,3633156.0
2014-12-31,285.0,285.0,275.0,281.0,0.0,16030,4494247.0
2014-12-29,285.0,286.0,279.0,285.0,0.0,11416,3236366.0
2014-12-28,280.0,290.0,275.0,285.0,0.0,12609,3598273.0
2014-12-24,281.0,284.0,275.0,280.0,0.0,21235,5958046.0
2014-12-23,279.0,282.0,274.0,281.0,0.0,18726,5203791.0
2014-12-22,285.0,287.0,277.0,279.0,0.0,14801,4159611.0
2014-12-21,281.0,288.0,270.0,285.0,0.0,22808,6409292.0
2014-12-18,278.0,287.0,273.0,281.0,0.0,10280,2883670.0
2014-12-17,278.0,278.0,268.0,278.0,0.0,8470,2330473.0
2014-12-16,279.0,284.0,268.0,278.0,0.0,14463,3998082.0
2014-12-15,280.0,291.0,260.0,279.0,0.0,12962,3652022.0
2014-12-14,265.0,284.0,266.0,280.0,0.0,22193,6135606.0
2014-12-11,256.0,269.0,257.0,265.0,0.0,14654,3828942.0
2014-12-10,250.0,265.0,250.0,256.0,0.0,11852,2998026.0
2014-12-09,250.0,253.0,250.0,250.0,0.0,1412,353975.0
2014-12-08,252.0,255.0,250.0,250.0,0.0,20074,5027085.0
2014-12-07,252.0,253.0,247.0,252.0,0.0,6248,1566347.0
2014-12-04,250.0,265.0,246.0,252.0,0.0,7867,1972633.0
2014-12-03,249.0,261.0,248.0,250.0,0.0,13842,3473869.0
2014-12-02,252.0,253.0,248.0,249.0,0.0,9785,2443770.0
2014-12-01,254.0,257.0,248.0,252.0,0.0,9702,2423051.0
2014-11-30,259.0,260.0,250.0,254.0,0.0,7734,1960048.0
2014-11-25,258.0,260.0,250.0,259.0,0.0,5556,1418299.0
2014-11-24,259.0,264.0,255.0,258.0,0.0,6233,1608377.0
2014-11-23,260.0,266.0,255.0,259.0,0.0,8613,2245481.0
2014-11-20,246.0,265.0,249.0,260.0,0.0,6856,1772446.0
2014-11-19,242.0,248.0,240.0,246.0,0.0,6604,1621742.0
2014-11-18,253.0,258.0,228.0,242.0,0.0,8102,1968949.0
2014-11-17,259.0,268.0,245.0,253.0,0.0,4442,1112662.0
2014-11-16,265.0,265.0,255.0,259.0,0.0,6544,1701472.0
2014-11-13,268.0,268.0,263.0,265.0,0.0,3351,889803.0
2014-11-12,270.0,271.0,264.0,268.0,0.0,11078,2953070.0
2014-11-11,260.0,270.0,257.0,270.0,0.0,5767,1507421.0
2014-11-10,269.0,269.0,255.0,260.0,0.0,21037,5462838.0
2014-11-09,272.0,275.0,266.0,269.0,0.0,8400,2263525.0
2014-11-06,272.0,275.0,269.0,272.0,0.0,16386,4427099.0
2014-11-05,270.0,277.0,261.0,272.0,0.0,15837,4278428.0
2014-11-04,275.0,276.0,265.0,270.0,0.0,9489,2549398.0
2014-11-03,278.0,279.0,270.0,275.0,0.0,10222,2810761.0
2014-11-02,281.0,282.0,277.0,278.0,0.0,10725,3005798.0
2014-10-30,285.0,286.0,280.0,281.0,0.0,4238,1199763.0
2014-10-28,282.0,285.0,280.0,285.0,0.0,7558,2140665.0
2014-10-27,284.0,289.0,280.0,282.0,0.0,12057,3399852.0
2014-10-26,287.0,289.0,284.0,284.0,0.0,1452,418104.0
2014-10-22,281.0,290.0,280.0,287.0,0.0,5623,1608258.0
2014-10-21,285.0,285.0,277.0,281.0,0.0,6821,1902874.0
2014-10-20,280.0,290.0,264.0,285.0,0.0,9488,2681999.0
2014-10-19,282.0,283.0,276.0,280.0,0.0,5854,1634080.0
2014-10-16,280.0,289.0,279.0,282.0,0.0,10377,2954005.0
2014-10-15,278.0,282.0,261.0,280.0,0.0,19231,5343466.0
2014-10-14,279.0,283.0,276.0,278.0,0.0,17504,4887299.0
2014-10-13,280.0,285.0,276.0,279.0,0.0,12047,3359592.0
2014-10-12,283.0,288.0,277.0,280.0,0.0,7010,1965234.0
2014-10-09,286.0,285.0,281.0,283.0,0.0,2441,690944.0
2014-10-08,295.0,298.0,279.0,286.0,0.0,2554,735220.0
2014-09-30,301.0,299.0,286.0,295.0,0.0,8806,2548918.0
2014-09-29,293.0,304.0,288.0,301.0,0.0,7995,2367520.0
2014-09-28,287.0,297.0,287.0,293.0,0.0,10129,2951883.0
2014-09-24,285.0,290.0,278.0,287.0,0.0,9516,2717001.0
2014-09-23,276.0,286.0,266.0,285.0,0.0,9922,2783322.0
2014-09-22,270.0,277.0,269.0,276.0,0.0,12823,3498776.0
2014-09-21,282.0,286.0,265.0,270.0,0.0,9109,2493003.0
2014-09-18,285.0,288.0,280.0,282.0,0.0,6925,1962927.0
2014-09-17,285.0,290.0,281.0,285.0,0.0,8288,2363514.0
2014-09-16,289.0,292.0,284.0,285.0,0.0,14342,4127915.0
2014-09-15,295.0,295.0,285.0,289.0,0.0,8593,2496745.0
2014-09-14,294.0,295.0,281.0,295.0,0.0,8866,2541791.0
2014-09-11,292.0,300.0,282.0,294.0,0.0,18762,5428917.0
2014-09-10,302.0,314.0,287.0,292.0,0.0,24239,7318029.0
2014-09-09,275.0,302.0,275.0,302.0,0.0,10197,3000902.0
2014-09-07,295.0,296.0,270.0,275.0,0.0,18002,5019283.0
2014-09-04,301.0,305.0,288.0,295.0,0.0,21562,6371218.0
2014-09-03,302.0,310.0,297.0,301.0,0.0,19163,5813435.0
2014-09-01,306.0,309.0,297.0,302.0,0.0,9771,2939887.0
2014-08-31,322.0,320.0,298.0,306.0,0.0,22503,6900913.0
2014-08-28,315.0,322.0,311.0,322.0,0.0,27336,8633124.0
2014-08-27,300.0,320.0,306.0,315.0,0.0,20282,6346578.0
2014-08-26,304.0,327.0,300.0,300.0,0.0,13485,4173405.0
2014-08-25,315.0,310.0,296.0,304.0,0.0,18445,5583055.0
2014-08-24,325.0,326.0,310.0,315.0,0.0,10161,3225487.0
2014-08-21,315.0,325.0,300.0,325.0,0.0,20477,6443973.0
2014-08-20,325.0,325.0,312.0,315.0,0.0,10831,3420412.0
2014-08-19,318.0,332.0,318.0,325.0,0.0,18825,6131712.0
2014-08-18,330.0,330.0,311.0,318.0,0.0,13306,4259491.0
2014-08-14,330.0,335.0,324.0,330.0,0.0,10462,3453121.0
2014-08-13,329.0,340.0,315.0,330.0,0.0,19453,6356155.0
2014-08-12,338.0,334.0,326.0,329.0,0.0,4335,1431771.0
2014-08-07,336.0,349.0,326.0,338.0,0.0,23218,7791096.0
2014-08-06,346.0,346.0,331.0,336.0,0.0,16391,5530666.0
2014-08-05,339.0,346.0,335.0,346.0,0.0,18455,6304970.0
2014-08-04,343.0,347.0,335.0,339.0,0.0,20964,7139237.0
2014-08-03,354.0,352.0,340.0,343.0,0.0,11652,4039356.0
2014-07-31,352.0,358.0,348.0,354.0,0.0,21923,7729198.0
2014-07-30,355.0,360.0,345.0,352.0,0.0,26602,9351710.0
2014-07-28,364.0,365.0,350.0,355.0,0.0,8857,3151361.0
2014-07-27,370.0,371.0,357.0,364.0,0.0,16924,6136455.0
2014-07-24,370.0,375.0,366.0,370.0,0.0,29450,10895335.0
2014-07-23,364.0,372.0,354.0,370.0,0.0,31024,11353450.0
2014-07-22,360.0,364.0,351.0,364.0,0.0,29289,10406807.0
2014-07-21,349.0,382.0,349.0,360.0,0.0,39296,14169286.0
2014-07-20,340.0,351.0,340.0,349.0,0.0,40194,13960644.0
2014-07-17,331.0,340.0,328.0,340.0,0.0,20556,6898570.0
2014-07-16,329.0,340.0,328.0,331.0,0.0,22560,7535735.0
2014-07-15,332.0,334.0,324.0,329.0,0.0,22616,7433477.0
2014-07-14,340.0,342.0,328.0,332.0,0.0,18449,6187381.0
2014-07-13,335.0,358.0,335.0,340.0,0.0,48036,16464867.0
2014-07-10,326.0,340.0,320.0,335.0,0.0,17900,5884010.0
2014-07-09,332.0,333.0,326.0,326.0,0.0,22179,7303807.0
2014-07-08,327.0,339.0,324.0,332.0,0.0,29840,9919199.0
2014-07-07,319.0,329.0,314.0,327.0,0.0,40097,12988091.0
2014-07-06,316.0,320.0,310.0,319.0,0.0,35908,11345629.0
2014-07-03,316.0,320.0,312.0,316.0,0.0,23235,7336948.0
2014-07-02,317.0,317.0,312.0,316.0,0.0,28593,9006144.0
2014-07-01,318.0,320.0,310.0,317.0,0.0,18947,5986501.0
2014-06-30,320.0,319.0,314.0,318.0,0.0,26483,8355000.0
2014-06-29,320.0,326.0,315.0,320.0,0.0,28891,9244631.0
2014-06-26,311.0,326.0,307.0,320.0,0.0,34601,10866630.0
2014-06-25,314.0,320.0,310.0,311.0,0.0,27323,8588877.0
2014-06-24,310.0,325.0,298.0,314.0,0.0,28200,8757127.0
2014-06-23,308.0,314.0,303.0,310.0,0.0,19638,6001845.0
2014-06-19,323.0,320.0,308.0,308.0,0.0,38719,12111033.0
2014-06-18,336.0,338.0,320.0,323.0,0.0,34780,11519897.0
2014-06-17,334.0,348.0,322.0,336.0,0.0,71650,23957894.0
2014-06-16,325.0,352.0,319.0,334.0,0.0,86587,29132348.0
2014-06-15,296.0,325.0,292.0,325.0,0.0,103028,31961850.0
2014-06-12,282.0,296.0,280.0,296.0,0.0,69819,20037660.0
2014-06-11,276.0,286.0,274.0,282.0,0.0,50258,14116838.0
2014-06-10,274.0,278.0,269.0,276.0,0.0,75947,20767540.0
2014-06-09,280.0,280.0,270.0,274.0,0.0,119894,32920286.0
2014-06-08,0.0,284.0,260.0,280.0,0.0,98049,27306808.0
