date,open,high,low,ltp,percent_change,qty,turnover
2023-03-12,688.1,694.0,650.0,666.0,-4.86,1247,835527.2
2023-03-09,661.0,700.0,661.0,700.0,4.79,1304,890126.9
2023-03-07,660.0,673.0,660.0,668.0,0.75,1323,881474.0
2023-03-05,676.1,676.1,663.0,663.0,-1.19,1481,987797.0
2023-03-02,666.0,674.0,665.5,671.0,0.3,3459,2303254.7
2023-03-01,663.0,674.0,663.0,669.0,1.06,2022,1346722.3
2023-02-28,650.2,670.0,650.0,662.0,0.3,877,577789.5
2023-02-27,661.1,666.0,653.0,660.0,0.0,1641,1080757.0
2023-02-26,661.5,672.0,651.0,660.0,-2.21,3567,2369353.7
2023-02-23,670.0,674.9,669.0,674.9,-1.19,1853,1242954.2
2023-02-22,676.0,689.0,675.0,683.0,-0.15,2564,1753280.1
2023-02-20,700.0,700.0,682.0,684.0,-0.73,1101,758692.6
2023-02-16,688.1,699.0,684.0,689.0,0.0,3625,2493385.4
2023-02-15,701.0,701.0,689.0,689.0,0.15,2201,1526174.0
2023-02-14,691.0,705.9,688.0,688.0,-0.43,8156,5693150.6
2023-02-12,705.0,725.0,686.0,691.0,-2.89,6724,4742602.8
2023-02-09,798.0,805.0,784.0,799.8,0.23,9228,7327459.9
2023-02-08,810.0,812.0,790.0,798.0,0.39,5410,4311629.0
2023-02-07,763.9,795.0,763.9,794.9,4.59,5673,4403976.2
2023-02-06,759.0,764.0,752.4,760.0,1.02,2613,1989070.3
2023-02-05,750.0,765.0,746.0,752.3,-0.96,4019,3034059.2
2023-02-02,755.0,760.0,736.2,759.6,1.28,5817,4344964.8
2023-02-01,763.7,770.1,749.1,750.0,-3.72,9161,6922325.4
2023-01-31,800.0,825.0,770.2,779.0,-4.3,4035,3171522.1
2023-01-30,855.1,855.1,799.0,814.0,-6.44,8467,6956684.8
2023-01-29,928.2,930.0,870.0,870.0,-4.4,15844,14023380.6
2023-01-26,887.4,957.0,887.4,910.0,4.6,17264,16088385.6
2022-07-13,857.0,870.0,840.0,870.0,3.45,1909,1637849.4
2022-07-12,823.2,848.0,807.1,841.0,0.12,2806,2343637.2
2022-07-11,843.0,846.0,827.2,840.0,-2.33,2054,1717634.2
2022-07-08,846.0,860.0,840.0,860.0,1.75,799,679111.5
2022-07-07,870.0,875.0,845.2,845.2,-1.26,1136,974485.1
2022-07-06,851.0,875.0,835.0,856.0,0.12,2137,1817043.1
2022-07-05,887.4,887.4,855.0,855.0,-1.72,1638,1411562.0
2022-07-04,900.0,918.0,870.0,870.0,-1.84,6038,5398360.3
2022-07-03,870.0,886.3,837.0,886.3,3.81,1451,1261171.5
2022-07-01,830.0,855.0,830.0,853.8,2.26,1921,1630704.8
2022-06-30,788.0,836.0,788.0,834.9,7.85,3912,3199869.0
2022-06-29,765.0,774.1,758.0,774.1,2.8,850,650408.0
2022-06-28,740.0,754.0,735.0,753.0,-0.26,532,395916.0
2022-06-27,750.0,770.0,745.0,755.0,-0.66,2405,1829291.0
2022-06-26,738.0,765.0,737.0,760.0,4.97,2644,1989879.6
2022-06-24,700.0,724.9,686.0,724.0,3.43,1259,882307.0
2022-06-23,720.0,720.0,696.0,700.0,-3.91,2322,1641650.1
2022-06-22,740.1,740.1,728.0,728.5,-2.87,1027,752625.5
2022-06-21,730.0,750.0,730.0,750.0,1.9,768,568563.5
2022-06-20,763.0,772.9,720.0,736.0,-4.79,5495,4126221.0
2022-06-19,770.0,800.7,770.0,773.0,-0.9,1391,1098920.2
2022-06-17,788.0,788.0,780.0,780.0,-0.89,566,444464.1
2022-06-16,770.3,801.0,770.3,787.0,0.13,748,591845.0
2022-06-15,805.8,805.8,768.1,786.0,-0.51,2031,1579007.1
2022-06-14,828.1,828.1,780.3,790.0,-6.51,3701,2926859.4
2022-06-13,861.9,861.9,801.0,845.0,0.0,1184,967110.9
2022-06-10,848.0,848.0,776.6,845.0,-1.52,822,682048.0
2022-06-09,882.3,882.3,846.0,858.0,-0.81,889,764125.5
2022-06-08,795.0,868.0,792.0,865.0,8.81,4092,3331126.0
2022-06-07,795.0,800.0,795.0,795.0,-1.85,587,466852.2
2022-06-06,801.0,815.0,768.4,810.0,-0.61,1801,1406807.2
2022-06-03,825.0,829.5,815.0,815.0,-2.86,855,701594.0
2022-06-02,839.9,839.9,795.2,839.0,1.08,1666,1350774.0
2022-06-01,845.0,851.0,830.0,830.0,-1.96,1555,1303178.2
2022-05-31,885.0,885.0,830.0,846.6,-4.34,4368,3686419.9
2022-05-30,895.8,928.2,885.0,885.0,-3.17,1610,1436517.5
2022-05-27,900.0,930.0,900.0,914.0,0.11,844,774339.0
2022-05-26,921.0,930.0,895.1,913.0,1.11,1347,1227567.2
2022-05-25,911.0,925.0,902.0,903.0,-0.77,649,591191.7
2022-05-24,925.0,928.0,878.0,910.0,-2.26,2998,2709602.5
2022-05-23,975.0,975.0,930.0,931.0,-2.72,2084,1992159.4
2022-05-20,970.0,970.0,956.5,957.0,-0.63,832,798075.0
2022-05-19,990.0,995.5,961.3,963.1,-1.32,907,881706.2
2022-05-18,965.3,984.0,946.2,976.0,-0.91,1868,1799563.0
2022-05-17,1030.0,1030.0,981.0,985.0,-5.74,2146,2151937.8
2022-05-12,1064.0,1085.0,1030.0,1045.0,0.16,1565,1653153.0
2022-05-11,985.0,1043.4,985.0,1043.3,6.24,5194,5367819.9
2022-05-10,988.0,1004.0,961.0,982.0,1.34,870,853532.0
2022-05-09,949.0,984.3,949.0,969.0,2.11,1038,1005819.1
2022-05-08,949.0,966.0,931.0,949.0,-1.71,2539,2394369.0
2022-05-05,965.0,975.0,962.0,965.5,-1.08,1454,1404090.8
2022-05-04,1000.0,1018.0,976.0,976.0,-4.31,2970,2921050.2
2022-05-02,1085.0,1085.0,1010.0,1020.0,-5.48,4364,4516270.8
2022-04-28,1326.0,1333.9,1295.0,1295.0,-1.22,16276,21205571.1
2022-04-27,1313.0,1315.0,1290.1,1311.0,0.85,1708,2229635.0
2022-04-26,1335.0,1337.0,1297.0,1300.0,-1.44,2830,3697020.8
2022-04-25,1356.0,1356.0,1303.4,1319.0,-0.83,3239,4277102.1
2022-04-24,1280.0,1330.0,1275.0,1330.0,3.91,4754,6246895.0
2022-04-21,1300.5,1300.5,1255.0,1280.0,0.39,11902,15099819.9
2022-04-20,1290.0,1315.0,1239.8,1275.0,0.79,6126,7719027.7
2022-04-19,1275.0,1275.0,1250.0,1265.0,1.18,2633,3318665.0
2022-04-18,1272.0,1285.0,1245.0,1250.2,-3.09,2677,3379985.0
2022-04-17,1306.0,1310.0,1290.0,1290.0,-1.23,887,1153445.0
2022-04-13,1280.1,1306.0,1261.0,1306.0,2.35,744,961128.0
2022-04-12,1275.0,1290.0,1275.0,1276.0,-1.85,846,1081620.0
2022-04-11,1312.0,1316.1,1290.0,1300.0,-0.76,2129,2761583.7
2022-04-07,1305.0,1323.0,1305.0,1310.0,0.38,2837,3737320.8
2022-04-06,1335.0,1344.0,1305.0,1305.0,-1.66,2007,2649707.0
2022-04-05,1356.0,1356.0,1315.0,1327.0,-2.21,5794,7705924.0
2022-04-04,1390.0,1395.0,1357.0,1357.0,-1.09,2540,3488725.0
2022-04-03,1400.0,1404.0,1372.0,1372.0,-2.7,4260,5897339.3
2022-03-31,1429.0,1429.0,1389.5,1410.0,0.57,7647,10705678.3
2022-03-30,1350.0,1402.0,1350.0,1402.0,2.71,2563,3545902.7
2022-03-29,1380.0,1380.0,1350.0,1365.0,-2.6,4030,5502896.0
2022-03-28,1430.0,1449.0,1401.5,1401.5,-1.86,11851,16891825.8
2022-03-27,1433.0,1495.0,1426.1,1428.0,1.64,26597,38752484.9
2022-03-24,1390.0,1413.0,1390.0,1405.0,0.72,4621,6485338.0
2022-03-23,1400.0,1400.0,1387.0,1395.0,-0.64,1790,2491365.9
2022-03-22,1405.0,1410.0,1399.0,1404.0,0.29,3691,5190865.4
2022-03-21,1417.0,1420.0,1376.0,1400.0,-1.34,10037,13947425.2
2022-03-20,1412.0,1440.0,1406.0,1419.0,-0.42,33206,46962794.9
2022-03-16,1384.8,1425.0,1380.0,1425.0,0.85,10967,15371147.1
2022-03-15,1328.0,1413.0,1322.1,1413.0,6.64,15716,21217121.1
2022-03-14,1319.0,1325.0,1300.0,1325.0,1.22,1926,2539944.1
2022-03-13,1298.4,1309.0,1280.0,1309.0,2.83,2803,3651552.3
2022-03-10,1248.0,1273.0,1240.0,1273.0,2.0,3036,3811463.3
2022-03-09,1262.0,1270.0,1242.0,1248.0,-1.03,1998,2496416.7
2022-03-07,1268.0,1275.0,1261.0,1261.0,-0.55,1326,1676578.6
2022-03-06,1260.1,1275.0,1260.0,1268.0,0.71,1892,2402875.5
2022-03-02,1308.0,1308.0,1250.0,1259.0,-1.87,7330,9323902.1
2022-02-28,1325.0,1325.0,1276.2,1283.0,-2.36,5542,7146810.9
2022-02-27,1326.0,1349.0,1285.0,1314.0,1.08,7799,10254893.2
2022-02-24,1317.2,1340.0,1300.0,1300.0,-3.27,10051,13157733.4
2022-02-23,1347.0,1360.0,1320.0,1344.0,0.52,7345,9802063.4
2022-02-22,1296.1,1345.0,1296.1,1337.0,3.64,8830,11729198.6
2022-02-21,1326.0,1326.0,1276.0,1290.0,-0.77,1018,1319242.9
2022-02-20,1292.7,1300.5,1270.0,1300.0,-1.44,6078,7846208.5
2022-02-17,1330.0,1330.0,1294.0,1319.0,-0.08,2517,3308288.2
2022-02-16,1309.0,1350.0,1286.1,1320.0,2.72,6164,8101615.1
2022-02-15,1315.0,1315.0,1285.0,1285.0,-0.39,2962,3817590.6
2022-02-14,1300.0,1309.9,1288.0,1290.0,-0.15,3069,3981528.0
2022-02-13,1319.0,1319.0,1292.0,1292.0,-3.95,3159,4101393.0
2022-02-10,1360.0,1360.0,1333.0,1345.1,-2.88,1423,1911670.0
2022-02-09,1371.0,1387.0,1355.0,1385.0,-0.22,4206,5730832.0
2022-02-08,1400.0,1400.0,1370.0,1388.0,-0.14,6346,8794231.5
2022-02-07,1345.0,1393.9,1345.0,1390.0,1.46,6403,8865256.9
2022-02-06,1360.0,1390.0,1345.0,1370.0,-0.72,5818,7921531.0
2022-02-03,1380.0,1396.0,1373.0,1380.0,0.73,3963,5481294.1
2022-02-01,1365.0,1370.0,1355.0,1370.0,0.37,1799,2450535.0
2022-01-31,1335.0,1365.0,1333.0,1365.0,1.11,3344,4525275.1
2022-01-30,1333.1,1382.0,1330.0,1350.0,3.29,3505,4755079.8
2022-01-27,1320.0,1343.9,1304.0,1307.0,0.38,2798,3677178.5
2022-01-26,1316.0,1316.0,1287.0,1302.0,-2.18,5490,7138702.6
2022-01-25,1316.0,1352.9,1316.0,1331.0,-0.75,3692,4926948.0
2022-01-24,1376.0,1380.0,1336.0,1341.0,-4.15,6688,9054398.5
2022-01-23,1408.0,1410.0,1390.0,1399.0,1.01,4710,6577949.6
2022-01-20,1351.0,1389.9,1350.2,1385.0,1.47,2571,3527951.5
2022-01-19,1372.4,1400.0,1362.0,1365.0,-0.54,3832,5290755.0
2022-01-18,1395.0,1419.9,1372.4,1372.4,-3.35,3705,5174797.9
2022-01-17,1405.0,1464.7,1380.0,1420.0,1.04,10745,15362127.1
2022-01-16,1404.0,1425.0,1391.0,1405.4,2.06,4495,6312337.3
2022-01-13,1395.0,1410.0,1367.1,1377.1,0.44,3448,4798956.6
2022-01-12,1374.0,1425.0,1370.0,1371.0,-2.21,8020,11124600.0
2022-01-11,1370.0,1425.0,1370.0,1402.0,1.96,18949,26480504.3
2022-01-10,1340.0,1389.0,1333.0,1375.0,3.15,13349,18276110.4
2022-01-09,1305.0,1383.7,1290.1,1333.0,4.14,5437,7259435.8
2022-01-06,1242.0,1290.0,1242.0,1280.0,1.11,2428,3086721.3
2022-01-05,1305.0,1305.0,1266.0,1266.0,-2.99,3279,4207784.9
2022-01-04,1312.0,1322.0,1286.0,1305.0,0.61,5439,7128921.4
2022-01-03,1289.9,1300.0,1271.0,1297.1,1.97,14583,18662766.9
2022-01-02,1210.1,1280.0,1206.0,1272.0,3.84,6318,7933511.1
2021-12-29,1211.0,1227.0,1202.0,1225.0,1.16,2188,2663576.4
2021-12-28,1197.0,1243.0,1175.0,1211.0,-0.83,5393,6452555.8
2021-12-27,1270.0,1280.0,1221.1,1221.1,-4.22,6754,8458037.5
2021-12-26,1180.0,1282.0,1180.0,1274.9,8.59,13566,16990090.3
2021-12-23,1195.0,1195.0,1136.8,1174.0,-0.09,5079,5924512.6
2021-12-22,1079.0,1175.0,1070.1,1175.0,9.92,4422,4909252.1
2021-12-21,1040.0,1080.0,1040.0,1069.0,0.85,1518,1606297.3
2021-12-20,1085.0,1085.0,1023.0,1060.0,-4.17,2169,2285283.1
2021-12-16,1070.1,1197.6,1060.0,1106.1,1.59,2423,2675809.5
2021-12-15,1100.0,1156.0,1088.8,1088.8,-0.17,2227,2455637.8
2021-12-14,1015.0,1090.6,1015.0,1090.6,6.09,890,933957.0
2021-12-13,1090.0,1090.0,1008.0,1028.0,-5.17,2578,2657697.9
2021-12-12,1105.0,1117.0,1084.0,1084.0,-4.91,1933,2125301.0
2021-12-09,1140.0,1140.0,1105.0,1140.0,0.0,1543,1724032.5
2021-12-08,1175.0,1175.0,1140.0,1140.0,-3.08,1505,1731559.5
2021-12-07,1199.9,1223.0,1176.2,1176.2,-0.32,688,827123.0
2021-12-06,1180.0,1200.0,1176.0,1180.0,0.0,5974,7052043.0
2021-12-05,1200.0,1200.0,1178.0,1180.0,-0.84,6123,7229603.0
2021-12-02,1198.0,1200.0,1186.0,1190.0,-0.83,3730,4452805.0
2021-12-01,1199.0,1247.3,1199.0,1200.0,0.08,1284,1552036.5
2021-11-30,1200.0,1200.0,1181.5,1199.0,-0.08,2077,2469663.0
2021-11-29,1185.0,1215.0,1162.0,1200.0,-0.74,2477,2961763.0
2021-11-28,1220.0,1220.0,1195.6,1209.0,-2.74,2623,3171876.7
2021-11-25,1250.0,1250.0,1242.0,1243.0,-1.74,1425,1772946.0
2021-11-24,1226.0,1269.0,1226.0,1265.0,1.18,1893,2359800.0
2021-11-23,1250.0,1264.0,1250.0,1250.2,-1.56,1364,1710002.5
2021-11-22,1285.0,1300.0,1260.0,1270.0,0.79,1661,2128365.0
2021-11-21,1265.0,1290.0,1250.1,1260.0,-1.18,1694,2138521.4
2021-11-18,1260.0,1290.0,1260.0,1275.0,-0.78,2469,3151692.2
2021-11-17,1330.0,1330.0,1285.0,1285.0,-1.91,4065,5279403.2
2021-11-16,1280.0,1319.0,1250.0,1310.0,0.77,3332,4286574.0
2021-11-15,1301.5,1305.0,1280.0,1300.0,1.88,1897,2461987.0
2021-11-14,1282.0,1296.0,1275.0,1276.0,-0.47,1991,2542408.0
2021-11-11,1274.0,1299.0,1260.0,1282.0,-1.38,2633,3376746.0
2021-11-09,1330.0,1330.0,1292.0,1300.0,-3.1,1805,2352427.8
2021-11-08,1360.0,1370.0,1341.6,1341.6,-1.93,967,1311178.6
2021-11-03,1352.0,1370.0,1342.6,1368.0,-0.15,2711,3662347.7
2021-11-02,1349.0,1382.1,1348.0,1370.0,0.74,3797,5202623.0
2021-11-01,1400.0,1420.0,1355.0,1360.0,-1.23,9065,12542570.9
2021-10-31,1333.9,1377.0,1311.0,1377.0,3.23,5370,7254995.0
2021-10-28,1341.0,1351.0,1320.0,1333.9,-0.97,2831,3771751.0
2021-10-27,1329.0,1363.7,1329.0,1347.0,1.43,3766,5084702.1
2021-10-26,1324.0,1330.0,1299.0,1328.0,2.23,6197,8167453.0
2021-10-25,1280.0,1300.0,1270.0,1299.0,3.26,2408,3081976.1
2021-10-24,1265.0,1269.0,1253.0,1258.0,-0.72,2192,2754315.0
2021-10-21,1255.0,1290.0,1255.0,1267.1,-0.31,1765,2239480.0
2021-10-20,1245.0,1271.0,1221.1,1271.0,3.76,1706,2147792.9
2021-10-19,1266.2,1267.0,1225.0,1225.0,-3.25,3698,4641778.0
2021-10-18,1290.0,1300.0,1266.1,1266.2,-2.22,5221,6722662.1
2021-10-17,1295.0,1319.0,1293.6,1295.0,-1.89,3325,4311363.4
2021-10-11,1321.0,1325.0,1300.0,1320.0,0.08,7204,9503813.0
2021-10-10,1303.0,1350.0,1281.0,1319.0,3.21,3415,4500383.0
2021-10-06,1244.0,1280.0,1243.0,1278.0,4.75,2841,3588533.0
2021-10-05,1205.0,1229.9,1201.0,1220.0,3.13,2073,2512905.0
2021-10-04,1178.0,1198.9,1167.0,1183.0,0.51,3944,4676786.1
2021-10-03,1152.0,1189.9,1152.0,1177.0,0.17,2276,2684235.1
2021-09-30,1200.0,1207.0,1174.0,1175.0,-0.84,4527,5371937.0
2021-09-29,1200.0,1200.0,1170.0,1185.0,0.68,2860,3382522.0
2021-09-28,1174.1,1218.9,1160.1,1177.0,-1.59,5931,6984901.5
2021-09-27,1220.0,1221.0,1196.0,1196.0,-3.08,4895,5907608.5
2021-09-26,1250.0,1260.0,1230.0,1234.0,-3.22,4800,5949618.0
2021-09-23,1306.0,1306.0,1270.0,1275.0,-0.55,2967,3806363.0
2021-09-22,1250.0,1284.0,1250.0,1282.0,3.71,3905,4952281.7
2021-09-21,1215.0,1266.0,1167.0,1236.1,1.49,9361,11483745.1
2021-09-20,1255.1,1264.0,1218.0,1218.0,-4.84,13030,16174210.6
2021-09-16,1296.0,1300.0,1274.0,1280.0,-3.18,10290,13223444.2
2021-09-15,1335.0,1338.9,1301.0,1322.0,-1.34,6823,8963529.7
2021-09-14,1380.0,1380.0,1335.0,1340.0,-1.11,5681,7653067.0
2021-09-13,1345.0,1377.0,1325.0,1355.0,1.12,4072,5509955.0
2021-09-12,1312.0,1376.0,1312.0,1340.0,1.13,2973,3985253.0
2021-09-09,1356.0,1356.0,1322.0,1325.0,-0.38,5402,7174329.0
2021-09-08,1356.0,1377.0,1330.0,1330.0,-3.06,3967,5341368.0
2021-09-07,1375.0,1402.0,1350.0,1372.0,-0.22,3532,4867710.0
2021-09-06,1354.0,1382.0,1332.0,1375.0,3.38,9930,13460350.0
2021-09-05,1360.0,1360.0,1291.0,1330.0,-2.93,9473,12570301.9
2021-09-02,1425.0,1425.0,1365.0,1370.1,-2.48,7719,10720418.9
2021-09-01,1425.0,1425.0,1386.7,1405.0,0.29,11002,15367577.3
2021-08-31,1425.0,1425.0,1362.2,1401.0,-2.78,12277,17145694.6
2021-08-29,1460.0,1513.0,1440.0,1441.1,-2.69,10406,15243698.0
2021-08-26,1491.0,1515.0,1460.3,1481.0,-0.61,8404,12426673.5
2021-08-25,1550.0,1550.0,1490.0,1490.1,-2.73,11307,17027749.1
2021-08-24,1521.0,1590.0,1521.0,1532.0,2.68,29980,46660814.1
2021-08-19,1450.0,1555.0,1450.0,1492.0,3.6,25132,37909704.0
2021-08-18,1442.0,1468.0,1426.1,1440.1,-0.87,10181,14726876.6
2021-08-17,1462.1,1467.0,1451.1,1452.8,-1.64,4802,7001797.1
2021-08-16,1485.0,1500.0,1470.0,1477.0,0.68,8301,12337412.7
2021-08-15,1467.0,1491.0,1425.0,1467.0,1.95,15184,22090875.0
2021-08-12,1471.0,1471.9,1432.0,1439.0,-0.28,13810,19983666.9
2021-08-11,1470.0,1480.0,1443.0,1443.0,-1.64,7173,10515467.0
2021-08-10,1460.0,1489.0,1460.0,1467.0,0.48,7143,10511692.5
2021-08-09,1450.0,1478.0,1430.0,1460.0,1.46,6627,9604347.7
2021-08-08,1442.1,1450.0,1438.0,1439.0,-2.11,7546,10891006.5
2021-08-05,1511.0,1511.0,1470.0,1470.0,-0.81,4421,6552379.2
2021-08-04,1500.0,1503.0,1482.0,1482.0,-1.54,4902,7317151.5
2021-08-03,1515.0,1515.0,1490.0,1505.2,-1.04,4765,7172562.5
2021-08-02,1495.0,1521.0,1491.0,1521.0,0.07,10778,16264618.4
2021-08-01,1530.0,1530.0,1496.0,1520.0,-0.65,5089,7672875.0
2021-07-29,1525.0,1540.0,1525.0,1530.0,0.39,14843,22721444.0
2021-07-28,1466.0,1530.0,1466.0,1524.0,4.03,12417,18816427.7
2021-07-27,1452.0,1474.0,1452.0,1465.0,0.9,9183,13424129.9
2021-07-26,1444.0,1459.0,1444.0,1452.0,0.62,4933,7166326.9
2021-07-25,1460.0,1460.0,1427.0,1443.0,-0.48,6917,9973561.5
2021-07-22,1437.0,1462.0,1437.0,1450.0,1.12,6635,9637758.0
2021-07-20,1420.0,1445.0,1415.0,1434.0,0.56,6454,9218188.0
2021-07-19,1420.0,1445.0,1420.0,1426.0,1.78,8780,12595565.0
2021-07-18,1355.0,1410.0,1355.0,1401.0,4.24,8657,12070330.0
2021-07-15,1350.0,1355.0,1342.0,1344.0,-0.22,3782,5101251.0
2021-07-14,1355.0,1381.0,1335.0,1347.0,-0.59,3592,4851976.0
2021-07-13,1335.0,1377.0,1335.0,1355.0,1.12,2528,3438414.0
2021-07-12,1371.0,1375.0,1335.0,1340.0,-2.19,9451,12762007.0
2021-07-11,1322.0,1375.0,1321.0,1370.0,3.95,5085,6869980.0
2021-07-08,1320.0,1320.0,1311.0,1318.0,0.23,4875,6413631.0
2021-07-07,1330.0,1343.0,1313.0,1315.0,-0.75,4925,6519255.0
2021-07-06,1320.0,1338.0,1320.0,1325.0,-1.12,6801,9012167.0
2021-07-05,1358.0,1358.0,1325.0,1340.0,-1.33,5604,7489714.0
2021-07-04,1390.0,1392.0,1355.0,1358.0,-1.81,4425,6051345.0
2021-07-01,1428.0,1440.0,1380.0,1383.0,-1.21,12440,17344145.0
2021-06-30,1570.0,1574.0,1535.0,1554.0,0.58,26558,41254758.0
2021-06-29,1580.0,1584.0,1539.0,1545.0,-1.47,9274,14477872.0
2021-06-28,1589.0,1592.0,1565.0,1568.0,-0.95,6006,9472336.0
2021-06-27,1600.0,1615.0,1579.0,1583.0,-0.63,9640,15308957.0
2021-06-24,1676.0,1676.0,1590.0,1593.0,-0.25,6688,10691752.0
2021-06-23,1611.0,1643.0,1590.0,1597.0,1.08,11572,18603835.0
2021-06-22,1565.0,1580.0,1544.0,1580.0,1.94,10564,16527310.0
2021-06-21,1585.0,1599.0,1550.0,1550.0,-2.21,9043,14142640.0
2021-06-20,1630.0,1630.0,1584.0,1585.0,-1.0,10185,16283554.0
2021-06-17,1630.0,1630.0,1585.0,1601.0,0.13,9618,15434312.0
2021-06-16,1607.0,1630.0,1597.0,1599.0,-0.5,13862,22273028.0
2021-06-15,1621.0,1625.0,1605.0,1607.0,-0.37,13767,22219779.0
2021-06-14,1620.0,1624.0,1609.0,1613.0,-0.19,11236,18127997.0
2021-06-13,1635.0,1635.0,1600.0,1616.0,-0.86,12657,20456178.0
2021-06-10,1735.0,1735.0,1626.0,1630.0,-1.51,12368,20286344.0
2021-06-09,1735.0,1735.0,1637.0,1655.0,0.0,14712,24581262.0
2021-06-08,1595.0,1665.0,1588.0,1655.0,3.76,29631,48093286.0
2021-06-07,1640.0,1640.0,1588.0,1595.0,-1.12,24563,39259388.0
2021-06-06,1634.0,1640.0,1608.0,1613.0,-0.55,10974,17733031.0
2021-06-03,1650.0,1650.0,1617.0,1622.0,-0.12,11676,18961756.0
2021-06-02,1617.0,1645.0,1610.0,1624.0,0.43,8456,13725530.0
2021-06-01,1640.0,1640.0,1600.0,1617.0,-1.34,14140,22859467.0
2021-05-31,1667.0,1667.0,1632.0,1639.0,-1.21,9803,16151752.0
2021-05-30,1690.0,1690.0,1652.0,1659.0,-0.18,24146,40131561.0
2021-05-27,1652.0,1682.0,1625.0,1662.0,-1.25,17459,28942275.0
2021-05-25,1685.0,1690.0,1660.0,1683.0,0.78,16644,27896189.0
2021-05-24,1665.0,1690.0,1661.0,1670.0,0.12,11824,19780917.0
2021-05-23,1650.0,1680.0,1627.0,1668.0,-0.71,22721,37747862.0
2021-05-20,1750.0,1750.0,1658.0,1680.0,-1.47,30115,50632520.0
2021-05-19,1770.0,1775.0,1681.0,1705.0,-4.05,130492,223578940.0
2021-05-18,1776.0,1789.0,1755.0,1777.0,0.68,17856,31560755.0
2021-05-17,1821.0,1821.0,1740.0,1765.0,1.73,18494,32534972.0
2021-05-16,1710.0,1744.0,1705.0,1735.0,2.72,23966,41528630.0
2021-05-13,1710.0,1710.0,1685.0,1689.0,0.54,10151,17187182.0
2021-05-12,1672.0,1698.0,1664.0,1680.0,0.66,7835,13198145.0
2021-05-11,1683.0,1685.0,1665.0,1669.0,1.15,6039,10117313.0
2021-05-10,1640.0,1660.0,1630.0,1650.0,0.61,7613,12557904.0
2021-05-09,1640.0,1660.0,1640.0,1640.0,-1.86,7792,12834266.0
2021-05-06,1700.0,1710.0,1666.0,1671.0,-1.71,8794,14714796.0
2021-05-05,1660.0,1730.0,1660.0,1700.0,2.1,21522,36518874.0
2021-05-04,1720.0,1720.0,1645.0,1665.0,-0.3,6119,10189090.0
2021-05-03,1670.0,1705.0,1664.0,1670.0,0.36,12833,21674466.0
2021-05-02,1635.0,1669.0,1615.0,1664.0,3.16,12082,19924722.0
2021-04-29,1590.0,1615.0,1590.0,1613.0,1.19,8353,13383145.0
2021-04-28,1590.0,1626.0,1568.0,1594.0,0.38,10077,16186797.0
2021-04-27,1520.0,1600.0,1510.0,1588.0,4.47,13202,20661775.0
2021-04-26,1580.0,1580.0,1510.0,1520.0,-3.8,16431,25248790.0
2021-04-25,1620.0,1645.0,1565.0,1580.0,-4.3,16809,26847483.0
2021-04-22,1640.0,1654.0,1630.0,1651.0,-0.42,6951,11402160.0
2021-04-21,1695.0,1700.0,1650.0,1658.0,-1.19,13199,21938853.0
2021-04-20,1677.0,1699.0,1660.0,1678.0,0.06,10207,17077540.0
2021-04-19,1700.0,1706.0,1676.0,1677.0,-1.64,15171,25648793.0
2021-04-18,1732.0,1750.0,1696.0,1705.0,-0.58,12197,20866206.0
2021-04-15,1738.0,1744.0,1714.0,1715.0,-0.29,12654,21866070.0
2021-04-13,1720.0,1730.0,1703.0,1720.0,0.88,19130,32821607.0
2021-04-12,1702.0,1715.0,1690.0,1705.0,0.18,15625,26599920.0
2021-04-08,1704.0,1724.0,1695.0,1702.0,0.0,22339,38093966.0
2021-04-07,1777.0,1777.0,1702.0,1702.0,-2.52,16780,28968715.0
2021-04-06,1780.0,1798.0,1720.0,1746.0,-2.24,27315,47962472.0
2021-04-05,1850.0,1890.0,1760.0,1786.0,-2.67,42729,76725897.0
2021-04-04,1750.0,1846.0,1700.0,1835.0,7.0,49856,87612374.0
2021-04-01,1700.0,1765.0,1700.0,1715.0,2.69,28707,49585368.0
2021-03-31,1601.0,1675.0,1601.0,1670.0,4.44,38619,63137977.0
2021-03-30,1600.0,1601.0,1586.0,1599.0,1.33,17198,27485312.0
2021-03-29,1580.0,1600.0,1575.0,1578.0,0.51,12096,19170057.0
2021-03-25,1530.0,1645.0,1530.0,1570.0,0.71,18903,30040174.0
2021-03-24,1584.0,1584.0,1556.0,1559.0,0.26,7213,11308772.0
2021-03-23,1555.0,1575.0,1540.0,1555.0,-0.96,7457,11638392.0
2021-03-22,1610.0,1630.0,1550.0,1570.0,-1.57,12241,19438461.0
2021-03-21,1510.0,1619.0,1501.0,1595.0,6.26,21585,33845250.0
2021-03-18,1494.0,1510.0,1486.0,1501.0,1.15,5714,8572823.0
2021-03-17,1470.0,1484.0,1465.0,1484.0,1.09,3703,5456618.0
2021-03-16,1480.0,1490.0,1440.0,1468.0,0.55,8018,11764735.0
2021-03-15,1460.0,1499.0,1417.0,1460.0,-1.88,5059,7440274.0
2021-03-14,1528.0,1529.0,1465.0,1488.0,-1.91,9874,14755240.0
2021-03-10,1560.0,1560.0,1515.0,1517.0,-2.76,8044,12343738.0
2021-03-09,1525.0,1570.0,1518.0,1560.0,0.97,15582,23975149.0
2021-03-07,1510.0,1615.0,1510.0,1545.0,0.85,15283,23848093.0
2021-03-04,1500.0,1543.0,1480.0,1532.0,2.82,22619,34426181.0
2021-03-03,1525.0,1525.0,1466.0,1490.0,-2.3,17599,26028855.0
2021-03-02,1598.0,1598.0,1525.0,1525.0,-3.42,21113,32800650.0
2021-03-01,1551.0,1599.0,1548.0,1579.0,0.0,18003,28363867.0
2021-02-28,1575.0,1600.0,1565.0,1579.0,0.64,32835,51787901.0
2021-02-25,1565.0,1600.0,1565.0,1569.0,0.58,43403,68664750.0
2021-02-24,1570.0,1598.0,1550.0,1560.0,1.3,21493,33811241.0
2021-02-23,1530.0,1549.0,1500.0,1540.0,-0.77,33245,50599192.0
2021-02-22,1540.0,1557.0,1520.0,1552.0,-0.51,20824,32055989.0
2021-02-21,1560.0,1577.0,1557.0,1560.0,-1.08,17794,27799514.0
2021-02-18,1570.0,1595.0,1542.0,1577.0,1.87,35037,55067598.0
2021-02-17,1550.0,1575.0,1547.0,1548.0,-1.71,23891,37158631.0
2021-02-16,1610.0,1650.0,1568.0,1575.0,-1.44,18976,30367737.0
2021-02-15,1540.0,1602.0,1538.0,1598.0,5.76,31316,49260759.0
2021-02-14,1505.0,1540.0,1487.0,1511.0,2.16,22770,34256581.0
2021-02-11,1495.0,1517.0,1479.0,1479.0,-0.74,17514,26148108.0
2021-02-10,1519.0,1519.0,1486.0,1490.0,-1.91,18555,27865781.0
2021-02-09,1545.0,1560.0,1500.0,1519.0,-1.68,16879,25683755.0
2021-02-08,1565.0,1621.0,1540.0,1545.0,0.52,32573,51126223.0
2021-02-07,1520.0,1550.0,1500.0,1537.0,3.09,33192,50475085.0
2021-02-04,1480.0,1518.0,1450.0,1491.0,0.74,22214,33115660.0
2021-02-03,1540.0,1540.0,1470.0,1480.0,-2.25,43079,64332860.0
2021-02-02,1510.0,1525.0,1470.0,1514.0,0.93,31536,47337898.0
2021-02-01,1536.0,1590.0,1490.0,1500.0,-1.25,54935,83456726.0
2021-01-31,1465.0,1536.0,1412.0,1519.0,8.73,97904,147147370.0
2021-01-28,1295.0,1397.0,1295.0,1397.0,10.0,28857,39734450.0
2021-01-27,1210.0,1289.0,1210.0,1270.0,5.05,34405,43079598.0
2021-01-26,1201.0,1250.0,1201.0,1209.0,-1.71,18419,22630428.0
2021-01-25,1310.0,1310.0,1210.0,1230.0,-1.44,24088,29691200.0
2021-01-24,1237.0,1295.0,1230.0,1248.0,2.72,36370,45665139.0
2021-01-21,1122.0,1220.0,1120.0,1215.0,8.48,29922,35282199.0
2021-01-20,1100.0,1136.0,1100.0,1120.0,0.0,12407,13912143.0
2021-01-19,1180.0,1180.0,1090.0,1120.0,-1.32,23722,26529483.0
2021-01-18,1121.0,1143.0,1121.0,1135.0,1.25,23420,26577758.0
2021-01-17,1140.0,1162.0,1100.0,1121.0,0.09,38994,43721945.0
2021-01-13,1154.0,1154.0,1110.0,1120.0,-1.32,20833,23444675.0
2021-01-12,1131.0,1176.0,1103.0,1135.0,2.34,28839,32477942.0
2021-01-11,1068.0,1110.0,1063.0,1109.0,5.32,51603,55956130.0
2021-01-10,1065.0,1082.0,1047.0,1053.0,0.48,20316,21436999.0
2021-01-07,1044.0,1060.0,1044.0,1048.0,1.75,26065,27416976.0
2021-01-06,971.0,1068.0,971.0,1030.0,0.78,15632,16212369.0
2021-01-05,1025.0,1035.0,1015.0,1022.0,-0.29,12155,12440054.0
2021-01-04,1013.0,1030.0,1000.0,1025.0,1.18,26342,26634068.0
2021-01-03,975.0,1053.0,975.0,1013.0,4.76,16287,16113250.0
2020-12-31,975.0,975.0,963.0,967.0,-0.31,6743,6524084.0
2020-12-30,970.0,975.0,956.0,970.0,0.0,4021,3894946.0
2020-12-29,975.0,984.0,955.0,970.0,-0.21,4680,4536390.0
2020-12-28,970.0,992.0,966.0,972.0,-0.1,5596,5455254.0
2020-12-27,991.0,1000.0,970.0,973.0,-1.72,10206,10019457.0
2020-12-24,989.0,993.0,972.0,990.0,0.1,5555,5445337.0
2020-12-23,1012.0,1032.0,986.0,989.0,-0.4,10760,10800123.0
2020-12-22,967.0,1000.0,948.0,993.0,4.64,15750,15587284.0
2020-12-21,928.0,964.0,910.0,949.0,1.06,10109,9462224.0
2020-12-20,990.0,990.0,939.0,939.0,-5.15,22120,21179687.0
2020-12-17,1010.0,1010.0,970.0,990.0,-2.56,21734,21418276.0
2020-12-16,1035.0,1049.0,1010.0,1016.0,-2.12,13014,13315580.0
2020-12-15,1054.0,1075.0,1021.0,1038.0,-0.19,21706,22569020.0
2020-12-14,1020.0,1040.0,1000.0,1040.0,2.97,29311,29924098.0
2020-12-13,998.0,1010.0,965.0,1010.0,2.02,20235,19878852.0
2020-12-10,995.0,995.0,976.0,990.0,0.51,11584,11382204.0
2020-12-09,985.0,998.0,968.0,985.0,-1.89,21353,20922548.0
2020-12-08,1020.0,1035.0,970.0,1004.0,-1.08,39023,38763490.0
2020-12-07,970.0,1023.0,970.0,1015.0,3.89,25735,25848823.0
2020-12-06,1000.0,1015.0,961.0,977.0,-3.84,31050,30854613.0
2020-12-03,1011.0,1050.0,986.0,1016.0,2.32,51435,51933490.0
2020-12-02,975.0,1020.0,968.0,993.0,2.8,53686,53230677.0
2020-12-01,990.0,990.0,963.0,966.0,-0.51,18876,18295845.0
2020-11-30,970.0,1008.0,953.0,971.0,0.1,15817,15492470.0
2020-11-29,955.0,970.0,950.0,970.0,0.21,7920,7605507.0
2020-11-26,1015.0,1015.0,964.0,968.0,-2.91,16043,15632578.0
2020-11-25,990.0,1004.0,980.0,997.0,2.47,31544,31228783.0
2020-11-24,953.0,975.0,945.0,973.0,4.06,15654,15125981.0
2020-11-23,950.0,965.0,935.0,935.0,-2.6,10781,10215093.0
2020-11-22,990.0,1005.0,949.0,960.0,-3.03,19654,19088805.0
2020-11-19,977.0,1028.0,971.0,990.0,1.75,27101,26894541.0
2020-11-18,938.0,973.0,937.0,973.0,3.73,18821,18041966.0
2020-11-12,945.0,945.0,937.0,938.0,-0.21,5089,4781513.0
2020-11-11,928.0,940.0,928.0,940.0,2.29,9120,8538421.0
2020-11-10,927.0,927.0,909.0,919.0,0.99,4007,3668954.0
2020-11-09,905.0,920.0,905.0,910.0,0.55,1999,1825694.0
2020-11-08,901.0,910.0,899.0,905.0,0.33,2172,1957050.0
2020-11-05,906.0,907.0,901.0,902.0,-0.88,1695,1531678.0
2020-11-04,916.0,916.0,900.0,910.0,-0.87,3032,2749453.0
2020-11-03,905.0,920.0,905.0,918.0,0.44,2159,1970646.0
2020-11-02,916.0,920.0,904.0,914.0,-0.11,3186,2907384.0
2020-11-01,911.0,929.0,911.0,915.0,-0.11,1730,1587688.0
2020-10-29,930.0,934.0,916.0,916.0,-0.43,3085,2857346.0
2020-10-28,910.0,920.0,909.0,920.0,1.43,1955,1791790.0
2020-10-22,912.0,915.0,907.0,907.0,0.0,853,777485.0
2020-10-21,958.0,958.0,907.0,907.0,-0.66,747,682829.0
2020-10-20,917.0,918.0,911.0,913.0,1.44,326,298046.0
2020-10-19,895.0,923.0,895.0,900.0,0.56,1899,1722340.0
2020-10-18,900.0,900.0,894.0,895.0,-0.22,2024,1813402.0
2020-10-15,900.0,901.0,892.0,897.0,0.11,2120,1904322.0
2020-10-14,900.0,900.0,894.0,896.0,0.11,4995,4476780.0
2020-10-13,910.0,910.0,895.0,895.0,-0.56,3059,2754226.0
2020-10-12,910.0,920.0,900.0,900.0,-0.44,3364,3051504.0
2020-10-11,920.0,920.0,900.0,904.0,-2.48,4303,3910288.0
2020-10-08,920.0,940.0,908.0,927.0,0.11,5351,4929431.0
2020-10-07,920.0,928.0,920.0,926.0,-0.32,3892,3598434.0
2020-10-06,915.0,933.0,915.0,929.0,-0.11,1160,1069798.0
2020-10-05,940.0,950.0,930.0,930.0,-2.62,5937,5577334.0
2020-10-04,893.0,969.0,893.0,955.0,1.6,13917,13345371.0
2020-10-01,908.0,940.0,905.0,940.0,3.75,10693,9897187.0
2020-09-30,901.0,910.0,890.0,906.0,0.0,7022,6307998.0
2020-09-29,915.0,920.0,906.0,906.0,-1.41,2346,2139550.0
2020-09-28,880.0,940.0,880.0,919.0,-0.54,4258,3928490.0
2020-09-27,914.0,930.0,914.0,924.0,0.22,7967,7291961.0
2020-09-24,927.0,929.0,911.0,922.0,-0.75,9969,9177736.0
2020-09-23,910.0,929.0,900.0,929.0,1.75,13876,12638313.0
2020-09-22,920.0,936.0,906.0,913.0,-1.3,24177,22145494.0
2020-09-21,928.0,950.0,910.0,925.0,-2.12,10725,9967634.0
2020-09-20,983.0,985.0,940.0,945.0,-1.97,6657,6315537.0
2020-09-17,960.0,969.0,951.0,964.0,-0.1,24832,23815533.0
2020-09-16,955.0,970.0,933.0,965.0,2.12,12781,12211740.0
2020-09-15,950.0,960.0,940.0,945.0,-0.84,9751,9258014.0
2020-09-14,979.0,998.0,953.0,953.0,-2.66,22943,22129854.0
2020-09-13,937.0,986.0,935.0,979.0,6.53,31110,29818219.0
2020-09-10,895.0,924.0,895.0,919.0,2.68,48879,44463170.0
2020-09-09,896.0,897.0,882.0,895.0,1.7,16283,14492275.0
2020-09-08,860.0,885.0,850.0,880.0,1.38,9855,8528061.0
2020-09-07,861.0,877.0,851.0,868.0,-1.14,8049,6977591.0
2020-09-06,919.0,919.0,863.0,878.0,0.23,13307,11710263.0
2020-09-03,859.0,892.0,836.0,876.0,1.39,15570,13526623.0
2020-09-02,896.0,903.0,863.0,864.0,-3.46,26521,23443268.0
2020-08-31,890.0,915.0,875.0,895.0,0.9,31114,28089346.0
2020-08-30,865.0,890.0,848.0,887.0,3.86,28431,24798754.0
2020-08-27,834.0,870.0,817.0,854.0,3.02,29611,24950316.0
2020-08-26,825.0,849.0,825.0,829.0,-1.31,16682,13937842.0
2020-08-25,849.0,853.0,816.0,840.0,-0.24,19559,16367475.0
2020-08-24,810.0,845.0,810.0,842.0,4.86,33156,27624818.0
2020-08-23,783.0,807.0,770.0,803.0,4.29,21751,17201477.0
2020-08-20,770.0,776.0,759.0,770.0,0.65,1596,1217293.0
2020-08-19,765.0,779.0,750.0,765.0,-1.92,7780,5948052.0
2020-08-18,788.0,788.0,771.0,780.0,0.91,6125,4765458.0
2020-08-17,752.0,774.0,743.0,773.0,3.2,10966,8378145.0
2020-08-16,736.0,753.0,735.0,749.0,1.9,16729,12438047.0
2020-08-13,745.0,745.0,727.0,735.0,-1.21,7022,5175435.0
2020-08-12,740.0,753.0,734.0,744.0,0.68,4132,3060254.0
2020-08-11,765.0,765.0,737.0,739.0,-1.47,2646,1966492.0
2020-08-10,740.0,757.0,731.0,750.0,1.35,7042,5289904.0
2020-08-09,705.0,740.0,705.0,740.0,4.23,2090,1504820.0
2020-08-06,707.0,721.0,700.0,710.0,0.42,3491,2484526.0
2020-08-05,708.0,752.0,693.0,707.0,-1.94,7510,5302807.0
2020-08-03,726.0,736.0,712.0,721.0,-0.69,4044,2914192.0
2020-08-02,751.0,751.0,706.0,726.0,-5.22,11654,8490704.0
2020-07-30,766.0,781.0,751.0,766.0,1.32,4831,3686591.0
2020-07-29,765.0,769.0,753.0,756.0,-3.08,4926,3747476.0
2020-07-28,790.0,790.0,767.0,780.0,0.0,3508,2721550.0
2020-07-27,805.0,830.0,770.0,780.0,-2.5,15867,12572700.0
2020-07-26,754.0,802.0,745.0,800.0,8.11,19757,15478946.0
2020-07-23,739.0,740.0,725.0,740.0,1.37,4110,3020704.0
2020-07-22,720.0,738.0,709.0,730.0,1.39,6348,4587215.0
2020-07-21,720.0,735.0,706.0,720.0,1.41,6849,4958169.0
2020-07-20,726.0,740.0,697.0,710.0,-0.28,10086,7169762.0
2020-07-16,711.0,712.0,697.0,712.0,1.71,801,563582.0
2020-07-15,719.0,719.0,686.0,700.0,-0.71,9219,6390520.0
2020-07-14,715.0,729.0,692.0,705.0,-0.14,1941,1388930.0
2020-07-13,705.0,708.0,691.0,706.0,0.14,4123,2877571.0
2020-07-12,685.0,714.0,685.0,705.0,4.91,1820,1283220.0
2020-07-09,675.0,683.0,672.0,672.0,0.3,2751,1866801.0
2020-07-08,662.0,700.0,650.0,670.0,1.21,2924,1970170.0
2020-07-07,630.0,693.0,630.0,662.0,5.08,2581,1735026.0
2020-07-06,615.0,649.0,610.0,630.0,2.27,4683,2918796.0
2020-07-05,613.0,616.0,595.0,616.0,0.16,4126,2485192.0
2020-07-02,615.0,627.0,612.0,615.0,0.0,1243,766349.0
2020-07-01,591.0,616.0,591.0,615.0,6.03,2200,1326000.0
2020-06-30,565.0,580.0,565.0,580.0,2.65,535,309055.0
2020-06-29,576.0,576.0,576.0,565.0,-1.87,230,131356.0
2020-03-19,564.0,588.0,564.0,587.0,2.09,4825,2785192.0
2020-03-18,578.0,580.0,550.0,575.0,-2.38,4548,2572191.0
2020-03-17,625.0,625.0,586.0,589.0,-6.95,3278,1963473.0
2020-03-16,610.0,640.0,590.0,633.0,3.26,5987,3675034.0
2020-03-15,667.0,680.0,613.0,613.0,-9.85,4559,2947104.0
2020-03-12,710.0,710.0,676.0,680.0,-4.76,3752,2577496.0
2020-03-11,701.0,715.0,675.0,714.0,3.78,4069,2857379.0
2020-03-10,702.0,702.0,688.0,688.0,-3.91,440,305832.0
2020-03-05,696.0,725.0,690.0,716.0,0.85,3841,2707192.0
2020-03-04,756.0,775.0,700.0,710.0,-7.79,8978,6541436.0
2020-03-03,729.0,780.0,721.0,770.0,5.48,9824,7317099.0
2020-03-02,796.0,796.0,730.0,730.0,-8.29,3620,2751910.0
2020-03-01,815.0,825.0,796.0,796.0,-4.21,6628,5340941.0
2020-02-27,840.0,850.0,825.0,831.0,-3.03,12600,10532046.0
2020-02-26,841.0,885.0,840.0,857.0,3.88,18128,15589917.0
2020-02-25,800.0,832.0,789.0,825.0,2.87,11780,9600146.0
2020-02-24,820.0,828.0,791.0,802.0,-4.07,6608,5352242.0
2020-02-23,841.0,857.0,810.0,836.0,1.33,8409,7013063.0
2020-02-20,799.0,835.0,788.0,825.0,4.96,15912,12929901.0
2020-02-19,785.0,786.0,770.0,786.0,-1.13,2703,2116579.0
2020-02-18,815.0,815.0,760.0,795.0,-2.45,10467,8267087.0
2020-02-17,756.0,830.0,756.0,815.0,2.52,22229,17859440.0
2020-02-16,753.0,795.0,741.0,795.0,7.43,12763,9703051.0
2020-02-13,757.0,757.0,737.0,740.0,-0.4,4489,3337904.0
2020-02-12,733.0,745.0,733.0,743.0,0.0,2179,1603755.0
2020-02-11,736.0,765.0,736.0,743.0,2.91,3635,2703258.0
2020-02-10,707.0,735.0,693.0,722.0,0.14,3416,2470722.0
2020-02-09,754.0,769.0,721.0,721.0,-2.57,4015,2922660.0
2020-02-06,745.0,755.0,740.0,740.0,-0.13,8383,6226409.0
2020-02-05,771.0,771.0,741.0,741.0,-1.98,5007,3747281.0
2020-02-04,750.0,790.0,750.0,756.0,0.8,10382,7916378.0
2020-02-03,750.0,750.0,730.0,750.0,1.49,8020,5913767.0
2020-02-02,729.0,757.0,715.0,739.0,3.36,11086,8147733.0
2020-01-30,681.0,738.0,680.0,715.0,5.3,11333,8039707.0
2020-01-29,659.0,691.0,655.0,679.0,4.95,5239,3517121.0
2020-01-28,651.0,664.0,647.0,647.0,1.09,3066,1996620.0
2020-01-27,630.0,640.0,630.0,640.0,2.4,1556,988564.0
2020-01-26,655.0,668.0,625.0,625.0,-4.58,1813,1161685.0
2020-01-23,665.0,678.0,655.0,655.0,-1.8,2955,1959967.0
2020-01-22,670.0,680.0,660.0,667.0,-1.19,3554,2388608.0
2020-01-21,667.0,680.0,642.0,675.0,3.05,4644,3077065.0
2020-01-20,674.0,685.0,647.0,655.0,-0.91,10161,6838190.0
2020-01-19,613.0,661.0,613.0,661.0,9.98,4579,2955415.0
2020-01-16,596.0,610.0,596.0,601.0,1.01,3993,2416906.0
2020-01-15,600.0,600.0,590.0,595.0,0.85,1469,870592.0
2020-01-14,605.0,605.0,588.0,590.0,-1.67,3416,2043073.0
2020-01-13,575.0,613.0,575.0,600.0,6.38,11001,6611556.0
2020-01-12,523.0,564.0,523.0,564.0,9.94,4885,2698421.0
2020-01-09,518.0,520.0,510.0,513.0,0.59,1727,892644.0
2020-01-08,505.0,515.0,505.0,510.0,-0.39,1050,536564.0
2020-01-07,500.0,513.0,500.0,512.0,0.59,2233,1138461.0
2020-01-06,514.0,515.0,508.0,509.0,0.99,1143,586119.0
2020-01-05,507.0,515.0,504.0,504.0,-0.79,1486,757383.0
2020-01-02,496.0,508.0,495.0,508.0,1.6,1927,956142.0
2020-01-01,503.0,503.0,496.0,500.0,1.01,668,332210.0
2019-12-31,501.0,501.0,495.0,495.0,-1.2,750,373838.0
2019-12-30,510.0,514.0,501.0,501.0,-1.18,959,482570.0
2019-12-29,492.0,507.0,491.0,507.0,3.26,1552,767987.0
2019-12-26,500.0,500.0,491.0,491.0,-0.81,186,91866.0
2019-12-25,490.0,500.0,490.0,495.0,-0.6,685,338025.0
2019-12-24,525.0,525.0,498.0,498.0,-3.49,2088,1056675.0
2019-12-23,509.0,518.0,505.0,516.0,3.2,646,332060.0
2019-12-22,510.0,510.0,500.0,500.0,0.0,560,282090.0
2019-12-19,492.0,500.0,481.0,500.0,1.01,1024,500548.0
2019-12-18,495.0,495.0,494.0,495.0,0.0,216,106745.0
2019-12-17,509.0,509.0,495.0,495.0,-1.39,765,383535.0
2019-12-16,527.0,527.0,501.0,502.0,-2.9,1647,835576.0
2019-12-15,531.0,541.0,507.0,517.0,-0.77,4699,2454090.0
2019-12-12,470.0,521.0,466.0,521.0,9.92,9758,4882471.0
2019-12-11,451.0,478.0,450.0,474.0,3.27,4586,2104349.0
2019-12-10,469.0,470.0,459.0,459.0,-0.22,809,377791.0
2019-12-09,444.0,472.0,444.0,460.0,5.02,2032,922954.0
2019-12-08,446.0,446.0,435.0,438.0,0.0,1429,624357.0
2019-12-05,445.0,453.0,438.0,438.0,0.0,2096,926619.0
2019-12-04,414.0,438.0,414.0,438.0,5.8,644,271784.0
2019-12-03,424.0,424.0,414.0,414.0,-1.43,560,233240.0
2019-12-02,420.0,420.0,420.0,420.0,0.0,30,12600.0
2019-12-01,420.0,420.0,420.0,420.0,-0.47,20,8400.0
2019-11-28,422.0,422.0,417.0,422.0,-0.47,571,239200.0
2019-11-27,418.0,424.0,415.0,424.0,0.95,1215,509297.0
2019-11-26,424.0,430.0,420.0,420.0,-3.45,968,410112.0
2019-11-25,448.0,448.0,432.0,435.0,-1.14,1248,544609.0
2019-11-24,434.0,440.0,432.0,440.0,0.0,646,280888.0
2019-11-21,445.0,445.0,438.0,440.0,-2.22,280,123654.0
2019-11-20,459.0,459.0,450.0,450.0,0.0,202,91188.0
2019-11-18,445.0,450.0,440.0,450.0,0.9,1466,654946.0
2019-11-17,447.0,450.0,445.0,446.0,-0.89,247,110634.0
2019-11-14,450.0,450.0,446.0,450.0,-1.1,667,298526.0
2019-11-13,465.0,465.0,455.0,455.0,-1.09,1212,555464.0
2019-11-12,460.0,460.0,460.0,460.0,-1.08,50,23000.0
2019-11-11,465.0,465.0,457.0,465.0,0.0,1946,898842.0
2019-11-10,465.0,465.0,465.0,465.0,0.22,20,9300.0
2019-11-07,455.0,464.0,455.0,464.0,3.8,20,9190.0
2019-11-05,456.0,456.0,446.0,447.0,-0.89,413,185621.0
2019-11-04,447.0,455.0,447.0,451.0,-0.44,558,253071.0
2019-11-03,460.0,464.0,453.0,453.0,-1.31,695,317828.0
2019-10-31,466.0,468.0,459.0,459.0,-1.92,1950,895890.0
2019-10-24,465.0,470.0,462.0,468.0,0.21,2144,997418.0
2019-10-23,466.0,475.0,466.0,467.0,-0.85,1178,553084.0
2019-10-22,482.0,482.0,464.0,471.0,-4.07,493,231495.0
2019-10-21,500.0,521.0,484.0,491.0,-0.2,617,306606.0
2019-10-20,475.0,522.0,475.0,492.0,2.71,620,301479.0
2019-10-17,481.0,481.0,473.0,479.0,0.84,596,283489.0
2019-10-16,470.0,475.0,470.0,475.0,1.71,20,9450.0
2019-10-15,466.0,467.0,465.0,467.0,0.43,1116,520872.0
2019-10-14,476.0,476.0,465.0,465.0,-1.27,400,187620.0
2019-10-10,482.0,482.0,471.0,471.0,-0.63,183,86520.0
2019-10-03,474.0,474.0,474.0,474.0,-0.42,81,38394.0
2019-10-02,468.0,476.0,467.0,476.0,0.0,212,99754.0
2019-10-01,470.0,479.0,468.0,476.0,1.49,627,294430.0
2019-09-30,467.0,470.0,467.0,469.0,-0.85,556,260162.0
2019-09-29,487.0,489.0,473.0,473.0,-1.46,211,101127.0
2019-09-26,472.0,480.0,472.0,480.0,2.13,136,64480.0
2019-09-25,471.0,471.0,470.0,470.0,-0.21,627,294850.0
2019-09-24,475.0,475.0,471.0,471.0,0.21,250,118550.0
2019-09-23,470.0,470.0,468.0,470.0,-1.26,525,246400.0
2019-09-22,485.0,485.0,476.0,476.0,-3.25,540,260260.0
2019-09-19,495.0,495.0,492.0,492.0,-2.19,140,69050.0
2019-09-18,515.0,515.0,498.0,503.0,-1.76,1720,867910.0
2019-09-17,500.0,512.0,500.0,512.0,2.2,1496,753480.0
2019-09-16,506.0,506.0,501.0,501.0,-2.34,2733,1375795.0
2019-09-15,515.0,520.0,512.0,513.0,-1.35,458,236538.0
2019-09-12,520.0,521.0,520.0,520.0,-1.14,326,169567.0
2019-09-11,527.0,530.0,525.0,526.0,-1.68,635,334225.0
2019-09-10,535.0,535.0,535.0,535.0,1.9,25,13375.0
2019-09-09,555.0,555.0,525.0,525.0,-3.67,447,239566.0
2019-09-08,544.0,545.0,544.0,545.0,1.11,20,10890.0
2019-09-05,545.0,549.0,539.0,539.0,-0.37,240,129988.0
2019-09-04,545.0,545.0,541.0,541.0,0.19,943,511893.0
2019-09-03,540.0,540.0,540.0,540.0,0.0,25,13500.0
2019-09-02,540.0,540.0,530.0,540.0,0.19,240,128400.0
2019-09-01,552.0,552.0,539.0,539.0,-3.75,275,150220.0
2019-08-29,560.0,565.0,560.0,560.0,-0.71,600,336500.0
2019-08-28,580.0,580.0,564.0,564.0,-1.74,80,45810.0
2019-08-27,575.0,575.0,574.0,574.0,-1.88,60,34490.0
2019-08-26,585.0,585.0,585.0,585.0,-0.51,150,87750.0
2019-08-25,588.0,588.0,588.0,588.0,1.55,50,29400.0
2019-08-22,582.0,582.0,579.0,579.0,0.7,354,205446.0
2019-08-21,576.0,576.0,575.0,575.0,-0.17,214,123064.0
2019-08-20,570.0,576.0,570.0,576.0,-0.52,150,86100.0
2019-08-19,580.0,580.0,579.0,579.0,-1.86,300,173890.0
2019-08-18,591.0,591.0,590.0,590.0,0.34,40,23630.0
2019-08-13,599.0,599.0,588.0,588.0,0.0,113,67137.0
2019-08-12,600.0,600.0,588.0,588.0,-1.51,406,242515.0
2019-08-11,588.0,598.0,588.0,597.0,-0.5,1003,598213.0
2019-08-08,601.0,602.0,600.0,600.0,-0.5,3259,1955950.0
2019-08-07,601.0,604.0,601.0,603.0,-0.33,200,120450.0
2019-08-06,605.0,610.0,605.0,605.0,0.0,323,196315.0
2019-08-05,605.0,605.0,605.0,605.0,-0.17,150,90750.0
2019-08-04,606.0,610.0,606.0,606.0,0.0,620,375760.0
2019-08-01,615.0,615.0,606.0,606.0,-0.16,375,228425.0
2019-07-31,600.0,607.0,600.0,607.0,2.02,121,72941.0
2019-07-29,600.0,604.0,595.0,595.0,-0.83,450,270650.0
2019-07-28,620.0,620.0,600.0,600.0,-1.96,954,579788.0
2019-07-25,611.0,620.0,611.0,612.0,0.16,262,160562.0
2019-07-24,613.0,615.0,611.0,611.0,0.16,1650,1011908.0
2019-07-23,610.0,610.0,610.0,610.0,1.33,93,56730.0
2019-07-22,610.0,610.0,599.0,602.0,-1.31,835,502600.0
2019-07-21,606.0,610.0,600.0,610.0,-0.49,415,251430.0
2019-07-18,623.0,623.0,613.0,613.0,0.16,2073,1281964.0
2019-07-17,605.0,617.0,605.0,612.0,1.16,140,85250.0
2019-07-16,632.0,632.0,600.0,605.0,0.5,177,106902.0
2019-07-15,600.0,603.0,600.0,602.0,-0.99,550,330740.0
2019-07-11,608.0,620.0,608.0,608.0,-0.33,426,260478.0
2019-07-10,610.0,611.0,607.0,610.0,0.83,418,254586.0
2019-07-09,566.0,620.0,566.0,605.0,1.68,1165,696918.0
2019-07-08,624.0,624.0,595.0,595.0,-3.88,730,446660.0
2019-07-07,615.0,620.0,613.0,619.0,0.49,792,489383.0
2019-07-04,625.0,628.0,616.0,616.0,-0.65,1040,644675.0
2019-07-03,600.0,622.0,600.0,620.0,3.51,623,378825.0
2019-07-02,590.0,599.0,588.0,599.0,0.0,906,537675.0
2019-07-01,600.0,600.0,590.0,599.0,-0.5,890,528721.0
2019-06-30,613.0,613.0,600.0,602.0,-1.79,443,266868.0
2019-06-27,617.0,625.0,601.0,613.0,-2.08,1857,1134268.0
2019-06-26,650.0,650.0,626.0,626.0,-2.19,985,622600.0
2019-06-25,653.0,653.0,635.0,640.0,-0.16,1218,780621.0
2019-06-24,640.0,650.0,640.0,641.0,-1.38,1753,1127850.0
2019-06-23,660.0,660.0,650.0,650.0,-1.52,689,449596.0
2019-06-20,660.0,664.0,659.0,660.0,0.0,170,112190.0
2019-06-19,665.0,665.0,660.0,660.0,-1.49,760,502385.0
2019-06-18,648.0,670.0,647.0,670.0,1.52,1339,877037.0
2019-06-17,660.0,670.0,655.0,660.0,-1.93,964,637620.0
2019-06-16,648.0,687.0,636.0,673.0,-1.28,3589,2356354.0
2019-06-13,1300.0,1349.0,1267.0,1268.0,-3.5,23601,30285238.0
2019-06-12,1343.0,1343.0,1282.0,1314.0,-1.87,4267,5582195.0
2019-06-11,1354.0,1355.0,1320.0,1339.0,-0.52,5159,6902912.0
2019-06-10,1360.0,1400.0,1346.0,1346.0,-0.66,8164,11141731.0
2019-06-06,1371.0,1396.0,1355.0,1355.0,0.74,5663,7788400.0
2019-06-04,1375.0,1380.0,1345.0,1345.0,-2.18,1090,1480300.0
2019-06-03,1362.0,1387.0,1360.0,1375.0,0.0,283,386316.0
2019-06-02,1387.0,1387.0,1375.0,1375.0,-0.87,600,828335.0
2019-05-30,1422.0,1450.0,1386.0,1387.0,-0.57,6681,9340466.0
2019-05-29,1415.0,1415.0,1388.0,1395.0,-1.41,742,1040088.0
2019-05-28,1415.0,1425.0,1410.0,1415.0,-0.21,1716,2435840.0
2019-05-27,1410.0,1418.0,1410.0,1418.0,1.36,1326,1870452.0
2019-05-26,1410.0,1413.0,1392.0,1399.0,-1.82,2006,2814112.0
2019-05-23,1426.0,1426.0,1375.0,1425.0,1.86,1502,2097210.0
2019-05-22,1420.0,1448.0,1393.0,1399.0,-1.48,2924,4096983.0
2019-05-21,1410.0,1427.0,1399.0,1420.0,2.68,2160,3051226.0
2019-05-20,1426.0,1426.0,1383.0,1383.0,-3.29,5003,7011301.0
2019-05-19,1475.0,1479.0,1424.0,1430.0,-1.45,3110,4485428.0
2019-05-16,1451.0,1475.0,1450.0,1451.0,-0.41,1919,2795873.0
2019-05-15,1495.0,1500.0,1456.0,1457.0,-1.55,3723,5491192.0
2019-05-14,1540.0,1540.0,1450.0,1480.0,-2.89,4013,5925865.0
2019-05-13,1650.0,1650.0,1503.0,1524.0,-3.61,7654,11740632.0
2019-05-12,1606.0,1683.0,1570.0,1581.0,3.33,42401,68222288.0
2019-05-09,1400.0,1530.0,1400.0,1530.0,8.51,21669,32756100.0
2019-05-08,1370.0,1410.0,1367.0,1410.0,2.17,1477,2073096.0
2019-05-07,1360.0,1392.0,1360.0,1380.0,2.15,1954,2694420.0
2019-05-06,1375.0,1375.0,1351.0,1351.0,-0.66,936,1274680.0
2019-05-05,1360.0,1360.0,1350.0,1360.0,0.74,778,1056675.0
2019-05-02,1350.0,1360.0,1340.0,1350.0,-1.46,1513,2045780.0
2019-04-30,1375.0,1375.0,1370.0,1370.0,-1.79,395,541445.0
2019-04-29,1425.0,1428.0,1345.0,1395.0,-2.11,2030,2819270.0
2019-04-28,1351.0,1442.0,1351.0,1425.0,7.55,4289,6050692.0
2019-04-25,1320.0,1355.0,1319.0,1325.0,-0.08,1540,2054987.0
2019-04-24,1296.0,1326.0,1296.0,1326.0,2.31,370,480460.0
2019-04-23,1285.0,1296.0,1285.0,1296.0,0.15,138,178298.0
2019-04-22,1301.0,1315.0,1294.0,1294.0,-0.46,1279,1667496.0
2019-04-21,1298.0,1305.0,1298.0,1300.0,-1.81,722,938845.0
2019-04-18,1291.0,1324.0,1277.0,1324.0,1.85,630,810340.0
2019-04-17,1310.0,1336.0,1300.0,1300.0,-0.76,715,938055.0
2019-04-16,1300.0,1310.0,1300.0,1310.0,0.69,334,436800.0
2019-04-15,1320.0,1320.0,1300.0,1301.0,-2.55,165,215565.0
2019-04-11,1274.0,1335.0,1274.0,1335.0,3.01,1054,1360036.0
2019-04-09,1295.0,1296.0,1290.0,1296.0,0.47,592,765541.0
2019-04-08,1315.0,1315.0,1290.0,1290.0,-0.69,1383,1798020.0
2019-04-07,1280.0,1299.0,1276.0,1299.0,0.0,107,136962.0
2019-04-04,1280.0,1299.0,1280.0,1299.0,1.88,195,250290.0
2019-04-03,1264.0,1275.0,1264.0,1275.0,0.87,117,148493.0
2019-04-02,1287.0,1290.0,1264.0,1264.0,-1.94,1706,2184945.0
2019-04-01,1271.0,1289.0,1265.0,1289.0,1.5,760,964706.0
2019-03-31,1256.0,1281.0,1256.0,1270.0,-0.86,515,653950.0
2019-03-28,1287.0,1300.0,1281.0,1281.0,-1.84,1074,1383825.0
2019-03-27,1305.0,1305.0,1279.0,1305.0,1.95,1283,1672601.0
2019-03-26,1290.0,1290.0,1280.0,1280.0,-1.16,895,1146600.0
2019-03-25,1250.0,1295.0,1250.0,1295.0,3.11,463,586742.0
2019-03-24,1255.0,1256.0,1250.0,1256.0,-1.1,681,853392.0
2019-03-21,1275.0,1276.0,1270.0,1270.0,-1.4,458,583760.0
2019-03-18,1291.0,1292.0,1288.0,1288.0,-1.83,1070,1379990.0
2019-03-17,1309.0,1312.0,1309.0,1312.0,0.15,229,300173.0
2019-03-14,1305.0,1310.0,1300.0,1310.0,0.77,872,1138494.0
2019-03-13,1305.0,1310.0,1299.0,1300.0,-0.76,715,932090.0
2019-03-12,1349.0,1349.0,1310.0,1310.0,-1.5,185,244630.0
2019-03-11,1295.0,1330.0,1295.0,1330.0,1.14,1133,1480975.0
2019-03-10,1315.0,1315.0,1315.0,1315.0,1.54,10,13150.0
2019-03-07,1285.0,1305.0,1285.0,1295.0,0.78,240,310290.0
2019-03-06,1255.0,1285.0,1255.0,1285.0,2.15,110,140510.0
2019-03-05,1270.0,1270.0,1248.0,1258.0,0.08,1041,1301068.0
2019-03-03,1260.0,1260.0,1257.0,1257.0,-1.72,250,314530.0
2019-02-27,1279.0,1279.0,1279.0,1279.0,0.95,20,25580.0
2019-02-26,1263.0,1280.0,1263.0,1267.0,-0.63,190,241070.0
2019-02-25,1272.0,1275.0,1272.0,1275.0,0.31,115,146325.0
2019-02-21,1280.0,1280.0,1271.0,1271.0,-1.4,150,190920.0
2019-02-20,1296.0,1296.0,1289.0,1289.0,1.42,48,62138.0
2019-02-19,1280.0,1280.0,1271.0,1271.0,0.16,538,686498.0
2019-02-18,1260.0,1269.0,1259.0,1269.0,-0.78,170,214256.0
2019-02-17,1303.0,1303.0,1255.0,1279.0,0.0,310,391576.0
2019-02-14,1280.0,1280.0,1256.0,1279.0,0.0,480,610170.0
2019-02-13,1282.0,1282.0,1255.0,1279.0,0.08,924,1169960.0
2019-02-12,1261.0,1278.0,1261.0,1278.0,1.11,215,272260.0
2019-02-11,1260.0,1280.0,1260.0,1264.0,-0.08,2016,2554890.0
2019-02-10,1272.0,1272.0,1265.0,1265.0,-1.94,320,406007.0
2019-02-07,1284.0,1290.0,1256.0,1290.0,-0.15,1148,1458354.0
2019-02-06,1301.0,1301.0,1291.0,1292.0,-1.15,146,189096.0
2019-02-05,1300.0,1307.0,1283.0,1307.0,0.69,547,711570.0
2019-02-04,1310.0,1310.0,1292.0,1298.0,-0.61,733,951918.0
2019-02-03,1305.0,1306.0,1305.0,1306.0,-1.06,300,391600.0
2019-01-31,1340.0,1340.0,1320.0,1320.0,-1.93,110,147200.0
2019-01-30,1319.0,1346.0,1319.0,1346.0,3.94,47,62462.0
2019-01-29,1297.0,1297.0,1295.0,1295.0,-1.82,50,64795.0
2019-01-28,1316.0,1325.0,1316.0,1319.0,0.15,504,666144.0
2019-01-27,1321.0,1321.0,1317.0,1317.0,-1.72,390,514640.0
2019-01-24,1360.0,1360.0,1340.0,1340.0,0.0,368,493950.0
2019-01-23,1316.0,1340.0,1314.0,1340.0,0.0,540,712870.0
2019-01-22,1340.0,1340.0,1340.0,1340.0,-0.22,10,13400.0
2019-01-17,1350.0,1350.0,1343.0,1343.0,-1.97,157,211080.0
2019-01-16,1390.0,1390.0,1365.0,1370.0,-0.72,564,773730.0
2019-01-15,1321.0,1384.0,1321.0,1380.0,2.99,2045,2780186.0
2019-01-14,1341.0,1341.0,1330.0,1340.0,1.9,160,213960.0
2019-01-13,1320.0,1320.0,1315.0,1315.0,-1.87,300,395750.0
2019-01-10,1339.0,1340.0,1339.0,1340.0,0.0,150,200950.0
2019-01-09,1355.0,1355.0,1340.0,1340.0,0.37,20,26950.0
2019-01-08,1312.0,1335.0,1311.0,1335.0,0.0,314,412044.0
2019-01-07,1335.0,1335.0,1300.0,1335.0,1.14,933,1220295.0
2019-01-06,1320.0,1320.0,1320.0,1320.0,0.0,51,67320.0
2019-01-03,1331.0,1331.0,1320.0,1320.0,-0.75,134,177955.0
2019-01-01,1315.0,1330.0,1315.0,1330.0,1.14,190,250850.0
2018-12-31,1340.0,1340.0,1315.0,1315.0,-2.59,1260,1679150.0
2018-12-30,1320.0,1376.0,1320.0,1350.0,1.89,305,408292.0
2018-12-27,1350.0,1377.0,1325.0,1325.0,-1.85,2099,2852056.0
2018-12-26,1310.0,1350.0,1310.0,1350.0,3.85,819,1090291.0
2018-12-25,1281.0,1300.0,1281.0,1300.0,-0.08,214,274404.0
2018-12-24,1300.0,1326.0,1300.0,1301.0,-1.81,1007,1327157.0
2018-12-23,1288.0,1325.0,1288.0,1325.0,4.74,954,1244628.0
2018-12-20,1290.0,1290.0,1265.0,1265.0,-1.17,438,557110.0
2018-12-19,1266.0,1280.0,1266.0,1280.0,3.06,210,267960.0
2018-12-18,1311.0,1311.0,1242.0,1242.0,-5.55,1829,2327530.0
2018-12-17,1290.0,1315.0,1290.0,1315.0,3.22,107,138280.0
2018-12-16,1237.0,1300.0,1237.0,1274.0,1.03,497,631233.0
2018-12-13,1249.0,1261.0,1249.0,1261.0,2.44,792,994140.0
2018-12-12,1232.0,1232.0,1231.0,1231.0,-1.91,730,899290.0
2018-12-11,1256.0,1256.0,1255.0,1255.0,0.0,60,75350.0
2018-12-10,1280.0,1280.0,1255.0,1255.0,-0.79,649,818820.0
2018-12-09,1260.0,1265.0,1245.0,1265.0,2.02,711,891794.0
2018-12-06,1245.0,1264.0,1240.0,1240.0,-0.4,1314,1633500.0
2018-12-05,1270.0,1270.0,1245.0,1245.0,-2.73,492,616415.0
2018-12-04,1270.0,1305.0,1270.0,1280.0,0.79,560,718100.0
2018-12-03,1260.0,1270.0,1260.0,1270.0,1.84,320,405200.0
2018-12-02,1275.0,1275.0,1247.0,1247.0,-0.24,3343,4183903.0
2018-11-29,1290.0,1290.0,1250.0,1250.0,-3.4,973,1236144.0
2018-11-28,1273.0,1295.0,1273.0,1294.0,1.25,750,967614.0
2018-11-27,1301.0,1301.0,1278.0,1278.0,-1.99,1041,1340258.0
2018-11-26,1315.0,1315.0,1300.0,1304.0,-0.84,280,365325.0
2018-11-25,1300.0,1315.0,1300.0,1315.0,-0.75,316,413540.0
2018-11-22,1328.0,1339.0,1325.0,1325.0,-0.15,183,242931.0
2018-11-19,1330.0,1330.0,1327.0,1327.0,0.0,1170,1554990.0
2018-11-18,1301.0,1327.0,1301.0,1327.0,0.45,333,437891.0
2018-11-15,1316.0,1321.0,1316.0,1321.0,-1.42,639,843924.0
2018-11-13,1335.0,1340.0,1329.0,1340.0,0.37,268,357728.0
2018-11-12,1340.0,1340.0,1314.0,1335.0,-0.37,268,356892.0
2018-11-11,1356.0,1356.0,1340.0,1340.0,-1.18,100,134624.0
2018-11-05,1356.0,1356.0,1356.0,1356.0,1.95,10,13560.0
2018-11-04,1340.0,1340.0,1330.0,1330.0,-1.48,100,133500.0
2018-11-01,1350.0,1350.0,1350.0,1350.0,0.75,100,135000.0
2018-10-31,1332.0,1340.0,1330.0,1340.0,0.75,1151,1534177.0
2018-10-30,1365.0,1365.0,1323.0,1330.0,-0.75,878,1168340.0
2018-10-29,1350.0,1350.0,1340.0,1340.0,-1.83,150,201100.0
2018-10-28,1340.0,1370.0,1340.0,1365.0,0.37,421,570450.0
2018-10-25,1360.0,1360.0,1360.0,1360.0,-1.45,115,156400.0
2018-10-24,1380.0,1380.0,1380.0,1380.0,1.32,10,13800.0
2018-10-23,1387.0,1387.0,1362.0,1362.0,0.15,106,146647.0
2018-10-15,1366.0,1366.0,1360.0,1360.0,-1.52,630,859480.0
2018-10-14,1381.0,1390.0,1381.0,1381.0,1.99,535,741115.0
2018-10-11,1316.0,1354.0,1302.0,1354.0,1.96,304,400068.0
2018-10-10,1332.0,1332.0,1328.0,1328.0,-1.26,247,328566.0
2018-10-09,1330.0,1345.0,1330.0,1345.0,0.0,514,685570.0
2018-10-08,1330.0,1345.0,1330.0,1345.0,1.13,365,486735.0
2018-10-07,1353.0,1356.0,1330.0,1330.0,-3.62,600,808130.0
2018-10-04,1385.0,1385.0,1380.0,1380.0,1.1,250,345250.0
2018-10-03,1392.0,1392.0,1365.0,1365.0,0.0,250,341970.0
2018-10-02,1394.0,1394.0,1365.0,1365.0,-1.94,3476,4765512.0
2018-10-01,1420.0,1420.0,1392.0,1392.0,-1.42,1054,1477804.0
2018-09-30,1422.0,1422.0,1410.0,1412.0,-0.98,625,885625.0
2018-09-27,1435.0,1440.0,1426.0,1426.0,-1.66,877,1258400.0
2018-09-26,1455.0,1455.0,1450.0,1450.0,0.07,260,377300.0
2018-09-25,1440.0,1449.0,1430.0,1449.0,0.63,451,649568.0
2018-09-23,1425.0,1440.0,1424.0,1440.0,0.0,410,585810.0
2018-09-20,1480.0,1480.0,1426.0,1440.0,-1.23,720,1043530.0
2018-09-18,1445.0,1460.0,1435.0,1458.0,1.96,3132,4536344.0
2018-09-17,1400.0,1440.0,1400.0,1430.0,2.88,1295,1835439.0
2018-09-16,1404.0,1405.0,1390.0,1390.0,0.0,270,379075.0
2018-09-13,1390.0,1390.0,1385.0,1390.0,-0.71,226,313890.0
2018-09-12,1379.0,1400.0,1379.0,1400.0,-0.5,310,433790.0
2018-09-11,1380.0,1407.0,1380.0,1407.0,2.33,54,74844.0
2018-09-10,1375.0,1375.0,1371.0,1375.0,0.0,118,162170.0
2018-09-09,1386.0,1386.0,1375.0,1375.0,-0.79,110,152350.0
2018-09-06,1375.0,1404.0,1375.0,1386.0,-0.65,692,963327.0
2018-09-05,1386.0,1415.0,1385.0,1395.0,2.42,660,916900.0
2018-09-04,1364.0,1370.0,1362.0,1362.0,-0.22,809,1104485.0
2018-09-03,1365.0,1380.0,1365.0,1365.0,0.22,1161,1594375.0
2018-09-02,1375.0,1370.0,1362.0,1362.0,-0.15,325,444120.0
2018-08-30,1369.0,1369.0,1342.0,1364.0,1.41,677,920483.0
2018-08-29,1330.0,1354.0,1330.0,1345.0,1.97,749,1003616.0
2018-08-28,1310.0,1319.0,1309.0,1319.0,1.46,624,817466.0
2018-08-26,1315.0,1315.0,1300.0,1300.0,-1.14,641,838985.0
2018-08-23,1320.0,1320.0,1315.0,1315.0,-0.38,785,1035275.0
2018-08-22,1320.0,1320.0,1320.0,1320.0,-0.98,185,244200.0
2018-08-21,1337.0,1335.0,1331.0,1333.0,0.15,567,754981.0
2018-08-20,1340.0,1340.0,1331.0,1331.0,-0.52,769,1029650.0
2018-08-19,1341.0,1341.0,1338.0,1338.0,-1.98,350,468800.0
2018-08-16,1328.0,1365.0,1328.0,1365.0,0.74,1317,1770990.0
2018-08-15,1310.0,1355.0,1310.0,1355.0,3.44,771,1032779.0
2018-08-14,1300.0,1310.0,1290.0,1310.0,0.0,4567,5935450.0
2018-08-13,1310.0,1314.0,1310.0,1310.0,1.16,440,576800.0
2018-08-12,1317.0,1325.0,1290.0,1295.0,-1.52,1058,1375289.0
2018-08-09,1306.0,1328.0,1306.0,1315.0,-0.98,527,697926.0
2018-08-08,1330.0,1330.0,1328.0,1328.0,-1.56,382,507696.0
2018-08-07,1316.0,1349.0,1316.0,1349.0,1.81,449,599744.0
2018-08-05,1320.0,1325.0,1310.0,1325.0,0.38,2017,2659665.0
2018-08-02,1320.0,1330.0,1320.0,1320.0,-0.75,945,1250010.0
2018-08-01,1320.0,1330.0,1320.0,1330.0,0.76,220,290600.0
2018-07-31,1320.0,1320.0,1316.0,1320.0,0.3,320,422050.0
2018-07-30,1330.0,1330.0,1315.0,1316.0,-0.68,1368,1805063.0
2018-07-29,1315.0,1325.0,1301.0,1325.0,1.45,1370,1788170.0
2018-07-26,1312.0,1312.0,1306.0,1306.0,-1.21,198,259428.0
2018-07-25,1360.0,1360.0,1322.0,1322.0,-1.93,201,267300.0
2018-07-24,1335.0,1354.0,1331.0,1348.0,1.51,1097,1473875.0
2018-07-23,1301.0,1328.0,1295.0,1328.0,2.0,455,593654.0
2018-07-22,1310.0,1310.0,1302.0,1302.0,-1.74,750,978550.0
2018-07-19,1350.0,1350.0,1324.0,1325.0,-0.53,1553,2058622.0
2018-07-18,1359.0,1359.0,1332.0,1332.0,-1.99,120,161240.0
2018-07-17,1359.0,1359.0,1359.0,1359.0,1.42,85,115515.0
2018-07-16,1340.0,1340.0,1340.0,1340.0,0.83,77,103180.0
2018-07-15,1300.0,1329.0,1300.0,1329.0,2.55,480,628215.0
2018-07-12,1300.0,1301.0,1296.0,1296.0,-1.52,1240,1610410.0
2018-07-11,1321.0,1340.0,1316.0,1316.0,-0.38,646,854946.0
2018-07-10,1315.0,1339.0,1315.0,1321.0,0.0,1584,2104298.0
2018-07-09,1320.0,1342.0,1320.0,1321.0,0.0,670,889300.0
2018-07-08,1367.0,1380.0,1321.0,1321.0,-1.56,2705,3671557.0
2018-07-05,1332.0,1360.0,1332.0,1342.0,2.76,1479,1995831.0
2018-07-04,1306.0,1306.0,1306.0,1306.0,1.95,50,65300.0
2018-07-03,1280.0,1300.0,1281.0,1281.0,-1.39,400,514600.0
2018-07-02,1272.0,1299.0,1270.0,1299.0,0.7,422,541013.0
2018-07-01,1286.0,1290.0,1281.0,1290.0,-0.77,973,1251163.0
2018-06-28,1326.0,1326.0,1300.0,1300.0,0.0,966,1263634.0
2018-06-27,1305.0,1310.0,1300.0,1300.0,0.0,1720,2245100.0
2018-06-26,1301.0,1303.0,1300.0,1300.0,-0.46,1951,2537661.0
2018-06-25,1310.0,1310.0,1306.0,1306.0,-0.84,300,392300.0
2018-06-24,1317.0,1318.0,1317.0,1317.0,0.38,250,329400.0
2018-06-21,1330.0,1330.0,1312.0,1312.0,0.08,300,395700.0
2018-06-20,1326.0,1326.0,1311.0,1311.0,-1.13,358,471978.0
2018-06-19,1323.0,1326.0,1323.0,1326.0,-1.78,191,252993.0
2018-06-18,1330.0,1350.0,1325.0,1350.0,1.89,242,321560.0
2018-06-14,1350.0,1350.0,1325.0,1325.0,-0.38,623,833105.0
2018-06-13,1338.0,1340.0,1330.0,1330.0,1.37,131,175210.0
2018-06-12,1306.0,1357.0,1305.0,1312.0,-1.35,1070,1419184.0
2018-06-11,1330.0,1362.0,1330.0,1330.0,1.53,1852,2492072.0
2018-06-10,1356.0,1356.0,1303.0,1310.0,-1.5,2176,2852384.0
2018-06-07,1398.0,1398.0,1330.0,1330.0,-4.73,3155,4271034.0
2018-06-06,1377.0,1432.0,1377.0,1396.0,3.41,490,686920.0
2018-06-04,1353.0,1370.0,1326.0,1350.0,-0.22,1235,1674780.0
2018-06-03,1411.0,1411.0,1353.0,1353.0,-5.45,5144,7103017.0
2018-05-31,1437.0,1437.0,1431.0,1431.0,-2.32,350,501900.0
2018-05-30,1422.0,1504.0,1421.0,1465.0,1.03,4300,6335906.0
2018-05-29,1475.0,1475.0,1387.0,1450.0,-1.43,4369,6285404.0
2018-05-28,1336.0,1471.0,1336.0,1471.0,7.92,1162,1640018.0
2018-05-27,1365.0,1375.0,1363.0,1363.0,-1.94,981,1341498.0
2018-05-24,1425.0,1425.0,1385.0,1390.0,-0.64,984,1365900.0
2018-05-23,1390.0,1399.0,1390.0,1399.0,-0.78,294,409336.0
2018-05-22,1417.0,1410.0,1410.0,1410.0,1.44,10,14100.0
2018-05-21,1390.0,1405.0,1390.0,1390.0,-0.36,426,593480.0
2018-05-20,1417.0,1450.0,1395.0,1395.0,0.36,196,276287.0
2018-05-17,1410.0,1410.0,1390.0,1390.0,0.36,585,817600.0
2018-05-16,1412.0,1412.0,1385.0,1385.0,0.0,40,56210.0
2018-05-15,1385.0,1385.0,1385.0,1385.0,-1.07,100,138500.0
2018-05-14,1400.0,1400.0,1400.0,1400.0,-0.36,172,240800.0
2018-05-10,1404.0,1405.0,1404.0,1405.0,0.29,110,154450.0
2018-05-09,1425.0,1425.0,1401.0,1401.0,-1.68,465,654765.0
2018-05-08,1400.0,1425.0,1397.0,1425.0,0.21,1374,1932052.0
2018-05-07,1368.0,1422.0,1365.0,1422.0,1.94,275,382925.0
2018-05-06,1428.0,1428.0,1395.0,1395.0,-0.36,753,1058450.0
2018-05-03,1388.0,1415.0,1387.0,1400.0,2.87,2622,3681645.0
2018-05-02,1350.0,1387.0,1350.0,1361.0,0.59,618,847380.0
2018-04-29,1340.0,1370.0,1340.0,1353.0,-0.51,1841,2489050.0
2018-04-26,1376.0,1376.0,1360.0,1360.0,-2.86,701,962276.0
2018-04-25,1400.0,1400.0,1392.0,1400.0,-1.41,1780,2484560.0
2018-04-24,1431.0,1445.0,1400.0,1420.0,-2.74,2852,4059123.0
2018-04-23,1499.0,1499.0,1435.0,1460.0,-0.68,2459,3614509.0
2018-04-22,1450.0,1470.0,1425.0,1470.0,3.38,3458,5029437.0
2018-04-19,1403.0,1450.0,1402.0,1422.0,-0.56,4684,6707775.0
2018-04-18,1465.0,1465.0,1390.0,1430.0,-0.9,6199,8837402.0
2018-04-17,1397.0,1445.0,1361.0,1443.0,5.33,7680,10774480.0
2018-04-16,1329.0,1382.0,1319.0,1370.0,4.34,8973,12116591.0
2018-04-15,1245.0,1313.0,1245.0,1313.0,3.71,7114,8938155.0
2018-04-12,1275.0,1300.0,1265.0,1266.0,-0.24,2568,3279591.0
2018-04-11,1227.0,1269.0,1226.0,1269.0,1.52,453,562166.0
2018-04-10,1228.0,1300.0,1228.0,1250.0,-0.24,1978,2497830.0
2018-04-09,1340.0,1350.0,1253.0,1253.0,-5.08,4751,6238031.0
2018-04-08,1220.0,1320.0,1191.0,1320.0,9.27,11309,13878447.0
2018-04-05,1162.0,1208.0,1139.0,1208.0,5.96,2798,3265292.0
2018-04-04,1120.0,1148.0,1116.0,1140.0,1.79,2397,2727728.0
2018-04-03,1120.0,1120.0,1120.0,1120.0,0.0,100,112000.0
2018-04-02,1130.0,1130.0,1120.0,1120.0,0.0,144,162300.0
2018-04-01,1140.0,1148.0,1118.0,1120.0,-2.61,1027,1161722.0
2018-03-29,1139.0,1150.0,1139.0,1150.0,0.88,311,355440.0
2018-03-28,1150.0,1150.0,1130.0,1140.0,-0.26,1110,1265410.0
2018-03-27,1060.0,1166.0,988.0,1143.0,5.83,946,1038630.0
2018-03-26,1150.0,1150.0,1080.0,1080.0,-6.09,669,740440.0
2018-03-22,1203.0,1227.0,1150.0,1150.0,-2.54,1840,2201029.0
2018-03-21,1240.0,1240.0,1180.0,1180.0,-6.35,290,353720.0
2018-03-20,1270.0,1270.0,1250.0,1260.0,-2.55,390,491500.0
2018-03-19,1295.0,1295.0,1293.0,1293.0,-0.31,395,510895.0
2018-03-18,1325.0,1325.0,1297.0,1297.0,-0.23,1505,1964880.0
2018-03-15,1290.0,1300.0,1275.0,1300.0,1.17,541,698365.0
2018-03-14,1275.0,1285.0,1275.0,1285.0,0.78,473,603225.0
2018-03-13,1285.0,1290.0,1275.0,1275.0,-0.39,360,460700.0
2018-03-12,1280.0,1280.0,1280.0,1280.0,0.0,681,871680.0
2018-03-11,1297.0,1297.0,1280.0,1280.0,-1.23,501,645060.0
2018-03-07,1300.0,1305.0,1290.0,1296.0,-0.31,5475,7117505.0
2018-03-06,1265.0,1310.0,1261.0,1300.0,1.17,1668,2129618.0
2018-03-05,1250.0,1285.0,1242.0,1285.0,1.9,1672,2085112.0
2018-03-04,1315.0,1315.0,1261.0,1261.0,-3.45,2692,3434716.0
2018-02-28,1342.0,1342.0,1306.0,1306.0,-1.88,504,670098.0
2018-02-27,1340.0,1351.0,1331.0,1331.0,-0.67,1100,1474350.0
2018-02-26,1341.0,1346.0,1340.0,1340.0,-1.03,2720,3649880.0
2018-02-25,1360.0,1360.0,1354.0,1354.0,-0.07,970,1315130.0
2018-02-22,1383.0,1383.0,1355.0,1355.0,-0.07,506,690055.0
2018-02-21,1355.0,1356.0,1355.0,1356.0,-1.38,140,189820.0
2018-02-20,1400.0,1400.0,1375.0,1375.0,-2.62,770,1070660.0
2018-02-18,1395.0,1412.0,1385.0,1412.0,1.15,936,1306672.0
2018-02-15,1346.0,1420.0,1372.0,1396.0,0.0,1700,2398030.0
2018-02-14,1345.0,1346.0,1319.0,1346.0,0.0,165,220580.0
2018-02-12,1360.0,1360.0,1345.0,1345.0,0.0,410,554450.0
2018-02-11,1355.0,1360.0,1360.0,1360.0,0.0,102,138720.0
2018-02-08,1360.0,1370.0,1355.0,1355.0,0.0,202,274935.0
2018-02-07,1380.0,1380.0,1360.0,1360.0,0.0,380,518750.0
2018-02-06,1385.0,1380.0,1375.0,1380.0,0.0,159,219270.0
2018-02-05,1387.0,1395.0,1380.0,1385.0,0.0,516,713937.0
2018-02-04,1405.0,1410.0,1387.0,1387.0,0.0,3642,5100463.0
2018-02-01,1401.0,1405.0,1400.0,1405.0,0.0,229,320920.0
2018-01-31,1401.0,1405.0,1401.0,1401.0,0.0,362,507862.0
2018-01-29,1410.0,1401.0,1400.0,1401.0,0.0,400,560100.0
2018-01-28,1410.0,1425.0,1405.0,1410.0,0.0,1860,2629200.0
2018-01-25,1384.0,1410.0,1385.0,1410.0,0.0,1537,2152520.0
2018-01-23,1391.0,1395.0,1380.0,1384.0,0.0,215,298320.0
2018-01-22,1397.0,1400.0,1370.0,1391.0,0.0,824,1145260.0
2018-01-21,1400.0,1410.0,1397.0,1397.0,0.0,615,862101.0
2018-01-17,1393.0,1415.0,1396.0,1400.0,0.0,317,444081.0
2018-01-16,1396.0,1394.0,1393.0,1393.0,0.0,230,320490.0
2018-01-14,1390.0,1400.0,1380.0,1396.0,0.0,740,1030330.0
2018-01-10,1408.0,1410.0,1390.0,1390.0,0.0,868,1210494.0
2018-01-09,1399.0,1425.0,1402.0,1408.0,0.0,1597,2255726.0
2018-01-08,1402.0,1404.0,1395.0,1399.0,0.0,198,276902.0
2018-01-07,1349.0,1402.0,1365.0,1402.0,0.0,849,1168476.0
2018-01-04,1351.0,1349.0,1332.0,1349.0,0.0,203,272246.0
2018-01-03,1370.0,1360.0,1350.0,1351.0,0.0,580,784380.0
2018-01-02,1380.0,1407.0,1370.0,1370.0,0.0,2585,3561989.0
2018-01-01,1340.0,1380.0,1365.0,1380.0,0.0,1559,2135720.0
2017-12-31,1340.0,1345.0,1325.0,1340.0,0.0,661,884525.0
2017-12-28,1305.0,1350.0,1283.0,1340.0,0.0,911,1198886.0
2017-12-27,1350.0,1330.0,1297.0,1305.0,0.0,2492,3272260.0
2017-12-26,1381.0,1355.0,1350.0,1350.0,0.0,884,1195520.0
2017-12-24,1381.0,1408.0,1375.0,1381.0,0.0,2391,3301340.0
2017-12-21,1375.0,1381.0,1352.0,1381.0,0.0,280,382164.0
2017-12-20,1383.0,1390.0,1375.0,1375.0,0.0,1832,2528739.0
2017-12-19,1390.0,1415.0,1381.0,1383.0,0.0,5259,7285215.0
2017-12-18,1381.0,1406.0,1390.0,1390.0,0.0,1565,2194666.0
2017-12-17,1402.0,1405.0,1381.0,1381.0,0.0,500,696285.0
2017-12-14,1425.0,1425.0,1400.0,1402.0,0.0,446,626852.0
2017-12-13,1418.0,1430.0,1415.0,1425.0,0.0,455,647401.0
2017-12-12,1440.0,1435.0,1418.0,1418.0,0.0,2875,4092270.0
2017-12-11,1435.0,1440.0,1425.0,1440.0,0.0,2311,3294077.0
2017-12-10,1451.0,1453.0,1435.0,1435.0,0.0,3854,5579134.0
2017-12-06,1455.0,1460.0,1451.0,1451.0,0.0,2876,4184409.0
2017-12-05,1437.0,1460.0,1415.0,1455.0,0.0,272,393025.0
2017-12-04,1460.0,1450.0,1425.0,1437.0,0.0,635,916714.0
2017-11-30,1487.0,1480.0,1460.0,1460.0,0.0,15865,23167176.0
2017-11-29,1420.0,1487.0,1430.0,1487.0,0.0,1028,1498352.0
2017-11-28,1430.0,1430.0,1420.0,1420.0,0.0,1030,1462850.0
2017-11-27,1450.0,1465.0,1425.0,1430.0,0.0,2059,2969438.0
2017-11-26,1383.0,1460.0,1400.0,1450.0,0.0,1357,1948088.0
2017-11-23,1390.0,1417.0,1383.0,1383.0,0.0,1440,2005880.0
2017-11-22,1354.0,1397.0,1369.0,1390.0,0.0,1016,1397670.0
2017-11-21,1325.0,1354.0,1300.0,1354.0,0.0,1692,2244980.0
2017-11-20,1377.0,1374.0,1325.0,1325.0,0.0,1636,2183221.0
2017-11-19,1435.0,1410.0,1377.0,1377.0,0.0,1131,1573398.0
2017-11-16,1465.0,1445.0,1435.0,1435.0,0.0,846,1218165.0
2017-11-15,1495.0,1520.0,1465.0,1465.0,0.0,5733,8449485.0
2017-11-14,1590.0,1620.0,1476.0,1495.0,0.0,15084,22713656.0
2017-11-13,1586.0,1590.0,1525.0,1590.0,0.0,6300,9702931.0
2017-11-12,1530.0,1586.0,1500.0,1586.0,0.0,915,1387387.0
2017-11-09,1527.0,1565.0,1515.0,1530.0,0.0,1023,1568090.0
2017-11-08,1575.0,1570.0,1525.0,1527.0,0.0,1680,2588562.0
2017-11-07,1632.0,1600.0,1568.0,1575.0,0.0,2228,3528860.0
2017-11-06,1639.0,1671.0,1600.0,1632.0,0.0,440,712390.0
2017-11-05,1640.0,1672.0,1570.0,1639.0,0.0,1423,2295019.0
2017-11-02,1630.0,1640.0,1600.0,1640.0,0.0,581,941327.0
2017-11-01,1630.0,1630.0,1615.0,1630.0,0.0,296,479806.0
2017-10-31,1635.0,1650.0,1620.0,1630.0,0.0,1560,2539195.0
2017-10-30,1660.0,1652.0,1635.0,1635.0,0.0,358,589230.0
2017-10-29,1680.0,1680.0,1660.0,1660.0,0.0,255,423700.0
2017-10-25,1675.0,1680.0,1680.0,1680.0,0.0,100,168000.0
2017-10-24,1698.0,1680.0,1665.0,1675.0,0.0,801,1342165.0
2017-10-23,1720.0,1698.0,1680.0,1698.0,0.0,218,366946.0
2017-10-22,1690.0,1720.0,1715.0,1720.0,0.0,304,521940.0
2017-10-18,1700.0,1699.0,1682.0,1690.0,0.0,683,1155035.0
2017-10-17,1695.0,1728.0,1666.0,1700.0,0.0,2143,3614625.0
2017-10-16,1640.0,1695.0,1640.0,1695.0,0.0,5063,8435827.0
2017-10-15,1656.0,1665.0,1638.0,1640.0,0.0,256,421694.0
2017-10-12,1680.0,1663.0,1656.0,1656.0,0.0,1845,3063160.0
2017-10-11,1635.0,1680.0,1630.0,1680.0,0.0,1120,1854675.0
2017-10-10,1660.0,1650.0,1630.0,1635.0,0.0,1698,2780932.0
2017-10-09,1664.0,1664.0,1631.0,1660.0,0.0,950,1562650.0
2017-10-08,1660.0,1664.0,1590.0,1664.0,0.0,2939,4725477.0
2017-10-04,1657.0,1661.0,1656.0,1660.0,0.0,680,1126930.0
2017-09-26,1660.0,1689.0,1657.0,1657.0,0.0,630,1048110.0
2017-09-25,1670.0,1682.0,1660.0,1660.0,0.0,410,685540.0
2017-09-24,1668.0,1670.0,1670.0,1670.0,0.0,30,50100.0
2017-09-20,1699.0,1715.0,1668.0,1668.0,0.0,1800,3064930.0
2017-09-18,1695.0,1700.0,1685.0,1699.0,0.0,579,979696.0
2017-09-17,1685.0,1718.0,1690.0,1695.0,0.0,1687,2872137.0
2017-09-14,1641.0,1710.0,1641.0,1685.0,0.0,651,1098725.0
2017-09-13,1650.0,1675.0,1641.0,1641.0,0.0,1142,1882843.0
2017-09-12,1708.0,1710.0,1645.0,1650.0,0.0,2511,4162285.0
2017-09-11,1660.0,1708.0,1660.0,1708.0,0.0,1484,2490649.0
2017-09-10,1735.0,1720.0,1660.0,1660.0,0.0,1984,3331653.0
2017-09-07,1740.0,1760.0,1735.0,1735.0,0.0,2377,4159969.0
2017-09-06,1705.0,1740.0,1710.0,1740.0,0.0,1558,2695975.0
2017-09-04,1732.0,1750.0,1700.0,1705.0,0.0,3658,6247000.0
2017-08-31,1747.0,1770.0,1730.0,1732.0,0.0,3165,5522262.0
2017-08-30,1775.0,1760.0,1747.0,1747.0,0.0,1746,3062325.0
2017-08-28,1785.0,1790.0,1770.0,1775.0,0.0,1721,3055815.0
2017-08-27,1785.0,1785.0,1775.0,1785.0,0.0,500,888600.0
2017-08-24,1780.0,1785.0,1760.0,1785.0,0.0,3948,7014690.0
2017-08-23,1765.0,1780.0,1760.0,1780.0,0.0,791,1397095.0
2017-08-22,1740.0,1790.0,1750.0,1765.0,0.0,2814,4953920.0
2017-08-21,1755.0,1745.0,1735.0,1740.0,0.0,472,821475.0
2017-08-20,1760.0,1755.0,1720.0,1755.0,0.0,1764,3065230.0
2017-08-17,1770.0,1760.0,1750.0,1760.0,0.0,1134,1988940.0
2017-08-16,1768.0,1785.0,1750.0,1770.0,0.0,1860,3288350.0
2017-08-15,1760.0,1798.0,1730.0,1768.0,0.0,3015,5311900.0
2017-08-13,1771.0,1760.0,1750.0,1760.0,0.0,1930,3379730.0
2017-08-10,1760.0,1790.0,1760.0,1771.0,0.0,1392,2467751.0
2017-08-09,1770.0,1775.0,1760.0,1760.0,0.0,3516,6208748.0
2017-08-07,1795.0,1782.0,1770.0,1770.0,0.0,3212,5703876.0
2017-08-06,1811.0,1810.0,1790.0,1795.0,0.0,3031,5451090.0
2017-08-03,1812.0,1820.0,1801.0,1811.0,0.0,3178,5755680.0
2017-08-02,1800.0,1825.0,1801.0,1812.0,0.0,5066,9189426.0
2017-08-01,1855.0,1892.0,1791.0,1800.0,0.0,4868,8893507.0
2017-07-31,1770.0,1860.0,1790.0,1855.0,0.0,11207,20284336.0
2017-07-30,1760.0,1805.0,1700.0,1770.0,0.0,8889,15784547.0
2017-07-27,1735.0,1849.0,1753.0,1760.0,0.0,24980,44807336.0
2017-07-26,1670.0,1737.0,1690.0,1735.0,0.0,6274,10813581.0
2017-07-25,1662.0,1684.0,1650.0,1670.0,0.0,4630,7691326.0
2017-07-24,1660.0,1695.0,1645.0,1662.0,0.0,4969,8270900.0
2017-07-23,1585.0,1690.0,1610.0,1660.0,0.0,5894,9748723.0
2017-07-20,1550.0,1610.0,1580.0,1585.0,0.0,3225,5138551.0
2017-07-19,1550.0,1643.0,1528.0,1550.0,0.0,6414,10066940.0
2017-07-18,1440.0,1550.0,1455.0,1550.0,0.0,6027,9148075.0
2017-07-17,1420.0,1440.0,1440.0,1440.0,0.0,100,144000.0
2017-07-16,1410.0,1438.0,1410.0,1420.0,0.0,57,80930.0
2017-07-13,1455.0,1460.0,1410.0,1410.0,0.0,2262,3196340.0
2017-07-12,1428.0,1455.0,1417.0,1455.0,0.0,1377,1956766.0
2017-07-11,1428.0,1428.0,1420.0,1428.0,0.0,201,285676.0
2017-07-10,1432.0,1428.0,1400.0,1428.0,0.0,698,980640.0
2017-07-09,1479.0,1500.0,1432.0,1432.0,0.0,744,1096708.0
2017-07-06,1407.0,1479.0,1410.0,1479.0,0.0,4352,6242008.0
2017-07-05,1380.0,1407.0,1365.0,1407.0,0.0,1181,1636987.0
2017-07-04,1400.0,1381.0,1377.0,1380.0,0.0,1537,2121443.0
2017-07-03,1382.0,1400.0,1395.0,1400.0,0.0,740,1035665.0
2017-07-02,1400.0,1383.0,1380.0,1382.0,0.0,645,891290.0
2017-06-28,1400.0,1423.0,1400.0,1400.0,0.0,1242,1751770.0
2017-06-27,1397.0,1403.0,1400.0,1400.0,0.0,1700,2382800.0
2017-06-25,1405.0,1410.0,1390.0,1397.0,0.0,1608,2252310.0
2017-06-22,1401.0,1429.0,1405.0,1405.0,0.0,1824,2577530.0
2017-06-21,1385.0,1424.0,1401.0,1401.0,0.0,1523,2150210.0
2017-06-20,1400.0,1400.0,1385.0,1385.0,0.0,1692,2358015.0
2017-06-19,1422.0,1410.0,1400.0,1400.0,0.0,1184,1665386.0
2017-06-18,1450.0,1460.0,1422.0,1422.0,0.0,947,1358340.0
2017-06-15,1475.0,1514.0,1450.0,1450.0,0.0,1168,1720115.0
2017-06-14,1463.0,1475.0,1435.0,1475.0,0.0,181,265258.0
2017-06-13,1441.0,1463.0,1435.0,1463.0,0.0,1304,1882360.0
2017-06-12,1449.0,1470.0,1441.0,1441.0,0.0,1485,2165021.0
2017-06-11,1460.0,1455.0,1440.0,1449.0,0.0,1119,1620852.0
2017-06-08,1442.0,1499.0,1450.0,1460.0,0.0,1057,1552920.0
2017-06-07,1530.0,1530.0,1442.0,1442.0,0.0,3067,4584557.0
2017-06-06,1480.0,1535.0,1485.0,1530.0,0.0,3069,4633634.0
2017-06-05,1475.0,1498.0,1472.0,1480.0,0.0,494,730211.0
2017-06-04,1490.0,1500.0,1475.0,1475.0,0.0,1597,2366140.0
2017-06-01,1495.0,1520.0,1470.0,1490.0,0.0,644,964880.0
2017-05-31,1486.0,1510.0,1470.0,1495.0,0.0,3912,5850142.0
2017-05-30,1515.0,1530.0,1486.0,1486.0,0.0,2744,4110730.0
2017-05-28,1575.0,1545.0,1515.0,1515.0,0.0,1500,2279170.0
2017-05-24,1551.0,1575.0,1520.0,1575.0,0.0,4338,6673623.0
2017-05-23,1539.0,1600.0,1551.0,1551.0,0.0,2303,3607784.0
2017-05-22,1585.0,1585.0,1539.0,1539.0,0.0,1718,2659935.0
2017-05-21,1600.0,1618.0,1585.0,1585.0,0.0,826,1316355.0
2017-05-18,1605.0,1609.0,1590.0,1600.0,0.0,2700,4315265.0
2017-05-17,1618.0,1640.0,1600.0,1605.0,0.0,384,625275.0
2017-05-16,1611.0,1635.0,1614.0,1618.0,0.0,818,1326504.0
2017-05-15,1635.0,1625.0,1605.0,1611.0,0.0,795,1285735.0
2017-05-11,1610.0,1635.0,1585.0,1635.0,0.0,1730,2773840.0
2017-05-09,1598.0,1610.0,1570.0,1610.0,0.0,1547,2466418.0
2017-05-08,1537.0,1598.0,1567.0,1598.0,0.0,201,320501.0
2017-05-07,1600.0,1610.0,1537.0,1537.0,0.0,1602,2534621.0
2017-05-04,1605.0,1637.0,1600.0,1600.0,0.0,428,691500.0
2017-05-03,1602.0,1634.0,1595.0,1605.0,0.0,730,1175257.0
2017-05-02,1600.0,1632.0,1585.0,1602.0,0.0,1113,1784102.0
2017-04-30,1630.0,1619.0,1600.0,1600.0,0.0,2562,4109529.0
2017-04-27,1630.0,1660.0,1630.0,1630.0,0.0,218,360790.0
2017-04-26,1660.0,1660.0,1630.0,1630.0,0.0,1035,1702488.0
2017-04-25,1655.0,1688.0,1656.0,1660.0,0.0,438,733064.0
2017-04-24,1662.0,1685.0,1655.0,1655.0,0.0,1514,2523660.0
2017-04-23,1630.0,1700.0,1630.0,1662.0,0.0,1537,2564676.0
2017-04-20,1650.0,1693.0,1630.0,1630.0,0.0,556,919985.0
2017-04-19,1590.0,1650.0,1600.0,1650.0,0.0,2184,3556899.0
2017-04-18,1640.0,1635.0,1530.0,1590.0,0.0,3568,5690847.0
2017-04-16,1780.0,1775.0,1637.0,1640.0,0.0,3932,6690570.0
2017-04-13,1790.0,1810.0,1745.0,1780.0,0.0,5535,9828122.0
2017-04-12,1789.0,1855.0,1775.0,1790.0,0.0,3002,5446972.0
2017-04-11,1734.0,1830.0,1725.0,1789.0,0.0,2766,4847340.0
2017-04-10,1665.0,1734.0,1680.0,1734.0,0.0,680,1161900.0
2017-04-09,1635.0,1665.0,1603.0,1665.0,0.0,1912,3100068.0
2017-04-06,1650.0,1660.0,1630.0,1635.0,0.0,2762,4545074.0
2017-04-04,1605.0,1650.0,1550.0,1650.0,0.0,5208,8402572.0
2017-04-03,1570.0,1727.0,1601.0,1605.0,0.0,10456,17722402.0
2017-04-02,1450.0,1570.0,1479.0,1570.0,0.0,80,122550.0
2017-03-30,1440.0,1450.0,1390.0,1450.0,0.0,3533,5063297.0
2017-03-29,1375.0,1487.0,1402.0,1440.0,0.0,6081,8739050.0
2017-03-28,1250.0,1375.0,1265.0,1375.0,0.0,5269,6935837.0
2017-03-26,1223.0,1300.0,1247.0,1250.0,0.0,4110,5215302.0
2017-03-23,1246.0,1270.0,1200.0,1223.0,0.0,2989,3694910.0
2017-03-22,1271.0,1310.0,1246.0,1246.0,0.0,2676,3418138.0
2017-03-21,1234.0,1275.0,1187.0,1271.0,0.0,6875,8584758.0
2017-03-20,1122.0,1234.0,1125.0,1234.0,0.0,8499,10084345.0
2017-03-19,1055.0,1122.0,1065.0,1122.0,0.0,6446,7050151.0
2017-03-16,1050.0,1055.0,1040.0,1055.0,0.0,247,257585.0
2017-03-15,1010.0,1050.0,1000.0,1050.0,0.0,522,526140.0
2017-03-14,1055.0,1075.0,1010.0,1010.0,0.0,482,503975.0
2017-03-13,1030.0,1055.0,1049.0,1055.0,0.0,911,957371.0
2017-03-09,1000.0,1040.0,1000.0,1030.0,0.0,1066,1101970.0
2017-03-07,1035.0,1030.0,1000.0,1000.0,0.0,2022,2050120.0
2017-03-06,1034.0,1055.0,1012.0,1035.0,0.0,3775,3930180.0
2017-03-05,1008.0,1050.0,1009.0,1034.0,0.0,3851,3979335.0
2017-03-02,945.0,1008.0,945.0,1008.0,0.0,1916,1879377.0
2017-03-01,884.0,954.0,890.0,945.0,0.0,3010,2777270.0
2017-02-28,930.0,930.0,863.0,884.0,0.0,3237,2875760.0
2017-02-26,980.0,961.0,930.0,930.0,0.0,260,244850.0
2017-02-23,1000.0,1010.0,980.0,980.0,0.0,2517,2484191.0
2017-02-22,1044.0,1044.0,1000.0,1000.0,0.0,1317,1342778.0
2017-02-21,1040.0,1070.0,1009.0,1044.0,0.0,1969,2056207.0
2017-02-20,1020.0,1122.0,1030.0,1040.0,0.0,14260,15496845.0
2017-02-19,932.0,1025.0,914.0,1020.0,0.0,8171,8132667.0
2017-02-16,848.0,932.0,864.0,932.0,0.0,3278,2968222.0
2017-02-15,771.0,848.0,786.0,848.0,0.0,3119,2544899.0
2017-02-14,701.0,771.0,715.0,771.0,0.0,1025,783832.0
2017-02-13,777.0,764.0,701.0,701.0,0.0,925,680900.0
2017-02-12,840.0,824.0,777.0,777.0,0.0,1544,1223038.0
2017-02-09,885.0,871.0,840.0,840.0,0.0,1477,1267645.0
2017-02-08,930.0,925.0,882.0,885.0,0.0,650,585865.0
2017-02-07,939.0,930.0,903.0,930.0,0.0,1129,1034890.0
2017-02-06,951.0,939.0,921.0,939.0,0.0,339,314205.0
2017-02-05,965.0,952.0,951.0,951.0,0.0,700,665720.0
2017-02-02,959.0,1027.0,962.0,965.0,0.0,2322,2276478.0
2017-02-01,900.0,959.0,899.0,959.0,0.0,243,221193.0
2017-01-31,909.0,927.0,885.0,900.0,0.0,913,822369.0
2017-01-30,1010.0,990.0,909.0,909.0,0.0,1366,1276874.0
2017-01-26,1039.0,1029.0,988.0,1010.0,0.0,1614,1615829.0
2017-01-25,1077.0,1080.0,1030.0,1039.0,0.0,1941,2050453.0
2017-01-24,1100.0,1110.0,1068.0,1077.0,0.0,1270,1367168.0
2017-01-23,1142.0,1125.0,1099.0,1100.0,0.0,3187,3526485.0
2017-01-22,1173.0,1170.0,1142.0,1142.0,0.0,650,754100.0
2017-01-19,1132.0,1173.0,1150.0,1173.0,0.0,236,271630.0
2017-01-18,1150.0,1140.0,1132.0,1132.0,0.0,700,797390.0
2017-01-16,1160.0,1160.0,1150.0,1150.0,0.0,400,463000.0
2017-01-15,1218.0,1195.0,1160.0,1160.0,0.0,1241,1461088.0
2017-01-12,1200.0,1224.0,1205.0,1218.0,0.0,1290,1570050.0
2017-01-11,1202.0,1215.0,1190.0,1200.0,0.0,1170,1401750.0
2017-01-10,1162.0,1202.0,1185.0,1202.0,0.0,61,72472.0
2017-01-09,1140.0,1162.0,1162.0,1162.0,0.0,414,481068.0
2017-01-08,1165.0,1142.0,1120.0,1140.0,0.0,1312,1488905.0
2017-01-05,1170.0,1165.0,1147.0,1165.0,0.0,120,137850.0
2017-01-04,1126.0,1170.0,1104.0,1170.0,0.0,195,224380.0
2017-01-03,1159.0,1146.0,1126.0,1126.0,0.0,320,364220.0
2017-01-02,1140.0,1170.0,1149.0,1159.0,0.0,1730,1997700.0
2017-01-01,1120.0,1160.0,1130.0,1140.0,0.0,2036,2327900.0
2016-12-29,1070.0,1120.0,1070.0,1120.0,0.0,3869,4257870.0
2016-12-28,1098.0,1125.0,1070.0,1070.0,0.0,583,636910.0
2016-12-27,1435.0,1407.0,1330.0,1340.0,0.0,2016,2751378.0
2016-12-26,1555.0,1530.0,1435.0,1435.0,0.0,822,1208088.0
2016-12-22,1560.0,1555.0,1550.0,1555.0,0.0,140,217250.0
2016-12-21,1590.0,1560.0,1560.0,1560.0,0.0,30,46800.0
2016-12-20,1635.0,1634.0,1590.0,1590.0,0.0,670,1083050.0
2016-12-19,1605.0,1635.0,1635.0,1635.0,0.0,20,32700.0
2016-12-18,1605.0,1605.0,1573.0,1605.0,0.0,659,1048353.0
2016-12-15,1570.0,1620.0,1540.0,1605.0,0.0,2126,3404750.0
2016-12-14,1572.0,1632.0,1570.0,1570.0,0.0,977,1559424.0
2016-12-12,1600.0,1599.0,1569.0,1572.0,0.0,1066,1683884.0
2016-12-11,1632.0,1627.0,1600.0,1600.0,0.0,151,244300.0
2016-12-08,1600.0,1635.0,1600.0,1632.0,0.0,745,1216320.0
2016-12-07,1690.0,1665.0,1600.0,1600.0,0.0,1300,2094360.0
2016-12-06,1685.0,1718.0,1660.0,1690.0,0.0,479,804860.0
2016-12-05,1755.0,1730.0,1685.0,1685.0,0.0,330,563610.0
2016-12-04,1790.0,1790.0,1755.0,1755.0,0.0,280,494500.0
2016-12-01,1860.0,1850.0,1790.0,1790.0,0.0,2889,5253895.0
2016-11-30,1897.0,1945.0,1850.0,1860.0,0.0,1104,2076360.0
2016-11-29,1800.0,1897.0,1798.0,1897.0,0.0,640,1154460.0
2016-11-28,1816.0,1836.0,1764.0,1800.0,0.0,2704,4832970.0
2016-11-24,1920.0,1920.0,1816.0,1816.0,0.0,533,1003560.0
2016-11-23,1975.0,2009.0,1920.0,1920.0,0.0,310,611020.0
2016-11-22,2139.0,2097.0,1975.0,1975.0,0.0,1163,2335209.0
2016-11-21,2209.0,2180.0,2139.0,2139.0,0.0,80,171550.0
2016-11-20,2254.0,2210.0,2209.0,2209.0,0.0,160,353450.0
2016-11-17,2210.0,2254.0,2254.0,2254.0,0.0,20,45080.0
2016-11-16,2210.0,2210.0,2210.0,2210.0,0.0,100,221000.0
2016-11-15,2215.0,2210.0,2205.0,2210.0,0.0,300,662500.0
2016-11-14,2225.0,2220.0,2210.0,2215.0,0.0,438,969165.0
2016-11-13,2200.0,2245.0,2220.0,2225.0,0.0,908,2018960.0
2016-11-10,2150.0,2236.0,2165.0,2200.0,0.0,1410,3092886.0
2016-11-09,2230.0,2230.0,2150.0,2150.0,0.0,190,414100.0
2016-11-08,2244.0,2230.0,2205.0,2230.0,0.0,250,552500.0
2016-11-07,2250.0,2250.0,2243.0,2244.0,0.0,390,875680.0
2016-10-27,2240.0,2250.0,2250.0,2250.0,0.0,150,337500.0
2016-10-26,2201.0,2240.0,2206.0,2240.0,0.0,718,1601084.0
2016-10-25,2260.0,2245.0,2201.0,2201.0,0.0,575,1284375.0
2016-10-24,2260.0,2265.0,2241.0,2260.0,0.0,1668,3758720.0
2016-10-23,2220.0,2260.0,2250.0,2260.0,0.0,370,835250.0
2016-10-20,2228.0,2229.0,2200.0,2220.0,0.0,1491,3299878.0
2016-10-19,2255.0,2250.0,2228.0,2228.0,0.0,281,627728.0
2016-10-18,2300.0,2255.0,2254.0,2255.0,0.0,195,439625.0
2016-10-17,2305.0,2309.0,2300.0,2300.0,0.0,220,506180.0
2016-10-16,2296.0,2305.0,2260.0,2305.0,0.0,150,341250.0
2016-10-06,2280.0,2298.0,2280.0,2296.0,0.0,1050,2411000.0
2016-10-05,2299.0,2300.0,2280.0,2280.0,0.0,450,1029250.0
2016-10-04,2240.0,2299.0,2240.0,2299.0,0.0,1568,3570539.0
2016-10-03,2222.0,2266.0,2200.0,2240.0,0.0,354,793834.0
2016-10-02,2150.0,2222.0,2190.0,2222.0,0.0,329,725897.0
2016-09-29,2083.0,2150.0,2124.0,2150.0,0.0,410,873440.0
2016-09-28,2081.0,2110.0,2080.0,2083.0,0.0,184,385527.0
2016-09-27,2122.0,2102.0,2081.0,2081.0,0.0,288,601428.0
2016-09-26,2120.0,2122.0,2081.0,2122.0,0.0,416,878652.0
2016-09-25,2240.0,2210.0,2120.0,2120.0,0.0,900,1942150.0
2016-09-22,2240.0,2240.0,2240.0,2240.0,0.0,90,201600.0
2016-09-21,2200.0,2240.0,2240.0,2240.0,0.0,60,134400.0
2016-09-20,2270.0,2260.0,2200.0,2200.0,0.0,820,1825040.0
2016-09-18,2260.0,2270.0,2260.0,2270.0,0.0,523,1182210.0
2016-09-14,2305.0,2295.0,2260.0,2260.0,0.0,139,315715.0
2016-09-11,2300.0,2305.0,2295.0,2305.0,0.0,555,1277475.0
2016-09-08,2240.0,2300.0,2284.0,2300.0,0.0,424,972196.0
2016-09-07,2191.0,2259.0,2214.0,2240.0,0.0,858,1910598.0
2016-09-06,2280.0,2280.0,2191.0,2191.0,0.0,660,1482960.0
2016-09-05,2254.0,2299.0,2280.0,2280.0,0.0,154,353046.0
2016-09-04,2300.0,2346.0,2254.0,2254.0,0.0,850,1957300.0
2016-09-03,2300.0,2346.0,2254.0,2254.0,0.0,850,1957300.0
2016-09-01,2346.0,2300.0,2300.0,2300.0,0.0,50,115000.0
2016-08-31,2278.0,2346.0,2300.0,2346.0,0.0,129,299460.0
2016-08-30,2371.0,2330.0,2278.0,2278.0,0.0,500,1149700.0
2016-08-29,2325.0,2371.0,2280.0,2371.0,0.0,232,534920.0
2016-08-28,2271.0,2340.0,2226.0,2325.0,0.0,1207,2746348.0
2016-08-24,2065.0,2271.0,2106.0,2271.0,0.0,1829,4009759.0
2016-08-23,2140.0,2139.0,2065.0,2065.0,0.0,1988,4166020.0
2016-08-22,2220.0,2200.0,2140.0,2140.0,0.0,180,392280.0
2016-08-21,2240.0,2245.0,2220.0,2220.0,0.0,1215,2706031.0
2016-08-17,2215.0,2288.0,2171.0,2240.0,0.0,1205,2703095.0
2016-08-16,2190.0,2277.0,2215.0,2215.0,0.0,972,2161425.0
2016-08-15,2200.0,2210.0,2160.0,2190.0,0.0,2528,5532055.0
2016-08-14,2251.0,2260.0,2200.0,2200.0,0.0,621,1388700.0
2016-08-11,2250.0,2260.0,2250.0,2251.0,0.0,1129,2543060.0
2016-08-10,2212.0,2259.0,2210.0,2250.0,0.0,1102,2454840.0
2016-08-09,2127.0,2212.0,2169.0,2212.0,0.0,20,43810.0
2016-08-08,2210.0,2170.0,2127.0,2127.0,0.0,224,483930.0
2016-08-07,2210.0,2310.0,2210.0,2210.0,0.0,2353,5310866.0
2016-08-04,2403.0,2360.0,2210.0,2210.0,0.0,1144,2644090.0
2016-08-03,2400.0,2403.0,2360.0,2403.0,0.0,521,1240200.0
2016-08-02,2450.0,2425.0,2400.0,2400.0,0.0,580,1399500.0
2016-08-01,2480.0,2500.0,2450.0,2450.0,0.0,2247,5572265.0
2016-07-31,2450.0,2480.0,2450.0,2480.0,0.0,130,319400.0
2016-07-28,2467.0,2501.0,2450.0,2450.0,0.0,399,992599.0
2016-07-27,2525.0,2510.0,2453.0,2467.0,0.0,876,2178156.0
2016-07-26,2559.0,2560.0,2508.0,2525.0,0.0,2799,7107565.0
2016-07-25,2400.0,2559.0,2448.0,2559.0,0.0,2512,6383585.0
2016-07-21,2400.0,2448.0,2350.0,2400.0,0.0,1480,3534353.0
2016-07-20,2401.0,2435.0,2370.0,2400.0,0.0,7107,17158572.0
2016-07-19,2530.0,2631.0,2401.0,2401.0,0.0,2019,5131565.0
2016-07-18,2300.0,2530.0,2280.0,2530.0,0.0,4736,11596286.0
2016-07-17,2401.0,2449.0,2300.0,2300.0,0.0,1866,4361786.0
2016-07-14,2500.0,2550.0,2401.0,2401.0,0.0,1360,3386050.0
2016-07-13,2641.0,2692.0,2470.0,2500.0,0.0,7206,18211108.0
2016-07-12,2401.0,2641.0,2290.0,2641.0,0.0,7894,20107196.0
2016-07-11,2556.0,2565.0,2401.0,2401.0,0.0,3437,8463600.0
2016-07-10,2565.0,2600.0,2530.0,2556.0,0.0,4333,11170015.0
2016-07-06,2455.0,2639.0,2504.0,2565.0,0.0,5959,15457582.0
2016-07-05,2631.0,2630.0,2450.0,2455.0,0.0,2918,7489710.0
2016-07-04,2610.0,2640.0,2610.0,2631.0,0.0,2021,5313912.0
2016-07-03,2555.0,2625.0,2570.0,2610.0,0.0,4931,12848350.0
2016-06-30,2423.0,2555.0,2400.0,2555.0,0.0,6986,17364650.0
2016-06-29,2880.0,3010.0,2846.0,2999.0,0.0,15546,46161456.0
2016-06-28,2914.0,2939.0,2800.0,2880.0,0.0,3440,9920963.0
2016-06-27,2910.0,2959.0,2850.0,2914.0,0.0,4645,13436055.0
2016-06-26,2986.0,2990.0,2840.0,2910.0,0.0,5616,16381096.0
2016-06-23,2949.0,3099.0,2960.0,2986.0,0.0,11523,34606528.0
2016-06-22,2800.0,2950.0,2820.0,2949.0,0.0,5903,17249596.0
2016-06-21,2637.0,2814.0,2689.0,2800.0,0.0,12547,34984744.0
2016-06-20,2550.0,2805.0,2601.0,2637.0,0.0,14757,39551440.0
2016-06-19,2630.0,2625.0,2510.0,2550.0,0.0,10575,27477058.0
2016-06-16,2600.0,2652.0,2558.0,2630.0,0.0,7902,20668568.0
2016-06-15,2525.0,2601.0,2470.0,2600.0,0.0,11515,29370820.0
2016-06-14,2300.0,2525.0,2345.0,2525.0,0.0,9277,22279688.0
2016-06-13,2370.0,2416.0,2275.0,2300.0,0.0,9762,22853260.0
2016-06-12,2167.0,2383.0,2150.0,2370.0,0.0,15735,36407752.0
2016-06-09,1970.0,2167.0,2009.0,2167.0,0.0,12475,26218932.0
2016-06-08,1840.0,1975.0,1876.0,1970.0,0.0,6216,11894728.0
2016-06-07,1825.0,1850.0,1836.0,1840.0,0.0,3579,6610542.0
2016-06-06,1806.0,1835.0,1800.0,1825.0,0.0,755,1369561.0
2016-06-05,1833.0,1810.0,1775.0,1806.0,0.0,5725,10282890.0
2016-06-02,1772.0,1836.0,1737.0,1833.0,0.0,2452,4375209.0
2016-06-01,1840.0,1812.0,1767.0,1772.0,0.0,2292,4118833.0
2016-05-31,1871.0,1875.0,1840.0,1840.0,0.0,2029,3773985.0
2016-05-30,1848.0,1875.0,1850.0,1871.0,0.0,4154,7748600.0
2016-05-29,1799.0,1885.0,1791.0,1848.0,0.0,7488,13643750.0
2016-05-26,1700.0,1799.0,1674.0,1799.0,0.0,9831,16992960.0
2016-05-25,1765.0,1770.0,1690.0,1700.0,0.0,2752,4763755.0
2016-05-24,1744.0,1800.0,1744.0,1765.0,0.0,5705,10125278.0
2016-05-23,1747.0,1790.0,1700.0,1744.0,0.0,7237,12770338.0
2016-05-22,1589.0,1747.0,1620.0,1747.0,0.0,5924,10133702.0
2016-05-19,1539.0,1590.0,1545.0,1589.0,0.0,5849,9171859.0
2016-05-18,1460.0,1539.0,1475.0,1539.0,0.0,6622,9936191.0
2016-05-17,1478.0,1460.0,1451.0,1460.0,0.0,712,1038206.0
2016-05-16,1498.0,1500.0,1470.0,1478.0,0.0,3017,4462758.0
2016-05-15,1441.0,1520.0,1459.0,1498.0,0.0,2618,3916005.0
2016-05-12,1400.0,1480.0,1428.0,1441.0,0.0,9043,13182814.0
2016-05-11,1410.0,1409.0,1382.0,1400.0,0.0,768,1070595.0
2016-05-10,1380.0,1410.0,1380.0,1410.0,0.0,3482,4880129.0
2016-05-09,1350.0,1380.0,1360.0,1380.0,0.0,469,644575.0
2016-05-08,1370.0,1361.0,1350.0,1350.0,0.0,350,474650.0
2016-05-05,1360.0,1380.0,1370.0,1370.0,0.0,2302,3158020.0
2016-05-04,1356.0,1360.0,1360.0,1360.0,0.0,323,439280.0
2016-05-03,1349.0,1360.0,1350.0,1356.0,0.0,1755,2380080.0
2016-05-02,1359.0,1370.0,1349.0,1349.0,0.0,1479,2004040.0
2016-04-28,1333.0,1359.0,1310.0,1359.0,0.0,740,985790.0
2016-04-27,1330.0,1333.0,1307.0,1333.0,0.0,480,636795.0
2016-04-26,1326.0,1340.0,1315.0,1330.0,0.0,768,1019055.0
2016-04-25,1300.0,1326.0,1282.0,1326.0,0.0,1752,2292258.0
2016-04-24,1298.0,1300.0,1280.0,1300.0,0.0,952,1229170.0
2016-04-21,1315.0,1300.0,1298.0,1298.0,0.0,243,315854.0
2016-04-20,1325.0,1322.0,1315.0,1315.0,0.0,599,789964.0
2016-04-19,1318.0,1325.0,1301.0,1325.0,0.0,597,784683.0
2016-04-18,1290.0,1333.0,1310.0,1318.0,0.0,2748,3634167.0
2016-04-17,1260.0,1290.0,1280.0,1290.0,0.0,112,144360.0
2016-04-14,1270.0,1280.0,1260.0,1260.0,0.0,299,378065.0
2016-04-12,1260.0,1270.0,1252.0,1270.0,0.0,673,849247.0
2016-04-11,1260.0,1260.0,1260.0,1260.0,0.0,107,134820.0
2016-04-10,1303.0,1281.0,1260.0,1260.0,0.0,658,840088.0
2016-04-06,1281.0,1303.0,1271.0,1303.0,0.0,2607,3370753.0
2016-04-05,1290.0,1281.0,1276.0,1281.0,0.0,317,405827.0
2016-04-04,1251.0,1290.0,1275.0,1290.0,0.0,420,540070.0
2016-04-03,1300.0,1275.0,1251.0,1251.0,0.0,130,165030.0
2016-03-31,1300.0,1300.0,1274.0,1300.0,0.0,1404,1810060.0
2016-03-30,1300.0,1300.0,1275.0,1300.0,0.0,724,939700.0
2016-03-29,1300.0,1326.0,1300.0,1300.0,0.0,1513,1977357.0
2016-03-28,1335.0,1309.0,1300.0,1300.0,0.0,1169,1521700.0
2016-03-27,1360.0,1340.0,1335.0,1335.0,0.0,200,267500.0
2016-03-24,1360.0,1365.0,1349.0,1360.0,0.0,1079,1465410.0
2016-03-23,1385.0,1385.0,1358.0,1360.0,0.0,507,689457.0
2016-03-21,1435.0,1410.0,1382.0,1385.0,0.0,657,916824.0
2016-03-20,1375.0,1482.0,1380.0,1435.0,0.0,4806,6744518.0
2016-03-17,1310.0,1375.0,1320.0,1375.0,0.0,3122,4189973.0
2016-03-16,1300.0,1319.0,1300.0,1310.0,0.0,2768,3617756.0
2016-03-15,1265.0,1305.0,1240.0,1300.0,0.0,2880,3694025.0
2016-03-14,1347.0,1321.0,1250.0,1265.0,0.0,1922,2458100.0
2016-03-13,1375.0,1402.0,1347.0,1347.0,0.0,171,235787.0
2016-03-10,1250.0,1375.0,1254.0,1375.0,0.0,7314,9774891.0
2016-03-06,1190.0,1250.0,1188.0,1250.0,0.0,4957,6074538.0
2016-03-03,1200.0,1243.0,1190.0,1190.0,0.0,1013,1222355.0
2016-03-02,1120.0,1227.0,1142.0,1200.0,0.0,163,192240.0
2016-03-01,1120.0,1120.0,1099.0,1120.0,0.0,1888,2087250.0
2016-02-29,1150.0,1140.0,1120.0,1120.0,0.0,296,333195.0
2016-02-28,1182.0,1182.0,1150.0,1150.0,0.0,494,571737.0
2016-02-25,1230.0,1206.0,1182.0,1182.0,0.0,564,670248.0
2016-02-24,1181.0,1230.0,1158.0,1230.0,0.0,230,271150.0
2016-02-23,1228.0,1204.0,1181.0,1181.0,0.0,651,775740.0
2016-02-22,1229.0,1253.0,1228.0,1228.0,0.0,273,336194.0
2016-02-21,1170.0,1251.0,1193.0,1229.0,0.0,4455,5497540.0
2016-02-18,1081.0,1189.0,1085.0,1170.0,0.0,4407,5108179.0
2016-02-17,1098.0,1104.0,1081.0,1081.0,0.0,299,323978.0
2016-02-16,1120.0,1098.0,1098.0,1098.0,0.0,39,42822.0
2016-02-15,1114.0,1120.0,1070.0,1120.0,0.0,1506,1648630.0
2016-02-14,1120.0,1115.0,1101.0,1114.0,0.0,562,621799.0
2016-02-11,1135.0,1142.0,1113.0,1120.0,0.0,1851,2075016.0
2016-02-08,1110.0,1164.0,1120.0,1135.0,0.0,3394,3875000.0
2016-02-07,1070.0,1112.0,1079.0,1110.0,0.0,5963,6522048.0
2016-02-04,1020.0,1070.0,990.0,1070.0,0.0,1427,1466128.0
2016-02-03,1000.0,1020.0,1020.0,1020.0,0.0,100,102000.0
2016-02-02,1019.0,1025.0,1000.0,1000.0,0.0,653,655492.0
2016-02-01,1005.0,1019.0,1010.0,1019.0,0.0,155,157495.0
2016-01-31,1014.0,1005.0,1002.0,1005.0,0.0,100,100350.0
2016-01-27,1034.0,1021.0,1014.0,1014.0,0.0,1310,1333110.0
2016-01-26,1025.0,1034.0,1025.0,1034.0,0.0,386,397450.0
2016-01-25,1019.0,1040.0,1022.0,1025.0,0.0,1423,1474880.0
2016-01-24,1015.0,1019.0,1001.0,1019.0,0.0,3620,3625780.0
2016-01-21,969.0,1024.0,988.0,1015.0,0.0,825,834271.0
2016-01-20,950.0,969.0,950.0,969.0,0.0,156,150100.0
2016-01-18,950.0,950.0,940.0,950.0,0.0,560,527700.0
2016-01-17,952.0,955.0,936.0,950.0,0.0,1007,951930.0
2016-01-14,990.0,971.0,952.0,952.0,0.0,709,675424.0
2016-01-13,1029.0,1009.0,990.0,990.0,0.0,187,187372.0
2016-01-11,1070.0,1049.0,1029.0,1029.0,0.0,111,116219.0
2016-01-07,1040.0,1070.0,1055.0,1070.0,0.0,273,288765.0
2016-01-06,1040.0,1040.0,1000.0,1040.0,0.0,1201,1222040.0
2016-01-05,1075.0,1065.0,1040.0,1040.0,0.0,540,569415.0
2016-01-04,1095.0,1122.0,1075.0,1075.0,0.0,2179,2389443.0
2016-01-03,996.0,1095.0,1015.0,1095.0,0.0,5291,5756282.0
2015-12-31,906.0,996.0,924.0,996.0,0.0,2539,2490226.0
2015-12-29,918.0,906.0,906.0,906.0,0.0,20,18120.0
2015-12-28,925.0,918.0,900.0,918.0,0.0,519,474609.0
2015-12-27,943.0,950.0,925.0,925.0,0.0,880,819000.0
2015-12-24,880.0,943.0,879.0,943.0,0.0,808,732028.0
2015-12-23,871.0,880.0,880.0,880.0,0.0,69,60720.0
2015-12-21,875.0,871.0,871.0,871.0,0.0,99,86229.0
2015-12-17,881.0,880.0,870.0,875.0,0.0,961,840136.0
2015-12-16,882.0,890.0,880.0,881.0,0.0,738,651596.0
2015-12-15,827.0,882.0,843.0,882.0,0.0,1083,931665.0
2015-12-13,820.0,827.0,819.0,827.0,0.0,283,232861.0
2015-12-09,810.0,830.0,815.0,820.0,0.0,646,529784.0
2015-12-07,795.0,825.0,810.0,810.0,0.0,532,434830.0
2015-12-06,768.0,795.0,783.0,795.0,0.0,125,99255.0
2015-12-03,739.0,768.0,753.0,768.0,0.0,30,22890.0
2015-12-02,784.0,769.0,739.0,739.0,0.0,700,527800.0
2015-11-25,799.0,784.0,784.0,784.0,0.0,100,78400.0
2015-11-18,784.0,799.0,795.0,799.0,0.0,544,432656.0
2015-11-16,800.0,784.0,784.0,784.0,0.0,59,46256.0
2015-11-09,790.0,800.0,800.0,800.0,0.0,30,24000.0
2015-11-05,790.0,790.0,790.0,790.0,0.0,26,20540.0
2015-11-04,790.0,790.0,790.0,790.0,0.0,235,185650.0
2015-11-03,818.0,802.0,790.0,790.0,0.0,1039,827302.0
2015-11-02,850.0,833.0,817.0,818.0,0.0,112,92004.0
2015-11-01,856.0,850.0,839.0,850.0,0.0,920,776200.0
2015-10-19,840.0,856.0,850.0,856.0,0.0,215,183680.0
2015-10-18,867.0,850.0,840.0,840.0,0.0,549,461880.0
2015-10-14,868.0,868.0,867.0,867.0,0.0,139,120572.0
2015-10-11,860.0,868.0,868.0,868.0,0.0,50,43400.0
2015-10-08,860.0,860.0,860.0,860.0,0.0,60,51600.0
2015-10-06,865.0,861.0,860.0,860.0,0.0,415,357050.0
2015-10-05,865.0,865.0,865.0,865.0,0.0,884,764660.0
2015-10-04,865.0,865.0,865.0,865.0,0.0,141,121965.0
2015-10-01,865.0,865.0,865.0,865.0,0.0,161,139265.0
2015-09-30,877.0,865.0,865.0,865.0,0.0,105,90825.0
2015-09-24,860.0,877.0,877.0,877.0,0.0,39,34203.0
2015-09-16,870.0,865.0,860.0,860.0,0.0,542,466620.0
2015-09-15,880.0,870.0,870.0,870.0,0.0,13,11310.0
2015-09-14,885.0,880.0,870.0,880.0,0.0,452,394760.0
2015-09-10,876.0,885.0,885.0,885.0,0.0,40,35400.0
2015-09-09,876.0,876.0,876.0,876.0,0.0,10,8760.0
2015-09-08,890.0,877.0,874.0,876.0,0.0,852,746748.0
2015-09-07,900.0,890.0,882.0,890.0,0.0,611,539385.0
2015-09-03,936.0,918.0,900.0,900.0,0.0,200,181800.0
2015-09-02,971.0,965.0,936.0,936.0,0.0,970,928044.0
2015-08-31,990.0,971.0,971.0,971.0,0.0,100,97100.0
2015-08-27,975.0,990.0,985.0,990.0,0.0,400,395750.0
2015-08-26,993.0,975.0,975.0,975.0,0.0,50,48750.0
2015-08-25,996.0,993.0,993.0,993.0,0.0,200,198600.0
2015-08-24,977.0,996.0,996.0,996.0,0.0,50,49800.0
2015-08-23,950.0,977.0,960.0,977.0,0.0,251,241147.0
2015-08-20,922.0,958.0,940.0,950.0,0.0,560,534200.0
2015-08-19,839.0,922.0,855.0,922.0,0.0,430,394800.0
2015-08-18,777.0,839.0,792.0,839.0,0.0,40,32610.0
2015-08-13,748.0,777.0,755.0,777.0,0.0,578,443150.0
2015-08-12,734.0,748.0,748.0,748.0,0.0,500,374000.0
2015-08-11,720.0,734.0,734.0,734.0,0.0,99,72666.0
2015-08-06,717.0,720.0,711.0,720.0,0.0,1782,1278795.0
2015-08-05,730.0,720.0,717.0,717.0,0.0,1293,929234.0
2015-08-04,720.0,733.0,720.0,730.0,0.0,698,505941.0
2015-08-03,715.0,720.0,701.0,720.0,0.0,440,311806.0
2015-08-02,711.0,715.0,715.0,715.0,0.0,22,15730.0
2015-07-30,710.0,711.0,709.0,711.0,0.0,119,84559.0
2015-07-29,720.0,710.0,706.0,710.0,0.0,288,204132.0
2015-07-28,724.0,720.0,720.0,720.0,0.0,180,129600.0
2015-07-27,710.0,724.0,724.0,724.0,0.0,180,130320.0
2015-07-23,721.0,710.0,707.0,710.0,0.0,250,177200.0
2015-07-22,750.0,735.0,721.0,721.0,0.0,100,72800.0
2015-07-16,762.0,762.0,750.0,750.0,0.0,262,197220.0
2015-07-15,762.0,777.0,762.0,762.0,0.0,83,63741.0
2015-07-13,712.0,762.0,720.0,762.0,0.0,140,102060.0
2015-07-08,728.0,718.0,712.0,712.0,0.0,1214,868216.0
2015-07-07,714.0,728.0,714.0,728.0,0.0,275,198272.0
2015-07-06,756.0,742.0,705.0,714.0,0.0,779,565820.0
2015-07-05,785.0,770.0,756.0,756.0,0.0,282,214424.0
2015-07-02,801.0,785.0,785.0,785.0,0.0,42,32970.0
2015-07-01,791.0,801.0,771.0,801.0,0.0,201,157331.0
2015-06-30,954.0,945.0,908.0,910.0,0.0,1618,1485768.0
2015-06-29,1060.0,1039.0,954.0,954.0,0.0,160,156620.0
2015-04-22,1050.0,1060.0,1040.0,1060.0,0.0,117,122435.0
2015-04-20,1050.0,1050.0,1050.0,1050.0,0.0,120,126000.0
2015-04-19,1030.0,1055.0,1040.0,1050.0,0.0,946,991135.0
2015-04-15,1030.0,1030.0,1030.0,1030.0,0.0,197,202910.0
2015-04-13,1035.0,1030.0,1015.0,1030.0,0.0,82,83710.0
2015-04-12,1045.0,1050.0,1035.0,1035.0,0.0,69,72000.0
2015-04-09,1065.0,1050.0,1045.0,1045.0,0.0,2485,2597925.0
2015-04-06,1060.0,1065.0,1060.0,1065.0,0.0,47,49920.0
2015-04-01,1060.0,1060.0,1045.0,1060.0,0.0,320,337850.0
2015-03-30,1040.0,1060.0,1060.0,1060.0,0.0,10,10600.0
2015-03-29,1039.0,1040.0,1020.0,1040.0,0.0,215,221580.0
2015-03-26,1059.0,1039.0,1039.0,1039.0,0.0,60,62340.0
2015-03-25,1080.0,1099.0,1059.0,1059.0,0.0,765,821714.0
2015-03-19,1059.0,1080.0,1080.0,1080.0,0.0,64,69120.0
2015-03-18,1100.0,1080.0,1059.0,1059.0,0.0,277,297362.0
2015-03-17,1070.0,1105.0,1090.0,1100.0,0.0,323,355150.0
2015-03-16,1084.0,1070.0,1070.0,1070.0,0.0,130,139100.0
2015-03-15,1086.0,1084.0,1084.0,1084.0,0.0,50,54200.0
2015-03-12,1100.0,1095.0,1086.0,1086.0,0.0,1524,1660673.0
2015-03-11,1118.0,1100.0,1100.0,1100.0,0.0,49,53900.0
2015-03-10,1140.0,1118.0,1118.0,1118.0,0.0,60,67080.0
2015-03-09,1120.0,1145.0,1140.0,1140.0,0.0,512,584404.0
2015-03-04,1132.0,1120.0,1120.0,1120.0,0.0,298,333760.0
2015-03-02,1142.0,1133.0,1131.0,1132.0,0.0,221,250037.0
2015-03-01,1103.0,1169.0,1125.0,1142.0,0.0,585,668726.0
2015-02-26,1100.0,1103.0,1100.0,1103.0,0.0,120,132060.0
2015-02-25,1091.0,1100.0,1090.0,1100.0,0.0,1185,1299690.0
2015-02-24,1055.0,1091.0,1055.0,1091.0,0.0,1504,1599614.0
2015-02-23,1040.0,1055.0,1045.0,1055.0,0.0,1166,1226270.0
2015-02-22,1060.0,1058.0,1040.0,1040.0,0.0,2736,2877020.0
2015-02-18,1061.0,1060.0,1060.0,1060.0,0.0,517,548020.0
2015-02-16,1078.0,1075.0,1061.0,1061.0,0.0,2025,2157833.0
2015-02-15,1085.0,1078.0,1078.0,1078.0,0.0,422,454916.0
2015-02-12,1085.0,1085.0,1085.0,1085.0,0.0,97,105245.0
2015-02-11,1089.0,1091.0,1070.0,1085.0,0.0,2050,2223506.0
2015-02-10,1090.0,1089.0,1084.0,1089.0,0.0,581,631709.0
2015-02-09,1095.0,1095.0,1088.0,1090.0,0.0,912,994012.0
2015-02-05,1095.0,1095.0,1095.0,1095.0,0.0,661,723795.0
2015-02-03,1110.0,1100.0,1095.0,1095.0,0.0,422,463710.0
2015-02-02,1103.0,1115.0,1100.0,1110.0,0.0,624,691710.0
2015-02-01,1080.0,1110.0,1100.0,1103.0,0.0,2973,3271173.0
2015-01-29,1090.0,1086.0,1078.0,1080.0,0.0,1164,1257678.0
2015-01-28,1080.0,1090.0,1078.0,1090.0,0.0,1256,1359958.0
2015-01-27,1077.0,1080.0,1080.0,1080.0,0.0,425,459000.0
2015-01-26,1098.0,1077.0,1077.0,1077.0,0.0,162,174474.0
2015-01-25,1081.0,1098.0,1061.0,1098.0,0.0,736,790187.0
2015-01-22,1075.0,1081.0,1060.0,1081.0,0.0,256,274867.0
2015-01-20,1060.0,1075.0,1060.0,1075.0,0.0,1710,1813511.0
2015-01-19,1050.0,1071.0,1050.0,1060.0,0.0,284,300867.0
2015-01-18,1060.0,1050.0,1050.0,1050.0,0.0,83,87150.0
2015-01-14,1065.0,1060.0,1025.0,1060.0,0.0,550,569760.0
2015-01-13,1042.0,1065.0,1030.0,1065.0,0.0,2106,2208716.0
2015-01-12,1080.0,1059.0,1001.0,1042.0,0.0,3282,3369126.0
2015-01-11,1200.0,1176.0,1080.0,1080.0,0.0,1864,2056843.0
2015-01-08,1190.0,1213.0,1189.0,1200.0,0.0,2502,2997573.0
2015-01-07,1190.0,1200.0,1190.0,1190.0,0.0,620,743522.0
2015-01-06,1185.0,1202.0,1180.0,1190.0,0.0,3309,3930102.0
2015-01-05,1181.0,1205.0,1185.0,1185.0,0.0,1487,1776215.0
2015-01-04,1160.0,1181.0,1160.0,1181.0,0.0,153,178593.0
2015-01-01,1150.0,1160.0,1150.0,1160.0,0.0,167,193146.0
2014-12-31,1145.0,1150.0,1130.0,1150.0,0.0,514,588480.0
2014-12-29,1150.0,1145.0,1141.0,1145.0,0.0,93,106405.0
2014-12-28,1132.0,1150.0,1121.0,1150.0,0.0,1168,1320882.0
2014-12-24,1170.0,1147.0,1110.0,1132.0,0.0,526,592392.0
2014-12-18,1180.0,1170.0,1170.0,1170.0,0.0,260,304200.0
2014-12-17,1170.0,1213.0,1180.0,1180.0,0.0,260,307590.0
2014-12-16,1170.0,1170.0,1170.0,1170.0,0.0,293,342810.0
2014-12-15,1169.0,1170.0,1170.0,1170.0,0.0,180,210600.0
2014-12-14,1100.0,1169.0,1122.0,1169.0,0.0,212,239007.0
2014-12-11,1100.0,1110.0,1100.0,1100.0,0.0,280,308660.0
2014-12-09,1103.0,1100.0,1100.0,1100.0,0.0,256,281600.0
2014-12-08,1103.0,1103.0,1103.0,1103.0,0.0,241,265823.0
2014-12-07,1144.0,1140.0,1103.0,1103.0,0.0,525,589005.0
2014-12-04,1122.0,1144.0,1140.0,1144.0,0.0,723,825912.0
2014-12-03,1124.0,1140.0,1122.0,1122.0,0.0,491,553508.0
2014-12-02,1118.0,1125.0,1102.0,1124.0,0.0,543,609628.0
2014-12-01,1140.0,1118.0,1118.0,1118.0,0.0,143,159874.0
2014-11-30,1140.0,1162.0,1140.0,1140.0,0.0,580,667240.0
2014-11-25,1166.0,1160.0,1140.0,1140.0,0.0,394,454840.0
2014-11-24,1178.0,1185.0,1166.0,1166.0,0.0,569,667886.0
2014-11-23,1155.0,1178.0,1178.0,1178.0,0.0,198,233244.0
2014-11-20,1110.0,1155.0,1132.0,1155.0,0.0,374,430053.0
2014-11-19,1130.0,1110.0,1110.0,1110.0,0.0,200,222000.0
2014-11-18,1137.0,1130.0,1120.0,1130.0,0.0,200,224750.0
2014-11-17,1160.0,1137.0,1137.0,1137.0,0.0,216,245592.0
2014-11-16,1159.0,1160.0,1160.0,1160.0,0.0,100,116000.0
2014-11-13,1178.0,1160.0,1140.0,1159.0,0.0,664,765452.0
2014-11-12,1155.0,1178.0,1178.0,1178.0,0.0,300,353400.0
2014-11-11,1176.0,1160.0,1137.0,1155.0,0.0,1324,1529240.0
2014-11-10,1200.0,1200.0,1176.0,1176.0,0.0,180,213120.0
2014-11-09,1224.0,1200.0,1200.0,1200.0,0.0,44,52800.0
2014-11-05,1191.0,1224.0,1201.0,1224.0,0.0,430,518554.0
2014-11-04,1221.0,1224.0,1191.0,1191.0,0.0,591,711875.0
2014-11-03,1270.0,1246.0,1221.0,1221.0,0.0,187,230465.0
2014-11-02,1289.0,1270.0,1270.0,1270.0,0.0,93,118110.0
2014-10-30,1280.0,1289.0,1289.0,1289.0,0.0,198,255222.0
2014-10-28,1300.0,1295.0,1275.0,1280.0,0.0,402,515968.0
2014-10-27,1255.0,1300.0,1280.0,1300.0,0.0,382,495278.0
2014-10-26,1215.0,1265.0,1230.0,1255.0,0.0,1617,2006386.0
2014-10-22,1191.0,1215.0,1190.0,1215.0,0.0,1435,1719179.0
2014-10-21,1179.0,1200.0,1176.0,1191.0,0.0,1646,1953659.0
2014-10-20,1140.0,1179.0,1160.0,1179.0,0.0,1256,1462683.0
2014-10-16,1164.0,1141.0,1140.0,1140.0,0.0,564,643024.0
2014-10-15,1150.0,1165.0,1160.0,1164.0,0.0,1917,2227244.0
2014-10-14,1137.0,1150.0,1150.0,1150.0,0.0,40,46000.0
2014-10-13,1160.0,1137.0,1115.0,1137.0,0.0,482,542430.0
2014-10-12,1140.0,1183.0,1160.0,1160.0,0.0,141,163820.0
2014-10-09,1126.0,1150.0,1130.0,1140.0,0.0,430,488400.0
2014-09-29,1100.0,1126.0,1122.0,1126.0,0.0,238,267596.0
2014-09-28,1081.0,1102.0,1100.0,1100.0,0.0,601,661300.0
2014-09-24,1060.0,1081.0,1060.0,1081.0,0.0,262,282475.0
2014-09-23,1055.0,1060.0,1060.0,1060.0,0.0,150,159000.0
2014-09-22,1051.0,1055.0,1055.0,1055.0,0.0,35,36925.0
2014-09-16,1070.0,1060.0,1049.0,1051.0,0.0,594,625744.0
2014-09-15,1085.0,1070.0,1070.0,1070.0,0.0,145,155150.0
2014-09-10,1040.0,1085.0,1060.0,1085.0,0.0,328,349430.0
2014-09-09,1083.0,1083.0,1040.0,1040.0,0.0,1106,1163736.0
2014-09-07,1127.0,1120.0,1083.0,1083.0,0.0,343,378785.0
2014-09-04,1150.0,1127.0,1125.0,1127.0,0.0,248,279294.0
2014-09-03,1140.0,1170.0,1140.0,1150.0,0.0,1691,1956777.0
2014-09-01,1200.0,1180.0,1140.0,1140.0,0.0,97,111475.0
2014-08-31,1201.0,1200.0,1200.0,1200.0,0.0,200,240000.0
2014-08-28,1200.0,1201.0,1200.0,1201.0,0.0,219,262999.0
2014-08-27,1190.0,1200.0,1180.0,1200.0,0.0,70,83580.0
2014-08-26,1210.0,1190.0,1190.0,1190.0,0.0,50,59500.0
2014-08-21,1225.0,1210.0,1200.0,1210.0,0.0,392,471556.0
2014-08-20,1247.0,1235.0,1225.0,1225.0,0.0,174,214465.0
2014-08-19,1270.0,1280.0,1247.0,1247.0,0.0,1457,1836470.0
2014-08-18,1235.0,1270.0,1259.0,1270.0,0.0,134,169630.0
2014-08-14,1235.0,1235.0,1235.0,1235.0,0.0,1060,1309100.0
2014-08-13,1250.0,1245.0,1230.0,1235.0,0.0,472,582430.0
2014-08-12,1240.0,1250.0,1245.0,1250.0,0.0,439,548250.0
2014-08-07,1225.0,1240.0,1206.0,1240.0,0.0,241,293424.0
2014-08-06,1240.0,1225.0,1225.0,1225.0,0.0,268,328300.0
2014-08-05,1250.0,1240.0,1230.0,1240.0,0.0,344,425320.0
2014-08-04,1270.0,1275.0,1250.0,1250.0,0.0,366,461890.0
2014-08-03,1265.0,1285.0,1260.0,1270.0,0.0,986,1255150.0
2014-07-31,1282.0,1285.0,1265.0,1265.0,0.0,1208,1536670.0
2014-07-30,1330.0,1310.0,1280.0,1282.0,0.0,875,1130648.0
2014-07-28,1305.0,1330.0,1330.0,1330.0,0.0,100,133000.0
2014-07-27,1309.0,1325.0,1305.0,1305.0,0.0,360,472800.0
2014-07-24,1275.0,1320.0,1295.0,1309.0,0.0,1894,2471039.0
2014-07-23,1286.0,1299.0,1268.0,1275.0,0.0,1016,1306770.0
2014-07-22,1310.0,1310.0,1286.0,1286.0,0.0,318,412632.0
2014-07-21,1250.0,1352.0,1275.0,1310.0,0.0,1269,1671002.0
2014-07-17,1260.0,1280.0,1250.0,1250.0,0.0,763,962225.0
2014-07-16,1250.0,1260.0,1250.0,1260.0,0.0,714,894020.0
2014-07-15,1275.0,1255.0,1230.0,1250.0,0.0,874,1090899.0
2014-07-14,1300.0,1275.0,1275.0,1275.0,0.0,79,100725.0
2014-07-13,1326.0,1300.0,1300.0,1300.0,0.0,25,32500.0
2014-07-10,1352.0,1326.0,1326.0,1326.0,0.0,20,26520.0
2014-07-09,1350.0,1352.0,1352.0,1352.0,0.0,66,89232.0
2014-07-08,1352.0,1370.0,1345.0,1350.0,0.0,1126,1526430.0
2014-07-07,1300.0,1352.0,1324.0,1352.0,0.0,505,671072.0
2014-07-06,1275.0,1300.0,1235.0,1300.0,0.0,615,779750.0
2014-07-03,1240.0,1300.0,1250.0,1275.0,0.0,317,404750.0
2014-07-02,1220.0,1240.0,1240.0,1240.0,0.0,174,215760.0
2014-07-01,1180.0,1220.0,1169.0,1220.0,0.0,8666,10156507.0
2014-06-30,1197.0,1200.0,1177.0,1180.0,0.0,270,319540.0
2014-06-26,1175.0,1197.0,1195.0,1197.0,0.0,381,455623.0
2014-06-25,1183.0,1175.0,1170.0,1175.0,0.0,339,396880.0
2014-06-24,1162.0,1183.0,1150.0,1183.0,0.0,525,611400.0
2014-06-23,1140.0,1162.0,1162.0,1162.0,0.0,40,46480.0
2014-06-19,1155.0,1145.0,1132.0,1140.0,0.0,240,273450.0
2014-06-18,1135.0,1155.0,1150.0,1155.0,0.0,953,1097805.0
2014-06-17,1120.0,1140.0,1130.0,1135.0,0.0,718,816630.0
2014-06-16,1100.0,1120.0,1120.0,1120.0,0.0,322,360640.0
2014-06-12,1130.0,1109.0,1100.0,1100.0,0.0,249,274341.0
2014-06-11,1120.0,1130.0,1101.0,1130.0,0.0,605,677460.0
2014-06-10,1124.0,1120.0,1120.0,1120.0,0.0,208,232960.0
2014-06-09,1112.0,1134.0,1124.0,1124.0,0.0,511,576254.0
2014-06-05,1113.0,1112.0,1091.0,1112.0,0.0,146,161302.0
2014-06-04,1371.0,1375.0,1328.0,1335.0,0.0,966,1296581.0
2014-06-03,1382.0,1375.0,1335.0,1371.0,0.0,3180,4281215.0
2014-06-02,1380.0,1395.0,1370.0,1382.0,0.0,1265,1741763.0
2014-06-01,1399.0,1398.0,1372.0,1380.0,0.0,1116,1537825.0
2014-05-28,1430.0,1420.0,1383.0,1399.0,0.0,1389,1933159.0
2014-05-27,1470.0,1465.0,1430.0,1430.0,0.0,1416,2044534.0
2014-05-26,1469.0,1490.0,1460.0,1470.0,0.0,1660,2440795.0
2014-05-25,1390.0,1477.0,1395.0,1469.0,0.0,1892,2749540.0
2014-05-22,1370.0,1390.0,1375.0,1390.0,0.0,2877,3981800.0
2014-05-21,1351.0,1370.0,1346.0,1370.0,0.0,2537,3427986.0
2014-05-20,1327.0,1351.0,1330.0,1351.0,0.0,2638,3529350.0
2014-05-19,1318.0,1330.0,1310.0,1327.0,0.0,657,866408.0
2014-05-18,1300.0,1340.0,1300.0,1318.0,0.0,1981,2629748.0
2014-05-15,1295.0,1305.0,1293.0,1300.0,0.0,1187,1538381.0
2014-05-13,1234.0,1320.0,1258.0,1295.0,0.0,4152,5377194.0
2014-05-12,1210.0,1234.0,1210.0,1234.0,0.0,250,307300.0
2014-05-11,1226.0,1210.0,1210.0,1210.0,0.0,33,39930.0
2014-05-08,1256.0,1251.0,1226.0,1226.0,0.0,870,1077190.0
2014-05-07,1232.0,1256.0,1256.0,1256.0,0.0,50,62800.0
2014-05-06,1282.0,1257.0,1232.0,1232.0,0.0,193,241151.0
2014-05-05,1298.0,1326.0,1282.0,1282.0,0.0,1443,1884129.0
2014-05-04,1280.0,1298.0,1290.0,1298.0,0.0,181,234312.0
2014-04-30,1255.0,1280.0,1275.0,1280.0,0.0,161,205830.0
2014-04-29,1285.0,1300.0,1255.0,1255.0,0.0,1075,1362649.0
2014-04-28,1290.0,1285.0,1285.0,1285.0,0.0,99,127215.0
2014-04-27,1290.0,1300.0,1290.0,1290.0,0.0,1198,1553760.0
2014-04-23,1290.0,1300.0,1286.0,1290.0,0.0,1462,1887754.0
2014-04-22,1298.0,1300.0,1290.0,1290.0,0.0,291,376100.0
2014-04-21,1290.0,1300.0,1290.0,1298.0,0.0,1507,1952469.0
2014-04-20,1270.0,1295.0,1290.0,1290.0,0.0,440,567800.0
2014-04-17,1245.0,1275.0,1230.0,1270.0,0.0,2258,2816780.0
2014-04-16,1225.0,1245.0,1225.0,1245.0,0.0,703,866440.0
2014-04-15,1220.0,1225.0,1224.0,1225.0,0.0,83,101625.0
2014-04-13,1210.0,1240.0,1215.0,1220.0,0.0,1492,1826792.0
2014-04-10,1212.0,1210.0,1190.0,1210.0,0.0,1072,1283180.0
2014-04-09,1225.0,1213.0,1212.0,1212.0,0.0,149,180716.0
2014-04-07,1226.0,1226.0,1202.0,1225.0,0.0,548,670854.0
2014-04-06,1260.0,1270.0,1226.0,1226.0,0.0,360,450568.0
2014-04-03,1263.0,1260.0,1240.0,1260.0,0.0,256,319170.0
2014-04-02,1260.0,1285.0,1263.0,1263.0,0.0,664,845935.0
2014-04-01,1258.0,1275.0,1260.0,1260.0,0.0,1227,1557080.0
2014-03-31,1190.0,1258.0,1210.0,1258.0,0.0,272,337130.0
2014-03-27,1178.0,1190.0,1180.0,1190.0,0.0,200,236370.0
2014-03-26,1200.0,1178.0,1178.0,1178.0,0.0,30,35340.0
2014-03-25,1214.0,1200.0,1190.0,1200.0,0.0,391,468000.0
2014-03-24,1168.0,1214.0,1188.0,1214.0,0.0,574,684206.0
2014-03-23,1152.0,1175.0,1168.0,1168.0,0.0,139,162982.0
2014-03-20,1150.0,1165.0,1150.0,1152.0,0.0,805,929480.0
2014-03-19,1160.0,1151.0,1150.0,1150.0,0.0,122,140332.0
2014-03-18,1176.0,1176.0,1160.0,1160.0,0.0,116,136000.0
2014-03-17,1200.0,1176.0,1176.0,1176.0,0.0,95,111720.0
2014-03-13,1186.0,1209.0,1200.0,1200.0,0.0,120,144645.0
2014-03-12,1190.0,1190.0,1180.0,1186.0,0.0,686,815170.0
2014-03-11,1196.0,1190.0,1180.0,1190.0,0.0,278,329270.0
2014-03-10,1175.0,1196.0,1190.0,1196.0,0.0,133,158804.0
2014-03-09,1210.0,1190.0,1175.0,1175.0,0.0,174,204900.0
2014-03-06,1225.0,1230.0,1210.0,1210.0,0.0,315,385610.0
2014-03-05,1220.0,1227.0,1225.0,1225.0,0.0,178,218106.0
2014-03-04,1300.0,1274.0,1220.0,1220.0,0.0,359,441670.0
2014-02-26,1300.0,1300.0,1274.0,1300.0,0.0,796,1020940.0
2014-02-25,1305.0,1300.0,1280.0,1300.0,0.0,317,409312.0
2014-02-24,1305.0,1320.0,1290.0,1305.0,0.0,763,990895.0
2014-02-23,1305.0,1320.0,1300.0,1305.0,0.0,1285,1672990.0
2014-02-20,1319.0,1371.0,1282.0,1305.0,0.0,2120,2821693.0
2014-02-18,1240.0,1345.0,1245.0,1319.0,0.0,1847,2334125.0
2014-02-17,1180.0,1240.0,1175.0,1240.0,0.0,5490,6613204.0
2014-02-16,1150.0,1190.0,1127.0,1180.0,0.0,2908,3407961.0
2014-02-13,1150.0,1150.0,1116.0,1150.0,0.0,1180,1328640.0
2014-02-12,1165.0,1165.0,1145.0,1150.0,0.0,538,620167.0
2014-02-11,1190.0,1170.0,1165.0,1165.0,0.0,640,746600.0
2014-02-10,1175.0,1198.0,1190.0,1190.0,0.0,670,801300.0
2014-02-09,1200.0,1190.0,1170.0,1175.0,0.0,491,577790.0
2014-02-06,1171.0,1200.0,1190.0,1200.0,0.0,165,197175.0
2014-02-04,1160.0,1161.0,1160.0,1161.0,0.0,74,85890.0
2014-02-03,1151.0,1170.0,1151.0,1160.0,0.0,275,319559.0
2014-02-02,1161.0,1160.0,1150.0,1151.0,0.0,535,619447.0
2014-01-29,1190.0,1180.0,1161.0,1161.0,0.0,241,281036.0
2014-01-28,1171.0,1190.0,1170.0,1190.0,0.0,328,388340.0
2014-01-27,1173.0,1174.0,1171.0,1171.0,0.0,672,787212.0
2014-01-26,1162.0,1173.0,1150.0,1173.0,0.0,1222,1418153.0
2014-01-23,1161.0,1162.0,1140.0,1162.0,0.0,656,748868.0
2014-01-22,1195.0,1212.0,1161.0,1161.0,0.0,2243,2673724.0
2014-01-21,1200.0,1195.0,1195.0,1195.0,0.0,98,117110.0
2014-01-20,1255.0,1250.0,1200.0,1200.0,0.0,597,731850.0
2014-01-19,1305.0,1300.0,1250.0,1255.0,0.0,815,1026500.0
2014-01-16,1282.0,1335.0,1290.0,1305.0,0.0,2657,3474622.0
2014-01-14,1166.0,1282.0,1189.0,1282.0,0.0,4312,5499895.0
2014-01-13,1060.0,1166.0,1081.0,1166.0,0.0,1375,1596540.0
2014-01-12,1015.0,1060.0,1020.0,1060.0,0.0,423,439600.0
2014-01-09,1030.0,1020.0,1015.0,1015.0,0.0,675,687327.0
2014-01-08,1012.0,1030.0,1000.0,1030.0,0.0,110,112500.0
2014-01-07,1020.0,1030.0,1010.0,1012.0,0.0,793,808580.0
2014-01-06,980.0,1020.0,999.0,1020.0,0.0,720,723200.0
2014-01-05,980.0,989.0,980.0,980.0,0.0,1134,1112927.0
2014-01-02,981.0,981.0,980.0,980.0,0.0,710,696360.0
2014-01-01,990.0,990.0,981.0,981.0,0.0,449,443785.0
2013-12-31,980.0,999.0,970.0,990.0,0.0,2719,2667441.0
2013-12-29,961.0,990.0,980.0,980.0,0.0,244,241080.0
2013-12-26,980.0,1015.0,961.0,961.0,0.0,1809,1777145.0
2013-12-24,990.0,1010.0,980.0,1000.0,0.0,2147,2142357.0
2013-12-23,990.0,1010.0,990.0,990.0,0.0,3074,3054330.0
2013-12-22,1026.0,1010.0,980.0,990.0,0.0,5628,5548010.0
2013-12-19,1006.0,1026.0,990.0,1026.0,0.0,8612,8650929.0
2013-12-16,1005.0,1025.0,1006.0,1006.0,0.0,699,704694.0
2013-12-15,1000.0,1012.0,995.0,1005.0,0.0,3227,3223059.0
2013-12-12,1055.0,1034.0,990.0,1000.0,0.0,1070,1070740.0
2013-12-11,1076.0,1055.0,1055.0,1055.0,0.0,45,47475.0
2013-12-10,1141.0,1119.0,1076.0,1076.0,0.0,276,300277.0
2013-12-09,1144.0,1141.0,1078.0,1141.0,0.0,462,511312.0
2013-12-08,1173.0,1150.0,1100.0,1144.0,0.0,408,454283.0
2013-12-05,1100.0,1173.0,1122.0,1173.0,0.0,4396,5041965.0
2013-12-04,1000.0,1100.0,1020.0,1100.0,0.0,2888,3086493.0
2013-12-03,945.0,1000.0,945.0,1000.0,0.0,5772,5609458.0
2013-12-02,930.0,950.0,930.0,945.0,0.0,1371,1293300.0
2013-12-01,863.0,946.0,880.0,930.0,0.0,1778,1620688.0
2013-11-28,900.0,890.0,863.0,863.0,0.0,590,512601.0
2013-11-27,928.0,928.0,900.0,900.0,0.0,1612,1470224.0
2013-11-26,901.0,946.0,910.0,928.0,0.0,327,300738.0
2013-11-25,900.0,901.0,885.0,901.0,0.0,547,488963.0
2013-11-24,856.0,918.0,873.0,900.0,0.0,356,320458.0
2013-11-21,830.0,856.0,840.0,856.0,0.0,119,100280.0
2013-11-14,835.0,840.0,820.0,830.0,0.0,3903,3210563.0
2013-11-13,820.0,840.0,820.0,835.0,0.0,1296,1079571.0
2013-11-12,801.0,820.0,799.0,820.0,0.0,1640,1324591.0
2013-11-11,796.0,808.0,800.0,801.0,0.0,410,328440.0
2013-11-10,800.0,800.0,796.0,796.0,0.0,196,156416.0
2013-11-07,796.0,804.0,790.0,800.0,0.0,358,286384.0
2013-11-06,795.0,806.0,796.0,796.0,0.0,469,376771.0
2013-10-31,785.0,795.0,780.0,795.0,0.0,712,563814.0
2013-10-30,790.0,788.0,785.0,785.0,0.0,1638,1287544.0
2013-10-29,780.0,791.0,780.0,790.0,0.0,2590,2026727.0
2013-10-28,790.0,780.0,780.0,780.0,0.0,1000,780000.0
2013-10-24,800.0,800.0,790.0,790.0,0.0,576,459674.0
2013-10-23,810.0,800.0,790.0,800.0,0.0,748,597820.0
2013-10-22,802.0,810.0,810.0,810.0,0.0,200,162000.0
2013-10-21,810.0,802.0,800.0,802.0,0.0,217,173650.0
2013-10-20,805.0,810.0,810.0,810.0,0.0,102,82620.0
2013-10-10,795.0,805.0,790.0,805.0,0.0,1257,998415.0
2013-10-09,795.0,795.0,795.0,795.0,0.0,298,236910.0
2013-10-08,775.0,800.0,785.0,795.0,0.0,474,375520.0
2013-10-07,770.0,775.0,760.0,775.0,0.0,335,258725.0
2013-10-03,784.0,780.0,770.0,770.0,0.0,93,71857.0
2013-10-02,791.0,787.0,772.0,784.0,0.0,332,258881.0
2013-10-01,791.0,791.0,780.0,791.0,0.0,83,65191.0
2013-09-30,790.0,795.0,790.0,791.0,0.0,2078,1651634.0
2013-09-29,780.0,790.0,780.0,790.0,0.0,253,199620.0
2013-09-26,755.0,780.0,765.0,780.0,0.0,1458,1121016.0
2013-09-25,767.0,767.0,752.0,755.0,0.0,679,514354.0
2013-09-24,770.0,770.0,754.0,767.0,0.0,1497,1131920.0
2013-09-23,782.0,770.0,758.0,770.0,0.0,854,657007.0
2013-09-22,795.0,800.0,781.0,782.0,0.0,1354,1070350.0
2013-09-19,752.0,800.0,752.0,795.0,0.0,1434,1133647.0
2013-09-17,730.0,759.0,741.0,752.0,0.0,1220,907182.0
2013-09-16,728.0,730.0,720.0,730.0,0.0,275,199401.0
2013-09-15,728.0,728.0,715.0,728.0,0.0,400,286724.0
2013-09-11,735.0,730.0,720.0,728.0,0.0,641,463280.0
2013-09-10,778.0,763.0,720.0,735.0,0.0,849,628852.0
2013-09-09,780.0,778.0,765.0,778.0,0.0,519,397282.0
2013-09-08,775.0,780.0,760.0,780.0,0.0,843,655840.0
2013-09-04,790.0,775.0,775.0,775.0,0.0,124,96100.0
2013-09-03,804.0,790.0,775.0,790.0,0.0,298,232372.0
2013-09-02,801.0,805.0,789.0,804.0,0.0,933,739855.0
2013-09-01,815.0,805.0,799.0,801.0,0.0,1423,1139053.0
2013-08-29,818.0,815.0,810.0,815.0,0.0,138,112225.0
2013-08-27,820.0,820.0,818.0,818.0,0.0,228,186727.0
2013-08-26,814.0,830.0,820.0,820.0,0.0,74,60930.0
2013-08-25,815.0,830.0,814.0,814.0,0.0,148,122680.0
2013-08-20,840.0,840.0,815.0,815.0,0.0,816,677733.0
2013-08-19,851.0,850.0,817.0,840.0,0.0,466,390544.0
2013-08-18,795.0,851.0,785.0,851.0,0.0,11400,9007526.0
2013-08-15,780.0,795.0,785.0,795.0,0.0,836,660140.0
2013-08-14,790.0,800.0,770.0,780.0,0.0,821,637860.0
2013-08-13,780.0,795.0,785.0,790.0,0.0,184,145270.0
2013-08-12,764.0,780.0,765.0,780.0,0.0,232,179355.0
2013-08-08,755.0,765.0,760.0,764.0,0.0,354,270252.0
2013-08-07,755.0,755.0,750.0,755.0,0.0,417,314579.0
2013-08-06,739.0,755.0,725.0,755.0,0.0,601,448863.0
2013-08-05,716.0,739.0,725.0,739.0,0.0,163,118315.0
2013-08-04,785.0,771.0,716.0,716.0,0.0,643,483941.0
2013-08-01,792.0,785.0,777.0,785.0,0.0,277,215663.0
2013-07-31,800.0,815.0,792.0,792.0,0.0,336,271590.0
2013-07-30,800.0,800.0,785.0,800.0,0.0,585,460500.0
2013-07-29,808.0,815.0,799.0,800.0,0.0,663,534279.0
2013-07-28,765.0,840.0,765.0,808.0,0.0,1549,1212692.0
2013-07-25,750.0,825.0,750.0,765.0,0.0,1002,783550.0
2013-07-24,682.0,750.0,695.0,750.0,0.0,309,229968.0
2013-07-23,620.0,682.0,632.0,682.0,0.0,174,114068.0
2013-07-22,617.0,620.0,620.0,620.0,0.0,500,310000.0
2013-07-21,605.0,617.0,617.0,617.0,0.0,25,15425.0
2013-07-17,614.0,614.0,605.0,605.0,0.0,402,243755.0
2013-07-16,591.0,614.0,602.0,614.0,0.0,70,42380.0
2013-07-11,580.0,591.0,591.0,591.0,0.0,10,5910.0
2013-07-10,580.0,580.0,580.0,580.0,0.0,25,14500.0
2013-07-09,581.0,580.0,580.0,580.0,0.0,48,27840.0
2013-07-08,581.0,581.0,581.0,581.0,0.0,20,11620.0
2013-07-03,570.0,581.0,570.0,581.0,0.0,237,136303.0
2013-07-02,610.0,598.0,570.0,570.0,0.0,147,85009.0
2013-06-27,620.0,610.0,610.0,610.0,0.0,23,14030.0
2013-06-23,620.0,620.0,620.0,620.0,0.0,50,31000.0
2013-06-20,575.0,620.0,586.0,620.0,0.0,80,48190.0
2013-06-19,1165.0,575.0,572.0,575.0,0.0,232,132998.0
2013-06-13,1200.0,1224.0,1129.0,1165.0,0.0,5652,6519906.0
2013-06-12,1220.0,1210.0,1180.0,1200.0,0.0,2544,3042985.0
2013-06-11,1166.0,1259.0,1189.0,1220.0,0.0,2216,2706469.0
2013-06-10,1060.0,1166.0,1081.0,1166.0,0.0,3629,4173839.0
2013-06-09,1160.0,1190.0,1050.0,1060.0,0.0,19433,20569148.0
2013-06-06,1181.0,1183.0,1130.0,1160.0,0.0,765,877479.0
2013-06-05,1305.0,1325.0,1181.0,1181.0,0.0,2151,2633663.0
2013-06-04,1450.0,1500.0,1305.0,1305.0,0.0,1586,2203635.0
2013-06-03,1499.0,1470.0,1441.0,1450.0,0.0,148,214455.0
2013-06-02,1400.0,1540.0,1428.0,1499.0,0.0,2064,3061071.0
2013-05-30,1350.0,1405.0,1375.0,1400.0,0.0,971,1356918.0
2013-05-28,1420.0,1410.0,1349.0,1350.0,0.0,1385,1888133.0
2013-05-27,1309.0,1420.0,1311.0,1420.0,0.0,1333,1853583.0
2013-05-26,1190.0,1309.0,1213.0,1309.0,0.0,490,630695.0
2013-05-23,1123.0,1190.0,1144.0,1190.0,0.0,517,601943.0
2013-05-22,1091.0,1123.0,1100.0,1123.0,0.0,672,740975.0
2013-05-21,1090.0,1091.0,1070.0,1091.0,0.0,220,236535.0
2013-05-20,1068.0,1094.0,1085.0,1090.0,0.0,884,961756.0
2013-05-19,1081.0,1068.0,1061.0,1068.0,0.0,87,92657.0
2013-05-16,1060.0,1081.0,1051.0,1081.0,0.0,196,210635.0
2013-05-15,1040.0,1061.0,1050.0,1060.0,0.0,195,206495.0
2013-05-14,1035.0,1055.0,1020.0,1040.0,0.0,1222,1269140.0
2013-05-13,975.0,1035.0,990.0,1035.0,0.0,782,798695.0
2013-05-12,975.0,975.0,970.0,975.0,0.0,1017,989990.0
2013-05-09,990.0,975.0,975.0,975.0,0.0,58,56550.0
2013-05-08,998.0,997.0,990.0,990.0,0.0,197,195555.0
2013-05-07,980.0,998.0,998.0,998.0,0.0,49,48902.0
2013-05-06,1000.0,990.0,980.0,980.0,0.0,475,466250.0
2013-05-02,1000.0,1000.0,1000.0,1000.0,0.0,219,219000.0
2013-04-30,1010.0,1000.0,1000.0,1000.0,0.0,401,401000.0
2013-04-29,995.0,1010.0,1000.0,1010.0,0.0,370,373175.0
2013-04-28,1001.0,1000.0,991.0,995.0,0.0,156,154895.0
2013-04-25,1011.0,1011.0,1001.0,1001.0,0.0,120,120400.0
2013-04-23,992.0,1011.0,1011.0,1011.0,0.0,175,176925.0
2013-04-22,1044.0,1035.0,992.0,992.0,0.0,448,457389.0
2013-04-21,1065.0,1065.0,1044.0,1044.0,0.0,137,145015.0
2013-04-18,1035.0,1065.0,1030.0,1065.0,0.0,67,69600.0
2013-04-17,1025.0,1070.0,1031.0,1035.0,0.0,303,316947.0
2013-04-16,1030.0,1025.0,1025.0,1025.0,0.0,18,18450.0
2013-04-11,1010.0,1030.0,1011.0,1030.0,0.0,173,176520.0
2013-04-09,1003.0,1020.0,1000.0,1010.0,0.0,289,290875.0
2013-04-08,1019.0,1030.0,1001.0,1003.0,0.0,648,654151.0
2013-04-07,1005.0,1019.0,1005.0,1019.0,0.0,501,507629.0
2013-04-04,1011.0,1011.0,1005.0,1005.0,0.0,150,150933.0
2013-04-03,1030.0,1011.0,1011.0,1011.0,0.0,25,25275.0
2013-04-02,1010.0,1030.0,1010.0,1030.0,0.0,561,571554.0
2013-04-01,1010.0,1010.0,1010.0,1010.0,0.0,60,60600.0
2013-03-31,1005.0,1015.0,1005.0,1010.0,0.0,366,370440.0
2013-03-28,1025.0,1010.0,1005.0,1005.0,0.0,64,64445.0
2013-03-27,1028.0,1025.0,1008.0,1025.0,0.0,57,57796.0
2013-03-25,1008.0,1028.0,970.0,1028.0,0.0,2005,1966286.0
2013-03-24,1039.0,1059.0,1008.0,1008.0,0.0,2294,2339111.0
2013-03-21,1040.0,1060.0,1039.0,1039.0,0.0,916,956209.0
2013-03-20,1000.0,1040.0,1020.0,1040.0,0.0,188,193980.0
2013-03-19,1025.0,1025.0,1000.0,1000.0,0.0,223,224654.0
2013-03-18,1030.0,1030.0,1020.0,1025.0,0.0,555,568565.0
2013-03-17,1015.0,1040.0,1005.0,1030.0,0.0,284,288940.0
2013-03-13,1010.0,1030.0,1015.0,1015.0,0.0,84,85685.0
2013-03-11,1020.0,1010.0,1010.0,1010.0,0.0,53,53530.0
2013-03-07,1000.0,1020.0,1000.0,1020.0,0.0,193,193720.0
2013-03-06,1000.0,1005.0,1000.0,1000.0,0.0,381,381125.0
2013-03-05,995.0,1005.0,990.0,1000.0,0.0,497,495865.0
2013-03-04,1020.0,1020.0,995.0,995.0,0.0,635,639475.0
2013-03-03,1020.0,1025.0,1015.0,1020.0,0.0,792,805380.0
2013-02-28,1008.0,1020.0,995.0,1020.0,0.0,534,537068.0
2013-02-27,1010.0,1008.0,1000.0,1008.0,0.0,115,115200.0
2013-02-26,1015.0,1010.0,1000.0,1010.0,0.0,169,170130.0
2013-02-25,995.0,1015.0,996.0,1015.0,0.0,217,217319.0
2013-02-24,1016.0,1010.0,980.0,995.0,0.0,366,363028.0
2013-02-21,1015.0,1020.0,1010.0,1016.0,0.0,897,913293.0
2013-02-20,1028.0,1028.0,1000.0,1015.0,0.0,579,586484.0
2013-02-19,936.0,1028.0,940.0,1028.0,0.0,611,600700.0
2013-02-17,917.0,936.0,935.0,936.0,0.0,252,235814.0
2013-02-14,870.0,917.0,885.0,917.0,0.0,132,118624.0
2013-02-13,850.0,870.0,835.0,870.0,0.0,332,285270.0
2013-02-12,800.0,850.0,816.0,850.0,0.0,146,122084.0
2013-02-10,795.0,800.0,795.0,800.0,0.0,169,134977.0
2013-02-07,795.0,795.0,780.0,795.0,0.0,74,58455.0
2013-02-06,795.0,795.0,795.0,795.0,0.0,29,23055.0
2013-02-05,785.0,795.0,793.0,795.0,0.0,141,111900.0
2013-02-03,760.0,785.0,770.0,785.0,0.0,305,235225.0
2013-01-31,775.0,760.0,760.0,760.0,0.0,35,26600.0
2013-01-30,783.0,790.0,772.0,775.0,0.0,520,407505.0
2013-01-28,800.0,798.0,783.0,783.0,0.0,74,58677.0
2013-01-27,800.0,800.0,800.0,800.0,0.0,90,72000.0
2013-01-23,800.0,805.0,800.0,800.0,0.0,148,118645.0
2013-01-22,799.0,800.0,800.0,800.0,0.0,99,79200.0
2013-01-21,784.0,799.0,799.0,799.0,0.0,25,19975.0
2013-01-20,794.0,800.0,784.0,784.0,0.0,107,84391.0
2013-01-17,825.0,810.0,794.0,794.0,0.0,80,64381.0
2013-01-16,845.0,840.0,825.0,825.0,0.0,247,204900.0
2013-01-15,845.0,845.0,829.0,845.0,0.0,60,50460.0
2013-01-13,790.0,845.0,805.0,845.0,0.0,696,580686.0
2013-01-10,827.0,812.0,790.0,790.0,0.0,144,115012.0
2013-01-09,800.0,827.0,810.0,827.0,0.0,154,125381.0
2013-01-08,785.0,800.0,785.0,800.0,0.0,256,204485.0
2013-01-07,755.0,805.0,765.0,785.0,0.0,600,477982.0
2013-01-06,720.0,755.0,720.0,755.0,0.0,238,177363.0
2013-01-03,734.0,720.0,720.0,720.0,0.0,25,18000.0
2013-01-02,748.0,734.0,720.0,734.0,0.0,169,123318.0
2013-01-01,762.0,748.0,747.0,748.0,0.0,90,67245.0
2012-12-31,724.0,762.0,734.0,762.0,0.0,456,340178.0
2012-12-27,710.0,724.0,712.0,724.0,0.0,48,34296.0
2012-12-24,715.0,710.0,710.0,710.0,0.0,14,9940.0
2012-12-23,702.0,715.0,715.0,715.0,0.0,50,35750.0
2012-12-20,716.0,703.0,702.0,702.0,0.0,141,99024.0
2012-12-19,730.0,716.0,716.0,716.0,0.0,25,17900.0
2012-12-17,724.0,738.0,730.0,730.0,0.0,241,176530.0
2012-12-16,729.0,724.0,715.0,724.0,0.0,191,137159.0
2012-12-13,689.0,729.0,702.0,729.0,0.0,158,114198.0
2012-12-11,676.0,689.0,689.0,689.0,0.0,10,6890.0
2012-12-09,689.0,676.0,676.0,676.0,0.0,10,6760.0
2012-12-06,703.0,689.0,689.0,689.0,0.0,75,51675.0
2012-12-05,690.0,705.0,700.0,703.0,0.0,252,177129.0
2012-12-04,677.0,690.0,690.0,690.0,0.0,35,24150.0
2012-12-03,690.0,677.0,677.0,677.0,0.0,69,46713.0
2012-12-02,700.0,700.0,690.0,690.0,0.0,189,132050.0
2012-11-29,727.0,713.0,686.0,700.0,0.0,471,325171.0
2012-11-28,740.0,731.0,727.0,727.0,0.0,126,91888.0
2012-11-27,760.0,745.0,740.0,740.0,0.0,78,57930.0
2012-11-26,750.0,760.0,760.0,760.0,0.0,60,45600.0
2012-11-25,751.0,750.0,745.0,750.0,0.0,125,93485.0
2012-11-22,745.0,751.0,735.0,751.0,0.0,173,128539.0
2012-11-21,733.0,745.0,745.0,745.0,0.0,108,80460.0
2012-11-20,705.0,733.0,707.0,733.0,0.0,431,313275.0
2012-11-18,695.0,705.0,700.0,705.0,0.0,76,53400.0
2012-11-12,696.0,700.0,695.0,695.0,0.0,215,149725.0
2012-11-11,690.0,696.0,690.0,696.0,0.0,309,213929.0
2012-11-08,700.0,690.0,690.0,690.0,0.0,117,80730.0
2012-11-07,700.0,700.0,682.0,700.0,0.0,160,111050.0
2012-11-06,682.0,700.0,695.0,700.0,0.0,418,292335.0
2012-11-05,680.0,690.0,680.0,682.0,0.0,917,625610.0
2012-11-04,704.0,690.0,680.0,680.0,0.0,119,81120.0
2012-10-18,692.0,704.0,704.0,704.0,0.0,40,28160.0
2012-10-17,680.0,692.0,690.0,692.0,0.0,215,148720.0
2012-10-15,685.0,680.0,680.0,680.0,0.0,19,12920.0
2012-10-14,682.0,685.0,672.0,685.0,0.0,507,344387.0
2012-10-11,652.0,682.0,665.0,682.0,0.0,199,135002.0
2012-10-10,654.0,652.0,641.0,652.0,0.0,141,91426.0
2012-10-09,665.0,654.0,653.0,654.0,0.0,150,98075.0
2012-10-08,660.0,665.0,652.0,665.0,0.0,453,299033.0
2012-10-07,669.0,661.0,660.0,660.0,0.0,72,47535.0
2012-10-04,669.0,669.0,662.0,669.0,0.0,562,372310.0
2012-10-03,645.0,669.0,640.0,669.0,0.0,929,608426.0
2012-10-02,645.0,650.0,645.0,645.0,0.0,138,89650.0
2012-10-01,650.0,650.0,645.0,645.0,0.0,220,142300.0
2012-10-01,650.0,650.0,645.0,645.0,0.0,220,142300.0
2012-09-30,650.0,650.0,645.0,650.0,0.0,509,329632.0
2012-09-26,625.0,652.0,636.0,640.0,0.0,322,206133.0
2012-09-25,630.0,625.0,625.0,625.0,0.0,126,78750.0
2012-09-24,642.0,630.0,630.0,630.0,0.0,103,64890.0
2012-09-23,635.0,647.0,642.0,642.0,0.0,426,273992.0
2012-09-20,635.0,636.0,635.0,635.0,0.0,74,47005.0
2012-09-19,635.0,636.0,635.0,635.0,0.0,55,34940.0
2012-09-18,620.0,635.0,621.0,635.0,0.0,262,164798.0
2012-09-17,620.0,625.0,615.0,620.0,0.0,97,60182.0
2012-09-16,602.0,620.0,610.0,620.0,0.0,908,558278.0
2012-09-13,615.0,613.0,602.0,602.0,0.0,125,75785.0
2012-09-12,600.0,615.0,600.0,615.0,0.0,137,83485.0
2012-09-11,610.0,600.0,600.0,600.0,0.0,80,48000.0
2012-09-10,584.0,610.0,585.0,610.0,0.0,360,216455.0
2012-09-06,584.0,584.0,573.0,584.0,0.0,162,94179.0
2012-09-05,595.0,584.0,584.0,584.0,0.0,200,116800.0
2012-09-04,600.0,600.0,588.0,595.0,0.0,1114,658321.0
2012-09-03,605.0,600.0,593.0,600.0,0.0,75,44859.0
2012-09-02,622.0,610.0,595.0,605.0,0.0,426,256750.0
2012-08-30,610.0,671.0,622.0,622.0,0.0,1233,800297.0
2012-08-29,555.0,610.0,566.0,610.0,0.0,316,191143.0
2012-08-28,505.0,555.0,515.0,555.0,0.0,65,35075.0
2012-08-27,460.0,505.0,469.0,505.0,0.0,50,24350.0
2012-08-26,419.0,460.0,427.0,460.0,0.0,109,47937.0
2012-08-12,420.0,419.0,419.0,419.0,0.0,192,80448.0
2012-08-07,397.0,420.0,404.0,420.0,0.0,49,20180.0
2012-07-31,390.0,397.0,397.0,397.0,0.0,10,3970.0
2012-07-30,355.0,390.0,362.0,390.0,0.0,86,32696.0
2012-07-26,353.0,355.0,355.0,355.0,0.0,466,165430.0
2012-07-19,347.0,353.0,353.0,353.0,0.0,10,3530.0
2012-07-09,335.0,347.0,341.0,347.0,0.0,158,54478.0
2012-07-08,335.0,335.0,335.0,335.0,0.0,20,6700.0
2012-07-04,337.0,335.0,335.0,335.0,0.0,60,20100.0
2012-06-27,343.0,337.0,337.0,337.0,0.0,80,26960.0
2012-06-20,337.0,343.0,343.0,343.0,0.0,60,20580.0
2012-06-19,325.0,337.0,331.0,337.0,0.0,178,59302.0
2012-06-18,331.0,325.0,325.0,325.0,0.0,23,7475.0
2012-06-17,334.0,331.0,330.0,331.0,0.0,44,14542.0
2012-06-13,340.0,334.0,334.0,334.0,0.0,51,17034.0
2012-06-12,343.0,340.0,340.0,340.0,0.0,93,31620.0
2012-06-11,350.0,343.0,343.0,343.0,0.0,10,3430.0
2012-06-10,365.0,362.0,350.0,350.0,0.0,1466,529449.0
2012-06-07,361.0,365.0,363.0,365.0,0.0,206,75104.0
2012-06-06,336.0,361.0,342.0,361.0,0.0,400,140500.0
2012-06-05,318.0,336.0,324.0,336.0,0.0,30,9900.0
2012-06-04,312.0,318.0,318.0,318.0,0.0,64,20352.0
2012-06-03,306.0,312.0,312.0,312.0,0.0,10,3120.0
2012-05-30,300.0,306.0,306.0,306.0,0.0,172,52632.0
2012-04-29,300.0,300.0,300.0,300.0,0.0,11,3300.0
2012-04-26,306.0,300.0,300.0,300.0,0.0,200,60000.0
2012-04-19,314.0,308.0,302.0,306.0,0.0,888,268420.0
2012-04-15,308.0,314.0,314.0,314.0,0.0,792,248688.0
2012-04-05,308.0,308.0,308.0,308.0,0.0,899,276892.0
2012-04-04,314.0,308.0,308.0,308.0,0.0,939,289212.0
2012-03-20,320.0,314.0,314.0,314.0,0.0,810,254340.0
2012-03-14,326.0,320.0,320.0,320.0,0.0,60,19200.0
2012-03-13,328.0,330.0,326.0,326.0,0.0,214,70444.0
2012-02-26,334.0,328.0,328.0,328.0,0.0,66,21648.0
2012-02-21,340.0,340.0,334.0,334.0,0.0,220,74080.0
2012-02-16,340.0,340.0,340.0,340.0,0.0,240,81600.0
2012-02-12,345.0,340.0,340.0,340.0,0.0,126,42840.0
2012-02-09,350.0,350.0,345.0,345.0,0.0,209,72600.0
2012-02-06,350.0,350.0,350.0,350.0,0.0,125,43750.0
2012-02-05,350.0,350.0,350.0,350.0,0.0,107,37450.0
2012-01-26,350.0,350.0,350.0,350.0,0.0,39,13650.0
2012-01-18,350.0,350.0,350.0,350.0,0.0,107,37450.0
2012-01-11,344.0,350.0,350.0,350.0,0.0,15,5250.0
2012-01-08,343.0,344.0,344.0,344.0,0.0,18,6192.0
2012-01-05,346.0,343.0,343.0,343.0,0.0,22,7546.0
2012-01-03,340.0,346.0,346.0,346.0,0.0,63,21798.0
2012-01-02,351.0,344.0,340.0,340.0,0.0,59,20148.0
2011-12-29,358.0,351.0,351.0,351.0,0.0,152,53352.0
2011-12-21,359.0,358.0,358.0,358.0,0.0,30,10740.0
2011-12-18,366.0,359.0,359.0,359.0,0.0,300,107700.0
2011-12-04,373.0,366.0,366.0,366.0,0.0,37,13542.0
2011-11-17,368.0,373.0,368.0,373.0,0.0,74,27407.0
2011-11-15,375.0,374.0,368.0,368.0,0.0,298,110096.0
2011-11-13,373.0,375.0,375.0,375.0,0.0,60,22500.0
2011-11-06,366.0,373.0,373.0,373.0,0.0,15,5595.0
2011-11-03,359.0,366.0,365.0,366.0,0.0,54,19754.0
2011-11-02,352.0,359.0,359.0,359.0,0.0,107,38413.0
2011-10-31,346.0,352.0,352.0,352.0,0.0,18,6336.0
2011-10-19,345.0,346.0,346.0,346.0,0.0,75,25950.0
2011-10-17,344.0,350.0,344.0,345.0,0.0,135,46638.0
2011-09-21,345.0,345.0,344.0,344.0,0.0,137,47150.0
2011-09-20,345.0,351.0,345.0,345.0,0.0,101,34977.0
2011-09-19,339.0,345.0,345.0,345.0,0.0,22,7590.0
2011-09-18,345.0,339.0,339.0,339.0,0.0,1186,402054.0
2011-09-15,345.0,345.0,339.0,345.0,0.0,120,41040.0
2011-09-14,350.0,350.0,345.0,345.0,0.0,264,92205.0
2011-09-13,357.0,350.0,343.0,350.0,0.0,532,185608.0
2011-09-08,353.0,357.0,350.0,357.0,0.0,140,49700.0
2011-09-07,360.0,353.0,353.0,353.0,0.0,100,35300.0
2011-09-05,374.0,374.0,360.0,360.0,0.0,315,115052.0
2011-09-04,346.0,380.0,352.0,374.0,0.0,501,185990.0
2011-09-01,338.0,346.0,333.0,346.0,0.0,1416,477347.0
2011-08-25,308.0,338.0,314.0,338.0,0.0,50,16300.0
2011-08-18,302.0,308.0,308.0,308.0,0.0,11,3388.0
2011-08-11,301.0,302.0,302.0,302.0,0.0,308,93016.0
2011-08-10,300.0,301.0,301.0,301.0,0.0,12,3612.0
2011-08-09,300.0,300.0,300.0,300.0,0.0,45,13500.0
2011-08-07,295.0,300.0,300.0,300.0,0.0,46,13800.0
2011-08-02,290.0,295.0,295.0,295.0,0.0,22,6490.0
2011-08-01,290.0,290.0,290.0,290.0,0.0,22,6380.0
2011-07-26,300.0,294.0,290.0,290.0,0.0,300,87400.0
2011-06-29,301.0,300.0,300.0,300.0,0.0,36,10800.0
2011-05-25,307.0,301.0,301.0,301.0,0.0,20,6020.0
2011-04-28,307.0,307.0,307.0,307.0,0.0,86,26402.0
2011-04-27,301.0,307.0,307.0,307.0,0.0,60,18420.0
2011-04-10,300.0,301.0,301.0,301.0,0.0,132,39732.0
