date,open,high,low,ltp,percent_change,qty,turnover
2023-05-08,350.0,352.0,340.0,340.0,-3.87,18155,6262238.6
2023-05-07,352.2,355.0,347.0,353.7,-1.56,8720,3064356.5
2023-05-04,358.0,359.3,351.0,359.3,-0.75,12067,4289026.2
2023-05-03,360.2,365.8,355.0,362.0,-1.01,8435,3027650.5
2023-05-02,366.0,367.0,362.0,365.7,0.47,3493,1271961.5
2023-04-30,367.0,367.0,364.0,364.0,-2.12,4482,1635775.5
2023-04-27,372.8,372.8,362.3,371.9,1.36,3235,1186376.4
2023-04-26,372.1,381.4,360.1,366.9,-1.9,19093,7011333.3
2023-04-25,374.3,378.0,373.0,374.0,0.54,3992,1500981.9
2023-04-24,362.6,372.9,362.6,372.0,0.54,2983,1105249.1
2023-04-23,376.0,376.0,369.1,370.0,-1.65,10348,3850604.1
2023-04-20,375.0,389.9,375.0,376.2,-1.49,4167,1583253.1
2023-04-19,388.0,388.0,375.2,381.9,0.24,2314,878516.2
2023-04-18,386.0,387.0,378.8,381.0,-1.3,3011,1144734.6
2023-04-17,389.0,389.0,378.8,386.0,0.0,6127,2328519.6
2023-04-16,384.0,390.0,381.2,386.0,-0.75,3927,1515420.0
2023-04-13,385.1,405.0,385.0,388.9,-0.26,18756,7379104.0
2023-04-12,375.0,390.0,375.0,389.9,4.84,12348,4753332.3
2023-04-11,363.1,372.3,363.1,371.9,1.89,8813,3262182.6
2023-04-10,375.0,375.0,362.2,365.0,-0.82,9459,3471769.7
2023-04-09,377.1,380.0,367.0,368.0,-3.41,8651,3220271.6
2023-04-06,392.0,392.0,381.0,381.0,-1.55,12123,4646974.6
2023-04-05,395.0,395.0,381.3,387.0,-2.03,18138,7024737.0
2023-04-04,395.0,399.0,392.0,395.0,-0.5,6626,2614411.0
2023-04-03,396.0,405.0,394.2,397.0,-0.75,9003,3576775.6
2023-04-02,411.0,411.0,400.0,400.0,-0.74,7154,2879629.9
2023-03-30,407.0,413.0,403.0,403.0,-0.74,7359,2983644.0
2023-03-29,413.0,413.0,405.4,406.0,-1.93,7559,3088378.6
2023-03-28,405.0,420.0,405.0,414.0,0.51,16042,6633377.3
2023-03-27,393.0,411.9,392.3,411.9,3.75,18962,7584062.1
2023-03-26,405.0,405.1,395.5,397.0,-1.98,12923,5154679.0
2023-03-23,405.0,410.0,402.0,405.0,-1.22,3426,1382357.3
2023-03-22,407.0,415.9,403.0,410.0,0.49,8444,3464132.5
2023-03-20,407.9,409.0,401.4,408.0,1.75,3485,1415166.8
2023-03-19,400.0,406.9,400.0,401.0,-0.07,6760,2713615.9
2023-03-16,400.4,408.0,400.4,401.3,-1.4,7542,3045216.4
2023-03-15,405.1,411.9,405.1,407.0,-1.45,7936,3238660.3
2023-03-14,407.0,418.0,406.0,413.0,1.47,14339,5869149.1
2023-03-13,411.0,418.0,406.1,407.0,-2.63,5879,2402897.8
2023-03-12,423.1,426.2,415.0,418.0,-0.95,8119,3431380.9
2023-03-09,423.1,425.0,417.0,422.0,1.71,6216,2621110.4
2023-03-07,412.0,420.0,410.0,414.9,2.7,7762,3213937.2
2023-03-05,422.0,425.0,403.7,404.0,-4.49,15157,6211201.2
2023-03-02,426.0,430.9,423.0,423.0,-1.9,4703,1998330.8
2023-03-01,433.3,441.0,430.0,431.2,-2.0,5956,2583761.8
2023-02-28,442.0,447.7,437.0,440.0,0.23,1677,741640.2
2023-02-27,440.0,461.5,430.3,439.0,-1.06,13033,5726861.3
2023-02-26,428.0,444.5,420.2,443.7,1.77,6821,2971800.6
2023-02-23,447.0,448.0,436.0,436.0,-2.94,8832,3877690.5
2023-02-22,447.8,454.0,440.3,449.2,2.3,10161,4554429.2
2023-02-20,448.0,452.0,439.0,439.1,-3.07,13463,5984315.6
2023-02-16,452.2,461.0,452.2,453.0,-1.52,8355,3807075.7
2023-02-15,473.0,474.1,460.0,460.0,-1.16,9534,4420909.1
2023-02-14,470.0,481.0,465.4,465.4,-2.02,15362,7250345.0
2023-02-12,494.0,494.0,468.0,475.0,-5.75,55100,26284819.7
2023-02-09,476.0,504.9,475.0,504.0,5.0,24539,11952013.0
2023-02-08,477.3,486.8,468.0,480.0,2.56,48666,23252604.1
2023-02-07,450.0,468.0,450.0,468.0,4.23,22980,10552852.9
2023-02-06,448.0,461.0,441.0,449.0,0.2,20845,9410341.6
2023-02-05,466.0,470.0,448.1,448.1,-3.84,20028,9121175.1
2023-02-02,486.9,490.0,459.0,466.0,-2.45,10335,4846678.0
2023-02-01,485.0,487.0,477.0,477.7,0.08,13917,6674984.0
2023-01-31,513.6,533.0,477.3,477.3,-5.21,57575,28535241.3
2022-05-12,616.0,627.0,569.0,569.0,-7.63,134602,78390792.3
2022-05-11,610.0,616.0,600.0,616.0,2.84,6510,3959073.9
2022-05-10,590.0,603.0,585.1,599.0,3.28,2631,1566778.6
2022-05-09,582.2,599.0,578.0,580.0,-2.19,10495,6153391.3
2022-05-08,598.0,599.0,570.0,593.0,-1.17,15752,9110297.4
2022-05-05,615.0,625.0,595.0,600.0,-3.23,15579,9408362.7
2022-05-04,621.0,641.0,613.0,620.0,-1.87,8932,5556447.9
2022-05-02,645.0,645.0,623.2,631.8,-3.54,24630,15557031.9
2022-04-28,662.9,662.9,643.1,655.0,0.0,3206,2070333.4
2022-04-27,668.1,668.1,640.0,655.0,0.0,4196,2722168.4
2022-04-26,654.0,664.1,651.1,655.0,0.0,9230,6066349.9
2022-04-25,679.4,690.0,654.0,655.0,-1.67,11387,7564495.3
2022-04-24,641.0,677.8,638.0,666.1,5.7,8417,5519759.5
2022-04-21,630.0,647.7,626.3,630.2,-0.44,12185,7672391.7
2022-04-20,654.0,654.0,633.0,633.0,-2.47,4342,2762725.9
2022-04-19,640.0,666.5,636.5,649.0,0.62,7917,5160495.4
2022-04-18,655.0,656.0,642.9,645.0,-2.57,12995,8409563.8
2022-04-17,663.0,680.0,651.0,662.0,-1.94,4930,3276176.4
2022-04-13,665.0,696.0,660.0,675.1,0.6,4868,3297762.0
2022-04-12,677.0,700.0,671.1,671.1,-2.74,8928,6054737.1
2022-04-11,706.0,725.0,690.0,690.0,-2.68,17960,12621022.7
2022-04-07,690.0,711.0,686.0,709.0,3.5,17671,12441470.6
2022-04-06,700.0,700.0,671.0,685.0,-0.72,11020,7527601.7
2022-04-05,707.0,707.0,686.0,690.0,-3.9,30354,21070403.9
2022-04-04,735.0,740.0,709.6,718.0,-1.52,15437,11147182.2
2022-04-03,740.0,740.0,729.0,729.1,-1.84,9556,6995578.4
2022-03-31,748.0,748.0,730.0,742.8,-0.56,7710,5658568.3
2022-03-30,720.0,749.7,720.0,747.0,1.91,13512,9902012.3
2022-03-29,745.0,745.0,730.0,733.0,-0.54,4378,3210370.5
2022-03-28,762.0,762.0,735.0,737.0,-2.77,25102,18661496.0
2022-03-27,770.1,801.0,750.0,758.0,0.4,97935,76054402.8
2022-03-24,717.0,765.0,715.6,755.0,3.42,46351,34313839.7
2022-03-23,721.2,730.0,715.2,730.0,-0.54,18561,13424749.3
2022-03-22,737.0,744.0,725.0,734.0,0.0,5594,4128502.6
2022-03-21,716.0,739.0,705.0,734.0,2.51,4153,3000495.8
2022-03-20,722.0,733.9,716.0,716.0,-2.45,16985,12355604.3
2022-03-16,744.9,750.0,727.1,734.0,-0.33,16298,12060637.1
2022-03-15,722.0,736.4,711.0,736.4,3.86,23524,17016029.4
2022-03-14,690.0,724.0,686.0,709.0,1.3,7212,5088049.5
2022-03-13,661.0,700.0,661.0,699.9,6.85,8785,6059094.3
2022-03-10,613.5,655.0,613.0,655.0,4.8,6298,4010663.1
2022-03-09,640.0,646.7,625.0,625.0,-2.94,7315,4623339.0
2022-03-07,668.0,668.0,640.0,643.9,-1.69,7638,4944983.0
2022-03-06,673.0,673.0,650.0,655.0,-0.76,4248,2785882.5
2022-03-02,671.0,683.0,646.8,660.0,-1.64,8949,5882298.5
2022-02-28,696.0,696.0,667.2,671.0,-3.31,8003,5430350.0
2022-02-27,700.0,715.0,691.0,694.0,-1.14,5828,4088902.5
2022-02-24,710.0,720.0,700.0,702.0,-2.5,10923,7728799.0
2022-02-23,739.5,739.5,713.0,720.0,-0.7,8982,6446132.5
2022-02-22,750.0,750.0,725.1,725.1,-1.88,3066,2247920.3
2022-02-21,731.0,750.0,715.0,739.0,1.22,11183,8099357.3
2022-02-20,742.0,763.0,724.0,730.1,-2.78,5165,3791462.7
2022-02-17,750.0,755.0,746.0,751.0,-1.05,2762,2076587.0
2022-02-16,755.0,770.0,744.0,759.0,0.53,5323,4002878.5
2022-02-15,755.8,757.0,741.0,755.0,1.89,7523,5612255.0
2022-02-14,727.0,766.0,726.0,741.0,0.14,10566,7822111.1
2022-02-13,760.0,760.0,733.0,740.0,-4.52,14205,10483506.0
2022-02-10,757.1,776.0,757.1,775.0,0.79,7873,6052434.2
2022-02-09,767.0,770.0,759.3,768.9,-0.41,7356,5643017.1
2022-02-08,799.0,805.0,769.0,772.1,-1.53,13615,10665740.4
2022-02-07,763.0,795.0,763.0,784.1,0.87,14856,11623320.0
2022-02-06,790.0,790.0,777.3,777.3,-1.98,8639,6750743.3
2022-02-03,804.0,815.0,788.0,793.0,-1.37,20473,16325841.8
2022-02-01,790.1,805.0,789.7,804.0,0.63,7216,5772863.8
2022-01-31,800.0,815.0,795.0,799.0,-1.96,4877,3896597.0
2022-01-30,796.0,827.0,796.0,815.0,4.35,26012,20962444.0
2022-01-27,794.0,800.0,781.0,781.0,0.12,9027,7124304.4
2022-01-26,800.0,800.0,775.0,780.1,-2.12,14208,11164209.6
2022-01-25,780.0,816.0,779.1,797.0,0.25,25275,20240511.4
2022-01-24,815.0,826.0,792.0,795.0,-3.87,52903,42836827.9
2022-01-23,815.0,848.0,815.0,827.0,1.47,70466,58914468.1
2022-01-20,775.0,820.0,775.0,815.0,4.62,31117,24841077.2
2022-01-19,778.0,794.0,774.0,779.0,-0.76,18236,14246833.6
2022-01-18,800.0,800.0,777.0,785.0,-1.88,20480,16109701.0
2022-01-17,785.0,823.0,771.0,800.0,1.91,35623,28256402.4
2022-01-16,795.6,800.0,780.0,785.0,0.64,27888,21935037.3
2022-01-13,758.0,786.0,755.1,780.0,2.9,27534,21252986.5
2022-01-12,773.0,789.0,758.0,758.0,-3.68,24302,18857060.7
2022-01-11,742.0,808.7,740.1,787.0,4.52,26512,20756157.0
2022-01-10,727.0,760.0,725.0,753.0,3.72,37383,27685969.5
2022-01-09,726.0,737.0,723.0,726.0,1.69,17072,12445088.1
2022-01-06,716.0,716.0,705.0,713.9,1.68,7340,5226458.1
2022-01-05,731.0,737.0,702.1,702.1,-3.95,22315,16022178.6
2022-01-04,716.0,731.0,701.0,731.0,2.22,12809,9220758.4
2022-01-03,720.0,733.0,711.0,715.1,-0.68,10386,7488268.0
2022-01-02,700.0,721.0,690.0,720.0,3.46,13043,9292237.5
2021-12-29,686.0,696.6,676.0,695.9,1.44,8259,5682387.3
2021-12-28,671.0,690.0,666.0,686.0,1.03,7229,4930833.2
2021-12-27,714.0,742.0,669.0,679.0,-3.1,56873,39916143.4
2021-12-26,649.0,700.7,637.0,700.7,10.0,48962,33758662.6
2021-12-23,625.1,640.0,615.0,637.0,2.91,26458,16659728.3
2021-12-22,586.5,632.4,586.5,619.0,5.45,7746,4793609.0
2021-12-21,584.5,593.0,584.0,587.0,2.43,4595,2698166.2
2021-12-20,578.0,587.0,570.0,573.1,-2.53,10537,6067566.9
2021-12-16,595.0,598.0,586.0,588.0,-1.18,2563,1516699.0
2021-12-15,624.0,648.0,588.0,595.0,-2.78,12285,7551575.0
2021-12-14,593.0,612.0,590.0,612.0,5.15,5426,3267440.1
2021-12-13,600.1,620.0,580.0,582.0,-4.95,8557,5065694.0
2021-12-12,632.0,639.0,612.3,612.3,-3.12,12138,7576235.7
2021-12-09,640.0,645.0,626.3,632.0,-1.1,8820,5615916.9
2021-12-08,650.0,650.0,635.0,639.0,-2.26,6783,4339125.9
2021-12-07,675.2,688.0,641.0,653.8,-1.24,8171,5390703.2
2021-12-06,650.0,670.0,630.0,662.0,1.69,13320,8643792.3
2021-12-05,670.0,677.0,643.0,651.0,-4.67,16866,10995059.8
2021-12-02,704.9,705.0,680.0,682.9,-3.13,6069,4199968.0
2021-12-01,705.0,710.1,705.0,705.0,-0.55,4086,2885882.1
2021-11-30,715.0,729.0,700.0,708.9,-0.85,10660,7488244.3
2021-11-29,701.0,738.0,701.0,715.0,2.0,9281,6638787.4
2021-11-28,765.0,765.0,699.0,701.0,-7.34,22416,16203628.1
2021-11-25,890.0,890.0,844.9,870.0,-0.4,57524,49834875.2
2021-11-24,871.0,875.9,859.0,873.5,0.28,9174,7941795.2
2021-11-23,875.2,891.0,871.1,871.1,-1.68,8546,7485192.0
2021-11-22,903.9,903.9,885.0,886.0,-0.11,7820,6973633.3
2021-11-21,888.2,900.0,881.0,887.0,0.09,9696,8591385.4
2021-11-18,888.0,899.0,882.0,886.2,-1.09,7994,7110405.0
2021-11-17,922.0,922.0,895.0,896.0,-1.1,13293,11996355.6
2021-11-16,890.0,913.9,888.0,906.0,1.23,10900,9832563.1
2021-11-15,901.0,906.0,886.0,895.0,0.79,6433,5769143.6
2021-11-14,871.0,888.0,865.1,888.0,0.11,6911,6063449.7
2021-11-11,873.1,900.0,873.0,887.0,-0.34,6861,6049403.5
2021-11-09,898.0,900.0,880.0,890.0,-0.89,19546,17317920.6
2021-11-08,931.1,931.1,898.0,898.0,-1.63,6591,5998877.7
2021-11-03,902.0,937.0,892.0,912.9,-0.77,17388,15746010.1
2021-11-02,880.0,920.0,860.6,920.0,2.68,14794,13304071.4
2021-11-01,910.0,923.0,886.1,896.0,-2.71,16262,14684477.2
2021-10-31,877.1,930.0,862.0,921.0,2.92,30485,27803524.0
2021-10-28,877.0,900.0,875.0,894.9,0.1,18089,16050245.0
2021-10-27,875.0,944.7,849.0,894.0,4.09,40995,36833718.8
2021-10-26,845.0,865.0,842.0,858.9,2.25,21537,18391255.7
2021-10-25,825.0,850.0,822.0,840.0,2.56,9845,8257920.2
2021-10-24,801.9,822.1,801.9,819.0,0.12,12897,10443925.1
2021-10-21,829.0,829.0,813.4,818.0,-1.45,6423,5246895.6
2021-10-20,826.2,841.0,825.0,830.0,2.47,2843,2357234.4
2021-10-19,835.0,835.0,799.0,810.0,-1.7,16795,13550529.0
2021-10-18,835.0,835.0,813.0,824.0,-1.67,13218,10835044.7
2021-10-17,820.0,855.0,820.0,838.0,0.36,4357,3627011.1
2021-10-11,828.5,840.0,820.0,835.0,-1.07,11371,9468219.1
2021-10-10,861.0,870.0,844.0,844.0,-1.97,10186,8713594.1
2021-10-06,866.0,867.0,846.0,861.0,1.29,13327,11433850.0
2021-10-05,835.3,860.0,822.0,850.0,3.79,8408,7061595.6
2021-10-04,810.0,826.0,798.0,819.0,0.86,12935,10523801.0
2021-10-03,847.0,849.0,810.0,812.0,-3.33,21795,17927073.2
2021-09-30,842.0,857.9,835.0,840.0,-1.87,8977,7558251.8
2021-09-29,855.0,867.0,823.1,856.0,2.03,28578,23994797.0
2021-09-28,848.6,861.0,816.4,839.0,-3.11,14398,12073100.8
2021-09-27,870.0,870.0,851.7,865.9,-1.94,17841,15399188.2
2021-09-26,918.0,936.0,876.1,883.0,-1.89,52285,46872809.3
2021-09-23,864.1,900.0,855.0,900.0,6.13,44264,39283533.7
2021-09-22,831.0,851.0,830.1,848.0,4.05,12042,10111531.1
2021-09-21,800.0,840.0,791.0,815.0,1.24,30166,24684910.5
2021-09-20,832.0,842.0,800.0,805.0,-5.07,25051,20540547.0
2021-09-16,867.0,868.0,830.0,848.0,-3.64,40957,34719718.6
2021-09-15,881.0,890.0,872.0,880.0,-0.56,12879,11339380.8
2021-09-14,901.0,908.0,879.0,885.0,-1.67,9985,8888248.0
2021-09-13,910.0,917.0,899.0,900.0,-0.22,16332,14743718.7
2021-09-12,885.0,909.0,875.0,902.0,1.92,12423,11072632.0
2021-09-09,890.0,915.0,867.0,885.0,0.56,15966,14193579.7
2021-09-08,895.0,897.0,875.0,880.1,-2.86,22138,19525043.8
2021-09-07,920.0,926.0,895.1,906.0,-3.0,28003,25386920.6
2021-09-06,895.0,934.0,882.0,934.0,5.66,20708,19013224.0
2021-09-05,885.0,906.0,866.2,884.0,-1.67,48831,42943240.8
2021-09-02,945.0,945.0,897.0,899.0,-3.13,26311,24048108.0
2021-09-01,940.0,963.0,927.0,928.0,0.11,26182,24610608.5
2021-08-31,961.0,961.0,922.0,927.0,-3.54,33412,31313975.1
2021-08-29,998.0,998.0,961.0,961.0,-3.8,26666,25944145.8
2021-08-26,980.0,1009.8,979.0,999.0,0.91,19813,19680757.1
2021-08-25,995.0,1010.0,980.0,990.0,-1.88,49281,49231183.8
2021-08-24,1037.9,1037.9,1009.0,1009.0,-0.98,21007,21491465.7
2021-08-19,1025.0,1070.0,1014.0,1019.0,0.39,77297,80082574.8
2021-08-18,997.6,1046.0,977.0,1015.0,3.77,31365,31674904.1
2021-08-17,995.0,1004.0,978.1,978.1,-2.58,35053,34853981.5
2021-08-16,997.0,1025.0,995.0,1004.0,-1.09,10962,11016818.1
2021-08-15,1016.3,1050.0,983.2,1015.1,-2.11,53426,54061412.4
2021-08-12,1030.0,1050.0,1025.0,1037.0,1.25,52046,53973070.0
2021-08-11,1040.0,1071.0,1021.0,1024.2,-0.56,45501,46990069.4
2021-08-10,1008.0,1030.0,1008.0,1030.0,2.18,43741,44844617.4
2021-08-09,1018.0,1018.0,998.0,1008.0,0.01,25844,25987364.5
2021-08-08,1030.0,1030.0,1002.0,1007.9,-1.28,26984,27189987.8
2021-08-05,1029.0,1035.0,1020.0,1021.0,-0.49,33098,33938977.1
2021-08-04,1022.5,1040.0,1020.0,1026.0,0.34,43031,44339523.8
2021-08-03,1003.0,1030.0,999.0,1022.5,1.94,36430,37115136.6
2021-08-02,1033.2,1033.2,1000.0,1003.0,-0.99,20999,21110291.0
2021-08-01,1048.0,1048.0,1011.1,1013.0,-1.75,21468,21817229.6
2021-07-29,1060.0,1079.0,1030.0,1031.0,-2.74,36080,37934594.8
2021-07-28,1030.0,1064.0,1030.0,1060.0,3.31,65659,69194927.0
2021-07-27,986.0,1029.0,975.0,1026.0,4.06,68526,69078052.4
2021-07-26,974.0,990.0,974.0,986.0,1.23,24149,23748326.0
2021-07-25,990.0,990.0,970.0,974.0,0.15,21373,20765022.0
2021-07-22,997.0,997.0,972.3,972.5,-0.56,13279,13005909.5
2021-07-20,996.0,996.0,978.0,978.0,-0.51,5709,5607348.0
2021-07-19,1000.0,1009.0,982.0,983.0,-0.71,29320,29177036.0
2021-07-18,970.0,1013.0,965.0,990.0,3.77,25671,25157543.4
2021-07-15,984.0,1000.0,950.0,954.0,-1.14,25019,23943434.0
2021-07-14,949.0,970.0,949.0,965.0,0.52,9192,8774916.0
2021-07-13,956.0,970.0,947.0,960.0,0.42,12521,12007420.0
2021-07-12,975.0,989.0,951.0,956.0,-1.95,21480,20742716.0
2021-07-11,990.0,990.0,943.0,975.0,3.17,23081,22243896.0
2021-07-08,950.0,959.0,942.0,945.0,-0.53,40484,38379819.0
2021-07-07,979.0,979.0,945.0,950.0,0.32,21906,20777788.0
2021-07-06,997.0,997.0,946.0,947.0,-0.32,12095,11486544.0
2021-07-05,1003.0,1003.0,950.0,950.0,-0.63,17153,16416518.0
2021-07-04,972.0,972.0,954.0,956.0,-1.65,17997,17276846.0
2021-07-01,980.0,980.0,960.0,972.0,0.83,30500,29574824.0
2021-06-30,986.0,986.0,950.0,964.0,-0.31,24355,23267977.0
2021-06-29,1000.0,1000.0,960.0,967.0,-1.83,22168,21499317.0
2021-06-28,980.0,1000.0,978.0,985.0,0.51,10961,10803554.0
2021-06-27,1023.0,1023.0,970.0,980.0,0.51,21644,21162146.0
2021-06-24,1034.0,1034.0,956.0,975.0,-1.02,55388,54967691.0
2021-06-23,1010.0,1015.0,970.0,985.0,-1.5,46130,45325062.0
2021-06-22,978.0,1010.0,965.0,1000.0,2.25,49774,49475576.0
2021-06-21,1052.0,1052.0,961.0,978.0,-2.4,74409,73123632.0
2021-06-20,1041.0,1045.0,990.0,1002.0,-3.75,62215,63140084.0
2021-06-17,1058.0,1060.0,1027.0,1041.0,0.29,55904,58269359.0
2021-06-16,1050.0,1081.0,1022.0,1038.0,-2.26,68866,72163482.0
2021-06-15,1050.0,1113.0,1050.0,1062.0,-0.19,77439,82879647.0
2021-06-14,1055.0,1080.0,1045.0,1064.0,2.31,96604,102849262.0
2021-06-13,1050.0,1060.0,1031.0,1040.0,-0.48,72461,75446761.0
2021-06-10,1025.0,1079.0,1025.0,1045.0,-2.52,69236,73192780.0
2021-06-09,1100.0,1133.0,1057.0,1072.0,-1.47,103615,113412583.0
2021-06-08,1065.0,1088.0,1016.0,1088.0,7.19,194436,204174221.0
2021-06-07,1008.0,1024.0,1004.0,1015.0,0.79,88375,89436310.0
2021-06-06,1012.0,1040.0,999.0,1007.0,-1.66,82591,83717238.0
2021-06-03,1018.0,1041.0,1010.0,1024.0,1.79,225962,231420816.0
2021-06-02,976.0,1012.0,971.0,1006.0,2.97,121637,121239759.0
2021-06-01,981.0,997.0,959.0,977.0,-0.71,90646,88556264.0
2021-05-31,1015.0,1025.0,981.0,984.0,-2.28,127967,128670747.0
2021-05-30,1000.0,1029.0,981.0,1007.0,3.28,209056,211372338.0
2021-05-27,970.0,997.0,931.0,975.0,-0.2,124978,121217387.0
2021-05-25,882.0,999.0,882.0,977.0,5.28,202819,196019840.0
2021-05-24,928.0,933.0,915.0,928.0,0.54,60117,55581966.0
2021-05-23,890.0,939.0,873.0,923.0,1.99,50001,45642940.0
2021-05-20,909.0,916.0,898.0,905.0,-0.44,27430,24871506.0
2021-05-19,920.0,937.0,904.0,909.0,-0.55,57295,52779520.0
2021-05-18,900.0,920.0,879.0,914.0,1.44,74260,67095606.0
2021-05-17,915.0,925.0,893.0,901.0,-0.77,45141,40729887.0
2021-05-16,883.0,914.0,874.0,908.0,4.61,66908,60072059.0
2021-05-13,874.0,874.0,855.0,868.0,1.17,18496,16011899.0
2021-05-12,863.0,865.0,855.0,858.0,-0.58,6412,5516322.0
2021-05-11,860.0,867.0,854.0,863.0,1.53,8333,7177258.0
2021-05-10,852.0,860.0,847.0,850.0,0.47,8235,7036258.0
2021-05-09,850.0,860.0,846.0,846.0,-2.08,10628,9051194.0
2021-05-06,876.0,877.0,863.0,864.0,-1.37,11935,10376651.0
2021-05-05,895.0,895.0,876.0,876.0,-0.45,35817,31687145.0
2021-05-04,884.0,886.0,871.0,880.0,-0.11,21439,18849366.0
2021-05-03,890.0,907.0,875.0,881.0,-0.34,47128,41884164.0
2021-05-02,860.0,886.0,844.0,884.0,4.49,50442,43912168.0
2021-04-29,850.0,850.0,835.0,846.0,1.2,8290,6974340.0
2021-04-28,848.0,856.0,825.0,836.0,-0.48,14133,11921617.0
2021-04-27,812.0,848.0,812.0,840.0,3.45,18017,14968832.0
2021-04-26,823.0,850.0,807.0,812.0,-3.1,26854,21982783.0
2021-04-25,865.0,870.0,830.0,838.0,-3.12,33831,28482858.0
2021-04-22,840.0,870.0,830.0,865.0,2.37,27185,23210481.0
2021-04-21,860.0,865.0,838.0,845.0,-1.86,40781,34548777.0
2021-04-20,847.0,875.0,847.0,861.0,0.35,16885,14516646.0
2021-04-19,870.0,870.0,857.0,858.0,-1.61,8050,6937022.0
2021-04-18,866.0,880.0,863.0,872.0,-0.34,17627,15290878.0
2021-04-15,872.0,889.0,870.0,875.0,0.0,24934,21904010.0
2021-04-13,900.0,905.0,871.0,875.0,-1.46,22894,20096189.0
2021-04-12,877.0,888.0,873.0,888.0,1.83,14629,12879451.0
2021-04-08,890.0,890.0,869.0,872.0,-0.91,23420,20463120.0
2021-04-07,893.0,893.0,877.0,880.0,-1.01,11687,10300706.0
2021-04-06,950.0,950.0,882.0,889.0,-1.77,43707,39056681.0
2021-04-05,922.0,944.0,891.0,905.0,-0.44,55497,50267401.0
2021-04-04,945.0,945.0,891.0,909.0,1.0,48352,43998937.0
2021-04-01,873.0,907.0,873.0,900.0,3.09,50088,44610400.0
2021-03-31,891.0,891.0,850.0,873.0,2.83,25030,21811602.0
2021-03-30,836.0,849.0,836.0,849.0,1.68,14427,12205728.0
2021-03-29,835.0,840.0,827.0,835.0,-0.83,5662,4722836.0
2021-03-25,871.0,871.0,840.0,842.0,-1.41,13963,11879760.0
2021-03-24,851.0,864.0,850.0,854.0,0.47,17037,14595760.0
2021-03-23,844.0,865.0,843.0,850.0,-1.05,12802,10962658.0
2021-03-22,885.0,885.0,850.0,859.0,-1.04,23834,20468641.0
2021-03-21,823.0,878.0,823.0,868.0,5.6,35877,30738498.0
2021-03-18,825.0,825.0,811.0,822.0,1.48,11618,9532927.0
2021-03-17,808.0,810.0,801.0,810.0,2.14,15220,12279820.0
2021-03-16,780.0,831.0,776.0,793.0,0.38,18236,14420028.0
2021-03-15,781.0,806.0,776.0,790.0,-0.13,13483,10651475.0
2021-03-14,815.0,815.0,785.0,791.0,-3.3,24436,19414417.0
2021-03-10,825.0,839.0,813.0,818.0,-1.09,12950,10626665.0
2021-03-09,882.0,882.0,824.0,827.0,-1.55,11678,9747956.0
2021-03-07,850.0,864.0,835.0,840.0,-2.33,17624,14817580.0
2021-03-04,835.0,860.0,830.0,860.0,4.24,28238,23963745.0
2021-03-03,840.0,840.0,818.0,825.0,-3.28,37842,31183577.0
2021-03-02,882.0,885.0,840.0,853.0,-3.07,49282,42464926.0
2021-03-01,856.0,887.0,840.0,880.0,2.8,31331,27244661.0
2021-02-28,890.0,899.0,855.0,856.0,-3.49,48470,41936719.0
2021-02-25,890.0,900.0,880.0,887.0,-1.99,26107,23229377.0
2021-02-24,890.0,925.0,890.0,905.0,2.26,29215,26481676.0
2021-02-23,845.0,895.0,845.0,885.0,-0.45,33259,29097953.0
2021-02-22,920.0,920.0,885.0,889.0,-1.77,39007,34892597.0
2021-02-21,927.0,940.0,902.0,905.0,-2.37,23212,21161150.0
2021-02-18,925.0,932.0,917.0,927.0,-0.32,33524,30942262.0
2021-02-17,940.0,948.0,922.0,930.0,-1.06,23261,21546969.0
2021-02-16,961.0,973.0,930.0,940.0,-2.08,60415,56963598.0
2021-02-15,922.0,969.0,922.0,960.0,6.19,80474,76378803.0
2021-02-14,925.0,927.0,893.0,904.0,-1.31,32581,29478697.0
2021-02-11,932.0,940.0,915.0,916.0,-1.61,39210,36382810.0
2021-02-10,932.0,951.0,930.0,931.0,-1.27,25879,24241420.0
2021-02-09,1018.0,1018.0,936.0,943.0,-2.78,51065,48324905.0
2021-02-08,994.0,1034.0,968.0,970.0,-2.41,60016,59642314.0
2021-02-07,945.0,1006.0,927.0,994.0,7.23,76300,72138256.0
2021-02-04,920.0,941.0,915.0,927.0,0.22,36039,33359921.0
2021-02-03,953.0,990.0,910.0,925.0,-1.07,78002,73415620.0
2021-02-02,899.0,944.0,895.0,935.0,5.89,129944,119851818.0
2021-02-01,850.0,895.0,850.0,883.0,2.91,35872,31557945.0
2021-01-31,900.0,900.0,856.0,858.0,-2.5,49678,42945551.0
2021-01-28,875.0,905.0,875.0,880.0,1.15,89869,80197741.0
2021-01-27,870.0,875.0,855.0,870.0,1.05,47187,40884460.0
2021-01-26,900.0,900.0,858.0,861.0,-2.71,48571,42287408.0
2021-01-25,903.0,905.0,865.0,885.0,-1.12,64956,57635869.0
2021-01-24,865.0,905.0,860.0,895.0,4.56,105662,94122693.0
2021-01-21,830.0,864.0,830.0,856.0,3.76,81509,69102773.0
2021-01-20,825.0,830.0,815.0,825.0,0.0,40891,33609163.0
2021-01-19,830.0,851.0,820.0,825.0,-0.6,52702,43723030.0
2021-01-18,849.0,849.0,810.0,830.0,2.6,49268,40705359.0
2021-01-17,827.0,827.0,801.0,809.0,-0.25,22970,18544581.0
2021-01-13,815.0,824.0,809.0,811.0,0.37,25190,20570646.0
2021-01-12,745.0,809.0,745.0,808.0,3.59,38613,30912279.0
2021-01-11,807.0,807.0,768.0,780.0,1.43,15046,11685513.0
2021-01-10,807.0,807.0,767.0,769.0,0.0,17767,13704449.0
2021-01-07,777.0,784.0,767.0,769.0,0.0,19920,15406723.0
2021-01-06,766.0,783.0,766.0,769.0,-0.77,15043,11609078.0
2021-01-05,767.0,781.0,766.0,775.0,0.0,17936,13903745.0
2021-01-04,797.0,800.0,770.0,775.0,-0.9,20378,15966009.0
2021-01-03,804.0,804.0,770.0,782.0,2.09,30321,23595144.0
2020-12-31,848.0,848.0,808.0,820.0,1.49,53626,43583483.0
2020-12-30,840.0,840.0,794.0,808.0,0.87,27470,22114601.0
2020-12-29,801.0,811.0,799.0,801.0,-1.11,15353,12321741.0
2020-12-28,800.0,820.0,800.0,810.0,0.75,24138,19478260.0
2020-12-27,810.0,819.0,800.0,804.0,-2.07,33667,27240061.0
2020-12-24,821.0,835.0,810.0,821.0,-1.56,40523,33195093.0
2020-12-23,846.0,869.0,825.0,834.0,0.48,90426,76326918.0
2020-12-22,820.0,849.0,816.0,830.0,3.23,79369,66153715.0
2020-12-21,786.0,835.0,756.0,804.0,0.25,68619,54449043.0
2020-12-20,850.0,850.0,795.0,802.0,-5.09,139859,112954343.0
2020-12-17,863.0,875.0,814.0,845.0,-2.09,87728,74030593.0
2020-12-16,863.0,879.0,858.0,863.0,-1.37,36945,31851140.0
2020-12-15,900.0,900.0,866.0,875.0,1.98,115676,101548235.0
2020-12-14,795.0,858.0,795.0,858.0,10.0,172664,143513724.0
2020-12-13,770.0,801.0,770.0,780.0,1.17,27224,21249447.0
2020-12-10,770.0,784.0,762.0,771.0,0.13,25953,20049157.0
2020-12-09,766.0,780.0,764.0,770.0,-1.16,46164,35558820.0
2020-12-08,829.0,829.0,770.0,779.0,-1.39,45881,36271532.0
2020-12-07,756.0,801.0,742.0,790.0,4.5,37675,29239883.0
2020-12-06,793.0,796.0,756.0,756.0,-6.55,55494,43081339.0
2020-12-03,830.0,843.0,803.0,809.0,-2.53,59990,48998271.0
2020-12-02,788.0,840.0,785.0,830.0,5.33,103724,84731225.0
2020-12-01,805.0,817.0,779.0,788.0,-0.88,54983,43504777.0
2020-11-30,760.0,813.0,755.0,795.0,5.3,122218,95843905.0
2020-11-29,786.0,786.0,740.0,755.0,0.8,85890,64297462.0
2020-11-26,770.0,779.0,736.0,749.0,-2.09,54837,41552058.0
2020-11-25,759.0,780.0,753.0,765.0,2.68,102398,78654691.0
2020-11-24,725.0,752.0,725.0,745.0,1.5,51055,37958609.0
2020-11-23,745.0,745.0,725.0,734.0,-1.34,45777,33489069.0
2020-11-22,765.0,785.0,735.0,744.0,-2.75,74153,55774941.0
2020-11-19,733.0,787.0,733.0,765.0,4.37,104560,79456094.0
2020-11-18,706.0,738.0,705.0,733.0,4.12,71754,51938483.0
2020-11-12,710.0,712.0,700.0,704.0,-0.71,32357,22861102.0
2020-11-11,714.0,715.0,704.0,709.0,-0.7,51555,36579969.0
2020-11-10,690.0,715.0,690.0,714.0,3.63,145601,102712790.0
2020-11-09,696.0,702.0,682.0,689.0,-0.72,71332,49423663.0
2020-11-08,681.0,695.0,681.0,694.0,2.06,39007,26912564.0
2020-11-05,669.0,686.0,669.0,680.0,0.59,50987,34736264.0
2020-11-04,684.0,684.0,669.0,676.0,0.75,18567,12563276.0
2020-11-03,680.0,680.0,666.0,671.0,0.3,25426,17105618.0
2020-11-02,674.0,674.0,661.0,669.0,1.06,20460,13693415.0
2020-11-01,668.0,669.0,662.0,662.0,-0.9,10150,6769202.0
2020-10-29,656.0,675.0,656.0,668.0,0.3,11810,7899204.0
2020-10-28,659.0,667.0,651.0,666.0,1.52,6423,4245739.0
2020-10-22,667.0,670.0,650.0,656.0,-0.3,8442,5561904.0
2020-10-21,656.0,662.0,656.0,658.0,-0.3,5175,3414278.0
2020-10-20,658.0,666.0,657.0,660.0,0.76,6832,4510595.0
2020-10-19,640.0,655.0,639.0,655.0,2.18,9927,6438366.0
2020-10-18,632.0,643.0,632.0,641.0,0.0,7433,4762960.0
2020-10-15,673.0,673.0,637.0,641.0,0.0,18558,11893241.0
2020-10-14,640.0,657.0,636.0,641.0,-0.93,6184,3990665.0
2020-10-13,655.0,655.0,647.0,647.0,-0.92,11927,7769810.0
2020-10-12,651.0,658.0,651.0,653.0,-0.46,17427,11411370.0
2020-10-11,667.0,667.0,650.0,656.0,0.0,11133,7306155.0
2020-10-08,660.0,665.0,653.0,656.0,-0.91,33784,22333348.0
2020-10-07,690.0,690.0,659.0,662.0,-0.45,18910,12509457.0
2020-10-06,666.0,670.0,661.0,665.0,-0.15,22818,15170273.0
2020-10-05,666.0,675.0,666.0,666.0,-0.89,12634,8456775.0
2020-10-04,680.0,680.0,666.0,672.0,0.6,23750,15981389.0
2020-10-01,640.0,670.0,640.0,668.0,3.41,38158,25238610.0
2020-09-30,637.0,656.0,633.0,646.0,0.16,24362,15618822.0
2020-09-29,646.0,658.0,645.0,645.0,-1.38,13349,8639390.0
2020-09-28,664.0,664.0,652.0,654.0,-0.61,12008,7870695.0
2020-09-27,688.0,688.0,657.0,658.0,-0.75,20838,13782252.0
2020-09-24,675.0,675.0,662.0,663.0,-0.15,23895,15893323.0
2020-09-23,650.0,670.0,645.0,664.0,0.0,23212,15379030.0
2020-09-22,667.0,672.0,659.0,664.0,-1.19,39863,26439314.0
2020-09-21,670.0,681.0,667.0,672.0,-0.44,21599,14567668.0
2020-09-20,690.0,691.0,673.0,675.0,-0.44,18716,12702525.0
2020-09-17,689.0,692.0,670.0,678.0,-0.73,61849,42219817.0
2020-09-16,672.0,690.0,660.0,683.0,1.64,35640,24303325.0
2020-09-15,675.0,684.0,662.0,672.0,-0.44,45948,30942260.0
2020-09-14,704.0,704.0,673.0,675.0,-2.6,79451,54061838.0
2020-09-13,693.0,700.0,675.0,693.0,1.91,96921,66839837.0
2020-09-10,653.0,680.0,653.0,680.0,4.13,92114,61625284.0
2020-09-09,640.0,657.0,635.0,653.0,2.35,46442,30151598.0
2020-09-08,631.0,644.0,630.0,638.0,0.31,36337,23113421.0
2020-09-07,648.0,648.0,621.0,636.0,-0.47,55209,35117333.0
2020-09-06,675.0,675.0,632.0,639.0,-0.62,51353,33179855.0
2020-09-03,647.0,651.0,622.0,643.0,1.26,62631,39926528.0
2020-09-02,660.0,678.0,634.0,635.0,-2.16,80183,52356003.0
2020-08-31,625.0,669.0,622.0,649.0,5.02,112591,73288522.0
2020-08-30,600.0,625.0,598.0,618.0,1.31,46665,28600700.0
2020-08-27,620.0,620.0,604.0,610.0,-1.61,44430,27188609.0
2020-08-26,630.0,630.0,609.0,620.0,0.16,117838,73306774.0
2020-08-25,597.0,638.0,580.0,619.0,4.74,57002,34221905.0
2020-08-24,580.0,591.0,569.0,591.0,3.87,48149,28068775.0
2020-08-23,536.0,570.0,536.0,569.0,4.6,27835,15511425.0
2020-08-20,534.0,546.0,534.0,544.0,1.49,1067,580122.0
2020-08-19,540.0,546.0,530.0,536.0,-2.55,7358,3971044.0
2020-08-18,557.0,557.0,546.0,550.0,0.55,9829,5408188.0
2020-08-17,536.0,552.0,535.0,547.0,2.24,6267,3400237.0
2020-08-16,527.0,542.0,527.0,535.0,-0.37,3716,1992572.0
2020-08-13,539.0,545.0,537.0,537.0,-1.83,11060,5991515.0
2020-08-12,550.0,557.0,546.0,547.0,-1.26,6738,3708315.0
2020-08-11,570.0,570.0,540.0,554.0,-0.89,16046,8829507.0
2020-08-10,550.0,565.0,538.0,559.0,3.52,18659,10294613.0
2020-08-09,526.0,540.0,520.0,540.0,0.93,9940,5268200.0
2020-08-06,532.0,535.0,516.0,535.0,0.56,9388,4950803.0
2020-08-05,530.0,539.0,524.0,532.0,-1.48,15505,8211321.0
2020-08-03,529.0,545.0,519.0,540.0,0.37,13330,7138517.0
2020-08-02,558.0,558.0,537.0,538.0,-5.45,37187,20326652.0
2020-07-30,570.0,580.0,558.0,569.0,1.79,32030,18171372.0
2020-07-29,564.0,566.0,556.0,559.0,-2.1,19245,10801368.0
2020-07-28,574.0,574.0,561.0,571.0,0.53,25655,14583717.0
2020-07-27,586.0,586.0,568.0,568.0,-1.22,24155,13850115.0
2020-07-26,564.0,575.0,550.0,575.0,3.6,24301,13770758.0
2020-07-23,546.0,558.0,536.0,555.0,1.65,14978,8235707.0
2020-07-22,553.0,558.0,546.0,546.0,-0.73,13583,7495289.0
2020-07-21,550.0,579.0,550.0,550.0,-1.96,22623,12646819.0
2020-07-20,586.0,614.0,557.0,561.0,0.36,31306,18192996.0
2020-07-19,559.0,559.0,559.0,559.0,1.82,10,5590.0
2020-07-16,532.0,549.0,530.0,549.0,3.39,9624,5180895.0
2020-07-15,540.0,550.0,530.0,531.0,-0.75,8720,4709474.0
2020-07-14,535.0,544.0,534.0,535.0,-1.83,9023,4846769.0
2020-07-13,551.0,551.0,533.0,545.0,0.74,8065,4374612.0
2020-07-12,540.0,560.0,530.0,541.0,2.08,8233,4492961.0
2020-07-09,529.0,546.0,520.0,530.0,0.19,13149,7006231.0
2020-07-08,541.0,547.0,525.0,529.0,-0.56,15719,8429205.0
2020-07-07,510.0,550.0,510.0,532.0,6.4,24566,13162852.0
2020-07-06,468.0,500.0,468.0,500.0,7.76,15620,7652920.0
2020-07-05,471.0,489.0,462.0,464.0,1.48,15215,7165891.0
2020-07-02,576.0,587.0,530.0,530.0,-6.19,7178,3941390.0
2020-07-01,535.0,576.0,535.0,565.0,7.62,964,545024.0
2020-06-30,507.0,527.0,507.0,525.0,5.42,600,310000.0
2020-06-29,490.0,490.0,450.0,498.0,-1.8,9281,4457032.0
2020-03-22,510.0,515.0,490.0,499.0,-4.04,4996,2489110.0
2020-03-19,490.0,536.0,473.0,520.0,4.0,20237,10085041.0
2020-03-18,515.0,515.0,478.0,500.0,-0.99,22701,11213171.0
2020-03-17,550.0,550.0,492.0,505.0,-6.48,24887,12736790.0
2020-03-16,530.0,564.0,517.0,540.0,1.31,20619,11071547.0
2020-03-15,577.0,577.0,530.0,533.0,-9.35,37693,20751348.0
2020-03-12,634.0,634.0,570.0,588.0,-2.65,50499,29978168.0
2020-03-11,566.0,606.0,547.0,604.0,8.83,39055,22822792.0
2020-03-10,608.0,611.0,555.0,555.0,-7.04,23596,13640244.0
2020-03-05,595.0,622.0,573.0,597.0,0.34,46822,27827828.0
2020-03-04,628.0,633.0,585.0,595.0,-6.15,63196,38145524.0
2020-03-03,621.0,660.0,594.0,634.0,0.16,71779,45028140.0
2020-03-02,643.0,686.0,631.0,633.0,-3.36,49886,32107940.0
2020-03-01,690.0,690.0,654.0,655.0,-4.66,112145,74431928.0
2020-02-27,701.0,718.0,675.0,687.0,-3.92,84332,59089188.0
2020-02-26,690.0,728.0,690.0,715.0,3.62,70021,50105936.0
2020-02-25,663.0,700.0,637.0,690.0,6.15,52724,35209920.0
2020-02-24,670.0,671.0,640.0,650.0,-1.37,47346,30985260.0
2020-02-23,641.0,660.0,629.0,659.0,3.29,60640,39401420.0
2020-02-20,633.0,647.0,618.0,638.0,2.57,50533,32107832.0
2020-02-19,620.0,622.0,603.0,622.0,1.14,21496,13164723.0
2020-02-18,600.0,615.0,596.0,615.0,0.82,47824,28982182.0
2020-02-17,626.0,650.0,608.0,610.0,-2.24,60026,37773464.0
2020-02-16,590.0,625.0,590.0,624.0,6.3,65474,39930960.0
2020-02-13,585.0,595.0,580.0,587.0,1.73,49521,29196430.0
2020-02-12,575.0,581.0,572.0,577.0,0.7,22182,12792431.0
2020-02-11,578.0,582.0,570.0,573.0,1.06,18361,10539263.0
2020-02-10,565.0,575.0,552.0,567.0,0.35,16041,9029924.0
2020-02-09,566.0,572.0,556.0,565.0,-1.4,33977,19174796.0
2020-02-06,566.0,583.0,566.0,573.0,1.24,57306,32911074.0
2020-02-05,560.0,570.0,558.0,566.0,0.89,30879,17422288.0
2020-02-04,561.0,576.0,560.0,561.0,-0.71,41297,23471460.0
2020-02-03,580.0,580.0,558.0,565.0,-0.88,32773,18518160.0
2020-02-02,561.0,583.0,560.0,570.0,0.0,52918,30256310.0
2020-01-30,550.0,590.0,540.0,570.0,4.97,126816,72014216.0
2020-01-29,544.0,550.0,533.0,543.0,0.56,38845,21058156.0
2020-01-28,536.0,550.0,529.0,540.0,2.66,74873,40532648.0
2020-01-27,496.0,532.0,496.0,526.0,4.57,44866,23339424.0
2020-01-26,520.0,520.0,503.0,503.0,-3.27,44398,22704976.0
2020-01-23,532.0,547.0,520.0,520.0,-3.88,66992,35972316.0
2020-01-22,510.0,544.0,501.0,541.0,8.2,103264,54127112.0
2020-01-21,482.0,520.0,475.0,500.0,4.17,68866,34253208.0
2020-01-20,493.0,502.0,471.0,480.0,-0.83,98445,47637168.0
2020-01-19,448.0,484.0,448.0,484.0,10.0,64616,30654856.0
2020-01-16,428.0,447.0,421.0,440.0,4.51,37854,16332037.0
2020-01-15,420.0,429.0,418.0,421.0,1.45,4553,1920337.0
2020-01-14,411.0,421.0,403.0,415.0,-0.72,13150,5447284.0
2020-01-13,421.0,434.0,408.0,418.0,1.21,41450,17579214.0
2020-01-12,380.0,413.0,380.0,413.0,9.26,34971,14038125.0
2020-01-09,374.0,378.0,373.0,378.0,1.07,8923,3345902.0
2020-01-08,380.0,380.0,373.0,374.0,-0.53,6355,2385189.0
2020-01-07,370.0,386.0,370.0,376.0,0.53,9307,3530575.0
2020-01-06,376.0,379.0,370.0,374.0,1.08,9393,3516070.0
2020-01-05,370.0,376.0,369.0,370.0,0.82,8368,3115890.0
2020-01-02,368.0,373.0,361.0,367.0,-0.27,7968,2908884.0
2020-01-01,372.0,373.0,368.0,368.0,-0.27,6709,2477688.0
2019-12-31,367.0,377.0,366.0,369.0,0.0,11881,4402024.0
2019-12-30,353.0,372.0,353.0,369.0,3.65,21781,7978441.0
2019-12-29,359.0,359.0,350.0,356.0,-0.28,8546,3024287.0
2019-12-26,357.0,358.0,354.0,357.0,-0.28,6841,2432824.0
2019-12-25,364.0,364.0,353.0,358.0,-0.28,7266,2608290.0
2019-12-24,365.0,366.0,348.0,359.0,-0.83,14048,5072157.0
2019-12-23,348.0,367.0,346.0,362.0,5.85,5082,1823197.0
2019-12-22,345.0,345.0,342.0,342.0,-0.87,3076,1055052.0
2019-12-19,343.0,350.0,341.0,345.0,-0.29,5657,1954472.0
2019-12-18,355.0,355.0,346.0,346.0,-1.98,2559,894429.0
2019-12-17,344.0,359.0,337.0,353.0,2.02,7495,2606030.0
2019-12-16,361.0,368.0,341.0,346.0,-2.26,10153,3531427.0
2019-12-15,381.0,382.0,343.0,354.0,-5.85,12042,4395180.0
2019-12-12,360.0,391.0,357.0,376.0,5.32,28688,10717543.0
2019-12-11,340.0,359.0,339.0,357.0,3.48,11944,4221569.0
2019-12-10,348.0,351.0,335.0,345.0,-0.86,12070,4155170.0
2019-12-09,327.0,348.0,326.0,348.0,7.41,23924,8145667.0
2019-12-08,330.0,330.0,322.0,324.0,-0.92,4595,1495713.0
2019-12-05,319.0,329.0,318.0,327.0,4.47,16941,5502798.0
2019-12-04,311.0,322.0,310.0,313.0,0.64,6969,2201589.0
2019-12-03,304.0,312.0,304.0,311.0,1.97,1728,530861.0
2019-12-02,307.0,307.0,304.0,305.0,-0.65,2518,770602.0
2019-12-01,303.0,307.0,297.0,307.0,1.32,5360,1605391.0
2019-11-28,306.0,309.0,303.0,303.0,-0.98,1372,420125.0
2019-11-27,305.0,308.0,305.0,306.0,0.99,2224,681192.0
2019-11-26,305.0,305.0,301.0,303.0,-0.33,1134,343272.0
2019-11-25,304.0,307.0,301.0,304.0,-1.94,1678,508031.0
2019-11-24,302.0,310.0,297.0,310.0,2.31,3995,1224060.0
2019-11-21,305.0,309.0,299.0,303.0,-1.3,5290,1599580.0
2019-11-20,313.0,313.0,306.0,307.0,-0.97,7167,2210548.0
2019-11-19,310.0,310.0,304.0,310.0,-0.64,594,181536.0
2019-11-18,309.0,312.0,300.0,312.0,0.97,4213,1286410.0
2019-11-17,311.0,312.0,309.0,309.0,0.0,3783,1173297.0
2019-11-14,315.0,326.0,309.0,309.0,-1.9,5267,1646610.0
2019-11-13,320.0,325.0,315.0,315.0,-3.37,1187,379075.0
2019-11-11,310.0,326.0,310.0,326.0,4.82,2341,738815.0
2019-11-10,313.0,313.0,310.0,311.0,-0.64,1189,370529.0
2019-11-07,315.0,316.0,313.0,313.0,-0.95,5153,1614908.0
2019-11-06,310.0,316.0,310.0,316.0,1.94,1930,607788.0
2019-11-05,309.0,320.0,309.0,310.0,0.65,1840,573699.0
2019-11-04,310.0,310.0,308.0,308.0,-0.32,5657,1747734.0
2019-11-03,312.0,314.0,309.0,309.0,-1.59,3271,1017687.0
2019-10-31,312.0,315.0,312.0,314.0,-0.95,4564,1432538.0
2019-10-24,320.0,323.0,317.0,317.0,-0.94,935,299491.0
2019-10-23,321.0,321.0,316.0,320.0,-0.31,464,148744.0
2019-10-22,320.0,321.0,315.0,321.0,-0.93,1360,431757.0
2019-10-21,313.0,324.0,313.0,324.0,4.18,270,85290.0
2019-10-20,323.0,323.0,310.0,311.0,-3.42,4573,1451662.0
2019-10-17,326.0,326.0,322.0,322.0,0.63,550,177400.0
2019-10-16,316.0,320.0,316.0,320.0,-0.31,100,31840.0
2019-10-15,321.0,321.0,315.0,321.0,0.0,8024,2545228.0
2019-10-14,320.0,321.0,319.0,321.0,-0.93,1394,445519.0
2019-10-10,336.0,336.0,324.0,324.0,-2.11,90,29820.0
2019-10-03,325.0,331.0,325.0,331.0,1.85,210,68310.0
2019-10-02,331.0,331.0,325.0,325.0,-1.52,4196,1378428.0
2019-10-01,325.0,330.0,324.0,330.0,1.85,2025,663304.0
2019-09-30,314.0,325.0,314.0,324.0,1.57,1551,497249.0
2019-09-29,325.0,325.0,318.0,319.0,-0.31,3362,1075814.0
2019-09-26,321.0,323.0,318.0,320.0,0.63,3907,1254779.0
2019-09-25,320.0,324.0,318.0,318.0,0.0,520,165980.0
2019-09-24,324.0,324.0,312.0,318.0,-3.64,6260,1983075.0
2019-09-23,325.0,330.0,319.0,330.0,1.85,584,188295.0
2019-09-22,332.0,332.0,320.0,324.0,-5.26,1609,525372.0
2019-09-19,350.0,352.0,334.0,342.0,-1.72,1411,488251.0
2019-09-18,337.0,355.0,328.0,348.0,4.5,8665,2951166.0
2019-09-17,316.0,333.0,315.0,333.0,3.77,9980,3182582.0
2019-09-16,380.0,380.0,359.0,361.0,-5.0,14340,5252837.0
2019-09-15,390.0,396.0,378.0,380.0,-2.56,3408,1306748.0
2019-09-12,390.0,391.0,388.0,390.0,-1.02,4219,1645451.0
2019-09-11,394.0,394.0,394.0,394.0,0.0,488,192272.0
2019-09-10,395.0,402.0,394.0,394.0,-0.76,2623,1042545.0
2019-09-09,401.0,401.0,392.0,397.0,-1.24,2469,977548.0
2019-09-08,424.0,424.0,402.0,402.0,-3.37,2535,1050506.0
2019-09-05,407.0,416.0,400.0,416.0,1.22,4214,1695759.0
2019-09-04,410.0,411.0,405.0,411.0,0.49,1873,763811.0
2019-09-03,399.0,409.0,390.0,409.0,2.51,6182,2452682.0
2019-09-02,400.0,400.0,394.0,399.0,-0.25,2184,869986.0
2019-09-01,410.0,410.0,400.0,400.0,-2.44,2530,1018620.0
2019-08-29,407.0,410.0,405.0,410.0,0.99,1937,788323.0
2019-08-28,408.0,408.0,406.0,406.0,-1.69,1812,738215.0
2019-08-27,415.0,415.0,412.0,413.0,0.24,613,253295.0
2019-08-26,410.0,412.0,408.0,412.0,-0.48,430,176560.0
2019-08-25,426.0,426.0,410.0,414.0,-0.96,359,148774.0
2019-08-22,418.0,418.0,410.0,418.0,0.72,2020,839608.0
2019-08-21,407.0,415.0,405.0,415.0,0.0,1393,571406.0
2019-08-20,408.0,415.0,403.0,415.0,1.22,2517,1018208.0
2019-08-19,408.0,415.0,404.0,410.0,0.74,3898,1596032.0
2019-08-18,415.0,415.0,405.0,407.0,-0.97,5436,2213087.0
2019-08-15,414.0,414.0,411.0,411.0,-0.72,1236,510269.0
2019-08-14,418.0,418.0,414.0,414.0,0.0,570,236550.0
2019-08-13,415.0,415.0,414.0,414.0,-0.24,2585,1072391.0
2019-08-12,420.0,420.0,415.0,415.0,-0.95,4524,1890432.0
2019-08-11,419.0,419.0,415.0,419.0,-0.71,1702,710563.0
2019-08-08,424.0,424.0,416.0,422.0,-0.47,2307,963741.0
2019-08-07,416.0,424.0,415.0,424.0,0.71,4451,1862200.0
2019-08-06,433.0,433.0,420.0,421.0,-0.94,2240,951917.0
2019-08-05,430.0,430.0,417.0,425.0,0.0,2615,1101505.0
2019-08-04,437.0,437.0,425.0,425.0,-0.93,3619,1547336.0
2019-08-01,421.0,431.0,421.0,429.0,1.42,4015,1706150.0
2019-07-31,422.0,430.0,422.0,423.0,0.48,1715,730295.0
2019-07-30,423.0,423.0,421.0,421.0,-0.24,259,109239.0
2019-07-29,422.0,425.0,414.0,422.0,0.0,3403,1421840.0
2019-07-28,427.0,428.0,420.0,422.0,-1.86,6766,2871848.0
2019-07-25,435.0,435.0,430.0,430.0,-1.6,2793,1205524.0
2019-07-24,431.0,437.0,431.0,437.0,1.63,2424,1051769.0
2019-07-23,432.0,433.0,430.0,430.0,-0.92,2066,890166.0
2019-07-22,431.0,439.0,431.0,434.0,0.7,2177,939597.0
2019-07-21,439.0,439.0,431.0,431.0,-1.82,1062,460579.0
2019-07-18,447.0,447.0,439.0,439.0,-1.57,2606,1147948.0
2019-07-17,442.0,446.0,440.0,446.0,1.59,1615,713086.0
2019-07-16,437.0,439.0,430.0,439.0,0.23,1087,473334.0
2019-07-15,435.0,438.0,433.0,438.0,1.62,2603,1129792.0
2019-07-14,429.0,434.0,429.0,431.0,-0.46,1827,788103.0
2019-07-11,435.0,435.0,430.0,433.0,0.0,1044,451393.0
2019-07-10,440.0,440.0,433.0,433.0,0.23,1214,528332.0
2019-07-09,435.0,440.0,431.0,432.0,-0.69,4948,2145507.0
2019-07-08,430.0,440.0,430.0,435.0,0.23,2614,1136628.0
2019-07-07,440.0,440.0,433.0,434.0,-1.59,2140,930184.0
2019-07-04,445.0,445.0,433.0,441.0,-0.9,2908,1273959.0
2019-07-03,436.0,445.0,433.0,445.0,1.14,2525,1108262.0
2019-07-02,430.0,440.0,428.0,440.0,2.8,1650,714756.0
2019-07-01,423.0,434.0,423.0,428.0,-0.47,2822,1213951.0
2019-06-30,430.0,430.0,422.0,430.0,0.7,1928,817098.0
2019-06-27,435.0,435.0,424.0,427.0,-2.73,6098,2613630.0
2019-06-26,434.0,440.0,433.0,439.0,1.39,567,247015.0
2019-06-25,433.0,433.0,433.0,433.0,-0.69,160,69280.0
2019-06-24,430.0,436.0,429.0,436.0,1.4,7860,3392564.0
2019-06-23,434.0,435.0,429.0,430.0,-2.27,5584,2411123.0
2019-06-20,445.0,445.0,435.0,440.0,0.69,3968,1737162.0
2019-06-19,444.0,444.0,437.0,437.0,0.0,505,220820.0
2019-06-18,436.0,444.0,436.0,437.0,-0.68,1000,438820.0
2019-06-17,430.0,440.0,428.0,440.0,1.15,13131,5665030.0
2019-06-16,444.0,449.0,430.0,435.0,-3.33,4403,1933895.0
2019-06-13,448.0,454.0,445.0,450.0,0.45,2795,1251953.0
2019-06-12,443.0,450.0,443.0,448.0,0.22,3442,1533880.0
2019-06-11,446.0,450.0,442.0,447.0,0.22,3798,1701377.0
2019-06-10,483.0,483.0,446.0,446.0,-3.04,992,452266.0
2019-06-06,460.0,465.0,454.0,460.0,0.0,5280,2425558.0
2019-06-04,460.0,463.0,453.0,460.0,-1.29,2199,1002491.0
2019-06-03,470.0,470.0,457.0,466.0,-0.85,2313,1064645.0
2019-06-02,475.0,475.0,469.0,470.0,-1.67,1090,512420.0
2019-05-30,501.0,510.0,472.0,478.0,0.0,7966,3833621.0
2019-05-29,480.0,480.0,465.0,478.0,1.49,1965,932650.0
2019-05-28,463.0,472.0,463.0,471.0,2.39,1914,895718.0
2019-05-27,460.0,470.0,457.0,460.0,-1.5,7221,3329784.0
2019-05-26,467.0,467.0,460.0,467.0,0.0,6191,2866608.0
2019-05-23,474.0,474.0,467.0,467.0,-1.06,5767,2707530.0
2019-05-22,481.0,481.0,468.0,472.0,0.0,6971,3295073.0
2019-05-21,480.0,480.0,471.0,472.0,0.0,8600,4068999.0
2019-05-20,475.0,475.0,470.0,472.0,-2.28,2963,1403905.0
2019-05-19,489.0,489.0,475.0,483.0,0.0,5432,2597403.0
2019-05-16,484.0,489.0,482.0,483.0,-0.62,5567,2697145.0
2019-05-15,489.0,490.0,486.0,486.0,-0.61,3766,1837389.0
2019-05-14,490.0,496.0,488.0,489.0,0.0,5769,2830853.0
2019-05-13,487.0,493.0,485.0,489.0,0.62,2617,1276471.0
2019-05-12,478.0,490.0,478.0,486.0,0.62,4081,1987815.0
2019-05-09,491.0,492.0,483.0,483.0,0.21,2813,1368811.0
2019-05-08,490.0,490.0,482.0,482.0,-1.63,2407,1163625.0
2019-05-07,500.0,507.0,483.0,490.0,-0.41,3588,1762478.0
2019-05-06,475.0,494.0,474.0,492.0,1.86,4384,2113704.0
2019-05-05,495.0,504.0,482.0,483.0,-2.82,5171,2531114.0
2019-05-02,490.0,504.0,490.0,497.0,0.4,10100,5019400.0
2019-04-30,508.0,513.0,495.0,495.0,-3.51,12028,6066220.0
2019-04-29,530.0,535.0,500.0,513.0,-1.35,54597,28253924.0
2019-04-28,482.0,520.0,482.0,520.0,9.94,32916,16688888.0
2019-04-25,479.0,486.0,470.0,473.0,0.64,7453,3541634.0
2019-04-24,487.0,487.0,468.0,470.0,-1.88,13527,6370577.0
2019-04-23,485.0,488.0,467.0,479.0,0.0,10924,5250442.0
2019-04-22,473.0,490.0,468.0,479.0,3.23,25999,12393688.0
2019-04-21,460.0,470.0,460.0,464.0,0.22,4752,2212365.0
2019-04-18,466.0,469.0,461.0,463.0,-2.11,3449,1603859.0
2019-04-17,470.0,479.0,457.0,473.0,1.72,14424,6791721.0
2019-04-16,460.0,465.0,454.0,465.0,1.75,4045,1866352.0
2019-04-15,456.0,457.0,450.0,457.0,-0.65,1584,715190.0
2019-04-11,455.0,460.0,450.0,460.0,0.0,4317,1951804.0
2019-04-10,456.0,463.0,456.0,460.0,-1.08,1576,725116.0
2019-04-09,479.0,479.0,460.0,465.0,-1.06,4904,2287423.0
2019-04-08,449.0,480.0,449.0,470.0,5.86,13691,6354030.0
2019-04-07,446.0,446.0,441.0,444.0,-0.67,609,270170.0
2019-04-04,449.0,450.0,441.0,447.0,-0.67,2708,1204183.0
2019-04-03,446.0,455.0,446.0,450.0,0.67,16395,7401825.0
2019-04-02,450.0,451.0,445.0,447.0,0.0,5396,2413412.0
2019-04-01,450.0,450.0,445.0,447.0,-0.67,2539,1140477.0
2019-03-31,444.0,456.0,444.0,450.0,-0.66,2632,1187828.0
2019-03-28,435.0,453.0,435.0,453.0,2.72,4529,2017450.0
2019-03-27,437.0,441.0,437.0,441.0,0.0,2969,1299574.0
2019-03-26,445.0,447.0,438.0,441.0,0.23,9207,4058707.0
2019-03-25,435.0,445.0,435.0,440.0,0.92,1825,804586.0
2019-03-24,440.0,440.0,436.0,436.0,-2.02,2513,1101741.0
2019-03-21,446.0,447.0,438.0,445.0,-1.11,4725,2084663.0
2019-03-19,451.0,453.0,445.0,450.0,0.0,2610,1167195.0
2019-03-18,460.0,463.0,450.0,450.0,-1.53,5910,2695976.0
2019-03-17,460.0,464.0,454.0,457.0,-0.22,6832,3125298.0
2019-03-14,448.0,458.0,446.0,458.0,1.55,6782,3068920.0
2019-03-13,454.0,465.0,448.0,451.0,-1.31,3826,1746203.0
2019-03-12,460.0,480.0,455.0,457.0,0.88,4792,2202706.0
2019-03-11,450.0,459.0,450.0,453.0,0.0,3312,1501685.0
2019-03-10,442.0,453.0,438.0,453.0,0.67,2705,1197870.0
2019-03-07,442.0,450.0,442.0,450.0,2.97,7833,3506996.0
2019-03-06,443.0,443.0,435.0,437.0,-0.23,1560,681684.0
2019-03-05,430.0,439.0,430.0,438.0,1.62,5316,2295927.0
2019-03-03,436.0,436.0,430.0,431.0,-1.37,7685,3325196.0
2019-02-27,439.0,446.0,436.0,437.0,-0.46,2372,1044282.0
2019-02-26,440.0,440.0,430.0,439.0,-0.9,3266,1427825.0
2019-02-25,432.0,446.0,432.0,443.0,3.02,1625,713382.0
2019-02-24,435.0,435.0,430.0,430.0,-2.27,2082,899340.0
2019-02-21,438.0,446.0,430.0,440.0,2.33,3938,1715334.0
2019-02-20,459.0,459.0,430.0,430.0,-4.44,6692,2924632.0
2019-02-19,431.0,450.0,423.0,450.0,6.38,7319,3178108.0
2019-02-18,425.0,426.0,420.0,423.0,-0.47,9031,3819171.0
2019-02-17,435.0,440.0,425.0,425.0,-0.7,7880,3396698.0
2019-02-14,432.0,437.0,426.0,428.0,-2.28,12775,5490284.0
2019-02-13,450.0,459.0,438.0,438.0,-2.67,5835,2582077.0
2019-02-12,455.0,455.0,444.0,450.0,0.0,2154,963219.0
2019-02-11,454.0,462.0,445.0,450.0,-1.32,10027,4535695.0
2019-02-10,455.0,459.0,448.0,456.0,-0.87,3517,1591558.0
2019-02-07,460.0,469.0,459.0,460.0,-1.71,5005,2315037.0
2019-02-06,471.0,472.0,467.0,468.0,-1.68,3421,1600008.0
2019-02-05,475.0,480.0,475.0,476.0,-0.21,2287,1089815.0
2019-02-04,471.0,477.0,465.0,477.0,-0.42,3085,1453420.0
2019-02-03,484.0,484.0,478.0,479.0,-1.64,5026,2411587.0
2019-01-31,488.0,488.0,483.0,487.0,-1.02,7569,3675662.0
2019-01-30,490.0,492.0,486.0,492.0,0.41,3730,1824536.0
2019-01-29,501.0,501.0,487.0,490.0,-0.81,2998,1464598.0
2019-01-28,490.0,495.0,488.0,494.0,1.44,2098,1032180.0
2019-01-27,491.0,492.0,487.0,487.0,-2.01,3581,1754649.0
2019-01-24,496.0,502.0,496.0,497.0,-0.6,1844,920344.0
2019-01-23,496.0,500.0,494.0,500.0,0.81,3109,1543466.0
2019-01-22,501.0,505.0,492.0,496.0,0.81,2368,1173312.0
2019-01-21,492.0,496.0,490.0,492.0,-0.61,2733,1345583.0
2019-01-20,500.0,500.0,495.0,495.0,-1.2,173,85860.0
2019-01-17,503.0,510.0,495.0,501.0,-0.79,4857,2445323.0
2019-01-16,520.0,520.0,503.0,505.0,-2.88,8393,4271412.0
2019-01-15,500.0,520.0,499.0,520.0,4.0,7826,4017442.0
2019-01-14,506.0,506.0,495.0,500.0,0.6,3160,1570652.0
2019-01-13,501.0,501.0,493.0,497.0,-1.19,4940,2446268.0
2019-01-10,513.0,513.0,503.0,503.0,-0.4,6194,3123674.0
2019-01-09,516.0,516.0,500.0,505.0,-0.39,3011,1512510.0
2019-01-08,515.0,515.0,501.0,507.0,0.4,5230,2646758.0
2019-01-07,503.0,510.0,500.0,505.0,2.23,5590,2826903.0
2019-01-06,510.0,510.0,493.0,494.0,-1.2,3550,1755720.0
2019-01-03,505.0,520.0,495.0,500.0,0.81,7828,3934153.0
2019-01-02,494.0,497.0,493.0,496.0,-0.8,7735,3828162.0
2019-01-01,502.0,510.0,492.0,500.0,2.04,5292,2653840.0
2018-12-31,516.0,519.0,490.0,490.0,-5.77,15986,8051820.0
2018-12-30,535.0,540.0,514.0,520.0,-1.33,18754,9849693.0
2018-12-27,528.0,545.0,515.0,527.0,1.74,46466,24834180.0
2018-12-26,495.0,520.0,491.0,518.0,5.93,24986,12674797.0
2018-12-25,472.0,489.0,467.0,489.0,2.95,6562,3119884.0
2018-12-24,481.0,498.0,466.0,475.0,0.64,40088,19420244.0
2018-12-23,445.0,480.0,444.0,472.0,8.01,16175,7366358.0
2018-12-20,440.0,443.0,425.0,437.0,0.46,11125,4793795.0
2018-12-19,428.0,444.0,420.0,435.0,-0.23,5107,2195972.0
2018-12-18,450.0,458.0,427.0,436.0,3.32,15571,6899159.0
2018-12-17,422.0,450.0,415.0,422.0,0.72,6775,2939126.0
2018-12-16,416.0,419.0,410.0,419.0,2.7,1425,591839.0
2018-12-13,397.0,410.0,397.0,408.0,0.74,1917,777606.0
2018-12-12,410.0,410.0,403.0,405.0,-0.25,1584,642580.0
2018-12-11,416.0,416.0,406.0,406.0,-1.93,2982,1218392.0
2018-12-10,408.0,420.0,408.0,414.0,0.98,3748,1549934.0
2018-12-09,403.0,410.0,400.0,410.0,1.99,2514,1015777.0
2018-12-06,386.0,410.0,386.0,402.0,3.08,3631,1435043.0
2018-12-05,405.0,405.0,388.0,390.0,-3.94,4967,1956307.0
2018-12-04,398.0,409.0,398.0,406.0,2.78,1923,776990.0
2018-12-03,385.0,415.0,385.0,395.0,1.02,5380,2148430.0
2018-12-02,400.0,406.0,390.0,391.0,-4.4,6111,2411717.0
2018-11-29,410.0,415.0,403.0,409.0,-1.45,4850,1975638.0
2018-11-28,420.0,424.0,415.0,415.0,-1.66,5781,2411540.0
2018-11-27,430.0,434.0,422.0,422.0,-1.63,6314,2694014.0
2018-11-26,444.0,444.0,429.0,429.0,-3.38,8378,3625148.0
2018-11-25,444.0,444.0,439.0,444.0,-0.89,1932,851593.0
2018-11-22,450.0,450.0,448.0,448.0,-2.18,955,428690.0
2018-11-21,450.0,458.0,448.0,458.0,0.88,4770,2149411.0
2018-11-20,452.0,459.0,451.0,454.0,-0.66,2683,1221316.0
2018-11-19,454.0,463.0,456.0,457.0,-1.3,1545,707522.0
2018-11-18,465.0,466.0,463.0,463.0,-0.43,1322,613480.0
2018-11-15,479.0,480.0,465.0,465.0,-2.11,2082,985085.0
2018-11-14,476.0,479.0,470.0,475.0,1.06,1549,736592.0
2018-11-13,474.0,474.0,465.0,470.0,1.08,1370,644370.0
2018-11-12,470.0,473.0,465.0,465.0,-1.69,1482,694244.0
2018-11-11,475.0,481.0,472.0,473.0,-0.42,250,119000.0
2018-11-05,475.0,485.0,475.0,475.0,0.0,2200,1052952.0
2018-11-04,484.0,484.0,475.0,475.0,-2.46,2156,1035185.0
2018-11-01,487.0,488.0,486.0,487.0,0.0,1321,642736.0
2018-10-31,489.0,489.0,484.0,487.0,-0.41,3585,1739496.0
2018-10-30,490.0,490.0,484.0,489.0,1.45,1642,799251.0
2018-10-29,485.0,486.0,482.0,482.0,-0.62,1675,811776.0
2018-10-28,482.0,490.0,482.0,485.0,-1.02,1334,648465.0
2018-10-25,490.0,493.0,484.0,490.0,0.0,3418,1668110.0
2018-10-24,490.0,495.0,490.0,490.0,0.0,7817,3832851.0
2018-10-23,500.0,500.0,490.0,490.0,-2.0,2576,1272499.0
2018-10-22,504.0,504.0,495.0,500.0,-1.38,5433,2709358.0
2018-10-21,512.0,512.0,505.0,507.0,-0.2,250,126980.0
2018-10-15,510.0,510.0,502.0,508.0,-0.39,1625,823000.0
2018-10-14,510.0,510.0,506.0,510.0,2.0,1350,685430.0
2018-10-11,490.0,500.0,490.0,500.0,2.04,1490,736110.0
2018-10-10,495.0,495.0,490.0,490.0,-1.01,2022,993356.0
2018-10-09,500.0,503.0,495.0,495.0,-0.8,2335,1165635.0
2018-10-08,499.0,515.0,498.0,499.0,0.0,3384,1701981.0
2018-10-07,500.0,503.0,499.0,499.0,-1.19,4284,2142112.0
2018-10-04,503.0,510.0,502.0,505.0,-0.79,6929,3496314.0
2018-10-03,507.0,510.0,505.0,509.0,-0.59,2882,1464308.0
2018-10-02,505.0,519.0,505.0,512.0,1.79,4646,2365936.0
2018-10-01,528.0,528.0,503.0,503.0,-3.27,3360,1737377.0
2018-09-30,515.0,520.0,511.0,520.0,0.78,5246,2704238.0
2018-09-27,535.0,535.0,516.0,516.0,-1.9,4424,2314230.0
2018-09-26,535.0,535.0,524.0,526.0,-0.94,8889,4703997.0
2018-09-25,527.0,538.0,521.0,531.0,2.12,8273,4366062.0
2018-09-23,532.0,532.0,520.0,520.0,-1.7,9230,4862215.0
2018-09-20,545.0,545.0,528.0,529.0,-2.4,5329,2835826.0
2018-09-18,530.0,547.0,528.0,542.0,2.26,32175,17313830.0
2018-09-17,513.0,540.0,512.0,530.0,2.91,12309,6409632.0
2018-09-16,515.0,527.0,514.0,515.0,0.0,10490,5455471.0
2018-09-13,520.0,520.0,511.0,515.0,-0.19,4335,2231811.0
2018-09-12,516.0,516.0,516.0,516.0,-0.19,225,116100.0
2018-09-11,515.0,518.0,511.0,517.0,1.37,2913,1498577.0
2018-09-10,522.0,522.0,505.0,510.0,-0.97,2958,1499512.0
2018-09-09,520.0,520.0,510.0,515.0,-2.83,3909,2011718.0
2018-09-06,535.0,535.0,512.0,530.0,0.76,12842,6738442.0
2018-09-05,514.0,527.0,510.0,526.0,3.54,8040,4160324.0
2018-09-04,518.0,518.0,508.0,508.0,-0.39,4070,2085454.0
2018-09-03,500.0,512.0,500.0,510.0,2.82,5218,2646768.0
2018-09-02,495.0,501.0,495.0,496.0,0.0,4032,2011000.0
2018-08-30,498.0,506.0,496.0,496.0,-0.2,1886,940412.0
2018-08-29,500.0,500.0,491.0,497.0,-0.6,2231,1105497.0
2018-08-28,495.0,500.0,493.0,500.0,1.21,2801,1390743.0
2018-08-26,505.0,505.0,494.0,494.0,-1.4,2392,1195854.0
2018-08-23,502.0,504.0,497.0,501.0,0.2,6816,3404387.0
2018-08-22,500.0,502.0,500.0,500.0,-0.4,7372,3688192.0
2018-08-21,501.0,509.0,500.0,502.0,0.4,4396,2211090.0
2018-08-20,503.0,504.0,500.0,500.0,-1.38,11069,5554058.0
2018-08-19,520.0,522.0,507.0,507.0,-1.93,6222,3191092.0
2018-08-16,510.0,530.0,510.0,517.0,-0.19,8496,4403270.0
2018-08-15,510.0,530.0,508.0,518.0,1.57,6643,3444009.0
2018-08-14,501.0,510.0,501.0,510.0,1.8,1948,981969.0
2018-08-13,510.0,510.0,500.0,501.0,-1.18,3083,1549394.0
2018-08-12,501.0,507.0,492.0,507.0,0.4,4458,2216518.0
2018-08-09,506.0,509.0,502.0,505.0,-0.2,5918,2987923.0
2018-08-08,507.0,513.0,503.0,506.0,-1.36,6755,3439921.0
2018-08-07,516.0,520.0,513.0,513.0,-0.58,4402,2272447.0
2018-08-06,515.0,517.0,515.0,516.0,0.39,1751,903482.0
2018-08-05,519.0,519.0,514.0,514.0,-0.39,437,225796.0
2018-08-02,520.0,521.0,516.0,516.0,-0.39,6908,3580445.0
2018-08-01,519.0,521.0,510.0,518.0,-0.19,12533,6494038.0
2018-07-31,521.0,523.0,519.0,519.0,-0.19,4387,2281490.0
2018-07-30,526.0,526.0,518.0,520.0,-0.57,1748,909560.0
2018-07-29,520.0,528.0,520.0,523.0,0.58,2607,1362795.0
2018-07-26,525.0,526.0,520.0,520.0,-0.95,4173,2182173.0
2018-07-25,532.0,540.0,525.0,525.0,-0.94,2864,1513560.0
2018-07-24,532.0,548.0,530.0,530.0,0.0,6782,3653846.0
2018-07-23,516.0,535.0,516.0,530.0,2.71,3516,1844994.0
2018-07-22,525.0,527.0,515.0,516.0,-2.09,3336,1737139.0
2018-07-19,535.0,535.0,520.0,527.0,-0.57,5310,2795384.0
2018-07-18,520.0,530.0,520.0,530.0,0.0,3713,1958460.0
2018-07-17,540.0,542.0,528.0,530.0,0.0,7641,4070585.0
2018-07-16,530.0,538.0,522.0,530.0,-0.56,20244,10718674.0
2018-07-15,547.0,547.0,525.0,533.0,-0.74,11933,6322381.0
2018-07-12,545.0,546.0,527.0,537.0,-1.11,9679,5187868.0
2018-07-11,550.0,556.0,534.0,543.0,0.0,11079,6074916.0
2018-07-10,551.0,554.0,541.0,543.0,0.37,14170,7743925.0
2018-07-09,571.0,571.0,535.0,541.0,-3.57,13653,7453654.0
2018-07-08,581.0,595.0,560.0,561.0,-1.58,10967,6276011.0
2018-07-05,532.0,572.0,532.0,570.0,5.56,12565,6947543.0
2018-07-04,520.0,540.0,510.0,540.0,5.68,5460,2852771.0
2018-07-03,519.0,524.0,510.0,511.0,-1.16,6717,3482081.0
2018-07-02,530.0,530.0,510.0,517.0,-2.64,4903,2550486.0
2018-07-01,540.0,540.0,531.0,531.0,-2.57,3437,1838172.0
2018-06-28,558.0,558.0,543.0,545.0,-0.55,1739,952145.0
2018-06-27,561.0,561.0,547.0,548.0,-0.36,5044,2784014.0
2018-06-26,567.0,567.0,550.0,550.0,-1.08,4891,2713371.0
2018-06-25,567.0,568.0,556.0,556.0,-1.94,6094,3407891.0
2018-06-24,563.0,579.0,558.0,567.0,0.0,3920,2228700.0
2018-06-21,581.0,581.0,559.0,567.0,-0.53,9606,5467041.0
2018-06-20,591.0,591.0,570.0,570.0,-1.72,7330,4199905.0
2018-06-19,590.0,595.0,571.0,580.0,-2.85,3309,1922600.0
2018-06-18,580.0,597.0,572.0,597.0,1.19,4206,2440234.0
2018-06-17,621.0,621.0,585.0,590.0,-6.79,20115,12016510.0
2018-06-14,627.0,634.0,626.0,633.0,1.28,1571,991268.0
2018-06-13,625.0,632.0,625.0,625.0,0.81,1140,715532.0
2018-06-12,620.0,621.0,615.0,620.0,0.0,1335,827195.0
2018-06-11,610.0,641.0,605.0,620.0,1.97,3212,1980142.0
2018-06-10,628.0,630.0,607.0,608.0,-5.0,1945,1195475.0
2018-06-07,655.0,660.0,640.0,640.0,-1.84,3840,2502661.0
2018-06-06,645.0,683.0,641.0,652.0,2.19,2849,1869505.0
2018-06-04,635.0,655.0,634.0,638.0,-0.78,970,625585.0
2018-06-03,678.0,678.0,643.0,643.0,-3.31,2373,1558638.0
2018-05-31,690.0,690.0,664.0,665.0,-2.92,5373,3601105.0
2018-05-30,690.0,703.0,677.0,685.0,-0.72,12166,8385870.0
2018-05-29,676.0,702.0,670.0,690.0,1.17,8516,5814153.0
2018-05-28,645.0,682.0,645.0,682.0,5.74,2329,1543568.0
2018-05-27,656.0,656.0,645.0,645.0,-1.68,1827,1182897.0
2018-05-24,676.0,676.0,655.0,656.0,-2.96,667,443165.0
2018-05-23,680.0,681.0,675.0,676.0,-0.73,1249,847145.0
2018-05-22,684.0,684.0,681.0,681.0,-0.58,830,566030.0
2018-05-21,681.0,685.0,681.0,685.0,0.15,755,516265.0
2018-05-20,700.0,702.0,684.0,684.0,-1.16,2773,1930022.0
2018-05-17,690.0,692.0,687.0,692.0,0.29,2386,1644830.0
2018-05-16,703.0,703.0,690.0,690.0,-0.14,1146,793840.0
2018-05-15,700.0,700.0,691.0,691.0,-1.57,608,421921.0
2018-05-14,703.0,705.0,701.0,702.0,-1.13,813,571143.0
2018-05-10,706.0,712.0,705.0,710.0,-0.56,3904,2768306.0
2018-05-09,715.0,725.0,710.0,714.0,-0.14,1707,1224854.0
2018-05-08,710.0,715.0,700.0,715.0,2.14,4011,2831037.0
2018-05-07,717.0,717.0,700.0,700.0,-1.55,3675,2594073.0
2018-05-06,706.0,734.0,706.0,711.0,-1.25,2427,1759096.0
2018-05-03,725.0,735.0,720.0,720.0,0.84,6934,5030733.0
2018-05-02,701.0,714.0,690.0,714.0,1.28,2560,1790863.0
2018-04-29,715.0,715.0,700.0,705.0,0.57,7356,5200130.0
2018-04-26,730.0,730.0,701.0,701.0,-3.71,4827,3450333.0
2018-04-25,726.0,731.0,725.0,728.0,-1.49,2969,2157760.0
2018-04-24,731.0,745.0,731.0,739.0,-0.81,2515,1857951.0
2018-04-23,760.0,770.0,736.0,745.0,-0.13,12527,9433069.0
2018-04-22,735.0,763.0,731.0,746.0,0.81,6644,4973578.0
2018-04-19,745.0,757.0,725.0,740.0,-0.67,15537,11489143.0
2018-04-18,766.0,784.0,735.0,745.0,-0.8,17186,13045875.0
2018-04-17,707.0,752.0,707.0,751.0,8.21,23765,17468844.0
2018-04-16,636.0,694.0,636.0,694.0,7.6,16295,11027041.0
2018-04-15,641.0,645.0,618.0,645.0,0.94,4781,3033909.0
2018-04-12,645.0,656.0,635.0,639.0,-0.16,5265,3386336.0
2018-04-11,623.0,647.0,623.0,640.0,0.79,3233,2063700.0
2018-04-10,645.0,657.0,625.0,635.0,-1.55,6154,3921615.0
2018-04-09,654.0,682.0,645.0,645.0,0.47,20526,13647716.0
2018-04-08,596.0,643.0,592.0,642.0,9.74,15693,9672968.0
2018-04-05,576.0,592.0,565.0,585.0,3.54,8699,5075676.0
2018-04-04,555.0,565.0,555.0,565.0,3.67,1666,937640.0
2018-04-03,551.0,555.0,545.0,545.0,0.0,1266,697067.0
2018-04-02,554.0,554.0,545.0,545.0,0.0,1698,929900.0
2018-04-01,550.0,558.0,539.0,545.0,-0.91,2869,1561073.0
2018-03-29,552.0,564.0,546.0,550.0,1.29,8093,4486584.0
2018-03-28,571.0,571.0,530.0,543.0,-3.21,9273,5123649.0
2018-03-27,505.0,561.0,480.0,561.0,9.57,3375,1708621.0
2018-03-26,540.0,540.0,512.0,512.0,-6.74,3530,1860085.0
2018-03-22,560.0,571.0,545.0,549.0,-2.66,2851,1587735.0
2018-03-21,565.0,568.0,544.0,564.0,-1.05,2676,1497332.0
2018-03-20,573.0,573.0,558.0,570.0,-0.18,3541,1995304.0
2018-03-19,575.0,585.0,571.0,571.0,-0.7,3614,2074032.0
2018-03-18,580.0,589.0,575.0,575.0,-0.52,4835,2794122.0
2018-03-15,564.0,598.0,564.0,578.0,2.85,4788,2785590.0
2018-03-14,542.0,562.0,542.0,562.0,2.0,4354,2411217.0
2018-03-13,640.0,640.0,617.0,620.0,-2.67,2489,1555341.0
2018-03-12,635.0,640.0,632.0,637.0,-0.93,2736,1738311.0
2018-03-11,643.0,645.0,632.0,643.0,-1.08,4255,2718743.0
2018-03-07,635.0,650.0,630.0,650.0,3.5,5598,3595900.0
2018-03-06,610.0,644.0,599.0,628.0,2.95,5421,3315038.0
2018-03-05,632.0,634.0,610.0,610.0,-1.61,4127,2551247.0
2018-03-04,632.0,655.0,602.0,620.0,-1.9,3413,2117446.0
2018-02-28,1481.0,1510.0,1465.0,1483.0,-1.13,31510,46651392.0
2018-02-27,1530.0,1550.0,1500.0,1500.0,-1.96,13486,20553432.0
2018-02-26,1571.0,1571.0,1527.0,1530.0,-2.55,7689,11876766.0
2018-02-25,1605.0,1605.0,1570.0,1570.0,-1.88,4614,7305457.0
2018-02-22,1620.0,1628.0,1590.0,1600.0,-1.17,10302,16562394.0
2018-02-21,1650.0,1650.0,1610.0,1619.0,-1.04,10207,16548109.0
2018-02-20,1722.0,1722.0,1635.0,1636.0,-3.2,9807,16319251.0
2018-02-18,1711.0,1715.0,1685.0,1690.0,-1.11,5987,10160917.0
2018-02-15,1690.0,1718.0,1695.0,1709.0,0.0,6024,10257109.0
2018-02-14,1690.0,1690.0,1680.0,1690.0,0.0,1715,2889755.0
2018-02-12,1700.0,1700.0,1690.0,1690.0,0.0,3264,5530856.0
2018-02-11,1707.0,1740.0,1690.0,1700.0,0.0,3732,6368013.0
2018-02-08,1660.0,1710.0,1670.0,1707.0,0.0,7968,13428848.0
2018-02-07,1675.0,1685.0,1650.0,1660.0,0.0,3504,5831069.0
2018-02-06,1680.0,1675.0,1647.0,1675.0,0.0,1209,2018050.0
2018-02-05,1700.0,1698.0,1680.0,1680.0,0.0,434,735472.0
2018-02-04,1705.0,1730.0,1700.0,1700.0,0.0,1091,1859134.0
2018-02-01,1700.0,1705.0,1700.0,1705.0,0.0,678,1154400.0
2018-01-31,1693.0,1700.0,1690.0,1700.0,0.0,810,1375550.0
2018-01-29,1700.0,1693.0,1663.0,1693.0,0.0,3219,5391373.0
2018-01-28,1710.0,1700.0,1690.0,1700.0,0.0,1995,3389400.0
2018-01-25,1655.0,1710.0,1650.0,1710.0,0.0,2858,4769904.0
2018-01-24,1655.0,1670.0,1655.0,1655.0,0.0,269,446015.0
2018-01-23,1681.0,1670.0,1650.0,1655.0,0.0,1336,2212909.0
2018-01-22,1695.0,1704.0,1681.0,1681.0,0.0,1036,1759065.0
2018-01-21,1694.0,1700.0,1694.0,1695.0,0.0,1005,1705335.0
2018-01-17,1715.0,1733.0,1692.0,1694.0,0.0,4646,7887696.0
2018-01-16,1730.0,1734.0,1696.0,1715.0,0.0,1507,2590112.0
2018-01-14,1760.0,1740.0,1706.0,1730.0,0.0,1055,1826550.0
2018-01-10,1798.0,1781.0,1752.0,1760.0,0.0,1016,1795482.0
2018-01-09,1761.0,1798.0,1766.0,1798.0,0.0,3904,6939353.0
2018-01-08,1769.0,1763.0,1760.0,1761.0,0.0,240,422698.0
2018-01-07,1742.0,1770.0,1742.0,1769.0,0.0,330,580296.0
2018-01-04,1745.0,1742.0,1713.0,1742.0,0.0,1142,1968335.0
2018-01-03,1779.0,1780.0,1745.0,1745.0,0.0,846,1482546.0
2018-01-02,1789.0,1824.0,1779.0,1779.0,0.0,1620,2911890.0
2018-01-01,1721.0,1789.0,1745.0,1789.0,0.0,1648,2915043.0
2017-12-31,1750.0,1750.0,1716.0,1721.0,0.0,2597,4502230.0
2017-12-28,1750.0,1775.0,1746.0,1750.0,0.0,948,1674950.0
2017-12-27,1760.0,1765.0,1732.0,1750.0,0.0,2234,3906296.0
2017-12-26,1785.0,1785.0,1751.0,1760.0,0.0,1920,3391728.0
2017-12-24,1790.0,1800.0,1780.0,1785.0,0.0,2145,3845481.0
2017-12-21,1815.0,1810.0,1790.0,1790.0,0.0,1938,3480214.0
2017-12-20,1840.0,1828.0,1815.0,1815.0,0.0,1237,2254100.0
2017-12-19,1849.0,1840.0,1829.0,1840.0,0.0,1131,2074253.0
2017-12-18,1845.0,1849.0,1835.0,1849.0,0.0,4156,7663970.0
2017-12-17,1856.0,1850.0,1840.0,1845.0,0.0,313,577735.0
2017-12-14,1858.0,1858.0,1845.0,1856.0,0.0,2157,3983654.0
2017-12-13,1840.0,1863.0,1840.0,1858.0,0.0,1313,2432229.0
2017-12-12,1865.0,1870.0,1840.0,1840.0,0.0,1969,3648360.0
2017-12-11,1865.0,1865.0,1855.0,1865.0,0.0,2284,4249660.0
2017-12-10,1895.0,1902.0,1865.0,1865.0,0.0,3959,7415937.0
2017-12-06,1874.0,1898.0,1880.0,1895.0,0.0,4235,7996729.0
2017-12-05,1862.0,1885.0,1848.0,1874.0,0.0,1388,2597261.0
2017-12-04,1875.0,1885.0,1851.0,1862.0,0.0,1643,3067540.0
2017-11-30,1850.0,1900.0,1850.0,1875.0,0.0,7413,13939596.0
2017-11-29,1825.0,1890.0,1835.0,1850.0,0.0,8598,15978315.0
2017-11-28,1821.0,1840.0,1810.0,1825.0,0.0,2715,4959125.0
2017-11-27,1829.0,1830.0,1803.0,1821.0,0.0,4327,7845236.0
2017-11-26,1800.0,1833.0,1800.0,1829.0,0.0,4701,8545774.0
2017-11-23,1813.0,1835.0,1800.0,1800.0,0.0,4993,9089251.0
2017-11-22,1805.0,1822.0,1795.0,1813.0,0.0,3361,6083357.0
2017-11-21,1770.0,1805.0,1782.0,1805.0,0.0,6575,11788384.0
2017-11-20,1790.0,1815.0,1770.0,1770.0,0.0,2038,3651275.0
2017-11-19,1840.0,1830.0,1790.0,1790.0,0.0,4301,7733093.0
2017-11-16,1830.0,1860.0,1828.0,1840.0,0.0,3939,7234804.0
2017-11-15,1840.0,1874.0,1830.0,1830.0,0.0,10540,19546024.0
2017-11-14,1820.0,1840.0,1770.0,1840.0,0.0,4029,7295755.0
2017-11-13,1735.0,1820.0,1750.0,1820.0,0.0,2476,4361524.0
2017-11-12,1720.0,1735.0,1718.0,1735.0,0.0,350,602100.0
2017-11-09,1720.0,1745.0,1688.0,1720.0,0.0,1741,3005156.0
2017-11-08,1732.0,1723.0,1677.0,1720.0,0.0,2363,4024870.0
2017-11-07,1765.0,1770.0,1732.0,1732.0,0.0,1191,2071865.0
2017-11-06,1760.0,1767.0,1730.0,1765.0,0.0,3544,6192835.0
2017-11-05,1800.0,1780.0,1740.0,1760.0,0.0,3855,6754135.0
2017-11-02,1795.0,1800.0,1783.0,1800.0,0.0,1440,2575610.0
2017-11-01,1811.0,1810.0,1790.0,1795.0,0.0,2775,4988940.0
2017-10-31,1811.0,1820.0,1811.0,1811.0,0.0,233,422189.0
2017-10-30,1820.0,1845.0,1811.0,1811.0,0.0,3542,6461977.0
2017-10-29,1846.0,1835.0,1815.0,1820.0,0.0,1688,3072340.0
2017-10-25,1855.0,1855.0,1835.0,1846.0,0.0,1099,2030610.0
2017-10-24,1855.0,1870.0,1850.0,1855.0,0.0,1200,2223155.0
2017-10-23,1863.0,1870.0,1855.0,1855.0,0.0,2721,5060945.0
2017-10-22,1880.0,1875.0,1863.0,1863.0,0.0,975,1820850.0
2017-10-18,1890.0,1885.0,1861.0,1880.0,0.0,717,1347187.0
2017-10-17,1900.0,1905.0,1862.0,1890.0,0.0,1620,3057720.0
2017-10-16,1830.0,1900.0,1831.0,1900.0,0.0,2930,5427600.0
2017-10-15,1820.0,1850.0,1795.0,1830.0,0.0,1065,1929050.0
2017-10-12,1818.0,1835.0,1820.0,1820.0,0.0,2436,4454480.0
2017-10-11,1801.0,1830.0,1810.0,1818.0,0.0,1445,2620065.0
2017-10-10,1825.0,1835.0,1801.0,1801.0,0.0,711,1292771.0
2017-10-09,1825.0,1825.0,1800.0,1825.0,0.0,2655,4809620.0
2017-10-08,1888.0,1852.0,1815.0,1825.0,0.0,2315,4228515.0
2017-10-04,1880.0,1888.0,1851.0,1888.0,0.0,1134,2119029.0
2017-10-03,1880.0,1880.0,1875.0,1880.0,0.0,20,37550.0
2017-09-26,1880.0,1900.0,1875.0,1880.0,0.0,1380,2599925.0
2017-09-25,1899.0,1892.0,1875.0,1880.0,0.0,1323,2484955.0
2017-09-24,1900.0,1900.0,1890.0,1899.0,0.0,260,492410.0
2017-09-20,1916.0,1920.0,1890.0,1900.0,0.0,1880,3578760.0
2017-09-18,1925.0,1950.0,1900.0,1916.0,0.0,1706,3265909.0
2017-09-17,1880.0,1928.0,1817.0,1925.0,0.0,6680,12653140.0
2017-09-14,1830.0,1891.0,1835.0,1880.0,0.0,7800,14440805.0
2017-09-13,1800.0,1885.0,1825.0,1830.0,0.0,9648,17762008.0
2017-09-12,1880.0,1870.0,1800.0,1800.0,0.0,2734,5021356.0
2017-09-11,1861.0,1930.0,1854.0,1880.0,0.0,4618,8699172.0
2017-09-10,1920.0,1920.0,1860.0,1861.0,0.0,2797,5249520.0
2017-09-07,1975.0,1960.0,1900.0,1920.0,0.0,1475,2831430.0
2017-09-06,1979.0,2018.0,1955.0,1975.0,0.0,2062,4054431.0
2017-09-04,2037.0,2054.0,1922.0,1979.0,0.0,7491,14816291.0
2017-08-31,2092.0,2071.0,2000.0,2037.0,0.0,3047,6198747.0
2017-08-30,2147.0,2189.0,2092.0,2092.0,0.0,6069,12804896.0
2017-08-28,2674.0,2700.0,2655.0,2684.0,0.0,16551,44313312.0
2017-08-27,2695.0,2711.0,2660.0,2674.0,0.0,15978,42623984.0
2017-08-24,2665.0,2700.0,2670.0,2695.0,0.0,5080,13599678.0
2017-08-23,2670.0,2680.0,2660.0,2665.0,0.0,6892,18378766.0
2017-08-22,2720.0,2738.0,2670.0,2670.0,0.0,14488,39117112.0
2017-08-21,2774.0,2900.0,2710.0,2720.0,0.0,26264,72161944.0
2017-08-20,2682.0,2774.0,2720.0,2774.0,0.0,19750,54319108.0
2017-08-17,2699.0,2710.0,2650.0,2682.0,0.0,5853,15657596.0
2017-08-16,2685.0,2715.0,2688.0,2699.0,0.0,4281,11553199.0
2017-08-15,2685.0,2705.0,2685.0,2685.0,0.0,2092,5641196.0
2017-08-13,2704.0,2720.0,2676.0,2685.0,0.0,6354,17111512.0
2017-08-10,2700.0,2715.0,2680.0,2704.0,0.0,7916,21315796.0
2017-08-09,2695.0,2730.0,2690.0,2700.0,0.0,3865,10476835.0
2017-08-07,2700.0,2703.0,2680.0,2695.0,0.0,1876,5057745.0
2017-08-06,2700.0,2719.0,2681.0,2700.0,0.0,3345,9029247.0
2017-08-03,2715.0,2720.0,2680.0,2700.0,0.0,5904,15990761.0
2017-08-02,2700.0,2754.0,2680.0,2715.0,0.0,9630,26024898.0
2017-08-01,2704.0,2725.0,2672.0,2700.0,0.0,7517,20337364.0
2017-07-31,2724.0,2730.0,2702.0,2704.0,0.0,13431,36450620.0
2017-07-30,2895.0,2838.0,2652.0,2724.0,0.0,20954,57344480.0
2017-07-27,2825.0,2895.0,2799.0,2895.0,0.0,18348,51954608.0
2017-07-26,2740.0,2840.0,2755.0,2825.0,0.0,12276,34308308.0
2017-07-25,2725.0,2740.0,2700.0,2740.0,0.0,9025,24595044.0
2017-07-24,2700.0,2725.0,2680.0,2725.0,0.0,9813,26503642.0
2017-07-23,2671.0,2720.0,2675.0,2700.0,0.0,10067,27179844.0
2017-07-20,2667.0,2685.0,2667.0,2671.0,0.0,7473,19994692.0
2017-07-19,2683.0,2710.0,2660.0,2667.0,0.0,8356,22424738.0
2017-07-18,2675.0,2696.0,2650.0,2683.0,0.0,8777,23429464.0
2017-07-17,2699.0,2714.0,2666.0,2675.0,0.0,10294,27710884.0
2017-07-16,2555.0,2699.0,2555.0,2699.0,0.0,17520,46534504.0
2017-07-13,2557.0,2562.0,2536.0,2555.0,0.0,4759,12146155.0
2017-07-12,2565.0,2583.0,2525.0,2557.0,0.0,2745,7012795.0
2017-07-11,2545.0,2580.0,2535.0,2565.0,0.0,6473,16625400.0
2017-07-10,2560.0,2560.0,2540.0,2545.0,0.0,3280,8374541.0
2017-07-09,2575.0,2610.0,2490.0,2560.0,0.0,6118,15464850.0
2017-07-06,2530.0,2595.0,2545.0,2575.0,0.0,3107,7949133.0
2017-07-05,2520.0,2530.0,2515.0,2530.0,0.0,2750,6934757.0
2017-07-04,2526.0,2530.0,2510.0,2520.0,0.0,2507,6310809.0
2017-07-03,2548.0,2555.0,2525.0,2526.0,0.0,1267,3215713.0
2017-07-02,2560.0,2565.0,2530.0,2548.0,0.0,5017,12746079.0
2017-06-28,2550.0,2560.0,2510.0,2560.0,0.0,7866,19995104.0
2017-06-27,2570.0,2584.0,2550.0,2550.0,0.0,3968,10187560.0
2017-06-25,2566.0,2595.0,2560.0,2570.0,0.0,5780,14839368.0
2017-06-22,2560.0,2573.0,2545.0,2566.0,0.0,10750,27478564.0
2017-06-21,2518.0,2565.0,2511.0,2560.0,0.0,6846,17438868.0
2017-06-20,2549.0,2600.0,2480.0,2518.0,0.0,10193,25808912.0
2017-06-19,2644.0,2622.0,2532.0,2549.0,0.0,11993,30758112.0
2017-06-18,2465.0,2682.0,2500.0,2644.0,0.0,28670,74616144.0
2017-06-15,2440.0,2465.0,2440.0,2465.0,0.0,4198,10308140.0
2017-06-14,2401.0,2440.0,2425.0,2440.0,0.0,2301,5600230.0
2017-06-13,2420.0,2445.0,2401.0,2401.0,0.0,1592,3861291.0
2017-06-12,2445.0,2460.0,2397.0,2420.0,0.0,4110,9961535.0
2017-06-11,2450.0,2455.0,2430.0,2445.0,0.0,3334,8114370.0
2017-06-08,2480.0,2480.0,2450.0,2450.0,0.0,3905,9612571.0
2017-06-07,2480.0,2529.0,2465.0,2480.0,0.0,4792,11923044.0
2017-06-06,2450.0,2501.0,2470.0,2480.0,0.0,1926,4797135.0
2017-06-05,2460.0,2465.0,2435.0,2450.0,0.0,3775,9246555.0
2017-06-04,2485.0,2490.0,2435.0,2460.0,0.0,4734,11594039.0
2017-06-01,2482.0,2485.0,2440.0,2485.0,0.0,1678,4147595.0
2017-05-31,2472.0,2500.0,2426.0,2482.0,0.0,2472,6086398.0
2017-05-30,2500.0,2500.0,2460.0,2472.0,0.0,6073,15052150.0
2017-05-28,2525.0,2530.0,2481.0,2500.0,0.0,3357,8426866.0
2017-05-24,2515.0,2525.0,2500.0,2525.0,0.0,2238,5618319.0
2017-05-23,2510.0,2540.0,2509.0,2515.0,0.0,3424,8639465.0
2017-05-22,2530.0,2510.0,2482.0,2510.0,0.0,723,1800627.0
2017-05-21,2510.0,2560.0,2520.0,2530.0,0.0,3710,9390686.0
2017-05-18,2515.0,2538.0,2505.0,2510.0,0.0,7406,18678496.0
2017-05-17,2522.0,2545.0,2515.0,2515.0,0.0,3001,7586394.0
2017-05-16,2570.0,2550.0,2515.0,2522.0,0.0,3919,9928026.0
2017-05-15,2578.0,2571.0,2540.0,2570.0,0.0,4765,12163384.0
2017-05-11,2550.0,2578.0,2525.0,2578.0,0.0,11573,29479052.0
2017-05-09,2432.0,2550.0,2459.0,2550.0,0.0,11711,29354296.0
2017-05-08,2432.0,2470.0,2403.0,2432.0,0.0,2985,7281855.0
2017-05-07,2488.0,2490.0,2432.0,2432.0,0.0,6508,15973223.0
2017-05-04,2504.0,2520.0,2480.0,2488.0,0.0,8118,20222252.0
2017-05-03,2498.0,2519.0,2490.0,2504.0,0.0,8884,22263788.0
2017-05-02,2488.0,2530.0,2465.0,2498.0,0.0,7964,19852590.0
2017-04-30,2510.0,2519.0,2460.0,2488.0,0.0,13925,34546964.0
2017-04-27,2515.0,2513.0,2445.0,2510.0,0.0,14104,35147904.0
2017-04-26,2518.0,2525.0,2490.0,2515.0,0.0,9640,24160184.0
2017-04-25,2435.0,2525.0,2400.0,2518.0,0.0,33887,84284056.0
2017-04-24,2480.0,2480.0,2410.0,2435.0,0.0,17039,41681016.0
2017-04-23,2369.0,2563.0,2416.0,2480.0,0.0,20678,51137888.0
2017-04-20,2390.0,2400.0,2335.0,2369.0,0.0,18294,43294176.0
2017-04-19,2298.0,2390.0,2265.0,2390.0,0.0,14782,34279488.0
2017-04-18,2316.0,2340.0,2190.0,2298.0,0.0,26287,60207884.0
2017-04-16,2329.0,2370.0,2250.0,2316.0,0.0,20185,46495552.0
2017-04-13,2300.0,2354.0,2261.0,2329.0,0.0,9844,22666622.0
2017-04-12,2325.0,2385.0,2295.0,2300.0,0.0,16536,38726892.0
2017-04-11,2360.0,2400.0,2310.0,2325.0,0.0,12273,28644372.0
2017-04-10,2298.0,2370.0,2301.0,2360.0,0.0,8888,20753252.0
2017-04-09,2205.0,2320.0,2200.0,2298.0,0.0,11649,26378894.0
2017-04-06,2197.0,2230.0,2118.0,2205.0,0.0,8607,18757808.0
2017-04-04,2060.0,2210.0,2078.0,2197.0,0.0,24092,51977452.0
2017-04-03,1981.0,2179.0,2020.0,2060.0,0.0,26202,56539084.0
2017-04-02,1801.0,1981.0,1837.0,1981.0,0.0,70,135110.0
2017-03-30,1795.0,1840.0,1740.0,1801.0,0.0,7157,12866999.0
2017-03-29,1850.0,1875.0,1770.0,1795.0,0.0,12003,21769668.0
2017-03-28,1780.0,1889.0,1800.0,1850.0,0.0,7843,14486032.0
2017-03-26,1700.0,1820.0,1720.0,1780.0,0.0,15463,27331548.0
2017-03-23,1698.0,1725.0,1665.0,1700.0,0.0,8162,13809447.0
2017-03-22,1710.0,1744.0,1675.0,1698.0,0.0,15579,26646718.0
2017-03-21,1723.0,1759.0,1653.0,1710.0,0.0,24756,42540564.0
2017-03-20,1607.0,1723.0,1611.0,1723.0,0.0,21150,35326264.0
2017-03-19,1461.0,1607.0,1452.0,1607.0,0.0,14527,22552270.0
2017-03-16,1435.0,1488.0,1450.0,1461.0,0.0,3674,5366582.0
2017-03-15,1421.0,1479.0,1400.0,1435.0,0.0,4950,7140071.0
2017-03-14,1448.0,1465.0,1420.0,1421.0,0.0,3130,4508340.0
2017-03-13,1440.0,1485.0,1448.0,1448.0,0.0,4465,6549631.0
2017-03-09,1368.0,1450.0,1346.0,1440.0,0.0,11751,16531898.0
2017-03-07,1355.0,1382.0,1302.0,1368.0,0.0,4389,5912739.0
2017-03-06,1320.0,1366.0,1325.0,1355.0,0.0,9212,12406562.0
2017-03-05,1290.0,1370.0,1285.0,1320.0,0.0,4370,5826134.0
2017-03-02,1253.0,1303.0,1231.0,1290.0,0.0,3018,3874122.0
2017-03-01,1205.0,1253.0,1200.0,1253.0,0.0,5704,6936779.0
2017-02-28,1270.0,1245.0,1180.0,1205.0,0.0,5289,6345343.0
2017-02-26,1324.0,1300.0,1270.0,1270.0,0.0,1584,2024035.0
2017-02-23,1325.0,1340.0,1314.0,1324.0,0.0,1030,1366817.0
2017-02-22,1335.0,1380.0,1315.0,1325.0,0.0,5137,6847900.0
2017-02-21,1428.0,1485.0,1335.0,1335.0,0.0,13011,17994280.0
2017-02-20,1370.0,1481.0,1371.0,1428.0,0.0,5444,7738598.0
2017-02-19,1350.0,1410.0,1296.0,1370.0,0.0,6761,9231390.0
2017-02-16,1250.0,1370.0,1250.0,1350.0,0.0,8464,11014961.0
2017-02-15,1140.0,1254.0,1150.0,1250.0,0.0,4503,5429679.0
2017-02-14,1170.0,1190.0,1114.0,1140.0,0.0,1992,2305487.0
2017-02-13,1170.0,1192.0,1060.0,1170.0,0.0,3533,3856686.0
2017-02-12,1300.0,1274.0,1170.0,1170.0,0.0,5406,6410443.0
2017-02-09,1375.0,1348.0,1275.0,1300.0,0.0,2784,3665146.0
2017-02-08,1399.0,1380.0,1350.0,1375.0,0.0,1399,1900728.0
2017-02-07,1400.0,1400.0,1370.0,1399.0,0.0,1665,2293864.0
2017-02-06,1422.0,1400.0,1355.0,1400.0,0.0,662,916944.0
2017-02-05,1480.0,1480.0,1422.0,1422.0,0.0,1447,2081458.0
2017-02-02,1484.0,1530.0,1432.0,1480.0,0.0,3921,5876792.0
2017-02-01,1365.0,1484.0,1389.0,1484.0,0.0,2550,3599170.0
2017-01-31,1360.0,1380.0,1299.0,1365.0,0.0,3568,4758048.0
2017-01-30,1495.0,1495.0,1346.0,1360.0,0.0,8526,11683306.0
2017-01-26,1541.0,1555.0,1470.0,1495.0,0.0,4607,6943825.0
2017-01-25,1620.0,1615.0,1540.0,1541.0,0.0,2741,4301535.0
2017-01-24,1630.0,1662.0,1600.0,1620.0,0.0,2024,3263753.0
2017-01-23,1645.0,1677.0,1617.0,1630.0,0.0,1217,2000270.0
2017-01-22,1654.0,1687.0,1645.0,1645.0,0.0,2252,3718961.0
2017-01-19,1638.0,1660.0,1632.0,1654.0,0.0,2342,3860248.0
2017-01-18,1606.0,1638.0,1613.0,1638.0,0.0,1851,3008509.0
2017-01-17,1605.0,1624.0,1600.0,1606.0,0.0,1237,1993420.0
2017-01-16,1622.0,1640.0,1590.0,1605.0,0.0,884,1419930.0
2017-01-15,1690.0,1658.0,1620.0,1622.0,0.0,2978,4864136.0
2017-01-12,1645.0,1700.0,1640.0,1690.0,0.0,3994,6693590.0
2017-01-11,1649.0,1681.0,1637.0,1645.0,0.0,1190,1965490.0
2017-01-10,1630.0,1655.0,1598.0,1649.0,0.0,2376,3872549.0
2017-01-09,1576.0,1630.0,1563.0,1630.0,0.0,2187,3519030.0
2017-01-08,1593.0,1605.0,1576.0,1576.0,0.0,986,1564720.0
2017-01-05,1606.0,1625.0,1593.0,1593.0,0.0,701,1132154.0
2017-01-04,1587.0,1606.0,1570.0,1606.0,0.0,3204,5120362.0
2017-01-03,1600.0,1629.0,1570.0,1587.0,0.0,2745,4366677.0
2017-01-02,1625.0,1657.0,1595.0,1600.0,0.0,4688,7580360.0
2017-01-01,1599.0,1661.0,1600.0,1625.0,0.0,4274,6920740.0
2016-12-29,1535.0,1658.0,1545.0,1599.0,0.0,6406,10249643.0
2016-12-28,1515.0,1580.0,1486.0,1535.0,0.0,2584,3966091.0
2016-12-27,1627.0,1619.0,1515.0,1515.0,0.0,4774,7379290.0
2016-12-26,1711.0,1700.0,1627.0,1627.0,0.0,2056,3451701.0
2016-12-22,1728.0,1730.0,1694.0,1711.0,0.0,1731,2970400.0
2016-12-21,1762.0,1750.0,1727.0,1728.0,0.0,1702,2947415.0
2016-12-20,1797.0,1786.0,1762.0,1762.0,0.0,1110,1965830.0
2016-12-19,1820.0,1810.0,1790.0,1797.0,0.0,1677,3017650.0
2016-12-18,1800.0,1835.0,1785.0,1820.0,0.0,1488,2702326.0
2016-12-15,1790.0,1829.0,1764.0,1800.0,0.0,3540,6368810.0
2016-12-14,1789.0,1790.0,1754.0,1790.0,0.0,1114,1967840.0
2016-12-12,1803.0,1825.0,1733.0,1789.0,0.0,1571,2783960.0
2016-12-11,1840.0,1835.0,1803.0,1803.0,0.0,496,897250.0
2016-12-08,1830.0,1840.0,1730.0,1840.0,0.0,1953,3537850.0
2016-12-07,1840.0,1860.0,1785.0,1830.0,0.0,1656,3033396.0
2016-12-06,1763.0,1840.0,1765.0,1840.0,0.0,1957,3516682.0
2016-12-05,1810.0,1812.0,1762.0,1763.0,0.0,3008,5341904.0
2016-12-04,1875.0,1890.0,1800.0,1810.0,0.0,5948,10886863.0
2016-12-01,1900.0,1940.0,1834.0,1875.0,0.0,6183,11692723.0
2016-11-30,1774.0,1909.0,1775.0,1900.0,0.0,7596,13942733.0
2016-11-29,1667.0,1774.0,1635.0,1774.0,0.0,5474,9369575.0
2016-11-28,1639.0,1734.0,1476.0,1667.0,0.0,8803,13638012.0
2016-11-27,1775.0,1800.0,1639.0,1639.0,0.0,4358,7470652.0
2016-11-24,1815.0,1958.0,1700.0,1775.0,0.0,7142,12832008.0
2016-11-23,1980.0,1972.0,1815.0,1815.0,0.0,4657,8743290.0
2016-11-22,2010.0,2030.0,1980.0,1980.0,0.0,2398,4792084.0
2016-11-21,2000.0,2050.0,1964.0,2010.0,0.0,2178,4328920.0
2016-11-20,2148.0,2106.0,1960.0,2000.0,0.0,6356,12814101.0
2016-11-17,2249.0,2231.0,2148.0,2148.0,0.0,2064,4537792.0
2016-11-16,2165.0,2258.0,2200.0,2249.0,0.0,2873,6415482.0
2016-11-15,2180.0,2195.0,2161.0,2165.0,0.0,661,1439669.0
2016-11-14,2200.0,2180.0,2161.0,2180.0,0.0,467,1012590.0
2016-11-13,2145.0,2200.0,2130.0,2200.0,0.0,462,998456.0
2016-11-10,2165.0,2202.0,2134.0,2145.0,0.0,4264,9181578.0
2016-11-09,2201.0,2210.0,2157.0,2165.0,0.0,2132,4638712.0
2016-11-08,2260.0,2250.0,2200.0,2201.0,0.0,705,1559638.0
2016-11-07,2260.0,2260.0,2240.0,2260.0,0.0,922,2078016.0
2016-11-03,2270.0,2260.0,2231.0,2260.0,0.0,400,895300.0
2016-10-27,2250.0,2270.0,2252.0,2270.0,0.0,439,991569.0
2016-10-26,2230.0,2250.0,2220.0,2250.0,0.0,1063,2372445.0
2016-10-25,2228.0,2265.0,2221.0,2230.0,0.0,1311,2923744.0
2016-10-24,2251.0,2285.0,2228.0,2228.0,0.0,1458,3265659.0
2016-10-23,2298.0,2320.0,2235.0,2251.0,0.0,1995,4521754.0
2016-10-20,2275.0,2300.0,2270.0,2298.0,0.0,2795,6396064.0
2016-10-19,2271.0,2295.0,2265.0,2275.0,0.0,4380,10021637.0
2016-10-18,2298.0,2343.0,2255.0,2271.0,0.0,3031,6887610.0
2016-10-17,2276.0,2298.0,2240.0,2298.0,0.0,822,1857738.0
2016-10-16,2322.0,2276.0,2276.0,2276.0,0.0,300,682800.0
2016-10-06,2271.0,2348.0,2300.0,2322.0,0.0,6013,13908357.0
2016-10-05,2295.0,2346.0,2271.0,2271.0,0.0,4900,11326022.0
2016-10-04,2305.0,2312.0,2276.0,2295.0,0.0,2096,4825769.0
2016-10-03,2260.0,2320.0,2260.0,2305.0,0.0,2082,4785786.0
2016-10-02,2220.0,2264.0,2200.0,2260.0,0.0,1763,3920220.0
2016-09-29,2225.0,2250.0,2185.0,2220.0,0.0,1604,3561068.0
2016-09-28,2250.0,2248.0,2220.0,2225.0,0.0,927,2061822.0
2016-09-27,2250.0,2250.0,2205.0,2250.0,0.0,1767,3918860.0
2016-09-26,2250.0,2274.0,2210.0,2250.0,0.0,1329,2999476.0
2016-09-25,2300.0,2310.0,2230.0,2250.0,0.0,4660,10534898.0
2016-09-22,2311.0,2328.0,2290.0,2300.0,0.0,5102,11771870.0
2016-09-21,2276.0,2340.0,2250.0,2311.0,0.0,8381,19244456.0
2016-09-20,2300.0,2320.0,2240.0,2276.0,0.0,4610,10529632.0
2016-09-18,2280.0,2300.0,2240.0,2300.0,0.0,5222,11891926.0
2016-09-14,2272.0,2280.0,2250.0,2280.0,0.0,2610,5915020.0
2016-09-12,2311.0,2310.0,2272.0,2272.0,0.0,2908,6653339.0
2016-09-11,2330.0,2376.0,2287.0,2311.0,0.0,3564,8280770.0
2016-09-08,2261.0,2360.0,2250.0,2330.0,0.0,12109,27863060.0
2016-09-07,2230.0,2295.0,2249.0,2261.0,0.0,2708,6136964.0
2016-09-06,2215.0,2288.0,2172.0,2230.0,0.0,7033,15781366.0
2016-09-05,2281.0,2255.0,2215.0,2215.0,0.0,1110,2481690.0
2016-09-04,2320.0,2300.0,2275.0,2281.0,0.0,2831,6481857.0
2016-09-03,2320.0,2300.0,2275.0,2281.0,0.0,2831,6481857.0
2016-09-01,2268.0,2320.0,2250.0,2320.0,0.0,4073,9273935.0
2016-08-31,2230.0,2296.0,2230.0,2268.0,0.0,1833,4165735.0
2016-08-30,2270.0,2231.0,2215.0,2230.0,0.0,2064,4596885.0
2016-08-29,2300.0,2346.0,2256.0,2270.0,0.0,5844,13436467.0
2016-08-28,2230.0,2325.0,2200.0,2300.0,0.0,15022,33751456.0
2016-08-24,2050.0,2230.0,2075.0,2230.0,0.0,6388,13694174.0
2016-08-23,2059.0,2100.0,2000.0,2050.0,0.0,1946,3983033.0
2016-08-22,2125.0,2100.0,2040.0,2059.0,0.0,3513,7289674.0
2016-08-21,2190.0,2193.0,2119.0,2125.0,0.0,2573,5574517.0
2016-08-17,2104.0,2228.0,2120.0,2190.0,0.0,3322,7254410.0
2016-08-16,2076.0,2104.0,2005.0,2104.0,0.0,3532,7311696.0
2016-08-15,2165.0,2151.0,2070.0,2076.0,0.0,4914,10361256.0
2016-08-14,2170.0,2254.0,2132.0,2165.0,0.0,7877,17199888.0
2016-08-11,2149.0,2189.0,2100.0,2170.0,0.0,2398,5120334.0
2016-08-10,2162.0,2205.0,2103.0,2149.0,0.0,6099,13091374.0
2016-08-09,1966.0,2162.0,2005.0,2162.0,0.0,600,1293280.0
2016-08-08,2107.0,2149.0,1966.0,1966.0,0.0,747,1541284.0
2016-08-07,2130.0,2227.0,2100.0,2107.0,0.0,3518,7642258.0
2016-08-04,2289.0,2245.0,2130.0,2130.0,0.0,4268,9302714.0
2016-08-03,2292.0,2310.0,2203.0,2289.0,0.0,2358,5347281.0
2016-08-02,2345.0,2330.0,2290.0,2292.0,0.0,1176,2709088.0
2016-08-01,2366.0,2360.0,2300.0,2345.0,0.0,4090,9494830.0
2016-07-31,2406.0,2400.0,2305.0,2366.0,0.0,2002,4724935.0
2016-07-28,2357.0,2410.0,2310.0,2406.0,0.0,4507,10767232.0
2016-07-27,2333.0,2370.0,2340.0,2357.0,0.0,6206,14649319.0
2016-07-26,2344.0,2372.0,2330.0,2333.0,0.0,6481,15209713.0
2016-07-25,2345.0,2370.0,2300.0,2344.0,0.0,6770,15815080.0
2016-07-21,2335.0,2371.0,2292.0,2345.0,0.0,3228,7534640.0
2016-07-20,2400.0,2450.0,2335.0,2335.0,0.0,9296,22265028.0
2016-07-19,2408.0,2494.0,2290.0,2400.0,0.0,30153,72832904.0
2016-07-18,2200.0,2408.0,2156.0,2408.0,0.0,6182,14259017.0
2016-07-17,2200.0,2200.0,2113.0,2200.0,0.0,4189,9087892.0
2016-07-14,2113.0,2200.0,2113.0,2200.0,0.0,3831,8242603.0
2016-07-13,2201.0,2160.0,2080.0,2113.0,0.0,5933,12545441.0
2016-07-12,2220.0,2250.0,2039.0,2201.0,0.0,9355,20431018.0
2016-07-11,2310.0,2270.0,2206.0,2220.0,0.0,12887,28720946.0
2016-07-10,2326.0,2397.0,2266.0,2310.0,0.0,11943,27809678.0
2016-07-06,2350.0,2350.0,2316.0,2326.0,0.0,9258,21606660.0
2016-07-05,2379.0,2370.0,2321.0,2350.0,0.0,4014,9419454.0
2016-07-04,2405.0,2400.0,2350.0,2379.0,0.0,2946,7008689.0
2016-07-03,2495.0,2499.0,2401.0,2405.0,0.0,6285,15429600.0
2016-06-30,2490.0,2545.0,2450.0,2495.0,0.0,14930,37326320.0
2016-06-29,2366.0,2585.0,2400.0,2490.0,0.0,20121,49717048.0
2016-06-28,2271.0,2366.0,2280.0,2366.0,0.0,20618,47502528.0
2016-06-27,2260.0,2305.0,2270.0,2271.0,0.0,12497,28554480.0
2016-06-26,2205.0,2285.0,2206.0,2260.0,0.0,9728,21860026.0
2016-06-23,2227.0,2349.0,2205.0,2205.0,0.0,6650,14982219.0
2016-06-22,2205.0,2227.0,2190.0,2227.0,0.0,17033,37542540.0
2016-06-21,2230.0,2274.0,2181.0,2205.0,0.0,8993,20038072.0
2016-06-20,2280.0,2325.0,2230.0,2230.0,0.0,13605,30815560.0
2016-06-19,2380.0,2450.0,2171.0,2280.0,0.0,22209,52145536.0
2016-06-16,2176.0,2393.0,2219.0,2380.0,0.0,28831,68108248.0
2016-06-15,1979.0,2176.0,1970.0,2176.0,0.0,21903,45340800.0
2016-06-14,1900.0,1979.0,1891.0,1979.0,0.0,17202,33329876.0
2016-06-13,1910.0,1920.0,1881.0,1900.0,0.0,10848,20563978.0
2016-06-12,1875.0,1940.0,1860.0,1910.0,0.0,9583,18212868.0
2016-06-09,1820.0,1900.0,1850.0,1875.0,0.0,12979,24413980.0
2016-06-08,1789.0,1830.0,1788.0,1820.0,0.0,2991,5422210.0
2016-06-07,1740.0,1790.0,1735.0,1789.0,0.0,2018,3558424.0
2016-06-06,1700.0,1768.0,1725.0,1740.0,0.0,6146,10665881.0
2016-06-05,1780.0,1815.0,1691.0,1700.0,0.0,4663,8211823.0
2016-06-02,1800.0,1795.0,1731.0,1780.0,0.0,6112,10869354.0
2016-06-01,1820.0,1830.0,1785.0,1800.0,0.0,3169,5734666.0
2016-05-31,1851.0,1855.0,1800.0,1820.0,0.0,9808,17810484.0
2016-05-30,1850.0,1870.0,1851.0,1851.0,0.0,2615,4858551.0
2016-05-29,1870.0,1905.0,1850.0,1850.0,0.0,2889,5414555.0
2016-05-26,1875.0,1872.0,1830.0,1870.0,0.0,2502,4652986.0
2016-05-25,1910.0,1890.0,1862.0,1875.0,0.0,4245,7955378.0
2016-05-24,1900.0,1920.0,1885.0,1910.0,0.0,7232,13768453.0
2016-05-23,1900.0,1921.0,1850.0,1900.0,0.0,7897,14857241.0
2016-05-22,1820.0,1900.0,1820.0,1900.0,0.0,7030,13176146.0
2016-05-19,1820.0,1861.0,1820.0,1820.0,0.0,10193,18767076.0
2016-05-18,1765.0,1820.0,1795.0,1820.0,0.0,8134,14698522.0
2016-05-17,1753.0,1775.0,1760.0,1765.0,0.0,2528,4473281.0
2016-05-16,1765.0,1760.0,1750.0,1753.0,0.0,2418,4247899.0
2016-05-15,1770.0,1767.0,1750.0,1765.0,0.0,7313,12846356.0
2016-05-12,1767.0,1775.0,1763.0,1770.0,0.0,10731,19004764.0
2016-05-11,1770.0,1779.0,1762.0,1767.0,0.0,5183,9176340.0
2016-05-10,1764.0,1777.0,1762.0,1770.0,0.0,9098,16116360.0
2016-05-09,1780.0,1780.0,1730.0,1764.0,0.0,3757,6642256.0
2016-05-08,1780.0,1815.0,1770.0,1780.0,0.0,5300,9459886.0
2016-05-05,1801.0,1805.0,1765.0,1780.0,0.0,4934,8806769.0
2016-05-04,1784.0,1810.0,1752.0,1801.0,0.0,6627,11850581.0
2016-05-03,1768.0,1805.0,1760.0,1784.0,0.0,6820,12068534.0
2016-05-02,1779.0,1785.0,1755.0,1768.0,0.0,4490,7943485.0
2016-04-28,1760.0,1800.0,1736.0,1779.0,0.0,5340,9401761.0
2016-04-27,1740.0,1760.0,1735.0,1760.0,0.0,4412,7706608.0
2016-04-26,1740.0,1760.0,1740.0,1740.0,0.0,3683,6447964.0
2016-04-25,1716.0,1753.0,1717.0,1740.0,0.0,4804,8340789.0
2016-04-24,1700.0,1723.0,1690.0,1716.0,0.0,4640,7902704.0
2016-04-21,1755.0,1731.0,1691.0,1700.0,0.0,5006,8561933.0
2016-04-20,1670.0,1755.0,1670.0,1755.0,0.0,3150,5343441.0
2016-04-19,1676.0,1690.0,1645.0,1670.0,0.0,3431,5735562.0
2016-04-18,1675.0,1680.0,1675.0,1676.0,0.0,2473,4147545.0
2016-04-17,1675.0,1675.0,1661.0,1675.0,0.0,2652,4430010.0
2016-04-14,1655.0,1680.0,1675.0,1675.0,0.0,714,1198375.0
2016-04-12,1674.0,1685.0,1655.0,1655.0,0.0,594,993970.0
2016-04-11,1660.0,1675.0,1660.0,1674.0,0.0,2948,4908242.0
2016-04-10,1670.0,1670.0,1660.0,1660.0,0.0,2160,3599240.0
2016-04-06,1687.0,1690.0,1670.0,1670.0,0.0,689,1152330.0
2016-04-05,1676.0,1692.0,1684.0,1687.0,0.0,2494,4211924.0
2016-04-04,1690.0,1695.0,1665.0,1676.0,0.0,2761,4629856.0
2016-04-03,1700.0,1690.0,1668.0,1690.0,0.0,450,755200.0
2016-03-31,1710.0,1704.0,1677.0,1700.0,0.0,3247,5470100.0
2016-03-30,1704.0,1710.0,1695.0,1710.0,0.0,1912,3254463.0
2016-03-29,1685.0,1710.0,1690.0,1704.0,0.0,1674,2843968.0
2016-03-28,1715.0,1707.0,1670.0,1685.0,0.0,4639,7821435.0
2016-03-27,1700.0,1715.0,1680.0,1715.0,0.0,3406,5791706.0
2016-03-24,1720.0,1720.0,1700.0,1700.0,0.0,3469,5924188.0
2016-03-23,1750.0,1740.0,1715.0,1720.0,0.0,920,1584006.0
2016-03-21,1760.0,1790.0,1750.0,1750.0,0.0,4906,8665516.0
2016-03-20,1735.0,1770.0,1715.0,1760.0,0.0,2759,4848590.0
2016-03-17,1713.0,1740.0,1701.0,1735.0,0.0,3626,6242571.0
2016-03-16,1712.0,1735.0,1700.0,1713.0,0.0,4842,8305504.0
2016-03-15,1681.0,1732.0,1699.0,1712.0,0.0,5214,8912813.0
2016-03-14,1763.0,1750.0,1681.0,1681.0,0.0,4660,7975187.0
2016-03-13,1750.0,1785.0,1653.0,1763.0,0.0,5772,9990290.0
2016-03-10,1681.0,1750.0,1690.0,1750.0,0.0,7540,12958138.0
2016-03-06,1622.0,1681.0,1620.0,1681.0,0.0,5946,9733988.0
2016-03-03,1620.0,1625.0,1600.0,1622.0,0.0,5050,8161230.0
2016-03-02,1605.0,1630.0,1605.0,1620.0,0.0,1787,2890973.0
2016-03-01,1620.0,1630.0,1600.0,1605.0,0.0,2478,3987509.0
2016-02-29,1605.0,1625.0,1602.0,1620.0,0.0,440,708890.0
2016-02-28,1620.0,1620.0,1603.0,1605.0,0.0,1144,1838552.0
2016-02-25,1626.0,1631.0,1594.0,1620.0,0.0,1816,2934582.0
2016-02-24,1650.0,1650.0,1626.0,1626.0,0.0,865,1418030.0
2016-02-23,1646.0,1650.0,1640.0,1650.0,0.0,1027,1693230.0
2016-02-22,1635.0,1682.0,1646.0,1646.0,0.0,2567,4248520.0
2016-02-21,1647.0,1650.0,1633.0,1635.0,0.0,3242,5317871.0
2016-02-18,1630.0,1647.0,1617.0,1647.0,0.0,7346,11968687.0
2016-02-17,1623.0,1635.0,1623.0,1630.0,0.0,1448,2356580.0
2016-02-16,1635.0,1630.0,1622.0,1623.0,0.0,1062,1725230.0
2016-02-15,1625.0,1645.0,1618.0,1635.0,0.0,4711,7680337.0
2016-02-14,1630.0,1655.0,1615.0,1625.0,0.0,3528,5760760.0
2016-02-11,1640.0,1650.0,1620.0,1630.0,0.0,4645,7594787.0
2016-02-08,1632.0,1660.0,1625.0,1640.0,0.0,4873,7997789.0
2016-02-07,1629.0,1660.0,1616.0,1632.0,0.0,4605,7494825.0
2016-02-04,1625.0,1638.0,1618.0,1629.0,0.0,3051,4975217.0
2016-02-03,1626.0,1630.0,1625.0,1625.0,0.0,399,649759.0
2016-02-02,1627.0,1627.0,1613.0,1626.0,0.0,1286,2087895.0
2016-02-01,1619.0,1645.0,1620.0,1627.0,0.0,2104,3434271.0
2016-01-31,1618.0,1620.0,1610.0,1619.0,0.0,1828,2950975.0
2016-01-28,1634.0,1635.0,1618.0,1618.0,0.0,5484,8894864.0
2016-01-27,1632.0,1635.0,1620.0,1634.0,0.0,3037,4946943.0
2016-01-26,1635.0,1635.0,1616.0,1632.0,0.0,2462,3999453.0
2016-01-25,1652.0,1645.0,1633.0,1635.0,0.0,3250,5326360.0
2016-01-24,1662.0,1670.0,1637.0,1652.0,0.0,7551,12517532.0
2016-01-21,1670.0,1668.0,1640.0,1662.0,0.0,7745,12848317.0
2016-01-20,1655.0,1670.0,1650.0,1670.0,0.0,13019,21619782.0
2016-01-19,1634.0,1660.0,1584.0,1655.0,0.0,13431,21856410.0
2016-01-18,1660.0,1640.0,1580.0,1634.0,0.0,22058,35589772.0
2016-01-17,1570.0,1695.0,1585.0,1660.0,0.0,23767,38942968.0
2016-01-14,1541.0,1570.0,1525.0,1570.0,0.0,10927,16972184.0
2016-01-13,1525.0,1550.0,1541.0,1541.0,0.0,1080,1670610.0
2016-01-12,1537.0,1535.0,1525.0,1525.0,0.0,1727,2642937.0
2016-01-11,1540.0,1550.0,1537.0,1537.0,0.0,4862,7507348.0
2016-01-10,1541.0,1550.0,1520.0,1540.0,0.0,1913,2945075.0
2016-01-07,1538.0,1567.0,1540.0,1541.0,0.0,8366,12940013.0
2016-01-06,1516.0,1538.0,1500.0,1538.0,0.0,6289,9504123.0
2016-01-05,1565.0,1556.0,1516.0,1516.0,0.0,8983,13843881.0
2016-01-04,1555.0,1595.0,1550.0,1565.0,0.0,12795,20032092.0
2016-01-03,1510.0,1570.0,1526.0,1555.0,0.0,15632,24158542.0
2015-12-31,1479.0,1514.0,1488.0,1510.0,0.0,17943,26909420.0
2015-12-29,1436.0,1500.0,1440.0,1479.0,0.0,8878,13118411.0
2015-12-28,1450.0,1451.0,1436.0,1436.0,0.0,2708,3909632.0
2015-12-27,1470.0,1473.0,1445.0,1450.0,0.0,2418,3526108.0
2015-12-24,1450.0,1476.0,1450.0,1470.0,0.0,4636,6779108.0
2015-12-23,1450.0,1467.0,1449.0,1450.0,0.0,9835,14307827.0
2015-12-22,1450.0,1500.0,1436.0,1450.0,0.0,11237,16331956.0
2015-12-21,1456.0,1485.0,1390.0,1450.0,0.0,12497,17741956.0
2015-12-20,1400.0,1456.0,1373.0,1456.0,0.0,3291,4619652.0
2015-12-17,1435.0,1435.0,1380.0,1400.0,0.0,5871,8198733.0
2015-12-16,1444.0,1470.0,1373.0,1435.0,0.0,16057,22728628.0
2015-12-15,1390.0,1529.0,1417.0,1444.0,0.0,29661,43150972.0
2015-12-14,1360.0,1392.0,1362.0,1390.0,0.0,4562,6299841.0
2015-12-13,1347.0,1370.0,1340.0,1360.0,0.0,6944,9427132.0
2015-12-10,1365.0,1380.0,1340.0,1347.0,0.0,6472,8770858.0
2015-12-09,1340.0,1393.0,1355.0,1365.0,0.0,1262,1725769.0
2015-12-08,1310.0,1349.0,1312.0,1340.0,0.0,6869,9181741.0
2015-12-07,1300.0,1344.0,1300.0,1310.0,0.0,7040,9295898.0
2015-12-06,1245.0,1303.0,1269.0,1300.0,0.0,3312,4257484.0
2015-12-03,1239.0,1285.0,1235.0,1245.0,0.0,6788,8515062.0
2015-12-02,1247.0,1244.0,1220.0,1239.0,0.0,2015,2485829.0
2015-12-01,1200.0,1247.0,1200.0,1247.0,0.0,6087,7515810.0
2015-11-30,1176.0,1200.0,1176.0,1200.0,0.0,3715,4428377.0
2015-11-29,1230.0,1208.0,1175.0,1176.0,0.0,3465,4098988.0
2015-11-26,1251.0,1245.0,1202.0,1230.0,0.0,5288,6485700.0
2015-11-25,1245.0,1264.0,1250.0,1251.0,0.0,1356,1695578.0
2015-11-24,1244.0,1245.0,1230.0,1245.0,0.0,319,394226.0
2015-11-23,1250.0,1252.0,1225.0,1244.0,0.0,1543,1912016.0
2015-11-22,1300.0,1300.0,1235.0,1250.0,0.0,3107,3897301.0
2015-11-19,1300.0,1300.0,1280.0,1300.0,0.0,1422,1838696.0
2015-11-18,1290.0,1300.0,1290.0,1300.0,0.0,1763,2285910.0
2015-11-16,1300.0,1298.0,1276.0,1290.0,0.0,2984,3826740.0
2015-11-15,1290.0,1305.0,1299.0,1300.0,0.0,3342,4347392.0
2015-11-10,1275.0,1300.0,1285.0,1290.0,0.0,2148,2765260.0
2015-11-09,1260.0,1295.0,1270.0,1275.0,0.0,315,404865.0
2015-11-08,1245.0,1260.0,1235.0,1260.0,0.0,4182,5208290.0
2015-11-05,1262.0,1260.0,1245.0,1245.0,0.0,1404,1754910.0
2015-11-04,1245.0,1269.0,1255.0,1262.0,0.0,815,1028114.0
2015-11-03,1250.0,1245.0,1212.0,1245.0,0.0,2189,2674968.0
2015-11-02,1260.0,1280.0,1250.0,1250.0,0.0,1902,2400798.0
2015-11-01,1290.0,1266.0,1240.0,1260.0,0.0,477,601120.0
2015-10-29,1250.0,1290.0,1275.0,1290.0,0.0,364,466120.0
2015-10-28,1270.0,1250.0,1221.0,1250.0,0.0,856,1064854.0
2015-10-27,1310.0,1290.0,1266.0,1270.0,0.0,911,1160164.0
2015-10-25,1310.0,1310.0,1284.0,1310.0,0.0,989,1288126.0
2015-10-19,1300.0,1310.0,1300.0,1310.0,0.0,1481,1932900.0
2015-10-18,1330.0,1316.0,1300.0,1300.0,0.0,2511,3278890.0
2015-10-15,1343.0,1330.0,1320.0,1330.0,0.0,732,972773.0
2015-10-14,1370.0,1350.0,1343.0,1343.0,0.0,220,296300.0
2015-10-11,1397.0,1370.0,1370.0,1370.0,0.0,700,959000.0
2015-10-08,1360.0,1397.0,1335.0,1397.0,0.0,1245,1690002.0
2015-10-07,1350.0,1360.0,1330.0,1360.0,0.0,3453,4653540.0
2015-10-06,1352.0,1355.0,1342.0,1350.0,0.0,1139,1538018.0
2015-10-05,1365.0,1370.0,1352.0,1352.0,0.0,113,153010.0
2015-10-04,1350.0,1369.0,1350.0,1365.0,0.0,1809,2456359.0
2015-10-01,1340.0,1350.0,1340.0,1350.0,0.0,1263,1699915.0
2015-09-30,1350.0,1340.0,1324.0,1340.0,0.0,168,222848.0
2015-09-29,1331.0,1355.0,1320.0,1350.0,0.0,3346,4486578.0
2015-09-28,1370.0,1355.0,1330.0,1331.0,0.0,3360,4522250.0
2015-09-24,1386.0,1379.0,1355.0,1370.0,0.0,2178,2982131.0
2015-09-23,1333.0,1386.0,1350.0,1386.0,0.0,1008,1378488.0
2015-09-22,1380.0,1407.0,1333.0,1333.0,0.0,3888,5240046.0
2015-09-17,1377.0,1380.0,1370.0,1380.0,0.0,1363,1875227.0
2015-09-16,1370.0,1400.0,1376.0,1377.0,0.0,4716,6530142.0
2015-09-15,1385.0,1409.0,1365.0,1370.0,0.0,3282,4504730.0
2015-09-14,1385.0,1390.0,1380.0,1385.0,0.0,2027,2810510.0
2015-09-13,1360.0,1408.0,1375.0,1385.0,0.0,1518,2105951.0
2015-09-10,1401.0,1390.0,1350.0,1360.0,0.0,697,949850.0
2015-09-09,1410.0,1410.0,1395.0,1401.0,0.0,661,924345.0
2015-09-08,1400.0,1420.0,1400.0,1410.0,0.0,2139,3010470.0
2015-09-07,1400.0,1415.0,1400.0,1400.0,0.0,1354,1905410.0
2015-09-06,1390.0,1428.0,1364.0,1400.0,0.0,2426,3360265.0
2015-09-03,1465.0,1460.0,1366.0,1390.0,0.0,1792,2515180.0
2015-09-02,1495.0,1466.0,1465.0,1465.0,0.0,54,79120.0
2015-09-01,1504.0,1534.0,1480.0,1495.0,0.0,8702,13041140.0
2015-08-31,1480.0,1560.0,1482.0,1504.0,0.0,9339,14065041.0
2015-08-27,1362.0,1480.0,1388.0,1480.0,0.0,4751,6827709.0
2015-08-26,1289.0,1385.0,1314.0,1362.0,0.0,6297,8547934.0
2015-08-25,1255.0,1315.0,1240.0,1289.0,0.0,3181,4071501.0
2015-08-24,1190.0,1284.0,1213.0,1255.0,0.0,8151,10295666.0
2015-08-23,1215.0,1211.0,1182.0,1190.0,0.0,11225,13430758.0
2015-08-20,1205.0,1215.0,1195.0,1215.0,0.0,8969,10819899.0
2015-08-19,1190.0,1210.0,1185.0,1205.0,0.0,10616,12752526.0
2015-08-18,1190.0,1200.0,1181.0,1190.0,0.0,6300,7520425.0
2015-08-17,1200.0,1190.0,1170.0,1190.0,0.0,1245,1477173.0
2015-08-16,1184.0,1200.0,1184.0,1200.0,0.0,6529,7786335.0
2015-08-13,1185.0,1202.0,1161.0,1184.0,0.0,4666,5527996.0
2015-08-12,1195.0,1190.0,1170.0,1185.0,0.0,3917,4619958.0
2015-08-11,1180.0,1195.0,1160.0,1195.0,0.0,3749,4421623.0
2015-08-10,1185.0,1199.0,1163.0,1180.0,0.0,2914,3463708.0
2015-08-09,1176.0,1222.0,1160.0,1185.0,0.0,3316,3904329.0
2015-08-06,1211.0,1203.0,1176.0,1176.0,0.0,8863,10583814.0
2015-08-05,1151.0,1211.0,1142.0,1211.0,0.0,4466,5175732.0
2015-08-04,1152.0,1165.0,1150.0,1151.0,0.0,4801,5548780.0
2015-08-03,1150.0,1165.0,1145.0,1152.0,0.0,2243,2596177.0
2015-08-02,1160.0,1155.0,1140.0,1150.0,0.0,376,433035.0
2015-07-30,1130.0,1175.0,1125.0,1160.0,0.0,2076,2387021.0
2015-07-29,1135.0,1140.0,1120.0,1130.0,0.0,3355,3789470.0
2015-07-28,1147.0,1168.0,1135.0,1135.0,0.0,2008,2314034.0
2015-07-27,1219.0,1210.0,1145.0,1147.0,0.0,6717,7767238.0
2015-07-26,1150.0,1219.0,1173.0,1219.0,0.0,676,802585.0
2015-07-23,1150.0,1160.0,1140.0,1150.0,0.0,3998,4600262.0
2015-07-22,1159.0,1160.0,1145.0,1150.0,0.0,3773,4341257.0
2015-07-16,1148.0,1159.0,1136.0,1159.0,0.0,2459,2804991.0
2015-07-15,1150.0,1155.0,1148.0,1148.0,0.0,237,272751.0
2015-07-14,1145.0,1156.0,1150.0,1150.0,0.0,432,498280.0
2015-07-13,1156.0,1145.0,1140.0,1145.0,0.0,1244,1419488.0
2015-07-12,1162.0,1158.0,1150.0,1156.0,0.0,3120,3601656.0
2015-07-09,1160.0,1166.0,1140.0,1162.0,0.0,2949,3423992.0
2015-07-08,1164.0,1170.0,1160.0,1160.0,0.0,3657,4251048.0
2015-07-07,1130.0,1164.0,1129.0,1164.0,0.0,5037,5763243.0
2015-07-06,1151.0,1150.0,1130.0,1130.0,0.0,351,398250.0
2015-07-05,1160.0,1162.0,1146.0,1151.0,0.0,1802,2080193.0
2015-07-02,1172.0,1170.0,1150.0,1160.0,0.0,6280,7288056.0
2015-07-01,1180.0,1190.0,1160.0,1172.0,0.0,7309,8581612.0
2015-06-30,1206.0,1200.0,1160.0,1180.0,0.0,15602,18306944.0
2015-06-29,1140.0,1206.0,1141.0,1206.0,0.0,11830,13843684.0
2015-06-28,1111.0,1155.0,1108.0,1140.0,0.0,6357,7228618.0
2015-06-25,1092.0,1113.0,1100.0,1111.0,0.0,9004,9957526.0
2015-06-24,1099.0,1100.0,1090.0,1092.0,0.0,2172,2372753.0
2015-06-23,1065.0,1130.0,1065.0,1099.0,0.0,8111,8808814.0
2015-06-22,1051.0,1085.0,1060.0,1065.0,0.0,3827,4085206.0
2015-06-21,1074.0,1075.0,1050.0,1051.0,0.0,924,973042.0
2015-06-18,1075.0,1075.0,1054.0,1074.0,0.0,1436,1541742.0
2015-06-17,1071.0,1075.0,1055.0,1075.0,0.0,870,929581.0
2015-06-16,1085.0,1090.0,1071.0,1071.0,0.0,530,573200.0
2015-06-15,1082.0,1090.0,1066.0,1085.0,0.0,1063,1150630.0
2015-06-14,1098.0,1115.0,1082.0,1082.0,0.0,3742,4088429.0
2015-06-11,1090.0,1105.0,1074.0,1098.0,0.0,11806,12820109.0
2015-06-10,1088.0,1107.0,1067.0,1090.0,0.0,2061,2243114.0
2015-06-09,1082.0,1147.0,1080.0,1088.0,0.0,4624,5087773.0
2015-06-08,1076.0,1115.0,1062.0,1082.0,0.0,927,1013556.0
2015-06-07,1064.0,1080.0,1074.0,1076.0,0.0,824,885797.0
2015-06-04,1050.0,1115.0,1050.0,1064.0,0.0,1566,1699262.0
2015-06-03,958.0,1050.0,977.0,1050.0,0.0,2853,2853254.0
2015-06-02,925.0,961.0,933.0,958.0,0.0,573,538698.0
2015-06-01,901.0,935.0,917.0,925.0,0.0,1844,1701627.0
2015-05-31,954.0,935.0,891.0,901.0,0.0,2611,2355176.0
2015-05-28,1060.0,1039.0,954.0,954.0,0.0,1338,1309842.0
2015-04-23,1070.0,1061.0,1060.0,1060.0,0.0,214,226960.0
2015-04-22,1080.0,1081.0,1070.0,1070.0,0.0,1107,1195187.0
2015-04-21,1070.0,1080.0,1070.0,1080.0,0.0,496,534965.0
2015-04-20,1085.0,1085.0,1070.0,1070.0,0.0,2084,2249015.0
2015-04-19,1085.0,1090.0,1076.0,1085.0,0.0,332,359920.0
2015-04-16,1080.0,1095.0,1085.0,1085.0,0.0,2108,2300612.0
2015-04-15,1067.0,1095.0,1069.0,1080.0,0.0,3465,3763090.0
2015-04-13,1070.0,1067.0,1040.0,1067.0,0.0,2593,2732223.0
2015-04-12,1084.0,1105.0,1070.0,1070.0,0.0,120,131250.0
2015-04-09,1100.0,1105.0,1083.0,1084.0,0.0,2384,2593180.0
2015-04-08,1072.0,1105.0,1075.0,1100.0,0.0,2268,2475524.0
2015-04-07,1070.0,1093.0,1060.0,1072.0,0.0,4735,5082975.0
2015-04-06,1078.0,1080.0,1045.0,1070.0,0.0,1274,1361646.0
2015-04-05,1099.0,1078.0,1078.0,1078.0,0.0,13,14014.0
2015-04-02,1105.0,1115.0,1090.0,1099.0,0.0,3288,3606879.0
2015-04-01,1110.0,1105.0,1091.0,1105.0,0.0,6124,6720199.0
2015-03-31,1100.0,1119.0,1100.0,1110.0,0.0,1017,1130064.0
2015-03-30,1105.0,1100.0,1090.0,1100.0,0.0,220,240740.0
2015-03-29,1093.0,1105.0,1100.0,1105.0,0.0,88,97000.0
2015-03-26,1110.0,1093.0,1090.0,1093.0,0.0,162,176770.0
2015-03-25,1110.0,1125.0,1100.0,1110.0,0.0,2954,3274992.0
2015-03-24,1105.0,1127.0,1100.0,1110.0,0.0,379,419076.0
2015-03-23,1125.0,1120.0,1100.0,1105.0,0.0,1071,1186025.0
2015-03-22,1136.0,1141.0,1125.0,1125.0,0.0,727,820357.0
2015-03-19,1134.0,1156.0,1125.0,1136.0,0.0,2876,3254182.0
2015-03-18,1130.0,1134.0,1125.0,1134.0,0.0,630,711940.0
2015-03-17,1120.0,1130.0,1120.0,1130.0,0.0,1570,1763073.0
2015-03-16,1141.0,1129.0,1110.0,1120.0,0.0,1650,1839052.0
2015-03-15,1154.0,1141.0,1116.0,1141.0,0.0,1950,2205665.0
2015-03-12,1163.0,1154.0,1140.0,1154.0,0.0,849,972770.0
2015-03-11,1180.0,1171.0,1163.0,1163.0,0.0,1881,2194589.0
2015-03-10,1180.0,1182.0,1153.0,1180.0,0.0,5714,6655741.0
2015-03-09,1225.0,1201.0,1180.0,1180.0,0.0,7726,9185118.0
2015-03-04,1149.0,1225.0,1141.0,1225.0,0.0,2475,2846085.0
2015-03-03,1150.0,1153.0,1125.0,1149.0,0.0,2215,2519278.0
2015-03-02,1145.0,1150.0,1140.0,1150.0,0.0,1466,1684373.0
2015-03-01,1145.0,1165.0,1140.0,1145.0,0.0,4150,4759921.0
2015-02-26,1110.0,1150.0,1090.0,1145.0,0.0,1229,1389214.0
2015-02-25,1100.0,1115.0,1095.0,1110.0,0.0,2241,2486172.0
2015-02-24,1120.0,1111.0,1100.0,1100.0,0.0,1236,1364897.0
2015-02-23,1100.0,1120.0,1100.0,1120.0,0.0,1057,1175715.0
2015-02-22,1137.0,1134.0,1100.0,1100.0,0.0,2333,2616127.0
2015-02-18,1160.0,1154.0,1137.0,1137.0,0.0,589,676392.0
2015-02-16,1167.0,1165.0,1150.0,1160.0,0.0,3498,4033332.0
2015-02-15,1139.0,1167.0,1139.0,1167.0,0.0,1796,2056941.0
2015-02-12,1145.0,1145.0,1127.0,1139.0,0.0,6529,7402772.0
2015-02-11,1130.0,1145.0,1120.0,1145.0,0.0,4234,4769492.0
2015-02-10,1132.0,1152.0,1126.0,1130.0,0.0,14059,15955335.0
2015-02-09,1095.0,1138.0,1100.0,1132.0,0.0,17255,19354890.0
2015-02-08,1086.0,1095.0,1075.0,1095.0,0.0,3253,3544788.0
2015-02-05,1094.0,1101.0,1080.0,1086.0,0.0,1973,2147004.0
2015-02-04,1089.0,1094.0,1075.0,1094.0,0.0,5675,6159570.0
2015-02-03,1094.0,1090.0,1075.0,1089.0,0.0,7784,8450578.0
2015-02-02,1075.0,1094.0,1072.0,1094.0,0.0,3131,3380986.0
2015-02-01,1095.0,1095.0,1075.0,1075.0,0.0,807,880089.0
2015-01-29,1115.0,1103.0,1080.0,1095.0,0.0,2869,3121993.0
2015-01-28,1100.0,1120.0,1090.0,1115.0,0.0,18427,20145098.0
2015-01-27,1105.0,1125.0,1096.0,1100.0,0.0,3487,3839078.0
2015-01-26,1130.0,1138.0,1090.0,1105.0,0.0,7939,8777335.0
2015-01-25,1090.0,1130.0,1085.0,1130.0,0.0,9121,10090568.0
2015-01-22,1070.0,1106.0,1049.0,1090.0,0.0,6298,6835946.0
2015-01-20,1095.0,1122.0,1053.0,1070.0,0.0,9696,10582469.0
2015-01-19,1075.0,1139.0,1054.0,1095.0,0.0,11499,12740938.0
2015-01-18,1056.0,1077.0,1055.0,1075.0,0.0,4616,4932071.0
2015-01-14,1062.0,1070.0,1048.0,1056.0,0.0,7971,8434322.0
2015-01-13,1030.0,1079.0,1010.0,1062.0,0.0,7123,7490389.0
2015-01-12,1035.0,1030.0,1006.0,1030.0,0.0,4449,4541369.0
2015-01-11,1012.0,1040.0,1009.0,1035.0,0.0,11522,11892216.0
2015-01-08,981.0,1025.0,962.0,1012.0,0.0,8367,8404085.0
2015-01-07,980.0,984.0,961.0,981.0,0.0,821,803627.0
2015-01-06,978.0,995.0,976.0,980.0,0.0,845,829361.0
2015-01-05,980.0,1015.0,972.0,978.0,0.0,6392,6313575.0
2015-01-04,960.0,980.0,950.0,980.0,0.0,3491,3389982.0
2015-01-01,993.0,974.0,960.0,960.0,0.0,2652,2560895.0
2014-12-31,955.0,993.0,925.0,993.0,0.0,1697,1591580.0
2014-12-29,978.0,975.0,953.0,955.0,0.0,2244,2155651.0
2014-12-28,968.0,980.0,955.0,978.0,0.0,1245,1198886.0
2014-12-24,921.0,974.0,921.0,968.0,0.0,4601,4349592.0
2014-12-23,940.0,950.0,920.0,921.0,0.0,584,546505.0
2014-12-22,945.0,940.0,931.0,940.0,0.0,1008,944157.0
2014-12-21,964.0,955.0,937.0,945.0,0.0,906,855123.0
2014-12-18,951.0,964.0,941.0,964.0,0.0,617,587806.0
2014-12-17,961.0,970.0,951.0,951.0,0.0,191,182667.0
2014-12-16,990.0,976.0,961.0,961.0,0.0,1320,1279822.0
2014-12-15,993.0,1015.0,990.0,990.0,0.0,882,889625.0
2014-12-14,940.0,993.0,958.0,993.0,0.0,541,529545.0
2014-12-11,934.0,940.0,930.0,940.0,0.0,1413,1324661.0
2014-12-10,940.0,945.0,923.0,934.0,0.0,1388,1301409.0
2014-12-09,935.0,940.0,921.0,940.0,0.0,938,868663.0
2014-12-08,940.0,945.0,920.0,935.0,0.0,1087,1017546.0
2014-12-07,941.0,941.0,935.0,940.0,0.0,774,727279.0
2014-12-04,939.0,957.0,940.0,941.0,0.0,1699,1612251.0
2014-12-03,922.0,945.0,915.0,939.0,0.0,5759,5356036.0
2014-12-02,945.0,945.0,919.0,922.0,0.0,911,844312.0
2014-12-01,969.0,970.0,941.0,945.0,0.0,2082,1980975.0
2014-11-30,970.0,969.0,945.0,969.0,0.0,2322,2205293.0
2014-11-25,990.0,971.0,945.0,970.0,0.0,1736,1671182.0
2014-11-23,1013.0,1030.0,990.0,990.0,0.0,1622,1647191.0
2014-11-20,979.0,1013.0,975.0,1013.0,0.0,2674,2628176.0
2014-11-19,960.0,979.0,959.0,979.0,0.0,3635,3516634.0
2014-11-18,976.0,984.0,930.0,960.0,0.0,2522,2417036.0
2014-11-17,957.0,976.0,935.0,976.0,0.0,2747,2584175.0
2014-11-16,1010.0,990.0,954.0,957.0,0.0,1935,1861402.0
2014-11-13,1000.0,1025.0,1000.0,1010.0,0.0,869,874672.0
2014-11-12,1004.0,1024.0,994.0,1000.0,0.0,2142,2139146.0
2014-11-11,983.0,1005.0,956.0,1004.0,0.0,1640,1617202.0
2014-11-10,995.0,1000.0,980.0,983.0,0.0,1735,1711517.0
2014-11-09,1035.0,1020.0,995.0,995.0,0.0,2956,2972722.0
2014-11-06,1030.0,1035.0,1010.0,1035.0,0.0,1706,1733201.0
2014-11-05,1015.0,1036.0,1010.0,1030.0,0.0,4583,4709569.0
2014-11-04,1005.0,1042.0,1000.0,1015.0,0.0,3600,3622468.0
2014-11-03,1004.0,1019.0,999.0,1005.0,0.0,3246,3253399.0
2014-11-02,1049.0,1040.0,990.0,1004.0,0.0,3983,4057655.0
2014-10-30,1070.0,1061.0,1045.0,1049.0,0.0,1121,1178444.0
2014-10-28,1071.0,1071.0,1030.0,1070.0,0.0,3620,3841595.0
2014-10-27,1062.0,1076.0,1041.0,1071.0,0.0,4554,4835958.0
2014-10-26,1045.0,1070.0,1040.0,1062.0,0.0,2360,2493954.0
2014-10-22,1024.0,1051.0,1018.0,1045.0,0.0,10271,10605596.0
2014-10-21,1020.0,1025.0,1015.0,1024.0,0.0,7118,7245245.0
2014-10-20,1025.0,1028.0,1010.0,1020.0,0.0,2807,2855018.0
2014-10-19,1026.0,1025.0,1010.0,1025.0,0.0,1528,1558396.0
2014-10-16,1022.0,1042.0,1000.0,1026.0,0.0,12616,12985014.0
2014-10-15,1000.0,1044.0,1000.0,1022.0,0.0,9212,9371797.0
2014-10-14,980.0,1005.0,977.0,1000.0,0.0,3385,3384123.0
2014-10-13,970.0,999.0,965.0,980.0,0.0,7088,6903370.0
2014-10-12,972.0,980.0,953.0,970.0,0.0,951,918292.0
2014-10-09,954.0,973.0,965.0,972.0,0.0,596,578093.0
2014-10-08,1005.0,1000.0,945.0,954.0,0.0,2538,2455452.0
2014-09-30,1020.0,1030.0,990.0,1005.0,0.0,5471,5561143.0
2014-09-29,999.0,1025.0,995.0,1020.0,0.0,7147,7226990.0
2014-09-28,936.0,1000.0,940.0,999.0,0.0,5186,5119674.0
2014-09-24,914.0,936.0,900.0,936.0,0.0,3094,2832987.0
2014-09-23,867.0,919.0,880.0,914.0,0.0,1290,1159773.0
2014-09-22,890.0,876.0,860.0,867.0,0.0,395,342579.0
2014-09-21,901.0,915.0,883.0,890.0,0.0,1500,1334815.0
2014-09-18,910.0,902.0,895.0,901.0,0.0,2108,1895450.0
2014-09-17,904.0,922.0,900.0,910.0,0.0,1515,1375832.0
2014-09-16,904.0,922.0,895.0,904.0,0.0,8051,7243838.0
2014-09-15,897.0,905.0,894.0,904.0,0.0,2692,2417211.0
2014-09-14,920.0,920.0,887.0,897.0,0.0,2065,1859841.0
2014-09-11,902.0,920.0,884.0,920.0,0.0,2187,1993423.0
2014-09-10,924.0,960.0,885.0,902.0,0.0,7122,6599499.0
2014-09-09,840.0,924.0,840.0,924.0,0.0,1327,1158652.0
2014-09-07,911.0,905.0,835.0,840.0,0.0,2608,2271339.0
2014-09-04,924.0,915.0,871.0,911.0,0.0,2966,2635743.0
2014-09-03,945.0,946.0,920.0,924.0,0.0,2200,2046655.0
2014-09-01,933.0,945.0,905.0,945.0,0.0,3612,3340388.0
2014-08-31,990.0,1000.0,911.0,933.0,0.0,3921,3772100.0
2014-08-28,913.0,1000.0,925.0,990.0,0.0,8869,8607793.0
2014-08-27,830.0,913.0,846.0,913.0,0.0,4317,3854894.0
2014-08-26,821.0,903.0,830.0,830.0,0.0,2807,2418861.0
2014-08-25,905.0,887.0,815.0,821.0,0.0,3063,2620984.0
2014-08-24,940.0,925.0,900.0,905.0,0.0,4423,4013932.0
2014-08-21,1020.0,1000.0,940.0,940.0,0.0,6657,6347889.0
2014-08-20,1040.0,1030.0,990.0,1020.0,0.0,2855,2905273.0
2014-08-19,1035.0,1071.0,1010.0,1040.0,0.0,4272,4450121.0
2014-08-18,1026.0,1035.0,1020.0,1035.0,0.0,1032,1063335.0
2014-08-14,1040.0,1055.0,1025.0,1026.0,0.0,1048,1094680.0
2014-08-13,1020.0,1040.0,972.0,1040.0,0.0,3408,3463878.0
2014-08-12,1034.0,1035.0,1005.0,1020.0,0.0,1086,1107110.0
2014-08-07,1040.0,1050.0,1010.0,1034.0,0.0,4391,4499981.0
2014-08-06,1060.0,1060.0,1040.0,1040.0,0.0,3316,3492617.0
2014-08-05,1065.0,1070.0,1050.0,1060.0,0.0,3266,3468571.0
2014-08-04,1075.0,1066.0,1065.0,1065.0,0.0,1393,1484911.0
2014-08-03,1075.0,1089.0,1070.0,1075.0,0.0,4647,5008365.0
2014-07-31,1066.0,1091.0,1060.0,1075.0,0.0,2743,2946339.0
2014-07-30,1120.0,1119.0,1055.0,1066.0,0.0,2500,2713940.0
2014-07-28,1120.0,1120.0,1100.0,1120.0,0.0,2226,2463292.0
2014-07-27,1140.0,1150.0,1108.0,1120.0,0.0,4820,5450000.0
2014-07-24,1152.0,1198.0,1125.0,1140.0,0.0,22535,25917850.0
2014-07-23,1141.0,1152.0,1116.0,1152.0,0.0,8392,9512318.0
2014-07-22,1135.0,1141.0,1110.0,1141.0,0.0,8842,9918579.0
2014-07-21,1134.0,1150.0,1125.0,1135.0,0.0,7984,9063636.0
2014-07-20,1112.0,1156.0,1105.0,1134.0,0.0,4847,5456231.0
2014-07-17,1102.0,1115.0,1100.0,1112.0,0.0,4536,5035652.0
2014-07-16,1099.0,1120.0,1091.0,1102.0,0.0,3143,3480553.0
2014-07-15,1090.0,1100.0,1055.0,1099.0,0.0,2528,2739081.0
2014-07-14,1080.0,1100.0,1070.0,1090.0,0.0,6332,6888181.0
2014-07-13,1095.0,1155.0,1060.0,1080.0,0.0,5760,6298480.0
2014-07-10,1111.0,1130.0,1085.0,1095.0,0.0,8273,9101302.0
2014-07-09,1100.0,1130.0,1060.0,1111.0,0.0,10107,11108919.0
2014-07-08,1100.0,1150.0,1098.0,1100.0,0.0,18829,20964172.0
2014-07-07,1097.0,1160.0,1095.0,1100.0,0.0,13802,15646367.0
2014-07-06,1060.0,1102.0,1060.0,1097.0,0.0,15816,16913344.0
2014-07-03,1092.0,1106.0,1030.0,1060.0,0.0,10739,11355530.0
2014-07-02,1040.0,1102.0,1058.0,1092.0,0.0,30570,33230130.0
2014-07-01,974.0,1040.0,965.0,1040.0,0.0,15254,15410390.0
2014-06-30,960.0,977.0,951.0,974.0,0.0,9069,8711618.0
2014-06-29,932.0,962.0,930.0,960.0,0.0,10463,10002892.0
2014-06-26,940.0,945.0,926.0,932.0,0.0,4856,4537579.0
2014-06-25,940.0,950.0,930.0,940.0,0.0,6130,5752575.0
2014-06-24,912.0,940.0,900.0,940.0,0.0,12849,11931440.0
2014-06-23,920.0,932.0,910.0,912.0,0.0,4054,3728165.0
2014-06-19,934.0,950.0,912.0,920.0,0.0,6320,5832523.0
2014-06-18,915.0,954.0,897.0,934.0,0.0,19682,18227092.0
2014-06-17,860.0,915.0,855.0,915.0,0.0,14121,12432450.0
2014-06-16,850.0,879.0,845.0,860.0,0.0,4760,4099585.0
2014-06-15,840.0,860.0,840.0,850.0,0.0,4109,3494723.0
2014-06-12,840.0,843.0,830.0,840.0,0.0,1181,982804.0
2014-06-11,841.0,855.0,830.0,840.0,0.0,7149,6014698.0
2014-06-10,845.0,850.0,832.0,841.0,0.0,5807,4866403.0
2014-06-09,830.0,855.0,825.0,845.0,0.0,4161,3458438.0
2014-06-08,842.0,845.0,820.0,830.0,0.0,2060,1715982.0
2014-06-05,840.0,850.0,825.0,842.0,0.0,3907,3295773.0
2014-06-04,865.0,855.0,835.0,840.0,0.0,4153,3525080.0
2014-06-03,844.0,867.0,830.0,865.0,0.0,4847,4070039.0
2014-06-02,865.0,856.0,835.0,844.0,0.0,7808,6584129.0
2014-06-01,880.0,885.0,865.0,865.0,0.0,8454,7388398.0
2014-05-28,863.0,880.0,860.0,880.0,0.0,6277,5483711.0
2014-05-27,840.0,871.0,835.0,863.0,0.0,10012,8588060.0
2014-05-26,829.0,840.0,830.0,840.0,0.0,867,723230.0
2014-05-25,815.0,851.0,815.0,829.0,0.0,2854,2378535.0
2014-05-22,822.0,838.0,815.0,815.0,0.0,2701,2220778.0
2014-05-21,820.0,828.0,803.0,822.0,0.0,2470,2006238.0
2014-05-20,830.0,820.0,806.0,820.0,0.0,7291,5909904.0
2014-05-19,855.0,840.0,826.0,830.0,0.0,4959,4128068.0
2014-05-18,875.0,870.0,836.0,855.0,0.0,3148,2682040.0
2014-05-15,870.0,877.0,849.0,875.0,0.0,2900,2498932.0
2014-05-13,852.0,886.0,860.0,870.0,0.0,5640,4892998.0
2014-05-12,842.0,863.0,842.0,852.0,0.0,5739,4879623.0
2014-05-11,851.0,845.0,836.0,842.0,0.0,6101,5128998.0
2014-05-08,870.0,860.0,834.0,851.0,0.0,7412,6272643.0
2014-05-07,878.0,890.0,848.0,870.0,0.0,5885,5124681.0
2014-05-06,895.0,878.0,812.0,878.0,0.0,4768,4071527.0
2014-05-05,930.0,1000.0,844.0,895.0,0.0,33303,31275836.0
2014-05-04,846.0,930.0,862.0,930.0,0.0,36773,33218730.0
2014-04-30,808.0,865.0,810.0,846.0,0.0,19100,16066923.0
2014-04-29,773.0,816.0,772.0,808.0,0.0,18090,14576119.0
2014-04-28,765.0,780.0,755.0,773.0,0.0,12049,9216957.0
2014-04-27,760.0,770.0,757.0,765.0,0.0,3818,2909855.0
2014-04-23,759.0,768.0,750.0,760.0,0.0,5192,3942077.0
2014-04-22,733.0,759.0,725.0,759.0,0.0,1942,1436455.0
2014-04-21,733.0,735.0,721.0,733.0,0.0,4206,3076236.0
2014-04-20,746.0,745.0,730.0,733.0,0.0,5553,4086829.0
2014-04-17,766.0,757.0,745.0,746.0,0.0,4863,3639870.0
2014-04-16,759.0,770.0,755.0,766.0,0.0,12772,9695886.0
2014-04-15,747.0,765.0,750.0,759.0,0.0,5458,4145462.0
2014-04-13,733.0,769.0,733.0,747.0,0.0,15822,11978540.0
2014-04-10,682.0,738.0,685.0,733.0,0.0,25973,18907656.0
2014-04-09,680.0,700.0,671.0,682.0,0.0,7484,5169178.0
2014-04-07,675.0,690.0,665.0,680.0,0.0,3496,2388110.0
2014-04-06,675.0,680.0,660.0,675.0,0.0,2588,1739799.0
2014-04-03,687.0,700.0,675.0,675.0,0.0,1735,1197419.0
2014-04-02,693.0,699.0,680.0,687.0,0.0,13901,9537759.0
2014-04-01,695.0,710.0,690.0,693.0,0.0,3734,2604288.0
2014-03-31,660.0,695.0,660.0,695.0,0.0,5582,3771299.0
2014-03-27,640.0,660.0,640.0,660.0,0.0,1838,1199046.0
2014-03-26,647.0,641.0,635.0,640.0,0.0,821,525403.0
2014-03-25,640.0,655.0,633.0,647.0,0.0,13587,8800643.0
2014-03-24,620.0,644.0,621.0,640.0,0.0,1783,1133153.0
2014-03-23,647.0,650.0,620.0,620.0,0.0,1884,1189100.0
2014-03-20,637.0,650.0,630.0,647.0,0.0,2156,1389379.0
2014-03-19,614.0,637.0,602.0,637.0,0.0,3766,2349282.0
2014-03-18,635.0,644.0,613.0,614.0,0.0,2652,1669920.0
2014-03-17,630.0,636.0,624.0,635.0,0.0,2893,1817019.0
2014-03-13,630.0,645.0,621.0,630.0,0.0,5040,3199609.0
2014-03-12,640.0,642.0,620.0,630.0,0.0,5834,3652182.0
2014-03-11,638.0,649.0,633.0,640.0,0.0,5990,3841496.0
2014-03-10,636.0,650.0,626.0,638.0,0.0,5237,3330630.0
2014-03-09,653.0,650.0,628.0,636.0,0.0,3837,2441024.0
2014-03-06,664.0,665.0,651.0,653.0,0.0,3199,2105918.0
2014-03-05,657.0,687.0,660.0,664.0,0.0,5788,3886966.0
2014-03-04,645.0,657.0,615.0,657.0,0.0,6148,3848030.0
2014-03-03,674.0,665.0,641.0,645.0,0.0,5018,3258096.0
2014-02-26,680.0,693.0,663.0,674.0,0.0,1294,871033.0
2014-02-25,660.0,680.0,630.0,680.0,0.0,2358,1521094.0
2014-02-24,690.0,710.0,660.0,660.0,0.0,5298,3621560.0
2014-02-23,724.0,711.0,690.0,690.0,0.0,10291,7226862.0
2014-02-20,740.0,762.0,697.0,724.0,0.0,10908,8054879.0
2014-02-18,693.0,750.0,696.0,740.0,0.0,29342,21419032.0
2014-02-17,655.0,693.0,642.0,693.0,0.0,20115,13428816.0
2014-02-16,624.0,655.0,621.0,655.0,0.0,22079,14295166.0
2014-02-13,570.0,624.0,559.0,624.0,0.0,15543,9341841.0
2014-02-12,554.0,570.0,535.0,570.0,0.0,17518,9737994.0
2014-02-11,532.0,565.0,530.0,554.0,0.0,5729,3092981.0
2014-02-10,530.0,555.0,530.0,532.0,0.0,3883,2075671.0
2014-02-09,555.0,549.0,530.0,530.0,0.0,1965,1056720.0
2014-02-06,525.0,555.0,522.0,555.0,0.0,448,240465.0
2014-02-04,520.0,530.0,520.0,521.0,0.0,1398,738571.0
2014-02-03,525.0,530.0,515.0,520.0,0.0,709,368244.0
2014-02-02,539.0,540.0,520.0,525.0,0.0,919,491682.0
2014-01-29,540.0,555.0,533.0,539.0,0.0,4600,2503554.0
2014-01-28,530.0,547.0,532.0,540.0,0.0,2820,1516417.0
2014-01-27,526.0,536.0,520.0,530.0,0.0,856,451462.0
2014-01-26,530.0,535.0,525.0,526.0,0.0,1411,746591.0
2014-01-23,540.0,539.0,520.0,530.0,0.0,13699,7199190.0
2014-01-22,550.0,545.0,526.0,540.0,0.0,2251,1198971.0
2014-01-21,540.0,552.0,520.0,550.0,0.0,6117,3316820.0
2014-01-20,557.0,558.0,540.0,540.0,0.0,5998,3298644.0
2014-01-19,560.0,571.0,550.0,557.0,0.0,5813,3219816.0
2014-01-16,560.0,581.0,557.0,560.0,0.0,2568,1440631.0
2014-01-14,550.0,565.0,535.0,560.0,0.0,6286,3468084.0
2014-01-13,517.0,555.0,527.0,550.0,0.0,1349,723244.0
2014-01-12,512.0,540.0,512.0,517.0,0.0,3899,2024435.0
2014-01-09,526.0,521.0,507.0,512.0,0.0,3277,1683815.0
2014-01-08,523.0,526.0,500.0,526.0,0.0,9540,4929943.0
2014-01-07,530.0,540.0,520.0,523.0,0.0,879,465080.0
2014-01-06,550.0,540.0,520.0,530.0,0.0,663,353237.0
2014-01-05,561.0,590.0,550.0,550.0,0.0,422,239053.0
2014-01-02,531.0,561.0,535.0,561.0,0.0,1500,811700.0
2014-01-01,535.0,545.0,510.0,531.0,0.0,3570,1855254.0
2013-12-31,572.0,575.0,535.0,535.0,0.0,1774,956515.0
2013-12-29,574.0,572.0,531.0,572.0,0.0,4316,2343403.0
2013-12-26,552.0,574.0,550.0,574.0,0.0,1080,603459.0
2013-12-24,571.0,560.0,550.0,552.0,0.0,5976,3297445.0
2013-12-23,590.0,580.0,560.0,571.0,0.0,1520,861926.0
2013-12-22,625.0,625.0,580.0,590.0,0.0,3828,2275842.0
2013-12-19,625.0,630.0,603.0,625.0,0.0,3761,2313192.0
2013-12-18,598.0,632.0,609.0,625.0,0.0,4540,2822798.0
2013-12-16,544.0,598.0,554.0,598.0,0.0,441,249066.0
2013-12-15,550.0,553.0,532.0,544.0,0.0,10330,5583685.0
2013-12-12,545.0,566.0,535.0,550.0,0.0,11376,6152420.0
2013-12-11,568.0,561.0,536.0,545.0,0.0,10336,5623158.0
2013-12-10,630.0,618.0,567.0,568.0,0.0,3902,2219530.0
2013-12-08,657.0,650.0,630.0,630.0,0.0,619,393327.0
2013-12-05,660.0,705.0,635.0,657.0,0.0,15338,10122683.0
2013-12-04,633.0,675.0,645.0,660.0,0.0,2341,1557893.0
2013-12-03,600.0,633.0,598.0,633.0,0.0,21108,12908226.0
2013-12-02,580.0,602.0,580.0,600.0,0.0,12006,7067627.0
2013-12-01,552.0,603.0,542.0,580.0,0.0,9693,5602674.0
2013-11-28,546.0,561.0,540.0,552.0,0.0,9622,5238365.0
2013-11-27,532.0,585.0,522.0,546.0,0.0,20151,11186265.0
2013-11-26,484.0,532.0,493.0,532.0,0.0,6027,3148057.0
2013-11-25,440.0,484.0,445.0,484.0,0.0,3664,1725968.0
2013-11-24,400.0,440.0,408.0,440.0,0.0,7995,3498929.0
2013-11-14,388.0,402.0,390.0,400.0,0.0,5953,2383923.0
2013-11-13,388.0,397.0,386.0,388.0,0.0,2754,1084048.0
2013-11-12,377.0,388.0,380.0,388.0,0.0,2328,890757.0
2013-11-11,370.0,377.0,370.0,377.0,0.0,508,188887.0
2013-11-10,371.0,371.0,370.0,370.0,0.0,39,14443.0
2013-11-07,364.0,371.0,370.0,371.0,0.0,139,51493.0
2013-11-06,374.0,367.0,364.0,364.0,0.0,303,111063.0
2013-10-31,372.0,374.0,372.0,374.0,0.0,283,105788.0
2013-10-30,373.0,372.0,370.0,372.0,0.0,951,353224.0
2013-10-29,375.0,375.0,370.0,373.0,0.0,399,148359.0
2013-10-28,379.0,375.0,370.0,375.0,0.0,575,213977.0
2013-10-27,381.0,380.0,375.0,379.0,0.0,1949,739479.0
2013-10-24,383.0,384.0,376.0,381.0,0.0,1426,543869.0
2013-10-23,392.0,388.0,383.0,383.0,0.0,727,278506.0
2013-10-22,400.0,392.0,392.0,392.0,0.0,27,10584.0
2013-10-21,393.0,400.0,388.0,400.0,0.0,1493,587166.0
2013-10-20,392.0,393.0,385.0,393.0,0.0,6958,2715682.0
2013-10-17,390.0,392.0,390.0,392.0,0.0,2492,973864.0
2013-10-10,391.0,390.0,384.0,390.0,0.0,2348,907384.0
2013-10-09,386.0,395.0,390.0,391.0,0.0,1791,701231.0
2013-10-08,387.0,391.0,385.0,386.0,0.0,1677,646800.0
2013-10-07,372.0,387.0,365.0,387.0,0.0,1287,489788.0
2013-10-06,388.0,394.0,372.0,372.0,0.0,1308,505505.0
2013-10-03,373.0,388.0,371.0,388.0,0.0,1882,718438.0
2013-10-02,370.0,377.0,368.0,373.0,0.0,2195,820085.0
2013-10-01,374.0,377.0,369.0,370.0,0.0,8781,3258663.0
2013-09-30,377.0,378.0,373.0,374.0,0.0,3121,1171427.0
2013-09-29,380.0,379.0,374.0,377.0,0.0,970,366013.0
2013-09-26,384.0,382.0,374.0,380.0,0.0,1916,725255.0
2013-09-25,386.0,390.0,380.0,384.0,0.0,6291,2405753.0
2013-09-24,398.0,400.0,385.0,386.0,0.0,3348,1311447.0
2013-09-23,402.0,398.0,383.0,398.0,0.0,9326,3603513.0
2013-09-22,402.0,405.0,395.0,402.0,0.0,4942,1967058.0
2013-09-19,425.0,417.0,390.0,402.0,0.0,3042,1216446.0
2013-09-17,400.0,429.0,392.0,425.0,0.0,10836,4381443.0
2013-09-16,397.0,400.0,383.0,400.0,0.0,4390,1725640.0
2013-09-15,408.0,400.0,392.0,397.0,0.0,15166,6015189.0
2013-09-12,390.0,408.0,384.0,408.0,0.0,10796,4207963.0
2013-09-11,408.0,400.0,383.0,390.0,0.0,5949,2318473.0
2013-09-10,380.0,408.0,370.0,408.0,0.0,4699,1775222.0
2013-09-09,372.0,386.0,370.0,380.0,0.0,5410,2052042.0
2013-09-08,375.0,376.0,372.0,372.0,0.0,6420,2406665.0
2013-09-05,374.0,380.0,373.0,375.0,0.0,8673,3247318.0
2013-09-04,381.0,378.0,373.0,374.0,0.0,569,213389.0
2013-09-03,380.0,386.0,380.0,381.0,0.0,13331,5069418.0
2013-09-02,369.0,383.0,369.0,380.0,0.0,9131,3423387.0
2013-09-01,378.0,381.0,369.0,369.0,0.0,9462,3553613.0
2013-08-29,382.0,393.0,375.0,378.0,0.0,11447,4388620.0
2013-08-27,378.0,392.0,378.0,382.0,0.0,13429,5160920.0
2013-08-26,367.0,378.0,370.0,378.0,0.0,22274,8251044.0
2013-08-25,361.0,374.0,359.0,367.0,0.0,7958,2904979.0
2013-08-20,365.0,379.0,361.0,361.0,0.0,12997,4756430.0
2013-08-19,367.0,365.0,343.0,365.0,0.0,7685,2725349.0
2013-08-18,345.0,369.0,341.0,367.0,0.0,11179,4041196.0
2013-08-15,350.0,351.0,333.0,345.0,0.0,8373,2852758.0
2013-08-14,344.0,360.0,347.0,350.0,0.0,10665,3763300.0
2013-08-13,325.0,357.0,328.0,344.0,0.0,17958,6101342.0
2013-08-12,311.0,325.0,309.0,325.0,0.0,22822,7157033.0
2013-08-11,301.0,313.0,300.0,311.0,0.0,19374,5961642.0
2013-08-08,295.0,304.0,290.0,301.0,0.0,59674,17641690.0
2013-08-07,288.0,295.0,290.0,295.0,0.0,10423,3039165.0
2013-08-06,275.0,288.0,268.0,288.0,0.0,940,260146.0
2013-08-05,290.0,285.0,271.0,275.0,0.0,1733,480983.0
2013-08-04,293.0,293.0,288.0,290.0,0.0,2269,659506.0
2013-08-01,300.0,295.0,290.0,293.0,0.0,2106,617793.0
2013-07-31,300.0,301.0,294.0,300.0,0.0,5688,1689813.0
2013-07-30,295.0,301.0,290.0,300.0,0.0,11890,3511097.0
2013-07-29,295.0,300.0,287.0,295.0,0.0,18047,5280728.0
2013-07-28,275.0,295.0,270.0,295.0,0.0,8122,2313292.0
2013-07-25,272.0,277.0,263.0,275.0,0.0,3188,859842.0
2013-07-24,264.0,272.0,256.0,272.0,0.0,3738,972909.0
2013-07-23,260.0,264.0,255.0,264.0,0.0,640,165793.0
2013-07-22,265.0,265.0,257.0,260.0,0.0,2890,753903.0
2013-07-21,260.0,265.0,265.0,265.0,0.0,484,128260.0
2013-07-18,255.0,265.0,251.0,260.0,0.0,1310,339429.0
2013-07-17,265.0,260.0,252.0,255.0,0.0,781,199099.0
2013-07-16,270.0,270.0,265.0,265.0,0.0,76,20340.0
2013-07-15,261.0,270.0,260.0,270.0,0.0,931,246381.0
2013-07-14,250.0,261.0,255.0,261.0,0.0,973,251240.0
2013-07-11,250.0,250.0,250.0,250.0,0.0,100,25000.0
2013-07-10,254.0,251.0,247.0,250.0,0.0,1881,467971.0
2013-07-09,250.0,255.0,250.0,254.0,0.0,575,145552.0
2013-07-08,248.0,252.0,250.0,250.0,0.0,1206,302740.0
2013-07-07,245.0,249.0,243.0,248.0,0.0,1489,366724.0
2013-07-04,246.0,249.0,245.0,245.0,0.0,795,196020.0
2013-07-03,247.0,251.0,246.0,246.0,0.0,2700,667868.0
2013-07-02,246.0,250.0,245.0,247.0,0.0,1261,311874.0
2013-07-01,245.0,247.0,246.0,246.0,0.0,1231,303978.0
2013-06-30,246.0,246.0,245.0,245.0,0.0,1234,303208.0
2013-06-27,252.0,250.0,245.0,246.0,0.0,3575,884168.0
2013-06-25,250.0,254.0,250.0,252.0,0.0,853,214914.0
2013-06-24,247.0,250.0,247.0,250.0,0.0,1759,439277.0
2013-06-23,250.0,252.0,247.0,247.0,0.0,1697,421947.0
2013-06-20,250.0,253.0,248.0,250.0,0.0,162,40494.0
2013-06-19,252.0,253.0,250.0,250.0,0.0,152,38060.0
2013-06-18,250.0,253.0,249.0,252.0,0.0,568,142176.0
2013-06-17,250.0,254.0,250.0,250.0,0.0,1580,396420.0
2013-06-16,253.0,250.0,250.0,250.0,0.0,72,18000.0
2013-06-13,254.0,259.0,253.0,253.0,0.0,938,239742.0
2013-06-12,245.0,254.0,248.0,254.0,0.0,390,97576.0
2013-06-11,250.0,246.0,243.0,245.0,0.0,1054,257514.0
2013-06-10,253.0,251.0,248.0,250.0,0.0,804,201148.0
2013-06-09,252.0,254.0,250.0,253.0,0.0,481,121749.0
2013-06-06,258.0,259.0,252.0,252.0,0.0,1624,417096.0
2013-06-05,260.0,260.0,257.0,258.0,0.0,904,232912.0
2013-06-04,260.0,266.0,260.0,260.0,0.0,1078,282384.0
2013-06-03,256.0,260.0,255.0,260.0,0.0,656,169180.0
2013-06-02,260.0,257.0,254.0,256.0,0.0,1650,420486.0
2013-05-30,264.0,271.0,260.0,260.0,0.0,1142,298772.0
2013-05-28,260.0,264.0,258.0,264.0,0.0,6700,1740832.0
2013-05-27,252.0,260.0,251.0,260.0,0.0,1760,451390.0
2013-05-26,245.0,252.0,248.0,252.0,0.0,282,70776.0
2013-05-23,242.0,245.0,242.0,245.0,0.0,674,165074.0
2013-05-22,245.0,246.0,241.0,242.0,0.0,8806,2139692.0
2013-05-21,248.0,252.0,245.0,245.0,0.0,2300,567100.0
2013-05-20,251.0,250.0,248.0,248.0,0.0,2208,550000.0
2013-05-19,255.0,259.0,250.0,251.0,0.0,2814,708616.0
2013-05-16,250.0,255.0,250.0,255.0,0.0,2655,663850.0
2013-05-15,250.0,252.0,250.0,250.0,0.0,774,194304.0
2013-05-14,254.0,258.0,249.0,250.0,0.0,3282,827996.0
2013-05-13,254.0,254.0,254.0,254.0,0.0,2000,508000.0
2013-05-12,258.0,259.0,254.0,254.0,0.0,1060,269540.0
2013-05-09,274.0,269.0,255.0,258.0,0.0,1262,322984.0
2013-05-08,316.0,280.0,274.0,274.0,0.0,46,12808.0
2013-04-23,288.0,316.0,285.0,316.0,0.0,4390,1270988.0
2013-04-22,284.0,288.0,283.0,288.0,0.0,728,207712.0
2013-04-21,292.0,295.0,283.0,284.0,0.0,2756,797988.0
2013-04-18,300.0,300.0,290.0,292.0,0.0,5112,1500648.0
2013-04-17,291.0,300.0,294.0,300.0,0.0,412,121540.0
2013-04-16,293.0,298.0,289.0,291.0,0.0,1618,475830.0
2013-04-15,304.0,304.0,293.0,293.0,0.0,804,238188.0
2013-04-11,296.0,311.0,297.0,304.0,0.0,2804,847874.0
2013-04-09,295.0,296.0,290.0,296.0,0.0,456,134224.0
2013-04-08,299.0,300.0,291.0,295.0,0.0,488,143480.0
2013-04-07,285.0,299.0,289.0,299.0,0.0,892,260220.0
2013-04-04,293.0,295.0,284.0,285.0,0.0,1128,321724.0
2013-04-03,278.0,293.0,276.0,293.0,0.0,1678,478764.0
2013-04-02,288.0,288.0,278.0,278.0,0.0,1024,287388.0
2013-04-01,284.0,288.0,282.0,288.0,0.0,1556,442400.0
2013-03-31,285.0,286.0,284.0,284.0,0.0,520,148376.0
2013-03-28,280.0,285.0,275.0,285.0,0.0,430,119856.0
2013-03-27,280.0,280.0,276.0,280.0,0.0,224,61872.0
2013-03-25,278.0,288.0,278.0,280.0,0.0,652,184300.0
2013-03-24,294.0,290.0,278.0,278.0,0.0,274,77806.0
2013-03-21,295.0,294.0,290.0,294.0,0.0,204,59304.0
2013-03-20,293.0,295.0,292.0,295.0,0.0,240,70464.0
2013-03-19,290.0,295.0,292.0,293.0,0.0,384,112960.0
2013-03-18,290.0,290.0,286.0,290.0,0.0,384,111036.0
2013-03-17,291.0,295.0,280.0,290.0,0.0,1052,305920.0
2013-03-14,298.0,303.0,291.0,291.0,0.0,1736,511336.0
2013-03-13,291.0,300.0,293.0,298.0,0.0,2806,831100.0
2013-03-11,291.0,291.0,291.0,291.0,0.0,48,13968.0
2013-03-07,293.0,295.0,289.0,291.0,0.0,204,59616.0
2013-03-06,300.0,295.0,293.0,293.0,0.0,120,35268.0
2013-03-05,296.0,300.0,289.0,300.0,0.0,3632,1059274.0
2013-03-04,292.0,296.0,290.0,296.0,0.0,500,146440.0
2013-03-03,293.0,292.0,288.0,292.0,0.0,776,225140.0
2013-02-28,288.0,293.0,289.0,293.0,0.0,818,237700.0
2013-02-27,290.0,292.0,288.0,288.0,0.0,1052,304900.0
2013-02-26,292.0,290.0,290.0,290.0,0.0,168,48720.0
2013-02-25,288.0,292.0,287.0,292.0,0.0,746,217328.0
2013-02-24,296.0,295.0,288.0,288.0,0.0,2592,751258.0
2013-02-21,295.0,300.0,294.0,296.0,0.0,628,186544.0
2013-02-20,300.0,295.0,295.0,295.0,0.0,100,29500.0
2013-02-19,312.0,312.0,300.0,300.0,0.0,656,198816.0
2013-02-17,290.0,312.0,295.0,312.0,0.0,820,252300.0
2013-02-14,290.0,290.0,290.0,290.0,0.0,434,125860.0
2013-02-13,290.0,291.0,290.0,290.0,0.0,514,149430.0
2013-02-12,288.0,293.0,290.0,290.0,0.0,172,50180.0
2013-02-10,290.0,292.0,288.0,288.0,0.0,1044,302864.0
2013-02-07,295.0,290.0,287.0,290.0,0.0,780,226128.0
2013-02-06,299.0,296.0,290.0,295.0,0.0,704,207840.0
2013-02-05,295.0,299.0,291.0,299.0,0.0,528,156132.0
2013-02-04,294.0,295.0,294.0,295.0,0.0,108,31812.0
2013-02-03,290.0,296.0,285.0,294.0,0.0,290,84500.0
2013-01-31,290.0,291.0,287.0,290.0,0.0,852,245904.0
2013-01-30,294.0,292.0,288.0,290.0,0.0,2112,612824.0
2013-01-28,297.0,295.0,291.0,294.0,0.0,2358,691498.0
2013-01-27,296.0,300.0,296.0,297.0,0.0,2170,646594.0
2013-01-24,298.0,298.0,295.0,296.0,0.0,1076,318790.0
2013-01-23,298.0,303.0,297.0,298.0,0.0,1262,377500.0
2013-01-22,299.0,298.0,295.0,298.0,0.0,688,203452.0
2013-01-21,298.0,299.0,299.0,299.0,0.0,108,32292.0
2013-01-20,300.0,301.0,294.0,298.0,0.0,570,168320.0
2013-01-17,301.0,310.0,294.0,300.0,0.0,2630,786764.0
2013-01-16,303.0,308.0,300.0,301.0,0.0,4802,1458112.0
2013-01-15,311.0,307.0,300.0,303.0,0.0,1360,411000.0
2013-01-13,314.0,311.0,302.0,311.0,0.0,1596,488640.0
2013-01-10,309.0,316.0,300.0,314.0,0.0,8028,2424652.0
2013-01-09,306.0,310.0,298.0,309.0,0.0,3996,1211384.0
2013-01-08,297.0,306.0,294.0,306.0,0.0,768,227988.0
2013-01-07,300.0,300.0,295.0,297.0,0.0,898,266522.0
2013-01-06,300.0,305.0,300.0,300.0,0.0,336,101412.0
2013-01-03,304.0,306.0,299.0,300.0,0.0,3146,945936.0
2013-01-02,303.0,306.0,295.0,304.0,0.0,2104,639436.0
2013-01-01,304.0,304.0,300.0,303.0,0.0,2446,739438.0
2012-12-31,304.0,306.0,300.0,304.0,0.0,240,72636.0
2012-12-27,300.0,306.0,299.0,304.0,0.0,1756,527780.0
2012-12-26,306.0,310.0,295.0,300.0,0.0,728,220228.0
2012-12-24,301.0,306.0,295.0,306.0,0.0,3516,1073520.0
2012-12-23,302.0,304.0,300.0,301.0,0.0,1028,311516.0
2012-12-20,301.0,306.0,300.0,302.0,0.0,1142,343596.0
2012-12-19,304.0,305.0,300.0,301.0,0.0,520,156464.0
2012-12-18,312.0,312.0,304.0,304.0,0.0,1378,420532.0
2012-12-17,307.0,312.0,300.0,312.0,0.0,3850,1167214.0
2012-12-16,300.0,310.0,296.0,307.0,0.0,1480,448764.0
2012-12-13,308.0,302.0,280.0,300.0,0.0,14672,4155972.0
2012-12-12,293.0,308.0,294.0,308.0,0.0,1336,401572.0
2012-12-11,299.0,301.0,293.0,293.0,0.0,13210,3903142.0
2012-12-10,300.0,299.0,293.0,299.0,0.0,3194,949148.0
2012-12-09,298.0,300.0,291.0,300.0,0.0,1820,540036.0
2012-12-06,306.0,302.0,297.0,298.0,0.0,1848,553372.0
2012-12-05,300.0,307.0,300.0,306.0,0.0,1156,350076.0
2012-12-04,302.0,300.0,293.0,300.0,0.0,1848,549004.0
2012-12-03,300.0,302.0,298.0,302.0,0.0,1730,519600.0
2012-12-02,298.0,300.0,294.0,300.0,0.0,360,107220.0
2012-11-29,297.0,300.0,296.0,298.0,0.0,1176,352456.0
2012-11-28,300.0,300.0,297.0,297.0,0.0,756,225888.0
2012-11-27,305.0,304.0,300.0,300.0,0.0,874,264688.0
2012-11-26,296.0,306.0,291.0,305.0,0.0,6330,1886676.0
2012-11-25,300.0,306.0,296.0,296.0,0.0,1468,440208.0
2012-11-22,302.0,305.0,295.0,300.0,0.0,3868,1159230.0
2012-11-21,300.0,310.0,294.0,302.0,0.0,1234,373252.0
2012-11-20,301.0,301.0,295.0,300.0,0.0,1346,399320.0
2012-11-18,305.0,305.0,299.0,301.0,0.0,356,108172.0
2012-11-12,299.0,305.0,294.0,305.0,0.0,490,146030.0
2012-11-11,300.0,300.0,294.0,299.0,0.0,3220,949584.0
2012-11-08,308.0,308.0,300.0,300.0,0.0,2826,857174.0
2012-11-07,308.0,310.0,302.0,308.0,0.0,4234,1297904.0
2012-11-06,306.0,315.0,303.0,308.0,0.0,4124,1267516.0
2012-11-05,304.0,309.0,304.0,306.0,0.0,1888,581016.0
2012-11-04,300.0,310.0,300.0,304.0,0.0,2428,734912.0
2012-11-01,310.0,305.0,299.0,300.0,0.0,996,299166.0
2012-10-31,310.0,316.0,310.0,310.0,0.0,722,225690.0
2012-10-30,315.0,310.0,310.0,310.0,0.0,420,130200.0
2012-10-18,304.0,315.0,302.0,315.0,0.0,1076,329608.0
2012-10-17,312.0,310.0,299.0,304.0,0.0,278,84056.0
2012-10-15,324.0,336.0,306.0,312.0,0.0,998,313448.0
2012-10-14,304.0,324.0,295.0,324.0,0.0,7660,2322570.0
2012-10-11,305.0,304.0,285.0,304.0,0.0,1266,374284.0
2012-10-10,296.0,316.0,292.0,305.0,0.0,3624,1069894.0
2012-10-09,306.0,300.0,294.0,296.0,0.0,924,274644.0
2012-10-08,311.0,315.0,300.0,306.0,0.0,3456,1050950.0
2012-10-07,310.0,316.0,304.0,311.0,0.0,12144,3769652.0
2012-10-04,292.0,310.0,290.0,310.0,0.0,10298,3015150.0
2012-10-03,293.0,292.0,287.0,292.0,0.0,2978,862036.0
2012-10-02,286.0,295.0,280.0,293.0,0.0,5192,1492328.0
2012-10-01,281.0,290.0,278.0,286.0,0.0,4450,1269306.0
2012-10-01,281.0,290.0,278.0,286.0,0.0,4450,1269306.0
2012-09-30,304.0,298.0,281.0,281.0,0.0,2158,621290.0
2012-09-26,280.0,300.0,280.0,300.0,0.0,16342,4659114.0
2012-09-25,278.0,282.0,274.0,280.0,0.0,3478,966732.0
2012-09-24,286.0,281.0,271.0,278.0,0.0,4982,1365508.0
2012-09-23,279.0,286.0,274.0,286.0,0.0,272,75436.0
2012-09-20,284.0,279.0,276.0,279.0,0.0,1626,450152.0
2012-09-19,280.0,285.0,275.0,284.0,0.0,4252,1184260.0
2012-09-18,276.0,281.0,278.0,280.0,0.0,4338,1212778.0
2012-09-17,279.0,278.0,272.0,276.0,0.0,7934,2180752.0
2012-09-16,274.0,295.0,275.0,279.0,0.0,1424,397684.0
2012-09-13,285.0,290.0,272.0,274.0,0.0,2726,763812.0
2012-09-12,271.0,285.0,263.0,285.0,0.0,4704,1249800.0
2012-09-11,266.0,271.0,265.0,271.0,0.0,3396,903060.0
2012-09-10,275.0,280.0,260.0,266.0,0.0,3466,914682.0
2012-09-09,281.0,291.0,268.0,275.0,0.0,9860,2691800.0
2012-09-06,262.0,281.0,262.0,281.0,0.0,18718,5015510.0
2012-09-05,264.0,266.0,259.0,262.0,0.0,6176,1618274.0
2012-09-04,256.0,264.0,255.0,264.0,0.0,5672,1481532.0
2012-09-03,261.0,268.0,253.0,256.0,0.0,6326,1625542.0
2012-09-02,261.0,261.0,254.0,261.0,0.0,1016,262308.0
2012-08-30,260.0,261.0,253.0,261.0,0.0,1372,353940.0
2012-08-29,252.0,260.0,245.0,260.0,0.0,656,166976.0
2012-08-28,249.0,257.0,251.0,252.0,0.0,1624,412158.0
2012-08-27,245.0,250.0,245.0,249.0,0.0,4296,1060362.0
2012-08-26,251.0,250.0,243.0,245.0,0.0,4492,1099232.0
2012-08-23,251.0,253.0,247.0,251.0,0.0,1772,444952.0
2012-08-22,246.0,251.0,239.0,251.0,0.0,1222,300776.0
2012-08-21,245.0,246.0,241.0,246.0,0.0,868,211484.0
2012-08-19,247.0,248.0,244.0,245.0,0.0,992,243156.0
2012-08-16,240.0,247.0,235.0,247.0,0.0,3178,765074.0
2012-08-15,258.0,253.0,240.0,240.0,0.0,304,74870.0
2012-08-14,241.0,263.0,245.0,258.0,0.0,916,236254.0
2012-08-13,249.0,250.0,241.0,241.0,0.0,2910,711716.0
2012-08-12,252.0,257.0,249.0,249.0,0.0,806,203162.0
2012-08-08,265.0,260.0,250.0,252.0,0.0,1974,501984.0
2012-08-07,252.0,270.0,256.0,265.0,0.0,8574,2265866.0
2012-08-06,258.0,273.0,245.0,252.0,0.0,4090,1059988.0
2012-08-05,235.0,258.0,231.0,258.0,0.0,5868,1471572.0
2012-08-01,231.0,236.0,224.0,235.0,0.0,2184,511488.0
2012-07-31,232.0,232.0,230.0,231.0,0.0,1570,363546.0
2012-07-30,222.0,232.0,225.0,232.0,0.0,2394,549092.0
2012-07-29,229.0,225.0,217.0,222.0,0.0,2106,468060.0
2012-07-26,233.0,230.0,226.0,229.0,0.0,3016,688910.0
2012-07-25,232.0,236.0,226.0,233.0,0.0,4860,1123826.0
2012-07-24,230.0,232.0,222.0,232.0,0.0,1216,273348.0
2012-07-23,232.0,232.0,229.0,230.0,0.0,5914,1368032.0
2012-07-22,218.0,237.0,221.0,232.0,0.0,4344,999348.0
2012-07-19,204.0,218.0,204.0,218.0,0.0,4314,927984.0
2012-07-18,195.0,204.0,198.0,204.0,0.0,1614,322982.0
2012-07-17,196.0,200.0,194.0,195.0,0.0,1736,345280.0
2012-07-16,190.0,196.0,192.0,196.0,0.0,996,193308.0
2012-07-15,187.0,190.0,189.0,190.0,0.0,252,47820.0
2012-07-12,190.0,192.0,187.0,187.0,0.0,340,64932.0
2012-07-11,186.0,191.0,180.0,190.0,0.0,1526,287218.0
2012-07-10,189.0,192.0,180.0,186.0,0.0,1600,300216.0
2012-07-09,185.0,189.0,184.0,189.0,0.0,186,34482.0
2012-07-08,187.0,189.0,185.0,185.0,0.0,506,94050.0
2012-07-05,186.0,189.0,186.0,187.0,0.0,688,129144.0
2012-07-04,180.0,189.0,177.0,186.0,0.0,914,165426.0
2012-07-03,180.0,182.0,180.0,180.0,0.0,272,49234.0
2012-07-02,175.0,180.0,175.0,180.0,0.0,702,125120.0
2012-07-01,174.0,177.0,171.0,175.0,0.0,600,104008.0
2012-06-28,174.0,174.0,168.0,174.0,0.0,504,85032.0
2012-06-26,173.0,174.0,171.0,174.0,0.0,318,54648.0
2012-06-25,173.0,173.0,173.0,173.0,0.0,68,11764.0
2012-06-21,172.0,175.0,170.0,173.0,0.0,332,57556.0
2012-06-20,175.0,178.0,172.0,172.0,0.0,694,121178.0
2012-06-19,172.0,175.0,170.0,175.0,0.0,456,78696.0
2012-06-18,175.0,172.0,167.0,172.0,0.0,778,132892.0
2012-06-17,173.0,175.0,171.0,175.0,0.0,720,124512.0
2012-06-14,174.0,177.0,173.0,173.0,0.0,852,148362.0
2012-06-13,174.0,176.0,170.0,174.0,0.0,758,131286.0
2012-06-12,180.0,177.0,174.0,174.0,0.0,132,23256.0
2012-06-11,180.0,183.0,177.0,180.0,0.0,156,27924.0
2012-06-10,183.0,181.0,180.0,180.0,0.0,858,154572.0
2012-06-07,174.0,185.0,173.0,183.0,0.0,5042,914952.0
2012-06-06,177.0,178.0,172.0,174.0,0.0,790,137454.0
2012-06-05,176.0,177.0,170.0,177.0,0.0,498,86460.0
2012-06-04,176.0,182.0,176.0,176.0,0.0,3130,560116.0
2012-06-03,170.0,176.0,173.0,176.0,0.0,82,14402.0
2012-05-31,161.0,170.0,158.0,170.0,0.0,3092,520644.0
2012-05-30,178.0,175.0,161.0,161.0,0.0,4468,726518.0
2012-05-29,197.0,194.0,178.0,178.0,0.0,356,63878.0
2012-05-27,200.0,197.0,197.0,197.0,0.0,30,5910.0
2012-05-24,204.0,201.0,196.0,200.0,0.0,2680,533974.0
2012-05-22,201.0,204.0,194.0,204.0,0.0,572,115216.0
2012-05-21,196.0,205.0,189.0,201.0,0.0,2220,446226.0
2012-05-20,202.0,198.0,189.0,196.0,0.0,468,90448.0
2012-05-17,212.0,224.0,199.0,202.0,0.0,2158,451428.0
2012-05-15,197.0,212.0,194.0,212.0,0.0,1014,207000.0
2012-05-10,203.0,202.0,196.0,197.0,0.0,1552,308960.0
2012-05-09,225.0,221.0,203.0,203.0,0.0,1960,405984.0
2012-05-08,229.0,225.0,225.0,225.0,0.0,126,28350.0
2012-05-07,225.0,229.0,229.0,229.0,0.0,20,4580.0
2012-05-03,221.0,225.0,225.0,225.0,0.0,180,40500.0
2012-04-30,218.0,221.0,220.0,221.0,0.0,100,22090.0
2012-04-29,201.0,218.0,201.0,218.0,0.0,2270,473980.0
2012-04-26,187.0,202.0,195.0,201.0,0.0,1080,214220.0
2012-04-25,184.0,187.0,187.0,187.0,0.0,40,7480.0
2012-04-24,184.0,184.0,184.0,184.0,0.0,5900,1085600.0
2012-04-22,172.0,184.0,175.0,184.0,0.0,340,61020.0
2012-04-19,157.0,172.0,160.0,172.0,0.0,1320,222110.0
2012-04-18,157.0,157.0,154.0,157.0,0.0,140,21770.0
2012-04-17,161.0,161.0,157.0,157.0,0.0,620,97900.0
2012-04-16,158.0,161.0,161.0,161.0,0.0,20,3220.0
2012-04-12,152.0,158.0,152.0,158.0,0.0,280,42940.0
2012-04-11,149.0,157.0,151.0,152.0,0.0,990,149960.0
2012-04-10,147.0,149.0,147.0,149.0,0.0,200,29600.0
2012-04-09,145.0,147.0,147.0,147.0,0.0,90,13230.0
2012-04-05,145.0,145.0,145.0,145.0,0.0,120,17400.0
2012-04-02,144.0,145.0,145.0,145.0,0.0,510,73950.0
2012-04-01,143.0,144.0,141.0,144.0,0.0,500,71520.0
2012-03-29,141.0,143.0,143.0,143.0,0.0,210,30030.0
2012-03-28,140.0,141.0,139.0,141.0,0.0,880,124060.0
2012-03-27,138.0,140.0,140.0,140.0,0.0,10,1400.0
2012-03-26,137.0,140.0,136.0,138.0,0.0,980,136770.0
2012-03-25,139.0,137.0,137.0,137.0,0.0,90,12330.0
2012-03-21,139.0,139.0,139.0,139.0,0.0,20,2780.0
2012-03-20,142.0,140.0,139.0,139.0,0.0,90,12570.0
2012-03-19,142.0,142.0,140.0,142.0,0.0,30,4240.0
2012-03-18,140.0,142.0,138.0,142.0,0.0,360,50640.0
2012-03-14,137.0,140.0,139.0,140.0,0.0,1100,153900.0
2012-03-13,139.0,137.0,137.0,137.0,0.0,80,10960.0
2012-03-12,138.0,139.0,137.0,139.0,0.0,30,4150.0
2012-03-11,138.0,140.0,138.0,138.0,0.0,60,8340.0
2012-03-06,141.0,141.0,138.0,138.0,0.0,180,24950.0
2012-03-04,145.0,143.0,141.0,141.0,0.0,30,4270.0
2012-03-01,145.0,145.0,145.0,145.0,0.0,20,2900.0
2012-02-27,143.0,146.0,145.0,145.0,0.0,260,37730.0
2012-02-26,162.0,145.0,138.0,143.0,0.0,1730,241720.0
2012-02-23,165.0,162.0,162.0,162.0,0.0,60,9720.0
2012-02-16,177.0,177.0,165.0,165.0,0.0,270,45990.0
2012-02-15,167.0,177.0,165.0,177.0,0.0,1970,332500.0
2012-02-14,166.0,167.0,163.0,167.0,0.0,770,127660.0
2012-02-13,164.0,168.0,164.0,166.0,0.0,2170,359200.0
2012-02-12,166.0,170.0,163.0,164.0,0.0,700,117160.0
2012-02-09,167.0,170.0,165.0,166.0,0.0,1270,213000.0
2012-02-08,164.0,168.0,164.0,167.0,0.0,1040,172390.0
2012-02-07,165.0,166.0,163.0,164.0,0.0,1460,240330.0
2012-02-06,165.0,165.0,165.0,165.0,0.0,70,11550.0
2012-02-05,165.0,168.0,165.0,165.0,0.0,130,21480.0
2012-02-02,168.0,166.0,164.0,165.0,0.0,360,59590.0
2012-02-01,167.0,168.0,164.0,168.0,0.0,310,51570.0
2012-01-31,162.0,167.0,162.0,167.0,0.0,750,123910.0
2012-01-29,169.0,167.0,161.0,162.0,0.0,1040,169700.0
2012-01-26,168.0,169.0,166.0,169.0,0.0,820,136730.0
2012-01-25,166.0,169.0,165.0,168.0,0.0,200,33580.0
2012-01-23,166.0,167.0,164.0,166.0,0.0,440,72990.0
2012-01-22,166.0,169.0,164.0,166.0,0.0,1640,273230.0
2012-01-18,166.0,168.0,165.0,166.0,0.0,470,77720.0
2012-01-17,166.0,169.0,163.0,166.0,0.0,1120,188710.0
2012-01-16,166.0,169.0,166.0,166.0,0.0,90,15000.0
2012-01-12,165.0,170.0,166.0,166.0,0.0,700,117300.0
2012-01-11,167.0,168.0,165.0,165.0,0.0,690,114880.0
2012-01-10,162.0,168.0,159.0,167.0,0.0,1080,176910.0
2012-01-09,165.0,169.0,168.0,169.0,0.0,20,3370.0
2012-01-08,162.0,165.0,164.0,165.0,0.0,600,98990.0
2012-01-05,162.0,165.0,162.0,162.0,0.0,200,32710.0
2012-01-04,167.0,164.0,162.0,162.0,0.0,160,26000.0
2012-01-03,170.0,171.0,167.0,167.0,0.0,110,18560.0
2012-01-02,164.0,170.0,165.0,170.0,0.0,510,85360.0
2012-01-01,164.0,164.0,164.0,164.0,0.0,70,11480.0
2011-12-29,161.0,165.0,164.0,164.0,0.0,340,55790.0
2011-12-28,162.0,164.0,161.0,161.0,0.0,440,71510.0
2011-12-27,168.0,165.0,161.0,162.0,0.0,590,95720.0
2011-12-26,169.0,168.0,168.0,168.0,0.0,140,23520.0
2011-12-22,170.0,169.0,166.0,169.0,0.0,850,143020.0
2011-12-21,173.0,173.0,167.0,170.0,0.0,2690,456910.0
2011-12-20,169.0,173.0,165.0,173.0,0.0,420,70700.0
2011-12-19,169.0,170.0,169.0,169.0,0.0,490,83260.0
2011-12-15,164.0,169.0,165.0,169.0,0.0,450,75730.0
2011-12-14,164.0,164.0,161.0,164.0,0.0,150,24420.0
2011-12-13,165.0,166.0,162.0,164.0,0.0,770,126540.0
2011-12-12,163.0,165.0,161.0,165.0,0.0,340,55440.0
2011-12-11,165.0,167.0,163.0,163.0,0.0,690,114110.0
2011-12-08,167.0,168.0,165.0,165.0,0.0,470,78280.0
2011-12-07,165.0,167.0,167.0,167.0,0.0,30,5010.0
2011-12-06,166.0,165.0,165.0,165.0,0.0,110,18150.0
2011-12-05,163.0,166.0,160.0,166.0,0.0,270,43940.0
2011-12-04,165.0,163.0,160.0,163.0,0.0,320,51870.0
2011-12-01,169.0,166.0,163.0,165.0,0.0,410,67230.0
2011-11-28,163.0,165.0,163.0,165.0,0.0,80,13100.0
2011-11-27,166.0,163.0,162.0,163.0,0.0,760,123560.0
2011-11-24,163.0,168.0,162.0,166.0,0.0,1250,205310.0
2011-11-23,162.0,163.0,160.0,163.0,0.0,140,22550.0
2011-11-22,163.0,163.0,160.0,162.0,0.0,2470,398420.0
2011-11-21,166.0,166.0,163.0,163.0,0.0,480,78740.0
2011-11-20,171.0,171.0,166.0,166.0,0.0,700,117870.0
2011-11-17,170.0,171.0,168.0,171.0,0.0,520,88490.0
2011-11-16,162.0,170.0,159.0,170.0,0.0,2190,362010.0
2011-11-15,165.0,165.0,162.0,162.0,0.0,2070,335700.0
2011-11-14,164.0,169.0,164.0,165.0,0.0,850,140720.0
2011-11-13,165.0,167.0,162.0,164.0,0.0,160,26220.0
2011-11-10,168.0,168.0,165.0,165.0,0.0,270,44900.0
2011-11-09,169.0,170.0,168.0,168.0,0.0,690,116360.0
2011-11-08,172.0,171.0,167.0,169.0,0.0,800,135650.0
2011-11-06,172.0,175.0,169.0,172.0,0.0,750,128770.0
2011-11-03,172.0,178.0,172.0,172.0,0.0,840,148080.0
2011-11-02,166.0,172.0,169.0,172.0,0.0,20,3410.0
2011-10-31,161.0,176.0,161.0,166.0,0.0,4890,815380.0
2011-10-30,164.0,164.0,161.0,161.0,0.0,340,55640.0
2011-10-25,158.0,164.0,158.0,164.0,0.0,540,86900.0
2011-10-24,159.0,160.0,157.0,158.0,0.0,810,128600.0
2011-10-23,155.0,160.0,155.0,159.0,0.0,5790,909440.0
2011-10-20,164.0,166.0,155.0,155.0,0.0,2270,356960.0
2011-10-19,164.0,164.0,161.0,164.0,0.0,160,26120.0
2011-10-18,167.0,164.0,161.0,164.0,0.0,350,56850.0
2011-10-17,164.0,167.0,167.0,167.0,0.0,10,1670.0
2011-10-16,162.0,165.0,160.0,164.0,0.0,1290,207710.0
2011-10-13,167.0,168.0,162.0,162.0,0.0,910,151200.0
2011-10-12,164.0,168.0,162.0,167.0,0.0,290,47870.0
2011-10-10,164.0,164.0,164.0,164.0,0.0,30,4920.0
2011-10-09,160.0,164.0,160.0,164.0,0.0,40,6510.0
2011-10-02,160.0,160.0,160.0,160.0,0.0,1060,169600.0
2011-09-29,153.0,168.0,156.0,160.0,0.0,4080,665840.0
2011-09-27,153.0,155.0,153.0,153.0,0.0,150,23010.0
2011-09-26,150.0,153.0,147.0,153.0,0.0,520,78280.0
2011-09-25,151.0,150.0,148.0,150.0,0.0,300,44700.0
2011-09-22,146.0,151.0,146.0,151.0,0.0,690,102140.0
2011-09-21,147.0,146.0,143.0,146.0,0.0,400,58120.0
2011-09-20,147.0,149.0,147.0,147.0,0.0,320,47470.0
2011-09-19,143.0,147.0,141.0,147.0,0.0,750,107350.0
2011-09-18,141.0,143.0,139.0,143.0,0.0,240,33850.0
2011-09-15,147.0,145.0,141.0,141.0,0.0,160,22840.0
2011-09-14,141.0,147.0,137.0,147.0,0.0,1020,144100.0
2011-09-13,141.0,142.0,139.0,141.0,0.0,640,89830.0
2011-09-12,144.0,144.0,141.0,141.0,0.0,590,84430.0
2011-09-08,140.0,144.0,138.0,144.0,0.0,1330,186210.0
2011-09-07,143.0,141.0,139.0,140.0,0.0,340,47600.0
2011-09-06,148.0,150.0,142.0,143.0,0.0,1090,156810.0
2011-09-05,149.0,152.0,147.0,148.0,0.0,1510,225560.0
2011-09-04,153.0,153.0,149.0,149.0,0.0,1190,180350.0
2011-09-01,149.0,153.0,150.0,153.0,0.0,670,101240.0
2011-08-29,150.0,153.0,148.0,149.0,0.0,1120,166490.0
2011-08-28,148.0,150.0,146.0,150.0,0.0,480,71170.0
2011-08-24,151.0,151.0,148.0,148.0,0.0,300,44720.0
2011-08-23,157.0,157.0,151.0,151.0,0.0,1410,218510.0
2011-08-22,155.0,157.0,151.0,157.0,0.0,380,58650.0
2011-08-18,154.0,155.0,151.0,155.0,0.0,140,21380.0
2011-08-17,155.0,156.0,153.0,154.0,0.0,480,74330.0
2011-08-15,155.0,158.0,155.0,155.0,0.0,60,9450.0
2011-08-11,164.0,161.0,154.0,155.0,0.0,1980,310540.0
2011-08-10,161.0,164.0,163.0,164.0,0.0,110,18010.0
2011-08-09,161.0,164.0,161.0,161.0,0.0,1490,244090.0
2011-08-08,161.0,161.0,161.0,161.0,0.0,20,3220.0
2011-08-07,164.0,161.0,158.0,161.0,0.0,550,87440.0
2011-08-04,170.0,170.0,164.0,164.0,0.0,830,140260.0
2011-08-03,166.0,171.0,165.0,170.0,0.0,1060,178200.0
2011-08-02,157.0,166.0,157.0,166.0,0.0,360,58590.0
2011-08-01,159.0,158.0,156.0,157.0,0.0,810,127730.0
2011-07-31,153.0,159.0,150.0,159.0,0.0,820,124610.0
2011-07-28,150.0,153.0,149.0,153.0,0.0,1610,240850.0
2011-07-27,151.0,152.0,150.0,150.0,0.0,270,40530.0
2011-07-26,151.0,151.0,151.0,151.0,0.0,40,6040.0
2011-07-25,160.0,160.0,151.0,151.0,0.0,1140,175860.0
2011-07-24,158.0,165.0,159.0,160.0,0.0,1060,169850.0
2011-07-21,161.0,158.0,155.0,158.0,0.0,400,62120.0
2011-07-20,162.0,163.0,158.0,161.0,0.0,1100,176710.0
2011-07-19,171.0,168.0,162.0,162.0,0.0,520,86040.0
2011-07-18,174.0,177.0,171.0,171.0,0.0,280,48580.0
2011-07-17,171.0,174.0,174.0,174.0,0.0,160,27840.0
2011-07-14,174.0,171.0,171.0,171.0,0.0,50,8550.0
2011-07-13,165.0,177.0,167.0,174.0,0.0,560,96080.0
2011-07-12,168.0,165.0,165.0,165.0,0.0,290,47850.0
2011-07-11,168.0,168.0,168.0,168.0,0.0,20,3360.0
2011-07-10,153.0,168.0,150.0,168.0,0.0,850,132700.0
2011-07-07,153.0,153.0,153.0,153.0,0.0,60,9180.0
2011-07-06,156.0,156.0,153.0,153.0,0.0,760,118410.0
2011-07-05,154.0,156.0,151.0,156.0,0.0,370,56990.0
2011-07-04,164.0,156.0,150.0,154.0,0.0,330,50360.0
2011-06-30,182.0,173.0,164.0,164.0,0.0,1420,242180.0
2011-06-29,191.0,182.0,182.0,182.0,0.0,80,14560.0
2011-06-26,188.0,191.0,191.0,191.0,0.0,20,3820.0
2011-06-23,171.0,188.0,174.0,188.0,0.0,930,173100.0
2011-06-21,156.0,171.0,159.0,171.0,0.0,190,31830.0
2011-06-20,138.0,142.0,140.0,142.0,0.0,3100,434160.0
2011-06-19,138.0,142.0,140.0,142.0,0.0,3100,434160.0
2011-06-16,140.0,139.0,134.0,138.0,0.0,960,132890.0
2011-06-15,140.0,140.0,140.0,140.0,0.0,240,33600.0
2011-06-13,143.0,142.0,140.0,140.0,0.0,240,33680.0
2011-06-12,145.0,145.0,143.0,143.0,0.0,1440,208740.0
2011-06-09,135.0,145.0,137.0,145.0,0.0,520,72580.0
2011-06-08,144.0,142.0,134.0,135.0,0.0,1710,233300.0
2011-06-07,153.0,150.0,144.0,144.0,0.0,1300,190020.0
2011-06-06,150.0,153.0,150.0,153.0,0.0,220,33540.0
2011-06-05,151.0,150.0,149.0,150.0,0.0,120,17940.0
2011-06-02,150.0,151.0,147.0,151.0,0.0,430,64360.0
2011-06-01,163.0,160.0,148.0,150.0,0.0,500,76050.0
2011-05-31,157.0,163.0,160.0,163.0,0.0,390,63000.0
2011-05-30,160.0,160.0,157.0,157.0,0.0,80,12620.0
2011-05-26,156.0,160.0,155.0,160.0,0.0,2230,348110.0
2011-05-25,159.0,159.0,154.0,156.0,0.0,650,102190.0
2011-05-24,151.0,159.0,151.0,159.0,0.0,460,72700.0
2011-05-23,151.0,151.0,151.0,151.0,0.0,10,1510.0
2011-05-22,155.0,154.0,151.0,151.0,0.0,180,27420.0
2011-05-19,158.0,157.0,154.0,155.0,0.0,360,55820.0
2011-05-18,158.0,159.0,155.0,158.0,0.0,310,48680.0
2011-05-16,155.0,158.0,152.0,158.0,0.0,410,63180.0
2011-05-15,156.0,156.0,150.0,155.0,0.0,1060,163130.0
2011-05-12,161.0,160.0,152.0,156.0,0.0,580,90680.0
2011-05-11,159.0,162.0,160.0,161.0,0.0,470,75750.0
2011-05-10,166.0,166.0,155.0,159.0,0.0,1590,252310.0
2011-05-08,162.0,169.0,163.0,166.0,0.0,390,64200.0
2011-05-05,162.0,162.0,159.0,162.0,0.0,80,12780.0
2011-05-04,151.0,162.0,154.0,162.0,0.0,550,86650.0
2011-05-03,163.0,162.0,148.0,151.0,0.0,980,149750.0
2011-05-02,169.0,169.0,157.0,163.0,0.0,670,108600.0
2011-04-28,162.0,169.0,160.0,169.0,0.0,450,74240.0
2011-04-27,164.0,166.0,162.0,162.0,0.0,330,53700.0
2011-04-25,169.0,170.0,164.0,164.0,0.0,150,24720.0
2011-04-21,170.0,173.0,168.0,169.0,0.0,940,160220.0
2011-04-20,172.0,174.0,166.0,170.0,0.0,910,154740.0
2011-04-19,173.0,172.0,168.0,172.0,0.0,640,108560.0
2011-04-18,170.0,173.0,168.0,173.0,0.0,650,109950.0
2011-04-17,176.0,174.0,170.0,170.0,0.0,750,129190.0
2011-04-11,176.0,178.0,175.0,176.0,0.0,530,93310.0
2011-04-10,180.0,180.0,176.0,176.0,0.0,1110,199280.0
2011-04-07,181.0,184.0,176.0,180.0,0.0,1920,348000.0
2011-04-06,184.0,185.0,179.0,181.0,0.0,840,152930.0
2011-04-05,196.0,197.0,184.0,184.0,0.0,2060,400670.0
2011-04-04,194.0,196.0,194.0,196.0,0.0,520,101680.0
2011-03-31,180.0,194.0,182.0,194.0,0.0,970,183940.0
2011-03-30,180.0,183.0,180.0,180.0,0.0,230,41460.0
2011-03-29,179.0,180.0,180.0,180.0,0.0,60,10800.0
2011-03-28,181.0,180.0,177.0,179.0,0.0,1370,245080.0
2011-03-27,187.0,188.0,181.0,181.0,0.0,1820,336480.0
2011-03-25,190.0,189.0,185.0,187.0,0.0,1030,192990.0
2011-03-24,190.0,199.0,187.0,190.0,0.0,1680,322220.0
2011-03-20,188.0,194.0,190.0,192.0,0.0,2330,445800.0
