date,open,high,low,ltp,percent_change,qty,turnover
2023-07-06,794.5,794.5,766.1,775.0,-0.51,9689,7482400.9
2023-07-05,797.0,797.0,771.0,779.0,-0.38,4671,3619712.1
2023-07-04,786.9,790.0,774.0,782.0,1.36,5958,4636905.6
2023-07-03,769.0,793.0,769.0,771.5,-1.59,12637,9888555.2
2023-07-02,845.0,845.0,780.1,784.0,-5.43,16001,12803056.2
2023-06-28,877.2,877.2,826.0,829.0,-3.6,17437,14679600.1
2023-06-27,816.0,864.0,809.0,860.0,7.5,21725,18399887.6
2023-06-26,780.0,805.0,780.0,800.0,2.96,14478,11563342.1
2023-06-25,780.3,794.0,776.0,777.0,1.57,8946,6995421.7
2023-06-22,785.4,801.1,765.0,765.0,-0.65,10708,8346449.2
2023-06-21,794.0,794.0,770.0,770.0,-1.16,4845,3746997.3
2023-06-20,802.6,805.9,779.0,779.0,-1.14,19855,15752793.6
2023-06-19,798.0,805.0,780.3,788.0,-0.99,18277,14465877.7
2023-06-18,785.0,799.8,779.0,795.9,2.17,19588,15488237.1
2023-06-15,780.0,826.0,771.3,779.0,-0.13,6946,5480610.6
2023-06-14,785.0,791.9,771.0,780.0,0.39,19065,14981741.4
2023-06-13,770.0,780.0,763.1,777.0,1.6,11213,8653240.0
2023-06-12,764.9,765.0,752.1,764.8,1.96,9666,7349664.4
2023-06-11,740.0,755.0,740.0,750.1,2.68,9480,7122168.6
2023-06-08,725.1,740.1,725.0,730.5,0.07,7889,5783670.6
2023-06-07,730.0,749.0,730.0,730.0,0.41,5200,3844561.3
2023-06-06,710.5,729.0,710.5,727.0,0.28,5159,3741533.3
2023-06-05,728.0,731.0,720.1,725.0,-0.17,4229,3067284.9
2023-06-04,728.0,734.0,715.0,726.2,1.71,1366,995474.0
2023-06-01,716.0,717.3,703.2,714.0,1.52,1954,1390539.6
2023-05-31,721.0,729.3,700.0,703.3,-2.51,6308,4473093.8
2023-05-30,729.0,729.0,720.0,721.4,-2.91,6660,4817171.8
2023-05-28,746.0,758.5,716.0,743.0,-0.27,9393,7019092.0
2023-05-24,740.0,753.0,726.0,745.0,1.37,7071,5246830.3
2023-05-23,713.0,735.0,713.0,734.9,3.22,4340,3166005.1
2023-05-22,730.0,744.9,705.0,712.0,-0.68,5342,3834872.5
2023-05-21,706.1,719.0,705.1,716.9,1.56,10519,7490869.3
2023-05-18,694.6,705.9,690.0,705.9,3.66,8263,5777362.2
2023-05-17,692.5,700.0,670.2,681.0,0.29,10532,7182818.3
2023-05-16,670.1,685.0,670.0,679.0,0.0,9737,6630784.2
2023-05-15,687.4,701.0,661.5,679.0,0.74,6549,4415401.8
2023-05-14,682.5,682.5,666.1,674.0,0.72,5017,3397164.2
2023-05-11,692.0,692.0,669.1,669.2,-1.44,4366,2943386.4
2023-05-10,678.3,690.0,666.0,679.0,2.11,3369,2265998.2
2023-05-09,678.5,730.0,651.9,665.0,-0.03,7507,4996280.1
2023-05-08,681.0,695.0,665.2,665.2,-1.01,2182,1462725.2
2023-05-07,682.0,694.0,656.1,672.0,0.39,1371,928459.0
2023-05-04,678.3,687.0,669.4,669.4,0.66,2897,1951758.3
2023-05-03,685.0,699.0,659.0,665.0,-1.04,2653,1771714.6
2023-05-02,688.5,701.0,664.0,672.0,-0.44,2390,1614126.5
2023-04-30,665.2,699.7,665.2,675.0,-0.3,2374,1610062.2
2023-04-27,694.0,696.7,676.0,677.0,-0.89,2472,1686310.6
2023-04-26,690.0,690.0,683.1,683.1,-0.01,1554,1064525.6
2023-04-25,696.0,696.0,683.2,683.2,0.03,531,364927.2
2023-04-24,684.0,690.0,683.0,683.0,-0.15,1945,1331535.0
2023-04-23,677.5,691.0,677.5,684.0,-0.61,1020,695018.3
2023-04-20,700.0,700.0,688.2,688.2,-1.67,1004,696170.5
2023-04-19,700.0,700.0,690.0,699.9,0.42,1100,765327.2
2023-04-18,708.0,708.0,694.0,697.0,-0.43,716,499600.0
2023-04-17,697.0,710.0,691.2,700.0,-1.41,4198,2933030.8
2023-04-16,694.0,710.0,694.0,710.0,2.31,4773,3352468.2
2023-04-13,697.0,715.0,693.9,694.0,-1.98,4284,2997355.8
2023-04-12,698.0,711.0,696.0,708.0,3.21,5847,4105867.4
2023-04-11,692.0,699.0,678.4,686.0,0.87,3192,2180467.9
2023-04-10,661.2,693.0,661.2,680.1,1.21,9162,6258846.7
2023-04-09,701.0,715.0,662.0,672.0,-2.33,3805,2567791.6
2023-04-06,680.0,719.1,675.3,688.0,2.53,10777,7411844.2
2023-04-05,666.1,680.0,666.1,671.0,-1.03,2793,1885728.2
2023-04-04,663.2,684.0,663.2,678.0,0.44,1405,947554.6
2023-04-03,696.9,696.9,662.0,675.0,-1.47,3795,2530668.9
2023-04-02,691.0,698.0,685.1,685.1,-1.42,1125,773765.0
2023-03-30,700.0,703.1,695.0,695.0,-0.71,2516,1752626.7
2023-03-29,695.0,719.0,672.0,700.0,-1.12,1174,819880.5
2023-03-28,685.0,728.0,685.0,707.9,2.36,3610,2542826.4
2023-03-27,656.7,720.1,651.0,691.6,3.22,3586,2384103.7
2023-03-26,685.0,687.9,670.0,670.0,-2.62,5978,4034619.8
2023-03-23,691.0,698.0,687.0,688.0,-1.85,3271,2257181.9
2023-03-22,709.0,715.2,700.0,701.0,-1.13,3632,2550024.6
2023-03-20,699.0,709.0,699.0,709.0,1.43,2193,1545045.2
2023-03-19,713.0,725.0,690.0,699.0,-1.96,3719,2589944.2
2023-03-16,717.0,717.0,703.0,713.0,-0.68,4210,2978380.7
2023-03-15,745.0,745.0,707.0,717.9,-2.76,7683,5490785.6
2023-03-14,948.0,949.0,928.9,930.2,-0.65,17171,16061606.3
2023-03-13,945.0,955.0,931.0,936.3,-1.65,11485,10771223.9
2023-03-12,953.7,970.9,940.0,952.0,1.82,13469,12826474.8
2023-03-09,920.0,935.0,910.5,935.0,3.09,13736,12734192.0
2023-03-07,895.0,920.0,895.0,907.0,1.34,4034,3656483.0
2023-03-05,885.0,917.9,885.0,895.0,1.36,6591,5927175.6
2023-03-02,890.0,896.9,875.0,883.0,-1.89,8296,7324871.9
2023-03-01,913.0,925.0,896.0,900.0,-2.81,8518,7712131.7
2023-02-28,935.0,946.0,916.0,926.0,-0.9,3801,3513638.4
2023-02-27,957.7,957.7,909.0,934.4,-0.49,6877,6358658.7
2023-02-26,875.0,940.0,861.1,939.0,5.2,25659,23133001.7
2023-02-23,968.3,968.3,889.2,892.6,-9.66,43621,39893863.3
2023-02-22,1000.0,1005.0,988.0,988.0,-1.3,10813,10769788.8
2023-02-20,1025.0,1025.0,996.0,1001.0,-1.48,6649,6693285.0
2023-02-16,1009.0,1040.0,1009.0,1016.0,-1.26,4993,5093806.7
2023-02-15,1043.1,1049.9,1025.0,1029.0,-1.08,5394,5560779.0
2023-02-14,1075.0,1075.0,1040.0,1040.2,-1.31,3788,3951485.6
2023-02-12,1050.0,1063.0,1050.0,1054.0,-1.5,6857,7223085.5
2023-02-09,1080.0,1080.0,1060.0,1070.0,0.94,3269,3495303.6
2023-02-08,1079.1,1095.0,1057.0,1060.0,0.19,6034,6431166.5
2023-02-07,1040.0,1065.0,1037.6,1058.0,1.97,14649,15386993.3
2023-02-06,1036.0,1050.0,1035.0,1037.6,0.25,2595,2706580.7
2023-02-05,1070.0,1092.0,1009.6,1035.0,-1.43,9916,10327286.1
2023-02-02,1070.9,1070.9,1046.0,1050.0,0.0,5927,6246981.0
2023-02-01,1068.0,1068.0,1041.0,1050.0,-0.28,12297,12920197.9
2023-01-31,1050.0,1069.0,1050.0,1053.0,-1.59,5576,5875606.6
2023-01-30,1073.0,1088.0,1065.1,1070.0,-0.56,8135,8717539.0
2023-01-29,1098.8,1098.8,1076.0,1076.0,-0.38,8138,8840746.8
2023-01-26,1105.0,1105.0,1078.0,1080.1,-1.18,5916,6434044.3
2023-01-25,1105.0,1106.0,1087.0,1093.0,0.74,7233,7939377.2
2023-01-24,1075.0,1105.0,1067.0,1085.0,-0.63,7925,8560903.8
2023-01-23,1110.0,1112.0,1088.2,1091.9,-0.28,4799,5258435.8
2023-01-19,1127.1,1127.1,1083.1,1095.0,-0.9,11200,12297544.2
2023-01-18,1136.2,1182.0,1097.6,1105.0,-0.81,12421,13974689.2
2023-01-17,1100.0,1140.0,1098.0,1114.0,0.81,12265,13596218.7
2023-01-12,1150.0,1165.0,1103.0,1105.0,-2.21,22182,24845826.6
2023-01-10,1148.0,1173.0,1088.0,1130.0,-0.26,24199,27249535.1
2023-01-09,1137.0,1139.9,1122.0,1133.0,0.89,10983,12428307.4
2023-01-08,1124.0,1140.0,1101.0,1123.0,0.0,18079,20379236.5
2023-01-05,1110.0,1130.0,1098.0,1123.0,2.09,56807,63520422.1
2023-01-04,1055.0,1100.0,1040.0,1100.0,6.08,21034,22573051.9
2023-01-03,1020.0,1046.0,1010.3,1037.0,1.87,15346,15893037.8
2023-01-02,1012.0,1023.0,1002.0,1018.0,1.29,11436,11575193.8
2023-01-01,1012.0,1020.0,995.0,1005.0,1.21,19140,19291499.1
2022-12-29,972.0,994.0,972.0,993.0,2.16,7788,7673169.5
2022-12-28,975.0,981.0,970.0,972.0,-0.51,3465,3378558.1
2022-12-27,994.0,995.5,976.0,977.0,0.21,12775,12606829.6
2022-12-26,971.1,990.0,957.0,975.0,2.41,7491,7257806.6
2022-12-22,950.0,960.0,946.0,952.1,-0.82,3079,2935769.8
2022-12-21,960.0,965.0,957.0,960.0,-0.1,6133,5890462.6
2022-12-20,960.0,965.0,959.0,961.0,1.16,4879,4689726.9
2022-12-19,950.0,959.8,946.6,950.0,0.74,4179,3979257.7
2022-12-18,938.0,950.0,935.0,943.0,0.53,2923,2758215.9
2022-12-15,946.0,950.0,937.0,938.0,-0.54,4919,4631629.2
2022-12-14,940.0,955.0,940.0,943.1,-0.52,2232,2111848.5
2022-12-13,950.0,953.0,935.1,948.0,-0.01,3008,2842451.5
2022-12-12,955.0,960.0,946.3,948.1,-0.25,6117,5819993.6
2022-12-11,979.0,979.0,945.0,950.5,-2.31,15717,14992929.3
2022-12-07,984.0,984.0,955.0,973.0,-0.71,18987,18371368.9
2022-12-06,969.0,985.0,952.0,980.0,3.16,32629,31717098.9
2022-12-05,936.0,950.0,931.0,950.0,0.0,13434,12701681.4
2022-12-04,919.0,955.0,903.0,950.0,4.86,21957,20700159.3
2022-12-01,900.0,906.0,893.8,906.0,0.67,5210,4683525.2
2022-11-30,895.0,900.0,892.1,900.0,0.67,1110,995230.0
2022-11-29,879.0,894.0,878.0,894.0,1.92,3088,2739866.6
2022-11-28,904.4,904.4,877.1,877.2,-1.1,4854,4294838.4
2022-11-27,901.0,901.0,867.3,887.0,0.34,5524,4931884.4
2022-11-24,850.6,917.4,850.6,884.0,6.0,13883,12254735.9
2022-09-16,815.0,847.0,777.0,834.0,0.85,2251,1821783.0
2022-09-15,873.0,873.0,824.0,827.0,-3.39,7464,6223016.7
2022-09-14,844.0,870.0,844.0,856.0,3.26,2370,2027312.2
2022-09-13,815.0,834.0,815.0,829.0,1.84,3931,3261785.8
2022-09-12,821.0,824.0,812.0,814.0,-0.86,4835,3951231.3
2022-09-11,840.0,856.8,820.1,821.1,-2.25,3117,2595012.5
2022-09-08,840.0,845.0,834.5,840.0,0.0,2174,1823779.5
2022-09-07,841.0,841.0,819.0,840.0,-0.12,3428,2838447.6
2022-09-06,840.5,847.0,840.2,841.0,-1.06,1400,1180116.0
2022-09-05,860.0,864.9,850.0,850.0,-0.82,4837,4146150.3
2022-09-04,855.0,858.0,845.0,857.0,0.35,2936,2498134.0
2022-09-02,860.0,860.0,845.0,854.0,0.83,950,810391.0
2022-09-01,858.0,858.0,836.2,847.0,-0.11,2859,2417740.4
2022-08-31,878.5,878.9,840.0,847.9,-1.86,5390,4597130.0
2022-08-30,880.0,880.0,863.0,864.0,0.1,2682,2329595.9
2022-08-29,870.0,875.0,855.1,863.1,-0.79,2648,2288470.1
2022-08-28,874.0,891.0,870.0,870.0,-2.24,5650,4947589.2
2022-08-26,895.0,909.0,880.0,889.9,-1.01,3696,3275705.0
2022-08-25,912.0,914.0,899.0,899.0,-1.21,3827,3460346.2
2022-08-24,900.0,914.9,898.1,910.0,1.45,6375,5763306.8
2022-08-23,903.0,917.7,895.0,897.0,-1.32,2517,2266316.0
2022-08-22,904.0,917.9,900.0,909.0,-1.08,5909,5374257.9
2022-08-21,922.0,924.9,904.0,918.9,1.55,9606,8803676.3
2022-08-18,879.0,906.0,879.0,904.9,2.95,8648,7787116.1
2022-08-17,887.0,891.0,872.2,879.0,0.46,4397,3864539.8
2022-08-16,890.0,903.0,875.0,875.0,-0.57,7742,6882658.4
2022-08-15,850.0,882.0,850.0,880.0,3.53,7391,6431329.0
2022-08-14,852.0,865.0,850.0,850.0,-1.28,3130,2679439.6
2022-08-11,884.0,885.0,861.0,861.0,-1.15,3032,2638835.0
2022-08-10,870.0,885.4,868.0,871.0,-1.02,5777,5062797.3
2022-08-09,903.0,903.0,873.0,880.0,-2.55,12124,10765282.1
2022-08-08,912.0,923.0,903.0,903.0,-0.99,5383,4923807.2
2022-08-07,923.1,929.0,903.0,912.0,0.77,8379,7639616.6
2022-08-05,918.2,925.0,904.0,905.0,-2.79,6897,6300269.0
2022-08-04,952.0,952.0,930.0,931.0,-2.21,12280,11510437.3
2022-08-03,972.0,980.0,948.0,952.0,-1.35,12244,11710462.0
2022-08-02,967.9,987.2,945.0,965.0,1.69,46449,44635568.2
2022-08-01,950.0,965.0,928.0,949.0,-1.56,16491,15568004.9
2022-07-31,959.0,965.0,940.2,964.0,1.47,16997,16172271.1
2022-07-29,950.0,965.0,930.0,950.0,0.0,12486,11763118.0
2022-07-28,915.0,960.0,909.0,950.0,4.74,38064,35703358.3
2022-07-27,900.0,915.0,885.0,907.0,0.33,14041,12641528.0
2022-07-26,933.0,944.0,890.0,904.0,-2.8,18787,17101004.6
2022-07-25,892.0,940.0,892.0,930.0,2.2,21354,19825273.2
2022-07-24,884.0,911.0,871.0,910.0,4.6,38289,34057006.7
2022-07-22,854.0,870.0,840.0,870.0,-0.11,13943,11980610.6
2022-07-21,864.0,884.0,858.5,871.0,-0.57,11154,9666298.0
2022-07-20,895.0,895.0,864.0,876.0,-0.45,13863,12195994.7
2022-07-19,860.8,887.0,828.0,880.0,4.27,25732,22545993.9
2022-07-18,840.0,856.0,810.0,844.0,1.93,8498,7185351.6
2022-07-17,822.0,850.0,806.0,828.0,-1.19,4659,3894757.8
2022-07-15,825.0,844.9,823.0,838.0,-0.2,10177,8452759.4
2022-07-14,830.0,862.9,815.0,839.7,1.89,9546,7905197.3
2022-07-13,803.7,824.1,795.0,824.1,4.58,7169,5819973.7
2022-07-12,776.0,792.5,762.0,788.0,3.52,5511,4285553.7
2022-07-11,787.6,788.0,761.2,761.2,-5.21,14483,11247100.9
2022-07-08,833.3,833.3,801.0,803.0,-1.71,10324,8338410.2
2022-07-07,834.4,868.0,817.0,817.0,-0.13,8874,7359165.7
2022-07-06,830.2,855.0,801.0,818.1,0.5,13224,10875422.8
2022-07-05,813.4,877.0,813.4,814.0,-1.93,17098,14199137.0
2022-07-04,879.2,895.0,815.0,830.0,-3.71,28174,24356856.2
2022-07-03,849.0,879.9,832.1,862.0,1.53,10820,9297381.8
2022-07-01,847.6,862.0,815.0,849.0,2.17,26009,21861673.7
2022-06-30,787.0,831.0,775.0,831.0,7.64,28050,22742514.6
2022-06-29,755.0,780.0,740.3,772.0,2.25,10173,7806708.7
2022-06-28,765.0,765.0,740.0,755.0,-0.26,5998,4503122.8
2022-06-27,789.0,790.0,745.0,757.0,-2.32,4554,3494756.5
2022-06-26,735.0,785.0,735.0,775.0,7.04,9545,7281180.0
2022-06-24,723.0,733.0,707.2,724.0,1.54,3660,2643515.3
2022-06-23,747.0,747.0,707.0,713.0,-2.99,8535,6157098.1
2022-06-22,751.0,751.0,730.0,735.0,-2.0,4148,3054231.8
2022-06-21,721.0,760.0,721.0,750.0,2.07,5845,4360042.3
2022-06-20,755.0,755.0,716.2,734.8,-3.06,7884,5736367.3
2022-06-19,775.0,775.0,758.0,758.0,-2.07,2095,1594215.8
2022-06-17,785.0,799.0,765.0,774.0,0.52,1757,1354664.0
2022-06-16,775.0,775.0,763.0,770.0,1.18,2559,1962004.0
2022-06-15,779.9,779.9,747.5,761.0,-1.17,4725,3600439.1
2022-06-14,771.0,782.0,768.0,770.0,-1.91,2359,1821430.7
2022-06-13,793.0,800.0,784.0,785.0,-0.76,2214,1747885.5
2022-06-10,805.0,810.0,791.0,791.0,-1.81,2009,1609642.0
2022-06-09,810.0,825.0,784.0,805.6,0.7,6344,5085954.6
2022-06-08,784.0,814.8,784.0,800.0,2.96,6154,4925606.3
2022-06-07,785.0,786.1,769.3,777.0,-2.88,6789,5246034.8
2022-06-06,796.0,803.0,770.0,800.0,2.41,8270,6594653.0
2022-06-03,816.0,831.0,765.0,781.2,-2.35,8821,6862067.5
2022-06-02,823.0,823.0,795.0,800.0,-0.87,5450,4394847.5
2022-06-01,835.0,835.0,800.0,807.0,-2.05,3129,2535410.3
2022-05-31,830.0,836.0,813.4,823.9,-2.38,6960,5724776.6
2022-05-30,857.6,870.4,840.0,844.0,-2.88,6650,5654086.6
2022-05-27,890.0,890.0,867.0,869.0,-1.25,1397,1217372.0
2022-05-26,876.0,880.0,866.1,880.0,0.46,2817,2461267.1
2022-05-25,887.4,894.5,870.0,876.0,0.69,2539,2226433.3
2022-05-24,870.0,895.0,860.0,870.0,0.58,2803,2458247.0
2022-05-23,876.3,888.0,860.0,865.0,-3.25,3404,2958023.8
2022-05-20,900.1,901.0,883.0,894.1,-1.64,5534,4924188.6
2022-05-19,910.0,930.0,903.6,909.0,-1.41,2240,2037850.1
2022-05-18,911.6,932.0,910.0,922.0,-0.86,3406,3124400.5
2022-05-17,927.0,930.0,911.0,930.0,-1.59,2145,1972197.5
2022-05-12,969.9,969.9,944.1,945.0,-1.05,3865,3678276.9
2022-05-11,928.0,956.0,928.0,955.0,3.35,7153,6733883.8
2022-05-10,901.0,932.0,901.0,924.0,0.65,2341,2160379.2
2022-05-09,925.0,938.0,916.0,918.0,-0.86,3484,3213052.8
2022-05-08,930.0,930.0,901.1,926.0,-2.31,5770,5264062.2
2022-05-05,930.0,948.6,901.0,947.9,1.27,7299,6688608.8
2022-05-04,950.0,962.0,936.0,936.0,-1.58,2290,2166362.0
2022-05-02,973.0,973.0,943.0,951.0,-1.14,3730,3536264.4
2022-04-28,990.0,994.9,962.0,962.0,-1.43,5395,5238128.0
2022-04-27,970.0,977.9,953.0,976.0,1.24,2127,2053817.0
2022-04-26,993.9,993.9,954.7,964.0,-1.13,2484,2398719.5
2022-04-25,985.0,1005.0,970.0,975.0,-2.6,6147,6027914.3
2022-04-24,989.0,1008.0,971.0,1001.0,3.2,6115,6097150.2
2022-04-21,974.0,984.0,955.0,970.0,-0.41,3259,3139970.3
2022-04-20,997.0,997.0,961.9,974.0,-2.31,2360,2297020.2
2022-04-19,996.0,1005.0,970.0,997.0,0.1,6712,6644787.9
2022-04-18,981.0,996.0,975.1,996.0,0.1,3654,3578162.1
2022-04-17,1021.2,1062.0,981.0,995.0,-4.51,7195,7311790.5
2022-04-13,947.0,1042.0,947.0,1042.0,8.98,7245,7065453.4
2022-04-12,967.0,978.0,955.0,956.1,-1.02,8243,7921351.0
2022-04-11,1016.0,1016.0,966.0,966.0,-3.11,13371,13136160.7
2022-04-07,985.0,997.0,982.0,997.0,1.99,5386,5332465.5
2022-04-06,980.0,994.0,972.0,977.5,-0.26,6454,6312077.0
2022-04-05,977.2,995.0,977.0,980.0,-1.01,6779,6645600.5
2022-04-04,1000.0,1009.0,990.0,990.0,-0.81,6424,6388552.2
2022-04-03,1013.1,1028.0,993.0,998.1,-1.48,8464,8472694.9
2022-03-31,1032.0,1032.0,1012.0,1013.1,-1.8,8057,8219526.4
2022-03-30,1025.0,1035.0,1010.0,1031.7,0.65,2673,2728002.0
2022-03-29,1040.0,1040.0,1015.0,1025.0,0.2,1375,1403909.5
2022-03-28,1056.0,1056.0,1023.0,1023.0,-1.83,4772,4892162.6
2022-03-27,1040.5,1045.0,1039.0,1042.1,-1.22,5743,5988288.6
2022-03-24,1069.0,1070.0,1054.0,1055.0,-1.39,5854,6203176.0
2022-03-23,1087.9,1087.9,1060.1,1069.9,0.27,3975,4242209.2
2022-03-22,1065.0,1080.0,1060.1,1067.0,0.47,5178,5528437.8
2022-03-21,1041.0,1063.0,1035.0,1062.0,1.14,2581,2715007.2
2022-03-20,1060.0,1060.0,1039.0,1050.0,-0.46,3717,3893563.0
2022-03-16,1050.0,1055.0,1044.0,1054.9,-0.48,2786,2917210.5
2022-03-15,1072.0,1080.0,1051.0,1060.0,-1.12,3389,3591561.8
2022-03-14,1060.0,1072.0,1045.0,1072.0,0.66,653,690346.0
2022-03-13,1046.0,1075.0,1040.0,1065.0,3.8,9246,9801707.6
2022-03-10,1000.0,1026.0,1000.0,1026.0,2.7,3088,3139421.0
2022-03-09,1047.0,1047.0,998.0,999.0,-2.92,5219,5260304.9
2022-03-07,994.7,1036.4,994.7,1029.0,1.38,2815,2892602.6
2022-03-06,1016.0,1025.0,1012.0,1015.0,-0.1,3419,3478559.5
2022-03-02,1025.0,1031.0,1010.0,1016.0,-1.84,6623,6714175.0
2022-02-28,1058.0,1060.0,1035.0,1035.0,-0.29,5899,6200453.5
2022-02-27,1056.0,1065.0,1038.0,1038.0,-1.7,4701,4934080.9
2022-02-24,1080.0,1080.0,1055.0,1056.0,-2.67,11072,11764118.0
2022-02-23,1106.0,1109.9,1080.0,1085.0,-1.36,2535,2776135.4
2022-02-22,1095.0,1108.8,1074.0,1100.0,0.55,7992,8749146.7
2022-02-21,1116.9,1116.9,1090.0,1094.0,-0.09,3443,3780601.6
2022-02-20,1089.0,1107.0,1071.0,1095.0,-1.44,9196,10069990.7
2022-02-17,1132.0,1140.0,1101.0,1111.0,0.09,8178,9048770.4
2022-02-16,1131.0,1135.0,1110.0,1110.0,-1.86,5202,5824064.6
2022-02-15,1108.0,1132.0,1108.0,1131.0,2.08,6192,6935492.7
2022-02-14,1115.0,1135.0,1101.0,1108.0,-0.63,8704,9710613.0
2022-02-13,1170.0,1170.0,1100.0,1115.0,-5.88,26549,29874426.0
2022-02-10,1190.0,1217.0,1179.7,1184.6,-1.28,6966,8271566.6
2022-02-09,1226.0,1226.0,1184.0,1200.0,-1.23,14017,16712599.8
2022-02-08,1249.5,1259.0,1199.8,1214.9,-0.82,16833,20627577.5
2022-02-07,1240.0,1240.0,1197.0,1225.0,-1.69,21725,26614676.1
2022-02-06,1240.0,1270.0,1240.0,1246.1,-1.1,8296,10414017.4
2022-02-03,1305.0,1330.0,1255.0,1260.0,-3.49,23384,30148577.4
2022-02-01,1259.0,1305.6,1255.0,1305.6,3.62,22328,28365302.6
2022-01-31,1249.0,1269.0,1246.0,1260.0,1.04,25180,31659761.7
2022-01-30,1226.0,1269.9,1205.0,1247.0,3.74,18229,22499170.5
2022-01-27,1224.0,1224.0,1200.0,1202.1,0.17,10478,12615486.3
2022-01-26,1215.0,1238.0,1191.0,1200.0,-1.23,8407,10114659.4
2022-01-25,1231.0,1249.0,1203.0,1215.0,-1.62,23898,29240260.1
2022-01-24,1260.1,1275.0,1227.0,1235.0,-3.44,19688,24515703.8
2022-01-23,1300.0,1305.0,1272.0,1279.0,-0.08,17078,21979929.0
2022-01-20,1290.0,1290.0,1265.0,1280.0,1.19,11483,14619940.0
2022-01-19,1310.0,1310.0,1263.0,1265.0,-1.71,14466,18403112.9
2022-01-18,1340.0,1340.0,1275.0,1287.0,-2.05,13103,17034659.7
2022-01-17,1321.0,1321.0,1290.0,1314.0,-0.15,28762,37474365.9
2022-01-16,1280.0,1348.0,1280.0,1316.0,2.81,35658,47379919.1
2022-01-13,1239.0,1283.0,1231.0,1280.0,3.64,40858,51360827.8
2022-01-12,1251.0,1272.0,1225.0,1235.0,-1.2,25153,31447506.2
2022-01-11,1230.0,1275.0,1210.0,1250.0,3.01,42094,52050094.2
2022-01-10,1216.0,1235.0,1199.0,1213.5,-0.12,20560,25033860.8
2022-01-09,1220.0,1244.0,1200.0,1215.0,0.98,27710,33668230.8
2022-01-06,1182.1,1210.0,1182.1,1203.2,0.27,4982,5976287.8
2022-01-05,1211.0,1229.0,1191.7,1200.0,-2.28,12495,15046888.5
2022-01-04,1215.0,1260.0,1176.0,1228.0,1.66,19851,24382665.5
2022-01-03,1180.0,1240.0,1180.0,1208.0,2.55,15486,18683798.3
2022-01-02,1166.0,1178.0,1143.0,1178.0,3.03,15088,17424790.4
2021-12-29,1320.0,1373.0,1305.0,1372.0,5.54,21810,29080697.9
2021-12-28,1334.0,1350.0,1300.0,1300.0,-2.55,12004,15856102.5
2021-12-27,1380.0,1390.0,1304.0,1334.0,-2.98,21492,28836405.3
2021-12-26,1336.0,1380.0,1316.0,1375.0,4.96,16558,22464397.7
2021-12-23,1325.0,1331.0,1295.0,1310.0,0.73,17292,22723654.5
2021-12-22,1252.0,1300.5,1240.0,1300.5,5.9,21672,27696682.0
2021-12-21,1227.0,1238.9,1216.0,1228.0,1.99,5430,6664734.5
2021-12-20,1190.0,1224.0,1166.2,1204.0,1.18,10365,12267199.0
2021-12-16,1203.0,1203.0,1180.0,1190.0,-1.08,4881,5816001.0
2021-12-15,1248.0,1272.0,1200.0,1203.0,-1.72,17094,20927470.8
2021-12-14,1189.0,1224.0,1189.0,1224.0,4.97,5315,6417513.3
2021-12-13,1189.0,1208.0,1160.0,1166.0,-3.83,23799,28020321.2
2021-12-12,1280.0,1280.0,1203.5,1212.4,-5.28,14644,18073035.6
2021-12-09,1285.0,1300.0,1275.0,1280.0,-1.46,11817,15151148.2
2021-12-08,1330.0,1356.0,1291.0,1299.0,-3.2,10032,13122087.4
2021-12-07,1390.0,1398.9,1340.0,1342.0,-2.61,5427,7404794.3
2021-12-06,1335.0,1380.0,1315.0,1378.0,1.77,12862,17222471.6
2021-12-05,1400.0,1400.0,1345.0,1354.0,-3.15,13044,17714433.3
2021-12-02,1440.0,1451.0,1388.2,1398.0,-1.83,18037,25354206.9
2021-12-01,1430.0,1458.0,1408.0,1424.0,1.5,17516,25090863.6
2021-11-30,1423.9,1447.9,1390.0,1403.0,0.29,10677,15025679.4
2021-11-29,1413.0,1440.0,1390.0,1399.0,-1.05,18368,25779042.8
2021-11-28,1445.0,1450.0,1410.0,1413.9,-2.42,16363,23281343.8
2021-11-25,1492.2,1492.2,1445.0,1449.0,-0.96,14001,20398026.4
2021-11-24,1453.0,1486.0,1453.0,1463.0,-0.35,10701,15661487.6
2021-11-23,1490.0,1509.0,1465.0,1468.2,-1.86,14914,22062308.6
2021-11-22,1535.0,1535.0,1485.0,1496.0,-0.73,18093,27153124.6
2021-11-21,1540.0,1544.0,1501.6,1507.0,-0.66,13045,19811333.4
2021-11-18,1516.0,1545.0,1500.0,1517.0,0.07,18214,27641971.0
2021-11-17,1515.0,1565.0,1500.0,1516.0,1.74,27604,42336977.7
2021-11-16,1499.0,1509.0,1471.2,1490.0,0.01,38138,56955582.2
2021-11-15,1505.0,1520.0,1461.0,1489.8,0.66,28688,42496498.3
2021-11-14,1460.0,1500.0,1446.0,1480.0,0.27,21425,31631911.2
2021-11-11,1486.0,1525.0,1460.0,1476.0,-2.57,26762,39867676.3
2021-11-09,1632.0,1632.0,1515.0,1515.0,-5.31,45243,69829184.4
2021-11-08,1650.1,1660.0,1585.0,1600.0,-2.91,34036,54857626.6
2021-11-03,1717.0,1751.3,1635.0,1648.0,-2.13,32292,53544092.6
2021-11-02,1764.6,1799.0,1632.0,1683.9,-2.66,111019,187853369.8
2021-11-01,1721.7,1791.2,1635.0,1730.0,2.49,214069,365658607.3
2021-10-31,1700.0,1709.0,1655.0,1688.0,-0.04,48532,81917408.5
2021-10-28,1648.0,1705.4,1622.0,1688.7,4.43,66268,110675803.5
2021-10-27,1590.0,1651.5,1566.1,1617.0,2.34,67853,109804427.4
2021-10-26,1575.0,1607.0,1550.0,1580.0,2.27,29346,46153721.4
2021-10-25,1470.0,1555.0,1470.0,1545.0,3.76,25274,38764758.4
2021-10-24,1445.0,1489.0,1417.0,1489.0,3.41,9277,13483322.2
2021-10-21,1416.0,1456.0,1416.0,1439.9,1.69,15844,22651753.6
2021-10-20,1419.8,1476.0,1402.0,1416.0,1.72,11619,16479215.0
2021-10-19,1445.0,1445.0,1389.0,1392.0,-3.33,13484,18867692.5
2021-10-18,1466.1,1480.0,1438.0,1440.0,-3.68,7714,11194194.0
2021-10-17,1509.0,1509.0,1456.0,1495.0,0.95,1569,2308389.7
2021-10-11,1495.0,1510.0,1440.0,1481.0,-0.94,24310,35662431.5
2021-10-10,1535.0,1535.0,1480.0,1495.0,-1.06,10642,15922383.5
2021-10-06,1516.9,1516.9,1490.0,1511.0,1.34,20349,30626867.8
2021-10-05,1509.0,1541.8,1484.7,1491.0,0.61,6097,9125668.4
2021-10-04,1468.2,1485.0,1432.0,1482.0,-0.13,20802,30253201.3
2021-10-03,1493.0,1508.0,1455.0,1484.0,-1.33,9090,13417117.0
2021-09-30,1555.0,1555.0,1488.0,1504.0,-1.64,26666,40007455.0
2021-09-29,1509.0,1539.9,1483.1,1529.0,1.93,13706,20781623.2
2021-09-28,1517.0,1517.0,1490.0,1500.0,-1.7,21529,32235173.0
2021-09-27,1541.0,1565.7,1512.3,1526.0,-2.18,15947,24413355.9
2021-09-26,1590.0,1600.0,1547.3,1560.0,-1.89,27263,42695980.4
2021-09-23,1665.0,1665.0,1586.0,1590.0,-3.3,24644,39591189.9
2021-09-22,1577.0,1644.2,1550.0,1644.2,6.08,105997,169968863.6
2021-09-21,1540.0,1560.0,1515.0,1550.0,0.65,43473,66918083.2
2021-09-20,1540.0,1565.0,1521.0,1540.0,-0.65,32413,50057576.2
2021-09-16,1578.0,1580.0,1540.0,1550.0,-2.21,45256,70419176.4
2021-09-15,1570.0,1628.0,1543.0,1585.0,-0.88,25788,40842047.2
2021-09-14,1643.0,1643.0,1580.2,1599.0,-1.42,17594,28148614.0
2021-09-13,1625.0,1650.0,1592.0,1622.0,1.07,47013,75748808.5
2021-09-12,1570.8,1650.0,1518.1,1604.9,4.21,37462,60089364.0
2021-09-09,1540.0,1550.0,1511.0,1540.0,-0.06,17031,25983339.0
2021-09-08,1560.0,1576.0,1529.0,1541.0,-1.12,43057,66075169.8
2021-09-07,1655.3,1655.3,1558.1,1558.5,-7.73,35176,55705516.6
2021-09-06,1538.0,1691.0,1507.3,1689.0,9.83,67959,105867671.0
2021-09-05,1570.0,1570.0,1481.0,1537.9,-0.46,57506,86777628.7
2021-09-02,1569.0,1591.0,1524.0,1545.0,-0.32,33390,51704490.8
2021-09-01,1560.0,1625.0,1542.0,1550.0,0.0,32252,50446321.1
2021-08-31,1662.6,1662.6,1525.0,1550.0,-4.91,60532,94524625.1
2021-08-29,1660.0,1670.0,1580.0,1630.0,-3.55,47436,77210074.9
2021-08-26,1692.0,1715.0,1666.0,1690.0,-0.12,19244,32534934.7
2021-08-25,1754.4,1754.4,1660.0,1692.0,-1.63,59354,101066095.2
2021-08-24,1700.0,1743.0,1698.0,1720.0,0.17,56961,98246912.7
2021-08-19,1740.0,1760.0,1717.0,1717.0,-0.41,54127,94265892.1
2021-08-18,1770.0,1770.0,1724.0,1724.0,-2.87,50097,87354094.0
2021-08-17,1790.0,1800.0,1735.0,1775.0,0.28,82644,145620457.6
2021-08-16,1683.0,1790.0,1661.0,1770.0,7.27,155848,271607988.2
2021-08-15,1556.5,1652.0,1535.0,1650.0,6.01,128881,206986031.5
2021-08-12,1570.0,1585.0,1550.2,1556.5,-0.85,27024,42431737.4
2021-08-11,1510.1,1601.0,1510.0,1569.9,3.97,50883,79312252.9
2021-08-10,1510.0,1533.0,1501.0,1510.0,0.0,42569,64517812.5
2021-08-09,1550.0,1550.0,1502.0,1510.0,-0.98,33830,51155824.4
2021-08-08,1538.0,1561.0,1512.0,1525.0,0.73,68893,106175728.0
2021-08-05,1500.0,1528.0,1470.0,1514.0,0.93,52010,78042801.4
2021-08-04,1570.0,1570.0,1496.0,1500.0,-3.29,113570,173521698.1
2021-08-03,1548.0,1570.0,1518.0,1551.0,2.17,115746,179002623.4
2021-08-02,1467.0,1520.0,1450.0,1518.0,4.98,83027,123324916.1
2021-08-01,1403.4,1446.0,1386.7,1446.0,0.98,103054,145212917.5
2021-07-29,1465.0,1467.0,1430.0,1432.0,-1.17,20238,29190868.9
2021-07-28,1445.0,1470.0,1430.0,1449.0,1.68,54694,79473190.6
2021-07-27,1387.7,1451.0,1361.0,1425.0,0.64,100847,141619558.9
2021-07-26,1420.0,1421.0,1396.0,1416.0,1.43,49082,69081770.3
2021-07-25,1370.0,1400.0,1366.0,1396.0,1.6,34146,47223092.1
2021-07-22,1370.0,1382.0,1370.0,1374.0,0.44,21004,28902784.2
2021-07-20,1371.0,1387.0,1360.0,1368.0,-0.22,23845,32602953.3
2021-07-19,1410.0,1434.0,1369.0,1371.0,-2.7,42062,58585751.0
2021-07-18,1399.0,1409.0,1385.0,1409.0,2.62,31239,43724773.0
2021-07-15,1386.0,1386.0,1361.0,1373.0,0.96,22831,31183532.0
2021-07-14,1404.0,1404.0,1355.0,1360.0,-1.23,10287,14043728.0
2021-07-13,1350.0,1392.0,1350.0,1377.0,1.03,14529,19907373.0
2021-07-12,1404.0,1418.0,1343.0,1363.0,-2.5,38152,52820765.0
2021-07-11,1365.0,1410.0,1365.0,1398.0,3.4,45196,62940195.0
2021-07-08,1340.0,1369.0,1340.0,1352.0,0.9,38471,52092002.0
2021-07-07,1279.0,1383.0,1279.0,1340.0,-0.45,21422,28896577.0
2021-07-06,1364.0,1365.0,1335.0,1346.0,-1.03,14584,19698284.0
2021-07-05,1389.0,1389.0,1350.0,1360.0,-0.37,26828,36461748.0
2021-07-04,1367.0,1380.0,1350.0,1365.0,1.11,70717,96631558.0
2021-07-01,1282.0,1358.0,1282.0,1350.0,5.47,52489,69866913.0
2021-06-30,1290.0,1300.0,1255.0,1280.0,0.39,20217,25522874.0
2021-06-29,1305.0,1331.0,1265.0,1275.0,-0.39,15085,19506913.0
2021-06-28,1265.0,1304.0,1265.0,1280.0,1.67,11000,14153265.0
2021-06-27,1260.0,1270.0,1248.0,1259.0,0.0,3137,3953343.0
2021-06-24,1250.0,1283.0,1247.0,1259.0,-0.4,11201,14157271.0
2021-06-23,1300.0,1319.0,1260.0,1264.0,-2.84,17356,22170400.0
2021-06-22,1300.0,1325.0,1280.0,1301.0,0.85,14269,18580021.0
2021-06-21,1318.0,1330.0,1273.0,1290.0,-1.9,32396,41927843.0
2021-06-20,1360.0,1365.0,1290.0,1315.0,-3.52,25181,33664045.0
2021-06-17,1415.0,1416.0,1358.0,1363.0,-1.87,20180,27795917.0
2021-06-16,1350.0,1427.0,1350.0,1389.0,1.98,56079,78100865.0
2021-06-15,1390.0,1430.0,1360.0,1362.0,-1.66,46617,64821877.0
2021-06-14,1399.0,1457.0,1380.0,1385.0,-1.0,60793,84975421.0
2021-06-13,1340.0,1418.0,1340.0,1399.0,5.98,89743,123232177.0
2021-06-10,1366.0,1366.0,1315.0,1320.0,1.46,38002,50508377.0
2021-06-09,1339.0,1366.0,1300.0,1301.0,-1.06,26895,35499573.0
2021-06-08,1309.0,1346.0,1304.0,1315.0,1.15,39866,52579496.0
2021-06-07,1317.0,1320.0,1290.0,1300.0,-1.29,24240,31588961.0
2021-06-06,1333.0,1359.0,1314.0,1317.0,-1.2,32370,42874794.0
2021-06-03,1367.0,1380.0,1330.0,1333.0,-0.89,33245,44886415.0
2021-06-02,1318.0,1378.0,1300.0,1345.0,2.2,35447,46843376.0
2021-06-01,1260.0,1355.0,1260.0,1316.0,-0.68,27995,36946646.0
2021-05-31,1350.0,1350.0,1317.0,1325.0,0.08,57968,76761851.0
2021-05-30,1364.0,1400.0,1324.0,1324.0,-2.93,99048,133484249.0
2021-05-27,1337.0,1388.0,1299.0,1364.0,-3.06,132379,177917627.0
2021-05-25,1351.0,1440.0,1340.0,1407.0,5.39,108220,151760769.0
2021-05-24,1310.0,1365.0,1288.0,1335.0,2.69,86147,114508650.0
2021-05-23,1250.0,1305.0,1248.0,1300.0,1.17,50246,65042460.0
2021-05-20,1260.0,1318.0,1260.0,1285.0,1.34,36430,47058584.0
2021-05-19,1294.0,1310.0,1262.0,1268.0,-1.25,53349,68567393.0
2021-05-18,1272.0,1290.0,1259.0,1284.0,0.94,43263,54970173.0
2021-05-17,1252.0,1297.0,1252.0,1272.0,1.6,86049,109630668.0
2021-05-16,1239.0,1255.0,1186.0,1252.0,6.1,50531,61763651.0
2021-05-13,1182.0,1189.0,1160.0,1180.0,-0.51,8740,10256213.0
2021-05-12,1195.0,1205.0,1180.0,1186.0,-0.25,21278,25255238.0
2021-05-11,1175.0,1190.0,1160.0,1189.0,3.12,22804,26796566.0
2021-05-10,1142.0,1165.0,1142.0,1153.0,1.14,5538,6393989.0
2021-05-09,1140.0,1158.0,1138.0,1140.0,-1.38,14593,16763000.0
2021-05-06,1179.0,1179.0,1155.0,1156.0,-1.95,8945,10388840.0
2021-05-05,1175.0,1200.0,1170.0,1179.0,0.34,18754,22271023.0
2021-05-04,1156.0,1178.0,1150.0,1175.0,0.86,14512,16912592.0
2021-05-03,1196.0,1215.0,1165.0,1165.0,-0.77,18242,21549181.0
2021-05-02,1126.0,1174.0,1125.0,1174.0,3.53,7076,8167512.0
2021-04-29,1143.0,1145.0,1125.0,1134.0,0.8,4426,5006323.0
2021-04-28,1150.0,1165.0,1125.0,1125.0,-1.32,12706,14458932.0
2021-04-27,1100.0,1160.0,1100.0,1140.0,3.64,15876,18072518.0
2021-04-26,1109.0,1140.0,1084.0,1100.0,-2.48,16185,17876511.0
2021-04-25,1175.0,1176.0,1125.0,1128.0,-4.0,14058,15970183.0
2021-04-22,1150.0,1184.0,1150.0,1175.0,0.69,12961,15126731.0
2021-04-21,1200.0,1205.0,1162.0,1167.0,-1.77,11785,13884907.0
2021-04-20,1183.0,1199.0,1174.0,1188.0,0.42,9390,11131420.0
2021-04-19,1177.0,1218.0,1177.0,1183.0,-1.42,18447,22088973.0
2021-04-18,1202.0,1220.0,1196.0,1200.0,-1.23,23303,28201658.0
2021-04-15,1230.0,1235.0,1213.0,1215.0,-1.14,18946,23140326.0
2021-04-13,1264.0,1264.0,1220.0,1229.0,-1.13,16641,20505535.0
2021-04-12,1200.0,1280.0,1200.0,1243.0,1.55,41827,52171657.0
2021-04-08,1221.0,1230.0,1212.0,1224.0,0.33,24875,30420871.0
2021-04-07,1221.0,1240.0,1204.0,1220.0,0.0,44866,54553902.0
2021-04-06,1186.0,1240.0,1186.0,1220.0,-0.49,25515,31110083.0
2021-04-05,1275.0,1275.0,1210.0,1226.0,0.91,57085,70171549.0
2021-04-04,1220.0,1220.0,1191.0,1215.0,0.75,31214,37703872.0
2021-04-01,1233.0,1235.0,1203.0,1206.0,-0.41,34013,41274133.0
2021-03-31,1215.0,1240.0,1210.0,1211.0,1.25,53478,65460331.0
2021-03-30,1183.0,1206.0,1171.0,1196.0,2.22,39118,46785073.0
2021-03-29,1137.0,1193.0,1135.0,1170.0,2.9,16338,19034658.0
2021-03-25,1191.0,1192.0,1137.0,1137.0,-2.65,21590,25001579.0
2021-03-24,1169.0,1205.0,1140.0,1168.0,4.85,32127,37639896.0
2021-03-23,1130.0,1130.0,1107.0,1114.0,0.45,9856,10971152.0
2021-03-22,1155.0,1155.0,1103.0,1109.0,-3.57,15467,17295267.0
2021-03-21,1134.0,1160.0,1109.0,1150.0,1.77,18936,21682257.0
2021-03-18,1100.0,1130.0,1100.0,1130.0,3.29,13725,15282436.0
2021-03-17,1038.0,1100.0,1032.0,1094.0,6.01,5809,6176044.0
2021-03-16,1025.0,1040.0,1020.0,1032.0,0.68,8010,8236019.0
2021-03-15,1001.0,1042.0,1001.0,1025.0,0.39,8466,8662976.0
2021-03-14,1030.0,1035.0,1018.0,1021.0,-2.39,12015,12259506.0
2021-03-10,1045.0,1060.0,1044.0,1046.0,-1.78,6594,6926125.0
2021-03-09,1065.0,1065.0,1059.0,1065.0,-0.65,6184,6561985.0
2021-03-07,1100.0,1105.0,1065.0,1072.0,-2.1,12367,13371546.0
2021-03-04,1030.0,1100.0,1030.0,1095.0,5.29,9702,10487360.0
2021-03-03,1041.0,1075.0,1021.0,1040.0,-2.07,17236,17868453.0
2021-03-02,1083.0,1083.0,1044.0,1062.0,-2.21,11217,11876986.0
2021-03-01,1043.0,1106.0,1025.0,1086.0,2.07,10945,11744065.0
2021-02-28,1081.0,1097.0,1064.0,1064.0,-3.27,15867,17104451.0
2021-02-25,1100.0,1117.0,1098.0,1100.0,-1.79,16652,18443483.0
2021-02-24,1120.0,1145.0,1113.0,1120.0,0.0,13034,14713914.0
2021-02-23,1124.0,1124.0,1096.0,1120.0,-0.36,19693,21775649.0
2021-02-22,1145.0,1145.0,1124.0,1124.0,-1.83,10000,11284326.0
2021-02-21,1140.0,1154.0,1126.0,1145.0,0.44,11756,13400966.0
2021-02-18,1136.0,1141.0,1120.0,1140.0,0.0,11398,12886575.0
2021-02-17,1151.0,1162.0,1140.0,1140.0,-2.48,11065,12742175.0
2021-02-16,1210.0,1220.0,1160.0,1169.0,-1.76,25594,30216736.0
2021-02-15,1137.0,1200.0,1137.0,1190.0,6.73,38800,45866130.0
2021-02-14,1130.0,1142.0,1107.0,1115.0,-1.15,16877,18889018.0
2021-02-11,1200.0,1200.0,1125.0,1128.0,-3.59,21995,25107728.0
2021-02-10,1180.0,1180.0,1140.0,1170.0,0.26,24486,28351332.0
2021-02-09,1195.0,1200.0,1151.0,1167.0,-2.34,29161,34284652.0
2021-02-08,1293.0,1293.0,1180.0,1195.0,-3.0,49434,59888255.0
2021-02-07,1165.0,1260.0,1165.0,1232.0,7.04,80950,98358399.0
2021-02-04,1150.0,1155.0,1125.0,1151.0,1.05,15225,17362158.0
2021-02-03,1140.0,1180.0,1125.0,1139.0,-0.18,18990,21666495.0
2021-02-02,1133.0,1178.0,1123.0,1141.0,2.7,11645,13271347.0
2021-02-01,1131.0,1133.0,1098.0,1111.0,-1.68,22006,24447978.0
2021-01-31,1145.0,1145.0,1121.0,1130.0,-2.16,21665,24460220.0
2021-01-28,1149.0,1210.0,1149.0,1155.0,0.52,23304,27108046.0
2021-01-27,1165.0,1169.0,1132.0,1149.0,-0.52,20875,24000877.0
2021-01-26,1181.0,1181.0,1150.0,1155.0,-4.15,44165,51484023.0
2021-01-25,1252.0,1270.0,1200.0,1205.0,-3.45,25378,30996153.0
2021-01-24,1210.0,1248.0,1190.0,1248.0,4.44,52314,63948523.0
2021-01-21,1161.0,1196.0,1161.0,1195.0,3.11,27875,32792113.0
2021-01-20,1163.0,1165.0,1145.0,1159.0,-0.26,28735,33114667.0
2021-01-19,1200.0,1200.0,1160.0,1162.0,-3.57,30422,35478632.0
2021-01-18,1184.0,1220.0,1170.0,1205.0,3.43,29088,34814515.0
2021-01-17,1165.0,1193.0,1152.0,1165.0,-0.43,11961,14061417.0
2021-01-13,1208.0,1208.0,1161.0,1170.0,1.65,18474,21603323.0
2021-01-12,1165.0,1173.0,1147.0,1151.0,-1.2,7263,8405751.0
2021-01-11,1180.0,1190.0,1150.0,1165.0,-1.27,12377,14421143.0
2021-01-10,1195.0,1200.0,1168.0,1180.0,-1.58,14571,17344879.0
2021-01-07,1200.0,1202.0,1175.0,1199.0,1.18,22380,26758249.0
2021-01-06,1151.0,1190.0,1151.0,1185.0,2.16,14606,17251899.0
2021-01-05,1199.0,1199.0,1160.0,1160.0,-1.69,18399,21609604.0
2021-01-04,1220.0,1224.0,1170.0,1180.0,-1.67,27799,33268959.0
2021-01-03,1141.0,1213.0,1127.0,1200.0,5.82,40327,47628807.0
2020-12-31,1150.0,1150.0,1121.0,1134.0,-0.09,20477,23333139.0
2020-12-30,1119.0,1139.0,1107.0,1135.0,1.43,18574,20803361.0
2020-12-29,1121.0,1121.0,1095.0,1119.0,1.54,34399,38184641.0
2020-12-28,1099.0,1136.0,1099.0,1102.0,0.73,24366,27108326.0
2020-12-27,1067.0,1145.0,1067.0,1094.0,-1.62,33114,36734408.0
2020-12-24,1104.0,1119.0,1080.0,1112.0,2.68,61726,67901061.0
2020-12-23,1160.0,1161.0,1080.0,1083.0,-5.83,47301,52791266.0
2020-12-22,1080.0,1155.0,1080.0,1150.0,4.64,24515,27946079.0
2020-12-21,1073.0,1106.0,1000.0,1099.0,0.73,44584,47276367.0
2020-12-20,1170.0,1170.0,1083.0,1091.0,-6.75,60739,67590989.0
2020-12-17,1111.0,1203.0,1111.0,1170.0,5.88,66199,76242944.0
2020-12-16,1020.0,1105.0,1006.0,1105.0,9.95,112595,121383067.0
2020-12-15,970.0,1035.0,955.0,1005.0,5.57,50514,49351181.0
2020-12-14,937.0,961.0,925.0,952.0,3.14,15471,14692490.0
2020-12-13,922.0,926.0,909.0,923.0,0.22,5761,5290640.0
2020-12-10,915.0,935.0,903.0,921.0,0.55,15082,13753876.0
2020-12-09,945.0,952.0,915.0,916.0,-2.03,20103,18595242.0
2020-12-08,958.0,958.0,919.0,935.0,-0.53,37245,34890092.0
2020-12-07,900.0,940.0,882.0,940.0,4.56,25910,23639547.0
2020-12-06,951.0,951.0,890.0,899.0,-5.37,30362,27563857.0
2020-12-03,980.0,1020.0,925.0,950.0,-1.25,32070,30512772.0
2020-12-02,890.0,962.0,885.0,962.0,9.07,30947,28491389.0
2020-12-01,885.0,900.0,871.0,882.0,-0.23,6967,6168490.0
2020-11-30,897.0,897.0,876.0,884.0,0.45,17573,15490642.0
2020-11-29,865.0,884.0,856.0,880.0,0.23,10596,9305481.0
2020-11-26,893.0,893.0,877.0,878.0,-1.68,18053,15910627.0
2020-11-25,895.0,896.0,882.0,893.0,0.0,17691,15758762.0
2020-11-24,884.0,893.0,872.0,893.0,1.02,17705,15718252.0
2020-11-23,878.0,905.0,875.0,884.0,2.67,26066,23004986.0
2020-11-22,1010.0,1010.0,986.0,990.0,-1.2,46438,46301074.0
2020-11-19,953.0,1006.0,953.0,1002.0,6.03,78174,77115381.0
2020-11-18,920.0,966.0,920.0,945.0,2.72,37222,35139440.0
2020-11-12,915.0,923.0,900.0,920.0,1.1,42922,39096617.0
2020-11-11,890.0,910.0,886.0,910.0,2.59,37183,33278360.0
2020-11-10,890.0,892.0,877.0,887.0,0.0,10468,9269950.0
2020-11-09,880.0,905.0,875.0,887.0,-0.34,9682,8623056.0
2020-11-08,895.0,895.0,880.0,890.0,1.25,18039,16057240.0
2020-11-05,880.0,884.0,879.0,879.0,0.0,10520,9268639.0
2020-11-04,884.0,885.0,871.0,879.0,-0.45,8738,7665217.0
2020-11-03,902.0,905.0,883.0,883.0,-0.9,23386,20865293.0
2020-11-02,885.0,895.0,873.0,891.0,2.18,36398,32339901.0
2020-11-01,860.0,872.0,860.0,872.0,0.35,6595,5733348.0
2020-10-29,870.0,873.0,866.0,869.0,-0.46,10904,9482562.0
2020-10-28,862.0,873.0,857.0,873.0,1.63,6641,5723098.0
2020-10-22,855.0,859.0,855.0,859.0,0.35,2328,1994951.0
2020-10-21,860.0,860.0,855.0,856.0,-0.23,1540,1320500.0
2020-10-20,860.0,862.0,858.0,858.0,-0.12,1999,1718363.0
2020-10-19,860.0,865.0,855.0,859.0,0.35,3643,3133404.0
2020-10-18,845.0,860.0,844.0,856.0,0.0,6085,5202827.0
2020-10-15,911.0,911.0,856.0,856.0,-1.38,9418,8110034.0
2020-10-14,860.0,876.0,843.0,868.0,-0.91,9571,8230449.0
2020-10-13,890.0,890.0,872.0,876.0,-1.57,10698,9383557.0
2020-10-12,861.0,895.0,854.0,890.0,2.89,40906,35882041.0
2020-10-11,848.0,873.0,848.0,865.0,1.65,18652,16102866.0
2020-10-08,854.0,859.0,841.0,851.0,-0.23,11864,10041247.0
2020-10-07,840.0,854.0,839.0,853.0,1.19,7490,6357017.0
2020-10-06,855.0,855.0,843.0,843.0,-0.71,4396,3714413.0
2020-10-05,850.0,859.0,842.0,849.0,0.47,5373,4555804.0
2020-10-04,855.0,860.0,845.0,845.0,-1.05,7077,6021009.0
2020-10-01,842.0,854.0,840.0,854.0,1.43,7945,6720724.0
2020-09-30,845.0,846.0,840.0,842.0,-0.59,8841,7447383.0
2020-09-29,845.0,848.0,840.0,847.0,-0.35,12191,10264331.0
2020-09-28,855.0,859.0,849.0,850.0,0.0,7335,6239270.0
2020-09-27,846.0,855.0,846.0,850.0,0.24,5164,4399455.0
2020-09-24,869.0,869.0,848.0,848.0,-0.47,4450,3786815.0
2020-09-23,855.0,858.0,839.0,852.0,1.07,8823,7460482.0
2020-09-22,851.0,884.0,840.0,843.0,-0.82,13945,11799660.0
2020-09-21,855.0,858.0,848.0,850.0,-0.35,17611,15002072.0
2020-09-20,870.0,870.0,852.0,853.0,-0.58,7656,6555690.0
2020-09-17,860.0,869.0,855.0,858.0,-0.46,8064,6941756.0
2020-09-16,863.0,870.0,845.0,862.0,-0.12,8673,7459652.0
2020-09-15,850.0,863.0,850.0,863.0,0.94,10678,9163239.0
2020-09-14,871.0,871.0,855.0,855.0,-1.72,16737,14475445.0
2020-09-13,900.0,900.0,854.0,870.0,-0.46,19013,16588874.0
2020-09-10,873.0,895.0,871.0,874.0,0.23,9490,8320120.0
2020-09-09,881.0,882.0,866.0,872.0,0.69,31055,27152649.0
2020-09-08,890.0,890.0,862.0,866.0,-0.92,14562,12656180.0
2020-09-07,870.0,896.0,856.0,874.0,1.39,72143,63228041.0
2020-09-06,915.0,915.0,854.0,862.0,-1.15,15874,13743317.0
2020-09-03,863.0,887.0,861.0,872.0,-0.46,13900,12088200.0
2020-09-02,846.0,895.0,846.0,876.0,1.98,32278,28461268.0
2020-08-31,846.0,865.0,845.0,859.0,2.38,32473,27831342.0
2020-08-30,840.0,840.0,830.0,839.0,-0.12,4240,3545155.0
2020-08-27,849.0,853.0,829.0,840.0,0.36,17968,15018724.0
2020-08-26,826.0,850.0,825.0,837.0,2.7,34996,29246074.0
2020-08-25,814.0,829.0,801.0,815.0,1.12,18632,15125282.0
2020-08-24,772.0,806.0,770.0,806.0,5.5,32246,25745888.0
2020-08-23,765.0,765.0,751.0,764.0,1.6,6726,5105083.0
2020-08-20,747.0,761.0,746.0,752.0,0.94,4113,3093466.0
2020-08-19,739.0,755.0,728.0,745.0,-1.19,5151,3852605.0
2020-08-18,757.0,773.0,750.0,754.0,1.34,3751,2829760.0
2020-08-17,736.0,755.0,736.0,744.0,-0.67,3279,2438701.0
2020-08-16,740.0,760.0,727.0,749.0,-0.79,12325,9138923.0
2020-08-13,779.0,779.0,749.0,755.0,-1.31,8631,6509865.0
2020-08-12,755.0,765.0,750.0,765.0,0.79,8932,6740243.0
2020-08-11,772.0,772.0,743.0,759.0,0.26,10595,7998467.0
2020-08-10,742.0,761.0,725.0,757.0,3.98,19001,14195460.0
2020-08-09,715.0,730.0,695.0,728.0,1.82,10343,7465433.0
2020-08-06,707.0,724.0,701.0,715.0,0.42,13489,9630095.0
2020-08-05,717.0,718.0,710.0,712.0,-2.6,18778,13384174.0
2020-08-03,703.0,732.0,703.0,731.0,2.24,9973,7194058.0
2020-08-02,734.0,734.0,708.0,715.0,-2.59,19020,13606668.0
2020-07-30,742.0,742.0,720.0,734.0,0.55,7702,5605335.0
2020-07-29,730.0,740.0,724.0,730.0,0.14,20891,15236989.0
2020-07-28,721.0,749.0,721.0,729.0,-0.82,13765,10113002.0
2020-07-27,739.0,756.0,731.0,735.0,0.68,17966,13373305.0
2020-07-26,700.0,730.0,695.0,730.0,4.29,11559,8197062.0
2020-07-23,700.0,705.0,680.0,700.0,1.16,4234,2931042.0
2020-07-22,684.0,700.0,684.0,692.0,-0.43,2383,1651074.0
2020-07-21,691.0,715.0,691.0,695.0,-1.42,7080,4506141.0
2020-07-20,754.0,769.0,705.0,705.0,-1.95,19354,14042515.0
2020-07-19,719.0,719.0,719.0,719.0,1.99,20,14380.0
2020-07-16,687.0,706.0,687.0,705.0,0.57,5916,4153980.0
2020-07-15,728.0,728.0,700.0,701.0,-1.96,8906,6294852.0
2020-07-14,701.0,719.0,700.0,715.0,2.0,15205,10760613.0
2020-07-13,701.0,715.0,689.0,701.0,1.89,20768,14551600.0
2020-07-12,652.0,690.0,645.0,688.0,7.5,15690,10577978.0
2020-07-09,635.0,649.0,635.0,640.0,-0.78,4957,3169233.0
2020-07-08,637.0,649.0,631.0,645.0,-0.62,4409,2823691.0
2020-07-07,636.0,657.0,616.0,649.0,4.01,9515,6045172.0
2020-07-06,600.0,630.0,588.0,624.0,3.48,2606,1584916.0
2020-07-05,600.0,624.0,600.0,603.0,0.5,2887,1768551.0
2020-07-02,645.0,645.0,588.0,600.0,-6.4,1070,662870.0
2020-07-01,594.0,641.0,594.0,641.0,9.95,1012,618004.0
2020-06-30,550.0,583.0,550.0,583.0,6.0,557,322146.0
2020-06-29,551.0,551.0,527.0,550.0,-3.02,9271,5058454.0
2020-05-13,568.0,568.0,562.0,562.0,-2.94,60,34020.0
2020-05-12,579.0,579.0,579.0,579.0,-1.86,50,28950.0
2020-03-22,605.0,605.0,590.0,590.0,-4.07,1593,956108.0
2020-03-19,602.0,637.0,590.0,615.0,0.16,6938,4273758.0
2020-03-18,605.0,640.0,593.0,614.0,-0.32,12999,7788671.0
2020-03-17,657.0,657.0,615.0,616.0,-8.06,6130,3857840.0
2020-03-16,641.0,675.0,640.0,670.0,3.08,8710,5707933.0
2020-03-15,675.0,680.0,645.0,650.0,-5.52,8268,5510998.0
2020-03-12,730.0,730.0,688.0,688.0,-6.9,18007,12658540.0
2020-03-11,779.0,779.0,689.0,739.0,-0.4,23511,17210230.0
2020-03-10,742.0,742.0,742.0,742.0,1.92,10,7420.0
2020-03-05,675.0,744.0,675.0,728.0,5.81,12687,8940826.0
2020-03-04,775.0,775.0,684.0,688.0,-9.47,22490,15789350.0
2020-03-03,769.0,775.0,727.0,760.0,-3.06,25101,18936924.0
2020-03-02,825.0,825.0,784.0,784.0,-4.74,9612,7694297.0
2020-03-01,835.0,865.0,812.0,823.0,-3.29,34298,28650980.0
2020-02-27,871.0,875.0,850.0,851.0,-2.63,25785,22052520.0
2020-02-26,894.0,900.0,861.0,874.0,-0.34,22018,19295316.0
2020-02-25,835.0,883.0,803.0,877.0,6.17,30536,26347844.0
2020-02-24,850.0,860.0,826.0,826.0,-1.67,28608,23859324.0
2020-02-23,851.0,887.0,835.0,840.0,0.48,37280,31832616.0
2020-02-20,795.0,841.0,795.0,836.0,7.18,35553,29612406.0
2020-02-19,750.0,780.0,736.0,780.0,3.31,14771,11271372.0
2020-02-18,745.0,756.0,735.0,755.0,0.67,34729,25940476.0
2020-02-17,732.0,760.0,716.0,750.0,4.46,43461,32034912.0
2020-02-16,703.0,718.0,690.0,718.0,4.06,23448,16504028.0
2020-02-13,704.0,704.0,690.0,690.0,-0.58,10397,7248968.0
2020-02-12,699.0,705.0,686.0,694.0,0.73,29305,20422508.0
2020-02-11,682.0,695.0,666.0,689.0,2.84,21655,14798197.0
2020-02-10,655.0,670.0,652.0,670.0,2.29,3193,2108338.0
2020-02-09,661.0,662.0,647.0,655.0,-2.24,3182,2077153.0
2020-02-06,670.0,689.0,664.0,670.0,-1.18,9682,6531755.0
2020-02-05,661.0,689.0,661.0,678.0,1.65,19456,12930656.0
2020-02-04,677.0,680.0,655.0,667.0,-1.48,4198,2785134.0
2020-02-03,695.0,695.0,674.0,677.0,-1.6,9061,6158339.0
2020-02-02,680.0,692.0,675.0,688.0,1.93,32357,22156708.0
2020-01-30,700.0,700.0,675.0,675.0,-2.17,37685,25885942.0
2020-01-29,646.0,700.0,641.0,690.0,8.32,35133,23733776.0
2020-01-28,629.0,654.0,620.0,637.0,2.74,26025,16672504.0
2020-01-27,610.0,627.0,610.0,620.0,1.64,5970,3691251.0
2020-01-26,608.0,631.0,608.0,610.0,-1.45,4632,2862069.0
2020-01-23,609.0,632.0,609.0,619.0,-0.16,4460,2783014.0
2020-01-22,629.0,630.0,617.0,620.0,-1.9,4932,3073331.0
2020-01-21,620.0,632.0,615.0,632.0,0.32,5853,3644253.0
2020-01-20,650.0,659.0,625.0,630.0,-2.78,8670,5535535.0
2020-01-19,652.0,654.0,624.0,648.0,1.25,20161,12831779.0
2020-01-16,630.0,650.0,630.0,640.0,1.59,7151,4548462.0
2020-01-15,619.0,630.0,618.0,630.0,0.0,3760,2345716.0
2020-01-14,618.0,654.0,610.0,630.0,0.0,7934,5003584.0
2020-01-13,660.0,660.0,618.0,630.0,-2.93,10692,6873887.0
2020-01-12,600.0,649.0,593.0,649.0,10.0,18042,11165250.0
2020-01-09,581.0,594.0,576.0,590.0,1.37,13136,7684896.0
2020-01-08,574.0,582.0,568.0,582.0,1.22,10220,5896774.0
2020-01-07,561.0,575.0,560.0,575.0,2.68,9068,5160847.0
2020-01-06,576.0,576.0,559.0,560.0,-0.88,4800,2699818.0
2020-01-05,550.0,574.0,550.0,565.0,2.36,14446,8137061.0
2020-01-02,533.0,572.0,533.0,552.0,1.85,3982,2210049.0
2020-01-01,534.0,542.0,525.0,542.0,1.88,990,529451.0
2019-12-31,529.0,532.0,529.0,532.0,1.14,1065,563510.0
2019-12-30,530.0,530.0,526.0,526.0,-1.68,704,371239.0
2019-12-29,545.0,545.0,535.0,535.0,-11.28,1064,572430.0
2019-12-26,607.0,608.0,603.0,603.0,-0.17,8751,5297648.0
2019-12-25,608.0,612.0,602.0,604.0,-0.49,1581,956995.0
2019-12-24,609.0,610.0,604.0,607.0,0.5,9051,5487438.0
2019-12-23,609.0,610.0,600.0,604.0,-0.98,5913,3590486.0
2019-12-22,600.0,610.0,597.0,610.0,0.49,2332,1412470.0
2019-12-19,608.0,609.0,605.0,607.0,-0.82,11902,7203806.0
2019-12-18,606.0,613.0,606.0,612.0,-0.49,101,61806.0
2019-12-16,607.0,619.0,607.0,615.0,-0.49,875,537246.0
2019-12-15,640.0,642.0,618.0,618.0,-2.98,3672,2309433.0
2019-12-12,638.0,650.0,636.0,637.0,-1.24,2750,1778547.0
2019-12-11,650.0,663.0,635.0,645.0,0.94,4862,3147678.0
2019-12-10,647.0,647.0,623.0,639.0,0.63,2960,1863961.0
2019-12-09,620.0,644.0,620.0,635.0,3.25,3002,1888500.0
2019-12-08,609.0,615.0,608.0,615.0,-0.65,1012,616829.0
2019-12-05,595.0,619.0,595.0,619.0,4.92,3337,2019578.0
2019-12-04,583.0,590.0,583.0,590.0,1.2,318,186247.0
2019-12-03,570.0,583.0,570.0,583.0,1.92,1925,1108238.0
2019-12-02,579.0,579.0,570.0,572.0,-0.52,939,538216.0
2019-12-01,576.0,580.0,575.0,575.0,-1.54,480,277396.0
2019-11-28,584.0,584.0,584.0,584.0,0.52,110,64240.0
2019-11-27,581.0,581.0,581.0,581.0,1.75,12,6972.0
2019-11-26,572.0,575.0,570.0,571.0,-0.7,604,344976.0
2019-11-25,580.0,590.0,574.0,575.0,-0.69,3281,1898154.0
2019-11-24,590.0,590.0,577.0,579.0,-1.86,1640,955472.0
2019-11-21,595.0,595.0,590.0,590.0,-0.67,650,385630.0
2019-11-20,600.0,602.0,592.0,594.0,0.51,1126,675040.0
2019-11-19,591.0,591.0,591.0,591.0,-0.34,177,104607.0
2019-11-18,595.0,595.0,587.0,593.0,-0.5,402,236597.0
2019-11-17,595.0,597.0,595.0,596.0,-0.67,2297,1366902.0
2019-11-14,601.0,601.0,600.0,600.0,-1.48,100,60050.0
2019-11-13,612.0,612.0,609.0,609.0,-0.49,293,178575.0
2019-11-12,613.0,613.0,612.0,612.0,-0.16,231,141480.0
2019-11-11,602.0,613.0,601.0,613.0,0.49,3151,1923020.0
2019-11-10,609.0,615.0,608.0,610.0,-0.81,3158,1933518.0
2019-11-07,613.0,615.0,613.0,615.0,0.0,672,413144.0
2019-11-06,630.0,630.0,615.0,615.0,-1.28,590,363560.0
2019-11-05,617.0,623.0,617.0,623.0,0.97,237,146776.0
2019-11-04,622.0,622.0,611.0,617.0,1.15,444,273116.0
2019-11-03,610.0,610.0,605.0,610.0,-0.49,485,295154.0
2019-10-31,625.0,625.0,613.0,613.0,-1.61,1309,804802.0
2019-10-24,620.0,637.0,613.0,623.0,2.13,2960,1836925.0
2019-10-23,601.0,610.0,600.0,610.0,1.67,1606,964185.0
2019-10-22,600.0,605.0,594.0,600.0,-0.99,1467,879038.0
2019-10-21,606.0,606.0,606.0,606.0,0.0,189,114534.0
2019-10-20,607.0,607.0,606.0,606.0,-0.66,926,561872.0
2019-10-17,628.0,628.0,610.0,610.0,-1.61,1054,643551.0
2019-10-16,615.0,620.0,601.0,620.0,-0.8,920,562010.0
2019-10-15,601.0,625.0,601.0,625.0,5.93,45,27585.0
2019-10-14,591.0,591.0,590.0,590.0,-1.67,1132,667980.0
2019-10-03,600.0,600.0,600.0,600.0,-1.64,100,60000.0
2019-10-02,630.0,630.0,601.0,610.0,-1.29,1007,612177.0
2019-10-01,610.0,624.0,610.0,618.0,3.0,273,168926.0
2019-09-30,595.0,600.0,595.0,600.0,2.21,1480,887725.0
2019-09-29,585.0,587.0,585.0,587.0,0.0,462,270934.0
2019-09-26,602.0,609.0,587.0,587.0,-3.77,5098,3036875.0
2019-09-25,618.0,618.0,605.0,610.0,0.66,706,428886.0
2019-09-24,606.0,606.0,606.0,606.0,-0.33,21,12726.0
2019-09-23,615.0,626.0,608.0,608.0,-1.14,299,184789.0
2019-09-22,617.0,617.0,602.0,615.0,-5.67,1909,1154463.0
2019-09-19,645.0,652.0,645.0,652.0,1.88,60,38770.0
2019-09-18,624.0,640.0,623.0,640.0,0.79,590,372820.0
2019-09-17,628.0,640.0,624.0,635.0,3.08,315,198122.0
2019-09-16,620.0,625.0,610.0,616.0,-0.96,2568,1578089.0
2019-09-15,656.0,656.0,622.0,622.0,-3.42,508,319503.0
2019-09-12,644.0,644.0,634.0,644.0,0.31,3250,2065803.0
2019-09-11,668.0,668.0,642.0,642.0,-1.98,538,348216.0
2019-09-10,635.0,655.0,630.0,655.0,2.83,2123,1351118.0
2019-09-09,642.0,642.0,637.0,637.0,-2.6,940,600960.0
2019-09-08,650.0,655.0,650.0,654.0,-0.91,1105,723082.0
2019-09-05,655.0,660.0,652.0,660.0,-0.45,1407,927568.0
2019-09-04,657.0,665.0,657.0,663.0,-1.04,4574,3022864.0
2019-09-03,646.0,670.0,634.0,670.0,3.88,3013,1955673.0
2019-09-02,645.0,653.0,631.0,645.0,-1.53,3399,2184091.0
2019-09-01,653.0,655.0,652.0,655.0,-1.21,433,282416.0
2019-08-29,651.0,663.0,651.0,663.0,0.0,1481,968365.0
2019-08-27,663.0,666.0,663.0,663.0,0.45,2705,1795105.0
2019-08-26,652.0,660.0,652.0,660.0,1.07,307,201045.0
2019-08-25,653.0,655.0,653.0,653.0,0.31,1440,941518.0
2019-08-22,663.0,670.0,651.0,651.0,0.15,210,137590.0
2019-08-21,651.0,655.0,650.0,650.0,-1.81,606,394275.0
2019-08-20,670.0,670.0,650.0,662.0,0.61,634,413429.0
2019-08-19,657.0,658.0,646.0,658.0,2.02,201,131646.0
2019-08-18,655.0,655.0,645.0,645.0,-0.62,602,392613.0
2019-08-15,660.0,660.0,649.0,649.0,-1.67,566,368534.0
2019-08-14,654.0,660.0,650.0,660.0,-0.3,1138,742299.0
2019-08-13,662.0,662.0,658.0,662.0,0.15,1579,1041801.0
2019-08-12,670.0,670.0,661.0,661.0,-1.34,1513,1001594.0
2019-08-11,663.0,670.0,659.0,670.0,1.06,531,354812.0
2019-08-08,662.0,666.0,662.0,663.0,-1.04,1106,734857.0
2019-08-07,660.0,675.0,659.0,670.0,0.75,1018,676074.0
2019-08-06,677.0,677.0,665.0,665.0,0.15,2384,1587274.0
2019-08-05,684.0,684.0,664.0,664.0,-3.63,5960,4030891.0
2019-08-04,693.0,693.0,679.0,689.0,1.32,4908,3351662.0
2019-08-01,678.0,702.0,678.0,680.0,0.44,8702,5976623.0
2019-07-31,685.0,685.0,672.0,677.0,0.0,5974,4040023.0
2019-07-30,675.0,685.0,671.0,677.0,1.8,9995,6799875.0
2019-07-29,668.0,668.0,664.0,665.0,0.45,1490,990330.0
2019-07-28,660.0,662.0,656.0,662.0,-0.75,1930,1268933.0
2019-07-25,667.0,680.0,667.0,667.0,-1.04,3784,2526465.0
2019-07-24,672.0,683.0,670.0,674.0,0.15,3748,2540998.0
2019-07-23,680.0,680.0,669.0,673.0,0.75,1967,1318678.0
2019-07-22,661.0,675.0,661.0,668.0,-0.3,1855,1242275.0
2019-07-21,655.0,670.0,650.0,670.0,0.6,1924,1280898.0
2019-07-18,674.0,679.0,666.0,666.0,-1.04,1788,1192818.0
2019-07-17,673.0,673.0,673.0,673.0,1.82,20,13460.0
2019-07-16,665.0,665.0,661.0,661.0,-0.9,3950,2623170.0
2019-07-15,665.0,679.0,665.0,667.0,0.15,1340,894959.0
2019-07-14,666.0,669.0,666.0,666.0,-0.15,779,519384.0
2019-07-11,670.0,670.0,666.0,667.0,-0.45,2196,1466105.0
2019-07-10,663.0,670.0,663.0,670.0,0.45,2072,1381991.0
2019-07-09,665.0,675.0,665.0,667.0,-0.6,3808,2549716.0
2019-07-08,665.0,672.0,665.0,671.0,0.45,3199,2140451.0
2019-07-07,663.0,676.0,663.0,668.0,0.75,10617,7084293.0
2019-07-04,660.0,673.0,660.0,663.0,-0.15,8372,5569918.0
2019-07-03,646.0,664.0,646.0,664.0,1.22,2485,1634705.0
2019-07-02,650.0,656.0,650.0,656.0,0.0,2054,1338617.0
2019-07-01,645.0,656.0,645.0,656.0,0.92,2316,1513249.0
2019-06-30,651.0,655.0,650.0,650.0,0.0,1739,1134284.0
2019-06-27,650.0,652.0,644.0,650.0,-0.91,929,604278.0
2019-06-26,644.0,656.0,644.0,656.0,0.15,550,356732.0
2019-06-25,668.0,668.0,653.0,655.0,0.0,1069,700946.0
2019-06-24,655.0,655.0,655.0,655.0,0.46,276,180780.0
2019-06-23,650.0,652.0,649.0,652.0,-1.21,526,341872.0
2019-06-20,650.0,660.0,650.0,660.0,0.92,1590,1040635.0
2019-06-19,660.0,660.0,648.0,654.0,0.93,13195,8616333.0
2019-06-18,635.0,654.0,635.0,648.0,0.93,9987,6364418.0
2019-06-17,644.0,650.0,642.0,642.0,-0.62,2114,1361685.0
2019-06-16,655.0,655.0,643.0,646.0,-0.31,3202,2069344.0
2019-06-13,649.0,651.0,648.0,648.0,-0.15,1679,1090898.0
2019-06-12,657.0,657.0,644.0,649.0,-3.13,392,253518.0
2019-06-11,640.0,670.0,640.0,670.0,4.52,1411,915020.0
2019-06-10,650.0,650.0,641.0,641.0,-1.38,3636,2354390.0
2019-06-06,646.0,650.0,644.0,650.0,-1.07,1519,981969.0
2019-06-04,646.0,657.0,646.0,657.0,-0.15,1815,1175975.0
2019-06-03,650.0,658.0,645.0,658.0,1.7,1917,1247621.0
2019-06-02,660.0,660.0,647.0,647.0,-1.97,2348,1524020.0
2019-05-30,673.0,681.0,653.0,660.0,0.0,3727,2474137.0
2019-05-29,660.0,660.0,652.0,660.0,0.3,15460,10202524.0
2019-05-28,655.0,660.0,650.0,658.0,-0.3,5252,3432367.0
2019-05-27,660.0,668.0,657.0,660.0,0.61,4236,2798101.0
2019-05-26,666.0,666.0,656.0,656.0,-3.39,2442,1610170.0
2019-05-23,667.0,679.0,650.0,679.0,0.0,5202,3420670.0
2019-05-22,658.0,679.0,658.0,679.0,1.65,1996,1339674.0
2019-05-21,665.0,670.0,653.0,668.0,0.45,1538,1012348.0
2019-05-20,675.0,680.0,665.0,665.0,-2.21,3448,2311547.0
2019-05-19,676.0,680.0,670.0,680.0,0.89,9019,6094084.0
2019-05-16,680.0,690.0,661.0,674.0,-0.15,5043,3393341.0
2019-05-15,651.0,680.0,650.0,675.0,4.49,28548,19015776.0
2019-05-14,660.0,665.0,646.0,646.0,-0.77,7882,5123150.0
2019-05-13,626.0,651.0,626.0,651.0,2.36,3225,2069564.0
2019-05-12,630.0,637.0,630.0,636.0,0.0,1887,1194703.0
2019-05-09,640.0,647.0,636.0,636.0,-0.93,1076,688444.0
2019-05-08,643.0,644.0,642.0,642.0,-1.68,824,529727.0
2019-05-07,644.0,653.0,644.0,653.0,-0.15,194,125300.0
2019-05-06,639.0,654.0,638.0,654.0,0.77,4977,3219403.0
2019-05-05,670.0,670.0,645.0,649.0,-1.22,9097,5906184.0
2019-05-02,653.0,670.0,630.0,657.0,1.86,9934,6436990.0
2019-04-30,655.0,663.0,638.0,645.0,-0.77,4775,3083794.0
2019-04-29,650.0,663.0,642.0,650.0,1.88,12649,8254101.0
2019-04-28,591.0,638.0,591.0,638.0,10.0,15438,9738178.0
2019-04-25,582.0,595.0,580.0,580.0,0.0,10084,5945302.0
2019-04-24,586.0,589.0,578.0,580.0,0.35,1598,938181.0
2019-04-23,585.0,592.0,567.0,578.0,-0.52,10834,6161150.0
2019-04-22,608.0,608.0,581.0,581.0,-3.01,2679,1582594.0
2019-04-21,585.0,599.0,584.0,599.0,0.67,1740,1031120.0
2019-04-18,584.0,595.0,583.0,595.0,1.88,1452,857442.0
2019-04-17,585.0,595.0,581.0,584.0,-1.35,3927,2297725.0
2019-04-16,580.0,604.0,580.0,592.0,3.86,6493,3846951.0
2019-04-15,557.0,574.0,545.0,570.0,4.2,4986,2792268.0
2019-04-11,551.0,551.0,542.0,547.0,-0.73,6177,3352704.0
2019-04-10,535.0,551.0,532.0,551.0,1.85,2978,1603247.0
2019-04-09,542.0,542.0,541.0,541.0,-1.99,820,443830.0
2019-04-08,546.0,553.0,542.0,552.0,2.99,2076,1138199.0
2019-04-07,526.0,539.0,526.0,536.0,0.75,585,312771.0
2019-04-04,532.0,532.0,532.0,532.0,0.38,350,186200.0
2019-04-03,535.0,535.0,530.0,530.0,-0.19,597,317235.0
2019-04-02,529.0,531.0,529.0,531.0,0.38,421,222890.0
2019-04-01,525.0,530.0,524.0,529.0,-0.19,2990,1578779.0
2019-03-31,530.0,530.0,530.0,530.0,0.19,800,424000.0
2019-03-28,530.0,535.0,529.0,529.0,-0.19,1291,683812.0
2019-03-27,531.0,534.0,530.0,530.0,0.0,152,80792.0
2019-03-26,530.0,535.0,530.0,530.0,0.95,361,191689.0
2019-03-25,520.0,527.0,519.0,525.0,0.0,4227,2208801.0
2019-03-24,520.0,528.0,520.0,525.0,-0.57,2101,1103120.0
2019-03-21,525.0,532.0,525.0,528.0,-0.75,736,388657.0
2019-03-19,532.0,532.0,532.0,532.0,0.0,46,24472.0
2019-03-18,535.0,535.0,526.0,532.0,-1.3,2066,1097599.0
2019-03-17,540.0,540.0,539.0,539.0,-0.19,240,129550.0
2019-03-14,540.0,540.0,540.0,540.0,0.19,10,5400.0
2019-03-13,555.0,555.0,539.0,539.0,-1.1,2366,1280868.0
2019-03-12,535.0,550.0,535.0,545.0,0.93,2098,1146944.0
2019-03-11,539.0,540.0,533.0,540.0,0.0,2285,1223608.0
2019-03-10,535.0,540.0,535.0,540.0,0.0,573,308421.0
2019-03-07,545.0,549.0,523.0,540.0,0.19,2846,1520533.0
2019-03-06,520.0,539.0,520.0,539.0,2.08,1614,844222.0
2019-03-05,510.0,528.0,510.0,528.0,1.73,1374,717660.0
2019-03-03,528.0,528.0,519.0,519.0,-0.38,712,373786.0
2019-02-27,520.0,530.0,520.0,521.0,0.19,225,118174.0
2019-02-26,520.0,522.0,520.0,520.0,0.0,367,190861.0
2019-02-25,510.0,520.0,510.0,520.0,0.0,209,108270.0
2019-02-24,520.0,520.0,518.0,520.0,-1.52,584,302839.0
2019-02-21,535.0,535.0,528.0,528.0,-1.68,74,39363.0
2019-02-20,539.0,539.0,529.0,537.0,-2.36,49,26191.0
2019-02-19,530.0,550.0,530.0,550.0,5.57,309,164794.0
2019-02-18,520.0,523.0,515.0,521.0,-1.33,1445,749980.0
2019-02-17,530.0,535.0,528.0,528.0,0.0,517,273912.0
2019-02-14,525.0,530.0,525.0,528.0,-0.94,753,397091.0
2019-02-12,533.0,533.0,533.0,533.0,-0.37,17,9061.0
2019-02-11,535.0,539.0,531.0,535.0,-0.37,1256,674308.0
2019-02-10,537.0,540.0,537.0,537.0,-1.83,2534,1360803.0
2019-02-07,538.0,547.0,538.0,547.0,1.3,380,205740.0
2019-02-06,538.0,540.0,538.0,540.0,-0.92,215,115948.0
2019-02-05,545.0,545.0,540.0,545.0,0.0,1517,821780.0
2019-02-04,545.0,545.0,540.0,545.0,0.0,481,261740.0
2019-02-03,547.0,551.0,541.0,545.0,0.0,2308,1256843.0
2019-01-31,547.0,550.0,545.0,545.0,0.18,1317,721155.0
2019-01-30,550.0,550.0,544.0,544.0,-0.18,625,341319.0
2019-01-29,550.0,550.0,537.0,545.0,0.0,2418,1306445.0
2019-01-28,540.0,545.0,540.0,545.0,0.93,165,89545.0
2019-01-27,540.0,541.0,540.0,540.0,-0.18,148,80020.0
2019-01-24,543.0,545.0,541.0,541.0,-0.73,1203,654080.0
2019-01-23,547.0,547.0,541.0,545.0,-0.18,647,352590.0
2019-01-22,542.0,546.0,540.0,546.0,0.92,982,532817.0
2019-01-21,542.0,542.0,541.0,541.0,0.0,300,162500.0
2019-01-20,550.0,550.0,541.0,541.0,-1.46,693,378885.0
2019-01-17,548.0,549.0,548.0,549.0,-1.08,76,41658.0
2019-01-16,566.0,566.0,555.0,555.0,-3.81,230,127980.0
2019-01-15,548.0,577.0,545.0,577.0,5.87,1076,593296.0
2019-01-14,545.0,550.0,545.0,545.0,0.0,278,151605.0
2019-01-13,555.0,555.0,545.0,545.0,-1.62,390,214020.0
2019-01-10,560.0,560.0,550.0,554.0,-0.72,438,241550.0
2019-01-09,544.0,560.0,544.0,558.0,0.72,712,394080.0
2019-01-08,534.0,555.0,534.0,554.0,2.03,10809,5974224.0
2019-01-07,535.0,543.0,535.0,543.0,1.88,175,94425.0
2019-01-06,537.0,540.0,533.0,533.0,-1.3,624,334602.0
2019-01-03,551.0,554.0,540.0,540.0,-0.18,1413,771220.0
2019-01-02,540.0,550.0,540.0,541.0,-0.55,782,423631.0
2019-01-01,541.0,545.0,537.0,544.0,0.37,883,477743.0
2018-12-31,542.0,550.0,542.0,542.0,-1.45,390,213212.0
2018-12-30,560.0,560.0,545.0,550.0,-0.72,256,140420.0
2018-12-27,570.0,570.0,549.0,554.0,-0.89,4935,2749129.0
2018-12-26,550.0,559.0,540.0,559.0,3.52,492,270960.0
2018-12-25,539.0,540.0,532.0,540.0,-1.28,839,450473.0
2018-12-24,558.0,558.0,547.0,547.0,-3.19,439,241247.0
2018-12-23,549.0,565.0,540.0,565.0,4.82,2184,1194880.0
2018-12-20,549.0,549.0,539.0,539.0,-3.75,150,81410.0
2018-12-19,532.0,560.0,530.0,560.0,-4.41,1780,962255.0
2018-12-18,594.0,601.0,577.0,590.0,0.34,4251,2504262.0
2018-12-17,579.0,600.0,577.0,588.0,2.26,686,404177.0
2018-12-16,570.0,585.0,570.0,575.0,2.86,1272,730887.0
2018-12-13,560.0,560.0,550.0,559.0,1.27,1178,657289.0
2018-12-12,566.0,566.0,552.0,552.0,-0.54,1085,603594.0
2018-12-11,579.0,580.0,550.0,555.0,-4.31,2156,1217438.0
2018-12-10,580.0,580.0,570.0,580.0,0.0,1895,1095155.0
2018-12-09,570.0,580.0,560.0,580.0,0.87,721,409003.0
2018-12-06,565.0,575.0,564.0,575.0,1.77,214,121896.0
2018-12-05,582.0,591.0,565.0,565.0,-3.42,1913,1088909.0
2018-12-04,582.0,585.0,582.0,585.0,0.86,103,60072.0
2018-12-03,595.0,600.0,580.0,580.0,-0.68,630,368310.0
2018-12-02,584.0,584.0,573.0,584.0,0.0,2474,1421592.0
2018-11-29,590.0,595.0,584.0,584.0,-1.02,1183,693747.0
2018-11-28,600.0,605.0,590.0,590.0,-3.91,2893,1724552.0
2018-11-27,605.0,626.0,605.0,614.0,1.99,392,237923.0
2018-11-26,595.0,602.0,590.0,602.0,1.18,399,237599.0
2018-11-25,600.0,600.0,595.0,595.0,-2.46,872,519629.0
2018-11-22,611.0,611.0,602.0,610.0,1.5,195,118620.0
2018-11-21,611.0,611.0,600.0,601.0,-1.48,1884,1139919.0
2018-11-20,595.0,610.0,595.0,610.0,1.16,1007,609361.0
2018-11-19,610.0,610.0,602.0,603.0,-0.5,713,430976.0
2018-11-18,610.0,610.0,606.0,606.0,-1.94,800,485800.0
2018-11-15,625.0,632.0,618.0,618.0,-0.8,1380,864500.0
2018-11-14,625.0,625.0,622.0,623.0,0.16,441,275483.0
2018-11-13,632.0,632.0,620.0,622.0,0.32,400,251200.0
2018-11-12,620.0,621.0,611.0,620.0,-0.16,1301,797341.0
2018-11-11,620.0,621.0,620.0,621.0,0.16,100,62100.0
2018-11-06,624.0,620.0,616.0,620.0,-0.64,125,77500.0
2018-11-05,627.0,625.0,624.0,624.0,1.3,445,278043.0
2018-11-04,620.0,620.0,616.0,616.0,-1.28,336,207176.0
2018-11-01,625.0,625.0,619.0,624.0,0.81,552,342415.0
2018-10-31,625.0,625.0,612.0,619.0,-0.16,895,554355.0
2018-10-30,634.0,634.0,615.0,620.0,-0.32,467,290632.0
2018-10-29,620.0,622.0,620.0,622.0,0.16,579,359936.0
2018-10-28,628.0,628.0,618.0,621.0,-1.43,301,186713.0
2018-10-25,630.0,635.0,630.0,630.0,-0.63,595,375292.0
2018-10-24,634.0,634.0,634.0,634.0,-0.47,27,17118.0
2018-10-23,635.0,638.0,635.0,637.0,-0.78,777,493895.0
2018-10-22,640.0,645.0,638.0,642.0,0.47,3734,2391012.0
2018-10-15,638.0,639.0,630.0,639.0,1.11,1069,676732.0
2018-10-14,642.0,651.0,631.0,632.0,0.32,1319,839451.0
2018-10-11,625.0,630.0,618.0,630.0,0.8,115,71656.0
2018-10-10,621.0,625.0,621.0,625.0,0.0,53,32961.0
2018-10-09,634.0,646.0,625.0,625.0,0.48,133,84082.0
2018-10-08,622.0,622.0,622.0,622.0,-0.8,600,373200.0
2018-10-07,614.0,627.0,614.0,627.0,0.64,1151,716102.0
2018-10-04,630.0,635.0,623.0,623.0,-1.58,2296,1438298.0
2018-10-03,631.0,633.0,631.0,633.0,-1.09,78,49266.0
2018-10-02,644.0,649.0,632.0,640.0,-0.62,454,289420.0
2018-10-01,641.0,645.0,632.0,644.0,0.47,2259,1436653.0
2018-09-30,641.0,650.0,641.0,641.0,-1.38,3292,2116757.0
2018-09-27,647.0,653.0,643.0,650.0,-0.31,1305,846781.0
2018-09-26,655.0,660.0,649.0,652.0,-1.36,2691,1753638.0
2018-09-25,641.0,661.0,641.0,661.0,1.69,1021,672181.0
2018-09-23,641.0,650.0,641.0,650.0,-0.15,1187,768944.0
2018-09-20,650.0,660.0,650.0,651.0,-1.36,1616,1054140.0
2018-09-18,668.0,668.0,655.0,660.0,0.76,943,622901.0
2018-09-17,665.0,665.0,655.0,655.0,0.31,748,496720.0
2018-09-16,663.0,676.0,651.0,653.0,0.31,2133,1419645.0
2018-09-13,662.0,662.0,651.0,651.0,0.15,411,267792.0
2018-09-12,637.0,650.0,637.0,650.0,0.0,525,339520.0
2018-09-11,659.0,659.0,650.0,650.0,0.46,213,138730.0
2018-09-10,642.0,647.0,635.0,647.0,0.78,174,111323.0
2018-09-09,640.0,646.0,640.0,642.0,-1.23,401,257851.0
2018-09-06,677.0,677.0,650.0,650.0,-2.11,3561,2329377.0
2018-09-05,668.0,668.0,655.0,664.0,1.37,1401,924202.0
2018-09-04,657.0,657.0,644.0,655.0,1.55,590,384724.0
2018-09-03,640.0,665.0,640.0,645.0,1.26,2908,1903824.0
2018-09-02,648.0,648.0,637.0,637.0,-1.7,583,372695.0
2018-08-30,634.0,648.0,634.0,648.0,2.21,254,161556.0
2018-08-29,630.0,634.0,630.0,634.0,0.63,289,182204.0
2018-08-28,629.0,630.0,628.0,630.0,-0.16,91,57254.0
2018-08-26,625.0,631.0,625.0,631.0,-0.79,698,439883.0
2018-08-23,638.0,640.0,636.0,636.0,-2.15,391,249139.0
2018-08-22,646.0,650.0,634.0,650.0,2.52,501,321230.0
2018-08-21,644.0,645.0,634.0,634.0,-1.71,433,277205.0
2018-08-20,640.0,649.0,640.0,645.0,-0.62,850,545985.0
2018-08-19,644.0,649.0,642.0,649.0,0.93,323,207689.0
2018-08-16,652.0,664.0,643.0,643.0,-1.38,1522,994847.0
2018-08-15,650.0,652.0,650.0,652.0,1.88,224,145790.0
2018-08-14,633.0,640.0,633.0,640.0,0.79,1497,949605.0
2018-08-13,635.0,635.0,635.0,635.0,0.0,126,80010.0
2018-08-12,640.0,640.0,629.0,635.0,-0.94,787,499599.0
2018-08-09,645.0,650.0,640.0,641.0,-0.62,2666,1716810.0
2018-08-08,645.0,655.0,645.0,645.0,0.0,620,402359.0
2018-08-07,647.0,649.0,644.0,645.0,-0.31,1101,710721.0
2018-08-06,650.0,660.0,645.0,647.0,0.0,1853,1208121.0
2018-08-05,633.0,647.0,633.0,647.0,4.19,1136,725881.0
2018-08-02,625.0,628.0,620.0,621.0,-0.8,1252,778773.0
2018-08-01,630.0,630.0,625.0,626.0,-0.63,585,366825.0
2018-07-31,632.0,644.0,629.0,630.0,-0.16,1867,1179006.0
2018-07-30,649.0,650.0,631.0,631.0,-1.41,540,343313.0
2018-07-29,630.0,642.0,630.0,640.0,0.95,341,218340.0
2018-07-26,628.0,636.0,628.0,634.0,-0.47,1224,776252.0
2018-07-25,635.0,640.0,635.0,637.0,-1.55,122,77640.0
2018-07-24,659.0,660.0,647.0,647.0,-1.22,955,620960.0
2018-07-23,622.0,655.0,621.0,655.0,3.8,396,250341.0
2018-07-22,644.0,644.0,631.0,631.0,-1.87,881,559982.0
2018-07-19,642.0,650.0,640.0,643.0,-0.77,483,311419.0
2018-07-18,653.0,655.0,648.0,648.0,-0.77,869,567165.0
2018-07-17,655.0,655.0,653.0,653.0,0.0,126,82478.0
2018-07-16,653.0,653.0,645.0,653.0,1.87,530,344690.0
2018-07-15,650.0,650.0,641.0,641.0,-1.38,669,428961.0
2018-07-12,651.0,651.0,638.0,650.0,-1.81,2291,1479674.0
2018-07-11,653.0,692.0,653.0,662.0,3.28,3558,2397099.0
2018-07-10,663.0,674.0,641.0,641.0,-1.38,1602,1049326.0
2018-07-09,658.0,660.0,650.0,650.0,-1.81,3484,2276799.0
2018-07-08,680.0,680.0,662.0,662.0,-3.64,1518,1017986.0
2018-07-05,654.0,690.0,654.0,687.0,5.05,2101,1403425.0
2018-07-04,652.0,654.0,642.0,654.0,2.19,90,58420.0
2018-07-03,630.0,651.0,628.0,640.0,0.0,301,191565.0
2018-07-02,650.0,655.0,637.0,640.0,-1.54,1241,807558.0
2018-07-01,650.0,655.0,650.0,650.0,-1.22,1786,1164430.0
2018-06-28,656.0,666.0,655.0,658.0,0.3,1095,723431.0
2018-06-27,668.0,668.0,656.0,656.0,0.15,389,256171.0
2018-06-26,653.0,665.0,650.0,655.0,0.31,1240,808286.0
2018-06-25,661.0,661.0,653.0,653.0,-1.21,874,571870.0
2018-06-24,673.0,673.0,661.0,661.0,0.0,71,47067.0
2018-06-21,670.0,670.0,658.0,661.0,-1.05,786,520918.0
2018-06-20,669.0,670.0,663.0,668.0,-0.3,341,226957.0
2018-06-19,680.0,680.0,670.0,670.0,-0.74,290,194744.0
2018-06-18,664.0,676.0,663.0,675.0,0.0,509,341098.0
2018-06-17,679.0,680.0,675.0,675.0,-2.17,848,572954.0
2018-06-14,686.0,690.0,682.0,690.0,0.73,3119,2149074.0
2018-06-13,681.0,689.0,667.0,685.0,0.74,1685,1144451.0
2018-06-12,663.0,682.0,663.0,680.0,1.34,1741,1179449.0
2018-06-11,675.0,675.0,663.0,671.0,1.36,2118,1419441.0
2018-06-10,661.0,668.0,659.0,662.0,-1.34,3583,2375144.0
2018-06-07,678.0,678.0,668.0,671.0,-0.74,2161,1451509.0
2018-06-06,688.0,710.0,676.0,676.0,0.15,1845,1270565.0
2018-06-04,670.0,690.0,660.0,675.0,0.75,4454,2993660.0
2018-06-03,680.0,698.0,670.0,670.0,-3.18,4645,3172861.0
2018-05-31,702.0,702.0,692.0,692.0,-1.28,2337,1631106.0
2018-05-30,700.0,716.0,700.0,701.0,0.14,9674,6867153.0
2018-05-29,700.0,707.0,691.0,700.0,0.14,2426,1705228.0
2018-05-28,670.0,699.0,670.0,699.0,3.25,2225,1527288.0
2018-05-27,690.0,698.0,676.0,677.0,-1.74,1369,928758.0
2018-05-24,695.0,700.0,689.0,689.0,0.29,4151,2881604.0
2018-05-23,690.0,690.0,686.0,687.0,-0.72,418,286918.0
2018-05-22,692.0,700.0,691.0,692.0,-1.7,4265,2953097.0
2018-05-21,690.0,705.0,687.0,704.0,1.29,5699,3953718.0
2018-05-20,702.0,710.0,690.0,695.0,0.87,1033,719915.0
2018-05-17,690.0,692.0,686.0,689.0,1.17,1578,1088296.0
2018-05-16,694.0,694.0,681.0,681.0,0.0,1182,807117.0
2018-05-15,682.0,682.0,681.0,681.0,-1.3,201,136980.0
2018-05-14,685.0,696.0,683.0,690.0,-0.29,523,358380.0
2018-05-10,705.0,705.0,688.0,692.0,-1.14,3756,2599235.0
2018-05-09,700.0,708.0,695.0,700.0,0.14,1894,1327186.0
2018-05-08,695.0,705.0,690.0,699.0,1.01,4238,2946681.0
2018-05-07,705.0,705.0,691.0,692.0,-0.86,2116,1470933.0
2018-05-06,685.0,708.0,685.0,698.0,2.2,5355,3744908.0
2018-05-03,687.0,707.0,674.0,683.0,1.34,6509,4491852.0
2018-05-02,655.0,675.0,655.0,674.0,1.35,3831,2557819.0
2018-04-29,656.0,682.0,656.0,665.0,-0.15,2680,1795480.0
2018-04-26,668.0,681.0,666.0,666.0,-2.06,2270,1518607.0
2018-04-25,671.0,680.0,671.0,680.0,0.44,2171,1462150.0
2018-04-24,679.0,695.0,667.0,677.0,-2.17,2766,1885331.0
2018-04-23,703.0,724.0,685.0,692.0,0.29,11366,7965956.0
2018-04-22,683.0,710.0,670.0,690.0,2.99,11656,8095711.0
2018-04-19,684.0,675.0,660.0,670.0,-0.15,10591,7097378.0
2018-04-18,690.0,705.0,660.0,671.0,-1.03,8589,5849268.0
2018-04-17,625.0,682.0,622.0,678.0,9.35,12781,8399676.0
2018-04-16,605.0,637.0,603.0,620.0,4.38,3421,2103499.0
2018-04-15,592.0,606.0,592.0,594.0,-1.66,662,394730.0
2018-04-12,600.0,604.0,594.0,604.0,-0.17,916,549347.0
2018-04-11,595.0,605.0,585.0,605.0,2.37,648,383895.0
2018-04-10,590.0,600.0,580.0,591.0,-1.66,1636,964163.0
2018-04-09,614.0,625.0,601.0,601.0,-2.12,4486,2727106.0
2018-04-08,595.0,618.0,584.0,614.0,3.19,5363,3248925.0
2018-04-05,580.0,595.0,571.0,595.0,3.48,4347,2526421.0
2018-04-04,566.0,580.0,566.0,575.0,3.6,1833,1053078.0
2018-04-03,541.0,555.0,541.0,555.0,2.59,529,288589.0
2018-04-02,534.0,550.0,534.0,541.0,-0.37,1433,776325.0
2018-04-01,564.0,564.0,543.0,543.0,-3.89,2173,1188292.0
2018-03-29,565.0,565.0,549.0,565.0,1.99,1600,889272.0
2018-03-28,566.0,566.0,554.0,554.0,-3.99,939,527541.0
2018-03-27,535.0,577.0,515.0,577.0,5.87,5365,2876371.0
2018-03-26,555.0,565.0,544.0,545.0,-3.71,705,386705.0
2018-03-22,570.0,580.0,555.0,566.0,-1.91,6106,3436096.0
2018-03-21,590.0,590.0,575.0,577.0,-2.2,2598,1502888.0
2018-03-20,598.0,598.0,590.0,590.0,-1.34,3950,2345128.0
2018-03-19,600.0,601.0,598.0,598.0,-0.83,2185,1309480.0
2018-03-18,600.0,605.0,595.0,603.0,0.0,3218,1939951.0
2018-03-15,604.0,612.0,600.0,603.0,1.69,666,401937.0
2018-03-14,600.0,600.0,593.0,593.0,-1.17,800,479300.0
2018-03-13,590.0,610.0,590.0,600.0,0.0,5640,3398302.0
2018-03-12,600.0,601.0,599.0,600.0,0.0,1238,742660.0
2018-03-11,610.0,610.0,596.0,600.0,-2.6,1608,968055.0
2018-03-07,605.0,618.0,605.0,616.0,2.33,1138,697835.0
2018-03-06,588.0,614.0,586.0,602.0,1.52,1814,1083932.0
2018-03-05,615.0,615.0,580.0,593.0,-3.1,2731,1633696.0
2018-03-04,625.0,625.0,610.0,612.0,-3.92,1921,1181539.0
2018-02-28,640.0,640.0,637.0,637.0,-2.0,490,312560.0
2018-02-27,644.0,650.0,644.0,650.0,1.25,657,424394.0
2018-02-26,632.0,642.0,632.0,642.0,-0.31,429,273052.0
2018-02-25,640.0,645.0,640.0,644.0,-0.92,610,393080.0
2018-02-22,661.0,665.0,650.0,650.0,-0.15,493,323365.0
2018-02-21,660.0,660.0,651.0,651.0,-1.51,119,78369.0
2018-02-20,660.0,661.0,660.0,661.0,-1.34,155,102394.0
2018-02-18,670.0,678.0,664.0,670.0,-1.9,2018,1346774.0
2018-02-15,657.0,683.0,650.0,683.0,0.0,1302,866208.0
2018-02-14,645.0,657.0,640.0,657.0,0.0,1566,1012610.0
2018-02-12,654.0,645.0,641.0,645.0,0.0,682,438222.0
2018-02-11,644.0,654.0,645.0,654.0,0.0,394,256055.0
2018-02-08,634.0,644.0,630.0,645.0,0.0,1791,1142444.0
2018-02-07,642.0,641.0,633.0,634.0,0.0,741,472023.0
2018-02-06,646.0,642.0,635.0,642.0,0.0,1229,787833.0
2018-02-05,647.0,658.0,646.0,646.0,0.0,4148,2701533.0
2018-02-04,654.0,655.0,647.0,647.0,0.0,1329,862723.0
2018-02-01,653.0,660.0,650.0,654.0,0.0,331,216857.0
2018-01-31,656.0,660.0,652.0,653.0,0.0,762,499344.0
2018-01-29,655.0,659.0,650.0,656.0,0.0,521,340583.0
2018-01-28,665.0,660.0,653.0,655.0,0.0,769,505131.0
2018-01-25,648.0,665.0,648.0,665.0,0.0,955,627368.0
2018-01-24,640.0,648.0,629.0,648.0,0.0,1356,860781.0
2018-01-22,640.0,646.0,636.0,640.0,0.0,1164,745577.0
2018-01-21,641.0,642.0,640.0,640.0,0.0,213,136346.0
2018-01-17,640.0,645.0,635.0,641.0,0.0,2362,1514190.0
2018-01-16,648.0,650.0,640.0,640.0,0.0,739,475760.0
2018-01-14,653.0,648.0,632.0,648.0,0.0,1250,794834.0
2018-01-10,660.0,655.0,651.0,653.0,0.0,464,302271.0
2018-01-09,660.0,661.0,660.0,660.0,0.0,268,176948.0
2018-01-08,661.0,670.0,660.0,660.0,0.0,2352,1573790.0
2018-01-07,656.0,661.0,660.0,661.0,0.0,94,62063.0
2018-01-04,661.0,665.0,656.0,656.0,0.0,573,379170.0
2018-01-03,669.0,665.0,661.0,661.0,0.0,1008,667742.0
2018-01-02,674.0,685.0,669.0,669.0,0.0,205,138560.0
2018-01-01,651.0,675.0,651.0,674.0,0.0,1352,893499.0
2017-12-31,650.0,651.0,640.0,651.0,0.0,3986,2558965.0
2017-12-28,656.0,669.0,643.0,650.0,0.0,1155,750260.0
2017-12-27,666.0,670.0,651.0,656.0,0.0,1694,1110707.0
2017-12-26,685.0,675.0,662.0,666.0,0.0,670,449314.0
2017-12-24,684.0,688.0,675.0,685.0,0.0,6579,4478743.0
2017-12-21,731.0,724.0,718.0,718.0,0.0,6792,4897150.0
2017-12-20,737.0,737.0,725.0,731.0,0.0,5321,3900380.0
2017-12-19,752.0,745.0,737.0,737.0,0.0,1583,1173635.0
2017-12-18,749.0,755.0,737.0,752.0,0.0,9293,6970384.0
2017-12-17,740.0,755.0,740.0,749.0,0.0,8338,6213589.0
2017-12-14,733.0,740.0,730.0,740.0,0.0,1631,1201826.0
2017-12-13,743.0,738.0,721.0,733.0,0.0,2217,1613457.0
2017-12-12,740.0,743.0,726.0,743.0,0.0,3426,2502771.0
2017-12-11,739.0,748.0,733.0,740.0,0.0,2037,1512774.0
2017-12-10,745.0,749.0,737.0,739.0,0.0,5669,4222817.0
2017-12-06,737.0,757.0,745.0,745.0,0.0,1881,1415918.0
2017-12-05,736.0,739.0,732.0,737.0,0.0,2730,2006500.0
2017-12-04,734.0,748.0,733.0,736.0,0.0,9810,7208313.0
2017-11-30,750.0,750.0,730.0,734.0,0.0,8494,6258259.0
2017-11-29,735.0,760.0,730.0,750.0,0.0,6133,4582945.0
2017-11-28,724.0,735.0,720.0,735.0,0.0,6556,4753503.0
2017-11-27,714.0,730.0,715.0,724.0,0.0,3862,2798005.0
2017-11-26,700.0,714.0,700.0,714.0,0.0,3977,2808707.0
2017-11-23,691.0,700.0,695.0,700.0,0.0,983,687713.0
2017-11-22,681.0,691.0,690.0,691.0,0.0,43,29703.0
2017-11-21,678.0,685.0,678.0,681.0,0.0,609,414944.0
2017-11-20,685.0,690.0,678.0,678.0,0.0,386,263073.0
2017-11-19,692.0,693.0,683.0,685.0,0.0,1920,1326665.0
2017-11-16,705.0,700.0,687.0,692.0,0.0,1102,763912.0
2017-11-15,705.0,714.0,701.0,705.0,0.0,2669,1887926.0
2017-11-14,685.0,710.0,688.0,705.0,0.0,4840,3408761.0
2017-11-13,683.0,685.0,678.0,685.0,0.0,587,401028.0
2017-11-12,665.0,683.0,660.0,683.0,0.0,680,449860.0
2017-11-09,660.0,665.0,650.0,665.0,0.0,634,417075.0
2017-11-08,658.0,665.0,645.0,660.0,0.0,1816,1193260.0
2017-11-07,671.0,671.0,658.0,658.0,0.0,2305,1527893.0
2017-11-06,674.0,677.0,671.0,671.0,0.0,500,336702.0
2017-11-05,685.0,680.0,670.0,674.0,0.0,2542,1715610.0
2017-11-02,689.0,685.0,679.0,685.0,0.0,672,457625.0
2017-11-01,690.0,689.0,681.0,689.0,0.0,371,253609.0
2017-10-31,698.0,690.0,685.0,690.0,0.0,177,121880.0
2017-10-30,695.0,698.0,690.0,698.0,0.0,700,486786.0
2017-10-29,711.0,700.0,691.0,695.0,0.0,1282,889900.0
2017-10-25,690.0,711.0,677.0,711.0,0.0,2635,1818452.0
2017-10-24,701.0,715.0,690.0,690.0,0.0,827,579058.0
2017-10-23,708.0,715.0,701.0,701.0,0.0,116,81456.0
2017-10-22,710.0,725.0,705.0,708.0,0.0,1348,960064.0
2017-10-18,695.0,710.0,690.0,710.0,0.0,252,176311.0
2017-10-17,723.0,725.0,695.0,695.0,0.0,895,638527.0
2017-10-16,699.0,723.0,703.0,723.0,0.0,2847,2010851.0
2017-10-15,675.0,699.0,675.0,699.0,0.0,685,467170.0
2017-10-12,658.0,675.0,652.0,675.0,0.0,642,427622.0
2017-10-11,681.0,682.0,656.0,658.0,0.0,1217,811925.0
2017-10-10,688.0,695.0,675.0,681.0,0.0,2249,1534937.0
2017-10-09,726.0,712.0,671.0,688.0,0.0,2333,1602522.0
2017-10-08,806.0,790.0,726.0,726.0,0.0,400,292110.0
2017-10-04,808.0,807.0,795.0,806.0,0.0,9526,7664154.0
2017-10-03,790.0,813.0,798.0,808.0,0.0,327,262670.0
2017-09-26,788.0,790.0,781.0,790.0,0.0,606,476464.0
2017-09-25,780.0,790.0,780.0,788.0,0.0,672,526445.0
2017-09-24,785.0,785.0,780.0,780.0,0.0,686,538270.0
2017-09-20,783.0,790.0,765.0,785.0,0.0,404,313384.0
2017-09-18,788.0,790.0,776.0,783.0,0.0,915,713897.0
2017-09-17,780.0,795.0,785.0,788.0,0.0,355,280398.0
2017-09-14,785.0,796.0,780.0,780.0,0.0,1138,900580.0
2017-09-13,785.0,800.0,756.0,785.0,0.0,1715,1328005.0
2017-09-12,799.0,799.0,785.0,785.0,0.0,693,545184.0
2017-09-11,775.0,799.0,770.0,799.0,0.0,3480,2728926.0
2017-09-10,794.0,797.0,775.0,775.0,0.0,2330,1838889.0
2017-09-07,787.0,808.0,778.0,794.0,0.0,2769,2215129.0
2017-09-06,786.0,805.0,785.0,787.0,0.0,5166,4108507.0
2017-09-04,804.0,804.0,775.0,786.0,0.0,2891,2272739.0
2017-08-31,810.0,810.0,800.0,804.0,0.0,1348,1085160.0
2017-08-30,802.0,820.0,800.0,810.0,0.0,3295,2658807.0
2017-08-28,815.0,810.0,800.0,802.0,0.0,1000,804924.0
2017-08-27,810.0,815.0,807.0,815.0,0.0,2613,2116145.0
2017-08-24,814.0,815.0,806.0,810.0,0.0,890,721125.0
2017-08-23,814.0,818.0,805.0,814.0,0.0,722,587132.0
2017-08-22,820.0,830.0,810.0,814.0,0.0,752,613903.0
2017-08-21,815.0,820.0,807.0,820.0,0.0,1150,932149.0
2017-08-20,820.0,820.0,812.0,815.0,0.0,1465,1194718.0
2017-08-17,821.0,825.0,807.0,820.0,0.0,2163,1775884.0
2017-08-16,825.0,841.0,820.0,821.0,0.0,3488,2885606.0
2017-08-15,839.0,840.0,825.0,825.0,0.0,2851,2368569.0
2017-08-13,847.0,843.0,835.0,839.0,0.0,2597,2176065.0
2017-08-10,828.0,865.0,820.0,847.0,0.0,5787,4922103.0
2017-08-09,833.0,854.0,825.0,828.0,0.0,12429,10371191.0
2017-08-07,869.0,870.0,833.0,833.0,0.0,5795,4937675.0
2017-08-06,868.0,880.0,855.0,869.0,0.0,7216,6235407.0
2017-08-03,898.0,895.0,865.0,868.0,0.0,9037,7913568.0
2017-08-02,879.0,905.0,879.0,898.0,0.0,29918,26689816.0
2017-08-01,827.0,880.0,823.0,879.0,0.0,28276,24177710.0
2017-07-31,825.0,841.0,824.0,827.0,0.0,3579,2974800.0
2017-07-30,819.0,828.0,810.0,825.0,0.0,6487,5312621.0
2017-07-27,790.0,850.0,785.0,819.0,0.0,9468,7756034.0
2017-07-26,785.0,794.0,785.0,790.0,0.0,667,525514.0
2017-07-25,800.0,802.0,785.0,785.0,0.0,3005,2367642.0
2017-07-24,800.0,801.0,796.0,800.0,0.0,1252,1000652.0
2017-07-23,805.0,809.0,780.0,800.0,0.0,2574,2052601.0
2017-07-20,814.0,821.0,799.0,805.0,0.0,1955,1568725.0
2017-07-19,820.0,825.0,812.0,814.0,0.0,5523,4514617.0
2017-07-18,800.0,820.0,807.0,820.0,0.0,12481,10164993.0
2017-07-17,774.0,800.0,779.0,800.0,0.0,2635,2090592.0
2017-07-16,775.0,787.0,774.0,774.0,0.0,420,326973.0
2017-07-13,782.0,800.0,766.0,775.0,0.0,9247,7159197.0
2017-07-12,778.0,783.0,758.0,782.0,0.0,6201,4796607.0
2017-07-11,799.0,790.0,775.0,778.0,0.0,4396,3430140.0
2017-07-10,780.0,810.0,795.0,799.0,0.0,2484,1986939.0
2017-07-09,813.0,845.0,764.0,780.0,0.0,5328,4320383.0
2017-07-06,821.0,825.0,790.0,813.0,0.0,2994,2415699.0
2017-07-05,770.0,821.0,755.0,821.0,0.0,3414,2699040.0
2017-07-04,765.0,774.0,765.0,770.0,0.0,1406,1082572.0
2017-07-03,755.0,780.0,755.0,765.0,0.0,1149,890166.0
2017-07-02,781.0,770.0,755.0,755.0,0.0,1847,1400302.0
2017-06-28,781.0,781.0,781.0,781.0,0.0,162,126531.0
2017-06-27,780.0,787.0,780.0,781.0,0.0,2869,2244538.0
2017-06-25,775.0,789.0,775.0,780.0,0.0,784,609542.0
2017-06-22,777.0,785.0,774.0,775.0,0.0,1088,846735.0
2017-06-21,780.0,777.0,770.0,777.0,0.0,300,231538.0
2017-06-20,770.0,781.0,755.0,780.0,0.0,2691,2053985.0
2017-06-19,791.0,790.0,764.0,770.0,0.0,1884,1458516.0
2017-06-18,803.0,800.0,789.0,791.0,0.0,182,144862.0
2017-06-15,800.0,810.0,786.0,803.0,0.0,3491,2798649.0
2017-06-14,800.0,810.0,785.0,800.0,0.0,1000,794782.0
2017-06-13,805.0,821.0,800.0,800.0,0.0,1780,1434802.0
2017-06-12,820.0,810.0,796.0,805.0,0.0,1322,1060866.0
2017-06-11,820.0,836.0,805.0,820.0,0.0,3190,2580289.0
2017-06-08,825.0,825.0,809.0,820.0,0.0,4898,4013300.0
2017-06-07,840.0,856.0,822.0,825.0,0.0,4737,3953666.0
2017-06-06,804.0,855.0,816.0,840.0,0.0,7268,6090140.0
2017-06-05,804.0,806.0,790.0,804.0,0.0,1064,852600.0
2017-06-04,815.0,825.0,800.0,804.0,0.0,1853,1499150.0
2017-06-01,817.0,835.0,804.0,815.0,0.0,1200,981211.0
2017-05-31,785.0,817.0,770.0,817.0,0.0,1709,1362540.0
2017-05-30,801.0,800.0,780.0,785.0,0.0,1805,1417585.0
2017-05-28,810.0,826.0,800.0,801.0,0.0,2139,1726757.0
2017-05-24,800.0,835.0,785.0,810.0,0.0,2691,2142212.0
2017-05-23,810.0,845.0,792.0,800.0,0.0,4799,3872294.0
2017-05-22,816.0,815.0,805.0,810.0,0.0,1285,1042971.0
2017-05-21,830.0,830.0,816.0,816.0,0.0,1971,1618150.0
2017-05-18,821.0,830.0,819.0,830.0,0.0,2476,2041673.0
2017-05-17,827.0,830.0,820.0,821.0,0.0,9827,8072575.0
2017-05-16,839.0,843.0,826.0,827.0,0.0,1513,1261630.0
2017-05-15,845.0,840.0,830.0,839.0,0.0,1678,1403052.0
2017-05-11,830.0,846.0,836.0,845.0,0.0,907,763163.0
2017-05-09,822.0,830.0,816.0,830.0,0.0,2209,1820597.0
2017-05-08,810.0,826.0,811.0,822.0,0.0,129,105869.0
2017-05-07,818.0,827.0,810.0,810.0,0.0,2257,1837865.0
2017-05-04,833.0,836.0,818.0,818.0,0.0,5043,4159763.0
2017-05-03,840.0,858.0,833.0,833.0,0.0,2607,2207259.0
2017-05-02,835.0,851.0,820.0,840.0,0.0,2636,2223963.0
2017-04-30,850.0,852.0,834.0,835.0,0.0,2022,1701516.0
2017-04-27,860.0,879.0,837.0,850.0,0.0,6095,5219388.0
2017-04-26,839.0,894.0,837.0,860.0,0.0,4273,3621826.0
2017-04-25,826.0,860.0,825.0,839.0,0.0,2975,2508633.0
2017-04-24,844.0,850.0,820.0,826.0,0.0,3718,3104015.0
2017-04-23,812.0,890.0,828.0,844.0,0.0,3674,3149433.0
2017-04-20,840.0,843.0,811.0,812.0,0.0,2822,2313116.0
2017-04-19,805.0,840.0,790.0,840.0,0.0,3698,3033135.0
2017-04-18,845.0,829.0,800.0,805.0,0.0,3555,2881946.0
2017-04-16,872.0,880.0,829.0,845.0,0.0,3460,2925079.0
2017-04-13,877.0,880.0,842.0,872.0,0.0,6420,5553485.0
2017-04-12,886.0,900.0,877.0,877.0,0.0,11128,9855608.0
2017-04-11,894.0,925.0,856.0,886.0,0.0,10892,9762786.0
2017-04-10,870.0,915.0,825.0,894.0,0.0,9597,8577680.0
2017-04-09,830.0,897.0,814.0,870.0,0.0,4278,3653216.0
2017-04-06,844.0,836.0,815.0,830.0,0.0,5001,4115952.0
2017-04-04,885.0,895.0,840.0,844.0,0.0,8582,7398511.0
2017-04-03,905.0,959.0,829.0,885.0,0.0,6648,5990567.0
2017-04-02,829.0,910.0,830.0,905.0,0.0,9608,8498768.0
2017-03-30,830.0,861.0,800.0,829.0,0.0,7798,6447525.0
2017-03-29,856.0,907.0,830.0,830.0,0.0,13258,11412585.0
2017-03-28,779.0,856.0,781.0,856.0,0.0,16088,13293806.0
2017-03-26,718.0,789.0,732.0,779.0,0.0,8018,6175837.0
2017-03-23,745.0,759.0,703.0,718.0,0.0,10668,7816147.0
2017-03-22,695.0,764.0,708.0,745.0,0.0,25554,19340348.0
2017-03-21,632.0,695.0,633.0,695.0,0.0,12255,8129134.0
2017-03-20,575.0,632.0,586.0,632.0,0.0,6349,3902540.0
2017-03-19,554.0,576.0,565.0,575.0,0.0,738,422860.0
2017-03-16,565.0,560.0,554.0,554.0,0.0,246,136580.0
2017-03-15,560.0,565.0,544.0,565.0,0.0,600,327760.0
2017-03-14,568.0,570.0,557.0,560.0,0.0,910,513570.0
2017-03-13,560.0,570.0,560.0,568.0,0.0,728,410768.0
2017-03-09,556.0,566.0,560.0,560.0,0.0,170,95510.0
2017-03-07,560.0,562.0,540.0,556.0,0.0,1721,955711.0
2017-03-06,575.0,586.0,560.0,560.0,0.0,3569,2033355.0
2017-03-05,560.0,583.0,555.0,575.0,0.0,2607,1477326.0
2017-03-02,545.0,561.0,540.0,560.0,0.0,2624,1443510.0
2017-03-01,540.0,545.0,545.0,545.0,0.0,580,316100.0
2017-02-28,549.0,549.0,540.0,540.0,0.0,35,19035.0
2017-02-26,553.0,553.0,548.0,549.0,0.0,759,417737.0
2017-02-23,565.0,555.0,553.0,553.0,0.0,1338,740964.0
2017-02-22,556.0,567.0,556.0,565.0,0.0,903,509385.0
2017-02-21,570.0,576.0,555.0,556.0,0.0,4063,2304633.0
2017-02-20,583.0,594.0,568.0,570.0,0.0,5914,3424515.0
2017-02-19,580.0,583.0,560.0,583.0,0.0,2242,1287174.0
2017-02-16,550.0,580.0,539.0,580.0,0.0,2072,1144427.0
2017-02-15,511.0,555.0,502.0,550.0,0.0,3021,1575639.0
2017-02-14,515.0,514.0,507.0,511.0,0.0,460,234400.0
2017-02-13,510.0,515.0,491.0,515.0,0.0,4693,2334954.0
2017-02-12,530.0,520.0,500.0,510.0,0.0,1957,998604.0
2017-02-09,533.0,530.0,530.0,530.0,0.0,50,26500.0
2017-02-08,558.0,548.0,526.0,533.0,0.0,2688,1430646.0
2017-02-07,545.0,558.0,537.0,558.0,0.0,1712,928899.0
2017-02-06,570.0,560.0,542.0,545.0,0.0,767,424792.0
2017-02-05,561.0,570.0,570.0,570.0,0.0,146,83220.0
2017-02-02,561.0,571.0,557.0,561.0,0.0,2398,1353408.0
2017-02-01,520.0,561.0,530.0,561.0,0.0,121,65700.0
2017-01-31,520.0,530.0,520.0,520.0,0.0,1379,722990.0
2017-01-30,550.0,550.0,520.0,520.0,0.0,3975,2093402.0
2017-01-26,560.0,565.0,548.0,550.0,0.0,5778,3200505.0
2017-01-25,597.0,586.0,560.0,560.0,0.0,337,194038.0
2017-01-23,603.0,609.0,597.0,597.0,0.0,184,111504.0
2017-01-22,600.0,604.0,603.0,603.0,0.0,210,126640.0
2017-01-19,600.0,600.0,588.0,600.0,0.0,1475,873570.0
2017-01-18,592.0,600.0,590.0,600.0,0.0,800,474750.0
2017-01-17,590.0,592.0,592.0,592.0,0.0,70,41440.0
2017-01-16,605.0,600.0,585.0,590.0,0.0,1313,771635.0
2017-01-15,601.0,605.0,605.0,605.0,0.0,290,175450.0
2017-01-12,595.0,606.0,601.0,601.0,0.0,123,74038.0
2017-01-11,615.0,610.0,595.0,595.0,0.0,900,543550.0
2017-01-10,590.0,615.0,601.0,615.0,0.0,129,78704.0
2017-01-09,595.0,618.0,590.0,590.0,0.0,240,143570.0
2017-01-08,590.0,595.0,590.0,595.0,0.0,320,189800.0
2017-01-05,605.0,595.0,590.0,590.0,0.0,677,399833.0
2017-01-04,600.0,605.0,590.0,605.0,0.0,359,213705.0
2017-01-03,624.0,625.0,600.0,600.0,0.0,2139,1297320.0
2017-01-02,600.0,624.0,605.0,624.0,0.0,1588,977226.0
2017-01-01,569.0,609.0,580.0,600.0,0.0,1067,640698.0
2016-12-29,558.0,597.0,555.0,569.0,0.0,1337,782052.0
2016-12-28,559.0,571.0,545.0,558.0,0.0,1675,929515.0
2016-12-27,575.0,570.0,543.0,559.0,0.0,1222,677085.0
2016-12-26,661.0,665.0,630.0,632.0,0.0,5586,3618330.0
2016-12-22,659.0,670.0,650.0,661.0,0.0,2122,1401274.0
2016-12-21,661.0,670.0,644.0,659.0,0.0,3664,2398950.0
2016-12-20,668.0,668.0,660.0,661.0,0.0,2371,1573895.0
2016-12-19,670.0,670.0,657.0,668.0,0.0,3074,2037199.0
2016-12-18,672.0,675.0,660.0,670.0,0.0,1092,733165.0
2016-12-15,678.0,675.0,670.0,672.0,0.0,539,362705.0
2016-12-14,665.0,680.0,643.0,678.0,0.0,1712,1137257.0
2016-12-12,657.0,665.0,645.0,665.0,0.0,139,91335.0
2016-12-11,664.0,675.0,657.0,657.0,0.0,2376,1580698.0
2016-12-08,660.0,676.0,650.0,664.0,0.0,2764,1836682.0
2016-12-07,665.0,691.0,650.0,660.0,0.0,2879,1901940.0
2016-12-06,666.0,679.0,664.0,665.0,0.0,4222,2823787.0
2016-12-05,689.0,686.0,666.0,666.0,0.0,2116,1423556.0
2016-12-04,700.0,700.0,673.0,689.0,0.0,1683,1166329.0
2016-12-01,715.0,750.0,700.0,700.0,0.0,5652,4078858.0
2016-11-30,680.0,718.0,686.0,715.0,0.0,5102,3593019.0
2016-11-29,667.0,692.0,641.0,680.0,0.0,4163,2787873.0
2016-11-28,630.0,667.0,600.0,667.0,0.0,5163,3230383.0
2016-11-27,650.0,653.0,630.0,630.0,0.0,6352,4082952.0
2016-11-24,663.0,716.0,650.0,650.0,0.0,4148,2761222.0
2016-11-23,680.0,673.0,658.0,663.0,0.0,5708,3796339.0
2016-11-22,680.0,689.0,676.0,680.0,0.0,4790,3272281.0
2016-11-21,680.0,693.0,675.0,680.0,0.0,5591,3824953.0
2016-11-20,725.0,715.0,675.0,680.0,0.0,9163,6274402.0
2016-11-17,753.0,752.0,725.0,725.0,0.0,2970,2172188.0
2016-11-16,760.0,780.0,753.0,753.0,0.0,2181,1662404.0
2016-11-15,779.0,780.0,755.0,760.0,0.0,4435,3409435.0
2016-11-14,799.0,786.0,770.0,779.0,0.0,2936,2289789.0
2016-11-13,781.0,799.0,770.0,799.0,0.0,1327,1036676.0
2016-11-10,795.0,800.0,781.0,781.0,0.0,2286,1798452.0
2016-11-09,843.0,840.0,795.0,795.0,0.0,4842,3927682.0
2016-11-08,870.0,860.0,843.0,843.0,0.0,2258,1908578.0
2016-11-07,888.0,905.0,870.0,870.0,0.0,402,352757.0
2016-11-03,855.0,888.0,825.0,888.0,0.0,1230,1069178.0
2016-10-27,840.0,855.0,835.0,855.0,0.0,2972,2499316.0
2016-10-26,850.0,850.0,833.0,840.0,0.0,1759,1473640.0
2016-10-25,850.0,865.0,847.0,850.0,0.0,1124,957978.0
2016-10-24,866.0,860.0,850.0,850.0,0.0,4181,3568326.0
2016-10-23,877.0,879.0,860.0,866.0,0.0,689,599833.0
2016-10-20,871.0,902.0,875.0,877.0,0.0,1753,1548334.0
2016-10-19,888.0,880.0,871.0,871.0,0.0,1654,1443354.0
2016-10-18,880.0,888.0,864.0,888.0,0.0,1125,993445.0
2016-10-17,899.0,895.0,880.0,880.0,0.0,564,499828.0
2016-10-06,880.0,925.0,896.0,899.0,0.0,996,901372.0
2016-10-05,880.0,880.0,860.0,880.0,0.0,2335,2022180.0
2016-10-04,881.0,885.0,865.0,880.0,0.0,866,757785.0
2016-10-03,880.0,881.0,865.0,881.0,0.0,728,637318.0
2016-10-02,880.0,887.0,870.0,880.0,0.0,839,736195.0
2016-09-29,900.0,890.0,875.0,880.0,0.0,5825,5140911.0
2016-09-28,900.0,918.0,882.0,900.0,0.0,637,570679.0
2016-09-27,902.0,920.0,895.0,900.0,0.0,608,548853.0
2016-09-26,881.0,918.0,883.0,902.0,0.0,2022,1814971.0
2016-09-25,913.0,910.0,880.0,881.0,0.0,2777,2467819.0
2016-09-22,900.0,948.0,895.0,913.0,0.0,2863,2625062.0
2016-09-21,910.0,910.0,892.0,900.0,0.0,2203,1978848.0
2016-09-20,920.0,910.0,900.0,910.0,0.0,5300,4789819.0
2016-09-18,934.0,930.0,909.0,920.0,0.0,3781,3462393.0
2016-09-14,950.0,950.0,932.0,934.0,0.0,560,525610.0
2016-09-12,950.0,964.0,948.0,950.0,0.0,2013,1923692.0
2016-09-11,979.0,980.0,940.0,950.0,0.0,1543,1477990.0
2016-09-08,946.0,979.0,946.0,979.0,0.0,349,332611.0
2016-09-07,955.0,960.0,940.0,946.0,0.0,6463,6145386.0
2016-09-06,950.0,968.0,940.0,955.0,0.0,4936,4702207.0
2016-09-05,950.0,960.0,936.0,950.0,0.0,2669,2532931.0
2016-09-04,961.0,985.0,950.0,950.0,0.0,3862,3708181.0
2016-09-03,961.0,985.0,950.0,950.0,0.0,3862,3708181.0
2016-09-01,956.0,1000.0,945.0,961.0,0.0,2391,2339739.0
2016-08-31,975.0,985.0,956.0,956.0,0.0,2384,2323605.0
2016-08-30,980.0,995.0,968.0,975.0,0.0,2127,2083150.0
2016-08-29,965.0,984.0,946.0,980.0,0.0,2185,2111681.0
2016-08-28,938.0,1006.0,945.0,965.0,0.0,2363,2267042.0
2016-08-24,915.0,940.0,920.0,938.0,0.0,3084,2864933.0
2016-08-23,957.0,951.0,900.0,915.0,0.0,6072,5587051.0
2016-08-22,991.0,975.0,956.0,957.0,0.0,2126,2048982.0
2016-08-21,995.0,1000.0,990.0,991.0,0.0,2204,2198087.0
2016-08-17,985.0,1005.0,992.0,995.0,0.0,7547,7529640.0
2016-08-16,961.0,990.0,942.0,985.0,0.0,3504,3416987.0
2016-08-15,1010.0,1001.0,934.0,961.0,0.0,7877,7573513.0
2016-08-14,1081.0,1070.0,990.0,1010.0,0.0,12052,12302819.0
2016-08-11,1120.0,1125.0,1071.0,1081.0,0.0,5599,6085748.0
2016-08-10,1120.0,1164.0,1112.0,1120.0,0.0,4055,4591158.0
2016-08-09,1051.0,1120.0,1072.0,1120.0,0.0,1998,2224652.0
2016-08-08,1122.0,1128.0,1051.0,1051.0,0.0,3328,3636709.0
2016-08-07,1118.0,1190.0,1110.0,1122.0,0.0,3757,4327316.0
2016-08-04,1163.0,1160.0,1118.0,1118.0,0.0,8755,9964657.0
2016-08-03,1210.0,1210.0,1147.0,1163.0,0.0,4748,5542370.0
2016-08-02,1216.0,1216.0,1192.0,1210.0,0.0,1881,2256886.0
2016-08-01,1255.0,1232.0,1211.0,1216.0,0.0,2194,2691655.0
2016-07-31,1240.0,1289.0,1231.0,1255.0,0.0,3169,3996729.0
2016-07-28,1250.0,1300.0,1236.0,1240.0,0.0,7098,8866313.0
2016-07-27,1205.0,1265.0,1200.0,1250.0,0.0,11533,14399936.0
2016-07-26,1185.0,1220.0,1165.0,1205.0,0.0,9350,11213743.0
2016-07-25,1157.0,1190.0,1160.0,1185.0,0.0,6787,7990184.0
2016-07-21,1150.0,1166.0,1130.0,1157.0,0.0,6669,7683648.0
2016-07-20,1170.0,1177.0,1141.0,1150.0,0.0,10863,12547446.0
2016-07-19,1200.0,1240.0,1151.0,1170.0,0.0,13946,16413571.0
2016-07-18,1250.0,1250.0,1125.0,1200.0,0.0,39093,45926748.0
2016-07-17,1388.0,1361.0,1250.0,1250.0,0.0,4421,5552516.0
2016-07-14,1361.0,1497.0,1388.0,1388.0,0.0,37745,54794776.0
2016-07-13,1425.0,1400.0,1340.0,1361.0,0.0,14145,19502980.0
2016-07-12,1484.0,1488.0,1340.0,1425.0,0.0,16208,22952376.0
2016-07-11,1575.0,1599.0,1462.0,1484.0,0.0,12759,19028220.0
2016-07-10,1510.0,1655.0,1530.0,1575.0,0.0,26615,41855992.0
2016-07-06,1560.0,1581.0,1500.0,1510.0,0.0,20436,31125904.0
2016-07-05,1650.0,1630.0,1550.0,1560.0,0.0,30763,48309752.0
2016-07-04,1624.0,1728.0,1621.0,1650.0,0.0,47032,79683560.0
2016-07-03,1477.0,1624.0,1500.0,1624.0,0.0,53413,83599336.0
2016-06-30,1396.0,1509.0,1423.0,1477.0,0.0,31934,46768720.0
2016-06-29,1290.0,1409.0,1300.0,1396.0,0.0,39383,53980356.0
2016-06-28,1285.0,1300.0,1270.0,1290.0,0.0,10960,14094725.0
2016-06-27,1285.0,1295.0,1260.0,1285.0,0.0,6366,8135085.0
2016-06-26,1301.0,1305.0,1265.0,1285.0,0.0,7786,10024955.0
2016-06-23,1300.0,1314.0,1287.0,1301.0,0.0,13208,17169716.0
2016-06-22,1305.0,1331.0,1282.0,1300.0,0.0,10881,14165258.0
2016-06-21,1305.0,1330.0,1280.0,1305.0,0.0,16843,22095632.0
2016-06-20,1360.0,1387.0,1300.0,1305.0,0.0,15586,20658840.0
2016-06-19,1344.0,1430.0,1280.0,1360.0,0.0,22648,31250828.0
2016-06-16,1222.0,1344.0,1233.0,1344.0,0.0,34491,44073928.0
2016-06-15,1224.0,1260.0,1200.0,1222.0,0.0,29741,36561704.0
2016-06-14,1166.0,1240.0,1180.0,1224.0,0.0,109481,133415760.0
2016-06-13,1060.0,1166.0,1041.0,1166.0,0.0,48540,54478488.0
2016-06-12,1026.0,1090.0,1025.0,1060.0,0.0,9304,9923344.0
2016-06-09,1030.0,1044.0,1026.0,1026.0,0.0,7893,8186810.0
2016-06-08,1028.0,1042.0,1028.0,1030.0,0.0,2221,2300246.0
2016-06-07,1020.0,1042.0,1025.0,1028.0,0.0,2787,2875597.0
2016-06-06,1019.0,1038.0,1000.0,1020.0,0.0,4127,4212730.0
2016-06-05,1070.0,1050.0,1011.0,1019.0,0.0,7698,7948697.0
2016-06-02,1055.0,1090.0,1040.0,1070.0,0.0,14931,15745697.0
2016-06-01,1050.0,1078.0,1050.0,1055.0,0.0,16935,17976980.0
2016-05-31,1068.0,1070.0,1048.0,1050.0,0.0,5127,5418309.0
2016-05-30,1081.0,1083.0,1060.0,1068.0,0.0,1639,1747564.0
2016-05-29,1091.0,1096.0,1070.0,1081.0,0.0,7576,8181796.0
2016-05-26,1090.0,1100.0,1045.0,1091.0,0.0,11575,12494280.0
2016-05-25,1070.0,1140.0,1045.0,1090.0,0.0,35055,38129024.0
2016-05-24,1005.0,1091.0,1020.0,1070.0,0.0,31254,33001316.0
2016-05-23,1004.0,1005.0,990.0,1005.0,0.0,7753,7743581.0
2016-05-22,985.0,1004.0,981.0,1004.0,0.0,3974,3935803.0
2016-05-19,990.0,1010.0,985.0,985.0,0.0,6229,6212933.0
2016-05-18,1010.0,1005.0,990.0,990.0,0.0,6078,6059390.0
2016-05-17,996.0,1010.0,996.0,1010.0,0.0,7664,7703919.0
2016-05-16,995.0,1000.0,990.0,996.0,0.0,1892,1883334.0
2016-05-15,999.0,1009.0,990.0,995.0,0.0,2410,2402392.0
2016-05-12,1000.0,1005.0,991.0,999.0,0.0,1244,1242492.0
2016-05-11,1007.0,1010.0,931.0,1000.0,0.0,2418,2414948.0
2016-05-10,1000.0,1020.0,1000.0,1007.0,0.0,5425,5467247.0
2016-05-09,999.0,1018.0,982.0,1000.0,0.0,8100,8072002.0
2016-05-04,1002.0,1001.0,985.0,999.0,0.0,6260,6232966.0
2016-05-03,1027.0,1026.0,1000.0,1002.0,0.0,5816,5874422.0
2016-05-02,1000.0,1041.0,1011.0,1027.0,0.0,5275,5385119.0
2016-04-28,1000.0,1040.0,1000.0,1000.0,0.0,16405,16666355.0
2016-04-27,982.0,1020.0,982.0,1000.0,0.0,17117,17057424.0
2016-04-26,984.0,1000.0,981.0,982.0,0.0,3288,3248493.0
2016-04-25,979.0,984.0,970.0,984.0,0.0,890,867954.0
2016-04-24,983.0,979.0,960.0,979.0,0.0,2364,2304908.0
2016-04-21,982.0,1000.0,982.0,983.0,0.0,6160,6086270.0
2016-04-20,994.0,989.0,982.0,982.0,0.0,2215,2181660.0
2016-04-19,987.0,1020.0,986.0,994.0,0.0,5481,5431119.0
2016-04-18,975.0,994.0,976.0,987.0,0.0,3559,3517849.0
2016-04-17,979.0,980.0,970.0,975.0,0.0,2658,2594269.0
2016-04-14,970.0,980.0,961.0,979.0,0.0,2209,2138733.0
2016-04-12,968.0,970.0,966.0,970.0,0.0,214,206889.0
2016-04-11,970.0,975.0,962.0,968.0,0.0,1518,1474297.0
2016-04-10,963.0,982.0,963.0,970.0,0.0,906,878374.0
2016-04-06,980.0,975.0,963.0,963.0,0.0,74,71430.0
2016-04-05,1001.0,990.0,975.0,980.0,0.0,1111,1090285.0
2016-04-04,965.0,1001.0,960.0,1001.0,0.0,2462,2403074.0
2016-04-03,962.0,966.0,948.0,965.0,0.0,5267,5023715.0
2016-03-31,960.0,969.0,945.0,962.0,0.0,2320,2229678.0
2016-03-30,963.0,975.0,955.0,960.0,0.0,3248,3128963.0
2016-03-29,966.0,963.0,955.0,963.0,0.0,1847,1772669.0
2016-03-28,975.0,975.0,960.0,966.0,0.0,5200,5011003.0
2016-03-27,977.0,980.0,964.0,975.0,0.0,5372,5217173.0
2016-03-24,985.0,990.0,972.0,977.0,0.0,5631,5539152.0
2016-03-23,982.0,999.0,967.0,985.0,0.0,2401,2375656.0
2016-03-21,1000.0,1010.0,981.0,982.0,0.0,3618,3588109.0
2016-03-20,1000.0,1013.0,991.0,1000.0,0.0,7014,7006789.0
2016-03-17,1004.0,1017.0,1000.0,1000.0,0.0,16786,16934548.0
2016-03-16,1000.0,1038.0,1001.0,1004.0,0.0,8204,8315632.0
2016-03-15,995.0,1014.0,951.0,1000.0,0.0,13412,13202061.0
2016-03-14,1034.0,1015.0,985.0,995.0,0.0,13527,13508432.0
2016-03-13,1090.0,1105.0,1025.0,1034.0,0.0,16395,16983062.0
2016-03-10,1071.0,1125.0,1063.0,1090.0,0.0,22735,24574644.0
2016-03-06,1070.0,1124.0,1040.0,1071.0,0.0,26925,28884928.0
2016-03-03,1000.0,1090.0,1006.0,1070.0,0.0,48630,51019252.0
2016-03-02,918.0,1000.0,923.0,1000.0,0.0,60895,59246448.0
2016-03-01,885.0,918.0,888.0,918.0,0.0,29289,26421820.0
2016-02-29,836.0,910.0,845.0,885.0,0.0,15398,13572023.0
2016-02-28,842.0,846.0,835.0,836.0,0.0,4331,3640692.0
2016-02-25,805.0,842.0,795.0,842.0,0.0,1777,1433039.0
2016-02-24,812.0,811.0,800.0,805.0,0.0,2683,2164204.0
2016-02-23,825.0,820.0,810.0,812.0,0.0,4122,3361172.0
2016-02-22,840.0,830.0,823.0,825.0,0.0,846,697609.0
2016-02-21,833.0,849.0,809.0,840.0,0.0,1270,1050386.0
2016-02-18,835.0,839.0,820.0,833.0,0.0,3127,2584758.0
2016-02-17,831.0,835.0,799.0,835.0,0.0,4637,3808012.0
2016-02-16,835.0,831.0,814.0,831.0,0.0,4735,3903950.0
2016-02-15,830.0,840.0,813.0,835.0,0.0,4579,3742194.0
2016-02-14,825.0,840.0,787.0,830.0,0.0,8053,6511207.0
2016-02-11,886.0,870.0,825.0,825.0,0.0,12381,10458391.0
2016-02-08,930.0,939.0,865.0,886.0,0.0,21226,18843864.0
2016-02-07,856.0,941.0,856.0,930.0,0.0,56928,52734832.0
2016-02-04,779.0,856.0,794.0,856.0,0.0,12548,10712624.0
2016-02-03,709.0,779.0,715.0,779.0,0.0,24553,18585024.0
2016-02-02,690.0,730.0,695.0,709.0,0.0,12761,9153339.0
2016-02-01,680.0,700.0,680.0,690.0,0.0,2768,1920470.0
2016-01-31,679.0,690.0,680.0,680.0,0.0,948,648486.0
2016-01-28,682.0,685.0,678.0,679.0,0.0,5873,3998769.0
2016-01-27,683.0,696.0,682.0,682.0,0.0,2338,1606756.0
2016-01-26,678.0,685.0,678.0,683.0,0.0,2176,1481380.0
2016-01-25,683.0,705.0,675.0,678.0,0.0,3118,2120140.0
2016-01-24,685.0,704.0,683.0,683.0,0.0,1775,1219319.0
2016-01-21,698.0,690.0,685.0,685.0,0.0,953,654980.0
2016-01-20,691.0,702.0,687.0,698.0,0.0,5968,4157208.0
2016-01-19,678.0,691.0,662.0,691.0,0.0,1932,1311448.0
2016-01-18,701.0,690.0,674.0,678.0,0.0,1428,973223.0
2016-01-17,701.0,710.0,674.0,701.0,0.0,6268,4319986.0
2016-01-14,657.0,701.0,665.0,701.0,0.0,5000,3365740.0
2016-01-13,653.0,657.0,645.0,657.0,0.0,603,392245.0
2016-01-12,650.0,656.0,638.0,653.0,0.0,260,169524.0
2016-01-11,660.0,650.0,650.0,650.0,0.0,36,23400.0
2016-01-10,657.0,668.0,660.0,660.0,0.0,1318,872339.0
2016-01-07,660.0,657.0,645.0,657.0,0.0,159,103865.0
2016-01-06,674.0,670.0,654.0,660.0,0.0,1172,776933.0
2016-01-05,686.0,690.0,674.0,674.0,0.0,1070,732710.0
2016-01-04,689.0,690.0,680.0,686.0,0.0,1490,1016830.0
2016-01-03,660.0,702.0,672.0,689.0,0.0,5168,3525965.0
2015-12-31,650.0,663.0,650.0,660.0,0.0,1614,1060080.0
2015-12-29,629.0,650.0,641.0,650.0,0.0,245,158375.0
2015-12-24,686.0,705.0,680.0,692.0,0.0,9141,6325658.0
2015-12-23,700.0,699.0,686.0,686.0,0.0,1687,1163031.0
2015-12-22,698.0,725.0,690.0,700.0,0.0,2637,1861184.0
2015-12-21,681.0,700.0,689.0,698.0,0.0,2360,1643336.0
2015-12-20,663.0,693.0,675.0,681.0,0.0,3200,2166124.0
2015-12-17,680.0,667.0,650.0,663.0,0.0,879,581098.0
2015-12-16,680.0,680.0,675.0,680.0,0.0,558,378440.0
2015-12-15,684.0,680.0,661.0,680.0,0.0,1221,817295.0
2015-12-14,685.0,684.0,677.0,684.0,0.0,224,151962.0
2015-12-13,714.0,700.0,685.0,685.0,0.0,793,552070.0
2015-12-10,693.0,729.0,680.0,714.0,0.0,8399,5971807.0
2015-12-09,655.0,693.0,668.0,693.0,0.0,2615,1773391.0
2015-12-08,643.0,655.0,631.0,655.0,0.0,1718,1113430.0
2015-12-07,620.0,643.0,631.0,643.0,0.0,945,599229.0
2015-12-06,629.0,641.0,620.0,620.0,0.0,446,277696.0
2015-12-03,629.0,629.0,610.0,629.0,0.0,1691,1047822.0
2015-12-01,605.0,629.0,605.0,629.0,0.0,952,579284.0
2015-11-30,590.0,605.0,601.0,605.0,0.0,111,66755.0
2015-11-29,598.0,590.0,586.0,590.0,0.0,384,226334.0
2015-11-26,610.0,600.0,598.0,598.0,0.0,1112,665277.0
2015-11-25,615.0,610.0,607.0,610.0,0.0,57,34671.0
2015-11-24,632.0,620.0,609.0,615.0,0.0,2584,1582417.0
2015-11-23,620.0,632.0,632.0,632.0,0.0,166,104912.0
2015-11-22,639.0,635.0,615.0,620.0,0.0,598,376011.0
2015-11-19,688.0,675.0,639.0,639.0,0.0,356,233716.0
2015-11-16,662.0,688.0,675.0,688.0,0.0,72,49068.0
2015-11-15,675.0,662.0,662.0,662.0,0.0,62,41044.0
2015-11-10,655.0,675.0,655.0,675.0,0.0,1217,807109.0
2015-11-09,639.0,655.0,639.0,655.0,0.0,246,158628.0
2015-11-08,640.0,639.0,635.0,639.0,0.0,64,40784.0
2015-11-05,639.0,640.0,640.0,640.0,0.0,36,23040.0
2015-11-04,635.0,647.0,639.0,639.0,0.0,168,108408.0
2015-11-03,625.0,638.0,635.0,635.0,0.0,375,238875.0
2015-11-01,623.0,625.0,616.0,625.0,0.0,70,43417.0
2015-10-29,605.0,623.0,611.0,623.0,0.0,632,391932.0
2015-10-28,635.0,623.0,600.0,605.0,0.0,1447,876173.0
2015-10-27,645.0,635.0,635.0,635.0,0.0,70,44450.0
2015-10-18,685.0,675.0,645.0,645.0,0.0,532,345570.0
2015-10-14,695.0,685.0,680.0,685.0,0.0,483,329856.0
2015-10-11,695.0,695.0,695.0,695.0,0.0,24,16680.0
2015-10-08,690.0,695.0,685.0,695.0,0.0,2584,1777160.0
2015-10-07,701.0,690.0,677.0,690.0,0.0,2968,2021750.0
2015-10-06,701.0,701.0,701.0,701.0,0.0,29,20329.0
2015-10-05,703.0,710.0,701.0,701.0,0.0,1655,1166094.0
2015-10-04,691.0,703.0,690.0,703.0,0.0,175,122050.0
2015-10-01,691.0,691.0,691.0,691.0,0.0,36,24876.0
2015-09-30,700.0,700.0,691.0,691.0,0.0,506,350954.0
2015-09-29,710.0,705.0,700.0,700.0,0.0,1400,981600.0
2015-09-28,718.0,710.0,710.0,710.0,0.0,50,35500.0
2015-09-24,718.0,718.0,718.0,718.0,0.0,24,17232.0
2015-09-22,741.0,740.0,716.0,718.0,0.0,3129,2265961.0
2015-09-17,745.0,745.0,740.0,741.0,0.0,202,149951.0
2015-09-16,750.0,750.0,745.0,745.0,0.0,419,314155.0
2015-09-15,744.0,752.0,745.0,750.0,0.0,782,587208.0
2015-09-14,751.0,766.0,744.0,744.0,0.0,576,431753.0
2015-09-13,749.0,751.0,740.0,751.0,0.0,2365,1770758.0
2015-09-10,745.0,754.0,731.0,749.0,0.0,539,396587.0
2015-09-09,749.0,745.0,735.0,745.0,0.0,833,613977.0
2015-09-08,730.0,749.0,744.0,749.0,0.0,240,179260.0
2015-09-07,740.0,740.0,730.0,730.0,0.0,266,194794.0
2015-09-06,727.0,750.0,732.0,740.0,0.0,517,382697.0
2015-09-02,740.0,769.0,726.0,727.0,0.0,1631,1215192.0
2015-09-01,760.0,755.0,732.0,740.0,0.0,874,645258.0
2015-08-31,735.0,785.0,749.0,760.0,0.0,1296,989100.0
2015-08-27,745.0,735.0,731.0,735.0,0.0,266,194710.0
2015-08-26,731.0,745.0,730.0,745.0,0.0,500,368400.0
2015-08-24,745.0,742.0,731.0,731.0,0.0,493,363508.0
2015-08-23,754.0,745.0,745.0,745.0,0.0,34,25330.0
2015-08-20,715.0,754.0,729.0,754.0,0.0,510,374840.0
2015-08-19,700.0,715.0,700.0,715.0,0.0,715,504276.0
2015-08-18,665.0,704.0,678.0,700.0,0.0,546,379684.0
2015-08-16,700.0,689.0,657.0,665.0,0.0,4649,3135387.0
2015-08-13,669.0,707.0,669.0,700.0,0.0,13154,8993074.0
2015-08-12,677.0,670.0,661.0,669.0,0.0,2307,1533131.0
2015-08-11,689.0,677.0,652.0,677.0,0.0,6011,3973231.0
2015-08-10,657.0,695.0,670.0,689.0,0.0,5622,3841971.0
2015-08-09,685.0,685.0,657.0,657.0,0.0,2085,1398671.0
2015-08-06,659.0,685.0,654.0,685.0,0.0,3618,2396666.0
2015-08-05,661.0,668.0,653.0,659.0,0.0,1912,1261812.0
2015-08-04,671.0,671.0,660.0,661.0,0.0,2942,1947794.0
2015-08-03,660.0,675.0,655.0,671.0,0.0,5459,3622958.0
2015-08-02,662.0,665.0,654.0,660.0,0.0,384,253080.0
2015-07-30,667.0,680.0,659.0,662.0,0.0,2678,1793171.0
2015-07-29,679.0,675.0,666.0,667.0,0.0,1503,1006149.0
2015-07-28,707.0,710.0,677.0,679.0,0.0,1608,1108128.0
2015-07-27,766.0,781.0,707.0,707.0,0.0,801,603197.0
2015-07-26,697.0,766.0,710.0,766.0,0.0,2288,1730992.0
2015-07-23,680.0,706.0,683.0,697.0,0.0,8739,6035696.0
2015-07-22,655.0,680.0,664.0,680.0,0.0,4528,3044360.0
2015-07-16,637.0,674.0,637.0,655.0,0.0,2542,1665751.0
2015-07-15,625.0,637.0,625.0,637.0,0.0,1405,881023.0
2015-07-14,648.0,636.0,625.0,625.0,0.0,131,82634.0
2015-07-13,652.0,652.0,645.0,648.0,0.0,602,390668.0
2015-07-12,630.0,691.0,642.0,652.0,0.0,3917,2578080.0
2015-07-09,622.0,632.0,613.0,630.0,0.0,2210,1377252.0
2015-07-08,605.0,628.0,615.0,622.0,0.0,1475,914070.0
2015-07-07,605.0,615.0,600.0,605.0,0.0,2425,1481330.0
2015-07-06,615.0,620.0,605.0,605.0,0.0,1344,814410.0
2015-07-05,634.0,622.0,611.0,615.0,0.0,1534,945053.0
2015-07-02,645.0,634.0,618.0,634.0,0.0,1203,746611.0
2015-07-01,635.0,645.0,645.0,645.0,0.0,175,112875.0
2015-06-30,635.0,640.0,635.0,635.0,0.0,416,264325.0
2015-06-29,623.0,635.0,620.0,635.0,0.0,1644,1039472.0
2015-06-28,630.0,625.0,621.0,623.0,0.0,997,621413.0
2015-06-25,639.0,640.0,630.0,630.0,0.0,1072,678868.0
2015-06-24,630.0,639.0,639.0,639.0,0.0,99,63261.0
2015-06-23,627.0,630.0,621.0,630.0,0.0,1174,733083.0
2015-06-22,630.0,637.0,619.0,627.0,0.0,2255,1417362.0
2015-06-18,630.0,635.0,623.0,630.0,0.0,2070,1294367.0
2015-06-17,635.0,635.0,628.0,630.0,0.0,4842,3049239.0
2015-06-16,636.0,640.0,635.0,635.0,0.0,1231,786580.0
2015-06-15,638.0,640.0,623.0,636.0,0.0,858,544584.0
2015-06-14,645.0,641.0,636.0,638.0,0.0,1296,828278.0
2015-06-11,643.0,645.0,640.0,645.0,0.0,96,61560.0
2015-06-10,670.0,660.0,640.0,643.0,0.0,198,128187.0
2015-06-09,691.0,705.0,670.0,670.0,0.0,1197,828620.0
2015-06-08,636.0,691.0,648.0,691.0,0.0,2010,1318393.0
2015-06-07,647.0,655.0,636.0,636.0,0.0,846,545174.0
2015-06-04,642.0,654.0,647.0,647.0,0.0,114,73961.0
2015-06-03,635.0,642.0,625.0,642.0,0.0,1032,649891.0
2015-06-02,632.0,635.0,620.0,635.0,0.0,1162,725250.0
2015-06-01,618.0,632.0,606.0,632.0,0.0,3870,2400889.0
2015-05-31,685.0,672.0,618.0,618.0,0.0,277,173685.0
2015-04-22,680.0,685.0,676.0,685.0,0.0,307,210013.0
2015-04-21,688.0,688.0,680.0,680.0,0.0,720,495096.0
2015-04-20,688.0,688.0,675.0,688.0,0.0,176,120383.0
2015-04-19,685.0,688.0,685.0,688.0,0.0,1016,696617.0
2015-04-16,700.0,690.0,685.0,685.0,0.0,297,204336.0
2015-04-15,690.0,702.0,690.0,700.0,0.0,565,391624.0
2015-04-13,700.0,690.0,690.0,690.0,0.0,132,91080.0
2015-04-12,714.0,728.0,700.0,700.0,0.0,297,208642.0
2015-04-09,695.0,714.0,691.0,714.0,0.0,641,446179.0
2015-04-08,677.0,700.0,690.0,695.0,0.0,807,563670.0
2015-04-07,666.0,677.0,677.0,677.0,0.0,10,6770.0
2015-04-06,692.0,692.0,666.0,666.0,0.0,999,669896.0
2015-04-05,700.0,692.0,686.0,692.0,0.0,393,270492.0
2015-04-01,714.0,705.0,700.0,700.0,0.0,136,95300.0
2015-03-31,700.0,714.0,700.0,714.0,0.0,925,653029.0
2015-03-30,700.0,702.0,700.0,700.0,0.0,3805,2667223.0
2015-03-29,702.0,701.0,688.0,700.0,0.0,2425,1694759.0
2015-03-26,705.0,705.0,701.0,702.0,0.0,2392,1677891.0
2015-03-25,700.0,705.0,695.0,705.0,0.0,424,294920.0
2015-03-23,715.0,710.0,700.0,700.0,0.0,954,668140.0
2015-03-22,718.0,715.0,715.0,715.0,0.0,36,25740.0
2015-03-19,720.0,734.0,718.0,718.0,0.0,857,617076.0
2015-03-18,725.0,725.0,720.0,720.0,0.0,3747,2711575.0
2015-03-17,725.0,730.0,720.0,725.0,0.0,2135,1544841.0
2015-03-16,749.0,750.0,721.0,725.0,0.0,2320,1693543.0
2015-03-12,754.0,750.0,749.0,749.0,0.0,202,151374.0
2015-03-11,730.0,754.0,740.0,754.0,0.0,97,72103.0
2015-03-10,730.0,730.0,730.0,730.0,0.0,99,72270.0
2015-03-09,742.0,733.0,730.0,730.0,0.0,95,69563.0
2015-03-04,745.0,742.0,732.0,742.0,0.0,4330,3176916.0
2015-03-03,739.0,752.0,733.0,745.0,0.0,2294,1703551.0
2015-03-02,765.0,754.0,738.0,739.0,0.0,1263,933362.0
2015-02-26,738.0,765.0,737.0,765.0,0.0,1330,984248.0
2015-02-25,728.0,738.0,710.0,738.0,0.0,1372,997283.0
2015-02-24,736.0,732.0,722.0,728.0,0.0,942,684934.0
2015-02-23,750.0,737.0,735.0,736.0,0.0,159,117055.0
2015-02-22,750.0,765.0,750.0,750.0,0.0,99,74745.0
2015-02-18,745.0,780.0,742.0,750.0,0.0,6315,4803222.0
2015-02-16,755.0,750.0,731.0,745.0,0.0,1054,778830.0
2015-02-15,740.0,760.0,750.0,755.0,0.0,984,744027.0
2015-02-12,722.0,754.0,728.0,740.0,0.0,771,569909.0
2015-02-11,725.0,726.0,714.0,722.0,0.0,527,379790.0
2015-02-10,736.0,730.0,723.0,725.0,0.0,1467,1063030.0
2015-02-09,750.0,740.0,735.0,736.0,0.0,1034,763623.0
2015-02-08,768.0,753.0,740.0,750.0,0.0,11843,8832726.0
2015-02-05,755.0,770.0,768.0,768.0,0.0,23,17690.0
2015-02-04,751.0,755.0,755.0,755.0,0.0,378,285390.0
2015-02-03,757.0,751.0,751.0,751.0,0.0,224,168224.0
2015-02-02,767.0,760.0,756.0,757.0,0.0,548,415613.0
2015-02-01,760.0,767.0,752.0,767.0,0.0,2393,1817374.0
2015-01-29,760.0,760.0,760.0,760.0,0.0,856,650560.0
2015-01-28,775.0,760.0,752.0,760.0,0.0,399,300992.0
2015-01-27,780.0,780.0,770.0,775.0,0.0,6922,5366108.0
2015-01-26,745.0,785.0,755.0,780.0,0.0,3114,2410155.0
2015-01-25,766.0,760.0,745.0,745.0,0.0,79,59275.0
2015-01-22,810.0,794.0,760.0,766.0,0.0,682,520761.0
2015-01-20,765.0,810.0,760.0,810.0,0.0,606,462689.0
2015-01-19,737.0,775.0,751.0,765.0,0.0,3734,2864541.0
2015-01-18,752.0,745.0,737.0,737.0,0.0,84,62316.0
2015-01-14,750.0,752.0,735.0,752.0,0.0,1832,1371459.0
2015-01-13,765.0,750.0,750.0,750.0,0.0,103,77250.0
2015-01-12,775.0,765.0,755.0,765.0,0.0,699,533065.0
2015-01-11,775.0,775.0,770.0,775.0,0.0,93,71910.0
2015-01-08,754.0,800.0,769.0,775.0,0.0,3456,2710248.0
2015-01-07,686.0,754.0,699.0,754.0,0.0,4449,3297866.0
2015-01-06,695.0,686.0,682.0,686.0,0.0,90,61500.0
2015-01-05,705.0,705.0,691.0,695.0,0.0,1860,1295530.0
2015-01-04,691.0,705.0,700.0,705.0,0.0,181,127407.0
2015-01-01,685.0,701.0,691.0,691.0,0.0,568,396215.0
2014-12-31,653.0,685.0,660.0,685.0,0.0,373,251700.0
2014-12-28,642.0,653.0,641.0,653.0,0.0,23,14863.0
2014-12-24,640.0,642.0,618.0,642.0,0.0,119,74991.0
2014-12-23,674.0,661.0,635.0,640.0,0.0,1301,833696.0
2014-12-22,731.0,741.0,714.0,741.0,0.0,5195,3722650.0
2014-12-21,743.0,744.0,712.0,731.0,0.0,6868,4976900.0
2014-12-18,723.0,743.0,704.0,743.0,0.0,4009,2887602.0
2014-12-17,726.0,730.0,712.0,723.0,0.0,2961,2143512.0
2014-12-16,730.0,735.0,726.0,726.0,0.0,1007,736241.0
2014-12-15,734.0,730.0,720.0,730.0,0.0,1779,1291471.0
2014-12-14,714.0,734.0,708.0,734.0,0.0,1258,905093.0
2014-12-11,698.0,715.0,699.0,714.0,0.0,735,517089.0
2014-12-10,690.0,702.0,698.0,698.0,0.0,1564,1094408.0
2014-12-09,696.0,700.0,690.0,690.0,0.0,1397,965651.0
2014-12-08,700.0,700.0,694.0,696.0,0.0,715,497780.0
2014-12-07,693.0,700.0,700.0,700.0,0.0,622,435400.0
2014-12-04,695.0,700.0,693.0,693.0,0.0,1586,1101998.0
2014-12-03,700.0,710.0,691.0,695.0,0.0,9720,6785271.0
2014-12-02,701.0,702.0,690.0,700.0,0.0,1491,1036126.0
2014-12-01,702.0,701.0,692.0,701.0,0.0,877,612351.0
2014-11-30,706.0,714.0,695.0,702.0,0.0,692,485532.0
2014-11-25,700.0,706.0,692.0,706.0,0.0,4231,2955307.0
2014-11-24,708.0,711.0,700.0,700.0,0.0,1181,834450.0
2014-11-23,700.0,724.0,703.0,708.0,0.0,2296,1623718.0
2014-11-20,700.0,705.0,687.0,700.0,0.0,2736,1912896.0
2014-11-19,694.0,700.0,675.0,700.0,0.0,4588,3154966.0
2014-11-18,702.0,710.0,677.0,694.0,0.0,6544,4524667.0
2014-11-17,741.0,740.0,700.0,702.0,0.0,2694,1920600.0
2014-11-16,750.0,763.0,730.0,741.0,0.0,3311,2452016.0
2014-11-13,753.0,758.0,750.0,750.0,0.0,511,384507.0
2014-11-12,755.0,765.0,753.0,753.0,0.0,787,600002.0
2014-11-11,741.0,761.0,737.0,755.0,0.0,2708,2018725.0
2014-11-10,760.0,775.0,736.0,741.0,0.0,4608,3433403.0
2014-11-09,765.0,795.0,760.0,760.0,0.0,3947,3068614.0
2014-11-06,780.0,775.0,765.0,765.0,0.0,695,536906.0
2014-11-05,771.0,780.0,757.0,780.0,0.0,1566,1196492.0
2014-11-04,756.0,771.0,743.0,771.0,0.0,493,371199.0
2014-11-03,766.0,766.0,736.0,756.0,0.0,1738,1305786.0
2014-11-02,790.0,775.0,766.0,766.0,0.0,189,145665.0
2014-10-30,790.0,790.0,780.0,790.0,0.0,371,292322.0
2014-10-28,795.0,790.0,785.0,790.0,0.0,575,453425.0
2014-10-27,800.0,800.0,795.0,795.0,0.0,376,300145.0
2014-10-26,781.0,800.0,796.0,800.0,0.0,274,218804.0
2014-10-22,790.0,790.0,778.0,781.0,0.0,248,193932.0
2014-10-21,800.0,816.0,790.0,790.0,0.0,126,100725.0
2014-10-20,814.0,805.0,798.0,800.0,0.0,1251,1003326.0
2014-10-19,800.0,814.0,814.0,814.0,0.0,33,26862.0
2014-10-16,820.0,805.0,780.0,800.0,0.0,770,615767.0
2014-10-15,805.0,820.0,789.0,820.0,0.0,566,451554.0
2014-10-14,802.0,812.0,775.0,805.0,0.0,4416,3546859.0
2014-10-13,759.0,802.0,750.0,802.0,0.0,3153,2397330.0
2014-10-12,777.0,781.0,759.0,759.0,0.0,1928,1488591.0
2014-10-09,765.0,777.0,762.0,777.0,0.0,627,481725.0
2014-10-08,780.0,770.0,765.0,765.0,0.0,227,173985.0
2014-09-30,753.0,783.0,760.0,780.0,0.0,1248,970376.0
2014-09-29,780.0,779.0,712.0,753.0,0.0,1072,808066.0
2014-09-28,779.0,785.0,756.0,780.0,0.0,2851,2176055.0
2014-09-24,765.0,780.0,765.0,779.0,0.0,682,529032.0
2014-09-23,740.0,765.0,731.0,765.0,0.0,971,717525.0
2014-09-22,755.0,745.0,738.0,740.0,0.0,699,520235.0
2014-09-21,763.0,755.0,715.0,755.0,0.0,2322,1712709.0
2014-09-18,765.0,770.0,750.0,763.0,0.0,1384,1046178.0
2014-09-17,777.0,781.0,750.0,765.0,0.0,1068,814142.0
2014-09-16,768.0,789.0,760.0,777.0,0.0,960,743821.0
2014-09-15,770.0,770.0,745.0,768.0,0.0,1349,1013798.0
2014-09-14,786.0,782.0,770.0,770.0,0.0,1838,1425058.0
2014-09-11,783.0,786.0,763.0,786.0,0.0,651,506627.0
2014-09-10,780.0,810.0,757.0,783.0,0.0,2027,1581004.0
2014-09-09,740.0,788.0,754.0,780.0,0.0,1611,1233602.0
2014-09-07,780.0,769.0,722.0,740.0,0.0,1830,1352450.0
2014-09-04,792.0,790.0,765.0,780.0,0.0,4327,3346679.0
2014-09-03,797.0,810.0,785.0,792.0,0.0,2380,1887527.0
2014-09-01,806.0,822.0,780.0,797.0,0.0,538,431244.0
2014-08-31,828.0,844.0,800.0,806.0,0.0,2458,1997153.0
2014-08-28,805.0,849.0,810.0,828.0,0.0,5690,4745614.0
2014-08-27,758.0,830.0,773.0,805.0,0.0,4958,4023565.0
2014-08-26,785.0,829.0,758.0,758.0,0.0,8191,6346417.0
2014-08-25,848.0,848.0,779.0,785.0,0.0,461,371479.0
2014-08-24,856.0,865.0,848.0,848.0,0.0,803,687810.0
2014-08-21,829.0,863.0,820.0,856.0,0.0,6439,5433632.0
2014-08-20,859.0,862.0,821.0,829.0,0.0,1823,1537333.0
2014-08-19,840.0,882.0,830.0,859.0,0.0,2099,1791524.0
2014-08-18,885.0,879.0,840.0,840.0,0.0,2199,1904253.0
2014-08-14,875.0,899.0,875.0,885.0,0.0,3015,2678299.0
2014-08-13,883.0,915.0,872.0,875.0,0.0,5166,4591742.0
2014-08-12,906.0,905.0,883.0,883.0,0.0,442,397234.0
2014-08-07,912.0,925.0,900.0,906.0,0.0,4336,3944936.0
2014-08-06,910.0,924.0,890.0,912.0,0.0,3687,3309253.0
2014-08-05,870.0,927.0,887.0,910.0,0.0,5564,5114373.0
2014-08-04,900.0,900.0,868.0,870.0,0.0,6728,5910907.0
2014-08-03,945.0,930.0,882.0,900.0,0.0,2994,2694429.0
2014-07-31,956.0,965.0,940.0,945.0,0.0,2231,2125581.0
2014-07-30,999.0,980.0,931.0,956.0,0.0,2859,2696049.0
2014-07-28,990.0,1000.0,976.0,999.0,0.0,1003,998325.0
2014-07-27,1012.0,1020.0,990.0,990.0,0.0,5235,5204467.0
2014-07-24,1026.0,1027.0,1000.0,1012.0,0.0,7410,7472424.0
2014-07-23,1010.0,1036.0,1020.0,1026.0,0.0,15270,15661895.0
2014-07-22,1025.0,1065.0,1005.0,1010.0,0.0,14599,14868361.0
2014-07-21,962.0,1058.0,980.0,1025.0,0.0,44261,46475848.0
2014-07-20,875.0,962.0,875.0,962.0,0.0,27971,25798088.0
2014-07-17,848.0,875.0,836.0,875.0,0.0,5084,4298456.0
2014-07-16,836.0,850.0,830.0,848.0,0.0,3396,2872017.0
2014-07-15,841.0,850.0,836.0,836.0,0.0,3686,3102038.0
2014-07-14,856.0,869.0,840.0,841.0,0.0,2773,2343881.0
2014-07-13,859.0,892.0,840.0,856.0,0.0,3641,3113529.0
2014-07-10,851.0,860.0,830.0,859.0,0.0,11442,9696745.0
2014-07-09,850.0,851.0,845.0,851.0,0.0,851,721903.0
2014-07-08,830.0,852.0,825.0,850.0,0.0,21787,18177792.0
2014-07-07,845.0,875.0,830.0,830.0,0.0,5765,4885348.0
2014-07-06,840.0,854.0,835.0,845.0,0.0,3848,3264982.0
2014-07-03,855.0,888.0,815.0,840.0,0.0,18919,15917529.0
2014-07-02,833.0,860.0,830.0,855.0,0.0,24031,20069274.0
2014-07-01,820.0,846.0,805.0,833.0,0.0,12119,9991571.0
2014-06-30,804.0,820.0,803.0,820.0,0.0,10104,8189425.0
2014-06-29,805.0,810.0,800.0,804.0,0.0,4143,3331614.0
2014-06-26,800.0,810.0,800.0,805.0,0.0,4135,3321026.0
2014-06-25,815.0,812.0,800.0,800.0,0.0,9580,7685854.0
2014-06-24,805.0,815.0,791.0,815.0,0.0,2973,2393617.0
2014-06-23,819.0,819.0,790.0,805.0,0.0,8552,6794127.0
2014-06-19,811.0,820.0,806.0,819.0,0.0,7585,6120579.0
2014-06-18,846.0,870.0,811.0,811.0,0.0,1009,852118.0
2014-06-17,822.0,846.0,806.0,846.0,0.0,4800,3924519.0
2014-06-16,806.0,836.0,806.0,822.0,0.0,2007,1632937.0
2014-06-15,809.0,810.0,800.0,806.0,0.0,2321,1866055.0
2014-06-12,810.0,826.0,800.0,809.0,0.0,2980,2419754.0
2014-06-11,801.0,848.0,805.0,810.0,0.0,3317,2706364.0
2014-06-10,805.0,815.0,790.0,801.0,0.0,1332,1070881.0
2014-06-09,800.0,806.0,796.0,805.0,0.0,5695,4568786.0
2014-06-08,810.0,819.0,798.0,800.0,0.0,1657,1332148.0
2014-06-05,810.0,811.0,785.0,810.0,0.0,8759,7009424.0
2014-06-04,825.0,817.0,790.0,810.0,0.0,9839,7948014.0
2014-06-03,820.0,835.0,820.0,825.0,0.0,2522,2082357.0
2014-06-02,821.0,822.0,812.0,820.0,0.0,3298,2702590.0
2014-06-01,830.0,829.0,810.0,821.0,0.0,5258,4305395.0
2014-05-28,820.0,830.0,820.0,830.0,0.0,6274,5182540.0
2014-05-27,831.0,830.0,817.0,820.0,0.0,1857,1524889.0
2014-05-26,830.0,832.0,814.0,831.0,0.0,2459,2030863.0
2014-05-25,825.0,830.0,815.0,830.0,0.0,4233,3490820.0
2014-05-22,820.0,825.0,819.0,825.0,0.0,4038,3318261.0
2014-05-21,819.0,830.0,820.0,820.0,0.0,3802,3131824.0
2014-05-20,825.0,830.0,811.0,819.0,0.0,7195,5899983.0
2014-05-19,827.0,832.0,822.0,825.0,0.0,4686,3871302.0
2014-05-18,835.0,840.0,826.0,827.0,0.0,2330,1935674.0
2014-05-15,842.0,840.0,833.0,835.0,0.0,4373,3654011.0
2014-05-13,845.0,852.0,835.0,842.0,0.0,4093,3428486.0
2014-05-12,839.0,845.0,835.0,845.0,0.0,4037,3391689.0
2014-05-11,840.0,849.0,819.0,839.0,0.0,5747,4777818.0
2014-05-08,846.0,850.0,839.0,840.0,0.0,8261,6957122.0
2014-05-07,870.0,865.0,846.0,846.0,0.0,3612,3081083.0
2014-05-06,869.0,885.0,857.0,870.0,0.0,3410,2959228.0
2014-05-05,860.0,914.0,861.0,869.0,0.0,8183,7190840.0
2014-05-04,845.0,860.0,845.0,860.0,0.0,6156,5231568.0
2014-04-30,840.0,848.0,835.0,845.0,0.0,5971,5003143.0
2014-04-29,851.0,848.0,833.0,840.0,0.0,4469,3772425.0
2014-04-28,864.0,865.0,850.0,851.0,0.0,3573,3052974.0
2014-04-27,855.0,869.0,855.0,864.0,0.0,2478,2129012.0
2014-04-23,875.0,873.0,855.0,855.0,0.0,4054,3511393.0
2014-04-22,846.0,875.0,845.0,875.0,0.0,3649,3112944.0
2014-04-21,845.0,855.0,841.0,846.0,0.0,1424,1207070.0
2014-04-20,880.0,863.0,840.0,845.0,0.0,5549,4705953.0
2014-04-17,840.0,880.0,837.0,880.0,0.0,3391,2861425.0
2014-04-16,875.0,870.0,832.0,840.0,0.0,5897,5000804.0
2014-04-15,875.0,875.0,860.0,875.0,0.0,2133,1847274.0
2014-04-13,855.0,888.0,870.0,875.0,0.0,5353,4702067.0
2014-04-10,864.0,869.0,850.0,855.0,0.0,8551,7389760.0
2014-04-09,832.0,865.0,820.0,864.0,0.0,11732,9794286.0
2014-04-07,830.0,833.0,817.0,832.0,0.0,6389,5281062.0
2014-04-06,835.0,835.0,815.0,830.0,0.0,2304,1897323.0
2014-04-03,845.0,855.0,828.0,835.0,0.0,3542,2956837.0
2014-04-02,835.0,850.0,826.0,845.0,0.0,7594,6350122.0
2014-04-01,828.0,838.0,825.0,835.0,0.0,3889,3242360.0
2014-03-31,818.0,846.0,815.0,828.0,0.0,6103,5010861.0
2014-03-27,806.0,834.0,812.0,818.0,0.0,6987,5707220.0
2014-03-26,810.0,815.0,805.0,806.0,0.0,3634,2950177.0
2014-03-25,812.0,816.0,806.0,810.0,0.0,3987,3231300.0
2014-03-24,805.0,813.0,801.0,812.0,0.0,3996,3236645.0
2014-03-23,810.0,815.0,779.0,805.0,0.0,3837,3088074.0
2014-03-20,810.0,811.0,800.0,810.0,0.0,6811,5483154.0
2014-03-19,805.0,820.0,800.0,810.0,0.0,15239,12316939.0
2014-03-18,805.0,810.0,791.0,805.0,0.0,13159,10598791.0
2014-03-17,821.0,810.0,800.0,805.0,0.0,4699,3785536.0
2014-03-13,811.0,833.0,800.0,821.0,0.0,6957,5751245.0
2014-03-12,827.0,830.0,811.0,811.0,0.0,3825,3119946.0
2014-03-11,840.0,834.0,814.0,827.0,0.0,3762,3111836.0
2014-03-10,830.0,846.0,824.0,840.0,0.0,1964,1631376.0
2014-03-09,841.0,849.0,829.0,830.0,0.0,8197,6886799.0
2014-03-06,850.0,861.0,840.0,841.0,0.0,4960,4232530.0
2014-03-05,830.0,866.0,824.0,850.0,0.0,4425,3766933.0
2014-03-04,860.0,845.0,809.0,830.0,0.0,4854,3985060.0
2014-03-03,875.0,875.0,840.0,860.0,0.0,1398,1189165.0
2014-02-26,910.0,900.0,865.0,875.0,0.0,5430,4735379.0
2014-02-25,890.0,918.0,860.0,910.0,0.0,7868,6957537.0
2014-02-24,874.0,916.0,880.0,890.0,0.0,6355,5731243.0
2014-02-23,861.0,900.0,865.0,874.0,0.0,10495,9371704.0
2014-02-20,855.0,894.0,830.0,861.0,0.0,2040,1773688.0
2014-02-18,838.0,860.0,825.0,855.0,0.0,2073,1744766.0
2014-02-17,821.0,841.0,837.0,838.0,0.0,310,260388.0
2014-02-16,850.0,849.0,816.0,821.0,0.0,2121,1778218.0
2014-02-13,830.0,850.0,824.0,850.0,0.0,3847,3221012.0
2014-02-12,830.0,855.0,827.0,830.0,0.0,1480,1241911.0
2014-02-11,846.0,851.0,830.0,830.0,0.0,11392,9559083.0
2014-02-10,849.0,890.0,842.0,846.0,0.0,2031,1766264.0
2014-02-09,848.0,860.0,826.0,849.0,0.0,2029,1692620.0
2014-02-06,847.0,854.0,836.0,848.0,0.0,3090,2621304.0
2014-02-04,825.0,850.0,825.0,850.0,0.0,3290,2736087.0
2014-02-03,824.0,830.0,814.0,825.0,0.0,4537,3710765.0
2014-02-02,840.0,830.0,820.0,824.0,0.0,1020,842316.0
2014-01-29,825.0,840.0,815.0,840.0,0.0,1857,1535787.0
2014-01-28,845.0,845.0,825.0,825.0,0.0,2885,2414766.0
2014-01-27,840.0,845.0,810.0,845.0,0.0,2049,1708182.0
2014-01-26,870.0,859.0,840.0,840.0,0.0,2700,2289921.0
2014-01-23,880.0,885.0,860.0,870.0,0.0,1331,1155726.0
2014-01-22,886.0,897.0,836.0,880.0,0.0,3066,2698549.0
2014-01-21,896.0,900.0,885.0,886.0,0.0,1704,1518092.0
2014-01-20,897.0,896.0,880.0,896.0,0.0,1987,1771816.0
2014-01-19,880.0,897.0,882.0,897.0,0.0,1530,1362390.0
2014-01-16,840.0,892.0,850.0,880.0,0.0,2697,2384228.0
2014-01-14,823.0,841.0,825.0,840.0,0.0,6316,5263965.0
2014-01-13,788.0,823.0,758.0,823.0,0.0,1440,1158851.0
2014-01-12,730.0,800.0,744.0,788.0,0.0,665,515049.0
2014-01-09,718.0,735.0,711.0,730.0,0.0,3122,2255279.0
2014-01-08,709.0,725.0,702.0,718.0,0.0,2717,1948472.0
2014-01-07,685.0,709.0,680.0,709.0,0.0,3346,2320311.0
2014-01-06,686.0,698.0,682.0,685.0,0.0,1762,1214481.0
2014-01-05,700.0,700.0,686.0,686.0,0.0,3204,2233355.0
2014-01-02,689.0,720.0,676.0,700.0,0.0,10548,7253567.0
2014-01-01,702.0,698.0,689.0,689.0,0.0,3160,2191618.0
2013-12-31,694.0,710.0,681.0,702.0,0.0,1527,1072066.0
2013-12-29,706.0,694.0,694.0,694.0,0.0,21,14574.0
2013-12-26,715.0,736.0,701.0,706.0,0.0,46841,33634448.0
2013-12-24,740.0,740.0,691.0,715.0,0.0,14480,10429053.0
2013-12-23,760.0,762.0,732.0,740.0,0.0,16742,12456922.0
2013-12-22,765.0,770.0,750.0,760.0,0.0,14084,10689212.0
2013-12-19,785.0,787.0,721.0,765.0,0.0,13766,10249279.0
2013-12-18,771.0,801.0,770.0,785.0,0.0,2234,1749641.0
2013-12-16,729.0,771.0,730.0,771.0,0.0,12260,9185790.0
2013-12-15,700.0,734.0,695.0,729.0,0.0,7652,5405918.0
2013-12-12,672.0,704.0,674.0,700.0,0.0,8145,5637642.0
2013-12-11,670.0,685.0,668.0,672.0,0.0,16583,11141470.0
2013-12-10,680.0,679.0,654.0,670.0,0.0,8708,5859531.0
2013-12-09,681.0,681.0,662.0,680.0,0.0,8425,5667036.0
2013-12-08,715.0,715.0,661.0,681.0,0.0,13331,9258816.0
2013-12-05,706.0,772.0,690.0,715.0,0.0,18044,12887823.0
2013-12-04,648.0,712.0,650.0,706.0,0.0,18675,12783141.0
2013-12-03,598.0,650.0,591.0,648.0,0.0,16832,10177459.0
2013-12-02,587.0,598.0,578.0,598.0,0.0,8028,4738726.0
2013-12-01,590.0,593.0,582.0,587.0,0.0,5856,3430741.0
2013-11-28,590.0,600.0,576.0,590.0,0.0,6828,4026393.0
2013-11-27,595.0,594.0,580.0,590.0,0.0,5158,3023589.0
2013-11-26,608.0,620.0,591.0,595.0,0.0,9692,5842573.0
2013-11-25,610.0,614.0,569.0,608.0,0.0,7967,4718224.0
2013-11-24,583.0,641.0,594.0,610.0,0.0,11553,7225739.0
2013-11-21,550.0,583.0,561.0,583.0,0.0,408,236017.0
2013-11-14,560.0,565.0,545.0,550.0,0.0,23479,12938781.0
2013-11-13,546.0,560.0,540.0,560.0,0.0,22376,12382523.0
2013-11-12,536.0,562.0,545.0,546.0,0.0,17438,9600227.0
2013-11-11,522.0,546.0,512.0,536.0,0.0,8213,4306410.0
2013-11-10,520.0,535.0,513.0,522.0,0.0,5575,2901743.0
2013-11-07,506.0,520.0,506.0,520.0,0.0,20606,10581852.0
2013-11-06,530.0,520.0,491.0,506.0,0.0,9332,4673301.0
2013-10-31,534.0,554.0,527.0,530.0,0.0,18215,9765325.0
2013-10-30,524.0,541.0,520.0,534.0,0.0,10391,5479842.0
2013-10-29,525.0,525.0,511.0,524.0,0.0,15923,8244850.0
2013-10-28,532.0,532.0,502.0,525.0,0.0,9751,5128338.0
2013-10-27,546.0,553.0,525.0,532.0,0.0,23588,12561924.0
2013-10-24,550.0,550.0,546.0,546.0,0.0,15905,8711768.0
2013-10-23,552.0,553.0,548.0,550.0,0.0,9428,5189975.0
2013-10-22,550.0,553.0,541.0,552.0,0.0,14205,7814629.0
2013-10-21,552.0,562.0,546.0,550.0,0.0,17633,9752910.0
2013-10-20,570.0,572.0,550.0,552.0,0.0,20290,11385331.0
2013-10-17,570.0,571.0,556.0,570.0,0.0,929,521350.0
2013-10-10,588.0,592.0,560.0,570.0,0.0,35368,20109428.0
2013-10-09,561.0,617.0,552.0,588.0,0.0,35306,20267098.0
2013-10-08,510.0,561.0,510.0,561.0,0.0,15089,8459814.0
