open,high,low,close,percent_change,turnover,date
400.62,400.62,400.62,400.62,0.0,0.0,2011-01-02
398.01,398.01,398.01,398.01,0.0,0.0,2011-01-03
399.59,399.59,399.59,399.59,0.0,0.0,2011-01-04
400.76,400.76,400.76,400.76,0.0,0.0,2011-01-05
400.43,400.43,400.43,400.43,0.0,0.0,2011-01-06
398.26,398.26,398.26,398.26,0.0,0.0,2011-01-09
399.47,399.47,399.47,399.47,0.0,0.0,2011-01-10
400.67,400.67,400.67,400.67,0.0,0.0,2011-01-11
400.2,400.2,400.2,400.2,0.0,0.0,2011-01-12
402.75,402.75,402.75,402.75,0.0,0.0,2011-01-13
403.12,403.12,403.12,403.12,0.0,0.0,2011-01-16
403.71,403.71,403.71,403.71,0.0,0.0,2011-01-17
403.46,403.46,403.46,403.46,0.0,0.0,2011-01-18
404.33,404.33,404.33,404.33,0.0,0.0,2011-01-19
406.9,406.9,406.9,406.9,0.0,0.0,2011-01-20
406.34,406.34,406.34,406.34,0.0,0.0,2011-01-23
410.34,410.34,410.34,410.34,0.0,0.0,2011-01-24
410.57,410.57,410.57,410.57,0.0,0.0,2011-01-31
410.48,410.48,410.48,410.48,0.0,0.0,2011-02-01
407.97,407.97,407.97,407.97,0.0,0.0,2011-02-02
406.84,406.84,406.84,406.84,0.0,0.0,2011-02-03
413.76,413.76,413.76,413.76,0.0,0.0,2011-02-06
408.47,408.47,408.47,408.47,0.0,0.0,2011-02-07
406.96,406.96,406.96,406.96,0.0,0.0,2011-02-08
405.44,405.44,405.44,405.44,0.0,0.0,2011-02-09
405.05,405.05,405.05,405.05,0.0,0.0,2011-02-10
404.14,404.14,404.14,404.14,0.0,0.0,2011-02-13
403.71,403.71,403.71,403.71,0.0,0.0,2011-02-14
404.47,404.47,404.47,404.47,0.0,0.0,2011-02-15
405.44,405.44,405.44,405.44,0.0,0.0,2011-02-16
408.19,408.19,408.19,408.19,0.0,0.0,2011-02-17
405.15,405.15,405.15,405.15,0.0,0.0,2011-02-20
404.32,404.32,404.32,404.32,0.0,0.0,2011-02-21
401.2,401.2,401.2,401.2,0.0,0.0,2011-02-22
398.5,398.5,398.5,398.5,0.0,0.0,2011-02-23
397.46,397.46,397.46,397.46,0.0,0.0,2011-02-24
394.19,394.19,394.19,394.19,0.0,0.0,2011-02-27
391.66,391.66,391.66,391.66,0.0,0.0,2011-02-28
391.22,391.22,391.22,391.22,0.0,0.0,2011-03-01
395.43,395.43,395.43,395.43,0.0,0.0,2011-03-03
394.06,394.06,394.06,394.06,0.0,0.0,2011-03-07
392.71,392.71,392.71,392.71,0.0,0.0,2011-03-09
389.81,389.81,389.81,389.81,0.0,0.0,2011-03-10
388.25,388.25,388.25,388.25,0.0,0.0,2011-03-13
384.18,384.18,384.18,384.18,0.0,0.0,2011-03-14
376.75,376.75,376.75,376.75,0.0,0.0,2011-03-15
378.83,378.83,378.83,378.83,0.0,0.0,2011-03-16
377.51,377.51,377.51,377.51,0.0,0.0,2011-03-17
377.6,377.6,377.6,377.6,0.0,0.0,2011-03-20
379.46,379.46,379.46,379.46,0.0,0.0,2011-03-21
379.32,379.32,379.32,379.32,0.0,0.0,2011-03-22
377.63,377.63,377.63,377.63,0.0,0.0,2011-03-23
376.67,376.67,376.67,376.67,0.0,0.0,2011-03-24
372.0,372.0,372.0,372.0,-1.24,0.0,2011-03-27
365.0,365.0,365.0,365.0,-1.96,0.0,2011-03-28
358.0,358.0,358.0,358.0,-1.82,0.0,2011-03-29
359.0,359.0,359.0,359.0,0.3,0.0,2011-03-30
365.0,365.0,365.0,365.0,1.71,0.0,2011-03-31
365.0,365.0,365.0,365.0,-0.07,0.0,2011-04-04
364.0,364.0,364.0,364.0,-0.16,0.0,2011-04-05
364.0,364.0,364.0,364.0,-0.01,0.0,2011-04-06
365.0,365.0,365.0,365.0,0.28,0.0,2011-04-07
367.0,367.0,367.0,367.0,0.32,0.0,2011-04-10
365.0,365.0,365.0,365.0,-0.34,0.0,2011-04-11
373.0,373.0,373.0,373.0,2.15,0.0,2011-04-13
368.0,368.0,368.0,368.0,-1.52,0.0,2011-04-17
365.0,365.0,365.0,365.0,-0.57,0.0,2011-04-18
364.0,364.0,364.0,364.0,-0.32,0.0,2011-04-19
361.0,361.0,361.0,361.0,-0.87,0.0,2011-04-20
358.0,358.0,358.0,358.0,-0.73,0.0,2011-04-21
357.0,357.0,357.0,357.0,-0.44,0.0,2011-04-25
356.0,356.0,356.0,356.0,-0.19,0.0,2011-04-26
350.0,350.0,350.0,350.0,-1.7,0.0,2011-04-27
348.0,348.0,348.0,348.0,-0.7,0.0,2011-04-28
345.0,345.0,345.0,345.0,-0.9,0.0,2011-05-02
340.0,340.0,340.0,340.0,-1.46,0.0,2011-05-03
339.0,339.0,339.0,339.0,-0.21,0.0,2011-05-04
340.0,340.0,340.0,340.0,0.2,0.0,2011-05-05
341.0,341.0,341.0,341.0,0.33,0.0,2011-05-08
341.0,341.0,341.0,341.0,0.05,0.0,2011-05-09
344.0,344.0,344.0,344.0,0.95,0.0,2011-05-10
345.0,345.0,345.0,345.0,0.17,0.0,2011-05-11
346.0,346.0,346.0,346.0,0.52,0.0,2011-05-12
349.0,349.0,349.0,349.0,0.8,0.0,2011-05-15
351.0,351.0,351.0,351.0,0.4,0.0,2011-05-16
347.0,347.0,347.0,347.0,-1.06,0.0,2011-05-18
345.0,345.0,345.0,345.0,-0.6,0.0,2011-05-19
344.0,344.0,344.0,344.0,-0.37,0.0,2011-05-22
342.0,342.0,342.0,342.0,-0.43,0.0,2011-05-23
342.0,342.0,342.0,342.0,-0.15,0.0,2011-05-24
342.0,342.0,342.0,342.0,0.03,0.0,2011-05-25
345.0,345.0,345.0,345.0,0.83,0.0,2011-05-26
343.0,343.0,343.0,343.0,-0.51,0.0,2011-05-30
337.0,337.0,337.0,337.0,-1.76,0.0,2011-05-31
336.0,336.0,336.0,336.0,-0.31,0.0,2011-06-01
334.0,334.0,334.0,334.0,-0.58,0.0,2011-06-02
328.0,328.0,328.0,328.0,-1.78,0.0,2011-06-05
323.0,323.0,323.0,323.0,-1.41,0.0,2011-06-06
317.0,317.0,317.0,317.0,-1.76,0.0,2011-06-07
311.0,311.0,311.0,311.0,-1.96,0.0,2011-06-08
309.0,309.0,309.0,309.0,-0.76,0.0,2011-06-09
304.0,304.0,304.0,304.0,-1.54,0.0,2011-06-12
302.0,302.0,302.0,302.0,-0.79,0.0,2011-06-13
298.0,298.0,298.0,298.0,-1.36,0.0,2011-06-14
292.0,292.0,292.0,292.0,-1.78,0.0,2011-06-15
304.0,304.0,304.0,304.0,3.84,0.0,2011-06-16
319.0,319.0,319.0,319.0,5.09,0.0,2011-06-19
331.0,331.0,331.0,331.0,3.69,0.0,2011-06-20
344.0,344.0,344.0,344.0,4.07,0.0,2011-06-21
364.0,364.0,364.0,364.0,5.86,0.0,2011-06-23
347.0,347.0,347.0,347.0,-4.84,0.0,2011-06-26
330.0,330.0,330.0,330.0,-4.98,0.0,2011-06-27
333.0,333.0,333.0,333.0,1.04,0.0,2011-06-29
337.0,337.0,337.0,337.0,1.13,0.0,2011-06-30
333.0,333.0,333.0,333.0,-1.02,0.0,2011-07-03
334.0,334.0,334.0,334.0,0.21,0.0,2011-07-04
341.0,341.0,341.0,341.0,2.06,0.0,2011-07-05
345.0,345.0,345.0,345.0,1.18,0.0,2011-07-06
341.0,341.0,341.0,341.0,-1.02,0.0,2011-07-07
346.0,346.0,346.0,346.0,1.48,0.0,2011-07-10
346.0,346.0,346.0,346.0,0.01,0.0,2011-07-11
352.0,352.0,352.0,352.0,1.79,0.0,2011-07-12
356.0,356.0,356.0,356.0,1.2,0.0,2011-07-13
363.0,363.0,363.0,363.0,1.7,0.0,2011-07-14
378.0,378.0,378.0,378.0,5.34,0.0,2011-07-17
370.0,370.0,370.0,370.0,-2.18,0.0,2011-07-18
374.0,374.0,374.0,374.0,1.08,0.0,2011-07-19
380.0,380.0,380.0,380.0,1.63,0.0,2011-07-20
377.0,377.0,377.0,377.0,-0.96,0.0,2011-07-21
365.0,365.0,365.0,365.0,-2.96,0.0,2011-07-24
360.0,360.0,360.0,360.0,-1.44,0.0,2011-07-25
357.0,357.0,357.0,357.0,-0.78,0.0,2011-07-26
364.0,364.0,364.0,364.0,1.82,0.0,2011-07-27
361.0,361.0,361.0,361.0,-0.67,0.0,2011-07-28
359.0,359.0,359.0,359.0,-1.19,0.0,2011-07-31
358.0,358.0,358.0,358.0,-0.32,0.0,2011-08-01
358.0,358.0,358.0,358.0,-0.02,0.0,2011-08-02
356.0,356.0,356.0,356.0,-0.48,0.0,2011-08-03
358.0,358.0,358.0,358.0,0.49,0.0,2011-08-04
354.0,354.0,354.0,354.0,-1.09,0.0,2011-08-07
352.0,352.0,352.0,352.0,-0.44,0.0,2011-08-08
346.0,346.0,346.0,346.0,-1.81,0.0,2011-08-09
352.0,352.0,352.0,352.0,1.79,0.0,2011-08-10
353.0,353.0,353.0,353.0,0.19,0.0,2011-08-11
353.0,353.0,353.0,353.0,0.19,0.0,2011-08-15
354.0,354.0,354.0,354.0,0.07,0.0,2011-08-16
351.0,351.0,351.0,351.0,-0.76,0.0,2011-08-17
353.0,353.0,353.0,353.0,0.44,0.0,2011-08-18
350.0,350.0,350.0,350.0,-0.76,0.0,2011-08-22
350.0,350.0,350.0,350.0,-0.05,0.0,2011-08-23
349.0,349.0,349.0,349.0,-0.17,0.0,2011-08-24
347.0,347.0,347.0,347.0,-0.57,0.0,2011-08-25
337.0,337.0,337.0,337.0,-2.82,0.0,2011-08-28
338.0,338.0,338.0,338.0,0.25,0.0,2011-08-29
340.0,340.0,340.0,340.0,0.57,0.0,2011-08-30
342.0,342.0,342.0,342.0,0.53,0.0,2011-09-01
339.0,339.0,339.0,339.0,-0.74,0.0,2011-09-04
336.0,336.0,336.0,336.0,-0.84,0.0,2011-09-05
332.0,332.0,332.0,332.0,-1.31,0.0,2011-09-06
331.0,331.0,331.0,331.0,-0.15,0.0,2011-09-07
330.0,330.0,330.0,330.0,-0.51,0.0,2011-09-08
327.0,327.0,327.0,327.0,-0.79,0.0,2011-09-12
326.0,326.0,326.0,326.0,-0.39,0.0,2011-09-13
319.0,319.0,319.0,319.0,-1.97,0.0,2011-09-14
321.0,321.0,321.0,321.0,0.57,0.0,2011-09-15
319.0,319.0,319.0,319.0,-0.82,0.0,2011-09-18
317.0,317.0,317.0,317.0,-0.37,0.0,2011-09-19
320.0,320.0,320.0,320.0,0.85,0.0,2011-09-20
323.0,323.0,323.0,323.0,0.91,0.0,2011-09-21
328.0,328.0,328.0,328.0,1.41,0.0,2011-09-22
332.0,332.0,332.0,332.0,1.23,0.0,2011-09-25
331.0,331.0,331.0,331.0,-0.15,0.0,2011-09-26
331.0,331.0,331.0,331.0,0.1,0.0,2011-09-27
331.0,331.0,331.0,331.0,0.01,0.0,2011-09-29
331.0,331.0,331.0,331.0,-0.01,0.0,2011-10-02
331.0,331.0,331.0,331.0,-0.09,0.0,2011-10-09
333.0,333.0,333.0,333.0,0.67,0.0,2011-10-10
334.0,334.0,334.0,334.0,0.36,0.0,2011-10-12
333.0,333.0,333.0,333.0,-0.3,0.0,2011-10-13
332.0,332.0,332.0,332.0,-0.56,0.0,2011-10-16
331.0,331.0,331.0,331.0,-0.18,0.0,2011-10-17
330.0,330.0,330.0,330.0,-0.32,0.0,2011-10-18
330.0,330.0,330.0,330.0,-0.09,0.0,2011-10-19
328.0,328.0,328.0,328.0,-0.45,0.0,2011-10-20
326.0,326.0,326.0,326.0,-0.54,0.0,2011-10-23
327.0,327.0,327.0,327.0,0.11,0.0,2011-10-24
328.0,328.0,328.0,328.0,0.37,0.0,2011-10-25
328.0,328.0,328.0,328.0,-0.09,0.0,2011-10-30
330.0,330.0,330.0,330.0,0.77,0.0,2011-10-31
347.0,347.0,347.0,347.0,5.03,0.0,2011-11-02
344.0,344.0,344.0,344.0,-0.95,0.0,2011-11-03
338.0,338.0,338.0,338.0,-1.64,0.0,2011-11-06
335.0,335.0,335.0,335.0,-0.93,0.0,2011-11-08
332.0,332.0,332.0,332.0,-0.7,0.0,2011-11-09
332.0,332.0,332.0,332.0,-0.19,0.0,2011-11-10
331.0,331.0,331.0,331.0,-0.38,0.0,2011-11-13
331.0,331.0,331.0,331.0,0.04,0.0,2011-11-14
327.0,327.0,327.0,327.0,-1.12,0.0,2011-11-15
326.0,326.0,326.0,326.0,-0.41,0.0,2011-11-16
329.0,329.0,329.0,329.0,1.16,0.0,2011-11-17
328.0,328.0,328.0,328.0,-0.35,0.0,2011-11-20
329.0,329.0,329.0,329.0,0.09,0.0,2011-11-21
327.0,327.0,327.0,327.0,-0.34,0.0,2011-11-22
325.0,325.0,325.0,325.0,-0.62,0.0,2011-11-23
325.0,325.0,325.0,325.0,-0.24,0.0,2011-11-24
325.0,325.0,325.0,325.0,0.03,0.0,2011-11-27
323.0,323.0,323.0,323.0,-0.41,0.0,2011-11-28
323.0,323.0,323.0,323.0,-0.35,0.0,2011-12-01
322.0,322.0,322.0,322.0,-0.14,0.0,2011-12-04
321.0,321.0,321.0,321.0,-0.27,0.0,2011-12-05
321.0,321.0,321.0,321.0,-0.1,0.0,2011-12-06
321.0,321.0,321.0,321.0,-0.18,0.0,2011-12-07
320.0,320.0,320.0,320.0,-0.11,0.0,2011-12-08
318.0,318.0,318.0,318.0,-0.8,0.0,2011-12-11
315.0,315.0,315.0,315.0,-0.93,0.0,2011-12-12
314.0,314.0,314.0,314.0,-0.32,0.0,2011-12-13
317.0,317.0,317.0,317.0,1.17,0.0,2011-12-14
316.0,316.0,316.0,316.0,-0.36,0.0,2011-12-15
314.0,314.0,314.0,314.0,-0.82,0.0,2011-12-18
313.0,313.0,313.0,313.0,-0.07,0.0,2011-12-19
314.0,314.0,314.0,314.0,0.07,0.0,2011-12-20
313.0,313.0,313.0,313.0,-0.19,0.0,2011-12-21
313.0,313.0,313.0,313.0,-0.05,0.0,2011-12-22
312.0,312.0,312.0,312.0,-0.14,0.0,2011-12-26
314.0,314.0,314.0,314.0,0.46,0.0,2011-12-27
314.0,314.0,314.0,314.0,0.08,0.0,2011-12-28
316.0,316.0,316.0,316.0,0.58,0.0,2011-12-29
319.0,319.0,319.0,319.0,0.87,0.0,2012-01-01
324.0,324.0,324.0,324.0,1.77,0.0,2012-01-02
324.0,324.0,324.0,324.0,-0.07,0.0,2012-01-03
319.0,319.0,319.0,319.0,-1.59,0.0,2012-01-04
320.0,320.0,320.0,320.0,0.18,0.0,2012-01-05
317.0,317.0,317.0,317.0,-0.79,0.0,2012-01-08
318.0,318.0,318.0,318.0,0.15,0.0,2012-01-09
320.0,320.0,320.0,320.0,0.65,0.0,2012-01-10
321.0,321.0,321.0,321.0,0.56,0.0,2012-01-11
324.0,324.0,324.0,324.0,0.68,0.0,2012-01-12
322.0,322.0,322.0,322.0,-0.44,0.0,2012-01-16
322.0,322.0,322.0,322.0,-0.01,0.0,2012-01-17
320.0,320.0,320.0,320.0,-0.69,0.0,2012-01-18
321.0,321.0,321.0,321.0,0.19,0.0,2012-01-19
320.0,320.0,320.0,320.0,-0.11,0.0,2012-01-22
318.0,318.0,318.0,318.0,-0.73,0.0,2012-01-23
318.0,318.0,318.0,318.0,-0.08,0.0,2012-01-25
317.0,317.0,317.0,317.0,-0.29,0.0,2012-01-26
317.0,317.0,317.0,317.0,-0.05,0.0,2012-01-29
316.0,316.0,316.0,316.0,-0.17,0.0,2012-01-31
317.0,317.0,317.0,317.0,0.26,0.0,2012-02-01
316.0,316.0,316.0,316.0,-0.1,0.0,2012-02-02
315.0,315.0,315.0,315.0,-0.55,0.0,2012-02-05
314.0,314.0,314.0,314.0,-0.24,0.0,2012-02-06
313.0,313.0,313.0,313.0,-0.28,0.0,2012-02-07
312.0,312.0,312.0,312.0,-0.2,0.0,2012-02-08
312.0,312.0,312.0,312.0,-0.11,0.0,2012-02-09
312.0,312.0,312.0,312.0,-0.07,0.0,2012-02-12
313.0,313.0,313.0,313.0,0.3,0.0,2012-02-13
312.0,312.0,312.0,312.0,-0.3,0.0,2012-02-14
312.0,312.0,312.0,312.0,-0.03,0.0,2012-02-15
312.0,312.0,312.0,312.0,0.12,0.0,2012-02-17
312.0,312.0,312.0,312.0,-0.08,0.0,2012-02-21
313.0,313.0,313.0,313.0,0.23,0.0,2012-02-23
312.0,312.0,312.0,312.0,-0.04,0.0,2012-02-26
312.0,312.0,312.0,312.0,-0.04,0.0,2012-02-27
315.0,315.0,315.0,315.0,0.76,0.0,2012-02-28
315.0,315.0,315.0,315.0,0.14,0.0,2012-02-29
317.0,317.0,317.0,317.0,0.71,0.0,2012-03-01
316.0,316.0,316.0,316.0,-0.51,0.0,2012-03-04
316.0,316.0,316.0,316.0,0.22,0.0,2012-03-05
316.0,316.0,316.0,316.0,-0.18,0.0,2012-03-06
315.0,315.0,315.0,315.0,-0.14,0.0,2012-03-11
314.0,314.0,314.0,314.0,-0.5,0.0,2012-03-12
314.0,314.0,314.0,314.0,0.03,0.0,2012-03-13
313.0,313.0,313.0,313.0,-0.28,0.0,2012-03-14
311.0,311.0,311.0,311.0,-0.72,0.0,2012-03-15
303.0,303.0,303.0,303.0,-2.44,0.0,2012-03-18
303.0,303.0,303.0,303.0,-0.13,0.0,2012-03-19
302.0,302.0,302.0,302.0,-0.39,0.0,2012-03-20
304.0,304.0,304.0,304.0,0.69,0.0,2012-03-21
303.0,303.0,303.0,303.0,-0.34,0.0,2012-03-25
301.0,301.0,301.0,301.0,-0.62,0.0,2012-03-26
300.0,300.0,300.0,300.0,-0.1,0.0,2012-03-27
300.0,300.0,300.0,300.0,-0.11,0.0,2012-03-28
299.0,299.0,299.0,299.0,-0.41,0.0,2012-03-29
299.0,299.0,299.0,299.0,0.15,0.0,2012-04-01
301.0,301.0,301.0,301.0,0.66,0.0,2012-04-02
302.0,302.0,302.0,302.0,0.13,0.0,2012-04-03
302.0,302.0,302.0,302.0,0.06,0.0,2012-04-04
302.0,302.0,302.0,302.0,0.19,0.0,2012-04-05
303.0,303.0,303.0,303.0,0.15,0.0,2012-04-08
304.0,304.0,304.0,304.0,0.26,0.0,2012-04-09
306.0,306.0,306.0,306.0,0.76,0.0,2012-04-10
309.0,309.0,309.0,309.0,1.04,0.0,2012-04-11
320.0,320.0,320.0,320.0,3.48,0.0,2012-04-12
337.0,337.0,337.0,337.0,5.44,0.0,2012-04-15
355.0,355.0,355.0,355.0,5.09,0.0,2012-04-16
336.0,336.0,336.0,336.0,-5.13,0.0,2012-04-17
348.0,348.0,348.0,348.0,3.45,0.0,2012-04-18
355.0,355.0,355.0,355.0,1.97,0.0,2012-04-19
369.0,369.0,369.0,369.0,4.04,0.0,2012-04-22
388.0,388.0,388.0,388.0,5.22,0.0,2012-04-24
409.0,409.0,409.0,409.0,5.43,0.0,2012-04-25
425.0,425.0,425.0,425.0,3.92,0.0,2012-04-26
423.0,423.0,423.0,423.0,-0.58,0.0,2012-04-29
405.0,405.0,405.0,405.0,-4.32,0.0,2012-04-30
384.0,384.0,384.0,384.0,-5.03,0.0,2012-05-02
404.0,404.0,404.0,404.0,5.16,0.0,2012-05-03
428.0,428.0,428.0,428.0,5.98,0.0,2012-05-07
433.0,433.0,433.0,433.0,1.02,0.0,2012-05-08
420.0,420.0,420.0,420.0,-3.01,0.0,2012-05-09
411.0,411.0,411.0,411.0,-2.0,0.0,2012-05-10
391.0,391.0,391.0,391.0,-5.05,0.0,2012-05-13
373.0,373.0,373.0,373.0,-4.46,0.0,2012-05-14
392.0,392.0,392.0,392.0,5.01,0.0,2012-05-15
412.0,412.0,412.0,412.0,5.18,0.0,2012-05-16
416.0,416.0,416.0,416.0,1.01,0.0,2012-05-17
409.0,409.0,409.0,409.0,-1.87,0.0,2012-05-20
414.0,414.0,414.0,414.0,1.36,0.0,2012-05-21
406.0,406.0,406.0,406.0,-1.95,0.0,2012-05-22
386.0,386.0,386.0,386.0,-5.03,0.0,2012-05-23
399.0,399.0,399.0,399.0,3.35,0.0,2012-05-24
413.0,413.0,413.0,413.0,3.58,0.0,2012-05-27
392.0,392.0,392.0,392.0,-5.08,0.0,2012-05-29
373.0,373.0,373.0,373.0,-4.77,0.0,2012-05-30
374.0,374.0,374.0,374.0,0.09,0.0,2012-05-31
391.0,391.0,391.0,391.0,4.67,0.0,2012-06-03
382.0,382.0,382.0,382.0,-2.4,0.0,2012-06-04
373.0,373.0,373.0,373.0,-2.24,0.0,2012-06-05
366.0,366.0,366.0,366.0,-2.01,0.0,2012-06-06
370.0,370.0,370.0,370.0,1.16,0.0,2012-06-07
364.0,364.0,364.0,364.0,-1.69,0.0,2012-06-10
366.0,366.0,366.0,366.0,0.77,0.0,2012-06-11
368.0,368.0,368.0,368.0,0.44,0.0,2012-06-12
366.0,366.0,366.0,366.0,-0.47,0.0,2012-06-13
365.0,365.0,365.0,365.0,-0.42,0.0,2012-06-14
361.0,361.0,361.0,361.0,-1.01,0.0,2012-06-17
363.0,363.0,363.0,363.0,0.46,0.0,2012-06-18
362.0,362.0,362.0,362.0,-0.31,0.0,2012-06-19
364.0,364.0,364.0,364.0,0.56,0.0,2012-06-20
365.0,365.0,365.0,365.0,0.44,0.0,2012-06-21
375.0,375.0,375.0,375.0,2.81,0.0,2012-06-25
368.0,368.0,368.0,368.0,-1.84,0.0,2012-06-26
374.0,374.0,374.0,374.0,1.43,0.0,2012-06-27
377.0,377.0,377.0,377.0,1.0,0.0,2012-06-28
375.0,375.0,375.0,375.0,-0.78,0.0,2012-07-01
373.0,373.0,373.0,373.0,-0.43,0.0,2012-07-02
374.0,374.0,374.0,374.0,0.36,0.0,2012-07-03
377.0,377.0,377.0,377.0,0.78,0.0,2012-07-04
377.0,377.0,377.0,377.0,0.05,0.0,2012-07-05
378.0,378.0,378.0,378.0,0.09,0.0,2012-07-08
380.0,380.0,380.0,380.0,0.63,0.0,2012-07-09
385.0,385.0,385.0,385.0,1.36,0.0,2012-07-10
384.0,384.0,384.0,384.0,-0.32,0.0,2012-07-11
383.0,383.0,383.0,383.0,-0.16,0.0,2012-07-12
390.0,390.0,390.0,390.0,1.63,0.0,2012-07-15
385.0,385.0,385.0,385.0,-1.23,0.0,2012-07-16
386.0,386.0,386.0,386.0,0.29,0.0,2012-07-17
392.0,392.0,392.0,392.0,1.55,0.0,2012-07-18
395.0,395.0,395.0,395.0,0.87,0.0,2012-07-19
405.0,405.0,405.0,405.0,2.35,0.0,2012-07-22
408.0,408.0,408.0,408.0,0.9,0.0,2012-07-23
406.0,406.0,406.0,406.0,-0.51,0.0,2012-07-24
405.0,405.0,405.0,405.0,-0.31,0.0,2012-07-25
402.0,402.0,402.0,402.0,-0.86,0.0,2012-07-26
396.0,396.0,396.0,396.0,-1.38,0.0,2012-07-29
401.0,401.0,401.0,401.0,1.15,0.0,2012-07-30
401.0,401.0,401.0,401.0,0.09,0.0,2012-07-31
402.0,402.0,402.0,402.0,0.3,0.0,2012-08-01
403.0,403.0,403.0,403.0,0.18,0.0,2012-08-05
403.0,403.0,403.0,403.0,0.05,0.0,2012-08-06
404.0,404.0,404.0,404.0,0.24,0.0,2012-08-07
402.0,402.0,402.0,402.0,-0.41,0.0,2012-08-08
399.0,399.0,399.0,399.0,-0.81,0.0,2012-08-12
400.0,400.0,400.0,400.0,0.14,0.0,2012-08-13
397.0,397.0,397.0,397.0,-0.65,0.0,2012-08-14
392.0,392.0,392.0,392.0,-1.3,0.0,2012-08-15
398.0,398.0,398.0,398.0,1.59,0.0,2012-08-16
396.0,396.0,396.0,396.0,-0.65,0.0,2012-08-19
396.0,396.0,396.0,396.0,0.15,0.0,2012-08-21
397.0,397.0,397.0,397.0,0.15,0.0,2012-08-22
398.0,398.0,398.0,398.0,0.18,0.0,2012-08-23
397.0,397.0,397.0,397.0,-0.09,0.0,2012-08-26
406.0,406.0,406.0,406.0,2.17,0.0,2012-08-27
406.0,406.0,406.0,406.0,0.09,0.0,2012-08-28
407.0,407.0,407.0,407.0,0.22,0.0,2012-08-29
406.0,406.0,406.0,406.0,-0.3,0.0,2012-08-30
412.0,412.0,412.0,412.0,1.49,0.0,2012-09-02
412.0,412.0,412.0,412.0,-0.01,0.0,2012-09-03
409.0,409.0,409.0,409.0,-0.67,0.0,2012-09-04
407.0,407.0,407.0,407.0,-0.42,0.0,2012-09-05
408.0,408.0,408.0,408.0,0.26,0.0,2012-09-06
408.0,408.0,408.0,408.0,-0.13,0.0,2012-09-09
408.0,408.0,408.0,408.0,-0.06,0.0,2012-09-10
412.0,412.0,412.0,412.0,1.18,0.0,2012-09-11
414.0,414.0,414.0,414.0,0.45,0.0,2012-09-12
419.0,419.0,419.0,419.0,1.09,0.0,2012-09-13
421.0,421.0,421.0,421.0,0.46,0.0,2012-09-16
422.0,422.0,422.0,422.0,0.34,0.0,2012-09-17
425.0,425.0,425.0,425.0,0.76,0.0,2012-09-18
422.0,422.0,422.0,422.0,-0.86,0.0,2012-09-19
420.0,420.0,420.0,420.0,-0.32,0.0,2012-09-20
415.0,415.0,415.0,415.0,-1.27,0.0,2012-09-23
415.0,415.0,415.0,415.0,-0.15,0.0,2012-09-24
414.0,414.0,414.0,414.0,-0.11,0.0,2012-09-25
414.0,414.0,414.0,414.0,-0.1,0.0,2012-09-26
415.0,415.0,415.0,415.0,-0.17,0.0,2012-09-30
417.0,417.0,417.0,417.0,0.45,0.0,2012-10-01
417.0,417.0,417.0,417.0,0.12,0.0,2012-10-02
417.0,417.0,417.0,417.0,-0.02,0.0,2012-10-03
424.0,424.0,424.0,424.0,1.49,0.0,2012-10-04
428.0,428.0,428.0,428.0,1.03,0.0,2012-10-07
427.0,427.0,427.0,427.0,-0.31,0.0,2012-10-08
426.0,426.0,426.0,426.0,-0.1,0.0,2012-10-09
425.0,425.0,425.0,425.0,-0.33,0.0,2012-10-10
424.0,424.0,424.0,424.0,-0.08,0.0,2012-10-11
427.0,427.0,427.0,427.0,0.52,0.0,2012-10-14
427.0,427.0,427.0,427.0,0.16,0.0,2012-10-15
433.0,433.0,433.0,433.0,1.37,0.0,2012-10-17
437.0,437.0,437.0,437.0,0.81,0.0,2012-10-18
448.0,448.0,448.0,448.0,2.55,0.0,2012-10-30
451.0,451.0,451.0,451.0,0.8,0.0,2012-10-31
448.0,448.0,448.0,448.0,-0.76,0.0,2012-11-01
452.0,452.0,452.0,452.0,0.92,0.0,2012-11-04
458.0,458.0,458.0,458.0,1.35,0.0,2012-11-05
463.0,463.0,463.0,463.0,1.13,0.0,2012-11-06
475.0,475.0,475.0,475.0,2.55,0.0,2012-11-07
483.0,483.0,483.0,483.0,1.55,0.0,2012-11-08
475.0,475.0,475.0,475.0,-1.45,0.0,2012-11-11
481.0,481.0,481.0,481.0,1.13,0.0,2012-11-12
493.0,493.0,493.0,493.0,2.49,0.0,2012-11-18
502.0,502.0,502.0,502.0,1.77,0.0,2012-11-20
499.0,499.0,499.0,499.0,-0.44,0.0,2012-11-21
497.0,497.0,497.0,497.0,-0.45,0.0,2012-11-22
497.0,497.0,497.0,497.0,0.06,0.0,2012-11-25
495.0,495.0,495.0,495.0,-0.51,0.0,2012-11-26
493.0,493.0,493.0,493.0,-0.34,0.0,2012-11-27
493.0,493.0,493.0,493.0,-0.07,0.0,2012-11-28
489.0,489.0,489.0,489.0,-0.78,0.0,2012-11-29
484.0,484.0,484.0,484.0,-1.05,0.0,2012-12-02
482.0,482.0,482.0,482.0,-0.39,0.0,2012-12-03
490.0,490.0,490.0,490.0,1.75,0.0,2012-12-04
500.0,500.0,500.0,500.0,1.91,0.0,2012-12-05
498.0,498.0,498.0,498.0,-0.42,0.0,2012-12-06
488.0,488.0,488.0,488.0,-1.94,0.0,2012-12-09
488.0,488.0,488.0,488.0,-0.07,0.0,2012-12-10
489.0,489.0,489.0,489.0,0.23,0.0,2012-12-11
493.0,493.0,493.0,493.0,0.83,0.0,2012-12-12
497.0,497.0,497.0,497.0,0.8,0.0,2012-12-13
509.0,509.0,509.0,509.0,2.43,0.0,2012-12-16
513.0,513.0,513.0,513.0,0.84,0.0,2012-12-17
510.0,510.0,510.0,510.0,-0.6,0.0,2012-12-18
514.0,514.0,514.0,514.0,0.71,0.0,2012-12-19
518.0,518.0,518.0,518.0,0.78,0.0,2012-12-20
520.0,520.0,520.0,520.0,0.34,0.0,2012-12-23
526.0,526.0,526.0,526.0,1.16,0.0,2012-12-24
537.0,537.0,537.0,537.0,2.06,0.0,2012-12-26
541.0,541.0,541.0,541.0,0.86,0.0,2012-12-27
534.0,534.0,534.0,534.0,-1.29,0.0,2012-12-31
531.0,531.0,531.0,531.0,-0.63,0.0,2013-01-01
532.0,532.0,532.0,532.0,0.21,0.0,2013-01-02
534.0,534.0,534.0,534.0,0.32,0.0,2013-01-03
532.0,532.0,532.0,532.0,-0.34,0.0,2013-01-06
529.0,529.0,529.0,529.0,-0.47,0.0,2013-01-07
529.0,529.0,529.0,529.0,-0.08,0.0,2013-01-08
525.0,525.0,525.0,525.0,-0.64,0.0,2013-01-09
529.0,529.0,529.0,529.0,0.66,0.0,2013-01-10
530.0,530.0,530.0,530.0,0.17,0.0,2013-01-13
530.0,530.0,530.0,530.0,0.08,0.0,2013-01-15
528.0,528.0,528.0,528.0,-0.4,0.0,2013-01-16
521.0,521.0,521.0,521.0,-1.37,0.0,2013-01-17
508.0,508.0,508.0,508.0,-2.41,0.0,2013-01-20
518.0,518.0,518.0,518.0,1.95,0.0,2013-01-21
523.0,523.0,523.0,523.0,0.84,0.0,2013-01-22
517.0,517.0,517.0,517.0,-1.04,0.0,2013-01-23
514.0,514.0,514.0,514.0,-0.56,0.0,2013-01-24
514.0,514.0,514.0,514.0,0.04,0.0,2013-01-27
514.0,514.0,514.0,514.0,0.0,0.0,2013-01-28
512.0,512.0,512.0,512.0,-0.5,0.0,2013-01-30
511.0,511.0,511.0,511.0,-0.2,0.0,2013-01-31
516.0,516.0,516.0,516.0,1.0,0.0,2013-02-03
517.0,517.0,517.0,517.0,0.1,0.0,2013-02-04
515.0,515.0,515.0,515.0,-0.22,0.0,2013-02-05
513.0,513.0,513.0,513.0,-0.42,0.0,2013-02-06
513.0,513.0,513.0,513.0,-0.11,0.0,2013-02-07
515.0,515.0,515.0,515.0,0.22,0.0,2013-02-10
533.0,533.0,533.0,533.0,3.53,0.0,2013-02-12
527.0,527.0,527.0,527.0,-1.11,0.0,2013-02-13
530.0,530.0,530.0,530.0,0.61,0.0,2013-02-14
556.0,556.0,556.0,556.0,4.85,0.0,2013-02-17
549.0,549.0,549.0,549.0,-1.26,0.0,2013-02-19
539.0,539.0,539.0,539.0,-1.76,0.0,2013-02-20
544.0,544.0,544.0,544.0,0.89,0.0,2013-02-21
539.0,539.0,539.0,539.0,-1.03,0.0,2013-02-24
544.0,544.0,544.0,544.0,1.06,0.0,2013-02-25
546.0,546.0,546.0,546.0,0.24,0.0,2013-02-26
540.0,540.0,540.0,540.0,-0.97,0.0,2013-02-27
542.0,542.0,542.0,542.0,0.4,0.0,2013-02-28
542.0,542.0,542.0,542.0,-0.16,0.0,2013-03-03
541.0,541.0,541.0,541.0,-0.07,0.0,2013-03-04
538.0,538.0,538.0,538.0,-0.51,0.0,2013-03-05
541.0,541.0,541.0,541.0,0.46,0.0,2013-03-06
539.0,539.0,539.0,539.0,-0.31,0.0,2013-03-07
540.0,540.0,540.0,540.0,0.07,0.0,2013-03-11
546.0,546.0,546.0,546.0,1.2,0.0,2013-03-13
548.0,548.0,548.0,548.0,0.41,0.0,2013-03-14
535.0,535.0,535.0,535.0,-2.41,0.0,2013-03-17
531.0,531.0,531.0,531.0,-0.87,0.0,2013-03-18
532.0,532.0,532.0,532.0,0.29,0.0,2013-03-19
528.0,528.0,528.0,528.0,-0.71,0.0,2013-03-20
528.0,528.0,528.0,528.0,-0.07,0.0,2013-03-21
520.0,520.0,520.0,520.0,-1.57,0.0,2013-03-24
522.0,522.0,522.0,522.0,0.46,0.0,2013-03-25
521.0,521.0,521.0,521.0,-0.25,0.0,2013-03-27
519.0,519.0,519.0,519.0,-0.37,0.0,2013-03-28
511.0,511.0,511.0,511.0,-1.41,0.0,2013-03-31
514.0,514.0,514.0,514.0,0.44,0.0,2013-04-01
519.0,519.0,519.0,519.0,1.03,0.0,2013-04-02
518.0,518.0,518.0,518.0,-0.18,0.0,2013-04-03
513.0,513.0,513.0,513.0,-0.93,0.0,2013-04-04
516.0,516.0,516.0,516.0,0.53,0.0,2013-04-07
515.0,515.0,515.0,515.0,-0.22,0.0,2013-04-08
519.0,519.0,519.0,519.0,0.85,0.0,2013-04-09
523.0,523.0,523.0,523.0,0.8,0.0,2013-04-11
521.0,521.0,521.0,521.0,-0.38,0.0,2013-04-15
521.0,521.0,521.0,521.0,-0.14,0.0,2013-04-16
519.0,519.0,519.0,519.0,-0.28,0.0,2013-04-17
519.0,519.0,519.0,519.0,-0.04,0.0,2013-04-18
514.0,514.0,514.0,514.0,-1.04,0.0,2013-04-21
504.0,504.0,504.0,504.0,-1.85,0.0,2013-04-22
509.0,509.0,509.0,509.0,0.97,0.0,2013-04-23
508.0,508.0,508.0,508.0,-0.14,0.0,2013-04-25
505.0,505.0,505.0,505.0,-0.65,0.0,2013-04-28
502.0,502.0,502.0,502.0,-0.53,0.0,2013-04-29
501.0,501.0,501.0,501.0,-0.32,0.0,2013-04-30
493.0,493.0,493.0,493.0,-1.58,0.0,2013-05-02
488.0,488.0,488.0,488.0,-1.0,0.0,2013-05-05
482.0,482.0,482.0,482.0,-1.23,0.0,2013-05-06
490.0,490.0,490.0,490.0,1.76,0.0,2013-05-07
486.0,486.0,486.0,486.0,-0.83,0.0,2013-05-08
486.0,486.0,486.0,486.0,-0.02,0.0,2013-05-09
483.0,483.0,483.0,483.0,-0.59,0.0,2013-05-12
489.0,489.0,489.0,489.0,1.1,0.0,2013-05-13
491.0,491.0,491.0,491.0,0.38,0.0,2013-05-14
494.0,494.0,494.0,494.0,0.8,0.0,2013-05-15
500.0,500.0,500.0,500.0,1.11,0.0,2013-05-16
498.0,498.0,498.0,498.0,-0.43,0.0,2013-05-19
497.0,497.0,497.0,497.0,-0.07,0.0,2013-05-20
500.0,500.0,500.0,500.0,0.55,0.0,2013-05-21
499.0,499.0,499.0,499.0,-0.29,0.0,2013-05-22
497.0,497.0,497.0,497.0,-0.38,0.0,2013-05-23
499.0,499.0,499.0,499.0,0.43,0.0,2013-05-26
504.0,504.0,504.0,504.0,0.93,0.0,2013-05-27
501.0,501.0,501.0,501.0,-0.57,0.0,2013-05-28
500.0,500.0,500.0,500.0,-0.12,0.0,2013-05-30
497.0,497.0,497.0,497.0,-0.68,0.0,2013-06-02
499.0,499.0,499.0,499.0,0.42,0.0,2013-06-03
498.0,498.0,498.0,498.0,-0.07,0.0,2013-06-04
498.0,498.0,498.0,498.0,-0.04,0.0,2013-06-05
498.0,498.0,498.0,498.0,0.02,0.0,2013-06-06
497.0,497.0,497.0,497.0,-0.19,0.0,2013-06-09
496.0,496.0,496.0,496.0,-0.32,0.0,2013-06-10
496.0,496.0,496.0,496.0,-0.05,0.0,2013-06-11
495.0,495.0,495.0,495.0,-0.04,0.0,2013-06-12
494.0,494.0,494.0,494.0,-0.2,0.0,2013-06-13
495.0,495.0,495.0,495.0,0.12,0.0,2013-06-16
493.0,493.0,493.0,493.0,-0.31,0.0,2013-06-17
491.0,491.0,491.0,491.0,-0.48,0.0,2013-06-18
490.0,490.0,490.0,490.0,-0.21,0.0,2013-06-19
488.0,488.0,488.0,488.0,-0.31,0.0,2013-06-20
488.0,488.0,488.0,488.0,-0.19,0.0,2013-06-23
489.0,489.0,489.0,489.0,0.29,0.0,2013-06-24
494.0,494.0,494.0,494.0,1.02,0.0,2013-06-25
498.0,498.0,498.0,498.0,0.84,0.0,2013-06-26
496.0,496.0,496.0,496.0,-0.5,0.0,2013-06-27
493.0,493.0,493.0,493.0,-0.49,0.0,2013-06-30
494.0,494.0,494.0,494.0,0.24,0.0,2013-07-01
494.0,494.0,494.0,494.0,0.0,0.0,2013-07-02
494.0,494.0,494.0,494.0,0.02,0.0,2013-07-03
494.0,494.0,494.0,494.0,-0.16,0.0,2013-07-04
494.0,494.0,494.0,494.0,0.15,0.0,2013-07-07
501.0,501.0,501.0,501.0,1.32,0.0,2013-07-08
506.0,506.0,506.0,506.0,0.93,0.0,2013-07-09
505.0,505.0,505.0,505.0,-0.06,0.0,2013-07-10
506.0,506.0,506.0,506.0,0.22,0.0,2013-07-11
511.0,511.0,511.0,511.0,0.91,0.0,2013-07-14
518.0,518.0,518.0,518.0,1.41,0.0,2013-07-15
509.0,509.0,509.0,509.0,-1.73,0.0,2013-07-16
512.0,512.0,512.0,512.0,0.45,0.0,2013-07-17
522.0,522.0,522.0,522.0,1.94,0.0,2013-07-18
536.0,536.0,536.0,536.0,2.72,0.0,2013-07-21
533.0,533.0,533.0,533.0,-0.53,0.0,2013-07-22
533.0,533.0,533.0,533.0,0.02,0.0,2013-07-23
530.0,530.0,530.0,530.0,-0.62,0.0,2013-07-24
529.0,529.0,529.0,529.0,-0.11,0.0,2013-07-25
534.0,534.0,534.0,534.0,0.97,0.0,2013-07-28
539.0,539.0,539.0,539.0,0.9,0.0,2013-07-29
546.0,546.0,546.0,546.0,1.28,0.0,2013-07-30
548.0,548.0,548.0,548.0,0.3,0.0,2013-07-31
547.0,547.0,547.0,547.0,-0.14,0.0,2013-08-01
547.0,547.0,547.0,547.0,-0.05,0.0,2013-08-04
541.0,541.0,541.0,541.0,-1.04,0.0,2013-08-05
543.0,543.0,543.0,543.0,0.36,0.0,2013-08-06
542.0,542.0,542.0,542.0,-0.09,0.0,2013-08-07
543.0,543.0,543.0,543.0,0.05,0.0,2013-08-08
539.0,539.0,539.0,539.0,-0.59,0.0,2013-08-11
539.0,539.0,539.0,539.0,-0.16,0.0,2013-08-12
538.0,538.0,538.0,538.0,-0.03,0.0,2013-08-13
537.0,537.0,537.0,537.0,-0.23,0.0,2013-08-14
536.0,536.0,536.0,536.0,-0.13,0.0,2013-08-15
540.0,540.0,540.0,540.0,0.76,0.0,2013-08-18
544.0,544.0,544.0,544.0,0.6,0.0,2013-08-19
548.0,548.0,548.0,548.0,0.85,0.0,2013-08-20
548.0,548.0,548.0,548.0,-0.05,0.0,2013-08-25
547.0,547.0,547.0,547.0,-0.25,0.0,2013-08-26
552.0,552.0,552.0,552.0,1.01,0.0,2013-08-27
551.0,551.0,551.0,551.0,-0.14,0.0,2013-08-29
552.0,552.0,552.0,552.0,0.03,0.0,2013-09-01
550.0,550.0,550.0,550.0,-0.23,0.0,2013-09-02
548.0,548.0,548.0,548.0,-0.39,0.0,2013-09-03
546.0,546.0,546.0,546.0,-0.48,0.0,2013-09-04
546.0,546.0,546.0,546.0,0.18,0.0,2013-09-05
552.0,552.0,552.0,552.0,1.01,0.0,2013-09-08
552.0,552.0,552.0,552.0,0.05,0.0,2013-09-09
548.0,548.0,548.0,548.0,-0.85,0.0,2013-09-10
548.0,548.0,548.0,548.0,0.16,0.0,2013-09-11
550.0,550.0,550.0,550.0,0.25,0.0,2013-09-12
550.0,550.0,550.0,550.0,0.03,0.0,2013-09-15
552.0,552.0,552.0,552.0,0.36,0.0,2013-09-16
552.0,552.0,552.0,552.0,-0.01,0.0,2013-09-17
549.0,549.0,549.0,549.0,-0.54,0.0,2013-09-19
542.0,542.0,542.0,542.0,-1.36,0.0,2013-09-22
538.0,538.0,538.0,538.0,-0.59,0.0,2013-09-23
542.0,542.0,542.0,542.0,0.68,0.0,2013-09-24
543.0,543.0,543.0,543.0,0.25,0.0,2013-09-25
542.0,542.0,542.0,542.0,-0.3,0.0,2013-09-26
542.0,542.0,542.0,542.0,0.03,0.0,2013-09-29
542.0,542.0,542.0,542.0,0.02,0.0,2013-09-30
542.0,542.0,542.0,542.0,-0.02,0.0,2013-10-01
543.0,543.0,543.0,543.0,0.28,0.0,2013-10-02
545.0,545.0,545.0,545.0,0.42,0.0,2013-10-03
552.0,552.0,552.0,552.0,1.13,0.0,2013-10-06
556.0,556.0,556.0,556.0,0.73,0.0,2013-10-07
557.0,557.0,557.0,557.0,0.2,0.0,2013-10-08
560.0,560.0,560.0,560.0,0.66,0.0,2013-10-09
567.0,567.0,567.0,567.0,1.16,0.0,2013-10-10
572.0,572.0,572.0,572.0,0.85,0.0,2013-10-17
584.0,584.0,584.0,584.0,2.15,0.0,2013-10-20
588.0,588.0,588.0,588.0,0.66,0.0,2013-10-21
582.0,582.0,582.0,582.0,-1.04,0.0,2013-10-22
581.0,581.0,581.0,581.0,-0.21,0.0,2013-10-23
580.0,580.0,580.0,580.0,-0.16,0.0,2013-10-24
578.0,578.0,578.0,578.0,-0.31,0.0,2013-10-27
575.0,575.0,575.0,575.0,-0.41,0.0,2013-10-28
576.0,576.0,576.0,576.0,0.04,0.0,2013-10-29
579.0,579.0,579.0,579.0,0.53,0.0,2013-10-30
579.0,579.0,579.0,579.0,0.13,0.0,2013-10-31
579.0,579.0,579.0,579.0,-0.03,0.0,2013-11-06
579.0,579.0,579.0,579.0,0.04,0.0,2013-11-07
580.0,580.0,580.0,580.0,0.17,0.0,2013-11-10
591.0,591.0,591.0,591.0,1.86,0.0,2013-11-11
598.0,598.0,598.0,598.0,1.15,0.0,2013-11-12
600.0,600.0,600.0,600.0,0.34,0.0,2013-11-13
600.0,600.0,600.0,600.0,0.05,0.0,2013-11-14
634.0,634.0,634.0,634.0,5.64,0.0,2013-11-21
657.0,657.0,657.0,657.0,3.53,0.0,2013-11-24
648.0,648.0,648.0,648.0,-1.33,0.0,2013-11-25
649.0,649.0,649.0,649.0,0.17,0.0,2013-11-26
647.0,647.0,647.0,647.0,-0.3,0.0,2013-11-27
644.0,644.0,644.0,644.0,-0.5,0.0,2013-11-28
652.0,652.0,652.0,652.0,1.24,0.0,2013-12-01
662.0,662.0,662.0,662.0,1.51,0.0,2013-12-02
678.0,678.0,678.0,678.0,2.42,0.0,2013-12-03
701.0,701.0,701.0,701.0,3.39,0.0,2013-12-04
707.0,707.0,707.0,707.0,0.94,0.0,2013-12-05
702.0,702.0,702.0,702.0,-0.69,0.0,2013-12-08
704.0,704.0,704.0,704.0,0.23,0.0,2013-12-09
700.0,700.0,700.0,700.0,-0.61,0.0,2013-12-10
711.0,711.0,711.0,711.0,1.56,0.0,2013-12-11
714.0,714.0,714.0,714.0,0.44,0.0,2013-12-12
733.0,733.0,733.0,733.0,2.71,0.0,2013-12-15
771.0,771.0,771.0,771.0,5.18,0.0,2013-12-16
807.0,807.0,807.0,807.0,4.62,0.0,2013-12-18
806.0,806.0,806.0,806.0,-0.14,0.0,2013-12-19
795.0,795.0,795.0,795.0,-1.3,0.0,2013-12-22
769.0,769.0,769.0,769.0,-3.33,0.0,2013-12-23
777.0,777.0,777.0,777.0,1.1,0.0,2013-12-24
787.0,787.0,787.0,787.0,1.3,0.0,2013-12-26
780.0,780.0,780.0,780.0,-0.96,0.0,2013-12-29
771.0,771.0,771.0,771.0,-1.14,0.0,2013-12-31
754.0,754.0,754.0,754.0,-2.13,0.0,2014-01-01
764.0,764.0,764.0,764.0,1.24,0.0,2014-01-02
758.0,758.0,758.0,758.0,-0.69,0.0,2014-01-05
757.0,757.0,757.0,757.0,-0.16,0.0,2014-01-06
762.0,762.0,762.0,762.0,0.56,0.0,2014-01-07
772.0,772.0,772.0,772.0,1.34,0.0,2014-01-08
773.0,773.0,773.0,773.0,0.14,0.0,2014-01-09
782.0,782.0,782.0,782.0,1.22,0.0,2014-01-12
782.0,782.0,782.0,782.0,0.02,0.0,2014-01-13
787.0,787.0,787.0,787.0,0.63,0.0,2014-01-14
795.0,795.0,795.0,795.0,0.93,0.0,2014-01-16
795.0,795.0,795.0,795.0,0.07,0.0,2014-01-19
790.0,790.0,790.0,790.0,-0.62,0.0,2014-01-20
785.0,785.0,785.0,785.0,-0.61,0.0,2014-01-21
784.0,784.0,784.0,784.0,-0.19,0.0,2014-01-22
786.0,786.0,786.0,786.0,0.23,0.0,2014-01-23
784.0,784.0,784.0,784.0,-0.26,0.0,2014-01-26
780.0,780.0,780.0,780.0,-0.41,0.0,2014-01-27
782.0,782.0,782.0,782.0,0.24,0.0,2014-01-28
781.0,781.0,781.0,781.0,-0.12,0.0,2014-01-29
776.0,776.0,776.0,776.0,-0.71,0.0,2014-02-02
770.0,770.0,770.0,770.0,-0.83,0.0,2014-02-03
775.0,775.0,775.0,775.0,0.7,0.0,2014-02-04
781.0,781.0,781.0,781.0,0.83,0.0,2014-02-05
786.0,786.0,786.0,786.0,0.56,0.0,2014-02-06
784.0,784.0,784.0,784.0,-0.23,0.0,2014-02-09
803.0,803.0,803.0,803.0,2.44,0.0,2014-02-10
797.0,797.0,797.0,797.0,-0.82,0.0,2014-02-11
798.0,798.0,798.0,798.0,0.22,0.0,2014-02-12
803.0,803.0,803.0,803.0,0.6,0.0,2014-02-13
801.0,801.0,801.0,801.0,-0.22,0.0,2014-02-16
804.0,804.0,804.0,804.0,0.3,0.0,2014-02-17
815.0,815.0,815.0,815.0,1.34,0.0,2014-02-18
823.0,823.0,823.0,823.0,1.0,0.0,2014-02-20
832.0,832.0,832.0,832.0,1.12,0.0,2014-02-23
830.0,830.0,830.0,830.0,-0.24,0.0,2014-02-24
829.0,829.0,829.0,829.0,-0.05,0.0,2014-02-25
826.0,826.0,826.0,826.0,-0.45,0.0,2014-02-26
811.0,811.0,811.0,811.0,-1.78,0.0,2014-03-03
800.0,800.0,800.0,800.0,-1.36,0.0,2014-03-04
810.0,810.0,810.0,810.0,1.3,0.0,2014-03-05
806.0,806.0,806.0,806.0,-0.6,0.0,2014-03-06
797.0,797.0,797.0,797.0,-1.13,0.0,2014-03-09
794.0,794.0,794.0,794.0,-0.37,0.0,2014-03-10
788.0,788.0,788.0,788.0,-0.7,0.0,2014-03-11
781.0,781.0,781.0,781.0,-0.94,0.0,2014-03-12
783.0,783.0,783.0,783.0,0.32,0.0,2014-03-13
769.0,769.0,769.0,769.0,-1.86,0.0,2014-03-17
755.0,755.0,755.0,755.0,-1.76,0.0,2014-03-18
765.0,765.0,765.0,765.0,1.31,0.0,2014-03-19
775.0,775.0,775.0,775.0,1.36,0.0,2014-03-20
775.0,775.0,775.0,775.0,-0.07,0.0,2014-03-23
783.0,783.0,783.0,783.0,1.03,0.0,2014-03-24
780.0,780.0,780.0,780.0,-0.29,0.0,2014-03-25
781.0,781.0,781.0,781.0,0.07,0.0,2014-03-26
783.0,783.0,783.0,783.0,0.27,0.0,2014-03-27
792.0,792.0,792.0,792.0,1.15,0.0,2014-03-31
801.0,801.0,801.0,801.0,1.11,0.0,2014-04-01
803.0,803.0,803.0,803.0,0.25,0.0,2014-04-02
801.0,801.0,801.0,801.0,-0.3,0.0,2014-04-03
797.0,797.0,797.0,797.0,-0.4,0.0,2014-04-06
796.0,796.0,796.0,796.0,-0.18,0.0,2014-04-07
802.0,802.0,802.0,802.0,0.73,0.0,2014-04-09
811.0,811.0,811.0,811.0,1.2,0.0,2014-04-10
818.0,818.0,818.0,818.0,0.77,0.0,2014-04-13
819.0,819.0,819.0,819.0,0.11,0.0,2014-04-15
811.0,811.0,811.0,811.0,-0.87,0.0,2014-04-16
811.0,811.0,811.0,811.0,-0.04,0.0,2014-04-17
808.0,808.0,808.0,808.0,-0.33,0.0,2014-04-20
808.0,808.0,808.0,808.0,-0.04,0.0,2014-04-21
815.0,815.0,815.0,815.0,0.91,0.0,2014-04-22
820.0,820.0,820.0,820.0,0.6,0.0,2014-04-23
818.0,818.0,818.0,818.0,-0.33,0.0,2014-04-27
814.0,814.0,814.0,814.0,-0.54,0.0,2014-04-28
816.0,816.0,816.0,816.0,0.26,0.0,2014-04-29
823.0,823.0,823.0,823.0,0.86,0.0,2014-04-30
831.0,831.0,831.0,831.0,0.9,0.0,2014-05-04
847.0,847.0,847.0,847.0,1.93,0.0,2014-05-05
862.0,862.0,862.0,862.0,1.73,0.0,2014-05-06
866.0,866.0,866.0,866.0,0.55,0.0,2014-05-07
857.0,857.0,857.0,857.0,-1.09,0.0,2014-05-08
850.0,850.0,850.0,850.0,-0.83,0.0,2014-05-11
853.0,853.0,853.0,853.0,0.36,0.0,2014-05-12
852.0,852.0,852.0,852.0,-0.07,0.0,2014-05-13
853.0,853.0,853.0,853.0,0.13,0.0,2014-05-15
850.0,850.0,850.0,850.0,-0.41,0.0,2014-05-18
844.0,844.0,844.0,844.0,-0.6,0.0,2014-05-19
844.0,844.0,844.0,844.0,0.0,0.0,2014-05-20
848.0,848.0,848.0,848.0,0.48,0.0,2014-05-21
852.0,852.0,852.0,852.0,0.42,0.0,2014-05-22
861.0,861.0,861.0,861.0,1.1,0.0,2014-05-25
861.0,861.0,861.0,861.0,-0.1,0.0,2014-05-26
857.0,857.0,857.0,857.0,-0.47,0.0,2014-05-27
867.0,867.0,867.0,867.0,1.17,0.0,2014-05-28
869.0,869.0,869.0,869.0,0.3,0.0,2014-06-01
880.0,880.0,880.0,880.0,1.26,0.0,2014-06-02
885.0,885.0,885.0,885.0,0.51,0.0,2014-06-03
883.0,883.0,883.0,883.0,-0.2,0.0,2014-06-04
879.0,879.0,879.0,879.0,-0.41,0.0,2014-06-05
883.0,883.0,883.0,883.0,0.44,0.0,2014-06-08
885.0,885.0,885.0,885.0,0.23,0.0,2014-06-09
895.0,895.0,895.0,895.0,1.11,0.0,2014-06-10
900.0,900.0,900.0,900.0,0.5,0.0,2014-06-11
905.0,905.0,905.0,905.0,0.56,0.0,2014-06-12
928.0,928.0,928.0,928.0,2.53,0.0,2014-06-15
939.0,939.0,939.0,939.0,1.22,0.0,2014-06-16
935.0,935.0,935.0,935.0,-0.36,0.0,2014-06-17
932.0,932.0,932.0,932.0,-0.35,0.0,2014-06-18
927.0,927.0,927.0,927.0,-0.61,0.0,2014-06-19
918.0,918.0,918.0,918.0,-0.96,0.0,2014-06-23
924.0,924.0,924.0,924.0,0.65,0.0,2014-06-24
932.0,932.0,932.0,932.0,0.93,0.0,2014-06-25
936.0,936.0,936.0,936.0,0.44,0.0,2014-06-26
943.0,943.0,943.0,943.0,0.77,0.0,2014-06-29
946.0,946.0,946.0,946.0,0.25,0.0,2014-06-30
957.0,957.0,957.0,957.0,1.39,0.0,2014-07-01
972.0,972.0,972.0,972.0,1.66,0.0,2014-07-02
973.0,973.0,973.0,973.0,0.04,0.0,2014-07-03
986.0,986.0,986.0,986.0,1.39,0.0,2014-07-06
995.0,995.0,995.0,995.0,0.89,0.0,2014-07-07
1015.0,1015.0,1015.0,1015.0,1.96,0.0,2014-07-08
1017.0,1017.0,1017.0,1017.0,0.18,0.0,2014-07-09
1023.0,1023.0,1023.0,1023.0,0.69,0.0,2014-07-10
1037.0,1037.0,1037.0,1037.0,1.32,0.0,2014-07-13
1029.0,1029.0,1029.0,1029.0,-0.78,0.0,2014-07-14
1026.0,1026.0,1026.0,1026.0,-0.32,0.0,2014-07-15
1036.0,1036.0,1036.0,1036.0,1.02,0.0,2014-07-16
1046.0,1046.0,1046.0,1046.0,0.94,0.0,2014-07-17
1075.0,1075.0,1075.0,1075.0,2.78,0.0,2014-07-20
1084.0,1084.0,1084.0,1084.0,0.8,0.0,2014-07-21
1078.0,1078.0,1078.0,1078.0,-0.54,0.0,2014-07-22
1082.0,1082.0,1082.0,1082.0,0.36,0.0,2014-07-23
1079.0,1079.0,1079.0,1079.0,-0.22,0.0,2014-07-24
1074.0,1074.0,1074.0,1074.0,-0.48,0.0,2014-07-27
1073.0,1073.0,1073.0,1073.0,-0.1,0.0,2014-07-28
1062.0,1062.0,1062.0,1062.0,-0.97,0.0,2014-07-30
1066.0,1066.0,1066.0,1066.0,0.34,0.0,2014-07-31
1056.0,1056.0,1056.0,1056.0,-0.91,0.0,2014-08-03
1039.0,1039.0,1039.0,1039.0,-1.65,0.0,2014-08-04
1045.0,1045.0,1045.0,1045.0,0.55,0.0,2014-08-05
1041.0,1041.0,1041.0,1041.0,-0.34,0.0,2014-08-06
1041.0,1041.0,1041.0,1041.0,-0.06,0.0,2014-08-07
1022.0,1022.0,1022.0,1022.0,-1.8,0.0,2014-08-12
1026.0,1026.0,1026.0,1026.0,0.43,0.0,2014-08-13
1034.0,1034.0,1034.0,1034.0,0.8,0.0,2014-08-14
1013.0,1013.0,1013.0,1013.0,-2.04,0.0,2014-08-18
1014.0,1014.0,1014.0,1014.0,0.04,0.0,2014-08-19
996.0,996.0,996.0,996.0,-1.77,0.0,2014-08-20
998.0,998.0,998.0,998.0,0.24,0.0,2014-08-21
985.0,985.0,985.0,985.0,-1.27,0.0,2014-08-24
948.0,948.0,948.0,948.0,-3.82,0.0,2014-08-25
922.0,922.0,922.0,922.0,-2.74,0.0,2014-08-26
960.0,960.0,960.0,960.0,4.18,0.0,2014-08-27
972.0,972.0,972.0,972.0,1.22,0.0,2014-08-28
953.0,953.0,953.0,953.0,-2.01,0.0,2014-08-31
947.0,947.0,947.0,947.0,-0.63,0.0,2014-09-01
934.0,934.0,934.0,934.0,-1.34,0.0,2014-09-03
922.0,922.0,922.0,922.0,-1.31,0.0,2014-09-04
876.0,876.0,876.0,876.0,-5.0,0.0,2014-09-07
920.0,920.0,920.0,920.0,5.08,0.0,2014-09-09
911.0,911.0,911.0,911.0,-1.03,0.0,2014-09-10
911.0,911.0,911.0,911.0,0.0,0.0,2014-09-11
902.0,902.0,902.0,902.0,-0.93,0.0,2014-09-14
909.0,909.0,909.0,909.0,0.8,0.0,2014-09-15
920.0,920.0,920.0,920.0,1.15,0.0,2014-09-16
913.0,913.0,913.0,913.0,-0.7,0.0,2014-09-17
900.0,900.0,900.0,900.0,-1.48,0.0,2014-09-18
884.0,884.0,884.0,884.0,-1.82,0.0,2014-09-21
882.0,882.0,882.0,882.0,-0.19,0.0,2014-09-22
896.0,896.0,896.0,896.0,1.6,0.0,2014-09-23
912.0,912.0,912.0,912.0,1.82,0.0,2014-09-24
917.0,917.0,917.0,917.0,0.47,0.0,2014-09-28
937.0,937.0,937.0,937.0,2.26,0.0,2014-09-29
938.0,938.0,938.0,938.0,0.07,0.0,2014-09-30
925.0,925.0,925.0,925.0,-1.36,0.0,2014-10-08
922.0,922.0,922.0,922.0,-0.36,0.0,2014-10-09
915.0,915.0,915.0,915.0,-0.74,0.0,2014-10-12
909.0,909.0,909.0,909.0,-0.68,0.0,2014-10-13
912.0,912.0,912.0,912.0,0.33,0.0,2014-10-14
923.0,923.0,923.0,923.0,1.24,0.0,2014-10-15
924.0,924.0,924.0,924.0,0.05,0.0,2014-10-16
926.0,926.0,926.0,926.0,0.24,0.0,2014-10-19
926.0,926.0,926.0,926.0,-0.04,0.0,2014-10-20
924.0,924.0,924.0,924.0,-0.13,0.0,2014-10-21
929.0,929.0,929.0,929.0,0.5,0.0,2014-10-22
930.0,930.0,930.0,930.0,0.14,0.0,2014-10-26
935.0,935.0,935.0,935.0,0.5,0.0,2014-10-27
933.0,933.0,933.0,933.0,-0.21,0.0,2014-10-28
930.0,930.0,930.0,930.0,-0.31,0.0,2014-10-30
921.0,921.0,921.0,921.0,-0.96,0.0,2014-11-02
904.0,904.0,904.0,904.0,-1.87,0.0,2014-11-03
897.0,897.0,897.0,897.0,-0.73,0.0,2014-11-04
905.0,905.0,905.0,905.0,0.8,0.0,2014-11-05
905.0,905.0,905.0,905.0,0.03,0.0,2014-11-06
895.0,895.0,895.0,895.0,-1.05,0.0,2014-11-09
885.0,885.0,885.0,885.0,-1.19,0.0,2014-11-10
893.0,893.0,893.0,893.0,0.88,0.0,2014-11-11
884.0,884.0,884.0,884.0,-0.92,0.0,2014-11-12
881.0,881.0,881.0,881.0,-0.37,0.0,2014-11-13
866.0,866.0,866.0,866.0,-1.69,0.0,2014-11-16
848.0,848.0,848.0,848.0,-2.08,0.0,2014-11-17
844.0,844.0,844.0,844.0,-0.49,0.0,2014-11-18
854.0,854.0,854.0,854.0,1.17,0.0,2014-11-19
863.0,863.0,863.0,863.0,1.0,0.0,2014-11-20
869.0,869.0,869.0,869.0,0.77,0.0,2014-11-23
864.0,864.0,864.0,864.0,-0.56,0.0,2014-11-24
863.0,863.0,863.0,863.0,-0.15,0.0,2014-11-25
857.0,857.0,857.0,857.0,-0.71,0.0,2014-11-30
851.0,851.0,851.0,851.0,-0.64,0.0,2014-12-01
846.0,846.0,846.0,846.0,-0.59,0.0,2014-12-02
850.0,850.0,850.0,850.0,0.44,0.0,2014-12-03
854.0,854.0,854.0,854.0,0.42,0.0,2014-12-04
851.0,851.0,851.0,851.0,-0.34,0.0,2014-12-07
848.0,848.0,848.0,848.0,-0.29,0.0,2014-12-08
849.0,849.0,849.0,849.0,0.04,0.0,2014-12-09
856.0,856.0,856.0,856.0,0.8,0.0,2014-12-10
871.0,871.0,871.0,871.0,1.77,0.0,2014-12-11
910.0,910.0,910.0,910.0,4.52,0.0,2014-12-14
917.0,917.0,917.0,917.0,0.74,0.0,2014-12-15
910.0,910.0,910.0,910.0,-0.71,0.0,2014-12-16
900.0,900.0,900.0,900.0,-1.08,0.0,2014-12-17
904.0,904.0,904.0,904.0,0.39,0.0,2014-12-18
897.0,897.0,897.0,897.0,-0.81,0.0,2014-12-21
885.0,885.0,885.0,885.0,-1.25,0.0,2014-12-22
877.0,877.0,877.0,877.0,-0.93,0.0,2014-12-23
888.0,888.0,888.0,888.0,0.27,0.0,2014-12-24
904.0,904.0,904.0,904.0,1.79,0.0,2014-12-28
907.0,907.0,907.0,907.0,0.39,0.0,2014-12-29
902.0,902.0,902.0,902.0,-0.54,0.0,2014-12-31
904.0,904.0,904.0,904.0,0.15,0.0,2015-01-01
918.0,918.0,918.0,918.0,1.53,0.0,2015-01-04
920.0,920.0,920.0,920.0,0.25,0.0,2015-01-05
917.0,917.0,917.0,917.0,-0.26,0.0,2015-01-06
925.0,925.0,925.0,925.0,0.78,0.0,2015-01-07
931.0,931.0,931.0,931.0,0.7,0.0,2015-01-08
928.0,928.0,928.0,928.0,-0.28,0.0,2015-01-11
928.0,928.0,928.0,928.0,-0.06,0.0,2015-01-12
937.0,937.0,937.0,937.0,1.04,0.0,2015-01-13
940.0,940.0,940.0,940.0,0.22,0.0,2015-01-14
945.0,945.0,945.0,945.0,0.62,0.0,2015-01-18
975.0,975.0,975.0,975.0,3.18,0.0,2015-01-19
963.0,963.0,963.0,963.0,-1.3,0.0,2015-01-20
959.0,959.0,959.0,959.0,-0.37,0.0,2015-01-22
969.0,969.0,969.0,969.0,1.02,0.0,2015-01-25
969.0,969.0,969.0,969.0,-0.04,0.0,2015-01-26
975.0,975.0,975.0,975.0,0.67,0.0,2015-01-27
988.0,988.0,988.0,988.0,1.33,0.0,2015-01-28
987.0,987.0,987.0,987.0,-0.14,0.0,2015-01-29
991.0,991.0,991.0,991.0,0.48,0.0,2015-02-01
991.0,991.0,991.0,991.0,-0.07,0.0,2015-02-02
988.0,988.0,988.0,988.0,-0.32,0.0,2015-02-03
987.0,987.0,987.0,987.0,-0.05,0.0,2015-02-04
984.0,984.0,984.0,984.0,-0.28,0.0,2015-02-05
986.0,986.0,986.0,986.0,0.18,0.0,2015-02-08
981.0,981.0,981.0,981.0,-0.54,0.0,2015-02-09
981.0,981.0,981.0,981.0,-0.02,0.0,2015-02-10
981.0,981.0,981.0,981.0,0.05,0.0,2015-02-11
985.0,985.0,985.0,985.0,0.36,0.0,2015-02-12
990.0,990.0,990.0,990.0,0.54,0.0,2015-02-15
987.0,987.0,987.0,987.0,-0.28,0.0,2015-02-16
983.0,983.0,983.0,983.0,-0.45,0.0,2015-02-18
971.0,971.0,971.0,971.0,-1.14,0.0,2015-02-22
974.0,974.0,974.0,974.0,0.26,0.0,2015-02-23
971.0,971.0,971.0,971.0,-0.33,0.0,2015-02-24
971.0,971.0,971.0,971.0,-0.02,0.0,2015-02-25
979.0,979.0,979.0,979.0,0.89,0.0,2015-02-26
976.0,976.0,976.0,976.0,-0.37,0.0,2015-03-01
985.0,985.0,985.0,985.0,0.94,0.0,2015-03-02
981.0,981.0,981.0,981.0,-0.35,0.0,2015-03-03
983.0,983.0,983.0,983.0,0.21,0.0,2015-03-04
989.0,989.0,989.0,989.0,0.54,0.0,2015-03-09
984.0,984.0,984.0,984.0,-0.44,0.0,2015-03-10
984.0,984.0,984.0,984.0,-0.04,0.0,2015-03-11
978.0,978.0,978.0,978.0,-0.57,0.0,2015-03-12
971.0,971.0,971.0,971.0,-0.79,0.0,2015-03-15
959.0,959.0,959.0,959.0,-1.19,0.0,2015-03-16
963.0,963.0,963.0,963.0,0.45,0.0,2015-03-17
964.0,964.0,964.0,964.0,0.08,0.0,2015-03-18
968.0,968.0,968.0,968.0,0.35,0.0,2015-03-19
964.0,964.0,964.0,964.0,-0.36,0.0,2015-03-22
957.0,957.0,957.0,957.0,-0.78,0.0,2015-03-23
954.0,954.0,954.0,954.0,-0.29,0.0,2015-03-24
951.0,951.0,951.0,951.0,-0.27,0.0,2015-03-25
942.0,942.0,942.0,942.0,-0.93,0.0,2015-03-26
942.0,942.0,942.0,942.0,-0.01,0.0,2015-03-29
939.0,939.0,939.0,939.0,-0.34,0.0,2015-03-30
946.0,946.0,946.0,946.0,0.71,0.0,2015-03-31
940.0,940.0,940.0,940.0,-0.66,0.0,2015-04-01
940.0,940.0,940.0,940.0,0.06,0.0,2015-04-02
934.0,934.0,934.0,934.0,-0.62,0.0,2015-04-05
938.0,938.0,938.0,938.0,0.41,0.0,2015-04-06
936.0,936.0,936.0,936.0,-0.28,0.0,2015-04-07
942.0,942.0,942.0,942.0,0.71,0.0,2015-04-08
947.0,947.0,947.0,947.0,0.5,0.0,2015-04-09
952.0,952.0,952.0,952.0,0.54,0.0,2015-04-12
948.0,948.0,948.0,948.0,-0.39,0.0,2015-04-13
944.0,944.0,944.0,944.0,-0.45,0.0,2015-04-15
950.0,950.0,950.0,950.0,0.61,0.0,2015-04-16
946.0,946.0,946.0,946.0,-0.44,0.0,2015-04-19
945.0,945.0,945.0,945.0,-0.08,0.0,2015-04-20
945.0,945.0,945.0,945.0,0.01,0.0,2015-04-21
942.0,942.0,942.0,942.0,-0.33,0.0,2015-04-22
938.0,938.0,938.0,938.0,-0.41,0.0,2015-04-23
910.0,910.0,910.0,910.0,-3.02,0.0,2015-05-24
881.0,881.0,881.0,881.0,-3.22,0.0,2015-05-25
860.0,860.0,860.0,860.0,-2.33,0.0,2015-05-26
838.0,838.0,838.0,838.0,-2.57,0.0,2015-05-27
842.0,842.0,842.0,842.0,0.49,0.0,2015-05-28
872.0,872.0,872.0,872.0,3.56,0.0,2015-05-31
890.0,890.0,890.0,890.0,2.12,0.0,2015-06-01
902.0,902.0,902.0,902.0,1.3,0.0,2015-06-02
925.0,925.0,925.0,925.0,2.61,0.0,2015-06-03
927.0,927.0,927.0,927.0,0.15,0.0,2015-06-04
931.0,931.0,931.0,931.0,0.47,0.0,2015-06-07
945.0,945.0,945.0,945.0,1.54,0.0,2015-06-08
967.0,967.0,967.0,967.0,2.23,0.0,2015-06-09
956.0,956.0,956.0,956.0,-1.13,0.0,2015-06-10
938.0,938.0,938.0,938.0,-1.85,0.0,2015-06-11
928.0,928.0,928.0,928.0,-1.02,0.0,2015-06-14
934.0,934.0,934.0,934.0,0.58,0.0,2015-06-15
931.0,931.0,931.0,931.0,-0.32,0.0,2015-06-16
928.0,928.0,928.0,928.0,-0.31,0.0,2015-06-17
925.0,925.0,925.0,925.0,-0.35,0.0,2015-06-18
918.0,918.0,918.0,918.0,-0.72,0.0,2015-06-21
922.0,922.0,922.0,922.0,0.49,0.0,2015-06-22
926.0,926.0,926.0,926.0,0.39,0.0,2015-06-23
928.0,928.0,928.0,928.0,0.22,0.0,2015-06-24
930.0,930.0,930.0,930.0,0.24,0.0,2015-06-25
938.0,938.0,938.0,938.0,0.82,0.0,2015-06-28
946.0,946.0,946.0,946.0,0.89,0.0,2015-06-29
949.0,949.0,949.0,949.0,0.3,0.0,2015-06-30
946.0,946.0,946.0,946.0,-0.35,0.0,2015-07-01
939.0,939.0,939.0,939.0,-0.72,0.0,2015-07-02
938.0,938.0,938.0,938.0,-0.1,0.0,2015-07-05
937.0,937.0,937.0,937.0,-0.13,0.0,2015-07-06
941.0,941.0,941.0,941.0,0.49,0.0,2015-07-07
943.0,943.0,943.0,943.0,0.19,0.0,2015-07-08
943.0,943.0,943.0,943.0,0.03,0.0,2015-07-09
945.0,945.0,945.0,945.0,0.16,0.0,2015-07-12
944.0,944.0,944.0,944.0,-0.1,0.0,2015-07-13
946.0,946.0,946.0,946.0,0.26,0.0,2015-07-14
951.0,951.0,951.0,951.0,0.45,0.0,2015-07-15
961.0,961.0,961.0,961.0,1.11,0.0,2015-07-16
963.0,963.0,963.0,963.0,0.21,0.0,2015-07-22
1003.0,1003.0,1003.0,1003.0,4.16,0.0,2015-07-23
1054.0,1054.0,1054.0,1054.0,5.04,0.0,2015-07-26
1046.0,1046.0,1046.0,1046.0,-0.72,0.0,2015-07-27
1028.0,1028.0,1028.0,1028.0,-1.75,0.0,2015-07-28
1021.0,1021.0,1021.0,1021.0,-0.66,0.0,2015-07-29
1028.0,1028.0,1028.0,1028.0,0.65,0.0,2015-07-30
1034.0,1034.0,1034.0,1034.0,0.6,0.0,2015-08-02
1030.0,1030.0,1030.0,1030.0,-0.36,0.0,2015-08-03
1030.0,1030.0,1030.0,1030.0,-0.05,0.0,2015-08-04
1034.0,1034.0,1034.0,1034.0,0.4,0.0,2015-08-05
1040.0,1040.0,1040.0,1040.0,0.61,0.0,2015-08-06
1063.0,1063.0,1063.0,1063.0,2.22,0.0,2015-08-09
1081.0,1081.0,1081.0,1081.0,1.69,0.0,2015-08-10
1078.0,1078.0,1078.0,1078.0,-0.38,0.0,2015-08-11
1077.0,1077.0,1077.0,1077.0,-0.05,0.0,2015-08-12
1088.0,1088.0,1088.0,1088.0,1.04,0.0,2015-08-13
1112.0,1112.0,1112.0,1112.0,2.17,0.0,2015-08-16
1158.0,1158.0,1158.0,1158.0,4.1,0.0,2015-08-17
1160.0,1160.0,1160.0,1160.0,0.2,0.0,2015-08-18
1192.0,1192.0,1192.0,1192.0,2.76,0.0,2015-08-19
1201.0,1201.0,1201.0,1201.0,0.76,0.0,2015-08-20
1185.0,1185.0,1185.0,1185.0,-1.35,0.0,2015-08-23
1182.0,1182.0,1182.0,1182.0,-0.25,0.0,2015-08-24
1181.0,1181.0,1181.0,1181.0,-0.03,0.0,2015-08-25
1176.0,1176.0,1176.0,1176.0,-0.49,0.0,2015-08-26
1184.0,1184.0,1184.0,1184.0,0.7,0.0,2015-08-27
1200.0,1200.0,1200.0,1200.0,1.39,0.0,2015-08-31
1191.0,1191.0,1191.0,1191.0,-0.73,0.0,2015-09-01
1176.0,1176.0,1176.0,1176.0,-1.27,0.0,2015-09-02
1169.0,1169.0,1169.0,1169.0,-0.58,0.0,2015-09-03
1167.0,1167.0,1167.0,1167.0,-0.23,0.0,2015-09-06
1171.0,1171.0,1171.0,1171.0,0.37,0.0,2015-09-07
1175.0,1175.0,1175.0,1175.0,0.32,0.0,2015-09-08
1173.0,1173.0,1173.0,1173.0,-0.13,0.0,2015-09-09
1169.0,1169.0,1169.0,1169.0,-0.38,0.0,2015-09-10
1184.0,1184.0,1184.0,1184.0,1.3,0.0,2015-09-13
1194.0,1194.0,1194.0,1194.0,0.86,0.0,2015-09-14
1205.84,1205.84,1205.84,1205.84,0.98,0.0,2015-09-15
1202.81,1202.81,1202.81,1202.81,-0.25,0.0,2015-09-16
1196.02,1196.02,1196.02,1196.02,-0.56,0.0,2015-09-17
1156.08,1156.08,1156.08,1156.08,-3.34,0.0,2015-09-22
1183.36,1183.36,1183.36,1183.36,2.35,0.0,2015-09-23
1176.86,1176.86,1176.86,1176.86,-0.55,0.0,2015-09-24
1160.09,1160.09,1160.09,1160.09,-1.42,0.0,2015-09-28
1169.3,1169.3,1169.3,1169.3,0.79,0.0,2015-09-29
1181.28,1181.28,1181.28,1181.28,1.02,0.0,2015-09-30
1178.74,1178.74,1178.74,1178.74,-0.22,0.0,2015-10-01
1183.48,1183.48,1183.48,1183.48,0.4,0.0,2015-10-04
1171.27,1171.27,1171.27,1171.27,-1.03,0.0,2015-10-05
1158.79,1158.79,1158.79,1158.79,-1.07,0.0,2015-10-06
1149.45,1149.45,1149.45,1149.45,-0.81,0.0,2015-10-07
1162.06,1162.06,1162.06,1162.06,1.1,0.0,2015-10-08
1143.88,1143.88,1143.88,1143.88,-1.56,0.0,2015-10-11
1135.09,1135.09,1135.09,1135.09,-0.77,0.0,2015-10-14
1134.47,1134.47,1134.47,1134.47,-0.05,0.0,2015-10-15
1119.83,1119.83,1119.83,1119.83,-1.29,0.0,2015-10-18
1127.42,1127.42,1127.42,1127.42,0.68,0.0,2015-10-19
1121.05,1121.05,1121.05,1121.05,-0.56,0.0,2015-10-25
1091.73,1091.73,1091.73,1091.73,-2.62,0.0,2015-10-27
1084.37,1084.37,1084.37,1084.37,-0.67,0.0,2015-10-28
1092.04,1092.04,1092.04,1092.04,0.71,0.0,2015-10-29
1088.3,1088.3,1088.3,1088.3,-0.34,0.0,2015-11-01
1091.83,1091.83,1091.83,1091.83,0.32,0.0,2015-11-02
1085.87,1085.87,1085.87,1085.87,-0.55,0.0,2015-11-03
1092.3,1092.3,1092.3,1092.3,0.59,0.0,2015-11-04
1090.68,1090.68,1090.68,1090.68,-0.15,0.0,2015-11-05
1086.57,1086.57,1086.57,1086.57,-0.38,0.0,2015-11-08
1107.43,1107.43,1107.43,1107.43,1.92,0.0,2015-11-09
1109.29,1109.29,1109.29,1109.29,0.17,0.0,2015-11-10
1100.09,1100.09,1100.09,1100.09,-0.83,0.0,2015-11-15
1094.18,1094.18,1094.18,1094.18,-0.54,0.0,2015-11-16
1099.25,1099.25,1099.25,1099.25,0.46,0.0,2015-11-18
1094.57,1094.57,1094.57,1094.57,-0.43,0.0,2015-11-19
1071.38,1071.38,1071.38,1071.38,-2.12,0.0,2015-11-22
1075.8,1075.8,1075.8,1075.8,0.41,0.0,2015-11-23
1066.69,1066.69,1066.69,1066.69,-0.85,0.0,2015-11-24
1056.42,1056.42,1056.42,1056.42,-0.96,0.0,2015-11-25
1044.01,1044.01,1044.01,1044.01,-1.17,0.0,2015-11-26
1022.77,1022.77,1022.77,1022.77,-2.03,0.0,2015-11-29
1034.12,1034.12,1034.12,1034.12,1.11,0.0,2015-11-30
1066.38,1066.38,1066.38,1066.38,3.12,0.0,2015-12-01
1062.78,1062.78,1062.78,1062.78,-0.34,0.0,2015-12-02
1072.94,1072.94,1072.94,1072.94,0.96,0.0,2015-12-03
1102.84,1102.84,1102.84,1102.84,2.79,0.0,2015-12-06
1107.94,1107.94,1107.94,1107.94,0.46,0.0,2015-12-07
1107.23,1107.23,1107.23,1107.23,-0.06,0.0,2015-12-08
1122.79,1122.79,1122.79,1122.79,1.41,0.0,2015-12-09
1119.35,1119.35,1119.35,1119.35,-0.31,0.0,2015-12-10
1118.57,1118.57,1118.57,1118.57,-0.07,0.0,2015-12-13
1120.18,1120.18,1120.18,1120.18,0.14,0.0,2015-12-14
1121.02,1121.02,1121.02,1121.02,0.07,0.0,2015-12-15
1116.19,1116.19,1116.19,1116.19,-0.43,0.0,2015-12-16
1110.68,1110.68,1110.68,1110.68,-0.49,0.0,2015-12-17
1118.81,1118.81,1118.81,1118.81,0.73,0.0,2015-12-20
1131.52,1131.52,1131.52,1131.52,1.12,0.0,2015-12-21
1138.18,1138.18,1138.18,1138.18,0.59,0.0,2015-12-22
1133.34,1133.34,1133.34,1133.34,-0.43,0.0,2015-12-23
1137.03,1137.03,1137.03,1137.03,0.33,0.0,2015-12-24
1135.47,1135.47,1135.47,1135.47,-0.14,0.0,2015-12-27
1131.95,1131.95,1131.95,1131.95,-0.31,0.0,2015-12-28
1142.17,1142.17,1142.17,1142.17,0.9,0.0,2015-12-29
1151.38,1151.38,1151.38,1151.38,0.81,0.0,2015-12-31
1154.62,1154.62,1154.62,1154.62,-0.54,0.0,2016-01-04
1146.11,1146.11,1146.11,1146.11,-0.68,0.0,2016-01-05
1149.89,1149.89,1149.89,1149.89,0.27,0.0,2016-01-06
1164.14,1164.14,1164.14,1164.14,1.24,0.0,2016-01-07
1167.18,1167.18,1167.18,1167.18,0.26,0.0,2016-01-10
1168.81,1168.81,1168.81,1168.81,0.14,0.0,2016-01-11
1173.6,1173.6,1173.6,1173.6,0.41,0.0,2016-01-12
1180.98,1180.98,1180.98,1180.98,0.63,0.0,2016-01-13
1190.16,1190.16,1190.16,1190.16,0.78,0.0,2016-01-14
1212.0,1212.0,1212.0,1212.0,1.84,0.0,2016-01-17
1214.31,1214.31,1214.31,1214.31,0.19,0.0,2016-01-18
1213.71,1213.71,1213.71,1213.71,-0.05,0.0,2016-01-19
1213.57,1213.57,1213.57,1213.57,-0.01,0.0,2016-01-20
1212.32,1212.32,1212.32,1212.32,-0.1,0.0,2016-01-21
1219.62,1219.62,1219.62,1219.62,0.6,0.0,2016-01-24
1222.43,1222.43,1222.43,1222.43,0.23,0.0,2016-01-25
1218.39,1218.39,1218.39,1218.39,-0.33,0.0,2016-01-26
1216.96,1216.96,1216.96,1216.96,-0.12,0.0,2016-01-27
1216.11,1216.11,1216.11,1216.11,-0.07,0.0,2016-01-28
1220.7,1220.7,1220.7,1220.7,0.38,0.0,2016-01-31
1238.02,1238.02,1238.02,1238.02,1.42,0.0,2016-02-01
1240.07,1240.07,1240.07,1240.07,0.17,0.0,2016-02-02
1242.13,1242.13,1242.13,1242.13,0.17,0.0,2016-02-03
1251.42,1251.42,1251.42,1251.42,0.75,0.0,2016-02-04
1262.82,1262.82,1262.82,1262.82,0.91,0.0,2016-02-07
1263.75,1263.75,1263.75,1263.75,0.07,0.0,2016-02-08
1263.72,1263.72,1263.72,1263.72,0.0,0.0,2016-02-11
1259.35,1259.35,1259.35,1259.35,-0.35,0.0,2016-02-14
1258.23,1258.23,1258.23,1258.23,-0.09,0.0,2016-02-15
1257.34,1257.34,1257.34,1257.34,-0.07,0.0,2016-02-16
1266.08,1266.08,1266.08,1266.08,0.7,0.0,2016-02-17
1273.28,1273.28,1273.28,1273.28,0.57,0.0,2016-02-18
1278.92,1278.92,1278.92,1278.92,0.44,0.0,2016-02-21
1291.81,1291.81,1291.81,1291.81,1.01,0.0,2016-02-22
1285.93,1285.93,1285.93,1285.93,-0.46,0.0,2016-02-23
1279.9,1279.9,1279.9,1279.9,-0.47,0.0,2016-02-24
1283.52,1283.52,1283.52,1283.52,0.28,0.0,2016-02-25
1283.67,1283.67,1283.67,1283.67,0.01,0.0,2016-02-28
1283.94,1283.94,1283.94,1283.94,0.02,0.0,2016-02-29
1289.52,1289.52,1289.52,1289.52,0.43,0.0,2016-03-01
1295.78,1295.78,1295.78,1295.78,0.49,0.0,2016-03-02
1300.76,1300.76,1300.76,1300.76,0.38,0.0,2016-03-03
1306.54,1306.54,1306.54,1306.54,0.44,0.0,2016-03-06
1318.03,1318.03,1318.03,1318.03,0.88,0.0,2016-03-10
1318.88,1318.88,1318.88,1318.88,0.06,0.0,2016-03-13
1312.2,1312.2,1312.2,1312.2,-0.51,0.0,2016-03-14
1312.85,1312.85,1312.85,1312.85,0.05,0.0,2016-03-15
1315.77,1315.77,1315.77,1315.77,0.22,0.0,2016-03-16
1326.53,1326.53,1326.53,1326.53,0.82,0.0,2016-03-17
1343.93,1343.93,1343.93,1343.93,1.31,0.0,2016-03-20
1342.07,1342.07,1342.07,1342.07,-0.14,0.0,2016-03-21
1345.53,1345.53,1345.53,1345.53,0.26,0.0,2016-03-23
1357.14,1357.14,1357.14,1357.14,0.86,0.0,2016-03-24
1377.33,1377.33,1377.33,1377.33,1.49,0.0,2016-03-27
1374.75,1374.75,1374.75,1374.75,-0.19,0.0,2016-03-28
1370.04,1370.04,1370.04,1370.04,-0.34,0.0,2016-03-29
1362.98,1362.98,1362.98,1362.98,-0.86,0.0,2016-03-30
1355.48,1355.48,1355.48,1355.48,-0.55,0.0,2016-03-31
1351.54,1351.54,1351.54,1351.54,-0.29,0.0,2016-04-03
1362.53,1362.53,1362.53,1362.53,0.81,0.0,2016-04-04
1375.26,1375.26,1375.26,1375.26,0.93,0.0,2016-04-05
1377.42,1377.42,1377.42,1377.42,0.16,0.0,2016-04-06
1382.42,1382.42,1382.42,1382.42,0.36,0.0,2016-04-10
1383.85,1383.85,1383.85,1383.85,0.1,0.0,2016-04-11
1388.63,1388.63,1388.63,1388.63,0.35,0.0,2016-04-12
1405.78,1405.78,1405.78,1405.78,1.24,0.0,2016-04-14
1409.43,1409.43,1409.43,1409.43,0.26,0.0,2016-04-17
1428.6,1428.6,1428.6,1428.6,1.36,0.0,2016-04-18
1430.81,1430.81,1430.81,1430.81,0.15,0.0,2016-04-19
1440.69,1440.69,1440.69,1440.69,0.69,0.0,2016-04-20
1441.67,1441.67,1441.67,1441.67,0.07,0.0,2016-04-21
1454.35,1454.35,1454.35,1454.35,0.88,0.0,2016-04-24
1461.75,1461.75,1461.75,1461.75,0.51,0.0,2016-04-25
1453.11,1453.11,1453.11,1453.11,-0.59,0.0,2016-04-26
1458.38,1458.38,1458.38,1458.38,0.36,0.0,2016-04-27
1464.91,1464.91,1464.91,1464.91,0.45,0.0,2016-04-28
1474.47,1474.47,1474.47,1474.47,0.65,0.0,2016-05-02
1471.95,1471.95,1471.95,1471.95,-0.17,0.0,2016-05-03
1468.11,1468.11,1468.11,1468.11,-0.26,0.0,2016-05-04
1463.13,1463.13,1463.13,1463.13,-0.34,0.0,2016-05-05
1472.69,1472.69,1472.69,1472.69,0.65,0.0,2016-05-08
1482.9,1482.9,1482.9,1482.9,0.69,0.0,2016-05-09
1484.04,1484.04,1484.04,1484.04,0.08,0.0,2016-05-10
1481.18,1481.18,1481.18,1481.18,-0.19,0.0,2016-05-11
1481.94,1481.94,1481.94,1481.94,0.05,0.0,2016-05-12
1477.38,1477.38,1477.38,1477.38,-0.31,0.0,2016-05-15
1467.51,1467.51,1467.51,1467.51,-0.67,0.0,2016-05-16
1483.68,1483.68,1483.68,1483.68,1.1,0.0,2016-05-17
1496.41,1496.41,1496.41,1496.41,0.86,0.0,2016-05-18
1499.32,1499.32,1499.32,1499.32,0.19,0.0,2016-05-19
1509.39,1509.39,1509.39,1509.39,0.67,0.0,2016-05-22
1524.07,1524.07,1524.07,1524.07,0.97,0.0,2016-05-23
1544.53,1544.53,1544.53,1544.53,1.34,0.0,2016-05-24
1524.12,1524.12,1524.12,1524.12,-1.32,0.0,2016-05-25
1525.09,1525.09,1525.09,1525.09,0.06,0.0,2016-05-26
1522.25,1522.25,1522.25,1522.25,-0.19,1152870016.0,2016-05-29
1526.96,1526.96,1526.96,1526.96,0.31,1148169984.0,2016-05-30
1532.12,1532.12,1532.12,1532.12,0.34,1298520064.0,2016-05-31
1523.56,1523.56,1523.56,1523.56,-0.56,1196009984.0,2016-06-01
1518.12,1518.12,1518.12,1518.12,-0.36,1009539968.0,2016-06-02
1483.14,1483.14,1483.14,1483.14,-2.3,1246659968.0,2016-06-05
1483.21,1516.8,1483.21,1516.8,2.27,1078499968.0,2016-06-06
1516.8,1537.98,1516.8,1531.49,0.97,1123600000.0,2016-06-07
1531.49,1547.65,1529.24,1546.8,1.0,1269299968.0,2016-06-08
1566.7,1566.7,1566.7,1566.7,1.29,1867000064.0,2016-06-09
1566.7,1602.0,1564.45,1597.96,2.0,1919480064.0,2016-06-12
1597.96,1626.03,1595.86,1609.59,0.73,1671020032.0,2016-06-13
1614.15,1614.15,1614.15,1614.15,0.28,1676819968.0,2016-06-14
1620.47,1620.47,1620.47,1620.47,0.39,1369689984.0,2016-06-15
1632.94,1632.94,1632.94,1632.94,0.77,1997389952.0,2016-06-16
1632.94,1637.27,1617.51,1622.27,-0.65,1463939968.0,2016-06-19
1632.94,1625.76,1609.38,1615.1,-0.44,1115449984.0,2016-06-20
1615.22,1628.92,1615.22,1628.81,0.85,1196109952.0,2016-06-21
1628.81,1651.86,1628.84,1647.51,1.15,1751960064.0,2016-06-22
1648.17,1670.71,1648.17,1666.29,1.14,1894710016.0,2016-06-23
1666.29,1688.48,1665.27,1685.17,1.13,1461120000.0,2016-06-26
1685.17,1721.77,1693.68,1721.77,2.17,1508530048.0,2016-06-27
1712.84,1733.28,1711.68,1724.19,0.66,1700720000.0,2016-06-28
1724.19,1732.68,1721.24,1724.59,0.02,1457209984.0,2016-06-29
1724.59,1734.21,1707.66,1723.23,-0.08,1599010048.0,2016-06-30
1723.23,1725.47,1709.34,1719.2,-0.23,1720080000.0,2016-07-03
1723.23,1724.02,1714.84,1716.83,-0.14,1423340032.0,2016-07-04
1716.83,1717.95,1705.06,1713.03,-0.22,1160760064.0,2016-07-05
1713.03,1723.34,1712.94,1715.72,0.16,1173100032.0,2016-07-06
1715.77,1732.22,1715.77,1722.53,0.4,1324669952.0,2016-07-10
1722.53,1727.37,1701.94,1702.27,-1.18,859897024.0,2016-07-11
1702.27,1709.48,1654.02,1693.07,-0.54,1093299968.0,2016-07-12
1693.07,1696.57,1671.05,1690.43,-0.16,1018860032.0,2016-07-13
1690.43,1725.01,1689.52,1718.15,1.64,1356649984.0,2016-07-14
1720.52,1749.96,1715.12,1745.74,1.61,1285520000.0,2016-07-17
1745.74,1786.68,1745.74,1786.57,2.34,1839369984.0,2016-07-18
1786.57,1813.42,1785.33,1800.47,0.78,2101240064.0,2016-07-19
1800.47,1813.44,1782.57,1786.84,-0.76,2057750016.0,2016-07-20
1786.84,1804.75,1779.71,1798.83,0.67,1429859968.0,2016-07-21
1798.83,1838.59,1798.83,1838.49,2.2,2158749952.0,2016-07-25
1838.49,1869.08,1837.97,1866.5,1.52,2177649920.0,2016-07-26
1866.5,1888.36,1866.26,1881.45,0.8,2178769920.0,2016-07-27
1881.45,1888.01,1863.32,1877.93,-0.19,2106669952.0,2016-07-28
1877.93,1878.02,1861.13,1862.76,-0.81,1715219968.0,2016-07-31
1863.05,1866.89,1831.61,1845.41,-0.93,1496390016.0,2016-08-01
1845.41,1846.91,1824.66,1826.47,-1.03,1364979968.0,2016-08-02
1826.47,1831.7,1795.89,1813.72,-0.7,1245689984.0,2016-08-03
1813.72,1814.04,1768.68,1768.6,-2.49,1403490048.0,2016-08-04
1768.6,1805.75,1759.24,1764.72,-0.22,1495219968.0,2016-08-07
1764.72,1766.14,1675.91,1675.91,-5.03,854620032.0,2016-08-08
1675.91,1760.42,1675.92,1760.42,5.04,294799008.0,2016-08-09
1760.74,1789.49,1741.03,1779.57,1.09,1933049984.0,2016-08-10
1779.57,1789.05,1768.02,1774.87,-0.26,1188630016.0,2016-08-11
1774.87,1775.03,1730.95,1733.93,-2.31,1096530048.0,2016-08-14
1733.93,1735.51,1685.26,1694.81,-2.26,1126070016.0,2016-08-15
1694.81,1718.0,1681.67,1717.45,1.34,983681984.0,2016-08-16
1717.45,1742.16,1716.47,1735.06,1.03,948409984.0,2016-08-17
1734.93,1744.84,1719.78,1722.43,-0.73,618347008.0,2016-08-21
1722.43,1725.97,1683.12,1683.12,-2.28,788593984.0,2016-08-22
1683.12,1704.71,1674.85,1681.86,-0.08,810753024.0,2016-08-23
1681.86,1731.07,1682.14,1730.62,2.9,949550976.0,2016-08-24
1730.62,1758.9,1730.48,1748.23,1.02,1310380032.0,2016-08-28
1748.23,1767.6,1747.71,1766.54,1.05,1410509952.0,2016-08-29
1766.54,1790.29,1766.07,1788.08,1.22,1400060032.0,2016-08-30
1788.08,1799.39,1781.43,1797.45,0.52,1154460032.0,2016-08-31
1797.45,1806.13,1797.49,1805.18,0.43,1293500032.0,2016-09-01
1805.18,1821.71,1804.33,1819.83,0.81,1607699968.0,2016-09-04
1819.83,1840.78,1819.5,1838.9,1.05,1791680000.0,2016-09-05
1838.9,1854.69,1818.36,1834.8,-0.22,1760120064.0,2016-09-06
1834.8,1838.83,1818.64,1824.83,-0.54,1533389952.0,2016-09-07
1824.83,1829.27,1816.9,1823.05,-0.1,1383559936.0,2016-09-08
1823.05,1829.2,1815.61,1816.81,-0.34,1093270016.0,2016-09-11
1816.81,1819.95,1809.31,1818.69,0.1,1076189952.0,2016-09-12
1818.69,1821.9,1813.27,1815.17,-0.19,1331490048.0,2016-09-14
1815.17,1818.7,1801.02,1804.48,-0.59,2397339904.0,2016-09-18
1804.48,1807.62,1785.0,1786.5,-1.0,1259800064.0,2016-09-20
1786.5,1788.34,1765.09,1779.13,-0.41,899432000.0,2016-09-21
1786.5,1780.56,1766.25,1766.91,-0.69,880014016.0,2016-09-22
1766.91,1767.82,1725.05,1730.64,-2.05,1046030016.0,2016-09-25
1730.67,1758.22,1730.67,1757.1,1.53,1011699968.0,2016-09-26
1757.1,1767.34,1750.3,1753.72,-0.19,700600000.0,2016-09-27
1753.81,1756.59,1746.69,1749.1,-0.26,710563008.0,2016-09-28
1749.19,1758.16,1744.1,1753.38,0.24,768590976.0,2016-09-29
1753.48,1764.86,1753.21,1763.78,0.59,853209984.0,2016-10-02
1763.9,1784.05,1763.67,1780.4,0.94,761833984.0,2016-10-03
1780.41,1800.5,1780.41,1798.5,1.02,1087990016.0,2016-10-04
1798.5,1806.7,1794.58,1806.6,0.45,918851008.0,2016-10-05
1806.6,1822.41,1806.39,1819.88,0.74,991689984.0,2016-10-06
1806.6,1820.96,1801.41,1803.74,-0.89,593185984.0,2016-10-16
1803.74,1805.42,1784.19,1793.36,-0.58,626633024.0,2016-10-17
1793.36,1794.67,1782.57,1792.73,-0.04,500712000.0,2016-10-18
1792.73,1794.14,1784.79,1787.89,-0.27,527768992.0,2016-10-19
1787.89,1795.24,1787.7,1794.47,0.37,686382976.0,2016-10-20
1794.47,1798.33,1780.83,1782.39,-0.67,954121984.0,2016-10-23
1782.39,1783.83,1763.77,1768.89,-0.76,917342976.0,2016-10-24
1768.89,1769.17,1749.14,1751.0,-1.01,702017024.0,2016-10-25
1751.0,1755.74,1736.71,1753.46,0.14,771998976.0,2016-10-26
1753.46,1763.25,1752.62,1759.71,0.36,670206976.0,2016-10-27
1759.71,1762.92,1753.22,1762.21,0.14,513843008.0,2016-11-03
1762.21,1764.26,1748.93,1749.12,-0.74,669728000.0,2016-11-07
1749.12,1749.51,1722.51,1724.49,-1.41,729078976.0,2016-11-08
1724.49,1724.64,1692.46,1696.86,-1.6,670987008.0,2016-11-09
1696.86,1711.91,1689.2,1697.17,0.02,702545984.0,2016-11-10
1697.17,1708.18,1690.79,1700.0,0.17,718371968.0,2016-11-13
1700.0,1708.84,1700.77,1706.28,0.37,770372992.0,2016-11-14
1706.28,1714.6,1699.88,1701.91,-0.26,802971008.0,2016-11-15
1701.91,1709.61,1695.94,1698.9,-0.18,1170429952.0,2016-11-16
1698.9,1700.95,1657.37,1658.08,-2.4,1448920064.0,2016-11-17
1658.08,1658.51,1577.71,1599.62,-3.53,1225080064.0,2016-11-20
1599.62,1618.95,1572.17,1606.29,0.42,893379008.0,2016-11-21
1606.29,1606.19,1574.81,1582.47,-1.48,813587008.0,2016-11-22
1582.47,1583.0,1539.04,1540.01,-2.68,1037779968.0,2016-11-23
1540.01,1572.72,1516.74,1534.03,-0.39,913265984.0,2016-11-24
1534.03,1536.53,1468.99,1469.48,-4.21,891988992.0,2016-11-27
1469.48,1512.19,1404.2,1510.16,2.77,1088150016.0,2016-11-28
1510.16,1554.59,1468.28,1553.68,2.88,1173600000.0,2016-11-29
1553.68,1608.37,1553.42,1608.33,3.52,1348320000.0,2016-11-30
1608.33,1624.79,1586.47,1600.49,-0.49,1186850048.0,2016-12-01
1600.49,1600.63,1569.47,1570.95,-1.85,702654016.0,2016-12-04
1570.95,1573.97,1541.21,1544.6,-1.68,639254976.0,2016-12-05
1544.6,1559.54,1536.78,1554.51,0.64,711153984.0,2016-12-06
1554.51,1557.42,1548.01,1553.9,-0.04,488444000.0,2016-12-07
1553.9,1554.24,1541.52,1544.68,-0.59,584075008.0,2016-12-08
1544.68,1546.21,1522.64,1522.8,-1.42,388068000.0,2016-12-11
1522.8,1523.98,1495.91,1509.43,-0.88,519555008.0,2016-12-12
1509.43,1518.07,1502.1,1516.08,0.44,466484992.0,2016-12-14
1516.08,1531.32,1514.17,1530.06,0.92,479159008.0,2016-12-15
1530.06,1531.43,1518.74,1531.35,0.08,566508992.0,2016-12-18
1531.35,1532.0,1512.79,1514.88,-1.08,537187008.0,2016-12-19
1514.88,1515.08,1494.76,1495.99,-1.25,668400000.0,2016-12-20
1495.99,1496.23,1469.55,1470.63,-1.7,475655008.0,2016-12-21
1470.63,1480.19,1466.75,1475.41,0.33,444880992.0,2016-12-22
1475.41,1476.5,1432.57,1432.57,-2.9,458576992.0,2016-12-26
1432.57,1433.6,1394.18,1407.53,-1.75,546097024.0,2016-12-27
1407.53,1422.89,1402.81,1413.15,0.4,433379008.0,2016-12-28
1413.15,1454.64,1412.9,1443.38,2.14,560499008.0,2016-12-29
1443.38,1476.82,1443.8,1465.72,1.55,561280000.0,2017-01-01
1465.72,1484.89,1465.72,1482.85,1.17,494264992.0,2017-01-02
1482.85,1484.26,1456.69,1456.82,-1.76,385836992.0,2017-01-03
1456.82,1462.83,1442.51,1457.82,0.07,320670016.0,2017-01-04
1457.82,1465.72,1451.36,1454.14,-0.25,326768000.0,2017-01-05
1454.14,1453.89,1445.66,1447.45,-0.46,385014016.0,2017-01-08
1447.45,1461.23,1447.5,1458.97,0.8,261236992.0,2017-01-09
1458.97,1477.81,1460.6,1476.9,1.23,356823008.0,2017-01-10
1476.9,1484.57,1473.71,1476.51,-0.03,290327008.0,2017-01-11
1476.51,1481.77,1476.26,1479.86,0.23,257332992.0,2017-01-12
1479.86,1484.43,1476.25,1477.72,-0.14,267938000.0,2017-01-15
1477.72,1480.07,1465.53,1466.09,-0.79,260408992.0,2017-01-16
1466.09,1467.38,1454.99,1463.04,-0.21,333654016.0,2017-01-17
1463.04,1463.66,1456.95,1462.23,-0.05,291684992.0,2017-01-18
1462.23,1468.86,1461.42,1462.56,0.02,297208992.0,2017-01-19
1462.56,1468.72,1462.41,1465.84,0.22,231915008.0,2017-01-22
1465.84,1467.01,1457.85,1457.88,-0.54,298895008.0,2017-01-23
1457.88,1460.37,1432.99,1432.99,-1.71,317612992.0,2017-01-24
1432.99,1433.63,1395.91,1396.61,-2.54,398868000.0,2017-01-25
1396.61,1396.61,1357.31,1375.14,-1.54,490808000.0,2017-01-26
1375.14,1375.93,1307.62,1309.7,-4.76,512318016.0,2017-01-30
1309.7,1335.23,1292.98,1326.6,1.29,469633984.0,2017-01-31
1326.6,1390.56,1326.6,1389.83,4.77,564668032.0,2017-02-01
1389.83,1416.93,1377.19,1382.45,-0.53,516676000.0,2017-02-02
1382.45,1384.0,1353.76,1364.5,-1.3,255400992.0,2017-02-05
1364.5,1364.86,1346.19,1348.84,-1.15,222291008.0,2017-02-06
1348.84,1350.96,1338.06,1344.6,-0.31,297356992.0,2017-02-07
1344.6,1346.26,1321.23,1322.98,-1.61,324199008.0,2017-02-08
1322.98,1323.32,1296.2,1296.23,-2.02,411400992.0,2017-02-09
1296.23,1297.3,1252.42,1252.5,-3.37,451153984.0,2017-02-12
1252.5,1278.98,1218.86,1278.98,2.11,462281984.0,2017-02-13
1278.98,1284.04,1260.84,1274.97,-0.31,390963008.0,2017-02-14
1274.97,1316.81,1275.06,1316.8,3.28,520287008.0,2017-02-15
1316.8,1345.33,1314.08,1343.85,2.05,621523968.0,2017-02-16
1343.85,1369.41,1326.71,1369.35,1.9,628798016.0,2017-02-19
1369.35,1394.06,1361.05,1365.11,-0.31,798889024.0,2017-02-20
1365.11,1385.9,1346.59,1357.57,-0.55,577590016.0,2017-02-21
1357.57,1358.91,1338.45,1344.11,-0.99,319015008.0,2017-02-22
1344.11,1344.07,1335.68,1337.46,-0.49,269056000.0,2017-02-23
1337.46,1338.49,1313.01,1313.01,-1.83,245987008.0,2017-02-26
1313.01,1313.01,1294.19,1299.29,-1.04,528111008.0,2017-02-28
1299.29,1316.96,1299.1,1316.8,1.35,314716000.0,2017-03-01
1316.8,1329.41,1316.8,1329.41,0.96,400524992.0,2017-03-02
1329.41,1358.27,1328.0,1354.34,1.88,558435968.0,2017-03-05
1354.34,1371.53,1353.47,1358.41,0.3,732656000.0,2017-03-06
1358.41,1358.48,1339.27,1341.56,-1.24,402360992.0,2017-03-07
1341.56,1353.45,1341.48,1347.53,0.44,452680992.0,2017-03-09
1347.53,1359.49,1347.56,1355.23,0.57,335582016.0,2017-03-13
1355.23,1360.37,1346.7,1347.09,-0.6,309343008.0,2017-03-14
1347.09,1358.24,1340.3,1356.13,0.67,287448992.0,2017-03-15
1356.13,1359.65,1354.75,1357.34,0.09,417496000.0,2017-03-16
1357.34,1382.3,1357.08,1382.19,1.83,640144000.0,2017-03-19
1382.19,1424.78,1381.87,1424.38,3.05,1205650048.0,2017-03-20
1424.38,1463.09,1412.97,1462.23,2.66,1313200000.0,2017-03-21
1462.23,1513.19,1462.23,1481.08,1.29,1306419968.0,2017-03-22
1481.08,1495.58,1469.57,1486.04,0.33,961484032.0,2017-03-23
1486.04,1546.48,1486.04,1533.83,3.22,1511490048.0,2017-03-26
1533.83,1610.67,1533.83,1610.62,5.01,1339960064.0,2017-03-28
1610.62,1644.77,1587.21,1588.29,-1.39,2043980032.0,2017-03-29
1588.29,1600.57,1569.43,1587.64,-0.04,1447270016.0,2017-03-30
1587.64,1667.11,1587.64,1667.11,5.01,903900032.0,2017-04-02
1667.11,1746.82,1648.21,1660.52,-0.4,2442589952.0,2017-04-03
1660.52,1675.95,1635.22,1657.02,-0.21,1566310016.0,2017-04-04
1657.02,1666.91,1642.91,1651.04,-0.36,1351320064.0,2017-04-06
1651.04,1665.55,1644.31,1651.6,0.03,1194230016.0,2017-04-09
1651.6,1677.18,1651.28,1676.22,1.49,1542029952.0,2017-04-10
1676.22,1710.74,1676.25,1709.82,2.0,1860470016.0,2017-04-11
1709.82,1737.91,1702.7,1703.07,-0.4,1986259968.0,2017-04-12
1703.07,1709.08,1679.68,1697.13,-0.35,1391820032.0,2017-04-13
1697.13,1704.02,1651.1,1651.61,-2.68,1163069952.0,2017-04-16
1651.61,1651.74,1603.59,1612.04,-2.4,1458509952.0,2017-04-18
1612.04,1662.02,1609.8,1662.02,3.1,1037200000.0,2017-04-19
1662.02,1684.33,1653.62,1658.34,-0.22,1299580032.0,2017-04-20
1658.34,1724.54,1659.46,1693.72,2.13,1515859968.0,2017-04-23
1693.72,1696.85,1673.08,1675.78,-1.06,941086976.0,2017-04-24
1675.78,1682.91,1668.71,1672.38,-0.2,1036600000.0,2017-04-25
1672.38,1677.9,1666.09,1670.3,-0.12,856094976.0,2017-04-26
1670.3,1679.31,1656.68,1670.62,0.02,1063420032.0,2017-04-27
1670.62,1670.69,1648.11,1650.78,-1.19,747966016.0,2017-04-30
1650.78,1667.97,1642.37,1658.33,0.46,874723968.0,2017-05-02
1658.33,1679.82,1658.88,1662.38,0.24,864366976.0,2017-05-03
1662.38,1668.3,1652.21,1653.18,-0.55,752230976.0,2017-05-04
1653.18,1655.72,1625.76,1628.98,-1.46,668144000.0,2017-05-07
1628.98,1647.21,1627.02,1637.3,0.51,560332032.0,2017-05-08
1637.3,1651.09,1637.21,1650.81,0.83,597118976.0,2017-05-09
1650.81,1659.05,1650.72,1658.58,0.47,840556032.0,2017-05-11
1658.58,1675.57,1658.16,1659.23,0.04,596112000.0,2017-05-15
1659.23,1660.52,1647.63,1649.24,-0.6,447912000.0,2017-05-16
1649.24,1655.09,1644.25,1644.26,-0.3,574614976.0,2017-05-17
1644.26,1646.04,1635.65,1643.87,-0.02,757734976.0,2017-05-18
1643.87,1648.35,1625.49,1627.24,-1.01,641156992.0,2017-05-21
1627.24,1629.38,1612.07,1616.4,-0.67,513321984.0,2017-05-22
1616.4,1636.14,1611.61,1626.51,0.63,754849024.0,2017-05-23
1626.51,1632.11,1615.18,1629.58,0.19,629254976.0,2017-05-24
1629.58,1629.9,1611.22,1615.58,-0.86,723315968.0,2017-05-28
1615.58,1616.07,1592.4,1594.43,-1.31,732868992.0,2017-05-30
1594.43,1612.8,1582.72,1608.11,0.86,649315968.0,2017-05-31
1608.11,1614.85,1604.2,1604.31,-0.24,562675968.0,2017-06-01
1604.31,1606.13,1590.67,1593.81,-0.65,527332000.0,2017-06-04
1593.81,1610.3,1593.9,1602.65,0.55,546643008.0,2017-06-05
1602.65,1637.39,1602.65,1637.37,2.17,896185024.0,2017-06-06
1637.37,1651.29,1622.27,1623.13,-0.87,752364032.0,2017-06-07
1623.13,1623.5,1610.02,1615.19,-0.49,474460992.0,2017-06-08
1615.19,1618.98,1589.71,1590.49,-1.53,646574976.0,2017-06-11
1590.49,1593.39,1577.75,1580.52,-0.63,482025984.0,2017-06-12
1580.52,1592.02,1576.46,1585.15,0.29,468572000.0,2017-06-13
1585.15,1586.92,1581.41,1584.49,-0.04,530158016.0,2017-06-14
1584.49,1605.01,1578.66,1589.59,0.32,612854976.0,2017-06-15
1589.59,1591.9,1574.73,1575.98,-0.86,533216000.0,2017-06-18
1575.98,1576.82,1554.09,1555.16,-1.32,614467968.0,2017-06-19
1555.16,1560.35,1542.06,1551.07,-0.26,552184000.0,2017-06-20
1551.07,1559.07,1548.04,1554.69,0.23,425968000.0,2017-06-21
1554.69,1565.56,1554.43,1559.49,0.31,494652000.0,2017-06-22
1559.49,1569.94,1559.3,1567.72,0.53,582424000.0,2017-06-25
1567.72,1571.72,1563.04,1565.09,-0.17,578462976.0,2017-06-27
1565.09,1566.35,1559.61,1563.81,-0.08,450164992.0,2017-06-28
1563.81,1563.93,1539.75,1541.82,-1.41,520582016.0,2017-07-02
1541.82,1551.98,1541.06,1544.29,0.16,402097984.0,2017-07-03
1544.29,1546.13,1540.62,1541.28,-0.19,354695008.0,2017-07-04
1541.28,1551.07,1537.99,1551.06,0.63,455596992.0,2017-07-05
1551.06,1582.52,1550.77,1582.11,2.0,712723008.0,2017-07-06
1582.11,1605.39,1561.79,1584.15,0.13,1042430016.0,2017-07-09
1584.15,1584.34,1572.0,1575.22,-0.56,642406976.0,2017-07-10
1575.22,1586.35,1571.75,1585.01,0.62,544070976.0,2017-07-11
1585.01,1590.61,1582.06,1587.56,0.16,561254016.0,2017-07-12
1587.56,1589.16,1578.94,1582.67,-0.31,716166976.0,2017-07-13
1582.67,1584.38,1580.08,1583.57,0.06,430724000.0,2017-07-16
1583.57,1604.31,1582.48,1604.15,1.3,599289984.0,2017-07-17
1604.15,1638.41,1603.76,1638.41,2.14,1102710016.0,2017-07-18
1638.41,1652.73,1634.97,1637.27,-0.07,1107469952.0,2017-07-19
1637.27,1640.34,1633.6,1635.75,-0.09,907945984.0,2017-07-20
1635.75,1640.3,1633.82,1635.56,-0.01,1021249984.0,2017-07-23
1635.56,1636.01,1625.09,1629.08,-0.4,1008200000.0,2017-07-24
1629.08,1645.57,1627.76,1636.19,0.44,808281984.0,2017-07-25
1636.19,1649.53,1636.19,1645.03,0.54,1109970048.0,2017-07-26
1645.03,1653.2,1637.67,1646.53,0.09,1120790016.0,2017-07-27
1646.53,1649.93,1635.42,1643.28,-0.2,932892992.0,2017-07-30
1643.28,1657.01,1643.28,1652.69,0.57,978681024.0,2017-07-31
1652.69,1661.73,1652.36,1660.25,0.46,1013820032.0,2017-08-01
1660.25,1668.55,1659.19,1662.74,0.15,1019910016.0,2017-08-02
1662.74,1669.0,1658.88,1660.58,-0.13,1081469952.0,2017-08-03
1660.58,1670.01,1659.99,1665.05,0.27,962364992.0,2017-08-06
1665.05,1671.46,1663.26,1667.94,0.17,868548992.0,2017-08-07
1667.94,1675.31,1661.25,1661.72,-0.37,824171008.0,2017-08-09
1661.72,1664.11,1650.2,1653.53,-0.49,869953984.0,2017-08-10
1653.53,1661.18,1640.84,1642.13,-0.69,743803008.0,2017-08-13
1642.13,1644.74,1628.04,1629.16,-0.79,701028992.0,2017-08-15
1629.16,1644.52,1625.01,1632.66,0.21,631038976.0,2017-08-16
1632.66,1633.9,1624.05,1629.75,-0.18,629568000.0,2017-08-17
1629.75,1633.72,1617.06,1617.97,-0.72,705353984.0,2017-08-20
1617.97,1619.32,1609.41,1611.57,-0.4,474737984.0,2017-08-21
1611.57,1622.68,1607.18,1614.05,0.15,662060032.0,2017-08-22
1614.05,1617.58,1609.89,1611.27,-0.17,574001024.0,2017-08-23
1611.27,1618.03,1608.96,1617.81,0.41,555446976.0,2017-08-24
1617.81,1627.98,1617.86,1622.32,0.28,718817984.0,2017-08-27
1622.32,1627.35,1611.91,1612.91,-0.58,870353984.0,2017-08-28
1612.91,1614.75,1595.92,1598.36,-0.9,848014976.0,2017-08-30
1598.36,1599.03,1577.68,1580.03,-1.15,789476992.0,2017-08-31
1580.03,1580.86,1553.87,1554.56,-1.61,809582016.0,2017-09-04
1554.56,1580.4,1554.56,1566.5,0.77,702812032.0,2017-09-06
1566.5,1571.01,1553.99,1554.55,-0.76,653435008.0,2017-09-07
1554.55,1556.77,1519.12,1519.66,-2.24,877347968.0,2017-09-10
1519.66,1530.23,1510.23,1523.26,0.24,727353984.0,2017-09-11
1523.26,1523.26,1499.55,1502.2,-1.38,540275008.0,2017-09-12
1502.2,1509.24,1483.96,1493.2,-0.6,591177984.0,2017-09-13
1493.2,1530.31,1489.4,1530.31,2.49,591177984.0,2017-09-14
1530.31,1549.11,1528.94,1547.94,1.15,576883008.0,2017-09-17
1547.94,1556.34,1541.31,1543.7,-0.27,450840992.0,2017-09-18
1543.7,1546.89,1530.23,1539.81,-0.25,414631008.0,2017-09-20
1539.81,1540.38,1534.61,1536.92,-0.19,271105984.0,2017-09-24
1536.92,1545.65,1536.85,1545.44,0.55,255570000.0,2017-09-25
1545.44,1553.44,1545.34,1549.46,0.26,303448000.0,2017-09-26
1549.46,1556.35,1546.1,1556.35,0.44,129759000.0,2017-10-03
1556.35,1558.61,1539.89,1542.65,-0.88,272360992.0,2017-10-04
1542.65,1542.53,1492.2,1510.01,-2.12,389966016.0,2017-10-08
1510.01,1513.06,1493.83,1501.89,-0.54,308187008.0,2017-10-09
1501.89,1507.82,1493.97,1502.63,0.05,297796000.0,2017-10-10
1502.63,1513.38,1499.38,1505.99,0.22,274908000.0,2017-10-11
1505.99,1512.3,1505.52,1510.02,0.27,386200992.0,2017-10-12
1510.02,1518.47,1507.95,1518.28,0.55,498376000.0,2017-10-15
1518.28,1564.99,1518.28,1564.9,3.07,545788032.0,2017-10-16
1564.9,1573.91,1552.12,1559.18,-0.37,554140032.0,2017-10-17
1559.18,1568.52,1548.32,1568.35,0.59,350052000.0,2017-10-18
1568.35,1586.89,1567.96,1571.92,0.23,346168992.0,2017-10-22
1571.92,1575.67,1564.48,1568.3,-0.23,377179008.0,2017-10-23
1568.3,1572.4,1562.56,1567.64,-0.04,377179008.0,2017-10-24
1567.64,1568.06,1552.91,1553.72,-0.89,409729984.0,2017-10-25
1553.72,1555.21,1539.41,1540.23,-0.87,373524000.0,2017-10-29
1540.23,1542.91,1534.2,1536.72,-0.23,389572000.0,2017-10-30
1536.72,1539.94,1528.12,1533.53,-0.21,339512992.0,2017-10-31
1533.53,1535.88,1523.52,1526.51,-0.46,368937984.0,2017-11-01
1526.51,1527.08,1519.77,1522.81,-0.24,360876000.0,2017-11-02
1522.81,1524.43,1489.17,1496.46,-1.73,581257024.0,2017-11-05
1496.46,1503.43,1480.32,1493.42,-0.2,486160000.0,2017-11-06
1493.42,1503.32,1483.92,1484.45,-0.6,377729984.0,2017-11-07
1484.45,1484.54,1459.4,1466.62,-1.2,446584992.0,2017-11-08
1466.62,1475.83,1452.24,1460.73,-0.4,444492992.0,2017-11-09
1460.73,1477.19,1456.66,1477.14,1.12,323486016.0,2017-11-12
1477.14,1492.02,1476.86,1490.88,0.93,514395008.0,2017-11-13
1490.88,1521.87,1490.82,1516.02,1.69,681294016.0,2017-11-14
1516.02,1521.01,1503.97,1504.79,-0.74,584502016.0,2017-11-15
1504.79,1506.81,1488.52,1489.06,-1.05,416516000.0,2017-11-16
1489.06,1494.2,1475.04,1475.72,-0.9,424575008.0,2017-11-19
1475.72,1476.53,1467.07,1469.16,-0.44,354720000.0,2017-11-20
1469.16,1481.3,1465.89,1472.24,0.21,290092000.0,2017-11-21
1469.16,1482.05,1470.97,1480.26,0.54,295387008.0,2017-11-22
1480.26,1494.1,1480.26,1493.29,0.88,426372000.0,2017-11-23
1493.29,1516.73,1493.29,1514.34,1.41,588665984.0,2017-11-26
1514.34,1521.15,1508.22,1513.74,-0.04,640464000.0,2017-11-27
1513.74,1524.01,1510.23,1523.86,0.67,542232000.0,2017-11-28
1523.86,1548.67,1523.86,1536.12,0.8,1009910016.0,2017-11-29
1536.12,1540.84,1527.14,1537.67,0.1,714825984.0,2017-11-30
1537.67,1544.93,1524.54,1526.77,-0.71,525312992.0,2017-12-04
1526.77,1528.63,1517.99,1524.87,-0.12,490348992.0,2017-12-05
1524.87,1537.51,1524.36,1536.54,0.77,608851968.0,2017-12-06
1536.54,1556.84,1529.12,1530.49,-0.39,807576000.0,2017-12-10
1530.49,1533.01,1520.19,1527.75,-0.18,379048000.0,2017-12-11
1527.75,1530.84,1509.86,1510.21,-1.15,556129984.0,2017-12-12
1510.21,1520.81,1504.13,1520.74,0.7,430999008.0,2017-12-13
1520.74,1524.39,1515.16,1520.15,-0.04,404048000.0,2017-12-14
1520.15,1520.95,1505.84,1509.14,-0.72,479945984.0,2017-12-17
1509.14,1516.9,1507.68,1508.25,-0.06,518272992.0,2017-12-18
1508.25,1510.96,1493.0,1493.76,-0.96,490559008.0,2017-12-19
1493.76,1494.06,1482.52,1484.47,-0.62,391591008.0,2017-12-20
1484.47,1487.16,1470.64,1472.15,-0.83,447976000.0,2017-12-21
1472.15,1481.06,1466.46,1467.68,-0.3,500308000.0,2017-12-24
1467.68,1470.84,1445.25,1447.04,-1.41,523652992.0,2017-12-26
1447.04,1447.3,1421.29,1425.51,-1.49,643049984.0,2017-12-27
1425.51,1427.47,1409.31,1414.78,-0.75,732625984.0,2017-12-28
1414.78,1414.87,1382.33,1390.58,-1.71,422227008.0,2017-12-31
1390.58,1434.95,1390.59,1434.8,3.18,462478016.0,2018-01-01
1434.8,1453.85,1429.85,1437.24,0.17,603081984.0,2018-01-02
1437.24,1439.24,1414.96,1416.61,-1.44,435828992.0,2018-01-03
1416.61,1423.83,1414.74,1423.83,0.51,365937984.0,2018-01-04
1423.83,1435.23,1422.31,1431.8,0.56,316608992.0,2018-01-07
1431.8,1448.78,1431.8,1443.8,0.84,444126016.0,2018-01-08
1443.8,1457.9,1441.88,1456.07,0.85,459059008.0,2018-01-09
1456.07,1457.89,1439.87,1440.29,-1.08,356148000.0,2018-01-10
1440.29,1442.03,1426.45,1431.1,-0.64,316456000.0,2018-01-14
1431.1,1431.17,1408.88,1413.71,-1.22,340700992.0,2018-01-16
1413.71,1413.77,1399.39,1406.52,-0.51,398921984.0,2018-01-17
1406.52,1413.45,1402.31,1402.67,-0.27,381268992.0,2018-01-21
1402.67,1407.28,1400.6,1402.09,-0.04,336096000.0,2018-01-22
1402.09,1402.94,1392.09,1393.04,-0.65,301217984.0,2018-01-23
1393.04,1397.1,1391.35,1394.73,0.12,218552000.0,2018-01-24
1394.73,1404.53,1394.28,1404.53,0.7,271240000.0,2018-01-25
1404.53,1411.68,1403.46,1405.95,0.1,341291008.0,2018-01-28
1405.95,1407.86,1397.73,1402.23,-0.26,261374000.0,2018-01-29
1402.23,1405.99,1399.67,1404.49,0.16,291264000.0,2018-01-31
1404.49,1415.18,1403.15,1411.52,0.5,396398016.0,2018-02-01
1404.49,1418.21,1409.62,1410.51,-0.07,440143008.0,2018-02-04
1404.49,1413.14,1399.2,1400.05,-0.74,287900992.0,2018-02-05
1400.05,1401.58,1393.16,1394.03,-0.43,222879008.0,2018-02-06
1394.03,1395.25,1380.99,1382.02,-0.86,255580000.0,2018-02-07
1382.02,1391.12,1378.58,1391.03,0.65,256940000.0,2018-02-08
1391.03,1394.37,1383.95,1384.71,-0.45,194698000.0,2018-02-11
1384.71,1385.87,1378.64,1380.29,-0.32,218002000.0,2018-02-12
1380.29,1389.04,1376.18,1388.94,0.63,277982016.0,2018-02-14
1388.94,1426.56,1388.94,1424.95,2.59,628467008.0,2018-02-15
1424.95,1444.94,1413.07,1413.9,-0.78,567721984.0,2018-02-18
1413.9,1424.38,1396.59,1396.72,-1.22,310777984.0,2018-02-20
1396.72,1397.66,1386.0,1387.08,-0.69,244471008.0,2018-02-21
1387.08,1395.4,1382.04,1386.98,-0.01,330896992.0,2018-02-22
1386.98,1389.31,1374.08,1374.73,-0.88,252644000.0,2018-02-25
1374.73,1379.78,1356.64,1358.95,-1.15,446529984.0,2018-02-26
1358.95,1377.62,1358.69,1364.81,0.43,437884992.0,2018-02-27
1364.81,1364.96,1343.8,1345.99,-1.38,491740992.0,2018-02-28
1345.99,1345.79,1291.42,1304.43,-3.09,440904000.0,2018-03-04
1304.43,1319.54,1286.19,1287.74,-1.28,371527008.0,2018-03-05
1287.74,1306.1,1267.23,1296.44,0.68,430979008.0,2018-03-06
1296.44,1315.13,1295.83,1315.13,1.44,422131008.0,2018-03-07
1315.13,1315.51,1283.85,1284.09,-2.36,303252992.0,2018-03-11
1284.09,1289.52,1273.03,1277.01,-0.55,297712992.0,2018-03-12
1277.01,1281.9,1276.68,1281.9,0.38,226427008.0,2018-03-13
1281.9,1285.96,1279.28,1285.96,0.32,168392000.0,2018-03-14
1285.96,1298.68,1284.75,1288.36,0.19,221290000.0,2018-03-15
1288.36,1292.72,1277.53,1278.96,-0.73,266955008.0,2018-03-18
1278.96,1281.34,1269.25,1270.52,-0.66,256922000.0,2018-03-19
1270.52,1271.13,1249.6,1255.47,-1.18,302363008.0,2018-03-20
1255.47,1257.52,1224.39,1231.07,-1.94,360376992.0,2018-03-21
1231.07,1238.61,1207.56,1220.44,-0.86,431647008.0,2018-03-22
1220.44,1220.44,1166.01,1168.55,-4.25,453727008.0,2018-03-26
1168.55,1217.39,1134.92,1207.71,3.35,468104000.0,2018-03-27
1207.71,1222.95,1187.04,1204.81,-0.24,493057984.0,2018-03-28
1204.81,1222.58,1204.69,1220.29,1.28,321771008.0,2018-03-29
1204.81,1222.63,1185.51,1196.24,-1.97,293590016.0,2018-04-01
1196.24,1199.78,1191.24,1192.96,-0.27,184803008.0,2018-04-02
1192.96,1200.35,1188.51,1199.0,0.51,213594000.0,2018-04-03
1199.0,1227.97,1199.06,1226.45,2.29,318393984.0,2018-04-04
1226.45,1250.49,1226.45,1250.39,1.95,605590976.0,2018-04-05
1250.39,1303.3,1250.19,1294.65,3.54,885886976.0,2018-04-08
1294.65,1316.6,1286.76,1287.78,-0.53,796424000.0,2018-04-09
1287.78,1292.0,1266.85,1270.23,-1.36,333681984.0,2018-04-10
1270.23,1273.35,1257.92,1273.33,0.24,250412000.0,2018-04-11
1273.33,1285.54,1273.37,1277.55,0.33,404896992.0,2018-04-12
1277.55,1280.9,1259.21,1280.15,0.2,292868992.0,2018-04-15
1280.15,1302.1,1277.01,1297.57,1.36,560924992.0,2018-04-16
1297.57,1334.45,1297.58,1331.18,2.59,916345984.0,2018-04-17
1331.18,1392.16,1327.78,1363.01,2.39,1064979968.0,2018-04-18
1363.01,1391.74,1361.18,1388.31,1.86,1044529984.0,2018-04-19
1388.31,1438.57,1388.66,1438.49,3.61,1154540032.0,2018-04-22
1438.49,1461.21,1398.41,1410.85,-1.92,1457789952.0,2018-04-23
1410.85,1413.99,1391.19,1394.86,-1.13,688872000.0,2018-04-24
1394.86,1399.46,1384.59,1386.47,-0.6,529377984.0,2018-04-25
1386.47,1392.63,1354.19,1357.22,-2.11,567923968.0,2018-04-26
1357.22,1362.66,1337.93,1349.01,-0.6,378035008.0,2018-04-29
1349.01,1360.87,1335.39,1360.38,0.84,362500000.0,2018-05-02
1360.38,1376.68,1360.41,1366.15,0.42,710668992.0,2018-05-03
1366.15,1366.67,1353.4,1353.64,-0.92,345672992.0,2018-05-06
1353.64,1353.79,1344.0,1345.37,-0.61,406921984.0,2018-05-07
1345.37,1361.02,1344.32,1361.02,1.16,476043008.0,2018-05-08
1361.02,1365.62,1352.67,1356.15,-0.36,331771008.0,2018-05-09
1356.15,1356.93,1348.45,1348.45,-0.57,332507008.0,2018-05-10
1348.45,1350.14,1337.44,1338.17,-0.76,395136992.0,2018-05-14
1338.17,1341.18,1332.41,1333.85,-0.32,136671008.0,2018-05-15
1333.85,1338.45,1333.54,1338.01,0.31,213126000.0,2018-05-16
1338.01,1348.12,1337.65,1339.65,0.12,276532000.0,2018-05-17
1339.65,1356.94,1335.94,1339.19,-0.03,322665984.0,2018-05-20
1339.19,1340.72,1332.27,1337.13,-0.15,300710016.0,2018-05-21
1337.15,1338.29,1331.81,1332.82,-0.32,310732992.0,2018-05-22
1332.82,1333.05,1326.28,1328.27,-0.34,290099008.0,2018-05-23
1328.27,1331.02,1317.34,1318.22,-0.76,364064992.0,2018-05-24
1318.22,1318.3,1300.13,1300.41,-1.35,368198016.0,2018-05-27
1300.41,1336.71,1291.34,1336.39,2.77,397385984.0,2018-05-28
1336.39,1340.6,1322.34,1327.21,-0.69,407628992.0,2018-05-29
1327.21,1341.71,1318.24,1322.27,-0.37,428747008.0,2018-05-30
1327.21,1323.11,1305.61,1307.66,-1.1,327692000.0,2018-05-31
1307.66,1307.63,1273.02,1273.95,-2.58,496812000.0,2018-06-03
1273.95,1281.98,1258.58,1268.84,-0.4,403524992.0,2018-06-04
1268.84,1295.82,1268.91,1282.75,1.1,189312992.0,2018-06-06
1282.75,1285.84,1256.75,1257.07,-2.0,413830016.0,2018-06-07
1257.07,1259.04,1231.06,1231.64,-2.02,427745984.0,2018-06-10
1231.64,1252.7,1223.78,1241.19,0.78,371065984.0,2018-06-11
1241.19,1244.85,1230.42,1239.26,-0.16,271081984.0,2018-06-12
1239.26,1243.1,1235.01,1242.07,0.23,189940992.0,2018-06-13
1239.26,1252.87,1241.85,1247.3,0.42,269468000.0,2018-06-14
1247.3,1248.62,1232.41,1233.23,-1.13,226919008.0,2018-06-17
1233.23,1235.15,1221.92,1235.15,0.16,188058000.0,2018-06-18
1235.15,1236.48,1223.93,1226.18,-0.73,189708992.0,2018-06-19
1226.18,1226.83,1217.46,1217.84,-0.68,242912992.0,2018-06-20
1217.84,1225.43,1211.31,1218.46,0.05,170062000.0,2018-06-21
1218.46,1227.74,1216.21,1219.81,0.11,173104992.0,2018-06-24
1219.81,1220.76,1209.02,1210.09,-0.8,178132000.0,2018-06-25
1210.09,1211.17,1194.35,1194.8,-1.26,208990000.0,2018-06-26
1194.8,1205.53,1190.95,1199.42,0.39,159571008.0,2018-06-27
1199.42,1203.96,1197.34,1198.54,-0.07,219600992.0,2018-06-28
1198.54,1199.05,1183.52,1184.53,-1.17,187736992.0,2018-07-01
1184.53,1187.04,1174.83,1179.71,-0.41,196692992.0,2018-07-02
1179.71,1183.03,1174.56,1180.36,0.06,180480000.0,2018-07-03
1180.36,1190.17,1175.88,1188.4,0.68,226062000.0,2018-07-04
1188.4,1224.41,1188.37,1224.41,3.03,445847008.0,2018-07-05
1224.41,1240.93,1224.37,1224.39,0.0,453251008.0,2018-07-08
1224.39,1226.09,1204.95,1206.43,-1.47,381536000.0,2018-07-09
1206.43,1214.45,1202.79,1205.93,-0.04,252370000.0,2018-07-10
1205.93,1221.75,1204.29,1205.64,-0.02,353544992.0,2018-07-11
1205.64,1210.6,1190.09,1191.98,-1.13,372244992.0,2018-07-12
1191.98,1200.31,1192.0,1200.09,0.68,160974000.0,2018-07-15
1200.09,1212.36,1197.06,1212.36,1.02,93616400.0,2018-07-16
1212.36,1214.85,1202.85,1204.31,-0.66,192836992.0,2018-07-17
1204.31,1205.15,1196.21,1198.77,-0.46,163767008.0,2018-07-18
1198.77,1199.54,1192.78,1193.39,-0.45,239239008.0,2018-07-19
1193.39,1194.0,1181.12,1181.66,-0.98,198144992.0,2018-07-22
1181.66,1194.9,1181.4,1194.5,1.09,178876992.0,2018-07-23
1194.5,1213.15,1194.09,1199.27,0.4,281844992.0,2018-07-24
1194.5,1200.0,1192.26,1194.35,-0.41,148591008.0,2018-07-25
1194.35,1197.0,1188.15,1191.2,-0.26,179884992.0,2018-07-26
1191.2,1196.79,1191.2,1194.82,0.3,175888992.0,2018-07-29
1194.82,1198.56,1193.17,1194.38,-0.04,271272992.0,2018-07-30
1194.38,1196.56,1189.77,1191.47,-0.24,162706000.0,2018-07-31
1191.47,1194.61,1190.04,1193.87,0.2,166588000.0,2018-08-01
1193.87,1195.94,1191.13,1191.31,-0.21,185231008.0,2018-08-02
1191.31,1192.53,1188.44,1189.88,-0.12,158752992.0,2018-08-05
1189.88,1192.97,1188.05,1189.67,-0.02,156654000.0,2018-08-06
1189.67,1192.06,1186.26,1188.21,-0.12,171795008.0,2018-08-07
1188.21,1190.3,1186.09,1187.32,-0.08,139159008.0,2018-08-08
1187.32,1189.23,1179.25,1180.63,-0.56,185994000.0,2018-08-09
1180.63,1181.58,1163.41,1163.94,-1.41,240828992.0,2018-08-12
1163.94,1174.62,1161.96,1174.37,0.9,162339008.0,2018-08-13
1174.37,1181.39,1170.09,1180.98,0.56,179439008.0,2018-08-14
1180.98,1210.09,1180.99,1209.71,2.43,315848000.0,2018-08-15
1209.71,1218.71,1203.14,1210.32,0.05,410744992.0,2018-08-16
1210.32,1210.75,1195.7,1196.29,-1.16,281052992.0,2018-08-19
1196.29,1196.84,1185.82,1188.07,-0.69,193962000.0,2018-08-20
1188.08,1188.27,1181.98,1183.89,-0.35,173720000.0,2018-08-21
1183.89,1185.34,1180.26,1182.42,-0.12,105630000.0,2018-08-22
1182.42,1183.13,1175.35,1178.5,-0.33,261260992.0,2018-08-23
1178.5,1178.67,1175.5,1175.72,-0.24,131823000.0,2018-08-26
1175.72,1177.09,1172.78,1177.09,0.12,176827008.0,2018-08-28
1177.09,1177.79,1171.0,1172.3,-0.41,177668000.0,2018-08-29
1172.3,1181.69,1170.69,1181.69,0.8,214779008.0,2018-08-30
1181.69,1191.93,1178.59,1190.28,0.73,283239008.0,2018-09-02
1190.28,1213.86,1190.27,1206.26,1.34,519075008.0,2018-09-03
1206.26,1214.2,1202.68,1210.24,0.33,405795008.0,2018-09-04
1210.24,1243.61,1210.3,1234.13,1.97,690163008.0,2018-09-05
1234.15,1247.35,1224.25,1229.77,-0.35,695782016.0,2018-09-06
1229.77,1230.37,1217.33,1218.98,-0.88,298512992.0,2018-09-09
1218.98,1220.25,1206.88,1210.88,-0.66,234584000.0,2018-09-10
1210.88,1224.6,1210.88,1217.65,0.56,314528000.0,2018-09-11
1217.65,1230.96,1215.62,1230.71,1.07,399812000.0,2018-09-12
1230.71,1246.24,1230.8,1244.84,1.15,687436992.0,2018-09-13
1244.84,1270.19,1244.99,1256.53,0.94,886097024.0,2018-09-16
1256.55,1261.19,1247.9,1256.4,-0.01,579804992.0,2018-09-17
1256.4,1261.61,1251.25,1258.81,0.19,440420000.0,2018-09-18
1258.81,1260.96,1249.78,1255.07,-0.3,528860992.0,2018-09-20
1255.09,1260.39,1250.9,1257.68,0.21,618721024.0,2018-09-23
1257.68,1283.45,1257.74,1280.05,1.78,1051049984.0,2018-09-25
1280.05,1288.52,1270.05,1277.74,-0.18,890030016.0,2018-09-26
1277.74,1278.71,1266.18,1267.18,-0.83,492740992.0,2018-09-27
1267.18,1267.76,1253.44,1256.71,-0.83,561558976.0,2018-09-30
1256.71,1258.26,1237.97,1238.67,-1.44,524752000.0,2018-10-01
1238.67,1247.44,1237.53,1241.36,0.22,440748992.0,2018-10-02
1241.36,1242.27,1230.6,1230.6,-0.87,365169984.0,2018-10-03
1230.6,1231.84,1221.33,1227.37,-0.26,365169984.0,2018-10-04
1227.37,1227.37,1212.88,1214.36,-1.06,378448000.0,2018-10-07
1214.36,1222.78,1213.36,1220.52,0.51,360992992.0,2018-10-08
1220.52,1227.07,1217.06,1217.93,-0.21,336793984.0,2018-10-09
1217.93,1218.86,1213.58,1218.33,0.03,218171008.0,2018-10-10
1218.33,1228.28,1214.77,1228.28,0.82,231244000.0,2018-10-11
1228.28,1242.43,1228.16,1242.43,1.15,265802000.0,2018-10-14
1242.43,1246.14,1241.48,1241.63,-0.06,306736992.0,2018-10-15
1241.63,1248.51,1241.15,1246.52,0.39,136048000.0,2018-10-21
1246.52,1248.09,1240.58,1244.54,-0.16,167090000.0,2018-10-22
1244.54,1246.22,1238.63,1241.84,-0.22,192782000.0,2018-10-23
1241.84,1250.45,1239.01,1249.93,0.65,218378000.0,2018-10-24
1249.93,1250.3,1240.58,1241.11,-0.71,270716000.0,2018-10-25
1241.11,1241.82,1225.38,1227.49,-1.1,300731008.0,2018-10-28
1227.49,1227.49,1215.82,1216.93,-0.86,214403008.0,2018-10-29
1216.93,1224.36,1216.0,1224.36,0.61,213728000.0,2018-10-30
1224.36,1224.99,1218.83,1221.46,-0.24,158274000.0,2018-10-31
1221.46,1223.76,1217.46,1220.98,-0.04,241964000.0,2018-11-01
1220.98,1221.22,1206.48,1207.28,-1.12,280206016.0,2018-11-04
1207.28,1219.75,1205.81,1219.2,0.99,239046000.0,2018-11-05
1222.53,1222.53,1222.53,1222.53,0.27,33213900.0,2018-11-06
1224.39,1224.39,1205.22,1205.22,-1.42,98566496.0,2018-11-11
1204.64,1204.64,1192.22,1193.34,-0.99,132057000.0,2018-11-12
1192.87,1209.1,1191.72,1207.57,1.19,166104000.0,2018-11-13
1208.28,1209.23,1203.58,1208.89,0.11,178260736.0,2018-11-14
1208.89,1213.63,1205.2,1205.02,-0.32,236074000.0,2018-11-15
1203.94,1204.79,1194.18,1195.45,-0.79,319399008.0,2018-11-18
1196.08,1196.15,1187.96,1190.2,-0.44,207570000.0,2018-11-19
1189.97,1190.15,1181.66,1181.75,-0.72,171414000.0,2018-11-20
1182.17,1182.74,1176.45,1182.55,0.07,227711008.0,2018-11-21
1184.01,1184.92,1181.34,1181.24,-0.11,248907008.0,2018-11-22
1181.96,1182.44,1166.01,1166.63,-1.24,244220992.0,2018-11-25
1166.59,1167.19,1159.31,1159.82,-0.58,293713984.0,2018-11-26
1159.75,1167.17,1159.75,1161.49,0.14,218848992.0,2018-11-27
1161.5,1162.98,1158.75,1159.08,-0.21,396228000.0,2018-11-28
1159.07,1160.42,1148.13,1148.36,-0.92,314926016.0,2018-11-29
1148.29,1148.36,1129.89,1130.89,-1.52,451952000.0,2018-12-02
1130.31,1144.0,1128.91,1131.73,0.08,622254976.0,2018-12-03
1133.0,1142.01,1131.15,1142.01,0.91,363332992.0,2018-12-04
1140.99,1142.06,1117.45,1118.13,-2.09,329556992.0,2018-12-05
1117.97,1126.0,1109.32,1120.84,0.24,338912992.0,2018-12-06
1121.16,1128.45,1121.1,1131.7,0.97,218708992.0,2018-12-09
1131.43,1145.61,1131.43,1144.19,1.1,386500000.0,2018-12-10
1143.85,1145.75,1139.95,1141.1,-0.27,370360992.0,2018-12-11
1140.83,1143.7,1137.67,1141.18,0.01,208110000.0,2018-12-12
1141.25,1153.17,1140.54,1148.78,0.67,298800000.0,2018-12-13
1149.23,1168.59,1149.23,1167.67,1.64,437036992.0,2018-12-16
1167.55,1182.81,1166.06,1182.78,1.29,360561984.0,2018-12-17
1183.12,1185.36,1165.59,1168.17,-1.24,512580992.0,2018-12-18
1168.29,1171.58,1158.88,1162.7,-0.47,342703008.0,2018-12-19
1162.65,1173.8,1162.65,1165.97,0.28,393798016.0,2018-12-20
1166.33,1198.18,1166.33,1198.18,2.76,756868992.0,2018-12-23
1198.26,1207.88,1190.86,1191.74,-0.54,695494976.0,2018-12-24
1192.61,1192.95,1182.41,1186.03,-0.48,337190016.0,2018-12-25
1186.11,1216.27,1184.3,1216.27,2.55,679681024.0,2018-12-26
1216.57,1232.74,1211.72,1215.16,-0.09,1097720064.0,2018-12-27
1215.14,1219.29,1204.24,1204.54,-0.87,433888992.0,2018-12-30
1204.68,1207.25,1188.19,1188.19,-1.36,390624000.0,2018-12-31
1187.3,1196.18,1183.84,1185.91,-0.19,227166000.0,2019-01-01
1185.91,1186.9,1180.43,1180.43,-0.46,246231008.0,2019-01-02
1180.47,1184.95,1178.06,1178.87,-0.13,262468000.0,2019-01-03
1178.25,1181.58,1170.11,1170.79,-0.69,298870016.0,2019-01-06
1170.72,1181.17,1170.36,1177.46,0.57,322203008.0,2019-01-07
1177.87,1180.85,1177.15,1177.07,-0.03,332627008.0,2019-01-08
1177.87,1177.07,1183.12,1179.36,0.19,275980992.0,2019-01-09
1179.36,1183.19,1179.36,1180.84,0.13,344812992.0,2019-01-10
1181.53,1182.44,1173.46,1175.05,-0.49,353560000.0,2019-01-13
1175.05,1179.0,1175.0,1178.03,0.25,259270000.0,2019-01-14
1180.98,1195.54,1180.78,1195.54,1.49,391993984.0,2019-01-15
1195.54,1200.32,1187.97,1187.97,-0.63,474423008.0,2019-01-16
1190.66,1190.66,1186.52,1187.77,-0.02,281347008.0,2019-01-17
1190.67,1191.41,1177.02,1179.17,-0.72,361756992.0,2019-01-20
1175.68,1175.68,1167.69,1167.69,-0.97,335558016.0,2019-01-21
1164.56,1172.03,1163.58,1168.83,0.1,277291008.0,2019-01-22
1168.14,1172.98,1167.99,1172.98,0.36,238475008.0,2019-01-23
1172.27,1175.42,1170.54,1172.78,-0.02,306295008.0,2019-01-24
1171.35,1171.72,1160.84,1160.84,-1.02,306070016.0,2019-01-27
1162.94,1164.89,1161.48,1164.89,0.35,203579008.0,2019-01-28
1164.91,1165.09,1160.1,1160.99,-0.33,259283008.0,2019-01-29
1160.53,1163.27,1159.35,1160.59,-0.03,190572992.0,2019-01-30
1162.34,1163.86,1160.26,1161.63,0.09,268244992.0,2019-01-31
1160.57,1161.22,1152.16,1153.06,-0.74,321743008.0,2019-02-03
1152.98,1155.08,1144.27,1144.27,-0.76,322760992.0,2019-02-04
1143.58,1149.4,1143.39,1147.1,0.25,221967008.0,2019-02-05
1147.23,1147.31,1139.09,1139.72,-0.64,226248992.0,2019-02-06
1139.29,1140.62,1137.14,1139.57,-0.01,242260000.0,2019-02-07
1138.62,1138.86,1125.83,1127.53,-1.06,228292000.0,2019-02-10
1126.46,1132.37,1124.51,1128.86,0.12,191024000.0,2019-02-11
1131.32,1132.5,1126.42,1128.19,-0.06,156376000.0,2019-02-12
1129.86,1132.39,1121.08,1121.08,-0.63,230651008.0,2019-02-13
1120.19,1120.3,1112.15,1112.87,-0.73,231671008.0,2019-02-14
1117.7,1122.1,1107.92,1109.72,-0.28,194344992.0,2019-02-17
1110.27,1111.14,1101.81,1102.51,-0.65,208487008.0,2019-02-18
1103.35,1124.23,1102.3,1124.23,1.97,202684000.0,2019-02-19
1128.97,1128.97,1112.33,1112.23,-1.13,154584000.0,2019-02-20
1113.6,1114.14,1110.15,1113.07,0.08,157692000.0,2019-02-21
1115.2,1115.25,1102.32,1102.32,-0.97,193956992.0,2019-02-24
1102.45,1109.73,1100.13,1109.73,0.67,182428992.0,2019-02-25
1109.77,1110.22,1101.59,1102.56,-0.65,149262000.0,2019-02-26
1103.65,1111.04,1103.17,1105.53,0.27,204516992.0,2019-02-27
1108.26,1108.84,1100.58,1100.58,-0.45,221026000.0,2019-03-03
1100.95,1104.61,1098.95,1102.64,0.19,213340992.0,2019-03-05
1103.17,1111.76,1100.97,1111.76,0.83,211804992.0,2019-03-06
1112.45,1127.77,1112.45,1127.77,1.44,283819008.0,2019-03-07
1127.29,1129.41,1118.21,1128.71,0.08,102317000.0,2019-03-10
1129.51,1142.93,1125.94,1142.93,1.26,382284992.0,2019-03-11
1148.69,1163.26,1143.99,1163.26,1.78,513876992.0,2019-03-12
1157.85,1166.24,1150.1,1150.1,-1.13,407008000.0,2019-03-13
1149.64,1156.19,1142.89,1155.5,0.47,263186000.0,2019-03-14
1156.18,1165.19,1156.18,1161.45,0.51,316537984.0,2019-03-17
1161.05,1164.62,1153.98,1153.98,-0.64,279032000.0,2019-03-18
1155.72,1158.78,1147.15,1147.15,-0.59,129145000.0,2019-03-19
1148.61,1150.3,1140.0,1140.6,-0.57,248614000.0,2019-03-21
1141.33,1142.14,1131.14,1134.8,-0.51,211912992.0,2019-03-24
1134.65,1139.71,1132.06,1138.67,0.34,216906000.0,2019-03-25
1138.86,1140.9,1136.7,1140.72,0.18,190316992.0,2019-03-26
1140.69,1142.81,1140.16,1142.61,0.17,208898000.0,2019-03-27
1142.0,1144.53,1140.56,1144.53,0.17,215416992.0,2019-03-28
1145.95,1149.81,1139.68,1143.09,-0.13,241951008.0,2019-03-31
1142.65,1152.05,1142.06,1149.99,0.56,326448992.0,2019-04-01
1153.89,1164.41,1153.89,1163.82,1.22,472344992.0,2019-04-02
1163.71,1172.4,1158.79,1165.84,0.17,524422016.0,2019-04-03
1165.85,1169.87,1159.9,1165.2,-0.05,386452000.0,2019-04-04
1164.94,1182.36,1161.66,1182.36,1.47,518228000.0,2019-04-07
1183.46,1197.88,1179.47,1191.68,0.79,864142976.0,2019-04-08
1191.78,1194.62,1180.0,1181.1,-0.89,622529984.0,2019-04-09
1181.72,1187.98,1174.88,1184.61,0.3,358990016.0,2019-04-10
1184.29,1189.98,1180.18,1184.02,-0.05,387624000.0,2019-04-11
1184.22,1188.71,1181.95,1188.71,0.4,289871008.0,2019-04-15
1187.73,1212.05,1187.73,1212.05,1.96,723990016.0,2019-04-16
1212.34,1223.42,1210.35,1217.04,0.41,803244992.0,2019-04-17
1217.11,1232.26,1214.95,1232.26,1.25,732081024.0,2019-04-18
1232.53,1264.2,1230.22,1264.2,2.59,1004000000.0,2019-04-21
1264.77,1280.08,1247.65,1256.94,-0.57,1000550016.0,2019-04-22
1256.61,1268.32,1248.5,1260.68,0.3,561851008.0,2019-04-23
1265.11,1280.84,1261.69,1279.29,1.48,921345984.0,2019-04-24
1279.67,1296.92,1279.67,1292.12,1.0,1335980032.0,2019-04-25
1293.77,1322.88,1293.77,1314.51,1.73,1616089984.0,2019-04-28
1318.44,1322.95,1299.09,1310.31,-0.32,1160230016.0,2019-04-29
1310.65,1316.53,1296.07,1298.6,-0.89,913017984.0,2019-04-30
1298.8,1300.43,1282.95,1294.39,-0.32,573145024.0,2019-05-02
1293.71,1293.71,1276.73,1277.68,-1.29,628641024.0,2019-05-05
1278.0,1299.41,1270.06,1299.41,1.7,619564992.0,2019-05-06
1298.35,1311.18,1295.73,1301.28,0.14,699849024.0,2019-05-07
1301.39,1304.15,1295.32,1297.6,-0.28,494902016.0,2019-05-08
1297.57,1302.62,1290.11,1291.96,-0.43,605086976.0,2019-05-09
1292.12,1295.03,1284.17,1295.03,0.24,672155008.0,2019-05-12
1295.99,1301.68,1295.99,1301.34,0.49,775121984.0,2019-05-13
1307.84,1321.0,1307.84,1315.45,1.08,1007529984.0,2019-05-14
1316.79,1334.06,1316.21,1321.0,0.42,1302630016.0,2019-05-15
1322.68,1326.69,1313.93,1318.71,-0.17,881396992.0,2019-05-16
1319.33,1322.09,1312.81,1316.84,-0.14,1055840000.0,2019-05-19
1319.21,1322.85,1305.43,1307.71,-0.69,1164889984.0,2019-05-20
1308.4,1317.79,1304.59,1312.14,0.34,796716992.0,2019-05-21
1314.94,1322.47,1314.82,1319.63,0.57,918484992.0,2019-05-22
1321.69,1324.15,1309.12,1314.55,-0.38,913235968.0,2019-05-23
1315.97,1317.86,1301.32,1302.61,-0.91,603897024.0,2019-05-26
1302.98,1309.9,1298.36,1302.96,0.03,499910016.0,2019-05-27
1304.22,1307.08,1300.45,1305.49,0.19,749068992.0,2019-05-28
1307.3,1315.16,1307.13,1313.88,0.64,884201024.0,2019-05-29
1328.62,1349.38,1317.67,1319.47,0.43,1504460032.0,2019-05-30
1317.91,1317.91,1304.53,1305.68,-1.05,735995008.0,2019-06-02
1306.88,1308.63,1291.02,1292.84,-0.98,664590016.0,2019-06-03
1292.86,1297.91,1286.37,1289.28,-0.28,694590976.0,2019-06-04
1296.5,1296.8,1284.59,1284.59,-0.36,579563008.0,2019-06-06
1285.49,1289.54,1274.62,1275.82,-0.68,553347008.0,2019-06-10
1276.26,1281.32,1274.82,1275.99,0.01,459071008.0,2019-06-11
1276.09,1277.04,1267.17,1272.49,-0.27,399464992.0,2019-06-12
1272.91,1274.83,1264.46,1269.55,-0.23,418750016.0,2019-06-13
1271.18,1271.27,1256.85,1258.27,-0.89,472520800.0,2019-06-16
1259.38,1264.97,1254.52,1260.9,0.21,403538144.0,2019-06-17
1261.04,1263.56,1258.36,1258.66,-0.18,359411296.0,2019-06-18
1258.25,1262.11,1256.72,1258.46,-0.02,304189632.0,2019-06-19
1258.9,1266.33,1257.93,1264.36,0.47,375315200.0,2019-06-20
1264.53,1264.53,1253.43,1254.35,-0.79,481859744.0,2019-06-23
1254.67,1260.1,1253.01,1260.1,0.46,481492832.0,2019-06-24
1260.23,1264.52,1259.35,1261.07,0.08,364773344.0,2019-06-25
1261.1,1261.49,1255.45,1258.29,-0.22,570123456.0,2019-06-26
1259.16,1260.43,1256.63,1257.15,-0.09,627908800.0,2019-06-27
1258.31,1258.85,1244.81,1244.89,-0.98,645099008.0,2019-06-30
1245.58,1245.68,1237.43,1241.61,-0.26,364343808.0,2019-07-01
1242.83,1253.06,1238.77,1253.06,0.92,429477280.0,2019-07-02
1253.52,1270.04,1249.5,1268.68,1.25,550247808.0,2019-07-03
1269.48,1272.79,1258.87,1260.47,-0.65,670169920.0,2019-07-04
1262.98,1263.82,1255.01,1256.04,-0.35,540529472.0,2019-07-07
1256.15,1257.57,1245.62,1247.35,-0.69,591053824.0,2019-07-08
1247.41,1252.2,1244.36,1250.27,0.23,468263776.0,2019-07-09
1250.43,1251.89,1246.15,1249.15,-0.09,573447488.0,2019-07-10
1249.46,1251.09,1247.63,1248.53,-0.05,460036576.0,2019-07-11
1248.94,1253.09,1248.59,1249.49,0.08,285214560.0,2019-07-14
1250.09,1254.56,1249.17,1254.56,0.41,430525920.0,2019-07-15
1285.48,1285.5,1256.46,1259.01,0.35,347289280.0,2019-07-16
1258.94,1274.86,1258.81,1274.86,1.26,426743456.0,2019-07-17
1275.71,1283.63,1272.49,1272.49,-0.19,411369312.0,2019-07-18
1276.29,1276.31,1265.6,1268.74,-0.29,298157120.0,2019-07-21
1268.77,1272.38,1267.92,1271.23,0.2,316643424.0,2019-07-22
1271.24,1279.42,1271.22,1277.17,0.47,368980864.0,2019-07-23
1277.48,1284.99,1276.07,1284.07,0.54,443481376.0,2019-07-24
1284.41,1284.41,1269.35,1269.92,-1.1,550532160.0,2019-07-25
1266.63,1266.63,1250.18,1252.8,-1.35,492673664.0,2019-07-28
1252.72,1259.69,1252.72,1255.98,0.25,350812576.0,2019-07-29
1256.01,1262.16,1256.01,1259.37,0.27,294305024.0,2019-07-30
1259.53,1267.73,1257.91,1265.57,0.49,370002048.0,2019-07-31
1265.52,1270.88,1262.55,1263.84,-0.14,590588224.0,2019-08-01
1263.87,1266.37,1258.27,1259.64,-0.33,474151744.0,2019-08-04
1260.3,1261.63,1253.5,1255.09,-0.36,443205472.0,2019-08-05
1255.74,1255.74,1243.74,1245.73,-0.75,450755168.0,2019-08-06
1245.2,1249.98,1239.55,1248.48,0.22,368645664.0,2019-08-07
1248.91,1248.91,1237.7,1238.56,-0.79,454629568.0,2019-08-08
1236.62,1237.97,1229.69,1233.71,-0.39,311756864.0,2019-08-11
1234.68,1236.82,1232.11,1233.85,0.01,314228928.0,2019-08-12
1234.59,1236.47,1229.06,1231.07,-0.23,481629760.0,2019-08-13
1230.97,1231.49,1224.43,1225.9,-0.42,257285008.0,2019-08-14
1225.11,1226.06,1221.8,1224.03,-0.15,424323136.0,2019-08-15
1224.03,1226.07,1214.33,1214.83,-0.75,329527904.0,2019-08-18
1214.96,1229.5,1210.8,1222.06,0.6,389625280.0,2019-08-19
1222.04,1222.87,1212.1,1213.63,-0.69,272509024.0,2019-08-20
1213.96,1216.3,1209.77,1214.05,0.03,292641728.0,2019-08-21
1214.37,1220.9,1212.43,1213.06,-0.08,261670203.0,2019-08-22
1212.76,1213.23,1201.71,1209.62,-0.28,350269509.0,2019-08-25
1209.7,1210.24,1199.31,1203.13,-0.54,380596571.0,2019-08-26
1203.42,1212.3,1203.4,1208.0,0.4,244668209.0,2019-08-27
1209.7,1213.46,1197.32,1197.75,-0.85,371022592.0,2019-08-28
1198.49,1201.23,1194.09,1196.41,-0.11,277359659.0,2019-08-29
1196.6,1198.51,1184.06,1184.78,-0.97,297398003.0,2019-09-01
1184.93,1190.88,1167.81,1170.34,-1.22,407569712.0,2019-09-02
1170.87,1190.9,1156.72,1190.9,1.76,510552041.0,2019-09-03
1192.21,1198.48,1183.4,1194.77,0.32,436444688.0,2019-09-04
1195.89,1196.92,1189.05,1191.07,-0.31,290177357.0,2019-09-05
1192.07,1192.33,1176.41,1178.46,-1.06,305310719.0,2019-09-08
1178.47,1180.28,1166.09,1168.91,-0.81,299200764.0,2019-09-09
1168.91,1172.82,1161.2,1166.67,-0.19,237959653.0,2019-09-10
1166.68,1168.06,1161.95,1163.21,-0.3,341745136.0,2019-09-11
1163.71,1164.09,1156.37,1157.88,-0.46,376184491.0,2019-09-12
1157.68,1160.55,1140.01,1140.01,-1.54,288099912.0,2019-09-15
1140.49,1140.55,1122.02,1123.83,-1.42,343918221.0,2019-09-16
1127.26,1152.51,1127.26,1150.74,2.39,383957426.0,2019-09-17
1150.65,1173.14,1150.65,1172.15,1.86,455311885.0,2019-09-18
1173.44,1178.28,1155.3,1155.3,-1.44,399930871.0,2019-09-19
1155.3,1157.79,1135.18,1139.25,-1.39,226950238.0,2019-09-22
1139.92,1147.85,1137.87,1140.98,0.15,177279039.0,2019-09-23
1140.99,1141.62,1132.72,1134.56,-0.56,218278449.0,2019-09-24
1134.56,1135.26,1130.88,1131.53,-0.27,166921799.0,2019-09-25
1131.52,1133.8,1128.61,1129.8,-0.15,212541352.0,2019-09-26
1129.81,1131.87,1123.66,1125.14,-0.41,241498554.0,2019-09-29
1125.49,1135.56,1121.09,1135.56,0.93,168828923.0,2019-09-30
1135.05,1146.11,1134.82,1145.69,0.89,311488652.0,2019-10-01
1145.69,1149.7,1140.07,1140.71,-0.43,203287237.0,2019-10-02
1142.44,1149.4,1138.58,1149.4,0.76,176633514.0,2019-10-03
1149.03,1151.81,1148.13,1149.01,-0.03,63845411.0,2019-10-10
1149.01,1151.52,1135.04,1136.96,-1.05,218635691.0,2019-10-14
1138.38,1142.04,1135.86,1142.04,0.45,222452078.0,2019-10-15
1142.39,1142.71,1136.0,1137.03,-0.44,196618963.0,2019-10-16
1137.03,1140.38,1135.87,1137.75,0.06,182994905.0,2019-10-17
1137.69,1138.99,1132.58,1133.71,-0.36,113359956.0,2019-10-20
1133.73,1135.84,1130.14,1132.4,-0.12,164349536.0,2019-10-21
1132.45,1134.81,1130.21,1134.79,0.21,165296005.0,2019-10-22
1135.4,1142.82,1135.4,1142.6,0.69,163757847.0,2019-10-23
1142.41,1150.47,1141.39,1149.34,0.59,327632258.0,2019-10-24
1149.74,1151.48,1143.07,1146.17,-0.28,254312462.0,2019-10-31
1145.83,1146.88,1136.39,1139.29,-0.6,175544472.0,2019-11-03
1139.57,1141.13,1135.96,1140.26,0.09,191854333.0,2019-11-04
1140.21,1141.86,1138.66,1139.45,-0.07,284472501.0,2019-11-05
1139.49,1141.08,1136.74,1138.02,-0.13,206253847.0,2019-11-06
1138.27,1139.36,1131.33,1131.97,-0.53,374150571.0,2019-11-07
1132.47,1135.9,1129.89,1131.8,-0.02,293149044.0,2019-11-10
1132.7,1147.74,1132.7,1145.57,1.22,549998241.0,2019-11-11
1146.14,1147.06,1138.57,1139.96,-0.49,379849435.0,2019-11-12
1140.65,1140.65,1133.49,1135.16,-0.42,275427886.0,2019-11-13
1135.15,1139.41,1133.67,1135.95,0.07,228357493.0,2019-11-14
1135.73,1137.25,1129.15,1131.36,-0.4,355159768.0,2019-11-17
1131.4,1133.43,1128.0,1131.12,-0.02,356861857.0,2019-11-18
1131.13,1132.4,1127.91,1129.99,-0.1,259330595.0,2019-11-19
1130.01,1139.74,1127.63,1128.34,-0.15,303724204.0,2019-11-20
1128.34,1128.69,1118.1,1120.6,-0.69,297797071.0,2019-11-21
1120.62,1121.94,1108.76,1110.08,-0.94,280534415.0,2019-11-24
1110.11,1112.15,1102.46,1110.08,0.0,288858484.0,2019-11-25
1110.08,1111.76,1107.57,1109.16,-0.08,295869180.0,2019-11-26
1109.09,1117.46,1108.02,1117.46,0.66,212363736.0,2019-11-27
1117.64,1119.63,1112.79,1112.79,-0.42,243391320.0,2019-11-28
1112.79,1114.31,1109.97,1112.85,0.01,206314323.0,2019-12-01
1112.87,1113.73,1110.98,1111.99,-0.08,232259331.0,2019-12-02
1112.06,1117.82,1111.19,1115.74,0.34,266801558.0,2019-12-03
1116.12,1128.0,1116.12,1124.47,0.78,308214465.0,2019-12-04
1124.47,1134.93,1124.44,1131.92,0.66,358839860.0,2019-12-05
1131.92,1135.37,1125.81,1135.37,0.3,287527825.0,2019-12-08
1135.36,1155.06,1132.88,1148.89,1.19,464220392.0,2019-12-09
1149.09,1158.11,1147.43,1151.36,0.21,500328915.0,2019-12-10
1155.05,1166.15,1153.14,1161.47,0.88,551377852.0,2019-12-11
1162.25,1175.3,1159.91,1172.64,0.8,675173000.0,2019-12-12
1172.44,1181.7,1167.86,1167.86,-0.41,686076111.0,2019-12-15
1167.82,1170.56,1153.23,1154.11,-1.18,407900555.0,2019-12-16
1154.86,1158.36,1150.66,1155.37,0.11,279244135.0,2019-12-17
1155.32,1158.15,1150.14,1152.07,-0.29,294709858.0,2019-12-18
1152.06,1154.28,1148.35,1149.64,-0.21,419088133.0,2019-12-19
1149.62,1151.3,1147.67,1150.81,0.1,374466465.0,2019-12-22
1150.92,1168.79,1150.92,1168.58,1.54,595764544.0,2019-12-23
1169.32,1176.7,1164.85,1166.21,-0.2,721642965.0,2019-12-24
1166.56,1173.14,1165.77,1168.03,0.16,538340829.0,2019-12-25
1167.74,1170.45,1165.94,1167.41,-0.05,588677887.0,2019-12-26
1166.86,1167.24,1159.23,1162.43,-0.43,422453909.0,2019-12-29
1161.82,1167.95,1159.25,1167.95,0.47,622363488.0,2019-12-30
1168.61,1171.48,1163.02,1166.03,-0.16,442256156.0,2019-12-31
1166.52,1169.5,1163.99,1169.5,0.3,372988301.0,2020-01-01
1168.63,1169.27,1165.24,1166.21,-0.28,532211211.0,2020-01-02
1166.49,1187.33,1163.39,1182.31,1.38,712425827.0,2020-01-05
1183.35,1200.69,1183.35,1200.69,1.55,842582150.0,2020-01-06
1200.65,1218.14,1200.65,1216.92,1.35,1102736748.0,2020-01-07
1217.82,1223.66,1207.26,1209.6,-0.6,732169261.0,2020-01-08
1209.87,1216.23,1206.49,1213.11,0.29,837035757.0,2020-01-09
1213.19,1255.72,1213.19,1255.72,3.51,1335747967.0,2020-01-12
1260.01,1285.5,1259.34,1270.86,1.21,1665520000.0,2020-01-13
1271.11,1274.86,1254.3,1263.38,-0.59,1026443666.0,2020-01-14
1263.32,1287.2,1263.32,1284.23,1.65,893677000.0,2020-01-15
1284.28,1313.19,1284.28,1310.23,2.02,1682330000.0,2020-01-16
1310.26,1349.1,1310.26,1343.65,2.55,2090877917.0,2020-01-19
1342.7,1359.32,1308.62,1317.11,-1.98,1953780000.0,2020-01-20
1318.65,1331.28,1309.14,1320.47,0.26,1519976760.0,2020-01-21
1324.32,1325.69,1310.64,1313.42,-0.53,1581381364.0,2020-01-22
1314.16,1320.76,1295.8,1297.47,-1.21,1384209412.0,2020-01-23
1298.67,1299.46,1275.52,1276.68,-1.6,965018662.0,2020-01-26
1276.68,1300.62,1274.03,1300.62,1.88,917359865.0,2020-01-27
1300.65,1316.44,1300.65,1306.15,0.43,1400467805.0,2020-01-28
1306.16,1311.74,1302.14,1305.88,-0.02,1293711383.0,2020-01-29
1306.29,1331.83,1306.29,1325.38,1.49,1966219749.0,2020-01-30
1325.62,1349.68,1331.87,1346.64,1.49,2077987799.0,2020-02-02
1348.12,1355.27,1339.6,1349.13,0.18,1611719203.0,2020-02-03
1351.01,1353.27,1334.09,1337.04,-0.9,1570166163.0,2020-02-04
1338.5,1342.62,1335.72,1342.36,0.4,1082483909.0,2020-02-05
1341.03,1346.6,1331.02,1333.69,-0.65,1049345436.0,2020-02-06
1332.91,1333.85,1316.1,1319.99,-1.03,950402584.0,2020-02-09
1320.77,1329.84,1315.37,1324.26,0.32,932086055.0,2020-02-10
1324.31,1342.91,1323.69,1341.38,1.29,1532250440.0,2020-02-11
1341.07,1353.29,1340.87,1345.97,0.34,1509784311.0,2020-02-12
1346.45,1354.88,1342.9,1344.59,-0.1,1773805746.0,2020-02-13
1344.73,1363.97,1344.73,1363.97,1.44,1978108701.0,2020-02-16
1364.34,1403.21,1364.34,1398.24,2.51,2687533442.0,2020-02-17
1399.47,1416.87,1387.68,1400.01,0.13,2125977034.0,2020-02-18
1399.29,1406.25,1389.12,1405.25,0.37,1628841389.0,2020-02-19
1405.51,1434.57,1405.51,1434.57,2.09,2785004908.0,2020-02-20
1435.87,1509.92,1435.87,1504.14,4.85,3608526354.0,2020-02-23
1507.98,1536.83,1499.04,1502.18,-0.13,3410516278.0,2020-02-24
1504.8,1544.07,1480.24,1545.19,2.86,2992160524.0,2020-02-25
1548.32,1596.13,1548.32,1596.13,3.3,4154883092.0,2020-02-26
1598.81,1635.51,1558.65,1632.17,1.97,4460536251.0,2020-02-27
1639.87,1667.74,1591.36,1591.36,-2.5,4847437505.0,2020-03-01
1593.08,1593.5,1495.3,1495.3,-6.04,2154428215.0,2020-03-02
1491.23,1540.59,1439.53,1509.67,0.96,3851622996.0,2020-03-03
1511.41,1513.43,1439.38,1441.2,-4.54,2908472603.0,2020-03-04
1442.92,1464.62,1408.82,1435.7,-0.38,2457093463.0,2020-03-05
1435.86,1436.66,1349.31,1349.31,-6.02,1076696300.0,2020-03-10
1349.86,1423.09,1349.86,1423.09,5.47,2221081690.0,2020-03-11
1424.6,1430.77,1371.56,1377.18,-3.23,2206662182.0,2020-03-12
1362.25,1362.25,1310.71,1313.04,-4.66,2101417292.0,2020-03-15
1312.69,1334.12,1291.67,1316.39,0.26,1615341877.0,2020-03-16
1316.74,1321.26,1266.44,1272.06,-3.37,1465184656.0,2020-03-17
1272.1,1286.46,1234.16,1255.8,-1.28,1184416878.0,2020-03-18
1249.26,1278.93,1223.04,1269.3,1.08,1903142008.0,2020-03-19
1269.08,1275.42,1246.2,1251.45,-1.43,194642984.0,2020-03-22
1250.95,1250.95,1226.15,1226.15,-2.02,104372646.0,2020-05-12
1225.68,1225.68,1201.57,1201.57,-2.0,3613523.0,2020-05-13
1197.09,1200.64,1149.73,1188.7,-1.07,347771833.0,2020-06-29
1187.25,1260.75,1185.72,1260.75,6.06,227212194.0,2020-06-30
1261.54,1336.52,1261.54,1336.52,6.01,407352247.0,2020-07-01
1351.89,1362.35,1256.11,1256.11,-6.02,476654971.0,2020-07-02
1256.18,1280.93,1246.8,1265.45,0.74,1033390231.0,2020-07-05
1266.08,1298.73,1259.94,1298.73,2.63,927841329.0,2020-07-06
1299.72,1345.96,1299.72,1336.66,2.92,1199041859.0,2020-07-07
1338.54,1343.59,1319.1,1326.53,-0.76,1078462141.0,2020-07-08
1327.13,1333.25,1312.01,1331.27,0.34,908086197.0,2020-07-09
1331.31,1351.82,1331.31,1340.29,0.69,1111090272.0,2020-07-12
1342.59,1352.69,1334.17,1342.4,0.16,1088716118.0,2020-07-13
1344.42,1349.24,1340.66,1347.44,0.38,994545109.0,2020-07-14
1347.88,1367.82,1347.88,1362.34,1.11,1160491522.0,2020-07-15
1364.24,1395.82,1362.62,1394.77,2.38,1041770867.0,2020-07-16
1408.51,1479.03,1408.51,1479.03,6.04,62566293.0,2020-07-19
1539.37,1556.19,1460.15,1464.94,-0.96,2802233715.0,2020-07-20
1472.19,1479.3,1444.5,1449.94,-1.02,1872220447.0,2020-07-21
1452.78,1461.29,1429.65,1432.44,-1.21,1532511716.0,2020-07-22
1434.08,1440.32,1417.32,1442.61,0.71,1327135218.0,2020-07-23
1445.6,1464.88,1444.77,1465.1,1.55,1942679380.0,2020-07-26
1467.89,1475.2,1456.47,1462.48,-0.18,1793915286.0,2020-07-27
1463.81,1466.04,1449.86,1454.89,-0.52,1259751557.0,2020-07-28
1452.07,1452.07,1431.46,1431.52,-1.61,1687093091.0,2020-07-29
1433.14,1444.06,1421.07,1439.06,0.53,1320266678.0,2020-07-30
1441.26,1441.26,1396.02,1396.28,-2.97,1841242332.0,2020-08-02
1395.08,1411.13,1384.86,1403.86,0.54,1290252213.0,2020-08-03
1403.88,1403.88,1374.13,1382.66,-1.51,1189526408.0,2020-08-05
1387.44,1388.68,1365.66,1381.37,-0.09,920997056.0,2020-08-06
1383.98,1392.68,1363.22,1392.68,0.82,977895525.0,2020-08-09
1394.78,1430.41,1394.34,1430.41,2.71,1555518923.0,2020-08-10
1433.35,1441.31,1421.17,1423.81,-0.46,1271738914.0,2020-08-11
1426.55,1427.15,1413.55,1425.32,0.11,951960208.0,2020-08-12
1431.89,1431.89,1407.43,1408.79,-1.16,1048911791.0,2020-08-13
1407.85,1407.85,1381.89,1391.46,-1.23,1259320850.0,2020-08-16
1391.79,1402.21,1385.7,1402.21,0.77,1074932597.0,2020-08-17
1403.98,1414.29,1400.81,1407.89,0.41,1239017426.0,2020-08-18
1409.44,1409.44,1388.17,1391.29,-1.18,976235059.0,2020-08-19
1392.89,1403.75,1392.89,1397.57,0.45,393129068.0,2020-08-20
1399.48,1410.34,1394.09,1410.34,0.91,1108053597.0,2020-08-23
1413.09,1431.6,1413.09,1431.6,1.51,2139202075.0,2020-08-24
1435.21,1440.94,1428.74,1440.94,0.65,1855180510.0,2020-08-25
1445.47,1468.03,1445.47,1462.03,1.46,2656163730.0,2020-08-26
1467.07,1472.73,1454.96,1458.04,-0.27,1981761050.0,2020-08-27
1459.16,1462.67,1444.92,1462.67,0.32,1614554300.0,2020-08-30
1466.57,1489.01,1466.57,1484.99,1.53,3462586125.0,2020-08-31
1509.4,1519.78,1499.72,1510.57,1.72,4181036115.0,2020-09-02
1524.19,1524.67,1497.47,1510.42,-0.01,2634886231.0,2020-09-03
1538.42,1538.42,1494.97,1499.97,-0.69,2782377887.0,2020-09-06
1503.37,1503.37,1483.65,1487.81,-0.81,2164930214.0,2020-09-07
1491.33,1500.15,1477.25,1495.15,0.49,1798363063.0,2020-09-08
1501.86,1511.93,1495.11,1508.2,0.87,2563415186.0,2020-09-09
1514.13,1532.48,1512.53,1520.69,0.83,2170068283.0,2020-09-10
1528.15,1537.25,1522.28,1537.25,1.09,3386859972.0,2020-09-13
1545.68,1553.56,1538.43,1540.51,0.21,3134135908.0,2020-09-14
1544.71,1548.35,1531.05,1536.03,-0.29,1800197903.0,2020-09-15
1537.35,1543.98,1530.67,1541.4,0.35,1845634030.0,2020-09-16
1555.86,1577.99,1547.13,1572.18,2.0,3315664319.0,2020-09-17
1595.47,1605.12,1574.08,1575.18,0.19,2742795692.0,2020-09-20
1587.82,1587.99,1561.49,1569.06,-0.39,2637376216.0,2020-09-21
1576.55,1577.19,1541.75,1546.15,-1.46,2810425268.0,2020-09-22
1543.37,1555.52,1535.03,1555.52,0.61,1727821707.0,2020-09-23
1565.31,1565.31,1554.38,1561.27,0.37,2233489024.0,2020-09-24
1569.06,1575.43,1562.11,1565.55,0.27,3138243371.0,2020-09-27
1566.44,1569.31,1557.42,1560.83,-0.3,1690154525.0,2020-09-28
1564.92,1564.92,1552.77,1553.62,-0.46,1829872968.0,2020-09-29
1561.58,1563.4,1542.57,1550.43,-0.21,1953636694.0,2020-09-30
1553.95,1572.94,1553.95,1571.04,1.33,2807708137.0,2020-10-01
1577.77,1588.05,1577.77,1585.75,0.94,3178853719.0,2020-10-04
1587.31,1594.89,1580.65,1582.12,-0.23,2578607088.0,2020-10-05
1588.01,1588.01,1581.75,1586.29,0.26,2510585332.0,2020-10-06
1593.04,1602.14,1587.59,1600.97,0.93,3358506296.0,2020-10-07
1607.52,1614.04,1586.96,1589.63,-0.71,2862712521.0,2020-10-08
1594.01,1594.36,1574.62,1576.27,-0.84,2395432599.0,2020-10-11
1580.14,1580.8,1566.7,1578.01,0.11,1949060194.0,2020-10-12
1583.29,1584.28,1567.23,1568.59,-0.6,1819638977.0,2020-10-13
1572.35,1573.08,1560.45,1561.17,-0.47,1496387992.0,2020-10-14
1564.69,1579.55,1560.69,1562.46,0.08,1425890738.0,2020-10-15
1565.9,1567.89,1554.14,1556.8,-0.36,1252748181.0,2020-10-18
1556.85,1570.38,1555.46,1570.38,0.87,954656107.0,2020-10-19
1576.62,1583.6,1573.06,1583.6,0.84,1271829990.0,2020-10-20
1591.04,1597.71,1588.78,1597.71,0.88,1633246148.0,2020-10-21
1609.11,1609.52,1596.22,1606.25,0.53,1994543919.0,2020-10-22
1612.5,1647.45,1612.37,1647.45,2.57,2725994069.0,2020-10-28
1661.64,1663.41,1640.48,1645.67,-0.11,3037694845.0,2020-10-29
1654.15,1654.15,1634.63,1640.95,-0.29,2930939007.0,2020-11-01
1644.01,1646.9,1635.64,1637.63,-0.2,2453954688.0,2020-11-02
1636.2,1644.61,1635.15,1643.03,0.33,2237964572.0,2020-11-03
1645.53,1645.7,1638.69,1640.64,-0.15,1757423745.0,2020-11-04
1644.94,1645.08,1634.38,1636.17,-0.27,2842469177.0,2020-11-05
1643.29,1648.58,1637.8,1648.58,0.76,3526777261.0,2020-11-08
1648.75,1661.32,1648.75,1652.8,0.26,3699879726.0,2020-11-09
1660.37,1678.79,1659.18,1678.79,1.57,4096190256.0,2020-11-10
1681.82,1707.67,1681.82,1707.67,1.72,4099604742.0,2020-11-11
1713.71,1722.32,1702.7,1718.49,0.63,4256475891.0,2020-11-12
1714.86,1741.81,1708.87,1741.81,1.36,4791041649.0,2020-11-18
1750.42,1779.21,1750.42,1778.12,2.08,6116730071.0,2020-11-19
1791.21,1811.63,1761.75,1782.81,0.26,6878787665.0,2020-11-22
1789.35,1792.41,1772.11,1780.43,-0.13,4762704611.0,2020-11-23
1790.19,1813.86,1786.71,1810.11,1.67,5442950189.0,2020-11-24
1820.87,1874.81,1820.87,1874.81,3.57,6817774994.0,2020-11-25
1894.78,1926.91,1879.0,1893.24,0.98,7613030091.0,2020-11-26
1912.11,1971.42,1912.11,1968.27,3.96,9227348348.0,2020-11-29
2000.0,2028.45,1971.24,1997.05,1.46,8867714682.0,2020-11-30
2009.46,2022.25,1966.18,2000.4,0.17,7404154007.0,2020-12-01
2016.82,2077.7,2016.82,2071.02,3.53,7463482972.0,2020-12-02
2090.79,2118.41,2040.99,2055.45,-0.75,8026023798.0,2020-12-03
2051.51,2051.51,1932.11,1932.11,-6.0,7209180213.0,2020-12-06
1929.46,2004.39,1914.42,2004.39,3.74,6667956831.0,2020-12-07
2033.97,2047.35,1982.07,1995.35,-0.45,5719436384.0,2020-12-08
2006.4,2009.81,1948.98,1955.75,-1.98,4745649292.0,2020-12-09
1954.6,1974.12,1938.92,1964.02,0.42,4146321050.0,2020-12-10
1973.75,2010.45,1967.44,2010.45,2.36,4899484131.0,2020-12-13
2022.72,2069.06,2022.72,2067.17,2.82,7204136923.0,2020-12-14
2085.56,2100.96,2050.9,2061.41,-0.28,6069331687.0,2020-12-15
2097.2,2097.2,2041.85,2055.22,-0.3,5144675578.0,2020-12-16
2058.72,2059.8,2025.19,2032.51,-1.1,6769890815.0,2020-12-17
2046.57,2046.57,1935.4,1935.63,-4.77,8612857317.0,2020-12-20
1919.05,1977.42,1874.07,1965.96,1.57,6698874354.0,2020-12-21
1987.47,2061.41,1987.47,2061.41,4.86,6740744432.0,2020-12-22
2094.27,2127.22,2063.13,2068.45,0.34,6862445215.0,2020-12-23
2091.59,2091.59,2025.65,2038.63,-1.44,5369046322.0,2020-12-24
2047.12,2047.19,1994.8,1998.65,-1.96,4623452312.0,2020-12-27
1998.81,2013.51,1981.5,2007.29,0.43,3850320045.0,2020-12-28
2016.26,2031.47,2009.38,2012.89,0.28,4092227802.0,2020-12-29
2023.59,2062.06,2023.4,2062.06,2.44,4446222579.0,2020-12-30
2079.37,2112.59,2073.8,2087.27,1.22,5703469837.0,2020-12-31
2104.85,2175.39,2104.85,2175.39,4.22,6344017889.0,2021-01-03
2207.05,2216.44,2154.0,2169.04,-0.29,5961733122.0,2021-01-04
2167.82,2182.39,2149.74,2165.49,-0.16,4566381178.0,2021-01-05
2170.82,2185.2,2170.31,2178.57,0.6,4425472339.0,2021-01-06
2181.27,2204.97,2179.09,2194.48,0.73,5874708279.0,2021-01-07
2201.38,2238.24,2201.38,2235.72,1.88,6326646806.0,2021-01-10
2264.27,2266.44,2229.13,2239.42,0.17,5524832993.0,2021-01-11
2243.16,2267.73,2233.61,2267.73,1.26,4982391897.0,2021-01-12
2279.04,2296.17,2277.26,2286.54,0.83,5914389261.0,2021-01-13
2299.33,2316.8,2297.5,2315.0,1.24,6374267782.0,2021-01-17
2333.87,2340.57,2319.58,2332.31,0.75,6314664167.0,2021-01-18
2361.99,2362.86,2304.98,2326.9,-0.24,7467439848.0,2021-01-19
2361.52,2362.99,2322.72,2342.76,0.68,6210966026.0,2021-01-20
2372.86,2376.13,2354.7,2374.64,1.36,7798528433.0,2021-01-21
2396.74,2429.11,2396.74,2424.84,2.11,9376053220.0,2021-01-24
2447.01,2456.22,2408.87,2440.87,0.66,8903538731.0,2021-01-25
2461.42,2462.28,2419.89,2423.09,-0.73,8279701077.0,2021-01-26
2433.74,2449.42,2416.62,2441.85,0.77,8006238770.0,2021-01-27
2460.83,2460.83,2420.64,2425.29,-0.68,9898456128.0,2021-01-28
2425.53,2425.53,2366.46,2370.54,-2.26,8973206450.0,2021-01-31
2372.04,2413.18,2372.04,2408.24,1.59,6972936529.0,2021-02-01
2434.48,2473.73,2429.9,2473.73,2.72,8593472987.0,2021-02-02
2490.53,2519.85,2457.99,2466.92,-0.28,9531716496.0,2021-02-03
2479.6,2481.59,2443.68,2475.26,0.34,7615071093.0,2021-02-04
2486.79,2524.0,2486.79,2524.0,1.97,10441951304.0,2021-02-07
2553.78,2563.29,2538.83,2561.47,1.48,10619163869.0,2021-02-08
2562.43,2585.15,2524.44,2534.37,-1.06,8146269193.0,2021-02-09
2544.8,2547.76,2511.03,2543.03,0.34,7649411398.0,2021-02-10
2552.33,2565.13,2524.81,2526.92,-0.63,8411732003.0,2021-02-11
2536.47,2536.47,2482.24,2493.59,-1.32,6927668931.0,2021-02-14
2517.46,2586.01,2538.22,2586.01,3.71,10384197669.0,2021-02-15
2615.36,2631.37,2584.14,2601.51,0.6,10035454955.0,2021-02-16
2619.8,2623.64,2596.19,2611.45,0.38,8035510844.0,2021-02-17
2634.47,2642.47,2619.17,2636.68,0.97,8762146785.0,2021-02-18
2667.27,2667.59,2619.58,2640.34,0.14,8834603967.0,2021-02-21
2665.86,2673.85,2603.86,2607.67,-1.24,8406310671.0,2021-02-22
2627.33,2627.33,2519.41,2586.51,-0.81,8561539426.0,2021-02-23
2600.32,2620.45,2498.58,2599.07,0.49,6701872439.0,2021-02-24
2622.7,2622.77,2547.84,2554.13,-1.73,6098188414.0,2021-02-25
2557.79,2559.43,2474.39,2474.39,-3.12,8355289814.0,2021-02-28
2488.33,2524.4,2442.6,2515.03,1.64,5692316831.0,2021-03-01
2523.45,2529.64,2437.25,2455.33,-2.37,6119638669.0,2021-03-02
2449.23,2428.88,2391.4,2416.0,-1.6,6254809442.0,2021-03-03
2425.2,2506.68,2427.25,2506.68,3.75,6058104317.0,2021-03-04
2519.96,2525.3,2473.57,2485.09,-0.86,5005466480.0,2021-03-07
2494.05,2494.05,2453.53,2461.88,-0.93,4752708147.0,2021-03-09
2476.93,2477.71,2446.33,2458.48,-0.14,4100406337.0,2021-03-10
2466.26,2467.2,2397.52,2407.25,-2.08,4952722195.0,2021-03-14
2418.51,2432.17,2380.16,2389.19,-0.75,4248424066.0,2021-03-15
2400.04,2416.84,2369.66,2391.74,0.11,3375699339.0,2021-03-16
2399.21,2432.14,2390.42,2432.14,1.69,3374552178.0,2021-03-17
2448.72,2476.36,2441.65,2475.09,1.77,4661792187.0,2021-03-18
2494.48,2538.46,2492.9,2538.46,2.56,5919824569.0,2021-03-21
2564.07,2568.07,2509.38,2514.39,-0.95,5351353625.0,2021-03-22
2524.43,2531.04,2496.38,2528.95,0.58,5141897169.0,2021-03-23
2550.07,2570.26,2550.07,2570.25,1.63,6674423941.0,2021-03-24
2584.79,2594.25,2544.15,2548.97,-0.83,6500806040.0,2021-03-25
2558.23,2562.03,2537.82,2543.52,-0.21,4410345030.0,2021-03-29
2545.54,2575.95,2545.54,2575.67,1.26,6185679498.0,2021-03-30
2596.66,2619.02,2592.99,2619.03,1.68,6166957318.0,2021-03-31
2645.49,2645.49,2615.43,2631.89,0.49,7250924124.0,2021-04-01
2658.3,2658.55,2646.59,2657.61,0.98,9006858558.0,2021-04-04
2679.38,2681.76,2639.92,2658.74,0.04,7296760156.0,2021-04-05
2675.57,2675.57,2642.17,2674.46,0.59,7477795738.0,2021-04-06
2694.54,2694.54,2668.34,2671.61,-0.11,7266972570.0,2021-04-07
2690.12,2690.12,2672.48,2674.35,0.1,6556616680.0,2021-04-08
2681.6,2693.7,2671.89,2691.55,0.64,7610828050.0,2021-04-12
2698.07,2714.79,2688.48,2714.79,0.86,7143151000.0,2021-04-13
2735.4,2755.0,2732.41,2735.46,0.76,8636668659.0,2021-04-15
2759.89,2759.89,2697.88,2699.51,-1.31,8801803215.0,2021-04-18
2715.83,2716.18,2656.63,2661.93,-1.39,6766801224.0,2021-04-19
2673.24,2684.55,2646.43,2664.61,0.1,5538617640.0,2021-04-20
2674.82,2674.82,2625.92,2632.2,-1.22,5772251203.0,2021-04-21
2647.11,2650.14,2609.75,2648.0,0.6,5915139888.0,2021-04-22
2664.69,2664.7,2564.43,2572.22,-2.86,7284194901.0,2021-04-25
2571.49,2579.18,2501.38,2506.61,-2.55,6590928202.0,2021-04-26
2506.52,2599.08,2506.52,2599.07,3.69,5109096957.0,2021-04-27
2606.56,2622.43,2564.73,2585.28,-0.53,3990431236.0,2021-04-28
2601.21,2611.37,2583.18,2611.1,1.0,4357019249.0,2021-04-29
2627.81,2665.1,2611.03,2665.11,2.07,7360800500.0,2021-05-02
2676.45,2692.89,2645.8,2652.75,-0.46,7529290146.0,2021-05-03
2652.27,2663.39,2640.63,2654.69,0.07,6052236811.0,2021-05-04
2675.95,2675.95,2648.74,2649.6,-0.19,6216814313.0,2021-05-05
2658.69,2658.69,2626.38,2637.13,-0.47,6810091453.0,2021-05-06
2652.58,2652.58,2613.78,2618.56,-0.7,6148966772.0,2021-05-09
2613.17,2646.76,2608.13,2645.85,1.05,4203832789.0,2021-05-10
2647.48,2680.62,2645.77,2673.32,1.04,5810673071.0,2021-05-11
2685.4,2687.34,2664.32,2673.88,0.02,5326052801.0,2021-05-12
2701.82,2701.82,2679.18,2684.01,0.38,7126885280.0,2021-05-13
2693.9,2738.29,2693.9,2738.29,2.02,10026628116.0,2021-05-16
2748.83,2770.86,2748.04,2759.21,0.76,9576361139.0,2021-05-17
2780.7,2794.28,2767.25,2793.89,1.26,11359360092.0,2021-05-18
2816.26,2821.86,2769.72,2780.81,-0.47,11958097411.0,2021-05-19
2807.52,2807.52,2776.17,2787.18,0.23,9305222004.0,2021-05-20
2768.86,2820.0,2738.7,2820.0,1.18,11695034728.0,2021-05-23
2840.21,2850.55,2807.95,2823.06,0.11,13175353188.0,2021-05-24
2828.06,2836.1,2804.44,2816.56,-0.23,11133398108.0,2021-05-25
2784.59,2835.39,2763.19,2815.39,-0.04,14768808492.0,2021-05-27
2836.11,2854.48,2815.86,2827.93,0.45,17028432245.0,2021-05-30
2842.28,2849.26,2781.69,2782.68,-1.6,13909113291.0,2021-05-31
2790.71,2799.07,2751.44,2771.15,-0.42,8598160117.0,2021-06-01
2793.22,2827.12,2771.42,2827.12,2.01,11351815356.0,2021-06-02
2833.84,2875.04,2833.84,2856.67,1.05,16907020286.0,2021-06-03
2884.07,2919.1,2884.74,2906.89,1.75,17271787525.0,2021-06-06
2928.09,2932.39,2892.98,2906.7,-0.01,15818659063.0,2021-06-07
2931.17,2960.14,2926.51,2960.14,1.84,16951299040.0,2021-06-08
2995.08,3005.0,2934.98,2946.58,-0.46,16997092703.0,2021-06-09
2968.09,2969.35,2926.15,2944.78,-0.06,16100412436.0,2021-06-10
2965.77,2983.1,2957.33,2983.1,1.3,19550166636.0,2021-06-13
3009.46,3051.02,3009.46,3025.82,1.43,18884031519.0,2021-06-14
3061.81,3063.06,3013.77,3022.1,-0.12,16528749739.0,2021-06-15
2989.55,3030.43,2943.95,2969.69,-1.73,15484479319.0,2021-06-16
2982.87,2989.53,2945.42,2968.43,-0.04,10904958935.0,2021-06-17
2975.25,2978.26,2881.01,2905.14,-2.13,11819428289.0,2021-06-20
2924.07,2924.07,2828.73,2834.4,-2.45,11845454604.0,2021-06-21
2844.7,2913.84,2825.03,2913.84,2.8,10286269957.0,2021-06-22
2939.04,2939.04,2857.17,2862.18,-1.77,8362671681.0,2021-06-23
2871.65,2872.51,2833.53,2843.0,-0.59,7033603740.0,2021-06-24
2856.05,2882.62,2835.51,2870.38,0.96,7167432728.0,2021-06-27
2898.42,2900.89,2861.58,2875.49,0.18,7725512716.0,2021-06-28
2880.33,2888.39,2823.74,2828.0,-1.65,6726361869.0,2021-06-29
2835.66,2844.02,2782.21,2823.87,-0.15,5838551435.0,2021-06-30
2833.52,2867.02,2833.52,2843.0,0.68,6707775484.0,2021-07-01
2852.24,2857.63,2832.56,2834.51,-0.3,5053538257.0,2021-07-04
2845.5,2846.7,2814.82,2822.73,-0.42,4582212579.0,2021-07-05
2829.99,2834.77,2813.39,2818.1,-0.19,4224018255.0,2021-07-06
2815.49,2825.74,2794.38,2801.13,-0.6,4585861976.0,2021-07-07
2815.28,2832.54,2793.43,2825.1,0.86,4815520294.0,2021-07-08
2845.43,2899.82,2845.43,2899.82,2.64,8061382496.0,2021-07-11
2915.56,2929.7,2843.17,2854.76,-1.55,9980026527.0,2021-07-12
2867.15,2884.09,2847.34,2871.03,0.57,5546356224.0,2021-07-13
2882.06,2883.19,2857.87,2872.05,0.04,5654576205.0,2021-07-14
2885.4,2890.2,2877.32,2883.38,0.39,8143614302.0,2021-07-15
2892.47,2980.61,2892.47,2980.61,3.37,11638126493.0,2021-07-18
3003.47,3031.87,2981.91,2994.58,0.47,11813754607.0,2021-07-19
3005.43,3005.43,2975.71,2985.57,-0.3,7897594269.0,2021-07-20
2990.9,3018.27,2987.45,3004.31,0.63,11114121616.0,2021-07-22
3017.56,3058.63,3017.56,3058.63,1.81,14232417472.0,2021-07-25
3072.92,3075.51,3041.94,3050.42,-0.27,14139785431.0,2021-07-26
3030.51,3085.8,3002.1,3079.67,0.96,15170651643.0,2021-07-27
3088.45,3111.28,3076.04,3094.94,0.5,13291954535.0,2021-07-28
3103.53,3107.0,3076.75,3079.83,-0.49,10905830064.0,2021-07-29
3088.44,3097.67,3075.9,3081.05,0.04,12103871862.0,2021-08-01
3087.91,3100.8,3079.48,3085.07,0.13,10983599094.0,2021-08-02
3094.24,3111.09,3092.61,3111.09,0.84,11529217775.0,2021-08-03
3126.99,3140.38,3121.13,3123.24,0.39,15595794271.0,2021-08-04
3130.54,3136.79,3102.08,3107.45,-0.51,14316249965.0,2021-08-05
3117.02,3121.14,3099.18,3108.12,0.02,14308136887.0,2021-08-08
3113.95,3121.72,3098.9,3109.66,0.05,14137338881.0,2021-08-09
3120.29,3164.34,3114.77,3161.44,1.67,17846147279.0,2021-08-10
3172.54,3197.0,3158.73,3162.59,0.03,15455941754.0,2021-08-11
3172.75,3188.93,3167.79,3179.0,0.52,17513276115.0,2021-08-12
3170.65,3187.14,3105.32,3154.03,-0.78,21647600655.0,2021-08-15
3165.09,3169.18,3138.1,3160.05,0.18,15930897938.0,2021-08-16
3165.69,3176.31,3154.98,3160.31,0.01,18204939237.0,2021-08-17
3172.29,3220.33,3154.1,3198.6,1.21,21313489269.0,2021-08-18
3208.53,3226.89,3178.58,3180.78,-0.57,20499210767.0,2021-08-19
3186.47,3186.47,3122.31,3124.87,-1.76,16124468060.0,2021-08-24
3126.02,3126.02,3068.9,3076.45,-1.55,12092103504.0,2021-08-25
3085.04,3107.57,3069.88,3094.05,0.57,13421974792.0,2021-08-26
3105.74,3115.8,3039.03,3044.86,-1.59,15651244505.0,2021-08-29
3047.26,3047.26,2970.51,2975.84,-2.27,13259696107.0,2021-08-31
2977.28,3018.64,2961.12,2977.02,0.04,9351799655.0,2021-09-01
2976.17,2993.4,2916.26,2926.89,-1.68,9505970822.0,2021-09-02
2928.8,2928.8,2779.33,2818.72,-3.7,11240391045.0,2021-09-05
2816.93,2980.79,2805.0,2980.78,5.74,9826222807.0,2021-09-06
2999.62,3001.1,2913.01,2936.6,-1.48,7495812161.0,2021-09-07
2940.91,2940.91,2874.07,2876.59,-2.04,6646623427.0,2021-09-08
2880.54,2911.82,2866.05,2875.97,-0.02,7050770070.0,2021-09-09
2887.5,2947.42,2887.5,2947.42,2.48,9440035244.0,2021-09-12
2962.81,2984.28,2939.96,2947.69,0.01,9290554155.0,2021-09-13
2950.37,2963.65,2916.77,2929.28,-0.63,5195295443.0,2021-09-14
2933.23,2936.77,2882.1,2889.03,-1.37,5358097251.0,2021-09-15
2889.21,2889.21,2795.51,2812.38,-2.65,9033900623.0,2021-09-16
2817.98,2818.49,2698.24,2698.24,-4.05,8493401009.0,2021-09-20
2693.42,2766.41,2615.49,2712.07,0.51,7364798652.0,2021-09-21
2719.91,2818.86,2719.91,2816.95,3.87,6179300158.0,2021-09-22
2833.52,2882.32,2804.53,2819.65,0.1,7726371029.0,2021-09-23
2836.36,2844.09,2756.51,2758.48,-2.17,6500117780.0,2021-09-26
2762.6,2769.1,2678.36,2685.41,-2.65,5120973096.0,2021-09-27
2683.6,2694.97,2602.38,2615.4,-2.61,5745488179.0,2021-09-28
2616.78,2665.93,2579.82,2665.93,1.93,5028555092.0,2021-09-29
2667.45,2687.02,2630.58,2633.42,-1.22,3700029507.0,2021-09-30
2637.36,2640.41,2573.31,2577.49,-2.12,4113814246.0,2021-10-03
2577.36,2596.31,2542.11,2570.81,-0.26,3627799935.0,2021-10-04
2569.79,2619.85,2569.79,2612.65,1.63,2996819683.0,2021-10-05
2614.74,2681.1,2614.74,2681.1,2.62,4500658142.0,2021-10-06
2687.19,2718.53,2654.75,2662.58,-0.69,4498043581.0,2021-10-10
2667.59,2669.51,2616.75,2639.37,-0.87,3639468093.0,2021-10-11
2644.41,2665.42,2625.13,2656.96,0.67,1497375371.0,2021-10-17
2656.04,2656.04,2582.71,2587.45,-2.62,2966899791.0,2021-10-18
2588.24,2588.24,2482.14,2510.73,-2.99,3783422995.0,2021-10-19
2522.2,2589.46,2522.2,2571.66,2.41,2679028155.0,2021-10-20
2573.05,2585.21,2543.11,2556.95,-0.57,2635390460.0,2021-10-21
2557.0,2587.36,2546.39,2584.52,1.08,2773420135.0,2021-10-24
2588.75,2672.25,2588.75,2672.25,3.39,4308895575.0,2021-10-25
2678.86,2751.09,2678.86,2751.07,2.95,6318340932.0,2021-10-26
2753.4,2806.65,2717.57,2769.13,0.66,6612648840.0,2021-10-27
2768.88,2783.67,2747.59,2782.16,0.47,5395268628.0,2021-10-28
2785.95,2837.74,2776.05,2837.61,1.99,7823226493.0,2021-10-31
2852.32,2865.81,2804.84,2819.86,-0.63,7777510778.0,2021-11-01
2824.83,2845.06,2789.59,2843.62,0.84,6073716888.0,2021-11-02
2858.74,2877.81,2837.81,2848.84,0.18,6553059152.0,2021-11-03
2854.38,2862.96,2821.73,2829.64,-0.67,4420719103.0,2021-11-08
2831.0,2831.81,2730.44,2749.85,-2.82,6527729547.0,2021-11-09
2750.03,2750.03,2687.83,2690.29,-2.17,5119602540.0,2021-11-11
2694.05,2704.47,2668.82,2688.92,-0.05,4096219525.4,2021-11-14
2688.06,2728.32,2685.81,2715.35,0.98,4734651444.0,2021-11-15
2720.59,2784.58,2717.92,2784.58,2.55,5521650856.75,2021-11-16
2795.19,2825.89,2795.19,2801.52,0.61,7379446820.0,2021-11-17
2806.13,2808.72,2760.79,2769.13,-1.16,6271867230.0,2021-11-18
2771.75,2779.84,2750.01,2757.53,-0.42,4357309319.0,2021-11-21
2758.99,2777.86,2758.98,2765.43,0.29,3929261627.0,2021-11-22
2765.67,2765.67,2720.03,2733.12,-1.17,4165896578.0,2021-11-23
2737.09,2742.35,2694.62,2735.0,0.07,4217415337.0,2021-11-24
2736.84,2746.06,2721.38,2731.78,-0.12,3789709331.0,2021-11-25
2730.75,2730.75,2644.91,2651.49,-2.94,5835135055.0,2021-11-28
2650.54,2677.63,2622.32,2629.97,-0.81,4008937133.0,2021-11-29
2630.32,2647.85,2604.43,2628.37,-0.06,3089041991.0,2021-11-30
2628.68,2649.8,2628.68,2633.65,0.2,2742085704.0,2021-12-01
2633.63,2641.96,2580.68,2586.19,-1.8,3413589126.0,2021-12-02
2586.82,2586.95,2505.13,2513.87,-2.8,4090765325.0,2021-12-05
2508.96,2548.98,2440.24,2546.08,1.28,4542345271.0,2021-12-06
2549.36,2590.39,2506.61,2508.9,-1.46,3128341700.27,2021-12-07
2508.28,2511.6,2448.91,2455.8,-2.12,2663909620.0,2021-12-08
2454.41,2464.7,2428.84,2449.97,-0.24,2673308792.0,2021-12-09
2448.66,2455.56,2360.67,2361.27,-3.62,3382509520.0,2021-12-12
2351.93,2351.93,2259.63,2281.67,-3.37,3995604178.0,2021-12-13
2283.67,2418.85,2283.67,2418.85,6.01,1842647144.0,2021-12-14
2433.2,2490.62,2379.3,2414.62,-0.17,4588390678.0,2021-12-15
2415.77,2417.21,2372.87,2376.74,-1.57,2301751968.0,2021-12-16
2390.81,2390.81,2346.96,2358.81,-0.75,2464689863.0,2021-12-20
2360.33,2415.55,2360.33,2415.55,2.41,2383259847.0,2021-12-21
2425.05,2508.46,2425.05,2507.7,3.82,4523338143.0,2021-12-22
2522.51,2542.11,2485.55,2520.23,0.5,4490266410.0,2021-12-23
2531.43,2595.71,2531.43,2591.42,2.82,5173200503.0,2021-12-26
2600.21,2615.47,2518.8,2521.65,-2.69,5607439671.0,2021-12-27
2523.87,2533.26,2487.41,2518.99,-0.11,3125575632.0,2021-12-28
2520.55,2538.65,2513.14,2524.5,0.22,3623480292.0,2021-12-29
2538.25,2584.91,2529.88,2584.91,2.39,4126980067.52,2022-01-02
2595.22,2634.54,2594.04,2616.94,1.24,4533017178.57,2022-01-03
2619.22,2679.95,2594.22,2679.95,2.41,4320269828.0,2022-01-04
2687.75,2699.94,2641.61,2649.18,-1.15,4621598583.0,2022-01-05
2647.76,2692.47,2633.91,2692.47,1.63,3676846349.0,2022-01-06
2699.87,2770.06,2699.87,2765.51,2.71,7101831591.11,2022-01-09
2772.09,2804.84,2756.03,2784.95,0.7,7123424035.0,2022-01-10
2792.63,2847.38,2771.64,2834.13,1.77,6724526197.5,2022-01-11
2839.87,2874.8,2796.66,2803.62,-1.08,8033212742.0,2022-01-12
2808.8,2857.75,2802.8,2857.75,1.93,6669748567.76,2022-01-13
2873.42,2940.13,2873.42,2926.74,2.41,9676317059.0,2022-01-16
2944.92,2955.6,2907.95,2947.43,0.71,7901890668.0,2022-01-17
2953.11,2981.35,2916.06,2936.66,-0.37,8443419561.86,2022-01-18
2945.63,2950.14,2890.0,2898.31,-1.31,6021311881.03,2022-01-19
2901.51,2931.34,2884.91,2931.34,1.14,5773120409.17,2022-01-20
2942.97,2961.93,2906.28,2920.51,-0.37,7030508263.0,2022-01-23
2926.12,2926.12,2804.07,2820.65,-3.42,8888513178.0,2022-01-24
2827.75,2857.61,2781.48,2815.06,-0.2,5395672627.02,2022-01-25
2817.17,2819.74,2761.28,2776.65,-1.36,4313154042.17,2022-01-26
2778.89,2803.75,2776.88,2779.98,0.12,3343413684.0,2022-01-27
2805.01,2885.53,2805.01,2885.53,3.8,6324274039.0,2022-01-30
2895.77,2907.61,2860.92,2872.05,-0.47,5154177598.0,2022-01-31
2875.74,2896.47,2856.68,2891.33,0.67,6574842418.0,2022-02-01
2898.61,2925.05,2871.82,2876.74,-0.5,8612174162.0,2022-02-03
2877.04,2877.04,2829.17,2836.17,-1.41,5836414510.47,2022-02-06
2834.26,2853.78,2822.88,2851.88,0.55,5022017181.0,2022-02-07
2877.58,2921.18,2826.35,2835.58,-0.57,6287217985.0,2022-02-08
2837.33,2837.33,2800.08,2813.52,-0.78,3471109182.0,2022-02-09
2813.33,2825.33,2791.1,2801.56,-0.43,3829533350.0,2022-02-10
2783.89,2783.89,2697.78,2700.89,-3.59,5977214730.64,2022-02-13
2697.37,2728.13,2695.12,2700.98,0.0,3684009915.07,2022-02-14
2703.35,2754.29,2703.35,2754.29,1.97,3233318614.47,2022-02-15
2759.37,2771.69,2725.34,2734.44,-0.72,3026330784.14,2022-02-16
2735.33,2745.21,2723.77,2732.51,-0.07,2278173660.05,2022-02-17
2713.52,2715.83,2670.39,2693.1,-1.44,4086474828.31,2022-02-20
2695.26,2718.81,2694.16,2718.51,0.94,2997681072.21,2022-02-21
2719.89,2750.09,2719.89,2735.93,0.64,3212887822.11,2022-02-22
2732.48,2747.18,2716.44,2720.43,-0.57,3131210281.88,2022-02-23
2715.44,2715.44,2654.98,2661.44,-2.17,4293864191.66,2022-02-24
2660.39,2680.39,2638.64,2653.7,-0.29,3273065909.76,2022-02-27
2662.26,2683.47,2607.0,2610.58,-1.62,3660189867.56,2022-02-28
2612.51,2612.51,2542.77,2547.04,-2.43,3621143979.32,2022-03-02
2542.57,2568.11,2528.15,2543.39,-0.14,2493241272.52,2022-03-06
2542.66,2566.29,2538.44,2544.94,0.06,2600930402.61,2022-03-07
2542.42,2557.08,2504.48,2514.58,-1.19,2352317142.03,2022-03-09
2512.04,2566.9,2499.03,2566.9,2.08,2791872969.76,2022-03-10
2575.27,2667.97,2575.27,2667.97,3.94,4870715387.13,2022-03-13
2677.97,2682.57,2650.42,2668.11,0.01,1342232838.5,2022-03-14
2673.55,2675.83,2637.23,2650.97,-0.64,3364229175.35,2022-03-15
2653.57,2660.64,2626.02,2631.25,-0.74,2570401188.08,2022-03-16
2634.11,2643.81,2607.98,2616.59,-0.56,2274626190.52,2022-03-20
2620.13,2634.66,2601.36,2634.66,0.69,2592718131.44,2022-03-21
2634.42,2658.06,2634.42,2650.7,0.61,2518894178.29,2022-03-22
2651.41,2653.24,2623.08,2630.36,-0.77,2046352547.24,2022-03-23
2630.93,2638.62,2611.96,2613.67,-0.63,3248943824.64,2022-03-24
2623.2,2641.51,2569.02,2572.26,-1.58,4989514415.77,2022-03-27
2574.12,2580.26,2538.22,2541.84,-1.18,2545321813.93,2022-03-28
2542.65,2561.98,2520.19,2527.58,-0.56,1750628199.3,2022-03-29
2527.77,2568.26,2516.12,2568.26,1.61,2250117296.35,2022-03-30
2568.76,2584.22,2538.78,2544.31,-0.93,1890164686.39,2022-03-31
2544.48,2546.65,2510.69,2513.42,-1.21,1460773729.18,2022-04-03
2517.41,2525.24,2497.48,2498.53,-0.59,1584671562.02,2022-04-04
2507.77,2507.77,2434.56,2452.07,-1.86,2671232388.39,2022-04-05
2451.81,2457.61,2417.08,2428.66,-0.95,1995964384.22,2022-04-06
2427.97,2475.78,2427.97,2464.36,1.47,2121511279.53,2022-04-07
2471.81,2508.88,2416.22,2419.8,-1.81,2260786628.14,2022-04-11
2424.71,2428.57,2379.57,2385.01,-1.44,1524364418.1,2022-04-12
2385.24,2415.25,2367.02,2415.25,1.27,1476318104.44,2022-04-13
2422.34,2437.42,2380.16,2385.65,-1.23,1440723182.32,2022-04-17
2386.66,2387.12,2342.04,2343.87,-1.75,1530692955.67,2022-04-18
2347.21,2372.21,2314.8,2357.25,0.57,1326865931.83,2022-04-19
2364.47,2367.03,2317.01,2320.52,-1.56,1458737755.45,2022-04-20
2327.08,2333.18,2287.0,2325.45,0.21,1629168847.89,2022-04-21
2331.51,2430.07,2331.51,2420.97,4.11,2531275592.84,2022-04-24
2423.74,2443.95,2382.37,2386.02,-1.44,2042253182.3,2022-04-25
2386.04,2401.57,2358.82,2370.99,-0.63,1046014417.2,2022-04-26
2373.1,2376.2,2348.76,2376.17,0.22,1089992035.93,2022-04-27
2380.16,2390.11,2351.57,2356.17,-0.84,1496246808.2,2022-04-28
2358.24,2359.27,2303.7,2307.44,-2.07,1423498292.37,2022-05-02
2310.51,2312.07,2269.87,2275.69,-1.38,1269219421.49,2022-05-04
2275.43,2275.43,2226.61,2238.62,-1.63,1654561472.53,2022-05-05
2238.81,2256.58,2204.47,2256.58,0.8,1326421671.7,2022-05-08
2263.06,2289.27,2255.73,2268.85,0.54,1390607701.93,2022-05-09
2269.36,2313.0,2269.2,2313.0,1.95,1356687468.49,2022-05-10
2313.28,2369.07,2313.28,2369.06,2.42,2163990743.33,2022-05-11
2373.38,2388.49,2343.95,2350.42,-0.79,2328434272.92,2022-05-12
2350.43,2350.43,2264.87,2265.52,-3.61,1644096192.85,2022-05-17
2262.99,2281.82,2238.04,2274.42,0.39,1326320346.01,2022-05-18
2274.8,2282.81,2247.82,2250.91,-1.03,1300981996.43,2022-05-19
2251.49,2258.26,2231.46,2235.09,-0.7,932206084.33,2022-05-20
2241.26,2248.91,2191.6,2200.88,-1.53,1369513191.5,2022-05-23
2203.14,2227.36,2190.69,2217.19,0.74,1088833541.72,2022-05-24
2222.49,2243.21,2222.24,2231.57,0.65,1044626939.45,2022-05-25
2240.61,2245.18,2222.9,2239.6,0.36,889834908.59,2022-05-26
2242.46,2250.37,2214.94,2223.78,-0.71,1298905589.57,2022-05-27
2227.43,2232.23,2175.91,2173.44,-2.26,1338856282.36,2022-05-30
2172.02,2172.02,2126.81,2137.92,-1.63,1317699089.62,2022-05-31
2138.06,2154.03,2119.53,2130.73,-0.34,1078484181.94,2022-06-01
2130.35,2142.46,2107.97,2112.47,-0.86,1161514168.66,2022-06-02
2113.13,2117.03,2072.08,2078.71,-1.6,1307359540.8,2022-06-03
2079.6,2093.08,2054.29,2065.82,-0.62,1273385276.82,2022-06-06
2065.19,2065.19,2016.81,2020.23,-2.21,1312806562.64,2022-06-07
2019.54,2096.14,2017.47,2080.45,2.98,1640356608.04,2022-06-08
2082.45,2115.59,2058.52,2062.81,-0.85,1472690554.24,2022-06-09
2067.76,2069.37,2036.61,2048.16,-0.71,894124114.1,2022-06-10
2049.31,2052.29,2027.22,2032.34,-0.77,998674262.44,2022-06-13
2032.53,2034.34,1990.51,1996.26,-1.78,1185546179.44,2022-06-14
1999.05,1999.05,1946.47,1966.37,-1.5,1491758817.38,2022-06-15
1966.89,1993.4,1950.93,1978.94,0.64,1187145518.65,2022-06-16
1981.21,1990.88,1967.23,1971.38,-0.38,736312157.98,2022-06-17
1971.84,1973.79,1929.24,1934.11,-1.89,1134091212.35,2022-06-19
1934.03,1934.08,1880.01,1884.81,-2.55,1750600171.41,2022-06-20
1884.25,1931.89,1878.39,1924.74,2.12,1253757714.92,2022-06-21
1925.46,1926.07,1890.07,1893.53,-1.62,843773459.02,2022-06-22
1889.4,1889.4,1836.0,1848.28,-2.39,1499709634.92,2022-06-23
1848.38,1878.97,1807.18,1862.06,0.75,1151208031.19,2022-06-24
1863.47,1956.99,1863.47,1956.98,5.1,2196141848.83,2022-06-26
1967.3,1985.91,1931.64,1933.13,-1.22,2044831947.7,2022-06-27
1935.54,1935.54,1909.29,1921.31,-0.61,1058263522.26,2022-06-28
1925.74,1963.48,1915.44,1962.71,2.15,1431400640.64,2022-06-29
1966.86,2037.64,1966.86,2037.64,3.82,2458619494.89,2022-06-30
2041.94,2053.39,2016.75,2028.77,-0.44,1459312015.14,2022-07-01
2028.79,2086.42,2021.0,2086.42,2.84,2480473998.9,2022-07-03
2095.62,2148.16,2059.25,2076.67,-0.47,4349273593.2,2022-07-04
2078.63,2091.29,2026.37,2030.59,-2.22,2968485223.95,2022-07-05
2036.46,2046.92,1995.18,2043.92,0.66,2178655700.71,2022-07-06
2051.5,2079.3,2023.13,2027.32,-0.81,1806204764.98,2022-07-07
2031.87,2033.06,1988.96,1992.62,-1.71,1168451395.02,2022-07-08
1993.33,1993.55,1913.19,1915.61,-3.86,2325641022.25,2022-07-11
1916.41,1947.53,1908.89,1927.28,0.61,1707752977.82,2022-07-12
1928.5,1986.83,1928.5,1986.82,3.09,2044443007.47,2022-07-13
1987.32,2011.72,1977.26,2001.53,0.74,2411834599.35,2022-07-14
2002.96,2009.47,1989.42,2009.46,0.4,1456259832.87,2022-07-15
2010.92,2018.85,1994.75,2011.4,0.1,1232488082.72,2022-07-17
2011.71,2029.43,2000.19,2029.43,0.9,1312962959.61,2022-07-18
2029.71,2062.07,2029.29,2045.7,0.8,2299316326.28,2022-07-19
2046.21,2061.31,2033.46,2050.59,0.24,1731832270.04,2022-07-20
2052.95,2065.86,2038.58,2044.72,-0.29,1642648586.5,2022-07-21
2046.62,2046.62,2013.75,2017.46,-1.33,1443432770.47,2022-07-22
2027.8,2078.51,2027.8,2078.51,3.03,2730937196.52,2022-07-24
2081.98,2134.62,2081.98,2132.96,2.62,4106818941.36,2022-07-25
2134.14,2141.35,2085.93,2088.16,-2.1,3704998398.24,2022-07-26
2089.01,2111.99,2066.08,2111.99,1.14,3161455141.99,2022-07-27
2113.35,2156.1,2106.16,2127.47,0.73,4976433105.02,2022-07-28
2130.32,2147.31,2117.53,2140.52,0.61,2191619914.28,2022-07-29
2142.31,2195.1,2142.31,2195.1,2.55,4609971271.65,2022-07-31
2205.77,2223.99,2183.55,2196.25,0.05,4670798756.39,2022-08-01
2198.06,2202.72,2170.32,2193.48,-0.13,3293234705.72,2022-08-02
2196.13,2213.7,2183.8,2186.77,-0.31,4029931439.75,2022-08-03
2191.49,2192.66,2148.16,2148.16,-1.77,3768079173.0,2022-08-04
2150.47,2150.47,2109.01,2113.55,-1.61,2626154947.8,2022-08-05
2109.41,2132.49,2108.65,2123.82,0.49,2673338232.35,2022-08-07
2128.19,2140.09,2102.34,2106.15,-0.83,2857072961.4,2022-08-08
2109.79,2112.13,2060.92,2062.8,-2.06,2815144598.31,2022-08-09
2064.39,2074.93,2042.95,2056.88,-0.29,1935520146.52,2022-08-10
2059.83,2074.7,2037.93,2037.92,-0.92,1761023038.83,2022-08-11
2035.32,2042.87,2007.73,2010.01,-1.37,1873281897.06,2022-08-14
2007.19,2065.89,2004.29,2065.89,2.78,2432984611.9,2022-08-15
2069.38,2088.22,2035.55,2041.06,-1.2,2734853057.65,2022-08-16
2043.62,2052.9,2035.52,2040.7,-0.02,1405974256.29,2022-08-17
2041.71,2072.23,2041.71,2068.26,1.35,2057980056.54,2022-08-18
2070.06,2088.38,2056.43,2060.55,-0.37,2047093688.56,2022-08-21
2061.03,2065.2,2044.02,2053.13,-0.36,1726287429.58,2022-08-22
2053.35,2059.92,2049.04,2054.98,0.09,1333560857.3,2022-08-23
2054.99,2073.28,2052.3,2057.84,0.14,1526186217.86,2022-08-24
2058.01,2068.33,2036.07,2039.54,-0.89,1717469670.12,2022-08-25
2040.47,2040.47,2018.27,2022.62,-0.83,1294832820.0,2022-08-26
2022.32,2022.7,1987.21,1989.26,-1.65,2059737103.35,2022-08-28
1989.37,1995.59,1975.24,1993.02,0.19,1266619150.41,2022-08-29
1993.47,2011.82,1987.49,1995.34,0.12,1019516696.18,2022-08-30
1993.38,1996.32,1968.62,1973.38,-1.1,1126217861.98,2022-08-31
1972.98,1982.34,1953.65,1972.29,-0.05,1383462162.06,2022-09-01
1970.78,1984.2,1964.98,1970.62,-0.08,698805950.93,2022-09-02
1971.86,1988.25,1969.6,1977.3,0.34,1071615922.48,2022-09-04
1978.3,1987.5,1970.91,1973.01,-0.22,909904751.01,2022-09-05
1974.13,1977.86,1947.33,1951.84,-1.07,1190765612.98,2022-09-06
1951.21,1955.77,1933.32,1939.88,-0.61,826230582.89,2022-09-07
1940.19,1947.69,1925.48,1937.74,-0.11,1044440646.77,2022-09-08
1938.2,1946.39,1922.47,1926.28,-0.59,747226625.36,2022-09-11
1926.45,1928.65,1907.11,1912.74,-0.7,831603650.57,2022-09-12
1913.41,1940.73,1913.33,1934.04,1.11,922574409.66,2022-09-13
1936.37,1984.12,1936.37,1981.48,2.45,1453824649.96,2022-09-14
1983.26,1989.85,1920.45,1924.48,-2.88,2125655787.38,2022-09-15
1921.05,1921.05,1886.91,1910.38,-0.73,908186487.98,2022-09-16
1910.2,1910.9,1874.4,1876.41,-1.78,1601822954.98,2022-09-18
1875.41,1876.82,1833.72,1837.6,-2.07,1229669722.27,2022-09-20
1838.4,1862.36,1838.23,1848.8,0.61,721259884.67,2022-09-21
1848.79,1855.97,1836.34,1838.96,-0.53,655705169.41,2022-09-22
1838.0,1838.68,1811.7,1815.13,-1.3,1072480097.23,2022-09-25
1814.71,1842.06,1814.71,1831.05,0.88,663013000.44,2022-09-27
1831.24,1845.61,1831.24,1837.46,0.35,485408767.82,2022-09-28
1836.84,1853.76,1835.97,1853.76,0.89,632407627.66,2022-09-29
1854.57,1898.38,1854.53,1898.38,2.41,836873139.83,2022-10-09
1901.25,1907.94,1866.84,1871.22,-1.43,971767714.44,2022-10-10
1871.28,1871.28,1850.13,1855.16,-0.86,552809984.5,2022-10-11
1854.57,1872.75,1848.36,1866.48,0.61,691737893.98,2022-10-12
1866.54,1878.14,1861.11,1870.63,0.22,829646920.43,2022-10-13
1871.09,1871.59,1853.07,1860.94,-0.52,803525533.17,2022-10-16
1861.55,1864.58,1854.56,1858.33,-0.14,515818989.82,2022-10-17
1858.03,1861.63,1840.55,1845.52,-0.69,643607975.25,2022-10-19
1845.38,1849.74,1834.41,1844.14,-0.07,507689560.53,2022-10-20
1844.5,1858.49,1843.82,1858.49,0.78,516803483.59,2022-10-23
1860.39,1874.88,1857.2,1874.88,0.88,697317611.31,2022-10-31
1876.55,1930.98,1871.98,1930.99,2.99,1290664641.8,2022-11-01
1933.24,1956.42,1916.54,1938.3,0.38,1467914875.04,2022-11-02
1939.5,1940.43,1919.26,1922.16,-0.83,898907829.98,2022-11-03
1924.2,1965.38,1919.9,1965.36,2.25,1548032561.21,2022-11-06
1968.07,1987.26,1955.72,1958.94,-0.33,2109163383.68,2022-11-07
1959.22,1965.96,1948.45,1956.36,-0.13,1053137466.97,2022-11-08
1957.76,1967.63,1914.28,1917.22,-2.0,1407395437.0,2022-11-09
1919.1,1929.0,1889.93,1893.7,-1.23,1119461411.39,2022-11-10
1892.94,1901.04,1879.8,1883.16,-0.56,774911706.64,2022-11-13
1883.58,1904.45,1879.53,1904.45,1.13,946089521.22,2022-11-14
1905.21,1919.75,1896.36,1897.86,-0.35,1023609960.42,2022-11-15
1898.7,1914.27,1898.7,1911.26,0.71,859468158.3,2022-11-16
1912.24,1939.56,1912.24,1936.83,1.34,1715419286.41,2022-11-17
1938.47,1960.85,1926.48,1929.7,-0.37,1352885779.64,2022-11-22
1931.01,1933.53,1913.28,1921.99,-0.4,1022293552.83,2022-11-23
1922.72,1933.55,1916.45,1933.55,0.6,925174380.44,2022-11-24
1939.09,1965.98,1936.31,1965.98,1.68,2025489052.13,2022-11-27
1968.93,1980.09,1948.04,1950.37,-0.79,1494394613.65,2022-11-28
1951.31,1957.83,1933.97,1953.35,0.15,957060225.95,2022-11-29
1953.07,1955.6,1943.37,1949.85,-0.18,842695301.98,2022-11-30
1949.48,1968.95,1942.1,1961.06,0.58,1322972185.64,2022-12-01
1961.07,1973.39,1957.36,1963.22,0.11,1561702992.0,2022-12-04
1964.79,1965.26,1935.76,1938.76,-1.25,1670455034.63,2022-12-05
1941.08,1943.63,1922.2,1933.88,-0.25,965210899.14,2022-12-06
1935.08,1935.86,1916.77,1917.28,-0.86,1654662550.98,2022-12-07
1916.04,1918.03,1883.23,1885.31,-1.67,1103404045.08,2022-12-11
1884.22,1902.27,1868.77,1902.27,0.9,1366010464.02,2022-12-12
1900.23,1904.58,1888.84,1899.7,-0.13,777089165.15,2022-12-13
1900.61,1905.91,1893.2,1897.08,-0.14,727877897.35,2022-12-14
1897.34,1898.86,1880.44,1882.6,-0.76,1192616187.82,2022-12-15
1883.65,1883.65,1851.24,1855.06,-1.46,1157155099.08,2022-12-18
1855.19,1864.87,1849.44,1858.89,0.21,886098568.37,2022-12-19
1859.72,1881.04,1859.07,1873.11,0.77,930839901.14,2022-12-20
1874.85,1882.84,1864.9,1867.22,-0.31,863816561.06,2022-12-21
1864.41,1867.21,1850.88,1867.21,0.0,1119797921.31,2022-12-22
1868.18,1924.09,1868.18,1924.09,3.05,2097049941.35,2022-12-26
1928.81,1998.49,1928.81,1983.95,3.11,3884396997.97,2022-12-27
1991.81,1994.07,1962.33,1972.15,-0.6,2153547207.9,2022-12-28
1973.18,2029.03,1962.71,2029.03,2.88,2860345781.68,2022-12-29
2037.21,2082.66,2030.41,2046.26,0.85,4048879510.19,2023-01-01
2047.46,2070.31,2028.74,2063.83,0.86,2960927440.66,2023-01-02
2066.02,2081.09,2051.2,2061.06,-0.15,3458089787.92,2023-01-03
2069.34,2125.85,2066.89,2125.84,3.14,3501142097.42,2023-01-04
2134.88,2159.82,2113.51,2143.93,0.85,5040740937.08,2023-01-05
2148.93,2191.52,2127.08,2164.61,0.96,5459925001.18,2023-01-08
2171.46,2211.77,2161.42,2211.76,2.18,5314307853.42,2023-01-09
2215.35,2277.35,2179.25,2190.42,-0.96,7658823579.86,2023-01-10
2203.84,2235.49,2144.41,2149.39,-1.87,5477624724.37,2023-01-12
2152.05,2187.54,2136.61,2182.11,1.52,3724794587.76,2023-01-17
2185.73,2214.39,2167.41,2173.1,-0.41,4928714602.64,2023-01-18
2175.3,2191.81,2163.44,2178.81,0.26,3044529329.67,2023-01-19
2184.77,2202.26,2163.41,2165.1,-0.63,3864008973.69,2023-01-23
2166.05,2173.25,2140.18,2173.25,0.38,3003230039.43,2023-01-24
2175.67,2199.66,2175.67,2183.62,0.48,3466508338.64,2023-01-25
2186.5,2201.28,2178.29,2183.21,-0.02,2860082839.02,2023-01-26
2185.32,2192.27,2164.05,2168.53,-0.67,3017063956.47,2023-01-29
2166.31,2173.85,2124.97,2127.37,-1.9,3302201825.93,2023-01-30
2130.29,2135.86,2108.2,2111.68,-0.74,2824540406.61,2023-01-31
2111.44,2124.09,2104.55,2116.65,0.24,1767051916.0,2023-02-01
2118.56,2126.01,2090.53,2094.54,-1.04,2096419161.88,2023-02-02
2096.7,2118.27,2088.07,2096.08,0.07,1931719103.92,2023-02-05
2096.32,2102.47,2087.48,2100.7,0.22,1474161645.6,2023-02-06
2100.12,2177.35,2100.12,2177.34,3.65,3362267078.75,2023-02-07
2181.62,2213.78,2161.22,2170.18,-0.33,3691972817.14,2023-02-08
2171.17,2182.64,2153.57,2182.63,0.57,2062058749.14,2023-02-09
2181.2,2181.2,2117.93,2121.86,-2.78,3047739812.93,2023-02-12
2122.41,2122.41,2100.6,2105.46,-0.77,1787016372.7,2023-02-14
2105.03,2117.5,2086.95,2091.56,-0.66,1732575202.79,2023-02-15
2090.49,2099.36,2067.41,2070.41,-1.01,1684942096.45,2023-02-16
2069.67,2069.67,2040.34,2046.81,-1.14,1947623993.42,2023-02-20
2049.65,2083.83,2048.35,2080.38,1.64,1803282180.68,2023-02-22
2078.48,2078.48,2015.04,2022.64,-2.78,2522713153.87,2023-02-23
2016.54,2029.09,1961.68,2027.19,0.22,2525071806.13,2023-02-26
2029.23,2042.95,1990.37,2023.54,-0.18,1893736365.84,2023-02-27
2024.82,2033.7,2013.58,2019.93,-0.18,1387865515.74,2023-02-28
2020.72,2024.34,1994.53,1995.49,-1.21,1288363424.63,2023-03-01
1995.34,1996.56,1966.72,1969.02,-1.33,1336333964.7,2023-03-02
1967.49,1975.79,1935.49,1938.25,-1.56,1392354893.48,2023-03-05
1938.36,1963.76,1937.92,1952.66,0.74,1204409411.61,2023-03-07
1955.57,2002.7,1955.57,2002.7,2.56,1565558802.91,2023-03-09
2008.26,2016.05,1970.84,1975.9,-1.34,1666931510.75,2023-03-12
1975.43,1975.43,1944.48,1951.21,-1.25,1162503515.16,2023-03-13
1950.41,1964.71,1939.55,1953.06,0.09,1135925357.9,2023-03-14
1953.96,1955.71,1926.64,1938.62,-0.74,1202141882.65,2023-03-15
1938.62,1946.32,1920.1,1933.31,-0.27,1141455062.49,2023-03-16
1933.23,1939.42,1922.63,1926.4,-0.36,1069804825.12,2023-03-19
1926.28,1949.06,1926.04,1949.06,1.18,1298583988.28,2023-03-20
1952.19,1962.14,1929.54,1933.29,-0.81,1333719929.67,2023-03-22
1933.11,1933.21,1906.33,1915.14,-0.94,1413172802.5,2023-03-23
1915.32,1915.32,1881.35,1888.3,-1.4,1289371531.03,2023-03-26
1885.65,1906.85,1864.99,1906.0,0.94,1382767991.83,2023-03-27
1910.35,1936.43,1906.77,1918.41,0.65,1443713878.3,2023-03-28
1920.09,1921.83,1901.9,1919.42,0.05,816219129.76,2023-03-29
1920.01,1932.3,1905.5,1908.55,-0.57,899532139.4,2023-03-30
1910.49,1928.66,1883.04,1888.55,-1.05,1207122600.13,2023-04-02
1888.61,1891.76,1866.16,1871.88,-0.88,920249011.53,2023-04-03
1872.65,1880.31,1856.69,1866.68,-0.28,917610296.04,2023-04-04
1866.83,1878.53,1857.63,1875.07,0.45,816046790.0,2023-04-05
1875.88,1888.82,1864.51,1866.79,-0.44,920686094.33,2023-04-06
1867.47,1868.34,1834.2,1838.49,-1.52,1159448411.71,2023-04-09
1837.65,1851.39,1833.3,1844.02,0.3,911976049.12,2023-04-10
1845.65,1871.95,1844.57,1871.34,1.48,945249179.36,2023-04-11
1871.46,1963.55,1871.46,1963.55,4.93,1976076732.33,2023-04-12
1973.09,1981.43,1929.21,1934.47,-1.48,1653334665.77,2023-04-13
1934.51,1944.58,1918.7,1931.68,-0.14,974599061.51,2023-04-16
1931.86,1937.37,1904.61,1908.05,-1.22,920078571.12,2023-04-17
1905.96,1911.39,1893.33,1904.98,-0.16,870448151.88,2023-04-18
1903.36,1924.06,1903.36,1920.12,0.79,872141116.12,2023-04-19
1918.49,1927.92,1902.37,1904.4,-0.82,983367311.0,2023-04-20
1904.94,1906.29,1881.39,1885.6,-0.99,828534036.34,2023-04-23
1885.77,1891.79,1875.37,1888.32,0.14,751330393.7,2023-04-24
1887.3,1905.68,1885.2,1905.68,0.92,885578270.76,2023-04-25
1907.54,1913.05,1889.63,1892.0,-0.72,847028219.4,2023-04-26
1892.94,1895.12,1880.29,1889.73,-0.12,739650247.5,2023-04-27
1889.41,1890.06,1867.86,1870.65,-1.01,954322377.93,2023-04-30
1871.63,1878.51,1860.53,1866.4,-0.23,692271755.19,2023-05-02
1866.68,1868.14,1852.51,1857.23,-0.49,620266016.87,2023-05-03
1856.97,1874.58,1846.92,1869.73,0.69,732689811.89,2023-05-04
1870.41,1872.22,1849.09,1850.61,-1.02,608135094.13,2023-05-07
1850.73,1853.87,1825.83,1833.69,-0.91,824217001.84,2023-05-08
1831.64,1856.02,1829.0,1844.36,0.58,774760647.07,2023-05-09
1845.71,1852.04,1835.64,1841.93,-0.13,471574067.13,2023-05-10
1840.05,1843.36,1831.41,1838.59,-0.18,578841593.52,2023-05-11
1840.82,1849.19,1818.5,1821.64,-0.92,900563856.24,2023-05-14
1821.81,1826.63,1807.84,1818.31,-0.18,724969980.39,2023-05-15
1817.87,1827.55,1810.15,1821.62,0.18,640117260.52,2023-05-16
1821.54,1846.63,1821.33,1845.01,1.28,857624318.45,2023-05-17
1846.69,1883.0,1844.61,1877.32,1.75,1474765388.2,2023-05-18
1878.68,1902.6,1874.47,1883.2,0.31,1600492731.52,2023-05-21
1883.45,1898.6,1866.11,1891.31,0.43,1272346510.88,2023-05-22
1891.37,1942.63,1891.37,1942.63,2.71,2200023945.86,2023-05-23
1943.81,1962.55,1928.36,1959.12,0.85,1873018024.09,2023-05-24
1960.95,1977.36,1938.66,1941.74,-0.89,2639659499.69,2023-05-28
1944.03,1944.03,1885.06,1888.61,-2.74,2341777844.6,2023-05-30
1884.49,1893.37,1844.67,1849.79,-2.06,2315169571.93,2023-05-31
1850.79,1876.98,1837.43,1866.34,0.89,1654648922.34,2023-06-01
1866.35,1925.11,1865.73,1919.38,2.84,1656340391.57,2023-06-04
1922.13,1935.55,1900.3,1901.99,-0.91,1973491107.31,2023-06-05
1902.75,1927.66,1893.62,1927.66,1.35,1981012701.99,2023-06-06
1929.16,1950.57,1928.41,1932.33,0.24,2368815635.92,2023-06-07
1933.4,1946.76,1920.74,1939.61,0.38,2305888931.71,2023-06-08
1941.76,1983.23,1941.76,1980.09,2.09,3454344563.9,2023-06-11
1984.36,2002.0,1972.08,1987.87,0.39,2886509415.69,2023-06-12
1989.43,2034.45,1977.92,2020.64,1.72,4126695943.96,2023-06-13
2020.18,2066.99,2015.67,2037.06,0.81,5017807682.79,2023-06-14
2040.58,2049.86,2018.05,2042.07,0.25,3162810843.58,2023-06-15
2045.06,2094.33,2038.24,2094.33,2.56,4869184016.01,2023-06-18
2097.53,2107.18,2075.87,2091.39,-0.14,4740608880.28,2023-06-19
2093.56,2116.89,2057.52,2064.83,-1.27,4110606953.96,2023-06-20
2067.21,2082.6,2044.28,2050.78,-0.68,3496822260.78,2023-06-21
2054.62,2074.22,2042.45,2055.53,0.23,3444862501.6,2023-06-22
2057.37,2119.4,2057.37,2117.73,3.03,6490443184.88,2023-06-25
2124.01,2154.66,2121.34,2129.42,0.55,5312422087.26,2023-06-26
2132.61,2186.36,2132.61,2186.36,2.67,5476287740.47,2023-06-27
2193.51,2204.93,2146.57,2150.99,-1.62,5972286481.44,2023-06-28
2154.8,2158.83,2094.6,2097.29,-2.5,5081976179.38,2023-07-02
2096.72,2113.74,2069.86,2075.97,-1.02,4051078375.43,2023-07-03
2079.42,2103.78,2067.22,2088.7,0.61,2576140128.5,2023-07-04
2090.38,2101.29,2046.7,2049.44,-1.88,3073992136.77,2023-07-05
2050.28,2063.54,2033.59,2049.38,0.0,3077498315.29,2023-07-06
2050.36,2084.3,2050.36,2077.76,1.38,3042543961.01,2023-07-09
2081.75,2101.37,2068.28,2076.96,-0.04,3797986583.24,2023-07-10
2078.25,2084.9,2064.75,2072.24,-0.23,2859490490.47,2023-07-11
2072.24,2099.51,2072.24,2097.55,1.22,3187695774.33,2023-07-12
2095.72,2121.58,2080.91,2084.93,-0.6,3390660605.31,2023-07-13
2085.68,2103.86,2079.36,2097.09,0.58,2376427573.77,2023-07-16
2097.99,2144.17,2089.28,2144.16,2.24,2560191288.71,2023-07-17
2147.69,2170.9,2147.13,2154.07,0.46,3548829029.13,2023-07-18
2154.02,2174.41,2142.14,2165.24,0.52,3348679900.45,2023-07-19
2165.7,2177.76,2153.16,2163.92,-0.06,3052410659.63,2023-07-20
2166.47,2228.18,2166.47,2227.16,2.92,4375196232.8,2023-07-23
2227.21,2243.78,2194.41,2200.5,-1.19,4737608810.43,2023-07-24
2202.99,2205.48,2163.07,2164.31,-1.64,2910732418.7,2023-07-25
2168.46,2186.16,2152.54,2156.2,-0.37,2432508769.56,2023-07-26
2155.48,2165.9,2124.7,2126.48,-1.37,2425780564.09,2023-07-27
2126.85,2138.63,2091.53,2100.34,-1.22,2502886527.87,2023-07-30
2097.84,2126.48,2094.15,2106.18,0.27,1858002175.73,2023-07-31
2106.06,2123.73,2070.68,2077.58,-1.35,1924434899.89,2023-08-01
2078.59,2086.84,2062.02,2086.84,0.44,1812473856.12,2023-08-02
2088.55,2109.29,2084.15,2089.84,0.14,1781941701.8,2023-08-03
2095.42,2101.42,2041.92,2051.47,-1.83,2687148234.55,2023-08-06
2051.56,2069.32,2030.32,2048.26,-0.15,2333573297.98,2023-08-07
2047.71,2054.83,2013.75,2019.85,-1.38,1737014499.55,2023-08-08
2018.72,2060.91,2000.51,2060.91,2.03,1888326469.62,2023-08-09
2058.95,2080.4,2046.07,2066.05,0.24,2156583945.67,2023-08-10
2065.4,2087.31,2057.77,2080.86,0.71,3018460512.26,2023-08-13
2079.24,2093.81,2073.88,2077.24,-0.17,2091390638.3,2023-08-14
2077.03,2078.65,2041.3,2045.44,-1.53,2157312369.5,2023-08-15
2044.04,2044.04,2014.34,2025.12,-0.99,1679980623.08,2023-08-16
2025.98,2042.35,2025.73,2033.13,0.39,1541367398.79,2023-08-17
2033.2,2034.49,2008.13,2011.22,-1.07,1447408942.66,2023-08-20
2012.45,2019.41,1991.94,1998.28,-0.64,1408981601.68,2023-08-21
1998.14,2015.98,1990.34,2015.98,0.88,1332564769.51,2023-08-22
2016.79,2047.87,2016.06,2045.45,1.46,1510488984.6,2023-08-23
2045.85,2052.02,2009.1,2013.93,-1.54,1550582685.37,2023-08-24
2014.2,2015.85,1989.42,1993.38,-1.02,1262767876.55,2023-08-27
1994.03,2009.37,1989.97,1998.48,0.25,988628562.24,2023-08-28
1999.0,2002.7,1988.83,1993.42,-0.25,865120452.4,2023-08-29
1994.63,2001.43,1985.47,1990.59,-0.14,1130008041.15,2023-08-30
1990.81,1991.04,1959.14,1960.78,-1.49,1186618410.86,2023-09-03
1960.78,1977.43,1946.71,1967.83,0.35,1099139697.15,2023-09-04
1966.8,1973.7,1954.37,1961.37,-0.32,796870408.04,2023-09-05
1960.72,1960.72,1930.52,1932.45,-1.47,1150920607.59,2023-09-07
1933.25,1946.6,1933.12,1942.68,0.52,1072212418.6,2023-09-10
1942.98,1986.99,1942.25,1986.99,2.28,1518343397.24,2023-09-11
1987.16,1998.17,1962.97,1967.57,-0.97,1135057515.51,2023-09-12
1967.26,2007.06,1967.26,2007.06,2.0,1495521905.76,2023-09-13
2009.98,2010.02,1961.67,1964.91,-2.09,2028465610.94,2023-09-17
1965.44,1974.6,1953.15,1969.18,0.21,870444156.81,2023-09-18
1970.41,1985.74,1960.94,1985.43,0.82,1176680757.49,2023-09-19
1988.7,2040.03,1988.7,2029.78,2.23,3293921368.31,2023-09-21
2029.42,2036.76,2004.26,2010.35,-0.95,2326895206.98,2023-09-24
2012.21,2015.18,1999.89,2004.45,-0.29,1565573471.78,2023-09-25
2006.63,2030.46,2006.24,2022.91,0.92,2093809518.53,2023-09-26
2023.52,2026.54,1993.54,2004.3,-0.91,1814359022.2,2023-09-27
2004.57,2004.58,1964.61,1971.1,-1.65,1830486743.11,2023-10-01
1970.27,1982.49,1954.53,1976.29,0.26,1737314092.32,2023-10-02
1977.82,1977.82,1954.64,1958.72,-0.88,1199101324.81,2023-10-03
1958.86,1976.05,1957.28,1967.97,0.47,1189931385.36,2023-10-04
1967.57,1969.0,1954.39,1956.92,-0.56,1106519418.19,2023-10-05
1963.8,1963.8,1917.87,1921.24,-1.82,1801766294.08,2023-10-08
1919.96,1926.64,1902.9,1908.66,-0.65,1170172722.08,2023-10-09
1908.28,1912.44,1885.44,1889.59,-0.99,1283182145.31,2023-10-10
1890.04,1904.45,1884.42,1894.76,0.27,1088547980.13,2023-10-11
1895.27,1897.21,1870.26,1874.6,-1.06,1700129815.0,2023-10-12
1874.12,1876.25,1846.82,1851.43,-1.23,1253291070.96,2023-10-16
1851.17,1884.61,1851.17,1864.62,0.71,1008437860.61,2023-10-17
1864.27,1908.38,1864.27,1907.89,2.32,934894218.15,2023-10-18
1908.66,1915.9,1893.98,1903.84,-0.21,970612892.03,2023-10-19
1903.58,1903.71,1867.47,1875.65,-1.48,742925392.56,2023-10-29
1876.47,1878.7,1857.11,1878.7,0.16,694222217.36,2023-10-30
1878.28,1878.6,1860.47,1864.4,-0.76,571483276.48,2023-10-31
1864.18,1872.16,1853.62,1858.56,-0.31,812089291.3,2023-11-01
1858.26,1859.47,1842.85,1847.7,-0.58,964477711.41,2023-11-02
1846.75,1846.75,1817.94,1826.23,-1.16,972367278.92,2023-11-05
1826.67,1850.41,1824.56,1847.54,1.16,938929040.59,2023-11-06
1848.06,1864.83,1847.41,1858.76,0.6,996586291.9,2023-11-07
1858.1,1868.92,1851.21,1863.94,0.27,782743264.94,2023-11-08
1864.4,1866.16,1848.17,1852.08,-0.63,836005656.08,2023-11-09
1852.28,1872.64,1846.53,1853.48,0.07,1099318029.69,2023-11-20
1853.17,1853.4,1821.48,1829.65,-1.28,950479583.91,2023-11-21
1830.11,1850.33,1816.68,1850.33,1.13,1087098495.58,2023-11-22
1847.69,1863.93,1826.68,1860.2,0.53,1348347430.3,2023-11-23
1859.24,1907.95,1852.69,1907.95,2.56,2011763358.52,2023-11-26
1909.97,1926.12,1889.78,1896.67,-0.59,1754750755.81,2023-11-27
1896.4,1902.17,1885.33,1894.53,-0.11,1280228971.85,2023-11-28
1894.53,1906.77,1872.04,1876.6,-0.94,1236642242.76,2023-11-29
1874.24,1876.07,1851.4,1858.53,-0.96,1323519357.2,2023-11-30
1858.47,1861.62,1837.91,1851.23,-0.39,964010431.27,2023-12-03
1848.7,1859.09,1843.39,1847.81,-0.18,1197257894.69,2023-12-04
1849.0,1857.19,1833.08,1837.71,-0.54,1544935438.34,2023-12-05
1837.24,1841.59,1830.63,1841.04,0.18,1141812382.77,2023-12-06
1840.41,1861.19,1834.72,1852.77,0.63,2799146433.94,2023-12-07
1866.06,1959.73,1866.06,1963.98,6.0,451299087.69,2023-12-10
1989.53,1989.53,1928.84,1948.57,-0.78,4842774386.83,2023-12-11
1952.19,1990.15,1940.61,1985.44,1.89,4309019196.26,2023-12-12
1990.36,2016.87,1976.36,1988.04,0.13,3909198570.27,2023-12-13
1989.53,1997.07,1974.02,1994.6,0.32,3151635750.11,2023-12-14
1986.05,2022.35,1951.05,2022.35,1.39,5157846979.04,2023-12-17
2025.73,2070.24,2025.73,2060.49,1.88,6868177565.82,2023-12-18
2065.04,2106.48,2053.49,2106.48,2.23,5984699175.73,2023-12-19
2113.94,2150.17,2111.7,2141.87,1.68,7009575176.13,2023-12-20
2148.16,2154.19,2103.46,2109.1,-1.53,6274324811.9,2023-12-21
2113.68,2131.63,2083.58,2088.07,-0.99,7111733829.8,2023-12-24
2089.88,2107.74,2055.63,2070.84,-0.82,5248782611.36,2023-12-27
2072.08,2084.9,2059.65,2068.9,-0.09,4290932297.59,2023-12-28
2072.45,2095.46,2057.12,2060.15,-0.42,4483982461.34,2024-01-01
2060.46,2061.45,2024.47,2030.1,-1.45,4044659922.73,2024-01-02
2030.94,2058.0,2023.82,2058.0,1.37,4048857454.59,2024-01-03
2058.56,2071.97,2046.19,2049.28,-0.42,5581107804.69,2024-01-04
2049.9,2056.13,2019.98,2022.92,-1.28,5241408379.84,2024-01-07
2025.89,2059.49,2025.89,2059.49,1.8,4675224906.27,2024-01-08
2063.55,2097.93,2063.55,2080.12,1.0,6118317866.66,2024-01-09
2084.59,2116.28,2084.59,2089.62,0.45,5134848789.38,2024-01-10
2091.28,2106.28,2082.62,2088.99,-0.03,4307763277.26,2024-01-11
2093.46,2121.39,2093.46,2120.62,1.51,5450421806.39,2024-01-14
2125.19,2178.1,2125.19,2175.17,2.57,8023862406.68,2024-01-16
2181.8,2215.29,2154.2,2163.06,-0.55,9768969868.61,2024-01-17
2163.38,2167.15,2133.22,2155.82,-0.33,8174986282.97,2024-01-18
2156.51,2165.24,2124.18,2130.18,-1.18,7677740058.03,2024-01-21
2128.56,2134.24,2090.9,2098.69,-1.47,6366070003.35,2024-01-22
2096.99,2111.95,2087.51,2098.29,-0.01,4294566751.66,2024-01-23
2098.97,2119.55,2083.68,2088.04,-0.48,3897022598.98,2024-01-24
2088.49,2096.7,2073.09,2084.09,-0.18,3764505450.97,2024-01-25
2084.63,2097.47,2075.45,2094.46,0.49,3833776580.75,2024-01-28
2097.48,2114.31,2097.48,2104.72,0.48,4566522230.81,2024-01-29
2105.87,2127.94,2105.87,2119.61,0.7,5544217593.12,2024-01-30
2119.17,2131.27,2088.7,2097.93,-1.02,5295605057.47,2024-01-31
2103.2,2103.2,2063.78,2067.01,-1.47,4180632139.37,2024-02-01
2067.47,2072.79,2053.9,2061.7,-0.25,3216727221.79,2024-02-04
2063.92,2082.6,2060.77,2076.27,0.7,2438058254.56,2024-02-05
2073.83,2086.98,2068.18,2085.71,0.45,2591534907.76,2024-02-06
2095.1,2107.51,2086.97,2090.64,0.23,2842550237.46,2024-02-07
2092.41,2097.89,2082.96,2096.32,0.27,3212283453.62,2024-02-08
2101.27,2108.73,2083.76,2085.82,-0.5,4085678472.16,2024-02-11
2085.81,2103.56,2081.99,2101.16,0.73,3586984128.47,2024-02-12
2101.54,2101.54,2065.14,2070.59,-1.45,4667179304.13,2024-02-13
2071.71,2081.56,2064.85,2076.5,0.28,4252722895.25,2024-02-14
2075.62,2076.84,2055.82,2062.03,-0.69,3869118741.97,2024-02-15
2060.67,2061.08,2030.87,2034.82,-1.31,3775422196.16,2024-02-18
2034.78,2043.31,2026.24,2033.06,-0.08,3113556978.43,2024-02-20
2034.38,2044.15,2021.05,2026.59,-0.31,2241961799.36,2024-02-21
2027.57,2030.14,2000.63,2005.83,-1.02,3206167025.36,2024-02-22
2007.41,2011.64,1977.39,1979.02,-1.33,3086951070.5,2024-02-25
1980.89,1996.83,1973.35,1992.3,0.67,2017739060.68,2024-02-26
1992.69,2007.66,1981.27,2001.64,0.46,1869813526.2,2024-02-27
2002.5,2009.4,1992.63,2000.77,-0.04,2038100977.41,2024-02-28
2001.02,2007.14,1970.42,1972.09,-1.43,2598733478.85,2024-02-29
1972.62,1975.39,1946.47,1960.3,-0.59,2082786089.07,2024-03-03
1977.12,2078.0,1977.12,2078.0,6.0,375209978.32,2024-03-04
2094.71,2094.71,2003.98,2007.69,-3.38,4113676958.02,2024-03-05
2008.92,2036.26,1992.79,2017.03,0.46,3450838357.2,2024-03-06
2020.94,2040.67,2017.28,2030.55,0.67,3199205820.34,2024-03-07
2032.58,2061.14,2032.58,2052.65,1.08,2922771558.9,2024-03-10
2065.62,2111.21,2064.17,2111.21,2.85,4551632347.81,2024-03-12
2123.91,2123.91,2094.32,2108.72,-0.11,4248523332.22,2024-03-13
2110.55,2110.55,2074.18,2080.87,-1.32,3943592302.13,2024-03-14
2082.41,2085.31,2064.49,2070.25,-0.51,3387980384.32,2024-03-17
2073.59,2075.62,2060.48,2073.53,0.15,2885637818.91,2024-03-18
2074.53,2091.19,2064.5,2067.29,-0.3,3633936554.86,2024-03-19
2072.47,2084.46,2058.94,2063.95,-0.16,3496284036.15,2024-03-20
2065.48,2074.86,2045.33,2048.57,-0.74,4313017713.5,2024-03-21
2050.68,2037.6,2027.89,2031.55,-0.83,2489118485.07,2024-03-25
2033.0,2048.63,2032.16,2041.7,0.49,2354348503.0,2024-03-26
2042.09,2053.47,2025.19,2030.86,-0.53,2235485534.3,2024-03-27
2033.42,2039.13,2023.21,2035.64,0.23,2653349468.5,2024-03-28
2034.7,2040.27,2014.51,2018.33,-0.85,3205313024.75,2024-03-31
2017.17,2019.5,2007.03,2012.07,-0.31,2874754305.75,2024-04-01
2014.54,2017.82,2004.42,2010.21,-0.09,2291645585.48,2024-04-02
2011.65,2017.09,2000.0,2006.78,-0.17,2536233986.66,2024-04-03
2007.13,2011.24,2000.54,2004.05,-0.13,3037267307.84,2024-04-04
2009.05,2026.81,2000.37,2026.81,1.13,4256676333.55,2024-04-07
2035.16,2045.77,2030.66,2036.01,0.45,4143783989.11,2024-04-09
2038.1,2045.2,2016.75,2025.3,-0.52,3485660640.32,2024-04-10
2025.7,2031.86,2018.21,2023.35,-0.11,3063771798.12,2024-04-14
2022.31,2026.83,2002.51,2006.52,-0.83,2797577432.68,2024-04-15
2004.96,2004.96,1988.46,1991.71,-0.73,2103019218.57,2024-04-16
1992.37,1992.37,1967.45,1972.14,-0.98,2093612792.77,2024-04-18
1972.92,1984.43,1953.37,1984.43,0.62,2259959456.88,2024-04-21
1984.08,1992.55,1964.6,1969.02,-0.77,2058305185.18,2024-04-22
1969.41,1979.4,1963.36,1969.17,0.0,2536431998.49,2024-04-24
1971.36,1974.58,1960.92,1965.93,-0.16,2366975594.11,2024-04-25
1973.53,1981.31,1965.18,1980.27,0.72,2682586955.82,2024-04-28
1990.31,1990.31,1974.93,1980.34,0.0,2959458501.43,2024-04-29
1991.1,2016.57,1979.36,2006.28,1.3,4800044601.66,2024-04-30
2025.78,2025.78,1995.84,1998.96,-0.36,4133362726.23,2024-05-02
1998.44,1998.52,1970.23,1974.37,-1.23,3795748296.38,2024-05-05
1980.22,1980.22,1952.96,1958.75,-0.79,2891319979.87,2024-05-06
1959.91,1970.44,1955.22,1960.81,0.1,2140502621.77,2024-05-07
1961.27,1967.92,1954.39,1960.6,-0.01,2547030825.49,2024-05-08
1963.45,1970.35,1955.27,1966.23,0.28,3121286362.59,2024-05-09
1973.78,1981.57,1962.21,1974.5,0.42,3155142168.43,2024-05-12
1979.68,2000.14,1970.64,1998.89,1.23,3408608157.91,2024-05-13
2000.66,2027.51,1999.56,2027.51,1.43,4088853664.8,2024-05-14
2030.87,2048.23,2013.53,2017.97,-0.47,3708430055.16,2024-05-15
2029.1,2029.1,2009.56,2018.76,0.03,4233816403.7,2024-05-16
2044.81,2068.91,2028.15,2064.45,2.26,5251024786.63,2024-05-19
2069.88,2119.89,2069.88,2092.0,1.33,5854354212.19,2024-05-20
2095.56,2118.26,2081.11,2115.94,1.14,5206208111.56,2024-05-21
2116.71,2140.02,2109.24,2131.49,0.73,5687680912.8,2024-05-22
2135.22,2141.25,2106.44,2109.34,-1.03,4441538471.69,2024-05-26
2111.67,2124.31,2097.07,2113.27,0.18,3893764143.93,2024-05-27
2133.72,2152.85,2086.73,2089.42,-1.12,4575063274.38,2024-05-29
2091.02,2099.87,2065.68,2069.53,-0.95,4217494195.64,2024-05-30
2072.97,2085.87,2068.19,2083.04,0.65,4311015629.95,2024-06-02
2087.8,2095.67,2073.29,2079.07,-0.19,4004070243.6,2024-06-03
2086.91,2092.28,2078.19,2085.3,0.29,4084715877.4,2024-06-04
2087.73,2091.47,2072.47,2079.71,-0.26,3992976492.79,2024-06-05
2080.55,2088.61,2073.58,2077.78,-0.09,4388278720.37,2024-06-06
2093.71,2093.71,2069.01,2073.19,-0.22,5189079522.43,2024-06-09
2088.14,2088.77,2072.33,2082.09,0.42,5490609782.28,2024-06-10
2099.77,2115.24,2087.16,2115.24,1.59,5555361739.06,2024-06-11
2117.06,2133.73,2116.4,2121.62,0.3,5894089245.13,2024-06-12
2125.31,2126.61,2106.65,2112.29,-0.43,6443029208.11,2024-06-13
2116.03,2116.03,2090.32,2095.25,-0.8,5472253551.85,2024-06-16
2098.59,2098.59,2073.98,2076.49,-0.89,4055737884.32,2024-06-18
2077.74,2086.65,2073.43,2078.76,0.1,3404372632.64,2024-06-19
2095.13,2095.13,2063.99,2068.31,-0.5,3870744903.34,2024-06-20
2068.71,2079.15,2057.43,2062.94,-0.25,4374597458.64,2024-06-23
2063.1,2079.19,2059.15,2066.16,0.15,5077255116.14,2024-06-24
2067.31,2077.22,2067.31,2071.77,0.27,4187796833.89,2024-06-25
2075.77,2077.11,2055.62,2060.16,-0.56,4058047734.22,2024-06-26
2059.6,2059.74,2047.02,2051.92,-0.4,3715903824.53,2024-06-27
2051.77,2059.28,2034.81,2037.09,-0.72,3607198407.65,2024-06-30
2038.7,2053.38,2030.5,2053.38,0.8,2999964256.53,2024-07-01
2085.82,2162.49,2085.82,2100.43,2.29,4576831720.09,2024-07-02
2101.83,2104.22,2077.45,2104.22,0.18,5083528935.17,2024-07-03
2107.77,2129.08,2106.04,2119.7,0.73,6482546980.63,2024-07-04
2121.99,2146.81,2121.99,2140.97,1.0,6002931854.7,2024-07-07
2143.95,2149.17,2128.79,2136.35,-0.21,4569836106.0,2024-07-08
2138.61,2152.14,2130.07,2152.14,0.73,5535958885.3,2024-07-09
2162.82,2176.48,2162.13,2175.4,1.08,5744083391.51,2024-07-10
2188.63,2205.15,2185.02,2204.61,1.34,7080698146.05,2024-07-11
2239.41,2290.95,2230.5,2257.59,2.4,7620498520.87,2024-07-14
2277.85,2287.15,2231.69,2240.41,-0.76,8731436037.14,2024-07-15
2243.11,2310.84,2231.83,2310.59,3.13,9138629642.41,2024-07-16
2323.71,2364.76,2311.93,2364.63,2.33,12059266113.47,2024-07-17
2373.57,2459.94,2355.59,2424.32,2.52,15548684746.66,2024-07-18
2431.55,2494.71,2408.25,2485.94,2.54,15238271290.97,2024-07-21
2491.17,2504.53,2441.56,2488.09,0.08,13915535440.97,2024-07-22
2493.92,2563.45,2469.56,2563.43,3.02,14116330995.75,2024-07-23
2573.28,2600.41,2513.43,2536.11,-1.06,16208577314.52,2024-07-24
2540.14,2572.88,2518.47,2568.11,1.26,14137899049.28,2024-07-25
2606.42,2708.58,2606.4,2681.56,4.41,15810596235.45,2024-07-28
2706.73,2737.68,2655.15,2661.09,-0.76,19609177106.29,2024-07-29
2669.41,2709.89,2609.02,2696.65,1.33,17266391542.96,2024-07-30
2708.24,2791.02,2707.57,2760.9,2.38,21911503161.05,2024-07-31
2772.23,2805.57,2742.53,2755.62,-0.19,21713431007.73,2024-08-01
2770.38,2806.69,2744.1,2796.38,1.47,21864992277.64,2024-08-05
2802.04,2815.94,2644.85,2651.32,-5.18,23716716874.1,2024-08-06
2644.73,2759.67,2630.86,2759.67,4.08,17950918627.83,2024-08-07
2772.84,2811.15,2744.86,2766.38,0.24,20070434103.38,2024-08-08
2780.08,2860.96,2779.24,2860.91,3.41,25779453509.9,2024-08-11
2876.48,2937.4,2876.46,2931.65,2.47,27242034765.88,2024-08-12
2947.7,2971.69,2891.43,2923.46,-0.27,21515010633.31,2024-08-13
2936.62,2959.19,2883.81,2957.75,1.17,23430581150.48,2024-08-14
2979.89,3036.64,2975.11,3000.81,1.45,29958519216.94,2024-08-15
3017.2,3048.15,2945.49,2966.33,-1.15,28836997376.12,2024-08-18
2981.03,3002.74,2943.61,2968.44,0.07,18906373792.0,2024-08-21
2974.78,3018.93,2967.47,2974.46,0.2,19160652085.56,2024-08-22
2987.06,2990.04,2885.39,2894.57,-2.68,19740593800.64,2024-08-25
2899.79,2902.75,2770.39,2782.6,-3.86,18649533170.34,2024-08-27
2791.09,2860.89,2761.02,2786.4,0.13,13727368393.64,2024-08-28
2791.29,2800.28,2727.57,2749.57,-1.32,12243601365.9,2024-08-29
2749.68,2781.75,2686.61,2695.93,-1.95,10517682349.32,2024-09-01
2698.0,2823.7,2678.91,2823.25,4.72,13104631802.67,2024-09-02
2834.42,2860.43,2802.92,2830.16,0.24,13577105289.17,2024-09-03
2860.07,2860.39,2732.4,2739.46,-3.2,12925688215.22,2024-09-04
2740.21,2758.92,2686.62,2727.36,-0.44,9651513246.31,2024-09-05
2732.82,2760.45,2697.84,2701.9,-0.93,10122408249.12,2024-09-08
2702.56,2706.54,2637.71,2646.03,-2.06,9439106425.54,2024-09-09
2648.57,2688.26,2616.98,2632.94,-0.49,7245568421.39,2024-09-10
2636.29,2651.19,2601.91,2610.21,-0.86,6851179051.18,2024-09-11
2625.46,2688.52,2604.83,2688.53,3.0,8169274612.81,2024-09-12
2698.51,2734.58,2630.11,2637.79,-1.88,10339235957.44,2024-09-15
2635.96,2637.53,2570.62,2580.76,-2.16,7361988383.74,2024-09-16
2584.34,2606.04,2551.4,2576.76,-0.15,5669194961.88,2024-09-18
2601.29,2643.51,2570.27,2588.35,0.44,5092948690.68,2024-09-22
2607.85,2608.43,2517.79,2529.33,-2.28,5660302683.5,2024-09-23
2529.14,2547.47,2462.61,2470.39,-2.33,5689561356.68,2024-09-24
2473.06,2519.97,2443.28,2519.57,1.99,4813223004.48,2024-09-25
2519.03,2541.69,2479.65,2486.76,-1.3,4841407720.13,2024-09-26
2483.91,2494.57,2442.61,2464.4,-0.89,4050658036.93,2024-09-29
2466.6,2508.86,2462.79,2508.86,1.8,3715359935.11,2024-09-30
2510.34,2623.56,2510.11,2623.56,4.57,7616522258.0,2024-10-01
2629.76,2643.76,2582.72,2597.49,-0.99,6778195881.11,2024-10-02
2597.51,2653.63,2583.25,2653.58,2.15,6138206705.7,2024-10-06
2656.86,2707.16,2656.35,2690.72,1.39,7095953027.17,2024-10-07
2692.49,2699.55,2652.66,2663.32,-1.01,4593727244.34,2024-10-08
2661.79,2672.65,2643.12,2668.17,0.18,3761512706.84,2024-10-09
2668.08,2700.23,2667.82,2699.66,1.17,3062337799.23,2024-10-15
2704.69,2748.8,2704.04,2742.88,1.6,5660237737.6,2024-10-16
2747.69,2780.97,2734.19,2745.36,0.09,7192792166.86,2024-10-17
2733.37,2748.78,2689.46,2697.91,-1.72,8180262572.11,2024-10-20
2698.72,2700.82,2635.43,2639.92,-2.14,5900791044.48,2024-10-21
2640.18,2669.38,2632.62,2665.81,0.98,4171665619.69,2024-10-22
2675.2,2684.66,2637.54,2645.39,-0.76,6278951853.73,2024-10-23
2646.49,2650.18,2614.65,2627.14,-0.68,5419104157.29,2024-10-24
2629.83,2632.94,2610.14,2617.95,-0.34,4732487864.93,2024-10-27
2620.93,2647.23,2620.66,2645.36,1.04,5344800912.47,2024-10-28
2648.36,2692.11,2647.99,2692.05,1.76,6128264580.33,2024-10-29
2693.87,2705.24,2671.3,2677.62,-0.53,5953950787.59,2024-10-30
2678.97,2696.85,2670.12,2677.4,0.0,4205505237.61,2024-11-05
2679.47,2684.81,2669.19,2675.51,-0.07,5222486851.23,2024-11-06
2681.58,2738.12,2680.7,2738.06,2.33,9771124073.54,2024-11-10
2740.12,2782.43,2734.41,2760.21,0.8,11315207127.09,2024-11-11
2765.69,2788.35,2741.63,2748.96,-0.4,7859740798.91,2024-11-12
2754.62,2757.38,2728.11,2734.83,-0.51,7911976449.08,2024-11-13
2739.0,2762.51,2729.67,2748.78,0.51,10320331436.2,2024-11-14
2753.45,2788.12,2748.29,2753.76,0.18,11726756904.61,2024-11-17
2758.41,2759.54,2696.42,2702.65,-1.85,10468320521.9,2024-11-19
2705.16,2713.93,2683.79,2711.75,0.33,7092879946.39,2024-11-20
2711.55,2722.59,2676.25,2680.44,-1.15,8257643886.83,2024-11-21
2690.52,2698.76,2661.22,2667.4,-0.48,7728861250.73,2024-11-24
2682.28,2694.67,2661.21,2683.24,0.59,6345809597.83,2024-11-25
2704.57,2719.84,2685.64,2716.66,1.24,7449898987.89,2024-11-26
2721.76,2755.98,2721.35,2756.36,1.46,9312754840.36,2024-11-27
2757.13,2774.14,2738.8,2748.05,-0.3,8545501623.12,2024-11-28
2762.46,2764.85,2707.94,2738.06,-0.36,8832306919.82,2024-12-01
2749.26,2773.47,2746.47,2758.04,0.72,10541746564.07,2024-12-02
2772.74,2793.03,2751.31,2775.85,0.64,8521219299.67,2024-12-03
2795.71,2795.78,2747.65,2750.87,-0.89,9132468906.77,2024-12-04
2752.39,2764.29,2717.34,2734.93,-0.57,8369687402.72,2024-12-05
2735.65,2735.67,2675.92,2689.0,-1.67,7460304999.55,2024-12-08
2687.74,2709.58,2662.36,2676.15,-0.47,5629945822.09,2024-12-09
2676.14,2694.85,2660.36,2669.82,-0.23,4413320290.8,2024-12-10
2671.32,2715.71,2662.72,2715.71,1.71,5050654450.09,2024-12-11
2715.71,2730.31,2678.09,2682.29,-1.23,6144065744.0,2024-12-12
2683.99,2684.32,2622.76,2630.91,-1.91,5935604847.03,2024-12-16
2633.28,2648.55,2611.89,2633.87,0.11,4343234740.51,2024-12-17
2634.67,2656.08,2621.0,2628.26,-0.21,4270082575.91,2024-12-18
2626.79,2634.57,2593.18,2596.82,-1.19,4760267483.47,2024-12-19
2587.3,2614.28,2569.0,2583.29,-0.52,4518385107.16,2024-12-22
2582.35,2612.2,2580.49,2612.2,1.11,4430024603.33,2024-12-23
2615.7,2645.2,2612.94,2626.31,0.54,5202263038.57,2024-12-24
2625.39,2639.08,2607.75,2630.71,0.15,5329274454.77,2024-12-26
2631.98,2641.17,2601.84,2609.58,-0.8,5474868764.77,2024-12-29
2613.66,2613.66,2545.51,2576.5,-1.26,5674686091.49,2024-12-31
2577.43,2589.42,2567.97,2581.6,0.19,3597445334.37,2025-01-01
2583.94,2586.23,2566.27,2586.23,0.17,4603282379.17,2025-01-02
2586.03,2592.91,2574.43,2591.56,0.2,4860201974.97,2025-01-05
2601.09,2640.73,2594.34,2640.68,1.89,6305431854.5,2025-01-06
2654.34,2656.52,2625.24,2646.84,0.23,5384672295.66,2025-01-07
2670.3,2672.14,2642.59,2653.23,0.24,6407992784.1,2025-01-08
2656.49,2656.61,2629.06,2635.09,-0.68,7305342581.67,2025-01-09
2651.67,2654.82,2602.46,2609.67,-0.96,3997909323.86,2025-01-12
2610.05,2615.55,2580.74,2594.13,-0.59,6650883103.54,2025-01-13
2596.82,2611.38,2589.99,2595.96,0.07,5824904134.69,2025-01-15
2598.66,2616.97,2580.4,2588.62,-0.28,5933711674.73,2025-01-16
2590.14,2604.01,2580.01,2601.21,0.48,6257235624.3,2025-01-19
2602.88,2623.61,2600.77,2607.99,0.26,6570477886.37,2025-01-20
2608.4,2618.99,2597.61,2613.08,0.19,6190141891.18,2025-01-21
2616.66,2667.23,2614.37,2665.45,2.0,9203088349.68,2025-01-22
2670.23,2681.49,2644.79,2654.35,-0.41,7857792326.04,2025-01-23
2656.75,2662.36,2638.65,2643.93,-0.39,9128673514.79,2025-01-26
2642.3,2650.71,2625.58,2633.27,-0.4,8924065888.66,2025-01-27
2634.86,2657.96,2634.69,2657.77,0.93,9402678033.93,2025-01-28
2662.24,2727.58,2662.01,2727.58,2.62,12955764136.98,2025-02-02
2728.64,2764.17,2720.42,2730.0,0.08,11875967538.34,2025-02-03
2733.41,2745.15,2707.37,2715.91,-0.51,8919697775.36,2025-02-04
2719.41,2726.07,2704.24,2711.45,-0.16,8958007305.37,2025-02-05
2713.66,2720.48,2691.56,2699.81,-0.42,9247375287.26,2025-02-06
2697.31,2725.95,2683.28,2688.31,-0.42,8398660628.97,2025-02-09
2684.8,2699.79,2666.72,2677.32,-0.4,6960292235.03,2025-02-10
2678.08,2691.91,2673.03,2683.86,0.24,7246221260.29,2025-02-11
2686.8,2697.41,2679.78,2685.73,0.06,8717847062.68,2025-02-12
2686.77,2697.34,2673.88,2678.47,-0.27,7921300982.67,2025-02-13
2676.91,2698.31,2675.9,2698.03,0.73,9470308266.49,2025-02-16
2701.26,2738.0,2700.53,2727.91,1.1,10049654832.64,2025-02-17
2735.97,2757.3,2726.43,2740.59,0.46,10437006214.82,2025-02-18
2738.93,2752.35,2720.69,2743.74,0.11,8627687599.85,2025-02-20
2724.09,2768.9,2690.42,2755.4,0.42,11548337612.87,2025-02-23
2754.54,2785.1,2746.0,2758.75,0.12,11085464758.61,2025-02-24
2759.07,2781.95,2758.84,2765.88,0.25,9909386227.96,2025-02-25
2786.65,2827.15,2785.98,2815.04,1.77,11392401815.9,2025-02-27
2829.12,2890.28,2826.86,2890.28,2.67,14250475736.94,2025-03-02
2900.16,2929.21,2867.46,2876.66,-0.47,14284510595.52,2025-03-03
2877.22,2894.62,2842.78,2846.3,-1.05,12946493939.18,2025-03-04
2846.91,2850.16,2808.75,2821.13,-0.88,10972654473.07,2025-03-05
2822.74,2834.07,2811.37,2818.43,-0.09,10101817681.94,2025-03-06
2819.92,2819.92,2766.08,2772.1,-1.64,10093624481.61,2025-03-09
2770.17,2791.03,2743.65,2751.42,-0.74,8378055057.57,2025-03-10
2752.31,2762.25,2712.74,2719.2,-1.17,8391149050.0,2025-03-11
2718.35,2745.58,2717.29,2736.48,0.63,8235268755.31,2025-03-12
2735.97,2739.55,2693.55,2714.85,-0.79,6836640407.59,2025-03-16
2715.75,2732.51,2699.2,2704.7,-0.37,5408314075.31,2025-03-17
2721.81,2723.89,2690.58,2697.04,-0.28,4346632263.56,2025-03-18
2699.18,2706.16,2676.69,2682.15,-0.55,5143997643.35,2025-03-19
2679.91,2685.87,2666.69,2669.31,-0.47,4561311282.76,2025-03-20
2667.61,2669.0,2614.09,2614.68,-2.04,6320141365.59,2025-03-23
2610.45,2645.99,2592.32,2640.78,0.99,4483599004.48,2025-03-24
2652.87,2652.87,2581.32,2582.73,-2.19,5180718708.09,2025-03-25
2580.18,2625.6,2579.45,2621.86,1.51,4204408894.89,2025-03-26
2632.12,2665.17,2621.46,2663.3,1.58,5223083340.93,2025-03-27
2661.4,2718.95,2657.88,2693.12,1.11,7568226197.37,2025-03-30
2691.59,2696.5,2654.57,2676.17,-0.62,5797791700.14,2025-04-01
2693.11,2712.25,2669.06,2700.04,0.89,5444435901.35,2025-04-02
2700.4,2732.85,2700.23,2703.39,0.12,7844642487.27,2025-04-03
2702.09,2710.13,2667.56,2670.06,-1.23,5658973766.4,2025-04-07
2671.62,2674.88,2631.68,2666.61,-0.12,5309562287.49,2025-04-08
2681.86,2701.12,2671.65,2676.28,0.36,4484619740.83,2025-04-09
2677.57,2687.92,2667.0,2670.7,-0.2,5637981250.22,2025-04-10
2673.01,2676.7,2657.32,2662.08,-0.32,6280296245.03,2025-04-13
2678.51,2704.58,2669.22,2689.22,1.01,8544357887.81,2025-04-15
2702.46,2704.97,2685.36,2696.23,0.26,7265122241.8,2025-04-16
2701.22,2740.13,2697.63,2722.73,0.98,10797363282.32,2025-04-17
2724.51,2731.81,2700.85,2706.04,-0.61,8433589785.29,2025-04-20
2704.18,2716.7,2691.07,2698.28,-0.28,8775720293.64,2025-04-21
2695.14,2707.86,2682.8,2688.32,-0.36,8321226373.33,2025-04-22
2687.68,2687.68,2653.74,2655.94,-1.2,7575517246.76,2025-04-23
2656.49,2668.06,2641.88,2658.02,0.07,7879381268.28,2025-04-24
2657.66,2684.51,2657.37,2661.6,0.13,10875991144.35,2025-04-27
2661.01,2676.05,2645.24,2647.07,-0.54,8912843919.69,2025-04-28
2648.98,2666.54,2630.3,2631.98,-0.57,7575206278.35,2025-04-29
2631.9,2642.07,2622.72,2623.83,-0.3,9374122655.9,2025-04-30
2628.03,2645.67,2619.26,2620.39,-0.13,9245583315.99,2025-05-04
2618.33,2630.36,2604.79,2610.4,-0.38,7634193693.73,2025-05-05
2608.59,2625.7,2608.57,2611.43,0.03,8747668846.35,2025-05-06
2613.78,2676.25,2611.71,2673.69,2.38,10518406352.63,2025-05-07
2674.7,2687.38,2655.79,2661.64,-0.45,11650017851.57,2025-05-08
2661.55,2692.5,2648.48,2649.11,-0.47,10202701343.99,2025-05-11
2650.54,2669.28,2632.29,2634.23,-0.56,9629346053.77,2025-05-13
2635.21,2642.96,2619.64,2620.27,-0.53,8736570105.44,2025-05-14
2623.24,2628.67,2605.89,2611.85,-0.32,7083348240.63,2025-05-15
2608.25,2625.26,2606.09,2609.05,-0.1,8509221312.61,2025-05-18
2606.73,2639.69,2605.03,2628.36,0.74,7358855085.18,2025-05-19
2627.68,2681.58,2617.46,2677.45,1.86,7312790196.17,2025-05-20
2712.35,2771.47,2667.85,2669.51,-0.29,10698651680.69,2025-05-21
2674.1,2705.56,2669.58,2688.55,0.71,9822070682.42,2025-05-22
2693.04,2703.78,2665.48,2679.98,-0.31,7609514022.0,2025-05-25
2712.89,2745.89,2670.35,2674.76,-0.19,7585022590.91,2025-05-26
2674.15,2684.77,2655.29,2675.62,0.03,6527839581.54,2025-05-27
2675.6,2696.78,2666.5,2693.06,0.65,8586004334.25,2025-05-28
2715.99,2726.6,2686.93,2694.66,0.05,9226322933.09,2025-06-02
2694.04,2699.28,2656.34,2658.93,-1.32,6679561324.54,2025-06-03
2660.21,2664.59,2641.07,2646.95,-0.45,5163334522.53,2025-06-04
2643.84,2661.77,2635.3,2640.96,-0.22,7970886663.46,2025-06-05
2639.24,2645.22,2626.39,2629.89,-0.41,9137414918.93,2025-06-08
2629.22,2657.34,2627.76,2653.09,0.88,8689350319.62,2025-06-09
2654.08,2683.25,2653.57,2678.17,0.94,10160981076.17,2025-06-10
2677.52,2686.45,2660.86,2664.47,-0.51,9907005575.07,2025-06-11
2665.23,2672.42,2654.69,2655.38,-0.34,12515308961.61,2025-06-12
2654.61,2667.68,2653.43,2655.85,0.01,11443272636.94,2025-06-15
2652.13,2679.74,2652.13,2658.66,0.1,13186945742.15,2025-06-16
2659.27,2670.25,2649.6,2654.75,-0.14,7653249312.88,2025-06-17
2654.5,2662.69,2649.78,2653.68,-0.04,9085886877.1,2025-06-18
2650.96,2661.33,2628.27,2628.91,-0.93,11231489964.79,2025-06-19
2628.83,2631.82,2594.01,2595.97,-1.25,9145858510.43,2025-06-22
2598.83,2608.56,2584.47,2600.76,0.18,6471952677.99,2025-06-23
2603.46,2629.26,2599.72,2600.53,0.0,5767895001.14,2025-06-24
2601.03,2607.71,2594.34,2600.2,-0.01,5942852256.2,2025-06-25
2599.84,2617.65,2594.71,2595.74,-0.17,7780159283.42,2025-06-26
2594.97,2626.21,2594.23,2622.28,1.02,7121736114.17,2025-06-29
2627.51,2638.72,2622.5,2631.48,0.35,6387207015.18,2025-06-30
2633.05,2663.24,2632.19,2660.39,1.09,7033050286.6,2025-07-01
2667.58,2696.13,2661.37,2694.82,1.29,9744843375.86,2025-07-02
2700.13,2716.93,2685.77,2703.96,0.33,9645550680.17,2025-07-03
2708.23,2721.58,2697.64,2706.36,0.08,9500003268.95,2025-07-06
2715.59,2718.1,2680.45,2684.01,-0.82,8377327147.77,2025-07-07
2683.77,2690.13,2662.59,2683.86,0.0,6574166814.73,2025-07-08
2679.37,2707.91,2679.16,2705.9,0.82,7451877102.1,2025-07-09
2708.43,2743.09,2706.89,2731.8,0.95,9682488739.83,2025-07-10
2767.57,2798.75,2757.89,2760.8,1.06,11416428466.99,2025-07-13
2761.96,2765.91,2723.82,2725.71,-1.27,8172143326.07,2025-07-14
2725.63,2763.27,2724.9,2760.17,1.26,9419165807.84,2025-07-15
2759.58,2803.78,2759.11,2794.78,1.25,14034839880.49,2025-07-16
2797.41,2878.77,2796.58,2870.63,2.71,16592105455.16,2025-07-17
2878.41,2922.84,2861.06,2870.95,0.01,21464994133.01,2025-07-20
2874.18,2902.94,2856.88,2892.72,0.75,16327115238.99,2025-07-21
2895.07,2975.77,2894.48,2973.7,2.79,20085367293.75,2025-07-22
2976.19,2992.26,2947.86,2978.88,0.17,19575270557.66,2025-07-23
2982.97,2990.45,2963.79,2982.64,0.12,18490428794.07,2025-07-24
2984.91,3013.17,2958.34,2964.2,-0.61,26577438237.5,2025-07-27
2967.51,2976.92,2917.51,2971.31,0.23,19360873034.29,2025-07-28
2976.0,3028.79,2976.0,3002.07,1.03,18529322885.92,2025-07-29
3008.33,3020.17,2947.71,2954.14,-1.59,16441354408.52,2025-07-30
2961.99,2967.03,2915.47,2922.63,-1.06,15988911994.36,2025-07-31
2923.87,2923.88,2856.95,2858.9,-2.18,13075004920.33,2025-08-03
2857.27,2890.05,2832.6,2875.36,0.57,10822449402.92,2025-08-04
2875.6,2906.24,2831.63,2834.0,-1.43,9333976881.84,2025-08-05
2840.03,2856.63,2826.86,2832.06,-0.06,7631375952.79,2025-08-06
2831.29,2861.34,2831.27,2850.37,0.64,8537581254.95,2025-08-07
2852.72,2875.45,2820.05,2822.46,-0.97,10210142308.44,2025-08-11
2824.0,2828.57,2796.56,2796.24,-0.92,6918983507.82,2025-08-12
2799.13,2813.59,2784.49,2785.74,-0.37,6161894734.55,2025-08-13
2789.54,2802.14,2784.15,2788.36,0.09,7464177704.29,2025-08-14
2789.85,2803.25,2761.37,2761.22,-0.97,7735195094.63,2025-08-17
2760.55,2779.68,2755.88,2770.39,0.33,6179855209.52,2025-08-18
2769.39,2796.88,2769.23,2776.9,0.23,5636548038.26,2025-08-19
2773.36,2783.02,2766.64,2767.2,-0.34,5200753868.01,2025-08-20
2767.51,2775.34,2756.85,2757.97,-0.33,5020104816.55,2025-08-21
2754.57,2770.8,2737.85,2739.95,-0.65,6548638335.92,2025-08-24
2740.3,2764.95,2730.74,2761.26,0.77,5753219652.78,2025-08-25
2764.3,2775.09,2760.73,2766.09,0.17,4185315734.37,2025-08-26
2781.32,2822.79,2767.77,2819.1,1.91,7683386441.7,2025-08-27
2820.0,2824.85,2778.92,2781.0,-1.35,8095610445.99,2025-08-28
2784.12,2784.56,2745.69,2749.83,-1.12,6061822379.1,2025-08-31
2768.39,2773.69,2741.39,2761.86,0.43,5105746657.64,2025-09-01
2777.38,2791.67,2741.46,2741.97,-0.72,4438251812.7,2025-09-02
2744.33,2749.88,2724.99,2726.33,-0.57,4728052860.97,2025-09-03
2723.81,2732.75,2702.25,2719.77,-0.24,5144322258.75,2025-09-04
2714.23,2727.47,2705.77,2708.25,-0.42,4402767271.72,2025-09-07
2707.1,2711.84,2663.78,2672.25,-1.32,5233766698.23,2025-09-08
2637.96,2637.97,2511.91,2511.91,-6.0,728702830.7,2025-09-18
2488.04,2634.55,2483.15,2623.62,4.44,8737881678.51,2025-09-21
2631.12,2682.28,2630.97,2682.25,2.23,5292773925.38,2025-09-23
2683.54,2689.67,2645.3,2654.35,-1.03,4124769656.78,2025-09-24
2654.0,2661.42,2637.37,2652.0,-0.08,3260440604.17,2025-09-25
2655.79,2671.68,2647.96,2663.51,0.43,2935914910.73,2025-09-28
2662.53,2664.99,2596.04,2604.96,-2.19,4629042656.66,2025-10-07
2610.27,2610.31,2535.3,2559.59,-1.74,5762701110.82,2025-10-08
2585.76,2677.09,2575.51,2582.18,0.88,5273221479.75,2025-10-09
2583.97,2584.24,2493.16,2503.35,-3.05,6707245266.37,2025-10-12
2521.0,2547.81,2478.39,2547.6,1.76,4975408545.45,2025-10-13
2547.76,2553.57,2523.58,2528.16,-0.76,3366198262.34,2025-10-14
2527.95,2528.59,2498.87,2505.58,-0.89,3101830945.45,2025-10-15
2505.71,2522.59,2478.56,2487.17,-0.73,3270054864.16,2025-10-16
2489.07,2507.12,2482.94,2503.85,0.67,2791189909.03,2025-10-19
2503.32,2509.08,2469.37,2509.04,0.2,2661302284.84,2025-10-26
2506.89,2576.41,2503.98,2571.34,2.48,4573943405.5,2025-10-28
2570.58,2602.98,2557.74,2566.16,-0.2,5459767681.89,2025-10-29
2568.62,2605.5,2548.39,2600.38,1.33,7513938473.44,2025-10-30
2614.13,2638.12,2593.67,2631.14,1.18,9203146429.51,2025-11-02
2629.66,2650.61,2610.96,2622.89,-0.31,6052226903.77,2025-11-03
2623.73,2627.56,2587.28,2595.24,-1.05,5150768938.97,2025-11-04
2596.81,2612.53,2576.83,2607.42,0.46,4681922814.96,2025-11-05
2609.7,2622.44,2589.63,2596.12,-0.43,5416939357.22,2025-11-06
2598.43,2599.27,2560.92,2566.09,-1.15,4907624328.39,2025-11-09
2570.15,2576.85,2544.1,2561.94,-0.16,4514408236.33,2025-11-10
2563.87,2569.99,2548.01,2565.16,0.12,3626175110.66,2025-11-11
2565.72,2569.52,2540.24,2544.59,-0.8,3848586411.67,2025-11-12
2538.53,2559.01,2530.32,2545.73,0.04,3499817772.82,2025-11-13
2549.85,2550.18,2533.03,2540.57,-0.2,3893975793.73,2025-11-16
2543.82,2555.32,2534.97,2550.36,0.38,3946074358.89,2025-11-17
2549.2,2579.12,2547.42,2566.07,0.61,4105406134.01,2025-11-18
2570.94,2580.09,2550.62,2561.08,-0.19,3778632771.3,2025-11-19
2560.11,2563.92,2549.82,2560.29,-0.03,4688868299.23,2025-11-20
2562.34,2600.93,2562.34,2600.22,1.55,6286733916.87,2025-11-23
2601.2,2647.58,2601.11,2650.66,1.94,7035480136.98,2025-11-24
2654.2,2658.19,2635.55,2655.99,0.2,5823028663.96,2025-11-25
2661.64,2671.91,2647.39,2665.6,0.36,6692971095.04,2025-11-26
2670.07,2678.29,2658.12,2676.03,0.39,6662383143.46,2025-11-27
2675.17,2694.89,2644.13,2649.52,-0.99,7085449433.59,2025-11-30
2648.33,2658.42,2630.66,2645.24,-0.16,4716383580.85,2025-12-01
2640.9,2652.52,2638.17,2644.7,-0.02,4481394149.97,2025-12-02
2647.52,2658.27,2623.1,2631.17,-0.51,5235699337.33,2025-12-03
2629.69,2636.97,2602.95,2609.69,-0.81,5334415331.05,2025-12-07
2609.79,2618.22,2601.38,2606.67,-0.11,4669548742.61,2025-12-08
2607.35,2620.57,2605.6,2614.07,0.28,3755027795.92,2025-12-09
2613.63,2618.53,2596.7,2609.03,-0.19,3738772373.24,2025-12-10
2608.15,2611.99,2601.5,2607.37,-0.06,3497979756.56,2025-12-11
2607.08,2614.31,2587.88,2594.87,-0.47,4007455076.99,2025-12-14
2593.52,2602.89,2587.23,2601.61,0.25,3441903770.17,2025-12-15
2602.19,2619.99,2600.86,2619.99,0.7,3294227122.33,2025-12-16
2622.32,2632.81,2619.14,2625.69,0.21,4053720782.1,2025-12-17
2629.92,2631.09,2608.89,2615.03,-0.4,4577827903.19,2025-12-18
2614.45,2616.25,2588.73,2595.1,-0.76,4528715671.14,2025-12-21
2595.07,2597.16,2574.84,2581.21,-0.53,3515930718.49,2025-12-22
2579.38,2584.72,2568.94,2584.49,0.12,3429893942.06,2025-12-23
2585.51,2593.57,2577.63,2585.87,0.05,3224664663.45,2025-12-24
2586.64,2633.8,2586.41,2633.42,1.83,5531370061.57,2025-12-28
2639.98,2642.67,2618.19,2622.88,-0.4,4774786034.55,2025-12-29
2622.65,2643.64,2622.1,2633.76,0.41,5134850052.24,2025-12-31
2634.96,2637.1,2613.5,2620.92,-0.48,4713905470.5,2026-01-01
2616.81,2618.62,2604.42,2610.63,-0.39,5017587294.33,2026-01-04
2610.57,2639.56,2609.51,2639.37,1.1,6473736099.26,2026-01-05
2640.81,2662.66,2639.88,2649.3,0.37,7123365296.18,2026-01-06
2651.04,2654.62,2630.86,2635.94,-0.5,5175091991.59,2026-01-07
2633.84,2640.56,2627.88,2640.54,0.17,4908094092.73,2026-01-08
2643.18,2651.76,2628.98,2635.0,-0.2,6472607801.6,2026-01-12
2633.21,2653.66,2631.78,2639.91,0.18,6990484039.45,2026-01-13
2636.51,2648.98,2633.0,2641.43,0.05,6209438906.36,2026-01-14
2640.54,2672.73,2640.13,2672.55,1.17,8402797775.59,2026-01-18
2679.1,2726.74,2678.81,2714.81,1.58,11858421070.67,2026-01-20
2717.7,2728.05,2695.1,2705.38,-0.34,8923650346.99,2026-01-21
2706.36,2714.67,2693.04,2714.61,0.34,9073978098.78,2026-01-22
2716.25,2772.22,2715.78,2772.17,2.12,13785729645.05,2026-01-25
2776.84,2788.09,2746.87,2769.09,-0.11,16355730466.82,2026-01-26
2769.0,2782.96,2718.85,2726.51,-1.53,14167179442.71,2026-01-27
2728.31,2735.55,2702.56,2731.59,0.18,11493989185.27,2026-01-28
2732.04,2742.53,2710.04,2714.05,-0.64,14563138865.71,2026-01-29
2714.86,2719.62,2688.08,2694.2,-0.73,9109457278.45,2026-02-01
2680.46,2706.98,2679.86,2695.73,0.05,8223965669.86,2026-02-02
2695.11,2709.89,2675.16,2683.15,-0.46,8631512542.17,2026-02-03
2660.88,2702.9,2659.86,2681.5,-0.06,7499742098.45,2026-02-04
2681.26,2709.0,2679.75,2708.7,1.01,11582893800.91,2026-02-05
2712.33,2728.43,2695.2,2698.45,-0.37,11659752143.11,2026-02-08
2701.6,2702.75,2665.02,2672.39,-0.96,10773915289.21,2026-02-09
2671.86,2682.41,2655.3,2662.14,-0.38,8616410132.45,2026-02-10
2674.06,2692.55,2656.36,2662.09,0.0,8692250855.87,2026-02-11
2666.73,2681.65,2657.86,2671.07,0.33,11102550966.55,2026-02-12
2674.53,2682.2,2657.67,2662.91,-0.3,7942760220.64,2026-02-16
2663.57,2665.82,2636.4,2642.15,-0.77,8364424555.43,2026-02-17
2640.66,2642.37,2610.7,2614.55,-1.04,6699721204.47,2026-02-22
2613.4,2627.06,2608.95,2616.97,0.09,5138649946.77,2026-02-23
2614.88,2638.64,2614.26,2638.6,0.82,4232407613.55,2026-02-24
2637.96,2653.65,2637.79,2648.9,0.39,4451149080.4,2026-02-25
2665.79,2666.22,2646.43,2654.93,0.22,4174630515.28,2026-02-26
2661.44,2674.2,2626.7,2673.97,0.71,5648319041.35,2026-03-01
2689.91,2712.6,2666.05,2712.49,1.44,6234381480.75,2026-03-03
2757.13,2875.43,2757.12,2875.43,6.0,285125835.29,2026-03-09
2909.64,2911.36,2796.13,2843.35,-1.11,21502031320.33,2026-03-10
2852.62,2854.48,2793.39,2796.57,-1.64,13180255157.51,2026-03-11
2800.05,2830.27,2781.0,2820.44,0.85,14551946230.26,2026-03-12
2824.87,2839.35,2808.57,2824.9,0.15,14329604315.89,2026-03-15
2827.18,2827.62,2792.13,2798.83,-0.92,11974696088.0,2026-03-16
2800.71,2812.34,2787.37,2812.34,0.48,12034406328.72,2026-03-17
2814.32,2882.86,2814.24,2877.03,2.3,21223494886.97,2026-03-19
2891.07,2939.08,2890.68,2931.55,1.89,23597712182.84,2026-03-22
2939.55,2941.53,2906.05,2936.56,0.17,15786313440.11,2026-03-23
2943.61,2960.4,2928.34,2960.4,0.81,14839183643.29,2026-03-24
2964.67,2969.5,2929.44,2935.94,-0.82,15090416846.15,2026-03-25
2933.89,2951.28,2918.22,2950.16,0.48,13162299017.47,2026-03-26
2958.68,2958.79,2872.99,2879.11,-2.4,15033310867.98,2026-03-29
2881.8,2891.53,2821.82,2831.39,-1.65,12966659168.04,2026-03-30
2830.44,2860.55,2788.84,2851.09,0.69,11112418806.95,2026-03-31
2851.53,2851.65,2761.27,2776.36,-2.62,12109525561.59,2026-04-01
2771.09,2808.96,2740.22,2782.18,0.2,8819723335.29,2026-04-02
2778.27,2778.58,2672.5,2676.68,-3.79,12380914570.46,2026-04-05
2675.75,2776.08,2669.7,2760.02,3.11,10928506863.01,2026-04-06
2762.77,2794.94,2743.36,2757.4,-0.09,6737148150.66,2026-04-07
2772.09,2802.52,2766.99,2802.52,1.63,8318908441.51,2026-04-08
2805.17,2854.66,2797.49,2851.24,1.73,9919210211.24,2026-04-09
2857.98,2866.63,2825.3,2837.78,-0.47,8993280967.98,2026-04-10
2842.26,2849.09,2827.06,2833.6,-0.14,8665568641.79,2026-04-13
2834.46,2879.21,2834.31,2866.87,1.17,10537008796.56,2026-04-15
2868.76,2869.67,2822.68,2833.03,-1.18,9312860808.27,2026-04-16
2835.24,2843.57,2808.02,2838.4,0.18,7460698098.47,2026-04-17
2831.8,2846.39,2813.24,2825.23,-0.46,5434240276.3,2026-04-20
2838.06,2838.59,2796.92,2807.12,-0.64,5774317879.28,2026-04-21
2810.44,2818.2,2762.37,2804.17,-0.1,7813947342.89,2026-04-22
2806.74,2817.1,2779.86,2787.15,-0.6,5095905757.17,2026-04-23
2794.89,2794.89,2759.78,2788.7,0.05,5270399727.63,2026-04-24
2795.74,2806.96,2789.22,2796.43,0.27,4748809127.76,2026-04-27
2799.37,2812.29,2765.18,2770.26,-0.93,6531723226.36,2026-04-28
2771.75,2774.16,2734.33,2744.45,-0.93,4986294173.38,2026-04-29
2738.88,2745.55,2708.34,2738.72,-0.2,4916626848.56,2026-04-30
2739.98,2742.58,2697.14,2704.08,-1.26,4265385417.21,2026-05-04
2700.92,2726.18,2684.62,2712.86,0.32,3439068392.76,2026-05-05
2717.62,2724.27,2705.55,2711.22,-0.06,3197766779.16,2026-05-06
2706.67,2718.16,2700.97,2718.16,0.25,2931968877.56,2026-05-07
2720.28,2745.79,2717.96,2745.65,1.01,3286870559.39,2026-05-08
2747.62,2783.99,2747.18,2783.85,1.39,4613563635.83,2026-05-11
2788.95,2802.38,2741.17,2744.4,-1.41,4665020677.74,2026-05-12
2746.96,2747.84,2720.41,2740.25,-0.15,2807446361.52,2026-05-13
2742.05,2743.25,2717.45,2730.17,-0.36,3290244619.94,2026-05-14
2726.98,2744.05,2724.88,2731.94,0.06,3097953486.77,2026-05-15
2738.73,2740.2,2722.67,2730.91,-0.03,2450878449.29,2026-05-18
2727.52,2734.73,2719.27,2724.39,-0.23,3087730962.63,2026-05-19
2722.19,2756.11,2720.75,2754.48,1.1,3820895086.84,2026-05-20
2762.03,2764.14,2734.21,2742.11,-0.44,3898418385.27,2026-05-21
2743.01,2758.49,2736.15,2758.49,0.59,4498516094.1,2026-05-22
2752.96,2790.34,2752.46,2786.35,1.0,5986412600.49,2026-05-25
2784.02,2791.85,2767.18,2777.1,-0.33,4854444170.67,2026-05-26
2777.04,2785.33,2766.78,2782.1,0.17,6030064840.95,2026-05-27
2783.0,2789.56,2745.2,2755.37,-0.96,5614374928.73,2026-06-01
2758.05,2777.28,2745.66,2777.58,0.8,5265275299.01,2026-06-02
2779.92,2799.15,2768.82,2780.25,0.09,5738178165.24,2026-06-03
2779.84,2786.5,2762.74,2766.78,-0.48,4703326944.96,2026-06-04
2759.69,2769.32,2749.26,2755.41,-0.41,5624895823.7,2026-06-05
2749.98,2754.58,2726.38,2735.14,-0.73,4084896190.31,2026-06-08
2739.8,2741.31,2701.86,2733.59,-0.05,6443190291.71,2026-06-09
2722.8,2744.18,2722.66,2736.17,0.09,4297464327.59,2026-06-10
2736.94,2740.61,2722.42,2728.03,-0.29,3906244894.05,2026-06-11
2731.35,2733.31,2717.69,2724.03,-0.14,4341094764.18,2026-06-12
2720.77,2729.59,2705.03,2711.76,-0.45,4412048609.89,2026-06-15
2722.77,2722.81,2701.56,2705.45,-0.23,4047858084.12,2026-06-16
2696.92,2714.67,2696.81,2705.53,0.0,3637589010.09,2026-06-17
2699.03,2709.79,2692.76,2700.47,-0.18,3414823798.67,2026-06-18
2709.26,2712.45,2691.86,2702.11,0.06,4534983568.16,2026-06-19
2711.31,2719.16,2694.19,2700.65,-0.05,4446520247.39,2026-06-22
2696.56,2700.01,2669.25,2674.48,-0.96,4362194771.58,2026-06-23
2668.44,2678.29,2633.93,2660.02,-0.54,4418607486.62,2026-06-24
2656.35,2663.47,2643.59,2651.52,-0.31,2838279411.62,2026-06-25
2649.76,2662.44,2640.26,2649.51,-0.07,3945804552.35,2026-06-26
2643.22,2649.11,2623.93,2632.96,-0.62,2671832965.38,2026-06-29
2631.46,2638.17,2603.44,2608.33,-0.93,3258758014.09,2026-06-30
2605.1,2654.02,2602.39,2652.93,1.7,3861183410.26,2026-07-01
2659.68,2662.01,2625.46,2661.71,0.33,4117785700.28,2026-07-02
2672.83,2673.14,2646.78,2653.4,-0.31,4412339537.04,2026-07-03
2659.06,2661.46,2623.25,2627.11,-0.99,3557981498.9,2026-07-06
2620.56,2651.86,2619.68,2651.68,0.93,4400613242.1,2026-07-07
2646.67,2649.56,2610.33,2621.59,-1.13,4826084825.27,2026-07-08
2619.69,2620.87,2595.76,2601.92,-0.75,4611954782.83,2026-07-09
2595.75,2623.24,2592.67,2600.78,-0.04,6860718658.0,2026-07-10
2599.58,2607.04,2566.27,2570.18,-1.17,7468416116.81,2026-07-13
2569.47,2584.3,2546.69,2576.29,0.23,8417570425.82,2026-07-14
2577.19,2601.99,2576.61,2590.29,0.54,4170398049.64,2026-07-15
2605.32,2606.89,2581.09,2597.8,0.28,2870096911.41,2026-07-16
2598.95,2677.64,2598.24,2677.54,3.06,4575094723.51,2026-07-17
2661.83,2719.28,2659.53,2719.24,1.55,5512688979.27,2026-07-20
2719.31,2754.08,2704.96,2726.49,0.26,6671017971.84,2026-07-21
2719.46,2722.58,2694.54,2712.54,-0.51,5187467073.77,2026-07-22
2695.38,2726.77,2689.3,2726.72,0.52,4693449370.67,2026-07-23
2719.62,2747.23,2715.51,2734.6,0.28,6267226722.57,2026-07-24
2715.45,2744.89,2693.03,2701.32,-1.21,6080863354.65,2026-07-27
2704.71,2705.83,2680.87,2696.67,-0.17,4427298446.66,2026-07-28
2698.41,2706.85,2681.15,2688.88,-0.28,4029457701.28,2026-07-29
2658.53,2695.86,2657.63,2672.58,-0.6,3381318248.01,2026-07-30
2665.75,2692.23,2653.23,2685.54,0.48,3759722340.76,2026-07-31
2658.61,2705.46,2658.08,2684.33,-0.04,4572084231.39,2026-08-03
2685.75,2687.17,2659.8,2663.18,-0.78,4070853610.94,2026-08-04
2665.42,2673.12,2652.91,2667.97,0.18,4409872057.71,2026-08-05
2667.41,2678.22,2647.72,2654.15,-0.51,4622777442.28,2026-08-06
2652.66,2657.44,2641.93,2650.09,-0.15,3774361541.21,2026-08-07
2651.5,2653.95,2636.28,2641.06,-0.34,3674419766.29,2026-08-10
2631.21,2656.21,2629.76,2641.85,0.03,4110974674.86,2026-08-11
2639.99,2648.57,2629.22,2642.4,0.02,3532105518.26,2026-08-12
2642.77,2656.54,2636.93,2651.21,0.33,3724731079.99,2026-08-13
2649.24,2653.48,2638.64,2643.83,-0.27,4275675402.84,2026-08-14
2641.09,2648.57,2633.37,2641.82,-0.07,5525511872.75,2026-08-17
2644.49,2646.86,2616.17,2622.48,-0.73,5073518662.89,2026-08-18
2622.92,2627.11,2609.84,2622.22,0.0,3298019571.28,2026-08-19
2622.0,2629.56,2608.38,2629.4,0.27,4401409858.13,2026-08-20
2626.53,2631.28,2614.04,2618.72,-0.4,4167618882.31,2026-08-21
2618.54,2620.13,2593.31,2599.58,-0.73,3239760549.52,2026-08-24
2598.47,2608.73,2588.11,2594.27,-0.2,4109751730.02,2026-08-25
2591.95,2592.12,2546.94,2558.35,-1.38,4773857657.45,2026-08-26
2554.55,2566.78,2517.79,2557.31,-0.04,3786454594.27,2026-08-27
2555.45,2556.96,2508.49,2513.42,-1.71,3648609877.99,2026-08-31
