date,open,high,low,ltp,percent_change,qty,turnover
2023-07-13,1002.9,1002.9,950.0,967.0,-1.73,2606,2508331.7
2023-07-12,966.9,984.3,933.0,984.0,3.8,3300,3191975.3
2023-07-11,969.0,969.0,931.0,948.0,-1.76,1314,1241911.5
2023-07-10,947.0,965.0,936.0,965.0,1.58,1455,1376891.1
2023-07-09,960.0,960.0,926.6,950.0,0.53,1223,1147960.7
2023-07-06,935.1,948.0,935.1,945.0,1.06,480,451640.4
2023-07-05,936.0,954.0,935.1,935.1,-1.36,1090,1021564.8
2023-07-04,930.0,948.0,930.0,948.0,1.83,285,266600.0
2023-07-03,944.0,968.0,931.0,931.0,0.43,2961,2827175.3
2023-07-02,984.0,985.0,927.0,927.0,-4.92,2577,2472482.0
2023-06-28,1034.0,1034.0,963.0,975.0,-3.85,2670,2711563.2
2023-06-27,975.0,1022.0,974.0,1014.0,5.85,5728,5732934.4
2023-06-26,909.8,958.0,900.0,958.0,7.4,2877,2641058.0
2023-06-25,872.1,924.0,872.0,892.0,0.39,2709,2398193.0
2023-06-22,907.0,907.0,888.5,888.5,-2.04,1518,1350798.0
2023-06-21,891.0,914.0,890.0,907.0,0.43,2673,2425767.0
2023-06-20,904.0,938.4,902.0,903.1,-1.84,2140,1938323.5
2023-06-19,931.0,949.0,905.0,920.0,-1.18,3399,3106367.3
2023-06-18,921.9,931.0,921.9,931.0,1.75,1655,1536809.0
2023-06-15,901.0,915.0,900.0,915.0,0.88,121,109093.0
2023-06-14,907.0,943.0,906.0,907.0,1.67,1794,1635760.0
2023-06-13,880.0,910.0,880.0,892.1,-0.55,1631,1461097.5
2023-06-12,884.0,899.9,865.0,897.0,-0.33,618,544554.8
2023-06-11,868.0,900.0,837.9,900.0,5.26,1775,1517041.9
2023-06-08,846.0,855.0,840.0,855.0,-0.58,924,777944.0
2023-06-07,847.0,881.0,847.0,860.0,3.49,636,545348.0
2023-06-06,817.5,847.0,815.1,831.0,-0.63,1344,1132589.9
2023-06-05,836.3,836.3,803.6,831.0,1.34,3931,3205123.8
2023-06-04,935.0,949.0,910.0,931.2,1.55,4690,4350373.1
2023-06-01,890.0,918.0,890.0,917.0,1.89,693,626860.0
2023-05-31,902.0,905.0,886.9,900.0,-2.17,4249,3813893.9
2023-05-30,917.0,920.0,903.0,920.0,-1.6,2355,2139467.0
2023-05-28,960.0,982.0,935.0,935.0,-1.58,4760,4546900.0
2023-05-24,928.4,950.0,915.0,950.0,4.37,3224,3018346.5
2023-05-23,873.0,923.0,857.0,910.2,6.22,3497,3125022.5
2023-05-22,830.0,856.9,827.2,856.9,1.53,450,378043.4
2023-05-21,830.1,844.9,830.1,844.0,-0.12,2326,1943456.5
2023-05-18,837.0,861.0,837.0,845.0,2.05,1562,1318751.3
2023-05-17,826.8,828.0,820.0,828.0,1.6,192,158564.5
2023-05-16,815.0,815.0,815.0,815.0,-0.61,10,8150.0
2023-05-15,812.0,820.0,805.0,820.0,1.26,180,145550.0
2023-05-14,804.0,809.8,796.1,809.8,1.84,470,375958.0
2023-05-11,810.7,826.1,795.2,795.2,-3.85,1894,1544659.3
2023-05-10,815.0,827.0,815.0,827.0,1.85,52,42536.0
2023-05-09,812.0,812.0,812.0,812.0,-1.46,100,81200.0
2023-05-08,820.2,824.0,808.1,824.0,-1.48,404,328729.6
2023-05-07,840.9,840.9,820.0,836.4,-2.52,182,150043.0
2023-05-04,844.8,858.0,812.6,858.0,-0.46,458,379455.0
2023-05-03,862.0,862.0,862.0,862.0,1.82,10,8620.0
2023-05-02,830.0,846.6,822.0,846.6,1.39,1499,1242187.5
2023-04-30,827.0,835.0,827.0,835.0,-0.67,175,145531.5
2023-04-27,814.5,840.6,814.5,840.6,1.89,123,100768.5
2023-04-26,849.0,849.6,825.0,825.0,-2.82,420,349316.0
2023-04-25,825.5,848.9,825.1,848.9,1.14,285,239780.2
2023-04-24,824.0,839.3,824.0,839.3,1.98,126,104077.0
2023-04-23,817.5,829.0,817.5,823.0,-0.42,870,717074.1
2023-04-20,843.5,843.5,826.5,826.5,-0.06,435,361858.0
2023-04-19,830.0,844.4,827.0,827.0,-0.13,362,299920.0
2023-04-18,828.1,835.0,828.1,828.1,0.0,177,146642.7
2023-04-17,843.9,844.0,828.1,828.1,-2.23,710,591782.4
2023-04-16,845.0,849.9,828.1,847.0,1.42,844,705661.6
2023-04-13,840.0,851.7,827.3,835.1,-1.05,1090,914803.0
2023-04-12,824.9,851.0,824.9,844.0,4.22,1033,867578.0
2023-04-11,789.0,809.8,789.0,809.8,3.37,160,127713.4
2023-04-10,787.0,799.0,775.0,783.4,-0.23,343,270637.9
2023-04-09,785.1,799.0,785.1,785.2,-1.73,942,743014.7
2023-04-06,834.0,834.0,788.6,799.0,-2.32,1030,818138.6
2023-04-05,809.9,818.0,793.9,818.0,1.11,1035,834663.0
2023-04-04,785.2,809.0,781.0,809.0,1.7,573,455675.8
2023-04-03,812.0,812.0,795.5,795.5,-3.91,286,228579.0
2023-04-02,839.1,844.0,810.0,827.9,-3.28,1917,1579558.5
2023-03-30,841.0,872.0,841.0,856.0,-0.09,363,307563.0
2023-03-29,850.0,856.8,834.5,856.8,0.73,555,467283.0
2023-03-28,823.0,868.3,823.0,850.6,3.35,1274,1066316.1
2023-03-27,814.0,825.0,756.0,823.0,-0.84,2278,1797273.0
2023-03-26,867.0,867.0,830.0,830.0,-6.11,1146,964556.8
2023-03-23,882.0,885.0,864.6,884.0,-1.78,1752,1526878.0
2023-03-22,910.0,910.0,900.0,900.0,-2.84,1530,1384120.4
2023-03-20,951.0,951.0,923.2,926.3,-2.6,1148,1067959.9
2023-03-19,951.0,951.0,951.0,951.0,-0.11,130,123630.0
2023-03-16,970.0,988.0,931.0,952.0,-1.96,1605,1546163.6
2023-03-15,954.0,971.0,952.6,971.0,-0.1,257,245158.2
2023-03-14,960.1,979.0,941.2,972.0,-0.51,1169,1121471.5
2023-03-13,1029.2,1029.2,977.0,977.0,-3.98,380,372594.0
2023-03-12,980.0,1017.5,963.0,1017.5,1.85,1727,1713650.6
2023-03-09,969.0,1004.9,961.9,999.0,5.14,1059,1038887.0
2023-03-07,985.0,985.0,934.2,950.2,-3.43,728,691417.6
2023-03-05,980.0,997.0,903.0,984.0,2.29,5703,5442571.1
2023-03-02,975.0,975.0,937.0,962.0,-2.95,1457,1387474.5
2023-03-01,1030.0,1033.9,989.4,991.2,-4.23,1305,1308782.0
2023-02-28,1047.0,1051.0,1015.0,1035.0,-0.96,4560,4742039.9
2023-02-27,1100.0,1100.0,1025.0,1045.0,-4.9,2211,2318842.0
2023-02-26,1063.0,1101.0,977.0,1098.9,1.33,3617,3704175.0
2023-02-23,1224.0,1224.0,1084.5,1084.5,-10.0,7172,7802348.6
2023-02-22,1173.0,1219.0,1173.0,1205.0,4.78,2953,3531081.5
2023-02-20,1224.0,1234.0,1150.0,1150.0,-4.96,2025,2382193.0
2023-02-16,1255.0,1257.6,1210.0,1210.0,-1.87,2930,3630318.6
2023-02-15,1267.8,1267.8,1233.0,1233.0,-1.99,1581,1972911.6
2023-02-14,1260.0,1275.0,1235.0,1258.0,1.04,2190,2748162.3
2023-02-12,1270.0,1275.9,1245.0,1245.0,-2.35,3177,3984100.4
2023-02-09,1291.0,1316.0,1265.0,1275.0,0.71,727,934042.0
2023-02-08,1300.0,1326.6,1266.0,1266.0,-0.71,1345,1726382.5
2023-02-07,1285.0,1297.0,1275.1,1275.1,1.2,1603,2056699.6
2023-02-06,1255.0,1260.0,1241.2,1260.0,0.67,595,745304.0
2023-02-05,1264.1,1280.0,1251.6,1251.6,-2.85,2470,3112690.0
2023-02-02,1293.0,1293.0,1270.0,1288.3,-0.9,1204,1538246.0
2023-02-01,1318.0,1318.0,1276.0,1300.0,-0.91,1816,2338061.2
2023-01-31,1260.0,1339.5,1260.0,1312.0,4.13,3280,4285504.5
2023-01-30,1330.0,1330.0,1260.0,1260.0,-4.83,3857,4995398.8
2023-01-29,1320.0,1334.0,1312.1,1324.0,-1.34,2587,3411883.9
2023-01-26,1395.0,1395.0,1320.0,1342.0,-2.04,4175,5598039.0
2023-01-25,1366.0,1443.0,1350.0,1370.0,-1.44,3618,4984147.2
2023-01-24,1368.0,1396.0,1315.0,1390.0,3.13,13733,18511921.9
2023-01-23,1291.0,1371.9,1291.0,1347.8,5.21,17607,23453511.1
2023-01-19,1300.0,1300.0,1275.5,1281.0,-3.32,605,778151.0
2023-01-18,1298.0,1325.0,1267.0,1325.0,3.27,9403,12194052.5
2023-01-17,1221.0,1283.0,1221.0,1283.0,3.88,4955,6177749.0
2023-01-12,1295.0,1300.0,1235.1,1235.1,-2.75,3255,4083812.6
2023-01-10,1317.0,1320.0,1266.3,1270.0,-1.7,6311,8118289.0
2023-01-09,1315.0,1315.0,1280.0,1292.0,-0.62,9538,12356023.2
2023-01-08,1323.0,1351.0,1297.1,1300.0,-3.63,9903,13129237.3
2023-01-05,1318.9,1351.0,1300.0,1349.0,1.89,14830,19662217.9
2023-01-04,1284.9,1324.0,1255.0,1324.0,4.5,9622,12349703.9
2023-01-03,1256.6,1283.9,1226.0,1267.0,2.84,10614,13341939.3
2023-01-02,1176.0,1244.0,1141.7,1232.0,6.85,11235,13449588.1
2023-01-01,1183.9,1183.9,1142.7,1153.0,-1.45,5423,6257496.0
2022-12-29,1148.0,1192.0,1148.0,1170.0,1.74,3782,4407679.0
2022-12-28,1168.0,1168.0,1133.0,1150.0,0.26,2566,2945416.0
2022-12-27,1165.0,1188.0,1147.0,1147.0,0.0,8691,10110138.3
2022-12-26,1126.0,1147.0,1113.0,1147.0,2.5,3076,3498465.5
2022-12-22,1110.0,1124.0,1102.5,1119.0,-0.09,1497,1672126.1
2022-12-21,1126.0,1126.0,1111.0,1120.0,-1.3,2080,2318867.6
2022-12-20,1103.0,1137.0,1103.0,1134.8,2.79,1915,2162667.6
2022-12-19,1075.0,1104.0,1075.0,1104.0,1.85,690,755852.0
2022-12-18,1098.0,1098.0,1069.0,1084.0,-1.99,10718,11563264.8
2022-12-15,1125.1,1140.0,1103.0,1106.0,-3.5,4774,5325273.1
2022-12-14,1200.0,1226.0,1146.1,1146.1,-3.75,10534,12454857.5
2022-12-13,1189.5,1282.8,1189.5,1190.7,2.1,38070,46995983.6
2022-12-12,1081.0,1166.2,1081.0,1166.2,10.0,7927,9221468.6
2022-12-11,983.1,1060.2,983.1,1060.2,9.99,1162,1226685.4
2022-10-12,925.0,963.9,911.0,963.9,3.7,10101,9464659.4
2022-10-11,837.0,929.5,833.0,929.5,10.0,9338,8454368.5
2022-10-10,851.0,865.0,837.9,845.0,-2.31,4292,3628226.0
2022-10-09,856.0,873.1,847.0,865.0,2.98,1555,1337490.5
2022-09-29,801.0,840.0,801.0,840.0,5.4,2043,1668567.5
2022-09-28,780.0,814.0,780.0,797.0,2.18,2272,1807367.9
2022-09-27,751.1,780.0,751.0,780.0,1.95,677,520471.7
2022-09-25,760.0,770.0,760.0,765.1,-1.28,2322,1770480.1
2022-09-22,777.3,777.3,763.0,775.0,-2.27,721,552043.3
2022-09-21,765.0,793.0,755.0,793.0,5.73,757,581087.0
2022-09-20,779.2,779.2,749.0,750.0,-1.83,1478,1115313.8
2022-09-18,803.0,805.0,764.0,764.0,-3.05,623,495460.1
2022-09-16,775.0,790.0,775.0,788.0,-0.25,372,293172.8
2022-09-15,836.0,836.0,790.0,790.0,-3.66,415,330580.0
2022-09-14,816.0,830.0,814.9,820.0,2.5,160,131182.5
2022-09-13,801.0,801.0,785.0,800.0,1.39,722,577371.0
2022-09-12,819.0,819.0,784.0,789.0,-1.87,3043,2405585.0
2022-09-11,807.2,808.1,804.0,804.0,-1.95,470,379399.9
2022-09-08,821.0,821.0,810.0,820.0,0.18,125,102355.0
2022-09-07,820.0,820.0,806.0,818.5,-0.18,75,60719.5
2022-09-06,818.0,820.0,818.0,820.0,0.0,244,199678.0
2022-09-05,830.0,830.0,820.0,820.0,-1.2,241,199346.0
2022-09-04,820.0,830.0,820.0,830.0,0.83,2602,2158830.0
2022-09-02,840.0,840.0,823.2,823.2,-2.0,80,66148.0
2022-09-01,815.0,840.0,815.0,840.0,1.56,880,727213.0
2022-08-31,831.0,846.0,827.1,827.1,-1.3,647,539367.4
2022-08-30,845.0,860.0,831.1,838.0,-1.99,832,699189.0
2022-08-29,852.0,855.0,850.0,855.0,-1.61,1031,877140.0
2022-08-28,873.0,890.0,845.0,869.0,-2.36,673,579541.0
2022-08-26,856.0,890.0,856.0,890.0,1.92,285,246564.0
2022-08-25,890.0,890.0,873.2,873.2,-2.83,1465,1285846.5
2022-08-24,915.0,915.0,879.1,898.6,0.07,669,595929.0
2022-08-23,896.0,898.0,890.0,898.0,0.34,285,254078.0
2022-08-22,890.0,895.0,890.0,895.0,0.0,100,89350.0
2022-08-21,917.0,917.0,895.0,895.0,-3.56,181,162667.0
2022-08-18,911.0,928.0,900.0,928.0,1.87,512,467576.0
2022-08-17,915.9,934.2,899.0,911.0,1.45,247,223486.0
2022-08-16,902.0,902.0,883.0,898.0,-1.32,1456,1301641.5
2022-08-15,895.0,913.9,895.0,910.0,3.41,150,135239.0
2022-08-14,870.0,880.0,867.0,880.0,-0.11,1020,887541.0
2022-08-11,895.0,910.0,880.0,881.0,-1.56,3040,2705191.0
2022-08-10,900.0,907.8,890.0,895.0,-2.51,1135,1017634.8
2022-08-09,904.1,921.0,888.0,918.0,-0.43,1496,1348068.0
2022-08-08,938.0,938.0,910.0,922.0,0.22,2218,2055416.9
2022-08-07,920.0,943.9,918.0,920.0,-0.76,2560,2367708.3
2022-08-05,918.4,946.0,913.1,927.0,-1.08,1998,1864073.6
2022-08-04,950.0,959.0,936.0,937.1,-2.69,1983,1870579.0
2022-08-03,952.6,966.0,935.0,963.0,-0.93,2896,2768177.5
2022-08-02,950.0,972.0,941.0,972.0,0.73,2871,2739103.0
2022-08-01,965.0,971.0,935.0,965.0,-0.62,2069,1962709.0
2022-07-31,975.0,975.0,952.6,971.0,1.15,1526,1467736.0
2022-07-29,957.0,975.0,931.0,960.0,2.13,1867,1777333.0
2022-07-28,984.0,990.0,940.0,940.0,-2.59,10053,9714121.9
2022-07-27,880.1,965.0,875.0,965.0,7.46,4790,4379772.7
2022-07-26,905.0,924.0,887.0,898.0,-2.39,3320,2986250.5
2022-07-25,901.6,920.0,884.0,920.0,4.07,5153,4672231.7
2022-07-24,848.0,885.0,827.2,884.0,4.74,3338,2830040.6
2022-07-22,860.0,860.0,826.0,844.0,-1.86,1120,935752.0
2022-07-21,875.0,879.0,858.0,860.0,-0.58,1671,1446127.0
2022-07-20,859.0,880.0,843.0,865.0,0.59,1870,1625999.0
2022-07-19,849.0,867.0,849.0,859.9,3.11,1789,1537731.3
2022-07-18,840.0,840.0,820.0,834.0,-0.24,1370,1139253.0
2022-07-17,834.9,845.0,815.1,836.0,1.83,2243,1854064.0
2022-07-15,790.0,821.1,790.0,821.0,4.59,1110,905238.0
2022-07-14,820.0,835.0,784.0,785.0,-3.09,2645,2105906.4
2022-07-13,800.0,810.0,790.0,810.0,2.26,3090,2472295.5
2022-07-12,795.6,795.6,792.1,792.1,1.55,300,237980.0
2022-07-11,790.4,791.0,765.0,780.0,-2.39,2690,2085926.5
2022-07-08,824.9,831.0,799.1,799.1,-1.99,1717,1396625.5
2022-07-07,848.0,875.0,815.0,815.3,-5.2,2885,2420476.7
2022-07-06,860.0,860.0,846.0,860.0,-0.23,813,695830.0
2022-07-05,856.0,884.0,846.0,862.0,-0.07,1661,1433385.0
2022-07-04,900.0,936.0,862.6,862.6,-5.91,4642,4153165.5
2022-07-03,879.0,925.0,876.0,916.8,4.19,3975,3557145.0
2022-07-01,860.0,879.9,852.6,879.9,1.14,1134,976375.0
2022-06-30,820.0,875.9,815.0,870.0,6.1,3530,3000530.2
2022-06-29,810.0,820.0,800.0,820.0,2.5,3089,2493836.0
2022-06-28,805.0,805.0,793.8,800.0,-1.23,1287,1022735.0
2022-06-27,810.1,830.0,810.0,810.0,-1.58,1050,861528.0
2022-06-26,815.0,831.3,802.0,823.0,2.89,3805,3089437.0
2022-06-24,770.0,800.0,770.0,799.9,2.03,320,252834.0
2022-06-23,788.0,788.0,773.0,784.0,-2.49,100,77714.0
2022-06-22,804.2,804.2,800.0,804.0,-0.99,393,315624.8
2022-06-21,805.0,821.0,795.0,812.0,0.12,1220,998521.0
2022-06-20,809.0,815.0,796.0,811.0,-1.7,2484,1986462.5
2022-06-19,842.0,842.0,825.0,825.0,-3.96,224,185942.0
2022-06-16,892.5,892.5,859.0,859.0,-1.83,60,52153.0
2022-06-15,875.0,875.0,858.0,875.0,-1.91,235,203795.0
2022-06-14,892.0,892.0,892.0,892.0,-1.98,94,83848.0
2022-06-13,910.0,910.0,910.0,910.0,-1.52,10,9100.0
2022-06-10,935.0,935.0,924.0,924.0,-0.11,60,55670.0
2022-06-09,954.6,985.0,921.2,925.0,-5.03,220,209292.0
2022-06-08,910.0,979.2,905.0,974.0,8.34,1295,1181412.0
2022-06-07,882.1,899.0,850.0,899.0,-0.11,958,840208.1
2022-06-06,892.1,900.0,892.1,900.0,-1.1,525,469936.5
2022-06-03,905.0,910.0,901.0,910.0,-1.3,275,248350.0
2022-06-02,925.0,925.0,922.0,922.0,-1.39,396,366120.0
2022-06-01,935.0,935.0,935.0,935.0,-0.53,190,177650.0
2022-05-31,940.0,940.0,940.0,940.0,-0.21,10,9400.0
2022-05-30,952.0,952.0,942.0,942.0,-1.98,466,441049.0
2022-05-27,960.0,961.0,960.0,961.0,-1.54,250,240050.0
2022-05-26,991.4,991.4,973.0,976.0,0.41,320,313800.0
2022-05-25,991.0,991.0,972.0,972.0,-1.82,25,24585.0
2022-05-24,995.0,995.0,990.0,990.0,0.12,340,337550.0
2022-05-23,960.0,988.8,958.0,988.8,1.94,550,528208.0
2022-05-20,989.0,989.0,969.3,970.0,0.0,185,180805.0
2022-05-19,961.0,970.0,960.0,970.0,-0.51,429,412424.0
2022-05-18,975.0,975.0,975.0,975.0,0.0,220,214500.0
2022-05-17,1014.9,1014.9,975.0,975.0,-2.01,1094,1080950.0
2022-05-12,1005.2,1010.0,995.0,995.0,-2.92,1275,1278763.0
2022-05-11,1025.0,1055.0,1024.9,1024.9,1.98,157,161539.0
2022-05-10,1025.0,1025.0,1005.0,1005.0,-1.47,400,406000.0
2022-05-09,1023.0,1042.0,1020.0,1020.0,1.63,124,126619.0
2022-05-08,970.0,1003.6,965.0,1003.6,1.89,747,728204.5
2022-05-05,995.0,995.0,977.0,985.0,-1.89,500,492881.0
2022-05-04,1025.0,1025.0,1004.0,1004.0,-2.43,285,288548.4
2022-05-02,1029.1,1029.1,1009.0,1029.0,-1.99,74,75267.0
2022-04-28,1102.0,1102.0,998.0,1049.9,-2.88,1297,1320549.5
2022-04-27,1053.5,1081.0,1032.5,1081.0,0.56,90,94317.0
2022-04-26,1125.0,1125.0,1035.0,1075.0,-3.15,1350,1440862.0
2022-04-25,1110.0,1149.0,1098.0,1110.0,-1.59,480,540519.0
2022-04-24,1050.0,1142.0,1040.0,1127.9,7.52,2018,2140819.3
2022-04-21,975.0,1049.0,975.0,1049.0,7.59,1165,1155284.0
2022-04-20,992.1,992.1,975.0,975.0,-3.47,535,528405.0
2022-04-19,982.0,1010.0,980.0,1010.0,1.51,740,734696.0
2022-04-18,995.0,995.0,995.0,995.0,-1.49,146,145270.0
2022-04-17,1024.7,1024.7,1010.0,1010.0,0.53,875,884731.0
2022-04-13,970.0,1004.7,970.0,1004.7,2.52,1460,1441815.0
2022-04-12,980.0,989.0,970.0,980.0,-0.51,1000,982878.0
2022-04-11,999.0,1000.0,985.0,985.0,0.51,736,729590.0
2022-04-07,985.0,1020.0,980.0,980.0,-0.71,2235,2237123.0
2022-04-06,987.0,987.0,980.0,987.0,-1.99,1421,1402349.0
2022-04-05,1025.1,1027.0,1000.0,1007.0,-3.64,1775,1794730.0
2022-04-04,1085.0,1085.2,1043.4,1045.0,-1.79,1185,1258120.0
2022-04-03,1085.0,1085.0,1064.0,1064.0,-3.88,823,886283.2
2022-03-31,1090.0,1109.0,1069.0,1107.0,-0.09,1194,1296190.0
2022-03-30,1090.0,1111.8,1080.0,1108.0,2.88,527,573892.0
2022-03-29,1097.0,1097.0,1055.6,1077.0,0.09,745,794357.0
2022-03-28,1061.5,1077.0,1060.0,1076.0,-0.19,270,287155.0
2022-03-27,1135.0,1135.0,1078.0,1078.0,-4.18,1341,1461048.9
2022-03-24,1142.0,1142.0,1112.3,1125.0,0.36,110,123050.0
2022-03-23,1170.0,1170.0,1121.0,1121.0,-2.35,555,637276.0
2022-03-22,1150.0,1150.0,1135.0,1148.0,1.64,335,380711.0
2022-03-21,1128.0,1130.0,1128.0,1129.5,0.49,70,79025.0
2022-03-20,1129.1,1151.6,1109.0,1124.0,1.54,871,981072.0
2022-03-16,1134.4,1134.4,1107.0,1107.0,-1.86,310,345680.0
2022-03-15,1170.0,1170.0,1128.0,1128.0,-1.91,299,338926.0
2022-03-14,1150.0,1150.0,1150.0,1150.0,0.44,10,11500.0
2022-03-13,1150.5,1165.0,1123.1,1145.0,1.51,1320,1504975.0
2022-03-10,1091.4,1128.0,1051.0,1128.0,5.42,1554,1666165.5
2022-03-09,1070.0,1070.0,1065.1,1070.0,-1.29,300,320386.0
2022-03-07,1085.0,1106.0,1080.0,1084.0,-0.09,90,97790.0
2022-03-06,1095.0,1100.0,1083.0,1085.0,-1.9,805,875762.0
2022-03-02,1113.4,1113.4,1089.0,1106.0,-2.56,1134,1243255.3
2022-02-28,1163.8,1187.0,1122.2,1135.0,-0.53,1635,1841680.0
2022-02-27,1160.0,1160.0,1140.0,1141.0,-0.78,513,589623.7
2022-02-24,1150.1,1152.1,1150.0,1150.0,-1.71,775,891742.5
2022-02-23,1174.0,1190.0,1170.0,1170.0,1.65,920,1079160.0
2022-02-22,1185.0,1195.0,1151.0,1151.0,-1.71,2889,3380838.3
2022-02-21,1155.0,1171.0,1151.4,1171.0,0.43,720,835818.5
2022-02-20,1171.1,1175.0,1165.0,1166.0,-2.43,405,473831.5
2022-02-17,1176.0,1195.0,1172.0,1195.0,1.62,81,96144.0
2022-02-16,1185.0,1185.0,1176.0,1176.0,-2.0,274,323270.0
2022-02-15,1155.0,1200.0,1155.0,1200.0,3.88,1055,1238309.5
2022-02-14,1178.0,1180.0,1147.0,1155.2,0.02,1537,1786853.0
2022-02-13,1176.0,1176.0,1152.5,1155.0,-3.75,1241,1436312.8
2022-02-10,1200.0,1200.0,1176.0,1200.0,-1.06,4220,4985953.5
2022-02-09,1200.0,1225.8,1170.0,1212.8,0.81,2428,2876432.0
2022-02-08,1250.0,1250.0,1200.0,1203.0,-1.96,1998,2423061.0
2022-02-07,1250.0,1250.0,1227.0,1227.0,-0.41,397,488480.5
2022-02-06,1220.0,1235.0,1210.0,1232.0,-0.73,938,1144210.0
2022-02-03,1301.0,1326.0,1226.5,1241.0,-2.74,2995,3758011.5
2022-02-01,1245.0,1318.0,1245.0,1276.0,0.71,2541,3245251.0
2022-01-31,1290.0,1290.0,1265.0,1267.0,-1.02,2398,3053801.0
2022-01-30,1241.0,1289.0,1241.0,1280.0,4.4,4600,5849887.0
2022-01-27,1180.2,1227.0,1167.9,1226.0,1.83,7614,8935122.6
2022-01-26,1197.0,1217.0,1177.0,1204.0,-1.15,4888,5827600.4
2022-01-25,1233.1,1257.0,1208.4,1218.0,-3.18,2729,3357752.0
2022-01-24,1316.0,1316.0,1240.0,1258.0,-2.56,2445,3053486.0
2022-01-23,1324.9,1345.0,1291.1,1291.1,-0.61,978,1274041.8
2022-01-20,1291.0,1310.0,1266.0,1299.0,0.7,1860,2405990.0
2022-01-19,1321.0,1347.0,1270.1,1290.0,-0.46,2965,3834413.0
2022-01-18,1300.0,1301.5,1296.0,1296.0,-0.31,295,383440.0
2022-01-17,1350.0,1362.0,1284.0,1300.0,-2.69,2605,3396799.0
2022-01-16,1357.0,1384.0,1336.0,1336.0,0.38,1379,1877931.0
2022-01-13,1261.1,1331.0,1260.0,1331.0,5.22,5574,7208740.5
2022-01-12,1276.1,1300.1,1265.0,1265.0,-2.69,2178,2787530.3
2022-01-11,1230.0,1310.0,1230.0,1300.0,5.26,3740,4782554.0
2022-01-10,1212.0,1267.0,1200.0,1235.0,1.31,2122,2587147.0
2022-01-09,1232.0,1232.0,1210.0,1219.0,0.91,2289,2786524.0
2022-01-06,1210.0,1210.0,1175.0,1208.0,1.11,1698,2025080.0
2022-01-05,1249.0,1249.0,1194.7,1194.7,-2.47,368,443576.1
2022-01-04,1218.0,1245.0,1201.0,1225.0,2.51,1838,2249444.0
2022-01-03,1190.0,1230.0,1190.0,1195.0,2.14,1531,1839360.0
2022-01-02,1166.0,1187.0,1166.0,1170.0,0.4,2026,2378286.6
2021-12-29,1452.0,1479.0,1450.1,1460.0,0.55,8258,12054590.5
2021-12-28,1477.0,1477.0,1429.0,1452.0,0.14,612,883295.0
2021-12-27,1505.5,1535.0,1450.0,1450.0,-1.76,1087,1609716.9
2021-12-26,1458.0,1500.0,1451.0,1476.0,3.22,2607,3831299.0
2021-12-23,1426.0,1435.0,1398.0,1430.0,2.22,1939,2755388.0
2021-12-22,1391.0,1399.0,1375.0,1399.0,2.57,1251,1744108.0
2021-12-21,1365.0,1365.0,1345.0,1364.0,1.79,684,926693.0
2021-12-20,1343.0,1369.5,1330.0,1340.0,-2.19,497,667022.0
2021-12-16,1375.0,1385.0,1343.0,1370.0,-1.96,329,450460.0
2021-12-15,1400.0,1400.0,1345.0,1397.4,-1.59,1049,1451153.0
2021-12-14,1341.0,1420.0,1320.0,1420.0,7.98,225,302718.0
2021-12-13,1331.0,1331.0,1280.1,1315.0,-3.12,1002,1304676.7
2021-12-12,1360.0,1360.0,1357.3,1357.3,-2.0,164,222823.2
2021-12-09,1372.0,1385.0,1344.6,1385.0,0.95,426,578521.0
2021-12-08,1400.0,1427.0,1346.0,1372.0,-2.63,588,801277.7
2021-12-07,1420.1,1420.1,1391.6,1409.0,-2.15,501,701062.6
2021-12-06,1365.0,1443.0,1335.0,1440.0,3.67,1264,1729693.0
2021-12-05,1418.0,1418.0,1365.0,1389.0,-0.14,1035,1415227.0
2021-12-02,1405.2,1424.0,1391.0,1391.0,-1.7,963,1353311.3
2021-12-01,1444.0,1444.0,1407.0,1415.0,-0.35,992,1411497.5
2021-11-30,1371.9,1470.0,1371.9,1420.0,5.58,6514,9358818.3
2021-11-29,1386.0,1386.0,1345.0,1345.0,-1.1,565,767260.0
2021-11-28,1385.0,1385.0,1360.0,1360.0,-1.95,694,946991.6
2021-11-25,1440.0,1440.0,1387.0,1387.0,-1.84,815,1139031.8
2021-11-24,1414.4,1414.7,1371.0,1413.0,-1.96,1312,1845337.0
2021-11-23,1443.3,1443.3,1400.0,1441.2,1.85,777,1101934.0
2021-11-22,1400.0,1415.0,1400.0,1415.0,-0.14,431,606600.0
2021-11-21,1432.0,1432.5,1416.0,1417.0,-1.05,1075,1530347.5
2021-11-18,1445.0,1450.0,1427.0,1432.0,-1.59,1146,1639699.5
2021-11-17,1482.0,1484.0,1455.1,1455.1,0.01,570,830715.0
2021-11-16,1470.0,1470.0,1423.0,1455.0,0.76,1260,1810382.5
2021-11-15,1458.0,1487.0,1428.0,1444.0,0.98,806,1158098.0
2021-11-14,1475.0,1475.0,1418.0,1430.0,-3.05,1414,2032525.2
2021-11-11,1464.0,1480.0,1415.0,1475.0,0.41,1056,1521177.0
2021-11-09,1497.0,1497.0,1467.0,1469.0,-3.36,1978,2926415.0
2021-11-08,1516.0,1524.0,1514.0,1520.0,-0.33,2066,3143955.0
2021-11-03,1580.0,1580.0,1519.0,1525.0,-1.61,595,909585.0
2021-11-02,1510.0,1550.0,1480.0,1550.0,0.65,2380,3589276.0
2021-11-01,1561.0,1588.0,1529.0,1540.0,-2.53,3445,5307958.3
2021-10-31,1519.8,1581.0,1519.8,1579.9,6.03,5854,9115975.0
2021-10-28,1500.0,1501.4,1446.0,1490.0,1.22,1182,1760727.0
2021-10-27,1501.0,1501.0,1472.0,1472.0,0.0,1789,2650614.8
2021-10-26,1432.5,1472.0,1432.5,1472.0,4.81,2168,3154267.0
2021-10-25,1375.0,1404.5,1357.5,1404.5,4.11,1641,2260641.2
2021-10-24,1330.0,1380.0,1330.0,1349.0,-0.44,2052,2767751.8
2021-10-21,1350.0,1370.0,1350.0,1355.0,0.74,1101,1494080.0
2021-10-20,1315.8,1394.0,1315.8,1345.0,4.26,496,677317.0
2021-10-19,1352.4,1352.4,1262.1,1290.0,-6.51,2115,2767794.0
2021-10-18,1431.0,1431.0,1365.0,1379.9,-3.57,1049,1444003.5
2021-10-17,1460.0,1460.0,1431.0,1431.0,-1.31,318,458187.0
2021-10-11,1450.0,1458.6,1391.6,1450.0,-1.69,1460,2065389.0
2021-10-10,1530.0,1550.0,1475.0,1475.0,-3.28,1433,2148439.8
2021-10-06,1428.0,1530.0,1428.0,1525.0,8.93,5020,7489231.0
2021-10-05,1326.0,1425.0,1326.0,1400.0,7.69,2228,3068991.0
2021-10-04,1245.0,1335.0,1236.0,1300.0,3.09,2978,3780068.0
2021-10-03,1281.0,1281.0,1261.0,1261.0,-3.0,825,1053483.0
2021-09-30,1360.0,1387.2,1299.9,1300.0,-2.69,1180,1571043.0
2021-09-29,1335.0,1336.0,1260.0,1336.0,1.98,1533,1970065.6
2021-09-28,1377.0,1377.0,1310.0,1310.0,-2.96,510,678307.0
2021-09-27,1370.0,1380.0,1350.0,1350.0,-2.17,975,1323675.0
2021-09-26,1378.1,1380.0,1372.0,1380.0,-1.43,791,1088637.0
2021-09-23,1443.3,1443.3,1396.0,1400.0,-1.06,2011,2828212.1
2021-09-22,1428.0,1446.0,1393.0,1415.0,1.07,1295,1831970.0
2021-09-21,1380.0,1410.0,1340.1,1400.0,0.72,915,1266574.0
2021-09-20,1415.0,1425.0,1366.0,1390.0,-3.47,1803,2502167.0
2021-09-16,1493.6,1493.6,1435.0,1440.0,-5.45,1894,2746918.2
2021-09-15,1559.0,1559.0,1497.1,1523.0,-0.39,1081,1635194.5
2021-09-14,1570.0,1570.0,1499.4,1529.0,-0.71,742,1126558.4
2021-09-13,1540.0,1570.0,1510.0,1540.0,-0.26,568,873239.0
2021-09-12,1486.0,1544.0,1486.0,1544.0,3.97,1231,1855981.8
2021-09-09,1505.0,1535.0,1475.0,1485.0,-1.33,2002,2987362.5
2021-09-08,1475.0,1514.0,1475.0,1505.0,0.33,1459,2180493.0
2021-09-07,1490.0,1542.0,1460.5,1500.0,1.15,1619,2422168.5
2021-09-06,1450.0,1508.0,1450.0,1483.0,1.58,2197,3271182.7
2021-09-05,1500.0,1500.0,1395.0,1460.0,-2.67,3164,4571083.0
2021-09-02,1551.4,1551.4,1500.0,1500.0,-1.38,1143,1732815.3
2021-09-01,1511.0,1560.0,1495.0,1521.0,-0.2,4502,6798803.0
2021-08-31,1555.1,1560.0,1524.0,1524.0,-2.94,5232,8054834.0
2021-08-29,1605.0,1605.0,1567.0,1570.1,-2.48,6807,10784086.3
2021-08-26,1629.0,1629.0,1602.0,1610.0,-0.62,1775,2863836.0
2021-08-25,1630.0,1640.0,1608.0,1620.0,-2.41,3684,5973427.0
2021-08-24,1708.5,1708.5,1590.0,1660.0,-0.9,4397,7181884.2
2021-08-19,1630.0,1766.0,1630.0,1675.0,2.45,2257,3810669.0
2021-08-18,1623.0,1642.2,1607.0,1635.0,-1.21,5756,9305778.0
2021-08-17,1680.0,1694.0,1649.0,1655.0,0.42,4733,7880020.0
2021-08-16,1701.0,1734.0,1640.0,1648.0,-1.26,5536,9332841.0
2021-08-15,1620.0,1705.0,1610.0,1669.0,3.02,5833,9553264.0
2021-08-12,1617.0,1649.3,1617.0,1620.0,-1.76,3840,6255130.3
2021-08-11,1615.0,1680.0,1615.0,1649.0,0.12,2741,4504871.0
2021-08-10,1602.0,1689.0,1602.0,1647.0,1.1,2242,3684369.0
2021-08-09,1640.0,1650.0,1617.0,1629.0,-1.87,3586,5854270.5
2021-08-08,1690.0,1690.0,1660.0,1660.0,-2.06,4800,8029615.6
2021-08-05,1740.0,1740.0,1692.0,1695.0,-1.63,3704,6306158.0
2021-08-04,1795.0,1795.0,1720.0,1723.0,-2.55,4810,8381613.0
2021-08-03,1754.4,1799.4,1742.0,1768.0,2.79,14368,25434477.3
2021-08-02,1726.8,1726.8,1683.0,1720.0,1.59,6322,10745593.5
2021-08-01,1710.0,1720.0,1693.0,1693.0,-0.59,2526,4297959.0
2021-07-29,1710.0,1719.0,1690.0,1703.0,0.77,2126,3613145.3
2021-07-28,1700.0,1715.0,1690.0,1690.0,-0.12,2594,4409728.0
2021-07-27,1715.0,1715.0,1655.3,1692.0,-3.31,15492,25969465.2
2021-07-26,1750.0,1780.0,1750.0,1750.0,0.57,5614,9880087.0
2021-07-25,1728.9,1763.0,1690.0,1740.0,2.65,4205,7161280.0
2021-07-22,1672.0,1738.0,1671.0,1695.0,1.5,3000,5078109.0
2021-07-20,1690.0,1718.0,1670.0,1670.0,-2.91,4324,7280101.0
2021-07-19,1750.0,1750.0,1710.0,1720.0,-1.15,2190,3793308.0
2021-07-18,1710.0,1771.0,1710.0,1740.0,2.65,4555,7941322.0
2021-07-15,1660.0,1699.0,1655.0,1695.0,1.74,6046,10105296.0
2021-07-14,1645.0,1666.0,1645.0,1666.0,0.12,110,182200.0
2021-07-13,1661.0,1668.0,1650.0,1664.0,0.85,1192,1978148.0
2021-07-12,1670.0,1698.0,1640.0,1650.0,-0.96,3383,5645231.0
2021-07-11,1650.0,1666.0,1637.0,1666.0,1.83,5070,8370015.0
2021-07-08,1630.0,1660.0,1628.0,1636.0,0.06,2011,3298580.0
2021-07-07,1650.0,1650.0,1617.0,1635.0,0.31,1630,2643930.0
2021-07-06,1560.0,1721.0,1560.0,1630.0,3.16,52738,84555988.0
2021-07-05,1591.0,1595.0,1580.0,1580.0,-2.11,2400,3806051.0
2021-07-04,1600.0,1658.0,1600.0,1614.0,-0.8,642,1033280.0
2021-07-01,1671.0,1671.0,1600.0,1627.0,-0.73,1129,1815857.0
2021-06-30,1650.0,1650.0,1593.0,1639.0,-1.97,2380,3839990.0
2021-06-29,1736.0,1736.0,1630.0,1672.0,1.09,3842,6430594.0
2021-06-28,1630.0,1663.0,1571.0,1654.0,3.44,2448,3965109.0
2021-06-27,1626.0,1690.0,1571.0,1599.0,0.25,1710,2726544.0
2021-06-24,1643.0,1643.0,1558.0,1595.0,-0.99,3123,4950066.0
2021-06-23,1743.0,1743.0,1611.0,1611.0,-2.95,4637,7583910.0
2021-06-22,1630.0,1665.0,1621.0,1660.0,1.84,3492,5764530.0
2021-06-21,1695.0,1695.0,1626.0,1630.0,-5.07,6916,11416892.0
2021-06-20,1790.0,1790.0,1700.0,1717.0,-2.39,1918,3287317.0
2021-06-17,1780.0,1815.0,1725.0,1759.0,-0.06,2584,4531472.0
2021-06-16,1744.0,1850.0,1735.0,1760.0,0.92,10630,19106924.0
2021-06-15,1800.0,1800.0,1744.0,1744.0,-1.25,8934,15756658.0
2021-06-14,1809.0,1811.0,1759.0,1766.0,-0.56,2482,4405388.0
2021-06-13,1825.0,1825.0,1776.0,1776.0,-2.68,7782,13966414.0
2021-06-10,1882.0,1900.0,1825.0,1825.0,-2.67,5360,9915725.0
2021-06-09,1850.0,1887.0,1820.0,1875.0,-0.21,13887,25785945.0
2021-06-08,1850.0,1887.0,1849.0,1879.0,0.48,11668,21745881.0
2021-06-07,1868.0,1878.0,1845.0,1870.0,0.0,10792,20049912.0
2021-06-06,1900.0,1900.0,1853.0,1870.0,0.43,28324,52943816.0
2021-06-03,1900.0,1938.0,1860.0,1862.0,-2.26,19832,37352544.0
2021-06-02,1850.0,1934.0,1750.0,1905.0,2.97,46298,85199838.0
2021-06-01,1744.0,1850.0,1685.0,1850.0,7.87,15210,26165025.0
2021-05-31,1732.0,1770.0,1700.0,1715.0,-2.83,11303,19524629.0
2021-05-30,1781.0,1781.0,1714.0,1765.0,-1.34,9237,16107239.0
2021-05-27,1745.0,1805.0,1720.0,1789.0,-2.56,25874,45658504.0
2021-05-25,1776.0,1872.0,1752.0,1836.0,3.44,20932,37745538.0
2021-05-24,1836.0,1870.0,1775.0,1775.0,-1.39,8025,14347524.0
2021-05-23,1753.0,1830.0,1720.0,1800.0,0.67,22439,40291875.0
2021-05-20,1845.0,1845.0,1760.0,1788.0,-1.49,10773,19271502.0
2021-05-19,1800.0,1824.0,1754.0,1815.0,2.83,32748,58734944.0
2021-05-18,1650.0,1787.0,1630.0,1765.0,8.62,33776,57943226.0
2021-05-17,1630.0,1631.0,1598.0,1625.0,2.91,31371,50745502.0
2021-05-16,1575.0,1600.0,1560.0,1579.0,2.2,12773,20078861.0
2021-05-13,1537.0,1546.0,1513.0,1545.0,0.13,2609,4004930.0
2021-05-12,1544.0,1560.0,1536.0,1543.0,-0.45,2442,3767482.0
2021-05-11,1607.0,1607.0,1538.0,1550.0,1.24,5138,7993439.0
2021-05-10,1517.0,1550.0,1517.0,1531.0,0.99,621,958343.0
2021-05-09,1540.0,1540.0,1511.0,1516.0,-1.56,3967,6036984.0
2021-05-06,1614.0,1614.0,1531.0,1540.0,-2.72,4388,6805207.0
2021-05-05,1570.0,1604.0,1565.0,1583.0,0.57,9454,14995228.0
2021-05-04,1529.0,1590.0,1529.0,1574.0,2.94,11168,17423951.0
2021-05-03,1565.0,1569.0,1529.0,1529.0,-0.71,3967,6154594.0
2021-05-02,1534.0,1548.0,1529.0,1540.0,0.79,3950,6061580.0
2021-04-29,1534.0,1540.0,1504.0,1528.0,1.26,2494,3806890.0
2021-04-28,1560.0,1560.0,1497.0,1509.0,-2.83,5493,8385420.0
2021-04-27,1443.0,1553.0,1443.0,1553.0,9.75,6164,9201148.0
2021-04-26,1430.0,1484.0,1410.0,1415.0,-2.82,6065,8704826.0
2021-04-25,1496.0,1504.0,1450.0,1456.0,-2.93,6961,10272677.0
2021-04-22,1508.0,1508.0,1484.0,1500.0,0.6,3803,5690433.0
2021-04-21,1500.0,1520.0,1491.0,1491.0,-1.39,4138,6222060.0
2021-04-20,1520.0,1524.0,1510.0,1512.0,-0.4,4051,6145339.0
2021-04-19,1535.0,1551.0,1518.0,1518.0,-1.43,5301,8151216.0
2021-04-18,1567.0,1567.0,1540.0,1540.0,-1.72,6649,10284390.0
2021-04-15,1664.0,1664.0,1555.0,1567.0,-1.14,5357,8392760.0
2021-04-13,1625.0,1627.0,1565.0,1585.0,-0.69,9326,14913478.0
2021-04-12,1638.0,1670.0,1570.0,1596.0,2.31,12859,20610919.0
2021-04-08,1557.0,1568.0,1531.0,1560.0,2.16,7251,11248531.0
2021-04-07,1550.0,1574.0,1527.0,1527.0,-0.78,6860,10643145.0
2021-04-06,1508.0,1544.0,1500.0,1539.0,2.06,10422,15871144.0
2021-04-05,1540.0,1550.0,1508.0,1508.0,-2.08,7254,11057405.0
2021-04-04,1549.0,1560.0,1502.0,1540.0,-0.58,12812,19612824.0
2021-04-01,1678.0,1678.0,1532.0,1549.0,-3.13,25551,39737786.0
2021-03-31,1650.0,1690.0,1588.0,1599.0,-1.72,35782,58902855.0
2021-03-30,1559.0,1633.0,1554.0,1627.0,9.56,56266,90294907.0
2021-03-29,1370.0,1489.0,1370.0,1485.0,9.43,41837,60277893.0
2021-03-25,1364.0,1375.0,1330.0,1357.0,-0.51,11316,15310431.0
2021-03-24,1335.0,1377.0,1329.0,1364.0,2.71,6492,8801787.0
2021-03-23,1330.0,1337.0,1282.0,1328.0,0.84,6450,8527171.0
2021-03-22,1400.0,1400.0,1300.0,1317.0,-1.27,12232,16359735.0
2021-03-21,1237.0,1334.0,1237.0,1334.0,9.98,13687,17896592.0
2021-03-18,1192.0,1213.0,1150.0,1213.0,3.59,6269,7444249.0
2021-03-17,1127.0,1171.0,1127.0,1171.0,5.97,2247,2571886.0
2021-03-16,1120.0,1125.0,1100.0,1105.0,0.45,2226,2472052.0
2021-03-15,1142.0,1150.0,1100.0,1100.0,-2.83,6244,6995310.0
2021-03-14,1165.0,1184.0,1131.0,1132.0,-2.41,4571,5270218.0
2021-03-10,1197.0,1197.0,1155.0,1160.0,-1.53,1510,1751850.0
2021-03-09,1176.0,1188.0,1153.0,1178.0,-1.75,3558,4148785.0
2021-03-07,1168.0,1199.0,1168.0,1199.0,0.76,4241,5000938.0
2021-03-04,1178.0,1215.0,1178.0,1190.0,3.03,3772,4521783.0
2021-03-03,1158.0,1200.0,1155.0,1155.0,-2.12,5018,5858161.0
2021-03-02,1231.0,1235.0,1157.0,1180.0,-4.84,4963,5932381.0
2021-03-01,1175.0,1250.0,1160.0,1240.0,3.59,6284,7591501.0
2021-02-28,1212.0,1220.0,1187.0,1197.0,-3.0,6230,7466279.0
2021-02-25,1264.0,1264.0,1234.0,1234.0,-0.48,1368,1701146.0
2021-02-24,1264.0,1294.0,1240.0,1240.0,0.0,6674,8492335.0
2021-02-23,1250.0,1250.0,1219.0,1240.0,-0.8,3189,3924921.0
2021-02-22,1280.0,1280.0,1230.0,1250.0,-2.72,9653,12063906.0
2021-02-21,1305.0,1305.0,1280.0,1285.0,-3.24,7307,9393262.0
2021-02-18,1320.0,1348.0,1315.0,1328.0,-0.97,4634,6144343.0
2021-02-17,1345.0,1350.0,1321.0,1341.0,-1.03,3418,4565300.0
2021-02-16,1394.0,1431.0,1325.0,1355.0,-1.74,11503,15837317.0
2021-02-15,1279.0,1379.0,1279.0,1379.0,9.97,8383,11449147.0
2021-02-14,1262.0,1265.0,1230.0,1254.0,-2.34,9112,11372571.0
2021-02-11,1325.0,1343.0,1235.0,1284.0,-2.58,13808,17566783.0
2021-02-10,1400.0,1400.0,1295.0,1318.0,-1.72,11065,14568087.0
2021-02-09,1420.0,1420.0,1330.0,1341.0,-4.15,12993,17526218.0
2021-02-08,1525.0,1555.0,1372.0,1399.0,-3.72,22539,32347733.0
2021-02-07,1387.0,1453.0,1387.0,1453.0,9.99,45141,65131243.0
2021-02-04,1202.0,1321.0,1181.0,1321.0,9.99,31422,39348701.0
2021-02-03,1238.0,1238.0,1178.0,1201.0,-1.07,14613,17454632.0
2021-02-02,1203.0,1227.0,1200.0,1214.0,2.88,5660,6865245.0
2021-02-01,1200.0,1226.0,1180.0,1180.0,-1.58,5715,6870760.0
2021-01-31,1260.0,1260.0,1125.0,1199.0,-3.23,19211,23289717.0
2021-01-28,1237.0,1274.0,1198.0,1239.0,5.09,26525,32646276.0
2021-01-27,1162.0,1190.0,1162.0,1179.0,0.34,11453,13501470.0
2021-01-26,1209.0,1209.0,1167.0,1175.0,-1.18,6085,7163126.0
2021-01-25,1249.0,1250.0,1160.0,1189.0,-0.08,12032,14423073.0
2021-01-24,1208.0,1248.0,1175.0,1190.0,3.39,20266,24162989.0
2021-01-21,1135.0,1178.0,1133.0,1151.0,3.14,21476,24666463.0
2021-01-20,1127.0,1140.0,1064.0,1116.0,-2.79,9813,10866558.0
2021-01-19,1183.0,1200.0,1129.0,1148.0,-1.03,8735,10146138.0
2021-01-18,1075.0,1160.0,1075.0,1160.0,9.95,17869,20245221.0
2021-01-17,1048.0,1074.0,1034.0,1055.0,2.63,15162,15934750.0
2021-01-13,1025.0,1041.0,1020.0,1028.0,-0.19,7280,7489781.0
2021-01-12,1016.0,1035.0,1016.0,1030.0,0.0,1597,1638974.0
2021-01-11,1050.0,1050.0,1025.0,1030.0,-1.72,5793,6007347.0
2021-01-10,1066.0,1067.0,1032.0,1048.0,-0.1,5467,5684922.0
2021-01-07,1007.0,1058.0,1000.0,1049.0,6.17,23958,24934949.0
2021-01-06,950.0,1001.0,950.0,988.0,4.55,10273,10146620.0
2021-01-05,945.0,955.0,938.0,945.0,-0.11,1157,1094315.0
2021-01-04,940.0,965.0,940.0,946.0,-1.25,1802,1719435.0
2021-01-03,940.0,958.0,925.0,958.0,0.84,3132,2937023.0
2020-12-31,944.0,960.0,941.0,950.0,0.64,2672,2525450.0
2020-12-30,950.0,950.0,935.0,944.0,0.96,2399,2260430.0
2020-12-29,964.0,964.0,920.0,935.0,1.74,1384,1284472.0
2020-12-28,975.0,975.0,919.0,919.0,-3.87,2715,2542797.0
2020-12-27,919.0,956.0,910.0,956.0,2.25,2289,2112030.0
2020-12-24,950.0,969.0,935.0,935.0,-1.58,2414,2278132.0
2020-12-23,1020.0,1020.0,950.0,950.0,-5.0,742,717004.0
2020-12-22,995.0,1010.0,958.0,1000.0,2.35,5063,5009906.0
2020-12-21,945.0,996.0,909.0,977.0,1.56,3931,3712883.0
2020-12-20,1020.0,1029.0,962.0,962.0,-7.23,7737,7702781.0
2020-12-17,1000.0,1065.0,1000.0,1037.0,3.49,39062,40587282.0
2020-12-16,900.0,1002.0,900.0,1002.0,9.99,24318,23890981.0
2020-12-15,915.0,930.0,907.0,911.0,-2.04,3065,2815820.0
2020-12-14,889.0,953.0,889.0,930.0,6.65,5757,5272416.0
2020-12-13,895.0,905.0,872.0,872.0,-1.8,4704,4157799.0
2020-12-10,905.0,919.0,888.0,888.0,0.0,3737,3366662.0
2020-12-09,930.0,938.0,888.0,888.0,-3.48,3569,3226970.0
2020-12-08,920.0,935.0,910.0,920.0,0.0,6631,6069636.0
2020-12-07,897.0,928.0,870.0,920.0,4.55,4905,4381988.0
2020-12-06,936.0,936.0,880.0,880.0,-7.85,5581,4994107.0
2020-12-03,992.0,1010.0,925.0,955.0,-1.85,3506,3347506.0
2020-12-02,920.0,1006.0,915.0,973.0,6.34,14352,13924403.0
2020-12-01,930.0,930.0,913.0,915.0,-2.56,4481,4119940.0
2020-11-30,930.0,940.0,909.0,939.0,1.95,5123,4771337.0
2020-11-29,910.0,925.0,903.0,921.0,-0.75,3351,3066880.0
2020-11-26,970.0,975.0,918.0,928.0,-3.63,5715,5383042.0
2020-11-25,906.0,963.0,875.0,963.0,8.32,27891,25498426.0
2020-11-24,879.0,905.0,875.0,889.0,-0.34,11312,10025835.0
2020-11-23,886.0,900.0,883.0,892.0,-1.0,4894,4338236.0
2020-11-22,910.0,916.0,884.0,901.0,-0.88,2880,2585798.0
2020-11-19,900.0,915.0,890.0,909.0,2.36,8377,7577029.0
2020-11-18,893.0,900.0,881.0,888.0,-2.52,6437,5721363.0
2020-11-12,905.0,912.0,885.0,911.0,2.59,16661,14927600.0
2020-11-11,892.0,892.0,875.0,888.0,-0.78,8085,7138834.0
2020-11-10,905.0,910.0,882.0,895.0,0.0,7514,6695794.0
2020-11-09,870.0,905.0,870.0,895.0,1.82,8266,7420506.0
2020-11-08,884.0,895.0,866.0,879.0,-1.68,13073,11453998.0
2020-11-05,932.0,932.0,886.0,894.0,-2.4,6325,5649850.0
2020-11-04,940.0,940.0,903.0,916.0,-2.76,12064,11059996.0
2020-11-03,870.0,942.0,870.0,942.0,9.92,27945,25840801.0
2020-11-02,808.0,877.0,800.0,857.0,7.39,16903,14292026.0
2020-11-01,800.0,800.0,776.0,798.0,0.88,5499,4345627.0
2020-10-29,790.0,810.0,780.0,791.0,0.13,9257,7321744.0
2020-10-28,737.0,790.0,737.0,790.0,5.33,5182,3964412.0
2020-10-22,798.0,798.0,738.0,750.0,-1.32,8557,6397038.0
2020-10-21,801.0,801.0,758.0,760.0,-3.31,7067,5475140.0
2020-10-20,790.0,851.0,785.0,786.0,1.42,9328,7516156.0
2020-02-05,770.0,785.0,767.0,775.0,1.71,1603,1241600.0
2020-02-04,772.0,775.0,757.0,762.0,-3.05,11269,8616475.0
2020-02-03,785.0,801.0,772.0,786.0,-1.75,2199,1724935.0
2020-02-02,782.0,825.0,767.0,800.0,4.3,8433,6753750.0
2020-01-30,749.0,791.0,749.0,767.0,4.35,7331,5673558.0
2020-01-29,700.0,749.0,695.0,735.0,5.0,6192,4495444.0
2020-01-28,720.0,720.0,700.0,700.0,-0.85,2453,1744316.0
2020-01-27,645.0,706.0,645.0,706.0,7.79,3033,2069937.0
2020-01-26,660.0,665.0,654.0,655.0,-2.53,1580,1041515.0
2020-01-23,671.0,697.0,671.0,672.0,0.0,2411,1654811.0
2020-01-22,680.0,683.0,668.0,672.0,-2.61,1296,875932.0
2020-01-21,690.0,714.0,677.0,690.0,0.0,3844,2650862.0
2020-01-20,715.0,729.0,690.0,690.0,-4.83,4093,2895158.0
2020-01-19,727.0,741.0,717.0,725.0,1.68,7371,5358858.0
2020-01-16,692.0,729.0,672.0,713.0,5.01,5897,4128427.0
2020-01-15,656.0,685.0,656.0,679.0,3.51,1025,698835.0
2020-01-14,660.0,668.0,655.0,656.0,-2.09,1273,840866.0
2020-01-13,719.0,719.0,670.0,670.0,-4.96,3241,2236614.0
2020-01-12,670.0,710.0,652.0,705.0,5.54,2951,2023643.0
2020-01-09,625.0,673.0,624.0,668.0,7.05,7207,4661992.0
2020-01-08,603.0,630.0,591.0,624.0,3.48,2776,1698569.0
2020-01-07,587.0,603.0,580.0,603.0,4.15,4893,2906687.0
2020-01-06,584.0,591.0,572.0,579.0,1.05,3665,2131790.0
2020-01-05,565.0,576.0,549.0,573.0,2.5,4230,2381635.0
2020-01-02,549.0,559.0,549.0,559.0,3.71,1753,964477.0
2020-01-01,551.0,551.0,539.0,539.0,-17.71,270,145910.0
2019-12-31,656.0,656.0,645.0,655.0,1.39,6698,4346175.0
2019-12-30,657.0,657.0,646.0,646.0,0.16,389,252775.0
2019-12-29,639.0,663.0,639.0,645.0,2.87,3379,2175411.0
2019-12-26,639.0,639.0,627.0,627.0,-1.88,667,421903.0
2019-12-25,650.0,652.0,639.0,639.0,0.16,423,271323.0
2019-12-24,652.0,672.0,638.0,638.0,-0.31,819,534181.0
2019-12-23,632.0,656.0,625.0,640.0,3.23,2116,1363444.0
2019-12-22,657.0,657.0,612.0,620.0,-3.88,462,286616.0
2019-12-19,658.0,658.0,645.0,645.0,-0.15,20,13030.0
2019-12-18,634.0,646.0,634.0,646.0,3.86,20,12800.0
2019-12-17,640.0,640.0,616.0,622.0,-0.96,1191,743732.0
2019-12-16,666.0,666.0,628.0,628.0,-3.83,119,76464.0
2019-12-15,663.0,663.0,653.0,653.0,-1.51,412,270576.0
2019-12-12,654.0,679.0,640.0,663.0,-0.6,1043,682785.0
2019-12-11,653.0,668.0,640.0,667.0,3.89,3128,2053053.0
2019-12-10,650.0,676.0,630.0,642.0,0.63,4259,2744412.0
2019-12-09,591.0,638.0,590.0,638.0,10.0,3522,2198257.0
2019-12-08,557.0,580.0,544.0,580.0,2.11,1369,760429.0
2019-12-05,530.0,568.0,530.0,568.0,7.78,3846,2092340.0
2019-12-04,515.0,529.0,515.0,527.0,4.36,330,173138.0
2019-12-03,510.0,515.0,505.0,505.0,0.0,657,335385.0
2019-12-02,511.0,521.0,505.0,505.0,0.8,503,255658.0
2019-12-01,501.0,501.0,501.0,501.0,-1.18,185,92685.0
2019-11-28,514.0,514.0,506.0,507.0,-1.17,123,62548.0
2019-11-27,519.0,523.0,513.0,513.0,0.0,710,368697.0
2019-11-26,510.0,523.0,510.0,513.0,1.79,417,214312.0
2019-11-25,513.0,513.0,504.0,504.0,-0.59,50,25290.0
2019-11-24,511.0,511.0,506.0,507.0,1.2,70,35480.0
2019-11-21,503.0,503.0,501.0,501.0,-0.2,155,77755.0
2019-11-20,511.0,512.0,502.0,502.0,0.2,224,113353.0
2019-11-18,501.0,501.0,501.0,501.0,0.4,10,5010.0
2019-11-17,501.0,501.0,499.0,499.0,-0.8,634,317076.0
2019-11-14,533.0,533.0,503.0,503.0,-4.91,1304,665660.0
2019-11-13,529.0,529.0,529.0,529.0,1.73,10,5290.0
2019-11-12,535.0,535.0,507.0,520.0,-2.8,270,140320.0
2019-11-11,510.0,545.0,510.0,535.0,4.9,1061,564632.0
2019-11-10,503.0,510.0,503.0,510.0,1.39,133,67599.0
2019-11-07,501.0,505.0,501.0,503.0,-0.4,426,214736.0
2019-11-06,505.0,505.0,505.0,505.0,0.0,15,7575.0
2019-11-05,505.0,505.0,505.0,505.0,0.2,40,20200.0
2019-10-17,496.0,504.0,495.0,504.0,-0.2,310,153640.0
2019-10-16,495.0,505.0,495.0,505.0,0.0,872,437300.0
2019-10-15,505.0,505.0,500.0,505.0,1.0,933,467415.0
2019-10-14,505.0,505.0,500.0,500.0,-2.34,530,266370.0
2019-10-10,512.0,512.0,512.0,512.0,0.0,50,25600.0
2019-10-03,512.0,512.0,512.0,512.0,0.2,120,61440.0
2019-10-02,502.0,511.0,501.0,511.0,0.0,400,202450.0
2019-10-01,511.0,511.0,511.0,511.0,0.0,37,18907.0
2019-09-30,511.0,511.0,511.0,511.0,2.0,111,56721.0
2019-09-29,501.0,501.0,501.0,501.0,-1.76,10,5010.0
2019-09-26,525.0,525.0,510.0,510.0,-0.97,469,240691.0
2019-09-25,505.0,515.0,505.0,515.0,1.98,157,80200.0
2019-09-24,498.0,505.0,498.0,505.0,1.0,102,51254.0
2019-09-23,500.0,500.0,500.0,500.0,0.0,144,72000.0
2019-09-22,515.0,515.0,500.0,500.0,-6.54,656,332815.0
2019-09-19,535.0,535.0,535.0,535.0,-1.83,50,26750.0
2019-09-18,509.0,545.0,507.0,545.0,7.5,842,433601.0
2019-09-17,516.0,526.0,506.0,507.0,0.2,907,463342.0
2019-09-16,514.0,514.0,506.0,506.0,-1.75,160,81500.0
2019-09-15,515.0,515.0,515.0,515.0,-0.96,12,6180.0
2019-09-12,530.0,530.0,520.0,520.0,-1.7,237,123870.0
2019-09-11,525.0,529.0,525.0,529.0,-0.19,50,26382.0
2019-09-10,520.0,530.0,520.0,530.0,3.31,211,109830.0
2019-09-09,516.0,516.0,513.0,513.0,-1.72,46,23668.0
2019-09-08,522.0,522.0,522.0,522.0,-1.51,70,36540.0
2019-09-05,530.0,536.0,530.0,530.0,0.0,860,458060.0
2019-09-04,538.0,540.0,530.0,530.0,0.0,1105,589580.0
2019-09-03,527.0,530.0,520.0,530.0,2.51,202,105750.0
2019-09-02,520.0,520.0,511.0,517.0,0.98,1014,519182.0
2019-09-01,517.0,517.0,512.0,512.0,-1.73,506,260222.0
2019-08-29,535.0,535.0,521.0,521.0,-3.52,492,257958.0
2019-08-28,556.0,557.0,540.0,540.0,-2.7,820,444600.0
2019-08-27,563.0,563.0,555.0,555.0,0.36,205,114410.0
2019-08-26,545.0,553.0,543.0,553.0,1.65,170,92710.0
2019-08-25,545.0,545.0,544.0,544.0,-1.98,110,59890.0
2019-08-22,555.0,555.0,555.0,555.0,0.91,50,27750.0
2019-08-21,550.0,550.0,550.0,550.0,0.0,100,55000.0
2019-08-20,545.0,550.0,540.0,550.0,0.0,492,270000.0
2019-08-19,530.0,550.0,530.0,550.0,3.77,792,423460.0
2019-08-18,535.0,535.0,530.0,530.0,-1.49,155,82200.0
2019-08-15,540.0,540.0,538.0,538.0,-1.47,258,139004.0
2019-08-14,546.0,547.0,546.0,546.0,-0.73,900,491440.0
2019-08-11,557.0,557.0,547.0,550.0,0.55,202,110966.0
2019-08-08,558.0,558.0,547.0,547.0,-3.87,188,104626.0
2019-08-07,547.0,569.0,547.0,569.0,1.97,346,192642.0
2019-08-06,559.0,559.0,549.0,558.0,-2.11,210,115890.0
2019-08-05,590.0,590.0,540.0,570.0,-3.39,2029,1123538.0
2019-08-04,580.0,614.0,580.0,590.0,1.9,3358,1998699.0
2019-08-01,577.0,598.0,551.0,579.0,2.12,2030,1164203.0
2019-07-31,540.0,576.0,540.0,567.0,4.04,3237,1803258.0
2019-07-30,535.0,545.0,535.0,545.0,3.81,70,37550.0
2019-07-29,520.0,530.0,520.0,525.0,-0.94,330,174185.0
2019-07-28,528.0,530.0,528.0,530.0,-1.49,140,74120.0
2019-07-25,530.0,540.0,530.0,538.0,-0.37,993,529640.0
2019-07-24,532.0,540.0,532.0,540.0,1.5,563,301405.0
2019-07-23,520.0,532.0,520.0,532.0,1.92,760,400770.0
2019-07-22,539.0,539.0,522.0,522.0,-5.09,81,42692.0
2019-07-21,550.0,550.0,550.0,550.0,0.0,110,60500.0
2019-07-18,550.0,550.0,550.0,550.0,0.92,100,55000.0
2019-07-17,510.0,545.0,510.0,545.0,6.86,815,439246.0
2019-07-16,510.0,510.0,510.0,510.0,-1.35,40,20400.0
2019-07-14,510.0,517.0,510.0,517.0,3.4,33,16970.0
2019-07-11,517.0,517.0,495.0,500.0,-2.34,756,380421.0
2019-07-10,495.0,512.0,495.0,512.0,4.49,171,86475.0
2019-07-09,520.0,520.0,490.0,490.0,-3.92,520,263850.0
2019-07-08,520.0,520.0,500.0,510.0,-3.77,486,248430.0
2019-07-07,556.0,583.0,515.0,530.0,0.0,1868,1035772.0
2019-07-04,506.0,530.0,506.0,530.0,9.96,992,525030.0
2019-07-03,498.0,498.0,482.0,482.0,-1.43,807,391494.0
2019-07-02,480.0,489.0,471.0,489.0,1.88,436,209123.0
2019-07-01,489.0,489.0,480.0,480.0,-3.61,135,64930.0
2019-06-27,510.0,510.0,498.0,498.0,-1.97,184,92112.0
2019-06-26,508.0,508.0,508.0,508.0,1.8,10,5080.0
2019-06-25,500.0,500.0,490.0,499.0,-0.2,1071,527580.0
2019-06-24,500.0,500.0,500.0,500.0,1.83,10,5000.0
2019-06-23,500.0,500.0,491.0,491.0,-3.16,132,65734.0
2019-06-20,492.0,507.0,492.0,507.0,1.6,263,132080.0
2019-06-19,492.0,499.0,491.0,499.0,0.0,153,75253.0
2019-06-18,500.0,500.0,490.0,499.0,-0.2,81,39889.0
2019-06-17,510.0,510.0,500.0,500.0,-3.85,643,326500.0
2019-06-16,530.0,530.0,520.0,520.0,-3.7,460,240440.0
2019-06-13,541.0,541.0,540.0,540.0,-1.82,215,116260.0
2019-06-12,549.0,555.0,549.0,550.0,0.92,258,142119.0
2019-06-11,545.0,545.0,545.0,545.0,-0.73,12,6540.0
2019-06-10,549.0,549.0,549.0,549.0,-1.44,80,43920.0
2019-06-04,547.0,557.0,546.0,557.0,0.18,219,119839.0
2019-06-03,567.0,567.0,556.0,556.0,-3.81,310,174670.0
2019-06-02,578.0,578.0,578.0,578.0,0.0,15,8670.0
2019-05-30,572.0,584.0,567.0,578.0,0.87,907,522003.0
2019-05-29,571.0,573.0,562.0,573.0,0.53,376,212507.0
2019-05-28,570.0,570.0,569.0,570.0,-1.72,448,255175.0
2019-05-27,580.0,580.0,580.0,580.0,1.93,18,10440.0
2019-05-26,565.0,569.0,565.0,569.0,-0.18,197,111698.0
2019-05-23,546.0,570.0,546.0,570.0,3.45,166,92692.0
2019-05-22,550.0,561.0,550.0,551.0,2.04,2425,1345258.0
2019-05-21,573.0,573.0,530.0,540.0,-7.06,1700,943926.0
2019-05-20,570.0,581.0,570.0,581.0,1.75,651,371620.0
2019-05-19,565.0,575.0,565.0,571.0,-0.87,516,295476.0
2019-05-16,580.0,585.0,569.0,576.0,-2.21,2218,1281906.0
2019-05-15,590.0,595.0,585.0,589.0,1.55,1734,1022011.0
2019-05-14,600.0,600.0,580.0,580.0,-3.65,1005,591393.0
2019-05-13,600.0,613.0,600.0,602.0,0.33,1375,827035.0
2019-05-12,630.0,630.0,600.0,600.0,-3.69,634,385806.0
2019-05-09,625.0,638.0,623.0,623.0,-0.64,937,593545.0
2019-05-08,615.0,627.0,609.0,627.0,1.13,323,198653.0
2019-05-07,644.0,644.0,620.0,620.0,-5.63,120,75360.0
2019-05-05,670.0,670.0,657.0,657.0,-0.45,29,19300.0
2019-04-30,657.0,660.0,657.0,660.0,-1.49,386,254202.0
2019-04-29,650.0,670.0,648.0,670.0,1.52,2166,1421655.0
2019-04-28,655.0,674.0,651.0,660.0,1.38,631,416830.0
2019-04-24,651.0,651.0,651.0,651.0,1.72,100,65100.0
2019-04-23,640.0,640.0,640.0,640.0,0.16,120,76800.0
2019-04-22,640.0,652.0,639.0,639.0,-0.16,287,185707.0
2019-04-18,640.0,640.0,640.0,640.0,0.0,986,631040.0
2019-04-17,640.0,640.0,640.0,640.0,0.47,250,160000.0
2019-04-16,659.0,660.0,637.0,637.0,-2.3,660,431970.0
2019-04-15,649.0,652.0,649.0,652.0,1.88,210,136570.0
2019-04-11,640.0,640.0,640.0,640.0,-1.99,85,54400.0
2019-04-10,632.0,653.0,632.0,653.0,1.4,110,70330.0
2019-04-09,657.0,657.0,644.0,644.0,-3.88,90,59000.0
2019-04-08,610.0,670.0,610.0,670.0,9.84,1748,1103710.0
2019-04-07,606.0,610.0,600.0,610.0,0.33,370,224440.0
2019-04-04,611.0,612.0,608.0,608.0,1.16,138,84296.0
2019-04-03,610.0,610.0,601.0,601.0,-2.28,966,583386.0
2019-04-02,608.0,622.0,608.0,615.0,0.82,265,163430.0
2019-04-01,610.0,610.0,610.0,610.0,0.0,50,30500.0
2019-03-31,607.0,610.0,607.0,610.0,0.0,53,32261.0
2019-03-28,607.0,610.0,607.0,610.0,-1.45,90,54810.0
2019-03-27,607.0,619.0,607.0,619.0,0.65,523,317891.0
2019-03-26,606.0,615.0,606.0,615.0,-0.49,230,140100.0
2019-03-25,620.0,622.0,617.0,618.0,-1.12,407,251534.0
2019-03-24,630.0,630.0,625.0,625.0,-2.34,116,72995.0
2019-03-18,655.0,655.0,640.0,640.0,-1.54,915,593950.0
2019-03-17,650.0,650.0,650.0,650.0,0.0,100,65000.0
2019-03-14,650.0,650.0,650.0,650.0,0.0,30,19500.0
2019-03-13,660.0,660.0,650.0,650.0,-3.42,106,69200.0
2019-03-12,674.0,674.0,673.0,673.0,1.05,230,154990.0
2019-03-11,666.0,666.0,666.0,666.0,0.0,50,33300.0
2019-03-07,653.0,666.0,630.0,666.0,0.0,985,632980.0
2019-03-06,644.0,666.0,644.0,666.0,5.38,30,19660.0
2019-03-05,628.0,632.0,628.0,632.0,-0.78,400,252400.0
2019-03-03,640.0,640.0,637.0,637.0,-2.0,40,25510.0
2019-02-27,651.0,652.0,640.0,650.0,-1.52,7470,4809830.0
2019-02-26,670.0,670.0,660.0,660.0,-3.37,198,131080.0
2019-02-25,670.0,683.0,670.0,683.0,1.94,168,112690.0
2019-02-21,680.0,680.0,670.0,670.0,-1.47,499,336341.0
2019-02-20,690.0,690.0,680.0,680.0,-1.45,287,197397.0
2019-02-18,690.0,690.0,690.0,690.0,0.0,60,41400.0
2019-02-17,690.0,690.0,690.0,690.0,0.0,41,28290.0
2019-02-14,718.0,718.0,690.0,690.0,-1.99,255,179103.0
2019-02-13,693.0,704.0,692.0,704.0,-0.14,225,157000.0
2019-02-11,705.0,705.0,705.0,705.0,0.71,24,16920.0
2019-02-10,693.0,700.0,691.0,700.0,-0.71,328,226938.0
2019-02-05,702.0,705.0,702.0,705.0,2.03,611,430024.0
2019-02-04,691.0,691.0,691.0,691.0,-1.43,30,20730.0
2019-02-03,700.0,705.0,700.0,701.0,-0.14,686,481251.0
2019-01-31,705.0,705.0,692.0,702.0,0.43,519,362235.0
2019-01-30,716.0,716.0,699.0,699.0,-1.69,240,168445.0
2019-01-29,715.0,715.0,711.0,711.0,-0.42,320,227820.0
2019-01-28,700.0,714.0,700.0,714.0,2.0,330,234209.0
2019-01-27,701.0,701.0,700.0,700.0,-0.57,125,87570.0
2019-01-24,714.0,714.0,704.0,704.0,-1.4,460,325236.0
2019-01-23,710.0,715.0,710.0,714.0,2.0,679,484755.0
2019-01-21,701.0,705.0,696.0,700.0,0.0,2616,1829081.0
2019-01-20,724.0,724.0,700.0,700.0,-1.41,1042,752940.0
2019-01-17,724.0,724.0,710.0,710.0,-0.98,1554,1120120.0
2019-01-16,720.0,721.0,717.0,717.0,-1.78,1158,833558.0
2019-01-15,707.0,730.0,702.0,730.0,1.96,1461,1033174.0
2019-01-14,710.0,716.0,700.0,716.0,-0.97,600,424750.0
2019-01-13,723.0,723.0,723.0,723.0,1.83,48,34704.0
2019-01-10,720.0,727.0,710.0,710.0,0.57,1379,1000073.0
2019-01-09,718.0,740.0,706.0,706.0,0.28,365,265200.0
2019-01-08,716.0,716.0,702.0,704.0,-3.56,762,537413.0
2019-01-07,705.0,730.0,705.0,730.0,3.99,825,583285.0
2019-01-06,720.0,720.0,702.0,702.0,-1.96,397,280234.0
2019-01-03,720.0,744.0,716.0,716.0,-1.24,70,51040.0
2019-01-02,744.0,744.0,725.0,725.0,-2.55,260,190570.0
2019-01-01,730.0,744.0,700.0,744.0,0.55,790,566020.0
2018-12-31,930.0,930.0,904.0,905.0,-0.77,4819,4419201.0
2018-12-30,954.0,954.0,909.0,912.0,-2.67,2739,2555485.0
2018-12-27,962.0,975.0,913.0,937.0,-0.74,1344,1261843.0
2018-12-26,930.0,948.0,915.0,944.0,3.17,1781,1663325.0
2018-12-25,902.0,915.0,884.0,915.0,-0.54,1104,981405.0
2018-12-24,900.0,920.0,885.0,920.0,0.66,1059,958900.0
2018-12-23,884.0,914.0,875.0,914.0,5.42,1555,1389909.0
2018-12-20,878.0,890.0,860.0,867.0,0.7,1628,1418050.0
2018-12-19,886.0,920.0,861.0,861.0,-0.92,1036,921519.0
2018-12-18,805.0,869.0,805.0,869.0,10.0,4611,3949730.0
2018-12-17,746.0,790.0,746.0,790.0,7.92,107,80976.0
2018-12-16,754.0,765.0,732.0,732.0,-1.08,843,629030.0
2018-12-13,726.0,740.0,725.0,740.0,1.93,529,384075.0
2018-12-12,731.0,735.0,726.0,726.0,-1.89,639,465004.0
2018-12-11,740.0,740.0,740.0,740.0,-0.54,63,46620.0
2018-12-10,702.0,744.0,702.0,744.0,6.29,205,149384.0
2018-12-09,700.0,700.0,700.0,700.0,-0.14,200,140000.0
2018-12-06,715.0,715.0,701.0,701.0,0.0,1035,731412.0
2018-12-05,705.0,705.0,701.0,701.0,-1.82,150,105230.0
2018-12-04,710.0,714.0,698.0,714.0,0.71,1458,1026288.0
2018-12-03,749.0,749.0,707.0,709.0,-3.54,1772,1277760.0
2018-12-02,770.0,780.0,735.0,735.0,-4.55,333,251305.0
2018-11-29,770.0,770.0,770.0,770.0,-1.28,70,53900.0
2018-11-28,785.0,785.0,773.0,780.0,-1.89,813,632922.0
2018-11-27,774.0,795.0,773.0,795.0,4.88,473,368554.0
2018-11-26,765.0,765.0,758.0,758.0,-1.69,735,558256.0
2018-11-25,772.0,772.0,771.0,771.0,-1.78,420,323940.0
2018-11-21,777.0,785.0,775.0,785.0,1.16,1370,1066832.0
2018-11-20,776.0,788.0,776.0,776.0,-1.52,40,31040.0
2018-11-19,800.0,815.0,788.0,788.0,-3.31,608,485636.0
2018-11-18,809.0,815.0,809.0,815.0,-1.21,477,386253.0
2018-11-15,825.0,825.0,824.0,825.0,-1.79,308,254042.0
2018-11-14,820.0,840.0,820.0,840.0,0.72,346,288101.0
2018-11-13,846.0,850.0,830.0,834.0,0.48,232,195382.0
2018-11-12,840.0,845.0,830.0,830.0,-1.78,146,121840.0
2018-11-05,826.0,845.0,826.0,845.0,1.81,228,191128.0
2018-11-04,830.0,830.0,830.0,830.0,0.0,30,24900.0
2018-11-01,829.0,845.0,829.0,830.0,-0.36,169,140536.0
2018-10-31,841.0,841.0,830.0,833.0,-1.65,1719,1430516.0
2018-10-30,870.0,870.0,847.0,847.0,-1.51,476,404876.0
2018-10-29,910.0,910.0,860.0,860.0,-3.8,547,482595.0
2018-10-24,894.0,894.0,894.0,894.0,1.94,20,17880.0
2018-10-23,877.0,877.0,877.0,877.0,1.98,10,8770.0
2018-10-22,860.0,860.0,860.0,860.0,0.0,48,41280.0
2018-10-14,860.0,860.0,859.0,860.0,-1.83,470,404130.0
2018-10-11,876.0,876.0,876.0,876.0,1.98,242,211992.0
2018-10-10,876.0,876.0,859.0,859.0,-2.61,150,130500.0
2018-10-09,882.0,882.0,882.0,882.0,-1.12,200,176400.0
2018-10-08,892.0,892.0,892.0,892.0,1.36,50,44600.0
2018-10-07,881.0,881.0,880.0,880.0,-1.23,200,176100.0
2018-10-04,900.0,900.0,891.0,891.0,-1.55,467,416997.0
2018-10-03,895.0,905.0,893.0,905.0,0.0,712,637556.0
2018-10-02,918.0,918.0,900.0,905.0,-1.42,116,105109.0
2018-10-01,930.0,930.0,915.0,918.0,-2.44,243,223593.0
2018-09-30,941.0,941.0,941.0,941.0,-0.95,40,37640.0
2018-09-27,950.0,950.0,950.0,950.0,0.0,10,9500.0
2018-09-26,979.0,979.0,950.0,950.0,-1.04,305,292792.0
2018-09-25,960.0,960.0,955.0,960.0,1.48,30,28750.0
2018-09-23,950.0,950.0,946.0,946.0,-1.36,200,189640.0
2018-09-20,987.0,987.0,959.0,959.0,-1.13,330,319110.0
2018-09-18,960.0,982.0,955.0,970.0,2.65,760,734800.0
2018-09-17,938.0,978.0,938.0,945.0,2.72,2096,2030568.0
2018-09-16,969.0,969.0,920.0,920.0,-3.16,999,933932.0
2018-09-13,935.0,950.0,917.0,950.0,3.15,285,266265.0
2018-09-12,921.0,921.0,909.0,921.0,1.99,99,90238.0
2018-09-11,921.0,921.0,903.0,903.0,0.0,140,126600.0
2018-09-09,921.0,921.0,903.0,903.0,-3.83,100,90890.0
2018-09-06,925.0,939.0,925.0,939.0,1.51,45,41835.0
2018-09-05,910.0,925.0,910.0,925.0,2.78,921,839737.0
2018-09-04,880.0,900.0,880.0,900.0,2.27,674,597270.0
2018-09-03,886.0,895.0,880.0,880.0,1.15,420,371470.0
2018-09-02,870.0,870.0,870.0,870.0,0.35,131,113970.0
2018-08-30,855.0,867.0,855.0,867.0,2.48,110,94690.0
2018-08-29,846.0,846.0,846.0,846.0,-0.59,18,15228.0
2018-08-28,864.0,864.0,851.0,851.0,-3.41,800,684950.0
2018-08-26,895.0,895.0,881.0,881.0,-0.79,50,44420.0
2018-08-23,890.0,890.0,888.0,888.0,-1.33,120,106660.0
2018-08-22,900.0,900.0,900.0,900.0,0.0,10,9000.0
2018-08-21,902.0,902.0,900.0,900.0,-1.96,114,102752.0
2018-08-20,925.0,925.0,918.0,918.0,-1.92,110,101680.0
2018-08-16,954.0,954.0,936.0,936.0,-1.89,334,314966.0
2018-08-15,918.0,954.0,910.0,954.0,6.0,400,368300.0
2018-08-14,897.0,900.0,897.0,900.0,2.27,243,218421.0
2018-08-13,870.0,880.0,870.0,880.0,0.8,134,117080.0
2018-08-12,873.0,873.0,873.0,873.0,-1.91,200,174600.0
2018-08-09,902.0,902.0,890.0,890.0,-1.33,116,103432.0
2018-08-08,902.0,902.0,901.0,902.0,-0.88,822,740944.0
2018-08-07,921.0,921.0,910.0,910.0,-1.62,140,127810.0
2018-08-02,925.0,925.0,925.0,925.0,0.22,70,64750.0
2018-08-01,923.0,923.0,923.0,923.0,1.99,20,18460.0
2018-07-31,901.0,905.0,900.0,905.0,-0.55,248,223694.0
2018-07-30,910.0,910.0,910.0,910.0,0.89,10,9100.0
2018-07-29,905.0,905.0,902.0,902.0,-1.96,179,161736.0
2018-07-26,936.0,936.0,918.0,920.0,-3.66,50,46300.0
2018-07-25,955.0,955.0,955.0,955.0,-1.95,19,18145.0
2018-07-24,938.0,974.0,938.0,974.0,5.87,230,221310.0
2018-07-23,918.0,936.0,918.0,920.0,2.22,380,349920.0
2018-07-22,922.0,922.0,885.0,900.0,-4.05,1772,1600138.0
2018-07-19,948.0,948.0,938.0,938.0,-2.8,437,412833.0
2018-07-17,978.0,978.0,965.0,965.0,-3.21,230,224550.0
2018-07-16,965.0,997.0,960.0,997.0,3.85,278,270772.0
2018-07-15,959.0,960.0,945.0,960.0,-0.62,423,402801.0
2018-07-12,971.0,971.0,965.0,966.0,-2.42,2815,2730865.0
2018-07-11,1000.0,1040.0,990.0,990.0,0.92,1074,1096823.0
2018-07-10,990.0,990.0,981.0,981.0,0.1,162,159480.0
2018-07-09,999.0,999.0,980.0,980.0,0.0,1100,1087800.0
2018-07-08,990.0,1000.0,980.0,980.0,-2.49,240,238680.0
2018-07-05,967.0,1005.0,940.0,1005.0,5.9,1120,1073412.0
2018-07-04,932.0,950.0,931.0,949.0,3.72,292,275058.0
2018-07-03,925.0,925.0,915.0,915.0,-1.93,320,293050.0
2018-07-02,915.0,933.0,902.0,933.0,1.52,202,185706.0
2018-07-01,906.0,919.0,900.0,919.0,-0.11,500,454170.0
2018-06-28,902.0,920.0,902.0,920.0,0.33,49,44738.0
2018-06-27,913.0,930.0,912.0,917.0,-1.4,260,237900.0
2018-06-26,947.0,947.0,930.0,930.0,-1.8,223,208801.0
2018-06-25,970.0,970.0,947.0,947.0,-3.86,370,354130.0
2018-06-24,985.0,985.0,984.0,985.0,1.97,120,118180.0
2018-06-21,984.0,984.0,966.0,966.0,0.1,235,230510.0
2018-06-18,950.0,965.0,945.0,965.0,-0.31,867,829650.0
2018-06-17,970.0,972.0,968.0,968.0,-1.83,550,533600.0
2018-06-14,996.0,996.0,986.0,986.0,-1.0,260,256890.0
2018-06-13,996.0,996.0,996.0,996.0,0.71,50,49800.0
2018-06-12,975.0,989.0,971.0,989.0,-0.1,510,496250.0
2018-06-11,990.0,990.0,990.0,990.0,1.96,180,178200.0
2018-06-10,971.0,971.0,952.0,971.0,0.0,720,691770.0
2018-06-07,983.0,985.0,960.0,971.0,-2.9,2872,2786845.0
2018-06-06,989.0,1029.0,989.0,1000.0,3.09,1355,1377250.0
2018-06-04,981.0,1020.0,942.0,970.0,-3.1,3110,3018740.0
2018-06-03,1039.0,1040.0,1000.0,1001.0,-5.57,2182,2228252.0
2018-05-31,1085.0,1085.0,1060.0,1060.0,-1.49,1100,1182950.0
2018-05-30,1120.0,1130.0,1076.0,1076.0,-3.93,1269,1393618.0
2018-05-29,1150.0,1150.0,1118.0,1120.0,-0.71,1110,1262700.0
2018-05-28,1100.0,1128.0,1081.0,1128.0,2.55,1325,1459200.0
2018-05-27,1084.0,1100.0,1084.0,1100.0,-0.54,160,173650.0
2018-05-24,1147.0,1169.0,1106.0,1106.0,-1.69,1522,1709014.0
2018-05-23,1120.0,1145.0,1100.0,1125.0,0.54,2306,2586920.0
2018-05-22,1130.0,1130.0,1119.0,1119.0,-0.36,590,665710.0
2018-05-21,1123.0,1123.0,1123.0,1123.0,2.0,253,284053.0
2018-05-20,1105.0,1110.0,1101.0,1101.0,-1.26,517,571101.0
2018-05-17,1132.0,1132.0,1115.0,1115.0,-1.59,435,488940.0
2018-05-16,1111.0,1133.0,1111.0,1133.0,3.94,70,78210.0
2018-05-14,1105.0,1105.0,1090.0,1090.0,-3.11,1225,1345500.0
2018-05-10,1140.0,1140.0,1125.0,1125.0,-1.92,267,302535.0
2018-05-09,1147.0,1147.0,1147.0,1147.0,1.96,20,22940.0
2018-05-08,1111.0,1125.0,1111.0,1125.0,3.21,263,295725.0
2018-05-07,1117.0,1118.0,1090.0,1090.0,-4.22,955,1059695.0
2018-05-06,1137.0,1139.0,1137.0,1138.0,-0.96,420,478068.0
2018-05-03,1141.0,1155.0,1140.0,1149.0,2.68,2348,2690440.0
2018-05-02,1112.0,1120.0,1095.0,1119.0,2.57,878,970984.0
2018-04-29,1086.0,1130.0,1085.0,1091.0,-1.53,735,809025.0
2018-04-26,1135.0,1140.0,1080.0,1108.0,-1.95,1288,1422155.0
2018-04-25,1130.0,1162.0,1130.0,1130.0,-0.88,1578,1797716.0
2018-04-24,1150.0,1170.0,1107.0,1140.0,-1.38,2933,3357615.0
2018-04-23,1192.0,1239.0,1132.0,1156.0,-1.11,9311,11003540.0
2018-04-22,1089.0,1169.0,1086.0,1169.0,9.35,4205,4735211.0
2018-04-19,1079.0,1079.0,1058.0,1069.0,1.04,1092,1159770.0
2018-04-18,1061.0,1082.0,1040.0,1058.0,-0.28,2187,2335026.0
2018-04-17,985.0,1062.0,973.0,1061.0,9.83,4734,4947820.0
2018-04-16,963.0,1001.0,963.0,966.0,2.22,2350,2305510.0
2018-04-15,915.0,951.0,915.0,945.0,1.94,802,743810.0
2018-04-12,940.0,958.0,916.0,927.0,0.54,2825,2629251.0
2018-04-11,903.0,939.0,887.0,922.0,0.11,100,90890.0
2018-04-10,930.0,950.0,900.0,921.0,0.99,1318,1215484.0
2018-04-09,960.0,998.0,910.0,912.0,-3.18,5524,5225582.0
2018-04-08,941.0,1005.0,924.0,942.0,2.06,4012,3858785.0
2018-04-05,890.0,940.0,873.0,923.0,4.89,3650,3290548.0
2018-04-04,850.0,880.0,850.0,880.0,5.52,820,720170.0
2018-04-03,841.0,855.0,830.0,834.0,-1.42,1136,955134.0
2018-04-02,831.0,846.0,830.0,846.0,0.12,456,379386.0
2018-04-01,852.0,854.0,835.0,845.0,-2.76,528,447730.0
2018-03-29,873.0,873.0,855.0,869.0,1.52,1630,1408980.0
2018-03-28,875.0,880.0,840.0,856.0,-2.17,4001,3446248.0
2018-03-27,817.0,898.0,785.0,875.0,7.1,2263,1935870.0
2018-03-26,850.0,850.0,817.0,817.0,-5.77,240,200020.0
2018-03-22,868.0,902.0,834.0,867.0,-2.03,1128,973680.0
2018-03-21,905.0,905.0,868.0,885.0,-2.96,775,684085.0
2018-03-20,924.0,924.0,912.0,912.0,-0.98,210,191640.0
2018-03-18,939.0,939.0,921.0,921.0,-1.92,311,288991.0
2018-03-15,939.0,939.0,935.0,939.0,1.51,141,132189.0
2018-03-14,910.0,925.0,910.0,925.0,2.78,930,855750.0
2018-03-13,913.0,931.0,900.0,900.0,-1.1,2185,1986300.0
2018-03-12,923.0,941.0,910.0,910.0,-3.19,1470,1363940.0
2018-03-11,969.0,980.0,935.0,940.0,-4.86,501,482300.0
2018-03-07,986.0,1005.0,960.0,988.0,2.17,2389,2347635.0
2018-03-06,930.0,984.0,930.0,967.0,2.0,1146,1095636.0
2018-03-05,949.0,950.0,887.0,948.0,1.83,2938,2690297.0
2018-03-04,1014.0,1014.0,931.0,931.0,-8.19,2990,2954300.0
2018-02-28,1060.0,1064.0,1012.0,1014.0,-5.14,2631,2694033.0
2018-02-27,1096.0,1130.0,1069.0,1069.0,-0.83,1065,1179984.0
2018-02-26,1120.0,1120.0,1078.0,1078.0,-4.6,3005,3280040.0
2018-02-25,1134.0,1134.0,1112.0,1130.0,-2.33,460,518300.0
2018-02-22,1160.0,1165.0,1157.0,1157.0,-0.69,125,145205.0
2018-02-21,1180.0,1183.0,1165.0,1165.0,0.43,160,188080.0
2018-02-20,1245.0,1245.0,1158.0,1160.0,-5.84,2340,2730880.0
2018-02-18,1264.0,1263.0,1210.0,1232.0,-0.65,1637,2010170.0
2018-02-15,1157.0,1240.0,1179.0,1240.0,0.0,3805,4595127.0
2018-02-14,1198.0,1175.0,1115.0,1157.0,0.0,2526,2897500.0
2018-02-12,1180.0,1198.0,1180.0,1198.0,0.0,245,289910.0
2018-02-11,1191.0,1200.0,1180.0,1180.0,0.0,1040,1236550.0
2018-02-08,1180.0,1210.0,1172.0,1191.0,0.0,676,808240.0
2018-02-07,1230.0,1207.0,1165.0,1180.0,0.0,2158,2572901.0
2018-02-06,1246.0,1236.0,1223.0,1230.0,0.0,315,387233.0
2018-02-05,1247.0,1255.0,1241.0,1246.0,0.0,1350,1684770.0
2018-02-04,1260.0,1251.0,1245.0,1247.0,0.0,770,961800.0
2018-02-01,1250.0,1270.0,1250.0,1260.0,0.0,940,1178250.0
2018-01-31,1242.0,1250.0,1232.0,1250.0,0.0,468,579360.0
2018-01-29,1247.0,1250.0,1230.0,1242.0,0.0,1782,2200750.0
2018-01-28,1274.0,1299.0,1247.0,1247.0,0.0,1600,2005910.0
2018-01-25,1236.0,1274.0,1235.0,1274.0,0.0,2109,2641546.0
2018-01-24,1280.0,1261.0,1236.0,1236.0,0.0,1213,1512500.0
2018-01-23,1300.0,1290.0,1265.0,1280.0,0.0,499,639155.0
2018-01-22,1326.0,1310.0,1300.0,1300.0,0.0,1040,1356150.0
2018-01-21,1350.0,1342.0,1326.0,1326.0,0.0,710,947460.0
2018-01-17,1325.0,1350.0,1300.0,1350.0,0.0,1005,1312399.0
2018-01-16,1370.0,1343.0,1325.0,1325.0,0.0,607,811925.0
2018-01-14,1370.0,1397.0,1361.0,1370.0,0.0,1361,1869391.0
2018-01-10,1440.0,1440.0,1352.0,1370.0,0.0,1976,2710950.0
2018-01-09,1427.0,1468.0,1440.0,1440.0,0.0,360,519800.0
2018-01-08,1379.0,1427.0,1390.0,1427.0,0.0,625,873025.0
2018-01-07,1360.0,1407.0,1375.0,1379.0,0.0,206,284620.0
2018-01-04,1396.0,1369.0,1360.0,1360.0,0.0,156,213060.0
2018-01-03,1424.0,1397.0,1396.0,1396.0,0.0,87,121617.0
2018-01-02,1405.0,1424.0,1400.0,1424.0,0.0,550,772660.0
2018-01-01,1355.0,1405.0,1354.0,1405.0,0.0,690,943440.0
2017-12-31,1436.0,1410.0,1355.0,1355.0,0.0,630,866310.0
2017-12-28,1746.0,1725.0,1685.0,1685.0,0.0,613,1044940.0
2017-12-27,1795.0,1780.0,1746.0,1746.0,0.0,254,449020.0
2017-12-26,1795.0,1795.0,1795.0,1795.0,0.0,30,53850.0
2017-12-24,1795.0,1795.0,1795.0,1795.0,0.0,15,26925.0
2017-12-21,1799.0,1802.0,1764.0,1795.0,0.0,255,457860.0
2017-12-20,1780.0,1820.0,1799.0,1799.0,0.0,663,1196207.0
2017-12-19,1815.0,1800.0,1779.0,1780.0,0.0,90,161190.0
2017-12-18,1810.0,1846.0,1815.0,1815.0,0.0,350,637530.0
2017-12-17,1876.0,1839.0,1810.0,1810.0,0.0,40,72690.0
2017-12-13,1840.0,1876.0,1840.0,1876.0,0.0,80,148280.0
2017-12-12,1882.0,1875.0,1840.0,1840.0,0.0,50,92700.0
2017-12-11,1914.0,1920.0,1882.0,1882.0,0.0,117,222094.0
2017-12-06,1885.0,1922.0,1885.0,1914.0,0.0,408,773575.0
2017-12-05,1920.0,1890.0,1885.0,1885.0,0.0,191,360625.0
2017-12-04,1917.0,1920.0,1890.0,1920.0,0.0,178,340230.0
2017-11-30,1890.0,1917.0,1880.0,1917.0,0.0,120,227450.0
2017-11-29,1820.0,1930.0,1830.0,1890.0,0.0,590,1112445.0
2017-11-28,1750.0,1820.0,1750.0,1820.0,0.0,350,617850.0
2017-11-27,1750.0,1809.0,1750.0,1750.0,0.0,515,908815.0
2017-11-26,1730.0,1799.0,1750.0,1750.0,0.0,420,743330.0
2017-11-23,1720.0,1730.0,1720.0,1730.0,0.0,275,473300.0
2017-11-20,1706.0,1720.0,1720.0,1720.0,0.0,350,602000.0
2017-11-19,1800.0,1775.0,1706.0,1706.0,0.0,740,1284330.0
2017-11-16,1779.0,1800.0,1744.0,1800.0,0.0,439,777115.0
2017-11-15,1810.0,1846.0,1779.0,1779.0,0.0,540,985190.0
2017-11-14,1725.0,1829.0,1759.0,1810.0,0.0,871,1562350.0
2017-11-13,1710.0,1744.0,1711.0,1725.0,0.0,280,482716.0
2017-11-12,1740.0,1710.0,1670.0,1710.0,0.0,985,1659925.0
2017-11-09,1753.0,1758.0,1718.0,1740.0,0.0,1165,2017505.0
2017-11-08,1825.0,1789.0,1719.0,1753.0,0.0,1681,2941029.0
2017-11-07,1890.0,1860.0,1825.0,1825.0,0.0,750,1383125.0
2017-11-06,1930.0,1930.0,1890.0,1890.0,0.0,301,571780.0
2017-11-05,1950.0,1960.0,1930.0,1930.0,0.0,1365,2638170.0
2017-11-02,2000.0,1970.0,1950.0,1950.0,0.0,355,695800.0
2017-10-31,2020.0,2020.0,2000.0,2000.0,0.0,40,80400.0
2017-10-30,2060.0,2020.0,2019.0,2020.0,0.0,251,506920.0
2017-10-29,2100.0,2090.0,2060.0,2060.0,0.0,118,245670.0
2017-10-25,2100.0,2100.0,2090.0,2100.0,0.0,1304,2732680.0
2017-10-24,2120.0,2100.0,2095.0,2100.0,0.0,550,1152750.0
2017-10-23,2080.0,2120.0,2053.0,2120.0,0.0,1094,2292012.0
2017-10-22,2085.0,2120.0,2080.0,2080.0,0.0,320,668480.0
2017-10-17,2065.0,2085.0,2035.0,2085.0,0.0,539,1114440.0
2017-10-16,2020.0,2065.0,2050.0,2065.0,0.0,166,340750.0
2017-10-15,1950.0,2020.0,1950.0,2020.0,0.0,296,589380.0
2017-10-12,1925.0,1970.0,1930.0,1950.0,0.0,829,1612090.0
2017-10-11,1970.0,1952.0,1912.0,1925.0,0.0,795,1532140.0
2017-10-10,1960.0,1970.0,1970.0,1970.0,0.0,100,197000.0
2017-10-09,1999.0,1966.0,1960.0,1960.0,0.0,240,470890.0
2017-10-08,2029.0,1999.0,1935.0,1999.0,0.0,945,1855880.0
2017-10-04,2029.0,2029.0,2029.0,2029.0,0.0,50,101450.0
2017-10-03,2070.0,2040.0,2029.0,2029.0,0.0,300,608970.0
2017-09-26,2100.0,2114.0,2070.0,2070.0,0.0,355,736830.0
2017-09-24,2115.0,2120.0,2100.0,2100.0,0.0,340,716650.0
2017-09-20,2140.0,2130.0,2100.0,2115.0,0.0,955,2023495.0
2017-09-18,2151.0,2160.0,2126.0,2140.0,0.0,1860,3984630.0
2017-09-17,2085.0,2200.0,2125.0,2151.0,0.0,4456,9599068.0
2017-09-14,2005.0,2085.0,2045.0,2085.0,0.0,500,1026500.0
2017-09-13,1986.0,2030.0,1990.0,2005.0,0.0,607,1223595.0
2017-09-12,2035.0,2000.0,1986.0,1986.0,0.0,300,598550.0
2017-09-11,1982.0,2035.0,1985.0,2035.0,0.0,1047,2094705.0
2017-09-10,2080.0,2060.0,1972.0,1982.0,0.0,1990,3971730.0
2017-09-07,2115.0,2111.0,2050.0,2080.0,0.0,1262,2629589.0
2017-09-06,2100.0,2115.0,2090.0,2115.0,0.0,1258,2641086.0
2017-09-04,2170.0,2170.0,2100.0,2100.0,0.0,2035,4355950.0
2017-08-31,2200.0,2235.0,2170.0,2170.0,0.0,3005,6601430.0
2017-08-30,2165.0,2295.0,2200.0,2200.0,0.0,6002,13512283.0
2017-08-28,2095.0,2221.0,2136.0,2165.0,0.0,7432,16107601.0
2017-08-27,1905.0,2095.0,1943.0,2095.0,0.0,7726,16138332.0
2017-08-24,3694.0,3741.0,3673.0,3710.0,0.0,5212,19334830.0
2017-08-23,3650.0,3694.0,3640.0,3694.0,0.0,3730,13697314.0
2017-08-22,3625.0,3662.0,3600.0,3650.0,0.0,1924,6985827.0
2017-08-21,3648.0,3650.0,3600.0,3625.0,0.0,1974,7150088.0
2017-08-20,3655.0,3657.0,3616.0,3648.0,0.0,2286,8322389.0
2017-08-17,3641.0,3670.0,3642.0,3655.0,0.0,1569,5733905.0
2017-08-16,3606.0,3689.0,3640.0,3641.0,0.0,2964,10843121.0
2017-08-15,3600.0,3610.0,3600.0,3606.0,0.0,1076,3876950.0
2017-08-13,3600.0,3630.0,3580.0,3600.0,0.0,220,790600.0
2017-08-10,3615.0,3697.0,3571.0,3600.0,0.0,1759,6392188.0
2017-08-09,3710.0,3700.0,3615.0,3615.0,0.0,1152,4208165.0
2017-08-07,3774.0,3750.0,3650.0,3710.0,0.0,3190,11772833.0
2017-08-06,3600.0,3774.0,3620.0,3774.0,0.0,3145,11614835.0
2017-08-03,3505.0,3600.0,3481.0,3600.0,0.0,2129,7517007.0
2017-08-02,3470.0,3538.0,3453.0,3505.0,0.0,1827,6363517.0
2017-08-01,3400.0,3470.0,3410.0,3470.0,0.0,2146,7403256.0
2017-07-31,3414.0,3440.0,3400.0,3400.0,0.0,781,2670298.0
2017-07-30,3355.0,3415.0,3350.0,3414.0,0.0,1030,3494586.0
2017-07-27,3315.0,3415.0,3300.0,3355.0,0.0,1252,4201295.0
2017-07-26,3300.0,3366.0,3299.0,3315.0,0.0,729,2411937.0
2017-07-25,3249.0,3300.0,3250.0,3300.0,0.0,750,2458640.0
2017-07-24,3350.0,3347.0,3249.0,3249.0,0.0,1240,4097638.0
2017-07-23,3179.0,3391.0,3218.0,3350.0,0.0,2278,7530958.0
2017-07-20,3143.0,3179.0,3120.0,3179.0,0.0,339,1070383.0
2017-07-19,3150.0,3150.0,3090.0,3143.0,0.0,762,2385446.0
2017-07-18,3045.0,3150.0,3100.0,3150.0,0.0,1193,3724219.0
2017-07-17,3030.0,3050.0,2980.0,3045.0,0.0,430,1300130.0
2017-07-16,3001.0,3030.0,3000.0,3030.0,0.0,772,2332173.0
2017-07-13,3100.0,3100.0,2980.0,3001.0,0.0,1015,3070255.0
2017-07-12,3074.0,3100.0,3100.0,3100.0,0.0,10,31000.0
2017-07-11,3000.0,3074.0,3030.0,3074.0,0.0,726,2220620.0
2017-07-10,3000.0,3000.0,3000.0,3000.0,0.0,60,180000.0
2017-07-09,3000.0,3060.0,3000.0,3000.0,0.0,247,746668.0
2017-07-06,2985.0,3000.0,3000.0,3000.0,0.0,55,165000.0
2017-07-05,2931.0,2985.0,2931.0,2985.0,0.0,310,909150.0
2017-07-04,2975.0,2955.0,2930.0,2931.0,0.0,538,1582148.0
2017-07-03,2941.0,2975.0,2941.0,2975.0,0.0,976,2884248.0
2017-07-02,2990.0,2950.0,2941.0,2941.0,0.0,232,683247.0
2017-06-28,2965.0,3030.0,2990.0,2990.0,0.0,610,1827400.0
2017-06-27,2960.0,2980.0,2965.0,2965.0,0.0,395,1172905.0
2017-06-25,2975.0,2960.0,2950.0,2960.0,0.0,400,1181932.0
2017-06-22,2955.0,2999.0,2940.0,2975.0,0.0,279,829974.0
2017-06-21,2898.0,2999.0,2896.0,2955.0,0.0,1841,5448760.0
2017-06-20,2800.0,2898.0,2793.0,2898.0,0.0,611,1730420.0
2017-06-19,2910.0,2855.0,2800.0,2800.0,0.0,495,1407225.0
2017-06-18,2960.0,2910.0,2910.0,2910.0,0.0,75,218250.0
2017-06-15,2900.0,2960.0,2958.0,2960.0,0.0,282,834620.0
2017-06-14,2900.0,2900.0,2900.0,2900.0,0.0,150,435000.0
2017-06-13,2860.0,2930.0,2900.0,2900.0,0.0,427,1242620.0
2017-06-12,2890.0,2890.0,2860.0,2860.0,0.0,110,317600.0
2017-06-11,2950.0,2935.0,2890.0,2890.0,0.0,1058,3066940.0
2017-06-08,3000.0,3060.0,2940.0,2950.0,0.0,396,1179835.0
2017-06-07,3050.0,3070.0,3000.0,3000.0,0.0,757,2290680.0
2017-06-06,2975.0,3050.0,2980.0,3050.0,0.0,783,2370166.0
2017-06-05,2950.0,3009.0,2975.0,2975.0,0.0,856,2554070.0
2017-06-04,3000.0,3000.0,2950.0,2950.0,0.0,534,1586690.0
2017-06-01,3010.0,3010.0,3000.0,3000.0,0.0,244,733820.0
2017-05-31,2885.0,3010.0,2841.0,3010.0,0.0,360,1055042.0
2017-05-30,2940.0,2965.0,2885.0,2885.0,0.0,699,2041015.0
2017-05-28,3045.0,2985.0,2940.0,2940.0,0.0,800,2362050.0
2017-05-24,3025.0,3085.0,3010.0,3045.0,0.0,1025,3117928.0
2017-05-23,2940.0,3025.0,2931.0,3025.0,0.0,428,1268175.0
2017-05-22,2900.0,2940.0,2880.0,2940.0,0.0,100,291100.0
2017-05-21,2890.0,3015.0,2840.0,2900.0,0.0,1937,5710918.0
2017-05-18,2830.0,2890.0,2800.0,2890.0,0.0,1699,4827183.0
2017-05-17,2810.0,2830.0,2790.0,2830.0,0.0,1311,3682445.0
2017-05-16,2840.0,2810.0,2800.0,2810.0,0.0,349,979640.0
2017-05-15,2840.0,2860.0,2805.0,2840.0,0.0,300,848800.0
2017-05-11,2771.0,2882.0,2800.0,2840.0,0.0,1973,5561984.0
2017-05-09,2770.0,2804.0,2750.0,2771.0,0.0,929,2582940.0
2017-05-08,2739.0,2815.0,2732.0,2770.0,0.0,555,1538445.0
2017-05-07,2850.0,2875.0,2739.0,2739.0,0.0,1647,4566585.0
2017-05-04,2820.0,2850.0,2770.0,2850.0,0.0,1811,5075990.0
2017-05-03,2750.0,2850.0,2750.0,2820.0,0.0,2479,6962068.0
2017-05-02,2700.0,2754.0,2650.0,2750.0,0.0,1405,3833362.0
2017-04-30,2739.0,2700.0,2610.0,2700.0,0.0,869,2329160.0
2017-04-27,2770.0,2739.0,2613.0,2739.0,0.0,1668,4494554.0
2017-04-26,2652.0,2770.0,2680.0,2770.0,0.0,228,617650.0
2017-04-25,2570.0,2692.0,2570.0,2652.0,0.0,900,2344320.0
2017-04-24,2489.0,2580.0,2530.0,2570.0,0.0,132,339460.0
2017-04-23,2540.0,2591.0,2489.0,2489.0,0.0,666,1713326.0
2017-04-20,2540.0,2590.0,2540.0,2540.0,0.0,129,330160.0
2017-04-19,2355.0,2540.0,2402.0,2540.0,0.0,174,431960.0
2017-04-18,2463.0,2414.0,2305.0,2355.0,0.0,2238,5270400.0
2017-04-16,2540.0,2495.0,2415.0,2463.0,0.0,1225,3010055.0
2017-04-13,2500.0,2550.0,2450.0,2540.0,0.0,1084,2706020.0
2017-04-12,2500.0,2590.0,2500.0,2500.0,0.0,1090,2780400.0
2017-04-11,2321.0,2500.0,2280.0,2500.0,0.0,1412,3370539.0
2017-04-10,2110.0,2321.0,2152.0,2321.0,0.0,1073,2467303.0
2017-04-09,2177.0,2170.0,2110.0,2110.0,0.0,592,1259724.0
2017-04-06,2177.0,2177.0,2100.0,2177.0,0.0,763,1623776.0
2017-04-04,2221.0,2180.0,2177.0,2177.0,0.0,120,261540.0
2017-04-03,2267.0,2312.0,2221.0,2221.0,0.0,626,1438048.0
2017-04-02,2180.0,2267.0,2223.0,2267.0,0.0,450,1017950.0
2017-03-30,2208.0,2252.0,2180.0,2180.0,0.0,72,159320.0
2017-03-29,2209.0,2298.0,2208.0,2208.0,0.0,660,1484180.0
2017-03-28,2083.0,2209.0,2124.0,2209.0,0.0,30,64990.0
2017-03-26,1964.0,2083.0,1950.0,2083.0,0.0,235,470465.0
2017-03-23,1960.0,1964.0,1900.0,1964.0,0.0,550,1061450.0
2017-03-22,1872.0,2000.0,1850.0,1960.0,0.0,1720,3341220.0
2017-03-21,1705.0,1872.0,1705.0,1872.0,0.0,517,921683.0
2017-03-20,1550.0,1705.0,1550.0,1705.0,0.0,1211,2035167.0
2017-03-19,1520.0,1550.0,1550.0,1550.0,0.0,39,60450.0
2017-03-16,1550.0,1520.0,1520.0,1520.0,0.0,17,25840.0
2017-03-15,1480.0,1562.0,1500.0,1550.0,0.0,567,857259.0
2017-03-14,1450.0,1480.0,1479.0,1480.0,0.0,30,44390.0
2017-03-13,1422.0,1450.0,1450.0,1450.0,0.0,25,36250.0
2017-03-09,1450.0,1422.0,1422.0,1422.0,0.0,110,156420.0
2017-03-07,1440.0,1468.0,1439.0,1450.0,0.0,836,1209390.0
2017-03-06,1469.0,1498.0,1440.0,1440.0,0.0,80,116070.0
2017-03-05,1441.0,1469.0,1469.0,1469.0,0.0,10,14690.0
2017-03-02,1441.0,1468.0,1413.0,1441.0,0.0,370,531980.0
2017-03-01,1441.0,1469.0,1441.0,1441.0,0.0,950,1375950.0
2017-02-28,1441.0,1441.0,1441.0,1441.0,0.0,20,28820.0
2017-02-26,1500.0,1470.0,1441.0,1441.0,0.0,100,145550.0
2017-02-23,1488.0,1500.0,1500.0,1500.0,0.0,10,15000.0
2017-02-22,1485.0,1488.0,1460.0,1488.0,0.0,538,797744.0
2017-02-21,1500.0,1530.0,1485.0,1485.0,0.0,317,475500.0
2017-02-20,1516.0,1576.0,1500.0,1500.0,0.0,385,591540.0
2017-02-19,1439.0,1516.0,1410.0,1516.0,0.0,464,673564.0
2017-02-16,1309.0,1439.0,1335.0,1439.0,0.0,499,711891.0
2017-02-15,1235.0,1309.0,1259.0,1309.0,0.0,30,38520.0
2017-02-13,1211.0,1235.0,1188.0,1235.0,0.0,320,389460.0
2017-02-12,1300.0,1285.0,1211.0,1211.0,0.0,190,239170.0
2017-02-09,1330.0,1315.0,1290.0,1300.0,0.0,651,850635.0
2017-02-08,1365.0,1338.0,1330.0,1330.0,0.0,30,40060.0
2017-02-06,1420.0,1392.0,1365.0,1365.0,0.0,60,83250.0
2017-02-05,1445.0,1420.0,1420.0,1420.0,0.0,50,71000.0
2017-02-02,1385.0,1468.0,1412.0,1445.0,0.0,721,1045095.0
2017-02-01,1324.0,1385.0,1339.0,1385.0,0.0,758,1025062.0
2017-01-31,1350.0,1360.0,1324.0,1324.0,0.0,300,401700.0
2017-01-30,1500.0,1470.0,1350.0,1350.0,0.0,640,877640.0
2017-01-26,1540.0,1530.0,1500.0,1500.0,0.0,1711,2583500.0
2017-01-25,1633.0,1602.0,1540.0,1540.0,0.0,320,504120.0
2017-01-24,1700.0,1666.0,1633.0,1633.0,0.0,120,199260.0
2017-01-23,1664.0,1764.0,1697.0,1700.0,0.0,920,1577630.0
2017-01-22,1600.0,1664.0,1632.0,1664.0,0.0,20,32960.0
2017-01-18,1680.0,1650.0,1600.0,1600.0,0.0,644,1032930.0
2017-01-15,1690.0,1680.0,1680.0,1680.0,0.0,10,16800.0
2017-01-03,1690.0,1690.0,1690.0,1690.0,0.0,50,84500.0
2017-01-02,1680.0,1747.0,1690.0,1690.0,0.0,50,85900.0
2017-01-01,1648.0,1680.0,1680.0,1680.0,0.0,10,16800.0
2016-12-29,1580.0,1648.0,1611.0,1648.0,0.0,230,374250.0
2016-12-28,1570.0,1580.0,1570.0,1580.0,0.0,156,246180.0
2016-12-27,1601.0,1600.0,1570.0,1570.0,0.0,40,63400.0
2016-12-26,1734.0,1700.0,1601.0,1601.0,0.0,260,426440.0
2016-12-22,2600.0,2652.0,2512.0,2515.0,0.0,3664,9488408.0
2016-12-21,2617.0,2688.0,2590.0,2600.0,0.0,1953,5142062.0
2016-12-20,2660.0,2670.0,2530.0,2617.0,0.0,2245,5881825.0
2016-12-19,2530.0,2683.0,2580.0,2660.0,0.0,871,2297588.0
2016-12-18,2453.0,2600.0,2450.0,2530.0,0.0,1930,4850304.0
2016-12-15,2230.0,2453.0,2274.0,2453.0,0.0,4215,9890384.0
2016-12-14,2160.0,2247.0,2160.0,2230.0,0.0,3174,7001555.0
2016-12-12,2220.0,2200.0,2160.0,2160.0,0.0,300,652500.0
2016-12-11,2206.0,2220.0,2220.0,2220.0,0.0,149,330780.0
2016-12-08,2300.0,2265.0,2206.0,2206.0,0.0,1020,2277490.0
2016-12-07,2351.0,2310.0,2300.0,2300.0,0.0,1012,2332600.0
2016-12-06,2352.0,2351.0,2305.0,2351.0,0.0,245,571126.0
2016-12-05,2400.0,2352.0,2352.0,2352.0,0.0,10,23520.0
2016-12-01,2350.0,2509.0,2350.0,2400.0,0.0,890,2148448.0
2016-11-30,2310.0,2356.0,2350.0,2350.0,0.0,115,270370.0
2016-11-24,2354.0,2310.0,2310.0,2310.0,0.0,25,57750.0
2016-11-23,2402.0,2354.0,2354.0,2354.0,0.0,40,94160.0
2016-11-22,2500.0,2455.0,2402.0,2402.0,0.0,736,1784466.0
2016-11-21,2527.0,2510.0,2500.0,2500.0,0.0,320,802000.0
2016-11-20,2630.0,2580.0,2527.0,2527.0,0.0,306,784200.0
2016-11-17,2775.0,2720.0,2630.0,2630.0,0.0,664,1781534.0
2016-11-16,2830.0,2800.0,2775.0,2775.0,0.0,332,923832.0
2016-11-14,2850.0,2850.0,2793.0,2830.0,0.0,1015,2875950.0
2016-11-13,2850.0,2850.0,2825.0,2850.0,0.0,80,227750.0
2016-11-10,2763.0,2850.0,2818.0,2850.0,0.0,182,515950.0
2016-11-09,2876.0,2819.0,2763.0,2763.0,0.0,260,720800.0
2016-11-08,2880.0,2896.0,2823.0,2876.0,0.0,700,1992440.0
2016-11-07,2850.0,2880.0,2880.0,2880.0,0.0,100,288000.0
2016-11-03,2900.0,2850.0,2800.0,2850.0,0.0,413,1171920.0
2016-10-27,2762.0,2900.0,2750.0,2900.0,0.0,684,1945320.0
2016-10-26,2744.0,2762.0,2760.0,2762.0,0.0,220,607240.0
2016-10-25,2800.0,2744.0,2744.0,2744.0,0.0,50,137200.0
2016-10-24,2835.0,2801.0,2800.0,2800.0,0.0,222,621620.0
2016-10-19,2780.0,2835.0,2780.0,2835.0,0.0,250,697750.0
2016-10-18,2818.0,2781.0,2780.0,2780.0,0.0,100,278050.0
2016-10-17,2850.0,2820.0,2800.0,2818.0,0.0,140,393700.0
2016-10-16,2850.0,2850.0,2850.0,2850.0,0.0,50,142500.0
2016-10-06,2924.0,2906.0,2850.0,2850.0,0.0,599,1726474.0
2016-10-05,2869.0,2926.0,2869.0,2924.0,0.0,390,1129080.0
2016-10-04,2813.0,2869.0,2869.0,2869.0,0.0,20,57380.0
2016-10-03,2870.0,2813.0,2813.0,2813.0,0.0,10,28130.0
2016-10-02,2816.0,2870.0,2820.0,2870.0,0.0,341,969773.0
2016-09-29,2850.0,2850.0,2816.0,2816.0,0.0,875,2482465.0
2016-09-28,3015.0,2960.0,2850.0,2850.0,0.0,120,353510.0
2016-09-27,2899.0,3015.0,2956.0,3015.0,0.0,72,216372.0
2016-09-26,2843.0,2899.0,2787.0,2899.0,0.0,770,2182410.0
2016-09-25,3019.0,2999.0,2842.0,2843.0,0.0,405,1180588.0
2016-09-22,2990.0,3030.0,3019.0,3019.0,0.0,300,907400.0
2016-09-21,3080.0,3050.0,2951.0,2990.0,0.0,498,1498828.0
2016-09-20,3031.0,3091.0,3080.0,3080.0,0.0,369,1139340.0
2016-09-18,3030.0,3090.0,2972.0,3031.0,0.0,187,569326.0
2016-09-14,3080.0,3080.0,3025.0,3030.0,0.0,225,686920.0
2016-09-12,3150.0,3210.0,3080.0,3080.0,0.0,1434,4543728.0
2016-09-11,2899.0,3188.0,2956.0,3150.0,0.0,4411,13981142.0
2016-09-08,2850.0,2899.0,2899.0,2899.0,0.0,200,579800.0
2016-09-07,2910.0,2852.0,2850.0,2850.0,0.0,61,173900.0
2016-09-06,3009.0,3010.0,2910.0,2910.0,0.0,392,1162420.0
2016-09-05,2950.0,3009.0,3009.0,3009.0,0.0,20,60180.0
2016-09-04,2947.0,2950.0,2950.0,2950.0,0.0,20,59000.0
2016-09-03,2947.0,2950.0,2950.0,2950.0,0.0,20,59000.0
2016-09-01,2900.0,2947.0,2899.0,2947.0,0.0,787,2284841.0
2016-08-31,2904.0,2965.0,2890.0,2900.0,0.0,972,2832044.0
2016-08-30,2640.0,2904.0,2665.0,2904.0,0.0,1522,4352664.0
2016-08-29,2539.0,2640.0,2589.0,2640.0,0.0,20,52290.0
2016-08-28,2490.0,2539.0,2539.0,2539.0,0.0,20,50780.0
2016-08-23,2520.0,2560.0,2450.0,2490.0,0.0,546,1349960.0
2016-08-22,2616.0,2566.0,2520.0,2520.0,0.0,149,380017.0
2016-08-21,2723.0,2669.0,2616.0,2616.0,0.0,250,658080.0
2016-08-17,2670.0,2723.0,2723.0,2723.0,0.0,77,209671.0
2016-08-16,2683.0,2736.0,2670.0,2670.0,0.0,150,402990.0
2016-08-15,2530.0,2683.0,2500.0,2683.0,0.0,1297,3281900.0
2016-08-14,2683.0,2640.0,2530.0,2530.0,0.0,925,2406550.0
2016-08-11,2544.0,2683.0,2550.0,2683.0,0.0,443,1157090.0
2016-08-10,2496.0,2660.0,2544.0,2544.0,0.0,855,2193785.0
2016-08-08,2650.0,2597.0,2496.0,2496.0,0.0,300,763900.0
2016-08-07,2662.0,2700.0,2650.0,2650.0,0.0,165,439792.0
2016-08-04,2714.0,2662.0,2662.0,2662.0,0.0,41,109142.0
2016-08-03,2770.0,2730.0,2661.0,2714.0,0.0,823,2233841.0
2016-08-02,2800.0,2770.0,2770.0,2770.0,0.0,200,554000.0
2016-08-01,2800.0,2800.0,2800.0,2800.0,0.0,60,168000.0
2016-07-31,2805.0,2820.0,2790.0,2800.0,0.0,654,1834140.0
2016-07-28,2944.0,2886.0,2805.0,2805.0,0.0,786,2236896.0
2016-07-27,2900.0,2944.0,2944.0,2944.0,0.0,1000,2944000.0
2016-07-26,2711.0,2982.0,2765.0,2900.0,0.0,2145,6335612.0
2016-07-25,2911.0,2853.0,2688.0,2711.0,0.0,2779,7573413.0
2016-07-21,3234.0,3170.0,2911.0,2911.0,0.0,111,329901.0
2016-07-14,3234.0,3234.0,3234.0,3234.0,0.0,60,194040.0
2016-07-11,3300.0,3234.0,3234.0,3234.0,0.0,36,116424.0
2016-07-10,3300.0,3433.0,3300.0,3300.0,0.0,1975,6622750.0
2016-07-06,3300.0,3300.0,3300.0,3300.0,0.0,31,102300.0
2016-07-05,3360.0,3395.0,3300.0,3300.0,0.0,166,553400.0
2016-07-04,3425.0,3450.0,3360.0,3360.0,0.0,1109,3784467.0
2016-07-03,3400.0,3468.0,3400.0,3425.0,0.0,570,1962660.0
2016-06-30,3320.0,3400.0,3300.0,3400.0,0.0,1045,3516300.0
2016-06-29,3450.0,3400.0,3320.0,3320.0,0.0,283,953800.0
2016-06-26,3411.0,3450.0,3430.0,3450.0,0.0,22,75700.0
2016-06-23,3411.0,3411.0,3411.0,3411.0,0.0,60,204660.0
2016-06-22,3289.0,3411.0,3315.0,3411.0,0.0,189,642166.0
2016-06-21,3225.0,3289.0,3289.0,3289.0,0.0,200,657800.0
2016-06-16,3100.0,3225.0,3162.0,3225.0,0.0,120,380700.0
2016-06-15,3120.0,3100.0,3100.0,3100.0,0.0,140,434000.0
2016-06-14,3060.0,3120.0,3100.0,3120.0,0.0,323,1001700.0
2016-06-13,2950.0,3060.0,2990.0,3060.0,0.0,1068,3216706.0
2016-06-09,2886.0,2950.0,2900.0,2950.0,0.0,1245,3644830.0
2016-06-08,2830.0,2886.0,2886.0,2886.0,0.0,100,288600.0
2016-06-07,2810.0,2866.0,2800.0,2830.0,0.0,968,2747440.0
2016-06-06,2700.0,2810.0,2720.0,2810.0,0.0,1175,3244400.0
2016-06-05,2744.0,2700.0,2700.0,2700.0,0.0,1212,3272400.0
2016-06-02,2761.0,2800.0,2744.0,2744.0,0.0,517,1419600.0
2016-05-30,2800.0,2805.0,2750.0,2761.0,0.0,564,1563200.0
2016-05-29,2800.0,2800.0,2800.0,2800.0,0.0,100,280000.0
2016-05-26,2850.0,2800.0,2800.0,2800.0,0.0,100,280000.0
2016-05-25,2850.0,2850.0,2850.0,2850.0,0.0,100,285000.0
2016-05-24,2795.0,2850.0,2800.0,2850.0,0.0,334,946800.0
2016-05-23,2760.0,2795.0,2750.0,2795.0,0.0,2086,5765790.0
2016-05-19,2725.0,2760.0,2760.0,2760.0,0.0,100,276000.0
2016-05-18,2604.0,2733.0,2656.0,2725.0,0.0,1300,3509450.0
2016-05-17,2638.0,2604.0,2603.0,2604.0,0.0,378,983962.0
2016-05-12,2690.0,2650.0,2637.0,2638.0,0.0,865,2282480.0
2016-05-11,2674.0,2690.0,2650.0,2690.0,0.0,590,1574550.0
2016-05-10,2783.0,2728.0,2674.0,2674.0,0.0,30,80760.0
2016-05-09,2839.0,2783.0,2783.0,2783.0,0.0,10,27830.0
2016-05-05,2896.0,2839.0,2839.0,2839.0,0.0,10,28390.0
2016-05-02,2785.0,2896.0,2790.0,2896.0,0.0,590,1660532.0
2016-04-28,2730.0,2839.0,2784.0,2785.0,0.0,818,2290831.0
2016-04-27,2625.0,2730.0,2677.0,2730.0,0.0,150,406850.0
2016-04-26,2560.0,2625.0,2600.0,2625.0,0.0,512,1336582.0
2016-04-25,2600.0,2560.0,2560.0,2560.0,0.0,23,58880.0
2016-04-24,2600.0,2600.0,2600.0,2600.0,0.0,340,884000.0
2016-04-21,2580.0,2610.0,2585.0,2600.0,0.0,300,779500.0
2016-04-20,2560.0,2580.0,2575.0,2580.0,0.0,56,144300.0
2016-04-19,2600.0,2600.0,2560.0,2560.0,0.0,382,980100.0
2016-04-18,2550.0,2601.0,2595.0,2600.0,0.0,508,1319350.0
2016-04-17,2601.0,2551.0,2550.0,2550.0,0.0,200,510100.0
2016-04-14,2520.0,2601.0,2550.0,2601.0,0.0,212,544150.0
2016-04-12,2565.0,2520.0,2520.0,2520.0,0.0,16,40320.0
2016-04-11,2555.0,2565.0,2565.0,2565.0,0.0,100,256500.0
2016-04-05,2580.0,2555.0,2555.0,2555.0,0.0,28,71540.0
2016-04-04,2570.0,2580.0,2530.0,2580.0,0.0,64,164420.0
2016-04-03,2673.0,2620.0,2570.0,2570.0,0.0,36,93520.0
2016-03-31,2621.0,2681.0,2650.0,2673.0,0.0,431,1152771.0
2016-03-30,2570.0,2621.0,2621.0,2621.0,0.0,50,131050.0
2016-03-29,2549.0,2570.0,2520.0,2570.0,0.0,103,260060.0
2016-03-28,2601.0,2550.0,2549.0,2549.0,0.0,250,637350.0
2016-03-27,2550.0,2601.0,2580.0,2601.0,0.0,300,778200.0
2016-03-24,2600.0,2600.0,2548.0,2550.0,0.0,732,1884000.0
2016-03-23,2600.0,2600.0,2501.0,2600.0,0.0,419,1065713.0
2016-03-21,2700.0,2660.0,2599.0,2600.0,0.0,584,1526700.0
2016-03-17,2780.0,2730.0,2675.0,2700.0,0.0,1332,3595725.0
2016-03-15,2780.0,2780.0,2780.0,2780.0,0.0,100,278000.0
2016-03-13,2841.0,2896.0,2674.0,2780.0,0.0,860,2356130.0
2016-03-10,2680.0,2841.0,2728.0,2841.0,0.0,855,2366635.0
2016-03-06,2600.0,2680.0,2580.0,2680.0,0.0,1150,3007750.0
2016-03-03,2490.0,2600.0,2539.0,2600.0,0.0,1426,3697005.0
2016-03-02,2450.0,2499.0,2450.0,2490.0,0.0,360,896110.0
2016-03-01,2430.0,2450.0,2450.0,2450.0,0.0,30,73500.0
2016-02-29,2335.0,2525.0,2381.0,2430.0,0.0,1001,2454416.0
2016-02-25,2351.0,2335.0,2320.0,2335.0,0.0,70,162700.0
2016-02-24,2375.0,2355.0,2351.0,2351.0,0.0,300,706100.0
2016-02-23,2392.0,2399.0,2352.0,2375.0,0.0,1582,3740730.0
2016-02-22,2440.0,2393.0,2392.0,2392.0,0.0,200,478500.0
2016-02-18,2499.0,2450.0,2440.0,2440.0,0.0,630,1540983.0
2016-02-17,2450.0,2499.0,2499.0,2499.0,0.0,20,49980.0
2016-02-16,2520.0,2470.0,2450.0,2450.0,0.0,234,574800.0
2016-02-15,2499.0,2520.0,2490.0,2520.0,0.0,250,626500.0
2016-02-14,2516.0,2499.0,2466.0,2499.0,0.0,67,166872.0
2016-02-08,2616.0,2619.0,2516.0,2516.0,0.0,581,1505190.0
2016-02-04,2565.0,2616.0,2580.0,2616.0,0.0,210,542160.0
2016-02-03,2504.0,2570.0,2525.0,2565.0,0.0,1846,4704830.0
2016-02-02,2500.0,2509.0,2455.0,2504.0,0.0,1097,2721078.0
2016-02-01,2437.0,2500.0,2484.0,2500.0,0.0,561,1401789.0
2016-01-31,2350.0,2437.0,2360.0,2437.0,0.0,589,1405070.0
2016-01-28,2440.0,2415.0,2333.0,2350.0,0.0,2079,4896115.0
2016-01-24,2470.0,2452.0,2440.0,2440.0,0.0,453,1109673.0
2016-01-21,2400.0,2470.0,2445.0,2470.0,0.0,396,971260.0
2016-01-20,2395.0,2420.0,2400.0,2400.0,0.0,290,697620.0
2016-01-19,2370.0,2395.0,2340.0,2395.0,0.0,662,1573440.0
2016-01-18,2346.0,2370.0,2325.0,2370.0,0.0,350,818250.0
2016-01-17,2300.0,2346.0,2346.0,2346.0,0.0,50,117300.0
2016-01-14,2224.0,2300.0,2230.0,2300.0,0.0,440,998360.0
2016-01-13,2181.0,2224.0,2224.0,2224.0,0.0,10,22240.0
2016-01-11,2225.0,2181.0,2181.0,2181.0,0.0,10,21810.0
2016-01-07,2186.0,2229.0,2200.0,2225.0,0.0,279,619090.0
2016-01-06,2218.0,2186.0,2186.0,2186.0,0.0,20,43720.0
2016-01-05,2356.0,2309.0,2218.0,2218.0,0.0,55,124255.0
2016-01-04,2266.0,2404.0,2311.0,2356.0,0.0,128,301158.0
2016-01-03,2060.0,2266.0,2101.0,2266.0,0.0,60,131510.0
2015-12-31,1993.0,2072.0,2032.0,2060.0,0.0,120,247040.0
2015-12-29,2685.0,2825.0,2735.0,2825.0,0.0,1414,3925640.0
2015-12-28,2730.0,2765.0,2685.0,2685.0,0.0,867,2355096.0
2015-12-27,2700.0,2730.0,2670.0,2730.0,0.0,824,2229630.0
2015-12-24,2907.0,2900.0,2700.0,2700.0,0.0,2829,7710474.0
2015-12-23,2710.0,2907.0,2740.0,2907.0,0.0,2425,6739483.0
2015-12-22,2650.0,2710.0,2700.0,2710.0,0.0,417,1127407.0
2015-12-21,2594.0,2697.0,2645.0,2650.0,0.0,1053,2805335.0
2015-12-20,2700.0,2670.0,2594.0,2594.0,0.0,577,1527153.0
2015-12-17,2705.0,2759.0,2700.0,2700.0,0.0,1148,3104800.0
2015-12-16,2500.0,2705.0,2500.0,2705.0,0.0,1369,3533930.0
2015-12-15,2480.0,2515.0,2470.0,2500.0,0.0,928,2319436.0
2015-12-14,2440.0,2537.0,2440.0,2480.0,0.0,1138,2796025.0
2015-12-13,2324.0,2440.0,2370.0,2440.0,0.0,519,1247694.0
2015-12-10,2350.0,2324.0,2280.0,2324.0,0.0,634,1465490.0
2015-12-09,2250.0,2366.0,2290.0,2350.0,0.0,1250,2914925.0
2015-12-08,2110.0,2250.0,2152.0,2250.0,0.0,230,507970.0
2015-12-07,2090.0,2130.0,2050.0,2110.0,0.0,925,1912580.0
2015-12-06,1900.0,2090.0,1938.0,2090.0,0.0,382,792963.0
2015-12-03,1885.0,1910.0,1900.0,1900.0,0.0,156,296960.0
2015-12-02,1893.0,1885.0,1860.0,1885.0,0.0,226,424760.0
2015-12-01,1856.0,1893.0,1893.0,1893.0,0.0,10,18930.0
2015-11-30,1820.0,1856.0,1856.0,1856.0,0.0,50,92800.0
2015-11-29,1900.0,1870.0,1820.0,1820.0,0.0,459,842518.0
2015-11-26,1880.0,1900.0,1900.0,1900.0,0.0,100,190000.0
2015-11-25,1915.0,1900.0,1880.0,1880.0,0.0,700,1321900.0
2015-11-24,1930.0,1915.0,1915.0,1915.0,0.0,795,1522425.0
2015-11-23,1950.0,1930.0,1911.0,1930.0,0.0,114,219754.0
2015-11-22,1960.0,1950.0,1930.0,1950.0,0.0,170,330110.0
2015-11-18,1940.0,1960.0,1960.0,1960.0,0.0,200,392000.0
2015-11-15,1976.0,1940.0,1940.0,1940.0,0.0,17,32980.0
2015-11-10,1938.0,1976.0,1976.0,1976.0,0.0,100,197600.0
2015-11-09,1900.0,1938.0,1938.0,1938.0,0.0,31,60078.0
2015-11-05,1900.0,1900.0,1900.0,1900.0,0.0,649,1233100.0
2015-11-02,1920.0,1900.0,1900.0,1900.0,0.0,177,336300.0
2015-11-01,1910.0,1920.0,1915.0,1920.0,0.0,200,383500.0
2015-10-29,1900.0,1910.0,1910.0,1910.0,0.0,42,80220.0
2015-10-28,2000.0,1960.0,1900.0,1900.0,0.0,399,772140.0
2015-10-27,2025.0,2000.0,1985.0,2000.0,0.0,1275,2542500.0
2015-10-18,2020.0,2025.0,2020.0,2025.0,0.0,1254,2537460.0
2015-10-07,2050.0,2020.0,2020.0,2020.0,0.0,157,317140.0
2015-10-06,2045.0,2050.0,2050.0,2050.0,0.0,52,106600.0
2015-10-05,2020.0,2050.0,2020.0,2045.0,0.0,622,1269040.0
2015-10-04,1989.0,2020.0,2010.0,2020.0,0.0,369,741880.0
2015-10-01,1950.0,1989.0,1989.0,1989.0,0.0,59,117351.0
2015-09-24,1969.0,1950.0,1950.0,1950.0,0.0,107,208650.0
2015-09-16,1931.0,1969.0,1969.0,1969.0,0.0,217,427273.0
2015-09-14,1970.0,1931.0,1931.0,1931.0,0.0,100,193100.0
2015-09-09,1941.0,1970.0,1969.0,1970.0,0.0,100,196910.0
2015-09-08,1980.0,1941.0,1941.0,1941.0,0.0,100,194100.0
2015-09-07,2020.0,1980.0,1980.0,1980.0,0.0,100,198000.0
2015-08-27,1976.0,2020.0,2010.0,2020.0,0.0,214,431240.0
2015-08-26,1900.0,1976.0,1938.0,1976.0,0.0,148,287964.0
2015-08-24,1790.0,1900.0,1825.0,1900.0,0.0,80,150840.0
2015-08-19,1800.0,1790.0,1790.0,1790.0,0.0,37,66230.0
2015-08-18,1785.0,1800.0,1800.0,1800.0,0.0,66,118800.0
2015-08-16,1850.0,1860.0,1785.0,1785.0,0.0,391,703176.0
2015-08-13,1876.0,1850.0,1835.0,1850.0,0.0,791,1459795.0
2015-08-12,1876.0,1876.0,1876.0,1876.0,0.0,100,187600.0
2015-08-11,1900.0,1876.0,1836.0,1876.0,0.0,785,1461244.0
2015-08-10,1842.0,1992.0,1878.0,1900.0,0.0,994,1916306.0
2015-08-09,1909.0,1940.0,1842.0,1842.0,0.0,2027,3818434.0
2015-08-06,1836.0,1909.0,1860.0,1909.0,0.0,183,344854.0
2015-08-05,1860.0,1836.0,1800.0,1836.0,0.0,104,187896.0
2015-08-04,1895.0,1860.0,1860.0,1860.0,0.0,28,52080.0
2015-08-03,1890.0,1895.0,1860.0,1895.0,0.0,78,146830.0
2015-08-02,1870.0,1890.0,1865.0,1890.0,0.0,804,1508626.0
2015-07-30,1854.0,1900.0,1870.0,1870.0,0.0,344,648318.0
2015-07-29,2060.0,2019.0,1854.0,1854.0,0.0,1318,2459962.0
2015-07-27,2061.0,2102.0,2060.0,2060.0,0.0,120,251400.0
2015-07-23,2044.0,2061.0,2010.0,2061.0,0.0,1534,3125238.0
2015-07-22,1950.0,2044.0,1980.0,2044.0,0.0,2440,4877015.0
2015-07-16,1831.0,1960.0,1860.0,1950.0,0.0,1714,3254822.0
2015-07-15,1800.0,1831.0,1820.0,1831.0,0.0,818,1490749.0
2015-07-14,1800.0,1800.0,1800.0,1800.0,0.0,162,291600.0
2015-07-13,1805.0,1834.0,1795.0,1800.0,0.0,2246,4056014.0
2015-07-12,1704.0,1805.0,1738.0,1805.0,0.0,325,580902.0
2015-07-09,1632.0,1704.0,1640.0,1704.0,0.0,276,465988.0
2015-07-08,1600.0,1632.0,1601.0,1632.0,0.0,201,322917.0
2015-07-07,1600.0,1609.0,1596.0,1600.0,0.0,739,1184385.0
2015-07-05,1608.0,1600.0,1600.0,1600.0,0.0,200,320000.0
2015-07-02,1610.0,1608.0,1608.0,1608.0,0.0,68,109344.0
2015-07-01,1650.0,1617.0,1600.0,1610.0,0.0,548,882646.0
2015-06-30,1639.0,1660.0,1650.0,1650.0,0.0,281,464225.0
2015-06-29,1640.0,1672.0,1607.0,1639.0,0.0,1115,1804277.0
2015-06-28,1600.0,1640.0,1550.0,1640.0,0.0,966,1516745.0
2015-06-25,1610.0,1614.0,1600.0,1600.0,0.0,317,510288.0
2015-06-24,1605.0,1637.0,1610.0,1610.0,0.0,150,242850.0
2015-06-23,1580.0,1605.0,1605.0,1605.0,0.0,109,174945.0
2015-06-21,1550.0,1581.0,1575.0,1580.0,0.0,212,334952.0
2015-06-18,1560.0,1550.0,1550.0,1550.0,0.0,35,54250.0
2015-06-17,1565.0,1565.0,1560.0,1560.0,0.0,79,123290.0
2015-06-16,1579.0,1565.0,1565.0,1565.0,0.0,50,78250.0
2015-06-15,1490.0,1579.0,1519.0,1579.0,0.0,63,98577.0
2015-06-14,1519.0,1490.0,1490.0,1490.0,0.0,100,149000.0
2015-06-10,1580.0,1549.0,1519.0,1519.0,0.0,224,342312.0
2015-06-09,1580.0,1673.0,1580.0,1580.0,0.0,1599,2578579.0
2015-06-08,1555.0,1585.0,1575.0,1580.0,0.0,319,503070.0
2015-06-07,1530.0,1555.0,1525.0,1555.0,0.0,62,95325.0
2015-06-04,1560.0,1591.0,1530.0,1530.0,0.0,318,501717.0
2015-06-03,1448.0,1560.0,1476.0,1560.0,0.0,429,654930.0
2015-06-02,1420.0,1448.0,1440.0,1448.0,0.0,102,147436.0
2015-06-01,1352.0,1420.0,1378.0,1420.0,0.0,340,477520.0
2015-05-31,1275.0,1352.0,1300.0,1352.0,0.0,66,87360.0
2015-05-28,1250.0,1275.0,1275.0,1275.0,0.0,15,19125.0
2015-05-27,1250.0,1275.0,1250.0,1250.0,0.0,159,201000.0
2015-05-26,1216.0,1250.0,1216.0,1250.0,0.0,336,415368.0
2015-05-25,1351.0,1324.0,1216.0,1216.0,0.0,1059,1298901.0
2015-05-24,1501.0,1471.0,1351.0,1351.0,0.0,148,205586.0
2015-04-23,1530.0,1505.0,1501.0,1501.0,0.0,261,392005.0
2015-04-22,1559.0,1530.0,1528.0,1530.0,0.0,271,414458.0
2015-04-15,1590.0,1559.0,1559.0,1559.0,0.0,100,155900.0
2015-04-13,1590.0,1590.0,1590.0,1590.0,0.0,100,159000.0
2015-04-12,1570.0,1590.0,1590.0,1590.0,0.0,36,57240.0
2015-04-09,1580.0,1570.0,1570.0,1570.0,0.0,136,213520.0
2015-04-08,1550.0,1590.0,1560.0,1580.0,0.0,190,300067.0
2015-04-07,1520.0,1550.0,1550.0,1550.0,0.0,36,55800.0
2015-04-06,1510.0,1520.0,1520.0,1520.0,0.0,200,304000.0
2015-04-05,1550.0,1550.0,1510.0,1510.0,0.0,348,527230.0
2015-04-02,1520.0,1550.0,1550.0,1550.0,0.0,10,15500.0
2015-04-01,1560.0,1591.0,1500.0,1520.0,0.0,1684,2558170.0
2015-03-31,1556.0,1560.0,1500.0,1560.0,0.0,104,159580.0
2015-03-30,1541.0,1556.0,1526.0,1556.0,0.0,573,882028.0
2015-03-29,1540.0,1541.0,1511.0,1541.0,0.0,119,183079.0
2015-03-26,1515.0,1540.0,1520.0,1540.0,0.0,671,1029345.0
2015-03-25,1550.0,1534.0,1490.0,1515.0,0.0,1476,2222191.0
2015-03-24,1530.0,1550.0,1520.0,1550.0,0.0,350,532300.0
2015-03-23,1552.0,1570.0,1526.0,1530.0,0.0,937,1442680.0
2015-03-22,1580.0,1600.0,1551.0,1552.0,0.0,451,708193.0
2015-03-19,1610.0,1609.0,1578.0,1580.0,0.0,220,347980.0
2015-03-18,1559.0,1610.0,1590.0,1610.0,0.0,175,279370.0
2015-03-17,1580.0,1611.0,1559.0,1559.0,0.0,1729,2732650.0
2015-03-16,1610.0,1581.0,1550.0,1580.0,0.0,649,1020174.0
2015-03-15,1635.0,1610.0,1610.0,1610.0,0.0,165,265650.0
2015-03-12,1630.0,1635.0,1603.0,1635.0,0.0,2237,3623400.0
2015-03-11,1616.0,1648.0,1630.0,1630.0,0.0,546,890952.0
2015-03-10,1670.0,1692.0,1600.0,1616.0,0.0,2791,4511096.0
2015-03-09,1641.0,1680.0,1670.0,1670.0,0.0,461,770930.0
2015-03-04,1641.0,1641.0,1616.0,1641.0,0.0,303,494188.0
2015-03-02,1613.0,1674.0,1581.0,1641.0,0.0,1678,2730888.0
2015-03-01,1675.0,1650.0,1613.0,1613.0,0.0,235,381395.0
2015-02-26,1742.0,1710.0,1675.0,1675.0,0.0,130,220490.0
2015-02-25,1777.0,1742.0,1742.0,1742.0,0.0,50,87100.0
2015-02-24,1813.0,1777.0,1777.0,1777.0,0.0,50,88850.0
2015-02-23,1780.0,1813.0,1745.0,1813.0,0.0,275,487890.0
2015-02-22,1970.0,1940.0,1780.0,1780.0,0.0,183,340268.0
2015-02-18,1985.0,1995.0,1970.0,1970.0,0.0,344,682925.0
2015-02-16,1805.0,1985.0,1840.0,1985.0,0.0,1230,2387660.0
2015-02-15,1737.0,1805.0,1710.0,1805.0,0.0,835,1478096.0
2015-02-12,1615.0,1737.0,1615.0,1737.0,0.0,614,1018216.0
2015-02-11,1598.0,1629.0,1605.0,1615.0,0.0,502,811045.0
2015-02-10,1453.0,1598.0,1482.0,1598.0,0.0,1793,2824028.0
2015-02-09,1425.0,1453.0,1453.0,1453.0,0.0,10,14530.0
2015-02-08,1433.0,1425.0,1425.0,1425.0,0.0,165,235125.0
2015-02-05,1405.0,1433.0,1405.0,1433.0,0.0,136,192088.0
2015-02-02,1380.0,1405.0,1405.0,1405.0,0.0,40,56200.0
2015-02-01,1355.0,1380.0,1380.0,1380.0,0.0,23,31740.0
2015-01-27,1380.0,1355.0,1355.0,1355.0,0.0,165,223575.0
2015-01-26,1407.0,1381.0,1380.0,1380.0,0.0,192,265033.0
2015-01-25,1435.0,1407.0,1407.0,1407.0,0.0,46,64722.0
2015-01-22,1475.0,1460.0,1435.0,1435.0,0.0,248,360033.0
2015-01-20,1533.0,1533.0,1475.0,1475.0,0.0,607,906236.0
2015-01-18,1419.0,1533.0,1447.0,1533.0,0.0,307,463192.0
2015-01-14,1392.0,1419.0,1419.0,1419.0,0.0,10,14190.0
2015-01-12,1288.0,1392.0,1313.0,1392.0,0.0,226,305867.0
2015-01-08,1239.0,1288.0,1263.0,1288.0,0.0,20,25510.0
2015-01-07,1169.0,1239.0,1192.0,1239.0,0.0,251,305670.0
2015-01-06,1147.0,1169.0,1169.0,1169.0,0.0,10,11690.0
2015-01-05,1125.0,1147.0,1147.0,1147.0,0.0,10,11470.0
2015-01-04,1082.0,1125.0,1103.0,1125.0,0.0,32,35780.0
2015-01-01,1001.0,1082.0,1021.0,1082.0,0.0,1091,1173822.0
2014-12-31,982.0,1001.0,1001.0,1001.0,0.0,10,10010.0
2014-12-28,945.0,982.0,963.0,982.0,0.0,32,31234.0
2014-12-23,945.0,945.0,945.0,945.0,0.0,22,20790.0
2014-12-21,927.0,945.0,945.0,945.0,0.0,10,9450.0
2014-12-17,960.0,945.0,927.0,927.0,0.0,96,89640.0
2014-12-16,1235.0,1284.0,1209.0,1209.0,0.0,539,662128.0
2014-12-15,1132.0,1235.0,1154.0,1235.0,0.0,486,594663.0
2014-12-11,1131.0,1150.0,1132.0,1132.0,0.0,1071,1220733.0
2014-12-09,1111.0,1131.0,1125.0,1131.0,0.0,346,390955.0
2014-12-08,1120.0,1125.0,1111.0,1111.0,0.0,1003,1123434.0
2014-12-07,1104.0,1126.0,1120.0,1120.0,0.0,123,137874.0
2014-12-04,1105.0,1104.0,1085.0,1104.0,0.0,642,702532.0
2014-12-03,1101.0,1123.0,1101.0,1105.0,0.0,551,613253.0
2014-12-02,1100.0,1101.0,1080.0,1101.0,0.0,770,842797.0
2014-12-01,1116.0,1116.0,1100.0,1100.0,0.0,399,440004.0
2014-11-30,1095.0,1138.0,1116.0,1116.0,0.0,174,195702.0
2014-11-25,1090.0,1100.0,1095.0,1095.0,0.0,592,649065.0
2014-11-24,1115.0,1093.0,1072.0,1090.0,0.0,976,1061256.0
2014-11-23,1076.0,1115.0,1097.0,1115.0,0.0,209,232837.0
2014-11-19,1055.0,1076.0,1076.0,1076.0,0.0,39,41964.0
2014-11-18,1012.0,1055.0,1032.0,1055.0,0.0,274,284688.0
2014-11-17,1074.0,1054.0,1012.0,1012.0,0.0,657,682680.0
2014-11-16,1118.0,1096.0,1074.0,1074.0,0.0,1045,1134872.0
2014-11-12,1140.0,1118.0,1118.0,1118.0,0.0,300,335400.0
2014-11-11,1150.0,1140.0,1140.0,1140.0,0.0,114,129960.0
2014-11-10,1160.0,1150.0,1150.0,1150.0,0.0,200,230000.0
2014-11-06,1204.0,1180.0,1160.0,1160.0,0.0,200,234000.0
2014-11-05,1137.0,1204.0,1159.0,1204.0,0.0,144,168496.0
2014-11-04,1115.0,1137.0,1137.0,1137.0,0.0,10,11370.0
2014-11-02,1106.0,1137.0,1115.0,1115.0,0.0,150,168306.0
2014-10-30,1080.0,1106.0,1085.0,1106.0,0.0,215,234325.0
2014-10-28,1060.0,1080.0,1080.0,1080.0,0.0,25,27000.0
2014-10-27,1020.0,1060.0,1040.0,1060.0,0.0,27,28420.0
2014-10-20,1010.0,1020.0,1015.0,1020.0,0.0,170,172740.0
2014-10-19,1010.0,1020.0,1010.0,1010.0,0.0,230,234110.0
2014-10-16,1010.0,1010.0,1000.0,1010.0,0.0,95,95760.0
2014-10-15,1000.0,1010.0,1000.0,1010.0,0.0,211,212650.0
2014-10-08,1010.0,1000.0,1000.0,1000.0,0.0,274,274000.0
2014-09-29,1018.0,1010.0,1010.0,1010.0,0.0,59,59590.0
2014-09-28,999.0,1018.0,1018.0,1018.0,0.0,109,110962.0
2014-09-24,971.0,999.0,980.0,999.0,0.0,142,141231.0
2014-09-23,990.0,971.0,971.0,971.0,0.0,66,64086.0
2014-09-22,1025.0,1010.0,990.0,990.0,0.0,155,156310.0
2014-09-18,1032.0,1025.0,1025.0,1025.0,0.0,50,51250.0
2014-09-17,1012.0,1032.0,1012.0,1032.0,0.0,171,175452.0
2014-09-16,1054.0,1050.0,993.0,1012.0,0.0,2821,2867555.0
2014-09-15,1075.0,1054.0,1054.0,1054.0,0.0,28,29512.0
2014-09-11,1096.0,1075.0,1075.0,1075.0,0.0,84,90300.0
2014-09-10,1096.0,1096.0,1096.0,1096.0,0.0,100,109600.0
2014-09-09,1118.0,1096.0,1096.0,1096.0,0.0,100,109600.0
2014-09-07,1142.0,1120.0,1118.0,1118.0,0.0,167,187002.0
2014-08-28,1101.0,1142.0,1120.0,1142.0,0.0,51,57340.0
2014-08-19,1105.0,1101.0,1080.0,1101.0,0.0,311,338005.0
2014-08-13,1105.0,1105.0,1105.0,1105.0,0.0,387,427635.0
2014-08-07,1103.0,1105.0,1105.0,1105.0,0.0,159,175695.0
2014-08-06,1110.0,1125.0,1103.0,1103.0,0.0,140,156620.0
2014-08-05,1125.0,1115.0,1100.0,1110.0,0.0,1081,1197495.0
2014-07-31,1140.0,1130.0,1120.0,1125.0,0.0,704,790531.0
2014-07-30,1140.0,1160.0,1140.0,1140.0,0.0,902,1030320.0
2014-07-27,1215.0,1191.0,1140.0,1140.0,0.0,3973,4618720.0
2014-07-23,1245.0,1221.0,1215.0,1215.0,0.0,243,295845.0
2014-07-22,1155.0,1250.0,1178.0,1245.0,0.0,516,631608.0
2014-07-21,1050.0,1155.0,1071.0,1155.0,0.0,1324,1527130.0
2014-07-20,1010.0,1050.0,1030.0,1050.0,0.0,20,20800.0
2014-07-17,1000.0,1020.0,1010.0,1010.0,0.0,202,205020.0
2014-07-16,1000.0,1000.0,980.0,1000.0,0.0,664,653120.0
2014-07-14,1000.0,1010.0,1000.0,1000.0,0.0,159,159730.0
2014-07-10,998.0,1001.0,999.0,1000.0,0.0,737,736799.0
2014-07-08,990.0,998.0,980.0,998.0,0.0,614,604762.0
2014-07-03,1005.0,1025.0,971.0,990.0,0.0,1590,1595429.0
2014-07-02,970.0,1005.0,989.0,1005.0,0.0,451,451448.0
2014-07-01,951.0,970.0,965.0,970.0,0.0,482,466676.0
2014-06-30,890.0,951.0,907.0,951.0,0.0,179,164119.0
2014-06-29,890.0,890.0,890.0,890.0,0.0,19,16910.0
2014-06-26,865.0,890.0,860.0,890.0,0.0,1362,1189757.0
2014-06-25,908.0,900.0,865.0,865.0,0.0,2699,2366596.0
2014-06-24,944.0,926.0,908.0,908.0,0.0,235,216080.0
2014-06-19,945.0,945.0,927.0,944.0,0.0,747,701048.0
2014-06-18,1005.0,985.0,943.0,945.0,0.0,1054,999202.0
2014-06-15,1025.0,1005.0,1005.0,1005.0,0.0,10,10050.0
2014-06-05,1045.0,1025.0,1025.0,1025.0,0.0,10,10250.0
2014-05-26,1107.0,1085.0,1045.0,1045.0,0.0,263,279755.0
2014-05-21,1086.0,1107.0,1107.0,1107.0,0.0,17,18819.0
2014-05-08,1065.0,1086.0,1086.0,1086.0,0.0,43,46698.0
2014-05-07,1057.0,1065.0,1065.0,1065.0,0.0,143,152295.0
2014-05-06,1078.0,1057.0,1057.0,1057.0,0.0,100,105700.0
2014-05-05,1102.0,1122.0,1078.0,1078.0,0.0,1416,1546820.0
2014-05-04,1081.0,1102.0,1075.0,1102.0,0.0,660,716730.0
2014-04-29,1060.0,1081.0,1081.0,1081.0,0.0,20,21620.0
2014-04-28,1102.0,1080.0,1060.0,1060.0,0.0,97,104420.0
2014-04-27,1024.0,1102.0,1040.0,1102.0,0.0,101,107368.0
2014-04-23,948.0,1024.0,930.0,1024.0,0.0,622,583572.0
2014-04-22,930.0,948.0,948.0,948.0,0.0,33,31284.0
2014-04-16,930.0,930.0,930.0,930.0,0.0,1000,930000.0
2014-04-15,930.0,930.0,930.0,930.0,0.0,33,30690.0
2014-04-13,895.0,930.0,912.0,930.0,0.0,626,580133.0
2014-04-09,878.0,895.0,861.0,895.0,0.0,1274,1106217.0
2014-04-07,861.0,878.0,878.0,878.0,0.0,33,28974.0
2014-04-06,835.0,885.0,851.0,861.0,0.0,1140,978301.0
2014-04-03,820.0,852.0,835.0,835.0,0.0,866,727355.0
2014-04-02,830.0,820.0,820.0,820.0,0.0,536,439520.0
2014-04-01,790.0,837.0,805.0,830.0,0.0,1791,1476319.0
2014-03-31,814.0,800.0,784.0,790.0,0.0,709,558200.0
2014-03-24,846.0,830.0,814.0,814.0,0.0,166,136180.0
2014-03-12,830.0,846.0,846.0,846.0,0.0,23,19458.0
2014-03-11,830.0,846.0,830.0,830.0,0.0,129,107598.0
2014-03-09,800.0,830.0,816.0,830.0,0.0,56,46158.0
2014-03-06,816.0,800.0,800.0,800.0,0.0,500,400000.0
2014-03-05,770.0,816.0,785.0,816.0,0.0,127,100372.0
2014-03-04,801.0,785.0,770.0,770.0,0.0,1636,1268120.0
2014-03-03,890.0,873.0,801.0,801.0,0.0,5045,4174742.0
2014-02-26,942.0,925.0,888.0,890.0,0.0,842,771524.0
2014-02-25,980.0,961.0,942.0,942.0,0.0,572,549008.0
2014-02-18,1000.0,980.0,980.0,980.0,0.0,30,29400.0
2014-01-28,1000.0,1000.0,1000.0,1000.0,0.0,136,136000.0
2014-01-27,955.0,1000.0,974.0,1000.0,0.0,1200,1196700.0
2014-01-26,943.0,955.0,940.0,955.0,0.0,796,750715.0
2014-01-23,890.0,943.0,907.0,943.0,0.0,202,186454.0
2014-01-22,831.0,890.0,830.0,890.0,0.0,503,433575.0
2014-01-21,804.0,831.0,805.0,831.0,0.0,302,247300.0
2014-01-20,789.0,804.0,804.0,804.0,0.0,16,12864.0
2014-01-19,774.0,789.0,789.0,789.0,0.0,100,78900.0
2014-01-16,759.0,774.0,774.0,774.0,0.0,17,13158.0
2014-01-14,731.0,759.0,740.0,759.0,0.0,709,528447.0
2014-01-13,678.0,731.0,690.0,731.0,0.0,373,265470.0
2014-01-12,654.0,678.0,654.0,678.0,0.0,162,107876.0
2014-01-01,642.0,654.0,654.0,654.0,0.0,17,11118.0
2013-12-29,624.0,648.0,636.0,642.0,0.0,444,284902.0
2013-12-24,612.0,624.0,624.0,624.0,0.0,23,14352.0
2013-12-22,600.0,612.0,612.0,612.0,0.0,17,10404.0
2013-12-19,589.0,600.0,600.0,600.0,0.0,83,49800.0
2013-12-18,589.0,589.0,589.0,589.0,0.0,10,5890.0
2013-12-12,578.0,589.0,589.0,589.0,0.0,31,18259.0
2013-12-10,556.0,578.0,567.0,578.0,0.0,166,95035.0
2013-12-05,546.0,556.0,556.0,556.0,0.0,17,9452.0
2013-12-01,609.0,612.0,600.0,612.0,0.0,4112,2468138.0
2013-11-28,609.0,609.0,608.0,609.0,0.0,319,194171.0
2013-11-26,598.0,609.0,609.0,609.0,0.0,100,60900.0
2013-11-25,554.0,598.0,565.0,598.0,0.0,782,459346.0
2013-11-24,514.0,554.0,524.0,554.0,0.0,121,65794.0
2013-11-21,504.0,514.0,514.0,514.0,0.0,10,5140.0
2013-11-14,459.0,504.0,468.0,504.0,0.0,575,280530.0
2013-11-13,442.0,459.0,450.0,459.0,0.0,185,84825.0
2013-11-12,402.0,442.0,410.0,442.0,0.0,106,45708.0
2013-11-11,373.0,402.0,380.0,402.0,0.0,649,247830.0
2013-11-07,373.0,373.0,373.0,373.0,0.0,10,3730.0
2013-10-29,366.0,373.0,373.0,373.0,0.0,165,61545.0
2013-10-28,352.0,366.0,359.0,366.0,0.0,175,62895.0
2013-09-29,350.0,352.0,352.0,352.0,0.0,17,5984.0
2013-09-26,338.0,350.0,344.0,350.0,0.0,197,68164.0
2013-09-17,344.0,338.0,338.0,338.0,0.0,500,169000.0
2013-09-11,351.0,344.0,344.0,344.0,0.0,10,3440.0
2013-09-10,345.0,351.0,351.0,351.0,0.0,80,28080.0
2013-09-08,352.0,345.0,345.0,345.0,0.0,10,3450.0
2013-09-05,350.0,352.0,343.0,352.0,0.0,1163,404851.0
2013-09-04,360.0,357.0,350.0,350.0,0.0,795,279106.0
2013-09-03,364.0,365.0,360.0,360.0,0.0,599,217373.0
2013-09-02,369.0,364.0,364.0,364.0,0.0,33,12012.0
2013-09-01,397.0,390.0,369.0,369.0,0.0,274,103570.0
2013-08-29,413.0,405.0,397.0,397.0,0.0,152,61216.0
2013-08-27,421.0,429.0,413.0,413.0,0.0,236,98284.0
2013-08-26,413.0,429.0,412.0,421.0,0.0,552,232943.0
2013-08-25,405.0,413.0,413.0,413.0,0.0,40,16520.0
2013-08-20,396.0,411.0,403.0,405.0,0.0,1027,416017.0
2013-08-19,382.0,396.0,389.0,396.0,0.0,33,12998.0
2013-08-18,368.0,389.0,375.0,382.0,0.0,260,99250.0
2013-08-15,336.0,368.0,342.0,368.0,0.0,185,65334.0
2013-08-14,326.0,336.0,330.0,336.0,0.0,198,65538.0
2013-08-13,314.0,326.0,302.0,326.0,0.0,282,87846.0
2013-08-12,320.0,320.0,314.0,314.0,0.0,600,188900.0
2013-08-11,326.0,326.0,320.0,320.0,0.0,1193,384058.0
2013-08-08,332.0,326.0,326.0,326.0,0.0,166,54116.0
2013-08-07,338.0,332.0,332.0,332.0,0.0,200,66400.0
2013-08-06,334.0,338.0,324.0,338.0,0.0,370,122144.0
2013-08-04,339.0,340.0,334.0,334.0,0.0,626,212669.0
2013-08-01,314.0,344.0,320.0,339.0,0.0,1366,458058.0
2013-07-31,286.0,314.0,291.0,314.0,0.0,1385,425345.0
2013-07-30,260.0,286.0,265.0,286.0,0.0,230,63730.0
2013-07-29,261.0,261.0,260.0,260.0,0.0,1148,298490.0
2013-07-24,238.0,261.0,242.0,261.0,0.0,1358,352290.0
2013-07-21,234.0,238.0,235.0,238.0,0.0,159,37395.0
2013-07-17,230.0,234.0,230.0,234.0,0.0,110,25340.0
2013-07-15,230.0,230.0,230.0,230.0,0.0,17,3910.0
2013-07-11,233.0,230.0,230.0,230.0,0.0,50,11500.0
2013-07-10,237.0,233.0,233.0,233.0,0.0,165,38445.0
2013-07-09,233.0,237.0,237.0,237.0,0.0,93,22041.0
2013-07-08,228.0,236.0,232.0,233.0,0.0,263,61259.0
2013-07-07,220.0,228.0,224.0,228.0,0.0,226,51311.0
2013-07-04,212.0,220.0,216.0,220.0,0.0,110,24068.0
2013-07-03,200.0,212.0,204.0,212.0,0.0,306,63648.0
2013-07-02,197.0,200.0,197.0,200.0,0.0,34,6749.0
2013-06-30,197.0,197.0,197.0,197.0,0.0,53,10441.0
2013-06-25,194.0,197.0,194.0,197.0,0.0,348,68505.0
2013-06-24,197.0,194.0,194.0,194.0,0.0,34,6596.0
2013-05-22,194.0,197.0,197.0,197.0,0.0,40,7880.0
2013-05-14,191.0,194.0,194.0,194.0,0.0,17,3298.0
2013-05-09,191.0,191.0,188.0,191.0,0.0,452,86284.0
2013-05-08,194.0,194.0,191.0,191.0,0.0,529,102524.0
2013-05-07,191.0,194.0,191.0,194.0,0.0,373,71852.0
2013-05-06,188.0,191.0,191.0,191.0,0.0,778,148598.0
2013-05-02,194.0,191.0,188.0,188.0,0.0,51,9639.0
2013-04-30,199.0,196.0,194.0,194.0,0.0,516,100190.0
2013-04-29,193.0,199.0,193.0,199.0,0.0,2036,400340.0
2013-04-28,193.0,193.0,193.0,193.0,0.0,78,15054.0
2013-04-25,181.0,193.0,184.0,193.0,0.0,9203,1752521.0
2013-04-22,181.0,184.0,181.0,181.0,0.0,1029,188343.0
2013-04-09,178.0,181.0,181.0,181.0,0.0,184,33304.0
2013-04-04,180.0,178.0,178.0,178.0,0.0,17,3026.0
2013-03-28,183.0,180.0,180.0,180.0,0.0,69,12420.0
2013-03-25,180.0,183.0,180.0,183.0,0.0,254,46431.0
2013-03-06,175.0,180.0,172.0,180.0,0.0,1180,208862.0
2013-03-05,169.0,175.0,172.0,175.0,0.0,338,58643.0
2013-03-04,172.0,169.0,169.0,169.0,0.0,10,1690.0
2013-03-03,175.0,172.0,172.0,172.0,0.0,17,2924.0
2013-02-24,184.0,181.0,175.0,175.0,0.0,154,27322.0
2013-02-21,187.0,184.0,184.0,184.0,0.0,10,1840.0
2013-02-20,190.0,187.0,187.0,187.0,0.0,10,1870.0
2013-02-19,193.0,190.0,190.0,190.0,0.0,10,1900.0
2013-02-14,199.0,196.0,193.0,193.0,0.0,102,19794.0
2013-02-13,203.0,199.0,199.0,199.0,0.0,50,9950.0
2013-02-10,211.0,207.0,203.0,203.0,0.0,86,17510.0
2013-02-07,231.0,227.0,211.0,211.0,0.0,159,34349.0
2012-12-20,219.0,231.0,223.0,231.0,0.0,60,13620.0
2012-12-19,210.0,222.0,214.0,219.0,0.0,829,181531.0
2012-12-11,216.0,212.0,210.0,210.0,0.0,73,15364.0
2012-12-09,220.0,216.0,216.0,216.0,0.0,36,7776.0
2012-11-28,224.0,220.0,220.0,220.0,0.0,50,11000.0
2012-11-27,232.0,228.0,224.0,224.0,0.0,331,74464.0
2012-11-26,236.0,232.0,232.0,232.0,0.0,138,32016.0
2012-11-22,232.0,240.0,236.0,236.0,0.0,158,37528.0
2012-11-20,232.0,236.0,232.0,232.0,0.0,70,16280.0
2012-11-18,224.0,232.0,228.0,232.0,0.0,86,19752.0
2012-11-12,209.0,224.0,213.0,224.0,0.0,166,36320.0
2012-10-18,212.0,212.0,209.0,209.0,0.0,557,116659.0
2012-10-17,210.0,212.0,212.0,212.0,0.0,225,47700.0
2012-10-15,208.0,216.0,210.0,210.0,0.0,327,69832.0
2012-10-14,207.0,208.0,208.0,208.0,0.0,377,78416.0
2012-10-11,204.0,208.0,204.0,207.0,0.0,1979,404519.0
2012-10-10,204.0,204.0,200.0,204.0,0.0,2039,407932.0
2012-10-09,201.0,208.0,204.0,204.0,0.0,429,87815.0
2012-10-08,192.0,205.0,195.0,201.0,0.0,1421,283284.0
2012-10-07,189.0,193.0,190.0,192.0,0.0,2089,397362.0
2012-10-04,183.0,189.0,186.0,189.0,0.0,1085,201840.0
2012-10-03,180.0,183.0,183.0,183.0,0.0,79,14457.0
2012-10-01,187.0,185.0,177.0,180.0,0.0,1847,336911.0
2012-10-01,187.0,185.0,177.0,180.0,0.0,1847,336911.0
2012-09-30,189.0,187.0,187.0,187.0,0.0,40,7480.0
2012-09-26,198.0,195.0,189.0,189.0,0.0,71,13590.0
2012-09-23,200.0,198.0,197.0,198.0,0.0,390,76995.0
2012-09-20,216.0,215.0,200.0,200.0,0.0,328,67141.0
2012-09-19,205.0,221.0,209.0,216.0,0.0,233,50552.0
2012-09-18,187.0,205.0,190.0,205.0,0.0,1152,230381.0
2012-09-17,177.0,187.0,177.0,187.0,0.0,1873,335247.0
2012-09-16,183.0,180.0,177.0,177.0,0.0,330,58905.0
2012-09-13,179.0,186.0,176.0,183.0,0.0,3260,591854.0
2012-09-12,185.0,182.0,179.0,179.0,0.0,20,3610.0
2012-09-06,179.0,185.0,182.0,185.0,0.0,176,32062.0
2012-09-05,182.0,179.0,179.0,179.0,0.0,50,8950.0
2012-09-04,188.0,185.0,182.0,182.0,0.0,76,14030.0
2012-09-03,187.0,188.0,185.0,188.0,0.0,2308,429845.0
2012-09-02,184.0,187.0,185.0,187.0,0.0,593,110360.0
2012-08-29,182.0,184.0,184.0,184.0,0.0,251,46184.0
2012-08-28,177.0,183.0,177.0,182.0,0.0,503,90674.0
2012-08-27,173.0,180.0,174.0,177.0,0.0,2105,369120.0
2012-08-26,175.0,173.0,171.0,173.0,0.0,1045,179741.0
2012-08-23,172.0,175.0,172.0,175.0,0.0,866,151289.0
2012-08-21,171.0,174.0,171.0,172.0,0.0,754,129409.0
2012-08-19,168.0,171.0,171.0,171.0,0.0,36,6156.0
2012-08-16,168.0,168.0,168.0,168.0,0.0,69,11592.0
2012-08-15,171.0,168.0,168.0,168.0,0.0,36,6048.0
2012-08-14,174.0,171.0,170.0,171.0,0.0,96,16383.0
2012-08-13,168.0,174.0,165.0,174.0,0.0,2104,349503.0
2012-08-12,177.0,174.0,168.0,168.0,0.0,50,8580.0
2012-08-08,174.0,177.0,177.0,177.0,0.0,165,29205.0
2012-08-07,176.0,174.0,174.0,174.0,0.0,165,28710.0
2012-08-06,179.0,179.0,176.0,176.0,0.0,400,71393.0
2012-08-05,180.0,183.0,178.0,179.0,0.0,532,95646.0
2012-08-01,180.0,180.0,177.0,180.0,0.0,734,130796.0
2012-07-31,180.0,180.0,177.0,180.0,0.0,413,74232.0
2012-07-30,178.0,180.0,169.0,180.0,0.0,1278,220054.0
2012-07-29,180.0,178.0,178.0,178.0,0.0,69,12282.0
2012-07-26,180.0,183.0,180.0,180.0,0.0,1923,346170.0
2012-07-25,192.0,190.0,180.0,180.0,0.0,5792,1052695.0
2012-07-24,190.0,192.0,180.0,192.0,0.0,2921,534391.0
2012-07-23,190.0,194.0,189.0,190.0,0.0,2684,511710.0
2012-07-22,189.0,195.0,189.0,190.0,0.0,1072,204703.0
2012-07-19,172.0,189.0,173.0,189.0,0.0,5047,902535.0
