date,open,high,low,ltp,percent_change,qty,turnover
2023-02-28,637.0,637.0,621.0,624.0,-3.85,4665,2921591.0
2023-02-27,611.0,649.0,601.0,649.0,4.86,4818,2951921.2
2023-02-26,599.1,619.9,595.0,618.9,1.46,10803,6478287.2
2023-02-23,630.0,630.0,601.1,610.0,-2.24,4482,2734910.9
2023-02-22,611.6,628.9,611.6,624.0,1.13,3800,2347111.8
2023-02-20,615.5,622.9,605.0,617.0,-1.75,3139,1914927.9
2023-02-16,620.2,632.6,607.8,628.0,-0.32,7491,4608094.5
2023-02-15,633.0,640.0,625.0,630.0,-0.63,3606,2279584.7
2023-02-14,620.0,642.0,620.0,634.0,0.48,4305,2732175.0
2023-02-12,657.0,658.0,627.5,631.0,-4.23,8441,5345021.9
2023-02-09,662.0,662.0,646.8,658.9,-0.47,5033,3289978.6
2023-02-08,675.1,678.0,654.7,662.0,0.02,8023,5324834.1
2023-02-07,650.0,661.9,642.0,661.9,3.58,4596,2994887.7
2023-02-06,620.1,663.2,620.1,639.0,1.43,2140,1379902.6
2023-02-05,635.0,645.0,630.0,630.0,-0.79,3963,2519324.3
2023-02-02,650.0,659.0,627.0,635.0,-2.05,6736,4290014.0
2023-02-01,661.0,661.0,646.6,648.3,-2.22,4530,2956714.2
2023-01-31,646.8,663.0,640.0,663.0,2.5,10266,6655055.2
2023-01-30,665.0,670.0,646.8,646.8,-2.77,10960,7246864.9
2023-01-29,670.0,678.0,657.0,665.2,0.03,9396,6266033.3
2023-01-26,676.0,676.0,655.7,665.0,0.26,18808,12487591.5
2023-01-25,667.0,673.0,644.0,663.3,1.42,5187,3448118.6
2023-01-24,645.1,654.0,633.0,654.0,-0.58,6387,4101992.3
2023-01-23,656.0,664.0,640.0,657.8,-0.92,3947,2566185.0
2023-01-19,645.0,671.0,638.2,663.9,2.93,25105,16456107.1
2023-01-18,665.0,669.0,640.0,645.0,-1.1,30619,19961396.8
2023-01-17,655.0,670.0,645.0,652.2,-0.73,20463,13451334.9
2023-01-12,690.0,693.0,656.6,657.0,-3.24,17113,11507796.7
2023-01-10,714.0,728.0,672.0,679.0,-3.0,19493,13498699.7
2023-01-09,700.0,707.9,688.0,700.0,0.14,20225,14127282.8
2023-01-08,700.0,715.9,680.0,699.0,1.35,25987,18060474.0
2023-01-05,739.5,795.0,739.5,788.0,8.69,64509,50175117.6
2023-01-04,678.2,725.0,678.2,725.0,5.07,14838,10427112.0
2023-01-03,709.0,709.0,686.0,690.0,-2.13,12704,8835981.4
2023-01-02,676.2,708.9,650.1,705.0,6.33,9745,6715794.6
2023-01-01,654.0,689.5,645.1,663.0,3.35,19378,12940052.2
2022-12-29,600.0,641.5,595.1,641.5,6.9,14778,9222471.7
2022-12-28,580.0,614.0,580.0,600.1,2.23,18154,10936236.8
2022-12-27,565.0,599.0,565.0,587.0,5.77,16000,9372013.0
2022-12-26,537.0,565.0,537.0,555.0,5.31,13286,7283275.9
2022-12-22,502.8,527.0,502.8,527.0,2.73,4041,2089063.8
2022-12-21,511.0,517.0,509.0,513.0,-0.97,1534,785186.9
2022-12-20,511.0,523.0,505.0,518.0,1.01,1967,1014564.5
2022-12-19,507.0,513.9,504.2,512.8,0.16,1029,521154.7
2022-12-18,508.8,518.9,507.0,512.0,-1.35,1624,826483.0
2022-12-15,509.0,519.0,509.0,519.0,0.0,2981,1522353.6
2022-12-14,534.5,534.5,519.0,519.0,-1.98,782,407317.8
2022-12-13,535.0,535.0,510.0,529.5,-1.03,3083,1592299.2
2022-12-12,500.1,535.0,500.1,535.0,5.11,2909,1490182.7
2022-12-11,519.0,525.0,508.1,509.0,-2.12,4055,2077339.9
2022-12-07,526.1,530.0,520.0,520.0,-2.8,1769,929116.8
2022-12-06,544.0,544.0,525.1,535.0,-1.65,3956,2110401.4
2022-12-05,570.0,570.9,544.0,544.0,-2.86,2422,1339642.9
2022-12-04,587.0,587.0,559.0,560.0,-2.78,6139,3457496.6
2022-07-11,583.1,583.1,548.8,576.0,-3.19,6350,3590283.0
2022-07-08,595.0,606.0,589.2,595.0,-1.98,1912,1133925.0
2022-07-07,622.0,634.4,594.0,607.0,-0.49,2878,1738373.4
2022-07-06,621.0,621.0,591.0,610.0,0.16,7766,4654633.1
2022-07-05,621.4,640.0,609.0,609.0,-3.94,4063,2510177.1
2022-07-04,642.0,665.0,623.0,634.0,0.63,13053,8463596.2
2022-07-03,605.0,654.6,600.0,630.0,4.65,4081,2545135.8
2022-07-01,616.0,627.0,602.0,602.0,-2.11,3012,1860302.0
2022-06-30,580.0,627.0,579.0,615.0,5.31,6879,4161165.1
2022-06-29,580.0,588.5,565.1,584.0,2.46,3326,1910250.2
2022-06-28,570.0,574.8,559.0,570.0,-1.89,3434,1936932.9
2022-06-27,599.0,608.9,573.0,581.0,-1.19,5581,3264215.0
2022-06-26,550.0,588.0,550.0,588.0,6.35,7344,4197507.3
2022-06-24,533.0,553.7,512.0,552.9,3.91,4030,2151923.3
2022-06-23,549.8,549.8,531.0,532.1,-5.15,3524,1893628.8
2022-06-22,569.0,573.0,546.0,561.0,-1.75,6020,3352952.3
2022-06-21,570.0,579.0,556.0,571.0,1.96,2446,1381907.0
2022-06-20,588.1,599.7,546.0,560.0,-6.67,16064,9020348.7
2022-06-19,590.0,600.0,588.0,600.0,-0.33,5779,3412496.1
2022-06-17,592.0,602.0,580.0,602.0,2.56,1454,859665.8
2022-06-16,590.0,598.0,583.0,587.0,0.0,1158,681184.1
2022-06-15,580.2,589.0,572.0,587.0,0.69,2938,1701980.9
2022-06-14,600.0,600.0,583.0,583.0,-3.48,2895,1704841.9
2022-06-13,610.0,610.0,596.2,604.0,-1.31,2313,1391969.2
2022-06-10,606.6,621.0,590.0,612.0,-1.11,1574,946952.3
2022-06-09,620.0,632.0,607.6,618.9,-0.18,4074,2530733.3
2022-06-08,579.0,636.0,579.0,620.0,5.08,8114,4900979.8
2022-06-07,607.0,614.0,587.0,590.0,-4.68,4382,2609917.8
2022-06-06,612.0,637.9,600.0,619.0,0.81,12593,7859465.7
2022-06-03,612.0,615.0,582.0,614.0,-0.81,4930,2949146.8
2022-06-02,654.0,654.9,608.0,619.0,-4.18,3426,2149742.7
2022-06-01,653.6,653.6,634.0,646.0,-0.62,2025,1301772.4
2022-05-31,653.6,656.0,620.0,650.0,-2.53,10557,6720814.9
2022-05-30,680.0,689.7,654.0,666.9,-1.93,6376,4234025.7
2022-05-27,696.8,696.8,660.1,680.0,-0.57,3120,2075488.5
2022-05-26,680.0,684.0,667.0,683.9,1.18,2908,1960585.7
2022-05-25,670.0,683.4,660.0,675.9,2.88,4546,3047261.6
2022-05-24,669.1,669.1,651.0,657.0,0.15,3069,2014751.3
2022-05-23,670.0,670.0,645.0,656.0,-3.94,8173,5352486.8
2022-05-20,679.0,690.0,664.0,682.9,-1.19,9963,6686781.4
2022-05-19,692.0,704.0,678.2,691.1,-1.27,6481,4471971.7
2022-05-18,706.0,724.0,692.0,700.0,-2.1,5403,3799929.0
2022-05-17,755.0,755.0,701.0,715.0,-7.11,10460,7547920.4
2022-05-12,770.0,789.2,758.0,769.7,-0.81,9262,7134128.3
2022-05-11,760.0,783.4,760.0,776.0,0.92,7955,6135478.5
2022-05-10,771.0,771.0,757.0,768.9,1.71,2015,1544378.7
2022-05-09,772.0,772.1,745.1,756.0,-1.93,3983,3051684.9
2022-05-08,745.0,771.9,732.0,770.9,1.57,6400,4778871.1
2022-05-05,790.0,790.0,759.0,759.0,-5.83,10134,7796851.1
2022-05-04,778.0,806.0,765.5,806.0,1.78,5206,4027635.5
2022-05-02,808.0,810.0,761.0,791.9,-2.1,10671,8291065.0
2022-04-28,810.0,820.0,795.0,808.9,-0.14,2878,2315449.3
2022-04-27,821.0,821.0,798.8,810.0,-0.61,2512,2015715.0
2022-04-26,810.0,827.0,800.0,815.0,-0.12,3012,2446593.6
2022-04-25,824.0,835.0,809.4,816.0,-1.2,5886,4823516.3
2022-04-24,795.0,827.0,795.0,825.9,3.24,4891,4007244.5
2022-04-21,800.0,802.0,768.0,800.0,0.0,10077,7832300.4
2022-04-20,800.1,816.0,790.0,800.0,-1.96,8003,6388729.5
2022-04-19,820.0,834.9,800.0,816.0,-1.57,11472,9276712.5
2022-04-18,835.0,840.0,829.0,829.0,-1.89,10501,8737538.0
2022-04-17,830.0,855.0,830.0,845.0,0.6,4034,3383178.5
2022-04-13,845.0,869.8,835.0,840.0,-0.01,4092,3457500.0
2022-04-12,846.7,850.0,840.0,840.1,-2.75,3628,3063078.2
2022-04-11,885.3,900.0,851.0,863.9,-0.47,13660,11737349.2
2022-04-07,875.1,892.0,866.0,868.0,-0.81,6495,5709002.2
2022-04-06,853.0,875.1,837.0,875.1,0.59,3538,3032953.5
2022-04-05,865.0,877.0,848.0,870.0,-1.14,13782,11811154.2
2022-04-04,908.0,918.0,880.0,880.0,-3.08,18786,16690162.2
2022-04-03,902.0,916.9,900.0,908.0,-1.2,5948,5382891.4
2022-03-31,918.0,936.0,900.0,919.0,-1.07,6039,5514001.2
2022-03-30,910.0,929.0,895.2,928.9,1.85,12832,11632885.5
2022-03-29,920.0,930.0,905.0,912.0,-1.94,5059,4625773.5
2022-03-28,945.0,945.0,909.0,930.0,-1.59,10234,9470268.8
2022-03-27,923.0,978.0,923.0,945.0,4.42,51007,48590835.6
2022-03-24,905.0,922.0,895.0,905.0,0.56,15713,14285432.0
2022-03-23,900.4,918.0,890.0,900.0,-1.3,9809,8808191.9
2022-03-22,905.0,919.0,905.0,911.9,0.76,7178,6530472.8
2022-03-21,881.4,905.0,881.0,905.0,1.26,5732,5107177.8
2022-03-20,915.0,915.0,882.0,893.7,-0.59,7405,6585549.4
2022-03-16,890.0,904.0,881.2,899.0,1.12,9866,8798875.3
2022-03-15,870.0,890.0,855.2,889.0,2.18,12520,10933416.6
2022-03-14,877.0,877.2,860.0,870.0,1.16,5603,4841157.8
2022-03-13,835.0,862.0,830.0,860.0,4.88,6808,5772782.7
2022-03-10,802.5,824.0,800.0,820.0,0.61,11548,9326414.2
2022-03-09,850.0,850.0,810.0,815.0,-2.4,7461,6140386.4
2022-03-07,867.0,867.0,834.0,835.0,-1.76,4525,3815447.7
2022-03-06,866.0,866.0,825.0,850.0,0.0,5457,4598950.5
2022-03-02,882.3,882.3,847.0,850.0,-1.73,7216,6149171.9
2022-02-28,911.0,911.0,858.0,865.0,-3.34,3943,3415359.7
2022-02-27,892.8,898.0,860.1,894.9,0.22,9798,8543344.6
2022-02-24,890.0,893.0,866.0,892.9,0.44,12805,11164823.2
2022-02-23,899.0,899.0,880.0,889.0,-0.56,2146,1896693.0
2022-02-22,900.0,912.0,893.0,894.0,-0.22,6218,5591212.5
2022-02-21,897.0,899.0,881.0,896.0,1.82,5576,4943536.0
2022-02-20,901.0,901.0,878.1,880.0,-4.03,9561,8473443.7
2022-02-17,950.0,950.0,908.0,917.0,-2.24,10696,9827018.9
2022-02-16,949.6,956.7,919.3,938.0,-0.11,11208,10452816.5
2022-02-15,939.0,955.0,930.0,939.0,0.0,8120,7616599.0
2022-02-14,943.8,951.0,930.0,939.0,-2.49,7106,6692523.8
2022-02-13,953.6,963.0,918.0,963.0,-1.03,14733,13685446.4
2022-02-10,970.0,981.0,958.0,973.0,-0.71,6716,6482076.8
2022-02-09,987.0,987.2,975.0,980.0,-0.72,2063,2019160.0
2022-02-08,1010.0,1019.0,985.0,987.1,-1.29,7956,7898887.5
2022-02-07,994.1,1009.0,990.0,1000.0,-1.38,14701,14668043.5
2022-02-06,999.0,1014.0,975.0,1014.0,1.91,9743,9566841.4
2022-02-03,1020.0,1020.0,995.0,995.0,-0.5,13642,13712512.2
2022-02-01,986.1,1004.0,986.1,1000.0,-0.6,4567,4561191.8
2022-01-31,1010.0,1019.0,990.0,1006.0,-0.4,19458,19377197.4
2022-01-30,998.0,1016.0,990.0,1010.0,3.06,14628,14648998.3
2022-01-27,997.0,998.0,966.0,980.0,0.0,7763,7567205.5
2022-01-26,993.0,1008.0,970.0,980.0,-1.11,11359,11124646.0
2022-01-25,985.0,1019.0,985.0,991.0,-0.8,17494,17599663.7
2022-01-24,1036.0,1040.0,975.1,999.0,-4.13,19387,19460388.2
2022-01-23,1092.0,1092.0,1041.0,1042.0,-2.71,21872,23047087.7
2022-01-20,1050.9,1082.0,1050.0,1071.0,1.41,20379,21732792.5
2022-01-19,1061.71,1102.0,1051.0,1056.1,-0.53,24125,25846608.6
2022-01-18,1205.0,1225.0,1185.0,1213.0,2.28,113310,137017718.2
2022-01-17,1210.0,1210.0,1176.0,1186.0,-1.41,36341,43323795.9
2022-01-16,1157.0,1210.0,1140.0,1203.0,5.99,48086,56655781.0
2022-01-13,1100.0,1151.0,1092.0,1135.0,4.51,41523,46656958.9
2022-01-12,1090.0,1132.0,1076.0,1086.0,-2.34,24015,26516784.1
2022-01-11,1075.0,1130.0,1075.0,1112.0,2.02,37720,42102053.3
2022-01-10,1050.0,1090.0,1050.0,1090.0,3.91,48800,52598730.8
2022-01-09,1029.0,1080.0,1015.0,1049.0,3.96,21584,22750258.4
2022-01-06,971.0,1009.0,970.2,1009.0,1.92,8853,8837002.8
2022-01-05,1010.0,1018.9,978.0,990.0,-1.98,7176,7108611.0
2022-01-04,980.0,1010.0,980.0,1010.0,1.51,5787,5779653.6
2022-01-03,1002.0,1022.0,988.0,995.0,-0.7,15089,15247320.9
2022-01-02,1009.0,1014.8,985.9,1002.0,-0.4,10192,10238855.4
2021-12-29,927.0,1006.0,925.0,1006.0,6.59,8020,7663193.2
2021-12-28,937.0,959.0,936.0,943.8,-1.28,4883,4619437.1
2021-12-27,1028.0,1048.0,954.0,956.0,-5.22,27845,27421131.7
2021-12-26,935.3,1008.7,930.1,1008.7,10.0,26937,26451245.5
2021-12-23,899.0,934.0,878.0,917.0,3.97,7429,6707099.9
2021-12-22,865.0,905.7,865.0,882.0,3.89,3367,2998545.4
2021-12-21,835.0,851.0,830.0,849.0,1.79,5082,4280143.3
2021-12-20,830.0,856.0,830.0,834.1,0.25,3530,2959332.1
2021-12-16,845.0,845.0,828.1,832.0,-2.12,10395,8665641.4
2021-12-15,892.0,900.0,848.0,850.0,-2.85,8471,7286119.4
2021-12-14,832.0,884.9,832.0,874.9,5.35,1980,1700072.1
2021-12-13,833.0,850.0,817.0,830.5,-2.29,11975,10042731.0
2021-12-12,865.0,865.0,850.0,850.0,-2.97,8873,7610631.5
2021-12-09,865.0,879.0,860.0,876.0,0.0,7643,6625630.6
2021-12-08,869.1,902.0,869.0,876.0,-1.13,6517,5733357.9
2021-12-07,905.0,923.5,885.0,886.0,-2.1,5301,4829008.6
2021-12-06,890.0,908.0,863.0,905.0,0.44,7530,6680064.1
2021-12-05,937.0,938.0,901.0,901.0,-2.07,12451,11364224.4
2021-12-02,957.9,957.9,920.0,920.0,-2.65,7335,6827153.5
2021-12-01,944.0,960.0,944.0,945.0,0.11,3399,3218486.0
2021-11-30,945.0,948.0,930.0,944.0,-0.11,5923,5567131.0
2021-11-29,933.0,955.0,932.0,945.0,-0.53,8489,8030149.5
2021-11-28,981.0,990.0,941.0,950.0,-4.14,9709,9373694.0
2021-11-25,1000.0,1004.7,980.1,991.0,-1.1,8615,8539260.5
2021-11-24,985.0,1003.0,985.0,1002.0,0.2,6695,6673524.6
2021-11-23,1004.0,1010.0,1000.0,1000.0,-1.38,13077,13151117.2
2021-11-22,995.0,1024.0,995.0,1014.0,0.6,15449,15611809.7
2021-11-21,1024.8,1026.0,995.0,1008.0,-3.61,19314,19516896.8
2021-11-18,1069.0,1080.0,1045.0,1045.7,-2.0,8455,8893316.3
2021-11-17,1066.0,1081.0,1044.8,1067.0,2.01,11464,12278879.4
2021-11-16,1028.0,1048.0,1021.0,1046.0,1.55,10315,10739821.9
2021-11-15,1025.0,1090.0,1023.0,1030.0,0.0,13727,14233488.0
2021-11-14,1015.0,1040.0,1010.0,1030.0,1.48,9439,9651021.2
2021-11-11,1020.0,1042.9,1012.0,1015.0,-2.4,11787,12068701.0
2021-11-09,1105.0,1105.0,1030.0,1040.0,-5.28,10499,11046292.1
2021-11-08,1113.0,1116.0,1085.0,1098.0,0.46,9886,10891297.5
2021-11-03,1108.0,1130.0,1093.0,1093.0,-3.19,13107,14544024.0
2021-11-02,1078.0,1133.0,1060.0,1129.0,4.73,25191,27969731.0
2021-11-01,1100.0,1103.0,1070.1,1078.0,-0.09,17101,18604987.1
2021-10-31,1060.0,1080.0,1031.0,1079.0,3.75,18820,19919578.6
2021-10-28,1056.0,1057.0,1016.0,1040.0,-1.61,13600,14056368.7
2021-10-27,1050.0,1072.0,1015.1,1057.0,2.13,15875,16674107.4
2021-10-26,1038.0,1041.4,1020.6,1035.0,1.37,16559,17104327.9
2021-10-25,1014.0,1021.0,998.0,1021.0,2.61,10751,10856269.0
2021-10-24,970.0,995.0,970.0,995.0,2.58,3184,3126693.2
2021-10-21,960.0,980.0,960.0,970.0,0.0,12558,12192081.2
2021-10-20,969.0,990.0,966.0,970.0,2.11,5711,5558038.4
2021-10-19,970.2,982.0,933.0,950.0,-3.39,13703,13076273.4
2021-10-18,1015.0,1015.0,983.3,983.3,-4.53,9135,9042856.9
2021-10-17,1015.0,1030.0,1001.0,1030.0,0.49,3721,3772815.3
2021-10-11,1020.0,1040.0,1010.0,1025.0,0.49,11371,11604576.4
2021-10-10,1056.0,1057.0,1015.0,1020.0,-1.54,12346,12750461.7
2021-10-06,1000.0,1039.0,1000.0,1036.0,3.08,7516,7701669.9
2021-10-05,1007.0,1020.0,991.0,1005.0,1.72,8516,8505986.7
2021-10-04,983.0,1000.0,975.0,988.0,-1.0,14952,14690748.2
2021-10-03,980.0,1010.0,976.0,998.0,1.73,14108,13962626.1
2021-09-30,1027.0,1030.0,975.0,981.0,-6.29,21966,21869888.0
2021-09-29,1000.0,1078.0,981.2,1046.9,4.79,10291,10374780.4
2021-09-28,986.0,1018.9,972.0,999.0,0.0,18353,18108142.5
2021-09-27,1024.1,1024.1,991.0,999.0,-3.1,17716,17694662.2
2021-09-26,1099.0,1099.0,1030.0,1031.0,-5.06,15369,16072034.9
2021-09-23,1107.0,1107.0,1048.6,1086.0,-1.76,24483,26162906.1
2021-09-22,1024.0,1105.5,1024.0,1105.5,10.0,28371,30100435.6
2021-09-21,990.0,1043.0,981.0,1005.0,1.52,22661,22812584.6
2021-09-20,1071.0,1099.0,989.8,990.0,-8.16,34077,34743261.5
2021-09-16,1099.0,1100.1,1045.0,1078.0,-3.71,29503,31454506.6
2021-09-15,1120.0,1130.0,1100.0,1119.5,-1.37,17157,19025035.1
2021-09-14,1135.1,1159.7,1121.0,1135.0,-1.73,11451,12954432.3
2021-09-13,1180.0,1180.0,1118.0,1155.0,-0.84,26055,29769694.0
2021-09-12,1100.0,1164.8,1100.0,1164.8,4.47,63035,70500782.1
2021-09-09,1132.0,1135.0,1100.0,1115.0,-1.33,29511,32966776.1
2021-09-08,1158.0,1180.0,1128.0,1130.0,-4.24,13393,15295031.7
2021-09-07,1177.0,1197.0,1162.0,1180.0,-1.75,17241,20258520.7
2021-09-06,1154.0,1238.0,1115.0,1201.0,6.1,14909,17385275.1
2021-09-05,1182.0,1187.0,1127.0,1132.0,-4.63,29764,34046650.8
2021-09-02,1225.0,1225.0,1185.0,1187.0,-1.99,20997,25132793.1
2021-09-01,1222.0,1251.0,1210.0,1211.1,-1.54,21931,26920356.9
2021-08-31,1250.0,1281.0,1220.0,1230.0,-3.15,28229,34678230.4
2021-08-29,1295.0,1308.0,1245.0,1270.0,-1.78,32530,41237858.7
2021-08-26,1292.0,1314.0,1290.0,1293.0,0.1,33649,43589167.5
2021-08-25,1351.1,1351.1,1291.7,1291.7,-4.39,61061,80337529.3
2021-08-24,1320.9,1372.0,1320.9,1351.0,4.32,129759,175545204.3
2021-08-19,1265.2,1330.0,1265.0,1295.0,2.78,72831,94078903.4
2021-08-18,1215.0,1274.0,1212.0,1260.0,3.03,31992,40081918.2
2021-08-17,1241.1,1245.0,1220.2,1223.0,-1.37,17164,21103999.9
2021-08-16,1260.0,1265.0,1235.0,1240.0,-1.51,26018,32418616.9
2021-08-15,1276.0,1285.0,1241.0,1259.0,-1.33,16988,21399179.8
2021-08-12,1279.0,1281.0,1253.5,1276.0,1.27,27602,35151242.3
2021-08-11,1260.0,1279.0,1250.0,1260.0,0.32,14493,18325251.9
2021-08-10,1249.0,1261.0,1230.0,1256.0,2.28,15862,19838991.1
2021-08-09,1212.0,1246.0,1212.0,1228.0,0.0,13084,16106960.0
2021-08-08,1249.0,1249.0,1225.1,1228.0,-1.68,17998,22138162.7
2021-08-05,1248.0,1267.0,1245.0,1249.0,-0.48,12845,16147784.6
2021-08-04,1256.0,1268.0,1245.0,1255.0,-0.55,18061,22675016.1
2021-08-03,1250.0,1275.0,1244.0,1262.0,0.16,15030,18931346.8
2021-08-02,1260.0,1265.0,1250.0,1260.0,0.8,12855,16149078.6
2021-08-01,1285.0,1290.0,1245.0,1250.0,-1.57,13884,17424376.5
2021-07-29,1315.0,1316.8,1266.0,1270.0,-1.63,18848,24169196.6
2021-07-28,1250.0,1300.0,1250.0,1291.0,4.11,26024,33344711.9
2021-07-27,1235.0,1250.0,1225.0,1240.0,0.08,8948,11045494.6
2021-07-26,1226.0,1245.0,1220.0,1239.0,0.81,9436,11608833.5
2021-07-25,1222.0,1235.0,1216.0,1229.0,0.33,18405,22555630.5
2021-07-22,1230.0,1230.0,1203.0,1225.0,1.26,12769,15503404.4
2021-07-20,1235.0,1238.0,1206.0,1209.8,-0.84,11358,13832804.8
2021-07-19,1230.0,1270.0,1215.0,1220.0,0.74,16432,20239392.0
2021-07-18,1190.0,1215.0,1185.0,1211.0,3.5,18009,21645559.2
2021-07-15,1170.0,1216.0,1165.0,1170.0,0.0,14477,16961872.0
2021-07-14,1180.0,1188.0,1165.0,1170.0,-0.85,18978,22280287.0
2021-07-13,1188.0,1204.0,1180.0,1180.0,-0.67,7432,8813241.0
2021-07-12,1212.0,1220.0,1180.0,1188.0,-0.92,15411,18434675.0
2021-07-11,1185.0,1205.0,1184.0,1199.0,1.44,13413,16034374.0
2021-07-08,1171.0,1189.0,1170.0,1182.0,0.17,10542,12468565.0
2021-07-07,1195.0,1205.0,1180.0,1180.0,-1.5,7475,8880275.0
2021-07-06,1181.0,1214.0,1176.0,1198.0,-0.08,8001,9569305.0
2021-07-05,1191.0,1224.0,1191.0,1199.0,0.25,14125,16990823.0
2021-07-04,1205.0,1208.0,1190.0,1196.0,-0.75,11775,14113258.0
2021-07-01,1180.0,1223.0,1180.0,1205.0,0.84,6958,8421018.0
2021-06-30,1190.0,1200.0,1180.0,1195.0,-0.42,13536,16099784.0
2021-06-29,1220.0,1240.0,1200.0,1200.0,-1.8,7817,9456662.0
2021-06-28,1244.0,1244.0,1220.0,1222.0,0.16,3695,4527172.0
2021-06-27,1236.0,1236.0,1207.0,1220.0,0.66,11191,13645454.0
2021-06-24,1201.0,1245.0,1201.0,1212.0,-0.74,20552,24919033.0
2021-06-23,1270.0,1270.0,1219.0,1221.0,-3.4,23139,28491324.0
2021-06-22,1241.0,1275.0,1225.0,1264.0,2.43,11540,14465809.0
2021-06-21,1325.0,1325.0,1229.0,1234.0,-3.44,20817,25904251.0
2021-06-20,1290.0,1320.0,1262.0,1278.0,-0.7,35543,45706888.0
2021-06-17,1320.0,1330.0,1285.0,1287.0,-0.62,17978,23282871.0
2021-06-16,1305.0,1328.0,1280.0,1295.0,-1.07,18059,23379103.0
2021-06-15,1320.0,1345.0,1308.0,1309.0,-0.83,37136,49383910.0
2021-06-14,1340.0,1340.0,1300.0,1320.0,0.15,23395,30757146.0
2021-06-13,1365.0,1365.0,1311.0,1318.0,-1.72,39572,52423751.0
2021-06-10,1346.0,1360.0,1324.0,1341.0,1.59,105322,141463594.0
2021-06-09,1370.0,1370.0,1305.0,1320.0,1.15,59131,78544860.0
2021-06-08,1290.0,1315.0,1262.0,1305.0,2.35,48913,63411090.0
2021-06-07,1280.0,1280.0,1260.0,1275.0,0.47,33985,43110785.0
2021-06-06,1347.0,1347.0,1256.0,1269.0,-1.09,31053,39282780.0
2021-06-03,1298.0,1298.0,1275.0,1283.0,-0.54,15269,19546384.0
2021-06-02,1267.0,1299.0,1260.0,1290.0,1.82,12418,15938222.0
2021-06-01,1265.0,1280.0,1263.0,1267.0,-1.02,15912,20193868.0
2021-05-31,1325.0,1336.0,1275.0,1280.0,-2.29,26137,34059764.0
2021-05-30,1300.0,1330.0,1300.0,1310.0,1.24,66684,87921527.0
2021-05-27,1275.0,1300.0,1270.0,1294.0,0.47,39312,50772111.0
2021-05-25,1281.0,1301.0,1270.0,1288.0,0.55,41972,53956125.0
2021-05-24,1280.0,1299.0,1278.0,1281.0,-0.54,17412,22419838.0
2021-05-23,1260.0,1295.0,1250.0,1288.0,0.23,13904,17785781.0
2021-05-20,1290.0,1301.0,1271.0,1285.0,-0.39,22180,28637963.0
2021-05-19,1303.0,1309.0,1282.0,1290.0,-1.0,33084,42828576.0
2021-05-18,1302.0,1308.0,1290.0,1303.0,0.23,34039,44290960.0
2021-05-17,1320.0,1320.0,1284.0,1300.0,0.08,38955,50475182.0
2021-05-16,1250.0,1306.0,1250.0,1299.0,4.76,73810,94906639.0
2021-05-13,1250.0,1250.0,1237.0,1240.0,0.0,14811,18409704.0
2021-05-12,1250.0,1253.0,1230.0,1240.0,0.9,8586,10645235.0
2021-05-11,1230.0,1236.0,1225.0,1229.0,0.74,6121,7534498.0
2021-05-10,1215.0,1225.0,1201.0,1220.0,0.83,6007,7333050.0
2021-05-09,1227.0,1227.0,1205.0,1210.0,-1.39,8196,9949434.0
2021-05-06,1250.0,1250.0,1225.0,1227.0,-1.13,11824,14534341.0
2021-05-05,1250.0,1250.0,1232.0,1241.0,-0.32,11038,13715553.0
2021-05-04,1250.0,1250.0,1229.0,1245.0,0.4,21597,26810186.0
2021-05-03,1251.0,1299.0,1227.0,1240.0,1.06,41382,51623926.0
2021-05-02,1216.0,1235.0,1177.0,1227.0,2.76,28059,34088421.0
2021-04-29,1172.0,1199.0,1172.0,1194.0,1.96,9265,10997329.0
2021-04-28,1225.0,1225.0,1160.0,1171.0,-2.5,16903,19930219.0
2021-04-27,1144.0,1221.0,1144.0,1201.0,3.62,19395,23194072.0
2021-04-26,1210.0,1210.0,1145.0,1159.0,-1.7,18475,21496497.0
2021-04-25,1210.0,1210.0,1166.0,1179.0,-3.36,26093,30750775.0
2021-04-22,1282.0,1282.0,1200.0,1220.0,-0.08,10255,12464638.0
2021-04-21,1250.0,1251.0,1215.0,1221.0,-1.53,8745,10728966.0
2021-04-20,1222.0,1250.0,1222.0,1240.0,0.16,17501,21645467.0
2021-04-19,1250.0,1270.0,1227.0,1238.0,-1.67,22094,27502092.0
2021-04-18,1294.0,1300.0,1250.0,1259.0,-2.55,19445,24713990.0
2021-04-15,1312.0,1312.0,1287.0,1292.0,0.39,26805,34736178.0
2021-04-13,1307.0,1320.0,1287.0,1287.0,-1.98,39026,50810681.0
2021-04-12,1310.0,1330.0,1301.0,1313.0,1.0,21855,28677991.0
2021-04-08,1386.0,1386.0,1294.0,1300.0,-1.52,27960,36524574.0
2021-04-07,1340.0,1365.0,1300.0,1320.0,-0.98,42828,56187636.0
2021-04-06,1320.0,1399.0,1294.0,1333.0,0.98,89736,120555359.0
2021-04-05,1336.0,1354.0,1314.0,1320.0,-2.58,39816,53133938.0
2021-04-04,1310.0,1355.0,1280.0,1355.0,4.71,83761,111053418.0
2021-04-01,1295.0,1330.0,1275.0,1294.0,1.09,49135,63334275.0
2021-03-31,1280.0,1293.0,1256.0,1280.0,1.99,24487,31180601.0
2021-03-30,1275.0,1290.0,1230.0,1255.0,0.4,28898,36513774.0
2021-03-29,1291.0,1291.0,1247.0,1250.0,-2.72,32469,41118135.0
2021-03-25,1280.0,1310.0,1267.0,1285.0,1.66,84999,109292670.0
2021-03-24,1238.0,1275.0,1214.0,1264.0,3.27,58559,72991962.0
2021-03-23,1171.0,1224.0,1160.0,1224.0,4.62,33222,39681801.0
2021-03-22,1220.0,1220.0,1150.0,1170.0,-2.42,21525,25464976.0
2021-03-21,1131.0,1199.0,1131.0,1199.0,6.01,28413,33414915.0
2021-03-18,1105.0,1144.0,1090.0,1131.0,4.14,19633,22118981.0
2021-03-17,1099.0,1100.0,1068.0,1086.0,0.74,14623,15884783.0
2021-03-16,1080.0,1130.0,1061.0,1078.0,-0.19,12080,13101972.0
2021-03-15,1085.0,1100.0,1070.0,1080.0,-1.19,6600,7166668.0
2021-03-14,1159.0,1182.0,1091.0,1093.0,-3.87,21434,23725804.0
2021-03-10,1138.0,1160.0,1137.0,1137.0,-1.98,6487,7426744.0
2021-03-09,1180.0,1199.0,1139.0,1160.0,-0.09,14294,16510069.0
2021-03-07,1193.0,1212.0,1161.0,1161.0,-2.44,11920,14162650.0
2021-03-04,1155.0,1224.0,1155.0,1190.0,2.67,22753,27394044.0
2021-03-03,1154.0,1199.0,1154.0,1159.0,-1.53,19637,22853266.0
2021-03-02,1199.0,1210.0,1176.0,1177.0,-3.13,53023,63269874.0
2021-03-01,1200.0,1243.0,1168.0,1215.0,2.1,36108,43540605.0
2021-02-28,1211.0,1217.0,1176.0,1190.0,-3.17,42479,50752507.0
2021-02-25,1241.0,1257.0,1210.0,1229.0,-1.29,19374,23792562.0
2021-02-24,1180.0,1273.0,1180.0,1245.0,1.38,29881,37429856.0
2021-02-23,1300.0,1300.0,1193.0,1228.0,-1.44,24578,29872706.0
2021-02-22,1253.0,1253.0,1215.0,1246.0,-0.56,29276,35818100.0
2021-02-21,1231.0,1276.0,1220.0,1253.0,0.16,30202,37253632.0
2021-02-18,1250.0,1270.0,1232.0,1251.0,0.08,23102,29026584.0
2021-02-17,1282.0,1282.0,1250.0,1250.0,-2.34,18821,23721007.0
2021-02-16,1300.0,1319.0,1263.0,1280.0,0.0,59227,76667993.0
2021-02-15,1244.0,1318.0,1244.0,1280.0,4.07,38339,49315178.0
2021-02-14,1290.0,1299.0,1220.0,1230.0,-3.83,42159,52891233.0
2021-02-11,1319.0,1320.0,1279.0,1279.0,-2.37,40253,52222526.0
2021-02-10,1304.0,1315.0,1279.0,1310.0,0.61,31384,40872698.0
2021-02-09,1331.0,1340.0,1285.0,1302.0,-2.47,57300,75236088.0
2021-02-08,1360.0,1370.0,1330.0,1335.0,-1.84,38693,52136955.0
2021-02-07,1315.0,1365.0,1295.0,1360.0,5.43,52619,70009895.0
2021-02-04,1271.0,1301.0,1256.0,1290.0,0.78,30879,39723586.0
2021-02-03,1320.0,1335.0,1275.0,1280.0,-2.29,61052,78965022.0
2021-02-02,1279.0,1319.0,1260.0,1310.0,3.97,94978,122813176.0
2021-02-01,1284.0,1298.0,1250.0,1260.0,-0.32,43153,54766548.0
2021-01-31,1265.0,1299.0,1230.0,1264.0,-2.02,92148,116002192.0
2021-01-28,1224.0,1304.0,1224.0,1290.0,5.74,104221,134059562.0
2021-01-27,1142.0,1240.0,1109.0,1220.0,7.96,113994,137296827.0
2021-01-26,1130.0,1138.0,1105.0,1130.0,0.27,42286,47533227.0
2021-01-25,1140.0,1145.0,1114.0,1127.0,-0.27,75219,85001289.0
2021-01-24,1128.0,1187.0,1117.0,1130.0,-3.42,61510,71132676.0
2021-01-21,1093.0,1170.0,1073.0,1170.0,9.14,92117,103460781.0
2021-01-20,1100.0,1104.0,1059.0,1072.0,1.52,53358,57593368.0
2021-01-19,1080.0,1085.0,1053.0,1056.0,-2.13,45996,48856369.0
2021-01-18,1076.0,1090.0,1050.0,1079.0,2.18,77362,82716953.0
2021-01-17,1049.0,1081.0,1025.0,1056.0,0.57,88637,92613233.0
2021-01-13,1065.0,1065.0,1025.0,1050.0,-1.41,65021,67952546.0
2021-01-12,1069.0,1069.0,981.0,1065.0,-2.29,281410,290634470.0
2021-01-11,1060.0,1092.0,1030.0,1090.0,5.72,65185,69696533.0
2021-01-10,1032.0,1052.0,1026.0,1031.0,0.49,27594,28497938.0
2021-01-07,1020.0,1040.0,1020.0,1026.0,0.2,34631,35675851.0
2021-01-06,968.0,1045.0,968.0,1024.0,0.59,21479,21988234.0
2021-01-05,1035.0,1035.0,1000.0,1018.0,-0.2,24252,24627588.0
2021-01-04,1035.0,1040.0,1015.0,1020.0,-1.16,49805,51241473.0
2021-01-03,980.0,1050.0,980.0,1032.0,5.31,49684,50538975.0
2020-12-31,980.0,999.0,976.0,980.0,0.0,23032,22742916.0
2020-12-30,980.0,991.0,970.0,980.0,-0.51,21378,20942465.0
2020-12-29,1044.0,1044.0,976.0,985.0,-1.01,22080,21781916.0
2020-12-28,985.0,997.0,972.0,995.0,1.02,30591,30306853.0
2020-12-27,1065.0,1065.0,980.0,985.0,-2.96,45559,45338078.0
2020-12-24,1010.0,1035.0,998.0,1015.0,-0.1,71396,72366177.0
2020-12-23,1035.0,1098.0,1010.0,1016.0,0.1,85656,89164559.0
2020-12-22,943.0,1015.0,943.0,1015.0,9.73,120385,119841178.0
2020-12-21,899.0,936.0,874.0,925.0,1.87,81097,73896028.0
2020-12-20,941.0,970.0,900.0,908.0,-4.52,111926,103517866.0
2020-12-17,966.0,966.0,916.0,951.0,3.37,84870,79347079.0
2020-12-16,974.0,974.0,915.0,920.0,-0.86,32345,29941527.0
2020-12-15,935.0,972.0,920.0,928.0,1.2,61760,57921509.0
2020-12-14,897.0,929.0,880.0,917.0,4.2,60360,54611322.0
2020-12-13,865.0,882.0,855.0,880.0,3.17,23037,20164401.0
2020-12-10,846.0,878.0,833.0,853.0,0.95,25407,21691321.0
2020-12-09,885.0,900.0,845.0,845.0,-2.76,25172,21472945.0
2020-12-08,880.0,900.0,854.0,869.0,-0.91,33449,29303446.0
2020-12-07,840.0,880.0,835.0,877.0,3.79,27086,23454084.0
2020-12-06,890.0,890.0,845.0,845.0,-5.16,38755,33394620.0
2020-12-03,913.0,929.0,870.0,891.0,-1.44,63247,57245146.0
2020-12-02,890.0,915.0,873.0,904.0,3.31,67637,61024506.0
2020-12-01,880.0,887.0,866.0,875.0,0.11,42346,37143146.0
2020-11-30,880.0,900.0,870.0,874.0,0.0,42875,37849357.0
2020-11-29,895.0,895.0,851.0,874.0,-0.46,29416,25556192.0
2020-11-26,898.0,909.0,876.0,878.0,-2.23,65523,58412988.0
2020-11-25,870.0,899.0,870.0,898.0,3.22,54483,48598035.0
2020-11-24,887.0,887.0,840.0,870.0,2.96,40287,34817819.0
2020-11-23,860.0,869.0,838.0,845.0,-2.99,44450,37693162.0
2020-11-22,916.0,916.0,850.0,871.0,-0.23,78425,69050032.0
2020-11-19,830.0,875.0,830.0,873.0,5.31,93170,80262997.0
2020-11-18,780.0,840.0,780.0,829.0,4.28,43900,35845889.0
2020-11-12,825.0,825.0,795.0,795.0,-2.21,18294,14671240.0
2020-11-11,786.0,826.0,786.0,813.0,3.7,33986,27294612.0
2020-11-10,783.0,790.0,770.0,784.0,1.82,14533,11342186.0
2020-11-09,784.0,784.0,766.0,770.0,0.13,11100,8563451.0
2020-11-08,765.0,772.0,763.0,769.0,0.52,9484,7274911.0
2020-11-05,770.0,771.0,765.0,765.0,-0.65,7386,5674688.0
2020-11-04,771.0,780.0,770.0,770.0,-1.28,8419,6521400.0
2020-11-03,789.0,790.0,775.0,780.0,-0.51,10503,8231061.0
2020-11-02,773.0,787.0,773.0,784.0,0.26,9068,7108814.0
2020-11-01,781.0,788.0,776.0,782.0,-0.64,6286,4922876.0
2020-10-29,780.0,800.0,780.0,787.0,0.51,17153,13518354.0
2020-10-28,790.0,790.0,775.0,783.0,1.03,5676,4426379.0
2020-10-22,773.0,780.0,771.0,775.0,0.0,9246,7166047.0
2020-10-21,775.0,785.0,770.0,775.0,0.65,2726,2113835.0
2020-10-20,770.0,773.0,768.0,770.0,0.0,5937,4571188.0
2020-10-19,755.0,775.0,751.0,770.0,1.32,10100,7715599.0
2020-10-18,762.0,770.0,757.0,760.0,-0.65,6416,4899264.0
2020-10-15,766.0,775.0,758.0,765.0,0.39,13264,10118715.0
2020-10-14,761.0,773.0,761.0,762.0,-1.3,9796,7510084.0
2020-10-13,776.0,780.0,772.0,772.0,-0.52,12233,9472531.0
2020-10-12,773.0,780.0,767.0,776.0,0.39,10393,8058868.0
2020-10-11,775.0,784.0,773.0,773.0,-1.4,16423,12737061.0
2020-10-08,803.0,803.0,782.0,784.0,-0.51,8847,6951095.0
2020-10-07,775.0,800.0,775.0,788.0,0.25,18298,14490661.0
2020-10-06,800.0,800.0,785.0,786.0,-0.88,11669,9194002.0
2020-10-05,808.0,810.0,790.0,793.0,-1.49,18834,14997085.0
2020-10-04,842.0,842.0,805.0,805.0,0.37,44689,36449426.0
2020-10-01,771.0,810.0,767.0,802.0,4.02,65029,51920427.0
2020-09-30,761.0,780.0,761.0,771.0,-0.13,16734,12871870.0
2020-09-29,771.0,780.0,770.0,772.0,-0.39,16437,12722831.0
2020-09-28,782.0,790.0,775.0,775.0,-0.64,14302,11191049.0
2020-09-27,780.0,786.0,773.0,780.0,-0.64,12081,9434487.0
2020-09-24,827.0,827.0,780.0,785.0,-0.38,17076,13386433.0
2020-09-23,780.0,795.0,779.0,788.0,0.64,18741,14723978.0
2020-09-22,791.0,797.0,780.0,783.0,-1.26,45970,36214551.0
2020-09-21,802.0,810.0,793.0,793.0,-1.12,34208,27359953.0
2020-09-20,807.0,810.0,795.0,802.0,-0.87,32260,25881752.0
2020-09-17,802.0,831.0,802.0,809.0,-0.86,47144,38304150.0
2020-09-16,800.0,820.0,793.0,816.0,1.37,36644,29712416.0
2020-09-15,806.0,820.0,803.0,805.0,-0.74,37533,30408677.0
2020-09-14,830.0,843.0,805.0,811.0,-2.29,63252,51625553.0
2020-09-13,775.0,849.0,775.0,830.0,7.51,125453,102624998.0
2020-09-10,762.0,790.0,762.0,772.0,0.65,30896,23958800.0
2020-09-09,764.0,779.0,752.0,767.0,2.27,39715,30245994.0
2020-09-08,746.0,753.0,735.0,750.0,2.18,33670,25098971.0
2020-09-07,740.0,749.0,732.0,734.0,-1.21,34441,25479884.0
2020-09-06,787.0,788.0,734.0,743.0,-1.07,52486,39521507.0
2020-09-03,759.0,771.0,737.0,751.0,0.13,36865,27707842.0
2020-09-02,788.0,793.0,743.0,750.0,-3.23,69654,53037368.0
2020-08-31,740.0,800.0,732.0,775.0,5.16,106128,81160395.0
2020-08-30,689.0,742.0,689.0,737.0,2.36,54000,39451706.0
2020-08-27,719.0,731.0,706.0,720.0,0.98,55126,39706362.0
2020-08-26,719.0,722.0,705.0,713.0,-0.56,35997,25757516.0
2020-08-25,706.0,717.0,692.0,717.0,0.99,41505,29467483.0
2020-08-24,700.0,726.0,700.0,710.0,2.01,65566,46909923.0
2020-08-23,660.0,696.0,660.0,696.0,5.94,51718,35161918.0
2020-08-20,652.0,663.0,652.0,657.0,0.77,6210,4094447.0
2020-08-19,659.0,665.0,650.0,652.0,-2.4,21602,14132555.0
2020-08-18,672.0,680.0,663.0,668.0,0.0,28264,18897006.0
2020-08-17,643.0,670.0,643.0,668.0,5.86,53075,34943917.0
2020-08-16,630.0,637.0,624.0,631.0,-0.79,12351,7777114.0
2020-08-13,644.0,648.0,633.0,636.0,-2.75,15601,9969596.0
2020-08-12,645.0,665.0,637.0,654.0,0.0,10492,6848236.0
2020-08-11,646.0,654.0,634.0,654.0,1.24,18616,12005740.0
2020-08-10,633.0,648.0,626.0,646.0,3.36,17253,11050307.0
2020-08-09,604.0,625.0,593.0,625.0,1.63,10548,6470939.0
2020-08-06,600.0,615.0,594.0,615.0,0.82,6218,3756005.0
2020-08-05,614.0,616.0,594.0,610.0,-2.4,12920,7798237.0
2020-08-03,605.0,633.0,605.0,625.0,1.46,9612,5947845.0
2020-08-02,640.0,640.0,615.0,616.0,-4.5,20368,12689004.0
2020-07-30,638.0,650.0,634.0,645.0,0.78,9455,6069207.0
2020-07-29,642.0,653.0,637.0,640.0,-2.29,11312,7283057.0
2020-07-28,640.0,664.0,640.0,655.0,0.46,12909,8459053.0
2020-07-27,687.0,688.0,648.0,652.0,-3.41,20484,13632810.0
2020-07-26,627.0,675.0,627.0,675.0,6.13,49537,32818464.0
2020-07-23,601.0,637.0,601.0,636.0,3.92,16963,10638230.0
2020-07-22,615.0,615.0,605.0,612.0,-0.49,6469,3931910.0
2020-07-21,600.0,620.0,600.0,615.0,0.49,5567,3411266.0
2020-07-20,639.0,664.0,612.0,612.0,-2.39,9864,6252122.0
2020-07-19,627.0,627.0,627.0,627.0,1.95,10,6270.0
2020-07-16,608.0,620.0,608.0,615.0,-0.16,3399,2093551.0
2020-07-15,610.0,616.0,607.0,616.0,0.98,10730,6550113.0
2020-07-14,610.0,619.0,605.0,610.0,0.0,6784,4132207.0
2020-07-13,625.0,630.0,608.0,610.0,-2.4,7096,4374379.0
2020-07-12,625.0,626.0,613.0,625.0,1.96,5567,3445279.0
2020-07-09,586.0,625.0,586.0,613.0,3.03,6709,4050401.0
2020-07-08,615.0,639.0,591.0,595.0,-3.25,8363,5096254.0
2020-07-07,590.0,632.0,590.0,615.0,5.67,18500,11416849.0
2020-07-06,532.0,582.0,532.0,582.0,7.38,7244,4036904.0
2020-07-05,530.0,545.0,530.0,542.0,1.31,7074,3807616.0
2020-07-02,540.0,561.0,535.0,535.0,0.94,2363,1294340.0
2020-07-01,506.0,530.0,506.0,530.0,6.64,615,312890.0
2020-06-30,469.0,497.0,469.0,497.0,5.97,571,269359.0
2020-06-29,462.0,462.0,446.0,469.0,-5.31,4422,2035510.0
2020-05-13,471.0,471.0,471.0,471.0,-1.88,10,4710.0
2020-05-12,480.0,480.0,480.0,480.0,-1.84,10,4800.0
2020-03-22,489.0,489.0,489.0,489.0,-1.81,25,12225.0
2020-03-19,492.0,513.0,484.0,498.0,-0.8,12973,6475996.0
2020-03-18,482.0,517.0,470.0,502.0,2.45,11088,5361301.0
2020-03-17,530.0,530.0,490.0,490.0,-7.55,15964,7999610.0
2020-03-16,510.0,538.0,500.0,530.0,2.12,20129,10540670.0
2020-03-15,549.0,555.0,517.0,519.0,-7.32,18999,10081239.0
2020-03-12,598.0,602.0,560.0,560.0,-6.2,14144,8153003.0
2020-03-11,580.0,614.0,557.0,597.0,4.92,16979,9855565.0
2020-03-10,590.0,601.0,569.0,569.0,-5.17,5852,3379625.0
2020-03-05,600.0,635.0,595.0,600.0,-1.15,28515,17312000.0
2020-03-04,644.0,651.0,594.0,607.0,-5.6,29927,18564648.0
2020-03-03,625.0,670.0,605.0,643.0,2.88,29944,19100560.0
2020-03-02,685.0,690.0,625.0,625.0,-9.94,18166,12238022.0
2020-03-01,709.0,720.0,694.0,694.0,-2.94,41787,29299744.0
2020-02-27,725.0,735.0,706.0,715.0,-3.25,31829,22796184.0
2020-02-26,750.0,750.0,730.0,739.0,-0.14,62022,45765120.0
2020-02-25,690.0,745.0,690.0,740.0,5.56,80726,58388936.0
2020-02-24,740.0,740.0,680.0,701.0,-7.15,168927,118686640.0
2020-02-23,714.0,759.0,714.0,755.0,7.86,47134,35127884.0
2020-02-20,666.0,719.0,657.0,700.0,7.03,41787,28568998.0
2020-02-19,654.0,659.0,630.0,654.0,0.0,19021,12346342.0
2020-02-18,655.0,668.0,640.0,654.0,-0.91,42613,27871568.0
2020-02-17,634.0,666.0,629.0,660.0,4.27,49965,32592648.0
2020-02-16,604.0,633.0,600.0,633.0,6.03,39582,24407972.0
2020-02-13,580.0,602.0,580.0,597.0,3.47,43915,26072632.0
2020-02-12,575.0,591.0,574.0,577.0,0.87,20615,11984015.0
2020-02-11,566.0,577.0,566.0,572.0,3.06,11864,6781395.0
2020-02-10,540.0,560.0,540.0,555.0,0.91,10806,5977820.0
2020-02-09,550.0,560.0,545.0,550.0,-1.61,10310,5681276.0
2020-02-06,572.0,575.0,556.0,559.0,-2.27,13654,7711420.0
2020-02-05,580.0,588.0,561.0,572.0,-0.87,10858,6197409.0
2020-02-04,577.0,590.0,570.0,577.0,0.0,20788,12055228.0
2020-02-03,580.0,590.0,558.0,577.0,0.35,21540,12381747.0
2020-02-02,571.0,582.0,554.0,575.0,2.68,31637,18041756.0
2020-01-30,545.0,585.0,540.0,560.0,4.28,43332,24273770.0
2020-01-29,540.0,541.0,531.0,537.0,1.32,10589,5691255.0
2020-01-28,525.0,540.0,521.0,530.0,2.91,19028,10109740.0
2020-01-27,506.0,530.0,500.0,515.0,1.98,15865,8202387.0
2020-01-26,511.0,527.0,501.0,505.0,-3.07,14276,7312727.0
2020-01-23,540.0,542.0,520.0,521.0,-2.62,15652,8326012.0
2020-01-22,540.0,550.0,528.0,535.0,-0.93,15195,8181415.0
2020-01-21,539.0,559.0,520.0,540.0,0.19,28408,15324237.0
2020-01-20,540.0,572.0,520.0,539.0,-0.19,32260,17542672.0
2020-01-19,498.0,540.0,498.0,540.0,9.98,34035,17756338.0
2020-01-16,477.0,500.0,477.0,491.0,1.87,14935,7349632.0
2020-01-15,490.0,494.0,477.0,482.0,0.0,6908,3363607.0
2020-01-14,477.0,499.0,468.0,482.0,1.05,11053,5344739.0
2020-01-13,471.0,508.0,462.0,477.0,3.25,34614,16878852.0
2020-01-12,428.0,462.0,428.0,462.0,10.0,26133,11869186.0
2020-01-09,412.0,426.0,412.0,420.0,0.24,5685,2399381.0
2020-01-08,427.0,427.0,416.0,419.0,-1.41,6299,2644888.0
2020-01-07,419.0,427.0,418.0,425.0,1.92,28546,12055030.0
2020-01-06,420.0,425.0,415.0,417.0,0.72,4447,1862933.0
2020-01-05,416.0,416.0,410.0,414.0,1.47,7306,3023753.0
2020-01-02,404.0,410.0,404.0,408.0,-0.24,3095,1257033.0
2020-01-01,405.0,413.0,405.0,409.0,-0.73,2955,1204398.0
2019-12-31,413.0,415.0,411.0,412.0,-0.48,2168,895153.0
2019-12-30,401.0,416.0,401.0,414.0,2.73,6309,2582867.0
2019-12-29,400.0,412.0,400.0,403.0,-0.98,2751,1117028.0
2019-12-26,411.0,418.0,400.0,407.0,-1.93,5089,2087265.0
2019-12-25,405.0,420.0,405.0,415.0,0.48,1721,708966.0
2019-12-24,407.0,425.0,406.0,413.0,1.72,9616,3979160.0
2019-12-23,400.0,424.0,400.0,406.0,2.01,3874,1580220.0
2019-12-22,397.0,400.0,396.0,398.0,-1.49,1159,460869.0
2019-12-19,399.0,407.0,399.0,404.0,-0.25,3657,1471478.0
2019-12-18,411.0,411.0,397.0,405.0,0.5,4358,1751170.0
2019-12-17,407.0,411.0,396.0,403.0,-0.98,3808,1541136.0
2019-12-16,408.0,413.0,394.0,407.0,-1.93,7237,2926124.0
2019-12-15,437.0,437.0,401.0,415.0,-4.38,14812,6282583.0
2019-12-12,405.0,445.0,397.0,434.0,7.16,25594,10988874.0
2019-12-11,395.0,405.0,390.0,405.0,2.53,11061,4419670.0
2019-12-10,381.0,395.0,381.0,395.0,2.33,11280,4385417.0
2019-12-09,378.0,392.0,378.0,386.0,3.49,7937,3082535.0
2019-12-08,376.0,378.0,364.0,373.0,0.0,7229,2692531.0
2019-12-05,355.0,384.0,355.0,373.0,5.07,9216,3410896.0
2019-12-04,345.0,361.0,342.0,355.0,4.72,3990,1417127.0
2019-12-03,329.0,345.0,329.0,339.0,3.04,1433,487991.0
2019-12-02,330.0,339.0,329.0,329.0,-1.5,1264,420361.0
2019-12-01,335.0,340.0,334.0,334.0,-1.76,1545,519116.0
2019-11-28,341.0,341.0,339.0,340.0,-0.87,1084,369199.0
2019-11-27,337.0,343.0,335.0,343.0,0.88,524,178259.0
2019-11-26,337.0,340.0,332.0,340.0,-0.58,2271,761189.0
2019-11-25,334.0,346.0,334.0,342.0,0.59,1719,583643.0
2019-11-24,339.0,343.0,333.0,340.0,-0.87,1454,494936.0
2019-11-21,348.0,348.0,343.0,343.0,-2.0,1845,636284.0
2019-11-20,357.0,364.0,345.0,350.0,0.0,3444,1216644.0
2019-11-19,350.0,357.0,350.0,350.0,-0.85,732,257493.0
2019-11-18,353.0,353.0,348.0,353.0,-1.67,808,282655.0
2019-11-17,354.0,360.0,352.0,359.0,0.28,1670,590937.0
2019-11-14,350.0,360.0,350.0,358.0,0.85,1107,393425.0
2019-11-13,351.0,358.0,351.0,355.0,-0.56,1283,455481.0
2019-11-12,355.0,360.0,355.0,357.0,-1.38,873,312201.0
2019-11-11,361.0,362.0,360.0,362.0,0.56,1397,504414.0
2019-11-10,356.0,361.0,356.0,360.0,-0.28,1215,437032.0
2019-11-07,361.0,370.0,360.0,361.0,0.28,1239,448345.0
2019-11-06,360.0,362.0,358.0,360.0,-0.28,1290,465056.0
2019-11-05,367.0,367.0,360.0,361.0,0.28,1755,634744.0
2019-11-04,356.0,360.0,355.0,360.0,1.98,2496,892091.0
2019-11-03,367.0,367.0,353.0,353.0,-3.81,4284,1538565.0
2019-10-31,363.0,367.0,362.0,367.0,-0.54,446,163484.0
2019-10-24,367.0,369.0,358.0,369.0,1.1,4623,1670468.0
2019-10-23,365.0,370.0,365.0,365.0,0.27,839,308935.0
2019-10-22,365.0,365.0,360.0,364.0,-0.27,2045,740074.0
2019-10-21,364.0,365.0,360.0,365.0,0.27,1999,727494.0
2019-10-20,365.0,365.0,361.0,364.0,-0.27,651,237145.0
2019-10-17,373.0,373.0,365.0,365.0,-0.27,1914,700899.0
2019-10-16,361.0,366.0,360.0,366.0,0.27,2066,746565.0
2019-10-15,365.0,365.0,361.0,365.0,-0.54,441,159565.0
2019-10-14,366.0,368.0,364.0,367.0,-1.08,1662,606196.0
2019-10-10,375.0,375.0,370.0,371.0,-0.27,198,73884.0
2019-10-03,370.0,375.0,369.0,372.0,-0.27,6628,2466144.0
2019-10-02,378.0,378.0,367.0,373.0,0.0,8687,3204993.0
2019-10-01,369.0,375.0,365.0,373.0,1.08,3881,1433033.0
2019-09-30,359.0,372.0,358.0,369.0,1.37,3635,1333646.0
2019-09-29,365.0,370.0,363.0,364.0,-0.82,2789,1018380.0
2019-09-26,374.0,375.0,367.0,367.0,-0.81,765,283671.0
2019-09-25,369.0,370.0,365.0,370.0,0.27,3670,1342194.0
2019-09-24,370.0,375.0,368.0,369.0,-1.34,1558,575464.0
2019-09-23,370.0,381.0,368.0,374.0,0.0,1408,529630.0
2019-09-22,390.0,390.0,374.0,374.0,-5.32,1154,435331.0
2019-09-19,405.0,410.0,395.0,395.0,-2.23,2224,898799.0
2019-09-18,399.0,404.0,381.0,404.0,3.06,8290,3267169.0
2019-09-17,374.0,392.0,366.0,392.0,6.52,4305,1634803.0
2019-09-16,379.0,380.0,362.0,368.0,-3.16,6417,2354915.0
2019-09-15,380.0,381.0,375.0,380.0,-1.3,2595,981319.0
2019-09-12,396.0,396.0,385.0,385.0,-2.53,3275,1269324.0
2019-09-11,400.0,400.0,395.0,395.0,-1.25,590,233612.0
2019-09-10,395.0,400.0,391.0,400.0,0.5,825,327410.0
2019-09-09,409.0,409.0,393.0,398.0,-0.75,2316,918987.0
2019-09-08,410.0,410.0,401.0,401.0,-3.37,2109,856017.0
2019-09-05,414.0,419.0,405.0,415.0,1.72,3710,1524995.0
2019-09-04,406.0,414.0,393.0,408.0,2.26,5522,2241516.0
2019-09-03,385.0,400.0,382.0,399.0,2.84,3739,1457039.0
2019-09-02,390.0,390.0,385.0,388.0,-2.27,3360,1300986.0
2019-09-01,403.0,404.0,393.0,397.0,-3.17,5337,2119548.0
2019-08-29,422.0,422.0,402.0,410.0,-0.97,3604,1472833.0
2019-08-28,420.0,420.0,407.0,414.0,-2.36,4510,1868674.0
2019-08-27,429.0,431.0,422.0,424.0,-2.97,1342,571184.0
2019-08-26,440.0,442.0,437.0,437.0,-1.35,1086,475867.0
2019-08-25,442.0,444.0,440.0,443.0,-1.56,979,432846.0
2019-08-22,446.0,457.0,446.0,450.0,0.45,705,317880.0
2019-08-21,455.0,455.0,448.0,448.0,-2.61,1443,648135.0
2019-08-20,452.0,460.0,452.0,460.0,0.0,1582,717283.0
2019-08-19,455.0,467.0,455.0,460.0,1.1,1361,625794.0
2019-08-18,457.0,458.0,455.0,455.0,-1.09,1368,623801.0
2019-08-15,469.0,469.0,456.0,460.0,0.0,236,109033.0
2019-08-14,463.0,466.0,460.0,460.0,-0.65,842,390270.0
2019-08-13,468.0,474.0,463.0,463.0,-1.49,826,385134.0
2019-08-12,464.0,474.0,460.0,470.0,-0.63,1017,474978.0
2019-08-11,471.0,473.0,460.0,473.0,-0.42,967,453716.0
2019-08-08,467.0,475.0,465.0,475.0,1.06,1898,885739.0
2019-08-07,480.0,480.0,469.0,470.0,-1.88,716,339578.0
2019-08-06,478.0,479.0,475.0,479.0,0.21,1870,893015.0
2019-08-05,478.0,480.0,477.0,478.0,0.0,1885,901227.0
2019-08-04,483.0,483.0,476.0,478.0,0.84,2725,1303861.0
2019-08-01,479.0,479.0,470.0,474.0,0.0,787,372555.0
2019-07-31,467.0,475.0,466.0,474.0,1.72,1188,560202.0
2019-07-30,470.0,475.0,466.0,466.0,-0.85,1796,843445.0
2019-07-29,465.0,477.0,465.0,470.0,-0.21,2091,987415.0
2019-07-28,482.0,482.0,470.0,471.0,-2.89,3812,1807707.0
2019-07-25,482.0,493.0,482.0,485.0,-0.82,2663,1293641.0
2019-07-24,488.0,491.0,486.0,489.0,0.2,1887,922717.0
2019-07-23,492.0,492.0,486.0,488.0,-0.61,1979,969264.0
2019-07-22,494.0,494.0,488.0,491.0,-0.81,890,435438.0
2019-07-21,488.0,495.0,486.0,495.0,0.61,867,425858.0
2019-07-18,500.0,500.0,490.0,492.0,-0.81,1607,791819.0
2019-07-17,490.0,497.0,490.0,496.0,1.22,2067,1019835.0
2019-07-16,519.0,519.0,488.0,490.0,-1.01,2604,1281362.0
2019-07-15,492.0,499.0,483.0,495.0,2.27,4424,2158645.0
2019-07-14,480.0,488.0,480.0,484.0,0.83,3644,1766932.0
2019-07-11,478.0,490.0,478.0,480.0,-0.83,2729,1316877.0
2019-07-10,494.0,498.0,482.0,484.0,-2.02,6484,3168832.0
2019-07-09,500.0,500.0,491.0,494.0,-1.2,3533,1750204.0
2019-07-08,500.0,510.0,500.0,500.0,-0.2,5113,2572153.0
2019-07-07,505.0,508.0,494.0,501.0,-46.93,9155,4579234.0
2019-07-04,965.0,978.0,931.0,944.0,-1.67,32853,31202652.0
2019-07-03,987.0,987.0,945.0,960.0,2.02,7765,7414044.0
2019-07-02,944.0,949.0,932.0,941.0,-0.95,6092,5721532.0
2019-07-01,957.0,957.0,934.0,950.0,-0.73,8721,8208216.0
2019-06-30,999.0,999.0,950.0,957.0,-2.35,8306,7988921.0
2019-06-27,990.0,991.0,980.0,980.0,-0.31,7870,7763318.0
2019-06-26,1005.0,1010.0,982.0,983.0,-1.4,14570,14449724.0
2019-06-25,1000.0,1005.0,993.0,997.0,-0.2,1655,1650286.0
2019-06-24,995.0,1005.0,995.0,999.0,0.4,2858,2854311.0
2019-06-23,1000.0,1008.0,995.0,995.0,-1.39,4033,4043903.0
2019-06-20,1000.0,1020.0,1000.0,1009.0,0.4,3629,3667327.0
2019-06-19,1052.0,1052.0,1000.0,1005.0,0.3,1977,1984899.0
2019-06-18,1034.0,1034.0,1000.0,1002.0,-1.18,2092,2109550.0
2019-06-17,980.0,1026.0,975.0,1014.0,3.47,6836,6842823.0
2019-06-16,1015.0,1020.0,978.0,980.0,-4.11,12231,12114017.0
2019-06-13,1020.0,1036.0,1015.0,1022.0,-0.29,10199,10454424.0
2019-06-12,1050.0,1057.0,1020.0,1025.0,-2.84,8968,9259537.0
2019-06-11,1090.0,1090.0,1052.0,1055.0,-3.03,9474,10071248.0
2019-06-10,1121.0,1130.0,1086.0,1088.0,-2.94,8802,9664229.0
2019-06-06,1129.0,1148.0,1120.0,1121.0,-0.71,5675,6411897.0
2019-06-04,1155.0,1155.0,1116.0,1129.0,-0.96,13656,15466807.0
2019-06-03,1175.0,1175.0,1136.0,1140.0,-2.81,28795,33076216.0
2019-06-02,1249.0,1249.0,1160.0,1173.0,-1.43,108735,130259952.0
2019-05-30,1212.0,1224.0,1175.0,1190.0,0.08,10251,12244957.0
2019-05-29,1186.0,1205.0,1186.0,1189.0,-0.08,5078,6047498.0
2019-05-28,1208.0,1208.0,1180.0,1190.0,0.08,3032,3595487.0
2019-05-27,1170.0,1195.0,1170.0,1189.0,-0.34,4673,5523613.0
2019-05-26,1200.0,1210.0,1191.0,1193.0,-0.67,4142,4951688.0
2019-05-23,1224.0,1224.0,1186.0,1201.0,0.08,6996,8444500.0
2019-05-22,1215.0,1232.0,1200.0,1200.0,-0.66,7326,8843227.0
2019-05-21,1252.0,1252.0,1184.0,1208.0,0.75,8791,10673026.0
2019-05-20,1207.0,1220.0,1190.0,1199.0,-2.12,14126,16983756.0
2019-05-19,1249.0,1249.0,1205.0,1225.0,-1.21,10093,12348988.0
2019-05-16,1224.0,1266.0,1210.0,1240.0,3.33,28944,35729228.0
2019-05-15,1220.0,1229.0,1196.0,1200.0,-2.44,17381,21055364.0
2019-05-14,1225.0,1248.0,1225.0,1230.0,-0.81,12688,15674154.0
2019-05-13,1310.0,1310.0,1216.0,1240.0,-3.13,30317,37844044.0
2019-05-12,1187.0,1281.0,1187.0,1280.0,9.87,54215,66876912.0
2019-05-09,1129.0,1177.0,1127.0,1165.0,4.48,25508,29358684.0
2019-05-08,1112.0,1123.0,1103.0,1115.0,0.18,4554,5058525.0
2019-05-07,1110.0,1123.0,1100.0,1113.0,0.72,5975,6654380.0
2019-05-06,1105.0,1105.0,1093.0,1105.0,-0.36,2830,3111240.0
2019-05-05,1100.0,1121.0,1082.0,1109.0,0.82,10171,11213525.0
2019-05-02,1056.0,1100.0,1056.0,1100.0,2.23,5619,6099792.0
2019-04-30,1120.0,1120.0,1070.0,1076.0,-2.18,4310,4654679.0
2019-04-29,1150.0,1151.0,1079.0,1100.0,-2.65,14090,15572882.0
2019-04-28,1050.0,1136.0,1043.0,1130.0,9.39,23103,25668184.0
2019-04-25,1025.0,1055.0,1021.0,1033.0,1.27,9946,10323948.0
2019-04-24,1014.0,1040.0,1014.0,1020.0,-0.58,1466,1500212.0
2019-04-23,1025.0,1045.0,1015.0,1026.0,-0.77,1436,1471852.0
2019-04-22,1021.0,1045.0,1021.0,1034.0,1.77,5504,5705500.0
2019-04-21,1015.0,1025.0,1015.0,1016.0,0.1,2403,2450949.0
2019-04-18,1037.0,1037.0,1014.0,1015.0,-0.2,2117,2156538.0
2019-04-17,1020.0,1035.0,1015.0,1017.0,-0.29,4256,4338218.0
2019-04-16,1009.0,1025.0,1008.0,1020.0,0.69,2529,2571283.0
2019-04-15,1005.0,1015.0,1005.0,1013.0,0.5,1306,1319699.0
2019-04-11,1002.0,1027.0,1002.0,1008.0,0.1,1391,1407916.0
2019-04-10,1004.0,1015.0,1004.0,1007.0,-1.47,1094,1103611.0
2019-04-09,1050.0,1050.0,1015.0,1022.0,-0.78,3613,3718142.0
2019-04-08,1025.0,1040.0,1012.0,1030.0,2.08,3676,3784351.0
2019-04-07,1000.0,1015.0,1000.0,1009.0,-0.69,1483,1495906.0
2019-04-04,1009.0,1018.0,1007.0,1016.0,-0.2,2757,2786071.0
2019-04-03,1008.0,1028.0,1008.0,1018.0,-0.2,1555,1577953.0
2019-04-02,1025.0,1025.0,1005.0,1020.0,0.1,4336,4377621.0
2019-04-01,1015.0,1030.0,1007.0,1019.0,-0.1,1228,1248613.0
2019-03-31,1019.0,1021.0,1013.0,1020.0,0.1,2331,2370042.0
2019-03-28,1033.0,1033.0,1014.0,1019.0,-0.2,1980,2012452.0
2019-03-27,1008.0,1028.0,1008.0,1021.0,0.2,735,747542.0
2019-03-26,1002.0,1020.0,1002.0,1019.0,0.39,2218,2246584.0
2019-03-25,1010.0,1020.0,1003.0,1015.0,0.69,1716,1739445.0
2019-03-24,1005.0,1015.0,1005.0,1008.0,-0.79,1814,1832299.0
2019-03-21,1011.0,1027.0,1011.0,1016.0,-0.88,1124,1143044.0
2019-03-19,1045.0,1045.0,1019.0,1025.0,-0.29,531,543809.0
2019-03-18,1035.0,1035.0,1016.0,1028.0,-0.68,1775,1824016.0
2019-03-17,1034.0,1055.0,1034.0,1035.0,0.39,2107,2192877.0
2019-03-14,1015.0,1041.0,1015.0,1031.0,0.98,1179,1216256.0
2019-03-13,1049.0,1050.0,1020.0,1021.0,-2.58,3087,3204584.0
2019-03-12,1031.0,1049.0,1031.0,1048.0,0.29,4942,5157735.0
2019-03-11,1016.0,1051.0,1016.0,1045.0,0.97,3842,4004989.0
2019-03-10,1050.0,1050.0,1012.0,1035.0,0.49,462,480326.0
2019-03-07,1018.0,1035.0,1005.0,1030.0,1.18,3608,3701719.0
2019-03-06,990.0,1018.0,990.0,1018.0,1.8,2321,2350217.0
2019-03-05,1003.0,1005.0,990.0,1000.0,-0.3,2274,2276275.0
2019-03-03,994.0,1003.0,985.0,1003.0,0.91,1134,1130544.0
2019-02-27,992.0,1005.0,989.0,994.0,-0.3,4921,4918815.0
2019-02-26,995.0,1004.0,995.0,997.0,0.1,1467,1465437.0
2019-02-25,995.0,1006.0,986.0,996.0,0.71,1228,1216365.0
2019-02-24,1005.0,1005.0,987.0,989.0,-1.59,3430,3397413.0
2019-02-21,987.0,1015.0,987.0,1005.0,-0.1,371,374482.0
2019-02-20,1008.0,1010.0,1000.0,1006.0,-1.37,759,762612.0
2019-02-19,1010.0,1029.0,997.0,1020.0,2.31,2130,2152511.0
2019-02-18,1025.0,1025.0,991.0,997.0,-1.09,1202,1201319.0
2019-02-17,996.0,1034.0,996.0,1008.0,1.31,2174,2183476.0
2019-02-14,1002.0,1014.0,990.0,995.0,-0.7,3832,3818162.0
2019-02-13,1030.0,1030.0,999.0,1002.0,-2.15,4192,4243672.0
2019-02-12,1044.0,1044.0,1021.0,1024.0,-0.87,1261,1292430.0
2019-02-11,1011.0,1034.0,1010.0,1033.0,0.98,2181,2242039.0
2019-02-10,1030.0,1030.0,1016.0,1023.0,-1.06,3335,3406120.0
2019-02-07,1017.0,1035.0,1017.0,1034.0,0.39,953,978123.0
2019-02-06,1030.0,1050.0,1030.0,1030.0,0.0,1864,1932179.0
2019-02-05,1021.0,1044.0,1021.0,1030.0,0.0,1578,1629472.0
2019-02-04,1035.0,1035.0,1025.0,1030.0,-0.29,7779,8029208.0
2019-02-03,1024.0,1040.0,1024.0,1033.0,-0.48,1185,1224296.0
2019-01-31,1035.0,1050.0,1035.0,1038.0,0.19,1722,1791928.0
2019-01-30,1061.0,1062.0,1035.0,1036.0,-0.58,3520,3664393.0
2019-01-29,1036.0,1053.0,1036.0,1042.0,-0.76,1822,1904112.0
2019-01-28,1055.0,1055.0,1040.0,1050.0,0.48,1907,1986295.0
2019-01-27,1054.0,1054.0,1040.0,1045.0,-1.32,6152,6416207.0
2019-01-24,1046.0,1066.0,1046.0,1059.0,0.09,2527,2675143.0
2019-01-23,1060.0,1060.0,1045.0,1058.0,0.28,2969,3128798.0
2019-01-22,1040.0,1065.0,1036.0,1055.0,1.44,4585,4822973.0
2019-01-21,1059.0,1059.0,1040.0,1040.0,-2.8,6330,6610878.0
2019-01-20,1060.0,1081.0,1051.0,1070.0,0.28,748,788595.0
2019-01-17,1085.0,1090.0,1060.0,1067.0,-0.93,4023,4302840.0
2019-01-16,1100.0,1120.0,1060.0,1077.0,-1.01,12221,13256846.0
2019-01-15,1040.0,1090.0,1040.0,1088.0,4.62,15114,16131222.0
2019-01-14,1020.0,1040.0,1007.0,1040.0,1.96,4158,4230101.0
2019-01-13,1028.0,1028.0,1011.0,1020.0,-0.97,452,461454.0
2019-01-10,1010.0,1030.0,1010.0,1030.0,0.39,4450,4560019.0
2019-01-09,1005.0,1038.0,1005.0,1026.0,0.59,5630,5747224.0
2019-01-08,1004.0,1047.0,1004.0,1020.0,0.99,11790,11964136.0
2019-01-07,1010.0,1014.0,998.0,1010.0,1.41,7217,7253225.0
2019-01-06,1010.0,1015.0,996.0,996.0,-2.35,3135,3136281.0
2019-01-03,1036.0,1038.0,1012.0,1020.0,-0.49,2003,2050737.0
2019-01-02,1021.0,1032.0,1021.0,1025.0,-0.49,1852,1899593.0
2019-01-01,1040.0,1050.0,1029.0,1030.0,-0.96,3856,3993026.0
2018-12-31,1044.0,1051.0,1032.0,1040.0,-0.86,5766,6000911.0
2018-12-30,1059.0,1075.0,1042.0,1049.0,-0.1,3970,4204542.0
2018-12-27,1050.0,1087.0,1033.0,1050.0,1.94,16724,17714900.0
2018-12-26,990.0,1040.0,989.0,1030.0,4.57,10568,10756249.0
2018-12-25,1009.0,1009.0,976.0,985.0,-0.71,2901,2847879.0
2018-12-24,1022.0,1022.0,986.0,992.0,-1.0,7520,7569315.0
2018-12-23,978.0,1002.0,966.0,1002.0,4.48,9178,9033062.0
2018-12-20,964.0,965.0,948.0,959.0,1.37,2935,2798983.0
2018-12-19,930.0,957.0,925.0,946.0,0.42,3023,2873554.0
2018-12-18,975.0,989.0,936.0,942.0,-1.05,6053,5821188.0
2018-12-17,953.0,971.0,946.0,952.0,0.85,5736,5500187.0
2018-12-16,925.0,945.0,910.0,944.0,2.72,5142,4772382.0
2018-12-13,888.0,919.0,888.0,919.0,2.11,3078,2785430.0
2018-12-12,907.0,914.0,880.0,900.0,1.12,1177,1048594.0
2018-12-11,892.0,895.0,877.0,890.0,-2.2,721,641255.0
2018-12-10,875.0,910.0,875.0,910.0,5.2,4498,4040700.0
2018-12-09,846.0,867.0,846.0,865.0,1.17,642,553865.0
2018-12-06,843.0,874.0,833.0,855.0,-0.58,5034,4334317.0
2018-12-05,900.0,900.0,850.0,860.0,-3.8,6948,6012915.0
2018-12-04,900.0,917.0,894.0,894.0,-1.22,6717,6032093.0
2018-12-03,907.0,938.0,905.0,905.0,-1.63,6704,6136333.0
2018-12-02,957.0,957.0,902.0,920.0,-3.26,5741,5255016.0
2018-11-29,990.0,990.0,950.0,951.0,-2.96,1810,1746201.0
2018-11-28,980.0,998.0,971.0,980.0,0.0,1692,1660512.0
2018-11-27,980.0,1011.0,980.0,980.0,-1.31,1918,1891294.0
2018-11-26,976.0,1003.0,976.0,993.0,0.1,1303,1292065.0
2018-11-25,1030.0,1030.0,992.0,992.0,-2.07,2578,2584315.0
2018-11-22,1012.0,1022.0,1011.0,1013.0,-1.07,739,750261.0
2018-11-21,1020.0,1024.0,1006.0,1024.0,0.69,670,680858.0
2018-11-20,1017.0,1030.0,1009.0,1017.0,-0.29,1220,1240402.0
2018-11-19,1025.0,1031.0,1020.0,1020.0,-1.07,2186,2242059.0
2018-11-18,1026.0,1035.0,1021.0,1031.0,-0.58,2472,2541294.0
2018-11-15,1040.0,1045.0,1020.0,1037.0,-1.24,610,634307.0
2018-11-14,1023.0,1084.0,1023.0,1050.0,1.45,1856,1929675.0
2018-11-13,1029.0,1050.0,1029.0,1035.0,0.0,515,535789.0
2018-11-12,1030.0,1050.0,1030.0,1035.0,-1.43,1483,1538820.0
2018-11-11,1083.0,1090.0,1050.0,1050.0,-3.05,139,148109.0
2018-11-06,1052.0,1085.0,1050.0,1083.0,2.95,341,366635.0
2018-11-05,1050.0,1060.0,1043.0,1052.0,0.19,603,637040.0
2018-11-04,1045.0,1060.0,1045.0,1050.0,-0.94,810,850862.0
2018-11-01,1057.0,1070.0,1050.0,1060.0,0.28,1348,1430766.0
2018-10-31,1060.0,1060.0,1056.0,1057.0,-0.09,660,697769.0
2018-10-30,1070.0,1088.0,1055.0,1058.0,0.76,1998,2130939.0
2018-10-29,1047.0,1060.0,1046.0,1050.0,-1.41,3107,3260790.0
2018-10-28,1075.0,1075.0,1050.0,1065.0,-1.84,4587,4858314.0
2018-10-25,1089.0,1089.0,1066.0,1085.0,0.56,470,503352.0
2018-10-24,1050.0,1085.0,1050.0,1079.0,1.12,1811,1941197.0
2018-10-23,1071.0,1080.0,1060.0,1067.0,-0.37,1219,1300946.0
2018-10-22,1089.0,1089.0,1063.0,1071.0,0.28,2123,2277362.0
2018-10-21,1066.0,1085.0,1065.0,1068.0,-1.11,410,439586.0
2018-10-15,1107.0,1107.0,1076.0,1080.0,-1.37,2914,3160744.0
2018-10-14,1099.0,1099.0,1078.0,1095.0,1.39,1684,1832078.0
2018-10-11,1060.0,1096.0,1060.0,1080.0,0.47,548,594905.0
2018-10-10,1066.0,1085.0,1065.0,1075.0,-0.92,1330,1430132.0
2018-10-09,1073.0,1100.0,1060.0,1085.0,0.0,3914,4174528.0
2018-10-08,1075.0,1100.0,1067.0,1085.0,0.93,6723,7278452.0
2018-10-07,1083.0,1090.0,1072.0,1075.0,-1.38,2157,2329867.0
2018-10-04,1092.0,1116.0,1090.0,1090.0,-0.18,5126,5636949.0
2018-10-03,1090.0,1115.0,1083.0,1092.0,-0.91,3768,4136948.0
2018-10-02,1090.0,1128.0,1090.0,1102.0,-0.45,3956,4365837.0
2018-10-01,1120.0,1120.0,1096.0,1107.0,-1.42,3662,4060505.0
2018-09-30,1130.0,1132.0,1118.0,1123.0,-1.49,4751,5340532.0
2018-09-27,1148.0,1150.0,1137.0,1140.0,-0.61,2376,2708080.0
2018-09-26,1166.0,1175.0,1145.0,1147.0,-0.17,2523,2913738.0
2018-09-25,1140.0,1150.0,1130.0,1149.0,0.62,3722,4242179.0
2018-09-23,1135.0,1156.0,1135.0,1137.0,-1.22,2713,3099476.0
2018-09-20,1160.0,1169.0,1147.0,1151.0,-0.6,9321,10767881.0
2018-09-18,1168.0,1195.0,1139.0,1158.0,0.43,9929,11551959.0
2018-09-17,1070.0,1155.0,1070.0,1153.0,5.78,8363,9476651.0
2018-09-16,1100.0,1113.0,1086.0,1090.0,0.46,5157,5664734.0
2018-09-13,1100.0,1102.0,1060.0,1085.0,-1.0,3203,3473042.0
2018-09-12,1070.0,1096.0,1060.0,1096.0,3.1,2189,2353366.0
2018-09-11,1056.0,1090.0,1056.0,1063.0,1.05,1096,1172395.0
2018-09-10,1048.0,1065.0,1048.0,1052.0,-1.31,560,592387.0
2018-09-09,1060.0,1070.0,1056.0,1066.0,-0.84,4539,4829991.0
2018-09-06,1111.0,1114.0,1075.0,1075.0,-1.38,5800,6338463.0
2018-09-05,1061.0,1115.0,1060.0,1090.0,2.73,4335,4744541.0
2018-09-04,1051.0,1091.0,1051.0,1061.0,-0.84,2792,3001377.0
2018-09-03,1041.0,1070.0,1040.0,1070.0,2.88,1064,1120776.0
2018-09-02,1021.0,1055.0,1021.0,1040.0,0.97,904,938910.0
2018-08-30,1027.0,1040.0,1025.0,1030.0,0.39,1158,1194740.0
2018-08-29,1042.0,1042.0,1026.0,1026.0,-1.54,1341,1383412.0
2018-08-28,1030.0,1042.0,1024.0,1042.0,0.39,706,726865.0
2018-08-26,1045.0,1045.0,1036.0,1038.0,-0.38,1069,1110577.0
2018-08-23,1036.0,1044.0,1036.0,1042.0,-0.67,1218,1267612.0
2018-08-22,1038.0,1049.0,1038.0,1049.0,-0.38,609,635968.0
2018-08-21,1043.0,1053.0,1041.0,1053.0,0.96,7032,7366494.0
2018-08-20,1044.0,1046.0,1039.0,1043.0,-0.1,2611,2720509.0
2018-08-19,1060.0,1068.0,1042.0,1044.0,-1.23,5750,6026234.0
2018-08-16,1045.0,1085.0,1036.0,1057.0,0.19,8707,9246184.0
2018-08-15,1016.0,1065.0,1016.0,1055.0,3.94,3323,3475439.0
2018-08-14,1030.0,1030.0,1000.0,1015.0,0.3,1921,1939827.0
2018-08-13,990.0,1020.0,983.0,1012.0,1.91,2539,2542968.0
2018-08-12,1019.0,1019.0,991.0,993.0,-2.65,2752,2772033.0
2018-08-09,1012.0,1026.0,1001.0,1020.0,-0.68,2821,2847547.0
2018-08-08,1030.0,1037.0,1027.0,1027.0,-0.96,1280,1316950.0
2018-08-07,1037.0,1040.0,1027.0,1037.0,0.0,1204,1243410.0
2018-08-06,1065.0,1065.0,1037.0,1037.0,-1.05,2089,2178965.0
2018-08-05,1050.0,1058.0,1046.0,1048.0,-1.23,2011,2111565.0
2018-08-02,1075.0,1083.0,1060.0,1061.0,-1.21,1452,1543742.0
2018-08-01,1060.0,1074.0,1060.0,1074.0,0.09,685,730762.0
2018-07-31,1094.0,1094.0,1057.0,1073.0,-0.09,4131,4387556.0
2018-07-30,1075.0,1075.0,1056.0,1074.0,0.37,3948,4195695.0
2018-07-29,1062.0,1077.0,1052.0,1070.0,0.75,1530,1633270.0
2018-07-26,1070.0,1078.0,1060.0,1062.0,-0.84,1611,1717199.0
2018-07-25,1080.0,1090.0,1065.0,1071.0,-1.02,765,820752.0
2018-07-24,1080.0,1122.0,1080.0,1082.0,0.19,3854,4246561.0
2018-07-23,1065.0,1080.0,1046.0,1080.0,1.98,1864,1996716.0
2018-07-22,1065.0,1080.0,1058.0,1059.0,-2.31,2042,2175928.0
2018-07-19,1095.0,1100.0,1084.0,1084.0,-1.0,2740,2996137.0
2018-07-18,1100.0,1105.0,1089.0,1095.0,-1.35,3614,3952381.0
2018-07-17,1125.0,1130.0,1108.0,1110.0,-1.33,1685,1875075.0
2018-07-16,1100.0,1125.0,1100.0,1125.0,1.9,4389,4884205.0
2018-07-15,1109.0,1118.0,1095.0,1104.0,-0.45,4105,4539499.0
2018-07-12,1120.0,1120.0,1100.0,1109.0,-0.98,6894,7632640.0
2018-07-11,1140.0,1150.0,1118.0,1120.0,-0.18,3869,4388381.0
2018-07-10,1130.0,1149.0,1121.0,1122.0,-0.44,5079,5742967.0
2018-07-09,1162.0,1165.0,1127.0,1127.0,-3.01,5994,6802025.0
2018-07-08,1193.0,1193.0,1149.0,1162.0,-0.68,6827,7941802.0
2018-07-05,1126.0,1170.0,1125.0,1170.0,4.0,5069,5854559.0
2018-07-04,1110.0,1135.0,1110.0,1125.0,1.26,2422,2726684.0
2018-07-03,1130.0,1130.0,1101.0,1111.0,-0.36,2652,2950129.0
2018-07-02,1110.0,1125.0,1099.0,1115.0,-0.45,2963,3289934.0
2018-07-01,1125.0,1140.0,1110.0,1120.0,-1.5,2620,2933453.0
2018-06-28,1138.0,1145.0,1135.0,1137.0,-0.09,1795,2043600.0
2018-06-27,1134.0,1168.0,1124.0,1138.0,-0.35,2542,2891941.0
2018-06-26,1160.0,1160.0,1142.0,1142.0,-1.55,1899,2189336.0
2018-06-25,1157.0,1169.0,1145.0,1160.0,-1.69,2091,2419293.0
2018-06-24,1180.0,1203.0,1155.0,1180.0,0.85,1993,2332702.0
2018-06-21,1173.0,1189.0,1156.0,1170.0,-0.26,1867,2182921.0
2018-06-20,1190.0,1190.0,1164.0,1173.0,0.17,1278,1498323.0
2018-06-19,1185.0,1188.0,1170.0,1171.0,-2.42,2224,2627236.0
2018-06-18,1175.0,1200.0,1164.0,1200.0,1.27,2449,2885565.0
2018-06-17,1190.0,1190.0,1180.0,1185.0,-0.92,1725,2041789.0
2018-06-14,1195.0,1210.0,1167.0,1196.0,0.5,5343,6399289.0
2018-06-13,1190.0,1200.0,1180.0,1190.0,0.42,1807,2143599.0
2018-06-12,1177.0,1205.0,1173.0,1185.0,-1.17,4945,5865505.0
2018-06-11,1175.0,1215.0,1161.0,1199.0,1.1,6758,8024723.0
2018-06-10,1239.0,1235.0,1181.0,1186.0,-2.39,8793,10506467.0
2018-06-07,1235.0,1240.0,1214.0,1215.0,-1.62,6981,8516268.0
2018-06-06,1237.0,1285.0,1222.0,1235.0,1.81,6838,8495082.0
2018-06-04,1225.0,1245.0,1190.0,1213.0,-0.9,7279,8864485.0
2018-06-03,1270.0,1270.0,1200.0,1224.0,-3.24,14905,18372470.0
2018-05-31,1290.0,1293.0,1258.0,1265.0,-1.56,10480,13344988.0
2018-05-30,1280.0,1320.0,1261.0,1285.0,0.63,15168,19561168.0
2018-05-29,1236.0,1283.0,1236.0,1277.0,1.51,14247,17965940.0
2018-05-28,1190.0,1258.0,1180.0,1258.0,5.54,5404,6622412.0
2018-05-27,1234.0,1234.0,1192.0,1192.0,-3.4,4180,5057494.0
2018-05-24,1235.0,1250.0,1234.0,1234.0,-0.08,2325,2883896.0
2018-05-23,1240.0,1245.0,1231.0,1235.0,-0.96,2204,2725665.0
2018-05-22,1260.0,1280.0,1243.0,1247.0,-0.64,1272,1589640.0
2018-05-21,1265.0,1265.0,1245.0,1255.0,-0.4,822,1030202.0
2018-05-20,1230.0,1276.0,1230.0,1260.0,0.72,3791,4753643.0
2018-05-17,1250.0,1264.0,1248.0,1251.0,-0.48,4340,5448250.0
2018-05-16,1246.0,1257.0,1240.0,1257.0,0.88,1192,1491808.0
2018-05-15,1225.0,1259.0,1225.0,1246.0,0.24,4378,5473206.0
2018-05-14,1240.0,1258.0,1240.0,1243.0,-1.74,2401,2989248.0
2018-05-10,1269.0,1275.0,1244.0,1265.0,-0.32,8553,10702137.0
2018-05-09,1284.0,1285.0,1243.0,1269.0,-1.25,7194,9133175.0
2018-05-08,1237.0,1285.0,1228.0,1285.0,3.96,5826,7313824.0
2018-05-07,1230.0,1245.0,1220.0,1236.0,-0.24,4021,4974666.0
2018-05-06,1238.0,1254.0,1238.0,1239.0,-1.82,7210,8972846.0
2018-05-03,1240.0,1285.0,1239.0,1262.0,0.56,17006,21502088.0
2018-05-02,1195.0,1255.0,1187.0,1255.0,2.95,7495,9223999.0
2018-04-29,1230.0,1254.0,1206.0,1219.0,-1.22,8271,10097586.0
2018-04-26,1260.0,1274.0,1220.0,1234.0,-2.06,9729,12097329.0
2018-04-25,1260.0,1276.0,1250.0,1260.0,0.0,6445,8127850.0
2018-04-24,1235.0,1295.0,1230.0,1260.0,0.16,15275,19287206.0
2018-04-23,1270.0,1331.0,1220.0,1258.0,-0.47,24342,30964588.0
2018-04-22,1212.0,1264.0,1176.0,1264.0,6.31,18082,21845020.0
2018-04-19,1180.0,1203.0,1162.0,1189.0,0.76,9867,11651917.0
2018-04-18,1220.0,1225.0,1168.0,1180.0,-2.8,17095,20447154.0
2018-04-17,1170.0,1215.0,1144.0,1214.0,5.75,20013,23599952.0
2018-04-16,1080.0,1153.0,1045.0,1148.0,7.79,21266,23972252.0
2018-04-15,1000.0,1075.0,983.0,1065.0,5.03,10778,10933448.0
2018-04-12,950.0,1022.0,950.0,1014.0,6.74,15706,15688555.0
2018-04-11,958.0,965.0,925.0,950.0,1.06,5600,5328840.0
2018-04-10,975.0,985.0,903.0,940.0,-1.67,6002,5713878.0
2018-04-09,965.0,1003.0,946.0,956.0,-1.44,11631,11404801.0
2018-04-08,920.0,988.0,907.0,970.0,6.59,15666,14783982.0
2018-04-05,858.0,918.0,858.0,910.0,6.18,10630,9470371.0
2018-04-04,809.0,872.0,809.0,857.0,5.93,4186,3529308.0
2018-04-03,770.0,809.0,760.0,809.0,3.19,4657,3660289.0
2018-04-02,754.0,789.0,754.0,784.0,3.43,3744,2879363.0
2018-04-01,767.0,780.0,740.0,758.0,-0.92,8494,6437744.0
2018-03-29,735.0,765.0,735.0,765.0,2.14,4960,3705450.0
2018-03-28,726.0,754.0,711.0,749.0,5.2,7544,5508170.0
2018-03-27,700.0,712.0,686.0,712.0,0.28,1205,835990.0
2018-03-26,796.0,795.0,710.0,710.0,-9.09,1150,850404.0
2018-03-22,790.0,810.0,765.0,781.0,-3.1,7140,5602453.0
2018-03-21,970.0,972.0,915.0,915.0,-6.44,7004,6551779.0
2018-03-20,980.0,999.0,970.0,978.0,-2.2,2976,2924224.0
2018-03-19,1020.0,1020.0,1000.0,1000.0,-2.82,1552,1557820.0
2018-03-18,1025.0,1029.0,1020.0,1029.0,-0.1,156,159536.0
2018-03-15,1030.0,1030.0,1010.0,1030.0,-0.58,1422,1454415.0
2018-03-14,1028.0,1039.0,1028.0,1036.0,0.78,355,367840.0
2018-03-13,1044.0,1044.0,1008.0,1028.0,-3.47,710,725595.0
2018-03-12,1025.0,1065.0,1017.0,1065.0,2.7,470,482270.0
2018-03-11,1060.0,1060.0,1034.0,1037.0,-3.62,544,563876.0
2018-03-07,1085.0,1085.0,1065.0,1076.0,0.65,147,157254.0
2018-03-06,1021.0,1097.0,981.0,1069.0,2.69,2807,2905202.0
2018-03-05,1088.0,1088.0,1037.0,1041.0,-6.22,3965,4169830.0
2018-03-04,1128.0,1128.0,1069.0,1110.0,-3.56,3520,3848410.0
2018-02-28,1177.0,1177.0,1151.0,1151.0,-2.87,480,559300.0
2018-02-27,1167.0,1200.0,1165.0,1185.0,0.0,852,1013534.0
2018-02-26,1220.0,1220.0,1180.0,1185.0,-3.27,1650,1960980.0
2018-02-25,1225.0,1225.0,1225.0,1225.0,-1.61,110,134750.0
2018-02-22,1251.0,1301.0,1245.0,1245.0,-0.48,945,1187765.0
2018-02-21,1276.0,1276.0,1251.0,1251.0,-1.96,620,780260.0
2018-02-20,1331.0,1355.0,1276.0,1276.0,-2.22,894,1172775.0
2018-02-18,1350.0,1350.0,1285.0,1305.0,-3.33,988,1288630.0
2018-02-15,1280.0,1350.0,1280.0,1350.0,0.0,4538,5926950.0
2018-02-14,1190.0,1280.0,1205.0,1280.0,0.0,952,1154350.0
2018-02-12,1210.0,1195.0,1172.0,1190.0,0.0,280,333720.0
2018-02-11,1230.0,1212.0,1210.0,1210.0,0.0,500,605600.0
2018-02-08,1240.0,1230.0,1215.0,1230.0,0.0,507,618783.0
2018-02-07,1275.0,1251.0,1240.0,1240.0,0.0,810,1011570.0
2018-02-06,1280.0,1280.0,1275.0,1275.0,0.0,198,253244.0
2018-02-04,1299.0,1300.0,1260.0,1280.0,0.0,5150,6582137.0
2018-02-01,1315.0,1300.0,1282.0,1299.0,0.0,676,872762.0
2018-01-31,1315.0,1315.0,1289.0,1315.0,0.0,383,495904.0
2018-01-29,1335.0,1340.0,1315.0,1315.0,0.0,349,462235.0
2018-01-28,1349.0,1350.0,1335.0,1335.0,0.0,328,438430.0
2018-01-25,1341.0,1349.0,1349.0,1349.0,0.0,100,134900.0
2018-01-24,1345.0,1345.0,1340.0,1341.0,0.0,130,174480.0
2018-01-23,1370.0,1351.0,1345.0,1345.0,0.0,1119,1508755.0
2018-01-22,1380.0,1380.0,1370.0,1370.0,0.0,200,275000.0
2018-01-21,1399.0,1400.0,1380.0,1380.0,0.0,1263,1760140.0
2018-01-17,1379.0,1400.0,1372.0,1399.0,0.0,120,166580.0
2018-01-16,1381.0,1379.0,1363.0,1379.0,0.0,809,1103951.0
2018-01-14,1399.0,1390.0,1381.0,1381.0,0.0,161,223241.0
2018-01-10,1400.0,1400.0,1398.0,1399.0,0.0,2221,3107853.0
2018-01-09,1484.0,1480.0,1400.0,1400.0,0.0,3795,5502660.0
2018-01-08,1450.0,1484.0,1450.0,1484.0,0.0,1393,2041225.0
2018-01-07,1449.0,1455.0,1445.0,1450.0,0.0,354,512505.0
2018-01-04,1440.0,1465.0,1436.0,1449.0,0.0,210,303150.0
2018-01-03,1450.0,1440.0,1410.0,1440.0,0.0,4968,7088446.0
2018-01-02,1412.0,1468.0,1400.0,1450.0,0.0,2901,4180600.0
2018-01-01,1400.0,1430.0,1375.0,1412.0,0.0,2671,3770683.0
2017-12-31,1386.0,1413.0,1381.0,1400.0,0.0,1340,1863000.0
2017-12-28,1390.0,1420.0,1360.0,1386.0,0.0,1179,1634553.0
2017-12-27,1401.0,1405.0,1374.0,1390.0,0.0,1849,2567720.0
2017-12-26,1442.0,1420.0,1401.0,1401.0,0.0,3778,5318511.0
2017-12-24,1470.0,1465.0,1442.0,1442.0,0.0,958,1393790.0
2017-12-21,1535.0,1506.0,1451.0,1470.0,0.0,3734,5468520.0
2017-12-20,1450.0,1535.0,1479.0,1535.0,0.0,100,150160.0
2017-12-19,1470.0,1460.0,1450.0,1450.0,0.0,2438,3544192.0
2017-12-18,1480.0,1480.0,1451.0,1470.0,0.0,2605,3808660.0
2017-12-17,1500.0,1500.0,1480.0,1480.0,0.0,1797,2676178.0
2017-12-14,1501.0,1500.0,1500.0,1500.0,0.0,1600,2400000.0
2017-12-13,1510.0,1530.0,1501.0,1501.0,0.0,538,816705.0
2017-12-12,1533.0,1517.0,1510.0,1510.0,0.0,1400,2120700.0
2017-12-11,1555.0,1533.0,1533.0,1533.0,0.0,148,226884.0
2017-12-10,1560.0,1591.0,1530.0,1555.0,0.0,3632,5651930.0
2017-12-06,1545.0,1599.0,1550.0,1560.0,0.0,1297,2040315.0
2017-12-05,1557.0,1619.0,1545.0,1545.0,0.0,3711,5841211.0
2017-12-04,1578.0,1580.0,1547.0,1557.0,0.0,466,728945.0
2017-11-30,1590.0,1610.0,1560.0,1578.0,0.0,1825,2881405.0
2017-11-29,1520.0,1598.0,1541.0,1590.0,0.0,4495,7076007.0
2017-11-28,1507.0,1520.0,1515.0,1520.0,0.0,821,1246915.0
2017-11-27,1500.0,1530.0,1500.0,1507.0,0.0,1950,2942065.0
2017-11-26,1475.0,1530.0,1488.0,1500.0,0.0,1410,2124380.0
2017-11-23,1425.0,1482.0,1453.0,1475.0,0.0,370,545560.0
2017-11-22,1452.0,1442.0,1425.0,1425.0,0.0,700,1001400.0
2017-11-21,1440.0,1463.0,1412.0,1452.0,0.0,999,1430740.0
2017-11-20,1431.0,1440.0,1420.0,1440.0,0.0,302,429040.0
2017-11-19,1456.0,1440.0,1430.0,1431.0,0.0,500,716700.0
2017-11-16,1482.0,1470.0,1455.0,1456.0,0.0,600,875600.0
2017-11-15,1505.0,1505.0,1482.0,1482.0,0.0,953,1417880.0
2017-11-14,1475.0,1510.0,1477.0,1505.0,0.0,3140,4695850.0
2017-11-13,1475.0,1475.0,1470.0,1475.0,0.0,785,1156875.0
2017-11-12,1455.0,1479.0,1450.0,1475.0,0.0,2020,2952975.0
2017-11-09,1430.0,1510.0,1455.0,1455.0,0.0,455,672290.0
2017-11-08,1489.0,1500.0,1402.0,1430.0,0.0,2280,3254970.0
2017-11-07,1486.0,1500.0,1470.0,1489.0,0.0,2499,3707780.0
2017-11-06,1520.0,1521.0,1486.0,1486.0,0.0,3188,4793522.0
2017-11-05,1560.0,1545.0,1498.0,1520.0,0.0,1887,2843410.0
2017-11-02,1550.0,1560.0,1549.0,1560.0,0.0,1269,1972878.0
2017-11-01,1580.0,1560.0,1550.0,1550.0,0.0,1736,2691830.0
2017-10-31,1586.0,1589.0,1580.0,1580.0,0.0,878,1392354.0
2017-10-30,1617.0,1649.0,1586.0,1586.0,0.0,2142,3421738.0
2017-10-29,1662.0,1640.0,1616.0,1617.0,0.0,242,393108.0
2017-10-25,1630.0,1662.0,1602.0,1662.0,0.0,743,1205085.0
2017-10-24,1640.0,1640.0,1620.0,1630.0,0.0,1302,2120500.0
2017-10-23,1660.0,1665.0,1640.0,1640.0,0.0,1474,2419596.0
2017-10-18,1620.0,1660.0,1640.0,1660.0,0.0,1065,1756612.0
2017-10-17,1630.0,1680.0,1620.0,1620.0,0.0,1834,3000620.0
2017-10-16,1583.0,1630.0,1614.0,1630.0,0.0,200,324400.0
2017-10-15,1552.0,1583.0,1552.0,1583.0,0.0,728,1139556.0
2017-10-12,1565.0,1580.0,1545.0,1552.0,0.0,2227,3446451.0
2017-10-11,1557.0,1576.0,1565.0,1565.0,0.0,688,1081680.0
2017-10-10,1570.0,1571.0,1551.0,1557.0,0.0,4615,7223780.0
2017-10-09,1590.0,1595.0,1567.0,1570.0,0.0,1289,2040426.0
2017-10-08,1645.0,1613.0,1573.0,1590.0,0.0,2120,3367650.0
2017-10-04,1645.0,1645.0,1615.0,1645.0,0.0,367,593755.0
2017-10-03,1665.0,1645.0,1645.0,1645.0,0.0,114,187530.0
2017-09-26,1640.0,1665.0,1665.0,1665.0,0.0,19,31140.0
2017-09-25,1636.0,1640.0,1640.0,1640.0,0.0,100,164000.0
2017-09-24,1669.0,1636.0,1636.0,1636.0,0.0,42,68712.0
2017-09-20,1626.0,1669.0,1612.0,1669.0,0.0,1454,2375291.0
2017-09-18,1640.0,1640.0,1625.0,1626.0,0.0,1486,2425859.0
2017-09-17,1660.0,1662.0,1627.0,1640.0,0.0,1275,2089450.0
2017-09-14,1600.0,1660.0,1625.0,1660.0,0.0,2146,3511750.0
2017-09-13,1600.0,1630.0,1570.0,1600.0,0.0,8625,13624193.0
2017-09-12,1670.0,1670.0,1600.0,1600.0,0.0,6617,10859815.0
2017-09-11,1645.0,1675.0,1650.0,1670.0,0.0,1160,1926491.0
2017-09-10,1694.0,1694.0,1640.0,1645.0,0.0,4309,7151434.0
2017-09-07,1700.0,1760.0,1675.0,1694.0,0.0,2877,4906543.0
2017-09-06,1686.0,1725.0,1682.0,1700.0,0.0,4610,7843705.0
2017-09-04,1715.0,1725.0,1685.0,1686.0,0.0,3235,5496283.0
2017-08-31,1760.0,1738.0,1715.0,1715.0,0.0,6812,11752240.0
2017-08-30,1765.0,1760.0,1740.0,1760.0,0.0,1809,3179404.0
2017-08-28,1770.0,1770.0,1760.0,1765.0,0.0,1228,2163942.0
2017-08-27,1766.0,1785.0,1760.0,1770.0,0.0,1671,2951800.0
2017-08-24,1780.0,1770.0,1766.0,1766.0,0.0,808,1429680.0
2017-08-23,1780.0,1780.0,1747.0,1780.0,0.0,1910,3346800.0
2017-08-22,1780.0,1810.0,1760.0,1780.0,0.0,1703,3061065.0
2017-08-21,1779.0,1780.0,1775.0,1780.0,0.0,209,371779.0
2017-08-20,1780.0,1783.0,1760.0,1779.0,0.0,1533,2724409.0
2017-08-17,1780.0,1780.0,1750.0,1780.0,0.0,3699,6511220.0
2017-08-16,1780.0,1810.0,1780.0,1780.0,0.0,610,1094450.0
2017-08-15,1789.0,1780.0,1754.0,1780.0,0.0,902,1595023.0
2017-08-13,1820.0,1799.0,1788.0,1789.0,0.0,1203,2153543.0
2017-08-10,1848.0,1860.0,1820.0,1820.0,0.0,1961,3596800.0
2017-08-09,1850.0,1850.0,1840.0,1848.0,0.0,3477,6418334.0
2017-08-07,1835.0,1850.0,1800.0,1850.0,0.0,5344,9709762.0
2017-08-06,1870.0,1850.0,1822.0,1835.0,0.0,3614,6629184.0
2017-08-03,1858.0,1875.0,1833.0,1870.0,0.0,1799,3322303.0
2017-08-02,1860.0,1895.0,1848.0,1858.0,0.0,1714,3197714.0
2017-08-01,1850.0,1874.0,1846.0,1860.0,0.0,6163,11474973.0
2017-07-31,1850.0,1855.0,1840.0,1850.0,0.0,5871,10855462.0
2017-07-30,1855.0,1890.0,1818.0,1850.0,0.0,4356,8111455.0
2017-07-27,1880.0,1892.0,1835.0,1855.0,0.0,11360,21256054.0
2017-07-26,1806.0,1891.0,1825.0,1880.0,0.0,15015,28067272.0
2017-07-25,1770.0,1806.0,1785.0,1806.0,0.0,12891,23148936.0
2017-07-24,1785.0,1825.0,1770.0,1770.0,0.0,16381,29438166.0
2017-07-23,1755.0,1785.0,1740.0,1785.0,0.0,10819,19108744.0
2017-07-20,1734.0,1758.0,1740.0,1755.0,0.0,2858,5004610.0
2017-07-19,1700.0,1799.0,1699.0,1734.0,0.0,8142,13965633.0
2017-07-18,1665.0,1740.0,1685.0,1700.0,0.0,6651,11360943.0
2017-07-17,1670.0,1665.0,1660.0,1665.0,0.0,164,272310.0
2017-07-16,1690.0,1675.0,1661.0,1670.0,0.0,686,1145326.0
2017-07-13,1700.0,1699.0,1651.0,1690.0,0.0,1963,3310862.0
2017-07-12,1700.0,1700.0,1670.0,1700.0,0.0,570,953880.0
2017-07-11,1680.0,1700.0,1635.0,1700.0,0.0,1102,1842770.0
2017-07-10,1680.0,1680.0,1645.0,1680.0,0.0,918,1514168.0
2017-07-09,1690.0,1685.0,1632.0,1680.0,0.0,3247,5419644.0
2017-07-06,1659.0,1690.0,1626.0,1690.0,0.0,2887,4767506.0
2017-07-05,1658.0,1659.0,1605.0,1659.0,0.0,3143,5126856.0
2017-07-04,1641.0,1659.0,1620.0,1658.0,0.0,2487,4047698.0
2017-07-03,1660.0,1693.0,1640.0,1641.0,0.0,2800,4627907.0
2017-07-02,1642.0,1660.0,1627.0,1660.0,0.0,2617,4268664.0
2017-06-28,1641.0,1660.0,1615.0,1642.0,0.0,6712,10989794.0
2017-06-27,1655.0,1650.0,1640.0,1641.0,0.0,2141,3521615.0
2017-06-25,1649.0,1660.0,1650.0,1655.0,0.0,511,845270.0
2017-06-22,1645.0,1665.0,1640.0,1649.0,0.0,3688,6073618.0
2017-06-21,1649.0,1660.0,1631.0,1645.0,0.0,1252,2061830.0
2017-06-20,1665.0,1660.0,1632.0,1649.0,0.0,1289,2119715.0
2017-06-19,1670.0,1665.0,1640.0,1665.0,0.0,960,1579540.0
2017-06-18,1700.0,1675.0,1668.0,1670.0,0.0,360,600904.0
2017-06-15,1680.0,1718.0,1660.0,1700.0,0.0,3826,6463050.0
2017-06-14,1700.0,1718.0,1668.0,1680.0,0.0,4437,7538506.0
2017-06-13,1700.0,1700.0,1651.0,1700.0,0.0,2039,3388125.0
2017-06-12,1710.0,1700.0,1656.0,1700.0,0.0,1391,2333836.0
2017-06-11,1710.0,1715.0,1690.0,1710.0,0.0,6191,10545465.0
2017-06-08,1716.0,1720.0,1690.0,1710.0,0.0,4829,8238728.0
2017-06-07,1736.0,1750.0,1716.0,1716.0,0.0,4301,7439932.0
2017-06-06,1708.0,1740.0,1707.0,1736.0,0.0,9887,17060646.0
2017-06-05,1670.0,1759.0,1692.0,1708.0,0.0,10309,17730296.0
2017-06-04,1652.0,1680.0,1637.0,1670.0,0.0,3147,5222903.0
2017-06-01,1695.0,1662.0,1630.0,1652.0,0.0,2243,3696756.0
2017-05-31,1635.0,1695.0,1586.0,1695.0,0.0,3619,5833880.0
2017-05-30,1648.0,1635.0,1620.0,1635.0,0.0,1002,1626724.0
2017-05-28,1617.0,1648.0,1600.0,1648.0,0.0,2907,4740968.0
2017-05-24,1625.0,1660.0,1617.0,1617.0,0.0,2179,3569891.0
2017-05-23,1625.0,1690.0,1625.0,1625.0,0.0,1208,1987970.0
2017-05-22,1630.0,1635.0,1610.0,1625.0,0.0,1771,2864965.0
2017-05-21,1650.0,1635.0,1630.0,1630.0,0.0,1550,2531380.0
2017-05-18,1650.0,1650.0,1630.0,1650.0,0.0,4480,7338493.0
2017-05-17,1640.0,1650.0,1624.0,1650.0,0.0,842,1381360.0
2017-05-16,1650.0,1670.0,1640.0,1640.0,0.0,5704,9437604.0
2017-05-15,1660.0,1660.0,1650.0,1650.0,0.0,1808,2990145.0
2017-05-11,1660.0,1670.0,1650.0,1660.0,0.0,2308,3833582.0
2017-05-09,1650.0,1670.0,1640.0,1660.0,0.0,1444,2399714.0
2017-05-08,1650.0,1664.0,1625.0,1650.0,0.0,1912,3159650.0
2017-05-07,1690.0,1690.0,1641.0,1650.0,0.0,1410,2338504.0
2017-05-04,1699.0,1690.0,1666.0,1690.0,0.0,1520,2546010.0
2017-05-03,1685.0,1718.0,1666.0,1699.0,0.0,720,1214650.0
2017-05-02,1678.0,1711.0,1662.0,1685.0,0.0,3552,5981793.0
2017-04-30,1700.0,1700.0,1650.0,1678.0,0.0,1988,3355148.0
2017-04-27,1730.0,1721.0,1663.0,1700.0,0.0,2529,4275267.0
2017-04-26,1740.0,1740.0,1713.0,1730.0,0.0,1227,2119610.0
2017-04-25,1737.0,1740.0,1703.0,1740.0,0.0,1654,2862578.0
2017-04-24,1799.0,1790.0,1737.0,1737.0,0.0,3836,6781432.0
2017-04-23,1720.0,1860.0,1754.0,1799.0,0.0,8266,14770818.0
2017-04-20,1723.0,1757.0,1670.0,1720.0,0.0,5420,9321910.0
2017-04-19,1640.0,1723.0,1641.0,1723.0,0.0,3029,5057766.0
2017-04-18,1700.0,1670.0,1601.0,1640.0,0.0,4383,7155605.0
2017-04-16,1789.0,1800.0,1700.0,1700.0,0.0,3353,5845966.0
2017-04-13,1800.0,1790.0,1740.0,1789.0,0.0,5050,8914080.0
2017-04-12,1805.0,1870.0,1800.0,1800.0,0.0,4999,9117763.0
2017-04-11,1801.0,1830.0,1790.0,1805.0,0.0,5627,10135670.0
2017-04-10,1732.0,1801.0,1745.0,1801.0,0.0,9652,17036628.0
2017-04-09,1758.0,1770.0,1723.0,1732.0,0.0,4390,7660726.0
2017-04-06,1710.0,1759.0,1725.0,1758.0,0.0,3458,6021676.0
2017-04-04,1741.0,1800.0,1640.0,1710.0,0.0,6384,11074877.0
2017-04-03,1714.0,1885.0,1741.0,1741.0,0.0,28814,53287568.0
2017-04-02,1559.0,1714.0,1590.0,1714.0,0.0,2157,3693451.0
2017-03-30,1549.0,1580.0,1534.0,1559.0,0.0,5261,8211110.0
2017-03-29,1600.0,1670.0,1549.0,1549.0,0.0,12807,20725976.0
2017-03-28,1490.0,1600.0,1518.0,1600.0,0.0,8455,13176901.0
2017-03-26,1402.0,1510.0,1419.0,1490.0,0.0,6035,8838785.0
2017-03-23,1448.0,1476.0,1400.0,1402.0,0.0,4594,6603202.0
2017-03-22,1450.0,1500.0,1418.0,1448.0,0.0,7191,10531529.0
2017-03-21,1430.0,1487.0,1375.0,1450.0,0.0,13699,19707120.0
2017-03-20,1300.0,1430.0,1325.0,1430.0,0.0,13309,18293742.0
2017-03-19,1238.0,1300.0,1250.0,1300.0,0.0,3511,4495759.0
2017-03-16,1231.0,1260.0,1236.0,1238.0,0.0,1256,1556400.0
2017-03-15,1235.0,1250.0,1212.0,1231.0,0.0,741,912927.0
2017-03-14,1240.0,1249.0,1225.0,1235.0,0.0,504,624130.0
2017-03-13,1250.0,1255.0,1240.0,1240.0,0.0,850,1061250.0
2017-03-09,1192.0,1272.0,1200.0,1250.0,0.0,700,866090.0
2017-03-07,1225.0,1224.0,1177.0,1192.0,0.0,4631,5531160.0
2017-03-06,1260.0,1285.0,1225.0,1225.0,0.0,1181,1479090.0
2017-03-05,1235.0,1278.0,1258.0,1260.0,0.0,1326,1673350.0
2017-03-02,1243.0,1292.0,1210.0,1235.0,0.0,3162,3869529.0
2017-03-01,1130.0,1243.0,1130.0,1243.0,0.0,1825,2131385.0
2017-02-28,1149.0,1130.0,1062.0,1130.0,0.0,2782,3084349.0
2017-02-26,1217.0,1241.0,1149.0,1149.0,0.0,1274,1493805.0
2017-02-23,1240.0,1240.0,1216.0,1217.0,0.0,2018,2474894.0
2017-02-22,1294.0,1290.0,1235.0,1240.0,0.0,2655,3339670.0
2017-02-21,1280.0,1384.0,1220.0,1294.0,0.0,6427,8185740.0
2017-02-20,1240.0,1320.0,1240.0,1280.0,0.0,10044,12894676.0
2017-02-19,1161.0,1250.0,1135.0,1240.0,0.0,7763,9399527.0
2017-02-16,1087.0,1169.0,1066.0,1161.0,0.0,4741,5381055.0
2017-02-15,1009.0,1090.0,1009.0,1087.0,0.0,3646,3836204.0
2017-02-14,1025.0,1040.0,1005.0,1009.0,0.0,2217,2253930.0
2017-02-13,960.0,1025.0,940.0,1025.0,0.0,2996,2875281.0
2017-02-12,1060.0,1080.0,954.0,960.0,0.0,4346,4290822.0
2017-02-09,1080.0,1100.0,1041.0,1060.0,0.0,1323,1405054.0
2017-02-08,1127.0,1130.0,1077.0,1080.0,0.0,2999,3268971.0
2017-02-07,1141.0,1142.0,1120.0,1127.0,0.0,822,928370.0
2017-02-06,1161.0,1160.0,1140.0,1141.0,0.0,934,1076740.0
2017-02-05,1214.0,1193.0,1161.0,1161.0,0.0,972,1143803.0
2017-02-02,1239.0,1263.0,1214.0,1214.0,0.0,2063,2515055.0
2017-02-01,1165.0,1250.0,1170.0,1239.0,0.0,2366,2875540.0
2017-01-31,1157.0,1210.0,1160.0,1165.0,0.0,3236,3778375.0
2017-01-30,1285.0,1260.0,1157.0,1157.0,0.0,6318,7368690.0
2017-01-26,1345.0,1345.0,1278.0,1285.0,0.0,4864,6370450.0
2017-01-25,1340.0,1366.0,1264.0,1345.0,0.0,2306,3038060.0
2017-01-24,1370.0,1355.0,1328.0,1340.0,0.0,890,1195187.0
2017-01-23,1376.0,1380.0,1350.0,1370.0,0.0,2400,3262600.0
2017-01-22,1398.0,1400.0,1375.0,1376.0,0.0,790,1089400.0
2017-01-19,1399.0,1426.0,1398.0,1398.0,0.0,668,939224.0
2017-01-18,1400.0,1408.0,1380.0,1399.0,0.0,500,695242.0
2017-01-17,1380.0,1407.0,1355.0,1400.0,0.0,945,1304180.0
2017-01-16,1402.0,1400.0,1380.0,1380.0,0.0,750,1041220.0
2017-01-15,1440.0,1430.0,1402.0,1402.0,0.0,1400,1977550.0
2017-01-12,1420.0,1450.0,1415.0,1440.0,0.0,1185,1693500.0
2017-01-11,1438.0,1465.0,1420.0,1420.0,0.0,3571,5117220.0
2017-01-10,1416.0,1440.0,1425.0,1438.0,0.0,1165,1670124.0
2017-01-09,1370.0,1416.0,1355.0,1416.0,0.0,1757,2441995.0
2017-01-08,1345.0,1371.0,1343.0,1370.0,0.0,1326,1792106.0
2017-01-05,1350.0,1370.0,1323.0,1345.0,0.0,2298,3104844.0
2017-01-04,1349.0,1380.0,1284.0,1350.0,0.0,2687,3575667.0
2017-01-03,1390.0,1390.0,1320.0,1349.0,0.0,6693,9041037.0
2017-01-02,1339.0,1405.0,1316.0,1390.0,0.0,7759,10579870.0
2017-01-01,1255.0,1339.0,1275.0,1339.0,0.0,7738,10187529.0
2016-12-29,1169.0,1285.0,1170.0,1255.0,0.0,7817,9588613.0
2016-12-28,1120.0,1179.0,1130.0,1169.0,0.0,7300,8439094.0
2016-12-27,1236.0,1224.0,1113.0,1120.0,0.0,11447,13148164.0
2016-12-26,1350.0,1324.0,1236.0,1236.0,0.0,2045,2617463.0
2016-12-22,1394.0,1370.0,1340.0,1350.0,0.0,1938,2628130.0
2016-12-21,1699.0,1710.0,1648.0,1673.0,0.0,7858,13233206.0
2016-12-20,1715.0,1715.0,1681.0,1699.0,0.0,3210,5451270.0
2016-12-19,1735.0,1750.0,1715.0,1715.0,0.0,6416,11101376.0
2016-12-18,1725.0,1735.0,1710.0,1735.0,0.0,1686,2907270.0
2016-12-15,1700.0,1764.0,1695.0,1725.0,0.0,3169,5420850.0
2016-12-14,1650.0,1700.0,1655.0,1700.0,0.0,3371,5655730.0
2016-12-12,1650.0,1681.0,1600.0,1650.0,0.0,2814,4604234.0
2016-12-11,1670.0,1716.0,1650.0,1650.0,0.0,3837,6449566.0
2016-12-08,1700.0,1700.0,1663.0,1670.0,0.0,1810,3026400.0
2016-12-07,1660.0,1730.0,1650.0,1700.0,0.0,5218,8779340.0
2016-12-06,1605.0,1667.0,1588.0,1660.0,0.0,4106,6651991.0
2016-12-05,1691.0,1665.0,1605.0,1605.0,0.0,711,1163684.0
2016-12-04,1760.0,1759.0,1691.0,1691.0,0.0,1890,3249250.0
2016-12-01,1775.0,1820.0,1690.0,1760.0,0.0,8664,15260734.0
2016-11-30,1655.0,1775.0,1622.0,1775.0,0.0,10451,17777812.0
2016-11-29,1520.0,1655.0,1490.0,1655.0,0.0,8018,12504716.0
2016-11-28,1503.0,1653.0,1450.0,1520.0,0.0,9398,14700339.0
2016-11-27,1670.0,1637.0,1503.0,1503.0,0.0,8761,13712730.0
2016-11-24,1681.0,1785.0,1583.0,1670.0,0.0,8662,14347262.0
2016-11-23,1820.0,1820.0,1681.0,1681.0,0.0,5599,9746550.0
2016-11-22,1850.0,1880.0,1768.0,1820.0,0.0,8896,16165711.0
2016-11-21,1931.0,1938.0,1830.0,1850.0,0.0,20827,39113892.0
2016-11-20,2080.0,2040.0,1872.0,1931.0,0.0,7259,13778057.0
2016-11-17,2190.0,2147.0,2025.0,2080.0,0.0,11395,23416384.0
2016-11-16,2215.0,2211.0,2165.0,2190.0,0.0,2741,5989705.0
2016-11-15,2230.0,2240.0,2190.0,2215.0,0.0,509,1118260.0
2016-11-14,2225.0,2235.0,2191.0,2230.0,0.0,467,1037195.0
2016-11-13,2200.0,2244.0,2215.0,2225.0,0.0,1464,3267490.0
2016-11-10,2233.0,2239.0,2176.0,2200.0,0.0,5482,12087480.0
2016-11-09,2251.0,2270.0,2200.0,2233.0,0.0,2365,5274336.0
2016-11-08,2298.0,2271.0,2251.0,2251.0,0.0,1527,3453285.0
2016-11-07,2293.0,2298.0,2250.0,2298.0,0.0,2122,4844517.0
2016-11-03,2249.0,2293.0,2240.0,2293.0,0.0,2408,5421297.0
2016-10-27,2240.0,2295.0,2230.0,2249.0,0.0,1476,3323650.0
2016-10-26,2280.0,2300.0,2186.0,2240.0,0.0,5467,12176407.0
2016-10-25,2329.0,2346.0,2280.0,2280.0,0.0,4519,10385610.0
2016-10-24,2375.0,2356.0,2329.0,2329.0,0.0,7183,16815780.0
2016-10-23,2322.0,2376.0,2305.0,2375.0,0.0,8436,19858290.0
2016-10-20,2300.0,2325.0,2280.0,2322.0,0.0,2733,6322759.0
2016-10-19,2300.0,2315.0,2290.0,2300.0,0.0,2260,5200756.0
2016-10-18,2300.0,2305.0,2295.0,2300.0,0.0,3840,8832961.0
2016-10-17,2305.0,2330.0,2260.0,2300.0,0.0,1242,2845505.0
2016-10-16,2337.0,2330.0,2260.0,2305.0,0.0,1054,2419460.0
2016-10-06,2326.0,2340.0,2320.0,2337.0,0.0,4133,9628803.0
2016-10-05,2339.0,2326.0,2280.0,2326.0,0.0,1745,4006522.0
2016-10-04,2200.0,2351.0,2200.0,2339.0,0.0,8753,20142140.0
2016-10-03,2200.0,2240.0,2200.0,2200.0,0.0,5228,11587970.0
2016-10-02,2125.0,2230.0,2125.0,2200.0,0.0,2820,6110870.0
2016-09-29,2160.0,2145.0,2118.0,2125.0,0.0,4437,9454523.0
2016-09-28,2190.0,2160.0,2150.0,2160.0,0.0,1494,3220620.0
2016-09-27,2175.0,2200.0,2175.0,2190.0,0.0,1202,2625995.0
2016-09-26,2141.0,2200.0,2175.0,2175.0,0.0,2476,5395503.0
2016-09-25,2221.0,2182.0,2141.0,2141.0,0.0,889,1934582.0
2016-09-22,2259.0,2225.0,2200.0,2221.0,0.0,856,1889760.0
2016-09-21,2205.0,2259.0,2170.0,2259.0,0.0,980,2144317.0
2016-09-20,2235.0,2320.0,2200.0,2205.0,0.0,709,1595447.0
2016-09-18,2310.0,2315.0,2235.0,2235.0,0.0,1071,2426310.0
2016-09-14,2300.0,2368.0,2290.0,2310.0,0.0,3218,7446241.0
2016-09-12,2307.0,2330.0,2261.0,2300.0,0.0,1012,2333743.0
2016-09-11,2330.0,2307.0,2295.0,2307.0,0.0,708,1628787.0
2016-09-08,2350.0,2330.0,2280.0,2330.0,0.0,2410,5534700.0
2016-09-07,2290.0,2370.0,2245.0,2350.0,0.0,4038,9373995.0
2016-09-06,2300.0,2350.0,2264.0,2290.0,0.0,3392,7741234.0
2016-09-05,2260.0,2300.0,2261.0,2300.0,0.0,1345,3064448.0
2016-09-04,2265.0,2310.0,2250.0,2260.0,0.0,2662,6094081.0
2016-09-03,2265.0,2310.0,2250.0,2260.0,0.0,2662,6094081.0
2016-09-01,2295.0,2270.0,2250.0,2265.0,0.0,914,2068665.0
2016-08-31,2240.0,2320.0,2240.0,2295.0,0.0,2457,5634860.0
2016-08-30,2264.0,2260.0,2220.0,2240.0,0.0,3516,7908070.0
2016-08-29,2300.0,2285.0,2235.0,2264.0,0.0,4792,10847373.0
2016-08-28,2305.0,2400.0,2259.0,2300.0,0.0,8034,18751654.0
2016-08-24,2116.0,2326.0,2117.0,2305.0,0.0,12454,28358528.0
2016-08-23,2120.0,2182.0,2060.0,2116.0,0.0,4764,10062548.0
2016-08-22,2230.0,2200.0,2110.0,2120.0,0.0,5349,11553084.0
2016-08-21,2250.0,2270.0,2208.0,2230.0,0.0,2182,4870588.0
2016-08-17,2275.0,2320.0,2229.0,2250.0,0.0,6193,13981494.0
2016-08-16,2230.0,2300.0,2171.0,2275.0,0.0,8797,19675316.0
2016-08-15,2322.0,2320.0,2165.0,2230.0,0.0,5597,12432410.0
2016-08-14,2440.0,2435.0,2299.0,2322.0,0.0,2393,5600601.0
2016-08-11,2460.0,2500.0,2415.0,2440.0,0.0,9251,22711124.0
2016-08-10,2420.0,2468.0,2320.0,2460.0,0.0,20450,49410176.0
2016-08-09,2246.0,2470.0,2290.0,2420.0,0.0,275,666154.0
2016-08-08,2495.0,2460.0,2246.0,2246.0,0.0,8153,18938900.0
2016-08-07,2445.0,2495.0,2342.0,2495.0,0.0,10695,25918288.0
2016-08-04,2473.0,2500.0,2380.0,2445.0,0.0,16006,38627664.0
2016-08-03,2455.0,2495.0,2372.0,2473.0,0.0,14698,35431328.0
2016-08-02,2500.0,2500.0,2420.0,2455.0,0.0,5955,14602276.0
2016-08-01,2475.0,2550.0,2400.0,2500.0,0.0,12352,30668600.0
2016-07-31,2500.0,2520.0,2470.0,2475.0,0.0,5011,12473723.0
2016-07-28,2530.0,2530.0,2460.0,2500.0,0.0,8086,20208344.0
2016-07-27,2485.0,2560.0,2450.0,2530.0,0.0,14900,37501500.0
2016-07-26,2397.0,2492.0,2342.0,2485.0,0.0,17594,42959928.0
2016-07-25,2270.0,2400.0,2290.0,2397.0,0.0,26581,62714552.0
2016-07-21,2214.0,2300.0,2200.0,2270.0,0.0,7964,18081416.0
2016-07-20,2245.0,2300.0,2214.0,2214.0,0.0,6853,15343608.0
2016-07-19,2299.0,2344.0,2202.0,2245.0,0.0,5363,12065720.0
2016-07-18,2090.0,2299.0,1980.0,2299.0,0.0,16697,37921256.0
2016-07-17,2205.0,2180.0,2090.0,2090.0,0.0,1785,3778250.0
2016-07-14,2120.0,2205.0,2140.0,2205.0,0.0,2242,4855176.0
2016-07-13,2121.0,2163.0,2040.0,2120.0,0.0,2320,4896290.0
2016-07-12,2200.0,2201.0,1980.0,2121.0,0.0,9914,21004280.0
2016-07-11,2250.0,2222.0,2150.0,2200.0,0.0,8005,17527462.0
2016-07-10,2240.0,2295.0,2201.0,2250.0,0.0,11245,25238208.0
2016-07-06,2244.0,2270.0,2240.0,2240.0,0.0,12208,27517676.0
2016-07-05,2250.0,2260.0,2220.0,2244.0,0.0,7389,16559637.0
2016-07-04,2265.0,2260.0,2226.0,2250.0,0.0,6615,14837574.0
2016-07-03,2265.0,2265.0,2200.0,2265.0,0.0,7228,16236132.0
2016-06-30,2235.0,2265.0,2207.0,2265.0,0.0,10577,23660394.0
2016-06-29,2250.0,2300.0,2235.0,2235.0,0.0,9278,21037060.0
2016-06-28,2222.0,2265.0,2172.0,2250.0,0.0,9461,21112152.0
2016-06-27,2250.0,2270.0,2210.0,2222.0,0.0,8583,19201096.0
2016-06-26,2252.0,2270.0,2170.0,2250.0,0.0,11170,24898710.0
2016-06-23,2230.0,2412.0,2250.0,2252.0,0.0,12833,29445224.0
2016-06-22,2090.0,2230.0,2080.0,2230.0,0.0,18915,41108712.0
2016-06-21,2070.0,2100.0,2057.0,2090.0,0.0,13646,28358948.0
2016-06-20,2110.0,2142.0,1985.0,2070.0,0.0,15927,32607696.0
2016-06-19,2101.0,2225.0,1970.0,2110.0,0.0,19358,41010460.0
2016-06-16,1990.0,2140.0,2020.0,2101.0,0.0,21122,43615696.0
2016-06-15,1920.0,2000.0,1950.0,1990.0,0.0,13907,27517216.0
2016-06-14,1920.0,1950.0,1882.0,1920.0,0.0,9204,17692794.0
2016-06-13,1960.0,1989.0,1870.0,1920.0,0.0,9879,18903456.0
2016-06-12,1890.0,1999.0,1816.0,1960.0,0.0,27241,53116680.0
2016-06-09,1737.0,1910.0,1703.0,1890.0,0.0,32385,58819304.0
2016-06-08,1625.0,1745.0,1645.0,1737.0,0.0,20893,35108360.0
2016-06-07,1605.0,1650.0,1610.0,1625.0,0.0,4379,7160259.0
2016-06-06,1511.0,1605.0,1541.0,1605.0,0.0,7006,11062615.0
2016-06-05,1600.0,1585.0,1511.0,1511.0,0.0,6094,9519527.0
2016-06-02,1576.0,1600.0,1569.0,1600.0,0.0,5816,9247960.0
2016-06-01,1601.0,1630.0,1576.0,1576.0,0.0,5961,9534638.0
2016-05-31,1660.0,1640.0,1580.0,1601.0,0.0,6697,10791842.0
2016-05-30,1670.0,1703.0,1660.0,1660.0,0.0,13129,21964290.0
2016-05-29,1637.0,1795.0,1630.0,1670.0,0.0,22796,38041980.0
2016-05-26,1560.0,1637.0,1529.0,1637.0,0.0,16942,26336046.0
2016-05-25,1620.0,1590.0,1500.0,1560.0,0.0,10965,16900456.0
2016-05-24,1649.0,1681.0,1600.0,1620.0,0.0,10787,17654600.0
2016-05-23,1674.0,1681.0,1600.0,1649.0,0.0,10240,16888256.0
2016-05-22,1551.0,1680.0,1560.0,1674.0,0.0,16335,26324000.0
2016-05-19,1540.0,1600.0,1545.0,1551.0,0.0,10833,16934752.0
2016-05-18,1490.0,1540.0,1490.0,1540.0,0.0,11133,16844192.0
2016-05-17,1490.0,1495.0,1475.0,1490.0,0.0,1879,2794980.0
2016-05-16,1512.0,1505.0,1465.0,1490.0,0.0,4693,6981775.0
2016-05-15,1525.0,1550.0,1490.0,1512.0,0.0,5355,8069140.0
2016-05-12,1523.0,1585.0,1500.0,1525.0,0.0,17997,27897812.0
2016-05-11,1480.0,1525.0,1499.0,1523.0,0.0,13495,20363124.0
2016-05-10,1450.0,1507.0,1460.0,1480.0,0.0,12112,17979300.0
2016-05-09,1400.0,1479.0,1400.0,1450.0,0.0,10457,15048983.0
2016-05-08,1349.0,1400.0,1350.0,1400.0,0.0,7477,10197551.0
2016-05-05,1360.0,1354.0,1340.0,1349.0,0.0,2390,3226470.0
2016-05-04,1360.0,1360.0,1340.0,1360.0,0.0,4852,6574670.0
2016-05-03,1355.0,1380.0,1330.0,1360.0,0.0,2616,3544622.0
2016-05-02,1365.0,1361.0,1338.0,1355.0,0.0,1854,2503657.0
2016-04-28,1360.0,1375.0,1351.0,1365.0,0.0,6766,9236343.0
2016-04-27,1360.0,1385.0,1350.0,1360.0,0.0,4057,5517044.0
2016-04-26,1387.0,1375.0,1360.0,1360.0,0.0,3345,4573590.0
2016-04-25,1360.0,1400.0,1360.0,1387.0,0.0,10378,14303079.0
2016-04-24,1350.0,1360.0,1340.0,1360.0,0.0,3091,4182342.0
2016-04-21,1344.0,1350.0,1314.0,1350.0,0.0,4134,5535804.0
2016-04-20,1350.0,1375.0,1323.0,1344.0,0.0,2584,3450573.0
2016-04-19,1348.0,1383.0,1305.0,1350.0,0.0,11784,15902600.0
2016-04-18,1226.0,1348.0,1250.0,1348.0,0.0,11484,15195168.0
2016-04-17,1235.0,1248.0,1226.0,1226.0,0.0,1546,1909008.0
2016-04-14,1240.0,1240.0,1193.0,1235.0,0.0,1110,1371570.0
2016-04-12,1240.0,1265.0,1237.0,1240.0,0.0,1860,2327230.0
2016-04-11,1230.0,1240.0,1200.0,1240.0,0.0,10515,12633104.0
2016-04-10,1240.0,1235.0,1230.0,1230.0,0.0,1328,1634146.0
2016-04-06,1256.0,1240.0,1240.0,1240.0,0.0,50,62000.0
2016-04-05,1295.0,1280.0,1251.0,1256.0,0.0,1420,1794860.0
2016-04-04,1270.0,1295.0,1235.0,1295.0,0.0,783,989820.0
2016-04-03,1250.0,1270.0,1200.0,1270.0,0.0,3111,3872490.0
2016-03-31,1265.0,1250.0,1250.0,1250.0,0.0,550,687500.0
2016-03-30,1265.0,1285.0,1257.0,1265.0,0.0,2642,3348252.0
2016-03-29,1300.0,1290.0,1226.0,1265.0,0.0,3563,4505883.0
2016-03-28,1245.0,1300.0,1222.0,1300.0,0.0,2065,2573636.0
2016-03-27,1290.0,1265.0,1225.0,1245.0,0.0,5028,6190153.0
2016-03-24,1310.0,1305.0,1284.0,1290.0,0.0,8751,11336543.0
2016-03-23,1315.0,1315.0,1281.0,1310.0,0.0,5810,7566726.0
2016-03-21,1300.0,1337.0,1304.0,1315.0,0.0,9584,12572793.0
2016-03-20,1288.0,1315.0,1270.0,1300.0,0.0,17414,22247756.0
2016-03-17,1271.0,1365.0,1272.0,1288.0,0.0,13663,17850448.0
2016-03-16,1591.0,1663.0,1600.0,1652.0,0.0,36053,59333696.0
2016-03-15,1568.0,1600.0,1536.0,1591.0,0.0,17872,28173782.0
2016-03-14,1597.0,1660.0,1551.0,1568.0,0.0,24392,38471128.0
2016-03-13,1452.0,1597.0,1481.0,1597.0,0.0,51294,81211112.0
2016-03-10,1320.0,1452.0,1346.0,1452.0,0.0,2590,3651920.0
2016-03-06,1200.0,1320.0,1224.0,1320.0,0.0,1246,1642330.0
2016-03-03,1121.0,1200.0,1115.0,1200.0,0.0,13509,15522267.0
2016-03-02,1062.0,1142.0,1070.0,1121.0,0.0,7161,7901802.0
2016-03-01,1066.0,1081.0,1060.0,1062.0,0.0,3498,3733213.0
2016-02-29,1080.0,1080.0,1055.0,1066.0,0.0,4174,4434449.0
2016-02-28,1093.0,1086.0,1072.0,1080.0,0.0,2564,2771122.0
2016-02-25,1070.0,1093.0,1089.0,1093.0,0.0,470,512820.0
2016-02-24,1095.0,1100.0,1070.0,1070.0,0.0,3623,3889286.0
2016-02-23,1100.0,1100.0,1095.0,1095.0,0.0,1714,1880400.0
2016-02-22,1100.0,1120.0,1086.0,1100.0,0.0,5606,6153440.0
2016-02-21,1128.0,1150.0,1100.0,1100.0,0.0,6430,7190200.0
2016-02-18,1149.0,1150.0,1115.0,1128.0,0.0,6645,7579750.0
2016-02-17,1110.0,1149.0,1100.0,1149.0,0.0,2584,2910430.0
2016-02-16,1100.0,1121.0,1085.0,1110.0,0.0,4613,5078093.0
2016-02-15,1112.0,1105.0,1100.0,1100.0,0.0,1894,2086359.0
2016-02-14,1136.0,1137.0,1112.0,1112.0,0.0,481,540146.0
2016-02-11,1128.0,1195.0,1135.0,1136.0,0.0,6061,7006335.0
2016-02-08,1120.0,1139.0,1090.0,1128.0,0.0,8575,9587202.0
2016-02-07,1080.0,1145.0,1095.0,1120.0,0.0,13810,15323314.0
2016-02-04,1015.0,1080.0,1015.0,1080.0,0.0,9688,10158243.0
2016-02-03,1000.0,1030.0,1015.0,1015.0,0.0,6761,6900800.0
2016-02-02,985.0,1020.0,997.0,1000.0,0.0,14506,14534878.0
2016-02-01,975.0,990.0,980.0,985.0,0.0,6354,6249670.0
2016-01-31,987.0,990.0,975.0,975.0,0.0,1745,1719115.0
2016-01-28,990.0,989.0,987.0,987.0,0.0,225,222335.0
2016-01-27,990.0,1000.0,990.0,990.0,0.0,2200,2182700.0
2016-01-26,995.0,1005.0,990.0,990.0,0.0,188,187610.0
2016-01-25,990.0,1010.0,990.0,995.0,0.0,6445,6455720.0
2016-01-24,1000.0,990.0,990.0,990.0,0.0,268,265320.0
2016-01-21,982.0,1061.0,1000.0,1000.0,0.0,5597,5638657.0
2016-01-20,893.0,982.0,910.0,982.0,0.0,50,47300.0
2016-01-14,870.0,904.0,876.0,893.0,0.0,15179,13494380.0
2016-01-13,866.0,910.0,867.0,870.0,0.0,13969,12297645.0
2016-01-12,889.0,880.0,861.0,866.0,0.0,13120,11374427.0
2016-01-11,890.0,890.0,880.0,889.0,0.0,5193,4592183.0
2016-01-10,900.0,913.0,886.0,890.0,0.0,10864,9812297.0
2016-01-07,899.0,918.0,900.0,900.0,0.0,16988,15398827.0
2016-01-06,915.0,918.0,876.0,899.0,0.0,9308,8336133.0
2016-01-05,960.0,978.0,904.0,915.0,0.0,16122,14897328.0
2016-01-04,878.0,965.0,895.0,960.0,0.0,26299,24644628.0
2016-01-03,799.0,878.0,814.0,878.0,0.0,18988,16644584.0
2015-12-31,760.0,802.0,770.0,799.0,0.0,11123,8738368.0
2015-12-29,712.0,760.0,710.0,760.0,0.0,13418,9839045.0
2015-12-28,690.0,712.0,685.0,712.0,0.0,9230,6425483.0
2015-12-27,700.0,710.0,680.0,690.0,0.0,7619,5302559.0
2015-12-24,670.0,714.0,683.0,700.0,0.0,14633,10244183.0
2015-12-23,612.0,670.0,624.0,670.0,0.0,8871,5766172.0
2015-12-22,589.0,612.0,598.0,612.0,0.0,6633,3997194.0
2015-12-21,570.0,590.0,566.0,589.0,0.0,6904,4007583.0
2015-12-20,573.0,576.0,565.0,570.0,0.0,2797,1592239.0
2015-12-17,595.0,597.0,573.0,573.0,0.0,1241,736214.0
2015-12-16,584.0,601.0,590.0,595.0,0.0,4202,2499641.0
2015-12-15,532.0,585.0,542.0,584.0,0.0,815,466157.0
2015-12-14,560.0,549.0,532.0,532.0,0.0,1196,640824.0
2015-12-13,541.0,560.0,540.0,560.0,0.0,2023,1115014.0
2015-12-10,532.0,552.0,541.0,541.0,0.0,1200,654900.0
2015-12-09,502.0,532.0,508.0,532.0,0.0,2072,1069481.0
2015-12-08,480.0,506.0,489.0,502.0,0.0,3073,1542495.0
2015-12-07,474.0,480.0,478.0,480.0,0.0,1022,489956.0
2015-12-06,465.0,474.0,474.0,474.0,0.0,400,189600.0
2015-12-03,455.0,465.0,464.0,465.0,0.0,600,278800.0
2015-12-02,454.0,455.0,450.0,455.0,0.0,909,411760.0
2015-12-01,433.0,454.0,430.0,454.0,0.0,648,284640.0
2015-11-29,450.0,441.0,433.0,433.0,0.0,248,108304.0
2015-11-26,460.0,451.0,444.0,450.0,0.0,3276,1461814.0
2015-11-24,460.0,460.0,456.0,460.0,0.0,581,267008.0
2015-11-23,462.0,460.0,453.0,460.0,0.0,1500,686500.0
2015-11-22,480.0,472.0,462.0,462.0,0.0,1250,583400.0
2015-11-19,485.0,481.0,480.0,480.0,0.0,5218,2504740.0
2015-11-18,486.0,485.0,485.0,485.0,0.0,1000,485000.0
2015-11-16,492.0,490.0,486.0,486.0,0.0,1190,582300.0
2015-11-15,499.0,492.0,492.0,492.0,0.0,260,127920.0
2015-11-10,485.0,499.0,489.0,499.0,0.0,1113,549757.0
2015-11-09,470.0,485.0,472.0,485.0,0.0,684,327655.0
2015-11-08,470.0,475.0,470.0,470.0,0.0,786,370650.0
2015-11-05,475.0,480.0,470.0,470.0,0.0,3036,1438251.0
2015-11-04,472.0,475.0,470.0,475.0,0.0,200,94500.0
2015-11-03,480.0,480.0,472.0,472.0,0.0,445,213240.0
2015-11-02,488.0,482.0,480.0,480.0,0.0,959,460820.0
2015-11-01,470.0,488.0,479.0,488.0,0.0,456,221824.0
2015-10-29,481.0,476.0,470.0,470.0,0.0,2387,1130838.0
2015-10-28,490.0,481.0,481.0,481.0,0.0,200,96200.0
2015-10-27,501.0,500.0,490.0,490.0,0.0,368,181000.0
2015-10-18,509.0,501.0,501.0,501.0,0.0,39,19539.0
2015-10-15,510.0,510.0,504.0,509.0,0.0,1936,981417.0
2015-10-14,526.0,517.0,500.0,510.0,0.0,2986,1517624.0
2015-10-11,557.0,546.0,526.0,526.0,0.0,471,251956.0
2015-10-06,579.0,568.0,557.0,557.0,0.0,89,50002.0
2015-10-05,590.0,579.0,579.0,579.0,0.0,100,57900.0
2015-10-04,600.0,595.0,590.0,590.0,0.0,124,73280.0
2015-09-30,600.0,602.0,600.0,600.0,0.0,667,400934.0
2015-09-29,600.0,600.0,600.0,600.0,0.0,10,6000.0
2015-09-28,612.0,612.0,600.0,600.0,0.0,154,93780.0
2015-09-17,625.0,620.0,612.0,612.0,0.0,793,490448.0
2015-09-16,620.0,625.0,625.0,625.0,0.0,151,94375.0
2015-09-15,609.0,620.0,620.0,620.0,0.0,150,93000.0
2015-09-14,625.0,620.0,609.0,609.0,0.0,237,145224.0
2015-09-13,635.0,635.0,623.0,625.0,0.0,173,108439.0
2015-09-09,657.0,646.0,635.0,635.0,0.0,137,87424.0
2015-09-08,696.0,683.0,657.0,657.0,0.0,268,176635.0
2015-09-03,699.0,696.0,695.0,696.0,0.0,153,106466.0
2015-09-02,700.0,700.0,686.0,699.0,0.0,674,463750.0
2015-09-01,693.0,709.0,700.0,700.0,0.0,3650,2567450.0
2015-08-31,685.0,693.0,672.0,693.0,0.0,2004,1357397.0
2015-08-27,675.0,689.0,675.0,685.0,0.0,1208,826771.0
2015-08-26,701.0,695.0,670.0,675.0,0.0,1462,991955.0
2015-08-25,674.0,701.0,673.0,701.0,0.0,2975,2034651.0
2015-08-24,613.0,674.0,625.0,674.0,0.0,1227,790507.0
2015-08-23,558.0,613.0,551.0,613.0,0.0,8116,4856358.0
2015-08-20,508.0,558.0,518.0,558.0,0.0,1320,711360.0
2015-08-19,463.0,508.0,472.0,508.0,0.0,1024,507628.0
2015-08-18,438.0,463.0,446.0,463.0,0.0,234,106134.0
2015-08-16,438.0,438.0,438.0,438.0,0.0,120,52560.0
2015-08-12,446.0,438.0,438.0,438.0,0.0,34,14892.0
2015-08-09,430.0,446.0,438.0,446.0,0.0,258,113084.0
2015-08-06,430.0,430.0,430.0,430.0,0.0,300,129000.0
2015-08-04,428.0,430.0,430.0,430.0,0.0,600,258000.0
2015-08-03,420.0,428.0,425.0,428.0,0.0,554,236221.0
2015-08-02,425.0,420.0,420.0,420.0,0.0,48,20160.0
2015-07-30,425.0,433.0,425.0,425.0,0.0,415,177975.0
2015-07-29,424.0,425.0,425.0,425.0,0.0,288,122400.0
2015-07-23,440.0,432.0,424.0,424.0,0.0,58,24864.0
2015-07-22,450.0,441.0,440.0,440.0,0.0,302,133082.0
2015-07-09,450.0,450.0,450.0,450.0,0.0,24,10800.0
2015-07-05,446.0,451.0,449.0,450.0,0.0,532,239412.0
2015-07-02,438.0,446.0,446.0,446.0,0.0,30,13380.0
2015-07-01,503.0,502.0,492.0,499.0,0.0,556,275466.0
2015-06-30,505.0,505.0,492.0,503.0,0.0,781,388338.0
2015-06-29,465.0,505.0,465.0,505.0,0.0,275,132541.0
2015-06-28,465.0,483.0,465.0,465.0,0.0,257,120306.0
2015-06-25,495.0,486.0,448.0,465.0,0.0,1475,682947.0
2015-06-24,505.0,495.0,495.0,495.0,0.0,94,46530.0
2015-06-23,515.0,505.0,505.0,505.0,0.0,10,5050.0
2015-06-21,535.0,525.0,515.0,515.0,0.0,45,23275.0
2015-04-23,540.0,540.0,525.0,535.0,0.0,576,307615.0
2015-04-22,530.0,540.0,535.0,540.0,0.0,363,194477.0
2015-04-21,515.0,530.0,525.0,530.0,0.0,364,191630.0
2015-04-20,505.0,515.0,506.0,515.0,0.0,1001,511156.0
2015-04-19,495.0,510.0,500.0,505.0,0.0,1037,524065.0
2015-04-16,489.0,495.0,495.0,495.0,0.0,50,24750.0
2015-04-13,471.0,489.0,480.0,489.0,0.0,40,19470.0
2015-04-12,460.0,471.0,462.0,471.0,0.0,78,36477.0
2015-04-08,451.0,460.0,460.0,460.0,0.0,81,37260.0
2015-04-07,455.0,451.0,451.0,451.0,0.0,381,171831.0
2015-04-06,455.0,455.0,455.0,455.0,0.0,78,35490.0
2015-04-05,464.0,455.0,455.0,455.0,0.0,129,58695.0
2015-04-02,463.0,464.0,464.0,464.0,0.0,24,11136.0
2015-04-01,481.0,477.0,463.0,463.0,0.0,888,416644.0
2015-03-31,472.0,481.0,481.0,481.0,0.0,50,24050.0
2015-03-30,515.0,512.0,472.0,472.0,0.0,994,489992.0
2015-03-25,524.0,515.0,515.0,515.0,0.0,50,25750.0
2015-03-24,540.0,532.0,524.0,524.0,0.0,74,38968.0
2015-03-23,565.0,557.0,535.0,540.0,0.0,512,279127.0
2015-03-22,604.0,592.0,565.0,565.0,0.0,951,551824.0
2015-03-19,628.0,616.0,604.0,604.0,0.0,170,102950.0
2015-03-16,640.0,628.0,628.0,628.0,0.0,100,62800.0
2015-03-15,641.0,640.0,640.0,640.0,0.0,216,138240.0
2015-03-12,654.0,645.0,641.0,641.0,0.0,420,269700.0
2015-03-11,641.0,675.0,645.0,654.0,0.0,1922,1264914.0
2015-03-10,583.0,641.0,594.0,641.0,0.0,3713,2376431.0
2015-03-09,1123.0,1162.0,1100.0,1139.0,0.0,9096,10330510.0
2015-03-04,1021.0,1123.0,1040.0,1123.0,0.0,5577,6108845.0
2015-03-03,994.0,1025.0,1001.0,1021.0,0.0,3223,3282472.0
2015-03-01,990.0,995.0,992.0,994.0,0.0,1170,1162626.0
2015-02-26,980.0,990.0,990.0,990.0,0.0,200,198000.0
2015-02-25,989.0,985.0,980.0,980.0,0.0,220,216209.0
2015-02-24,990.0,989.0,971.0,989.0,0.0,1106,1078346.0
2015-02-23,1009.0,990.0,989.0,990.0,0.0,364,360180.0
2015-02-22,1015.0,1012.0,1000.0,1009.0,0.0,750,755253.0
2015-02-18,998.0,1017.0,1001.0,1015.0,0.0,325,329355.0
2015-02-16,975.0,1009.0,975.0,998.0,0.0,2760,2748480.0
2015-02-15,980.0,975.0,951.0,975.0,0.0,1804,1728010.0
2015-02-12,980.0,999.0,980.0,980.0,0.0,1059,1040259.0
2015-02-11,997.0,985.0,980.0,980.0,0.0,551,540980.0
2015-02-10,994.0,1000.0,985.0,997.0,0.0,224,222646.0
2015-02-09,970.0,994.0,985.0,994.0,0.0,1156,1143923.0
2015-02-08,942.0,970.0,942.0,970.0,0.0,1312,1251681.0
2015-02-05,931.0,942.0,930.0,942.0,0.0,126,118158.0
2015-02-04,950.0,931.0,931.0,931.0,0.0,39,36309.0
2015-02-03,951.0,955.0,950.0,950.0,0.0,379,361660.0
2015-02-02,970.0,951.0,951.0,951.0,0.0,39,37089.0
2015-02-01,969.0,970.0,970.0,970.0,0.0,49,47530.0
2015-01-27,961.0,969.0,950.0,969.0,0.0,420,401629.0
2015-01-26,965.0,961.0,960.0,961.0,0.0,117,112359.0
2015-01-25,970.0,970.0,965.0,965.0,0.0,227,219985.0
2015-01-22,1025.0,1005.0,960.0,970.0,0.0,346,335325.0
2015-01-20,940.0,1025.0,940.0,1025.0,0.0,1095,1065078.0
2015-01-19,960.0,941.0,930.0,940.0,0.0,6487,6065396.0
2015-01-14,951.0,960.0,950.0,960.0,0.0,500,475500.0
2015-01-13,954.0,951.0,950.0,951.0,0.0,542,514926.0
2015-01-12,956.0,958.0,940.0,954.0,0.0,801,756996.0
2015-01-11,900.0,988.0,914.0,956.0,0.0,1279,1218886.0
2015-01-08,862.0,900.0,875.0,900.0,0.0,289,258897.0
2015-01-07,882.0,885.0,830.0,862.0,0.0,11532,9580075.0
2015-01-06,885.0,900.0,882.0,882.0,0.0,898,801933.0
2015-01-05,878.0,910.0,875.0,885.0,0.0,994,889650.0
2015-01-04,845.0,878.0,861.0,878.0,0.0,78,67821.0
2015-01-01,816.0,845.0,832.0,845.0,0.0,170,142751.0
2014-12-31,790.0,816.0,790.0,816.0,0.0,1197,954246.0
2014-12-28,781.0,790.0,785.0,790.0,0.0,541,426025.0
2014-12-23,806.0,806.0,781.0,781.0,0.0,162,128043.0
2014-12-22,808.0,806.0,800.0,806.0,0.0,148,118730.0
2014-12-21,805.0,808.0,808.0,808.0,0.0,240,193920.0
2014-12-18,803.0,805.0,805.0,805.0,0.0,78,62790.0
2014-12-17,850.0,835.0,803.0,803.0,0.0,126,103194.0
2014-12-14,831.0,850.0,847.0,850.0,0.0,289,245126.0
2014-12-11,815.0,831.0,815.0,831.0,0.0,561,461055.0
2014-12-09,810.0,815.0,810.0,815.0,0.0,578,470875.0
2014-12-08,825.0,815.0,810.0,810.0,0.0,89,72285.0
2014-12-07,820.0,835.0,825.0,825.0,0.0,1011,838162.0
2014-12-04,815.0,826.0,820.0,820.0,0.0,622,510724.0
2014-12-03,809.0,822.0,812.0,815.0,0.0,477,390893.0
2014-12-02,800.0,809.0,785.0,809.0,0.0,253,199683.0
2014-12-01,800.0,816.0,800.0,800.0,0.0,248,198560.0
2014-11-30,822.0,810.0,800.0,800.0,0.0,185,149500.0
2014-11-24,800.0,822.0,791.0,822.0,0.0,5121,4051966.0
2014-11-23,785.0,800.0,800.0,800.0,0.0,129,103200.0
2014-11-19,785.0,790.0,785.0,785.0,0.0,16494,12948935.0
2014-11-18,770.0,816.0,785.0,785.0,0.0,1173,930225.0
2014-11-17,780.0,770.0,770.0,770.0,0.0,153,117810.0
2014-11-16,780.0,780.0,780.0,780.0,0.0,245,191100.0
2014-11-13,781.0,780.0,766.0,780.0,0.0,97,74988.0
2014-11-12,795.0,795.0,780.0,781.0,0.0,354,280182.0
2014-11-11,813.0,800.0,795.0,795.0,0.0,64,51070.0
2014-11-10,826.0,813.0,810.0,813.0,0.0,166,134785.0
2014-11-09,842.0,826.0,826.0,826.0,0.0,59,48734.0
2014-11-06,810.0,842.0,810.0,842.0,0.0,62,50700.0
2014-11-05,826.0,812.0,810.0,810.0,0.0,97,78682.0
2014-11-04,850.0,835.0,826.0,826.0,0.0,346,286347.0
2014-11-03,865.0,850.0,850.0,850.0,0.0,68,57800.0
2014-10-30,882.0,865.0,865.0,865.0,0.0,78,67470.0
2014-10-27,865.0,882.0,880.0,882.0,0.0,63,55518.0
2014-10-26,870.0,865.0,865.0,865.0,0.0,72,62280.0
2014-10-21,848.0,870.0,864.0,870.0,0.0,124,107434.0
2014-10-20,878.0,875.0,848.0,848.0,0.0,144,124206.0
2014-10-19,826.0,878.0,842.0,878.0,0.0,631,546528.0
2014-10-16,780.0,826.0,795.0,826.0,0.0,39,31541.0
2014-10-15,770.0,785.0,780.0,780.0,0.0,277,217370.0
2014-10-14,775.0,770.0,770.0,770.0,0.0,114,87780.0
2014-10-09,760.0,775.0,750.0,775.0,0.0,1073,815019.0
2014-10-08,775.0,760.0,760.0,760.0,0.0,117,88920.0
2014-09-29,780.0,785.0,775.0,775.0,0.0,127,99595.0
2014-09-28,756.0,780.0,771.0,780.0,0.0,74,57270.0
2014-09-24,727.0,756.0,735.0,756.0,0.0,171,126742.0
2014-09-23,717.0,727.0,726.0,727.0,0.0,78,56676.0
2014-09-22,690.0,717.0,703.0,717.0,0.0,894,628776.0
2014-09-18,660.0,690.0,673.0,690.0,0.0,303,207588.0
2014-09-17,670.0,660.0,660.0,660.0,0.0,6275,4141500.0
2014-09-16,683.0,670.0,670.0,670.0,0.0,13644,9141480.0
2014-09-15,670.0,683.0,657.0,683.0,0.0,118,78613.0
2014-09-14,686.0,680.0,670.0,670.0,0.0,54,36330.0
2014-09-11,700.0,687.0,686.0,686.0,0.0,415,285081.0
2014-09-10,700.0,701.0,700.0,700.0,0.0,246,172387.0
2014-09-09,710.0,715.0,700.0,700.0,0.0,313,222850.0
2014-09-07,720.0,720.0,710.0,710.0,0.0,237,169440.0
2014-09-04,725.0,739.0,720.0,720.0,0.0,510,372864.0
2014-09-03,736.0,726.0,722.0,725.0,0.0,1222,883847.0
2014-09-01,750.0,751.0,736.0,736.0,0.0,186,138468.0
2014-08-31,785.0,770.0,740.0,750.0,0.0,419,317154.0
2014-08-28,790.0,800.0,784.0,785.0,0.0,1670,1318686.0
2014-08-27,827.0,825.0,790.0,790.0,0.0,713,567515.0
2014-08-26,860.0,843.0,827.0,827.0,0.0,60,50244.0
2014-08-21,875.0,860.0,860.0,860.0,0.0,13,11180.0
2014-08-20,885.0,885.0,875.0,875.0,0.0,434,382245.0
2014-08-19,867.0,885.0,875.0,885.0,0.0,1095,962297.0
2014-08-18,845.0,867.0,850.0,867.0,0.0,401,342830.0
2014-08-14,826.0,845.0,842.0,845.0,0.0,34,28658.0
2014-08-13,821.0,826.0,825.0,826.0,0.0,81,66849.0
2014-08-12,826.0,821.0,820.0,821.0,0.0,109,89419.0
2014-08-07,829.0,840.0,825.0,826.0,0.0,172,143191.0
2014-08-06,860.0,860.0,829.0,829.0,0.0,101,85366.0
2014-08-05,840.0,860.0,850.0,860.0,0.0,493,420332.0
2014-08-04,845.0,850.0,840.0,840.0,0.0,441,372812.0
2014-08-03,861.0,878.0,840.0,845.0,0.0,2421,2059269.0
2014-07-31,833.0,878.0,840.0,861.0,0.0,1171,1002043.0
2014-07-30,889.0,880.0,833.0,833.0,0.0,1453,1231251.0
2014-07-28,900.0,889.0,870.0,889.0,0.0,965,847180.0
2014-07-27,958.0,939.0,889.0,900.0,0.0,1038,940224.0
2014-07-24,969.0,958.0,922.0,958.0,0.0,682,643474.0
2014-07-23,950.0,969.0,950.0,969.0,0.0,353,337590.0
2014-07-22,994.0,998.0,950.0,950.0,0.0,1873,1834913.0
2014-07-21,1030.0,1030.0,979.0,994.0,0.0,2952,2903998.0
2014-07-20,981.0,1030.0,980.0,1030.0,0.0,1093,1096810.0
2014-07-17,892.0,981.0,909.0,981.0,0.0,4539,4402353.0
2014-07-16,811.0,892.0,827.0,892.0,0.0,273,237623.0
2014-07-15,738.0,811.0,752.0,811.0,0.0,199,159236.0
2014-07-14,671.0,738.0,684.0,738.0,0.0,103,72471.0
2014-07-13,610.0,671.0,622.0,671.0,0.0,64,41018.0
2014-07-10,588.0,610.0,599.0,610.0,0.0,20,12090.0
2014-07-09,545.0,588.0,555.0,588.0,0.0,598,334794.0
2014-07-07,535.0,545.0,545.0,545.0,0.0,10,5450.0
2014-07-06,515.0,535.0,525.0,535.0,0.0,20,10600.0
2014-07-03,469.0,515.0,478.0,515.0,0.0,240,115630.0
2014-07-02,427.0,469.0,435.0,469.0,0.0,50,22580.0
2014-06-26,419.0,427.0,427.0,427.0,0.0,10,4270.0
2014-06-25,396.0,419.0,403.0,419.0,0.0,117,48319.0
2014-06-24,382.0,396.0,389.0,396.0,0.0,20,7850.0
2014-06-23,354.0,382.0,361.0,382.0,0.0,176,66812.0
2014-06-19,342.0,354.0,348.0,354.0,0.0,36,12588.0
2014-06-18,336.0,342.0,342.0,342.0,0.0,10,3420.0
2014-06-17,324.0,336.0,330.0,336.0,0.0,68,22644.0
2014-06-16,306.0,324.0,312.0,324.0,0.0,30,9540.0
2014-06-15,300.0,306.0,306.0,306.0,0.0,10,3060.0
2014-06-12,295.0,300.0,300.0,300.0,0.0,48,14400.0
2014-06-11,275.0,295.0,280.0,295.0,0.0,40,11500.0
2014-06-08,270.0,275.0,275.0,275.0,0.0,24,6600.0
2014-05-25,265.0,270.0,270.0,270.0,0.0,500,135000.0
2014-05-08,250.0,255.0,255.0,255.0,0.0,39,9945.0
2014-05-04,246.0,250.0,250.0,250.0,0.0,14,3500.0
2013-12-01,246.0,246.0,242.0,246.0,0.0,168,41056.0
2013-11-28,226.0,246.0,230.0,246.0,0.0,89,20870.0
2013-11-27,206.0,226.0,210.0,226.0,0.0,118,26268.0
2013-11-25,199.0,206.0,202.0,206.0,0.0,619,127358.0
2013-11-24,193.0,199.0,196.0,199.0,0.0,2034,398766.0
2013-11-14,176.0,193.0,179.0,193.0,0.0,402,75030.0
2013-10-31,175.0,176.0,176.0,176.0,0.0,39,6864.0
2013-10-29,175.0,175.0,175.0,175.0,0.0,273,47775.0
2013-10-28,178.0,175.0,175.0,175.0,0.0,30,5250.0
2013-10-24,175.0,178.0,175.0,178.0,0.0,73,12892.0
2013-10-23,177.0,175.0,174.0,175.0,0.0,48,8376.0
2013-10-22,171.0,177.0,174.0,177.0,0.0,44,7686.0
2013-10-21,174.0,171.0,171.0,171.0,0.0,374,63954.0
2013-10-10,171.0,174.0,174.0,174.0,0.0,10,1740.0
2013-10-08,174.0,171.0,171.0,171.0,0.0,39,6669.0
2013-10-07,177.0,174.0,174.0,174.0,0.0,48,8352.0
2013-10-03,182.0,180.0,177.0,177.0,0.0,50,8883.0
2013-10-01,182.0,182.0,179.0,182.0,0.0,82,14780.0
2013-09-30,185.0,182.0,182.0,182.0,0.0,79,14378.0
2013-09-26,188.0,185.0,185.0,185.0,0.0,230,42550.0
2013-09-25,191.0,188.0,188.0,188.0,0.0,100,18800.0
2013-09-22,194.0,191.0,191.0,191.0,0.0,34,6494.0
2013-09-19,200.0,200.0,194.0,194.0,0.0,222,43640.0
2013-09-17,198.0,200.0,199.0,200.0,0.0,144,28700.0
2013-09-16,192.0,198.0,195.0,198.0,0.0,79,15504.0
2013-09-11,190.0,192.0,189.0,192.0,0.0,582,110376.0
2013-09-10,193.0,190.0,190.0,190.0,0.0,48,9120.0
2013-09-08,196.0,193.0,193.0,193.0,0.0,21,4053.0
2013-09-05,214.0,210.0,195.0,196.0,0.0,657,134449.0
2013-09-04,199.0,218.0,202.0,214.0,0.0,2443,524356.0
2013-09-03,184.0,199.0,187.0,199.0,0.0,240,45750.0
2013-09-02,181.0,184.0,184.0,184.0,0.0,10,1840.0
2013-09-01,166.0,181.0,169.0,181.0,0.0,90,15630.0
2013-08-29,151.0,166.0,154.0,166.0,0.0,140,22130.0
2013-08-27,139.0,151.0,141.0,151.0,0.0,693,102297.0
2013-08-25,141.0,139.0,139.0,139.0,0.0,1334,185426.0
2013-08-20,137.0,141.0,139.0,141.0,0.0,68,9520.0
2013-08-15,134.0,137.0,136.0,137.0,0.0,48,6552.0
2013-08-13,132.0,134.0,134.0,134.0,0.0,39,5226.0
2013-08-11,130.0,132.0,132.0,132.0,0.0,10,1320.0
2013-08-05,128.0,130.0,130.0,130.0,0.0,29,3770.0
2013-08-04,126.0,128.0,128.0,128.0,0.0,340,43520.0
2013-07-30,124.0,126.0,126.0,126.0,0.0,34,4284.0
2013-07-03,147.0,126.0,124.0,124.0,0.0,76,9508.0
2013-06-05,146.0,147.0,145.0,147.0,0.0,87,12741.0
2013-06-04,144.0,146.0,144.0,146.0,0.0,163,23672.0
2013-06-03,142.0,144.0,144.0,144.0,0.0,34,4896.0
2013-06-02,140.0,142.0,142.0,142.0,0.0,34,4828.0
2013-05-30,138.0,140.0,140.0,140.0,0.0,400,56000.0
2013-05-28,140.0,138.0,138.0,138.0,0.0,63,8694.0
2013-05-21,142.0,140.0,140.0,140.0,0.0,123,17220.0
2013-05-13,146.0,144.0,142.0,142.0,0.0,68,9724.0
2013-05-09,146.0,146.0,146.0,146.0,0.0,21,3066.0
2013-03-20,144.0,146.0,146.0,146.0,0.0,76,11096.0
2013-03-19,151.0,148.0,144.0,144.0,0.0,1500,219000.0
2013-03-18,163.0,160.0,151.0,151.0,0.0,510,78226.0
2013-03-14,165.0,163.0,160.0,163.0,0.0,446,72122.0
2013-02-24,164.0,165.0,165.0,165.0,0.0,21,3465.0
2012-12-19,164.0,164.0,164.0,164.0,0.0,2062,338168.0
2012-12-13,167.0,164.0,164.0,164.0,0.0,4000,656000.0
2012-12-09,167.0,167.0,167.0,167.0,0.0,5000,835000.0
2012-12-06,170.0,167.0,167.0,167.0,0.0,5000,835000.0
2012-11-28,173.0,170.0,170.0,170.0,0.0,5000,850000.0
2012-11-26,170.0,173.0,173.0,173.0,0.0,68,11764.0
2012-11-22,167.0,170.0,170.0,170.0,0.0,34,5780.0
2012-11-07,170.0,167.0,167.0,167.0,0.0,42,7014.0
2012-11-06,163.0,172.0,166.0,170.0,0.0,186,31544.0
2012-11-05,163.0,163.0,160.0,163.0,0.0,134,21542.0
2012-10-17,163.0,163.0,163.0,163.0,0.0,200,32600.0
2012-10-15,149.0,163.0,151.0,163.0,0.0,1316,212292.0
2012-10-14,147.0,149.0,149.0,149.0,0.0,34,5066.0
2012-10-11,149.0,147.0,147.0,147.0,0.0,68,9996.0
2012-10-04,149.0,149.0,149.0,149.0,0.0,34,5066.0
2012-10-02,147.0,149.0,149.0,149.0,0.0,68,10132.0
2012-10-01,145.0,147.0,147.0,147.0,0.0,58,8526.0
2012-10-01,145.0,147.0,147.0,147.0,0.0,58,8526.0
2012-09-25,143.0,145.0,144.0,145.0,0.0,189,27316.0
2012-09-13,143.0,145.0,143.0,143.0,0.0,16309,2332255.0
2012-09-12,144.0,145.0,143.0,143.0,0.0,268,38542.0
2012-09-11,146.0,144.0,144.0,144.0,0.0,68,9792.0
2012-09-10,142.0,146.0,144.0,146.0,0.0,50,7240.0
2012-09-09,145.0,143.0,142.0,142.0,0.0,68,9690.0
2012-09-04,143.0,145.0,145.0,145.0,0.0,34,4930.0
2012-09-03,142.0,143.0,140.0,143.0,0.0,847,118924.0
2012-09-02,144.0,142.0,142.0,142.0,0.0,68,9656.0
2012-08-30,144.0,144.0,142.0,144.0,0.0,2740,389290.0
2012-08-29,144.0,144.0,142.0,144.0,0.0,3532,502224.0
2012-08-28,138.0,144.0,140.0,144.0,0.0,209,29518.0
2012-08-27,138.0,138.0,138.0,138.0,0.0,238,32844.0
2012-08-26,139.0,138.0,138.0,138.0,0.0,40,5520.0
2012-08-23,137.0,139.0,139.0,139.0,0.0,100,13900.0
2012-08-22,138.0,137.0,137.0,137.0,0.0,34,4658.0
2012-08-21,138.0,138.0,138.0,138.0,0.0,68,9384.0
2012-06-14,140.0,138.0,138.0,138.0,0.0,624,86112.0
2012-06-10,139.0,140.0,140.0,140.0,0.0,136,19040.0
2012-04-03,137.0,139.0,139.0,139.0,0.0,50,6950.0
2012-04-01,129.0,137.0,129.0,137.0,0.0,580,76640.0
2012-03-29,127.0,129.0,125.0,129.0,0.0,612,77190.0
2012-03-04,129.0,127.0,127.0,127.0,0.0,100,12700.0
2012-03-01,131.0,129.0,129.0,129.0,0.0,34,4386.0
2012-02-07,133.0,131.0,131.0,131.0,0.0,34,4454.0
2012-01-04,135.0,133.0,133.0,133.0,0.0,68,9044.0
2011-12-05,125.0,135.0,127.0,135.0,0.0,5302,715370.0
2011-12-04,127.0,125.0,125.0,125.0,0.0,5000,625000.0
2011-12-01,127.0,127.0,125.0,127.0,0.0,74,9302.0
2011-11-15,127.0,127.0,127.0,127.0,0.0,374,47498.0
2011-11-14,127.0,127.0,127.0,127.0,0.0,34,4318.0
2011-10-12,129.0,127.0,127.0,127.0,0.0,34,4318.0
2011-10-02,127.0,129.0,127.0,129.0,0.0,88,11312.0
2011-09-21,127.0,127.0,127.0,127.0,0.0,68,8636.0
2011-09-18,129.0,127.0,127.0,127.0,0.0,21,2667.0
2011-09-15,131.0,129.0,129.0,129.0,0.0,34,4386.0
2011-09-08,131.0,131.0,131.0,131.0,0.0,10,1310.0
2011-08-24,133.0,131.0,131.0,131.0,0.0,146,19126.0
2011-08-17,135.0,133.0,133.0,133.0,0.0,10,1330.0
2011-08-16,137.0,135.0,135.0,135.0,0.0,34,4590.0
2011-08-15,141.0,139.0,137.0,137.0,0.0,30,4150.0
2011-08-11,147.0,145.0,141.0,141.0,0.0,50,7150.0
2011-07-28,154.0,147.0,147.0,147.0,0.0,10,1470.0
2011-05-12,157.0,154.0,154.0,154.0,0.0,34,5236.0
2011-04-18,154.0,157.0,157.0,157.0,0.0,102,16014.0
2011-04-11,157.0,154.0,154.0,154.0,0.0,21,3234.0
2011-04-10,160.0,157.0,157.0,157.0,0.0,68,10676.0
