date,open,high,low,ltp,percent_change,qty,turnover
2022-12-29,185.0,190.0,184.0,189.0,0.91,91550,17154526.8
2022-12-28,192.0,192.5,185.0,187.3,-1.42,89490,16742160.0
2022-12-27,187.1,192.0,183.0,190.0,2.98,155822,29318188.0
2022-12-26,179.2,184.5,178.1,184.5,4.41,69465,12601205.8
2022-12-22,180.0,181.0,175.7,176.7,-1.01,62181,10995561.3
2022-12-21,179.0,181.0,177.7,178.5,-0.28,22534,4038393.3
2022-12-20,179.0,181.0,177.3,179.0,-0.5,16289,2925126.3
2022-12-19,179.0,181.5,176.1,179.9,0.5,19078,3388399.0
2022-12-18,179.7,180.0,177.0,179.0,-0.39,35335,6292895.5
2022-12-15,181.0,181.8,179.1,179.7,-1.16,27980,5032106.3
2022-12-14,183.5,183.5,181.2,181.8,-0.93,13780,2514003.1
2022-12-13,180.0,185.3,180.0,183.5,0.94,43930,8012501.0
2022-12-12,177.0,182.1,177.0,181.8,1.0,109996,19656203.7
2022-12-11,184.4,185.1,177.9,180.0,-0.99,43497,7803777.5
2022-12-07,181.1,183.4,181.0,181.8,-0.55,42276,7690997.5
2022-12-06,182.0,185.0,181.0,182.8,-1.46,49383,8980171.0
2022-12-05,185.0,186.0,182.0,185.5,-0.22,40870,7515004.3
2022-12-04,181.2,186.6,181.1,185.9,1.58,48613,8983400.7
2022-12-01,186.0,186.0,182.2,183.0,-1.61,51336,9470076.9
2022-11-30,187.0,187.4,184.0,186.0,-0.53,41127,7606265.9
2022-11-29,181.5,192.5,181.5,187.0,1.63,135659,25225791.7
2022-09-25,190.0,190.0,182.5,184.0,-3.16,43081,7915454.7
2022-09-22,186.9,190.0,182.5,190.0,2.43,70925,13118889.5
2022-09-21,187.0,187.0,183.0,185.5,0.0,59527,10981418.1
2022-09-20,189.0,189.0,184.1,185.5,-1.85,78764,14594897.6
2022-09-18,191.1,193.6,187.5,189.0,-1.87,60132,11379498.5
2022-09-16,194.0,194.0,190.1,192.6,-1.73,31550,6059672.0
2022-09-15,200.0,200.5,193.0,196.0,-1.66,68699,13362931.8
2022-09-14,194.1,199.5,194.1,199.3,2.21,44218,8720307.7
2022-09-13,195.0,196.9,193.6,195.0,0.41,61771,12048516.7
2022-09-12,198.0,198.8,194.0,194.2,-0.97,50310,9804021.8
2022-09-11,198.7,200.0,196.0,196.1,-0.46,28323,5607186.7
2022-09-08,197.0,198.5,196.0,197.0,-0.4,31796,6249618.9
2022-09-07,198.1,199.0,197.0,197.8,-1.05,31501,6230952.5
2022-09-06,200.0,202.0,198.0,199.9,-1.04,54438,10831260.5
2022-09-05,202.0,202.0,199.0,202.0,1.0,50701,10128366.7
2022-09-04,200.0,203.0,199.3,200.0,-1.48,52310,10509320.6
2022-09-02,198.0,204.0,198.0,203.0,0.5,33849,6827250.9
2022-09-01,200.0,203.0,200.0,202.0,0.25,46184,9291884.5
2022-08-31,204.0,204.6,200.8,201.5,-0.74,51150,10318046.6
2022-08-30,203.4,205.9,201.3,203.0,0.0,92411,18755747.7
2022-08-29,203.2,205.0,202.6,203.0,-1.41,110322,22428685.4
2022-08-28,211.0,211.0,202.7,205.9,-0.53,114378,23336446.5
2022-08-26,205.8,207.0,205.2,207.0,-0.43,44780,9225291.9
2022-08-25,206.0,210.1,206.0,207.9,-0.62,43899,9130793.5
2022-08-24,206.0,212.0,206.0,209.2,-0.24,95410,19975843.7
2022-08-23,205.0,212.0,205.0,209.7,0.43,55188,11501142.8
2022-08-22,206.5,208.8,206.0,208.8,0.14,28980,5997795.3
2022-08-21,210.0,211.0,207.1,208.5,-0.05,52702,10982954.0
2022-08-18,208.0,209.0,206.5,208.6,0.29,72366,15037071.3
2022-08-17,206.1,208.9,206.1,208.0,0.0,40180,8328197.5
2022-08-16,209.0,211.0,207.5,208.0,0.0,53496,11177192.4
2022-08-15,205.0,209.4,205.0,208.0,0.53,228061,47420282.8
2022-08-14,205.0,208.8,203.2,206.9,0.05,42557,8755257.0
2022-08-11,210.0,210.8,206.0,206.8,-0.58,115030,23916133.1
2022-08-10,208.0,211.1,205.1,208.0,0.48,134718,28061027.4
2022-08-09,208.0,210.6,206.0,207.0,-0.96,226134,46821305.7
2022-08-08,209.0,214.2,207.5,209.0,0.34,207774,43712092.1
2022-08-07,203.4,211.0,203.4,208.3,0.39,196348,40817540.2
2022-08-05,206.8,212.9,206.0,207.5,-1.19,83642,17375519.9
2022-08-04,210.0,215.0,209.3,210.0,-1.13,174613,36979839.7
2022-08-03,212.0,217.7,212.0,212.4,-1.58,212374,45389639.4
2022-08-02,214.0,216.0,211.7,215.8,-0.09,121385,25955177.0
2022-08-01,218.0,220.0,214.0,216.0,0.0,212469,45911920.3
2022-07-31,205.2,216.9,205.2,216.0,4.25,332867,70559613.4
2022-07-29,208.0,208.9,205.0,207.2,-0.38,96788,20033044.0
2022-07-28,207.1,213.0,204.2,208.0,-1.42,216213,44909463.1
2022-07-27,207.0,211.0,206.0,211.0,0.48,83965,17465815.3
2022-07-26,220.0,220.0,207.7,210.0,-2.78,203813,42815120.2
2022-07-25,214.0,218.0,211.0,216.0,2.37,201349,43170176.9
2022-07-24,207.0,213.0,205.0,211.0,1.93,153615,32187767.2
2022-07-22,209.9,210.0,204.0,207.0,-1.43,88143,18126106.4
2022-07-21,205.1,210.9,205.1,210.0,0.96,43406,9067808.8
2022-07-20,208.0,210.0,205.9,208.0,0.58,38920,8078460.4
2022-07-19,208.0,212.0,204.3,206.8,-0.58,147360,30849890.0
2022-07-18,205.0,209.0,205.0,208.0,-0.48,25012,5170823.5
2022-07-17,208.0,212.0,205.0,209.0,-0.9,54467,11337436.0
2022-07-15,205.0,213.0,202.0,210.9,4.05,50356,10363860.9
2022-07-14,202.1,206.0,201.0,202.7,-1.12,56598,11501998.8
2022-07-13,203.0,205.0,198.1,205.0,1.99,67602,13687575.5
2022-07-12,204.0,204.0,197.9,201.0,-0.5,80134,16006305.9
2022-07-11,205.1,205.1,200.0,202.0,-3.3,95185,19227016.5
2022-07-08,209.0,210.0,206.0,208.9,-0.05,50898,10524687.4
2022-07-07,211.0,213.0,207.3,209.0,-0.19,55962,11670151.6
2022-07-06,209.0,211.0,206.0,209.4,0.24,89933,18660695.2
2022-07-05,206.2,211.5,206.2,208.9,-0.05,111511,23277796.3
2022-07-04,215.8,218.5,205.8,209.0,-2.29,213905,45715144.6
2022-07-03,209.8,217.9,209.7,213.9,0.0,66558,14175618.3
2022-07-01,216.4,216.5,211.0,213.9,-0.14,37836,8066034.1
2022-06-30,211.0,216.2,210.0,214.2,1.52,72384,15447712.0
2022-06-29,208.5,211.8,206.9,211.0,1.74,100259,20890287.0
2022-06-28,207.0,209.9,206.2,207.4,-1.19,34772,7206151.9
2022-06-27,210.0,213.0,207.0,209.9,-0.47,102957,21552455.2
2022-06-26,210.1,212.9,205.0,210.9,2.38,176627,36887269.9
2022-06-24,202.1,208.0,200.0,206.0,0.1,65274,13338314.2
2022-06-23,213.9,213.9,200.9,205.8,-2.88,156393,31959651.4
2022-06-22,215.0,216.5,211.0,211.9,-2.35,119690,25477691.5
2022-06-21,213.0,219.0,213.0,217.0,1.4,142300,30825038.8
2022-06-20,222.3,222.3,210.0,214.0,-1.83,158187,33738820.7
2022-06-19,224.0,224.5,216.0,218.0,-1.76,257993,56463885.8
2022-06-17,225.0,225.0,218.7,221.9,-0.45,184970,40923064.6
2022-06-16,211.0,227.0,211.0,222.9,6.65,469983,103504715.3
2022-06-15,211.0,211.0,204.0,209.0,0.0,93220,19282698.1
2022-06-14,208.0,214.0,205.0,209.0,1.16,181907,37977114.8
2022-06-13,208.0,209.0,205.0,206.6,-1.62,41019,8465842.8
2022-06-10,208.0,211.0,205.0,210.0,-0.9,9989,2071891.5
2022-06-09,213.5,215.0,208.0,211.9,-0.52,38046,8012853.9
2022-06-08,202.0,213.0,202.0,213.0,4.93,46917,9772752.1
2022-06-07,208.0,208.0,202.0,203.0,-3.33,81548,16626652.1
2022-06-06,212.0,214.0,207.2,210.0,-2.33,90080,18906005.9
2022-06-03,213.5,215.0,212.5,215.0,-0.69,17241,3683143.3
2022-06-02,220.5,220.6,212.7,216.5,-1.14,94954,20342712.6
2022-06-01,220.9,220.9,214.8,219.0,0.0,38654,8352609.1
2022-05-31,219.3,223.0,215.6,219.0,-1.79,64280,13995249.0
2022-05-30,223.0,227.0,219.0,223.0,-1.33,67470,14894368.5
2022-05-27,233.0,233.0,223.0,226.0,-2.16,34497,7769764.0
2022-05-26,220.2,231.0,220.2,231.0,2.9,38750,8751996.6
2022-05-25,224.0,225.0,219.0,224.5,0.72,21916,4843007.5
2022-05-24,220.0,224.0,218.0,222.9,1.04,33861,7487840.8
2022-05-23,222.0,223.0,218.0,220.6,-0.63,31846,7007093.4
2022-05-20,220.0,224.8,220.0,222.0,-0.45,24644,5473664.5
2022-05-19,225.0,226.0,222.0,223.0,-0.45,23072,5154160.9
2022-05-18,220.1,225.0,220.1,224.0,0.0,47100,10506102.1
2022-05-17,225.9,227.9,222.0,224.0,-2.82,26467,5928699.2
2022-05-12,235.0,235.0,225.5,230.5,-0.65,50616,11548009.0
2022-05-11,227.0,232.0,224.0,232.0,1.75,87160,19873676.4
2022-05-10,221.0,228.0,221.0,228.0,1.33,25446,5749058.7
2022-05-09,220.1,227.0,220.1,225.0,0.45,35149,7892158.4
2022-05-08,219.0,224.0,217.2,224.0,0.9,27250,5994344.7
2022-05-05,222.1,224.0,218.5,222.0,-1.77,36398,8028872.4
2022-05-04,227.0,227.0,221.0,226.0,-0.66,39151,8736332.0
2022-05-02,231.0,231.0,225.0,227.5,-1.52,53708,12148816.2
2022-04-28,230.0,234.0,227.1,231.0,0.0,216227,49708626.6
2022-04-27,229.0,232.9,226.1,231.0,0.65,30250,6946592.9
2022-04-26,231.9,233.0,228.0,229.5,0.22,75278,17311332.5
2022-04-25,234.6,236.6,228.0,229.0,-0.43,87132,20113652.3
2022-04-24,226.0,234.2,222.5,230.0,2.68,85085,19397058.6
2022-04-21,224.0,224.5,221.0,224.0,-0.88,44784,9992672.3
2022-04-20,225.0,231.3,222.7,226.0,-0.35,88578,19984408.0
2022-04-19,225.0,227.0,221.1,226.8,1.3,34279,7680906.0
2022-04-18,228.0,228.0,220.5,223.9,-0.93,36840,8176439.6
2022-04-17,232.0,232.0,223.3,226.0,-1.31,51273,11574911.8
2022-04-13,226.5,229.5,226.0,229.0,-0.26,25363,5773104.0
2022-04-12,229.1,235.0,227.1,229.6,-1.75,17528,4002194.1
2022-04-11,238.0,238.0,229.4,233.7,-0.55,57754,13444565.2
2022-04-07,230.0,235.0,230.0,235.0,1.34,38195,8857388.9
2022-04-06,237.0,237.0,230.1,231.9,-1.53,34375,7953566.2
2022-04-05,236.0,237.9,234.0,235.5,-1.05,44935,10588699.9
2022-04-04,239.0,242.0,237.6,238.0,-1.24,15840,3781093.5
2022-04-03,241.0,242.0,238.7,241.0,-1.63,15964,3832065.8
2022-03-31,246.0,246.0,240.5,245.0,0.41,21593,5228028.2
2022-03-30,244.0,244.0,240.0,244.0,0.41,31883,7701899.8
2022-03-29,242.3,250.8,241.8,243.0,-1.18,18473,4506519.8
2022-03-28,247.0,247.0,240.1,245.9,-0.04,42946,10441101.6
2022-03-27,251.0,255.0,244.1,246.0,-3.15,89228,22032226.9
2022-03-24,252.0,254.9,251.0,254.0,0.0,22725,5733545.7
2022-03-23,257.0,257.0,252.0,254.0,-0.39,8824,2232956.3
2022-03-22,257.9,258.0,252.9,255.0,0.0,27075,6904836.6
2022-03-21,252.0,256.4,251.3,255.0,0.04,20220,5124406.4
2022-03-20,258.9,258.9,251.0,254.9,-0.39,18649,4714280.5
2022-03-16,256.0,258.0,252.0,255.9,-0.04,30274,7676228.7
2022-03-15,259.9,260.0,253.1,256.0,-0.39,42884,10959564.6
2022-03-14,255.0,258.0,252.0,257.0,0.78,25491,6510499.8
2022-03-13,251.9,258.5,247.0,255.0,2.08,78902,20106006.7
2022-03-10,244.0,249.8,243.0,249.8,1.54,49972,12331590.6
2022-03-09,245.0,251.9,244.5,246.0,-1.17,32692,8054057.5
2022-03-07,254.8,254.8,247.5,248.9,-0.44,23881,5958322.9
2022-03-06,252.0,254.0,249.0,250.0,-0.4,31755,7952735.9
2022-03-02,250.0,258.0,249.0,251.0,-1.53,77211,19393459.6
2022-02-28,260.0,262.0,252.7,254.9,-0.78,38881,9894400.1
2022-02-27,256.0,260.0,254.8,256.9,-0.81,53780,13790559.3
2022-02-24,262.1,265.0,256.0,259.0,-2.63,111222,28926023.1
2022-02-23,269.0,272.0,265.0,266.0,-1.12,69503,18582904.2
2022-02-22,264.0,279.0,260.0,269.0,2.67,156696,41533931.4
2022-02-21,258.9,262.0,256.7,262.0,2.38,54329,14063386.1
2022-02-20,257.5,259.0,254.3,255.9,-1.54,83322,21352199.4
2022-02-17,260.0,262.0,258.0,259.9,-0.42,60306,15642971.4
2022-02-16,264.0,264.0,259.1,261.0,-1.14,32455,8467338.7
2022-02-15,260.0,265.0,260.0,264.0,0.46,55948,14703505.4
2022-02-14,258.0,264.9,258.0,262.8,0.31,47665,12475135.7
2022-02-13,268.0,268.0,259.0,262.0,-3.99,107653,28254595.9
2022-02-10,272.1,275.0,269.0,272.9,0.26,47878,12933416.8
2022-02-09,271.0,272.4,269.0,272.2,-0.29,57578,15596466.0
2022-02-08,279.4,284.9,270.4,273.0,-0.36,74987,20509819.0
2022-02-07,269.0,274.1,268.9,274.0,0.4,54231,14751790.5
2022-02-06,272.0,275.0,270.1,272.9,-0.04,49734,13580366.0
2022-02-03,278.0,281.5,271.8,273.0,-1.09,98739,27226574.6
2022-02-01,275.0,278.0,273.0,276.0,-0.36,128144,35260099.4
2022-01-31,280.0,280.0,275.5,277.0,-1.07,109054,30254790.5
2022-01-30,275.0,283.9,275.0,280.0,2.56,110102,30758659.5
2022-01-27,275.0,275.0,270.0,273.0,0.0,35854,9751095.1
2022-01-26,272.1,279.0,271.0,273.0,-1.44,68645,18730896.5
2022-01-25,273.0,281.0,268.1,277.0,-0.36,73833,20376862.8
2022-01-24,283.6,288.8,273.4,278.0,-3.47,173576,48463038.8
2022-01-23,296.0,301.0,287.2,288.0,-1.71,125102,36500215.7
2022-01-20,295.0,296.0,289.0,293.0,0.34,170691,49795513.5
2022-01-19,297.0,297.0,288.8,292.0,-1.02,82242,23985497.4
2022-01-18,286.8,305.0,284.0,295.0,2.86,393150,115265153.6
2022-01-17,290.0,295.0,283.0,286.8,0.31,221247,63549953.5
2022-01-16,287.5,292.5,283.0,285.9,1.42,209733,60090178.4
2022-01-13,279.9,283.0,276.1,281.9,0.71,66191,18548176.3
2022-01-12,285.0,289.0,277.0,279.9,-1.79,90173,25462553.9
2022-01-11,290.2,290.2,280.0,285.0,0.14,103044,29299313.4
2022-01-10,289.0,289.0,281.1,284.6,-1.25,136386,38793334.7
2022-01-09,280.0,291.1,280.0,288.2,4.23,330862,94744877.8
2022-01-06,273.0,278.0,267.6,276.5,1.28,83786,22847259.9
2022-01-05,285.1,285.1,269.2,273.0,-2.36,75572,20748580.4
2022-01-04,269.0,279.6,265.6,279.6,4.92,139933,38333238.9
2022-01-03,258.0,269.0,258.0,266.5,1.72,164879,43476600.0
2022-01-02,260.0,264.0,257.1,262.0,0.38,52145,13601302.1
2021-12-29,265.0,265.0,257.4,261.0,-0.38,23281,6053195.3
2021-12-28,264.9,265.0,256.0,262.0,-0.38,26555,6885753.3
2021-12-27,267.0,268.0,260.0,263.0,-0.16,69347,18315802.1
2021-12-26,282.0,285.0,275.0,284.5,2.04,161768,45353222.2
2021-12-23,280.0,282.0,272.0,278.8,-0.07,59835,16535603.6
2021-12-22,280.5,280.5,273.0,279.0,1.45,90580,24967897.4
2021-12-21,263.0,275.0,263.0,275.0,3.38,132508,35723007.6
2021-12-20,274.2,274.2,260.4,266.0,-1.08,36476,9691773.9
2021-12-16,270.0,270.0,265.0,268.9,-0.04,15160,4048702.5
2021-12-15,275.0,279.0,264.0,269.0,-2.18,320665,86101513.3
2021-12-14,270.0,275.0,260.1,275.0,3.77,26229,7029514.8
2021-12-13,263.0,267.0,252.8,265.0,-1.12,45022,11672705.9
2021-12-12,274.0,274.0,262.2,268.0,-2.55,41215,11023750.4
2021-12-09,271.0,275.0,267.2,275.0,1.48,39960,10759828.4
2021-12-08,280.0,280.0,268.0,271.0,-2.87,24563,6643920.0
2021-12-07,280.0,285.6,275.0,279.0,-1.73,23550,6558561.5
2021-12-06,278.0,284.5,267.6,283.9,1.39,40940,11213794.0
2021-12-05,284.0,285.0,279.0,280.0,-2.74,51304,14428065.0
2021-12-02,290.0,290.0,283.1,287.9,-0.69,38638,11058878.7
2021-12-01,291.0,295.0,287.7,289.9,-0.72,65593,19004038.8
2021-11-30,292.2,294.0,288.2,292.0,-0.34,37901,11020775.7
2021-11-29,292.3,296.0,291.0,293.0,0.17,30079,8803221.5
2021-11-28,301.3,301.3,292.0,292.5,-3.78,39869,11750409.0
2021-11-25,300.0,306.0,294.0,304.0,2.08,65942,19778668.7
2021-11-24,295.1,298.5,293.3,297.8,-0.37,38399,11318334.4
2021-11-23,295.0,300.0,295.0,298.9,-0.37,21737,6452094.7
2021-11-22,300.0,303.0,297.0,300.0,0.0,31206,9344777.6
2021-11-21,295.0,305.0,295.0,300.0,0.0,35039,10499333.5
2021-11-18,300.0,306.0,297.1,300.0,0.0,42746,12861165.1
2021-11-17,307.0,308.0,300.0,300.0,-0.66,63666,19348262.0
2021-11-16,300.0,304.0,292.0,302.0,2.37,55161,16445642.4
2021-11-15,295.0,296.0,289.2,295.0,1.06,38117,11120190.4
2021-11-14,289.0,295.0,288.2,291.9,-0.71,46677,13621253.7
2021-11-11,300.0,302.5,294.0,294.0,-2.65,61269,18154504.4
2021-11-09,303.0,313.0,298.9,302.0,-1.95,79405,23982512.2
2021-11-08,318.9,318.9,308.0,308.0,-2.22,47084,14607656.1
2021-11-03,318.0,318.0,311.0,315.0,0.1,60232,18901253.7
2021-11-02,308.0,316.0,307.1,314.7,0.29,70321,21803067.7
2021-11-01,305.0,322.0,300.0,313.8,4.6,142169,43443228.8
2021-10-31,307.0,307.0,298.1,300.0,-0.86,86968,26132242.6
2021-10-28,300.0,304.0,300.0,302.6,-1.11,52136,15710922.4
2021-10-27,303.0,307.0,299.0,306.0,0.76,78420,23766312.3
2021-10-26,305.0,306.0,299.0,303.7,1.23,57773,17504817.3
2021-10-25,298.0,303.9,293.0,300.0,2.39,24037,7185334.6
2021-10-24,289.0,293.7,285.2,293.0,0.69,30814,8939203.2
2021-10-21,294.0,295.0,284.4,291.0,0.41,154083,44910923.0
2021-10-20,286.6,297.0,286.0,289.8,3.13,27227,7822388.8
2021-10-19,291.0,292.0,277.0,281.0,-5.04,54826,15529600.0
2021-10-18,299.0,299.1,294.0,295.9,-1.69,46504,13735590.6
2021-10-17,300.0,302.0,296.1,301.0,0.67,17820,5328111.5
2021-10-11,300.0,300.0,293.0,299.0,-0.99,26053,7739899.6
2021-10-10,300.0,304.0,297.0,302.0,-0.98,58759,17572010.9
2021-10-06,303.0,305.0,299.1,305.0,2.07,49015,14803916.7
2021-10-05,296.8,298.8,291.0,298.8,2.68,36546,10772116.1
2021-10-04,299.0,299.0,289.0,291.0,-1.02,63974,18684205.4
2021-10-03,299.1,300.0,292.0,294.0,-2.33,84518,24963879.6
2021-09-30,307.0,310.4,297.0,301.0,-1.92,60810,18182997.0
2021-09-29,307.5,308.0,297.0,306.9,1.29,65553,19764990.6
2021-09-28,305.0,310.0,301.0,303.0,-1.34,163530,49649818.0
2021-09-27,313.0,315.0,306.0,307.1,-3.09,77937,24008871.4
2021-09-26,325.0,334.0,315.0,316.9,-1.28,63332,20251861.4
2021-09-23,320.0,333.4,315.0,321.0,2.13,214510,68997378.9
2021-09-22,311.0,316.0,307.0,314.3,3.05,73399,22896118.7
2021-09-21,306.0,312.0,296.1,305.0,-0.33,92827,28294196.3
2021-09-20,315.0,319.0,305.5,306.0,-3.47,140379,43566785.9
2021-09-16,321.0,322.0,315.0,317.0,-2.31,100682,32000784.1
2021-09-15,326.0,327.0,323.0,324.5,-1.37,47950,15551647.6
2021-09-14,333.0,334.5,327.0,329.0,-1.17,44091,14563124.4
2021-09-13,326.0,334.0,326.0,332.9,2.43,80447,26524426.6
2021-09-12,330.0,332.4,324.0,325.0,-0.31,74837,24411374.8
2021-09-09,335.9,335.9,323.4,326.0,-1.03,61675,20137877.4
2021-09-08,331.2,336.0,328.0,329.4,-2.52,132703,43896906.4
2021-09-07,340.0,340.0,330.0,337.9,-0.59,110057,36583441.7
2021-09-06,326.0,340.0,321.5,339.9,4.26,135637,45260082.6
2021-09-05,335.0,335.0,318.5,326.0,-3.55,115565,37641029.3
2021-09-02,340.1,342.9,335.0,338.0,-0.29,126527,42618075.2
2021-09-01,340.0,349.0,338.0,339.0,-0.29,156434,53270811.6
2021-08-31,348.0,350.0,338.1,340.0,-2.3,131162,44909344.7
2021-08-29,352.0,355.0,343.1,348.0,-0.85,155837,54124064.6
2021-08-26,361.0,361.0,349.0,351.0,-0.85,119604,42108279.3
2021-08-25,356.0,361.0,351.4,354.0,-0.59,105121,37296028.4
2021-08-24,361.0,362.0,356.1,356.1,-1.36,107386,38436835.5
2021-08-19,364.0,366.0,356.0,361.0,-0.25,268681,96474405.1
2021-08-18,360.0,369.0,357.7,361.9,0.39,207657,74986856.0
2021-08-17,357.4,371.0,357.4,360.5,-1.1,242583,87739882.3
2021-08-16,371.8,372.0,363.0,364.5,-1.96,198424,72529488.7
2021-08-15,382.0,382.0,365.0,371.8,-2.16,273576,101270463.0
2021-08-12,377.0,381.0,373.0,380.0,0.82,169420,63921029.2
2021-08-11,385.0,385.3,373.0,376.9,-1.08,190870,72089328.0
2021-08-10,376.0,384.0,375.0,381.0,1.33,266893,101262401.5
2021-08-09,374.0,379.0,374.0,376.0,-0.79,148618,55839565.8
2021-08-08,380.0,380.0,375.0,379.0,0.0,152874,57731042.4
2021-08-05,384.0,384.0,378.0,379.0,-1.3,132178,50188198.0
2021-08-04,383.0,384.0,377.8,384.0,1.05,159665,60654911.2
2021-08-03,385.0,389.9,379.0,380.0,-1.3,108763,41338434.4
2021-08-02,382.0,385.0,377.0,385.0,0.92,212909,81019824.7
2021-08-01,390.0,390.0,380.0,381.5,-1.55,201310,77045019.1
2021-07-29,390.0,390.0,379.0,387.5,1.17,280548,106988680.6
2021-07-28,390.0,396.0,380.0,383.0,-1.79,240877,92668201.2
2021-07-27,385.0,394.9,374.0,390.0,0.26,307530,118323387.3
2021-07-26,407.0,407.0,387.0,389.0,-2.63,436537,171220424.4
2021-07-25,382.0,399.9,382.0,399.5,6.25,882324,347898568.2
2021-07-22,373.0,380.0,370.0,376.0,1.29,313523,117977751.0
2021-07-20,377.0,379.0,370.0,371.2,-1.28,113328,42209983.2
2021-07-19,382.0,385.0,372.0,376.0,-0.13,257343,97469894.2
2021-07-18,374.3,379.9,367.0,376.5,2.59,320309,119805015.8
2021-07-15,366.0,367.0,362.0,367.0,0.55,122110,44563563.0
2021-07-14,362.0,369.0,362.0,365.0,0.27,91529,33385404.0
2021-07-13,367.0,371.0,361.0,364.0,-0.82,137071,49934304.0
2021-07-12,377.0,377.0,358.0,367.0,-2.13,333982,121943215.0
2021-07-11,369.0,376.0,365.0,375.0,3.02,177171,65620080.0
2021-07-08,366.0,367.0,360.0,364.0,-0.55,93187,33762651.0
2021-07-07,362.0,367.0,362.0,366.0,0.27,87267,31776348.0
2021-07-06,380.0,380.0,361.0,365.0,0.0,109646,40010208.0
2021-07-05,360.0,366.0,359.0,365.0,1.11,125879,45539003.0
2021-07-04,367.0,369.0,360.0,361.0,-0.55,128305,46295758.0
2021-07-01,369.0,369.0,360.0,363.0,0.28,67770,24521756.0
2021-06-30,362.0,363.0,357.0,362.0,-0.28,70220,25286516.0
2021-06-29,375.0,375.0,362.0,363.0,-0.55,114618,41965878.0
2021-06-28,352.0,380.0,352.0,365.0,-1.35,94097,34803645.0
2021-06-27,367.0,373.0,361.0,370.0,1.93,206935,76193605.0
2021-06-24,362.0,365.0,357.0,363.0,-0.27,141564,51184310.0
2021-06-23,391.0,391.0,363.0,364.0,-2.41,155045,56673440.0
2021-06-22,365.0,373.0,360.0,373.0,2.19,274428,100582882.0
2021-06-21,390.0,390.0,361.0,365.0,-1.88,227926,82983593.0
2021-06-20,380.0,380.0,366.0,372.0,-0.8,220704,81516907.0
2021-06-17,395.0,395.0,373.0,375.0,-0.79,181826,68265685.0
2021-06-16,379.0,386.0,373.0,378.0,-0.53,536690,202707742.0
2021-06-15,390.0,390.0,378.0,380.0,-1.04,392571,150005679.0
2021-06-14,382.0,389.0,378.0,384.0,2.4,622364,238800559.0
2021-06-13,385.0,395.0,373.0,375.0,-0.79,832533,313885851.0
2021-06-10,385.0,385.0,373.0,378.0,0.0,764360,287753541.0
2021-06-09,385.0,385.0,372.0,378.0,1.61,627576,237237623.0
2021-06-08,373.0,379.0,365.0,372.0,1.36,786306,293028224.0
2021-06-07,379.0,380.0,364.0,367.0,-1.87,842827,311764125.0
2021-06-06,368.0,381.0,368.0,374.0,3.03,634332,237306166.0
2021-06-03,356.0,369.0,356.0,363.0,1.97,378252,136476657.0
2021-06-02,374.0,374.0,354.0,356.0,-0.28,157623,56287493.0
2021-06-01,377.0,377.0,356.0,357.0,-1.11,162150,58225930.0
2021-05-31,364.0,369.0,358.0,361.0,-0.82,213298,77117682.0
2021-05-30,375.0,375.0,361.0,364.0,0.0,335671,122279011.0
2021-05-27,366.0,370.0,362.0,364.0,-1.09,419431,153251186.0
2021-05-25,371.0,373.0,365.0,368.0,-0.27,331937,122295614.0
2021-05-24,387.0,387.0,365.0,369.0,0.0,468597,172822630.0
2021-05-23,365.0,370.0,363.0,369.0,1.1,282816,103260454.0
2021-05-20,365.0,372.0,363.0,365.0,0.0,183932,67342744.0
2021-05-19,370.0,372.0,364.0,365.0,-1.08,262875,96411578.0
2021-05-18,370.0,375.0,366.0,369.0,-0.27,271268,99937948.0
2021-05-17,385.0,385.0,369.0,370.0,-1.33,352298,130851352.0
2021-05-16,385.0,385.0,370.0,375.0,2.18,837223,315758038.0
2021-05-13,387.0,387.0,367.0,367.0,-0.54,153617,56825997.0
2021-05-12,365.0,373.0,362.0,369.0,1.37,379632,139453604.0
2021-05-11,365.0,369.0,362.0,364.0,-0.27,153216,55729577.0
2021-05-10,370.0,370.0,364.0,365.0,-0.27,183252,66932952.0
2021-05-09,375.0,376.0,364.0,366.0,-2.14,782456,288652321.0
2021-05-06,365.0,375.0,363.0,374.0,3.03,1158147,429459703.0
2021-05-05,370.0,370.0,363.0,363.0,-1.36,532313,194746941.0
2021-05-04,381.0,381.0,360.0,368.0,1.38,627420,230964485.0
2021-05-03,376.0,376.0,363.0,363.0,-1.09,630045,231611313.0
2021-05-02,352.0,375.0,352.0,367.0,4.26,1145753,420243903.0
2021-04-29,357.0,357.0,337.0,352.0,3.53,884248,309694570.0
2021-04-28,328.0,347.0,328.0,340.0,3.66,835466,282926159.0
2021-04-27,322.0,333.0,322.0,328.0,0.31,184280,60357147.0
2021-04-26,323.0,345.0,323.0,327.0,-0.91,401543,132623090.0
2021-04-25,363.0,363.0,325.0,330.0,-4.62,517882,174970650.0
2021-04-22,330.0,346.0,309.0,346.0,9.84,1840976,622779850.0
2021-04-21,312.0,319.0,312.0,315.0,0.0,167767,52938141.0
2021-04-20,317.0,320.0,314.0,315.0,-0.32,52677,16639957.0
2021-04-19,321.0,325.0,315.0,316.0,-1.56,301393,96105296.0
2021-04-18,328.0,332.0,319.0,321.0,-1.23,610181,197927266.0
2021-04-15,325.0,333.0,324.0,325.0,0.62,324905,106477076.0
2021-04-13,334.0,334.0,318.0,323.0,1.25,172962,55582555.0
2021-04-12,301.0,328.0,301.0,319.0,0.95,266963,84054114.0
2021-04-08,318.0,320.0,315.0,316.0,-0.32,106046,33546413.0
2021-04-07,320.0,321.0,317.0,317.0,-0.94,63264,20128911.0
2021-04-06,318.0,320.0,316.0,320.0,0.63,105804,33682799.0
2021-04-05,318.0,320.0,316.0,318.0,0.0,53471,17004315.0
2021-04-04,318.0,324.0,317.0,318.0,0.0,72800,23175388.0
2021-04-01,320.0,320.0,316.0,318.0,-0.63,74423,23694252.0
2021-03-31,319.0,324.0,315.0,320.0,0.31,68673,21949559.0
2021-03-30,316.0,323.0,315.0,319.0,1.27,67761,21583035.0
2021-03-29,325.0,325.0,311.0,315.0,-3.08,89084,28140861.0
2021-03-25,341.0,341.0,322.0,325.0,0.0,341171,111761723.0
2021-03-24,317.0,327.0,316.0,325.0,3.17,301726,97392202.0
2021-03-23,311.0,316.0,310.0,315.0,0.0,77919,24509188.0
2021-03-22,300.0,320.0,300.0,315.0,0.0,132736,41896614.0
2021-03-21,320.0,321.0,309.0,315.0,3.28,140590,44363075.0
2021-03-18,317.0,317.0,301.0,305.0,0.99,96428,29424070.0
2021-03-17,296.0,303.0,293.0,302.0,1.0,100576,29951071.0
2021-03-16,298.0,303.0,296.0,299.0,-0.99,112560,33535789.0
2021-03-15,301.0,308.0,297.0,302.0,-1.31,45004,13616555.0
2021-03-14,309.0,309.0,304.0,306.0,-1.29,75774,23117901.0
2021-03-10,311.0,312.0,307.0,310.0,-0.32,77192,23882368.0
2021-03-09,321.0,321.0,307.0,311.0,-1.27,136972,43078868.0
2021-03-07,328.0,328.0,309.0,315.0,0.64,192714,60731433.0
2021-03-04,315.0,316.0,307.0,313.0,1.29,93432,29269181.0
2021-03-03,323.0,323.0,302.0,309.0,0.32,128992,39373919.0
2021-03-02,330.0,330.0,304.0,308.0,-2.22,194609,60092343.0
2021-03-01,299.0,319.0,299.0,315.0,0.32,96670,30375372.0
2021-02-28,322.0,322.0,311.0,314.0,-1.26,236993,74558512.0
2021-02-25,336.0,336.0,316.0,318.0,-0.93,110267,35156445.0
2021-02-24,321.0,329.0,314.0,321.0,1.26,210734,68245213.0
2021-02-23,336.0,336.0,311.0,317.0,-0.94,150410,47285172.0
2021-02-22,337.0,337.0,317.0,320.0,-3.61,216618,69731891.0
2021-02-21,334.0,337.0,328.0,332.0,-0.6,168781,56003463.0
2021-02-18,335.0,346.0,334.0,334.0,0.0,410227,139120733.0
2021-02-17,326.0,339.0,320.0,334.0,4.38,401682,132136953.0
2021-02-16,318.0,327.0,312.0,320.0,1.27,592193,187826392.0
2021-02-15,319.0,322.0,312.0,316.0,0.96,136078,42806025.0
2021-02-14,315.0,322.0,309.0,313.0,-0.32,389138,121159947.0
2021-02-11,321.0,325.0,314.0,314.0,-0.32,173014,55286107.0
2021-02-10,316.0,332.0,307.0,315.0,1.29,888064,276553920.0
2021-02-09,326.0,326.0,309.0,311.0,0.0,192677,60012595.0
2021-02-08,326.0,326.0,307.0,311.0,0.0,408359,126613175.0
2021-02-07,320.0,321.0,308.0,311.0,-2.51,314183,98110865.0
2021-02-04,300.0,322.0,300.0,319.0,1.27,149856,47861800.0
2021-02-03,325.0,325.0,312.0,315.0,-3.08,606171,191228731.0
2021-02-02,325.0,330.0,319.0,325.0,0.0,188111,60683697.0
2021-02-01,324.0,330.0,324.0,325.0,-0.61,110259,35906316.0
2021-01-31,336.0,336.0,317.0,327.0,-2.68,187435,61021190.0
2021-01-28,345.0,345.0,328.0,336.0,-4.0,295331,98794935.0
2021-01-27,368.0,368.0,344.0,350.0,-0.28,215724,75083365.0
2021-01-26,354.0,361.0,350.0,351.0,-1.4,200095,70766570.0
2021-01-25,379.0,379.0,343.0,356.0,-2.2,870347,313561971.0
2021-01-24,347.0,364.0,347.0,364.0,9.97,220484,80241366.0
2021-01-21,339.0,339.0,328.0,331.0,-0.6,121241,40069134.0
2021-01-20,331.0,336.0,328.0,333.0,0.6,180156,60005140.0
2021-01-19,336.0,342.0,331.0,331.0,-1.19,169739,56957674.0
2021-01-18,336.0,342.0,333.0,335.0,0.0,132553,44512858.0
2021-01-17,348.0,348.0,331.0,335.0,0.9,172217,57528709.0
2021-01-13,336.0,336.0,328.0,332.0,0.61,125133,41374492.0
2021-01-12,335.0,335.0,327.0,330.0,0.3,78038,25719406.0
2021-01-11,340.0,344.0,327.0,329.0,-1.5,96495,32294451.0
2021-01-10,332.0,340.0,328.0,334.0,2.45,196487,65640370.0
2021-01-07,331.0,333.0,325.0,326.0,0.31,173766,57182459.0
2021-01-06,325.0,330.0,322.0,325.0,0.0,70222,22910779.0
2021-01-05,340.0,340.0,318.0,325.0,0.31,99649,32547523.0
2021-01-04,365.0,376.0,350.0,357.0,-1.11,688211,250751840.0
2021-01-03,341.0,365.0,340.0,361.0,6.8,420505,147443905.0
2020-12-31,359.0,359.0,338.0,338.0,-1.17,230722,78574675.0
2020-12-30,338.0,350.0,336.0,342.0,0.29,395330,134984801.0
2020-12-29,360.0,360.0,336.0,341.0,-3.4,189085,64862341.0
2020-12-28,334.0,358.0,327.0,353.0,6.01,525802,181133316.0
2020-12-27,350.0,350.0,326.0,333.0,-3.76,354871,118422938.0
2020-12-24,360.0,360.0,339.0,346.0,-4.95,403626,139511311.0
2020-12-23,367.0,385.0,355.0,364.0,4.0,627721,232414859.0
2020-12-22,325.0,350.0,325.0,350.0,9.72,794473,273171809.0
2020-12-21,315.0,325.0,298.0,319.0,1.59,491062,154984732.0
2020-12-20,297.0,324.0,294.0,314.0,0.64,802447,251947530.0
2020-12-17,330.0,330.0,310.0,312.0,-4.0,395858,126312313.0
2020-12-16,315.0,330.0,299.0,325.0,8.33,1253376,394395362.0
2020-12-15,309.0,309.0,296.0,300.0,1.69,378247,113669932.0
2020-12-14,300.0,300.0,290.0,295.0,0.0,266725,79154817.0
2020-12-13,300.0,300.0,285.0,295.0,3.15,248328,72364476.0
2020-12-10,281.0,288.0,279.0,286.0,0.35,180566,51256902.0
2020-12-09,293.0,298.0,279.0,285.0,-1.04,113701,32139247.0
2020-12-08,304.0,304.0,284.0,288.0,-0.69,141150,40598722.0
2020-12-07,275.0,298.0,275.0,290.0,3.57,173445,49336759.0
2020-12-06,309.0,309.0,280.0,280.0,-5.08,233670,67082390.0
2020-12-03,298.0,307.0,293.0,295.0,-1.34,351584,104459879.0
2020-12-02,303.0,312.0,292.0,299.0,-0.33,387836,115345289.0
2020-12-01,297.0,301.0,285.0,300.0,0.67,630979,185478861.0
2020-11-30,285.0,300.0,284.0,298.0,9.16,712539,210441089.0
2020-11-29,261.0,273.0,252.0,273.0,9.64,469809,126885920.0
2020-11-26,245.0,252.0,242.0,249.0,3.75,453301,112488009.0
2020-11-25,240.0,243.0,235.0,240.0,1.69,131770,31519590.0
2020-11-24,240.0,242.0,236.0,236.0,-0.84,66463,15858396.0
2020-11-23,236.0,240.0,236.0,238.0,-0.42,60652,14379576.0
2020-11-22,233.0,244.0,233.0,239.0,3.46,198246,47252100.0
2020-11-19,233.0,234.0,230.0,231.0,0.43,104087,24085750.0
2020-11-18,230.0,234.0,229.0,230.0,-1.71,82094,18934898.0
2020-11-12,235.0,238.0,233.0,234.0,0.43,90208,21151330.0
2020-11-11,232.0,234.0,229.0,233.0,0.87,62810,14572262.0
2020-11-10,230.0,232.0,229.0,231.0,0.87,47833,11017607.0
2020-11-09,232.0,234.0,228.0,229.0,-0.87,55823,12854748.0
2020-11-08,236.0,236.0,230.0,231.0,-0.43,37683,8729836.0
2020-11-05,231.0,234.0,230.0,232.0,0.0,59937,13905084.0
2020-11-04,234.0,235.0,232.0,232.0,-1.28,45599,10642127.0
2020-11-03,232.0,235.0,231.0,235.0,0.43,44739,10441842.0
2020-11-02,237.0,238.0,234.0,234.0,-1.27,46173,10845224.0
2020-11-01,238.0,241.0,234.0,237.0,-0.42,97896,23114672.0
2020-10-29,242.0,246.0,237.0,238.0,-1.65,126675,30621808.0
2020-10-28,246.0,246.0,236.0,242.0,2.98,105618,25327328.0
2020-10-22,242.0,242.0,230.0,235.0,1.73,169083,39740214.0
2020-10-21,230.0,232.0,229.0,231.0,0.43,111603,25737044.0
2020-10-20,230.0,231.0,229.0,230.0,0.44,76010,17507382.0
2020-10-19,227.0,230.0,226.0,229.0,1.33,153873,35056506.0
2020-10-18,225.0,227.0,223.0,226.0,0.44,74780,16868215.0
2020-10-15,225.0,229.0,224.0,225.0,0.45,140098,31673017.0
2020-10-14,223.0,227.0,221.0,224.0,-0.44,96700,21623035.0
2020-10-13,223.0,226.0,222.0,225.0,0.45,119338,26684700.0
2020-10-12,223.0,226.0,222.0,224.0,-0.88,87205,19513389.0
2020-10-11,228.0,229.0,224.0,226.0,-1.74,55338,12549610.0
2020-10-08,230.0,234.0,228.0,230.0,0.88,247414,57098622.0
2020-10-07,223.0,233.0,223.0,228.0,0.88,154318,35447868.0
2020-10-06,227.0,229.0,223.0,226.0,-0.44,85236,19208892.0
2020-10-05,228.0,232.0,224.0,227.0,-1.3,177939,40684987.0
2020-10-04,226.0,230.0,220.0,230.0,3.14,516532,117239847.0
2020-10-01,219.0,226.0,216.0,223.0,2.29,244766,54172021.0
2020-09-30,214.0,220.0,213.0,218.0,1.4,76250,16497781.0
2020-09-29,219.0,219.0,215.0,215.0,-2.27,44466,9608212.0
2020-09-28,221.0,222.0,218.0,220.0,0.46,139932,30828010.0
2020-09-27,217.0,224.0,213.0,219.0,2.82,308742,67772073.0
2020-09-24,209.0,217.0,209.0,213.0,0.47,162631,34824746.0
2020-09-23,208.0,213.0,205.0,212.0,1.92,116822,24491235.0
2020-09-22,211.0,215.0,206.0,208.0,-3.26,147213,31225377.0
2020-09-21,215.0,217.0,211.0,215.0,-0.46,138978,29830205.0
2020-09-20,222.0,224.0,214.0,216.0,0.0,109164,23669876.0
2020-09-17,200.0,218.0,200.0,216.0,3.35,308450,65782394.0
2020-09-16,206.0,209.0,204.0,209.0,1.46,170583,35372297.0
2020-09-15,205.0,209.0,203.0,206.0,0.98,178694,36762814.0
2020-09-14,201.0,208.0,198.0,204.0,2.0,266513,54237908.0
2020-09-13,199.0,202.0,196.0,200.0,0.5,157402,31335712.0
2020-09-10,199.0,200.0,195.0,199.0,1.02,85790,16922131.0
2020-09-09,195.0,198.0,193.0,197.0,0.51,109399,21422972.0
2020-09-08,193.0,196.0,193.0,196.0,0.51,56622,10980263.0
2020-09-07,194.0,195.0,192.0,195.0,-0.51,88532,17164827.0
2020-09-06,207.0,207.0,195.0,196.0,-1.01,95141,18632927.0
2020-09-03,200.0,200.0,194.0,198.0,0.51,92381,18066496.0
2020-09-02,197.0,199.0,194.0,197.0,1.55,88221,17344823.0
2020-08-31,194.0,196.0,192.0,194.0,0.0,57628,11135881.0
2020-08-30,191.0,195.0,189.0,194.0,0.52,15613,2993788.0
2020-08-27,201.0,201.0,193.0,193.0,-2.53,62499,12196438.0
2020-08-26,193.0,199.0,191.0,198.0,3.13,98745,19162411.0
2020-08-25,192.0,192.0,189.0,192.0,0.52,35707,6819003.0
2020-08-24,190.0,192.0,189.0,191.0,0.53,40936,7782795.0
2020-08-23,190.0,190.0,187.0,190.0,0.0,20348,3829714.0
2020-08-20,188.0,191.0,187.0,190.0,0.0,14702,2776636.0
2020-08-19,190.0,193.0,187.0,190.0,-1.55,41972,7913420.0
2020-08-18,191.0,193.0,190.0,193.0,0.0,15437,2951615.0
2020-08-17,189.0,194.0,189.0,193.0,0.52,20329,3877483.0
2020-08-16,192.0,193.0,189.0,192.0,-1.54,54679,10416307.0
2020-08-13,202.0,202.0,193.0,195.0,-1.02,84743,16498780.0
2020-08-12,193.0,200.0,192.0,197.0,1.03,35866,7036102.0
2020-08-11,198.0,198.0,190.0,195.0,-0.51,242215,47066644.0
2020-08-10,195.0,196.0,191.0,196.0,2.08,36874,7130754.0
2020-08-09,187.0,192.0,185.0,192.0,1.05,37755,7145529.0
2020-08-06,189.0,190.0,187.0,190.0,-0.52,40852,7687382.0
2020-08-05,193.0,193.0,187.0,191.0,-1.55,45250,8566772.0
2020-08-03,197.0,197.0,188.0,194.0,0.0,39709,7594056.0
2020-08-02,195.0,196.0,192.0,194.0,-2.02,226793,43789280.0
2020-07-30,200.0,200.0,195.0,198.0,0.51,136182,26690244.0
2020-07-29,201.0,201.0,196.0,197.0,-1.99,54529,10769819.0
2020-07-28,204.0,204.0,196.0,201.0,0.5,187921,37489360.0
2020-07-27,204.0,204.0,198.0,200.0,-0.99,101487,20273520.0
2020-07-26,201.0,202.0,197.0,202.0,0.5,61771,12370426.0
2020-07-23,197.0,201.0,194.0,201.0,1.01,50790,10070777.0
2020-07-22,201.0,202.0,197.0,199.0,-0.5,59360,11808706.0
2020-07-21,203.0,207.0,196.0,200.0,-1.48,180766,36014708.0
2020-07-20,221.0,229.0,195.0,203.0,-3.79,167215,34926980.0
2020-07-19,195.0,211.0,195.0,211.0,9.9,3726,779716.0
2020-07-16,187.0,192.0,185.0,192.0,3.23,54386,10296844.0
2020-07-15,182.0,189.0,179.0,186.0,2.2,30048,5504081.0
2020-07-14,184.0,184.0,181.0,182.0,-1.62,30721,5590382.0
2020-07-13,187.0,187.0,180.0,185.0,0.54,51457,9315335.0
2020-07-12,186.0,188.0,180.0,184.0,-0.54,17812,3260617.0
2020-07-09,188.0,188.0,176.0,185.0,0.0,61371,11205270.0
2020-07-08,190.0,190.0,181.0,185.0,-2.63,18914,3474209.0
2020-07-07,185.0,190.0,181.0,190.0,4.4,47971,8878717.0
2020-07-06,181.0,182.0,175.0,182.0,1.11,100256,17796876.0
2020-07-05,176.0,180.0,170.0,180.0,1.12,39521,6942277.0
2020-07-02,196.0,196.0,175.0,178.0,-7.77,11688,2171139.0
2020-07-01,179.0,193.0,179.0,193.0,9.66,5461,1025228.0
2020-06-30,163.0,176.0,163.0,176.0,6.02,5583,946188.0
2020-06-29,175.0,175.0,175.0,166.0,-1.69,8673,1463692.0
2020-03-22,187.0,187.0,176.0,178.0,-6.32,8372,1491584.0
2020-03-19,175.0,190.0,169.0,190.0,6.74,138499,24505108.0
2020-03-18,176.0,182.0,170.0,178.0,0.0,75741,13194076.0
2020-03-17,185.0,185.0,175.0,178.0,-3.26,118291,21175846.0
2020-03-16,189.0,189.0,182.0,184.0,-1.08,74104,13686862.0
2020-03-15,189.0,190.0,183.0,186.0,-2.62,124352,23179884.0
2020-03-12,200.0,201.0,190.0,191.0,-3.05,108432,20869710.0
2020-03-11,191.0,197.0,186.0,197.0,4.79,104059,20112064.0
2020-03-10,202.0,202.0,188.0,188.0,-5.53,67051,12908299.0
2020-03-05,201.0,205.0,198.0,199.0,-1.97,164310,32971148.0
2020-03-04,210.0,210.0,201.0,203.0,-2.4,133522,27211476.0
2020-03-03,205.0,213.0,201.0,208.0,-0.48,212508,44249376.0
2020-03-02,220.0,221.0,206.0,209.0,-3.69,117633,24891066.0
2020-03-01,235.0,235.0,216.0,217.0,-3.13,273692,60519416.0
2020-02-27,223.0,224.0,208.0,224.0,5.16,327407,71349256.0
2020-02-26,214.0,214.0,209.0,213.0,1.43,199305,42191452.0
2020-02-25,217.0,217.0,205.0,210.0,1.45,113474,23497328.0
2020-02-24,212.0,217.0,205.0,207.0,-0.48,221853,46691552.0
2020-02-23,198.0,216.0,198.0,208.0,5.58,200522,41154260.0
2020-02-20,195.0,197.0,194.0,197.0,0.0,92970,18192978.0
2020-02-19,194.0,197.0,194.0,197.0,0.0,48602,9489741.0
2020-02-18,201.0,202.0,196.0,197.0,-0.51,71207,14134079.0
2020-02-17,196.0,202.0,194.0,198.0,2.59,60196,11843450.0
2020-02-16,192.0,194.0,191.0,193.0,0.0,59809,11525526.0
2020-02-13,195.0,195.0,192.0,193.0,-0.52,36762,7112106.0
2020-02-12,196.0,197.0,194.0,194.0,-1.02,36375,7107279.0
2020-02-11,196.0,199.0,194.0,196.0,0.0,29210,5719659.0
2020-02-10,195.0,196.0,193.0,196.0,0.51,33588,6547307.0
2020-02-09,196.0,196.0,194.0,195.0,-0.51,22852,4451303.0
2020-02-06,199.0,199.0,195.0,196.0,-1.01,24723,4850049.0
2020-02-05,198.0,199.0,197.0,198.0,0.0,50398,9947299.0
2020-02-04,199.0,200.0,197.0,198.0,-1.0,32501,6447881.0
2020-02-03,203.0,203.0,199.0,200.0,-0.5,30966,6198949.0
2020-02-02,200.0,203.0,198.0,201.0,0.0,82030,16464633.0
2020-01-30,197.0,201.0,196.0,201.0,1.52,59490,11778387.0
2020-01-29,199.0,199.0,195.0,198.0,0.0,30840,6052090.0
2020-01-28,200.0,201.0,197.0,198.0,-1.0,49876,9904004.0
2020-01-27,199.0,200.0,196.0,200.0,1.01,43304,8576126.0
2020-01-26,206.0,206.0,196.0,198.0,0.51,81426,16072824.0
2020-01-23,205.0,205.0,197.0,197.0,-1.99,68913,13689741.0
2020-01-22,215.0,215.0,201.0,201.0,-1.95,47908,9740741.0
2020-01-21,212.0,212.0,200.0,205.0,-12.02,89298,18262850.0
2020-01-20,240.0,242.0,230.0,233.0,-1.69,568495,133216816.0
2020-01-19,230.0,237.0,226.0,237.0,4.87,287008,66776372.0
2020-01-16,225.0,229.0,221.0,226.0,1.35,176770,39780760.0
2020-01-15,219.0,225.0,218.0,223.0,1.83,84592,18679372.0
2020-01-14,224.0,224.0,217.0,219.0,-0.45,75875,16593096.0
2020-01-13,218.0,222.0,217.0,220.0,1.38,164113,35987392.0
2020-01-12,212.0,217.0,212.0,217.0,3.83,104547,22441964.0
2020-01-09,208.0,210.0,207.0,209.0,0.48,37084,7730413.0
2020-01-08,213.0,213.0,207.0,208.0,-0.48,58128,12162430.0
2020-01-07,210.0,211.0,207.0,209.0,2.45,139109,29125260.0
2020-01-06,205.0,208.0,204.0,204.0,0.49,101700,20915752.0
2020-01-05,200.0,205.0,200.0,203.0,0.0,18371,3731055.0
2020-01-02,203.0,203.0,201.0,203.0,0.0,26636,5377549.0
2020-01-01,202.0,203.0,201.0,203.0,1.0,22459,4522405.0
2019-12-31,201.0,203.0,201.0,201.0,-0.5,18918,3818337.0
2019-12-30,201.0,202.0,200.0,202.0,0.0,12193,2458428.0
2019-12-29,201.0,203.0,201.0,202.0,-0.98,20403,4107623.0
2019-12-26,206.0,206.0,203.0,204.0,0.0,15687,3203411.0
2019-12-25,207.0,207.0,203.0,204.0,-0.49,17978,3668671.0
2019-12-24,210.0,210.0,203.0,205.0,-0.97,64107,13115840.0
2019-12-23,209.0,209.0,205.0,207.0,0.49,180854,37414596.0
2019-12-22,200.0,208.0,200.0,206.0,3.0,80087,16310138.0
2019-12-19,200.0,201.0,199.0,200.0,-0.5,14368,2881842.0
2019-12-18,200.0,201.0,199.0,201.0,0.0,22916,4584266.0
2019-12-17,203.0,203.0,199.0,201.0,-0.99,8836,1770921.0
2019-12-16,209.0,209.0,201.0,203.0,-0.98,21790,4415659.0
2019-12-15,205.0,206.0,202.0,205.0,0.0,42197,8617689.0
2019-12-12,203.0,205.0,202.0,205.0,1.49,26867,5470970.0
2019-12-11,204.0,204.0,200.0,202.0,0.5,20406,4124938.0
2019-12-10,203.0,203.0,199.0,201.0,0.5,20499,4103990.0
2019-12-09,198.0,200.0,198.0,200.0,1.01,24540,4883801.0
2019-12-08,202.0,202.0,198.0,198.0,-1.49,14967,2971072.0
2019-12-05,198.0,201.0,197.0,201.0,1.52,16022,3191879.0
2019-12-04,199.0,199.0,197.0,198.0,0.0,9513,1883455.0
2019-12-03,199.0,200.0,198.0,198.0,-0.5,8245,1638157.0
2019-12-02,197.0,199.0,197.0,199.0,-0.5,4773,948217.0
2019-12-01,199.0,200.0,198.0,200.0,0.5,18649,3711752.0
2019-11-28,201.0,201.0,197.0,199.0,-0.5,9484,1880262.0
2019-11-27,199.0,200.0,197.0,200.0,1.01,7736,1537393.0
2019-11-26,197.0,199.0,197.0,198.0,-0.5,32327,6389669.0
2019-11-25,196.0,199.0,195.0,199.0,1.02,40487,7967549.0
2019-11-24,202.0,202.0,195.0,197.0,-1.5,24943,4891349.0
2019-11-21,202.0,202.0,198.0,200.0,-0.5,28619,5699261.0
2019-11-20,201.0,203.0,200.0,201.0,0.0,28634,5756610.0
2019-11-19,202.0,202.0,200.0,201.0,-0.5,16317,3267795.0
2019-11-18,202.0,203.0,201.0,202.0,0.0,22214,4468785.0
2019-11-17,198.0,202.0,198.0,202.0,0.0,23335,4655691.0
2019-11-14,208.0,208.0,202.0,202.0,-1.46,19217,3906642.0
2019-11-13,204.0,205.0,203.0,205.0,0.49,21873,4459020.0
2019-11-12,206.0,207.0,204.0,204.0,-0.97,46302,9510694.0
2019-11-11,205.0,208.0,204.0,206.0,0.49,50124,10296381.0
2019-11-10,205.0,205.0,204.0,205.0,-0.49,21460,4395003.0
2019-11-07,210.0,210.0,203.0,206.0,-0.48,8456,1724944.0
2019-11-06,202.0,207.0,202.0,207.0,0.49,42707,8761042.0
2019-11-05,202.0,207.0,200.0,206.0,2.49,32685,6678677.0
2019-11-04,201.0,202.0,200.0,201.0,-0.99,11797,2364954.0
2019-11-03,202.0,203.0,201.0,203.0,-0.49,16630,3357966.0
2019-10-31,206.0,206.0,202.0,204.0,0.99,30817,6291482.0
2019-10-24,195.0,205.0,195.0,202.0,0.5,39833,8067554.0
2019-10-23,201.0,201.0,199.0,201.0,0.5,17174,3440913.0
2019-10-22,198.0,200.0,197.0,200.0,0.5,31165,6171507.0
2019-10-21,196.0,200.0,196.0,199.0,1.02,10602,2094566.0
2019-10-20,198.0,199.0,194.0,197.0,0.51,13069,2550752.0
2019-10-17,199.0,199.0,196.0,196.0,-1.51,12753,2518238.0
2019-10-16,197.0,200.0,196.0,199.0,-0.5,10590,2098225.0
2019-10-15,196.0,200.0,196.0,200.0,1.01,7454,1475825.0
2019-10-14,202.0,202.0,195.0,198.0,-0.5,7968,1573467.0
2019-10-10,204.0,204.0,199.0,199.0,-0.5,1430,286062.0
2019-10-03,199.0,201.0,197.0,200.0,1.01,20793,4138671.0
2019-10-02,198.0,199.0,197.0,198.0,-0.5,21254,4207365.0
2019-10-01,199.0,201.0,197.0,199.0,0.0,7245,1448432.0
2019-09-30,194.0,199.0,194.0,199.0,2.58,5226,1017755.0
2019-09-29,195.0,195.0,192.0,194.0,0.0,7071,1370201.0
2019-09-26,194.0,195.0,194.0,194.0,0.0,12615,2452110.0
2019-09-25,194.0,195.0,193.0,194.0,0.0,12233,2368429.0
2019-09-24,195.0,195.0,193.0,194.0,-0.51,10139,1971129.0
2019-09-23,194.0,200.0,194.0,195.0,-1.02,18212,3552534.0
2019-09-22,198.0,198.0,195.0,197.0,-1.5,12953,2542663.0
2019-09-19,202.0,204.0,200.0,200.0,-0.99,21925,4402272.0
2019-09-18,200.0,202.0,198.0,202.0,1.51,50000,9985114.0
2019-09-17,195.0,200.0,195.0,199.0,3.11,35056,6914686.0
2019-09-16,194.0,194.0,191.0,193.0,-1.03,38034,7308128.0
2019-09-15,198.0,199.0,192.0,195.0,-2.5,30498,5952264.0
2019-09-12,201.0,201.0,198.0,200.0,-0.5,25953,5173078.0
2019-09-11,200.0,202.0,198.0,201.0,-0.5,40175,8024726.0
2019-09-10,200.0,202.0,200.0,202.0,0.0,24048,4836187.0
2019-09-09,202.0,203.0,201.0,202.0,0.0,19165,3858669.0
2019-09-08,201.0,204.0,201.0,202.0,-0.98,13681,2761837.0
2019-09-05,206.0,206.0,202.0,204.0,-0.49,21239,4310178.0
2019-09-04,204.0,206.0,202.0,205.0,0.49,21497,4384228.0
2019-09-03,202.0,204.0,198.0,204.0,1.49,28681,5740640.0
2019-09-02,205.0,205.0,198.0,201.0,-0.5,27681,5514210.0
2019-09-01,201.0,204.0,200.0,202.0,0.5,17630,3561516.0
2019-08-29,200.0,204.0,200.0,201.0,-0.5,21219,4288742.0
2019-08-28,206.0,206.0,201.0,202.0,-1.46,36340,7329527.0
2019-08-27,204.0,206.0,203.0,205.0,0.49,22242,4541028.0
2019-08-26,203.0,205.0,202.0,204.0,0.0,19059,3876299.0
2019-08-25,205.0,205.0,203.0,204.0,0.49,20481,4169795.0
2019-08-22,204.0,207.0,203.0,203.0,-0.49,20345,4151476.0
2019-08-21,203.0,205.0,203.0,204.0,0.49,16789,3419471.0
2019-08-20,206.0,209.0,202.0,203.0,-0.98,13185,2686471.0
2019-08-19,204.0,207.0,203.0,205.0,0.99,22746,4641705.0
2019-08-18,205.0,205.0,201.0,203.0,-0.98,19921,4032173.0
2019-08-15,206.0,207.0,204.0,205.0,0.0,56074,11446352.0
2019-08-14,206.0,206.0,203.0,205.0,0.99,56768,11595732.0
2019-08-13,211.0,211.0,203.0,203.0,-1.93,27083,5548748.0
2019-08-12,219.0,219.0,205.0,207.0,-5.05,60552,12492666.0
2019-08-11,238.0,238.0,218.0,218.0,-9.92,3010,674700.0
2019-08-08,246.0,246.0,240.0,242.0,0.0,79930,19244648.0
2019-08-07,242.0,245.0,240.0,242.0,-0.41,97844,23681140.0
2019-08-06,245.0,245.0,242.0,243.0,-0.41,27461,6662841.0
2019-08-05,246.0,246.0,243.0,244.0,-0.41,70168,17121162.0
2019-08-04,258.0,258.0,244.0,245.0,-0.41,50518,12410779.0
2019-08-01,250.0,250.0,245.0,246.0,0.0,20399,5020339.0
2019-07-31,245.0,250.0,244.0,246.0,-0.4,30782,7579142.0
2019-07-30,248.0,248.0,244.0,247.0,1.23,13814,3399015.0
2019-07-29,243.0,248.0,243.0,244.0,-0.41,14570,3558796.0
2019-07-28,249.0,249.0,244.0,245.0,-1.61,35079,8596188.0
2019-07-25,253.0,254.0,249.0,249.0,-1.97,56042,14084233.0
2019-07-24,252.0,255.0,251.0,254.0,1.2,23397,5918333.0
2019-07-23,250.0,253.0,249.0,251.0,0.4,23939,6002762.0
2019-07-22,250.0,251.0,248.0,250.0,0.81,20171,5044041.0
2019-07-21,249.0,249.0,246.0,248.0,-0.4,18693,4615182.0
2019-07-18,250.0,250.0,248.0,249.0,-0.4,12148,3024167.0
2019-07-17,247.0,250.0,244.0,250.0,1.63,19613,4856967.0
2019-07-16,248.0,248.0,244.0,246.0,0.82,17511,4282615.0
2019-07-15,245.0,246.0,242.0,244.0,0.83,25278,6139759.0
2019-07-14,245.0,245.0,241.0,242.0,0.0,27549,6663151.0
2019-07-11,248.0,248.0,241.0,242.0,-1.22,60205,14601819.0
2019-07-10,249.0,249.0,242.0,245.0,0.0,37392,9158200.0
2019-07-09,242.0,245.0,242.0,245.0,1.24,28416,6902930.0
2019-07-08,244.0,245.0,241.0,242.0,-0.82,64067,15551559.0
2019-07-07,251.0,254.0,243.0,244.0,-1.61,65875,16213598.0
2019-07-04,254.0,254.0,247.0,248.0,-1.2,37256,9309073.0
2019-07-03,255.0,255.0,245.0,251.0,-1.18,56746,14115536.0
2019-07-02,244.0,256.0,240.0,254.0,4.1,43259,10527862.0
2019-07-01,244.0,246.0,243.0,244.0,-0.81,28820,7027947.0
2019-06-30,251.0,251.0,244.0,246.0,-2.38,132587,32575594.0
2019-06-27,253.0,254.0,252.0,252.0,-0.4,35952,9093905.0
2019-06-26,254.0,255.0,253.0,253.0,-0.78,22573,5732815.0
2019-06-25,256.0,256.0,253.0,255.0,-0.39,99688,25384716.0
2019-06-24,256.0,257.0,255.0,256.0,-0.39,38208,9772253.0
2019-06-23,258.0,259.0,256.0,257.0,-0.39,42566,10945111.0
2019-06-20,258.0,262.0,254.0,258.0,0.39,101817,26402656.0
2019-06-19,255.0,258.0,255.0,257.0,0.39,13439,3443047.0
2019-06-18,260.0,260.0,255.0,256.0,-0.39,41569,10645566.0
2019-06-17,255.0,258.0,253.0,257.0,0.39,20275,5171617.0
2019-06-16,258.0,258.0,254.0,256.0,-0.39,40181,10281348.0
2019-06-13,258.0,259.0,256.0,257.0,-0.39,42902,11041147.0
2019-06-12,258.0,259.0,256.0,258.0,0.39,61862,15910659.0
2019-06-11,259.0,260.0,257.0,257.0,0.0,47066,12152996.0
2019-06-10,264.0,264.0,257.0,257.0,-0.77,39513,10202123.0
2019-06-06,259.0,262.0,258.0,259.0,0.0,48955,12696137.0
2019-06-04,260.0,260.0,257.0,259.0,-0.38,65565,16932710.0
2019-06-03,262.0,264.0,257.0,260.0,-0.76,75150,19511068.0
2019-06-02,264.0,265.0,260.0,262.0,-1.13,49192,12954967.0
2019-05-30,271.0,276.0,264.0,265.0,1.15,234273,62596388.0
2019-05-29,262.0,264.0,261.0,262.0,0.0,46545,12218334.0
2019-05-28,262.0,264.0,260.0,262.0,0.38,47376,12353885.0
2019-05-27,262.0,263.0,259.0,261.0,0.38,50993,13290585.0
2019-05-26,265.0,265.0,259.0,260.0,-1.14,79461,20771512.0
2019-05-23,257.0,266.0,256.0,263.0,2.33,111735,29255000.0
2019-05-22,256.0,259.0,255.0,257.0,0.39,37579,9669053.0
2019-05-21,255.0,260.0,254.0,256.0,-0.39,46682,11990820.0
2019-05-20,259.0,259.0,255.0,257.0,0.0,54082,13885384.0
2019-05-19,260.0,260.0,255.0,257.0,-1.15,84199,21655958.0
2019-05-16,261.0,264.0,258.0,260.0,0.39,191979,50021392.0
2019-05-15,271.0,271.0,259.0,259.0,0.0,562786,148236848.0
2019-05-14,253.0,261.0,251.0,259.0,4.02,214612,55225556.0
2019-05-13,249.0,251.0,248.0,249.0,1.22,60429,15037503.0
2019-05-12,248.0,248.0,242.0,246.0,0.0,42112,10320846.0
2019-05-09,248.0,250.0,246.0,246.0,-0.4,126282,31312142.0
2019-05-08,249.0,250.0,244.0,247.0,0.0,89540,22067604.0
2019-05-07,242.0,249.0,237.0,247.0,3.78,244793,59919888.0
2019-05-06,232.0,239.0,231.0,238.0,2.59,55072,12954643.0
2019-05-05,236.0,237.0,232.0,232.0,-1.69,48358,11294627.0
2019-05-02,235.0,238.0,235.0,236.0,-0.42,33146,7844024.0
2019-04-30,237.0,241.0,236.0,237.0,-0.42,48188,11455812.0
2019-04-29,246.0,246.0,237.0,238.0,-1.65,81450,19494450.0
2019-04-28,244.0,247.0,240.0,242.0,0.41,141208,34325540.0
2019-04-25,242.0,247.0,238.0,241.0,0.84,300510,73034896.0
2019-04-24,233.0,243.0,231.0,239.0,2.58,128926,30598736.0
2019-04-23,233.0,234.0,230.0,233.0,0.0,45851,10638544.0
2019-04-22,241.0,241.0,230.0,233.0,-2.1,122833,28770996.0
2019-04-21,231.0,239.0,229.0,238.0,3.48,184012,43136664.0
2019-04-18,231.0,231.0,227.0,230.0,1.32,98112,22437566.0
2019-04-17,232.0,233.0,226.0,227.0,-0.87,98519,22536662.0
2019-04-16,228.0,229.0,225.0,229.0,1.33,101810,23093448.0
2019-04-15,224.0,227.0,223.0,226.0,0.0,29013,6526222.0
2019-04-11,223.0,227.0,223.0,226.0,0.0,38611,8703721.0
2019-04-10,224.0,226.0,222.0,226.0,0.89,50210,11235158.0
2019-04-09,228.0,228.0,223.0,224.0,-1.32,116761,26189456.0
2019-04-08,239.0,239.0,225.0,227.0,-0.44,174255,39867724.0
2019-04-07,225.0,228.0,220.0,228.0,2.24,98250,22064576.0
2019-04-04,226.0,227.0,220.0,223.0,0.0,111771,25008868.0
2019-04-03,218.0,224.0,216.0,223.0,2.29,188793,41666260.0
2019-04-02,216.0,219.0,215.0,218.0,2.35,184441,40025368.0
2019-04-01,211.0,215.0,210.0,213.0,0.47,22592,4803463.0
2019-03-31,214.0,215.0,211.0,212.0,-0.47,20733,4393367.0
2019-03-28,211.0,213.0,211.0,213.0,0.0,9760,2065660.0
2019-03-27,211.0,214.0,209.0,213.0,1.43,9720,2052490.0
2019-03-26,210.0,211.0,208.0,210.0,-0.47,28927,6077039.0
2019-03-25,209.0,211.0,209.0,211.0,0.48,42204,8864498.0
2019-03-24,210.0,211.0,209.0,210.0,-0.47,32142,6744402.0
2019-03-21,213.0,213.0,210.0,211.0,-0.47,39292,8275757.0
2019-03-19,214.0,217.0,211.0,212.0,-0.47,11532,2447461.0
2019-03-18,215.0,216.0,212.0,213.0,-0.93,27024,5771501.0
2019-03-17,215.0,216.0,214.0,215.0,0.47,49545,10648320.0
2019-03-14,211.0,215.0,211.0,214.0,0.47,91362,19462280.0
2019-03-13,218.0,218.0,212.0,213.0,-2.29,86880,18657446.0
2019-03-12,213.0,219.0,212.0,218.0,2.35,142296,30675476.0
2019-03-11,210.0,213.0,207.0,213.0,1.91,86821,18267236.0
2019-03-10,210.0,210.0,207.0,209.0,-0.48,11511,2401945.0
2019-03-07,210.0,211.0,205.0,210.0,-0.94,61658,12828526.0
2019-03-06,203.0,214.0,203.0,212.0,4.95,71901,14670082.0
2019-03-05,204.0,206.0,202.0,202.0,-1.46,31789,6463781.0
2019-03-03,205.0,206.0,204.0,205.0,0.0,14947,3055589.0
2019-02-27,206.0,206.0,204.0,205.0,0.99,14370,2940662.0
2019-02-26,209.0,209.0,203.0,203.0,-0.98,8455,1721852.0
2019-02-25,204.0,205.0,203.0,205.0,0.49,17965,3655094.0
2019-02-24,204.0,205.0,203.0,204.0,-0.97,13639,2777091.0
2019-02-21,205.0,207.0,204.0,206.0,0.49,7647,1570208.0
2019-02-20,212.0,212.0,205.0,205.0,-1.91,13284,2729246.0
2019-02-19,205.0,209.0,204.0,209.0,1.95,22990,4731816.0
2019-02-18,203.0,206.0,203.0,205.0,0.0,16940,3471232.0
2019-02-17,208.0,208.0,203.0,205.0,0.0,27572,5633264.0
2019-02-14,204.0,206.0,204.0,205.0,-0.49,57775,11823591.0
2019-02-13,211.0,211.0,206.0,206.0,-0.48,30826,6368070.0
2019-02-12,213.0,213.0,206.0,207.0,-1.43,33729,6994076.0
2019-02-11,208.0,210.0,207.0,210.0,0.96,45056,9385982.0
2019-02-10,211.0,211.0,208.0,208.0,-0.95,24166,5047203.0
2019-02-07,209.0,211.0,209.0,210.0,0.0,26403,5536021.0
2019-02-06,212.0,212.0,209.0,210.0,-0.94,28465,5985449.0
2019-02-05,213.0,213.0,211.0,212.0,0.0,18991,4024977.0
2019-02-04,212.0,215.0,210.0,212.0,0.0,10543,2227134.0
2019-02-03,213.0,214.0,211.0,212.0,-0.47,9845,2085190.0
2019-01-31,213.0,214.0,212.0,213.0,-0.47,16670,3537612.0
2019-01-30,211.0,215.0,211.0,214.0,1.42,9216,1957483.0
2019-01-29,211.0,213.0,211.0,211.0,-0.94,38365,8107635.0
2019-01-28,211.0,213.0,211.0,213.0,0.95,22754,4822645.0
2019-01-27,212.0,214.0,210.0,211.0,-0.47,39408,8352155.0
2019-01-24,214.0,215.0,212.0,212.0,-0.93,25647,5474762.0
2019-01-23,212.0,216.0,212.0,214.0,-0.93,13631,2930294.0
2019-01-22,212.0,217.0,212.0,216.0,0.93,9552,2060183.0
2019-01-21,215.0,216.0,213.0,214.0,-0.93,26344,5640386.0
2019-01-20,216.0,217.0,215.0,216.0,-0.46,9994,2156407.0
2019-01-17,216.0,218.0,216.0,217.0,0.46,27724,6011291.0
2019-01-16,219.0,221.0,216.0,216.0,-1.37,27276,5934778.0
2019-01-15,219.0,222.0,219.0,219.0,0.46,28276,6223801.0
2019-01-14,221.0,221.0,218.0,218.0,0.0,27254,5945842.0
2019-01-13,220.0,220.0,218.0,218.0,-0.91,24887,5445872.0
2019-01-10,220.0,220.0,218.0,220.0,0.46,38460,8416053.0
2019-01-09,221.0,221.0,218.0,219.0,0.46,49740,10891527.0
2019-01-08,223.0,223.0,218.0,218.0,-0.91,55531,12135088.0
2019-01-07,221.0,221.0,217.0,220.0,0.92,73795,16165116.0
2019-01-06,217.0,221.0,215.0,218.0,2.35,152776,33208220.0
2019-01-03,214.0,215.0,211.0,213.0,0.0,53419,11360507.0
2019-01-02,213.0,215.0,211.0,213.0,0.0,24094,5112273.0
2019-01-01,215.0,215.0,211.0,213.0,0.47,50232,10644387.0
2018-12-31,214.0,215.0,212.0,212.0,-0.93,43303,9231541.0
2018-12-30,218.0,219.0,214.0,214.0,-0.93,73471,15802895.0
2018-12-27,221.0,224.0,215.0,216.0,-0.46,138829,30274204.0
2018-12-26,213.0,218.0,213.0,217.0,1.4,100920,21836624.0
2018-12-25,213.0,214.0,210.0,214.0,0.47,27734,5876283.0
2018-12-24,219.0,219.0,213.0,213.0,-1.39,78087,16742181.0
2018-12-23,214.0,224.0,213.0,216.0,2.86,103882,22415688.0
2018-12-20,213.0,215.0,208.0,210.0,0.0,51540,10856659.0
2018-12-19,208.0,210.0,207.0,210.0,-0.94,51397,10702294.0
2018-12-18,224.0,224.0,210.0,212.0,-4.07,132824,28192796.0
2018-12-17,213.0,221.0,213.0,221.0,2.31,48768,10593330.0
2018-12-16,212.0,217.0,211.0,216.0,3.35,80901,17340052.0
2018-12-13,206.0,210.0,205.0,209.0,1.95,45488,9415016.0
2018-12-12,202.0,205.0,202.0,205.0,0.49,32638,6651078.0
2018-12-11,205.0,206.0,203.0,204.0,-0.97,24567,5020591.0
2018-12-10,201.0,206.0,201.0,206.0,1.48,52701,10750100.0
2018-12-09,200.0,203.0,199.0,203.0,2.01,27416,5500576.0
2018-12-06,198.0,205.0,197.0,199.0,-1.0,49473,9909207.0
2018-12-05,207.0,207.0,200.0,201.0,-1.95,16980,3425588.0
2018-12-04,201.0,206.0,200.0,205.0,0.99,18730,3795464.0
2018-12-03,201.0,206.0,200.0,203.0,1.0,24746,5006397.0
2018-12-02,200.0,202.0,199.0,201.0,-1.47,46682,9356522.0
2018-11-29,208.0,208.0,203.0,204.0,-2.39,36635,7512404.0
2018-11-28,210.0,210.0,206.0,209.0,0.0,26637,5575772.0
2018-11-27,210.0,211.0,207.0,209.0,-0.48,49875,10409039.0
2018-11-26,214.0,214.0,207.0,210.0,-0.94,42738,8965230.0
2018-11-25,206.0,212.0,206.0,212.0,0.95,17537,3695945.0
2018-11-22,211.0,212.0,210.0,210.0,0.0,18953,3998025.0
2018-11-21,212.0,212.0,208.0,210.0,0.0,3409,715978.0
2018-11-20,206.0,212.0,206.0,210.0,0.0,7979,1667600.0
2018-11-19,206.0,214.0,207.0,210.0,0.0,8214,1712312.0
2018-11-18,211.0,214.0,209.0,210.0,-2.33,21445,4510725.0
2018-11-15,213.0,216.0,212.0,215.0,0.94,30416,6496209.0
2018-11-14,211.0,215.0,210.0,213.0,0.47,21516,4556244.0
2018-11-13,212.0,215.0,209.0,212.0,1.44,9192,1950829.0
2018-11-12,210.0,210.0,208.0,209.0,-0.48,9915,2069310.0
2018-11-11,214.0,214.0,210.0,210.0,-1.87,4324,914085.0
2018-11-06,214.0,217.0,210.0,214.0,0.0,2050,440200.0
2018-11-05,208.0,216.0,208.0,214.0,1.9,7418,1587193.0
2018-11-04,212.0,215.0,210.0,210.0,-0.94,13904,2928463.0
2018-11-01,211.0,215.0,211.0,212.0,0.0,9067,1929633.0
2018-10-31,213.0,213.0,212.0,212.0,-1.4,4774,1015238.0
2018-10-30,212.0,215.0,211.0,215.0,1.42,9423,2002703.0
2018-10-29,211.0,216.0,207.0,212.0,-1.4,23879,5081971.0
2018-10-28,217.0,218.0,214.0,215.0,-0.92,23409,5038926.0
2018-10-25,220.0,220.0,216.0,217.0,-0.91,12206,2659522.0
2018-10-24,219.0,220.0,217.0,219.0,0.0,9327,2035246.0
2018-10-23,220.0,220.0,217.0,219.0,-0.45,6651,1449793.0
2018-10-22,216.0,220.0,215.0,220.0,0.46,10092,2213359.0
2018-10-21,220.0,221.0,217.0,219.0,1.39,13468,2947981.0
2018-10-15,221.0,219.0,215.0,216.0,-0.46,23045,4989646.0
2018-10-14,217.0,217.0,214.0,217.0,1.4,26832,5781089.0
2018-10-11,211.0,214.0,204.0,214.0,-0.47,36545,7701857.0
2018-10-10,211.0,216.0,211.0,215.0,0.94,12175,2616325.0
2018-10-09,213.0,215.0,210.0,213.0,0.0,47020,9980425.0
2018-10-08,211.0,215.0,211.0,213.0,1.43,59314,12621448.0
2018-10-07,211.0,215.0,208.0,210.0,-1.41,33998,7163716.0
2018-10-04,212.0,216.0,211.0,213.0,-0.93,38819,8268377.0
2018-10-03,216.0,218.0,215.0,215.0,-1.83,42422,9157421.0
2018-10-02,216.0,220.0,216.0,219.0,1.39,17899,3898153.0
2018-10-01,222.0,222.0,215.0,216.0,-2.26,42162,9171170.0
2018-09-30,222.0,224.0,219.0,221.0,-0.9,46746,10336657.0
2018-09-27,228.0,228.0,222.0,223.0,-1.76,43345,9723538.0
2018-09-26,228.0,236.0,222.0,227.0,0.44,98580,22423902.0
2018-09-25,218.0,228.0,217.0,226.0,4.67,151192,33562508.0
2018-09-23,211.0,216.0,207.0,214.0,2.39,49612,10528494.0
2018-09-20,206.0,212.0,206.0,209.0,0.97,22285,4644629.0
2018-09-18,207.0,209.0,205.0,207.0,0.49,21717,4491878.0
2018-09-17,209.0,212.0,206.0,206.0,-1.9,84203,17573008.0
2018-09-16,214.0,217.0,208.0,210.0,0.0,205998,43648264.0
2018-09-13,202.0,210.0,201.0,210.0,5.0,120800,24745918.0
2018-09-12,199.0,200.0,193.0,200.0,2.04,27606,5461198.0
2018-09-11,194.0,197.0,192.0,196.0,0.51,34180,6661524.0
2018-09-10,191.0,195.0,191.0,195.0,1.04,33810,6476338.0
2018-09-09,195.0,199.0,191.0,193.0,-1.53,31082,6034548.0
2018-09-06,196.0,205.0,193.0,196.0,0.0,105374,20904236.0
2018-09-05,187.0,198.0,185.0,196.0,6.52,89838,17456564.0
2018-09-04,189.0,189.0,183.0,184.0,-1.08,44221,8223127.0
2018-09-03,182.0,187.0,181.0,186.0,2.76,42685,7853978.0
2018-09-02,181.0,183.0,179.0,181.0,0.56,19630,3544619.0
2018-08-30,178.0,181.0,176.0,180.0,0.0,25663,4593261.0
2018-08-29,176.0,180.0,176.0,180.0,0.56,4112,727902.0
2018-08-28,183.0,183.0,176.0,179.0,-1.11,6993,1240876.0
2018-08-26,180.0,181.0,176.0,181.0,1.69,5325,944670.0
2018-08-23,175.0,179.0,175.0,178.0,0.0,6809,1195742.0
2018-08-22,175.0,180.0,175.0,178.0,0.0,12740,2238926.0
2018-08-21,176.0,179.0,176.0,178.0,0.0,7342,1297226.0
2018-08-20,176.0,180.0,174.0,178.0,-0.56,11207,1971342.0
2018-08-19,183.0,183.0,177.0,179.0,-0.56,10134,1822384.0
2018-08-16,179.0,182.0,176.0,180.0,0.0,37010,6645641.0
2018-08-15,178.0,181.0,174.0,180.0,1.12,13144,2337700.0
2018-08-14,176.0,178.0,172.0,178.0,2.89,27960,4842115.0
2018-08-13,174.0,177.0,172.0,173.0,-0.57,3498,608424.0
2018-08-12,175.0,178.0,172.0,174.0,-2.25,15180,2627891.0
2018-08-09,177.0,180.0,176.0,178.0,-1.11,5208,926423.0
2018-08-08,181.0,181.0,178.0,180.0,1.12,889,159061.0
2018-08-07,181.0,180.0,178.0,178.0,0.0,7843,1406920.0
2018-08-06,176.0,180.0,176.0,178.0,0.0,3116,555580.0
2018-08-05,179.0,181.0,176.0,178.0,-2.2,7646,1363026.0
2018-08-02,185.0,184.0,179.0,182.0,0.0,11035,1982697.0
2018-08-01,183.0,186.0,179.0,182.0,-1.62,10923,1968520.0
2018-07-31,190.0,190.0,181.0,185.0,-1.07,22872,4188823.0
2018-07-30,233.0,234.0,228.0,231.0,0.87,136802,31505648.0
2018-07-29,235.0,235.0,228.0,229.0,-2.55,38599,8937936.0
2018-07-26,233.0,235.0,232.0,235.0,2.17,14310,3343191.0
2018-07-25,237.0,239.0,230.0,230.0,-2.13,46608,10912644.0
2018-07-24,238.0,244.0,235.0,235.0,0.0,24560,5847529.0
2018-07-23,231.0,239.0,231.0,235.0,0.0,7973,1880808.0
2018-07-22,243.0,243.0,234.0,235.0,-2.89,43939,10420874.0
2018-07-19,249.0,249.0,240.0,242.0,-2.81,24519,5925924.0
2018-07-18,246.0,249.0,241.0,249.0,2.89,10308,2502613.0
2018-07-17,247.0,253.0,242.0,242.0,-3.2,12933,3165734.0
2018-07-16,250.0,252.0,245.0,250.0,-0.4,4270,1055885.0
2018-07-15,241.0,251.0,241.0,251.0,4.15,11066,2725002.0
2018-07-12,255.0,255.0,241.0,241.0,-5.12,14583,3556967.0
2018-07-11,250.0,254.0,242.0,254.0,2.42,37589,9272589.0
2018-07-10,254.0,255.0,248.0,248.0,-1.59,18160,4564976.0
2018-07-09,252.0,255.0,245.0,252.0,0.8,26723,6634608.0
2018-07-08,255.0,267.0,247.0,250.0,-1.57,67147,17109772.0
2018-07-05,239.0,255.0,238.0,254.0,8.09,18890,4630204.0
2018-07-04,234.0,237.0,230.0,235.0,0.86,12590,2947812.0
2018-07-03,228.0,233.0,227.0,233.0,0.87,2898,663404.0
2018-07-02,230.0,231.0,226.0,231.0,0.0,7329,1672304.0
2018-07-01,231.0,235.0,230.0,231.0,-1.7,9913,2291237.0
2018-06-28,237.0,244.0,235.0,235.0,0.0,12343,2950490.0
2018-06-27,231.0,237.0,231.0,235.0,0.86,5466,1284564.0
2018-06-26,240.0,240.0,233.0,233.0,-2.51,1807,422792.0
2018-06-25,237.0,242.0,235.0,239.0,0.42,6867,1629536.0
2018-06-24,238.0,242.0,238.0,238.0,-0.83,11171,2673664.0
2018-06-21,244.0,244.0,240.0,240.0,0.0,1781,427610.0
2018-06-20,242.0,242.0,239.0,240.0,-1.64,7505,1804210.0
2018-06-19,245.0,248.0,240.0,244.0,-2.4,5762,1392098.0
2018-06-18,246.0,250.0,240.0,250.0,2.04,3506,851012.0
2018-06-17,250.0,250.0,245.0,245.0,-3.92,8217,2027023.0
2018-06-14,248.0,255.0,241.0,255.0,0.79,6003,1481909.0
2018-06-13,244.0,253.0,239.0,253.0,2.85,5846,1425029.0
2018-06-12,242.0,249.0,235.0,246.0,1.23,22472,5417918.0
2018-06-11,252.0,254.0,243.0,243.0,-3.57,15884,3944275.0
2018-06-10,254.0,254.0,241.0,252.0,-2.33,7404,1821907.0
2018-06-07,258.0,260.0,249.0,258.0,-1.9,36474,9218333.0
2018-06-06,264.0,264.0,259.0,263.0,1.54,675,175275.0
2018-06-04,256.0,262.0,253.0,259.0,0.0,8473,2171885.0
2018-06-03,260.0,263.0,251.0,259.0,-2.26,12808,3267504.0
2018-05-31,261.0,265.0,261.0,265.0,0.0,3171,833541.0
2018-05-30,272.0,277.0,265.0,265.0,-1.49,5049,1373030.0
2018-05-29,273.0,275.0,264.0,269.0,0.37,7861,2098634.0
2018-05-28,254.0,268.0,254.0,268.0,5.51,6715,1751594.0
2018-05-27,258.0,258.0,251.0,254.0,-2.68,3359,857408.0
2018-05-24,266.0,266.0,256.0,261.0,-3.33,16397,4266026.0
2018-05-23,274.0,274.0,264.0,270.0,-0.74,18223,4834031.0
2018-05-22,269.0,275.0,269.0,272.0,-0.73,19965,5397874.0
2018-05-21,280.0,280.0,270.0,274.0,-1.79,9204,2506927.0
2018-05-20,280.0,285.0,275.0,279.0,0.36,12325,3409595.0
2018-05-17,275.0,280.0,272.0,278.0,0.72,24251,6634501.0
2018-05-16,273.0,276.0,272.0,276.0,0.0,2842,774637.0
2018-05-15,274.0,278.0,273.0,276.0,-1.08,553,151613.0
2018-05-14,286.0,286.0,273.0,279.0,-0.71,8024,2210267.0
2018-05-10,277.0,284.0,274.0,281.0,0.36,7992,2244474.0
2018-05-09,281.0,283.0,278.0,280.0,-0.36,7025,1971835.0
2018-05-08,281.0,281.0,278.0,281.0,0.72,2326,649712.0
2018-05-07,277.0,284.0,277.0,279.0,0.72,9054,2524492.0
2018-05-06,280.0,281.0,275.0,277.0,-1.07,6634,1846401.0
2018-05-03,282.0,288.0,277.0,280.0,0.72,19562,5491014.0
2018-05-02,275.0,283.0,273.0,278.0,0.0,7246,2002730.0
2018-04-29,280.0,280.0,273.0,278.0,0.36,15237,4206121.0
2018-04-26,280.0,285.0,276.0,277.0,-1.77,9036,2520678.0
2018-04-25,282.0,286.0,280.0,282.0,-1.74,26924,7587681.0
2018-04-24,280.0,290.0,277.0,287.0,0.7,15389,4368368.0
2018-04-23,295.0,302.0,280.0,285.0,-4.04,67668,19706874.0
2018-04-22,285.0,297.0,280.0,297.0,6.07,34184,9791362.0
2018-04-19,279.0,290.0,277.0,280.0,0.36,51315,14464707.0
2018-04-18,275.0,290.0,263.0,279.0,3.33,43771,12030842.0
2018-04-17,264.0,278.0,260.0,270.0,3.45,31100,8255769.0
2018-04-16,254.0,264.0,254.0,261.0,0.77,22041,5722422.0
2018-04-15,250.0,259.0,245.0,259.0,1.57,3349,838438.0
2018-04-12,253.0,258.0,252.0,255.0,0.39,8909,2259248.0
2018-04-11,248.0,254.0,246.0,254.0,0.4,7101,1771445.0
2018-04-10,250.0,255.0,244.0,253.0,0.0,10477,2607550.0
2018-04-09,262.0,262.0,250.0,253.0,-2.32,43027,11008362.0
2018-04-08,245.0,266.0,245.0,259.0,6.58,43758,10908175.0
2018-04-05,236.0,246.0,235.0,243.0,1.25,27954,6704693.0
2018-04-04,237.0,242.0,232.0,240.0,2.56,35460,8353301.0
2018-04-03,233.0,234.0,226.0,234.0,1.74,13615,3133964.0
2018-04-02,225.0,231.0,225.0,230.0,1.77,4627,1055333.0
2018-04-01,228.0,230.0,222.0,226.0,-2.16,17769,4027960.0
2018-03-29,225.0,240.0,225.0,231.0,1.32,17799,4084170.0
2018-03-28,233.0,236.0,224.0,228.0,-1.72,39484,8978471.0
2018-03-27,227.0,236.0,217.0,232.0,0.87,38051,8499568.0
2018-03-26,248.0,248.0,228.0,230.0,-9.09,58023,13493783.0
2018-03-22,250.0,258.0,248.0,253.0,-0.39,21802,5478987.0
2018-03-21,260.0,260.0,251.0,254.0,-3.79,30164,7662423.0
2018-03-20,267.0,269.0,263.0,264.0,-2.58,59651,15837263.0
2018-03-19,273.0,273.0,268.0,271.0,-0.73,15961,4334497.0
2018-03-18,275.0,276.0,260.0,273.0,-2.5,86202,23267952.0
2018-03-15,279.0,285.0,278.0,280.0,1.08,7018,1963680.0
2018-03-14,276.0,279.0,275.0,277.0,0.0,5596,1549146.0
2018-03-13,282.0,284.0,274.0,277.0,0.0,8894,2454333.0
2018-03-12,285.0,285.0,272.0,277.0,-1.07,19358,5389548.0
2018-03-11,285.0,287.0,279.0,280.0,-3.45,10631,2991493.0
2018-03-07,290.0,293.0,287.0,290.0,0.0,19466,5635649.0
2018-03-06,285.0,299.0,275.0,290.0,0.69,44085,12521780.0
2018-03-05,300.0,302.0,288.0,288.0,-3.03,21721,6344185.0
2018-03-04,300.0,300.0,290.0,297.0,-2.94,35338,10399382.0
2018-02-28,312.0,314.0,305.0,306.0,-1.92,25450,7842132.0
2018-02-27,313.0,317.0,308.0,312.0,-0.32,11520,3588679.0
2018-02-26,316.0,316.0,308.0,313.0,0.0,8552,2654438.0
2018-02-25,315.0,315.0,309.0,313.0,-0.95,11432,3568082.0
2018-02-22,315.0,320.0,311.0,316.0,0.32,11643,3669994.0
2018-02-21,314.0,319.0,313.0,315.0,-0.94,12636,3979290.0
2018-02-20,324.0,324.0,316.0,318.0,-1.85,7946,2533302.0
2018-02-18,332.0,333.0,320.0,324.0,-1.22,24656,8016256.0
2018-02-15,318.0,330.0,317.0,328.0,0.0,24377,7848994.0
2018-02-14,314.0,318.0,312.0,318.0,0.0,8080,2533516.0
2018-02-12,319.0,318.0,311.0,314.0,0.0,6249,1953834.0
2018-02-11,320.0,323.0,310.0,319.0,0.0,8313,2604839.0
2018-02-08,315.0,320.0,310.0,320.0,0.0,5116,1615026.0
2018-02-07,320.0,318.0,313.0,315.0,0.0,20612,6480887.0
2018-02-06,322.0,322.0,318.0,320.0,0.0,4141,1326191.0
2018-02-05,322.0,327.0,320.0,322.0,0.0,11868,3811776.0
2018-02-04,327.0,330.0,322.0,322.0,0.0,14302,4631134.0
2018-02-01,325.0,332.0,322.0,327.0,0.0,9311,3028198.0
2018-01-31,325.0,326.0,321.0,325.0,0.0,18660,6032950.0
2018-01-29,327.0,329.0,323.0,325.0,0.0,3654,1189508.0
2018-01-28,325.0,330.0,324.0,327.0,0.0,12544,4081139.0
2018-01-25,317.0,325.0,320.0,325.0,0.0,10217,3293665.0
2018-01-24,321.0,324.0,316.0,317.0,0.0,15886,5045249.0
2018-01-23,326.0,325.0,317.0,321.0,0.0,10924,3489796.0
2018-01-22,326.0,328.0,323.0,326.0,0.0,15536,5059167.0
2018-01-21,322.0,337.0,320.0,326.0,0.0,12743,4095113.0
2018-01-17,326.0,325.0,321.0,322.0,0.0,11891,3828174.0
2018-01-16,331.0,329.0,325.0,326.0,0.0,9545,3119921.0
2018-01-14,335.0,335.0,328.0,331.0,0.0,15621,5145317.0
2018-01-10,334.0,336.0,330.0,335.0,0.0,10041,3339749.0
2018-01-09,331.0,335.0,329.0,334.0,0.0,17306,5749558.0
2018-01-08,332.0,340.0,329.0,331.0,0.0,17383,5750384.0
2018-01-07,336.0,335.0,331.0,332.0,0.0,14543,4835624.0
2018-01-04,335.0,336.0,330.0,336.0,0.0,16443,5453513.0
2018-01-03,336.0,336.0,330.0,335.0,0.0,18474,6135723.0
2018-01-02,340.0,342.0,334.0,336.0,0.0,19696,6636659.0
2018-01-01,336.0,340.0,332.0,340.0,0.0,29672,9978513.0
2017-12-31,340.0,336.0,329.0,336.0,0.0,27251,9049955.0
2017-12-28,340.0,346.0,330.0,340.0,0.0,27618,9276629.0
2017-12-27,343.0,343.0,338.0,340.0,0.0,74105,25201720.0
2017-12-26,353.0,350.0,339.0,343.0,0.0,31883,10896220.0
2017-12-24,349.0,360.0,345.0,353.0,0.0,19514,6808140.0
2017-12-21,351.0,352.0,348.0,349.0,0.0,24729,8657328.0
2017-12-20,355.0,356.0,348.0,351.0,0.0,10450,3675244.0
2017-12-19,352.0,355.0,350.0,355.0,0.0,15673,5503591.0
2017-12-18,358.0,361.0,352.0,352.0,0.0,35232,12590339.0
2017-12-17,358.0,360.0,354.0,358.0,0.0,30400,10837151.0
2017-12-14,360.0,360.0,358.0,358.0,0.0,6971,2504566.0
2017-12-13,357.0,361.0,354.0,360.0,0.0,16021,5759907.0
2017-12-12,368.0,365.0,357.0,357.0,0.0,38560,13909732.0
2017-12-11,363.0,370.0,360.0,368.0,0.0,22252,8063731.0
2017-12-10,367.0,374.0,360.0,363.0,0.0,32697,11963122.0
2017-12-06,363.0,367.0,358.0,367.0,0.0,18511,6771944.0
2017-12-05,365.0,367.0,360.0,363.0,0.0,15988,5793924.0
2017-12-04,366.0,369.0,350.0,365.0,0.0,81826,29330024.0
2017-11-30,365.0,369.0,351.0,366.0,0.0,64811,23184512.0
2017-11-29,359.0,372.0,355.0,365.0,0.0,118263,42803952.0
2017-11-28,357.0,360.0,350.0,359.0,0.0,71358,25215254.0
2017-11-27,349.0,360.0,349.0,357.0,0.0,63418,22700316.0
2017-11-26,344.0,351.0,344.0,349.0,0.0,33221,11564366.0
2017-11-23,344.0,349.0,343.0,344.0,0.0,9500,3275896.0
2017-11-22,340.0,345.0,340.0,344.0,0.0,4686,1600506.0
2017-11-21,340.0,344.0,337.0,340.0,0.0,13308,4529030.0
2017-11-20,341.0,344.0,332.0,340.0,0.0,16358,5562598.0
2017-11-19,350.0,345.0,340.0,341.0,0.0,12209,4168583.0
2017-11-16,344.0,350.0,340.0,350.0,0.0,12699,4376522.0
2017-11-15,345.0,351.0,342.0,344.0,0.0,26113,9025208.0
2017-11-14,345.0,350.0,343.0,345.0,0.0,15907,5500858.0
2017-11-13,345.0,346.0,339.0,345.0,0.0,10276,3517968.0
2017-11-12,342.0,345.0,337.0,345.0,0.0,13383,4571197.0
2017-11-09,342.0,346.0,335.0,342.0,0.0,14302,4847948.0
2017-11-08,344.0,343.0,338.0,342.0,0.0,24726,8399570.0
2017-11-07,349.0,355.0,340.0,344.0,0.0,18257,6314235.0
2017-11-06,348.0,351.0,342.0,349.0,0.0,33649,11616534.0
2017-11-05,355.0,355.0,343.0,348.0,0.0,27622,9564947.0
2017-11-02,359.0,358.0,352.0,355.0,0.0,7205,2550810.0
2017-11-01,360.0,359.0,353.0,359.0,0.0,12403,4417932.0
2017-10-31,363.0,360.0,356.0,360.0,0.0,13652,4890315.0
2017-10-30,355.0,365.0,353.0,363.0,0.0,22802,8138739.0
2017-10-29,363.0,362.0,353.0,355.0,0.0,13678,4897811.0
2017-10-25,365.0,368.0,361.0,363.0,0.0,7938,2893333.0
2017-10-24,365.0,367.0,362.0,365.0,0.0,19874,7235028.0
2017-10-23,370.0,370.0,365.0,365.0,0.0,10957,4034951.0
2017-10-22,367.0,380.0,361.0,370.0,0.0,25700,9595298.0
2017-10-18,363.0,369.0,360.0,367.0,0.0,21002,7637155.0
2017-10-17,365.0,372.0,355.0,363.0,0.0,27538,10021574.0
2017-10-16,352.0,365.0,354.0,365.0,0.0,24093,8578727.0
2017-10-15,354.0,352.0,349.0,352.0,0.0,17775,6221689.0
2017-10-12,345.0,354.0,340.0,354.0,0.0,15854,5540477.0
2017-10-11,343.0,350.0,340.0,345.0,0.0,10495,3624902.0
2017-10-10,345.0,350.0,341.0,343.0,0.0,8087,2791935.0
2017-10-09,342.0,350.0,344.0,345.0,0.0,7252,2509412.0
2017-10-08,351.0,346.0,340.0,342.0,0.0,12060,4137859.0
2017-10-04,357.0,359.0,350.0,351.0,0.0,25783,9080192.0
2017-10-03,353.0,357.0,350.0,357.0,0.0,7420,2619228.0
2017-09-26,352.0,358.0,349.0,353.0,0.0,5313,1874797.0
2017-09-25,349.0,354.0,343.0,352.0,0.0,7766,2724184.0
2017-09-24,352.0,355.0,345.0,349.0,0.0,5722,1994508.0
2017-09-20,351.0,354.0,347.0,352.0,0.0,9313,3269727.0
2017-09-18,355.0,358.0,350.0,351.0,0.0,15944,5620655.0
2017-09-17,355.0,360.0,347.0,355.0,0.0,24109,8469189.0
2017-09-14,345.0,357.0,346.0,355.0,0.0,16813,5892316.0
2017-09-13,345.0,354.0,336.0,345.0,0.0,25259,8703687.0
2017-09-12,352.0,349.0,342.0,345.0,0.0,16736,5771448.0
2017-09-11,345.0,357.0,339.0,352.0,0.0,23301,8103424.0
2017-09-10,355.0,358.0,345.0,345.0,0.0,43385,15176202.0
2017-09-07,364.0,369.0,355.0,355.0,0.0,23180,8287202.0
2017-09-06,358.0,366.0,357.0,364.0,0.0,11876,4302383.0
2017-09-04,365.0,370.0,358.0,358.0,0.0,54940,19910882.0
2017-08-31,366.0,370.0,362.0,365.0,0.0,20832,7605817.0
2017-08-30,369.0,370.0,359.0,366.0,0.0,21049,7673131.0
2017-08-28,376.0,376.0,364.0,369.0,0.0,11750,4347921.0
2017-08-27,370.0,376.0,369.0,376.0,0.0,28744,10700753.0
2017-08-24,372.0,373.0,368.0,370.0,0.0,22952,8487949.0
2017-08-23,374.0,377.0,370.0,372.0,0.0,18831,6995715.0
2017-08-22,365.0,380.0,365.0,374.0,0.0,27224,10148284.0
2017-08-21,364.0,368.0,363.0,365.0,0.0,16974,6201859.0
2017-08-20,366.0,380.0,362.0,364.0,0.0,88443,32620436.0
2017-08-17,366.0,368.0,364.0,366.0,0.0,15442,5640258.0
2017-08-16,365.0,371.0,365.0,366.0,0.0,20794,7644374.0
2017-08-15,370.0,375.0,363.0,365.0,0.0,12864,4711379.0
2017-08-13,370.0,375.0,366.0,370.0,0.0,29899,11052146.0
2017-08-10,370.0,374.0,366.0,370.0,0.0,24594,9076931.0
2017-08-09,375.0,380.0,369.0,370.0,0.0,14761,5501684.0
2017-08-07,376.0,379.0,374.0,375.0,0.0,22398,8420802.0
2017-08-06,379.0,382.0,376.0,376.0,0.0,17021,6438565.0
2017-08-03,379.0,382.0,377.0,379.0,0.0,37121,14084303.0
2017-08-02,382.0,387.0,378.0,379.0,0.0,44950,17070996.0
2017-08-01,379.0,383.0,379.0,382.0,0.0,35402,13479192.0
2017-07-31,380.0,387.0,379.0,379.0,0.0,19893,7572158.0
2017-07-30,392.0,389.0,379.0,380.0,0.0,44260,16880672.0
2017-07-27,376.0,392.0,372.0,392.0,0.0,44274,16777824.0
2017-07-26,380.0,385.0,375.0,376.0,0.0,26117,9884558.0
2017-07-25,380.0,385.0,379.0,380.0,0.0,16900,6432691.0
2017-07-24,385.0,386.0,380.0,380.0,0.0,34169,13037935.0
2017-07-23,390.0,390.0,383.0,385.0,0.0,23418,9026112.0
2017-07-20,387.0,396.0,384.0,390.0,0.0,47012,18286402.0
2017-07-19,390.0,394.0,383.0,387.0,0.0,27669,10747318.0
2017-07-18,385.0,396.0,387.0,390.0,0.0,48642,19012056.0
2017-07-17,383.0,390.0,385.0,385.0,0.0,16430,6361207.0
2017-07-16,383.0,390.0,380.0,383.0,0.0,51199,19717272.0
2017-07-13,388.0,392.0,383.0,383.0,0.0,68695,26587796.0
2017-07-12,398.0,405.0,385.0,388.0,0.0,63459,24784320.0
2017-07-11,395.0,401.0,386.0,398.0,0.0,61152,24254620.0
2017-07-10,390.0,400.0,386.0,395.0,0.0,56410,22149032.0
2017-07-09,401.0,415.0,378.0,390.0,0.0,113998,45296864.0
2017-07-06,385.0,404.0,380.0,401.0,0.0,85588,33580204.0
2017-07-05,371.0,389.0,368.0,385.0,0.0,42454,15881842.0
2017-07-04,364.0,371.0,364.0,371.0,0.0,23850,8750340.0
2017-07-03,362.0,373.0,360.0,364.0,0.0,30484,11179536.0
2017-07-02,372.0,372.0,360.0,362.0,0.0,25607,9330317.0
2017-06-28,365.0,373.0,362.0,372.0,0.0,46208,17070772.0
2017-06-27,377.0,372.0,358.0,365.0,0.0,30038,10963542.0
2017-06-25,359.0,379.0,355.0,377.0,0.0,47209,17118284.0
2017-06-22,359.0,366.0,352.0,359.0,0.0,47173,16972246.0
2017-06-21,359.0,365.0,350.0,359.0,0.0,39523,14039917.0
2017-06-20,384.0,391.0,348.0,359.0,0.0,81628,29512872.0
2017-05-30,388.0,388.0,378.0,384.0,0.0,27891,10680101.0
2017-05-28,400.0,393.0,386.0,388.0,0.0,30611,11905877.0
2017-05-24,392.0,400.0,385.0,400.0,0.0,20369,8001598.0
2017-05-23,390.0,400.0,390.0,392.0,0.0,25549,10078898.0
2017-05-22,383.0,399.0,380.0,390.0,0.0,19336,7480302.0
2017-05-21,394.0,398.0,380.0,383.0,0.0,28619,10976108.0
2017-05-18,400.0,396.0,385.0,394.0,0.0,72546,28192068.0
2017-05-17,412.0,408.0,399.0,400.0,0.0,86351,34815924.0
2017-05-16,413.0,414.0,407.0,412.0,0.0,26381,10815635.0
2017-05-15,419.0,425.0,407.0,413.0,0.0,41270,16940452.0
2017-05-11,420.0,422.0,415.0,419.0,0.0,25580,10711642.0
2017-05-09,415.0,423.0,406.0,420.0,0.0,41703,17326920.0
2017-05-08,400.0,415.0,401.0,415.0,0.0,32334,13190887.0
2017-05-07,412.0,413.0,397.0,400.0,0.0,58244,23490442.0
2017-05-04,415.0,415.0,408.0,412.0,0.0,27630,11400632.0
2017-05-03,414.0,422.0,413.0,415.0,0.0,33978,14108869.0
2017-05-02,415.0,422.0,407.0,414.0,0.0,60478,25110216.0
2017-04-30,422.0,428.0,411.0,415.0,0.0,59173,24617092.0
2017-04-27,425.0,429.0,410.0,422.0,0.0,87129,36575872.0
2017-04-26,433.0,435.0,421.0,425.0,0.0,78017,33321384.0
2017-04-25,439.0,436.0,426.0,433.0,0.0,71754,30947820.0
2017-04-24,442.0,445.0,434.0,439.0,0.0,65538,28659648.0
2017-04-23,432.0,465.0,436.0,442.0,0.0,79935,35610680.0
2017-04-20,436.0,449.0,425.0,432.0,0.0,103204,44803296.0
2017-04-19,424.0,440.0,420.0,436.0,0.0,72590,31303104.0
2017-04-18,438.0,445.0,417.0,424.0,0.0,135688,57511716.0
2017-04-16,454.0,459.0,435.0,438.0,0.0,189147,84157120.0
2017-04-13,464.0,473.0,438.0,454.0,0.0,381761,174488736.0
2017-04-12,452.0,465.0,441.0,464.0,0.0,207688,94616800.0
2017-04-11,437.0,460.0,437.0,452.0,0.0,201913,90548632.0
2017-04-10,437.0,440.0,430.0,437.0,0.0,77341,33585056.0
2017-04-09,443.0,450.0,432.0,437.0,0.0,124215,54498620.0
2017-04-06,415.0,446.0,411.0,443.0,0.0,299134,129337696.0
2017-04-04,410.0,418.0,397.0,415.0,0.0,163363,67386112.0
2017-04-03,427.0,450.0,405.0,410.0,0.0,316644,134578288.0
2017-04-02,389.0,427.0,395.0,427.0,0.0,130400,53314960.0
2017-03-30,384.0,392.0,370.0,389.0,0.0,135676,52533740.0
2017-03-29,392.0,406.0,375.0,384.0,0.0,179664,69923632.0
2017-03-28,376.0,399.0,374.0,392.0,0.0,158622,61309700.0
2017-03-26,350.0,379.0,357.0,376.0,0.0,262623,97309952.0
2017-03-23,353.0,360.0,342.0,350.0,0.0,117793,41567628.0
2017-03-22,359.0,372.0,346.0,353.0,0.0,142787,51543004.0
2017-03-21,343.0,365.0,334.0,359.0,0.0,167481,58206924.0
2017-03-20,343.0,350.0,339.0,343.0,0.0,116268,40104328.0
2017-03-19,328.0,346.0,320.0,343.0,0.0,182590,61295768.0
2017-03-16,316.0,330.0,315.0,328.0,0.0,153620,49556996.0
2017-03-15,310.0,318.0,308.0,316.0,0.0,54607,17092110.0
2017-03-14,314.0,315.0,310.0,310.0,0.0,51341,15994959.0
2017-03-13,312.0,319.0,311.0,314.0,0.0,62254,19567048.0
2017-03-09,307.0,315.0,302.0,312.0,0.0,138669,42941136.0
2017-03-07,307.0,315.0,296.0,307.0,0.0,109665,33435228.0
2015-11-26,379.0,372.0,360.0,363.0,0.0,10892,3961826.0
2015-11-25,386.0,379.0,366.0,379.0,0.0,2176,802941.0
2015-11-24,385.0,386.0,371.0,386.0,0.0,3458,1294754.0
2015-11-23,387.0,385.0,370.0,385.0,0.0,2325,880600.0
2015-11-22,392.0,390.0,371.0,387.0,0.0,7971,3004228.0
2015-11-19,395.0,395.0,388.0,392.0,0.0,4775,1865132.0
2015-11-18,390.0,404.0,395.0,395.0,0.0,3922,1555018.0
2015-11-16,392.0,399.0,385.0,390.0,0.0,4609,1803996.0
2015-11-15,401.0,400.0,392.0,392.0,0.0,1930,761660.0
2015-11-10,413.0,408.0,395.0,401.0,0.0,5358,2140680.0
2015-11-09,410.0,420.0,404.0,413.0,0.0,1670,693620.0
2015-11-08,410.0,410.0,397.0,410.0,0.0,3009,1207430.0
2015-11-05,403.0,410.0,395.0,410.0,0.0,3326,1328187.0
2015-11-04,400.0,408.0,400.0,403.0,0.0,3656,1465918.0
2015-11-03,406.0,405.0,400.0,400.0,0.0,2940,1177620.0
2015-11-02,413.0,413.0,405.0,406.0,0.0,3456,1408868.0
2015-11-01,412.0,413.0,400.0,413.0,0.0,1465,590585.0
2015-10-29,420.0,412.0,412.0,412.0,0.0,200,82400.0
2015-10-27,420.0,420.0,400.0,420.0,0.0,8782,3562118.0
2015-10-25,430.0,422.0,420.0,420.0,0.0,400,168400.0
2015-10-19,430.0,430.0,428.0,430.0,0.0,1240,532820.0
2015-10-18,441.0,433.0,425.0,430.0,0.0,1142,489850.0
2015-10-15,434.0,445.0,438.0,441.0,0.0,805,355025.0
2015-10-14,420.0,435.0,428.0,434.0,0.0,626,271928.0
2015-10-11,443.0,436.0,420.0,420.0,0.0,2750,1176600.0
2015-10-08,435.0,443.0,430.0,443.0,0.0,12532,5456555.0
2015-10-07,440.0,438.0,430.0,435.0,0.0,9149,3958316.0
2015-10-06,445.0,445.0,435.0,440.0,0.0,4933,2157000.0
2015-10-05,450.0,450.0,445.0,445.0,0.0,3445,1536520.0
2015-10-04,453.0,462.0,450.0,450.0,0.0,10844,4923900.0
2015-10-01,456.0,465.0,450.0,453.0,0.0,9900,4543474.0
2015-09-30,450.0,461.0,448.0,456.0,0.0,35255,16051257.0
2015-09-29,441.0,450.0,440.0,450.0,0.0,13237,5861021.0
2015-09-28,447.0,448.0,439.0,441.0,0.0,10445,4638155.0
2015-09-24,452.0,461.0,446.0,447.0,0.0,13892,6268591.0
2015-09-23,450.0,459.0,448.0,452.0,0.0,11700,5282813.0
2015-09-22,460.0,456.0,442.0,450.0,0.0,7361,3304822.0
2015-09-17,460.0,469.0,460.0,460.0,0.0,17293,7978460.0
2015-09-16,465.0,479.0,455.0,460.0,0.0,12885,6016252.0
2015-09-15,453.0,479.0,460.0,465.0,0.0,14797,6896812.0
2015-09-14,454.0,467.0,450.0,453.0,0.0,10357,4704697.0
2015-09-13,455.0,458.0,451.0,454.0,0.0,2602,1180602.0
2015-09-10,457.0,460.0,450.0,455.0,0.0,3055,1392100.0
2015-09-09,458.0,460.0,452.0,457.0,0.0,7509,3415295.0
2015-09-08,460.0,465.0,458.0,458.0,0.0,2030,932734.0
2015-09-07,451.0,462.0,458.0,460.0,0.0,4409,2025036.0
2015-09-06,455.0,464.0,431.0,451.0,0.0,3630,1616820.0
2015-09-03,457.0,465.0,448.0,455.0,0.0,4180,1909270.0
2015-09-02,474.0,465.0,456.0,457.0,0.0,1350,622450.0
2015-09-01,492.0,485.0,474.0,474.0,0.0,1350,644550.0
2015-08-31,486.0,492.0,492.0,492.0,0.0,27,13284.0
2015-08-27,485.0,490.0,485.0,486.0,0.0,6660,3235610.0
2015-08-26,480.0,485.0,485.0,485.0,0.0,300,145500.0
2015-08-25,485.0,485.0,465.0,480.0,0.0,5811,2760783.0
2015-08-24,488.0,495.0,485.0,485.0,0.0,1775,866475.0
2015-08-23,499.0,518.0,485.0,488.0,0.0,11254,5585401.0
2015-08-20,502.0,523.0,499.0,499.0,0.0,15312,7769113.0
2015-08-19,477.0,509.0,480.0,502.0,0.0,24400,12073328.0
2015-08-18,476.0,494.0,455.0,477.0,0.0,19337,9210818.0
2015-08-17,440.0,484.0,448.0,476.0,0.0,18219,8535258.0
2015-08-16,453.0,451.0,435.0,440.0,0.0,19592,8588258.0
2015-08-13,469.0,460.0,442.0,453.0,0.0,6424,2896790.0
2015-08-12,463.0,469.0,447.0,469.0,0.0,6004,2724630.0
2015-08-11,465.0,465.0,450.0,463.0,0.0,11484,5233798.0
2015-08-10,479.0,472.0,464.0,465.0,0.0,12705,5935457.0
2015-08-09,458.0,479.0,460.0,479.0,0.0,10307,4768177.0
2015-08-06,463.0,472.0,454.0,458.0,0.0,9447,4346133.0
2015-08-05,468.0,470.0,463.0,463.0,0.0,5784,2695757.0
2015-08-04,470.0,470.0,461.0,468.0,0.0,6791,3186687.0
2015-08-03,477.0,475.0,467.0,470.0,0.0,5577,2630104.0
2015-08-02,471.0,477.0,473.0,477.0,0.0,1518,721039.0
2015-07-30,475.0,484.0,470.0,471.0,0.0,7316,3463489.0
2015-07-29,475.0,489.0,461.0,475.0,0.0,9754,4566640.0
2015-07-28,482.0,478.0,451.0,475.0,0.0,12851,5946387.0
2015-07-27,517.0,528.0,482.0,482.0,0.0,23615,12079877.0
2015-07-26,470.0,517.0,479.0,517.0,0.0,10855,5532945.0
2015-07-23,449.0,470.0,442.0,470.0,0.0,13353,6185765.0
2015-07-22,459.0,452.0,440.0,449.0,0.0,28345,12509515.0
2015-07-16,432.0,459.0,427.0,459.0,0.0,3147,1379055.0
2015-07-15,434.0,442.0,418.0,432.0,0.0,10681,4484876.0
2015-07-14,434.0,436.0,430.0,434.0,0.0,2848,1235935.0
2015-07-13,435.0,440.0,434.0,434.0,0.0,838,365505.0
2015-07-12,448.0,441.0,435.0,435.0,0.0,2698,1184498.0
2015-07-09,441.0,448.0,439.0,448.0,0.0,1681,739558.0
2015-07-08,458.0,449.0,441.0,441.0,0.0,2020,898940.0
2015-07-07,434.0,462.0,425.0,458.0,0.0,9335,4033408.0
2015-07-06,435.0,435.0,430.0,434.0,0.0,1813,781345.0
2015-07-05,440.0,439.0,429.0,435.0,0.0,1750,756450.0
2015-07-02,445.0,445.0,435.0,440.0,0.0,4296,1883667.0
2015-07-01,446.0,465.0,445.0,445.0,0.0,5485,2473570.0
2015-06-30,604.0,615.0,590.0,615.0,0.0,103767,62745832.0
2015-06-29,600.0,611.0,600.0,604.0,0.0,49614,29867216.0
2015-06-28,610.0,615.0,595.0,600.0,0.0,53001,32010194.0
2015-06-25,613.0,623.0,605.0,610.0,0.0,32388,19877460.0
2015-06-24,597.0,616.0,596.0,613.0,0.0,28974,17556838.0
2015-06-23,589.0,599.0,590.0,597.0,0.0,32498,19278570.0
2015-06-22,590.0,600.0,586.0,589.0,0.0,23464,13856982.0
2015-06-21,570.0,610.0,570.0,590.0,0.0,29904,17719604.0
2015-06-18,569.0,580.0,564.0,570.0,0.0,30439,17375672.0
2015-06-17,580.0,580.0,569.0,569.0,0.0,287,163853.0
2015-06-16,575.0,580.0,545.0,580.0,0.0,12065,6718147.0
2015-06-15,562.0,581.0,560.0,575.0,0.0,1950,1107010.0
2015-06-14,570.0,565.0,561.0,562.0,0.0,1733,973431.0
2015-06-11,588.0,588.0,567.0,570.0,0.0,5032,2874873.0
2015-06-10,599.0,599.0,580.0,588.0,0.0,1980,1154790.0
2015-06-09,590.0,637.0,590.0,599.0,0.0,12198,7348509.0
2015-06-08,579.0,604.0,580.0,590.0,0.0,8173,4809334.0
2015-06-07,563.0,579.0,563.0,579.0,0.0,6892,3923041.0
2015-06-04,564.0,568.0,545.0,563.0,0.0,5222,2926948.0
2015-06-03,540.0,571.0,543.0,564.0,0.0,24947,13765434.0
2015-06-02,521.0,540.0,521.0,540.0,0.0,8729,4667228.0
2015-06-01,524.0,534.0,510.0,521.0,0.0,11076,5783249.0
2015-05-31,502.0,528.0,492.0,524.0,0.0,16670,8607104.0
2015-05-28,541.0,532.0,500.0,502.0,0.0,3116,1574881.0
2015-05-26,563.0,552.0,541.0,541.0,0.0,70,38530.0
2015-04-23,574.0,563.0,563.0,563.0,0.0,500,281500.0
2015-04-22,575.0,574.0,564.0,574.0,0.0,4056,2295624.0
2015-04-21,580.0,585.0,572.0,575.0,0.0,14880,8573205.0
2015-04-19,580.0,591.0,575.0,580.0,0.0,3704,2143974.0
2015-04-16,585.0,582.0,572.0,580.0,0.0,665,383328.0
2015-04-15,588.0,585.0,582.0,585.0,0.0,62,36144.0
2015-04-13,595.0,590.0,581.0,588.0,0.0,4186,2454190.0
2015-04-12,574.0,596.0,585.0,595.0,0.0,7532,4442033.0
2015-04-09,590.0,589.0,574.0,574.0,0.0,926,538970.0
2015-04-08,600.0,594.0,590.0,590.0,0.0,360,212905.0
2015-04-07,596.0,600.0,600.0,600.0,0.0,66,39600.0
2015-04-06,575.0,596.0,575.0,596.0,0.0,2015,1161550.0
2015-04-05,585.0,584.0,573.0,575.0,0.0,1967,1132253.0
2015-04-02,590.0,588.0,575.0,585.0,0.0,3415,1979186.0
2015-04-01,581.0,590.0,570.0,590.0,0.0,7340,4206874.0
2015-03-31,590.0,592.0,581.0,581.0,0.0,3760,2193800.0
2015-03-30,583.0,592.0,585.0,590.0,0.0,1589,932905.0
2015-03-29,601.0,596.0,582.0,583.0,0.0,6810,3984210.0
2015-03-26,583.0,601.0,578.0,601.0,0.0,3126,1825495.0
2015-03-25,600.0,596.0,583.0,583.0,0.0,1715,1012895.0
2015-03-24,611.0,611.0,598.0,600.0,0.0,9558,5777935.0
2015-03-23,611.0,611.0,594.0,611.0,0.0,7420,4440378.0
2015-03-22,611.0,615.0,610.0,611.0,0.0,8004,4906007.0
2015-03-19,614.0,618.0,611.0,611.0,0.0,6135,3775435.0
2015-03-18,615.0,615.0,613.0,614.0,0.0,4787,2942525.0
2015-03-17,610.0,615.0,599.0,615.0,0.0,11482,6904024.0
2015-03-16,620.0,617.0,605.0,610.0,0.0,5331,3268889.0
2015-03-15,626.0,626.0,615.0,620.0,0.0,1480,913712.0
2015-03-12,630.0,629.0,620.0,626.0,0.0,5284,3289148.0
2015-03-11,620.0,630.0,625.0,630.0,0.0,6830,4298661.0
2015-03-10,629.0,629.0,617.0,620.0,0.0,2345,1451716.0
2015-03-09,615.0,633.0,620.0,629.0,0.0,10390,6515485.0
2015-03-04,625.0,624.0,615.0,615.0,0.0,1280,788900.0
2015-03-03,613.0,625.0,610.0,625.0,0.0,5795,3563193.0
2015-03-02,614.0,618.0,613.0,613.0,0.0,2028,1248732.0
2015-03-01,617.0,616.0,610.0,614.0,0.0,7883,4821845.0
2015-02-26,615.0,617.0,612.0,617.0,0.0,798,490316.0
2015-02-25,620.0,620.0,610.0,615.0,0.0,795,488105.0
2015-02-24,631.0,640.0,620.0,620.0,0.0,2251,1410140.0
2015-02-23,618.0,631.0,614.0,631.0,0.0,1775,1105626.0
2015-02-22,630.0,626.0,618.0,618.0,0.0,4420,2754575.0
2015-02-18,631.0,630.0,623.0,630.0,0.0,5029,3153981.0
2015-02-16,633.0,635.0,631.0,631.0,0.0,1342,850902.0
2015-02-15,630.0,640.0,630.0,633.0,0.0,5735,3644352.0
2015-02-12,627.0,635.0,625.0,630.0,0.0,7507,4725546.0
2015-02-11,626.0,630.0,625.0,627.0,0.0,4007,2509854.0
2015-02-10,627.0,629.0,625.0,626.0,0.0,2972,1862126.0
2015-02-09,630.0,630.0,625.0,627.0,0.0,1798,1130514.0
2015-02-08,624.0,635.0,607.0,630.0,0.0,7640,4683878.0
2015-02-05,630.0,625.0,620.0,624.0,0.0,1687,1053670.0
2015-02-04,635.0,640.0,630.0,630.0,0.0,2681,1691010.0
2015-02-03,652.0,645.0,630.0,635.0,0.0,12432,7861905.0
2015-02-02,639.0,652.0,639.0,652.0,0.0,6625,4245926.0
2015-02-01,642.0,645.0,638.0,639.0,0.0,8373,5370179.0
2015-01-29,635.0,648.0,623.0,642.0,0.0,4516,2857544.0
2015-01-28,619.0,639.0,622.0,635.0,0.0,7361,4635959.0
2015-01-27,609.0,621.0,615.0,619.0,0.0,3169,1962957.0
2015-01-26,605.0,613.0,600.0,609.0,0.0,3195,1930128.0
2015-01-25,602.0,610.0,590.0,605.0,0.0,2805,1699850.0
2015-01-22,617.0,610.0,602.0,602.0,0.0,1530,927860.0
2015-01-20,635.0,629.0,615.0,617.0,0.0,2125,1315743.0
2015-01-19,600.0,636.0,609.0,635.0,0.0,6065,3766892.0
2015-01-18,591.0,614.0,591.0,600.0,0.0,11152,6675060.0
2015-01-14,576.0,591.0,569.0,591.0,0.0,792,459910.0
2015-01-13,583.0,586.0,567.0,576.0,0.0,1666,957666.0
2015-01-12,585.0,585.0,569.0,583.0,0.0,2447,1409748.0
2015-01-11,620.0,608.0,585.0,585.0,0.0,705,418360.0
2015-01-08,585.0,620.0,590.0,620.0,0.0,3316,1979972.0
2015-01-07,570.0,585.0,570.0,585.0,0.0,3225,1857175.0
2015-01-06,585.0,575.0,570.0,570.0,0.0,5054,2900885.0
2015-01-05,590.0,596.0,580.0,585.0,0.0,1621,948355.0
2015-01-04,561.0,590.0,560.0,590.0,0.0,3811,2199092.0
2015-01-01,568.0,575.0,561.0,561.0,0.0,3221,1827779.0
2014-12-31,585.0,575.0,560.0,568.0,0.0,797,452972.0
2014-12-29,576.0,585.0,567.0,585.0,0.0,3409,1953653.0
2014-12-28,540.0,576.0,545.0,576.0,0.0,8912,5014195.0
2014-12-24,520.0,541.0,510.0,540.0,0.0,5977,3164955.0
2014-12-23,547.0,557.0,519.0,520.0,0.0,40409,21605336.0
2014-12-22,565.0,571.0,547.0,547.0,0.0,20743,11588857.0
2014-12-21,575.0,584.0,560.0,565.0,0.0,8384,4739280.0
2014-12-18,576.0,579.0,563.0,575.0,0.0,6063,3444166.0
2014-12-17,561.0,584.0,551.0,576.0,0.0,9863,5609144.0
2014-12-16,555.0,572.0,540.0,561.0,0.0,10636,5910954.0
2014-12-15,551.0,581.0,540.0,555.0,0.0,34781,19325676.0
2014-12-14,532.0,562.0,542.0,551.0,0.0,16027,8802271.0
2014-12-11,525.0,532.0,523.0,532.0,0.0,7508,3954972.0
2014-12-10,518.0,538.0,518.0,525.0,0.0,3514,1850002.0
2014-12-09,515.0,518.0,514.0,518.0,0.0,2642,1361706.0
2014-12-08,523.0,525.0,514.0,515.0,0.0,7292,3766854.0
2014-12-07,518.0,533.0,500.0,523.0,0.0,11234,5709020.0
2014-12-04,529.0,538.0,518.0,518.0,0.0,10152,5337403.0
2014-12-03,514.0,529.0,519.0,529.0,0.0,2169,1132149.0
2014-12-02,515.0,525.0,514.0,514.0,0.0,1752,901700.0
2014-12-01,519.0,520.0,512.0,515.0,0.0,2558,1318930.0
2014-11-30,535.0,528.0,515.0,519.0,0.0,4434,2303846.0
2014-11-25,530.0,538.0,525.0,535.0,0.0,10415,5520630.0
2014-11-24,540.0,555.0,530.0,530.0,0.0,8522,4572860.0
2014-11-23,541.0,562.0,539.0,540.0,0.0,5870,3216945.0
2014-11-20,535.0,551.0,525.0,541.0,0.0,8277,4461530.0
2014-11-19,512.0,545.0,515.0,535.0,0.0,1557,811740.0
2014-11-18,520.0,535.0,500.0,512.0,0.0,19744,10139391.0
2014-11-17,526.0,555.0,505.0,520.0,0.0,9365,4875881.0
2014-11-16,582.0,572.0,526.0,526.0,0.0,6554,3515868.0
2014-11-13,569.0,582.0,550.0,582.0,0.0,9127,5070033.0
2014-11-12,577.0,577.0,560.0,569.0,0.0,2250,1274810.0
2014-11-11,579.0,590.0,568.0,577.0,0.0,672,385438.0
2014-11-10,575.0,585.0,568.0,579.0,0.0,1725,988171.0
2014-11-09,588.0,583.0,572.0,575.0,0.0,452,260455.0
2014-11-06,586.0,588.0,564.0,588.0,0.0,11395,6489675.0
2014-11-05,593.0,587.0,575.0,586.0,0.0,10758,6226690.0
2014-11-04,593.0,593.0,572.0,593.0,0.0,10043,5820816.0
2014-11-03,597.0,599.0,580.0,593.0,0.0,4653,2721977.0
2014-11-02,600.0,610.0,590.0,597.0,0.0,6842,4100432.0
2014-10-30,616.0,615.0,600.0,600.0,0.0,6626,4008830.0
2014-10-28,615.0,620.0,605.0,616.0,0.0,12127,7405206.0
2014-10-27,615.0,624.0,614.0,615.0,0.0,7741,4770236.0
2014-10-26,625.0,625.0,615.0,615.0,0.0,2008,1245318.0
2014-10-22,619.0,625.0,614.0,625.0,0.0,9971,6148427.0
2014-10-21,616.0,628.0,609.0,619.0,0.0,8209,5052649.0
2014-10-20,615.0,627.0,615.0,616.0,0.0,1638,1012624.0
2014-10-19,623.0,625.0,608.0,615.0,0.0,3624,2227270.0
2014-10-16,631.0,635.0,620.0,623.0,0.0,9289,5806712.0
2014-10-15,619.0,635.0,622.0,631.0,0.0,7324,4576566.0
2014-10-14,619.0,635.0,619.0,619.0,0.0,5506,3448677.0
2014-10-13,615.0,620.0,612.0,619.0,0.0,5082,3125740.0
2014-10-12,620.0,627.0,608.0,615.0,0.0,10055,6174906.0
2014-10-09,610.0,640.0,615.0,620.0,0.0,1878,1166910.0
2014-10-08,635.0,639.0,610.0,610.0,0.0,4506,2792360.0
2014-09-30,651.0,656.0,635.0,635.0,0.0,15452,9990395.0
2014-09-29,650.0,655.0,635.0,651.0,0.0,10151,6533145.0
2014-09-28,644.0,660.0,644.0,650.0,0.0,18357,11959474.0
2014-09-24,639.0,646.0,635.0,644.0,0.0,8789,5628854.0
2014-09-23,629.0,643.0,622.0,639.0,0.0,20761,13135165.0
2014-09-22,628.0,635.0,605.0,629.0,0.0,21096,12960453.0
2014-09-21,648.0,650.0,613.0,628.0,0.0,21264,13217138.0
2014-09-18,665.0,665.0,638.0,648.0,0.0,38371,24902412.0
2014-09-17,667.0,733.0,657.0,665.0,0.0,128368,88128352.0
2014-09-16,636.0,685.0,625.0,667.0,0.0,42877,28167388.0
2014-09-15,638.0,639.0,626.0,636.0,0.0,12367,7817471.0
2014-09-14,625.0,640.0,617.0,638.0,0.0,12370,7823432.0
2014-09-11,628.0,631.0,600.0,625.0,0.0,16745,10204822.0
2014-09-10,650.0,663.0,620.0,628.0,0.0,24862,15729864.0
2014-09-09,612.0,652.0,620.0,650.0,0.0,37767,23731748.0
2014-09-07,660.0,650.0,610.0,612.0,0.0,18204,11358080.0
2014-09-04,651.0,660.0,637.0,660.0,0.0,18657,11993928.0
2014-09-03,669.0,679.0,638.0,651.0,0.0,27741,18072342.0
2014-09-01,670.0,675.0,649.0,669.0,0.0,31378,20613282.0
2014-08-31,663.0,702.0,662.0,670.0,0.0,36326,24539328.0
2014-08-28,658.0,685.0,658.0,663.0,0.0,34563,23181420.0
2014-08-27,637.0,670.0,649.0,658.0,0.0,40428,26528732.0
2014-08-26,663.0,685.0,630.0,637.0,0.0,19351,12632475.0
2014-08-25,675.0,671.0,640.0,663.0,0.0,19870,12827812.0
2014-08-24,685.0,700.0,670.0,675.0,0.0,13750,9388453.0
2014-08-21,665.0,690.0,640.0,685.0,0.0,26813,17591906.0
2014-08-20,687.0,685.0,665.0,665.0,0.0,34661,23365520.0
2014-08-19,688.0,701.0,679.0,687.0,0.0,50540,34710236.0
2014-08-18,700.0,694.0,680.0,688.0,0.0,16353,11191175.0
2014-08-14,685.0,700.0,670.0,700.0,0.0,80100,53960008.0
2014-08-13,690.0,692.0,660.0,685.0,0.0,24815,16879272.0
2014-08-12,702.0,695.0,680.0,690.0,0.0,13220,9066151.0
2014-08-07,693.0,709.0,675.0,702.0,0.0,14937,10235653.0
2014-08-06,700.0,705.0,680.0,693.0,0.0,13206,9143776.0
2014-08-05,692.0,715.0,695.0,700.0,0.0,34630,24364276.0
2014-08-04,700.0,700.0,685.0,692.0,0.0,10592,7289493.0
2014-08-03,718.0,715.0,700.0,700.0,0.0,17058,12042450.0
2014-07-31,700.0,718.0,691.0,718.0,0.0,35509,24962638.0
2014-07-30,710.0,720.0,700.0,700.0,0.0,41007,28964462.0
2014-07-28,705.0,719.0,700.0,710.0,0.0,25696,18102080.0
2014-07-27,689.0,717.0,690.0,705.0,0.0,39062,27518418.0
2014-07-24,680.0,705.0,667.0,689.0,0.0,32445,22319196.0
2014-07-23,686.0,700.0,680.0,680.0,0.0,25828,17764948.0
2014-07-22,688.0,700.0,677.0,686.0,0.0,21824,14904540.0
2014-07-21,686.0,715.0,682.0,688.0,0.0,55566,38571664.0
2014-07-20,648.0,698.0,654.0,686.0,0.0,57689,39286752.0
2014-07-17,642.0,653.0,642.0,648.0,0.0,25776,16654243.0
2014-07-16,637.0,652.0,638.0,642.0,0.0,17493,11262347.0
2014-07-15,646.0,645.0,634.0,637.0,0.0,20877,13292102.0
2014-07-14,660.0,655.0,640.0,646.0,0.0,12365,7985750.0
2014-07-13,647.0,711.0,650.0,660.0,0.0,24606,16209844.0
2014-07-10,640.0,647.0,633.0,647.0,0.0,20043,12754367.0
2014-07-09,638.0,645.0,634.0,640.0,0.0,13002,8289511.0
2014-07-08,637.0,650.0,630.0,638.0,0.0,24280,15481826.0
2014-07-07,635.0,651.0,630.0,637.0,0.0,27861,17820352.0
2014-07-06,630.0,642.0,628.0,635.0,0.0,21348,13525945.0
2014-07-03,628.0,655.0,620.0,630.0,0.0,53657,33742560.0
2014-07-02,604.0,635.0,615.0,628.0,0.0,56566,35282984.0
2014-07-01,600.0,611.0,599.0,604.0,0.0,33306,20129528.0
2014-06-30,589.0,600.0,580.0,600.0,0.0,29304,17398044.0
2014-06-29,570.0,620.0,578.0,589.0,0.0,69685,41620624.0
2014-06-26,570.0,581.0,565.0,570.0,0.0,25447,14490122.0
2014-06-25,540.0,570.0,545.0,570.0,0.0,47143,26028764.0
2014-06-24,534.0,543.0,530.0,540.0,0.0,17528,9436058.0
2014-06-23,545.0,550.0,530.0,534.0,0.0,16314,8828320.0
2014-06-19,548.0,555.0,539.0,545.0,0.0,30869,16730724.0
2014-06-18,549.0,554.0,541.0,548.0,0.0,33172,18163132.0
2014-06-17,548.0,555.0,540.0,549.0,0.0,51883,28374780.0
2014-06-16,551.0,560.0,544.0,548.0,0.0,33753,18560872.0
2014-06-15,538.0,554.0,534.0,551.0,0.0,30128,16370763.0
2014-06-12,528.0,553.0,528.0,538.0,0.0,114613,61405416.0
2014-06-11,530.0,543.0,519.0,528.0,0.0,40656,21623108.0
2014-06-10,528.0,545.0,525.0,530.0,0.0,50960,27197164.0
2014-06-09,507.0,530.0,498.0,528.0,0.0,95070,49532944.0
2014-06-08,490.0,510.0,486.0,507.0,0.0,64036,32288664.0
2014-06-05,490.0,495.0,482.0,490.0,0.0,26051,12690194.0
2014-06-04,483.0,499.0,475.0,490.0,0.0,54202,26628960.0
2014-06-03,487.0,501.0,483.0,483.0,0.0,78595,38590944.0
2014-06-02,457.0,498.0,455.0,487.0,0.0,67254,32414420.0
2014-06-01,449.0,465.0,446.0,457.0,0.0,29660,13544711.0
2014-05-28,448.0,452.0,448.0,449.0,0.0,28522,12828489.0
2014-05-27,452.0,454.0,445.0,448.0,0.0,12530,5630851.0
2014-05-26,455.0,458.0,450.0,452.0,0.0,20445,9233681.0
2014-05-25,450.0,460.0,452.0,455.0,0.0,10585,4808562.0
2014-05-22,455.0,455.0,447.0,450.0,0.0,16518,7447471.0
2014-05-21,452.0,460.0,450.0,455.0,0.0,29442,13353285.0
2014-05-20,446.0,452.0,437.0,452.0,0.0,27349,12106059.0
2014-05-19,441.0,447.0,439.0,446.0,0.0,26638,11772161.0
2014-05-18,440.0,442.0,436.0,441.0,0.0,23878,10509581.0
2014-05-15,432.0,442.0,430.0,440.0,0.0,15061,6581921.0
2014-05-13,425.0,433.0,426.0,432.0,0.0,35106,15084120.0
2014-05-12,421.0,428.0,423.0,425.0,0.0,8178,3477953.0
2014-05-11,430.0,430.0,420.0,421.0,0.0,5289,2231390.0
2014-05-08,430.0,431.0,420.0,430.0,0.0,8388,3573123.0
2014-05-07,434.0,444.0,430.0,430.0,0.0,19992,8717961.0
2014-05-06,425.0,449.0,424.0,434.0,0.0,32856,14218552.0
2014-05-05,410.0,432.0,412.0,425.0,0.0,13476,5696414.0
2014-05-04,412.0,419.0,404.0,410.0,0.0,11651,4783769.0
2014-04-30,417.0,418.0,408.0,412.0,0.0,13768,5645052.0
2014-04-29,413.0,417.0,401.0,417.0,0.0,15330,6234925.0
2014-04-28,415.0,417.0,405.0,413.0,0.0,12104,4944596.0
2014-04-27,416.0,420.0,410.0,415.0,0.0,13943,5768856.0
2014-04-23,419.0,420.0,413.0,416.0,0.0,6337,2636933.0
2014-04-22,420.0,420.0,417.0,419.0,0.0,3586,1500851.0
2014-04-21,422.0,422.0,415.0,420.0,0.0,7235,3029096.0
2014-04-20,418.0,422.0,418.0,422.0,0.0,3668,1539478.0
2014-04-17,425.0,422.0,416.0,418.0,0.0,14419,6016117.0
2014-04-16,424.0,426.0,420.0,425.0,0.0,12119,5107315.0
2014-04-15,422.0,430.0,424.0,424.0,0.0,6014,2563044.0
2014-04-13,424.0,430.0,422.0,422.0,0.0,12483,5315033.0
2014-04-10,420.0,425.0,420.0,424.0,0.0,10576,4457295.0
2014-04-09,420.0,423.0,412.0,420.0,0.0,5403,2267603.0
2014-04-07,430.0,425.0,420.0,420.0,0.0,3555,1502292.0
2014-04-06,434.0,431.0,423.0,430.0,0.0,2118,900302.0
2014-04-03,427.0,437.0,428.0,434.0,0.0,45743,19739132.0
2014-04-02,426.0,434.0,425.0,427.0,0.0,28777,12346761.0
2014-04-01,425.0,433.0,420.0,426.0,0.0,26619,11264872.0
2014-03-31,414.0,443.0,419.0,425.0,0.0,15911,6820405.0
2014-03-27,418.0,421.0,411.0,414.0,0.0,10301,4289510.0
2014-03-26,405.0,418.0,403.0,418.0,0.0,5831,2374191.0
2014-03-25,410.0,414.0,405.0,405.0,0.0,8689,3554220.0
2014-03-24,407.0,414.0,402.0,410.0,0.0,7534,3090441.0
2014-03-23,410.0,418.0,405.0,407.0,0.0,5314,2184852.0
2014-03-20,415.0,413.0,407.0,410.0,0.0,5901,2417188.0
2014-03-19,408.0,418.0,409.0,415.0,0.0,7154,2945032.0
2014-03-18,401.0,410.0,396.0,408.0,0.0,14881,6004717.0
2014-03-17,420.0,415.0,401.0,401.0,0.0,8090,3301426.0
2014-03-13,402.0,428.0,405.0,420.0,0.0,23167,9705054.0
2014-03-12,411.0,410.0,395.0,402.0,0.0,12390,4970591.0
2014-03-11,410.0,411.0,403.0,411.0,0.0,7838,3178797.0
2014-03-10,410.0,417.0,402.0,410.0,0.0,12509,5107430.0
2014-03-09,424.0,416.0,410.0,410.0,0.0,4973,2048842.0
2014-03-06,417.0,429.0,419.0,424.0,0.0,21594,9121016.0
2014-03-05,410.0,427.0,412.0,417.0,0.0,13352,5602234.0
2014-03-04,410.0,415.0,400.0,410.0,0.0,14670,5928141.0
2014-03-03,418.0,418.0,408.0,410.0,0.0,14572,5970718.0
2014-02-26,423.0,437.0,412.0,418.0,0.0,7704,3250685.0
2014-02-25,416.0,424.0,411.0,423.0,0.0,6041,2522935.0
2014-02-24,425.0,433.0,413.0,416.0,0.0,13679,5745655.0
2014-02-23,422.0,433.0,417.0,425.0,0.0,12149,5170227.0
2014-02-20,414.0,427.0,414.0,422.0,0.0,18894,7946439.0
2014-02-18,415.0,419.0,410.0,414.0,0.0,9060,3743989.0
2014-02-17,418.0,423.0,411.0,415.0,0.0,6941,2885690.0
2014-02-16,426.0,418.0,418.0,418.0,0.0,242,101156.0
2014-02-13,421.0,430.0,420.0,426.0,0.0,11762,5024934.0
2014-02-12,422.0,425.0,417.0,421.0,0.0,9697,4084201.0
2014-02-11,434.0,426.0,420.0,422.0,0.0,10632,4495037.0
2014-02-10,426.0,450.0,427.0,434.0,0.0,14602,6394311.0
2014-02-09,429.0,431.0,423.0,426.0,0.0,20617,8832417.0
2014-02-06,430.0,431.0,422.0,429.0,0.0,20985,8934287.0
2014-02-04,435.0,434.0,417.0,427.0,0.0,14473,6165619.0
2014-02-03,428.0,435.0,415.0,435.0,0.0,16708,6996195.0
2014-02-02,438.0,432.0,422.0,428.0,0.0,8260,3525627.0
2014-01-29,434.0,440.0,431.0,438.0,0.0,12606,5488431.0
2014-01-28,430.0,439.0,431.0,434.0,0.0,12746,5542180.0
2014-01-27,439.0,440.0,430.0,430.0,0.0,9952,4302275.0
2014-01-26,443.0,440.0,429.0,439.0,0.0,16994,7385058.0
2014-01-23,444.0,448.0,439.0,443.0,0.0,12915,5728948.0
2014-01-22,455.0,454.0,443.0,444.0,0.0,16599,7404691.0
2014-01-21,466.0,471.0,452.0,455.0,0.0,18278,8391072.0
2014-01-20,452.0,474.0,450.0,466.0,0.0,64536,29775996.0
2014-01-19,441.0,469.0,445.0,452.0,0.0,58016,26266452.0
2014-01-16,418.0,445.0,422.0,441.0,0.0,59092,25755972.0
2014-01-14,410.0,418.0,402.0,418.0,0.0,21008,8644075.0
2014-01-13,411.0,418.0,410.0,410.0,0.0,16918,7000309.0
2014-01-12,405.0,417.0,401.0,411.0,0.0,24908,10264774.0
2014-01-09,400.0,407.0,400.0,405.0,0.0,51326,20715648.0
2014-01-08,400.0,410.0,396.0,400.0,0.0,33514,13492700.0
2014-01-07,402.0,410.0,400.0,400.0,0.0,28262,11375667.0
2014-01-06,402.0,409.0,400.0,402.0,0.0,11420,4601865.0
2014-01-05,405.0,414.0,402.0,402.0,0.0,18991,7695568.0
2014-01-02,402.0,408.0,381.0,405.0,0.0,22312,8870413.0
2014-01-01,395.0,402.0,380.0,402.0,0.0,18597,7278291.0
2013-12-31,418.0,415.0,395.0,395.0,0.0,24071,9686605.0
2013-12-29,430.0,424.0,407.0,418.0,0.0,46188,19082294.0
2013-12-26,412.0,440.0,404.0,430.0,0.0,39737,16960058.0
2013-12-24,405.0,434.0,383.0,407.0,0.0,55491,22542946.0
2013-12-23,427.0,419.0,403.0,405.0,0.0,72279,29534620.0
2013-12-22,441.0,438.0,411.0,430.0,0.0,104526,44369092.0
2013-12-19,475.0,470.0,428.0,441.0,0.0,51687,22986124.0
2013-12-18,477.0,495.0,463.0,475.0,0.0,40063,18989922.0
2013-12-16,434.0,477.0,442.0,477.0,0.0,48825,22968472.0
2013-12-15,395.0,434.0,395.0,434.0,0.0,67947,28015736.0
2013-12-12,381.0,401.0,379.0,395.0,0.0,37209,14574302.0
2013-12-11,364.0,385.0,371.0,381.0,0.0,40622,15343631.0
2013-12-10,365.0,370.0,361.0,364.0,0.0,19015,6947817.0
2013-12-09,360.0,375.0,348.0,365.0,0.0,26225,9492046.0
2013-12-08,371.0,370.0,353.0,360.0,0.0,25292,9170339.0
2013-12-05,371.0,397.0,370.0,371.0,0.0,57389,22090800.0
2013-12-04,340.0,374.0,342.0,371.0,0.0,58214,21460294.0
2013-12-03,327.0,340.0,320.0,340.0,0.0,78569,25788894.0
2013-12-02,316.0,332.0,318.0,327.0,0.0,62023,20245140.0
2013-12-01,315.0,320.0,315.0,316.0,0.0,29802,9423641.0
2013-11-28,316.0,317.0,314.0,315.0,0.0,23453,7397480.0
2013-11-27,322.0,325.0,312.0,316.0,0.0,17109,5420918.0
2013-11-26,310.0,325.0,315.0,322.0,0.0,42640,13647584.0
2013-11-25,326.0,332.0,304.0,310.0,0.0,35702,11233413.0
2013-11-24,315.0,345.0,315.0,326.0,0.0,56818,18493460.0
2013-11-21,287.0,315.0,292.0,315.0,0.0,27596,8662960.0
2013-11-14,285.0,292.0,285.0,287.0,0.0,30163,8671061.0
2013-11-13,285.0,294.0,284.0,285.0,0.0,14434,4136681.0
2013-11-12,283.0,294.0,280.0,285.0,0.0,47864,13756128.0
2013-11-11,280.0,285.0,280.0,283.0,0.0,17869,5012847.0
2013-11-10,279.0,284.0,280.0,280.0,0.0,7879,2207679.0
2013-11-07,275.0,283.0,278.0,279.0,0.0,4852,1357450.0
2013-11-06,280.0,284.0,275.0,275.0,0.0,10512,2935372.0
2013-10-31,280.0,281.0,274.0,280.0,0.0,120365,33153624.0
2013-10-30,281.0,284.0,276.0,280.0,0.0,40562,11251630.0
2013-10-29,278.0,281.0,278.0,281.0,0.0,4920,1375900.0
2013-10-28,280.0,281.0,276.0,278.0,0.0,10721,2975913.0
2013-10-27,279.0,282.0,276.0,280.0,0.0,13020,3621480.0
2013-10-24,279.0,283.0,278.0,279.0,0.0,30736,8608798.0
2013-10-23,285.0,285.0,278.0,279.0,0.0,51109,14308610.0
2013-10-22,289.0,294.0,285.0,285.0,0.0,7871,2271056.0
2013-10-21,298.0,301.0,289.0,289.0,0.0,16367,4837856.0
2013-10-20,288.0,300.0,291.0,298.0,0.0,17634,5237898.0
2013-10-17,282.0,288.0,285.0,288.0,0.0,10811,3100337.0
2013-10-10,281.0,288.0,282.0,282.0,0.0,11820,3352060.0
2013-10-09,286.0,283.0,281.0,281.0,0.0,1084,304730.0
2013-10-08,282.0,286.0,280.0,286.0,0.0,4444,1258326.0
2013-10-07,280.0,285.0,275.0,282.0,0.0,10098,2828680.0
2013-10-06,276.0,280.0,273.0,280.0,0.0,21371,5980038.0
2013-10-03,275.0,277.0,274.0,276.0,0.0,10111,2783477.0
2013-10-02,275.0,276.0,274.0,275.0,0.0,20311,5586475.0
2013-10-01,280.0,294.0,275.0,275.0,0.0,33232,9181231.0
2013-09-30,280.0,280.0,275.0,280.0,0.0,17098,4723383.0
2013-09-29,280.0,280.0,275.0,280.0,0.0,25561,7130033.0
2013-09-26,277.0,280.0,272.0,280.0,0.0,13024,3596825.0
2013-09-25,279.0,277.0,267.0,277.0,0.0,1582,433270.0
2013-09-24,280.0,280.0,271.0,279.0,0.0,5020,1396600.0
2013-09-23,275.0,280.0,270.0,280.0,0.0,4881,1322685.0
2013-09-22,282.0,281.0,275.0,275.0,0.0,5672,1566687.0
2013-09-19,280.0,284.0,276.0,282.0,0.0,14708,4113620.0
2013-09-17,279.0,281.0,278.0,280.0,0.0,7759,2169322.0
2013-09-16,280.0,282.0,278.0,279.0,0.0,5919,1653520.0
2013-09-15,283.0,288.0,280.0,280.0,0.0,12950,3643626.0
2013-09-12,278.0,286.0,278.0,283.0,0.0,7466,2095960.0
2013-09-11,281.0,297.0,277.0,278.0,0.0,20245,5702147.0
2013-09-10,295.0,290.0,279.0,281.0,0.0,28075,7941908.0
2013-09-09,290.0,295.0,284.0,295.0,0.0,10077,2935320.0
2013-09-08,295.0,300.0,285.0,290.0,0.0,16477,4767985.0
2013-09-05,293.0,295.0,285.0,295.0,0.0,35434,10273282.0
2013-09-04,285.0,295.0,279.0,293.0,0.0,52780,14932475.0
2013-09-03,286.0,285.0,278.0,285.0,0.0,16712,4705376.0
2013-09-02,280.0,289.0,281.0,286.0,0.0,36907,10512408.0
2013-09-01,275.0,285.0,275.0,280.0,0.0,29980,8303198.0
2013-08-29,286.0,290.0,274.0,275.0,0.0,51400,14235610.0
2013-08-27,272.0,293.0,277.0,286.0,0.0,55843,16068541.0
2013-08-26,268.0,279.0,270.0,272.0,0.0,70516,19095288.0
2013-08-25,273.0,275.0,265.0,268.0,0.0,99856,26540900.0
2013-08-20,264.0,275.0,262.0,273.0,0.0,21668,5825941.0
2013-08-19,261.0,265.0,260.0,264.0,0.0,13948,3657218.0
2013-08-18,258.0,263.0,258.0,261.0,0.0,5121,1330790.0
2013-08-15,258.0,260.0,255.0,258.0,0.0,7163,1843933.0
2013-08-14,260.0,265.0,258.0,258.0,0.0,10360,2693756.0
2013-08-13,265.0,264.0,258.0,260.0,0.0,15289,3969314.0
2013-08-12,256.0,265.0,254.0,265.0,0.0,13631,3483459.0
2013-08-11,260.0,260.0,255.0,256.0,0.0,7273,1858683.0
2013-08-08,262.0,262.0,253.0,260.0,0.0,14711,3785252.0
2013-08-07,268.0,266.0,254.0,262.0,0.0,16320,4226144.0
2013-08-06,265.0,268.0,248.0,268.0,0.0,12383,3212324.0
2013-08-05,270.0,268.0,260.0,265.0,0.0,7605,2001205.0
2013-08-04,270.0,276.0,266.0,270.0,0.0,12312,3331182.0
2013-08-01,269.0,280.0,260.0,270.0,0.0,29875,8048905.0
2013-07-31,259.0,283.0,264.0,269.0,0.0,66380,17913010.0
2013-07-30,255.0,269.0,255.0,259.0,0.0,23180,6026870.0
2013-07-29,244.0,255.0,241.0,255.0,0.0,62090,15462040.0
2013-07-28,226.0,244.0,227.0,244.0,0.0,33055,7872470.0
2013-07-25,232.0,232.0,226.0,226.0,0.0,9410,2153820.0
2013-07-24,235.0,235.0,230.0,232.0,0.0,6860,1594560.0
2013-07-23,226.0,235.0,226.0,235.0,0.0,32882,7573756.0
2013-07-22,228.0,232.0,224.0,226.0,0.0,23490,5344080.0
2013-07-21,221.0,229.0,220.0,228.0,0.0,40260,9067080.0
2013-07-18,218.0,221.0,220.0,221.0,0.0,1250,275650.0
2013-07-17,216.0,218.0,212.0,218.0,0.0,87110,18506400.0
2013-07-16,223.0,219.0,216.0,216.0,0.0,300,65100.0
2013-07-15,212.0,223.0,216.0,223.0,0.0,3840,842720.0
2013-07-14,222.0,225.0,212.0,212.0,0.0,57120,12228680.0
2013-07-11,230.0,232.0,221.0,222.0,0.0,7510,1675300.0
2013-07-10,221.0,233.0,216.0,230.0,0.0,36080,8015830.0
2013-07-09,218.0,222.0,219.0,220.0,0.0,4520,994360.0
2013-07-08,216.0,218.0,215.0,218.0,0.0,2560,551600.0
2013-07-07,224.0,220.0,214.0,216.0,0.0,5690,1224760.0
2013-07-02,215.0,224.0,216.0,224.0,0.0,3050,674610.0
2013-07-01,218.0,216.0,215.0,215.0,0.0,2630,565930.0
2013-06-30,222.0,218.0,214.0,218.0,0.0,15970,3444250.0
2013-06-27,224.0,222.0,215.0,222.0,0.0,9670,2113580.0
2013-06-26,220.0,224.0,219.0,224.0,0.0,6780,1495900.0
2013-06-25,214.0,221.0,213.0,220.0,0.0,29520,6454960.0
2013-06-24,212.0,214.0,211.0,214.0,0.0,13010,2768320.0
2013-06-23,213.0,213.0,211.0,212.0,0.0,1240,262080.0
2013-06-20,214.0,215.0,213.0,213.0,0.0,960,204880.0
2013-06-19,211.0,214.0,210.0,214.0,0.0,12937,2756058.0
2013-06-18,214.0,214.0,211.0,211.0,0.0,1370,289730.0
2013-06-17,216.0,216.0,212.0,214.0,0.0,3740,797340.0
2013-06-16,221.0,220.0,216.0,216.0,0.0,840,183440.0
2013-06-13,218.0,221.0,212.0,221.0,0.0,10370,2240580.0
2013-06-12,210.0,218.0,207.0,218.0,0.0,12347,2604049.0
2013-06-11,211.0,211.0,207.0,210.0,0.0,11080,2313450.0
2013-06-10,210.0,214.0,210.0,211.0,0.0,6780,1425040.0
2013-06-09,215.0,214.0,210.0,210.0,0.0,7830,1648710.0
2013-06-05,222.0,218.0,215.0,215.0,0.0,620,134120.0
2013-06-04,210.0,222.0,210.0,222.0,0.0,13030,2820540.0
2013-06-03,210.0,214.0,210.0,210.0,0.0,6480,1363780.0
2013-06-02,220.0,216.0,210.0,210.0,0.0,14460,3038340.0
2013-05-30,211.0,220.0,207.0,220.0,0.0,30770,6494440.0
2013-05-28,214.0,218.0,210.0,211.0,0.0,59960,12644510.0
2013-05-27,216.0,218.0,210.0,214.0,0.0,22820,4799320.0
2013-05-23,216.0,220.0,216.0,216.0,0.0,920,201500.0
2013-05-22,215.0,216.0,211.0,216.0,0.0,6240,1324100.0
2013-05-21,216.0,215.0,212.0,215.0,0.0,3680,784400.0
2013-05-20,213.0,217.0,211.0,216.0,0.0,5410,1166770.0
2013-05-19,211.0,216.0,210.0,213.0,0.0,11720,2477590.0
2013-05-16,218.0,222.0,210.0,211.0,0.0,19930,4209860.0
2013-05-15,215.0,219.0,215.0,218.0,0.0,1680,364510.0
2013-05-14,205.0,215.0,209.0,215.0,0.0,680,142960.0
2013-05-13,205.0,210.0,201.0,205.0,0.0,8160,1679650.0
2013-05-12,211.0,209.0,205.0,205.0,0.0,590,121150.0
2013-05-09,215.0,213.0,208.0,211.0,0.0,7910,1651110.0
2013-05-08,212.0,219.0,212.0,215.0,0.0,618,132328.0
2013-05-07,213.0,219.0,209.0,212.0,0.0,23115,4907565.0
2013-05-06,211.0,213.0,211.0,213.0,0.0,330,70050.0
2013-05-05,214.0,214.0,210.0,211.0,0.0,3180,669300.0
2013-05-02,223.0,223.0,214.0,214.0,0.0,2587,565250.0
2013-04-30,225.0,225.0,221.0,223.0,0.0,2330,516550.0
2013-04-29,225.0,230.0,223.0,225.0,0.0,11940,2691140.0
2013-04-28,220.0,229.0,220.0,225.0,0.0,8137,1807580.0
2013-04-25,220.0,220.0,219.0,220.0,0.0,1810,397910.0
2013-04-23,221.0,225.0,217.0,220.0,0.0,3660,812460.0
2013-04-22,225.0,221.0,220.0,221.0,0.0,2710,597850.0
2013-04-21,229.0,230.0,225.0,225.0,0.0,710,161790.0
2013-04-18,223.0,229.0,221.0,229.0,0.0,1360,303600.0
2013-04-17,225.0,224.0,223.0,223.0,0.0,3240,722740.0
2013-04-16,228.0,230.0,225.0,225.0,0.0,2100,478100.0
2013-04-15,220.0,230.0,220.0,228.0,0.0,18600,4110680.0
2013-04-11,226.0,230.0,220.0,220.0,0.0,23010,5132440.0
2013-04-08,230.0,228.0,224.0,226.0,0.0,3060,690780.0
2013-04-07,228.0,230.0,230.0,230.0,0.0,390,89700.0
2013-04-04,226.0,228.0,223.0,228.0,0.0,1300,293700.0
2013-04-03,231.0,230.0,226.0,226.0,0.0,300,68120.0
2013-04-02,222.0,231.0,220.0,231.0,0.0,6690,1503540.0
2013-04-01,221.0,223.0,220.0,222.0,0.0,1470,325350.0
2013-03-31,227.0,225.0,220.0,221.0,0.0,2880,638340.0
2013-03-28,230.0,230.0,227.0,227.0,0.0,280,63800.0
2013-03-27,236.0,235.0,226.0,230.0,0.0,2220,506600.0
2013-03-25,235.0,236.0,232.0,236.0,0.0,390,91140.0
2013-03-24,237.0,235.0,233.0,235.0,0.0,950,222250.0
2013-03-21,239.0,239.0,236.0,237.0,0.0,23580,5633660.0
2013-03-20,238.0,239.0,235.0,239.0,0.0,4580,1093620.0
2013-03-19,240.0,243.0,237.0,238.0,0.0,3780,906770.0
2013-03-18,230.0,242.0,234.0,240.0,0.0,13672,3257498.0
2013-03-17,241.0,234.0,226.0,230.0,0.0,3290,756460.0
2013-03-14,242.0,250.0,237.0,241.0,0.0,29040,7099280.0
2013-03-13,238.0,242.0,237.0,242.0,0.0,12140,2901210.0
2013-03-11,235.0,242.0,238.0,238.0,0.0,4370,1044430.0
2013-03-07,247.0,244.0,235.0,235.0,0.0,16140,3871660.0
2013-03-06,248.0,247.0,237.0,247.0,0.0,29110,7024130.0
2013-03-05,243.0,248.0,228.0,248.0,0.0,29650,6964510.0
2013-03-04,240.0,252.0,240.0,243.0,0.0,38510,9386230.0
2013-03-03,228.0,244.0,230.0,240.0,0.0,28700,6741650.0
2013-02-28,208.0,228.0,208.0,228.0,0.0,14870,3192350.0
2013-02-27,205.0,213.0,203.0,208.0,0.0,9182,1913884.0
2013-02-26,207.0,215.0,204.0,205.0,0.0,12470,2568000.0
2013-02-25,202.0,210.0,201.0,207.0,0.0,15068,3090484.0
2013-02-24,205.0,208.0,202.0,202.0,0.0,4840,987860.0
2013-02-21,202.0,208.0,202.0,205.0,0.0,7160,1456690.0
2013-02-20,210.0,209.0,199.0,202.0,0.0,7620,1536860.0
2013-02-19,213.0,225.0,208.0,210.0,0.0,28740,6123450.0
2013-02-17,199.0,218.0,202.0,213.0,0.0,5020,1082080.0
2013-02-14,193.0,199.0,195.0,199.0,0.0,10230,2000880.0
2013-02-13,196.0,197.0,190.0,193.0,0.0,7560,1457970.0
2013-02-12,185.0,198.0,186.0,196.0,0.0,11900,2280380.0
2013-02-10,191.0,188.0,180.0,185.0,0.0,16050,2912700.0
2013-02-07,188.0,191.0,186.0,191.0,0.0,1190,223830.0
2013-02-06,190.0,193.0,188.0,188.0,0.0,1150,217400.0
2013-02-05,190.0,190.0,187.0,190.0,0.0,2950,555350.0
2013-02-04,181.0,190.0,181.0,190.0,0.0,4680,862060.0
2013-02-03,178.0,185.0,176.0,181.0,0.0,6170,1114260.0
2013-01-31,176.0,181.0,176.0,178.0,0.0,3960,705330.0
2013-01-30,187.0,184.0,176.0,176.0,0.0,3610,647220.0
2013-01-28,187.0,195.0,184.0,187.0,0.0,7180,1343690.0
2013-01-27,170.0,187.0,173.0,187.0,0.0,6870,1280690.0
2013-01-24,175.0,175.0,170.0,170.0,0.0,3040,524540.0
2013-01-23,177.0,175.0,171.0,175.0,0.0,1110,193060.0
2013-01-22,177.0,180.0,177.0,177.0,0.0,4780,855400.0
2013-01-21,175.0,178.0,175.0,177.0,0.0,780,137460.0
2013-01-20,173.0,175.0,175.0,175.0,0.0,400,70000.0
2013-01-17,175.0,175.0,170.0,173.0,0.0,8170,1394060.0
2013-01-16,180.0,177.0,174.0,175.0,0.0,1320,231720.0
2013-01-15,181.0,183.0,180.0,180.0,0.0,1610,290720.0
2013-01-13,184.0,181.0,181.0,181.0,0.0,100,18100.0
2013-01-10,184.0,184.0,181.0,184.0,0.0,4010,731980.0
2013-01-09,180.0,184.0,179.0,184.0,0.0,610,110190.0
2013-01-08,188.0,185.0,179.0,180.0,0.0,310,56320.0
2013-01-07,189.0,188.0,186.0,188.0,0.0,520,97240.0
2013-01-06,190.0,189.0,189.0,189.0,0.0,280,52920.0
2013-01-03,183.0,191.0,180.0,190.0,0.0,81730,15317480.0
2013-01-02,187.0,190.0,183.0,183.0,0.0,7970,1476980.0
2013-01-01,194.0,191.0,187.0,187.0,0.0,1790,337650.0
2012-12-31,192.0,198.0,190.0,194.0,0.0,2010,389250.0
2012-12-27,192.0,195.0,189.0,192.0,0.0,6900,1316240.0
2012-12-26,187.0,201.0,190.0,192.0,0.0,9690,1872760.0
2012-12-24,188.0,188.0,185.0,187.0,0.0,7060,1311470.0
2012-12-23,189.0,193.0,187.0,188.0,0.0,5400,1023180.0
2012-12-20,200.0,197.0,188.0,189.0,0.0,34000,6435310.0
2012-12-19,199.0,200.0,196.0,200.0,0.0,200,39550.0
2012-12-18,201.0,199.0,199.0,199.0,0.0,40,7960.0
2012-12-17,195.0,205.0,198.0,201.0,0.0,2130,430520.0
2012-12-16,188.0,195.0,185.0,195.0,0.0,3230,602790.0
2012-12-13,183.0,189.0,185.0,188.0,0.0,1930,361600.0
2012-12-12,177.0,183.0,177.0,183.0,0.0,1770,319050.0
2012-12-11,174.0,178.0,171.0,177.0,0.0,2100,366910.0
2012-12-10,182.0,179.0,173.0,174.0,0.0,3958,698958.0
2012-12-09,184.0,182.0,181.0,182.0,0.0,450,81680.0
2012-12-06,192.0,192.0,184.0,184.0,0.0,1840,342020.0
2012-12-05,185.0,198.0,188.0,192.0,0.0,7740,1489860.0
2012-12-04,194.0,191.0,181.0,185.0,0.0,8990,1653580.0
2012-11-29,197.0,196.0,188.0,194.0,0.0,1550,296050.0
2012-11-28,198.0,200.0,192.0,197.0,0.0,1490,289690.0
2012-11-27,199.0,202.0,196.0,198.0,0.0,710,140420.0
2012-11-26,200.0,199.0,196.0,199.0,0.0,290,57350.0
2012-11-25,202.0,210.0,200.0,200.0,0.0,9820,1999340.0
2012-11-22,202.0,204.0,196.0,202.0,0.0,5120,1025230.0
2012-11-21,194.0,213.0,190.0,202.0,0.0,17150,3455540.0
2012-11-20,177.0,194.0,180.0,194.0,0.0,26770,5172300.0
2012-11-18,161.0,177.0,160.0,177.0,0.0,27190,4737180.0
2012-11-12,154.0,162.0,151.0,161.0,0.0,2140,342250.0
2012-11-11,166.0,169.0,154.0,154.0,0.0,980,154970.0
2012-11-08,160.0,171.0,163.0,166.0,0.0,11330,1888010.0
2012-11-07,157.0,163.0,157.0,160.0,0.0,1410,226620.0
2012-11-06,158.0,163.0,155.0,157.0,0.0,4260,673510.0
2012-11-05,152.0,166.0,155.0,158.0,0.0,6620,1045220.0
2012-11-04,139.0,152.0,140.0,152.0,0.0,9610,1393330.0
2012-11-01,141.0,141.0,137.0,139.0,0.0,2250,312910.0
2012-10-31,133.0,145.0,135.0,141.0,0.0,2380,329640.0
2012-10-30,135.0,133.0,133.0,133.0,0.0,100,13300.0
2012-10-18,135.0,137.0,133.0,135.0,0.0,4180,563900.0
2012-10-17,130.0,137.0,132.0,135.0,0.0,2240,301210.0
2012-10-15,132.0,134.0,129.0,130.0,0.0,3800,494240.0
2012-10-14,129.0,132.0,130.0,132.0,0.0,910,118700.0
2012-10-11,126.0,137.0,126.0,129.0,0.0,18173,2371186.0
2012-10-10,125.0,127.0,125.0,126.0,0.0,3030,381480.0
2012-10-09,127.0,132.0,124.0,125.0,0.0,4170,521960.0
2012-10-08,119.0,127.0,117.0,127.0,0.0,6520,780950.0
2012-10-07,121.0,120.0,119.0,119.0,0.0,60,7160.0
2012-10-04,121.0,121.0,121.0,121.0,0.0,20,2420.0
2012-10-03,120.0,122.0,120.0,121.0,0.0,3290,395300.0
2012-10-02,120.0,120.0,120.0,120.0,0.0,50,6000.0
2012-10-01,120.0,121.0,119.0,120.0,0.0,2850,341100.0
2012-10-01,120.0,121.0,119.0,120.0,0.0,2850,341100.0
2012-09-30,119.0,120.0,119.0,120.0,0.0,3600,429550.0
2012-09-26,119.0,119.0,119.0,119.0,0.0,700,83300.0
2012-09-25,123.0,122.0,119.0,119.0,0.0,3200,383600.0
2012-09-24,122.0,123.0,121.0,123.0,0.0,2680,325180.0
2012-09-23,123.0,123.0,119.0,122.0,0.0,2630,318970.0
2012-09-20,125.0,124.0,121.0,123.0,0.0,6080,743280.0
2012-09-19,128.0,127.0,125.0,125.0,0.0,3620,453140.0
2012-09-18,125.0,130.0,125.0,128.0,0.0,7110,900460.0
2012-09-17,125.0,125.0,123.0,125.0,0.0,5240,646980.0
2012-09-16,123.0,125.0,120.0,125.0,0.0,3870,475380.0
2012-09-13,123.0,125.0,123.0,123.0,0.0,3100,385620.0
2012-09-12,118.0,126.0,118.0,123.0,0.0,4185,505200.0
2012-09-11,122.0,120.0,116.0,118.0,0.0,8050,946340.0
2012-09-09,124.0,122.0,122.0,122.0,0.0,1980,241560.0
2012-09-06,120.0,124.0,121.0,124.0,0.0,1130,136930.0
2012-09-05,121.0,120.0,120.0,120.0,0.0,160,19200.0
2012-09-04,123.0,122.0,118.0,121.0,0.0,5270,634270.0
2012-09-03,125.0,123.0,123.0,123.0,0.0,200,24600.0
2012-09-02,125.0,125.0,125.0,125.0,0.0,80,10000.0
2012-08-30,123.0,125.0,124.0,125.0,0.0,440,54680.0
2012-08-29,122.0,123.0,119.0,123.0,0.0,4190,508120.0
2012-08-28,119.0,125.0,119.0,122.0,0.0,7750,946690.0
2012-08-27,115.0,123.0,117.0,119.0,0.0,3060,365370.0
2012-08-26,120.0,118.0,111.0,115.0,0.0,7410,845180.0
2012-08-23,120.0,120.0,120.0,120.0,0.0,20,2400.0
2012-08-22,120.0,121.0,119.0,120.0,0.0,3210,385070.0
2012-08-21,121.0,122.0,120.0,120.0,0.0,6190,743000.0
2012-08-19,122.0,121.0,120.0,121.0,0.0,980,118160.0
2012-08-16,123.0,123.0,121.0,122.0,0.0,3510,428280.0
2012-08-15,125.0,125.0,123.0,123.0,0.0,200,24680.0
2012-08-13,122.0,128.0,119.0,125.0,0.0,16130,1979250.0
2012-08-12,128.0,126.0,120.0,122.0,0.0,6585,805320.0
2012-08-07,127.0,128.0,125.0,128.0,0.0,1960,247720.0
2012-08-06,130.0,129.0,127.0,127.0,0.0,1200,153200.0
2012-08-05,131.0,130.0,128.0,130.0,0.0,2590,334300.0
2012-08-01,130.0,131.0,129.0,131.0,0.0,930,120440.0
2012-07-31,129.0,131.0,127.0,130.0,0.0,3110,398960.0
2012-07-30,129.0,131.0,127.0,129.0,0.0,1240,159280.0
2012-07-29,130.0,129.0,129.0,129.0,0.0,100,12900.0
2012-07-26,130.0,130.0,130.0,130.0,0.0,200,26000.0
2012-07-25,135.0,134.0,130.0,130.0,0.0,6550,873310.0
2012-07-23,135.0,136.0,133.0,135.0,0.0,980,132460.0
2012-07-22,136.0,138.0,134.0,135.0,0.0,1430,194480.0
2012-07-19,130.0,136.0,132.0,136.0,0.0,1430,192940.0
2012-07-18,126.0,130.0,126.0,130.0,0.0,1850,238140.0
2012-07-17,130.0,128.0,126.0,126.0,0.0,670,85030.0
2012-07-16,126.0,130.0,125.0,130.0,0.0,2850,359230.0
2012-07-15,135.0,140.0,126.0,126.0,0.0,1740,234100.0
2012-07-11,123.0,135.0,123.0,135.0,0.0,1030,129450.0
2012-07-10,122.0,125.0,123.0,123.0,0.0,580,71440.0
2012-07-09,122.0,122.0,122.0,122.0,0.0,940,114680.0
2012-07-08,120.0,122.0,122.0,122.0,0.0,500,61000.0
2012-07-05,121.0,120.0,120.0,120.0,0.0,60,7200.0
2012-07-04,121.0,121.0,121.0,121.0,0.0,620,75020.0
2012-07-03,117.0,121.0,119.0,121.0,0.0,4790,571430.0
2012-07-02,122.0,122.0,117.0,117.0,0.0,4640,548500.0
2012-07-01,124.0,123.0,121.0,122.0,0.0,620,75480.0
2012-06-27,122.0,124.0,120.0,124.0,0.0,1120,134640.0
2012-06-26,126.0,124.0,118.0,122.0,0.0,4100,494220.0
2012-06-25,121.0,126.0,123.0,126.0,0.0,880,110140.0
2012-06-21,120.0,121.0,119.0,121.0,0.0,290,34710.0
2012-06-20,118.0,120.0,120.0,120.0,0.0,860,103200.0
2012-06-19,119.0,118.0,118.0,118.0,0.0,1200,141600.0
2012-06-18,121.0,119.0,117.0,119.0,0.0,1820,214260.0
2012-06-17,120.0,121.0,117.0,121.0,0.0,5070,599830.0
2012-06-14,125.0,123.0,120.0,120.0,0.0,4900,592470.0
2012-06-13,123.0,127.0,123.0,125.0,0.0,670,83570.0
2012-06-12,120.0,123.0,120.0,123.0,0.0,530,63940.0
2012-06-11,118.0,120.0,120.0,120.0,0.0,247,29640.0
2012-06-10,120.0,118.0,118.0,118.0,0.0,1790,211220.0
2012-06-07,117.0,121.0,119.0,120.0,0.0,520,62400.0
2012-06-06,121.0,119.0,117.0,117.0,0.0,1130,132590.0
2012-06-05,123.0,123.0,119.0,121.0,0.0,3890,465260.0
2012-06-04,127.0,127.0,123.0,123.0,0.0,2165,267615.0
2012-06-03,124.0,129.0,122.0,127.0,0.0,1080,137930.0
2012-05-31,116.0,126.0,118.0,124.0,0.0,4570,560280.0
2012-05-30,122.0,120.0,114.0,116.0,0.0,420,49040.0
2012-05-29,135.0,133.0,122.0,122.0,0.0,2030,249510.0
2012-05-27,136.0,136.0,135.0,135.0,0.0,400,54040.0
2012-05-24,140.0,138.0,134.0,136.0,0.0,6290,847720.0
2012-05-22,133.0,140.0,135.0,140.0,0.0,1090,149390.0
2012-05-21,140.0,138.0,133.0,133.0,0.0,3120,419340.0
2012-05-20,143.0,142.0,140.0,140.0,0.0,420,59200.0
2012-05-17,142.0,149.0,143.0,143.0,0.0,620,89980.0
2012-05-16,134.0,142.0,136.0,142.0,0.0,6720,922840.0
2012-05-15,134.0,136.0,134.0,134.0,0.0,280,37680.0
2012-05-14,140.0,138.0,134.0,134.0,0.0,120,16320.0
2012-05-13,149.0,147.0,140.0,140.0,0.0,1020,148070.0
2012-05-09,155.0,162.0,149.0,149.0,0.0,5405,837100.0
2012-05-08,154.0,160.0,155.0,155.0,0.0,1170,183600.0
2012-05-03,143.0,154.0,145.0,154.0,0.0,1680,249840.0
2012-05-02,145.0,143.0,143.0,143.0,0.0,200,28600.0
2012-04-29,153.0,153.0,145.0,145.0,0.0,2550,384520.0
2012-04-26,148.0,153.0,140.0,153.0,0.0,14840,2166020.0
2012-04-25,144.0,148.0,146.0,148.0,0.0,600,88600.0
2012-04-24,134.0,144.0,132.0,144.0,0.0,1530,205500.0
2012-04-22,131.0,134.0,127.0,134.0,0.0,3630,468830.0
2012-04-19,129.0,133.0,129.0,131.0,0.0,430,56330.0
2012-04-18,141.0,139.0,127.0,129.0,0.0,4460,576910.0
2012-04-17,139.0,143.0,139.0,141.0,0.0,2040,287050.0
2012-04-16,127.0,139.0,129.0,139.0,0.0,2400,328360.0
2012-04-15,121.0,129.0,123.0,127.0,0.0,2180,271140.0
2012-04-12,111.0,121.0,105.0,121.0,0.0,7015,771910.0
2012-04-11,104.0,111.0,102.0,111.0,0.0,2790,293520.0
2012-04-10,106.0,104.0,104.0,104.0,0.0,50,5200.0
2012-04-09,108.0,106.0,106.0,106.0,0.0,100,10600.0
2012-04-08,106.0,108.0,108.0,108.0,0.0,20,2160.0
2012-04-05,104.0,106.0,102.0,106.0,0.0,1610,166480.0
2012-04-04,104.0,104.0,100.0,104.0,0.0,2300,234400.0
2012-04-03,105.0,104.0,103.0,104.0,0.0,1160,120250.0
2012-04-02,105.0,107.0,105.0,105.0,0.0,240,25280.0
2012-04-01,103.0,105.0,104.0,105.0,0.0,1330,139450.0
2012-03-29,103.0,103.0,101.0,103.0,0.0,1550,158650.0
2012-03-28,103.0,105.0,102.0,103.0,0.0,1090,113040.0
2012-03-27,106.0,104.0,101.0,103.0,0.0,2170,221290.0
2012-03-26,108.0,106.0,106.0,106.0,0.0,660,69960.0
2012-03-25,106.0,108.0,108.0,108.0,0.0,40,4320.0
2012-03-21,105.0,106.0,103.0,106.0,0.0,810,84160.0
2012-03-20,105.0,105.0,103.0,105.0,0.0,700,72500.0
2012-03-19,104.0,105.0,103.0,105.0,0.0,1640,170260.0
2012-03-18,104.0,104.0,102.0,104.0,0.0,1280,130920.0
2012-03-15,105.0,104.0,104.0,104.0,0.0,200,20800.0
2012-03-14,103.0,105.0,104.0,105.0,0.0,2740,285160.0
2012-03-13,105.0,105.0,103.0,103.0,0.0,820,84880.0
2012-03-12,104.0,106.0,103.0,105.0,0.0,3360,353720.0
2012-03-11,109.0,108.0,103.0,104.0,0.0,3700,386440.0
2012-03-06,113.0,113.0,105.0,109.0,0.0,5560,608800.0
2012-03-05,125.0,123.0,113.0,113.0,0.0,5130,579990.0
2012-02-23,123.0,125.0,125.0,125.0,0.0,20,2500.0
2012-02-21,125.0,123.0,123.0,123.0,0.0,360,44280.0
2012-01-12,114.0,125.0,114.0,125.0,0.0,1350,156920.0
2012-01-11,115.0,116.0,114.0,114.0,0.0,560,63960.0
2012-01-10,114.0,115.0,113.0,115.0,0.0,2210,252080.0
2012-01-09,115.0,116.0,114.0,116.0,0.0,350,39980.0
2012-01-08,114.0,116.0,112.0,115.0,0.0,2830,321790.0
2012-01-05,116.0,114.0,114.0,114.0,0.0,360,41040.0
2012-01-04,124.0,122.0,112.0,116.0,0.0,3280,377710.0
2012-01-03,126.0,124.0,124.0,124.0,0.0,10,1240.0
2012-01-02,124.0,126.0,126.0,126.0,0.0,20,2520.0
2011-12-29,116.0,124.0,116.0,124.0,0.0,4000,467160.0
2011-12-28,112.0,116.0,114.0,116.0,0.0,2010,232920.0
2011-12-27,114.0,112.0,112.0,112.0,0.0,380,42560.0
2011-12-26,112.0,114.0,112.0,114.0,0.0,1550,174700.0
2011-12-22,114.0,112.0,112.0,112.0,0.0,160,17920.0
2011-12-21,112.0,114.0,112.0,114.0,0.0,2280,256810.0
2011-12-20,112.0,117.0,112.0,112.0,0.0,1510,173030.0
2011-12-19,121.0,119.0,110.0,112.0,0.0,7200,803950.0
2011-12-15,134.0,132.0,121.0,121.0,0.0,960,117050.0
2011-12-14,142.0,140.0,134.0,134.0,0.0,80,10960.0
2011-12-11,145.0,144.0,142.0,142.0,0.0,520,73880.0
2011-12-01,139.0,145.0,145.0,145.0,0.0,20,2900.0
2011-11-27,140.0,147.0,139.0,139.0,0.0,250,35570.0
2011-11-22,134.0,140.0,140.0,140.0,0.0,220,30800.0
2011-11-21,128.0,134.0,134.0,134.0,0.0,20,2680.0
2011-11-20,121.0,128.0,119.0,128.0,0.0,5000,601120.0
2011-11-17,134.0,132.0,121.0,121.0,0.0,1040,130060.0
2011-11-16,140.0,138.0,134.0,134.0,0.0,120,16320.0
2011-11-15,143.0,142.0,140.0,140.0,0.0,410,57810.0
2011-11-14,149.0,147.0,143.0,143.0,0.0,110,15850.0
2011-11-03,147.0,149.0,149.0,149.0,0.0,20,2980.0
2011-11-02,143.0,153.0,141.0,147.0,0.0,2180,320760.0
2011-10-16,146.0,144.0,142.0,143.0,0.0,2380,338040.0
2011-10-13,147.0,146.0,146.0,146.0,0.0,100,14600.0
2011-10-12,137.0,147.0,139.0,147.0,0.0,660,92820.0
2011-10-10,125.0,137.0,127.0,137.0,0.0,440,58760.0
2011-10-09,126.0,125.0,125.0,125.0,0.0,100,12500.0
2011-10-02,125.0,126.0,126.0,126.0,0.0,970,122220.0
2011-09-29,127.0,125.0,125.0,125.0,0.0,30,3750.0
2011-09-27,119.0,127.0,121.0,127.0,0.0,220,26980.0
2011-09-26,124.0,122.0,116.0,119.0,0.0,2420,285360.0
2011-09-25,124.0,124.0,122.0,124.0,0.0,300,36800.0
2011-09-22,120.0,124.0,116.0,124.0,0.0,1970,233900.0
2011-09-21,120.0,120.0,118.0,120.0,0.0,100,11920.0
2011-09-20,116.0,120.0,118.0,120.0,0.0,170,20100.0
2011-09-19,114.0,116.0,116.0,116.0,0.0,50,5800.0
2011-09-18,116.0,115.0,113.0,114.0,0.0,1180,133870.0
2011-09-15,118.0,120.0,115.0,116.0,0.0,3090,360940.0
2011-09-14,120.0,120.0,118.0,118.0,0.0,350,41700.0
2011-09-13,117.0,121.0,115.0,120.0,0.0,1940,229740.0
2011-09-12,122.0,120.0,114.0,117.0,0.0,2690,318360.0
2011-09-08,122.0,122.0,122.0,122.0,0.0,200,24400.0
2011-09-07,120.0,122.0,116.0,122.0,0.0,3590,422440.0
2011-09-06,128.0,126.0,120.0,120.0,0.0,3380,412800.0
2011-09-05,130.0,128.0,126.0,128.0,0.0,940,120120.0
2011-09-04,124.0,130.0,126.0,130.0,0.0,120,15240.0
2011-09-01,119.0,124.0,116.0,124.0,0.0,6110,733180.0
2011-08-30,131.0,129.0,119.0,119.0,0.0,2650,318330.0
2011-08-28,133.0,131.0,131.0,131.0,0.0,50,6550.0
2011-08-23,133.0,133.0,131.0,133.0,0.0,160,21080.0
2011-08-18,143.0,141.0,129.0,133.0,0.0,9730,1260190.0
2011-08-15,141.0,143.0,143.0,143.0,0.0,30,4290.0
2011-08-11,133.0,141.0,135.0,141.0,0.0,180,24740.0
2011-08-10,131.0,133.0,130.0,133.0,0.0,2570,335020.0
2011-08-09,133.0,131.0,131.0,131.0,0.0,380,49780.0
2011-08-08,132.0,133.0,130.0,133.0,0.0,1390,182940.0
2011-08-07,134.0,136.0,130.0,132.0,0.0,5580,732140.0
2011-08-04,130.0,134.0,130.0,134.0,0.0,3580,471920.0
2011-08-03,132.0,132.0,128.0,130.0,0.0,5370,695380.0
2011-08-02,127.0,132.0,125.0,132.0,0.0,5900,748900.0
2011-08-01,125.0,127.0,127.0,127.0,0.0,30,3810.0
2011-07-31,133.0,132.0,125.0,125.0,0.0,2330,295350.0
2011-07-28,133.0,135.0,130.0,133.0,0.0,3780,499360.0
2011-07-27,133.0,135.0,133.0,133.0,0.0,1260,169500.0
2011-07-26,130.0,136.0,128.0,133.0,0.0,4780,637540.0
2011-07-25,139.0,137.0,130.0,130.0,0.0,2660,356560.0
2011-07-24,142.0,144.0,139.0,139.0,0.0,4900,686900.0
2011-07-21,141.0,144.0,140.0,142.0,0.0,3270,461420.0
2011-07-20,152.0,150.0,137.0,141.0,0.0,10510,1488720.0
2011-07-19,167.0,164.0,152.0,152.0,0.0,300,47730.0
2011-07-18,170.0,167.0,167.0,167.0,0.0,70,11690.0
2011-07-17,167.0,170.0,170.0,170.0,0.0,30,5100.0
2011-06-29,171.0,167.0,167.0,167.0,0.0,40,6680.0
2011-06-23,177.0,174.0,171.0,171.0,0.0,30,5190.0
2011-06-21,180.0,177.0,177.0,177.0,0.0,200,35400.0
2011-06-01,195.0,186.0,186.0,186.0,0.0,100,18600.0
2011-05-26,189.0,195.0,186.0,195.0,0.0,260,48690.0
2011-05-04,198.0,189.0,189.0,189.0,0.0,2710,512190.0
2011-04-07,206.0,202.0,198.0,198.0,0.0,20,4000.0
2011-03-25,210.0,206.0,206.0,206.0,0.0,20,4120.0
2011-03-24,202.0,210.0,206.0,210.0,0.0,40,8320.0
