date,open,high,low,ltp,percent_change,qty,turnover
2022-06-26,373.0,389.9,365.0,387.0,5.74,72644,27441594.5
2022-06-24,368.2,380.4,355.0,366.0,1.39,19017,7029285.0
2022-06-23,361.0,363.0,351.0,361.0,-0.82,21697,7716430.5
2022-06-22,378.0,382.0,364.0,364.0,-5.21,47317,17476533.3
2022-06-21,375.0,387.0,373.0,384.0,4.29,27584,10507312.8
2022-06-20,380.1,380.1,367.5,368.2,-4.36,28253,10539212.8
2022-06-19,410.0,413.1,381.3,385.0,-4.94,17742,6896657.2
2022-06-17,400.0,407.0,390.0,405.0,0.25,14920,5905376.4
2022-06-16,405.0,405.0,395.1,404.0,1.0,15996,6387318.1
2022-06-15,392.5,400.0,385.0,400.0,0.0,24654,9664597.1
2022-06-14,418.0,418.0,394.0,400.0,-3.15,39962,15906353.1
2022-06-13,422.0,423.0,412.0,413.0,-3.05,19467,8105392.5
2022-06-10,426.0,428.2,418.0,426.0,-1.82,26471,11203663.7
2022-06-09,448.9,448.9,426.0,433.9,-1.61,35482,15584496.1
2022-06-08,435.0,445.1,430.0,441.0,2.56,39055,17130436.8
2022-06-07,433.9,437.7,423.0,430.0,-1.58,14307,6140573.5
2022-06-06,436.0,440.0,430.0,436.9,0.44,17968,7798128.9
2022-06-03,431.0,442.0,425.0,435.0,0.28,24140,10405452.3
2022-06-02,440.0,440.0,425.2,433.8,0.3,15973,6899697.4
2022-06-01,456.0,456.8,432.5,432.5,-3.89,32366,14304049.8
2022-05-31,452.0,466.9,446.0,450.0,-1.96,24449,11046100.9
2022-05-30,479.0,479.0,455.0,459.0,-2.34,20085,9219924.0
2022-05-27,480.0,484.0,460.9,470.0,-2.08,39731,18649864.3
2022-05-26,478.0,485.0,469.1,480.0,0.02,36219,17243317.2
2022-05-25,475.0,486.5,467.0,479.9,2.98,25496,12199093.1
2022-05-24,471.9,472.5,454.0,466.0,0.65,34994,16230936.1
2022-05-23,489.0,494.0,460.0,463.0,-4.54,54159,25305268.7
2022-05-20,494.0,496.0,482.6,485.0,-1.82,37921,18458061.4
2022-05-19,517.0,522.0,486.0,494.0,-4.08,55779,27800778.1
2022-05-18,542.0,542.0,515.0,515.0,-4.28,60174,31259172.9
2022-05-17,579.0,579.0,531.0,538.0,-8.81,101598,55265181.3
2022-05-12,609.0,609.0,585.0,590.0,-3.12,37022,22015342.8
2022-05-11,593.0,611.0,592.1,609.0,3.05,27245,16384341.7
2022-05-10,585.0,598.9,585.0,591.0,1.03,8286,4911617.2
2022-05-09,595.0,595.0,583.1,585.0,0.0,22701,13356051.5
2022-05-08,577.0,588.0,570.5,585.0,0.52,30418,17536767.1
2022-05-05,604.0,604.0,580.0,582.0,-1.85,142443,84587232.5
2022-05-04,600.0,619.0,593.0,593.0,-2.31,28921,17317100.9
2022-05-02,637.5,650.2,607.0,607.0,-2.88,22791,14103972.7
2022-04-28,635.0,636.0,621.1,625.0,-1.56,17743,11163360.6
2022-04-27,637.0,639.9,625.5,634.9,0.14,15243,9630718.1
2022-04-26,640.0,644.9,629.1,634.0,-0.47,15363,9764610.9
2022-04-25,657.0,659.0,637.0,637.0,-1.55,39442,25530355.1
2022-04-24,620.0,659.0,618.4,647.0,4.35,63851,40900962.9
2022-04-21,624.0,626.0,600.0,620.0,0.99,77410,47069900.5
2022-04-20,636.0,636.0,603.0,613.9,-3.47,28942,17752350.9
2022-04-19,627.0,640.0,605.0,636.0,1.6,27683,17266757.9
2022-04-18,644.0,649.0,625.0,626.0,-2.8,21807,13760804.5
2022-04-17,672.0,672.0,633.1,644.0,-2.87,29566,19173195.2
2022-04-13,660.0,673.0,655.0,663.0,0.3,23925,15947063.8
2022-04-12,695.0,695.0,661.0,661.0,-3.08,31042,20767986.0
2022-04-11,710.0,720.0,678.0,682.0,-2.71,87619,61129120.0
2022-04-07,680.1,710.0,680.1,701.0,1.67,56180,39304567.3
2022-04-06,681.0,697.0,673.3,689.5,0.36,47886,32657163.7
2022-04-05,705.0,710.0,670.0,687.0,-2.55,113929,77380933.3
2022-04-04,714.0,714.0,696.2,705.0,0.71,66147,46348046.6
2022-04-03,725.0,727.5,697.0,700.0,-5.01,137869,97251269.7
2022-03-31,740.0,751.0,719.0,736.9,-1.07,30335,22165929.9
2022-03-30,706.0,745.0,701.0,744.9,4.18,33837,24412701.4
2022-03-29,720.0,727.0,708.2,715.0,-0.14,28929,20674320.7
2022-03-28,751.0,751.0,710.0,716.0,-3.11,62950,45547730.6
2022-03-27,775.2,806.5,734.0,739.0,-2.76,210335,162922728.6
2022-03-24,731.0,765.0,720.0,760.0,4.11,108251,81355247.6
2022-03-23,720.0,732.3,710.2,730.0,1.39,30226,21717070.4
2022-03-22,719.0,727.0,705.0,720.0,1.41,37468,26810646.1
2022-03-21,714.9,714.9,696.0,710.0,0.85,40769,28667686.1
2022-03-20,730.0,730.0,700.0,704.0,-2.63,33203,23520663.2
2022-03-16,739.0,739.0,720.5,723.0,-1.36,55034,40016402.6
2022-03-15,724.0,735.0,706.0,733.0,2.81,90958,65811209.0
2022-03-14,703.9,725.0,685.0,713.0,2.38,28547,20272049.3
2022-03-13,646.6,696.4,645.0,696.4,9.84,33687,22758661.3
2022-03-10,627.3,639.8,605.2,634.0,3.09,33958,21440118.3
2022-03-09,626.0,630.0,612.0,615.0,-1.76,24766,15274310.7
2022-03-07,625.2,644.8,623.0,626.0,-1.42,21547,13521670.8
2022-03-06,650.0,657.0,630.0,635.0,-1.85,33303,21415363.3
2022-03-02,678.0,678.0,645.0,647.0,-4.33,25023,16421086.5
2022-02-28,708.0,708.0,675.0,676.3,-3.52,32313,22081564.6
2022-02-27,705.0,710.0,701.0,701.0,-0.71,11975,8416854.2
2022-02-24,725.0,727.0,705.0,706.0,-4.21,18907,13446398.9
2022-02-23,750.0,750.0,727.0,737.0,-0.41,7014,5129396.3
2022-02-22,749.0,758.0,735.0,740.0,0.0,7323,5423671.4
2022-02-21,750.0,750.0,736.1,740.0,-0.13,6546,4850643.7
2022-02-20,738.1,753.0,731.1,741.0,-1.61,18000,13360020.6
2022-02-17,760.0,765.0,753.0,753.1,0.01,11490,8711148.0
2022-02-16,760.0,774.9,744.8,753.0,-1.95,6640,5023901.0
2022-02-15,754.0,776.0,741.2,768.0,2.06,19063,14320243.7
2022-02-14,774.0,774.0,746.0,752.5,-1.25,28255,21321359.9
2022-02-13,769.3,774.7,741.0,762.0,-2.93,24185,18363113.0
2022-02-10,771.3,790.0,771.0,785.0,1.29,13876,10839174.2
2022-02-09,785.0,795.0,770.0,775.0,-1.94,15373,11924990.7
2022-02-08,820.0,826.0,790.0,790.3,-1.7,22430,18005504.9
2022-02-07,800.0,816.0,799.0,804.0,1.63,23829,19204560.5
2022-02-06,811.0,819.0,782.0,791.1,-2.81,16944,13550176.1
2022-02-03,825.0,829.0,813.0,814.0,-0.37,18548,15189271.4
2022-02-01,801.0,824.0,785.0,817.0,0.62,14673,11903916.0
2022-01-31,820.0,820.0,808.0,812.0,-0.85,13926,11326643.3
2022-01-30,805.8,826.2,805.8,819.0,3.67,26461,21587114.5
2022-01-27,801.0,806.0,783.1,790.0,0.23,23471,18577064.8
2022-01-26,800.0,813.0,786.1,788.2,-2.35,29468,23408152.4
2022-01-25,810.0,830.0,801.1,807.2,-0.84,46379,37818008.4
2022-01-24,845.1,850.0,801.0,814.0,-4.46,102321,84192561.2
2022-01-23,874.0,885.0,848.0,852.0,-2.41,64608,56009579.4
2022-01-20,848.0,875.0,848.0,873.0,1.51,66799,57792451.6
2022-01-19,849.0,880.9,839.0,860.0,1.43,162485,140174606.5
2022-01-18,851.0,865.0,840.0,847.9,0.34,107870,91654340.4
2022-01-17,826.0,853.0,811.1,845.0,2.92,92110,77344327.1
2022-01-16,801.0,821.0,795.0,821.0,4.44,46745,37706461.7
2022-01-13,775.0,793.0,755.1,786.1,3.43,20510,15959153.3
2022-01-12,790.0,804.0,758.0,760.0,-3.8,36573,28372994.2
2022-01-11,785.0,805.0,756.0,790.0,2.34,57076,45494018.7
2022-01-10,755.0,774.7,740.0,771.9,3.61,47377,36010213.7
2022-01-09,732.0,753.0,732.0,745.0,2.48,38918,28865491.8
2022-01-06,702.0,727.0,702.0,727.0,1.69,16113,11611995.0
2022-01-05,738.0,738.0,706.0,714.9,-1.39,34178,24573973.9
2022-01-04,720.0,739.0,715.1,725.0,-0.15,21099,15372156.0
2022-01-03,755.8,755.8,722.6,726.1,-2.01,48052,35516632.2
2022-01-02,678.0,741.0,675.0,741.0,9.29,51074,36499000.6
2021-12-29,669.0,690.0,661.0,678.0,1.66,14777,10052716.3
2021-12-28,647.0,673.0,646.0,666.9,1.05,34206,22529462.3
2021-12-27,716.7,717.0,650.1,660.0,-6.08,56090,38826399.8
2021-12-26,650.0,702.7,646.0,702.7,9.99,79829,55168945.7
2021-12-23,704.0,726.2,697.0,720.0,4.2,62307,44359911.5
2021-12-22,674.2,692.7,662.0,691.0,4.54,29786,20348546.3
2021-12-21,662.0,665.0,650.0,661.0,1.71,18314,12034800.8
2021-12-20,642.0,651.0,631.0,649.9,1.52,12918,8250325.5
2021-12-16,653.0,661.0,640.0,640.2,-3.58,15963,10366085.4
2021-12-15,673.2,688.0,647.0,664.0,0.61,30930,20763403.4
2021-12-14,637.5,660.0,630.0,660.0,5.6,15421,9911082.8
2021-12-13,653.0,660.0,617.4,625.0,-6.16,51213,32279777.3
2021-12-12,700.0,700.0,665.0,666.0,-3.9,22041,14936273.9
2021-12-09,696.0,699.0,690.0,693.0,-0.72,13153,9134098.7
2021-12-08,710.0,716.1,696.0,698.0,-2.65,12735,8955413.2
2021-12-07,739.0,748.9,715.6,717.0,-1.1,14418,10537107.1
2021-12-06,725.0,738.0,710.5,725.0,-0.01,17992,12989183.5
2021-12-05,740.0,745.0,720.5,725.1,-2.15,12018,8812663.6
2021-12-02,760.1,764.8,740.1,741.0,-3.64,11407,8592144.0
2021-12-01,756.0,771.0,754.0,769.0,2.4,18053,13771008.0
2021-11-30,760.0,760.0,745.5,751.0,-1.18,8639,6497259.1
2021-11-29,770.0,787.3,743.9,760.0,-1.55,18049,13703542.6
2021-11-28,790.0,794.0,765.0,772.0,-3.14,20974,16277237.5
2021-11-25,805.8,805.8,791.0,797.0,0.89,20352,16280547.8
2021-11-24,790.0,803.0,783.1,790.0,-0.67,17673,14036998.6
2021-11-23,815.0,824.0,793.0,795.3,-2.3,14713,11892858.2
2021-11-22,823.0,835.0,798.8,814.0,-1.45,25744,20931873.8
2021-11-21,837.0,837.0,822.0,826.0,0.43,7620,6298595.3
2021-11-18,837.0,837.0,822.0,822.5,-1.85,12039,9947337.0
2021-11-17,860.0,872.9,837.5,838.0,-0.71,13234,11252543.8
2021-11-16,803.5,845.0,802.1,844.0,5.63,15506,12878370.1
2021-11-15,808.0,823.0,797.0,799.0,0.52,12809,10291982.1
2021-11-14,788.0,803.0,784.0,794.9,-0.64,9753,7758961.5
2021-11-11,807.0,826.0,792.0,800.0,-2.79,11935,9622111.8
2021-11-09,845.0,847.0,818.0,823.0,-4.3,16540,13761238.0
2021-11-08,883.0,883.0,850.7,860.0,-1.26,4157,3578876.1
2021-11-03,902.7,902.7,870.2,871.0,-1.58,13398,11719222.6
2021-11-02,858.0,887.4,855.0,885.0,2.19,20333,17703933.7
2021-11-01,873.2,907.0,860.0,866.0,-2.81,26496,23221222.7
2021-10-31,879.0,900.0,866.0,891.0,3.36,41802,37066113.8
2021-10-28,852.0,867.0,845.0,862.0,0.47,28477,24495574.0
2021-10-27,835.0,880.0,817.0,858.0,2.75,41775,35555002.4
2021-10-26,804.7,835.0,804.7,835.0,5.83,26279,21693339.4
2021-10-25,740.0,789.0,736.0,789.0,5.2,17306,13436035.6
2021-10-24,755.0,770.1,748.0,750.0,1.32,7021,5286022.0
2021-10-21,763.0,763.0,739.0,740.2,-2.86,12020,8995281.0
2021-10-20,765.0,774.0,758.0,762.0,1.6,7449,5695303.4
2021-10-19,765.0,775.0,736.0,750.0,-2.98,17726,13262541.6
2021-10-18,796.0,800.0,773.0,773.0,-4.57,17845,13969146.1
2021-10-17,800.0,816.0,795.0,810.0,2.53,7017,5644296.8
2021-10-11,784.1,800.0,777.0,790.0,-1.25,13348,10545157.1
2021-10-10,801.2,821.0,788.0,800.0,-0.12,31138,24981438.0
2021-10-06,775.1,816.0,771.1,801.0,4.03,17961,14297939.5
2021-10-05,762.0,774.0,752.0,770.0,2.94,13119,10003944.8
2021-10-04,742.0,797.0,740.0,748.0,0.13,21333,15979910.3
2021-10-03,750.7,778.2,747.0,747.0,-2.1,11505,8739488.0
2021-09-30,739.9,772.0,739.9,763.0,1.06,16990,12977174.3
2021-09-29,756.8,765.0,718.0,755.0,1.75,20812,15536269.0
2021-09-28,756.6,801.1,740.0,742.0,-3.89,23853,17984450.9
2021-09-27,811.0,811.0,766.0,772.0,-2.95,23222,18009507.5
2021-09-26,828.2,828.2,789.0,795.5,-2.03,28329,22666512.8
2021-09-23,835.0,839.0,812.0,812.0,-1.58,27176,22509938.0
2021-09-22,816.0,848.0,815.5,825.0,3.13,20944,17236288.6
2021-09-21,785.0,840.0,751.0,800.0,0.76,44497,35682248.8
2021-09-20,815.0,815.1,791.0,794.0,-3.18,41025,32897464.1
2021-09-16,836.0,850.0,815.0,820.1,-3.86,44959,36996386.0
2021-09-15,877.0,877.0,850.0,853.0,-1.5,21633,18522846.5
2021-09-14,900.0,900.0,860.7,866.0,-2.17,12329,10737094.1
2021-09-13,892.5,899.0,884.0,885.2,1.17,16827,14983107.3
2021-09-12,860.0,879.0,850.0,875.0,2.34,27301,23781433.0
2021-09-09,860.0,885.0,840.0,855.0,-0.12,28655,24540006.6
2021-09-08,880.0,880.0,855.1,856.0,-3.17,37178,32149173.0
2021-09-07,908.0,908.0,879.5,884.0,-2.54,28740,25547691.1
2021-09-06,862.8,907.0,846.0,907.0,7.21,45327,39722957.6
2021-09-05,887.0,887.0,836.0,846.0,-4.62,62081,53303705.3
2021-09-02,912.0,918.0,887.0,887.0,-0.89,59403,53439174.5
2021-09-01,920.0,920.0,895.0,895.0,-0.78,70409,63753198.9
2021-08-31,922.0,929.0,902.0,902.0,-1.96,63146,57872970.4
2021-08-29,960.0,960.0,919.0,920.0,-3.26,59986,55899013.4
2021-08-26,942.0,980.0,942.0,951.0,-1.04,48785,46735351.3
2021-08-25,1000.0,1000.0,954.0,961.0,-3.8,77885,75542619.4
2021-08-24,1018.9,1039.0,990.0,999.0,0.0,176280,178161671.7
2021-08-19,975.0,1025.0,975.0,999.0,4.39,219937,219576994.8
2021-08-18,942.0,960.0,925.0,957.0,1.92,112527,106547923.4
2021-08-17,965.0,965.0,931.4,939.0,-1.16,62042,58165564.6
2021-08-16,955.0,970.0,949.0,950.0,-1.55,38200,36397102.7
2021-08-15,971.0,1000.0,955.0,965.0,-1.53,53561,51713335.3
2021-08-12,1005.6,1005.6,977.0,980.0,-0.6,65990,64909331.8
2021-08-11,1005.0,1029.0,985.2,985.9,-0.41,60755,60286505.3
2021-08-10,980.0,998.0,967.0,990.0,1.64,68741,67689777.8
2021-08-09,994.0,994.0,971.0,974.0,-0.41,67313,65661635.9
2021-08-08,980.1,1000.0,974.0,978.0,-1.71,57517,56561892.6
2021-08-05,1013.0,1013.0,995.0,995.0,0.1,49266,49314562.6
2021-08-04,990.0,1012.0,982.2,994.0,0.81,186486,185304909.3
2021-08-03,978.0,989.7,969.0,986.0,0.82,21796,21448892.8
2021-08-02,985.0,985.0,970.0,978.0,-0.71,17115,16736923.7
2021-08-01,991.0,995.0,981.0,985.0,-0.61,20876,20561703.0
2021-07-29,1010.0,1018.0,990.0,991.0,-0.6,55435,55688582.6
2021-07-28,1000.0,1015.0,991.0,997.0,1.22,59052,58997546.0
2021-07-27,962.0,985.0,955.0,985.0,3.14,40889,39699324.1
2021-07-26,948.0,960.0,945.0,955.0,0.84,22424,21313649.0
2021-07-25,955.0,960.0,946.0,947.0,-0.53,22398,21237462.5
2021-07-22,963.0,966.0,945.0,952.0,-0.52,24746,23663267.0
2021-07-20,945.7,978.0,945.7,957.0,-0.83,15551,14891554.5
2021-07-19,982.0,985.0,961.0,965.0,0.21,27130,26247354.0
2021-07-18,926.0,963.0,926.0,963.0,4.45,24382,23214780.0
2021-07-15,925.0,930.0,920.0,922.0,0.11,15948,14734823.0
2021-07-14,922.0,927.0,920.0,921.0,-0.65,61633,56991015.0
2021-07-13,920.0,936.0,920.0,927.0,0.0,15410,14342293.0
2021-07-12,968.0,968.0,918.0,927.0,-2.42,44207,41295085.0
2021-07-11,901.0,950.0,901.0,950.0,6.15,24380,22423689.0
2021-07-08,891.0,910.0,886.0,895.0,0.45,28324,25327755.0
2021-07-07,895.0,899.0,890.0,891.0,-0.11,21575,19252615.0
2021-07-06,895.0,905.0,890.0,892.0,-0.11,49375,44193072.0
2021-07-05,903.0,910.0,891.0,893.0,-1.54,25037,22517955.0
2021-07-04,915.0,920.0,906.0,907.0,-0.77,17369,15870575.0
2021-07-01,912.0,925.0,900.0,914.0,2.12,35573,32449132.0
2021-06-30,901.0,907.0,887.0,895.0,-1.54,29801,26628433.0
2021-06-29,920.0,936.0,904.0,909.0,-1.62,19194,17526452.0
2021-06-28,932.0,946.0,920.0,924.0,-0.86,28418,26351112.0
2021-06-27,940.0,947.0,929.0,932.0,-0.43,19546,18257176.0
2021-06-24,945.0,953.0,935.0,936.0,-0.95,32803,30807532.0
2021-06-23,998.0,998.0,944.0,945.0,-3.47,31800,30342072.0
2021-06-22,955.0,979.0,940.0,979.0,3.6,33928,32607147.0
2021-06-21,971.0,978.0,935.0,945.0,-2.68,71100,67495546.0
2021-06-20,997.0,1007.0,969.0,971.0,-2.8,41963,41140939.0
2021-06-17,1009.0,1018.0,980.0,999.0,0.0,44328,44312891.0
2021-06-16,995.0,1014.0,986.0,999.0,-0.79,47429,47318768.0
2021-06-15,1035.0,1039.0,1001.0,1007.0,-0.79,60467,61263156.0
2021-06-14,1022.0,1030.0,1010.0,1015.0,-0.39,48858,49664396.0
2021-06-13,1040.0,1040.0,1005.0,1019.0,-0.39,54767,55665151.0
2021-06-10,1061.0,1082.0,1023.0,1023.0,-1.82,59432,61622749.0
2021-06-09,1090.0,1091.0,1032.0,1042.0,-0.19,141160,149295422.0
2021-06-08,1008.0,1045.0,993.0,1044.0,5.14,116365,118923994.0
2021-06-07,1000.0,1005.0,989.0,993.0,-0.7,33537,33384574.0
2021-06-06,960.0,1017.0,960.0,1000.0,-0.7,73501,73566898.0
2021-06-03,1015.0,1029.0,1001.0,1007.0,0.9,82110,83036265.0
2021-06-02,925.0,1014.0,925.0,998.0,2.57,86066,85708763.0
2021-06-01,988.0,991.0,950.0,973.0,-1.52,121747,118228827.0
2021-05-31,1025.0,1039.0,982.0,988.0,-3.61,108340,108472162.0
2021-05-30,1051.0,1051.0,1012.0,1025.0,-0.87,182328,188592609.0
2021-05-27,1025.0,1080.0,1005.0,1034.0,-1.8,153404,159298146.0
2021-05-25,1015.0,1089.0,995.0,1053.0,5.51,281716,291785858.0
2021-05-24,995.0,1003.0,975.0,998.0,4.39,250543,248192929.0
2021-05-23,900.0,977.0,883.0,956.0,5.75,167922,157643448.0
2021-05-20,925.0,925.0,897.0,904.0,-0.44,48490,43864757.0
2021-05-19,929.0,940.0,907.0,908.0,-0.77,87678,80738954.0
2021-05-18,939.0,939.0,898.0,915.0,2.23,109270,99296112.0
2021-05-17,899.0,927.0,893.0,895.0,0.67,152265,137265606.0
2021-05-16,861.0,897.0,855.0,889.0,4.59,110847,97482611.0
2021-05-13,845.0,856.0,840.0,850.0,1.19,40395,34230126.0
2021-05-12,845.0,848.0,835.0,840.0,-0.36,18000,15154664.0
2021-05-11,843.0,850.0,836.0,843.0,1.08,33036,27933621.0
2021-05-10,819.0,834.0,819.0,834.0,1.83,26803,22183362.0
2021-05-09,824.0,833.0,813.0,819.0,-0.73,12052,9900270.0
2021-05-06,831.0,849.0,819.0,825.0,-1.55,17133,14151635.0
2021-05-05,845.0,849.0,835.0,838.0,-0.95,14333,12041819.0
2021-05-04,850.0,855.0,843.0,846.0,-0.47,13003,11046122.0
2021-05-03,860.0,882.0,844.0,850.0,0.12,36101,30754716.0
2021-05-02,820.0,855.0,820.0,849.0,3.03,40470,34078874.0
2021-04-29,805.0,828.0,802.0,824.0,1.23,11175,9175572.0
2021-04-28,830.0,830.0,799.0,814.0,-1.93,6976,5701566.0
2021-04-27,805.0,830.0,805.0,830.0,4.01,18702,15306100.0
2021-04-26,853.0,853.0,788.0,798.0,-1.85,27160,21729400.0
2021-04-25,830.0,830.0,800.0,813.0,-1.93,33977,27634581.0
2021-04-22,871.0,871.0,814.0,829.0,-0.12,24923,20560185.0
2021-04-21,842.0,842.0,821.0,830.0,-1.43,21123,17418585.0
2021-04-20,844.0,850.0,834.0,842.0,-0.24,15244,12813141.0
2021-04-19,850.0,865.0,839.0,844.0,-0.71,34493,29329377.0
2021-04-18,864.0,881.0,842.0,850.0,-0.7,44474,37935868.0
2021-04-15,840.0,870.0,840.0,856.0,2.03,45187,38744229.0
2021-04-13,850.0,854.0,835.0,839.0,0.12,43554,36678052.0
2021-04-12,842.0,842.0,828.0,838.0,-0.36,34081,28544394.0
2021-04-08,825.0,849.0,825.0,841.0,0.24,53437,44918930.0
2021-04-07,848.0,848.0,835.0,839.0,0.48,40995,34401590.0
2021-04-06,845.0,845.0,831.0,835.0,-0.95,16368,13673542.0
2021-04-05,858.0,858.0,840.0,843.0,-0.82,41860,35348714.0
2021-04-04,851.0,855.0,840.0,850.0,1.8,58419,49531141.0
2021-04-01,876.0,876.0,829.0,835.0,0.0,43930,36963059.0
2021-03-31,820.0,842.0,809.0,835.0,3.73,39415,32686666.0
2021-03-30,803.0,812.0,801.0,805.0,0.37,26903,21732173.0
2021-03-29,800.0,804.0,798.0,802.0,-0.25,6420,5143776.0
2021-03-25,820.0,827.0,804.0,804.0,-0.86,20924,16996558.0
2021-03-24,821.0,821.0,807.0,811.0,0.75,15422,12554905.0
2021-03-23,812.0,815.0,796.0,805.0,-0.49,10890,8764034.0
2021-03-22,848.0,860.0,805.0,809.0,-2.76,24329,19957075.0
2021-03-21,800.0,835.0,798.0,832.0,4.0,35378,29071458.0
2021-03-18,780.0,804.0,780.0,800.0,2.56,22661,17960834.0
2021-03-17,760.0,788.0,750.0,780.0,4.56,27337,20969158.0
2021-03-16,755.0,768.0,741.0,746.0,-0.27,14173,10703004.0
2021-03-15,750.0,780.0,735.0,748.0,-2.09,25728,19573953.0
2021-03-14,790.0,790.0,758.0,764.0,-3.29,14234,10949331.0
2021-03-10,786.0,813.0,772.0,790.0,0.51,14860,11766179.0
2021-03-09,800.0,805.0,785.0,786.0,-2.36,11510,9139076.0
2021-03-07,816.0,820.0,799.0,805.0,-1.11,16702,13518832.0
2021-03-04,791.0,819.0,786.0,814.0,4.9,23815,19188921.0
2021-03-03,798.0,798.0,769.0,776.0,-3.0,47988,37353835.0
2021-03-02,820.0,830.0,790.0,800.0,-3.26,46528,37516351.0
2021-03-01,817.0,835.0,801.0,827.0,1.22,46960,38619601.0
2021-02-28,845.0,845.0,817.0,817.0,-5.0,57450,47755521.0
2021-02-25,871.0,880.0,841.0,860.0,-1.04,29029,25039157.0
2021-02-24,876.0,892.0,851.0,869.0,0.46,45422,39792205.0
2021-02-23,843.0,865.0,819.0,865.0,1.53,71503,59470468.0
2021-02-22,878.0,880.0,844.0,852.0,-2.52,45709,39109367.0
2021-02-21,890.0,900.0,872.0,874.0,-2.02,33451,29450514.0
2021-02-18,913.0,913.0,889.0,892.0,-1.98,28004,25018141.0
2021-02-17,900.0,913.0,885.0,910.0,0.78,41538,37326955.0
2021-02-16,921.0,928.0,890.0,903.0,-0.77,56406,50837662.0
2021-02-15,880.0,915.0,880.0,910.0,4.6,74253,66964503.0
2021-02-14,875.0,885.0,862.0,870.0,-1.25,25333,22019783.0
2021-02-11,890.0,899.0,875.0,881.0,-0.9,40325,35524635.0
2021-02-10,912.0,912.0,884.0,889.0,-0.67,41087,36607761.0
2021-02-09,915.0,920.0,887.0,895.0,-2.72,56815,51076571.0
2021-02-08,940.0,955.0,913.0,920.0,-1.18,93319,86874343.0
2021-02-07,903.0,936.0,893.0,931.0,4.72,99434,91060563.0
2021-02-04,933.0,933.0,873.0,889.0,0.0,34505,30521991.0
2021-02-03,906.0,939.0,875.0,889.0,0.0,73029,65332761.0
2021-02-02,860.0,894.0,860.0,889.0,4.83,84578,74912771.0
2021-02-01,859.0,860.0,842.0,848.0,0.59,43868,37344094.0
2021-01-31,865.0,879.0,843.0,843.0,-2.2,83220,71152591.0
2021-01-28,860.0,878.0,857.0,862.0,1.53,91714,79597334.0
2021-01-27,839.0,855.0,824.0,849.0,1.56,75785,63856431.0
2021-01-26,855.0,859.0,826.0,836.0,-0.83,58467,48822075.0
2021-01-25,897.0,897.0,835.0,843.0,-1.4,78098,66017810.0
2021-01-24,840.0,870.0,833.0,855.0,3.76,108518,93135522.0
2021-01-21,861.0,861.0,816.0,824.0,0.49,65529,53954923.0
2021-01-20,850.0,850.0,807.0,820.0,1.23,46999,38258694.0
2021-01-19,830.0,847.0,808.0,810.0,-1.7,59736,48800277.0
2021-01-18,781.0,834.0,781.0,824.0,7.01,157505,128080039.0
2021-01-17,740.0,770.0,740.0,770.0,3.22,99541,75649734.0
2021-01-13,755.0,769.0,744.0,746.0,0.67,84667,63904094.0
2021-01-12,734.0,741.0,719.0,741.0,2.92,100939,74127772.0
2021-01-11,735.0,749.0,700.0,720.0,2.86,32526,23207850.0
2021-01-10,695.0,714.0,695.0,700.0,0.0,16853,11787765.0
2021-01-07,690.0,705.0,690.0,700.0,1.45,35646,24942024.0
2021-01-06,700.0,700.0,686.0,690.0,-0.14,20175,13948495.0
2021-01-05,697.0,705.0,685.0,691.0,0.73,24325,16880764.0
2021-01-04,710.0,710.0,686.0,686.0,-1.86,35092,24409936.0
2021-01-03,700.0,701.0,683.0,699.0,3.71,48408,33507957.0
2020-12-31,714.0,723.0,702.0,708.0,-0.7,63585,45275885.0
2020-12-30,725.0,725.0,709.0,713.0,-0.7,26826,19132944.0
2020-12-29,713.0,723.0,712.0,718.0,-0.28,24591,17665915.0
2020-12-28,711.0,732.0,709.0,720.0,0.14,26289,18863506.0
2020-12-27,725.0,730.0,711.0,719.0,-2.18,37660,27015949.0
2020-12-24,755.0,755.0,721.0,735.0,-2.0,47178,34815854.0
2020-12-23,725.0,770.0,725.0,750.0,1.49,114391,85676821.0
2020-12-22,750.0,750.0,717.0,739.0,3.07,48081,34985790.0
2020-12-21,689.0,723.0,676.0,717.0,2.14,76721,53394988.0
2020-12-20,732.0,740.0,700.0,702.0,-4.49,136288,97528111.0
2020-12-17,730.0,747.0,716.0,735.0,-0.68,83159,61376042.0
2020-12-16,777.0,777.0,725.0,740.0,0.0,46480,34187197.0
2020-12-15,778.0,778.0,736.0,740.0,-0.13,85313,63610120.0
2020-12-14,710.0,747.0,710.0,741.0,5.56,98345,71643602.0
2020-12-13,724.0,724.0,673.0,702.0,1.74,36423,25306570.0
2020-12-10,687.0,700.0,682.0,690.0,0.29,27447,18913148.0
2020-12-09,690.0,699.0,680.0,688.0,-2.13,42425,29171841.0
2020-12-08,738.0,738.0,695.0,703.0,0.0,66940,47791099.0
2020-12-07,670.0,710.0,666.0,703.0,4.46,80930,56041891.0
2020-12-06,740.0,740.0,673.0,673.0,-7.81,75776,53058881.0
2020-12-03,755.0,765.0,713.0,730.0,-2.28,88954,65430749.0
2020-12-02,707.0,747.0,695.0,747.0,7.64,172246,126147695.0
2020-12-01,690.0,710.0,682.0,694.0,-0.14,84429,58597672.0
2020-11-30,672.0,699.0,661.0,695.0,5.3,113454,77639461.0
2020-11-29,651.0,663.0,651.0,660.0,-0.45,63725,41928548.0
2020-11-26,682.0,682.0,657.0,663.0,-2.5,55169,36789104.0
2020-11-25,680.0,695.0,675.0,680.0,1.8,83534,57183929.0
2020-11-24,664.0,670.0,653.0,668.0,1.83,43656,28954688.0
2020-11-23,675.0,675.0,642.0,656.0,-1.8,35730,23486003.0
2020-11-22,706.0,710.0,662.0,668.0,-3.61,96202,65115664.0
2020-11-19,685.0,700.0,680.0,693.0,1.91,109171,75252371.0
2020-11-18,652.0,680.0,644.0,680.0,5.43,91513,60831288.0
2020-11-12,650.0,653.0,641.0,645.0,-0.77,63423,40995622.0
2020-11-11,675.0,675.0,644.0,650.0,-1.81,154174,100958719.0
2020-11-10,640.0,664.0,634.0,662.0,4.75,160883,105150784.0
2020-11-09,635.0,643.0,630.0,632.0,-0.32,59739,37987890.0
2020-11-08,645.0,645.0,629.0,634.0,0.32,34523,21820908.0
2020-11-05,640.0,640.0,629.0,632.0,0.0,50652,32022901.0
2020-11-04,633.0,635.0,621.0,632.0,0.48,48373,30549209.0
2020-11-03,622.0,632.0,622.0,629.0,1.45,43058,27051802.0
2020-11-02,627.0,627.0,616.0,620.0,0.65,21737,13467015.0
2020-11-01,648.0,648.0,612.0,616.0,-0.32,16917,10466678.0
2020-10-29,650.0,650.0,616.0,618.0,-0.32,16949,10502536.0
2020-10-28,612.0,623.0,612.0,620.0,0.81,9300,5773086.0
2020-10-22,630.0,630.0,615.0,615.0,-1.44,18362,11416339.0
2020-10-21,624.0,630.0,616.0,624.0,1.63,21844,13628163.0
2020-10-20,595.0,627.0,595.0,614.0,2.16,25565,15800223.0
2020-10-19,606.0,606.0,597.0,601.0,0.84,14318,8593304.0
2020-10-18,609.0,609.0,595.0,596.0,-1.0,26865,16097242.0
2020-10-15,617.0,617.0,601.0,602.0,-0.66,24517,14836839.0
2020-10-14,601.0,610.0,601.0,606.0,0.0,15282,9261279.0
2020-10-13,605.0,610.0,605.0,606.0,-0.33,12929,7859101.0
2020-10-12,601.0,610.0,600.0,608.0,-0.33,15343,9293836.0
2020-10-11,610.0,623.0,607.0,610.0,-0.49,19290,11774599.0
2020-10-08,645.0,645.0,610.0,613.0,-0.97,29792,18285694.0
2020-10-07,624.0,624.0,616.0,619.0,0.16,17403,10758829.0
2020-10-06,620.0,621.0,612.0,618.0,-0.64,13911,8574147.0
2020-10-05,623.0,630.0,618.0,622.0,0.48,33770,21112216.0
2020-10-04,625.0,636.0,619.0,619.0,-0.8,23408,14640455.0
2020-10-01,605.0,628.0,605.0,624.0,2.63,53806,33396628.0
2020-09-30,599.0,612.0,596.0,608.0,1.16,48975,29420598.0
2020-09-29,605.0,612.0,600.0,601.0,-1.96,38564,23383032.0
2020-09-28,615.0,615.0,610.0,613.0,-0.65,18683,11448493.0
2020-09-27,624.0,634.0,610.0,617.0,-0.96,20309,12513676.0
2020-09-24,628.0,628.0,616.0,623.0,0.0,24673,15300722.0
2020-09-23,610.0,625.0,608.0,623.0,1.3,39174,24176685.0
2020-09-22,635.0,635.0,610.0,615.0,-1.28,69222,42663204.0
2020-09-21,624.0,635.0,620.0,623.0,-0.64,52043,32531002.0
2020-09-20,640.0,642.0,626.0,627.0,-2.34,35934,22704516.0
2020-09-17,654.0,654.0,638.0,642.0,0.0,75361,48627800.0
2020-09-16,635.0,644.0,625.0,642.0,1.74,86723,55341937.0
2020-09-15,624.0,637.0,611.0,631.0,0.0,82817,52019921.0
2020-09-14,640.0,650.0,625.0,631.0,-1.71,130253,82485013.0
2020-09-13,650.0,655.0,634.0,642.0,0.16,101975,65612275.0
2020-09-10,627.0,645.0,625.0,641.0,4.23,139399,88466293.0
2020-09-09,548.0,616.0,548.0,615.0,6.77,205886,123677563.0
2020-09-08,563.0,580.0,560.0,576.0,1.77,62621,35791013.0
2020-09-07,566.0,575.0,561.0,566.0,-1.39,49126,27885296.0
2020-09-06,590.0,600.0,567.0,574.0,0.35,75681,43700123.0
2020-09-03,561.0,580.0,553.0,572.0,1.96,107930,61385987.0
2020-09-02,592.0,605.0,559.0,561.0,-3.44,147398,85554947.0
2020-08-31,565.0,602.0,565.0,581.0,3.01,219209,128704647.0
2020-08-30,546.0,565.0,526.0,564.0,3.3,95338,52479146.0
2020-08-27,538.0,550.0,528.0,546.0,1.49,127545,69369481.0
2020-08-26,525.0,550.0,525.0,538.0,3.46,152818,82958764.0
2020-08-25,515.0,530.0,489.0,520.0,5.91,165376,84356103.0
2020-08-24,493.0,494.0,475.0,491.0,4.47,114285,55666518.0
2020-08-23,464.0,470.0,450.0,470.0,3.07,52427,24303216.0
2020-08-20,448.0,459.0,448.0,456.0,1.33,8536,3884262.0
2020-08-19,456.0,460.0,447.0,450.0,-3.02,22990,10362102.0
2020-08-18,466.0,468.0,455.0,464.0,0.87,25501,11742846.0
2020-08-17,456.0,460.0,452.0,460.0,1.77,23967,10943158.0
2020-08-16,451.0,459.0,440.0,452.0,0.89,31032,13987487.0
2020-08-13,451.0,459.0,445.0,448.0,-2.61,23382,10545405.0
2020-08-12,464.0,464.0,449.0,460.0,1.1,21557,9855103.0
2020-08-11,475.0,475.0,447.0,455.0,0.0,23071,10534533.0
2020-08-10,444.0,459.0,437.0,455.0,4.12,45756,20489268.0
2020-08-09,423.0,438.0,419.0,437.0,2.1,22948,9833366.0
2020-08-06,424.0,432.0,419.0,428.0,0.94,23060,9821739.0
2020-08-05,432.0,435.0,421.0,424.0,-3.64,28822,12301598.0
2020-08-03,423.0,445.0,418.0,440.0,2.33,21212,9201351.0
2020-08-02,450.0,450.0,427.0,430.0,-4.44,32771,14300692.0
2020-07-30,450.0,459.0,445.0,450.0,0.9,24874,11207765.0
2020-07-29,455.0,456.0,443.0,446.0,-3.46,44859,20143972.0
2020-07-28,461.0,470.0,454.0,462.0,-0.86,32887,15157394.0
2020-07-27,486.0,488.0,463.0,466.0,-2.31,29450,13984222.0
2020-07-26,459.0,477.0,459.0,477.0,4.15,52114,24542992.0
2020-07-23,456.0,460.0,445.0,458.0,2.23,30265,13726651.0
2020-07-22,465.0,465.0,441.0,448.0,-1.75,26203,11808757.0
2020-07-21,472.0,472.0,456.0,456.0,-2.77,25300,11698118.0
2020-07-20,491.0,514.0,462.0,469.0,0.21,40704,19598596.0
2020-07-19,459.0,468.0,459.0,468.0,4.0,2610,1198080.0
2020-07-16,452.0,460.0,449.0,450.0,0.45,13439,6069236.0
2020-07-15,460.0,460.0,447.0,448.0,-0.67,18148,8163776.0
2020-07-14,452.0,460.0,447.0,451.0,-1.1,22808,10325349.0
2020-07-13,462.0,464.0,454.0,456.0,0.22,19575,8947418.0
2020-07-12,455.0,463.0,444.0,455.0,0.44,39576,17988916.0
2020-07-09,450.0,460.0,430.0,453.0,0.67,37937,17011988.0
2020-07-08,447.0,460.0,426.0,450.0,1.12,31500,13997521.0
2020-07-07,435.0,461.0,435.0,445.0,3.49,45829,20749548.0
2020-07-06,392.0,430.0,392.0,430.0,8.04,51033,21030834.0
2020-07-05,388.0,425.0,381.0,398.0,0.76,30550,12230598.0
2020-07-02,443.0,443.0,395.0,395.0,-9.2,6490,2740947.0
2020-07-01,403.0,435.0,403.0,435.0,9.85,4085,1727219.0
2020-06-30,360.0,396.0,360.0,396.0,10.0,4146,1598536.0
2020-06-29,359.0,359.0,335.0,360.0,-4.37,13566,4817887.0
2020-05-12,370.0,370.0,366.0,366.0,-2.92,120,43960.0
2020-03-22,365.0,399.0,365.0,377.0,1.34,2270,853960.0
2020-03-19,367.0,390.0,346.0,372.0,-0.53,54658,20369718.0
2020-03-18,383.0,396.0,350.0,374.0,-0.53,38811,14264527.0
2020-03-17,400.0,402.0,375.0,376.0,-7.84,33330,12908820.0
2020-03-16,393.0,416.0,388.0,408.0,1.75,58797,23814444.0
2020-03-15,436.0,441.0,400.0,401.0,-9.68,81362,33651520.0
2020-03-12,472.0,479.0,438.0,444.0,-4.1,52077,23530956.0
2020-03-11,435.0,463.0,421.0,463.0,8.18,42498,18948786.0
2020-03-10,457.0,457.0,421.0,428.0,-8.15,20311,8974658.0
2020-03-05,460.0,489.0,442.0,466.0,-0.21,49998,23306224.0
2020-03-04,501.0,509.0,461.0,467.0,-5.08,58839,28218806.0
2020-03-03,496.0,520.0,437.0,492.0,4.02,83413,40248016.0
2020-03-02,550.0,550.0,473.0,473.0,-9.73,44539,22473096.0
2020-03-01,580.0,580.0,522.0,524.0,-5.24,69570,37146288.0
2020-02-27,554.0,574.0,527.0,553.0,-2.12,112783,62416440.0
2020-02-26,564.0,580.0,549.0,565.0,2.17,123628,70036016.0
2020-02-25,500.0,561.0,500.0,553.0,8.43,103919,54966592.0
2020-02-24,531.0,541.0,507.0,510.0,-2.67,44526,22897816.0
2020-02-23,528.0,540.0,514.0,524.0,-0.19,97600,51253912.0
2020-02-20,500.0,525.0,495.0,525.0,5.42,95765,48782728.0
2020-02-19,498.0,506.0,476.0,498.0,0.0,29874,14760489.0
2020-02-18,508.0,516.0,485.0,498.0,-1.58,76659,37882904.0
2020-02-17,510.0,528.0,490.0,506.0,1.2,111367,56764600.0
2020-02-16,480.0,500.0,475.0,500.0,6.16,141700,69673072.0
2020-02-13,477.0,480.0,469.0,471.0,0.64,67730,32079408.0
2020-02-12,470.0,474.0,465.0,468.0,1.3,45081,21125420.0
2020-02-11,463.0,478.0,461.0,462.0,1.76,52799,24615956.0
2020-02-10,457.0,459.0,444.0,454.0,0.89,44500,20131788.0
2020-02-09,468.0,468.0,444.0,450.0,-3.23,45792,20836984.0
2020-02-06,470.0,470.0,458.0,465.0,0.43,54031,25026288.0
2020-02-05,464.0,466.0,458.0,463.0,-0.22,55665,25704538.0
2020-02-04,465.0,481.0,458.0,464.0,-0.64,73014,34091132.0
2020-02-03,475.0,476.0,454.0,467.0,-0.64,72952,34089956.0
2020-02-02,477.0,499.0,464.0,470.0,0.43,211108,101104968.0
2020-01-30,433.0,468.0,430.0,468.0,9.86,247838,113619144.0
2020-01-29,422.0,435.0,422.0,426.0,-0.93,44812,19247064.0
2020-01-28,427.0,438.0,420.0,430.0,2.63,87722,37633744.0
2020-01-27,410.0,419.0,394.0,419.0,2.95,57403,23660020.0
2020-01-26,420.0,422.0,401.0,407.0,-2.86,55504,22657824.0
2020-01-23,421.0,440.0,415.0,419.0,-0.71,90932,38595992.0
2020-01-22,405.0,434.0,400.0,422.0,5.24,184231,76909232.0
2020-01-21,400.0,426.0,380.0,401.0,2.04,115090,46203888.0
2020-01-20,390.0,408.0,378.0,393.0,2.61,138583,54495068.0
2020-01-19,343.0,383.0,343.0,383.0,9.74,71668,27097718.0
2020-01-16,347.0,356.0,340.0,349.0,2.35,42861,14965519.0
2020-01-15,334.0,352.0,334.0,341.0,0.29,20747,7129460.0
2020-01-14,339.0,350.0,332.0,340.0,-1.45,36880,12540845.0
2020-01-13,347.0,359.0,329.0,345.0,1.17,79857,27904178.0
2020-01-12,315.0,341.0,315.0,341.0,10.0,66020,21726808.0
2020-01-09,311.0,314.0,309.0,310.0,-0.32,18490,5763567.0
2020-01-08,310.0,318.0,308.0,311.0,-0.32,17180,5376088.0
2020-01-07,305.0,321.0,305.0,312.0,0.97,19870,6198330.0
2020-01-06,310.0,315.0,307.0,309.0,0.0,11282,3493084.0
2020-01-05,307.0,311.0,305.0,309.0,1.31,25581,7886765.0
2020-01-02,303.0,309.0,303.0,305.0,-0.97,12887,3940749.0
2020-01-01,323.0,323.0,306.0,308.0,0.0,14740,4534182.0
2019-12-31,322.0,322.0,302.0,308.0,0.33,42100,12966093.0
2019-12-30,301.0,312.0,295.0,307.0,3.72,70817,21618756.0
2019-12-29,297.0,300.0,293.0,296.0,-0.34,16705,4928394.0
2019-12-26,296.0,299.0,291.0,297.0,1.37,24241,7140611.0
2019-12-25,287.0,302.0,286.0,293.0,0.69,27006,7945350.0
2019-12-24,299.0,304.0,287.0,291.0,-1.02,27221,8018361.0
2019-12-23,284.0,298.0,276.0,294.0,5.38,37622,10773112.0
2019-12-22,280.0,284.0,270.0,279.0,-1.41,44391,12332766.0
2019-12-19,290.0,290.0,280.0,283.0,-2.41,11455,3240634.0
2019-12-18,298.0,302.0,282.0,290.0,-1.02,6730,1948690.0
2019-12-17,283.0,300.0,283.0,293.0,1.74,14909,4333649.0
2019-12-16,294.0,304.0,285.0,288.0,-4.0,13300,3904115.0
2019-12-15,314.0,320.0,290.0,300.0,-2.91,39356,11970858.0
2019-12-12,285.0,309.0,280.0,309.0,9.96,46388,13943985.0
2019-12-11,275.0,290.0,275.0,281.0,1.08,5949,1671835.0
2019-12-10,280.0,284.0,270.0,278.0,1.09,9336,2590620.0
2019-12-09,264.0,281.0,264.0,275.0,3.38,19986,5522871.0
2019-12-08,260.0,267.0,259.0,266.0,0.76,4368,1151938.0
2019-12-05,263.0,275.0,260.0,264.0,1.54,8383,2222457.0
2019-12-04,249.0,265.0,248.0,260.0,4.42,9208,2374638.0
2019-12-03,249.0,250.0,245.0,249.0,1.22,2136,526578.0
2019-12-02,244.0,249.0,243.0,246.0,2.5,1977,483671.0
2019-12-01,245.0,248.0,240.0,240.0,-3.61,3083,747465.0
2019-11-28,247.0,250.0,245.0,249.0,0.81,3339,821833.0
2019-11-27,237.0,251.0,237.0,247.0,2.92,2182,528477.0
2019-11-26,245.0,245.0,240.0,240.0,-2.04,2999,726425.0
2019-11-25,246.0,250.0,242.0,245.0,-2.39,4483,1103870.0
2019-11-24,254.0,254.0,245.0,251.0,-0.79,1932,484515.0
2019-11-21,253.0,253.0,250.0,253.0,-1.17,1540,388646.0
2019-11-20,258.0,261.0,254.0,256.0,0.0,1448,373209.0
2019-11-19,255.0,260.0,255.0,256.0,-0.78,383,98018.0
2019-11-18,256.0,258.0,256.0,258.0,-0.77,529,135866.0
2019-11-17,256.0,261.0,256.0,260.0,1.56,2820,730421.0
2019-11-14,257.0,258.0,255.0,256.0,-0.39,1511,387466.0
2019-11-13,255.0,257.0,255.0,257.0,1.18,1034,264140.0
2019-11-12,260.0,260.0,253.0,254.0,-2.68,1652,420677.0
2019-11-11,252.0,261.0,252.0,261.0,2.35,2938,760450.0
2019-11-10,255.0,259.0,254.0,255.0,-0.39,2543,648979.0
2019-11-07,256.0,261.0,256.0,256.0,0.0,1761,452241.0
2019-11-06,257.0,264.0,256.0,256.0,-0.78,2806,725735.0
2019-11-05,260.0,265.0,256.0,258.0,-0.77,1313,339814.0
2019-11-04,256.0,260.0,256.0,260.0,0.78,3756,969402.0
2019-11-03,257.0,260.0,254.0,258.0,-1.53,1936,499180.0
2019-10-31,260.0,262.0,260.0,262.0,-1.13,968,251780.0
2019-10-24,266.0,269.0,265.0,265.0,-1.49,1301,346735.0
2019-10-23,265.0,269.0,261.0,269.0,0.0,2613,695718.0
2019-10-22,265.0,269.0,260.0,269.0,3.46,401,105250.0
2019-10-21,263.0,273.0,259.0,260.0,0.78,1330,355050.0
2019-10-20,259.0,264.0,258.0,258.0,0.0,7731,2005707.0
2019-10-17,265.0,265.0,258.0,258.0,-3.73,8570,2250230.0
2019-10-16,268.0,269.0,268.0,268.0,-1.83,2777,744436.0
2019-10-15,264.0,273.0,263.0,273.0,3.02,2162,575969.0
2019-10-14,260.0,265.0,256.0,265.0,0.0,1533,400625.0
2019-10-10,265.0,267.0,265.0,265.0,-1.12,810,214750.0
2019-10-03,268.0,270.0,265.0,268.0,1.9,1566,418990.0
2019-10-02,281.0,282.0,263.0,263.0,-5.05,973,267458.0
2019-10-01,269.0,280.0,269.0,277.0,1.47,1949,540477.0
2019-09-30,265.0,273.0,263.0,273.0,3.02,3920,1054920.0
2019-09-29,263.0,265.0,258.0,265.0,0.76,3339,867963.0
2019-09-26,262.0,266.0,258.0,263.0,-1.13,2620,685192.0
2019-09-25,272.0,273.0,263.0,266.0,-0.75,4795,1280638.0
2019-09-24,271.0,273.0,268.0,268.0,-1.83,2785,754862.0
2019-09-23,270.0,278.0,270.0,273.0,3.02,2213,602448.0
2019-09-22,279.0,279.0,265.0,265.0,-7.34,5425,1451581.0
2019-09-19,298.0,298.0,280.0,286.0,-3.05,5390,1546210.0
2019-09-18,274.0,295.0,272.0,295.0,8.86,9805,2754784.0
2019-09-17,263.0,272.0,263.0,271.0,5.04,10127,2697083.0
2019-09-16,264.0,264.0,256.0,258.0,-4.09,9219,2385530.0
2019-09-15,271.0,272.0,265.0,269.0,-1.47,5928,1592608.0
2019-09-12,275.0,280.0,273.0,273.0,-2.5,3839,1060277.0
2019-09-11,280.0,283.0,272.0,280.0,-1.75,3432,959620.0
2019-09-10,282.0,287.0,279.0,285.0,1.42,3283,931104.0
2019-09-09,286.0,286.0,280.0,281.0,-3.1,4520,1281813.0
2019-09-08,290.0,290.0,283.0,290.0,-0.68,3497,1004164.0
2019-09-05,292.0,296.0,289.0,292.0,-1.02,7623,2229010.0
2019-09-04,292.0,309.0,280.0,295.0,-0.67,15057,4384907.0
2019-09-03,275.0,297.0,270.0,297.0,8.39,8514,2356497.0
2019-09-02,276.0,276.0,270.0,274.0,-1.44,5532,1507637.0
2019-09-01,285.0,286.0,278.0,278.0,-2.11,3697,1036106.0
2019-08-29,286.0,288.0,283.0,284.0,-1.39,3502,997228.0
2019-08-28,290.0,290.0,288.0,288.0,-1.03,1513,437770.0
2019-08-27,292.0,297.0,291.0,291.0,1.39,1124,328251.0
2019-08-26,290.0,290.0,287.0,287.0,-1.37,4343,1249269.0
2019-08-25,295.0,295.0,288.0,291.0,-1.69,3524,1023528.0
2019-08-22,302.0,302.0,295.0,296.0,-1.33,624,185564.0
2019-08-21,300.0,301.0,295.0,300.0,0.33,1749,518913.0
2019-08-20,301.0,301.0,299.0,299.0,-0.99,1115,334975.0
2019-08-19,303.0,303.0,298.0,302.0,0.0,5456,1638939.0
2019-08-18,307.0,308.0,302.0,302.0,0.0,5634,1716507.0
2019-08-15,300.0,303.0,300.0,302.0,0.67,1855,559170.0
2019-08-14,311.0,312.0,299.0,300.0,-33.48,7889,2380278.0
2019-08-13,446.0,457.0,446.0,451.0,-0.22,21092,9542003.0
2019-08-12,460.0,460.0,450.0,452.0,0.0,11659,5263853.0
2019-08-11,460.0,463.0,452.0,452.0,-0.66,9117,4164991.0
2019-08-08,464.0,464.0,453.0,455.0,-1.73,6872,3147770.0
2019-08-07,464.0,465.0,460.0,463.0,-0.22,5292,2444808.0
2019-08-06,465.0,466.0,459.0,464.0,1.31,10049,4643712.0
2019-08-05,455.0,470.0,449.0,458.0,1.55,21179,9720931.0
2019-08-04,456.0,456.0,450.0,451.0,-0.88,4953,2242130.0
2019-08-01,455.0,456.0,448.0,455.0,0.0,2130,963730.0
2019-07-31,445.0,455.0,445.0,455.0,2.25,2552,1150650.0
2019-07-30,459.0,459.0,445.0,445.0,-1.11,2831,1273745.0
2019-07-29,450.0,455.0,444.0,450.0,0.0,7456,3326506.0
2019-07-28,455.0,459.0,450.0,450.0,-3.02,9908,4482420.0
2019-07-25,492.0,492.0,462.0,464.0,-1.28,3081,1434360.0
2019-07-24,466.0,470.0,460.0,470.0,1.08,11618,5356586.0
2019-07-23,461.0,465.0,459.0,465.0,1.09,563,259876.0
2019-07-22,460.0,462.0,460.0,460.0,-0.86,1038,477895.0
2019-07-21,465.0,465.0,456.0,464.0,-0.43,1713,792444.0
2019-07-18,467.0,467.0,461.0,466.0,0.43,1699,788967.0
2019-07-17,460.0,465.0,457.0,464.0,1.75,3036,1395621.0
2019-07-16,480.0,480.0,456.0,456.0,-0.44,792,365300.0
2019-07-15,456.0,465.0,456.0,458.0,0.66,2042,938462.0
2019-07-14,467.0,467.0,455.0,455.0,-0.66,1435,658785.0
2019-07-11,467.0,467.0,449.0,458.0,0.0,3528,1608170.0
2019-07-10,453.0,460.0,452.0,458.0,1.1,2414,1096565.0
2019-07-09,465.0,465.0,453.0,453.0,-0.88,2065,940568.0
2019-07-08,457.0,459.0,456.0,457.0,0.0,538,245649.0
2019-07-07,460.0,460.0,457.0,457.0,-1.3,1875,859872.0
2019-07-04,470.0,470.0,462.0,463.0,-1.49,5149,2387975.0
2019-07-03,465.0,477.0,450.0,470.0,-0.63,5924,2741470.0
2019-07-02,442.0,473.0,442.0,473.0,7.01,1927,865132.0
2019-07-01,451.0,451.0,442.0,442.0,-1.78,3115,1393930.0
2019-06-30,450.0,455.0,450.0,450.0,0.0,438,197429.0
2019-06-27,457.0,468.0,450.0,450.0,-2.17,5020,2276822.0
2019-06-26,456.0,461.0,453.0,460.0,0.0,2814,1279670.0
2019-06-25,465.0,465.0,460.0,460.0,0.0,2989,1379510.0
2019-06-24,448.0,461.0,448.0,460.0,0.88,1055,479990.0
2019-06-23,455.0,456.0,450.0,456.0,0.0,4027,1815629.0
2019-06-20,461.0,462.0,455.0,456.0,-1.3,5302,2432409.0
2019-06-19,465.0,474.0,461.0,462.0,0.87,2642,1221295.0
2019-06-18,455.0,460.0,455.0,458.0,2.0,6193,2822115.0
2019-06-17,474.0,474.0,449.0,449.0,-0.66,2951,1339723.0
2019-06-16,456.0,460.0,449.0,452.0,-1.74,6924,3139062.0
2019-06-13,470.0,470.0,460.0,460.0,-1.71,9103,4201259.0
2019-06-12,480.0,480.0,466.0,468.0,-3.31,5734,2710578.0
2019-06-11,500.0,500.0,484.0,484.0,-13.57,7089,3452947.0
2019-06-10,570.0,570.0,555.0,560.0,-1.23,24663,13862400.0
2019-06-06,575.0,575.0,565.0,567.0,-1.39,10717,6091170.0
2019-06-04,583.0,585.0,575.0,575.0,-0.35,6567,3801514.0
2019-06-03,581.0,586.0,577.0,577.0,-1.2,7058,4110440.0
2019-06-02,585.0,593.0,581.0,584.0,-0.51,9325,5465319.0
2019-05-30,598.0,603.0,587.0,587.0,0.0,7176,4262137.0
2019-05-29,590.0,590.0,586.0,587.0,0.17,786,462181.0
2019-05-28,590.0,590.0,586.0,586.0,0.69,2398,1407724.0
2019-05-27,580.0,587.0,580.0,582.0,-0.51,1311,766399.0
2019-05-26,590.0,595.0,585.0,585.0,-0.17,6823,4009237.0
2019-05-23,596.0,600.0,586.0,586.0,0.17,11805,7011198.0
2019-05-22,595.0,602.0,585.0,585.0,-1.02,8739,5201541.0
2019-05-21,592.0,592.0,589.0,591.0,0.17,5312,3132440.0
2019-05-20,600.0,600.0,585.0,590.0,-2.16,13945,8247743.0
2019-05-19,602.0,605.0,597.0,603.0,-0.82,13426,8078820.0
2019-05-16,608.0,609.0,599.0,608.0,0.0,16403,9907455.0
2019-05-15,615.0,615.0,600.0,608.0,-0.16,16487,9998774.0
2019-05-14,607.0,619.0,598.0,609.0,2.18,27716,16847430.0
2019-05-13,615.0,615.0,584.0,596.0,-1.81,21302,12754910.0
2019-05-12,586.0,607.0,580.0,607.0,5.57,44012,26212760.0
2019-05-09,570.0,585.0,566.0,575.0,1.41,3134,1800599.0
2019-05-08,588.0,588.0,566.0,567.0,-2.91,2286,1308823.0
2019-05-07,580.0,585.0,570.0,584.0,0.69,2580,1482555.0
2019-05-06,565.0,580.0,550.0,580.0,2.65,4415,2509909.0
2019-05-05,575.0,575.0,565.0,565.0,-2.25,5533,3146950.0
2019-05-02,584.0,584.0,562.0,578.0,0.87,4998,2860441.0
2019-04-30,592.0,592.0,565.0,573.0,-1.38,8055,4601674.0
2019-04-29,600.0,610.0,578.0,581.0,-3.65,24761,14686189.0
2019-04-28,559.0,603.0,559.0,603.0,9.84,46380,27643948.0
2019-04-25,550.0,560.0,542.0,549.0,1.29,8774,4829212.0
2019-04-24,547.0,549.0,540.0,542.0,-0.91,2166,1180478.0
2019-04-23,550.0,550.0,542.0,547.0,0.74,3850,2097446.0
2019-04-22,536.0,565.0,535.0,543.0,0.18,16148,8872461.0
2019-04-21,560.0,560.0,540.0,542.0,-1.45,2087,1137196.0
2019-04-18,547.0,553.0,544.0,550.0,-0.72,3720,2039874.0
2019-04-17,550.0,561.0,543.0,554.0,2.59,13433,7420017.0
2019-04-16,527.0,540.0,527.0,540.0,2.47,1854,993969.0
2019-04-15,531.0,535.0,527.0,527.0,0.38,1168,618651.0
2019-04-11,527.0,535.0,525.0,525.0,-1.87,2524,1333799.0
2019-04-10,523.0,536.0,523.0,535.0,0.94,1630,865897.0
2019-04-09,552.0,552.0,530.0,530.0,-2.39,4351,2343944.0
2019-04-08,530.0,566.0,530.0,543.0,2.45,7533,4137044.0
2019-04-07,523.0,530.0,518.0,530.0,1.34,2069,1080541.0
2019-04-04,525.0,526.0,523.0,523.0,-0.57,227,118964.0
2019-04-03,529.0,535.0,525.0,526.0,0.96,1769,937345.0
2019-04-02,520.0,525.0,519.0,521.0,0.58,2013,1048275.0
2019-04-01,516.0,523.0,516.0,518.0,0.0,3972,2060050.0
2019-03-31,518.0,521.0,518.0,518.0,-1.15,1150,596741.0
2019-03-28,520.0,526.0,518.0,524.0,0.77,3735,1945822.0
2019-03-27,520.0,520.0,520.0,520.0,0.58,143,74360.0
2019-03-26,522.0,525.0,517.0,517.0,-1.52,8177,4257728.0
2019-03-25,524.0,530.0,521.0,525.0,0.77,3353,1755230.0
2019-03-24,512.0,525.0,512.0,521.0,-0.19,1096,568441.0
2019-03-21,519.0,522.0,515.0,522.0,-0.76,3038,1572520.0
2019-03-19,535.0,535.0,526.0,526.0,-1.5,842,444908.0
2019-03-18,549.0,549.0,532.0,534.0,-1.11,1169,626370.0
2019-03-17,550.0,550.0,537.0,540.0,0.0,2265,1233317.0
2019-03-14,527.0,545.0,527.0,540.0,0.75,1881,1012510.0
2019-03-13,540.0,550.0,536.0,536.0,-1.65,5441,2944144.0
2019-03-12,540.0,550.0,540.0,545.0,0.93,6047,3308234.0
2019-03-11,531.0,540.0,526.0,540.0,0.75,6244,3347643.0
2019-03-10,537.0,537.0,526.0,536.0,0.19,160,85030.0
2019-03-07,533.0,538.0,515.0,535.0,2.29,5286,2809766.0
2019-03-06,510.0,523.0,510.0,523.0,1.55,4248,2195082.0
2019-03-05,513.0,518.0,509.0,515.0,0.39,3785,1942025.0
2019-03-03,513.0,517.0,513.0,513.0,0.0,1360,699102.0
2019-02-27,518.0,526.0,512.0,513.0,-0.39,8357,4317850.0
2019-02-26,517.0,520.0,515.0,515.0,-2.09,2654,1373876.0
2019-02-25,511.0,527.0,511.0,526.0,1.35,9926,5152368.0
2019-02-24,530.0,530.0,519.0,519.0,-1.89,1367,713611.0
2019-02-21,524.0,529.0,516.0,529.0,1.93,2198,1151620.0
2019-02-20,534.0,534.0,519.0,519.0,-4.6,3066,1606521.0
2019-02-19,515.0,544.0,509.0,544.0,7.51,2844,1487314.0
2019-02-18,505.0,510.0,504.0,506.0,-1.17,865,437576.0
2019-02-17,510.0,520.0,501.0,512.0,0.99,4362,2230997.0
2019-02-14,511.0,520.0,507.0,507.0,-0.59,4270,2171286.0
2019-02-13,510.0,522.0,510.0,510.0,-0.39,3566,1833738.0
2019-02-12,525.0,525.0,511.0,512.0,-2.29,3020,1560660.0
2019-02-11,520.0,529.0,520.0,524.0,2.14,3381,1771788.0
2019-02-10,540.0,540.0,510.0,513.0,-3.57,695,364500.0
2019-02-07,530.0,540.0,524.0,532.0,0.0,1637,865051.0
2019-02-06,535.0,538.0,531.0,532.0,-1.48,1828,975256.0
2019-02-05,529.0,546.0,529.0,540.0,1.12,882,473183.0
2019-02-04,543.0,545.0,534.0,534.0,-1.66,12584,6814516.0
2019-02-03,548.0,549.0,541.0,543.0,-1.27,4042,2201508.0
2019-01-31,544.0,550.0,543.0,550.0,0.92,1043,571809.0
2019-01-30,559.0,559.0,544.0,545.0,-1.27,3813,2086318.0
2019-01-29,554.0,554.0,550.0,552.0,-0.36,4161,2289488.0
2019-01-28,542.0,554.0,538.0,554.0,1.28,3768,2060663.0
2019-01-27,548.0,550.0,540.0,547.0,-1.62,13975,7601845.0
2019-01-24,558.0,560.0,556.0,556.0,-0.71,4529,2531392.0
2019-01-23,552.0,563.0,552.0,560.0,1.27,3424,1907154.0
2019-01-22,556.0,560.0,553.0,553.0,-0.72,2692,1497057.0
2019-01-21,563.0,563.0,549.0,557.0,0.0,6701,3704952.0
2019-01-20,553.0,559.0,551.0,557.0,0.18,1284,710051.0
2019-01-17,575.0,575.0,556.0,556.0,-1.77,3079,1743499.0
2019-01-16,582.0,588.0,566.0,566.0,-2.92,10810,6206790.0
2019-01-15,564.0,584.0,564.0,583.0,5.42,8467,4872963.0
2019-01-14,560.0,560.0,553.0,553.0,-1.6,1919,1066452.0
2019-01-13,565.0,566.0,555.0,562.0,-0.53,4817,2695009.0
2019-01-10,562.0,567.0,558.0,565.0,0.53,1050,589417.0
2019-01-09,570.0,573.0,559.0,562.0,-0.71,5626,3160073.0
2019-01-08,565.0,570.0,556.0,566.0,-1.05,4573,2585764.0
2019-01-07,562.0,572.0,555.0,572.0,3.81,7074,3959956.0
2019-01-06,567.0,567.0,549.0,551.0,-0.9,5741,3167859.0
2019-01-03,564.0,575.0,555.0,556.0,-0.36,3648,2039169.0
2019-01-02,570.0,570.0,555.0,558.0,-2.11,3530,1973400.0
2019-01-01,580.0,581.0,560.0,570.0,-0.35,6373,3643154.0
2018-12-31,583.0,589.0,572.0,572.0,-1.89,13971,8083444.0
2018-12-30,603.0,604.0,583.0,583.0,-1.69,12880,7617847.0
2018-12-27,609.0,614.0,581.0,593.0,-1.0,37045,22326916.0
2018-12-26,565.0,600.0,563.0,599.0,7.16,26811,15384303.0
2018-12-25,553.0,560.0,544.0,559.0,-0.89,6046,3343109.0
2018-12-24,565.0,577.0,544.0,564.0,1.62,21152,11866960.0
2018-12-23,527.0,560.0,518.0,555.0,7.35,16319,8815482.0
2018-12-20,525.0,525.0,511.0,517.0,0.39,6334,3263962.0
2018-12-19,495.0,520.0,488.0,515.0,1.98,8204,4135340.0
2018-12-18,525.0,545.0,500.0,505.0,-3.63,5802,3008114.0
2018-12-17,490.0,525.0,490.0,524.0,8.04,5707,2913487.0
2018-12-16,474.0,489.0,474.0,485.0,4.3,3236,1552572.0
2018-12-13,460.0,472.0,455.0,465.0,1.09,2811,1295515.0
2018-12-12,465.0,465.0,457.0,460.0,-1.29,2865,1322426.0
2018-12-11,471.0,471.0,464.0,466.0,-0.64,1011,474572.0
2018-12-10,455.0,474.0,455.0,469.0,3.76,3764,1746646.0
2018-12-09,452.0,452.0,441.0,452.0,0.44,1255,559709.0
2018-12-06,425.0,465.0,425.0,450.0,3.93,2759,1225598.0
2018-12-05,440.0,440.0,431.0,433.0,-1.81,3466,1503277.0
2018-12-04,442.0,445.0,437.0,441.0,0.0,6284,2757078.0
2018-12-03,437.0,462.0,437.0,441.0,1.15,3488,1558400.0
2018-12-02,453.0,453.0,428.0,436.0,-3.11,8271,3598834.0
2018-11-29,451.0,452.0,438.0,450.0,-1.1,3066,1366604.0
2018-11-28,460.0,460.0,450.0,455.0,-0.22,1781,808344.0
2018-11-27,459.0,467.0,456.0,456.0,-0.22,3026,1395551.0
2018-11-26,466.0,467.0,457.0,457.0,-3.79,3857,1776795.0
2018-11-25,484.0,484.0,475.0,475.0,-3.46,2604,1252141.0
2018-11-22,492.0,495.0,491.0,492.0,0.0,665,327191.0
2018-11-21,491.0,499.0,490.0,492.0,-1.01,3639,1794635.0
2018-11-20,500.0,500.0,497.0,497.0,-0.4,713,355931.0
2018-11-19,500.0,502.0,497.0,499.0,0.4,3130,1563791.0
2018-11-18,500.0,505.0,496.0,497.0,-0.6,2539,1266592.0
2018-11-15,500.0,503.0,498.0,500.0,-0.99,2163,1083250.0
2018-11-14,510.0,510.0,501.0,505.0,0.0,3061,1542468.0
2018-11-13,504.0,510.0,495.0,505.0,2.02,1948,984217.0
2018-11-12,494.0,502.0,492.0,495.0,-1.39,1041,514244.0
2018-11-11,511.0,511.0,500.0,502.0,-1.76,1281,642300.0
2018-11-06,511.0,511.0,497.0,511.0,0.0,271,136260.0
2018-11-05,500.0,511.0,500.0,511.0,2.82,1452,735311.0
2018-11-04,500.0,505.0,497.0,497.0,-1.58,2277,1140296.0
2018-11-01,506.0,508.0,503.0,505.0,-0.2,2602,1317776.0
2018-10-31,510.0,510.0,506.0,506.0,-0.78,1290,654418.0
2018-10-30,512.0,512.0,504.0,510.0,1.39,4041,2048284.0
2018-10-29,502.0,506.0,502.0,503.0,-0.4,3654,1843053.0
2018-10-28,510.0,510.0,505.0,505.0,-0.98,3772,1914567.0
2018-10-25,515.0,520.0,510.0,510.0,-1.16,6534,3368122.0
2018-10-24,515.0,516.0,511.0,516.0,0.19,2282,1171006.0
2018-10-23,520.0,520.0,512.0,515.0,-0.96,389,199832.0
2018-10-22,520.0,520.0,520.0,520.0,-0.38,525,273000.0
2018-10-21,528.0,528.0,522.0,522.0,-1.51,906,476062.0
2018-10-15,534.0,535.0,521.0,530.0,0.0,2057,1082353.0
2018-10-14,530.0,534.0,521.0,530.0,1.73,2146,1126591.0
2018-10-11,525.0,525.0,521.0,521.0,0.19,3602,1886717.0
2018-10-10,512.0,522.0,512.0,520.0,0.58,1711,890932.0
2018-10-09,520.0,531.0,515.0,517.0,1.37,6441,3366399.0
2018-10-08,508.0,516.0,508.0,510.0,0.39,6199,3173338.0
2018-10-07,512.0,515.0,508.0,508.0,-1.55,3888,1983103.0
2018-10-04,520.0,524.0,516.0,516.0,-0.77,10239,5300331.0
2018-10-03,523.0,524.0,518.0,520.0,-0.57,4511,2348695.0
2018-10-02,530.0,531.0,521.0,523.0,0.58,10415,5448397.0
2018-10-01,534.0,538.0,520.0,520.0,-2.26,6431,3383119.0
2018-09-30,541.0,541.0,532.0,532.0,-2.21,2723,1463972.0
2018-09-27,546.0,549.0,543.0,544.0,-1.09,1737,946097.0
2018-09-26,555.0,562.0,546.0,550.0,0.0,4497,2486991.0
2018-09-25,543.0,561.0,541.0,550.0,1.29,3974,2187227.0
2018-09-23,550.0,550.0,543.0,543.0,-1.27,2428,1326357.0
2018-09-20,553.0,565.0,550.0,550.0,-1.96,5260,2910483.0
2018-09-18,544.0,577.0,544.0,561.0,1.08,11084,6263092.0
2018-09-17,544.0,566.0,534.0,555.0,3.16,6797,3709270.0
2018-09-16,532.0,556.0,532.0,538.0,1.32,5085,2776898.0
2018-09-13,539.0,550.0,527.0,531.0,0.19,6646,3552668.0
2018-09-12,529.0,534.0,526.0,530.0,0.19,1320,699141.0
2018-09-11,530.0,538.0,528.0,529.0,0.57,1649,876436.0
2018-09-10,526.0,530.0,523.0,526.0,-0.19,1754,921413.0
2018-09-09,530.0,532.0,527.0,527.0,-1.13,974,514954.0
2018-09-06,546.0,558.0,533.0,533.0,-3.79,9440,5143370.0
2018-09-05,533.0,554.0,523.0,554.0,2.59,12497,6745493.0
2018-09-04,540.0,545.0,530.0,540.0,0.37,2655,1430124.0
2018-09-03,530.0,550.0,530.0,538.0,2.09,1483,794496.0
2018-09-02,517.0,527.0,517.0,527.0,0.0,2337,1215343.0
2018-08-30,527.0,527.0,527.0,527.0,-0.38,2120,1117240.0
2018-08-29,528.0,533.0,526.0,529.0,-0.19,1295,684158.0
2018-08-28,525.0,540.0,525.0,530.0,-0.19,612,324473.0
2018-08-26,530.0,531.0,530.0,531.0,-0.38,735,389820.0
2018-08-23,526.0,540.0,526.0,533.0,-0.37,1376,733267.0
2018-08-22,535.0,540.0,535.0,535.0,-1.29,904,486150.0
2018-08-21,548.0,548.0,542.0,542.0,0.74,580,315708.0
2018-08-20,532.0,540.0,532.0,538.0,-0.37,1596,853256.0
2018-08-19,545.0,546.0,531.0,540.0,-2.17,956,516640.0
2018-08-16,545.0,560.0,540.0,552.0,1.1,1503,829716.0
2018-08-15,536.0,555.0,535.0,546.0,2.06,1283,695668.0
2018-08-14,526.0,535.0,526.0,535.0,0.0,233,123300.0
2018-08-13,530.0,540.0,528.0,535.0,0.56,1179,629778.0
2018-08-12,534.0,534.0,525.0,532.0,-2.03,1680,885760.0
2018-08-09,555.0,555.0,536.0,543.0,-0.55,1005,547245.0
2018-08-08,550.0,551.0,542.0,546.0,-0.18,1388,759244.0
2018-08-07,556.0,556.0,547.0,547.0,-0.55,430,237596.0
2018-08-06,560.0,560.0,550.0,550.0,-0.36,260,144010.0
2018-08-05,552.0,558.0,552.0,552.0,-1.25,2004,1108743.0
2018-08-02,555.0,559.0,552.0,559.0,1.27,3550,1974804.0
2018-08-01,546.0,567.0,546.0,552.0,0.0,1591,885600.0
2018-07-31,571.0,571.0,552.0,552.0,-3.33,1675,937785.0
2018-07-30,580.0,580.0,567.0,571.0,-1.21,1135,646020.0
2018-07-29,571.0,578.0,565.0,578.0,1.23,1231,702077.0
2018-07-26,576.0,578.0,570.0,571.0,-1.55,1504,860294.0
2018-07-25,586.0,586.0,577.0,580.0,-1.02,1786,1034640.0
2018-07-24,592.0,600.0,581.0,586.0,0.86,3539,2100731.0
2018-07-23,570.0,581.0,570.0,581.0,3.38,1688,969890.0
2018-07-22,588.0,588.0,561.0,562.0,-3.27,968,551339.0
2018-07-19,589.0,590.0,576.0,581.0,-2.35,2182,1264463.0
2018-07-18,595.0,595.0,595.0,595.0,-0.34,250,148750.0
2018-07-17,612.0,613.0,597.0,597.0,-0.5,1738,1047224.0
2018-07-16,592.0,600.0,585.0,600.0,3.27,2205,1306154.0
2018-07-15,572.0,581.0,572.0,581.0,1.75,1337,775652.0
2018-07-12,600.0,605.0,560.0,571.0,-3.22,4834,2787468.0
2018-07-11,582.0,605.0,582.0,590.0,0.0,5613,3350908.0
2018-07-10,581.0,613.0,570.0,590.0,1.55,4587,2668069.0
2018-07-09,620.0,620.0,581.0,581.0,-4.75,3717,2239137.0
2018-07-08,604.0,628.0,595.0,610.0,2.87,6148,3774012.0
2018-07-05,562.0,593.0,562.0,593.0,7.62,4466,2593183.0
2018-07-04,560.0,560.0,547.0,551.0,-1.25,912,505552.0
2018-07-03,559.0,559.0,548.0,558.0,-0.36,5049,2784494.0
2018-07-02,570.0,570.0,548.0,560.0,-1.75,3064,1691148.0
2018-07-01,580.0,580.0,570.0,570.0,-1.72,642,368254.0
2018-06-28,663.0,673.0,645.0,650.0,0.0,3656,2402388.0
2018-06-27,660.0,660.0,650.0,650.0,0.31,2726,1782711.0
2018-06-26,661.0,678.0,648.0,648.0,-2.56,3648,2404719.0
2018-06-25,680.0,688.0,665.0,665.0,-2.06,4913,3307904.0
2018-06-24,665.0,691.0,665.0,679.0,4.14,4780,3231556.0
2018-06-21,648.0,663.0,648.0,652.0,-1.06,1728,1126838.0
2018-06-20,666.0,679.0,659.0,659.0,0.92,250,166556.0
2018-06-19,677.0,677.0,653.0,653.0,-1.8,883,580751.0
2018-06-18,654.0,665.0,653.0,665.0,0.61,526,344904.0
2018-06-17,661.0,680.0,661.0,661.0,-1.93,1599,1061877.0
2018-06-14,670.0,680.0,660.0,674.0,-0.15,1584,1057410.0
2018-06-13,660.0,684.0,660.0,675.0,2.27,452,302236.0
2018-06-12,665.0,670.0,660.0,660.0,0.76,1594,1062372.0
2018-06-11,654.0,679.0,654.0,655.0,1.08,7105,4735995.0
2018-06-10,670.0,670.0,645.0,648.0,-3.43,2979,1956092.0
2018-06-07,695.0,695.0,662.0,671.0,-4.14,4792,3255562.0
2018-06-06,689.0,730.0,689.0,700.0,3.55,1024,717555.0
2018-06-04,681.0,694.0,670.0,676.0,-1.46,2679,1815421.0
2018-06-03,695.0,705.0,675.0,686.0,-3.24,5872,4052040.0
2018-05-31,730.0,730.0,709.0,709.0,-2.21,1782,1276783.0
2018-05-30,725.0,740.0,717.0,725.0,-0.68,5353,3897818.0
2018-05-29,723.0,737.0,712.0,730.0,0.97,3840,2767569.0
2018-05-28,705.0,723.0,701.0,723.0,3.88,1695,1201130.0
2018-05-27,700.0,702.0,691.0,696.0,-1.28,2520,1757491.0
2018-05-24,715.0,715.0,702.0,705.0,0.14,1913,1350021.0
2018-05-23,709.0,714.0,704.0,704.0,-1.54,2500,1767387.0
2018-05-22,712.0,715.0,705.0,715.0,-1.24,1926,1366030.0
2018-05-21,728.0,728.0,711.0,724.0,0.7,854,609037.0
2018-05-20,726.0,727.0,713.0,719.0,0.98,3920,2817299.0
2018-05-17,719.0,720.0,712.0,712.0,-0.42,1227,881002.0
2018-05-16,715.0,715.0,715.0,715.0,0.56,20,14300.0
2018-05-15,718.0,718.0,711.0,711.0,-0.97,432,308056.0
2018-05-14,735.0,735.0,716.0,718.0,-2.05,516,375456.0
2018-05-10,745.0,745.0,722.0,733.0,-0.95,1737,1263338.0
2018-05-09,738.0,740.0,724.0,740.0,2.21,2315,1694836.0
2018-05-08,723.0,724.0,715.0,724.0,1.26,1985,1428321.0
2018-05-07,715.0,720.0,705.0,715.0,-0.28,5217,3702249.0
2018-05-06,731.0,731.0,716.0,717.0,-1.78,3087,2215669.0
2018-05-03,734.0,755.0,720.0,730.0,1.39,7800,5721613.0
2018-05-02,706.0,720.0,697.0,720.0,1.98,5261,3717953.0
2018-04-29,724.0,734.0,696.0,706.0,-0.56,5853,4173770.0
2018-04-26,741.0,741.0,710.0,710.0,-4.05,10253,7417090.0
2018-04-25,736.0,754.0,735.0,740.0,-1.2,12924,9579653.0
2018-04-24,754.0,757.0,725.0,749.0,1.22,10076,7505331.0
2018-04-23,788.0,788.0,728.0,740.0,-4.27,13092,9953190.0
2018-04-22,750.0,775.0,737.0,773.0,5.03,11290,8506179.0
2018-04-19,783.0,789.0,736.0,736.0,-5.28,12538,9592666.0
2018-04-18,695.0,777.0,695.0,777.0,9.9,36118,27250922.0
2018-04-17,930.0,957.0,910.0,950.0,3.49,64496,59977616.0
2018-04-16,850.0,918.0,850.0,918.0,6.74,19494,17429332.0
2018-04-15,850.0,860.0,828.0,860.0,2.38,11756,9954327.0
2018-04-12,809.0,850.0,805.0,840.0,5.79,17948,14952180.0
2018-04-11,777.0,805.0,775.0,794.0,2.19,9702,7636144.0
2018-04-10,770.0,800.0,747.0,777.0,0.91,10978,8583403.0
2018-04-09,783.0,813.0,759.0,770.0,0.26,12241,9573648.0
2018-04-08,730.0,809.0,725.0,768.0,4.35,10211,7978102.0
2018-04-05,705.0,736.0,690.0,736.0,5.29,8394,5963534.0
2018-04-04,680.0,713.0,679.0,699.0,4.8,2754,1915483.0
2018-04-03,640.0,668.0,640.0,667.0,4.22,3093,2020510.0
2018-04-02,640.0,647.0,635.0,640.0,-0.78,1842,1183655.0
2018-04-01,657.0,657.0,635.0,645.0,-3.73,2387,1545101.0
2018-03-29,635.0,674.0,635.0,670.0,4.36,2870,1877165.0
2018-03-28,666.0,672.0,641.0,642.0,-3.46,2834,1867193.0
2018-03-27,622.0,671.0,589.0,665.0,7.78,3357,2053494.0
2018-03-26,647.0,647.0,617.0,617.0,-6.52,6062,3824471.0
2018-03-22,681.0,703.0,636.0,660.0,-4.49,5696,3805077.0
2018-03-21,705.0,705.0,691.0,691.0,-3.89,2104,1465040.0
2018-03-20,720.0,720.0,703.0,719.0,-0.14,1734,1231532.0
2018-03-19,715.0,729.0,715.0,720.0,1.41,682,493313.0
2018-03-18,742.0,742.0,710.0,710.0,-4.18,1602,1147141.0
2018-03-15,730.0,744.0,727.0,741.0,-0.13,1063,779635.0
2018-03-14,722.0,742.0,720.0,742.0,1.09,315,227379.0
2018-03-13,720.0,734.0,710.0,734.0,1.52,1069,767870.0
2018-03-12,711.0,723.0,699.0,723.0,1.69,703,493453.0
2018-03-11,770.0,770.0,710.0,711.0,-6.45,2524,1839674.0
2018-03-07,740.0,768.0,740.0,760.0,4.25,2080,1565820.0
2018-03-06,722.0,749.0,702.0,729.0,-0.82,1598,1146188.0
2018-03-05,765.0,775.0,735.0,735.0,-3.92,2321,1739839.0
2018-03-04,814.0,814.0,730.0,765.0,-4.38,2646,1990706.0
2018-02-28,848.0,848.0,785.0,800.0,-3.96,2348,1900712.0
2018-02-27,845.0,848.0,832.0,833.0,0.12,2384,2001169.0
2018-02-26,834.0,845.0,830.0,832.0,-2.12,1353,1129336.0
2018-02-25,885.0,885.0,850.0,850.0,-4.06,1309,1127643.0
2018-02-22,900.0,906.0,885.0,886.0,-1.56,1335,1199357.0
2018-02-21,890.0,900.0,890.0,900.0,1.35,181,161162.0
2018-02-20,905.0,905.0,888.0,888.0,-1.66,520,465900.0
2018-02-18,920.0,932.0,900.0,903.0,-1.42,2445,2248351.0
2018-02-15,890.0,928.0,900.0,916.0,0.0,3792,3463326.0
2018-02-14,874.0,890.0,880.0,890.0,0.0,775,688400.0
2018-02-12,891.0,887.0,874.0,874.0,0.0,1495,1311657.0
2018-02-11,900.0,915.0,887.0,891.0,0.0,1927,1717274.0
2018-02-08,898.0,901.0,885.0,900.0,0.0,2331,2096210.0
2018-02-07,901.0,898.0,885.0,898.0,0.0,742,660103.0
2018-02-06,914.0,914.0,900.0,901.0,0.0,1159,1050865.0
2018-02-05,925.0,915.0,900.0,914.0,0.0,5102,4624993.0
2018-02-04,924.0,940.0,907.0,925.0,0.0,1066,983235.0
2018-02-01,921.0,926.0,918.0,924.0,0.0,1128,1041444.0
2018-01-31,915.0,921.0,908.0,921.0,0.0,2955,2697375.0
2018-01-29,925.0,925.0,915.0,915.0,0.0,185,169925.0
2018-01-28,922.0,932.0,920.0,925.0,0.0,4738,4382392.0
2018-01-25,901.0,924.0,901.0,922.0,0.0,7278,6666690.0
2018-01-24,900.0,909.0,900.0,901.0,0.0,250,225190.0
2018-01-23,908.0,905.0,890.0,900.0,0.0,4213,3784760.0
2018-01-22,916.0,910.0,907.0,908.0,0.0,987,896639.0
2018-01-21,909.0,920.0,901.0,916.0,0.0,1893,1714028.0
2018-01-17,918.0,927.0,900.0,909.0,0.0,1312,1192864.0
2018-01-16,935.0,928.0,918.0,918.0,0.0,850,783630.0
2018-01-14,939.0,940.0,935.0,935.0,0.0,320,299350.0
2018-01-10,964.0,960.0,937.0,939.0,0.0,2334,2197120.0
2018-01-09,960.0,974.0,955.0,964.0,0.0,2130,2046585.0
2018-01-08,944.0,962.0,940.0,960.0,0.0,4215,3993406.0
2018-01-07,940.0,944.0,931.0,944.0,0.0,1669,1564794.0
2018-01-04,925.0,940.0,922.0,940.0,0.0,3905,3633413.0
2018-01-03,959.0,965.0,925.0,925.0,0.0,1724,1619010.0
2018-01-02,970.0,975.0,955.0,959.0,0.0,2181,2107119.0
2018-01-01,926.0,970.0,917.0,970.0,0.0,3026,2864686.0
2017-12-31,940.0,958.0,922.0,926.0,0.0,905,842920.0
2017-12-28,932.0,945.0,914.0,940.0,0.0,3228,3018146.0
2017-12-27,954.0,956.0,928.0,932.0,0.0,6128,5740998.0
2017-12-26,970.0,970.0,951.0,954.0,0.0,2013,1925655.0
2017-12-24,987.0,993.0,970.0,970.0,0.0,1181,1153891.0
2017-12-21,981.0,987.0,980.0,987.0,0.0,855,839105.0
2017-12-20,990.0,1008.0,980.0,981.0,0.0,2970,2932298.0
2017-12-19,1000.0,995.0,988.0,990.0,0.0,779,771470.0
2017-12-18,997.0,1005.0,1000.0,1000.0,0.0,2009,2014617.0
2017-12-17,1015.0,1010.0,997.0,997.0,0.0,3110,3115735.0
2017-12-14,1020.0,1025.0,1006.0,1015.0,0.0,1642,1668539.0
2017-12-13,1005.0,1020.0,1000.0,1020.0,0.0,1181,1195806.0
2017-12-12,1034.0,1020.0,1000.0,1005.0,0.0,2265,2283422.0
2017-12-11,1031.0,1034.0,1017.0,1034.0,0.0,697,712034.0
2017-12-10,1038.0,1060.0,1031.0,1031.0,0.0,13049,13592763.0
2017-12-06,1005.0,1038.0,1015.0,1038.0,0.0,5990,6131220.0
2017-12-05,1015.0,1020.0,1001.0,1005.0,0.0,4131,4162925.0
2017-12-04,1014.0,1025.0,1005.0,1015.0,0.0,5225,5306008.0
2017-11-30,1010.0,1045.0,990.0,1014.0,0.0,9645,9711931.0
2017-11-29,999.0,1020.0,994.0,1010.0,0.0,7914,7967136.0
2017-11-28,964.0,999.0,970.0,999.0,0.0,7840,7621492.0
2017-11-27,968.0,985.0,964.0,964.0,0.0,3422,3315219.0
2017-11-26,970.0,976.0,962.0,968.0,0.0,5800,5611280.0
2017-11-23,970.0,975.0,962.0,970.0,0.0,4581,4444187.0
2017-11-22,970.0,970.0,960.0,970.0,0.0,1207,1165490.0
2017-11-21,970.0,985.0,955.0,970.0,0.0,4593,4445744.0
2017-11-20,965.0,970.0,960.0,970.0,0.0,982,947865.0
2017-11-19,975.0,994.0,951.0,965.0,0.0,1940,1874325.0
2017-11-16,980.0,980.0,975.0,975.0,0.0,1220,1192755.0
2017-11-15,1000.0,1000.0,980.0,980.0,0.0,6011,5925340.0
2017-11-14,985.0,1005.0,983.0,1000.0,0.0,2550,2539015.0
2017-11-13,979.0,1005.0,976.0,985.0,0.0,2116,2087150.0
2017-11-12,956.0,979.0,964.0,979.0,0.0,1825,1772819.0
2017-11-09,960.0,990.0,943.0,956.0,0.0,758,734127.0
2017-11-08,977.0,969.0,942.0,960.0,0.0,3831,3643882.0
2017-11-07,988.0,1020.0,969.0,977.0,0.0,3270,3207553.0
2017-11-06,968.0,1000.0,970.0,988.0,0.0,3621,3580245.0
2017-11-05,980.0,999.0,940.0,968.0,0.0,2903,2777381.0
2017-11-02,995.0,995.0,971.0,980.0,0.0,936,917313.0
2017-11-01,1000.0,995.0,980.0,995.0,0.0,2308,2281419.0
2017-10-31,1006.0,1000.0,1000.0,1000.0,0.0,140,140000.0
2017-10-30,1021.0,1018.0,1001.0,1006.0,0.0,2359,2368169.0
2017-10-29,1041.0,1035.0,1021.0,1021.0,0.0,1004,1030303.0
2017-10-25,1045.0,1049.0,1021.0,1041.0,0.0,2150,2221529.0
2017-10-24,1070.0,1069.0,1033.0,1045.0,0.0,1427,1487509.0
2017-10-23,1084.0,1102.0,1070.0,1070.0,0.0,40,43540.0
2017-10-22,1079.0,1095.0,1058.0,1084.0,0.0,3338,3571674.0
2017-10-18,1039.0,1079.0,1003.0,1079.0,0.0,4043,4217185.0
2017-10-17,1020.0,1039.0,970.0,1039.0,0.0,2831,2832899.0
2017-10-16,949.0,1020.0,967.0,1020.0,0.0,653,642911.0
2017-10-15,941.0,949.0,931.0,949.0,0.0,322,302607.0
2017-10-12,970.0,960.0,941.0,941.0,0.0,650,618370.0
2017-10-11,955.0,974.0,951.0,970.0,0.0,713,686802.0
2017-10-10,960.0,969.0,950.0,955.0,0.0,335,320220.0
2017-10-09,961.0,965.0,950.0,960.0,0.0,1071,1025271.0
2017-10-08,999.0,980.0,927.0,961.0,0.0,477,451740.0
2017-10-04,977.0,1000.0,960.0,999.0,0.0,1028,1010130.0
2017-10-03,970.0,995.0,971.0,977.0,0.0,510,498590.0
2017-09-26,950.0,970.0,950.0,970.0,0.0,3225,3106064.0
2017-09-25,940.0,958.0,940.0,950.0,0.0,4804,4548688.0
2017-09-24,965.0,965.0,935.0,940.0,0.0,2130,2005490.0
2017-09-20,981.0,985.0,962.0,965.0,0.0,1289,1253785.0
2017-09-18,987.0,994.0,981.0,981.0,0.0,1096,1083942.0
2017-09-17,985.0,1005.0,980.0,987.0,0.0,3924,3875816.0
2017-09-14,950.0,988.0,965.0,985.0,0.0,4464,4348899.0
2017-09-13,946.0,965.0,950.0,950.0,0.0,705,673575.0
2017-09-12,947.0,960.0,943.0,946.0,0.0,2512,2376932.0
2017-09-11,945.0,962.0,947.0,947.0,0.0,2182,2075332.0
2017-09-10,985.0,975.0,945.0,945.0,0.0,4912,4736168.0
2017-09-07,1010.0,1010.0,985.0,985.0,0.0,4531,4509140.0
2017-09-06,990.0,1020.0,990.0,1010.0,0.0,2728,2748240.0
2017-09-04,1004.0,1020.0,966.0,990.0,0.0,4885,4874192.0
2017-08-31,1030.0,1024.0,996.0,1004.0,0.0,2307,2308762.0
2017-08-30,1059.0,1040.0,1021.0,1030.0,0.0,1397,1443724.0
2017-08-28,1050.0,1059.0,1032.0,1059.0,0.0,1915,1998690.0
2017-08-27,1068.0,1090.0,1050.0,1050.0,0.0,1787,1919858.0
2017-08-24,1168.0,1180.0,1166.0,1175.0,0.0,8227,9643148.0
2017-08-23,1160.0,1181.0,1158.0,1168.0,0.0,4637,5398060.0
2017-08-22,1157.0,1180.0,1154.0,1160.0,0.0,5525,6422283.0
2017-08-21,1176.0,1185.0,1157.0,1157.0,0.0,6309,7410807.0
2017-08-20,1156.0,1191.0,1165.0,1176.0,0.0,6927,8180116.0
2017-08-17,1165.0,1165.0,1150.0,1156.0,0.0,3438,3981225.0
2017-08-16,1160.0,1188.0,1153.0,1165.0,0.0,4994,5828292.0
2017-08-15,1170.0,1180.0,1150.0,1160.0,0.0,2996,3480816.0
2017-08-13,1166.0,1180.0,1143.0,1170.0,0.0,1299,1524467.0
2017-08-10,1184.0,1200.0,1165.0,1166.0,0.0,3468,4072311.0
2017-08-09,1165.0,1195.0,1172.0,1184.0,0.0,3863,4579827.0
2017-08-07,1176.0,1170.0,1156.0,1165.0,0.0,1580,1840211.0
2017-08-06,1195.0,1188.0,1175.0,1176.0,0.0,5383,6348841.0
2017-08-03,1200.0,1204.0,1195.0,1195.0,0.0,2146,2575326.0
2017-08-02,1220.0,1215.0,1200.0,1200.0,0.0,5714,6893800.0
2017-08-01,1240.0,1235.0,1205.0,1220.0,0.0,2922,3563271.0
2017-07-31,1250.0,1250.0,1230.0,1240.0,0.0,2111,2620466.0
2017-07-30,1250.0,1270.0,1220.0,1250.0,0.0,5969,7393580.0
2017-07-27,1300.0,1322.0,1236.0,1250.0,0.0,10364,13127252.0
2017-07-26,1269.0,1300.0,1260.0,1300.0,0.0,11227,14383521.0
2017-07-25,1230.0,1269.0,1225.0,1269.0,0.0,7451,9212522.0
2017-07-24,1249.0,1259.0,1224.0,1230.0,0.0,6903,8535690.0
2017-07-23,1190.0,1260.0,1197.0,1249.0,0.0,13910,16996404.0
2017-07-20,1176.0,1200.0,1160.0,1190.0,0.0,6832,8126540.0
2017-07-19,1190.0,1220.0,1176.0,1176.0,0.0,4675,5611200.0
2017-07-18,1135.0,1209.0,1148.0,1190.0,0.0,15487,18262308.0
2017-07-17,1081.0,1150.0,1080.0,1135.0,0.0,4959,5590580.0
2017-07-16,1070.0,1082.0,1075.0,1081.0,0.0,513,553868.0
2017-07-13,1122.0,1125.0,1069.0,1070.0,0.0,974,1054362.0
2017-07-12,1095.0,1122.0,1055.0,1122.0,0.0,12480,13578511.0
2017-07-11,1034.0,1095.0,1040.0,1095.0,0.0,7266,7669975.0
2017-07-10,1035.0,1040.0,1000.0,1034.0,0.0,4156,4234344.0
2017-07-09,1044.0,1085.0,1000.0,1035.0,0.0,3875,4049820.0
2017-07-06,989.0,1045.0,1000.0,1044.0,0.0,9951,10062201.0
2017-07-05,998.0,990.0,988.0,989.0,0.0,2235,2210620.0
2017-07-04,1001.0,999.0,990.0,998.0,0.0,714,708970.0
2017-07-03,1013.0,1015.0,1000.0,1001.0,0.0,3210,3223790.0
2017-07-02,1040.0,1030.0,1000.0,1013.0,0.0,1855,1879870.0
2017-06-28,1060.0,1050.0,1040.0,1040.0,0.0,1640,1715860.0
2017-06-27,1082.0,1079.0,1060.0,1060.0,0.0,2534,2713465.0
2017-06-25,1075.0,1095.0,1075.0,1082.0,0.0,2433,2635636.0
2017-06-22,1080.0,1087.0,1069.0,1075.0,0.0,5976,6437635.0
2017-06-21,1089.0,1100.0,1080.0,1080.0,0.0,437,474976.0
2017-06-20,1104.0,1104.0,1067.0,1089.0,0.0,2734,2986532.0
2017-06-19,1107.0,1107.0,1085.0,1104.0,0.0,11286,12428817.0
2017-06-18,1090.0,1145.0,1100.0,1107.0,0.0,7739,8784138.0
2017-06-15,1085.0,1110.0,1075.0,1090.0,0.0,3986,4357351.0
2017-06-14,1084.0,1100.0,1079.0,1085.0,0.0,1334,1453148.0
2017-06-13,1096.0,1095.0,1076.0,1084.0,0.0,3413,3718862.0
2017-06-12,1109.0,1135.0,1090.0,1096.0,0.0,3299,3649082.0
2017-06-11,1151.0,1155.0,1109.0,1109.0,0.0,2862,3209990.0
2017-06-08,1163.0,1162.0,1151.0,1151.0,0.0,1694,1962588.0
2017-06-07,1195.0,1201.0,1163.0,1163.0,0.0,1920,2270970.0
2017-06-06,1160.0,1206.0,1160.0,1195.0,0.0,5512,6491122.0
2017-06-05,1150.0,1180.0,1142.0,1160.0,0.0,1401,1629408.0
2017-06-04,1170.0,1170.0,1140.0,1150.0,0.0,2100,2417217.0
2017-06-01,1185.0,1205.0,1160.0,1170.0,0.0,3927,4628330.0
2017-05-31,1160.0,1199.0,1115.0,1185.0,0.0,6506,7457264.0
2017-05-30,1193.0,1190.0,1160.0,1160.0,0.0,1334,1565985.0
2017-05-28,1215.0,1235.0,1193.0,1193.0,0.0,1430,1727687.0
2017-05-24,1200.0,1215.0,1190.0,1215.0,0.0,4452,5343046.0
2017-05-23,1186.0,1234.0,1190.0,1200.0,0.0,4295,5163084.0
2017-05-22,1215.0,1210.0,1175.0,1186.0,0.0,1530,1815316.0
2017-05-21,1232.0,1220.0,1210.0,1215.0,0.0,2607,3164640.0
2017-05-18,1225.0,1232.0,1217.0,1232.0,0.0,3070,3758368.0
2017-05-17,1234.0,1259.0,1211.0,1225.0,0.0,1483,1820673.0
2017-05-16,1255.0,1259.0,1234.0,1234.0,0.0,873,1081693.0
2017-05-15,1237.0,1285.0,1232.0,1255.0,0.0,2571,3212993.0
2017-05-11,1246.0,1260.0,1226.0,1237.0,0.0,2661,3295000.0
2017-05-09,1235.0,1255.0,1221.0,1246.0,0.0,1887,2346927.0
2017-05-08,1225.0,1245.0,1182.0,1235.0,0.0,6073,7469850.0
2017-05-07,1265.0,1255.0,1189.0,1225.0,0.0,5713,7014595.0
2017-05-04,1295.0,1285.0,1265.0,1265.0,0.0,1920,2453960.0
2017-05-03,1285.0,1314.0,1280.0,1295.0,0.0,9513,12362699.0
2017-05-02,1299.0,1305.0,1260.0,1285.0,0.0,11328,14592676.0
2017-04-30,1304.0,1300.0,1262.0,1299.0,0.0,22199,28576128.0
2017-04-27,1283.0,1362.0,1270.0,1304.0,0.0,31568,41077524.0
2017-04-26,1315.0,1335.0,1280.0,1283.0,0.0,8824,11445294.0
2017-04-25,1311.0,1323.0,1274.0,1315.0,0.0,20783,27154992.0
2017-04-24,1340.0,1340.0,1300.0,1311.0,0.0,18033,23678710.0
2017-04-23,1300.0,1406.0,1315.0,1340.0,0.0,36797,49320760.0
2017-04-20,1314.0,1392.0,1250.0,1300.0,0.0,19253,25206810.0
2017-04-19,1219.0,1314.0,1200.0,1314.0,0.0,17950,22230432.0
2017-04-18,1216.0,1268.0,1100.0,1219.0,0.0,30646,36585524.0
2017-04-16,1335.0,1335.0,1211.0,1216.0,0.0,20159,25559562.0
2017-04-13,1284.0,1380.0,1210.0,1335.0,0.0,43526,57505708.0
2017-04-12,1280.0,1408.0,1284.0,1284.0,0.0,74682,103696288.0
2017-04-11,1164.0,1280.0,1187.0,1280.0,0.0,31662,39018048.0
2017-04-10,1059.0,1164.0,1041.0,1164.0,0.0,22278,24976752.0
2017-04-09,1133.0,1200.0,1112.0,1112.0,0.0,51920,59611136.0
2017-04-06,1030.0,1133.0,1010.0,1133.0,0.0,74408,81150224.0
2017-04-04,1000.0,1059.0,980.0,1030.0,0.0,38231,39209312.0
2017-04-03,921.0,1013.0,939.0,1000.0,0.0,29848,29990240.0
2017-04-02,838.0,921.0,854.0,921.0,0.0,250,228590.0
2017-03-30,830.0,878.0,800.0,838.0,0.0,13261,11145307.0
2017-03-29,821.0,886.0,822.0,830.0,0.0,32134,27331854.0
2017-03-28,747.0,821.0,761.0,821.0,0.0,12762,10288110.0
2017-03-26,698.0,758.0,690.0,747.0,0.0,15197,11190683.0
2017-03-23,684.0,707.0,671.0,698.0,0.0,12296,8493541.0
2017-03-22,689.0,720.0,676.0,684.0,0.0,16313,11477524.0
2017-03-21,654.0,692.0,633.0,689.0,0.0,28120,18997648.0
2017-03-20,595.0,654.0,600.0,654.0,0.0,18794,11847475.0
2017-03-19,572.0,607.0,572.0,595.0,0.0,4595,2683832.0
2017-03-16,575.0,580.0,565.0,572.0,0.0,1695,971086.0
2017-03-15,569.0,580.0,560.0,575.0,0.0,1646,946872.0
2017-03-14,590.0,590.0,569.0,569.0,0.0,1600,919600.0
2017-03-13,571.0,590.0,571.0,590.0,0.0,2817,1642569.0
2017-03-09,550.0,585.0,559.0,571.0,0.0,2441,1387430.0
2017-03-07,570.0,574.0,550.0,550.0,0.0,2915,1627974.0
2017-03-06,581.0,605.0,570.0,570.0,0.0,4624,2713189.0
2017-03-05,556.0,599.0,560.0,581.0,0.0,6543,3745115.0
2017-03-02,549.0,565.0,540.0,556.0,0.0,3074,1701254.0
2017-03-01,525.0,554.0,529.0,549.0,0.0,7066,3777936.0
2017-02-28,540.0,535.0,505.0,525.0,0.0,3700,1897360.0
2017-02-26,556.0,555.0,540.0,540.0,0.0,496,270750.0
2017-02-23,553.0,571.0,533.0,556.0,0.0,3927,2191400.0
2017-02-22,581.0,592.0,553.0,553.0,0.0,3057,1749136.0
2017-02-21,591.0,625.0,570.0,581.0,0.0,12305,7356910.0
2017-02-20,577.0,629.0,566.0,591.0,0.0,19527,11642648.0
2017-02-19,532.0,577.0,512.0,577.0,0.0,9571,5285496.0
2017-02-16,489.0,533.0,485.0,532.0,0.0,9071,4666712.0
2017-02-15,445.0,489.0,453.0,489.0,0.0,8623,4081691.0
2017-02-14,448.0,482.0,435.0,445.0,0.0,5432,2428133.0
2017-02-13,440.0,448.0,396.0,448.0,0.0,6443,2668982.0
2017-02-12,480.0,475.0,432.0,440.0,0.0,5809,2587794.0
2017-02-09,525.0,515.0,480.0,480.0,0.0,5270,2607540.0
2017-02-08,561.0,550.0,505.0,525.0,0.0,2448,1268898.0
2017-02-07,558.0,561.0,528.0,561.0,0.0,1656,896268.0
2017-02-06,570.0,570.0,558.0,558.0,0.0,1245,697750.0
2017-02-05,617.0,605.0,560.0,570.0,0.0,3710,2138280.0
2017-02-02,622.0,635.0,615.0,617.0,0.0,3400,2115670.0
2017-02-01,575.0,622.0,585.0,622.0,0.0,3823,2280439.0
2017-01-31,603.0,610.0,565.0,575.0,0.0,7223,4213235.0
2017-01-30,625.0,615.0,603.0,603.0,0.0,134,82002.0
2017-01-26,636.0,640.0,621.0,625.0,0.0,4400,2777659.0
2017-01-25,660.0,660.0,636.0,636.0,0.0,7225,4666227.0
2017-01-24,678.0,691.0,660.0,660.0,0.0,366,246406.0
2017-01-23,676.0,679.0,666.0,678.0,0.0,253,170290.0
2017-01-22,670.0,681.0,676.0,676.0,0.0,300,203450.0
2017-01-19,681.0,690.0,670.0,670.0,0.0,3076,2080940.0
2017-01-18,685.0,681.0,680.0,681.0,0.0,132,89792.0
2017-01-17,690.0,695.0,684.0,685.0,0.0,1467,1007930.0
2017-01-16,701.0,695.0,690.0,690.0,0.0,450,310750.0
2017-01-15,692.0,701.0,700.0,701.0,0.0,558,390938.0
2017-01-12,684.0,701.0,692.0,692.0,0.0,1211,847967.0
2017-01-11,710.0,725.0,684.0,684.0,0.0,840,595598.0
2017-01-10,685.0,710.0,698.0,710.0,0.0,320,224950.0
2017-01-09,680.0,685.0,673.0,685.0,0.0,1599,1090962.0
2017-01-08,690.0,700.0,670.0,680.0,0.0,3762,2541850.0
2017-01-05,700.0,695.0,690.0,690.0,0.0,192,132940.0
2017-01-04,691.0,714.0,700.0,700.0,0.0,1500,1051750.0
2017-01-03,730.0,716.0,691.0,691.0,0.0,889,621574.0
2017-01-02,704.0,730.0,700.0,730.0,0.0,1397,999746.0
2017-01-01,692.0,718.0,692.0,704.0,0.0,3330,2341866.0
2016-12-29,667.0,720.0,654.0,692.0,0.0,4538,3152630.0
2016-12-28,657.0,680.0,663.0,667.0,0.0,1600,1071560.0
2016-12-27,668.0,680.0,657.0,657.0,0.0,3925,2615500.0
2016-12-26,708.0,694.0,668.0,668.0,0.0,1010,687630.0
2016-12-22,710.0,720.0,708.0,708.0,0.0,1050,747920.0
2016-12-21,721.0,735.0,710.0,710.0,0.0,980,711030.0
2016-12-20,731.0,721.0,721.0,721.0,0.0,200,144200.0
2016-12-19,750.0,735.0,731.0,731.0,0.0,442,323502.0
2016-12-18,758.0,772.0,740.0,750.0,0.0,1371,1031383.0
2016-12-15,715.0,758.0,705.0,758.0,0.0,1500,1097362.0
2016-12-14,710.0,715.0,705.0,715.0,0.0,2144,1517530.0
2016-12-12,735.0,735.0,706.0,710.0,0.0,3472,2500937.0
2016-12-11,760.0,760.0,732.0,735.0,0.0,1511,1119488.0
2016-12-08,760.0,765.0,750.0,760.0,0.0,892,678497.0
2016-12-07,760.0,785.0,760.0,760.0,0.0,1380,1075300.0
2016-12-06,765.0,780.0,735.0,760.0,0.0,4407,3310535.0
2016-12-05,780.0,780.0,765.0,765.0,0.0,550,423260.0
2016-12-04,810.0,816.0,778.0,780.0,0.0,3750,2939450.0
2016-12-01,834.0,855.0,810.0,810.0,0.0,4020,3342790.0
2016-11-30,780.0,834.0,774.0,834.0,0.0,5271,4228455.0
2016-11-29,749.0,780.0,720.0,780.0,0.0,2332,1729616.0
2016-11-28,693.0,762.0,680.0,749.0,0.0,6785,4831615.0
2016-11-27,721.0,713.0,693.0,693.0,0.0,995,694905.0
2016-11-24,746.0,775.0,705.0,721.0,0.0,8138,6132308.0
2016-11-23,827.0,825.0,745.0,746.0,0.0,3995,3111775.0
2016-11-22,840.0,840.0,827.0,827.0,0.0,173,143620.0
2016-11-21,835.0,851.0,825.0,840.0,0.0,1261,1058265.0
2016-11-20,867.0,850.0,820.0,835.0,0.0,700,584137.0
2016-11-17,889.0,873.0,866.0,867.0,0.0,895,779780.0
2016-11-16,880.0,894.0,881.0,889.0,0.0,2675,2374566.0
2016-11-15,875.0,892.0,880.0,880.0,0.0,1046,926430.0
2016-11-14,853.0,877.0,860.0,875.0,0.0,2558,2220560.0
2016-11-13,863.0,870.0,853.0,853.0,0.0,792,685576.0
2016-11-10,885.0,881.0,863.0,863.0,0.0,334,291542.0
2016-11-09,885.0,885.0,880.0,885.0,0.0,385,340200.0
2016-11-08,900.0,890.0,873.0,885.0,0.0,1610,1424189.0
2016-11-07,900.0,910.0,882.0,900.0,0.0,2425,2172020.0
2016-11-03,894.0,900.0,898.0,900.0,0.0,610,548380.0
2016-10-27,895.0,900.0,892.0,894.0,0.0,710,636140.0
2016-10-26,880.0,897.0,863.0,895.0,0.0,917,818341.0
2016-10-25,880.0,880.0,880.0,880.0,0.0,1024,901120.0
2016-10-24,900.0,900.0,877.0,880.0,0.0,3339,2949670.0
2016-10-23,900.0,901.0,899.0,900.0,0.0,1084,975511.0
2016-10-20,885.0,910.0,895.0,900.0,0.0,1746,1572250.0
2016-10-19,910.0,910.0,885.0,885.0,0.0,1121,1008905.0
2016-10-18,917.0,915.0,900.0,909.0,0.0,897,813868.0
2016-10-17,900.0,917.0,898.0,917.0,0.0,519,469710.0
2016-10-16,910.0,909.0,892.0,900.0,0.0,350,315370.0
2016-10-06,902.0,910.0,891.0,910.0,0.0,2740,2474700.0
2016-10-05,920.0,902.0,885.0,902.0,0.0,1000,896900.0
2016-10-04,900.0,930.0,886.0,920.0,0.0,2754,2467600.0
2016-10-03,890.0,900.0,900.0,900.0,0.0,75,67500.0
2016-10-02,890.0,890.0,884.0,890.0,0.0,1854,1646510.0
2016-09-29,885.0,895.0,870.0,890.0,0.0,1658,1466956.0
2016-09-28,900.0,895.0,885.0,885.0,0.0,792,701390.0
2016-09-27,895.0,900.0,885.0,900.0,0.0,369,330910.0
2016-09-26,880.0,902.0,870.0,895.0,0.0,2565,2267910.0
2016-09-25,900.0,899.0,879.0,880.0,0.0,380,335920.0
2016-09-22,896.0,910.0,890.0,900.0,0.0,2532,2276400.0
2016-09-21,912.0,910.0,875.0,896.0,0.0,937,837940.0
2016-09-20,935.0,925.0,890.0,912.0,0.0,2754,2490200.0
2016-09-18,954.0,950.0,918.0,935.0,0.0,1515,1399512.0
2016-09-14,950.0,969.0,936.0,954.0,0.0,2722,2582283.0
2016-09-12,935.0,954.0,935.0,950.0,0.0,3125,2953723.0
2016-09-11,935.0,953.0,917.0,935.0,0.0,2368,2235148.0
2016-09-08,908.0,938.0,920.0,935.0,0.0,4259,3973521.0
2016-09-07,908.0,920.0,908.0,908.0,0.0,1884,1728422.0
2016-09-06,870.0,940.0,887.0,908.0,0.0,11309,10282942.0
2016-09-05,900.0,890.0,870.0,870.0,0.0,1925,1700672.0
2016-09-04,930.0,915.0,900.0,900.0,0.0,95,85995.0
2016-09-03,930.0,915.0,900.0,900.0,0.0,95,85995.0
2016-09-01,930.0,930.0,913.0,930.0,0.0,418,383998.0
2016-08-31,921.0,930.0,915.0,930.0,0.0,1486,1371698.0
2016-08-30,922.0,927.0,915.0,921.0,0.0,1440,1322936.0
2016-08-29,944.0,950.0,922.0,922.0,0.0,5063,4711496.0
2016-08-28,880.0,950.0,880.0,944.0,0.0,7789,7154362.0
2016-08-24,800.0,880.0,816.0,880.0,0.0,4345,3761980.0
2016-08-23,817.0,815.0,800.0,800.0,0.0,1289,1042093.0
2016-08-22,835.0,850.0,817.0,817.0,0.0,2428,2004422.0
2016-08-21,846.0,842.0,835.0,835.0,0.0,2050,1715100.0
2016-08-17,830.0,875.0,815.0,846.0,0.0,1039,889585.0
2016-08-16,820.0,830.0,804.0,830.0,0.0,2259,1826777.0
2016-08-15,846.0,846.0,819.0,820.0,0.0,2873,2386379.0
2016-08-14,885.0,883.0,846.0,846.0,0.0,968,831728.0
2016-08-11,885.0,890.0,875.0,885.0,0.0,691,610956.0
2016-08-10,889.0,920.0,885.0,885.0,0.0,6044,5442234.0
2016-08-08,925.0,907.0,889.0,889.0,0.0,200,179600.0
2016-08-07,921.0,960.0,925.0,925.0,0.0,4265,3982059.0
2016-08-04,950.0,940.0,920.0,921.0,0.0,5809,5391297.0
2016-08-03,930.0,950.0,913.0,950.0,0.0,2182,2030029.0
2016-08-02,985.0,985.0,930.0,930.0,0.0,245,234800.0
2016-08-01,999.0,991.0,980.0,985.0,0.0,2600,2557000.0
2016-07-31,975.0,1009.0,980.0,999.0,0.0,8768,8731714.0
2016-07-28,986.0,990.0,975.0,975.0,0.0,5754,5629380.0
2016-07-27,971.0,986.0,952.0,986.0,0.0,4272,4139104.0
2016-07-26,1000.0,1000.0,971.0,971.0,0.0,1398,1374700.0
2016-07-25,999.0,1000.0,990.0,1000.0,0.0,1118,1116125.0
2016-07-21,990.0,999.0,951.0,999.0,0.0,5100,4977361.0
2016-07-20,990.0,1014.0,952.0,990.0,0.0,2602,2570035.0
2016-07-19,1026.0,1032.0,990.0,990.0,0.0,8424,8523569.0
2016-07-18,945.0,1030.0,939.0,1026.0,0.0,4556,4519370.0
2016-07-17,940.0,945.0,945.0,945.0,0.0,50,47250.0
2016-07-14,940.0,950.0,940.0,940.0,0.0,3309,3134483.0
2016-07-13,971.0,960.0,940.0,940.0,0.0,1764,1674670.0
2016-07-12,967.0,1010.0,931.0,971.0,0.0,5364,5282580.0
2016-07-11,1251.0,1261.0,1181.0,1184.0,0.0,26261,31597800.0
2016-07-10,1286.0,1293.0,1242.0,1251.0,0.0,16033,20480168.0
2016-07-06,1300.0,1340.0,1275.0,1286.0,0.0,20066,26286742.0
2016-07-05,1200.0,1320.0,1215.0,1300.0,0.0,25231,32192060.0
2016-07-04,1203.0,1214.0,1170.0,1200.0,0.0,7150,8581039.0
2016-07-03,1225.0,1231.0,1200.0,1203.0,0.0,6139,7433613.0
2016-06-30,1252.0,1269.0,1221.0,1225.0,0.0,8392,10366514.0
2016-06-29,1225.0,1264.0,1225.0,1252.0,0.0,5774,7192060.0
2016-06-28,1258.0,1265.0,1210.0,1225.0,0.0,11089,13683234.0
2016-06-27,1275.0,1295.0,1240.0,1258.0,0.0,13688,17461276.0
2016-06-26,1230.0,1353.0,1254.0,1275.0,0.0,22804,29603040.0
2016-06-23,1265.0,1300.0,1216.0,1230.0,0.0,12924,16328413.0
2016-06-22,1229.0,1277.0,1230.0,1265.0,0.0,13743,17178784.0
2016-06-21,1135.0,1229.0,1134.0,1229.0,0.0,19041,22688740.0
2016-06-20,1220.0,1220.0,1127.0,1135.0,0.0,9748,11201911.0
2016-06-19,1248.0,1285.0,1176.0,1220.0,0.0,26907,33723204.0
2016-06-16,1135.0,1248.0,1157.0,1248.0,0.0,36617,44913476.0
2016-06-15,1060.0,1140.0,1070.0,1135.0,0.0,20039,21900484.0
2016-06-14,1060.0,1085.0,1060.0,1060.0,0.0,6147,6584305.0
2016-06-13,1065.0,1130.0,1050.0,1060.0,0.0,12583,13687607.0
2016-06-12,1012.0,1100.0,970.0,1065.0,0.0,22695,24122702.0
2016-06-09,920.0,1012.0,930.0,1012.0,0.0,38971,38630984.0
2016-06-08,890.0,928.0,892.0,920.0,0.0,4309,3924773.0
2016-06-07,900.0,902.0,873.0,890.0,0.0,515,456600.0
2016-06-06,870.0,900.0,887.0,900.0,0.0,1385,1232158.0
2016-06-05,923.0,914.0,870.0,870.0,0.0,2060,1836745.0
2016-06-02,920.0,924.0,901.0,923.0,0.0,1456,1332061.0
2016-06-01,925.0,925.0,915.0,920.0,0.0,4909,4519928.0
2016-05-31,930.0,930.0,921.0,925.0,0.0,1754,1627844.0
2016-05-30,936.0,954.0,922.0,930.0,0.0,8331,7741773.0
2016-05-29,925.0,961.0,920.0,936.0,0.0,6404,5994121.0
2016-05-26,930.0,939.0,912.0,925.0,0.0,1121,1040818.0
2016-05-25,947.0,942.0,930.0,930.0,0.0,1316,1230606.0
2016-05-24,945.0,953.0,927.0,947.0,0.0,5630,5295629.0
2016-05-23,942.0,974.0,925.0,945.0,0.0,9432,8954045.0
2016-05-22,901.0,945.0,900.0,942.0,0.0,8921,8233707.0
2016-05-19,904.0,925.0,882.0,901.0,0.0,3692,3344590.0
2016-05-18,890.0,908.0,900.0,904.0,0.0,5959,5372526.0
2016-05-17,871.0,890.0,876.0,890.0,0.0,471,416639.0
2016-05-16,871.0,875.0,868.0,871.0,0.0,2100,1824880.0
2016-05-15,885.0,880.0,868.0,871.0,0.0,756,659578.0
2016-05-12,887.0,892.0,875.0,885.0,0.0,5995,5272367.0
2016-05-11,900.0,905.0,880.0,887.0,0.0,4781,4271327.0
2016-05-10,865.0,900.0,855.0,900.0,0.0,4853,4308518.0
2016-05-09,860.0,870.0,860.0,865.0,0.0,3543,3065343.0
2016-05-08,852.0,865.0,850.0,860.0,0.0,1085,931847.0
2016-05-05,880.0,865.0,852.0,852.0,0.0,5179,4436455.0
2016-05-04,851.0,880.0,860.0,880.0,0.0,566,494846.0
2016-05-03,858.0,870.0,851.0,851.0,0.0,3595,3083444.0
2016-05-02,856.0,870.0,856.0,858.0,0.0,1825,1570016.0
2016-04-28,858.0,865.0,850.0,856.0,0.0,3790,3239240.0
2016-04-27,865.0,870.0,853.0,858.0,0.0,1490,1281486.0
2016-04-26,869.0,878.0,865.0,865.0,0.0,3057,2672627.0
2016-04-25,861.0,874.0,857.0,869.0,0.0,1521,1314570.0
2016-04-24,870.0,878.0,861.0,861.0,0.0,1240,1085101.0
2016-04-21,874.0,870.0,870.0,870.0,0.0,153,133110.0
2016-04-20,890.0,889.0,874.0,874.0,0.0,257,225173.0
2016-04-19,905.0,890.0,887.0,890.0,0.0,8546,7603945.0
2016-04-18,865.0,905.0,865.0,905.0,0.0,853,761830.0
2016-04-17,860.0,870.0,862.0,865.0,0.0,1279,1106853.0
2016-04-14,876.0,862.0,855.0,860.0,0.0,1615,1390315.0
2016-04-10,890.0,907.0,876.0,876.0,0.0,541,481516.0
2016-04-06,890.0,905.0,890.0,890.0,0.0,957,856786.0
2016-04-05,890.0,905.0,890.0,890.0,0.0,5467,4870900.0
2016-04-04,873.0,890.0,860.0,890.0,0.0,3018,2642294.0
2016-04-03,872.0,873.0,838.0,873.0,0.0,3428,2935448.0
2016-03-31,883.0,883.0,872.0,872.0,0.0,741,646857.0
2016-03-30,900.0,905.0,883.0,883.0,0.0,989,883255.0
2016-03-29,900.0,922.0,882.0,900.0,0.0,8473,7687971.0
2016-03-28,900.0,912.0,875.0,900.0,0.0,2311,2054105.0
2016-03-27,921.0,930.0,900.0,900.0,0.0,4075,3729103.0
2016-03-24,900.0,921.0,893.0,921.0,0.0,18612,16881710.0
2016-03-23,908.0,915.0,900.0,900.0,0.0,9053,8204756.0
2016-03-21,910.0,915.0,896.0,908.0,0.0,12341,11230070.0
2016-03-20,896.0,915.0,899.0,910.0,0.0,5232,4743994.0
2016-03-17,895.0,900.0,889.0,896.0,0.0,8543,7630752.0
2016-03-16,840.0,896.0,841.0,895.0,0.0,12443,10869141.0
2016-03-15,830.0,846.0,820.0,840.0,0.0,2689,2248420.0
2016-03-14,840.0,845.0,830.0,830.0,0.0,6067,5096582.0
2016-03-13,867.0,870.0,825.0,840.0,0.0,6325,5313252.0
2016-03-10,789.0,867.0,804.0,867.0,0.0,18240,15320094.0
2016-03-06,780.0,810.0,786.0,789.0,0.0,6253,4986948.0
2016-03-03,773.0,785.0,775.0,780.0,0.0,8500,6601924.0
2016-03-02,778.0,785.0,770.0,773.0,0.0,3369,2612909.0
2016-03-01,775.0,790.0,770.0,778.0,0.0,6092,4709186.0
2016-02-29,780.0,775.0,760.0,775.0,0.0,1914,1467458.0
2016-02-28,795.0,780.0,780.0,780.0,0.0,50,39000.0
2016-02-24,780.0,795.0,795.0,795.0,0.0,40,31800.0
2016-02-23,781.0,780.0,780.0,780.0,0.0,300,234000.0
2016-02-22,790.0,795.0,775.0,781.0,0.0,2024,1585150.0
2016-02-21,787.0,800.0,777.0,790.0,0.0,1688,1337160.0
2016-02-18,800.0,804.0,785.0,787.0,0.0,2806,2217134.0
2016-02-17,810.0,807.0,800.0,800.0,0.0,1012,812708.0
2016-02-16,800.0,810.0,800.0,810.0,0.0,1407,1126762.0
2016-02-15,805.0,800.0,790.0,800.0,0.0,1326,1054700.0
2016-02-14,805.0,821.0,800.0,805.0,0.0,6294,5087192.0
2016-02-11,791.0,806.0,800.0,805.0,0.0,5547,4449116.0
2016-02-08,782.0,804.0,786.0,791.0,0.0,4453,3537682.0
2016-02-07,785.0,800.0,771.0,782.0,0.0,2382,1868505.0
2016-02-04,785.0,785.0,774.0,785.0,0.0,947,739938.0
2016-02-03,786.0,786.0,774.0,785.0,0.0,2366,1836650.0
2016-02-02,773.0,787.0,785.0,786.0,0.0,913,717018.0
2016-02-01,764.0,774.0,770.0,773.0,0.0,1589,1225594.0
2016-01-31,762.0,765.0,764.0,764.0,0.0,300,229400.0
2016-01-28,775.0,763.0,760.0,762.0,0.0,233,177632.0
2016-01-27,775.0,780.0,770.0,775.0,0.0,2524,1950140.0
2016-01-26,764.0,775.0,761.0,775.0,0.0,2011,1553398.0
2016-01-25,773.0,773.0,764.0,764.0,0.0,2290,1760490.0
2016-01-24,770.0,773.0,768.0,773.0,0.0,2133,1642810.0
2016-01-21,780.0,770.0,768.0,770.0,0.0,324,249260.0
2016-01-20,779.0,780.0,775.0,780.0,0.0,224,173710.0
2016-01-19,780.0,779.0,770.0,779.0,0.0,361,278870.0
2016-01-18,788.0,795.0,771.0,780.0,0.0,2783,2187399.0
2016-01-17,775.0,790.0,775.0,788.0,0.0,842,657092.0
2016-01-14,779.0,790.0,775.0,775.0,0.0,3204,2513100.0
2016-01-13,775.0,779.0,765.0,779.0,0.0,1300,1000400.0
2016-01-12,770.0,775.0,769.0,775.0,0.0,1561,1209175.0
2016-01-11,775.0,775.0,760.0,770.0,0.0,12136,9250202.0
2016-01-10,780.0,795.0,775.0,775.0,0.0,1735,1357177.0
2016-01-07,761.0,791.0,776.0,780.0,0.0,1584,1240370.0
2016-01-06,747.0,776.0,761.0,761.0,0.0,298,227228.0
2016-01-05,790.0,775.0,747.0,747.0,0.0,2979,2271531.0
2016-01-04,804.0,826.0,773.0,790.0,0.0,5354,4322799.0
2016-01-03,772.0,810.0,770.0,804.0,0.0,7535,5931969.0
2015-12-31,775.0,795.0,768.0,772.0,0.0,5712,4432314.0
2015-12-29,755.0,775.0,760.0,775.0,0.0,152,116920.0
2015-12-28,778.0,780.0,755.0,755.0,0.0,972,739940.0
2015-12-27,778.0,793.0,778.0,778.0,0.0,1100,863750.0
2015-12-24,735.0,778.0,749.0,778.0,0.0,350,266550.0
2015-12-23,750.0,735.0,735.0,735.0,0.0,500,367500.0
2015-12-22,762.0,750.0,750.0,750.0,0.0,200,150000.0
2015-12-20,777.0,762.0,762.0,762.0,0.0,50,38100.0
2015-12-17,762.0,777.0,776.0,777.0,0.0,150,116450.0
2015-12-16,776.0,805.0,761.0,762.0,0.0,4909,3823855.0
2015-12-15,706.0,776.0,720.0,776.0,0.0,4230,3257810.0
2015-12-14,680.0,706.0,693.0,706.0,0.0,172,121302.0
2015-12-13,680.0,691.0,665.0,680.0,0.0,1789,1201502.0
2015-12-10,700.0,700.0,670.0,680.0,0.0,1835,1243505.0
2015-12-09,663.0,705.0,650.0,700.0,0.0,2722,1865280.0
2015-12-08,673.0,663.0,638.0,663.0,0.0,398,257767.0
2015-12-07,638.0,673.0,640.0,673.0,0.0,2293,1503193.0
2015-12-06,651.0,638.0,638.0,638.0,0.0,634,404492.0
2015-12-03,639.0,651.0,639.0,651.0,0.0,1624,1046914.0
2015-12-01,615.0,639.0,627.0,639.0,0.0,187,118449.0
2015-11-30,606.0,630.0,609.0,615.0,0.0,911,566745.0
2015-11-29,615.0,615.0,603.0,606.0,0.0,1021,618165.0
2015-11-26,613.0,615.0,615.0,615.0,0.0,111,68265.0
2015-11-25,611.0,613.0,601.0,613.0,0.0,76,46084.0
2015-11-24,620.0,611.0,609.0,611.0,0.0,210,127910.0
2015-11-23,625.0,620.0,620.0,620.0,0.0,30,18600.0
2015-11-22,631.0,625.0,620.0,625.0,0.0,1570,975308.0
2015-11-19,633.0,631.0,630.0,631.0,0.0,280,176646.0
2015-11-16,650.0,645.0,633.0,633.0,0.0,1421,902533.0
2015-11-15,655.0,650.0,650.0,650.0,0.0,237,154050.0
2015-11-10,667.0,655.0,655.0,655.0,0.0,34,22270.0
2015-11-09,642.0,667.0,645.0,667.0,0.0,1100,725000.0
2015-11-05,649.0,642.0,640.0,642.0,0.0,344,220524.0
2015-11-04,655.0,660.0,649.0,649.0,0.0,1189,774180.0
2015-11-03,674.0,661.0,648.0,655.0,0.0,368,240440.0
2015-11-02,673.0,674.0,671.0,674.0,0.0,1608,1081851.0
2015-11-01,686.0,673.0,673.0,673.0,0.0,1000,673000.0
2015-10-29,700.0,700.0,686.0,686.0,0.0,171,117936.0
2015-10-28,687.0,700.0,700.0,700.0,0.0,118,82600.0
2015-10-19,674.0,687.0,687.0,687.0,0.0,42,28854.0
2015-10-18,674.0,674.0,674.0,674.0,0.0,30,20220.0
2015-10-15,687.0,674.0,674.0,674.0,0.0,400,269600.0
2015-10-14,687.0,687.0,687.0,687.0,0.0,337,231519.0
2015-10-11,694.0,695.0,687.0,687.0,0.0,678,467058.0
2015-10-08,699.0,703.0,680.0,694.0,0.0,851,588546.0
2015-10-07,705.0,700.0,699.0,699.0,0.0,899,629169.0
2015-10-06,707.0,705.0,705.0,705.0,0.0,90,63450.0
2015-10-05,700.0,728.0,707.0,707.0,0.0,619,441434.0
2015-10-04,706.0,702.0,700.0,700.0,0.0,1396,977895.0
2015-10-01,711.0,715.0,705.0,706.0,0.0,420,297999.0
2015-09-30,725.0,720.0,711.0,711.0,0.0,84,60102.0
2015-09-29,710.0,725.0,710.0,725.0,0.0,517,371434.0
2015-09-28,726.0,713.0,710.0,710.0,0.0,350,249046.0
2015-09-24,726.0,726.0,714.0,726.0,0.0,693,498050.0
2015-09-23,730.0,740.0,720.0,726.0,0.0,1621,1181506.0
2015-09-22,750.0,740.0,730.0,730.0,0.0,672,492830.0
2015-09-17,756.0,754.0,740.0,750.0,0.0,2779,2078642.0
2015-09-16,770.0,757.0,756.0,756.0,0.0,87,65814.0
2015-09-15,770.0,785.0,766.0,770.0,0.0,2284,1761466.0
2015-09-14,780.0,805.0,760.0,770.0,0.0,5432,4219548.0
2015-09-13,750.0,825.0,765.0,780.0,0.0,23012,18204916.0
2015-09-10,750.0,750.0,720.0,750.0,0.0,3687,2736360.0
2015-09-09,739.0,750.0,727.0,750.0,0.0,949,705002.0
2015-09-08,733.0,760.0,739.0,739.0,0.0,2248,1668404.0
2015-09-07,748.0,746.0,732.0,733.0,0.0,3007,2216627.0
2015-09-06,736.0,750.0,722.0,748.0,0.0,2742,2037038.0
2015-09-03,759.0,750.0,735.0,736.0,0.0,2791,2065504.0
2015-09-02,791.0,795.0,745.0,759.0,0.0,4159,3162708.0
2015-09-01,851.0,865.0,775.0,791.0,0.0,10567,8441870.0
2015-08-31,779.0,851.0,785.0,851.0,0.0,12887,10457954.0
2015-08-27,709.0,779.0,720.0,779.0,0.0,14160,10537126.0
2015-08-26,712.0,712.0,700.0,709.0,0.0,3334,2362166.0
2015-08-25,720.0,714.0,690.0,712.0,0.0,3779,2647211.0
2015-08-24,710.0,739.0,698.0,720.0,0.0,8572,6122958.0
2015-08-23,673.0,710.0,655.0,710.0,0.0,9895,6934851.0
2015-08-20,688.0,710.0,671.0,673.0,0.0,2122,1485472.0
2015-08-19,669.0,688.0,663.0,688.0,0.0,2256,1516118.0
2015-08-18,667.0,680.0,665.0,669.0,0.0,1204,808562.0
2015-08-17,680.0,680.0,667.0,667.0,0.0,1242,839514.0
2015-08-16,680.0,685.0,680.0,680.0,0.0,729,498131.0
2015-08-13,680.0,680.0,673.0,680.0,0.0,1000,676965.0
2015-08-12,678.0,690.0,665.0,680.0,0.0,5079,3461766.0
2015-08-11,690.0,678.0,677.0,678.0,0.0,507,343547.0
2015-08-10,710.0,705.0,690.0,690.0,0.0,5289,3671086.0
2015-08-09,706.0,720.0,705.0,710.0,0.0,1012,717859.0
2015-08-06,705.0,718.0,705.0,706.0,0.0,2957,2094708.0
2015-08-05,702.0,705.0,690.0,705.0,0.0,984,685868.0
2015-08-04,700.0,702.0,686.0,702.0,0.0,4235,2948028.0
2015-08-03,700.0,700.0,677.0,700.0,0.0,2738,1896856.0
2015-08-02,710.0,700.0,700.0,700.0,0.0,395,276500.0
2015-07-30,700.0,710.0,685.0,710.0,0.0,1936,1352714.0
2015-07-29,730.0,716.0,690.0,700.0,0.0,1656,1159194.0
2015-07-28,717.0,730.0,703.0,730.0,0.0,5037,3567365.0
2015-07-27,734.0,730.0,702.0,717.0,0.0,5096,3660305.0
2015-07-26,720.0,734.0,734.0,734.0,0.0,700,513800.0
2015-07-23,712.0,720.0,698.0,720.0,0.0,13411,9525596.0
2015-07-22,709.0,724.0,696.0,712.0,0.0,6041,4343848.0
2015-07-16,700.0,725.0,700.0,709.0,0.0,13061,9235556.0
2015-07-15,690.0,705.0,665.0,700.0,0.0,21086,14658882.0
2015-07-14,687.0,690.0,675.0,690.0,0.0,1768,1208795.0
2015-07-13,685.0,687.0,682.0,687.0,0.0,4245,2911549.0
2015-07-12,679.0,686.0,675.0,685.0,0.0,4564,3123348.0
2015-07-09,673.0,686.0,672.0,679.0,0.0,4608,3101919.0
2015-07-08,675.0,673.0,665.0,673.0,0.0,2608,1747333.0
2015-07-07,665.0,675.0,664.0,675.0,0.0,2457,1652305.0
2015-07-06,670.0,681.0,665.0,665.0,0.0,2438,1628147.0
2015-07-05,673.0,676.0,665.0,670.0,0.0,5477,3673889.0
2015-07-02,677.0,678.0,664.0,673.0,0.0,8092,5421543.0
2015-07-01,675.0,701.0,674.0,677.0,0.0,6677,4535709.0
2015-06-30,658.0,675.0,655.0,675.0,0.0,13667,9045816.0
2015-06-29,619.0,666.0,631.0,658.0,0.0,10777,7002702.0
2015-06-28,591.0,620.0,591.0,619.0,0.0,2376,1459181.0
2015-06-25,590.0,591.0,580.0,591.0,0.0,2030,1199400.0
2015-06-24,605.0,595.0,590.0,590.0,0.0,579,343260.0
2015-06-23,565.0,612.0,576.0,605.0,0.0,4542,2712714.0
2015-06-22,543.0,566.0,545.0,565.0,0.0,752,419072.0
2015-06-21,553.0,543.0,535.0,543.0,0.0,131,70796.0
2015-06-18,553.0,553.0,550.0,553.0,0.0,97,53515.0
2015-06-17,570.0,560.0,553.0,553.0,0.0,73,40663.0
2015-06-16,561.0,570.0,551.0,570.0,0.0,5432,3042767.0
2015-06-15,550.0,561.0,561.0,561.0,0.0,35,19635.0
2015-06-14,565.0,555.0,543.0,550.0,0.0,1314,717578.0
2015-06-11,585.0,590.0,565.0,565.0,0.0,405,232430.0
2015-06-10,590.0,594.0,585.0,585.0,0.0,375,221130.0
2015-06-09,574.0,607.0,585.0,590.0,0.0,787,464910.0
2015-06-08,575.0,595.0,573.0,574.0,0.0,1399,824045.0
2015-06-07,562.0,596.0,565.0,575.0,0.0,1545,891166.0
2015-06-04,581.0,591.0,561.0,562.0,0.0,2167,1230173.0
2015-06-03,553.0,603.0,564.0,581.0,0.0,981,582275.0
2015-06-02,522.0,553.0,513.0,553.0,0.0,762,404316.0
2015-06-01,512.0,522.0,502.0,522.0,0.0,835,423696.0
2015-05-31,466.0,512.0,470.0,512.0,0.0,1077,521738.0
2015-05-28,475.0,466.0,432.0,466.0,0.0,1916,862327.0
2015-05-27,523.0,513.0,475.0,475.0,0.0,145,71209.0
2015-05-26,581.0,570.0,523.0,523.0,0.0,173,94074.0
2015-04-23,592.0,581.0,580.0,581.0,0.0,751,436205.0
2015-04-22,600.0,592.0,580.0,592.0,0.0,975,571955.0
2015-04-21,590.0,600.0,600.0,600.0,0.0,34,20400.0
2015-04-20,594.0,590.0,590.0,590.0,0.0,333,196470.0
2015-04-19,588.0,594.0,582.0,594.0,0.0,592,349524.0
2015-04-15,600.0,593.0,588.0,588.0,0.0,90,53145.0
2015-04-13,604.0,600.0,600.0,600.0,0.0,500,300000.0
2015-04-12,602.0,604.0,604.0,604.0,0.0,137,82748.0
2015-04-09,604.0,604.0,595.0,602.0,0.0,970,584340.0
2015-04-08,600.0,606.0,595.0,604.0,0.0,577,346660.0
2015-04-07,598.0,600.0,591.0,600.0,0.0,692,412930.0
2015-04-06,598.0,598.0,585.0,598.0,0.0,1637,969754.0
2015-04-05,607.0,604.0,595.0,598.0,0.0,573,342684.0
2015-04-02,595.0,615.0,606.0,607.0,0.0,1182,718062.0
2015-04-01,612.0,615.0,595.0,595.0,0.0,1727,1039107.0
2015-03-31,612.0,612.0,604.0,612.0,0.0,1993,1211071.0
2015-03-30,608.0,612.0,596.0,612.0,0.0,1572,941700.0
2015-03-29,600.0,608.0,600.0,608.0,0.0,1013,609103.0
2015-03-26,600.0,605.0,600.0,600.0,0.0,1657,994937.0
2015-03-25,611.0,620.0,600.0,600.0,0.0,1730,1053259.0
2015-03-24,616.0,611.0,610.0,611.0,0.0,340,207670.0
2015-03-23,620.0,616.0,616.0,616.0,0.0,192,118272.0
2015-03-22,625.0,625.0,615.0,620.0,0.0,1965,1214122.0
2015-03-19,620.0,625.0,620.0,625.0,0.0,332,206402.0
2015-03-18,625.0,620.0,620.0,620.0,0.0,40,24800.0
2015-03-17,615.0,625.0,603.0,625.0,0.0,476,291540.0
2015-03-16,630.0,620.0,615.0,615.0,0.0,128,78976.0
2015-03-12,640.0,630.0,628.0,630.0,0.0,46,28956.0
2015-03-11,648.0,640.0,635.0,640.0,0.0,2097,1332180.0
2015-03-10,645.0,648.0,643.0,648.0,0.0,836,540768.0
2015-03-09,637.0,651.0,642.0,645.0,0.0,2446,1582415.0
2015-03-04,641.0,644.0,632.0,637.0,0.0,11499,7331454.0
2015-03-03,646.0,645.0,632.0,641.0,0.0,3304,2115186.0
2015-03-02,633.0,646.0,630.0,646.0,0.0,132,83810.0
2015-03-01,630.0,635.0,630.0,633.0,0.0,1450,917161.0
2015-02-26,627.0,630.0,630.0,630.0,0.0,287,180810.0
2015-02-25,631.0,629.0,621.0,627.0,0.0,276,173048.0
2015-02-24,630.0,631.0,621.0,631.0,0.0,658,413958.0
2015-02-23,625.0,630.0,611.0,630.0,0.0,1590,983866.0
2015-02-22,647.0,635.0,623.0,625.0,0.0,841,525723.0
2015-02-18,639.0,647.0,642.0,647.0,0.0,1319,849928.0
2015-02-16,650.0,655.0,639.0,639.0,0.0,1956,1268287.0
2015-02-15,645.0,650.0,635.0,650.0,0.0,3136,2029300.0
2015-02-12,640.0,645.0,639.0,645.0,0.0,939,604986.0
2015-02-11,636.0,642.0,640.0,640.0,0.0,708,453384.0
2015-02-10,634.0,641.0,625.0,636.0,0.0,1746,1111557.0
2015-02-09,640.0,646.0,630.0,634.0,0.0,2899,1833004.0
2015-02-08,633.0,645.0,633.0,640.0,0.0,2363,1514468.0
2015-02-05,631.0,642.0,625.0,633.0,0.0,1296,823775.0
2015-02-04,640.0,640.0,630.0,631.0,0.0,1237,785383.0
2015-02-03,644.0,645.0,640.0,640.0,0.0,986,633349.0
2015-02-02,645.0,657.0,642.0,644.0,0.0,2201,1425007.0
2015-02-01,647.0,658.0,644.0,645.0,0.0,2269,1472949.0
2015-01-29,660.0,665.0,647.0,647.0,0.0,1031,672715.0
2015-01-28,659.0,667.0,650.0,660.0,0.0,2885,1903566.0
2015-01-27,655.0,661.0,651.0,659.0,0.0,2205,1452707.0
2015-01-26,657.0,662.0,650.0,655.0,0.0,2197,1449167.0
2015-01-25,650.0,658.0,652.0,657.0,0.0,1262,828296.0
2015-01-22,648.0,650.0,636.0,650.0,0.0,396,256552.0
2015-01-20,660.0,665.0,635.0,648.0,0.0,5010,3249680.0
2015-01-19,658.0,678.0,660.0,660.0,0.0,1313,871945.0
2015-01-18,648.0,667.0,640.0,658.0,0.0,1780,1168081.0
2015-01-14,658.0,670.0,648.0,648.0,0.0,2047,1346772.0
2015-01-13,639.0,663.0,622.0,658.0,0.0,1800,1156951.0
2015-01-12,640.0,640.0,635.0,639.0,0.0,1136,723439.0
2015-01-11,640.0,645.0,640.0,640.0,0.0,1342,863881.0
2015-01-08,633.0,657.0,636.0,640.0,0.0,2394,1537431.0
2015-01-07,632.0,635.0,620.0,633.0,0.0,2399,1518958.0
2015-01-06,640.0,644.0,628.0,632.0,0.0,1802,1145405.0
2015-01-05,640.0,655.0,640.0,640.0,0.0,3828,2476901.0
2015-01-04,635.0,640.0,632.0,640.0,0.0,2008,1280227.0
2015-01-01,622.0,642.0,625.0,635.0,0.0,550,348559.0
2014-12-31,630.0,622.0,618.0,622.0,0.0,1045,647906.0
2014-12-29,640.0,630.0,630.0,630.0,0.0,97,61110.0
2014-12-28,625.0,651.0,637.0,640.0,0.0,882,564972.0
2014-12-24,625.0,637.0,625.0,625.0,0.0,637,399237.0
2014-12-23,630.0,625.0,611.0,625.0,0.0,2927,1818150.0
2014-12-22,625.0,630.0,630.0,630.0,0.0,50,31500.0
2014-12-21,641.0,629.0,620.0,625.0,0.0,144,89893.0
2014-12-18,629.0,641.0,617.0,641.0,0.0,1188,742802.0
2014-12-17,640.0,631.0,629.0,629.0,0.0,123,77511.0
2014-12-16,650.0,640.0,637.0,640.0,0.0,624,398988.0
2014-12-15,657.0,674.0,647.0,650.0,0.0,1834,1200644.0
2014-12-14,644.0,668.0,632.0,657.0,0.0,1887,1228991.0
2014-12-11,636.0,644.0,626.0,644.0,0.0,1481,938176.0
2014-12-10,627.0,636.0,616.0,636.0,0.0,3910,2445404.0
2014-12-09,625.0,628.0,620.0,627.0,0.0,2103,1308855.0
2014-12-08,635.0,635.0,621.0,625.0,0.0,878,547970.0
2014-12-07,628.0,635.0,616.0,635.0,0.0,1261,793300.0
2014-12-04,626.0,640.0,626.0,628.0,0.0,7847,4967536.0
2014-12-03,626.0,638.0,619.0,626.0,0.0,2566,1607154.0
2014-12-02,626.0,630.0,611.0,626.0,0.0,4131,2575934.0
2014-12-01,627.0,635.0,621.0,626.0,0.0,964,604576.0
2014-11-30,640.0,645.0,627.0,627.0,0.0,2702,1702493.0
2014-11-25,675.0,662.0,635.0,640.0,0.0,2582,1665927.0
2014-11-24,691.0,691.0,675.0,675.0,0.0,118,80636.0
2014-11-23,643.0,691.0,655.0,691.0,0.0,3097,2075034.0
2014-11-20,630.0,650.0,632.0,643.0,0.0,3342,2157823.0
2014-11-19,625.0,645.0,601.0,630.0,0.0,3416,2132316.0
2014-11-18,640.0,651.0,609.0,625.0,0.0,3225,2025532.0
2014-11-17,649.0,641.0,618.0,640.0,0.0,4182,2607090.0
2014-11-16,660.0,660.0,649.0,649.0,0.0,102,66519.0
2014-11-13,667.0,669.0,656.0,660.0,0.0,1560,1030081.0
2014-11-12,667.0,676.0,663.0,667.0,0.0,2848,1904516.0
2014-11-11,657.0,675.0,645.0,667.0,0.0,7119,4683532.0
2014-11-10,660.0,657.0,650.0,657.0,0.0,2868,1872503.0
2014-11-09,675.0,670.0,655.0,660.0,0.0,943,625647.0
2014-11-06,670.0,693.0,665.0,675.0,0.0,6766,4565060.0
2014-11-05,710.0,710.0,670.0,670.0,0.0,7907,5367605.0
2014-11-04,675.0,710.0,662.0,710.0,0.0,872,585997.0
2014-11-03,680.0,675.0,664.0,675.0,0.0,5819,3878111.0
2014-11-02,700.0,690.0,680.0,680.0,0.0,1268,870372.0
2014-10-30,711.0,700.0,684.0,700.0,0.0,4580,3161770.0
2014-10-28,715.0,715.0,699.0,711.0,0.0,3107,2206760.0
2014-10-27,718.0,746.0,700.0,715.0,0.0,9133,6572211.0
2014-10-26,700.0,718.0,692.0,718.0,0.0,7001,4961380.0
2014-10-22,675.0,714.0,673.0,700.0,0.0,12879,8977452.0
2014-10-21,682.0,678.0,666.0,675.0,0.0,1933,1301967.0
2014-10-20,686.0,686.0,673.0,682.0,0.0,5651,3824373.0
2014-10-19,666.0,686.0,661.0,686.0,0.0,6861,4616068.0
2014-10-16,673.0,677.0,660.0,666.0,0.0,8824,5931534.0
2014-10-15,668.0,675.0,659.0,673.0,0.0,6470,4314655.0
2014-10-14,711.0,697.0,651.0,668.0,0.0,1476,982414.0
2014-10-13,703.0,711.0,689.0,711.0,0.0,2227,1581092.0
2014-10-12,652.0,717.0,638.0,703.0,0.0,477,321199.0
2014-10-09,645.0,652.0,609.0,652.0,0.0,869,552756.0
2014-10-08,670.0,657.0,645.0,645.0,0.0,140,91620.0
2014-09-30,694.0,690.0,665.0,670.0,0.0,3967,2680697.0
2014-09-29,689.0,694.0,675.0,694.0,0.0,11147,7586199.0
2014-09-28,645.0,689.0,633.0,689.0,0.0,6996,4597496.0
2014-09-24,625.0,665.0,629.0,645.0,0.0,1088,707466.0
2014-09-23,586.0,625.0,597.0,625.0,0.0,6689,4070920.0
2014-09-22,610.0,608.0,583.0,586.0,0.0,611,362068.0
2014-09-21,615.0,610.0,599.0,610.0,0.0,1650,991750.0
2014-09-18,610.0,615.0,587.0,615.0,0.0,3330,2020648.0
2014-09-17,609.0,612.0,597.0,610.0,0.0,4084,2483960.0
2014-09-16,600.0,609.0,595.0,609.0,0.0,1335,804609.0
2014-09-15,605.0,610.0,600.0,600.0,0.0,247,148920.0
2014-09-14,611.0,605.0,600.0,605.0,0.0,670,402336.0
2014-09-11,611.0,611.0,599.0,611.0,0.0,1358,822659.0
2014-09-10,606.0,630.0,611.0,611.0,0.0,5512,3404215.0
2014-09-09,551.0,606.0,562.0,606.0,0.0,6139,3660670.0
2014-09-07,609.0,597.0,551.0,551.0,0.0,3472,2020135.0
2014-09-04,620.0,609.0,596.0,609.0,0.0,2068,1251189.0
2014-09-03,630.0,642.0,618.0,620.0,0.0,427,268345.0
2014-09-01,637.0,630.0,618.0,630.0,0.0,1810,1130131.0
2014-08-31,671.0,684.0,637.0,637.0,0.0,1318,878453.0
2014-08-28,632.0,693.0,644.0,671.0,0.0,7444,4997761.0
2014-08-27,575.0,632.0,586.0,632.0,0.0,1258,780480.0
2014-08-26,566.0,622.0,575.0,575.0,0.0,1969,1188106.0
2014-08-25,596.0,585.0,555.0,566.0,0.0,12754,7144184.0
2014-08-24,630.0,630.0,596.0,596.0,0.0,823,504974.0
2014-08-21,669.0,656.0,605.0,630.0,0.0,4076,2528960.0
2014-08-20,708.0,708.0,669.0,669.0,0.0,7522,5130612.0
2014-08-19,695.0,710.0,700.0,708.0,0.0,2947,2075836.0
2014-08-18,710.0,710.0,695.0,695.0,0.0,4293,3014650.0
2014-08-14,716.0,725.0,706.0,710.0,0.0,2091,1496230.0
2014-08-13,704.0,728.0,695.0,716.0,0.0,3641,2594129.0
2014-08-12,729.0,718.0,704.0,704.0,0.0,3096,2203967.0
2014-08-07,715.0,729.0,700.0,729.0,0.0,5306,3767296.0
2014-08-06,725.0,734.0,711.0,715.0,0.0,3514,2558460.0
2014-08-05,725.0,739.0,725.0,725.0,0.0,1979,1445125.0
2014-08-04,732.0,728.0,715.0,725.0,0.0,1985,1426580.0
2014-08-03,740.0,741.0,720.0,732.0,0.0,3980,2909360.0
2014-07-31,752.0,748.0,735.0,740.0,0.0,4985,3698052.0
2014-07-30,770.0,765.0,737.0,752.0,0.0,3180,2380941.0
2014-07-28,755.0,770.0,750.0,770.0,0.0,593,448518.0
2014-07-27,772.0,780.0,750.0,755.0,0.0,804,615435.0
2014-07-24,795.0,790.0,771.0,772.0,0.0,3778,2948253.0
2014-07-23,777.0,795.0,775.0,795.0,0.0,3215,2514664.0
2014-07-22,792.0,791.0,760.0,777.0,0.0,4705,3681900.0
2014-07-21,781.0,805.0,781.0,792.0,0.0,4583,3652756.0
2014-07-20,769.0,799.0,766.0,781.0,0.0,13132,10137271.0
2014-07-17,750.0,792.0,745.0,769.0,0.0,6660,5127445.0
2014-07-16,730.0,775.0,730.0,750.0,0.0,3700,2790652.0
2014-07-15,720.0,753.0,720.0,730.0,0.0,28506,20793362.0
2014-07-14,740.0,738.0,720.0,720.0,0.0,8270,6006047.0
2014-07-13,749.0,763.0,725.0,740.0,0.0,10581,7782380.0
2014-07-10,744.0,749.0,701.0,749.0,0.0,5149,3722403.0
2014-07-09,745.0,744.0,700.0,744.0,0.0,10602,7648870.0
2014-07-08,740.0,766.0,726.0,745.0,0.0,23547,17450292.0
2014-07-07,702.0,754.0,705.0,740.0,0.0,13787,10189951.0
2014-07-06,650.0,710.0,640.0,702.0,0.0,22685,15407242.0
2014-07-03,692.0,690.0,650.0,650.0,0.0,8256,5511695.0
2014-07-02,679.0,705.0,685.0,692.0,0.0,25162,17534268.0
2014-07-01,630.0,687.0,640.0,679.0,0.0,24453,16495327.0
2014-06-30,604.0,635.0,611.0,630.0,0.0,5754,3553104.0
2014-06-29,591.0,614.0,569.0,604.0,0.0,11009,6646475.0
2014-06-26,550.0,604.0,530.0,591.0,0.0,24533,13244828.0
2014-06-25,560.0,571.0,530.0,550.0,0.0,58784,31469628.0
2014-06-24,555.0,565.0,533.0,560.0,0.0,10858,5832836.0
2014-06-23,569.0,579.0,540.0,555.0,0.0,2351,1303261.0
2014-06-19,570.0,574.0,563.0,569.0,0.0,4302,2450010.0
2014-06-18,561.0,586.0,565.0,570.0,0.0,5190,3000413.0
2014-06-17,550.0,569.0,550.0,561.0,0.0,7143,3988714.0
2014-06-16,545.0,558.0,545.0,550.0,0.0,6783,3739967.0
2014-06-15,520.0,545.0,506.0,545.0,0.0,2734,1445291.0
2014-06-12,510.0,520.0,501.0,520.0,0.0,3676,1896958.0
2014-06-11,520.0,516.0,510.0,510.0,0.0,2295,1175882.0
2014-06-10,522.0,532.0,520.0,520.0,0.0,3397,1778861.0
2014-06-09,530.0,540.0,520.0,522.0,0.0,2412,1266488.0
2014-06-08,545.0,536.0,525.0,530.0,0.0,3439,1816593.0
2014-06-05,556.0,548.0,545.0,545.0,0.0,98,53580.0
2014-06-04,551.0,556.0,545.0,556.0,0.0,4385,2407042.0
2014-06-03,545.0,561.0,547.0,551.0,0.0,4918,2710238.0
2014-06-02,545.0,560.0,545.0,545.0,0.0,3763,2080275.0
2014-06-01,563.0,560.0,542.0,545.0,0.0,4634,2572896.0
2014-05-28,552.0,574.0,563.0,563.0,0.0,1605,914187.0
2014-05-27,560.0,555.0,547.0,552.0,0.0,547,301158.0
2014-05-26,574.0,566.0,549.0,560.0,0.0,2015,1121484.0
2014-05-25,573.0,575.0,572.0,574.0,0.0,1229,704949.0
2014-05-22,564.0,573.0,556.0,573.0,0.0,2058,1157952.0
2014-05-21,569.0,569.0,564.0,564.0,0.0,2706,1530251.0
2014-05-20,574.0,575.0,566.0,569.0,0.0,1492,850459.0
2014-05-19,570.0,574.0,550.0,574.0,0.0,6228,3457041.0
2014-05-18,605.0,593.0,570.0,570.0,0.0,3239,1865449.0
2014-05-15,612.0,612.0,584.0,605.0,0.0,6328,3792261.0
2014-05-13,573.0,612.0,570.0,612.0,0.0,4263,2508588.0
2014-05-12,586.0,585.0,565.0,573.0,0.0,6738,3855427.0
2014-05-11,586.0,586.0,560.0,586.0,0.0,5278,3017427.0
2014-05-08,615.0,606.0,584.0,586.0,0.0,3998,2351455.0
2014-05-07,642.0,644.0,601.0,615.0,0.0,4530,2856823.0
2014-05-06,630.0,642.0,567.0,642.0,0.0,8082,4775830.0
2014-05-05,665.0,731.0,599.0,630.0,0.0,15959,10753216.0
2014-05-04,605.0,665.0,613.0,665.0,0.0,17394,11269843.0
2014-04-30,574.0,617.0,570.0,605.0,0.0,14989,8784897.0
2014-04-29,545.0,580.0,545.0,574.0,0.0,7277,4108899.0
2014-04-28,529.0,548.0,539.0,545.0,0.0,7491,4083648.0
2014-04-27,528.0,535.0,524.0,529.0,0.0,5034,2667839.0
2014-04-23,508.0,529.0,510.0,528.0,0.0,12324,6407271.0
2014-04-22,497.0,510.0,495.0,508.0,0.0,8448,4249011.0
2014-04-21,495.0,500.0,490.0,497.0,0.0,9322,4615181.0
2014-04-20,490.0,500.0,490.0,495.0,0.0,3349,1654494.0
2014-04-17,490.0,496.0,489.0,490.0,0.0,1847,906642.0
2014-04-16,500.0,505.0,486.0,490.0,0.0,8686,4319948.0
2014-04-15,500.0,508.0,485.0,500.0,0.0,5618,2803777.0
2014-04-13,495.0,508.0,499.0,500.0,0.0,24733,12379776.0
2014-04-10,465.0,498.0,464.0,495.0,0.0,11707,5753456.0
2014-04-09,445.0,467.0,445.0,465.0,0.0,4970,2273516.0
2014-04-07,421.0,445.0,425.0,445.0,0.0,4293,1882423.0
2014-04-06,450.0,450.0,421.0,421.0,0.0,533,231669.0
2014-04-03,470.0,470.0,450.0,450.0,0.0,981,451307.0
2014-04-02,465.0,470.0,458.0,470.0,0.0,1796,833878.0
2014-04-01,440.0,465.0,440.0,465.0,0.0,1520,685834.0
2014-03-31,426.0,445.0,426.0,440.0,0.0,5933,2572230.0
2014-03-27,423.0,449.0,423.0,426.0,0.0,2054,892451.0
2014-03-26,427.0,429.0,413.0,423.0,0.0,1020,431744.0
2014-03-25,425.0,430.0,420.0,427.0,0.0,1446,615198.0
2014-03-24,421.0,425.0,410.0,425.0,0.0,1231,515979.0
2014-03-23,413.0,421.0,410.0,421.0,0.0,311,129454.0
2014-03-20,414.0,420.0,406.0,413.0,0.0,713,293222.0
2014-03-19,408.0,419.0,400.0,414.0,0.0,2295,941973.0
2014-03-18,416.0,410.0,408.0,408.0,0.0,227,92805.0
2014-03-17,440.0,432.0,410.0,416.0,0.0,660,274584.0
2014-03-13,428.0,440.0,430.0,440.0,0.0,1038,452273.0
2014-03-12,440.0,435.0,428.0,428.0,0.0,2976,1286896.0
2014-03-11,430.0,440.0,430.0,440.0,0.0,1249,544171.0
2014-03-10,426.0,434.0,425.0,430.0,0.0,815,349419.0
2014-03-09,445.0,441.0,424.0,426.0,0.0,2670,1163374.0
2014-03-06,464.0,455.0,445.0,445.0,0.0,439,197651.0
2014-03-05,456.0,466.0,447.0,464.0,0.0,1831,840838.0
2014-03-04,450.0,456.0,432.0,456.0,0.0,2608,1146613.0
2014-03-03,454.0,450.0,432.0,450.0,0.0,2020,897999.0
2014-02-26,477.0,476.0,452.0,454.0,0.0,1591,747831.0
2014-02-25,465.0,477.0,447.0,477.0,0.0,8738,4043635.0
2014-02-24,480.0,500.0,465.0,465.0,0.0,6078,2951118.0
2014-02-23,517.0,516.0,471.0,480.0,0.0,9957,4936298.0
2014-02-20,480.0,527.0,489.0,517.0,0.0,13471,6894122.0
2014-02-18,437.0,480.0,430.0,480.0,0.0,26507,12370081.0
2014-02-17,430.0,437.0,425.0,437.0,0.0,2684,1153582.0
2014-02-16,422.0,433.0,412.0,430.0,0.0,3876,1645353.0
2014-02-13,430.0,445.0,415.0,422.0,0.0,2462,1069187.0
2014-02-12,415.0,431.0,407.0,430.0,0.0,1791,764268.0
2014-02-11,417.0,423.0,415.0,415.0,0.0,590,247596.0
2014-02-10,412.0,428.0,417.0,417.0,0.0,551,232508.0
2014-02-09,420.0,417.0,412.0,412.0,0.0,482,200107.0
2014-02-06,412.0,420.0,411.0,420.0,0.0,707,293224.0
2014-02-04,409.0,420.0,415.0,420.0,0.0,933,389855.0
2014-02-03,415.0,415.0,407.0,409.0,0.0,1509,619929.0
2014-02-02,412.0,415.0,404.0,415.0,0.0,3364,1369251.0
2014-01-29,425.0,426.0,409.0,412.0,0.0,1163,484232.0
2014-01-28,423.0,428.0,400.0,425.0,0.0,1040,437648.0
2014-01-27,420.0,428.0,413.0,423.0,0.0,1257,528748.0
2014-01-26,430.0,424.0,412.0,420.0,0.0,797,335374.0
2014-01-23,426.0,432.0,418.0,430.0,0.0,1201,512388.0
2014-01-22,410.0,426.0,402.0,426.0,0.0,5544,2306831.0
2014-01-21,433.0,426.0,410.0,410.0,0.0,3856,1619433.0
2014-01-20,453.0,456.0,433.0,433.0,0.0,2055,910717.0
2014-01-19,431.0,460.0,423.0,453.0,0.0,6231,2754900.0
2014-01-16,448.0,444.0,429.0,431.0,0.0,1689,738197.0
2014-01-14,440.0,448.0,400.0,448.0,0.0,3585,1560828.0
2014-01-13,434.0,448.0,432.0,440.0,0.0,4735,2074394.0
2014-01-12,403.0,434.0,395.0,434.0,0.0,2282,974371.0
2014-01-09,401.0,405.0,400.0,403.0,0.0,395,158990.0
2014-01-08,401.0,409.0,393.0,401.0,0.0,669,266960.0
2014-01-07,396.0,401.0,376.0,401.0,0.0,2298,882787.0
2014-01-06,402.0,404.0,396.0,396.0,0.0,270,108840.0
2014-01-05,400.0,402.0,393.0,402.0,0.0,649,258630.0
2014-01-02,387.0,401.0,375.0,400.0,0.0,2642,1019782.0
2014-01-01,415.0,412.0,387.0,387.0,0.0,7841,3122933.0
2013-12-31,416.0,419.0,401.0,415.0,0.0,3612,1479704.0
2013-12-29,431.0,423.0,401.0,416.0,0.0,9429,3910678.0
2013-12-26,418.0,442.0,426.0,431.0,0.0,8360,3579122.0
2013-12-24,401.0,418.0,395.0,418.0,0.0,5624,2279543.0
2013-12-23,421.0,413.0,401.0,401.0,0.0,3044,1244350.0
2013-12-22,443.0,439.0,421.0,421.0,0.0,2153,927282.0
2013-12-19,453.0,455.0,435.0,443.0,0.0,4766,2127045.0
2013-12-18,418.0,453.0,426.0,453.0,0.0,2376,1045476.0
2013-12-16,390.0,418.0,383.0,418.0,0.0,1456,591220.0
2013-12-15,410.0,402.0,390.0,390.0,0.0,2738,1075770.0
2013-12-12,391.0,411.0,384.0,410.0,0.0,3810,1514151.0
2013-12-11,403.0,400.0,381.0,391.0,0.0,4419,1721375.0
2013-12-10,427.0,419.0,385.0,403.0,0.0,15136,5956346.0
2013-12-09,474.0,465.0,427.0,427.0,0.0,2352,1043959.0
2013-12-08,479.0,474.0,474.0,474.0,0.0,91,43134.0
2013-12-05,532.0,542.0,479.0,479.0,0.0,7653,3817689.0
2013-12-04,495.0,544.0,495.0,532.0,0.0,32423,17137790.0
2013-12-03,450.0,495.0,445.0,495.0,0.0,17146,8102381.0
2013-12-02,439.0,455.0,439.0,450.0,0.0,11941,5309649.0
2013-12-01,440.0,447.0,437.0,439.0,0.0,5523,2435190.0
2013-11-28,433.0,450.0,410.0,440.0,0.0,26126,11108040.0
2013-11-27,412.0,453.0,412.0,433.0,0.0,11225,4746636.0
2013-11-26,375.0,412.0,375.0,412.0,0.0,21217,8626880.0
2013-11-25,358.0,375.0,353.0,375.0,0.0,3823,1390666.0
2013-11-24,326.0,358.0,332.0,358.0,0.0,1592,559875.0
2013-11-21,308.0,326.0,314.0,326.0,0.0,1704,545220.0
2013-11-14,280.0,308.0,285.0,308.0,0.0,14309,4185572.0
2013-11-13,280.0,295.0,280.0,280.0,0.0,24777,7297820.0
2013-11-12,275.0,280.0,275.0,280.0,0.0,246,68375.0
2013-11-11,274.0,275.0,274.0,275.0,0.0,907,249334.0
2013-11-10,268.0,274.0,268.0,274.0,0.0,252,68302.0
2013-10-31,270.0,268.0,263.0,268.0,0.0,2398,641368.0
2013-10-30,268.0,273.0,266.0,270.0,0.0,1692,455022.0
2013-10-29,268.0,268.0,265.0,268.0,0.0,337,90124.0
2013-10-28,264.0,269.0,265.0,268.0,0.0,2556,680655.0
2013-10-27,273.0,268.0,263.0,264.0,0.0,5599,1488490.0
2013-10-24,270.0,273.0,263.0,273.0,0.0,7508,2008534.0
2013-10-23,260.0,272.0,245.0,270.0,0.0,16644,4351896.0
2013-10-22,240.0,260.0,244.0,260.0,0.0,2214,557415.0
2013-10-21,244.0,252.0,240.0,240.0,0.0,297,72480.0
2013-10-20,248.0,244.0,244.0,244.0,0.0,1064,259616.0
2013-10-17,244.0,248.0,248.0,248.0,0.0,30,7440.0
2013-10-10,242.0,244.0,244.0,244.0,0.0,45,10980.0
2013-10-09,250.0,255.0,242.0,242.0,0.0,2326,576818.0
2013-10-08,245.0,258.0,245.0,250.0,0.0,2704,675067.0
2013-10-07,238.0,245.0,238.0,245.0,0.0,3870,930226.0
2013-10-06,234.0,241.0,232.0,238.0,0.0,2808,669024.0
2013-10-03,237.0,240.0,233.0,234.0,0.0,5934,1389426.0
2013-10-02,230.0,237.0,232.0,237.0,0.0,674,157551.0
2013-10-01,225.0,230.0,213.0,230.0,0.0,32437,7081073.0
2013-09-30,239.0,235.0,225.0,225.0,0.0,2308,529267.0
2013-09-29,243.0,239.0,235.0,239.0,0.0,227,53811.0
2013-09-26,243.0,247.0,243.0,243.0,0.0,262,64578.0
2013-09-25,240.0,243.0,236.0,243.0,0.0,426,102242.0
2013-09-24,236.0,240.0,229.0,240.0,0.0,355,83724.0
2013-09-23,253.0,250.0,233.0,236.0,0.0,2819,686612.0
2013-09-22,230.0,253.0,230.0,253.0,0.0,2794,660109.0
2013-09-19,222.0,230.0,226.0,230.0,0.0,662,150260.0
2013-09-17,216.0,222.0,212.0,222.0,0.0,868,191924.0
2013-09-16,216.0,216.0,216.0,216.0,0.0,289,62424.0
2013-09-15,214.0,216.0,210.0,216.0,0.0,693,146916.0
2013-09-12,212.0,214.0,212.0,214.0,0.0,1788,380832.0
2013-09-11,205.0,212.0,206.0,212.0,0.0,791,166549.0
2013-09-10,215.0,213.0,205.0,205.0,0.0,1842,386074.0
2013-09-09,211.0,215.0,214.0,215.0,0.0,478,102420.0
2013-09-08,215.0,211.0,211.0,211.0,0.0,80,16880.0
2013-09-05,215.0,215.0,211.0,215.0,0.0,576,122578.0
2013-09-04,215.0,215.0,211.0,215.0,0.0,444,94982.0
2013-09-03,216.0,216.0,213.0,215.0,0.0,597,128120.0
2013-09-02,218.0,216.0,214.0,216.0,0.0,234,50416.0
2013-09-01,218.0,218.0,210.0,218.0,0.0,409,87802.0
2013-08-29,213.0,218.0,213.0,218.0,0.0,3268,703798.0
2013-08-27,208.0,217.0,205.0,213.0,0.0,408,86664.0
2013-08-26,219.0,215.0,205.0,208.0,0.0,501,104163.0
2013-08-25,223.0,219.0,217.0,219.0,0.0,1771,387781.0
2013-08-20,207.0,223.0,211.0,223.0,0.0,6276,1371564.0
2013-08-19,233.0,236.0,216.0,230.0,0.0,13797,3103997.0
2013-08-18,214.0,235.0,215.0,233.0,0.0,9558,2127837.0
2013-08-15,225.0,221.0,213.0,214.0,0.0,922,198495.0
2013-08-14,217.0,230.0,217.0,225.0,0.0,7112,1593697.0
2013-08-13,200.0,219.0,204.0,217.0,0.0,5224,1122923.0
2013-08-12,190.0,200.0,190.0,200.0,0.0,875,169392.0
2013-08-11,191.0,193.0,189.0,190.0,0.0,861,163866.0
2013-08-08,192.0,194.0,189.0,191.0,0.0,572,109320.0
2013-08-07,186.0,192.0,185.0,192.0,0.0,787,147210.0
2013-08-06,185.0,186.0,180.0,186.0,0.0,1136,206649.0
2013-08-05,187.0,185.0,182.0,185.0,0.0,272,50082.0
2013-08-04,198.0,195.0,187.0,187.0,0.0,1024,197440.0
2013-08-01,198.0,198.0,193.0,198.0,0.0,567,111295.0
2013-07-31,203.0,203.0,198.0,198.0,0.0,601,121255.0
2013-07-30,207.0,207.0,200.0,203.0,0.0,2113,430217.0
2013-07-29,198.0,214.0,200.0,207.0,0.0,11282,2344727.0
2013-07-28,180.0,198.0,181.0,198.0,0.0,2667,510643.0
2013-07-25,178.0,184.0,176.0,180.0,0.0,2000,359982.0
2013-07-24,176.0,181.0,173.0,178.0,0.0,536,94704.0
2013-07-23,190.0,187.0,176.0,176.0,0.0,1352,243443.0
2013-07-22,181.0,190.0,184.0,190.0,0.0,30000,5551500.0
2013-07-21,172.0,181.0,167.0,181.0,0.0,5000,874922.0
2013-07-18,172.0,172.0,170.0,172.0,0.0,220,37440.0
2013-07-17,170.0,172.0,167.0,172.0,0.0,379,64673.0
2013-07-16,166.0,170.0,166.0,170.0,0.0,481,81506.0
2013-07-15,167.0,173.0,164.0,166.0,0.0,5990,1016663.0
2013-07-14,163.0,167.0,166.0,167.0,0.0,630,105142.0
2013-07-11,164.0,164.0,163.0,163.0,0.0,158,25878.0
2013-07-10,170.0,167.0,164.0,164.0,0.0,297,49119.0
2013-07-09,170.0,172.0,170.0,170.0,0.0,2185,373684.0
2013-07-08,170.0,170.0,168.0,170.0,0.0,4238,717820.0
2013-07-07,162.0,170.0,161.0,170.0,0.0,866,141522.0
2013-07-04,161.0,167.0,162.0,162.0,0.0,752,122130.0
2013-07-03,162.0,165.0,160.0,161.0,0.0,428,69443.0
2013-07-02,160.0,163.0,160.0,162.0,0.0,708,114316.0
2013-07-01,161.0,167.0,160.0,160.0,0.0,4649,759744.0
2013-06-30,167.0,164.0,160.0,161.0,0.0,2224,358070.0
2013-06-27,165.0,167.0,166.0,167.0,0.0,3518,586988.0
2013-06-26,160.0,168.0,162.0,165.0,0.0,20591,3397016.0
2013-06-25,162.0,160.0,160.0,160.0,0.0,30,4800.0
2013-06-24,164.0,162.0,161.0,162.0,0.0,319,51587.0
2013-06-20,161.0,165.0,160.0,164.0,0.0,935,152803.0
2013-06-19,163.0,166.0,161.0,161.0,0.0,976,158064.0
2013-06-18,163.0,166.0,160.0,163.0,0.0,209,34147.0
2013-06-17,166.0,163.0,157.0,163.0,0.0,716,114615.0
2013-06-16,157.0,166.0,160.0,166.0,0.0,170,27860.0
2013-06-13,166.0,163.0,157.0,157.0,0.0,136,21658.0
2013-06-11,166.0,169.0,165.0,166.0,0.0,848,141040.0
2013-06-10,170.0,168.0,165.0,166.0,0.0,1172,194758.0
2013-06-09,168.0,170.0,165.0,170.0,0.0,238,40154.0
2013-06-04,163.0,171.0,161.0,168.0,0.0,840,140380.0
2013-06-03,170.0,169.0,160.0,163.0,0.0,284,46730.0
2013-05-30,169.0,170.0,167.0,170.0,0.0,270,45630.0
2013-05-28,166.0,169.0,167.0,169.0,0.0,1322,223148.0
2013-05-27,160.0,172.0,163.0,166.0,0.0,24330,4068550.0
2013-05-26,165.0,161.0,160.0,160.0,0.0,420,67590.0
2013-05-23,168.0,165.0,165.0,165.0,0.0,330,54450.0
2013-05-22,168.0,168.0,168.0,168.0,0.0,30,5040.0
2013-05-21,166.0,170.0,168.0,168.0,0.0,36030,6089100.0
2013-05-20,169.0,169.0,166.0,166.0,0.0,320,53360.0
2013-05-19,172.0,171.0,169.0,169.0,0.0,1320,224040.0
2013-05-16,169.0,172.0,170.0,172.0,0.0,1090,186420.0
2013-05-15,166.0,169.0,164.0,169.0,0.0,9030,1499070.0
2013-05-14,160.0,166.0,157.0,166.0,0.0,180,28980.0
2013-05-13,159.0,160.0,160.0,160.0,0.0,230,36800.0
2013-05-12,158.0,159.0,157.0,159.0,0.0,120,19000.0
2013-05-09,155.0,158.0,157.0,158.0,0.0,450,70980.0
2013-05-08,158.0,156.0,152.0,155.0,0.0,720,111590.0
2013-05-07,165.0,163.0,158.0,158.0,0.0,1020,163840.0
2013-05-06,165.0,165.0,165.0,165.0,0.0,60,9900.0
2013-05-05,178.0,175.0,163.0,165.0,0.0,880,145860.0
2013-05-02,189.0,186.0,178.0,178.0,0.0,140,25390.0
2013-04-25,195.0,192.0,189.0,189.0,0.0,120,22950.0
2013-04-23,192.0,195.0,195.0,195.0,0.0,60,11700.0
2013-04-21,195.0,198.0,191.0,192.0,0.0,1240,237500.0
2013-04-18,190.0,195.0,187.0,195.0,0.0,230,43630.0
2013-04-17,178.0,190.0,178.0,190.0,0.0,760,137050.0
2013-04-16,177.0,178.0,175.0,178.0,0.0,690,121050.0
2013-04-15,176.0,179.0,176.0,177.0,0.0,1270,224880.0
2013-04-11,165.0,176.0,168.0,176.0,0.0,1400,237570.0
2013-04-09,167.0,168.0,165.0,165.0,0.0,1770,292730.0
2013-04-08,162.0,168.0,165.0,167.0,0.0,5920,978220.0
2013-04-07,154.0,162.0,152.0,162.0,0.0,2390,383790.0
2013-04-04,151.0,154.0,154.0,154.0,0.0,90,13860.0
2013-04-01,151.0,151.0,148.0,151.0,0.0,500,74950.0
2013-03-31,155.0,152.0,149.0,151.0,0.0,300,45330.0
2013-03-28,197.0,169.0,155.0,155.0,0.0,1090,174270.0
2013-03-21,199.0,200.0,180.0,197.0,0.0,4200,791400.0
2013-03-20,188.0,199.0,191.0,199.0,0.0,140,27410.0
2013-03-19,175.0,188.0,176.0,188.0,0.0,850,155150.0
2013-03-18,179.0,178.0,172.0,175.0,0.0,850,148780.0
2013-03-17,179.0,180.0,176.0,179.0,0.0,640,114070.0
2013-03-14,174.0,185.0,177.0,179.0,0.0,250,45160.0
2013-03-13,180.0,183.0,174.0,174.0,0.0,510,90550.0
2013-03-11,169.0,180.0,166.0,180.0,0.0,300,51480.0
2013-03-07,167.0,172.0,167.0,169.0,0.0,1490,250040.0
2013-03-06,168.0,168.0,166.0,167.0,0.0,1080,180730.0
2013-03-05,175.0,174.0,168.0,168.0,0.0,1710,292650.0
2013-03-04,177.0,180.0,172.0,175.0,0.0,1470,260180.0
2013-03-03,166.0,177.0,169.0,177.0,0.0,2430,421180.0
2013-02-28,160.0,166.0,163.0,166.0,0.0,80,13190.0
2013-02-27,166.0,165.0,160.0,160.0,0.0,730,118380.0
2013-02-26,163.0,170.0,165.0,166.0,0.0,670,111790.0
2013-02-25,162.0,163.0,160.0,163.0,0.0,320,51740.0
2013-02-24,167.0,164.0,161.0,162.0,0.0,1520,245990.0
2013-02-21,171.0,170.0,167.0,167.0,0.0,70,11810.0
2013-02-20,171.0,174.0,171.0,171.0,0.0,70,12090.0
2013-02-19,159.0,174.0,162.0,171.0,0.0,320,53280.0
2013-02-17,159.0,159.0,159.0,159.0,0.0,150,23850.0
2013-02-14,163.0,160.0,159.0,159.0,0.0,80,12750.0
2013-02-13,163.0,163.0,160.0,163.0,0.0,130,21100.0
2013-02-12,160.0,163.0,160.0,163.0,0.0,150,24270.0
2013-02-10,159.0,162.0,158.0,160.0,0.0,420,67030.0
2013-02-07,161.0,160.0,158.0,159.0,0.0,370,58790.0
2013-02-06,164.0,164.0,161.0,161.0,0.0,190,30770.0
2013-02-05,165.0,164.0,162.0,164.0,0.0,210,34200.0
2013-02-04,166.0,166.0,165.0,165.0,0.0,510,84300.0
2013-02-03,163.0,166.0,163.0,166.0,0.0,800,131650.0
2013-01-31,158.0,163.0,160.0,163.0,0.0,1230,197770.0
2013-01-30,164.0,161.0,158.0,158.0,0.0,120,19080.0
2013-01-28,164.0,164.0,158.0,164.0,0.0,560,90690.0
2013-01-27,165.0,165.0,164.0,164.0,0.0,1460,240510.0
2013-01-24,168.0,167.0,164.0,165.0,0.0,1520,251550.0
2013-01-23,165.0,168.0,160.0,168.0,0.0,860,141440.0
2013-01-22,167.0,166.0,164.0,165.0,0.0,1100,181170.0
2013-01-21,163.0,167.0,164.0,167.0,0.0,3630,599010.0
2013-01-20,170.0,167.0,163.0,163.0,0.0,2070,342590.0
2013-01-17,169.0,170.0,170.0,170.0,0.0,30,5100.0
2013-01-16,166.0,169.0,166.0,169.0,0.0,480,80610.0
2013-01-15,166.0,169.0,165.0,166.0,0.0,1130,187320.0
2013-01-13,166.0,169.0,165.0,166.0,0.0,1030,171750.0
2013-01-10,165.0,170.0,163.0,166.0,0.0,2290,379190.0
2013-01-09,160.0,176.0,161.0,165.0,0.0,4220,711270.0
2013-01-08,158.0,160.0,158.0,160.0,0.0,310,49540.0
2013-01-07,157.0,158.0,154.0,158.0,0.0,900,141080.0
2013-01-06,160.0,159.0,155.0,157.0,0.0,1360,214310.0
2013-01-03,159.0,160.0,157.0,160.0,0.0,820,129740.0
2013-01-02,157.0,160.0,155.0,159.0,0.0,2030,319110.0
2013-01-01,152.0,157.0,150.0,157.0,0.0,430,65820.0
2012-12-31,154.0,157.0,151.0,152.0,0.0,2520,393700.0
2012-12-27,158.0,157.0,153.0,154.0,0.0,1540,239230.0
2012-12-26,156.0,159.0,153.0,158.0,0.0,890,138870.0
2012-12-24,171.0,168.0,156.0,156.0,0.0,2370,381490.0
2012-12-23,190.0,187.0,171.0,171.0,0.0,810,145220.0
2012-12-20,187.0,190.0,190.0,190.0,0.0,20,3800.0
2012-12-06,170.0,187.0,164.0,187.0,0.0,1630,275270.0
2012-12-05,163.0,178.0,166.0,170.0,0.0,830,141680.0
2012-12-04,149.0,163.0,151.0,163.0,0.0,550,85400.0
2012-11-29,147.0,149.0,147.0,149.0,0.0,560,82840.0
2012-11-28,158.0,158.0,147.0,147.0,0.0,260,39100.0
2012-11-27,167.0,167.0,158.0,158.0,0.0,480,78720.0
2012-11-26,168.0,167.0,165.0,167.0,0.0,240,39660.0
2012-11-25,165.0,168.0,168.0,168.0,0.0,490,82320.0
2012-11-21,162.0,165.0,160.0,165.0,0.0,360,58710.0
2012-11-20,163.0,166.0,162.0,162.0,0.0,470,77330.0
2012-11-18,163.0,163.0,160.0,163.0,0.0,180,28890.0
2012-11-12,162.0,163.0,159.0,163.0,0.0,610,97570.0
2012-11-11,171.0,168.0,160.0,162.0,0.0,880,142120.0
2012-11-08,176.0,173.0,171.0,171.0,0.0,720,124180.0
2012-11-07,174.0,178.0,165.0,176.0,0.0,1730,300000.0
2012-11-06,179.0,178.0,173.0,174.0,0.0,1060,185670.0
2012-11-05,196.0,193.0,179.0,179.0,0.0,550,100950.0
2012-11-01,199.0,196.0,193.0,196.0,0.0,90,17550.0
2012-10-31,190.0,199.0,190.0,199.0,0.0,120,23340.0
2012-10-30,178.0,190.0,181.0,190.0,0.0,120,22260.0
2012-10-18,176.0,182.0,176.0,178.0,0.0,3790,674720.0
2012-10-17,169.0,176.0,162.0,176.0,0.0,2310,394100.0
2012-10-15,166.0,172.0,160.0,169.0,0.0,9030,1478670.0
2012-10-14,177.0,174.0,166.0,166.0,0.0,910,154420.0
2012-10-08,180.0,177.0,177.0,177.0,0.0,30,5310.0
2012-10-07,169.0,185.0,172.0,180.0,0.0,35380,6514390.0
2012-10-04,155.0,169.0,155.0,169.0,0.0,2690,426360.0
2012-10-03,155.0,164.0,152.0,155.0,0.0,1700,269920.0
2012-10-02,144.0,158.0,144.0,155.0,0.0,2320,349700.0
2012-10-01,145.0,150.0,144.0,144.0,0.0,1290,188770.0
2012-10-01,145.0,150.0,144.0,144.0,0.0,1290,188770.0
2012-09-30,150.0,149.0,145.0,145.0,0.0,360,52730.0
2012-09-26,139.0,145.0,139.0,145.0,0.0,1380,194240.0
2012-09-25,141.0,140.0,139.0,139.0,0.0,990,138390.0
2012-09-24,141.0,141.0,140.0,141.0,0.0,300,42270.0
2012-09-23,141.0,143.0,140.0,141.0,0.0,700,98880.0
2012-09-20,142.0,142.0,141.0,141.0,0.0,950,133980.0
2012-09-19,142.0,144.0,140.0,142.0,0.0,3700,524530.0
2012-09-18,141.0,150.0,137.0,142.0,0.0,1090,159800.0
2012-09-17,142.0,142.0,140.0,141.0,0.0,1010,142530.0
2012-09-16,145.0,143.0,141.0,142.0,0.0,330,46860.0
2012-09-13,145.0,154.0,145.0,145.0,0.0,830,122580.0
2012-09-12,150.0,147.0,145.0,145.0,0.0,260,37980.0
2012-09-11,146.0,153.0,148.0,150.0,0.0,11070,1664040.0
2012-09-10,150.0,150.0,146.0,146.0,0.0,820,122120.0
2012-09-09,143.0,153.0,141.0,150.0,0.0,7770,1155880.0
2012-09-06,137.0,147.0,139.0,143.0,0.0,3210,462300.0
2012-09-05,134.0,137.0,133.0,137.0,0.0,1410,190630.0
2012-09-04,135.0,134.0,132.0,134.0,0.0,3100,410540.0
2012-09-03,133.0,137.0,133.0,135.0,0.0,2880,387580.0
2012-09-02,138.0,137.0,133.0,133.0,0.0,2170,292500.0
2012-08-30,140.0,140.0,138.0,138.0,0.0,650,90390.0
2012-08-29,130.0,140.0,130.0,140.0,0.0,1940,257370.0
2012-08-28,119.0,130.0,121.0,130.0,0.0,2170,274010.0
2012-08-27,120.0,121.0,118.0,119.0,0.0,390,46530.0
2012-08-26,117.0,120.0,115.0,120.0,0.0,600,71610.0
2012-08-23,126.0,128.0,116.0,117.0,0.0,870,107930.0
2012-08-22,116.0,126.0,115.0,126.0,0.0,780,92230.0
2012-08-21,117.0,116.0,113.0,116.0,0.0,400,46000.0
2012-08-19,120.0,119.0,117.0,117.0,0.0,420,49460.0
2012-08-16,118.0,120.0,115.0,120.0,0.0,1560,183940.0
2012-08-15,115.0,119.0,113.0,118.0,0.0,1300,149730.0
2012-08-14,115.0,116.0,115.0,115.0,0.0,2170,250410.0
2012-08-13,115.0,115.0,114.0,115.0,0.0,340,38970.0
2012-08-12,116.0,118.0,112.0,115.0,0.0,2810,323800.0
2012-08-08,120.0,118.0,115.0,116.0,0.0,1360,158390.0
2012-08-07,133.0,131.0,120.0,120.0,0.0,2540,305800.0
2012-07-18,140.0,135.0,133.0,133.0,0.0,290,38870.0
2012-06-14,140.0,140.0,140.0,140.0,0.0,120,16800.0
2012-06-12,140.0,140.0,140.0,140.0,0.0,30,4200.0
2012-05-15,142.0,140.0,140.0,140.0,0.0,500,70000.0
2012-05-10,144.0,142.0,142.0,142.0,0.0,280,39760.0
2012-05-07,142.0,144.0,144.0,144.0,0.0,2000,288000.0
2012-05-02,140.0,142.0,142.0,142.0,0.0,60,8520.0
2012-04-30,136.0,140.0,134.0,140.0,0.0,320,43510.0
2012-04-29,134.0,136.0,134.0,136.0,0.0,690,93760.0
2012-04-26,122.0,134.0,128.0,134.0,0.0,260,33520.0
2012-04-25,120.0,122.0,122.0,122.0,0.0,30,3660.0
2012-04-24,118.0,120.0,120.0,120.0,0.0,60,7200.0
2012-04-22,112.0,118.0,114.0,118.0,0.0,260,30000.0
2012-04-19,114.0,112.0,112.0,112.0,0.0,80,8960.0
2012-04-18,112.0,114.0,114.0,114.0,0.0,30,3420.0
2012-04-12,114.0,115.0,112.0,112.0,0.0,1300,149350.0
2012-04-11,112.0,114.0,114.0,114.0,0.0,80,9120.0
2012-04-09,112.0,112.0,112.0,112.0,0.0,170,19040.0
2012-04-08,112.0,112.0,112.0,112.0,0.0,60,6720.0
2012-04-05,112.0,113.0,112.0,112.0,0.0,400,44830.0
2012-04-04,112.0,112.0,112.0,112.0,0.0,490,54880.0
2012-04-03,112.0,112.0,112.0,112.0,0.0,520,58240.0
2012-04-02,110.0,112.0,112.0,112.0,0.0,30,3360.0
2012-04-01,110.0,112.0,110.0,110.0,0.0,390,43200.0
2012-03-29,110.0,114.0,106.0,110.0,0.0,1660,185080.0
2012-03-28,111.0,114.0,110.0,110.0,0.0,360,39900.0
2012-03-27,111.0,111.0,111.0,111.0,0.0,70,7770.0
2012-03-26,113.0,111.0,111.0,111.0,0.0,120,13320.0
2012-03-25,112.0,113.0,112.0,113.0,0.0,1150,129000.0
2012-03-21,110.0,112.0,110.0,112.0,0.0,1510,168060.0
2012-03-20,110.0,110.0,109.0,110.0,0.0,310,33960.0
2012-03-19,110.0,110.0,110.0,110.0,0.0,200,22000.0
2012-03-18,111.0,112.0,109.0,110.0,0.0,2770,308040.0
2012-03-15,109.0,111.0,109.0,111.0,0.0,160,17680.0
2012-03-14,109.0,109.0,109.0,109.0,0.0,600,65400.0
2012-03-13,110.0,109.0,108.0,109.0,0.0,250,27040.0
2012-03-12,110.0,111.0,110.0,110.0,0.0,180,19860.0
2012-03-11,110.0,110.0,110.0,110.0,0.0,220,24200.0
2012-03-06,110.0,110.0,110.0,110.0,0.0,90,9900.0
2012-03-05,110.0,112.0,110.0,110.0,0.0,90,9960.0
2012-03-01,110.0,110.0,110.0,110.0,0.0,540,59400.0
2012-02-29,111.0,111.0,110.0,110.0,0.0,600,66030.0
2012-02-28,110.0,111.0,111.0,111.0,0.0,1240,137640.0
2012-02-27,110.0,110.0,108.0,110.0,0.0,280,30710.0
2012-02-26,110.0,110.0,108.0,110.0,0.0,360,39360.0
2012-02-23,112.0,110.0,109.0,110.0,0.0,450,49170.0
2012-02-21,108.0,112.0,108.0,112.0,0.0,1430,159920.0
2012-02-16,110.0,109.0,108.0,108.0,0.0,490,53320.0
2012-02-15,110.0,112.0,110.0,110.0,0.0,180,19980.0
2012-02-14,107.0,110.0,108.0,110.0,0.0,330,36210.0
2012-02-13,116.0,118.0,105.0,107.0,0.0,2070,228710.0
2012-02-12,112.0,116.0,114.0,116.0,0.0,60,6900.0
2012-02-09,111.0,112.0,111.0,112.0,0.0,340,37770.0
2012-02-08,108.0,116.0,110.0,111.0,0.0,1000,111480.0
2012-02-07,106.0,108.0,108.0,108.0,0.0,140,15120.0
2012-02-06,106.0,106.0,106.0,106.0,0.0,1390,147340.0
2012-02-05,106.0,108.0,106.0,106.0,0.0,270,28680.0
2012-02-02,106.0,106.0,105.0,106.0,0.0,270,28560.0
2012-02-01,106.0,108.0,106.0,106.0,0.0,390,41400.0
2012-01-31,106.0,106.0,106.0,106.0,0.0,130,13780.0
2012-01-29,107.0,107.0,106.0,106.0,0.0,760,80600.0
2012-01-26,107.0,109.0,106.0,107.0,0.0,1100,118390.0
2012-01-25,105.0,107.0,106.0,107.0,0.0,350,37370.0
2012-01-23,108.0,107.0,102.0,105.0,0.0,210,21930.0
2012-01-22,110.0,110.0,108.0,108.0,0.0,430,47240.0
2012-01-19,109.0,110.0,110.0,110.0,0.0,30,3300.0
2012-01-16,110.0,110.0,107.0,109.0,0.0,1060,115040.0
2012-01-12,109.0,110.0,109.0,110.0,0.0,300,32970.0
2012-01-10,108.0,109.0,104.0,109.0,0.0,1440,153970.0
2012-01-09,108.0,106.0,106.0,106.0,0.0,30,3180.0
2012-01-05,112.0,110.0,108.0,108.0,0.0,510,55590.0
2012-01-03,108.0,112.0,109.0,112.0,0.0,380,41950.0
2012-01-02,111.0,109.0,108.0,108.0,0.0,210,22830.0
2011-12-22,108.0,111.0,110.0,111.0,0.0,210,23280.0
2011-12-21,108.0,109.0,108.0,108.0,0.0,190,20550.0
2011-12-20,107.0,108.0,106.0,108.0,0.0,80,8540.0
2011-12-19,108.0,107.0,107.0,107.0,0.0,60,6420.0
2011-12-18,109.0,110.0,108.0,108.0,0.0,230,25020.0
2011-12-15,110.0,111.0,108.0,109.0,0.0,840,91940.0
2011-12-14,107.0,110.0,109.0,110.0,0.0,60,6570.0
2011-12-13,110.0,110.0,107.0,107.0,0.0,430,46820.0
2011-12-12,111.0,112.0,110.0,110.0,0.0,210,23280.0
2011-12-11,109.0,111.0,111.0,111.0,0.0,30,3330.0
2011-12-06,113.0,111.0,109.0,109.0,0.0,130,14270.0
2011-12-05,115.0,113.0,113.0,113.0,0.0,60,6780.0
2011-12-01,114.0,115.0,115.0,115.0,0.0,340,39100.0
2011-11-27,115.0,113.0,113.0,113.0,0.0,40,4520.0
2011-11-24,114.0,115.0,113.0,115.0,0.0,1160,132620.0
2011-11-23,111.0,114.0,112.0,114.0,0.0,720,80980.0
2011-11-21,110.0,111.0,109.0,111.0,0.0,360,39420.0
2011-11-20,114.0,114.0,110.0,110.0,0.0,730,81750.0
2011-11-17,114.0,114.0,114.0,114.0,0.0,80,9120.0
2011-11-15,114.0,114.0,112.0,114.0,0.0,630,71280.0
2011-11-14,115.0,114.0,114.0,114.0,0.0,60,6840.0
2011-11-13,120.0,118.0,115.0,115.0,0.0,720,83580.0
2011-11-09,121.0,120.0,117.0,120.0,0.0,290,34510.0
2011-11-08,123.0,121.0,121.0,121.0,0.0,150,18150.0
2011-11-06,125.0,123.0,123.0,123.0,0.0,270,33210.0
2011-11-03,129.0,127.0,125.0,125.0,0.0,80,10100.0
2011-11-02,119.0,129.0,121.0,129.0,0.0,170,21170.0
2011-10-31,112.0,119.0,114.0,119.0,0.0,560,65280.0
2011-10-30,114.0,116.0,112.0,112.0,0.0,1420,164510.0
2011-10-25,112.0,114.0,112.0,114.0,0.0,540,61140.0
2011-10-24,113.0,114.0,111.0,112.0,0.0,440,49580.0
2011-10-23,114.0,115.0,113.0,113.0,0.0,390,44550.0
2011-10-20,117.0,116.0,114.0,114.0,0.0,180,20820.0
2011-10-19,116.0,117.0,115.0,117.0,0.0,450,52140.0
2011-10-18,116.0,118.0,116.0,116.0,0.0,120,14040.0
2011-10-17,116.0,116.0,116.0,116.0,0.0,60,6960.0
2011-10-13,118.0,118.0,116.0,116.0,0.0,140,16400.0
2011-10-12,118.0,118.0,118.0,118.0,0.0,150,17700.0
2011-10-10,115.0,118.0,116.0,118.0,0.0,60,7020.0
2011-10-09,117.0,115.0,115.0,115.0,0.0,30,3450.0
2011-09-29,117.0,117.0,117.0,117.0,0.0,150,17550.0
2011-09-27,118.0,117.0,117.0,117.0,0.0,90,10530.0
2011-09-26,115.0,118.0,116.0,118.0,0.0,300,35070.0
2011-09-25,114.0,115.0,115.0,115.0,0.0,210,24150.0
2011-09-22,112.0,114.0,112.0,114.0,0.0,60,6780.0
2011-09-21,112.0,112.0,111.0,112.0,0.0,170,18960.0
2011-09-20,113.0,115.0,112.0,112.0,0.0,390,44340.0
2011-09-19,114.0,113.0,112.0,113.0,0.0,170,19150.0
2011-09-18,115.0,115.0,114.0,114.0,0.0,180,20640.0
2011-09-15,117.0,115.0,115.0,115.0,0.0,180,20700.0
2011-09-14,117.0,117.0,117.0,117.0,0.0,160,18720.0
2011-09-12,117.0,117.0,115.0,117.0,0.0,240,28020.0
2011-09-08,117.0,117.0,116.0,117.0,0.0,1000,116360.0
2011-09-07,118.0,117.0,116.0,117.0,0.0,540,62970.0
2011-09-06,115.0,118.0,115.0,118.0,0.0,1050,123090.0
2011-09-05,114.0,116.0,115.0,115.0,0.0,700,80650.0
2011-09-04,114.0,116.0,114.0,114.0,0.0,820,94250.0
2011-09-01,116.0,114.0,114.0,114.0,0.0,70,7980.0
2011-08-28,120.0,120.0,116.0,116.0,0.0,3710,438160.0
2011-08-25,120.0,120.0,116.0,120.0,0.0,1110,131190.0
2011-08-23,121.0,120.0,120.0,120.0,0.0,550,66000.0
2011-08-22,123.0,121.0,121.0,121.0,0.0,640,77440.0
2011-08-17,123.0,123.0,123.0,123.0,0.0,410,50430.0
2011-08-16,125.0,123.0,123.0,123.0,0.0,160,19680.0
2011-08-15,122.0,125.0,121.0,125.0,0.0,260,32320.0
2011-08-11,124.0,123.0,122.0,122.0,0.0,380,46560.0
2011-08-10,120.0,124.0,121.0,124.0,0.0,190,23250.0
2011-08-09,118.0,120.0,117.0,120.0,0.0,760,90790.0
2011-08-08,120.0,120.0,116.0,118.0,0.0,340,39900.0
2011-08-07,120.0,120.0,117.0,120.0,0.0,1050,124680.0
2011-08-04,122.0,120.0,120.0,120.0,0.0,390,46800.0
2011-08-03,123.0,122.0,122.0,122.0,0.0,90,10980.0
2011-08-02,124.0,123.0,121.0,123.0,0.0,330,40530.0
2011-08-01,124.0,125.0,123.0,124.0,0.0,330,41080.0
2011-07-31,125.0,125.0,124.0,124.0,0.0,270,33540.0
2011-07-28,125.0,125.0,125.0,125.0,0.0,520,65000.0
2011-07-27,125.0,126.0,125.0,125.0,0.0,670,83850.0
2011-07-26,126.0,125.0,125.0,125.0,0.0,30,3750.0
2011-07-24,127.0,126.0,124.0,126.0,0.0,670,83940.0
2011-07-21,127.0,127.0,123.0,127.0,0.0,390,49050.0
2011-07-20,123.0,127.0,125.0,127.0,0.0,120,15060.0
2011-07-19,127.0,125.0,121.0,123.0,0.0,400,49660.0
2011-07-14,128.0,130.0,126.0,127.0,0.0,490,62740.0
2011-07-13,127.0,130.0,128.0,128.0,0.0,620,79540.0
2011-07-12,129.0,129.0,127.0,127.0,0.0,210,26870.0
2011-07-11,131.0,129.0,129.0,129.0,0.0,30,3870.0
2011-07-04,129.0,131.0,129.0,131.0,0.0,1070,140090.0
2011-06-29,140.0,133.0,129.0,129.0,0.0,590,77250.0
2011-06-23,133.0,140.0,134.0,140.0,0.0,790,107960.0
2011-06-21,135.0,133.0,133.0,133.0,0.0,30,3990.0
2011-06-20,123.0,129.0,125.0,129.0,0.0,180,23040.0
2011-06-19,123.0,129.0,125.0,129.0,0.0,180,23040.0
2011-06-16,112.0,123.0,113.0,123.0,0.0,310,36110.0
2011-06-15,113.0,112.0,111.0,112.0,0.0,370,41410.0
2011-06-14,113.0,115.0,113.0,113.0,0.0,170,19350.0
2011-06-13,117.0,115.0,111.0,113.0,0.0,1430,160600.0
2011-06-12,122.0,120.0,117.0,117.0,0.0,550,65320.0
2011-06-09,126.0,124.0,122.0,122.0,0.0,360,44160.0
2011-06-06,121.0,127.0,120.0,126.0,0.0,1950,240850.0
2011-06-05,131.0,130.0,121.0,121.0,0.0,1140,144240.0
2011-06-02,132.0,131.0,130.0,131.0,0.0,660,85950.0
2011-05-31,132.0,132.0,130.0,132.0,0.0,80,10460.0
2011-05-30,130.0,132.0,130.0,132.0,0.0,480,63200.0
2011-05-26,130.0,130.0,128.0,130.0,0.0,640,83090.0
2011-05-25,129.0,130.0,130.0,130.0,0.0,30,3900.0
2011-05-24,127.0,129.0,125.0,129.0,0.0,640,81300.0
2011-05-23,133.0,131.0,125.0,127.0,0.0,460,58480.0
2011-05-19,128.0,133.0,130.0,133.0,0.0,450,59400.0
2011-05-18,130.0,128.0,126.0,128.0,0.0,400,50860.0
2011-05-16,128.0,130.0,130.0,130.0,0.0,120,15600.0
2011-05-15,128.0,128.0,122.0,128.0,0.0,1360,171920.0
2011-05-12,130.0,128.0,128.0,128.0,0.0,350,44800.0
2011-05-11,127.0,130.0,129.0,130.0,0.0,60,7770.0
2011-05-10,127.0,129.0,127.0,127.0,0.0,110,14030.0
2011-05-09,127.0,127.0,125.0,127.0,0.0,90,11370.0
2011-05-05,127.0,127.0,127.0,127.0,0.0,30,3810.0
2011-05-04,136.0,134.0,125.0,127.0,0.0,1510,192820.0
2011-05-03,134.0,136.0,134.0,136.0,0.0,300,40560.0
2011-05-02,132.0,134.0,132.0,134.0,0.0,350,46840.0
2011-04-28,141.0,140.0,132.0,132.0,0.0,560,76820.0
2011-04-27,138.0,142.0,136.0,141.0,0.0,2390,331190.0
2011-04-26,138.0,138.0,138.0,138.0,0.0,120,16560.0
2011-04-25,140.0,138.0,138.0,138.0,0.0,100,13800.0
2011-04-21,140.0,141.0,138.0,140.0,0.0,2490,348210.0
2011-04-20,137.0,140.0,135.0,140.0,0.0,1690,233080.0
2011-04-19,134.0,138.0,134.0,137.0,0.0,1270,171140.0
2011-04-18,132.0,134.0,133.0,134.0,0.0,1080,144450.0
2011-04-17,134.0,132.0,132.0,132.0,0.0,60,7920.0
2011-04-13,140.0,138.0,134.0,134.0,0.0,590,79980.0
2011-04-11,144.0,142.0,140.0,140.0,0.0,120,16860.0
2011-04-07,143.0,145.0,143.0,144.0,0.0,190,27400.0
2011-04-06,144.0,143.0,140.0,143.0,0.0,2900,408980.0
2011-04-05,141.0,144.0,143.0,144.0,0.0,390,56010.0
2011-04-04,148.0,150.0,141.0,141.0,0.0,1910,280370.0
2011-03-31,141.0,148.0,140.0,148.0,0.0,1140,164140.0
2011-03-30,141.0,143.0,140.0,141.0,0.0,2140,305010.0
2011-03-29,139.0,141.0,139.0,141.0,0.0,340,47430.0
2011-03-28,139.0,140.0,139.0,139.0,0.0,460,64280.0
2011-03-27,145.0,143.0,139.0,139.0,0.0,590,82570.0
2011-03-25,147.0,145.0,141.0,145.0,0.0,680,97330.0
2011-03-24,150.0,150.0,145.0,147.0,0.0,540,79930.0
